split,trip_id,reference_velocity,predicted_velocity
val,M,6.0703335,6.162295
val,M,6.7109585,4.8147664
val,M,7.3174305,2.3020282
val,M,7.5235972,2.0841482
val,M,7.2462363,3.9592812
val,M,6.970097,4.3976483
val,M,6.8616943,3.34768
val,M,6.6521387,3.6035616
val,M,6.6161942,3.8561077
val,M,6.784986,3.9170885
val,M,6.8515697,4.45398
val,M,7.039639,4.8885784
val,M,7.260736,4.829869
val,M,7.349292,4.8723874
val,M,7.603597,4.921546
val,M,7.9375415,5.1485753
val,M,8.047681,5.346045
val,M,7.8522224,5.373167
val,M,7.0657363,5.2368445
val,M,6.0894165,5.3573346
val,M,6.005722,5.5069375
val,M,6.793514,5.4645514
val,M,7.593,5.7751007
val,M,7.7328057,5.822882
val,M,7.2499304,5.681131
val,M,6.72675,5.9055324
val,M,6.568028,5.9828086
val,M,6.6511526,5.84223
val,M,6.5866666,6.139626
val,M,6.5392637,6.23994
val,M,6.7968473,6.0983105
val,M,7.103236,6.3260417
val,M,7.1275973,6.5639577
val,M,6.999944,6.302785
val,M,6.9460278,6.409121
val,M,6.898667,6.344478
val,M,6.8617363,6.5403514
val,M,6.929,6.631722
val,M,7.1562777,6.6354365
val,M,7.3714585,6.840016
val,M,7.423236,6.7625732
val,M,7.4088473,5.9263806
val,M,7.423625,8.225543
val,M,7.42175,8.386273
val,M,7.3674026,5.300642
val,M,7.401653,12.025337
val,M,7.572361,11.8820915
val,M,7.7030973,9.053457
val,M,7.7068887,10.204133
val,M,7.6562085,9.132957
val,M,7.618236,9.070936
val,M,7.5151944,10.494181
val,M,7.376042,12.262847
val,M,7.3910418,12.881313
val,M,7.524889,10.793469
val,M,7.6019583,12.002644
val,M,7.5846806,12.555603
val,M,7.544028,10.521027
val,M,7.558986,10.780867
val,M,7.6483335,11.445273
val,M,7.76675,12.098489
val,M,7.864403,12.475176
val,M,7.829375,13.106098
val,M,7.6944304,12.326901
val,M,7.5975,12.450044
val,M,7.5680137,13.410002
val,M,7.6216526,10.427467
val,M,7.646347,10.11323
val,M,7.501167,11.099586
val,M,7.347708,13.347288
val,M,7.365097,15.884612
val,M,7.500819,14.0187025
val,M,7.485653,13.769278
val,M,7.0660415,13.224909
val,M,6.430222,11.606796
val,M,5.841264,11.720802
val,M,5.51575,11.651508
val,M,5.5750833,11.335432
val,M,5.7949443,10.679568
val,M,5.9516387,10.926415
val,M,6.0114307,10.195176
val,M,6.008333,8.88932
val,M,5.9445834,10.482819
val,M,5.8428054,11.824345
val,M,5.779986,13.481804
val,M,5.7314444,14.740181
val,M,5.7198195,12.572147
val,M,5.8374863,11.53242
val,M,6.023361,13.206056
val,M,6.138278,20.502045
val,M,6.178389,17.916388
val,M,6.2146945,12.52507
val,M,6.2291527,14.873518
val,M,6.2021666,14.068079
val,M,6.167514,10.4729
val,M,6.1445556,11.347436
val,M,6.137653,11.595111
val,M,6.1894584,11.34202
val,M,6.362861,11.584536
val,M,6.600097,13.018319
val,M,6.764472,14.495291
val,M,6.828597,14.93376
val,M,6.815986,11.491002
val,M,6.7727637,13.712488
val,M,6.715,13.505077
val,M,6.6276946,11.665003
val,M,6.5151944,14.879713
val,M,6.45775,12.537209
val,M,6.537431,10.002285
val,M,6.6519723,10.72639
val,M,6.6969028,11.625858
val,M,6.6808195,13.516518
val,M,6.6135416,12.518415
val,M,6.5228333,10.158657
val,M,6.41525,10.902003
val,M,6.3055553,13.443165
val,M,6.231403,16.337854
val,M,6.248833,15.988445
val,M,6.380139,11.223043
val,M,6.419194,11.453514
val,M,6.346375,10.099499
val,M,6.306139,10.427172
val,M,6.2817082,10.649565
val,M,6.252042,10.6807
val,M,6.1973333,12.281418
val,M,6.145986,10.387413
val,M,6.0269723,9.984745
val,M,5.7917776,9.857678
val,M,5.591347,9.745335
val,M,5.504778,12.681575
val,M,5.535903,12.68943
val,M,5.681875,9.770343
val,M,5.8428473,10.877394
val,M,5.9125,15.272696
val,M,5.9149027,14.584276
val,M,5.931361,12.907104
val,M,5.9694304,13.103889
val,M,5.973111,12.637405
val,M,5.9650974,11.255516
val,M,6.0078053,10.579443
val,M,6.046403,12.928606
val,M,6.03925,12.837036
val,M,5.991903,10.816156
val,M,5.9480696,10.798625
val,M,5.9158473,8.442964
val,M,5.847736,7.7139716
val,M,5.774847,7.706945
val,M,5.7268887,7.492063
val,M,5.7595835,7.6623216
val,M,5.918097,7.3148923
val,M,6.118014,8.136235
val,M,6.263875,7.910171
val,M,6.3367224,6.0467353
val,M,6.3209305,3.553585
val,M,6.249181,2.1373925
val,M,6.1495557,3.236569
val,M,6.0310974,5.652366
val,M,5.9286113,5.903565
val,M,5.8925695,4.85511
val,M,5.994583,4.750859
val,M,6.1756945,5.480378
val,M,6.3184724,7.0304627
val,M,6.373903,7.6629753
val,M,6.3435974,6.11889
val,M,6.280486,5.22014
val,M,6.2354026,4.578695
val,M,6.192375,4.4779778
val,M,6.134111,3.8873224
val,M,6.1038613,4.111757
val,M,6.1032085,6.2155004
val,M,6.1344166,6.7348595
val,M,6.1795278,6.7674775
val,M,6.181514,7.1800213
val,M,6.1356945,6.7731824
val,M,6.0442085,6.0801797
val,M,5.9365554,5.951708
val,M,5.82625,5.959533
val,M,5.712,6.022127
val,M,5.6378613,6.0858235
val,M,5.6675835,6.132284
val,M,5.800958,6.2302155
val,M,5.958847,6.2804427
val,M,6.0654583,6.3371153
val,M,6.087847,6.2798734
val,M,6.0438333,6.4395475
val,M,5.97675,6.33227
val,M,5.8957086,6.38323
val,M,5.8118887,6.2923536
val,M,5.7591805,6.128205
val,M,5.7840695,6.891461
val,M,5.9061804,7.4488087
val,M,6.042444,8.028269
val,M,6.081153,7.2543826
val,M,6.02375,5.2264314
val,M,5.933639,4.3616652
val,M,5.834486,4.6193423
val,M,5.7360697,6.0051394
val,M,5.553736,7.823931
val,M,5.245403,8.194588
val,M,5.001361,4.4504256
val,M,4.968222,2.1526365
val,M,5.072625,1.5853287
val,M,5.2260137,0.83959365
val,M,5.382639,3.6823695
val,M,5.4933333,7.763813
val,M,5.535139,7.031472
val,M,5.4915695,5.1111407
val,M,5.4010277,3.4417753
val,M,5.3548055,5.9973216
val,M,5.4083195,10.26506
val,M,5.517208,14.874896
val,M,5.6165833,16.192257
val,M,5.553889,15.830202
val,M,5.247889,12.813145
val,M,4.791625,9.544679
val,M,4.2602777,8.906137
val,M,3.7624862,9.795886
val,M,3.2339306,12.040466
val,M,2.5491529,13.139353
val,M,1.8040138,12.411065
val,M,1.1694584,11.903093
val,M,0.90225,11.685726
val,M,1.2493472,12.198785
val,M,2.6253471,11.975815
val,M,3.7244444,11.587175
val,M,3.1518888,11.409663
val,M,1.571875,12.199592
val,M,0.32988888,11.124534
val,M,0.8100972,14.200495
val,M,1.4272083,14.121205
val,M,0.87831944,13.961393
val,M,1.6795695,15.081508
val,M,4.684222,13.617256
val,M,8.196362,13.837017
val,M,10.453903,13.091427
val,M,10.9065,12.427489
val,M,10.705444,14.150936
val,M,10.393888,16.504978
val,M,9.976611,16.60289
val,M,9.56768,12.286573
val,M,9.244638,10.483741
val,M,9.1125,11.300933
val,M,9.079264,12.354235
val,M,9.123847,14.831919
val,M,9.372848,12.261566
val,M,9.852195,11.672416
val,M,10.544097,11.771936
val,M,11.3295,9.857268
val,M,11.855097,11.599703
val,M,12.169903,10.919569
val,M,12.554694,13.56303
val,M,12.919736,16.901348
val,M,13.08275,19.149628
val,M,12.902403,15.834404
val,M,12.3371525,10.756563
val,M,11.668639,13.36656
val,M,11.161056,14.633894
val,M,11.115806,11.727764
val,M,11.600639,10.573043
val,M,12.17325,10.858677
val,M,12.485736,12.343187
val,M,12.45925,11.950712
val,M,12.42382,11.910077
val,M,12.691153,10.915987
val,M,12.994638,11.960045
val,M,13.091945,13.320897
val,M,13.151389,13.203077
val,M,13.440778,10.006682
val,M,13.953486,10.420687
val,M,14.719625,11.405708
val,M,15.813945,13.4244
val,M,17.017958,13.934038
val,M,18.113111,14.151989
val,M,18.65175,14.645603
val,M,18.62461,13.776346
val,M,18.44411,12.374156
val,M,18.216042,11.56733
val,M,18.11282,11.678124
val,M,18.159014,12.190552
val,M,18.147736,13.302605
val,M,17.986944,13.1975565
val,M,17.618763,11.952051
val,M,17.421778,12.733717
val,M,17.604458,15.052675
val,M,17.790333,14.4303
val,M,17.867598,11.184615
val,M,17.489292,11.034489
val,M,17.354626,10.625338
val,M,17.670584,9.840126
val,M,17.60275,10.22765
val,M,17.543028,12.149061
val,M,17.231777,13.624151
val,M,17.118723,14.48505
val,M,17.42786,12.814611
val,M,17.489779,12.636515
val,M,17.527819,11.260239
val,M,17.598846,11.87823
val,M,17.672709,12.074766
val,M,17.819902,12.24189
val,M,18.048166,10.876034
val,M,18.238861,12.430975
val,M,18.390541,12.994091
val,M,18.43593,14.334415
val,M,18.504486,13.4497175
val,M,18.545444,11.234011
val,M,18.471277,9.287845
val,M,18.37439,8.047136
val,M,18.22332,7.73025
val,M,18.071806,7.9951873
val,M,17.795958,8.557766
val,M,16.82386,11.435918
val,M,14.948903,9.827723
val,M,13.436944,9.774084
val,M,6.5112915,10.94729
val,M,0.0,12.928012
val,M,1.032087e-11,11.147511
val,M,7.5595,7.8039927
val,M,16.036596,7.882637
val,M,16.971737,9.563083
val,M,17.027945,9.580677
val,M,17.139957,10.361357
val,M,17.31479,10.702566
val,M,17.536346,13.5186825
val,M,17.745764,16.508434
val,M,17.89782,15.359428
val,M,17.944014,12.595091
val,M,17.870235,14.808178
val,M,17.729097,17.146051
val,M,17.551708,15.159578
val,M,17.408958,11.98189
val,M,17.363472,10.93022
val,M,17.391459,15.419675
val,M,17.449514,17.795856
val,M,17.512028,15.700177
val,M,17.547209,13.676263
val,M,17.434694,12.978891
val,M,17.308487,13.016424
val,M,17.348278,13.244038
val,M,17.301653,12.399399
val,M,17.039362,13.404987
val,M,16.640583,11.7252245
val,M,15.851944,12.419506
val,M,15.18968,12.973182
val,M,15.274208,10.922921
val,M,15.639903,10.974778
val,M,15.906097,12.980011
val,M,16.060236,10.844814
val,M,16.193832,9.372936
val,M,16.299652,11.3543625
val,M,16.35257,13.669459
val,M,16.277458,14.710384
val,M,15.849195,10.816919
val,M,15.043222,12.092424
val,M,14.419458,14.730084
val,M,14.287111,13.159271
val,M,14.467847,11.636349
val,M,14.961847,13.943067
val,M,15.467459,14.031624
val,M,15.78975,12.213375
val,M,16.119541,13.650599
val,M,16.450708,16.592972
val,M,16.624445,18.287174
val,M,16.682096,15.936392
val,M,16.791374,14.452331
val,M,16.903723,14.045664
val,M,16.834362,11.757896
val,M,16.946861,12.443775
val,M,17.111458,12.179184
val,M,11.9215555,8.724916
val,M,9.341,7.625143
val,M,14.285556,5.061708
val,M,16.567194,1.6727763
val,M,16.306486,1.1114744
val,M,16.157,0.6417222
val,M,16.06479,1.0512797
val,M,15.889639,3.27815
val,M,15.612597,5.492166
val,M,15.185083,5.7637415
val,M,14.708583,5.5687594
val,M,14.146875,5.1004157
val,M,13.526278,4.6119113
val,M,12.906709,4.5037646
val,M,12.403722,4.654567
val,M,12.09157,4.8937726
val,M,11.809611,5.250403
val,M,11.226264,5.4511437
val,M,10.369736,5.4880447
val,M,9.588722,5.811858
val,M,8.919236,5.943732
val,M,8.636778,5.814451
val,M,9.018056,5.750996
val,M,9.820723,5.8823123
val,M,10.509694,5.973535
val,M,10.769347,5.904199
val,M,10.962209,5.7749953
val,M,11.366639,5.8209815
val,M,11.755834,5.9606338
val,M,12.333208,6.048029
val,M,12.875334,6.3448844
val,M,13.095667,6.3648663
val,M,13.254598,6.433214
val,M,13.320153,6.2758
val,M,13.326819,6.3295374
val,M,13.292931,6.479055
val,M,13.423458,6.3785596
val,M,13.60225,6.2460275
val,M,13.7688055,6.233928
val,M,14.084556,7.0334916
val,M,14.285209,6.239076
val,M,14.316264,4.0960965
val,M,14.151958,3.2171583
val,M,13.68575,3.9277806
val,M,13.0627365,6.6220655
val,M,12.494125,8.497434
val,M,12.014986,9.032475
val,M,11.602639,5.759972
val,M,11.368153,1.4746107
val,M,11.347139,2.073099
val,M,11.450723,1.9811401
val,M,11.594861,1.4369211
val,M,11.770875,1.775775
val,M,12.0859165,1.683192
val,M,12.40625,2.990162
val,M,12.503986,3.2532253
val,M,12.463208,4.230664
val,M,12.411764,8.505525
val,M,12.317862,8.969363
val,M,12.274764,5.432424
val,M,12.301291,4.0888495
val,M,12.256736,4.0804954
val,M,12.162833,9.238131
val,M,12.183792,14.251684
val,M,12.257709,14.476756
val,M,12.281709,11.133293
val,M,12.246458,11.472277
val,M,12.152667,13.386047
val,M,12.162569,11.418812
val,M,12.190861,10.497326
val,M,12.219848,8.573745
val,M,12.262042,11.028714
val,M,12.230972,15.718222
val,M,12.303528,15.686292
val,M,12.516306,15.03833
val,M,12.6900835,12.525223
val,M,12.749042,12.469497
val,M,12.713902,13.702462
val,M,12.657444,12.692421
val,M,12.6045,12.944086
val,M,12.570389,9.934759
val,M,12.5541115,12.972653
val,M,12.535819,12.61421
val,M,12.535903,8.983286
val,M,12.534361,10.093454
val,M,12.521459,10.580975
val,M,12.509681,11.916474
val,M,12.487431,11.191914
val,M,12.42775,9.420051
val,M,12.355348,10.208648
val,M,12.27093,11.530834
val,M,12.184569,12.098967
val,M,12.1125,13.411993
val,M,12.098375,12.315183
val,M,12.124958,7.5377145
val,M,12.115861,2.165522
val,M,12.028125,1.2862272
val,M,11.857542,1.6039424
val,M,11.624291,0.84589696
val,M,11.0929165,1.0940734
val,M,10.187458,3.5842295
val,M,9.270389,9.845771
val,M,8.627264,13.5319805
val,M,8.23757,18.750652
val,M,7.989139,14.364152
val,M,7.8688474,12.167486
val,M,7.969097,12.214157
val,M,8.367194,8.26263
val,M,8.882584,4.749407
val,M,9.400666,3.3488216
val,M,9.97593,1.341902
val,M,10.395445,0.20768745
val,M,10.530306,0.25662982
val,M,10.514764,2.294078
val,M,10.378542,4.4153385
val,M,10.161,6.2907977
val,M,10.029208,3.882628
val,M,9.952389,0.5756966
val,M,9.829833,0.47808218
val,M,9.337334,0.38021255
val,M,8.096736,0.4804979
val,M,6.080097,0.927877
val,M,3.890736,1.6993923
val,M,2.9166806,1.8477796
val,M,3.7055,1.9871043
val,M,5.4900694,1.8638442
val,M,7.413889,0.82631356
val,M,8.939917,0.15996471
val,M,9.850458,0.10389674
val,M,10.305667,0.08545512
val,M,10.527069,0.07968782
val,M,10.635403,0.07786096
val,M,10.70282,0.08146988
val,M,10.69,0.103335515
val,M,10.584473,0.09341582
val,M,10.506375,0.34688085
val,M,10.462222,1.2926637
val,M,10.389402,1.1139486
val,M,10.434014,0.87043875
val,M,10.693764,1.1310259
val,M,10.933847,1.4492422
val,M,11.075042,1.2729002
val,M,11.240986,0.6459072
val,M,11.389347,0.10409361
val,M,11.564389,0.09027131
val,M,11.588875,0.082981706
val,M,11.33375,0.07723586
val,M,10.944041,0.07507799
val,M,10.482458,0.07197288
val,M,10.011653,0.074453786
val,M,9.563972,0.082291275
val,M,9.120791,0.17295882
val,M,8.660958,2.0674558
val,M,8.220014,3.4783883
val,M,7.7595835,7.2285275
val,M,7.0981946,14.645502
val,M,6.1411667,12.668171
val,M,5.1089444,5.3885355
val,M,4.114972,6.5794053
val,M,3.09125,9.263855
val,M,2.115986,13.615072
val,M,1.2150834,14.045147
val,M,0.433125,12.6951275
val,M,0.05525,18.57088
val,M,0.01575,18.30617
val,M,0.012986111,13.23958
val,M,0.013930555,16.495775
val,M,0.017541667,17.37603
val,M,0.018847222,14.227218
val,M,0.022944445,13.525407
val,M,0.02738889,11.424597
val,M,0.024916667,10.900822
val,M,0.022666667,14.3791275
val,M,0.021694444,15.691448
val,M,0.021930555,13.76976
val,M,0.022388889,11.271534
val,M,0.020972222,13.935577
val,M,0.013305555,19.643753
val,M,0.011638889,16.20382
val,M,0.013833334,12.519078
val,M,0.013791666,13.476915
val,M,0.013972222,15.227053
val,M,0.011305556,16.069714
val,M,0.009736111,16.731583
val,M,0.041666668,16.307608
val,M,0.92845833,16.114952
val,M,3.0058334,13.019996
val,M,5.132764,14.114931
val,M,6.7466664,13.920668
val,M,8.021319,7.1923547
val,M,9.009222,8.173419
val,M,9.902861,9.546661
val,M,10.812959,2.6458585
val,M,11.709639,0.96256214
val,M,12.328847,1.3329754
val,M,12.3509445,1.9218591
val,M,12.095708,2.4394813
val,M,11.900945,1.8117144
val,M,12.126416,0.51362646
val,M,12.561889,0.08499311
val,M,12.742111,0.08262921
val,M,12.815056,0.0799889
val,M,12.979889,0.9649629
val,M,13.21918,1.0236127
val,M,13.328777,0.6404665
val,M,13.393986,1.3464612
val,M,13.451583,1.6537907
val,M,13.5448475,2.1195593
val,M,13.778209,1.524302
val,M,14.080861,0.19266509
val,M,14.365708,0.08410461
val,M,14.631986,0.08221134
val,M,14.954431,0.083256304
val,M,15.415139,0.08679207
val,M,16.050486,0.13114716
val,M,16.604403,0.3536538
val,M,17.007555,2.6032906
val,M,17.364,6.7602844
val,M,17.640152,9.294229
val,M,17.840334,12.450951
val,M,18.059431,13.93213
val,M,18.227,18.13979
val,M,18.247736,15.192465
val,M,18.196014,13.039929
val,M,17.851444,14.173744
val,M,17.22725,17.023815
val,M,16.627388,18.802914
val,M,16.03739,14.932198
val,M,15.422639,12.801533
val,M,14.790459,12.757185
val,M,14.040097,14.7212715
val,M,12.945194,13.6623535
val,M,11.344848,12.304628
val,M,9.611806,12.1929245
val,M,8.500014,12.9749
val,M,7.9166946,15.911686
val,M,7.46375,15.570775
val,M,7.1917915,16.773155
val,M,7.0600834,19.875881
val,M,7.0824585,21.272133
val,M,7.5445137,19.006104
val,M,8.587472,15.708794
val,M,9.67425,15.71512
val,M,10.528084,13.692292
val,M,11.307083,12.928744
val,M,12.080722,12.634375
val,M,12.737083,11.528201
val,M,13.099861,10.650554
val,M,13.220612,13.573473
val,M,13.278722,12.812912
val,M,13.302139,12.190592
val,M,13.13975,11.8958235
val,M,12.873042,11.325195
val,M,12.694056,12.422104
val,M,12.540958,12.889357
val,M,12.403958,13.84985
val,M,12.158083,13.470062
val,M,11.742986,12.121536
val,M,11.29668,14.662633
val,M,10.747903,13.439255
val,M,9.87693,13.256786
val,M,8.834347,15.425277
val,M,8.006583,19.245935
val,M,7.4991946,19.209978
val,M,7.363458,10.047644
val,M,7.657111,8.776086
val,M,8.1149025,6.619314
val,M,8.796111,5.091472
val,M,9.791862,11.113879
val,M,10.745486,9.336698
val,M,11.605583,4.6140766
val,M,12.440653,7.206757
val,M,13.070666,6.060635
val,M,13.2097225,1.6446736
val,M,13.091473,2.5571253
val,M,13.081805,2.0924325
val,M,13.116014,2.1215835
val,M,13.118667,1.8223662
val,M,13.132764,4.7022576
val,M,13.151361,7.2638965
val,M,13.201263,5.6376643
val,M,13.2583885,4.8409505
val,M,13.278584,3.4868488
val,M,13.283417,1.0009433
val,M,13.289264,0.09880655
val,M,13.27275,0.6058869
val,M,13.244542,0.83246285
val,M,13.246347,0.33503366
val,M,13.249792,0.21397094
val,M,13.242708,1.9941345
val,M,13.245431,2.8060837
val,M,13.196236,3.759254
val,M,13.151652,13.282383
val,M,13.165667,14.023294
val,M,13.171375,11.203884
val,M,13.139444,11.168058
val,M,13.027847,12.120251
val,M,13.034194,13.913031
val,M,13.117695,12.736046
val,M,12.958917,10.264148
val,M,12.922472,14.57496
val,M,13.045139,17.131073
val,M,13.0485,13.193884
val,M,13.082209,10.103773
val,M,13.034917,11.852251
val,M,12.593153,14.783156
val,M,11.293931,13.793299
val,M,9.744,11.719618
val,M,9.015917,10.939641
val,M,8.898861,9.334271
val,M,8.666805,10.337913
val,M,8.035139,9.098331
val,M,7.333542,6.1261334
val,M,6.898361,4.3386126
val,M,6.919014,4.872355
val,M,7.0721664,7.3827405
val,M,7.1728473,4.5656047
val,M,7.4852085,4.5703645
val,M,7.9712777,8.305991
val,M,8.643416,9.5282135
val,M,9.466097,10.170861
val,M,10.270139,11.189994
val,M,10.907458,11.688466
val,M,11.010667,12.111776
val,M,10.521402,10.032709
val,M,9.80725,10.635693
val,M,8.994208,14.804141
val,M,8.423597,12.387279
val,M,8.582639,11.615473
val,M,9.198833,11.704682
val,M,10.092472,11.003149
val,M,11.249458,13.599754
val,M,12.262764,14.471815
val,M,12.883014,12.80702
val,M,13.10757,10.204525
val,M,13.066028,6.6504517
val,M,12.734528,3.7400484
val,M,12.510041,1.3558314
val,M,12.625736,1.9370282
val,M,12.734208,2.468825
val,M,12.70282,0.8291171
val,M,12.522458,0.37196064
val,M,12.486944,4.5705113
val,M,12.674556,6.1989493
val,M,12.773708,2.2382865
val,M,12.613889,6.5431156
val,M,12.308416,12.889402
val,M,12.060375,14.384764
val,M,11.846264,12.688282
val,M,11.726653,15.383646
val,M,11.755889,14.772752
val,M,11.852305,10.981974
val,M,11.817361,10.567847
val,M,11.570806,11.887849
val,M,11.304209,17.501213
val,M,11.110917,16.703796
val,M,10.913417,12.825506
val,M,10.735945,12.494381
val,M,10.635834,11.898233
val,M,10.5778055,12.546354
val,M,10.725306,12.812786
val,M,11.2387085,13.931521
val,M,11.845014,15.490716
val,M,12.6145,13.337799
val,M,13.399597,12.869253
val,M,13.648903,15.109316
val,M,13.569305,15.888773
val,M,13.551403,16.618141
val,M,13.636791,13.905764
val,M,13.769722,15.363672
val,M,13.929542,21.401852
val,M,14.104417,20.339447
val,M,14.112445,18.877222
val,M,13.697667,12.308809
val,M,12.984083,13.443661
val,M,12.131153,15.9428625
val,M,11.177819,15.417064
val,M,9.981958,13.410063
val,M,8.731389,13.546419
val,M,7.826611,12.515466
val,M,7.439375,6.066618
val,M,7.652972,2.7543166
val,M,8.002,1.0729315
val,M,8.384597,1.1130681
val,M,8.817111,4.1628194
val,M,9.196083,5.9952874
val,M,9.436097,6.8848305
val,M,9.449625,5.000051
val,M,9.571903,1.9996257
val,M,9.7545,1.4635439
val,M,9.695653,0.4522906
val,M,9.5365,0.096705794
val,M,9.646264,0.10557923
val,M,10.172014,0.09414671
val,M,10.890653,0.088242285
val,M,11.5911665,0.15309459
val,M,12.263445,0.57845885
val,M,12.855917,1.3541977
val,M,13.284625,3.9353049
val,M,13.55025,4.304448
val,M,13.570153,3.2413926
val,M,13.37025,1.5894651
val,M,13.017125,0.080509216
val,M,12.623764,0.076029554
val,M,12.366944,0.08226693
val,M,12.217806,0.8656222
val,M,12.243611,0.87200993
val,M,12.408861,0.10862889
val,M,12.584458,0.14119133
val,M,12.71275,0.14367957
val,M,12.712264,0.8148665
val,M,12.6762085,1.9378837
val,M,12.728583,2.5538175
val,M,12.7490835,4.1057787
val,M,12.46718,4.929489
val,M,12.058333,7.3507395
val,M,12.12193,10.215794
val,M,12.416195,13.081506
val,M,12.631861,14.038579
val,M,12.845098,9.997566
val,M,12.991528,11.19464
val,M,13.131014,17.09106
val,M,13.347139,20.35262
val,M,13.535292,22.851368
val,M,13.539653,19.922628
val,M,13.530361,13.753539
val,M,13.618764,12.961174
val,M,13.724584,14.13431
val,M,13.936375,16.188099
val,M,14.221458,17.393711
val,M,14.327236,14.417646
val,M,14.317833,13.895655
val,M,14.298195,14.13422
val,M,14.266152,12.759455
val,M,14.221264,10.617858
val,M,14.172722,8.650341
val,M,14.119125,9.375355
val,M,13.970417,15.928064
val,M,13.830764,15.235517
val,M,13.714084,10.860243
val,M,13.653292,12.154413
val,M,13.802264,13.959825
val,M,14.04875,15.428251
val,M,14.316083,14.065839
val,M,14.621972,13.055901
val,M,14.930792,15.475624
val,M,15.17693,14.562457
val,M,15.325931,13.137544
val,M,15.408931,12.234544
val,M,15.323264,12.464964
val,M,15.00543,13.129604
val,M,14.609902,13.076965
val,M,13.999653,12.352991
val,M,12.908042,13.331491
val,M,11.335903,14.120073
val,M,9.4314165,11.080263
val,M,7.455167,7.5771265
val,M,5.719681,3.632568
val,M,4.8331113,5.9032245
val,M,5.2732363,4.9448924
val,M,6.402458,1.5064597
val,M,7.411014,1.0199664
val,M,8.2930975,6.14712
val,M,9.105695,9.857744
val,M,9.824306,16.800259
val,M,10.349361,15.163321
val,M,10.761472,8.475366
val,M,11.2734165,9.856224
val,M,11.727792,5.6654344
val,M,12.040986,1.30553
val,M,12.310625,0.7710278
val,M,12.524361,2.9806776
val,M,12.821875,7.6754413
val,M,13.160931,7.3895726
val,M,13.361931,2.5535512
val,M,13.576736,0.10271149
val,M,13.606556,0.09377259
val,M,13.524111,2.0119858
val,M,13.355903,3.2718472
val,M,13.23068,1.0838673
val,M,13.411056,0.9906402
val,M,13.565278,1.3745692
val,M,13.4846945,2.7804456
val,M,12.913806,5.4808407
val,M,12.087514,8.938831
val,M,11.509736,11.03617
val,M,11.317069,10.939732
val,M,11.488334,6.505554
val,M,11.813181,4.8185306
val,M,12.045777,5.453153
val,M,12.143486,5.7867756
val,M,12.148556,10.91148
val,M,12.074208,12.766516
val,M,11.95775,12.570227
val,M,11.803389,9.336752
val,M,11.636264,3.9034553
val,M,11.492986,0.21025695
val,M,11.307195,0.08332072
val,M,10.966,0.20118089
val,M,10.489917,3.213451
val,M,10.031834,5.1517186
val,M,9.686194,3.6795335
val,M,9.418263,6.4607844
val,M,9.23457,6.2530317
val,M,9.200084,3.5008545
val,M,9.28818,6.594708
val,M,9.370764,5.477679
val,M,9.464791,1.9307046
val,M,9.726681,2.0848632
val,M,10.10443,3.715745
val,M,10.28325,5.222207
val,M,9.872778,2.70222
val,M,8.727083,0.21399803
val,M,7.0597224,0.5473584
val,M,5.7261944,5.6791286
val,M,5.202139,9.691883
val,M,5.2154584,4.693417
val,M,5.731458,0.7657545
val,M,6.5550556,3.7961931
val,M,7.306,8.018212
val,M,7.888708,7.1251082
val,M,8.350708,6.020034
val,M,8.597597,3.0094051
val,M,8.348444,2.1202207
val,M,7.509847,2.2720675
val,M,6.452778,1.3412591
val,M,5.782778,3.1589222
val,M,5.8272915,2.3299103
val,M,6.4237084,0.2029805
val,M,7.249417,0.65245086
val,M,8.020875,4.372975
val,M,8.727944,6.5541315
val,M,9.375417,3.4314837
val,M,9.873944,5.8813367
val,M,10.213653,10.549247
val,M,10.3052225,10.5157795
val,M,10.237445,15.690511
val,M,10.147611,16.154005
val,M,10.054167,12.559813
val,M,9.942208,14.259802
val,M,9.797889,13.886772
val,M,9.661305,10.929305
val,M,9.61225,5.360069
val,M,9.622833,1.9017894
val,M,9.565486,1.0959796
val,M,9.519278,0.8729359
val,M,9.490167,2.6232305
val,M,9.420709,5.554137
val,M,9.363167,6.231927
val,M,9.308278,9.154863
val,M,9.143056,12.786755
val,M,8.920208,7.9949117
val,M,8.766861,1.4842229
val,M,8.756667,0.21601957
val,M,8.853681,0.23944718
val,M,8.9565,0.64279944
val,M,9.058888,2.1165545
val,M,9.141375,3.7816715
val,M,9.152792,2.5514522
val,M,8.884222,1.1953788
val,M,8.16075,1.1062223
val,M,7.028028,1.7199581
val,M,5.6285834,6.362946
val,M,4.1473475,9.133864
val,M,3.0473611,5.2106786
val,M,2.9498055,1.3677788
val,M,3.9101388,2.332158
val,M,5.274889,2.9604697
val,M,6.501097,1.7733254
val,M,7.4614444,1.9703574
val,M,8.142389,1.4935255
val,M,8.632222,0.33094728
val,M,8.962431,0.09363885
val,M,9.161417,0.32949317
val,M,9.330361,1.3508196
val,M,9.494805,2.5007515
val,M,9.643319,3.528902
val,M,9.776639,5.2808127
val,M,9.926598,6.131767
val,M,10.102917,13.730417
val,M,10.3272085,15.305266
val,M,10.542889,9.949
val,M,10.753417,8.288774
val,M,10.972709,10.611086
val,M,11.117473,9.808931
val,M,11.115875,10.249601
val,M,10.888528,13.192598
val,M,10.505861,11.726677
val,M,10.043777,7.303491
val,M,9.39032,6.495709
val,M,8.501667,8.054224
val,M,7.524375,7.0767694
val,M,6.333736,8.194048
val,M,4.7514167,10.361164
val,M,3.1163473,12.206675
val,M,2.3985417,11.939931
val,M,2.799125,10.368538
val,M,3.6536806,10.462975
val,M,4.641736,9.408519
val,M,5.3365,8.475334
val,M,5.5774026,9.908526
val,M,6.020111,12.656361
val,M,6.5247083,10.564565
val,M,6.576208,10.174768
val,M,6.6509724,12.9669285
val,M,7.006625,12.5821
val,M,7.478125,10.173172
val,M,7.862486,12.613062
val,M,7.9862638,14.60373
val,M,7.871639,12.374871
val,M,7.64525,8.250099
val,M,7.4155,6.019664
val,M,7.1655974,4.0941043
val,M,6.8049583,5.0820346
val,M,6.246014,5.8116875
val,M,5.4650693,4.9295154
val,M,4.648139,9.716089
val,M,3.8901112,14.799742
val,M,3.1437361,13.167757
val,M,2.3159723,4.7654047
val,M,1.2767361,2.4519358
val,M,0.36895832,2.313706
val,M,0.030805556,1.4151907
val,M,0.013611111,0.2260064
val,M,0.08020833,0.27777553
val,M,0.3075,4.1789594
val,M,0.523875,3.6963043
val,M,0.6679861,1.5752885
val,M,0.77915275,6.642038
val,M,0.84705555,10.526981
val,M,0.73581946,12.007153
val,M,0.50091666,13.467792
val,M,0.38805556,12.476522
val,M,0.21284722,11.691274
val,M,0.08133333,13.149715
val,M,0.114,14.838232
val,M,0.20120834,14.682422
val,M,0.14998612,12.671202
val,M,0.023736112,9.751435
val,M,0.014972222,10.891155
val,M,0.012444444,13.245447
val,M,0.021916667,13.302216
val,M,0.13968055,12.73489
val,M,0.32468057,13.501946
val,M,0.44077778,10.854382
val,M,0.33366665,7.353562
val,M,0.17133333,9.83598
val,M,0.117194444,12.84159
val,M,0.047152776,13.817623
val,M,0.015819445,14.160725
val,M,0.117916666,11.274397
val,M,0.38876387,12.064365
val,M,0.3513472,12.564159
val,M,0.14738889,12.844124
val,M,0.30291668,17.608679
val,M,0.25331944,19.305199
val,M,0.04936111,13.545755
val,M,0.21741667,12.243212
val,M,1.0060139,12.045286
val,M,2.4023473,10.4509325
val,M,3.7850833,13.926563
val,M,4.8691525,12.007104
val,M,5.5986667,11.541124
val,M,5.9801526,16.587421
val,M,6.232111,14.230532
val,M,6.445958,9.686781
val,M,6.611778,13.310709
val,M,6.7617083,15.970909
val,M,6.9486666,13.125701
val,M,7.1877637,6.4982677
val,M,7.4174724,4.5183883
val,M,7.578528,8.733587
val,M,7.7064724,10.090601
val,M,7.6319585,11.29805
val,M,6.8019586,13.978691
val,M,5.319208,11.754601
val,M,3.6888888,5.0697246
val,M,1.6516111,0.51267916
val,M,0.23343055,1.5741652
val,M,0.012597222,1.9150591
val,M,0.01025,0.38233906
val,M,0.15956944,3.765323
val,M,0.35072222,7.8362975
val,M,0.20665278,7.277846
val,M,0.016819444,7.5886116
val,M,0.017416667,8.453789
val,M,0.20801389,7.5215287
val,M,1.0405972,9.15313
val,M,2.4561944,12.952224
val,M,3.9648333,12.415522
val,M,5.387833,13.996783
val,M,6.628972,13.602798
val,M,7.473764,10.997139
val,M,7.822889,10.826977
val,M,7.6733193,12.011269
val,M,6.9796667,11.0925865
val,M,5.8080277,13.283806
val,M,4.2749305,13.235018
val,M,2.5984306,12.943
val,M,1.4140278,12.942581
val,M,1.6688889,12.457521
val,M,3.0384445,13.686489
val,M,4.479361,14.027462
val,M,5.6018057,15.26109
val,M,6.467486,17.3642
val,M,7.4430556,14.991859
val,M,8.127875,12.587553
val,M,8.10257,10.617508
val,M,7.65775,12.918421
val,M,7.028611,15.926732
val,M,6.6187778,14.692845
val,M,6.743708,10.611359
val,M,7.262639,10.290082
val,M,8.015542,12.557104
val,M,8.627778,13.950565
val,M,8.842375,9.499796
val,M,8.843445,3.2650645
val,M,8.833347,0.119405925
val,M,8.793528,0.09451519
val,M,8.756667,0.0825936
val,M,8.788847,0.079274714
val,M,8.771167,0.0815863
val,M,8.7255,0.0814882
val,M,8.677139,0.55186003
val,M,8.697416,1.9542321
val,M,8.737375,2.366395
val,M,8.706737,2.6823826
val,M,8.5071945,4.069691
val,M,8.231653,5.2987103
val,M,8.159486,1.9666797
val,M,8.256042,0.0879677
val,M,8.406236,0.07968208
val,M,8.567139,0.076687574
val,M,8.678097,0.071763575
val,M,8.563639,0.07575565
val,M,8.176556,0.07777834
val,M,7.716472,0.07852439
val,M,7.5539165,0.08144435
val,M,7.7555695,0.12022452
val,M,8.201056,1.1610909
val,M,8.785666,6.4603553
val,M,9.325292,13.00902
val,M,9.714833,9.690952
val,M,9.838583,2.870936
val,M,9.791153,1.2808805
val,M,9.752417,2.7319472
val,M,9.74293,6.698378
val,M,9.701111,12.863827
val,M,9.696403,10.964202
val,M,9.755944,9.046692
val,M,9.806347,9.562765
val,M,9.907014,12.560471
val,M,10.00307,10.229137
val,M,10.075292,11.624489
val,M,10.159695,11.4667225
val,M,10.159597,13.238771
val,M,10.063681,12.883577
val,M,9.983791,11.432684
val,M,9.991487,14.501725
val,M,9.947028,13.613222
val,M,9.763889,13.291122
val,M,9.477736,13.089919
val,M,9.215709,13.293472
val,M,9.135263,13.086153
val,M,9.184542,9.002174
val,M,9.280403,9.02306
val,M,9.413097,11.753032
val,M,9.600695,11.522715
val,M,9.838764,10.496528
val,M,10.06643,9.559947
val,M,10.322222,12.591061
val,M,10.600805,13.519669
val,M,10.810166,14.214736
val,M,10.813916,15.084783
val,M,10.501611,12.8227825
val,M,9.749792,12.2242565
val,M,8.617361,11.873781
val,M,7.393028,14.077065
val,M,6.33575,18.830906
val,M,5.890111,13.858391
val,M,6.298111,2.228311
val,M,7.175597,1.7052914
val,M,7.8669443,4.982533
val,M,8.061347,2.7463932
val,M,8.01,0.9514456
val,M,7.897486,1.4569259
val,M,7.6969304,1.5982661
val,M,7.6394863,1.6987891
val,M,7.530139,0.9022311
val,M,7.155028,0.094369866
val,M,6.688861,7.227526
val,M,6.0659447,12.191322
val,M,5.0334306,10.794306
val,M,4.066528,11.890068
val,M,4.04675,11.324058
val,M,4.908389,10.610617
val,M,5.9035974,10.325661
val,M,6.5519586,11.4948225
val,M,7.056736,11.707554
val,M,7.5375695,12.798792
val,M,7.7839026,14.76948
val,M,7.768139,16.06152
val,M,7.614486,12.763792
val,M,7.4053054,7.9189034
val,M,7.2473054,9.826664
val,M,7.3678055,11.962516
val,M,7.6468334,13.0026655
val,M,7.6642776,16.013542
val,M,7.4844027,12.098999
val,M,7.227792,9.125208
val,M,6.539889,10.221497
val,M,5.257347,10.688089
val,M,3.99225,12.372401
val,M,3.47225,11.732363
val,M,3.9784443,14.149994
val,M,5.1781526,12.480185
val,M,6.36025,12.564177
val,M,7.2394443,13.808346
val,M,7.900764,14.658815
val,M,8.474569,17.200191
val,M,8.987361,18.178719
val,M,9.173361,13.136011
val,M,8.959611,7.6683145
val,M,8.723514,7.900556
val,M,8.707653,10.142765
val,M,8.72207,9.007922
val,M,8.682931,3.9237862
val,M,8.682959,0.50496876
val,M,8.732847,0.09357873
val,M,8.71675,0.09121527
val,M,8.66125,0.087658845
val,M,8.684139,0.08432557
val,M,8.586375,0.08510758
val,M,7.8718333,0.09319821
val,M,6.581097,0.51561224
val,M,5.420639,0.94910264
val,M,4.819,1.4799793
val,M,4.444375,3.3489776
val,M,3.5075,5.0044503
val,M,1.9814167,5.4425607
val,M,0.7899028,4.964396
val,M,0.7822222,3.5229542
val,M,1.8429583,1.1510527
val,M,3.1580138,0.66426677
val,M,4.449375,3.7580495
val,M,5.629375,6.2938614
val,M,6.2857637,3.4551265
val,M,6.4721527,2.3489728
val,M,6.5908194,1.6735661
val,M,7.000653,1.7145371
val,M,7.440403,1.9174533
val,M,7.5262084,1.6011872
val,M,7.3024445,2.52648
val,M,6.8754168,7.590646
val,M,6.1737223,13.025661
val,M,5.5249166,13.042414
val,M,5.4174304,15.311076
val,M,5.8581805,10.141037
val,M,6.534153,4.4116054
val,M,6.973889,0.7943173
val,M,7.144403,0.08705339
val,M,7.241958,3.5094638
val,M,7.2753887,9.67593
val,M,7.207486,9.356453
val,M,6.953361,8.156159
val,M,6.6658473,12.279814
val,M,6.7784443,15.797764
val,M,7.1916666,14.197583
val,M,7.5241113,16.389217
val,M,7.683,20.504496
val,M,7.732625,23.263569
val,M,7.706236,21.71042
val,M,7.258264,17.458517
val,M,6.3769584,11.818779
val,M,5.932264,8.002664
val,M,6.377972,10.871952
val,M,7.1918197,19.214367
val,M,7.74825,18.35194
val,M,7.7999306,14.197945
val,M,7.4843054,13.921196
val,M,7.194375,12.003864
val,M,6.9498057,11.00276
val,M,6.678125,14.900209
val,M,6.27,13.760489
val,M,5.5333195,11.408419
val,M,4.951014,12.498047
val,M,4.4054165,16.105515
val,M,3.415875,15.018438
val,M,2.9200695,11.661985
val,M,3.5490556,10.863083
val,M,4.6345835,12.378864
val,M,5.6694307,14.372572
val,M,6.5248055,12.143495
val,M,7.1170974,10.717313
val,M,7.402097,10.692262
val,M,7.421597,11.34548
val,M,7.2606807,13.519702
val,M,7.224528,15.128649
val,M,7.623889,14.305889
val,M,8.06125,10.843904
val,M,8.115139,9.847664
val,M,7.970375,9.764069
val,M,7.7470417,8.815902
val,M,7.402111,6.746568
val,M,6.8745,5.410732
val,M,6.1649723,5.355617
val,M,5.6053333,6.014608
val,M,5.7924166,5.5293274
val,M,6.406361,4.5327663
val,M,6.7125,4.2309194
val,M,6.810458,3.865931
val,M,6.9126387,3.737174
val,M,6.9854026,3.928843
val,M,6.819389,4.083362
val,M,6.5002084,4.1678767
val,M,6.2706804,4.411567
val,M,6.2726946,4.6776724
val,M,6.454861,4.993631
val,M,6.87,5.147271
val,M,7.5801806,5.047631
val,M,8.036458,5.2512956
val,M,7.9040556,5.30257
val,M,7.4359446,5.365436
val,M,6.842708,5.4118276
val,M,6.2125974,5.665808
val,M,5.91775,5.677103
val,M,6.2844305,5.8470693
val,M,6.9923196,6.0705333
val,M,7.5173054,6.0940056
val,M,7.6920557,6.0650277
val,M,7.67325,5.5378623
val,M,7.5227222,5.1942716
val,M,7.127972,5.4818325
val,M,6.8778057,5.040549
val,M,7.202597,5.8515983
val,M,7.7085137,5.247951
val,M,8.005944,6.22341
val,M,8.091986,4.387009
val,M,8.043403,4.16306
val,M,7.9477777,4.20768
val,M,7.8072915,2.52742
val,M,7.8046527,5.0752234
val,M,8.07268,7.6116805
val,M,8.3573475,5.973782
val,M,8.47025,3.8771067
val,M,8.366,3.706233
val,M,7.981375,2.8095918
val,M,7.4824443,1.0354697
val,M,7.0255556,0.7401038
val,M,6.4344306,1.4579853
val,M,5.7016945,3.0305529
val,M,5.3943334,2.4871354
val,M,5.8187084,1.5396395
val,M,6.5945973,1.6594348
val,M,7.2806807,1.4245657
val,M,7.5844445,1.9491391
val,M,7.530597,2.283605
val,M,7.4195833,4.595425
val,M,7.392208,3.9803452
val,M,7.412722,0.28337753
val,M,7.737889,0.23909461
val,M,8.289486,0.187605
val,M,8.613681,0.1054655
val,M,8.7306385,0.5517016
val,M,8.699166,6.043245
val,M,8.4770975,7.83328
val,M,7.7198887,6.1016135
val,M,6.7305417,7.6406093
val,M,6.357042,5.1827583
val,M,6.5290556,4.3328643
val,M,6.93525,10.501783
val,M,7.378,10.316601
val,M,7.55425,3.9194818
val,M,7.4096527,6.5182796
val,M,7.1902223,8.67269
val,M,6.983208,8.240675
val,M,6.693153,6.20135
val,M,5.9773054,5.788671
val,M,5.0154443,8.0884075
val,M,4.4602222,9.715616
val,M,4.0770693,8.627089
val,M,3.1169028,7.5662465
val,M,2.0333612,6.9293904
val,M,2.1897223,7.6179338
val,M,3.250264,7.8309827
val,M,4.489153,9.357695
val,M,5.8403473,10.406306
val,M,6.677292,12.403492
val,M,6.9321804,12.797343
val,M,7.2645416,10.432587
val,M,8.004111,12.517915
val,M,8.714111,12.811447
val,M,9.016361,10.209635
val,M,9.104055,8.340062
val,M,9.146542,9.585152
val,M,9.17325,12.4941
val,M,9.140695,11.482935
val,M,8.79168,10.031691
val,M,7.8233333,10.510769
val,M,6.7924585,10.351032
val,M,6.192611,9.258739
val,M,5.7184863,10.619841
val,M,5.291139,10.033968
val,M,5.014042,9.097015
val,M,5.1875973,8.528933
val,M,5.8685555,10.74012
val,M,6.4375696,11.547504
val,M,6.5964584,9.456295
val,M,6.9660835,9.395269
val,M,7.4902363,14.77977
val,M,7.8013334,15.57412
val,M,7.981986,10.748608
val,M,7.929347,10.37338
val,M,7.760597,9.209823
val,M,7.525597,5.7096286
val,M,7.419597,1.1842306
val,M,7.472597,1.3306789
val,M,7.5124445,4.1909966
val,M,7.706389,6.9147663
val,M,7.840903,6.6983256
val,M,7.665403,6.588677
val,M,7.3323054,5.435193
val,M,7.033056,3.6059
val,M,7.00375,2.492632
val,M,7.1938057,1.8871264
val,M,7.4241943,1.6553555
val,M,7.6628056,1.906404
val,M,7.8263474,4.422277
val,M,7.8663054,6.6361847
val,M,7.855222,6.1586304
val,M,7.840528,5.53058
val,M,7.7670693,5.5599484
val,M,7.689,5.6035924
val,M,7.697403,5.4431796
val,M,7.7724166,5.409786
val,M,7.8404584,5.608722
val,M,7.9036946,5.873055
val,M,7.9803195,6.133463
val,M,7.9793057,6.0171957
val,M,7.904111,6.0895
val,M,7.8515415,6.2550435
val,M,7.831972,6.1853905
val,M,7.793514,6.1870923
val,M,7.6101804,6.4079185
val,M,7.0814304,6.4835124
val,M,6.20675,7.740359
val,M,5.3505836,5.524693
val,M,4.478625,4.7041073
val,M,3.3405278,3.4642324
val,M,2.8305278,0.5206473
val,M,3.5081944,0.20918007
val,M,4.711472,0.34939492
val,M,6.0147085,4.4856887
val,M,7.122958,8.140573
val,M,7.767097,8.848351
val,M,8.094486,6.287167
val,M,8.3095,2.985707
val,M,8.430236,1.8599818
val,M,8.19775,1.5036345
val,M,7.115847,3.436892
val,M,5.224056,5.5259395
val,M,3.1131806,5.678269
val,M,1.1831388,7.548267
val,M,0.15104167,7.460893
val,M,0.07227778,11.385313
val,M,0.46716666,14.742315
val,M,1.4098473,16.355186
val,M,2.537625,14.857525
val,M,3.6023889,13.584702
val,M,4.8240137,11.136005
val,M,6.2522917,9.711477
val,M,7.523153,10.947469
val,M,8.388278,10.031193
val,M,9.039473,4.165952
val,M,9.414653,1.4055488
val,M,9.4525,0.9821593
val,M,9.382347,2.1065154
val,M,9.306209,2.8694148
val,M,9.261778,5.0103
val,M,9.160361,8.977373
val,M,9.1380415,14.7835655
val,M,9.237611,15.78587
val,M,9.29693,11.595941
val,M,9.368264,14.2279
val,M,9.440097,18.418774
val,M,9.481472,18.262993
val,M,9.499194,15.419843
val,M,9.514361,13.966566
val,M,9.529,9.162725
val,M,9.539708,7.834298
val,M,9.5419445,10.0130825
val,M,9.543528,8.947014
val,M,9.478431,7.728311
val,M,9.312417,7.137984
val,M,9.106916,6.5788703
val,M,8.926181,5.259419
val,M,8.850875,4.0556316
val,M,8.875889,5.1415153
val,M,8.952486,8.400954
val,M,9.070084,10.438664
val,M,9.187098,8.796262
val,M,9.276556,9.299512
val,M,9.35025,8.443171
val,M,9.438084,8.679754
val,M,9.520319,7.606193
val,M,9.583944,5.0372877
val,M,9.641931,5.857923
val,M,9.619181,5.341233
val,M,9.492611,6.670339
val,M,9.309931,9.920565
val,M,9.013278,9.847534
val,M,8.8095,3.867655
val,M,8.84775,0.18637954
val,M,8.9665,0.129428
val,M,9.087,2.348373
val,M,9.119,4.7698417
val,M,9.008083,2.3418694
val,M,8.88368,3.7857733
val,M,8.808986,2.217785
val,M,8.735389,2.2560973
val,M,8.491902,5.063934
val,M,7.7441387,8.149248
val,M,6.5620556,9.075317
val,M,5.3648195,9.127319
val,M,4.589653,7.7099357
val,M,4.634986,7.5944204
val,M,5.649236,10.115376
val,M,6.885486,9.392584
val,M,7.5472918,10.75033
val,M,7.79875,11.425846
val,M,7.9525137,9.087748
val,M,7.9791665,10.520803
val,M,7.783,13.448433
val,M,7.460653,12.472073
val,M,7.113972,9.560043
val,M,6.4615693,11.697346
val,M,5.3665695,11.051796
val,M,4.246611,11.024054
val,M,3.7230418,10.224391
val,M,4.2370834,9.71176
val,M,5.4361944,10.500034
val,M,6.613333,11.313185
val,M,7.4761806,10.224997
val,M,7.9686527,9.836292
val,M,8.126597,10.4709215
val,M,8.113958,9.400715
val,M,8.077972,10.967258
val,M,8.059361,10.437609
val,M,8.098805,10.2791195
val,M,8.210584,8.896753
val,M,8.360681,8.881474
val,M,8.490611,9.737841
val,M,8.521973,10.78433
val,M,8.43707,10.209581
val,M,8.2340975,12.24391
val,M,7.9747086,18.06566
val,M,7.8003473,13.896866
val,M,7.7845974,7.9661584
val,M,7.8191113,7.5701575
val,M,7.714139,7.000472
val,M,7.433542,6.5436754
val,M,7.018083,7.2446065
val,M,6.2435417,7.6674547
val,M,4.7514167,7.987249
val,M,2.9565556,9.606117
val,M,1.96375,11.604645
val,M,2.2164445,13.516981
val,M,3.2007084,9.717437
val,M,4.4388194,7.7858467
val,M,5.6645,8.343107
val,M,6.672694,9.424506
val,M,7.4893475,9.522068
val,M,7.9713335,8.986869
val,M,8.175222,8.1250305
val,M,8.330389,7.4493575
val,M,8.408055,7.218519
val,M,8.385472,6.037825
val,M,8.2849865,5.160332
val,M,7.939833,4.8332253
val,M,7.1786666,4.827874
val,M,6.1448054,4.966697
val,M,4.8181806,5.217506
val,M,3.0858195,5.537932
val,M,1.4056945,4.6378093
val,M,0.4100972,3.185215
val,M,0.0785,3.0996776
val,M,0.016305555,4.033998
val,M,0.013097222,5.719168
val,M,0.0109583335,5.8168464
val,M,0.010305556,7.130351
val,M,0.009986111,8.373957
val,M,0.011083334,10.006905
val,M,0.013597222,10.372297
val,M,0.014,8.450451
val,M,0.014041667,8.592491
val,M,0.013819444,8.525334
val,M,0.013625,6.551955
val,M,0.01761111,7.7153707
val,M,0.020402778,13.758974
val,M,0.017013889,12.952263
val,M,0.016375,5.8766336
val,M,0.023569444,4.885709
val,M,0.18595834,6.3250923
val,M,0.8161944,7.8675866
val,M,2.317486,10.160465
val,M,4.5279307,13.538221
val,M,7.010847,10.149389
val,M,9.4858055,6.7757273
val,M,11.05325,9.359733
val,M,11.537139,10.758335
val,M,11.596986,8.703394
val,M,11.016347,8.261262
val,M,9.645139,9.278757
val,M,7.921403,10.664697
val,M,6.711583,13.095301
val,M,6.2792363,12.622812
val,M,6.4852223,9.474497
val,M,7.1535,11.029907
val,M,7.6980834,12.898212
val,M,8.134791,11.425558
val,M,8.651167,10.729999
val,M,9.184014,11.8640785
val,M,9.590722,10.791563
val,M,9.755222,12.39714
val,M,9.669444,11.7842655
val,M,9.525056,8.024457
val,M,9.436389,7.8773217
val,M,9.450167,8.939728
val,M,9.551625,9.248387
val,M,9.60975,9.4791565
val,M,9.513014,9.166496
val,M,9.267292,8.499341
val,M,8.860403,5.8024964
val,M,8.310111,3.30374
val,M,7.8503613,1.5332061
val,M,7.624181,1.1407564
val,M,7.3686666,3.561688
val,M,6.6246667,5.8859916
val,M,5.6760554,6.3962226
val,M,5.2679863,6.5369687
val,M,5.5075555,7.4534583
val,M,6.031264,8.577126
val,M,6.6866527,9.4985695
val,M,7.2676945,8.394382
val,M,7.499292,7.6684394
val,M,7.505736,6.69869
val,M,7.4990277,2.8345592
val,M,7.7046943,0.41948646
val,M,8.126778,0.3689599
val,M,8.372097,5.9156175
val,M,8.170472,10.933991
val,M,7.543208,8.715237
val,M,6.4261527,7.793744
val,M,5.0735974,10.282135
val,M,3.99,11.08423
val,M,3.6665,8.189777
val,M,4.3815,7.7788877
val,M,5.511139,9.780844
val,M,6.468,14.879934
val,M,7.228611,17.30987
val,M,7.7884307,12.677697
val,M,8.102028,12.075829
val,M,8.303111,13.516369
val,M,8.463458,12.1728115
val,M,8.488361,14.571074
val,M,8.471708,13.885212
val,M,8.466042,10.900232
val,M,8.444292,11.441822
val,M,8.43032,12.96615
val,M,8.471861,14.370331
val,M,8.558986,12.00605
val,M,8.622541,12.213595
val,M,8.659236,13.975877
val,M,8.734347,12.574541
val,M,8.862208,10.599547
val,M,8.935236,9.37184
val,M,8.8769865,7.6755977
val,M,8.7095,7.4241786
val,M,8.61925,6.5495706
val,M,8.613875,10.307583
val,M,8.635195,14.517119
val,M,8.735111,13.035971
val,M,8.920569,11.284241
val,M,9.160861,12.218217
val,M,9.277638,10.768698
val,M,9.221097,10.931099
val,M,9.116834,12.943684
val,M,9.050487,9.327188
val,M,9.074041,9.208915
val,M,9.152291,8.649978
val,M,9.079348,9.271072
val,M,8.438708,12.683893
val,M,7.045528,9.851812
val,M,5.395347,10.225266
val,M,4.354139,12.919092
val,M,4.5051665,13.491344
val,M,5.4050417,12.764841
val,M,6.264389,12.021538
val,M,6.568403,11.565513
val,M,6.2882915,11.615923
val,M,5.400764,16.913887
val,M,3.6575277,17.061079
val,M,2.2045,11.609111
val,M,2.1069028,10.175161
val,M,2.827625,9.894127
val,M,3.8459582,10.334187
val,M,5.115111,9.231546
val,M,6.123764,11.409249
val,M,6.517097,16.241299
val,M,6.5980554,19.396046
val,M,6.4128056,21.325851
val,M,5.519111,24.757828
val,M,3.9838471,18.923431
val,M,2.6726806,12.639351
val,M,1.5850278,11.430141
val,M,0.58608335,11.161586
val,M,0.17130555,11.509349
val,M,0.29240277,10.382235
val,M,0.55344445,6.8060317
val,M,0.70929164,5.6146398
val,M,0.7973889,8.757917
val,M,0.73909724,8.096373
val,M,0.55205554,13.912298
val,M,0.39894444,13.815688
val,M,0.2561389,9.770715
val,M,0.10547222,11.175354
val,M,0.091569446,13.057856
val,M,0.29934722,13.160973
val,M,0.6792361,11.476137
val,M,1.2844445,12.392893
val,M,2.1145418,13.368851
val,M,2.9322777,12.293248
val,M,3.6950972,10.67187
val,M,4.573125,11.754697
val,M,5.425875,17.889996
val,M,6.073,17.71766
val,M,6.247958,9.138135
val,M,5.861,9.149655
val,M,4.9880137,12.47199
val,M,4.1650696,12.999037
val,M,4.0520415,11.2517185
val,M,4.677403,7.9236712
val,M,5.56875,5.263024
val,M,6.117236,4.237391
val,M,6.1208057,5.1495323
val,M,5.41275,6.0485835
val,M,4.125875,8.790648
val,M,2.484986,8.779892
val,M,0.8510278,8.117484
val,M,0.07473611,11.194283
val,M,0.012166667,12.193153
val,M,0.023125,9.414049
val,M,0.17904167,12.240196
val,M,0.4222361,11.181705
val,M,0.65509725,9.542604
val,M,1.3134028,9.270537
val,M,2.5309584,11.556786
val,M,4.045833,11.894571
val,M,5.628625,12.2163315
val,M,6.9654584,19.07283
val,M,7.9646807,20.482254
val,M,8.6090975,16.482582
val,M,8.805403,15.705664
val,M,8.7086115,16.65658
val,M,8.566083,14.246541
val,M,8.402625,14.469952
val,M,7.875,11.524283
val,M,7.007,8.869711
val,M,6.457889,10.545056
val,M,6.373764,6.1149154
val,M,6.5785832,4.092177
val,M,7.155958,6.8602757
val,M,7.837736,7.4248796
val,M,8.382639,7.354467
val,M,8.722652,7.2580905
val,M,8.79657,6.000998
val,M,8.824458,4.525402
val,M,8.945639,4.753413
val,M,9.165611,4.7068553
val,M,9.490084,4.645384
val,M,9.811152,4.746248
val,M,9.93475,5.1831203
val,M,9.883597,5.4575553
val,M,9.694445,5.2050614
val,M,9.474778,5.0889945
val,M,9.335292,5.2465177
val,M,9.251069,5.3771644
val,M,9.259361,5.589416
val,M,9.389986,5.728056
val,M,9.595222,5.7371106
val,M,9.817306,5.663634
val,M,9.969209,5.637049
val,M,10.236555,5.687081
val,M,10.690639,5.7855268
val,M,11.031375,5.8785477
val,M,11.129903,5.856769
val,M,11.088708,5.866031
val,M,11.036403,6.044382
val,M,10.964222,6.253574
val,M,10.888917,6.307937
val,M,10.814,6.1927543
val,M,10.722917,6.1387453
val,M,10.654542,6.2769823
val,M,10.608139,6.229241
val,M,10.528028,6.1501412
val,M,10.36257,6.24326
val,M,10.016861,6.28593
val,M,9.236153,6.1847763
val,M,8.052889,6.438889
val,M,6.860014,6.157478
val,M,5.880014,5.603065
val,M,5.341639,6.7909446
val,M,5.5424724,6.829912
val,M,6.2964306,6.335666
val,M,6.9945,6.5443645
val,M,7.488639,6.593161
val,M,7.6113057,6.414157
val,M,7.1604304,6.4159913
val,M,6.4085555,6.6012216
val,M,5.3081803,5.7667193
val,M,3.9014444,3.1610432
val,M,2.7396944,1.5448731
val,M,2.2240834,1.0546614
val,M,2.185986,4.004441
val,M,2.0126944,15.066042
val,M,1.3004861,18.490662
val,M,0.43658334,14.922611
val,M,0.12970833,13.830685
val,M,0.56470835,16.6347
val,M,0.9900278,14.869377
val,M,1.1983056,13.822893
val,M,1.3998333,13.377921
val,M,1.2782084,13.194517
val,M,0.82725,16.917767
val,M,0.3378889,23.50722
val,M,0.39991668,17.54982
val,M,1.1755834,15.556734
val,M,2.230986,16.498362
val,M,3.5508332,11.239632
val,M,5.1087084,10.186977
val,M,6.3750696,14.177681
val,M,7.1323195,16.181541
val,M,7.5504723,20.05049
val,M,7.671764,15.709923
val,M,7.2368054,11.376181
val,M,6.3061943,11.8609085
val,M,5.1036806,14.842249
val,M,3.594,15.521302
val,M,1.9577639,15.370086
val,M,0.626,12.164354
val,M,0.21931945,11.443324
val,M,0.59781945,12.070599
val,M,1.1495694,13.885364
val,M,2.1202638,11.813923
val,M,3.4806528,12.715018
val,M,5.005764,12.518148
val,M,6.498653,6.671492
val,M,7.6320972,7.2124705
val,M,8.408195,10.950219
val,M,8.746486,11.247572
val,M,8.823916,10.091732
val,M,8.945125,11.201277
val,M,9.049903,12.418044
val,M,9.123055,10.566671
val,M,9.301333,11.112485
val,M,9.524583,10.936417
val,M,9.6975975,9.722983
val,M,9.759,12.428879
val,M,9.697403,15.278328
val,M,9.538514,13.452732
val,M,9.342417,11.9142885
val,M,9.169194,13.356985
val,M,9.067,13.036949
val,M,9.060028,13.328822
val,M,9.097777,15.051966
val,M,9.147056,16.909014
val,M,9.1965,18.521534
val,M,9.279403,13.936603
val,M,9.380639,9.972208
val,M,9.452153,12.19566
val,M,9.393264,14.216914
val,M,9.2884865,13.217726
val,M,9.233681,9.059826
val,M,9.172042,10.512977
val,M,9.1245,12.511005
val,M,9.088153,13.744153
val,M,9.048333,14.931027
val,M,9.023361,11.855753
val,M,9.053972,13.046093
val,M,9.126847,12.125684
val,M,9.1775,11.812716
val,M,9.178403,12.26177
val,M,9.136416,13.650873
val,M,9.115723,11.202546
val,M,9.025639,8.108161
val,M,8.674681,6.3368993
val,M,8.011945,6.8729095
val,M,7.154736,11.60833
val,M,6.191361,12.799566
val,M,4.945375,9.898932
val,M,3.572639,5.890625
val,M,2.9865556,6.7720575
val,M,3.7415695,7.888761
val,M,5.175875,5.7678504
val,M,6.4806805,4.737081
val,M,7.3973613,6.6806726
val,M,8.00175,6.7754035
val,M,8.488889,3.2095811
val,M,8.597569,5.0751224
val,M,7.4766946,8.060982
val,M,5.107375,7.3439183
val,M,2.2410972,7.33945
val,M,0.38466668,7.3251204
val,M,0.016347222,9.505094
val,M,0.014986111,6.531395
val,M,0.016361112,2.953186
val,M,0.016305555,2.7764492
val,M,0.0165,3.787673
val,M,0.023402778,5.826526
val,M,0.04826389,8.418739
val,M,0.05666667,9.941452
val,M,0.033291668,9.119629
val,M,0.023611112,8.0041275
val,M,0.023277778,6.6845627
val,M,0.022166668,8.209107
val,M,0.025375,8.751442
val,M,0.022444444,9.778568
val,M,0.021583334,10.0310955
val,M,0.019347223,11.460915
val,M,0.016680555,11.262362
val,M,0.019541666,10.148388
val,M,0.01661111,11.547362
val,M,0.013694445,11.826559
val,M,0.015194444,9.909615
val,M,0.022194445,10.222514
val,M,0.21222222,10.382474
val,M,1.1478056,9.159393
val,M,2.9156806,8.917268
val,M,4.7905416,9.197102
val,M,6.315653,8.817777
val,M,7.401528,10.199539
val,M,8.220612,9.766503
val,M,8.804402,13.943741
val,M,9.076361,14.535868
val,M,9.260403,8.967026
val,M,9.52925,8.577194
val,M,9.856542,9.38626
val,M,10.151694,9.791592
val,M,10.441042,8.852967
val,M,10.68218,8.677456
val,M,10.876403,8.858881
val,M,11.024875,4.963433
val,M,11.0587225,3.5963774
val,M,11.076305,4.7159834
val,M,11.0992365,5.550697
val,M,11.086291,7.1187873
val,M,11.091861,10.174681
val,M,11.103278,12.062572
val,M,11.159862,9.773205
val,M,11.250375,9.256651
val,M,11.216625,10.953035
val,M,11.120361,12.475739
val,M,11.08182,8.633443
val,M,11.065861,2.9114742
val,M,11.049319,3.5734425
val,M,11.02625,3.7346451
val,M,11.084833,2.0303025
val,M,11.242778,0.6441245
val,M,11.402611,0.12652382
val,M,11.515917,1.871561
val,M,11.5761385,6.7190776
val,M,11.573806,8.142865
val,M,11.508958,7.7924023
val,M,11.4025,8.128408
val,M,11.153556,9.809641
val,M,10.804528,9.735336
val,M,10.276514,6.5878167
val,M,9.344264,3.1470044
val,M,8.179625,2.3279157
val,M,7.024389,2.792141
val,M,6.0179305,5.2322
val,M,5.3833055,11.102634
val,M,5.562861,14.210677
val,M,6.402889,15.957199
val,M,7.365972,14.025133
val,M,8.230445,13.765146
val,M,8.744333,13.730219
val,M,8.948334,8.646877
val,M,9.07875,12.183544
val,M,9.168236,9.152763
val,M,9.210486,0.16348606
val,M,9.262959,0.27690643
val,M,9.306056,2.647719
val,M,9.266292,7.478463
val,M,9.180458,9.306932
val,M,9.094209,13.72145
val,M,8.954945,15.994453
val,M,8.643598,13.578679
val,M,8.015708,16.203016
val,M,7.172458,15.622227
val,M,6.251167,15.393064
val,M,5.5090833,17.14226
val,M,5.318125,14.090263
val,M,5.813542,15.446074
val,M,6.6850557,15.292701
val,M,7.462222,12.616515
val,M,7.9895554,11.188206
val,M,8.284403,15.687652
val,M,8.414763,16.602732
val,M,8.519903,18.471859
val,M,8.489625,18.33806
val,M,8.15268,16.66486
val,M,7.558542,18.233398
val,M,6.76475,16.949858
val,M,5.537264,13.97139
val,M,4.2958474,15.264821
val,M,4.387764,14.331524
val,M,5.564708,14.656749
val,M,6.5411944,13.216236
val,M,7.093972,11.617325
val,M,7.484139,14.487776
val,M,7.780972,14.808651
val,M,8.008278,15.124479
val,M,8.234278,13.351279
val,M,8.425333,15.590874
val,M,8.5135975,17.851955
val,M,8.568444,14.516903
val,M,8.614486,17.42656
val,M,8.615861,18.834684
val,M,8.580222,14.193762
val,M,8.442625,13.673382
val,M,8.108764,14.607197
val,M,7.774139,16.91669
val,M,7.589778,17.410406
val,M,7.3380556,14.61845
val,M,6.984125,15.014954
val,M,6.8565693,13.982531
val,M,7.085889,12.422541
val,M,7.337125,15.951216
val,M,7.1278334,17.513563
val,M,6.144639,14.780695
val,M,4.666403,17.93184
val,M,3.3567917,11.9097805
val,M,2.9878612,3.413065
val,M,3.6715555,12.526602
val,M,4.765986,14.837765
val,M,5.7710557,8.430798
val,M,6.558264,4.5042663
val,M,7.108556,3.2539554
val,M,7.341236,5.9715705
val,M,7.4251804,8.362457
val,M,7.477125,5.3494267
val,M,7.39375,1.6511836
val,M,7.234125,3.4289913
val,M,7.1213193,6.750093
val,M,7.087861,8.61795
val,M,7.2691946,7.5738125
val,M,7.660028,6.712789
val,M,8.034528,6.636561
val,M,8.182847,8.360958
val,M,8.118278,7.818269
val,M,8.034778,7.0657344
val,M,8.019889,7.8360243
val,M,8.041041,9.95548
val,M,8.031806,10.354802
val,M,7.9343057,13.061823
val,M,7.8069167,15.398012
val,M,7.690861,11.070135
val,M,7.5235276,9.479122
val,M,7.3452363,13.062993
val,M,7.1335692,17.249178
val,M,7.1157637,14.881972
val,M,7.324139,16.13329
val,M,7.5521946,13.873508
val,M,7.805611,12.693234
val,M,7.988153,12.47885
val,M,8.182806,10.951496
val,M,8.339861,9.586376
val,M,8.394597,12.646954
val,M,8.417139,12.826946
val,M,8.475417,10.307416
val,M,8.429361,11.904644
val,M,8.310389,12.95134
val,M,8.333458,10.344555
val,M,8.30243,9.9649315
val,M,8.141125,10.760906
val,M,7.8543057,10.352009
val,M,7.196014,13.19348
val,M,5.8125415,15.961164
val,M,4.0930696,13.419298
val,M,2.749389,9.937839
val,M,1.7598472,8.135549
val,M,0.91205555,4.422929
val,M,0.30104166,2.75986
val,M,0.08234722,6.2881465
val,M,0.042930555,7.6683574
val,M,0.10051389,8.584483
val,M,0.70579165,9.899131
val,M,1.8578889,8.471098
val,M,3.0719721,7.5520816
val,M,4.3850417,10.999271
val,M,5.922042,11.790329
val,M,7.3203473,12.390234
val,M,8.144903,13.11193
val,M,8.522181,11.381218
val,M,8.733833,9.967482
val,M,8.632431,10.854592
val,M,8.278597,11.262454
val,M,7.9209027,9.364152
val,M,7.6352224,8.969732
val,M,7.405972,8.884449
val,M,7.129611,9.180564
val,M,6.6242085,9.126356
val,M,5.7755,9.215794
val,M,4.663111,8.322803
val,M,3.650889,8.148604
val,M,3.6319723,6.9962726
val,M,4.6376944,5.288854
val,M,5.7510834,4.59168
val,M,6.6968193,4.4890103
val,M,7.3668194,4.441138
val,M,7.7001805,4.568049
val,M,7.905972,4.639482
val,M,8.136167,4.64801
val,M,8.318,4.7457047
val,M,8.201861,4.786776
val,M,7.812847,4.935023
val,M,7.430125,5.077127
val,M,7.050764,5.4859686
val,M,6.379903,5.772963
val,M,5.625167,5.932889
val,M,5.332986,5.2511306
val,M,5.633236,5.4613094
val,M,6.3290973,5.133492
val,M,6.816361,5.5596833
val,M,6.8749166,5.417271
val,M,7.0012918,7.8485236
val,M,7.3793335,9.698077
val,M,7.560403,7.9723387
val,M,7.023389,8.892203
val,M,6.1523056,9.061533
val,M,5.4262915,6.9268413
val,M,4.632361,5.151241
val,M,3.7331667,8.016065
val,M,2.8780694,9.035898
val,M,2.088625,6.8224545
val,M,1.4080139,9.929045
val,M,0.7966528,11.6820755
val,M,0.30991668,9.479011
val,M,0.072402775,11.17848
val,M,0.017444445,11.731031
val,M,0.15118055,11.224461
val,M,0.55472225,12.848654
val,M,1.0019306,13.964614
val,M,1.1824583,12.207441
val,M,1.1873194,10.774475
val,M,1.1669861,9.330709
val,M,1.1067083,10.408133
val,M,0.8769583,11.308422
val,M,0.36019444,10.227819
val,M,0.023388889,9.0273695
val,M,0.011652778,8.365995
val,M,0.013875,7.8621345
val,M,0.015291667,7.412379
val,M,0.015402778,8.906076
val,M,0.017444445,9.786185
val,M,0.015486111,11.915204
val,M,0.013166667,10.6084175
val,M,0.081375,9.148213
val,M,0.61215276,9.444597
val,M,1.9022917,11.031113
val,M,3.4877777,10.26063
val,M,5.098514,8.765013
val,M,6.660486,6.2904763
val,M,7.734,2.2018614
val,M,8.177347,4.482186
val,M,8.248972,6.8788586
val,M,8.174861,8.347578
val,M,8.060181,9.823818
val,M,8.095583,9.197567
val,M,8.190792,9.084076
val,M,8.251375,9.089245
val,M,8.382139,9.142904
val,M,8.513389,10.438669
val,M,8.578278,12.057971
val,M,8.4829445,10.654245
val,M,7.8090973,7.357325
val,M,6.561458,3.7726169
val,M,5.582625,4.2740088
val,M,5.3625555,5.920549
val,M,5.7920556,8.933121
val,M,6.573111,7.950381
val,M,7.296597,5.4024034
val,M,8.041862,5.631045
val,M,8.815473,6.0169153
val,M,9.180764,5.045792
val,M,9.060264,4.493189
val,M,8.626722,4.5452447
val,M,8.0072365,4.560286
val,M,7.152097,4.6166925
val,M,6.034347,4.7502065
val,M,5.2506804,4.8703218
val,M,5.669889,4.9437795
val,M,6.9049306,5.172139
val,M,7.887542,5.4145947
val,M,8.349736,5.5361133
val,M,8.424833,5.596274
val,M,8.291959,5.7286506
val,M,8.03818,5.914696
val,M,7.688542,5.998796
val,M,7.363764,5.998928
val,M,6.973111,5.3304315
val,M,6.440236,3.8563857
val,M,6.2629304,4.5086713
val,M,6.620264,3.1857839
val,M,7.121611,1.0317287
val,M,7.5575275,1.2656212
val,M,7.9135,0.92494303
val,M,8.219055,0.41973644
val,M,8.454264,0.31271064
val,M,8.492903,0.8950073
val,M,8.391903,1.6674547
val,M,8.36625,2.0842652
val,M,8.395736,1.2423322
val,M,8.420875,0.82400566
val,M,8.410973,1.8300846
val,M,8.365292,5.8468223
val,M,8.137362,7.1886663
val,M,7.339958,3.6403127
val,M,5.8263474,1.7791839
val,M,3.988,1.2982471
val,M,2.3055,3.3333282
val,M,1.325875,8.185085
val,M,1.791861,9.524934
val,M,3.1524584,4.1938787
val,M,4.6414723,0.75192565
val,M,6.1950974,0.702724
val,M,7.5866666,4.514133
val,M,8.603598,7.7156897
val,M,9.022695,4.566891
val,M,9.118305,1.6374171
val,M,9.383361,1.1546053
val,M,9.933888,3.1271825
val,M,10.608,7.265653
val,M,11.239278,9.19091
val,M,11.794583,13.616364
val,M,12.212931,13.210121
val,M,12.299945,8.571154
val,M,12.1095,10.3241
val,M,11.842972,11.124059
val,M,11.576263,14.088108
val,M,11.322847,11.989427
val,M,11.082653,8.602781
val,M,10.796861,9.950457
val,M,10.518403,9.10804
val,M,10.424541,12.472809
val,M,10.410486,13.1586685
val,M,10.275097,11.679667
val,M,9.983014,11.137188
val,M,9.648666,10.396802
val,M,9.300292,10.075677
val,M,8.679139,9.908297
val,M,8.773861,8.437203
val,M,9.361611,7.429438
val,M,9.572653,5.6008143
val,M,9.871458,5.3714585
val,M,10.082152,8.025722
val,M,10.171987,9.599949
val,M,10.160347,7.9435606
val,M,10.110444,4.1543183
val,M,10.092722,2.7606106
val,M,10.075764,3.0384579
val,M,10.088611,6.467219
val,M,10.106625,8.240466
val,M,10.063806,7.0611634
val,M,10.048805,7.7706475
val,M,10.158028,11.681997
val,M,10.280097,13.492458
val,M,10.361625,11.26663
val,M,10.443097,6.840429
val,M,10.497027,5.8324018
val,M,10.453819,6.6803026
val,M,10.242583,6.7932725
val,M,9.852208,5.391909
val,M,9.30375,4.591478
val,M,8.515805,11.841199
val,M,7.5610695,15.257006
val,M,6.5168056,8.891901
val,M,5.4019446,8.538418
val,M,4.2610974,11.590359
val,M,3.0380416,9.334783
val,M,2.5851943,8.281556
val,M,3.5503888,10.761908
val,M,5.1541667,9.754806
val,M,6.2765694,8.260874
val,M,6.709417,10.08149
val,M,6.856347,11.651915
val,M,6.862056,11.254588
val,M,6.515681,10.046657
val,M,5.8840833,10.028097
val,M,5.739097,10.117113
val,M,6.4270835,9.390198
val,M,7.585986,7.148751
val,M,8.900875,5.1897697
val,M,10.261416,5.471203
val,M,11.629153,7.5976367
val,M,12.914056,5.661625
val,M,13.842597,7.9816346
val,M,14.411195,11.428878
val,M,14.782945,9.987783
val,M,14.791833,10.794939
val,M,14.367778,11.4759245
val,M,13.838166,10.071337
val,M,13.41518,8.248804
val,M,13.082292,7.5328894
val,M,12.800487,7.13971
val,M,12.540334,7.067869
val,M,12.568139,6.121573
val,M,12.4805,6.817691
val,M,12.211,9.239916
val,M,12.257097,9.935144
val,M,12.488597,11.238836
val,M,12.811542,11.059288
val,M,13.143791,10.373768
val,M,13.426361,7.872231
val,M,13.538362,5.083505
val,M,13.333555,5.711738
val,M,12.865472,5.497669
val,M,12.448319,4.665943
val,M,12.347055,4.5792475
val,M,12.447958,4.7859554
val,M,12.591278,4.575047
val,M,12.693431,4.352514
val,M,12.73257,4.6708655
val,M,12.7439165,4.9239984
val,M,12.6333885,5.748842
val,M,12.534306,8.967705
val,M,12.56475,8.290433
val,M,12.5951805,4.7006683
val,M,12.624945,3.5710428
val,M,12.6495,2.5864844
val,M,12.659805,4.0463047
val,M,12.67175,9.635625
val,M,12.640833,11.450577
val,M,12.634945,6.664038
val,M,12.6721945,5.2598166
val,M,12.666195,6.8570824
val,M,12.678667,7.849014
val,M,12.686861,8.03133
val,M,12.665806,12.889708
val,M,12.695639,14.0061245
val,M,12.701597,7.6691546
val,M,12.703222,8.915197
val,M,12.712708,8.957109
val,M,12.716486,9.432213
val,M,12.708931,9.768495
val,M,12.71568,10.281943
val,M,12.720861,8.911549
val,M,12.701472,9.868903
val,M,12.683153,12.249266
val,M,12.505944,11.197586
val,M,12.501333,9.923021
val,M,12.668153,8.725149
val,M,12.728444,7.265989
val,M,12.732417,5.0194373
val,M,12.703639,1.4007698
val,M,12.694041,2.3954172
val,M,12.633736,5.0444736
val,M,12.630013,6.542006
val,M,12.676528,7.4552503
val,M,12.695653,8.039948
val,M,12.690875,7.5950093
val,M,12.678416,5.763123
val,M,12.662222,4.9319806
val,M,12.643319,4.6512837
val,M,12.622222,4.3886223
val,M,12.587,4.60835
val,M,12.561791,4.554481
val,M,12.526111,4.221357
val,M,12.5009165,4.9477763
val,M,12.532598,6.696096
val,M,12.565763,6.6653986
val,M,12.577958,4.7241073
val,M,12.554402,4.3860655
val,M,12.535944,3.7325873
val,M,12.576083,2.8548212
val,M,12.599792,1.1263154
val,M,12.590611,0.21423994
val,M,12.605208,0.19106305
val,M,12.649542,0.22767425
val,M,12.712639,0.97446555
val,M,12.723194,4.1278176
val,M,12.722625,5.734348
val,M,12.736986,2.9798794
val,M,12.736917,7.2072444
val,M,12.727305,14.299185
val,M,12.715138,13.934195
val,M,12.73575,12.345406
val,M,12.691305,10.324807
val,M,12.338278,10.464373
val,M,11.614611,9.361193
val,M,10.513945,9.648423
val,M,9.133014,10.096453
val,M,7.8049445,10.942828
val,M,6.757639,10.376623
val,M,6.2150416,8.140792
val,M,6.453889,9.70682
val,M,7.304639,8.320008
val,M,8.564806,6.9412866
val,M,9.959778,8.292103
val,M,11.050167,7.6839237
val,M,11.71875,6.8035893
val,M,12.000112,7.947637
val,M,12.071806,6.1393743
val,M,12.237833,3.888611
val,M,12.9007225,5.279057
val,M,13.884375,6.251467
val,M,14.6055,7.24658
val,M,14.887875,8.083038
val,M,14.834833,8.280343
val,M,14.856736,8.941114
val,M,14.96175,10.049356
val,M,15.109,9.850878
val,M,15.414361,8.4449005
val,M,15.795278,5.5967903
val,M,16.121166,5.5417943
val,M,16.187195,6.9409404
val,M,16.209625,7.2250113
val,M,16.267597,7.925015
val,M,16.305222,8.9172
val,M,16.528097,9.512234
val,M,16.959959,9.441483
val,M,17.325514,7.849602
val,M,17.467348,6.0875325
val,M,17.482931,5.7538867
val,M,17.473846,5.896095
val,M,17.468027,4.9028153
val,M,17.456903,3.7506728
val,M,17.387403,3.4471965
val,M,17.230541,3.0794291
val,M,17.161152,3.0236712
val,M,17.230888,3.1755052
val,M,17.106056,3.197143
val,M,16.524542,2.4502645
val,M,15.646569,1.9982278
val,M,14.635625,1.9373455
val,M,13.52225,3.188012
val,M,12.326403,6.644712
val,M,11.104847,8.186348
val,M,9.915472,7.9453044
val,M,8.699778,8.537454
val,M,7.63775,6.665053
val,M,6.6166945,6.0082808
val,M,5.885208,8.519934
val,M,5.850264,10.480701
val,M,6.3443613,10.453874
val,M,6.978,10.867447
val,M,7.249403,10.286335
val,M,7.1690555,12.532579
val,M,7.159986,12.809306
val,M,7.3893332,8.446039
val,M,7.8178887,7.823444
val,M,8.347292,10.563116
val,M,8.667389,11.748224
val,M,8.844084,9.522684
val,M,9.1115,7.822917
val,M,9.542486,8.068067
val,M,10.075375,7.1586356
val,M,10.718153,7.860406
val,M,11.417431,9.127382
val,M,11.841653,10.2033825
val,M,11.985791,8.696784
val,M,11.98625,6.969172
val,M,11.915694,4.8060837
val,M,11.902917,3.1707983
val,M,11.972167,2.821972
val,M,12.146903,4.0273247
val,M,12.429375,6.187734
val,M,12.615375,5.235877
val,M,12.658972,2.4538655
val,M,12.605833,3.092959
val,M,12.475625,3.2943544
val,M,12.213514,1.8713772
val,M,11.785139,1.9010217
val,M,11.341194,4.72207
val,M,10.900403,6.594792
val,M,10.281458,3.467733
val,M,9.379125,3.4510381
val,M,8.185041,3.5412433
val,M,7.0351667,3.709402
val,M,6.2725973,4.38802
val,M,6.0100694,4.1826253
val,M,6.3480277,4.582046
val,M,6.860306,4.2666106
val,M,7.1842084,5.0762186
val,M,7.542778,6.2563167
val,M,8.047055,6.6778407
val,M,8.549889,6.374125
val,M,8.794139,5.5800176
val,M,8.729097,4.8302255
val,M,8.627375,3.3423023
val,M,8.644611,1.8793443
val,M,8.7236805,2.6630669
val,M,8.67857,2.5972865
val,M,8.654667,0.8131908
val,M,9.143945,6.448764
val,M,10.252236,14.955143
val,M,11.466181,12.100522
val,M,12.291041,8.225412
val,M,12.502736,10.484547
val,M,12.257139,13.170204
val,M,11.938431,11.417677
val,M,11.663597,11.903413
val,M,11.417556,12.592994
val,M,11.213847,10.503425
val,M,11.2636385,9.52445
val,M,11.728986,9.893759
val,M,12.284041,11.326098
val,M,12.659028,13.322255
val,M,12.975486,15.462449
val,M,13.3891115,13.055994
val,M,13.916903,10.105006
val,M,14.384152,13.6100025
val,M,14.6165,17.562603
val,M,14.528861,14.226471
val,M,14.232041,9.145847
val,M,13.745958,13.289862
val,M,13.019931,12.752758
val,M,12.540847,11.131
val,M,12.573764,10.806736
val,M,13.025611,9.871505
val,M,13.721264,9.447954
val,M,14.393194,12.36143
val,M,14.8619585,11.958166
val,M,15.015625,11.019839
val,M,15.114639,11.192839
val,M,15.234389,11.150791
val,M,15.158986,10.634403
val,M,14.895194,11.044363
val,M,14.571111,11.815858
val,M,14.327958,10.224613
val,M,14.124125,11.262199
val,M,13.89082,13.004946
val,M,13.785097,12.316477
val,M,13.707778,12.990282
val,M,13.564986,11.500868
val,M,13.542791,12.947691
val,M,13.473708,11.7740345
val,M,13.26057,9.985768
val,M,13.0512085,9.5681505
val,M,12.831083,10.325312
val,M,12.28457,10.830407
val,M,11.268,9.381489
val,M,9.800195,10.595701
val,M,8.4123335,10.477319
val,M,7.443,11.31657
val,M,6.399611,10.985168
val,M,5.641972,10.896343
val,M,5.7129025,12.951783
val,M,6.5661387,11.156603
val,M,7.791042,12.986589
val,M,8.98757,12.895412
val,M,9.935875,10.76931
val,M,10.366458,11.202347
val,M,10.505222,12.388774
val,M,10.722986,12.436689
val,M,10.866944,9.6978245
val,M,10.95825,9.333393
val,M,11.145847,10.951866
val,M,11.365209,11.2219095
val,M,11.420819,10.564735
val,M,11.395403,10.291252
val,M,11.609847,9.650469
val,M,12.049681,9.58179
val,M,12.424528,12.329063
val,M,12.612514,15.439503
val,M,13.144459,13.205708
val,M,14.59332,13.336048
val,M,16.67289,11.8367
val,M,18.51782,9.703369
val,M,19.319,10.642415
val,M,18.905,9.434416
val,M,17.608583,9.302933
val,M,15.889833,9.538918
val,M,13.98268,11.9932575
val,M,12.046445,12.967634
val,M,10.77525,11.060925
val,M,10.648014,8.625443
val,M,11.547014,7.642546
val,M,13.271986,8.06117
val,M,15.352986,7.8769016
val,M,16.988111,8.640743
val,M,17.796223,9.993679
val,M,18.11425,12.406624
val,M,18.283445,14.075436
val,M,17.640638,11.764421
val,M,15.731431,12.317501
val,M,13.124945,11.657649
val,M,10.372694,5.871494
val,M,8.407598,5.066291
val,M,8.026444,4.505058
val,M,9.203972,3.4250016
val,M,11.216639,5.3833966
val,M,13.312056,3.8601174
val,M,15.199417,0.36093307
val,M,16.664347,0.20928355
val,M,17.805084,0.27319905
val,M,18.383667,0.8677315
val,M,18.344723,5.6055064
val,M,18.11618,7.4505963
val,M,17.8645,8.426848
val,M,17.510471,11.403362
val,M,17.072624,9.636162
val,M,16.7545,9.037997
val,M,16.564611,9.465695
val,M,16.411444,11.166967
val,M,16.530083,10.188991
val,M,17.005917,8.611414
val,M,17.577042,11.363959
val,M,18.130875,11.630209
val,M,18.628819,11.489268
val,M,19.067778,12.704391
val,M,19.49457,10.668299
val,M,19.849485,9.394085
val,M,20.152973,12.180357
val,M,20.942486,9.9155855
val,M,22.215097,7.4894395
val,M,23.423277,10.541595
val,M,23.219084,10.839212
val,M,18.30961,8.400186
val,M,10.316361,11.033423
val,M,6.0251946,13.408798
val,M,6.5980554,13.643232
val,M,9.078667,11.980505
val,M,11.715875,10.367022
val,M,13.93932,9.371025
val,M,16.06046,7.9240456
val,M,17.975111,8.859461
val,M,19.61632,10.990328
val,M,21.178305,12.220905
val,M,22.668306,9.929101
val,M,22.521402,10.493906
val,M,17.664486,12.088809
val,M,10.297597,11.590863
val,M,6.611514,10.057728
val,M,7.092167,7.8185225
val,M,8.231389,9.043613
val,M,8.157403,9.769548
val,M,7.091486,9.983759
val,M,6.0053196,12.569862
val,M,5.4912915,11.598999
val,M,6.1050835,7.9171023
val,M,7.666611,9.340723
val,M,9.233152,10.120832
val,M,11.022695,10.488949
val,M,13.49457,12.276777
val,M,15.818653,10.956388
val,M,17.73889,8.144175
val,M,19.44182,8.686439
val,M,20.726723,8.721277
val,M,21.1475,7.8559
val,M,19.173084,10.670075
val,M,17.181194,10.590572
val,M,17.717709,6.779899
val,M,19.15875,5.7968736
val,M,20.455055,4.787708
val,M,21.656666,3.5720065
val,M,22.274014,3.2684069
val,M,19.773945,2.9155164
val,M,15.761764,2.9215364
val,M,14.419389,3.0138512
val,M,14.604264,3.1808522
val,M,14.730778,3.3435333
val,M,14.644222,3.5124905
val,M,14.175583,3.6717343
val,M,13.4725,3.9476013
val,M,12.562166,4.4030375
val,M,12.351403,4.752622
val,M,13.039708,4.8544517
val,M,14.068167,5.037434
val,M,15.093,5.366305
val,M,15.868639,5.3657656
val,M,16.634903,5.4100523
val,M,17.729597,5.4844155
val,M,18.743,5.4565477
val,M,19.067041,5.515648
val,M,18.740875,5.6042657
val,M,16.874971,5.764951
val,M,13.371514,5.891879
val,M,11.348139,6.0572305
val,M,11.978042,6.0106525
val,M,13.491806,5.9842677
val,M,15.028625,5.9443345
val,M,16.408264,5.964086
val,M,17.30325,6.6978626
val,M,17.891834,6.827301
val,M,18.557888,6.2333627
val,M,19.312916,6.157698
val,M,20.158194,6.599919
val,M,21.067291,6.4048476
val,M,21.900597,6.283254
val,M,22.331528,6.205113
val,M,22.405987,6.0905595
val,M,21.335209,6.3999047
val,M,19.651709,6.4545474
val,M,19.409472,5.9458423
val,M,20.294611,6.127291
val,M,21.332695,6.001953
val,M,22.294403,6.4498787
val,M,22.259293,6.747718
val,M,18.737055,5.0209923
val,M,12.089292,5.2237477
val,M,7.835486,5.9467244
val,M,7.4033613,5.4167457
val,M,7.992722,7.649487
val,M,8.609167,9.507757
val,M,9.180959,8.148956
val,M,9.559417,6.983147
val,M,9.684097,2.995765
val,M,9.999291,1.2894256
val,M,10.449195,1.876617
val,M,10.861861,4.038331
val,M,11.276347,4.359486
val,M,11.664278,5.1667476
val,M,11.865583,7.753499
val,M,11.944639,6.7764072
val,M,11.976084,3.992451
val,M,11.938042,5.496755
val,M,11.759958,8.184654
val,M,11.145097,4.89632
val,M,10.163681,5.8945312
val,M,9.504431,9.482074
val,M,9.51775,11.1681
val,M,10.033319,9.842939
val,M,10.856334,10.530334
val,M,11.743597,13.162092
val,M,12.5830555,14.541988
val,M,13.426639,17.327236
val,M,14.317875,17.660948
val,M,15.17,11.798118
val,M,16.013195,13.595936
val,M,16.920652,17.390224
val,M,17.8905,14.612423
val,M,18.903084,11.701952
val,M,19.669527,12.38089
val,M,20.339931,9.751489
val,M,21.070375,8.832777
val,M,21.61193,10.406736
val,M,22.145,11.899084
val,M,22.795778,10.027853
val,M,23.487028,10.625887
val,M,24.049944,11.121934
val,M,23.650152,10.479824
val,M,19.419834,12.087042
val,M,12.505972,10.44238
val,M,8.981527,9.3866005
val,M,9.150181,8.4458885
val,M,10.047055,8.3704405
val,M,10.95725,8.831289
val,M,11.6675415,9.452031
val,M,12.180708,10.425411
val,M,12.546348,8.424723
val,M,12.900556,6.0711017
val,M,13.384819,5.49108
val,M,13.918014,4.9578586
val,M,14.358514,5.8618703
val,M,14.6484165,5.7213426
val,M,14.680986,4.4860864
val,M,14.176681,4.458961
val,M,13.337528,5.964976
val,M,12.6855,7.448029
val,M,12.263014,6.9421563
val,M,11.764264,5.9815955
val,M,11.394389,7.000302
val,M,11.28343,7.5871234
val,M,11.117028,6.42271
val,M,10.741806,4.8452296
val,M,10.316347,4.1993203
val,M,10.318222,4.5195727
val,M,10.779139,5.7618713
val,M,11.423944,7.548382
val,M,11.999291,9.680729
val,M,12.494348,9.481232
val,M,13.032556,11.051438
val,M,13.436528,12.771992
val,M,13.494069,10.180238
val,M,13.328486,9.9053135
val,M,13.187041,10.575267
val,M,13.046403,10.276735
val,M,12.591236,8.406521
val,M,12.003902,7.1601806
val,M,11.852486,8.202756
val,M,12.324639,8.496672
val,M,13.188569,7.64329
val,M,14.071861,8.277657
val,M,14.988459,9.83687
val,M,15.810458,9.581282
val,M,16.349041,10.18765
val,M,16.711042,9.966644
val,M,17.089209,8.487583
val,M,17.56975,6.0855117
val,M,18.046083,6.1920266
val,M,18.266987,7.3303866
val,M,18.18025,6.2822056
val,M,18.305292,5.9904838
val,M,18.586487,6.3825574
val,M,18.831583,6.8158994
val,M,19.05975,6.338297
val,M,19.051819,5.862653
val,M,18.386457,5.786258
val,M,16.803375,5.727123
val,M,14.559819,5.6705008
val,M,12.252194,5.961965
val,M,9.884139,6.2683845
val,M,7.1963334,6.260502
val,M,4.818847,6.2437778
val,M,3.1925557,6.2805257
val,M,2.0750833,6.2845798
val,M,1.1251528,6.2103963
val,M,0.37656945,6.1848025
val,M,0.044152778,6.2357354
val,M,0.1898611,6.1908984
val,M,0.67334723,6.0003676
val,M,1.1180416,6.165061
val,M,1.1055417,6.4862323
val,M,0.8045833,7.269151
val,M,0.59348613,7.8161206
val,M,0.9334861,8.000874
val,M,2.6682084,8.808146
val,M,5.168486,9.018419
val,M,7.337278,8.313213
val,M,9.402903,11.541485
val,M,11.558888,10.688978
val,M,13.712903,10.312611
val,M,15.784416,11.850822
val,M,17.62175,14.480316
val,M,19.207695,15.1678295
val,M,20.681902,11.260187
val,M,22.170597,8.396046
val,M,23.571598,9.824811
val,M,24.773903,10.621105
val,M,25.580458,10.0228195
val,M,22.8515,10.450886
val,M,16.024153,9.269739
val,M,11.048403,8.030519
val,M,9.969277,8.023914
val,M,10.4331665,8.525349
val,M,11.186375,9.813954
val,M,11.699889,9.556407
val,M,12.11675,9.37413
val,M,12.574236,8.909905
val,M,13.060847,8.858738
val,M,14.186778,8.325371
val,M,16.17125,7.9666085
val,M,18.26968,8.328505
val,M,19.792278,8.31698
val,M,19.592028,7.49573
val,M,15.977555,5.848499
val,M,10.961319,4.8131976
val,M,8.70875,4.8427176
val,M,8.533903,5.005923
val,M,8.766889,4.8926578
val,M,9.518375,4.915829
val,M,10.348139,5.3003135
val,M,11.0471525,5.6118503
val,M,11.633111,4.9824195
val,M,12.206,3.6693735
val,M,12.883278,3.741138
val,M,13.459167,4.9364552
val,M,13.83543,5.756895
val,M,14.135167,5.6537547
val,M,14.488556,6.4730506
val,M,14.837028,8.427616
val,M,15.197291,8.243066
val,M,15.559569,8.630262
val,M,15.776667,8.59285
val,M,15.818791,8.421092
val,M,15.759264,8.52612
val,M,15.671361,7.9470944
val,M,15.574361,7.493789
val,M,15.782458,6.2967625
val,M,16.54693,6.4097686
val,M,17.865236,6.3650107
val,M,19.456097,5.128564
val,M,21.0755,4.815533
val,M,22.668945,4.6468453
val,M,23.621027,4.465109
val,M,24.087957,4.5028324
val,M,23.739069,4.5767336
val,M,19.381306,4.6884284
val,M,12.115528,4.7467704
val,M,8.320569,4.4159727
val,M,8.816653,4.0884743
val,M,10.252694,4.1829696
val,M,11.562708,5.7560983
val,M,12.700556,6.639427
val,M,13.483277,5.6182895
val,M,13.725375,6.060416
val,M,13.621722,7.776019
val,M,13.502055,8.175982
val,M,13.535708,7.294145
val,M,13.763625,6.324497
val,M,14.132958,5.429773
val,M,14.485014,3.973446
val,M,14.780236,3.636451
val,M,14.862541,5.0002265
val,M,14.201361,6.4673853
val,M,12.632972,7.4719005
val,M,10.545028,6.4979205
val,M,8.873528,6.4323897
val,M,8.514389,6.9162965
val,M,9.301014,7.2327695
val,M,10.406597,7.36531
val,M,11.497361,6.122704
val,M,12.466403,4.721419
val,M,13.279305,3.125862
val,M,14.189931,2.985044
val,M,15.208972,8.367218
val,M,16.276236,11.251072
val,M,17.292347,7.1164484
val,M,18.352861,2.632401
val,M,19.141834,1.367673
val,M,19.166487,0.92129713
val,M,17.385263,6.035623
val,M,11.5205,13.191025
val,M,3.8918056,8.32333
val,M,0.2745,2.6297307
val,M,0.019833334,1.184818
val,M,0.009916667,3.8854706
val,M,0.008736111,7.82316
val,M,0.018708333,9.951906
val,M,0.39918056,10.244208
val,M,2.3195417,12.600861
val,M,4.9936666,15.237978
val,M,7.097847,11.971303
val,M,8.841375,10.06024
val,M,10.0784445,8.952509
val,M,10.834708,6.777282
val,M,11.287209,8.373386
val,M,11.562,9.465539
val,M,11.712209,8.404887
val,M,11.731431,5.867851
val,M,11.683069,6.919632
val,M,11.675208,5.0716143
val,M,11.80425,5.1602817
val,M,12.0225,7.9741044
val,M,12.181097,5.854755
val,M,12.287458,8.021351
val,M,12.362972,7.9448466
val,M,12.39925,7.4701457
val,M,12.412778,8.877947
val,M,12.420834,10.6784
val,M,12.424514,11.673332
val,M,12.395097,11.324762
val,M,12.319861,12.17091
val,M,12.219889,10.655855
val,M,12.423347,7.5551386
val,M,13.134597,4.662222
val,M,13.910931,4.211086
val,M,14.521916,3.3317976
val,M,15.10075,3.8668742
val,M,15.857,4.624373
val,M,17.159195,5.9758
val,M,18.716806,6.86447
val,M,20.0215,3.4174602
val,M,21.133444,0.8549797
val,M,22.075916,0.71120864
val,M,20.849403,0.96399945
val,M,14.819597,2.7387652
val,M,6.2393475,10.938902
val,M,1.0453612,12.433052
val,M,0.07605556,5.73972
val,M,0.37808332,6.2102776
val,M,0.9266389,9.869379
val,M,1.7283472,11.771362
val,M,2.9669027,10.365203
val,M,4.7223887,11.944637
val,M,6.859875,13.152222
val,M,8.893042,11.609976
val,M,10.436167,10.570848
val,M,11.401736,10.919611
val,M,11.730333,11.548098
val,M,11.50168,12.119604
val,M,10.933111,12.22982
val,M,10.4375,12.438469
val,M,10.486195,13.302708
val,M,10.894736,14.849576
val,M,11.248806,15.549753
val,M,11.461403,13.614719
val,M,11.702791,10.318943
val,M,11.743667,10.3938265
val,M,11.620833,8.894001
val,M,11.558653,6.438784
val,M,11.643403,7.238112
val,M,11.90582,6.7632537
val,M,12.019611,6.058679
val,M,12.077861,6.314615
val,M,12.293959,6.7772512
val,M,12.565291,7.967342
val,M,12.746708,8.307781
val,M,12.827625,7.8448305
val,M,12.845875,7.054031
val,M,12.864,7.233915
val,M,12.895528,7.1798477
val,M,12.906902,5.384271
val,M,12.848181,3.568589
val,M,12.751722,3.2403417
val,M,12.728833,3.3472931
val,M,12.567778,3.7775245
val,M,11.959014,3.9489052
val,M,11.543028,3.8243756
val,M,11.827084,3.8642707
val,M,12.295,4.090767
val,M,12.672125,4.2970414
val,M,12.870055,4.569281
val,M,12.917167,4.9136214
val,M,12.941778,5.105865
val,M,12.930722,5.380183
val,M,12.894139,5.3818
val,M,12.74125,5.3566613
val,M,12.460305,5.499904
val,M,12.163652,5.6508107
val,M,11.872056,5.718777
val,M,11.601347,5.913611
val,M,11.137362,5.881995
val,M,10.269903,5.5483336
val,M,9.492333,5.6705575
val,M,9.315889,6.178237
val,M,9.592792,5.5931373
val,M,9.979681,5.944728
val,M,10.331639,5.930413
val,M,10.5899725,5.3767486
val,M,10.497569,4.303743
val,M,9.644569,4.999742
val,M,8.164667,7.20785
val,M,6.4251804,7.4114995
val,M,4.523486,7.3507705
val,M,2.886486,8.81217
val,M,2.6282916,10.205276
val,M,3.572264,11.28581
val,M,4.091542,11.646064
val,M,3.6913195,10.070492
val,M,2.8400834,11.533579
val,M,2.621764,13.9802265
val,M,3.8046668,11.328576
val,M,5.482847,7.052167
val,M,6.885875,9.839663
val,M,7.988514,10.706975
val,M,8.80625,9.942278
val,M,9.551764,9.501474
val,M,10.072986,10.26324
val,M,10.294583,9.880666
val,M,10.431027,10.452217
val,M,10.56293,11.900462
val,M,10.696458,11.389567
val,M,10.819667,11.3012705
val,M,10.919917,12.354193
val,M,11.042319,11.439951
val,M,11.167431,10.873661
val,M,11.242028,11.130363
val,M,11.248347,10.845741
val,M,11.198277,10.238232
val,M,11.115111,9.254599
val,M,11.012417,9.960844
val,M,10.907528,10.538559
val,M,10.7884865,9.020315
val,M,10.706639,9.416279
val,M,10.715292,9.353191
val,M,10.7583475,8.493942
val,M,10.794375,7.843566
val,M,10.81875,7.690776
val,M,10.857513,7.819179
val,M,10.854236,6.9726667
val,M,10.87657,4.653698
val,M,10.988,3.6135273
val,M,11.034333,3.7126856
val,M,10.983236,3.9314947
val,M,10.848763,3.3092852
val,M,10.743486,2.9175577
val,M,10.793653,5.216872
val,M,11.059736,5.994017
val,M,11.443639,5.968698
val,M,11.599459,5.9000034
val,M,11.558847,2.6545231
val,M,11.556833,0.43121964
val,M,11.325403,0.33266008
val,M,11.223458,0.5162154
val,M,11.332583,1.603981
val,M,11.248834,6.2188725
val,M,11.207486,6.6452003
val,M,11.097097,2.9782119
val,M,10.930375,3.6020055
val,M,11.076777,6.19409
val,M,11.251764,5.3527684
val,M,11.01075,3.7588403
val,M,10.596167,4.403382
val,M,10.296763,5.0295134
val,M,10.123694,5.15492
val,M,10.117486,5.2367663
val,M,10.257444,5.157233
val,M,10.394709,4.9653506
val,M,10.508639,5.118116
val,M,10.665653,5.26697
val,M,10.843958,5.0731254
val,M,10.9805,5.081369
val,M,10.90625,5.1336045
val,M,10.31257,5.183054
val,M,9.392736,5.3649898
val,M,8.797277,5.5971904
val,M,8.690014,5.756227
val,M,8.8573475,5.8678775
val,M,9.140458,5.832603
val,M,9.187056,5.926218
val,M,9.0836525,5.8280487
val,M,9.144555,5.9759927
val,M,9.012042,5.9592323
val,M,8.250195,6.0282245
val,M,7.5740557,6.294148
val,M,7.6276526,6.1953135
val,M,7.585639,5.915952
val,M,6.7378054,5.147354
val,M,5.34725,3.0042012
val,M,3.8657777,2.2051024
val,M,2.4410417,1.8889282
val,M,1.0668056,3.5015142
val,M,0.19959722,6.507505
val,M,0.0155,6.94887
val,M,0.015027778,5.432854
val,M,0.014472222,2.6883407
val,M,0.013180556,1.665293
val,M,0.015152778,2.6593437
val,M,0.0144305555,5.402395
val,M,0.009972222,7.9649835
val,M,0.010347222,10.021603
val,M,0.012083333,13.436924
val,M,0.012,12.672928
val,M,0.013555556,12.587849
val,M,0.015763888,14.185423
val,M,0.014347223,11.6922455
val,M,0.013083333,9.953745
val,M,0.014847222,11.287425
val,M,0.015694445,13.953491
val,M,0.012,12.897392
val,M,0.008444444,12.514031
val,M,0.010430556,14.401228
val,M,0.010847222,10.346609
val,M,0.011444445,8.6933
val,M,0.011944445,4.2136173
val,M,0.011375,1.3122742
val,M,0.010819444,6.779966
val,M,0.010861111,6.3125186
val,M,0.011944445,4.3055935
val,M,0.013361111,8.023794
val,M,0.014277778,9.356808
val,M,0.012,7.190315
val,M,0.012097222,7.320561
val,M,0.014375,9.78908
val,M,0.015194444,11.536833
val,M,0.014819444,11.015421
val,M,0.011763889,5.2545567
val,M,0.010458333,3.3486733
val,M,0.011013889,6.0149183
val,M,0.010805556,10.264972
val,M,0.012847222,9.824484
val,M,0.011791667,3.2253125
val,M,0.009652778,2.0212486
val,M,0.011763889,6.789108
val,M,0.0119027775,9.795084
val,M,0.009013888,5.6661034
val,M,0.010208333,3.2431173
val,M,0.012305556,3.6578207
val,M,0.012152778,3.4900753
val,M,0.012027778,2.9835613
val,M,0.011430556,2.6594462
val,M,0.012,2.9341445
val,M,0.012402778,4.64455
val,M,0.011555555,7.725258
val,M,0.010458333,11.385699
val,M,0.010263889,10.691341
val,M,0.013666667,10.658316
val,M,0.013861111,11.969468
val,M,0.0137083335,4.9244947
val,M,0.012527778,0.5225711
val,M,0.011180555,1.053312
val,M,0.010069445,1.7307637
val,M,0.0077222222,4.9047437
val,M,0.009458333,9.064463
val,M,0.012569444,9.9023
val,M,0.0113194445,7.376264
val,M,0.009652778,5.3154254
val,M,0.014972222,6.143114
val,M,0.016069444,4.207615
val,M,0.011125,1.7283106
val,M,0.008833333,0.6115183
val,M,0.009861111,0.63127255
val,M,0.011347222,2.077734
val,M,0.015583334,4.228338
val,M,0.028458333,2.5735404
val,M,0.11677778,1.7483728
val,M,0.101902775,2.7524636
val,M,0.010194444,2.3938422
val,M,0.011625,4.884523
val,M,0.011541666,7.390713
val,M,0.012305556,5.2625794
val,M,0.009861111,6.133738
val,M,0.0076666665,7.7991805
val,M,0.011597223,9.282414
val,M,0.012194444,14.330315
val,M,0.008847223,12.520004
val,M,0.008652777,7.6131
val,M,0.0105,9.128281
val,M,0.016069444,11.720753
val,M,0.015986111,12.961847
val,M,0.016930556,13.319628
val,M,0.016347222,13.327278
val,M,0.015902778,15.08499
val,M,0.0165,14.837815
val,M,0.0105,12.064251
val,M,0.008277778,6.561861
val,M,0.008111111,2.7591906
val,M,0.011194444,2.2701335
val,M,0.016652778,1.6470349
val,M,0.015180555,1.906473
val,M,0.010930556,1.5275607
val,M,0.009777778,2.8878922
val,M,0.009847222,5.2868056
val,M,0.012569444,5.9409347
val,M,0.013805555,5.58021
val,M,0.013916667,4.940396
val,M,0.013444444,4.3601675
val,M,0.0119027775,4.801065
val,M,0.011055555,5.1924477
val,M,0.014416667,5.022097
val,M,0.013027778,5.063255
val,M,0.009611111,4.3287587
val,M,0.010708333,1.6599787
val,M,0.008930556,0.30850536
val,M,0.011625,1.2077411
val,M,0.014541667,3.1795628
val,M,0.012166667,4.816447
val,M,0.010972222,6.43935
val,M,0.013402778,7.711121
val,M,0.012722222,7.4928412
val,M,0.009930556,8.314421
val,M,0.010819444,8.474478
val,M,0.011597223,5.941013
val,M,0.011736111,5.0231943
val,M,0.011166667,4.527057
val,M,0.008986111,4.389191
val,M,0.034319445,4.0070915
val,M,0.041444443,3.0022225
val,M,0.051152777,5.77395
val,M,0.33938888,6.897905
val,M,1.2380694,2.941766
val,M,2.6830833,0.90793043
val,M,4.276,2.2123148
val,M,5.8887916,5.2247663
val,M,6.90075,4.1227775
val,M,6.9468193,2.9900677
val,M,6.3334584,4.1020947
val,M,5.4825,4.3528595
val,M,4.6190834,3.9357903
val,M,3.8669305,4.3472366
val,M,3.6826806,5.3744254
val,M,3.7598472,7.767922
val,M,4.1911387,12.407296
val,M,5.2915277,13.225629
val,M,6.500736,8.958017
val,M,7.1683474,3.417376
val,M,7.7435417,5.0255046
val,M,8.749111,5.6570287
val,M,9.907598,7.2699294
val,M,11.1135,11.215616
val,M,12.227375,10.540575
val,M,12.781292,10.224434
val,M,12.461917,11.591495
val,M,11.3694725,10.188538
val,M,9.810597,9.789497
val,M,8.352,9.698299
val,M,7.209111,9.022062
val,M,6.4177084,8.34319
val,M,6.3333054,13.378361
val,M,7.0693192,15.909305
val,M,8.416278,10.305111
val,M,10.079458,7.073334
val,M,11.694375,7.8517165
val,M,12.869236,8.46611
val,M,13.418959,11.547846
val,M,13.586416,13.709526
val,M,13.659166,13.29793
val,M,13.721791,11.604355
val,M,13.788986,15.92639
val,M,13.854792,16.441269
val,M,13.934986,12.025379
val,M,14.020889,12.4519615
val,M,14.114458,12.474363
val,M,14.190792,16.234997
val,M,14.213889,12.710606
val,M,14.228958,8.574194
val,M,14.219778,12.657589
val,M,14.233986,15.634008
val,M,14.358514,11.705107
val,M,14.5425,9.745724
val,M,14.745028,11.320529
val,M,14.92543,11.441332
val,M,14.854917,11.529687
val,M,14.286166,11.472618
val,M,13.2225,11.554899
val,M,12.189458,15.1387415
val,M,11.576653,15.426631
val,M,11.397125,10.842186
val,M,11.424736,6.6799426
val,M,11.265361,5.0367885
val,M,10.750861,4.457319
val,M,9.854709,2.962203
val,M,8.883555,4.3279147
val,M,8.376416,4.890551
val,M,8.366528,3.0853298
val,M,8.122084,3.0763583
val,M,7.109125,2.679604
val,M,5.7390556,2.132562
val,M,4.4643054,2.0926673
val,M,3.249,2.36172
val,M,2.3164723,2.8211198
val,M,1.5674722,3.4904628
val,M,1.0972639,4.0060024
val,M,1.8867639,4.311751
val,M,3.4847777,4.5410624
val,M,5.0348196,4.645392
val,M,6.2852917,4.8497157
val,M,6.9285555,4.9648395
val,M,7.2728195,5.0196085
val,M,7.771514,5.0844135
val,M,8.525945,5.173365
val,M,9.14575,5.2555203
val,M,9.4215,5.2939577
val,M,9.640805,5.5217333
val,M,9.869597,5.621083
val,M,9.735791,5.6077065
val,M,8.825097,5.764172
val,M,7.507125,5.817538
val,M,6.2291527,5.724584
val,M,5.3299723,5.6879954
val,M,4.1760974,6.1178136
val,M,4.2265415,7.179629
val,M,5.992597,7.8881955
val,M,7.3816667,6.5449605
val,M,8.3565,3.787503
val,M,8.886681,0.75414175
val,M,9.022653,0.33302414
val,M,9.059569,1.727998
val,M,9.148848,4.4144664
val,M,9.277805,6.9764476
val,M,9.382417,10.49658
val,M,9.443833,11.342593
val,M,9.512736,10.442776
val,M,9.582209,13.913427
val,M,9.695431,15.407879
val,M,9.943264,14.890337
val,M,10.35782,13.499554
val,M,10.674222,11.591033
val,M,10.664903,11.807061
val,M,10.471861,10.4074335
val,M,10.262042,9.507765
val,M,10.115152,10.5946865
val,M,9.924528,12.681257
val,M,9.565403,13.152666
val,M,8.779778,12.318123
val,M,7.570653,10.688877
val,M,6.304403,13.06798
val,M,5.531194,12.484997
val,M,5.660875,12.127691
val,M,6.279667,15.225637
val,M,6.7908335,14.155994
val,M,6.8274307,14.020664
val,M,6.704639,14.142258
val,M,7.079528,12.623938
val,M,7.8009167,12.820697
val,M,8.216125,13.154385
val,M,8.243611,11.89131
val,M,7.9966946,10.486492
val,M,7.505139,10.71791
val,M,7.072889,12.9945545
val,M,7.2013474,13.3537035
val,M,7.7142224,15.081236
val,M,7.86625,12.987017
val,M,7.7820554,10.727694
val,M,7.8610554,12.063746
val,M,8.020319,11.9250145
val,M,8.184611,11.353959
val,M,8.356569,12.468056
val,M,8.408125,12.278662
val,M,8.404625,9.0878525
val,M,8.316916,6.7227006
val,M,8.48818,7.286533
val,M,9.0969305,7.4987097
val,M,9.79668,9.101957
val,M,10.565375,10.360529
val,M,11.100528,10.535246
val,M,11.051583,8.232191
val,M,10.635639,9.725475
val,M,10.172305,8.862566
val,M,9.822945,6.0390363
val,M,9.848014,9.74038
val,M,10.163917,14.524002
val,M,10.53982,16.785185
val,M,10.790833,13.373936
val,M,10.740278,11.749994
val,M,10.49643,12.045233
val,M,10.096014,11.463507
val,M,9.249153,11.022137
val,M,8.273431,11.486457
val,M,8.033264,16.457916
val,M,8.435431,17.406443
val,M,8.954597,15.050423
val,M,9.389444,12.889623
val,M,9.63332,12.2983265
val,M,9.466778,12.400373
val,M,8.607611,11.5689745
val,M,7.7093472,12.227972
val,M,7.655028,13.079424
val,M,8.247486,11.267818
val,M,8.90275,10.355644
val,M,9.333667,10.988138
val,M,9.294042,8.577826
val,M,8.741333,7.840983
val,M,7.949861,8.403122
val,M,7.2665,7.0899587
val,M,7.221236,5.533448
val,M,8.022737,6.248636
val,M,9.129514,6.517737
val,M,9.868347,5.7628226
val,M,9.969194,4.3629336
val,M,9.30425,3.6783528
val,M,8.108111,3.8211784
val,M,7.1642222,3.9036953
val,M,6.7119308,3.9516897
val,M,6.283931,3.9795897
val,M,5.731403,4.1664824
val,M,4.820542,4.286004
val,M,3.784486,4.4692125
val,M,3.4703333,4.727936
val,M,4.2327085,4.9454684
val,M,5.763417,5.2082095
val,M,7.5448613,5.226478
val,M,9.12307,5.250981
val,M,10.07525,5.442003
val,M,10.29675,5.074055
val,M,10.12725,4.4904203
val,M,9.946736,2.9464552
val,M,9.760555,3.0199988
val,M,9.545834,4.7261977
val,M,9.3347225,4.126922
val,M,9.298195,6.1231446
val,M,9.474042,8.222147
val,M,9.716917,7.604276
val,M,9.986709,8.650824
val,M,10.162194,10.667017
val,M,10.1265,10.007107
val,M,10.041056,10.781061
val,M,9.781347,10.946663
val,M,8.834431,11.284756
val,M,7.8528333,12.434853
val,M,7.756292,10.961241
val,M,8.381042,10.907525
val,M,9.083208,15.138708
val,M,9.115042,14.912821
val,M,8.616777,13.119152
val,M,8.323722,12.994349
val,M,8.490069,14.017208
val,M,9.246098,13.988495
val,M,10.42743,14.314655
val,M,11.428375,15.660793
val,M,12.008041,14.433146
val,M,12.30418,11.634533
val,M,12.273375,11.3463
val,M,12.080791,9.339773
val,M,12.209042,8.58777
val,M,12.508972,13.117981
val,M,12.493875,17.92247
val,M,12.259,15.969843
val,M,12.051347,12.72664
val,M,11.872347,13.593298
val,M,11.88882,11.415485
val,M,12.066139,13.968302
val,M,12.249986,14.212439
val,M,12.481375,15.042631
val,M,12.668472,15.426015
val,M,12.297681,13.747047
val,M,11.558611,9.43025
val,M,11.401958,9.320658
val,M,11.904375,12.292446
val,M,12.514319,9.712194
val,M,12.892625,5.22483
val,M,13.048125,8.066896
val,M,13.075319,8.705848
val,M,13.014153,7.6110477
val,M,12.869348,10.133839
val,M,12.698542,12.477934
val,M,12.552237,13.033747
val,M,12.414153,14.516958
val,M,12.330319,11.998782
val,M,12.261084,6.606519
val,M,12.133764,5.1917253
val,M,12.104042,6.5771646
val,M,12.024764,8.929501
val,M,11.86782,7.2904005
val,M,11.779445,7.862497
val,M,11.69143,5.7109118
val,M,11.666597,2.918693
val,M,11.755555,1.9022313
val,M,11.935778,1.5649769
val,M,12.172667,6.5391192
val,M,12.462681,12.11639
val,M,12.916153,19.314104
val,M,13.455791,16.269852
val,M,13.747014,8.583864
val,M,13.861042,9.468231
val,M,13.972083,10.455927
val,M,14.044625,10.450033
val,M,14.05125,11.275794
val,M,14.071736,12.392752
val,M,14.170111,11.355813
val,M,14.299111,11.504711
val,M,14.353444,12.487173
val,M,14.337958,10.591313
val,M,14.317889,9.8234215
val,M,14.135292,11.621713
val,M,13.570625,11.659134
val,M,12.920417,12.001835
val,M,12.646264,10.741007
val,M,12.731417,9.250329
val,M,12.825958,14.892591
val,M,12.697166,13.442691
val,M,12.296291,10.292539
val,M,11.487722,10.097972
val,M,10.335139,11.235941
val,M,9.008764,14.037423
val,M,7.6361804,15.893837
val,M,6.178361,15.332532
val,M,4.641972,12.905147
val,M,3.0624166,13.754503
val,M,1.7090417,11.105129
val,M,0.93780553,8.822099
val,M,0.40495834,10.157145
val,M,0.06575,12.31366
val,M,0.016777778,10.911053
val,M,0.014486111,10.819643
val,M,0.015513889,9.632305
val,M,0.3214028,6.981088
val,M,1.8005,7.114144
val,M,4.5201526,4.8444443
val,M,7.5354443,2.1075063
val,M,10.373097,1.5285399
val,M,12.482986,1.7941669
val,M,13.202278,2.2102525
val,M,13.043167,2.1126103
val,M,12.658042,2.8389118
val,M,12.1545,7.897276
val,M,11.826736,8.170818
val,M,11.777555,7.949343
val,M,11.882153,9.95219
val,M,12.062528,10.19334
val,M,12.264139,17.117046
val,M,12.487611,18.008923
val,M,12.696208,11.377359
val,M,12.582431,10.4452
val,M,12.019514,10.483295
val,M,11.291083,11.360647
val,M,10.517555,12.117526
val,M,9.892597,14.837047
val,M,9.553264,16.873438
val,M,8.988931,14.0558
val,M,7.8755555,13.731533
val,M,6.5272083,10.504166
val,M,5.3364167,8.452795
val,M,4.7618055,8.021625
val,M,4.6883054,7.57657
val,M,4.6473613,7.911906
val,M,4.5757637,11.849262
val,M,4.2579026,12.773287
val,M,3.405639,10.985629
val,M,2.777639,14.07357
val,M,2.8284721,14.96231
val,M,3.3189027,15.130185
val,M,4.2821946,14.103387
val,M,5.420361,15.558855
val,M,6.5190835,15.859875
val,M,7.2562084,13.576227
val,M,7.832625,13.923233
val,M,8.594264,16.574162
val,M,9.100194,13.290683
val,M,9.275639,11.654593
val,M,9.43325,14.192542
val,M,9.6617365,12.475534
val,M,9.859792,11.475552
val,M,10.11175,10.60025
val,M,10.493931,11.079333
val,M,10.825486,13.454723
val,M,10.805361,14.548738
val,M,10.464319,12.523168
val,M,10.007709,13.261099
val,M,9.55825,14.652452
val,M,9.292514,14.580607
val,M,9.380806,12.855787
val,M,9.731236,14.028839
val,M,10.001014,17.544037
val,M,10.012305,12.9284935
val,M,9.815028,9.5687065
val,M,9.632903,11.13106
val,M,9.487278,13.532385
val,M,9.3504305,13.078865
val,M,9.200791,13.882649
val,M,8.98782,13.857624
val,M,8.666306,13.975796
val,M,8.284695,14.019052
val,M,7.901014,11.415075
val,M,7.534639,10.90406
val,M,7.138764,10.386226
val,M,6.518847,10.412213
val,M,5.6324863,11.375298
val,M,4.595389,10.618696
val,M,3.5172918,7.347002
val,M,2.5802083,5.4901414
val,M,1.7834584,7.187487
val,M,0.8011389,6.632713
val,M,0.115430556,5.204101
val,M,0.013472222,5.8022165
val,M,0.013375,5.12842
val,M,0.041125,2.4038248
val,M,0.22708334,2.0780544
val,M,0.53184724,3.3837426
val,M,0.7586389,3.0639067
val,M,0.8238056,1.6730762
val,M,0.8702639,0.4689548
val,M,0.85084724,0.40574908
val,M,0.50363886,0.9639235
val,M,0.12568055,1.1623573
val,M,0.041055556,3.4193788
val,M,0.216,10.581854
val,M,0.7919722,12.47878
val,M,1.9872084,9.359503
val,M,3.5033195,7.2194734
val,M,5.273958,11.90855
val,M,6.8814445,12.131863
val,M,7.467583,8.363056
val,M,7.385514,7.2483716
val,M,7.1916943,4.4817796
val,M,6.9366665,3.208671
val,M,6.6778193,1.947572
val,M,6.3369308,0.9669604
val,M,5.485597,1.0984504
val,M,4.2019444,3.19962
val,M,2.9080138,5.0059676
val,M,1.6403055,4.584354
val,M,0.57994443,4.139805
val,M,0.11044444,3.56171
val,M,0.054555554,3.1809368
val,M,0.030111112,3.3364158
val,M,0.25809723,3.6920652
val,M,1.6318195,3.9329937
val,M,3.5589027,4.2176156
val,M,5.131986,4.742703
val,M,6.6303334,5.08059
val,M,7.5471945,5.171312
val,M,7.808611,5.320194
val,M,8.320306,5.4320965
val,M,9.140917,5.6243653
val,M,9.080625,6.0046754
val,M,8.283334,6.1700935
val,M,7.6147776,5.5498157
val,M,7.2247224,2.4943416
val,M,7.0223193,0.31278163
val,M,6.5891805,1.1976779
val,M,6.703722,2.3744755
val,M,7.4295,7.163181
val,M,8.02618,7.9143653
val,M,8.445541,10.481953
val,M,8.589167,14.3546715
val,M,8.757611,13.011683
val,M,8.953153,10.359699
val,M,8.905945,9.519
val,M,8.766861,10.443441
val,M,8.550597,13.078798
val,M,8.133792,19.199059
val,M,7.390847,16.554125
val,M,6.268639,10.576479
val,M,5.042153,14.549709
val,M,3.5916667,13.975805
val,M,1.9415555,11.849453
val,M,0.60475,12.458152
val,M,0.047916666,15.124244
val,M,0.013847223,15.565195
val,M,0.029986111,12.768398
val,M,0.21495834,10.347893
val,M,0.82505554,12.671234
val,M,2.2783473,12.530771
val,M,4.1325974,10.560019
val,M,5.773153,13.842079
val,M,7.4520555,13.974232
val,M,8.59543,9.9893055
val,M,8.876041,9.454011
val,M,8.431361,6.7442803
val,M,7.1408057,4.894439
val,M,5.5266943,6.214822
val,M,4.4351807,6.8306775
val,M,3.924236,9.231615
val,M,2.9564166,11.712507
val,M,1.7966111,11.102219
val,M,2.294889,8.216116
val,M,4.2833195,5.376329
val,M,6.4957085,4.577851
val,M,8.655181,10.022903
val,M,9.854222,12.539502
val,M,10.045639,7.0806813
val,M,9.813778,1.9554669
val,M,9.0575695,2.093121
val,M,8.111264,1.47331
val,M,7.5919585,0.97537
val,M,7.6825557,0.7793837
val,M,8.188723,0.4490071
val,M,8.770958,0.45407134
val,M,9.144237,0.16000435
val,M,9.315431,0.27840108
val,M,9.366777,0.57682127
val,M,9.487181,0.6793479
val,M,9.593041,4.5250716
val,M,9.677931,9.06934
val,M,10.054472,6.221602
val,M,10.02257,2.1225932
val,M,9.650903,0.8594417
val,M,9.520625,0.62501305
val,M,9.280694,3.1753445
val,M,8.918041,6.7999682
val,M,8.499111,6.6977096
val,M,8.13907,5.8012733
val,M,7.8474307,8.49913
val,M,7.3212223,8.539412
val,M,7.034042,8.808672
val,M,7.849653,11.936096
val,M,9.115723,14.497456
val,M,9.860833,13.28493
val,M,10.24993,12.602291
val,M,10.573527,15.0912895
val,M,10.550834,14.175816
val,M,10.592305,11.371613
val,M,10.898861,10.449855
val,M,11.0610695,14.067715
val,M,11.1657915,17.156597
val,M,11.291236,12.520652
val,M,11.414181,8.500141
val,M,11.474527,11.09342
val,M,11.494792,12.324983
val,M,11.4274025,11.514177
val,M,10.629708,10.368619
val,M,9.063444,9.390685
val,M,7.872625,8.997845
val,M,7.668667,7.9930596
val,M,8.156292,7.4484196
val,M,8.864472,5.5516543
val,M,9.231569,3.9231784
val,M,9.276694,4.0590687
val,M,9.332848,3.9408417
val,M,9.469417,3.6326072
val,M,9.700694,3.8122857
val,M,9.737486,3.9581995
val,M,9.2334585,4.132139
val,M,7.9844165,4.318681
val,M,6.54175,5.618774
val,M,5.8619447,5.626087
val,M,6.167611,5.6495504
val,M,7.021389,7.515677
val,M,7.9920416,7.7041655
val,M,8.490681,8.491198
val,M,7.9784026,11.422451
val,M,6.7734027,11.901968
val,M,5.6160417,10.29001
val,M,5.062389,10.977671
val,M,5.093264,11.268368
val,M,5.344097,14.496115
val,M,5.0832915,14.043564
val,M,4.2896943,9.612703
val,M,3.3862362,10.530845
val,M,2.640889,9.404656
val,M,1.6980833,8.52027
val,M,0.51027775,7.123552
val,M,0.113916665,6.754685
val,M,0.484375,8.461155
val,M,1.0329167,6.6932893
val,M,1.1214583,4.2897224
val,M,0.9480139,5.806369
val,M,1.0282639,8.240362
val,M,0.89695835,3.9321575
val,M,0.48481944,0.59142435
val,M,0.38825,0.7222169
val,M,1.0220555,6.056792
val,M,2.3593612,11.910125
val,M,3.9508333,9.1490345
val,M,5.405097,6.5059257
val,M,6.1418195,9.050864
val,M,5.927514,8.889546
val,M,4.7830973,7.2540803
val,M,3.1042082,7.4497437
val,M,2.6360278,11.243489
val,M,3.73975,14.203072
val,M,5.338125,10.372362
val,M,6.72675,9.630168
val,M,7.350111,11.420044
val,M,7.2455,11.529492
val,M,6.8116946,10.581465
val,M,6.6837363,8.624606
val,M,7.515861,8.870366
val,M,8.770111,8.54981
val,M,9.546278,8.141675
val,M,9.787264,9.359798
val,M,9.627402,8.848369
val,M,9.323514,10.570122
val,M,9.024611,10.934881
val,M,8.68907,12.546246
val,M,8.231653,12.010075
val,M,7.714028,9.214937
val,M,7.190597,10.067346
val,M,6.2901807,6.852906
val,M,5.1363053,4.567819
val,M,4.7109723,4.0737715
val,M,5.3870974,5.7642903
val,M,6.664764,8.202001
val,M,7.9928193,10.644821
val,M,9.137527,10.883078
val,M,9.940917,10.027281
val,M,10.317153,9.08366
val,M,10.409695,9.742365
val,M,10.393653,11.758793
val,M,10.403055,12.147257
val,M,10.358778,10.670868
val,M,10.216917,7.2311487
val,M,9.634181,5.2816987
val,M,8.500195,7.1423
val,M,7.536014,7.6434445
val,M,7.456208,7.8214107
val,M,8.261333,9.663168
val,M,9.206737,8.217602
val,M,9.582431,7.492359
val,M,9.4713335,8.779139
val,M,9.193916,8.341187
val,M,8.93207,8.708122
val,M,8.674264,11.297264
val,M,8.287236,16.488033
val,M,8.505153,13.904834
val,M,9.508695,11.366299
val,M,10.136541,15.819531
val,M,10.0541115,15.591459
val,M,9.76525,13.3588915
val,M,9.435139,9.734676
val,M,8.996737,8.096251
val,M,8.216319,9.582156
val,M,7.027972,9.814331
val,M,5.6439443,9.763483
val,M,4.300597,11.490438
val,M,3.7277915,13.18152
val,M,4.424875,10.953854
val,M,5.8039026,3.7761745
val,M,7.206861,0.30784565
val,M,8.345195,1.2458235
val,M,8.944861,1.0531236
val,M,9.124792,0.18022624
val,M,9.133306,1.7345403
val,M,8.833625,2.153586
val,M,8.2010975,0.24919352
val,M,7.8537083,0.6599021
val,M,8.204445,3.5284982
val,M,8.506028,5.695665
val,M,8.500847,7.7715
val,M,8.415208,8.766487
val,M,8.306,9.65671
val,M,8.154847,7.9265647
val,M,7.956986,6.3665733
val,M,7.845736,8.116774
val,M,7.912778,8.962026
val,M,8.576125,8.270902
val,M,9.217153,14.581185
val,M,9.729875,15.629216
val,M,10.286111,12.895104
val,M,10.124972,15.026437
val,M,9.296,12.019653
val,M,8.221097,12.384692
val,M,7.5154305,12.14113
val,M,7.6673474,10.655674
val,M,8.587042,10.709166
val,M,9.326083,9.095861
val,M,9.371639,9.277938
val,M,9.219542,4.5562963
val,M,9.004986,6.313109
val,M,8.756236,9.797471
val,M,8.538931,9.82305
val,M,8.21168,9.494437
val,M,7.439125,12.70967
val,M,6.104111,13.70541
val,M,4.369236,9.353583
val,M,2.434111,10.239977
val,M,1.2661945,9.145692
val,M,1.686375,7.6734796
val,M,3.0836945,8.9432335
val,M,4.5548887,9.1144705
val,M,6.006528,8.674946
val,M,7.345083,8.089998
val,M,8.212277,9.557222
val,M,8.602986,11.114662
val,M,8.73943,8.357844
val,M,8.721389,5.840368
val,M,8.495708,8.652351
val,M,7.962111,10.407286
val,M,6.8291388,9.314831
val,M,5.045236,9.511202
val,M,2.9516807,7.041312
val,M,1.049625,3.4624434
val,M,0.11844444,0.24159493
val,M,0.0109583335,0.26535225
val,M,0.010291667,1.544637
val,M,0.011222222,4.3487535
val,M,0.013416667,4.8083105
val,M,0.029027779,6.984919
val,M,0.0365,8.754728
val,M,0.0195,8.546392
val,M,0.031055555,6.322405
val,M,0.582,3.9457955
val,M,1.9629444,6.368261
val,M,3.6456528,4.130051
val,M,5.4426947,0.15372038
val,M,7.2126527,0.21397866
val,M,8.632431,0.7031153
val,M,9.769819,1.0246384
val,M,10.5055,1.093751
val,M,10.814959,5.471456
val,M,10.926056,7.2773976
val,M,10.824653,5.5364795
val,M,10.628764,9.975248
val,M,10.422222,10.061451
val,M,10.162514,8.003763
val,M,10.068806,8.027775
val,M,9.948,7.4118752
val,M,9.976042,6.36073
val,M,10.215847,5.844594
val,M,10.299139,8.426039
val,M,10.377222,8.17168
val,M,10.46218,7.6093793
val,M,10.528694,9.393891
val,M,10.571764,10.448082
val,M,10.527,9.027552
val,M,10.251375,5.9729404
val,M,9.486625,6.0940843
val,M,8.313292,5.1541457
val,M,7.052375,5.5847898
val,M,5.706903,5.5423384
val,M,4.2505417,6.6565957
val,M,2.7518473,8.02592
val,M,1.4342917,8.219062
val,M,0.46320835,8.466578
val,M,0.036944445,9.088199
val,M,0.015833333,10.168944
val,M,0.01525,9.237629
val,M,0.013944444,10.228398
val,M,0.013680556,10.594435
val,M,0.01775,9.1152
val,M,0.017652778,7.507381
val,M,0.016180556,5.1691446
val,M,0.017166667,1.6941221
val,M,0.037875,0.572987
val,M,0.069569446,0.56566584
val,M,0.07429167,2.3072796
val,M,0.04170833,4.553062
val,M,0.015097222,6.2582765
val,M,0.015555556,4.4015594
val,M,0.01575,5.4356046
val,M,0.024888888,11.923786
val,M,0.027097221,7.851375
val,M,0.017416667,1.844311
val,M,0.015208334,2.5502815
val,M,0.013847223,2.80403
val,M,0.014111111,2.671564
val,M,0.017527778,6.7509913
val,M,0.2820139,12.912909
val,M,1.6329445,13.88956
val,M,3.6394305,10.97423
val,M,5.116125,11.606972
val,M,5.825611,10.914942
val,M,6.4090834,11.121766
val,M,7.385264,12.888851
val,M,8.497125,11.488741
val,M,9.598333,11.462828
val,M,10.691819,14.592968
val,M,11.774278,13.316746
val,M,12.678972,11.050562
val,M,13.292889,9.652645
val,M,13.581597,9.031046
val,M,13.394514,9.479555
val,M,12.950389,10.1223755
val,M,12.699083,9.064819
val,M,12.161333,9.607991
val,M,11.192833,8.92704
val,M,9.766833,5.004708
val,M,8.060667,3.0121422
val,M,6.852792,3.4878025
val,M,6.584,2.52962
val,M,7.2369585,6.4979224
val,M,8.182028,6.8721538
val,M,9.185972,3.4923882
val,M,10.217931,4.0372066
val,M,11.342305,6.339867
val,M,12.492833,5.239454
val,M,13.416695,5.4415097
val,M,14.349639,10.624253
val,M,15.177125,12.090526
val,M,15.662084,13.779007
val,M,15.728389,16.043907
val,M,15.465222,15.974756
val,M,15.146528,18.731197
val,M,14.88275,18.802975
val,M,14.677889,15.7802925
val,M,14.416862,15.144675
val,M,14.152416,14.004696
val,M,13.906055,10.296258
val,M,13.663472,10.2172365
val,M,13.428264,12.141288
val,M,13.265625,16.124416
val,M,13.253722,13.732168
val,M,13.361555,7.827537
val,M,13.478361,9.206362
val,M,13.43268,9.3404255
val,M,12.824458,8.024926
val,M,11.697972,8.483017
val,M,10.619348,7.805446
val,M,9.795111,8.496189
val,M,9.061694,11.508469
val,M,8.429292,12.397493
val,M,8.188541,12.286224
val,M,8.323083,12.547177
val,M,8.586625,8.894824
val,M,8.88568,8.078696
val,M,9.171291,7.1949525
val,M,9.283417,7.1924996
val,M,9.0523615,9.511467
val,M,8.797292,9.870169
val,M,8.8104725,8.0442095
val,M,8.945236,8.380372
val,M,9.13718,12.4
val,M,9.380222,13.060258
val,M,9.699417,9.580015
val,M,10.246125,8.6957035
val,M,11.061319,7.729784
val,M,11.954473,9.795423
val,M,12.822403,10.880293
val,M,13.638223,9.033758
val,M,14.368986,9.701419
val,M,14.919903,9.721236
val,M,15.245903,8.377886
val,M,15.455042,9.019756
val,M,15.6465,10.394367
val,M,15.718862,9.126896
val,M,15.636264,8.915311
val,M,15.477597,9.915106
val,M,15.228541,8.658041
val,M,14.923583,7.695393
val,M,14.611597,7.784798
val,M,14.427764,6.397732
val,M,14.396597,6.71122
val,M,14.42275,8.215687
val,M,14.551598,8.092513
val,M,14.724639,8.735721
val,M,14.803972,8.864922
val,M,14.811097,8.179413
val,M,14.774222,8.059336
val,M,14.659958,9.714214
val,M,14.509,8.862177
val,M,14.3278475,7.8347764
val,M,14.044194,8.375977
val,M,13.705097,7.5066113
val,M,13.37175,7.156815
val,M,13.048014,10.130049
val,M,12.844722,10.9123745
val,M,12.764653,12.672426
val,M,12.739597,13.027496
val,M,12.798069,8.761954
val,M,12.964056,6.0384316
val,M,13.228139,4.3384037
val,M,13.528944,2.8987272
val,M,13.778708,4.458291
val,M,13.90807,4.061196
val,M,13.9829445,1.137711
val,M,14.043263,0.37112498
val,M,14.074375,0.4044757
val,M,14.145056,4.2570443
val,M,14.256264,10.877265
val,M,14.375944,13.970331
val,M,14.366806,13.506784
val,M,14.149458,12.846346
val,M,13.868834,16.864204
val,M,13.604847,14.383692
val,M,13.373458,12.1269045
val,M,13.278125,11.841026
val,M,13.363791,10.59198
val,M,13.507722,12.542811
val,M,13.629403,12.306253
val,M,13.735,14.3435545
val,M,13.811708,15.593744
val,M,13.780222,12.755119
val,M,13.6438055,11.387023
val,M,13.390625,15.557472
val,M,12.316861,15.12259
val,M,9.564639,13.993065
val,M,5.391153,20.317877
val,M,1.7259861,17.91949
val,M,0.19926389,13.976939
val,M,0.014055556,15.024383
val,M,0.011527778,12.898018
val,M,0.0122638885,13.572387
val,M,0.015458333,17.026497
val,M,0.015722223,16.167343
val,M,0.016180556,16.137863
val,M,0.019111112,16.545275
val,M,0.023847222,11.498274
val,M,0.021708334,12.098646
val,M,0.01761111,12.873387
val,M,0.01725,10.95752
val,M,0.016708333,12.92444
val,M,0.01838889,12.225199
val,M,0.019291667,13.546545
val,M,0.017708333,15.591413
val,M,0.015361111,14.881333
val,M,0.012819445,16.223627
val,M,0.013069444,14.187033
val,M,0.015458333,16.003082
val,M,0.013916667,12.334474
val,M,0.012902778,9.608133
val,M,0.012,13.629063
val,M,0.011208333,15.354494
val,M,0.012486111,16.004023
val,M,0.012888889,13.0681095
val,M,0.014958333,9.815723
val,M,0.014652777,15.702901
val,M,0.015138889,16.860947
val,M,0.018555555,12.424344
val,M,0.016708333,11.830414
val,M,0.014972222,9.032813
val,M,0.015680555,9.696356
val,M,0.015125,11.585022
val,M,0.012041667,11.935776
val,M,0.012375,10.01634
val,M,0.014472222,9.304657
val,M,0.0136388885,9.417552
val,M,0.013736111,12.331201
val,M,0.013138889,13.563683
val,M,0.013791666,11.043009
val,M,0.012625,13.404797
val,M,0.011875,14.884838
val,M,0.011527778,13.582266
val,M,0.011125,14.021345
val,M,0.011166667,10.799776
val,M,0.013083333,10.691419
val,M,0.014819444,10.444328
val,M,0.0119027775,12.094092
val,M,0.010791667,13.228435
val,M,0.011166667,11.62678
val,M,0.009375,14.093728
val,M,0.007930555,11.955212
val,M,0.009430556,11.944966
val,M,0.010222223,13.05484
val,M,0.009708334,12.608021
val,M,0.01025,14.535486
val,M,0.011666667,11.945337
val,M,0.0115,7.874003
val,M,0.011541666,6.7969775
val,M,0.012083333,4.8522573
val,M,0.010097222,5.6529202
val,M,0.010111111,9.469508
val,M,0.011083334,12.776235
val,M,0.007486111,11.617252
val,M,0.008347223,8.288816
val,M,0.09109722,7.3094134
val,M,1.3062084,8.3076
val,M,3.6242917,9.244496
val,M,5.772139,12.128365
val,M,7.5389442,12.778732
val,M,8.467305,11.511982
val,M,8.583347,10.4402685
val,M,8.477805,11.697168
val,M,8.288764,12.812422
val,M,8.011806,12.660229
val,M,7.46175,11.537533
val,M,6.6844444,10.852501
val,M,5.8403473,10.045176
val,M,4.996222,11.262707
val,M,4.2117915,6.917219
val,M,3.4648333,5.1282682
val,M,2.7067084,7.7362833
val,M,1.91975,11.824165
val,M,1.1200973,13.20854
val,M,0.39754167,8.444037
val,M,0.04538889,7.4270782
val,M,0.018652778,7.5613894
val,M,0.019652778,5.3411193
val,M,0.020125,5.503034
val,M,0.020319445,8.371708
val,M,0.023444444,11.706456
val,M,0.024125,15.607095
val,M,0.018194444,18.82026
val,M,0.014694445,15.72208
val,M,0.063194446,11.366474
val,M,0.22631945,13.27953
val,M,0.48020834,12.856857
val,M,1.1596806,12.189033
val,M,2.605236,10.84326
val,M,4.1380277,10.093052
val,M,5.3241806,10.530905
val,M,6.320014,8.800019
val,M,7.101792,7.9508247
val,M,7.625403,9.110056
val,M,7.633236,9.211389
val,M,7.174389,6.8813577
val,M,6.4060693,6.190762
val,M,5.3251805,7.321897
val,M,3.9960418,6.6692066
val,M,2.3093889,6.103632
val,M,0.70330554,6.849005
val,M,0.037527777,6.1717377
val,M,0.016986111,5.6291933
val,M,0.0154444445,5.1815066
val,M,0.022833332,5.079194
val,M,0.14154166,5.2145658
val,M,0.5550417,5.2966666
val,M,1.3810278,5.210447
val,M,2.743625,5.220453
val,M,4.235306,5.3375726
val,M,5.4856944,5.454437
val,M,6.5052776,5.9329047
val,M,7.2620974,5.627323
val,M,7.9095554,6.129916
val,M,8.554611,9.4161005
val,M,9.258708,8.824367
val,M,9.819139,11.060764
val,M,10.0813055,12.284105
val,M,10.220445,11.670549
val,M,10.262208,11.199381
val,M,10.10525,9.442238
val,M,9.950708,9.725229
val,M,10.263264,10.738234
val,M,10.750264,9.656454
val,M,10.9765,11.54789
val,M,11.279417,14.787575
val,M,11.6796665,13.753342
val,M,11.803014,12.713199
val,M,11.502264,12.100362
val,M,10.717597,12.130468
val,M,9.489181,13.458785
val,M,8.228986,15.179611
val,M,7.1399584,12.74683
val,M,6.0875,10.895954
val,M,5.066597,14.016025
val,M,4.0616527,15.477855
val,M,3.02625,11.885681
val,M,1.9364166,9.553862
val,M,0.8219444,9.360021
val,M,0.14031945,12.127197
val,M,0.010833333,12.068115
val,M,0.01175,11.361868
val,M,0.0102361115,11.182204
val,M,0.009,9.103897
val,M,0.010083334,6.176405
val,M,0.010861111,5.867762
val,M,0.010055556,7.944226
val,M,0.012319445,7.8674045
val,M,0.015347222,6.7971816
val,M,0.01826389,2.2123547
val,M,0.019069444,0.5241176
val,M,0.015708333,0.9092819
val,M,0.013916667,3.4386268
val,M,0.013958333,7.1710477
val,M,0.013861111,8.1592245
val,M,0.016763888,7.857688
val,M,0.015763888,8.464022
val,M,0.0122638885,12.731953
val,M,0.011583333,10.773761
val,M,0.0116805555,5.793803
val,M,0.012208333,5.3969126
val,M,0.009611111,6.7820535
val,M,0.0101666665,4.946544
val,M,0.013763889,4.12919
val,M,0.014805555,1.1193674
val,M,0.05536111,1.3269844
val,M,0.93406945,4.7687416
val,M,3.0021667,7.176028
val,M,5.311264,9.787278
val,M,7.3330975,9.244688
val,M,8.844152,9.597862
val,M,10.024111,11.824279
val,M,11.267445,10.679665
val,M,12.520847,6.092042
val,M,13.6958885,5.0536675
val,M,14.797167,6.2742147
val,M,15.798625,5.9588976
val,M,16.702902,6.1572876
val,M,17.447916,4.525418
val,M,17.823708,1.0198097
val,M,17.944319,0.16779679
val,M,17.98804,0.7738496
val,M,17.964167,3.3028626
val,M,17.92614,2.9595065
val,M,17.868973,5.100797
val,M,17.77668,17.152218
val,M,17.717598,16.224907
val,M,17.67625,6.5330787
val,M,17.610264,6.192121
val,M,17.53925,8.352793
val,M,17.549583,8.737539
val,M,17.544556,7.1177554
val,M,17.420013,8.022445
val,M,17.30225,6.58524
val,M,17.236431,4.2197933
val,M,17.22025,7.614803
val,M,17.177639,13.744695
val,M,17.13693,13.566395
val,M,17.181347,9.734399
val,M,17.275223,8.620428
val,M,17.448875,9.691023
val,M,17.724792,10.515214
val,M,18.038237,8.95893
val,M,18.250944,7.4254737
val,M,18.34811,9.785734
val,M,18.427805,13.0436325
val,M,18.502417,10.297907
val,M,18.138319,7.190741
val,M,17.107681,8.187846
val,M,16.510014,10.356087
val,M,16.575445,9.78653
val,M,16.694708,8.598083
val,M,16.91932,9.879479
val,M,17.172167,9.255158
val,M,17.375208,8.841995
val,M,17.500555,10.062984
val,M,17.559542,9.912333
val,M,17.586042,8.375622
val,M,17.618708,7.412168
val,M,17.600416,13.731859
val,M,17.52775,17.199635
val,M,17.399069,12.276718
val,M,17.204264,6.3270106
val,M,17.06193,8.889665
val,M,16.954958,10.485675
val,M,16.85918,8.6925125
val,M,16.842833,7.0106764
val,M,16.875334,7.4860764
val,M,16.914042,8.668087
val,M,16.960194,9.390795
val,M,16.978416,7.9894013
val,M,16.858847,7.3231034
val,M,16.535765,11.431545
val,M,15.900917,19.831768
val,M,14.994597,21.401806
val,M,14.050709,12.843303
val,M,12.945194,8.640506
val,M,11.523027,8.9783325
val,M,9.917945,7.8849373
val,M,8.42343,7.7351675
val,M,7.595986,8.3778
val,M,7.582014,6.777286
val,M,7.9838333,6.1094747
val,M,8.513181,8.7019825
val,M,9.050542,13.477669
val,M,9.592042,14.692045
val,M,10.291458,10.6017065
val,M,11.13775,7.314174
val,M,11.786361,7.3966804
val,M,12.179167,9.315105
val,M,12.530444,8.602108
val,M,12.884889,7.9176154
val,M,13.0644865,8.455067
val,M,13.027945,11.572326
val,M,12.979013,11.719629
val,M,13.200778,10.011276
val,M,13.811402,10.555763
val,M,14.597347,9.267976
val,M,15.388445,8.421439
val,M,16.15854,8.217032
val,M,16.72661,8.515001
val,M,16.905653,8.287281
val,M,16.861292,6.570111
val,M,16.816042,8.424541
val,M,16.788305,9.277401
val,M,16.76343,8.275845
val,M,16.741417,6.853829
val,M,16.720833,6.826568
val,M,16.71082,9.659951
val,M,16.716862,10.573845
val,M,16.723375,9.558085
val,M,16.736889,10.577919
val,M,16.780903,11.074852
val,M,16.842861,9.981735
val,M,16.901848,10.107042
val,M,16.95718,10.396155
val,M,16.995667,9.669075
val,M,16.999958,11.118103
val,M,16.988987,12.274824
val,M,16.971111,11.665005
val,M,16.92875,12.430924
val,M,16.881153,12.999802
val,M,16.84521,10.68737
val,M,16.794043,10.456564
val,M,16.737444,10.872988
val,M,16.680721,11.380392
val,M,16.595736,7.7327857
val,M,16.511013,6.4277244
val,M,16.478806,9.713955
val,M,16.493042,10.476518
val,M,16.513792,7.2172847
val,M,16.522362,5.636063
val,M,16.530458,8.338598
val,M,16.56675,8.933311
val,M,16.591612,12.897449
val,M,16.59432,13.029591
val,M,16.600445,10.626501
val,M,16.59289,11.54898
val,M,16.573486,10.543671
val,M,16.541931,14.268372
val,M,16.536528,25.269094
val,M,16.54136,19.352758
val,M,16.570541,10.91501
val,M,16.580902,7.9760756
val,M,16.557722,8.142657
val,M,16.541513,9.8373375
val,M,16.540083,11.730231
val,M,16.566402,14.559167
val,M,16.566597,14.47379
val,M,16.5525,18.09756
val,M,16.546223,16.615108
val,M,16.526764,15.984674
val,M,16.505598,14.630795
val,M,16.4905,15.1649685
val,M,16.467653,14.991824
val,M,16.460236,13.482942
val,M,16.464582,13.928385
val,M,16.446598,14.60811
val,M,16.328793,13.407426
val,M,15.93943,12.362122
val,M,15.269514,10.887928
val,M,14.491667,10.096935
val,M,13.49325,10.830397
val,M,12.171125,13.10762
val,M,10.728736,13.352421
val,M,9.322403,8.242158
val,M,7.93,6.119043
val,M,6.2762637,9.984126
val,M,4.2605834,13.065716
val,M,2.313875,10.516767
val,M,0.80756944,9.501889
val,M,0.09686111,12.359201
val,M,0.016791666,14.180997
val,M,0.017958334,13.29039
val,M,0.014736111,12.8559265
val,M,0.013402778,14.650173
val,M,0.013930555,11.58626
val,M,0.018472223,9.701368
val,M,0.022444444,8.241238
val,M,0.022569444,9.286482
val,M,0.019444445,8.318647
val,M,0.016833333,8.317268
val,M,0.015569445,10.501958
val,M,0.012569444,9.905689
val,M,0.013125,10.828747
val,M,0.014138889,11.456688
val,M,0.012819445,13.6269045
val,M,0.012819445,13.53433
val,M,0.012722222,13.616438
val,M,0.013194445,19.808079
val,M,0.013666667,15.84875
val,M,0.013805555,12.169731
val,M,0.014847222,12.218359
val,M,0.014125,11.0632
val,M,0.020777779,12.478247
val,M,0.023319444,12.112358
val,M,0.015805556,12.833931
val,M,0.013041667,14.106449
val,M,0.014097222,13.593494
val,M,0.015652778,14.338386
val,M,0.013111111,13.687309
val,M,0.011472222,14.361406
val,M,0.011569444,18.619598
val,M,0.013861111,15.934475
val,M,0.01626389,13.567861
val,M,0.015416667,11.113278
val,M,0.015847223,10.424555
val,M,0.014680555,12.012077
val,M,0.017125,14.029377
val,M,0.023597222,15.898828
val,M,0.020166667,13.207161
val,M,0.014888889,14.583782
val,M,0.018305555,19.061543
val,M,0.017916666,14.875641
val,M,0.03375,10.738889
val,M,0.18644445,11.945742
val,M,1.1711944,11.467255
val,M,3.1200554,10.466466
val,M,4.798861,10.07766
val,M,6.1864166,16.68592
val,M,7.66575,16.097914
val,M,8.828611,7.8481975
val,M,9.724931,7.339101
val,M,10.542139,13.138512
val,M,11.391417,14.965874
val,M,12.293653,12.274701
val,M,13.245319,10.50302
val,M,13.952403,17.427727
val,M,14.259903,17.011852
val,M,14.3006115,13.063813
val,M,14.293389,15.956245
val,M,14.402722,14.195108
val,M,14.544945,9.3799305
val,M,14.679625,15.748905
val,M,14.7765,20.596928
val,M,14.832027,16.033817
val,M,14.901097,11.78846
val,M,14.976848,13.071866
val,M,14.93375,11.840214
val,M,14.738778,8.835114
val,M,14.506264,9.776774
val,M,14.2907915,13.655457
val,M,14.057125,14.732658
val,M,13.811833,13.348378
val,M,13.624666,13.893297
val,M,13.501653,13.854195
val,M,13.392347,12.553953
val,M,13.3375,15.835013
val,M,13.432555,15.877737
val,M,13.5853195,16.50074
val,M,13.710459,21.75763
val,M,13.85775,14.402876
val,M,14.044111,6.431526
val,M,14.259167,8.256685
val,M,14.400958,9.9006
val,M,14.443611,7.3562903
val,M,14.546361,8.214384
val,M,14.726361,5.9500623
val,M,14.797305,7.373174
val,M,14.619805,10.049349
val,M,14.33132,10.125164
val,M,14.110473,9.784237
val,M,13.902223,9.90378
val,M,13.710806,9.53437
val,M,13.602389,8.912555
val,M,13.659014,9.299315
val,M,13.806958,5.9875803
val,M,13.958292,8.837442
val,M,14.123055,8.886286
val,M,14.295611,4.431243
val,M,14.470597,7.9333777
val,M,14.6310835,11.8533745
val,M,14.815917,13.869919
val,M,15.01893,13.206326
val,M,15.20832,15.28884
val,M,15.318375,14.173788
val,M,15.279778,11.662775
val,M,15.233014,11.126721
val,M,15.273056,10.16297
val,M,15.375055,9.052829
val,M,15.520541,6.8617225
val,M,15.639153,6.3616195
val,M,15.708,7.732231
val,M,15.647653,7.0368524
val,M,15.516486,7.09757
val,M,15.390555,7.953469
val,M,15.252597,8.0007515
val,M,15.1327915,10.308464
val,M,15.028125,10.882642
val,M,15.025444,12.867088
val,M,15.137681,15.347284
val,M,15.282486,15.4812565
val,M,15.452361,16.235481
val,M,15.605097,17.02921
val,M,15.707444,12.638877
val,M,15.764861,11.363075
val,M,15.768473,14.921928
val,M,15.780569,12.166691
val,M,15.841611,8.079624
val,M,15.895667,8.362177
val,M,15.951361,10.194164
val,M,15.97875,10.421583
val,M,15.973306,7.8726277
val,M,16.001806,8.824016
val,M,16.014902,8.795244
val,M,15.922542,9.267981
val,M,15.751653,7.5980177
val,M,15.579375,7.503679
val,M,15.415264,9.832549
val,M,15.265458,10.00733
val,M,15.143139,10.175163
val,M,15.0344305,8.652765
val,M,14.935555,7.9856844
val,M,14.827875,9.148673
val,M,14.544375,10.295914
val,M,13.918347,8.0217705
val,M,12.936819,3.2873588
val,M,11.715834,2.9175854
val,M,10.362638,10.537153
val,M,9.007292,16.799294
val,M,7.7078056,12.387686
val,M,6.330403,10.918423
val,M,4.9010415,9.899542
val,M,3.5788195,5.328535
val,M,2.3464723,8.545042
val,M,1.2927083,14.541359
val,M,0.72326386,13.497095
val,M,0.8344028,9.016247
val,M,1.4597361,6.333161
val,M,1.9432778,10.359373
val,M,1.8557084,12.286206
val,M,1.5934722,10.284898
val,M,1.6203055,8.200966
val,M,1.7715833,5.744096
val,M,1.6165138,3.80337
val,M,0.9850278,4.7884574
val,M,0.30659723,6.8630013
val,M,0.034583334,7.6596303
val,M,0.032583334,7.9344654
val,M,0.17569445,6.9700313
val,M,0.35294443,4.6530743
val,M,0.8155,3.8627267
val,M,1.3287916,3.3814645
val,M,1.2962639,2.6600628
val,M,1.0143194,3.220198
val,M,0.6666806,5.9354277
val,M,0.2949861,7.7765126
val,M,0.08015278,3.9429584
val,M,0.023194445,1.2759643
val,M,0.011666667,3.5966682
val,M,0.011180555,5.2861776
val,M,0.011652778,3.6801088
val,M,0.010847222,0.95953625
val,M,0.008194445,1.6979333
val,M,0.00825,4.264403
val,M,0.010555555,9.360269
val,M,0.012708333,11.253505
val,M,0.015916666,9.974199
val,M,0.019597223,10.899492
val,M,0.14254166,12.717619
val,M,1.0175834,9.734558
val,M,2.0227084,5.9747605
val,M,1.9349444,8.686307
val,M,1.2629583,13.820438
val,M,0.70825,13.110002
val,M,0.2838611,12.419201
val,M,0.08280556,11.010485
val,M,0.30793056,12.211755
val,M,1.3488333,16.15555
val,M,3.0318055,15.936842
val,M,4.6124167,14.189788
val,M,6.220611,16.717215
val,M,7.4197917,15.531822
val,M,7.771167,11.335312
val,M,7.997861,9.086506
val,M,8.567542,7.716435
val,M,9.408153,8.070976
val,M,10.251348,9.797652
val,M,10.966403,13.025724
val,M,11.582708,15.28648
val,M,12.302861,14.606876
val,M,13.227458,13.665693
val,M,14.227292,12.031702
val,M,15.240903,12.363502
val,M,16.245167,16.685558
val,M,17.19282,13.612252
val,M,18.10125,11.41752
val,M,18.996902,11.982125
val,M,19.859653,11.275675
val,M,20.60157,20.84095
val,M,21.138222,27.846691
val,M,21.515944,22.256037
val,M,21.693598,24.033257
val,M,21.70993,24.563053
val,M,21.7125,14.278101
val,M,21.713806,11.942797
val,M,21.694431,9.007095
val,M,21.676098,9.296946
val,M,21.658777,10.985552
val,M,21.640764,11.34497
val,M,21.621098,11.976703
val,M,21.601694,12.85366
val,M,21.598152,13.149168
val,M,21.585945,11.849983
val,M,21.545555,12.857086
val,M,21.506708,13.177587
val,M,21.499598,14.274025
val,M,21.505861,13.584246
val,M,21.528694,13.4212885
val,M,21.555779,18.885132
val,M,21.567291,17.57259
val,M,21.553015,13.451838
val,M,21.521791,16.871954
val,M,21.47093,19.485416
val,M,21.402792,15.399988
val,M,21.331596,16.093445
val,M,21.264458,23.485603
val,M,21.216888,21.762936
val,M,21.194292,13.140018
val,M,21.217861,15.456718
val,M,21.280111,16.009815
val,M,21.347876,16.505735
val,M,21.409681,15.632116
val,M,21.465166,13.760145
val,M,21.498833,17.17083
val,M,21.475584,16.548462
val,M,21.234112,16.827763
val,M,20.791416,13.276914
val,M,20.33239,12.130327
val,M,19.877874,13.15379
val,M,19.54443,13.019505
val,M,19.48925,13.341995
val,M,19.588654,12.70909
val,M,19.680542,11.353481
val,M,19.754805,11.346405
val,M,19.83375,13.128395
val,M,19.905083,13.452746
val,M,19.958195,14.07424
val,M,19.988445,11.978382
val,M,19.9885,11.484443
val,M,20.004597,16.509258
val,M,20.006222,17.4684
val,M,19.995848,14.283552
val,M,20.021723,19.599693
val,M,20.084736,18.844822
val,M,20.15168,13.312862
val,M,20.178736,13.094969
val,M,20.156042,14.445482
val,M,20.095654,18.681477
val,M,20.018084,15.452266
val,M,19.925764,15.420111
val,M,19.837418,15.699184
val,M,19.8085,10.387745
val,M,19.856764,12.486637
val,M,19.934652,15.969643
val,M,20.000708,14.995807
val,M,20.025278,13.856057
val,M,20.029362,13.022669
val,M,20.039515,16.903286
val,M,20.040806,14.444993
val,M,20.021778,12.206243
val,M,20.066084,12.312502
val,M,20.212166,13.466244
val,M,20.393986,15.619989
val,M,20.56007,15.567363
val,M,20.705305,18.36729
val,M,20.85475,17.463203
val,M,20.957333,19.790735
val,M,21.026278,18.968864
val,M,21.093431,16.531487
val,M,21.160181,15.400998
val,M,21.222473,14.833441
val,M,21.279152,13.39217
val,M,21.365583,16.27716
val,M,21.468208,19.928413
val,M,21.556152,23.329811
val,M,21.63925,22.30248
val,M,21.722584,15.496035
val,M,21.783056,12.310404
val,M,21.83157,13.729614
val,M,21.844334,15.540114
val,M,21.828611,14.455139
val,M,21.81325,14.049572
val,M,21.775097,15.709656
val,M,21.71564,16.03451
val,M,21.62057,12.269426
val,M,21.489986,10.03883
val,M,21.37582,15.916439
val,M,21.296541,18.120941
val,M,21.24589,16.221714
val,M,21.220778,13.131437
val,M,21.193598,11.603012
val,M,21.156902,11.360187
val,M,21.12557,14.943861
val,M,21.09443,16.128113
val,M,21.055403,14.717234
val,M,21.012348,11.696953
val,M,20.965042,13.8588085
val,M,20.932985,18.896305
val,M,20.916529,15.833263
val,M,20.89514,9.644526
val,M,20.880404,8.160166
val,M,20.87296,8.950204
val,M,20.870375,7.8636293
val,M,20.88618,8.517475
val,M,20.926819,10.383989
val,M,20.953861,9.98055
val,M,20.988388,9.387171
val,M,21.033209,8.437485
val,M,21.031918,6.947702
val,M,21.034082,4.1625304
val,M,21.049347,1.7299029
val,M,21.05161,1.5190061
val,M,21.047611,1.4320872
val,M,21.010834,1.6995807
val,M,20.96368,4.0836015
val,M,20.912098,11.346576
val,M,20.860834,12.204252
val,M,20.8325,9.033365
val,M,20.830833,12.654277
val,M,20.876722,14.72493
val,M,20.942528,11.673433
val,M,21.016277,5.2901177
val,M,21.078096,9.444891
val,M,21.126667,11.687244
val,M,21.172222,7.256478
val,M,21.205736,7.7182164
val,M,21.265888,7.993755
val,M,21.307291,9.402668
val,M,21.27464,9.961283
val,M,21.158041,10.321833
val,M,20.831041,13.137613
val,M,20.23421,12.464106
val,M,19.54925,13.534194
val,M,18.92232,12.632103
val,M,18.365376,11.114345
val,M,17.892195,13.423609
val,M,17.497555,15.279438
val,M,17.168222,17.43287
val,M,16.894459,15.876862
val,M,16.663069,11.5634365
val,M,16.278723,10.108658
val,M,15.421945,9.810781
val,M,14.067903,11.16188
val,M,12.234917,13.700426
val,M,9.995806,11.631151
val,M,7.3604584,12.222239
val,M,4.2386947,14.35552
val,M,1.6613195,11.049131
val,M,0.39545834,11.235596
val,M,0.026847223,12.104534
val,M,0.01325,11.485865
val,M,0.011277778,11.911461
val,M,0.008708334,10.751171
val,M,0.009277778,11.560913
val,M,0.012486111,12.508118
val,M,0.014666666,13.201033
val,M,0.0145,15.255693
val,M,0.012847222,12.236763
val,M,0.0115,11.88253
val,M,0.011361111,13.063547
val,M,0.014611111,13.524155
val,M,0.018555555,13.752807
val,M,0.021486111,14.601989
val,M,0.019430555,10.282394
val,M,0.018180555,10.015918
val,M,0.018277777,11.595354
val,M,0.024097223,11.771442
val,M,0.024333334,14.595043
val,M,0.014680555,14.880071
val,M,0.013291666,12.625198
val,M,0.013958333,10.815289
val,M,0.0119027775,10.452674
val,M,0.012138889,10.44648
val,M,0.019347223,12.504846
val,M,0.02113889,15.095375
val,M,0.014236111,14.716078
val,M,0.00925,12.699217
val,M,0.011958334,13.813313
val,M,0.021861112,12.165016
val,M,0.16397223,12.7844095
val,M,1.3103611,15.704042
val,M,3.2619722,13.8780155
val,M,4.9726806,15.187391
val,M,6.3317637,14.492618
val,M,7.3123193,10.043537
val,M,8.05,12.785718
val,M,8.700139,14.303364
val,M,9.325264,14.649292
val,M,9.918875,14.633207
val,M,10.394292,11.450598
val,M,10.700958,11.640934
val,M,10.898653,12.909032
val,M,11.087236,13.293831
val,M,11.253445,11.652926
val,M,11.384236,12.373363
val,M,11.508875,11.655691
val,M,11.670542,12.954969
val,M,11.935348,16.241043
val,M,12.235125,12.336918
val,M,12.435625,10.828459
val,M,12.66818,11.886175
val,M,13.123278,11.646374
val,M,13.845944,10.652723
val,M,14.85443,9.754896
val,M,16.049473,9.982571
val,M,17.280458,8.456551
val,M,18.367971,9.695644
val,M,19.195723,11.846621
val,M,19.841904,11.137049
val,M,20.336971,12.01068
val,M,20.742458,11.339038
val,M,20.911125,11.736334
val,M,20.863832,9.983545
val,M,20.894056,7.7229314
val,M,20.9955,12.949137
val,M,21.105097,14.412418
val,M,21.252167,11.379999
val,M,21.453598,14.51441
val,M,21.555416,15.4008045
val,M,21.565834,10.006559
val,M,21.62064,11.028358
val,M,21.706778,16.915386
val,M,21.805529,16.692219
val,M,21.894125,17.460136
val,M,21.898987,14.81954
val,M,21.82796,10.312122
val,M,21.770708,12.143729
val,M,21.77279,13.605163
val,M,21.861652,12.330657
val,M,22.008638,14.9778805
val,M,22.15989,15.407608
val,M,22.29207,14.446466
val,M,22.384293,14.919037
val,M,22.354221,14.206709
val,M,22.069458,14.332874
val,M,21.64082,14.509951
val,M,21.381237,13.31408
val,M,21.297028,9.853373
val,M,21.24011,8.694909
val,M,21.188223,9.749157
val,M,21.163181,11.207733
val,M,21.067333,9.894066
val,M,20.966,10.344668
val,M,21.069916,11.2535925
val,M,21.305695,7.0783205
val,M,21.54332,3.7433538
val,M,21.650444,4.9223795
val,M,21.46486,6.0432057
val,M,21.00182,3.9015708
val,M,20.180458,1.6224718
val,M,18.496723,1.4840271
val,M,16.210583,3.6400418
val,M,13.874319,5.7724986
val,M,11.782416,4.974628
val,M,10.446777,3.7626681
val,M,10.272917,3.744022
val,M,10.944792,3.239449
val,M,11.742833,3.4294343
val,M,12.416264,3.66424
val,M,12.709181,2.9246078
val,M,12.544264,1.4674234
val,M,12.22275,1.1514614
val,M,12.150014,2.359447
val,M,12.229028,3.6997757
val,M,12.138223,1.8129387
val,M,11.98607,2.258311
val,M,11.904014,6.6122413
val,M,12.040139,11.239996
val,M,12.452042,11.204578
val,M,12.753514,10.147261
val,M,12.745167,11.904459
val,M,12.523222,16.890654
val,M,12.189777,15.857543
val,M,11.985473,11.994919
val,M,12.106305,13.042721
val,M,12.488444,13.1902
val,M,12.964486,13.238726
val,M,13.171486,10.541574
val,M,13.026889,2.584724
val,M,13.070764,0.26094466
val,M,13.172584,2.1848335
val,M,13.210055,8.242412
val,M,13.362778,14.0293865
val,M,13.591945,15.852623
val,M,14.097875,11.406392
val,M,14.568055,8.296005
val,M,14.565708,7.9479046
val,M,14.226361,9.405737
val,M,13.7175,11.766077
val,M,13.307111,10.443384
val,M,13.34207,15.307278
val,M,13.954903,18.415035
val,M,14.588778,14.414987
val,M,14.874194,10.159302
val,M,15.327056,9.875003
val,M,16.089348,15.006163
val,M,16.605652,16.039833
val,M,16.63957,16.762705
val,M,16.5865,15.181009
val,M,16.663652,10.449335
val,M,16.861084,10.758468
val,M,17.16882,12.838139
val,M,17.617903,16.591856
val,M,18.054125,19.227829
val,M,18.467735,18.464024
val,M,18.905514,19.034369
val,M,19.203709,15.503861
val,M,19.38057,9.80931
val,M,19.496805,17.926811
val,M,19.5925,19.485188
val,M,19.683847,13.3935375
val,M,19.819084,12.126481
val,M,19.965847,10.042967
val,M,20.008556,13.822424
val,M,19.939598,15.620692
val,M,19.731112,9.046159
val,M,19.534819,7.7858195
val,M,19.275944,14.641578
val,M,18.968334,14.265067
val,M,18.699306,10.029533
val,M,18.395014,10.754695
val,M,18.072445,9.930034
val,M,17.706778,9.661334
val,M,17.338028,17.340801
val,M,17.01025,20.921158
val,M,16.70089,15.50798
val,M,16.35525,14.934153
val,M,15.920125,15.735901
val,M,15.051598,14.124399
val,M,13.788903,10.754253
val,M,12.4522085,11.683805
val,M,11.315514,11.793215
val,M,10.508278,10.344738
val,M,9.812889,12.135156
val,M,9.2132635,17.572021
val,M,8.851944,18.871475
val,M,8.922347,15.431923
val,M,9.216958,12.12524
val,M,9.351319,10.576792
val,M,9.435708,10.524101
val,M,9.543764,10.6742
val,M,9.5286665,11.652044
val,M,9.511111,13.163923
val,M,9.528055,11.71221
val,M,9.411458,14.143867
val,M,9.324403,19.392147
val,M,9.303847,17.690819
val,M,9.230708,16.256115
val,M,9.23793,19.005817
val,M,9.383375,18.438204
val,M,9.411805,14.4903755
val,M,9.289972,15.2210865
val,M,9.24632,16.686943
val,M,9.320347,18.8349
val,M,9.413819,21.055569
val,M,9.5385,16.104252
val,M,9.956347,12.970346
val,M,10.827486,7.6571965
val,M,11.892819,6.558148
val,M,12.876486,10.452317
val,M,13.786695,9.570833
val,M,14.672778,11.9383545
val,M,15.4956665,12.481548
val,M,16.248735,10.892614
val,M,16.80054,10.342344
val,M,17.17957,11.977434
val,M,17.526735,15.493682
val,M,17.795334,13.775565
val,M,17.985111,14.461643
val,M,18.097958,14.850034
val,M,18.25411,16.75558
val,M,18.511597,17.019905
val,M,18.81275,14.37816
val,M,19.069195,15.161345
val,M,19.192083,12.653847
val,M,19.139334,13.948267
val,M,19.038431,13.112574
val,M,19.058681,15.196057
val,M,19.225695,20.34653
val,M,19.492834,14.197316
val,M,19.76643,14.544708
val,M,19.957458,13.877007
val,M,20.122402,11.1001
val,M,20.399584,9.967713
val,M,20.695223,11.318859
val,M,20.914833,17.389275
val,M,21.046986,19.304379
val,M,21.022486,15.063757
val,M,21.04043,10.547365
val,M,21.121973,12.143334
val,M,21.160597,15.796631
val,M,21.157791,14.248745
val,M,21.125237,12.893892
val,M,21.121334,16.88615
val,M,21.05957,12.658801
val,M,20.994152,13.312355
val,M,20.965736,17.244001
val,M,20.95443,15.098643
val,M,20.96836,19.850298
val,M,20.97939,21.362694
val,M,20.98964,18.19054
val,M,20.907515,14.808781
val,M,20.553112,14.926706
val,M,19.995543,16.503784
val,M,19.272097,20.407326
val,M,18.267319,19.284176
val,M,16.954847,14.172153
val,M,15.341736,13.918377
val,M,13.725513,13.738763
val,M,12.392292,14.05817
val,M,10.857737,19.213085
val,M,8.715944,22.813915
val,M,6.844,19.31813
val,M,6.447875,17.496191
val,M,7.709875,16.996567
val,M,9.298695,18.099842
val,M,9.988083,17.349728
val,M,10.063278,22.197956
val,M,10.148583,21.287823
val,M,10.541555,14.145446
val,M,10.87982,13.021231
val,M,10.806042,22.372505
val,M,10.546278,24.857948
val,M,10.217389,14.977461
val,M,9.958083,12.372869
val,M,10.153653,16.729012
val,M,10.883917,16.740486
val,M,11.689055,14.636356
val,M,12.037056,13.813821
val,M,11.940972,13.336874
val,M,11.961667,15.812774
val,M,12.278597,14.612364
val,M,12.697194,15.273677
val,M,13.1496525,18.666946
val,M,13.385195,20.707916
val,M,13.360111,17.803387
val,M,13.426958,13.230637
val,M,13.663652,10.903379
val,M,13.94925,10.967741
val,M,14.141791,9.140501
val,M,14.165709,12.227415
val,M,14.052459,14.149927
val,M,13.859292,12.671818
val,M,13.617194,11.8534775
val,M,13.341805,13.219488
val,M,12.831944,14.506488
val,M,11.891848,11.0296955
val,M,10.6355,12.071132
val,M,9.133083,9.97369
val,M,7.453,7.5607767
val,M,5.7881665,8.208679
val,M,4.4390974,9.107072
val,M,4.036861,13.125236
val,M,4.8436666,15.314958
val,M,6.098597,14.4087715
val,M,7.146278,10.024638
val,M,7.9564724,10.671159
val,M,8.559834,13.868575
val,M,8.9990835,17.092072
val,M,9.421458,15.138216
val,M,9.936431,9.233221
val,M,10.476569,11.81212
val,M,10.908806,15.023165
val,M,11.302806,13.641649
val,M,11.505403,12.297707
val,M,11.574792,11.546608
val,M,11.733958,10.994979
val,M,11.912027,12.234936
val,M,12.080916,14.850859
val,M,12.207264,15.581865
val,M,12.29132,11.800713
val,M,12.324667,9.952465
val,M,12.314847,12.884592
val,M,12.27293,15.796934
val,M,11.865236,16.365318
val,M,10.886681,14.30955
val,M,9.582653,12.108711
val,M,8.263861,12.472051
val,M,7.1867223,13.910713
val,M,6.7117777,12.514671
val,M,6.875764,12.665755
val,M,7.3106666,11.071473
val,M,7.7801666,12.801559
val,M,8.345708,13.500233
val,M,8.97275,12.03624
val,M,9.351611,12.841261
val,M,9.611028,11.858206
val,M,10.193111,12.000634
val,M,10.940583,15.393697
val,M,11.46743,14.408704
val,M,11.854792,16.534885
val,M,12.200666,17.396961
val,M,12.476958,13.320679
val,M,12.682305,15.365199
val,M,12.856667,17.895332
val,M,12.977902,14.9028225
val,M,13.07825,13.480846
val,M,13.213028,10.290296
val,M,13.422055,9.852535
val,M,13.647028,12.174329
val,M,13.79857,13.5173
val,M,13.856819,13.277905
val,M,13.819153,13.395187
val,M,13.836805,13.725058
val,M,14.020041,12.720242
val,M,14.318444,11.228503
val,M,14.668333,12.09917
val,M,15.027125,16.188602
val,M,15.282528,16.300362
val,M,15.422847,10.96492
val,M,15.393306,14.499254
val,M,15.293486,11.608423
val,M,15.262264,7.2988153
val,M,15.355667,12.012293
val,M,15.561944,14.444607
val,M,15.8284025,13.265251
val,M,16.061306,15.328314
val,M,16.021418,18.714237
val,M,15.383764,15.841318
val,M,13.987097,13.381373
val,M,12.247194,19.613058
val,M,10.575666,21.31113
val,M,8.76768,17.179493
val,M,6.592653,14.957596
val,M,4.4032917,16.33691
val,M,2.3800972,15.856474
val,M,0.9235139,15.056192
val,M,1.6021111,7.7509403
val,M,4.157528,7.1982
val,M,6.679639,7.3998585
val,M,8.729917,8.231086
val,M,10.290112,6.4512386
val,M,11.191319,4.0962243
val,M,11.650347,2.5516648
val,M,11.690375,3.5202394
val,M,11.450444,5.558803
val,M,11.301028,5.14657
val,M,11.047014,6.275631
val,M,10.863569,8.77705
val,M,11.184889,8.926971
val,M,11.702653,7.825392
val,M,12.044209,5.5537496
val,M,12.022514,7.809492
val,M,11.457819,9.353566
val,M,10.744125,6.71697
val,M,10.57975,7.0171895
val,M,10.966403,6.5811152
val,M,11.456458,9.5033
val,M,11.437944,10.704671
val,M,10.952458,7.5661526
val,M,10.691292,7.189033
val,M,10.636236,7.7536798
val,M,10.503542,11.937783
val,M,10.657194,14.703501
val,M,11.511528,18.642513
val,M,12.598486,16.596804
val,M,13.179167,10.035825
val,M,13.207111,11.588249
val,M,13.132514,12.186792
val,M,13.24132,9.064998
val,M,13.507167,9.995835
val,M,13.847972,10.695509
val,M,14.141292,10.225084
val,M,14.232111,15.128014
val,M,14.037583,16.112175
val,M,13.78625,8.321698
val,M,13.753805,5.846453
val,M,13.778958,10.988883
val,M,13.806097,10.6043625
val,M,13.936556,6.859793
val,M,14.197528,7.556422
val,M,14.447917,9.274393
val,M,14.41332,9.780887
val,M,14.144834,9.380827
val,M,13.928166,10.98041
val,M,13.782236,11.041985
val,M,13.687,7.0743136
val,M,13.661208,6.0136337
val,M,13.641791,9.637699
val,M,13.596486,8.384771
val,M,13.542,7.210179
val,M,13.504861,8.108751
val,M,13.532583,10.084713
val,M,13.564375,9.344517
val,M,13.585208,9.717012
val,M,13.57618,10.697419
val,M,13.550528,9.06633
val,M,13.563472,5.426935
val,M,13.480361,7.5276537
val,M,13.2075,8.3315325
val,M,12.829847,5.7907605
val,M,12.438583,11.230999
val,M,12.027291,12.572992
val,M,11.46225,8.481627
val,M,10.728319,9.328264
val,M,9.950848,10.323381
val,M,9.131111,10.215987
val,M,8.4082365,10.385258
val,M,7.849375,5.8325315
val,M,7.2664165,6.7295322
val,M,6.644653,11.298754
val,M,6.4241943,8.909137
val,M,7.0207915,8.119979
val,M,8.040806,10.054577
val,M,8.696792,9.705885
val,M,8.831195,10.046585
val,M,8.391,10.84501
val,M,7.375347,6.494521
val,M,6.3524585,7.960013
val,M,5.7890973,7.1821
val,M,5.8272223,8.871105
val,M,6.6780415,13.222897
val,M,7.9505415,10.860823
val,M,8.703764,9.416716
val,M,8.42732,16.413454
val,M,7.4190555,19.635399
val,M,6.5823054,18.313972
val,M,6.3927083,17.18747
val,M,6.759375,13.428255
val,M,6.7565417,9.939526
val,M,5.887139,9.731839
val,M,5.50125,14.04858
val,M,6.270639,12.781241
val,M,7.455333,9.908794
val,M,8.55218,9.361986
val,M,9.143056,8.073762
val,M,9.114653,11.126316
val,M,8.852,14.822216
val,M,8.248611,17.361485
val,M,7.5680556,11.075144
val,M,7.6075974,6.655392
val,M,8.275333,5.2782683
val,M,8.934722,3.6281486
val,M,9.307806,5.1089993
val,M,9.219375,4.4745507
val,M,8.328097,3.4790182
val,M,6.947764,10.372242
val,M,5.9416113,15.619911
val,M,5.988347,11.29048
val,M,7.0989027,10.82653
val,M,8.444111,11.733942
val,M,9.301056,9.1392975
val,M,9.596694,8.080999
val,M,9.61807,10.216768
val,M,9.599472,13.575237
val,M,9.576653,13.524444
val,M,9.572291,15.118578
val,M,9.562333,15.52214
val,M,9.66668,13.469938
val,M,9.777653,21.236893
val,M,9.43393,17.633648
val,M,8.234875,15.22801
val,M,6.7205415,15.933215
val,M,6.1787777,7.3665624
val,M,6.8368473,3.8076286
val,M,7.9526668,2.844798
val,M,8.655611,1.9640725
val,M,8.751,1.8619301
val,M,8.961805,2.616524
val,M,9.640403,3.494997
val,M,10.380959,5.8002343
val,M,10.702514,4.938907
val,M,10.452903,1.6278944
val,M,9.484528,1.433069
val,M,8.047584,2.6795278
val,M,7.161667,5.4065194
val,M,7.314903,7.339169
val,M,7.9143887,5.08313
val,M,7.9047084,11.08354
val,M,7.2892084,11.743599
val,M,7.376528,7.5789847
val,M,8.281125,6.2331758
val,M,9.126375,4.473351
val,M,9.572917,7.000393
val,M,9.7195,10.965515
val,M,9.804472,10.34817
val,M,9.82225,8.982387
val,M,9.8226385,12.759788
val,M,9.858375,13.111448
val,M,9.896889,6.5299287
val,M,9.935611,3.4973147
val,M,9.935111,1.9837993
val,M,9.685306,3.6864069
val,M,8.7495,8.571437
val,M,7.4289722,10.430196
val,M,6.674556,10.714994
val,M,6.826125,10.815798
val,M,7.522403,12.471497
val,M,8.299875,11.398329
val,M,8.914056,7.5107837
val,M,9.220944,7.7324452
val,M,9.260612,9.481249
val,M,8.808805,11.137266
val,M,7.9351387,11.957764
val,M,7.29,9.710569
val,M,6.982264,7.6405587
val,M,6.368403,9.972193
val,M,4.8298473,11.220924
val,M,3.4507916,10.074026
val,M,3.5329583,10.494387
val,M,4.6506944,10.460827
val,M,6.290403,11.821539
val,M,7.8766804,9.594228
val,M,8.451041,11.621082
val,M,8.284486,13.205551
val,M,7.818625,9.860083
val,M,6.7333474,10.171211
val,M,6.148972,9.45824
val,M,6.613625,8.846594
val,M,6.5861526,9.972473
val,M,6.0724306,10.597477
val,M,5.9261527,11.505738
val,M,5.7783613,11.389132
val,M,5.7919025,9.052772
val,M,5.932486,10.377564
val,M,6.2401943,11.106182
val,M,7.3403053,11.033836
val,M,8.863125,10.265165
val,M,10.429569,8.8663225
val,M,11.816139,8.555517
val,M,12.608986,9.350513
val,M,12.785236,10.022149
val,M,12.696694,10.608954
val,M,12.584291,10.637743
val,M,12.53025,10.815712
val,M,12.613667,10.004267
val,M,12.831625,9.635019
val,M,13.126722,9.792675
val,M,13.4233055,9.4085045
val,M,13.744333,9.257475
val,M,13.975847,9.487874
val,M,14.086903,8.143766
val,M,14.189902,7.4187746
val,M,14.285569,5.7242255
val,M,14.404361,4.8664517
val,M,14.502944,4.8181567
val,M,14.626056,4.862725
val,M,14.810638,4.902618
val,M,15.042569,4.96034
val,M,15.298041,5.2677503
val,M,15.563972,5.018806
val,M,15.823014,5.4150486
val,M,15.936152,5.403149
val,M,15.78493,5.971001
val,M,15.4528055,7.6552634
val,M,15.106986,9.449751
val,M,14.80418,8.42155
val,M,14.556875,7.2230005
val,M,14.356694,8.171032
val,M,14.16875,8.469792
val,M,13.877069,9.722494
val,M,13.238611,9.328852
val,M,12.268681,8.746571
val,M,11.164653,8.854052
val,M,10.348181,8.443168
val,M,10.06432,8.217818
val,M,10.122014,8.226036
val,M,10.222375,8.361797
val,M,10.061973,8.18856
val,M,9.796014,6.601222
val,M,9.651639,4.9546037
val,M,9.687472,3.9571161
val,M,9.966375,3.5303767
val,M,10.388611,4.9067135
val,M,10.90582,6.252951
val,M,11.631653,6.1935506
val,M,12.542194,6.22893
val,M,13.436084,6.5197186
val,M,14.254791,5.9257817
val,M,15.032598,6.205275
val,M,15.752694,8.98855
val,M,16.29211,11.80322
val,M,16.759459,8.871405
val,M,17.332945,7.1228547
val,M,17.863583,8.378385
val,M,18.43871,11.2394905
val,M,19.132626,11.842158
val,M,19.916708,9.898027
val,M,21.157888,7.9958444
val,M,22.789375,7.8454633
val,M,24.40525,8.520834
val,M,25.919624,6.3679714
val,M,27.193277,1.7257392
val,M,27.70486,0.6485451
val,M,27.420416,1.7655491
val,M,26.930708,5.152002
val,M,26.435236,9.318146
val,M,25.897709,9.769314
val,M,25.333263,9.047331
val,M,24.778805,8.196888
val,M,24.154444,7.449884
val,M,23.640541,9.946309
val,M,23.378416,10.25983
val,M,23.194555,11.186392
val,M,23.0475,14.128487
val,M,22.71511,11.42686
val,M,22.170918,7.016755
val,M,21.696806,5.261948
val,M,21.269417,5.258073
val,M,20.83011,5.058186
val,M,20.405556,8.902615
val,M,19.970917,10.12915
val,M,19.556612,9.007444
val,M,19.196611,8.764334
val,M,18.8755,8.879584
val,M,18.602806,7.841743
val,M,18.344418,8.375081
val,M,18.085667,9.192542
val,M,17.895458,10.354014
val,M,17.593082,11.317278
val,M,17.04175,11.319728
val,M,16.347694,11.590563
val,M,15.496486,11.0556135
val,M,14.373806,9.056484
val,M,12.944458,8.380077
val,M,11.380972,9.355977
val,M,9.947833,10.649156
val,M,8.960597,10.756987
val,M,8.665569,10.85684
val,M,9.03275,10.342337
val,M,9.629084,6.7068143
val,M,10.280458,2.7011025
val,M,11.386972,3.5143733
val,M,12.908055,5.5828705
val,M,14.504611,8.661438
val,M,16.080042,11.067818
val,M,17.587889,12.2851515
val,M,18.862236,14.237316
val,M,19.903097,14.806552
val,M,20.804861,9.690848
val,M,21.453472,7.9946265
val,M,21.866472,9.316383
val,M,22.239902,10.195603
val,M,22.688444,11.913446
val,M,23.231792,10.9555235
val,M,23.760736,8.883752
val,M,24.248459,8.628063
val,M,24.367834,8.621015
val,M,24.016819,9.227083
val,M,23.575764,11.337944
val,M,23.17182,12.708736
val,M,22.78186,14.156452
val,M,22.338444,12.547484
val,M,21.920042,11.752693
val,M,21.477736,13.426947
val,M,20.968695,12.387171
val,M,20.436666,9.09836
val,M,19.880972,8.032286
val,M,19.310472,7.941624
val,M,18.770876,10.1142235
val,M,18.273403,9.957852
val,M,17.766222,9.313063
val,M,17.141987,8.588872
val,M,16.241806,9.353802
val,M,15.101916,10.762237
val,M,14.212611,10.411476
val,M,13.68725,12.966506
val,M,13.233736,13.416938
val,M,13.044389,14.3128605
val,M,13.256361,14.981947
val,M,13.563598,13.863253
val,M,13.734208,11.664032
val,M,13.646903,9.89437
val,M,13.68768,11.407593
val,M,14.131166,10.0486555
val,M,14.111417,11.312424
val,M,13.582986,11.614906
val,M,13.299389,10.269924
val,M,13.5135975,11.962385
val,M,13.900333,11.105877
val,M,14.320389,11.588494
val,M,15.206764,11.323647
val,M,15.8799305,11.263741
val,M,15.512013,9.310579
val,M,14.5805,13.473685
val,M,13.898681,12.089406
val,M,13.823944,4.5980215
val,M,14.205931,3.554885
val,M,14.707152,3.114491
val,M,15.230319,2.8343673
val,M,15.525333,4.0976796
val,M,15.778111,4.3217854
val,M,16.261486,4.051515
val,M,16.488667,3.5592072
val,M,16.465847,3.5232382
val,M,16.46175,3.9658902
val,M,16.453583,4.329863
val,M,16.464306,4.3544993
val,M,16.577862,4.9001536
val,M,16.77571,5.095651
val,M,16.880959,4.9405518
val,M,16.77825,5.126943
val,M,16.613306,5.24498
val,M,16.507055,5.453818
val,M,16.470152,5.456
val,M,16.575806,5.408075
val,M,16.791958,5.488189
val,M,17.024471,5.505057
val,M,17.238222,5.7835126
val,M,17.474388,5.8469033
val,M,17.678041,5.7815814
val,M,17.744194,5.9998775
val,M,17.793375,6.0708094
val,M,17.852,5.9377284
val,M,17.867222,5.994978
val,M,17.813,6.331673
val,M,17.675236,6.3775325
val,M,17.55643,6.1583414
val,M,17.409695,6.304429
val,M,17.109764,6.3246274
val,M,16.662722,6.0920534
val,M,16.219973,5.881788
val,M,15.864458,6.041011
val,M,15.500208,6.228827
val,M,15.142389,6.410258
val,M,14.758695,6.3395295
val,M,14.4065,6.1959815
val,M,13.994653,6.18514
val,M,13.239361,6.244112
val,M,12.204208,5.9601817
val,M,11.226306,4.24734
val,M,10.605708,1.6812278
val,M,10.2346945,1.5225137
val,M,9.900194,3.2121105
val,M,9.490666,3.5519047
val,M,9.154847,4.1334653
val,M,9.060014,4.6243773
val,M,9.035833,5.241778
val,M,9.147583,7.106835
val,M,9.521097,9.515211
val,M,10.166889,10.268354
val,M,11.117875,10.021098
val,M,12.167069,10.980946
val,M,13.175902,8.742998
val,M,14.197236,7.0203185
val,M,15.23432,10.645237
val,M,16.284082,11.848188
val,M,17.249792,9.629297
val,M,18.281208,10.731555
val,M,19.333723,10.765274
val,M,20.160652,8.715843
val,M,20.785042,12.037588
val,M,21.214874,15.75495
val,M,21.566833,15.553446
val,M,21.676083,14.220406
val,M,21.676348,12.635309
val,M,21.762459,11.687407
val,M,21.79307,12.354679
val,M,21.939028,12.428165
val,M,22.236166,12.629981
val,M,22.441723,12.338921
val,M,22.297611,15.972038
val,M,21.908096,17.013208
val,M,21.498112,14.224686
val,M,21.09457,11.260251
val,M,20.72293,12.727465
val,M,20.472305,16.448986
val,M,20.36654,13.348496
val,M,20.113222,14.914852
val,M,19.641235,14.752874
val,M,19.136833,10.389933
val,M,18.650875,10.41947
val,M,18.18711,10.30983
val,M,17.554598,11.59111
val,M,16.394833,11.766163
val,M,14.756792,9.582237
val,M,13.423041,10.718689
val,M,12.897875,12.229073
val,M,12.815833,10.463621
val,M,12.652638,8.400993
val,M,12.293834,7.619964
val,M,11.853181,6.3274837
val,M,11.523347,5.8923755
val,M,11.492903,3.738165
val,M,11.847625,4.768562
val,M,12.325889,5.2213783
val,M,12.457958,4.649178
val,M,12.273084,4.669358
val,M,12.044444,1.9707582
val,M,11.777264,1.1524923
val,M,11.463555,1.454919
val,M,11.333389,2.527768
val,M,11.465333,7.393039
val,M,11.870236,7.493651
val,M,12.661695,7.4968324
val,M,13.691459,8.206789
val,M,14.760236,9.733522
val,M,15.775639,10.335846
val,M,16.799597,10.171822
val,M,17.761986,11.159114
val,M,18.61182,10.904804
val,M,19.554167,12.136072
val,M,20.704945,13.156719
val,M,21.907541,13.028741
val,M,22.542555,11.08898
val,M,22.58957,11.114367
val,M,22.372028,10.73796
val,M,21.549597,13.852524
val,M,20.035223,14.456386
val,M,18.662987,12.787517
val,M,18.287598,11.288432
val,M,18.735653,11.689015
val,M,19.52632,12.05008
val,M,20.499,11.846222
val,M,21.507181,11.2250805
val,M,22.087292,11.509654
val,M,22.024763,12.019228
val,M,21.636944,12.2551365
val,M,21.203959,13.390699
val,M,20.814096,11.474592
val,M,20.427763,11.161602
val,M,20.156,11.238434
val,M,20.027847,10.791088
val,M,19.915361,9.4724865
val,M,19.755306,10.711787
val,M,19.573055,11.755778
val,M,19.35836,14.105505
val,M,19.111626,13.289467
val,M,18.840723,12.412756
val,M,18.55007,11.458202
val,M,18.32068,11.447594
val,M,18.175112,12.480123
val,M,18.131916,12.224504
val,M,18.211166,12.469738
val,M,18.360458,12.872747
val,M,18.502306,11.256052
val,M,18.725124,9.663707
val,M,18.82082,10.584173
val,M,18.475306,11.530552
val,M,17.90068,13.671328
val,M,17.370861,13.962624
val,M,16.924778,11.679928
val,M,16.413834,12.579251
val,M,15.999888,12.674589
val,M,15.725695,12.240284
val,M,15.567945,13.323089
val,M,15.277208,14.93601
val,M,14.826639,15.5196495
val,M,14.510028,11.287772
val,M,14.18925,11.090832
val,M,13.715652,13.319437
val,M,12.621445,14.464829
val,M,10.956181,13.483914
val,M,9.139514,12.942049
val,M,7.1300416,11.805958
val,M,4.6519303,11.200351
val,M,2.0417082,17.492311
val,M,0.43429166,16.35482
val,M,0.020652778,12.327738
val,M,0.012916666,11.792465
val,M,0.016652778,10.386278
val,M,0.0265,12.583284
val,M,0.03488889,12.838284
val,M,0.02425,11.984299
val,M,0.018208334,11.462809
val,M,0.019722221,10.132873
val,M,0.015819445,12.268633
val,M,0.018569445,11.39567
val,M,0.017083334,10.264549
val,M,0.015027778,12.591845
val,M,0.017430555,10.210015
val,M,0.018597223,9.53446
val,M,0.020791667,12.20747
val,M,0.020583333,11.581882
val,M,0.033486113,13.560961
val,M,0.037722223,13.798613
val,M,0.027069444,10.979941
val,M,0.023138888,7.023737
val,M,0.018236112,3.1178863
val,M,0.014902778,1.1216558
val,M,0.013888889,0.56649226
val,M,0.15858333,2.093267
val,M,0.7968889,1.9207888
val,M,1.8556389,0.20320627
val,M,3.0205,0.58383185
val,M,3.7404583,1.0064317
val,M,4.3950834,0.93611073
val,M,5.7363334,2.1243567
val,M,7.29475,3.766675
val,M,8.312195,3.5817208
val,M,8.759736,3.5528688
val,M,9.205375,3.1850295
val,M,9.531445,3.421845
val,M,9.683444,4.218142
val,M,9.953722,5.126574
val,M,10.365639,4.237419
val,M,10.805098,7.2861886
val,M,11.205958,4.90852
val,M,11.526417,0.38445997
val,M,11.529861,0.40644264
val,M,11.154388,3.1468494
val,M,10.682652,4.382062
val,M,10.314777,1.5238283
val,M,10.291208,1.0993881
val,M,10.513805,1.189685
val,M,10.555764,5.099097
val,M,10.600513,12.896734
val,M,10.8359585,14.024299
val,M,10.914208,13.470648
val,M,10.755861,14.573391
val,M,10.626445,12.127745
val,M,10.756986,12.869093
val,M,11.099153,12.350105
val,M,11.287084,13.264903
val,M,11.238097,10.458144
val,M,11.001056,9.209432
val,M,10.371347,9.93885
val,M,9.332653,8.841526
val,M,7.7765417,8.206643
val,M,6.8183055,7.3152537
val,M,7.4838195,7.1583996
val,M,8.708375,6.1595426
val,M,9.755042,5.1770005
val,M,10.694583,4.7356186
val,M,11.516806,4.451148
val,M,12.126653,4.2717605
val,M,12.518653,4.2306137
val,M,12.72275,4.2944846
val,M,12.782888,4.3799367
val,M,12.788875,4.6026106
val,M,12.805139,4.7756047
val,M,12.885764,4.8823743
val,M,13.041695,5.263164
val,M,13.382931,5.39064
val,M,13.968,5.146832
val,M,14.498694,4.812085
val,M,14.803583,5.3139796
val,M,14.821153,5.586741
val,M,14.603972,4.016107
val,M,14.306014,7.1748366
val,M,14.126153,11.316792
val,M,14.078834,10.879097
val,M,14.009973,10.675079
val,M,13.895291,11.214449
val,M,13.773986,13.128258
val,M,13.598666,11.693871
val,M,13.34743,9.738844
val,M,13.027597,9.526064
val,M,12.711736,9.998588
val,M,12.555388,9.728684
val,M,12.536597,8.872374
val,M,12.629541,8.008082
val,M,12.779959,7.796188
val,M,12.863973,7.5664
val,M,12.809375,6.8896637
val,M,12.740194,8.909682
val,M,12.702139,9.084082
val,M,12.653486,5.0752883
val,M,12.652638,6.5436673
val,M,12.616709,7.529076
val,M,12.16425,5.859416
val,M,11.257055,6.343617
val,M,10.290944,9.359388
val,M,9.440486,11.374654
val,M,8.328278,11.108061
val,M,6.47575,9.535522
val,M,4.516444,10.828613
val,M,3.099625,16.646059
val,M,2.0770416,16.519194
val,M,2.4265,13.595976
val,M,3.984347,14.297407
val,M,5.4409165,16.464819
val,M,5.9260974,14.759327
val,M,5.452472,13.299031
val,M,4.649542,11.759539
val,M,3.4120696,11.823863
val,M,1.9689167,11.868874
val,M,0.7140833,11.757476
val,M,0.118152775,12.275204
val,M,0.059166666,7.5696297
val,M,0.04140278,3.6220393
val,M,0.022097223,2.7975545
val,M,0.018347222,6.9065223
val,M,0.015111111,8.604679
val,M,0.017347222,12.558828
val,M,0.017375,12.662062
val,M,0.0185,7.915443
val,M,0.017888889,7.721191
val,M,0.016430555,9.158558
val,M,0.016430555,4.3622236
val,M,0.019819444,3.6906414
val,M,0.022083333,4.2820845
val,M,0.021333333,4.7604117
val,M,0.020680556,5.4528613
val,M,0.017638888,5.668566
val,M,0.55775,7.0142026
val,M,2.2165139,5.5934186
val,M,4.027361,3.0593557
val,M,5.3090973,3.2612205
val,M,6.051639,5.058001
val,M,6.342014,7.739548
val,M,6.7797637,8.891756
val,M,7.559597,10.799374
val,M,8.459153,11.348412
val,M,9.226694,5.474382
val,M,9.693973,3.7161002
val,M,9.74825,3.3117266
val,M,9.6166115,2.0530455
val,M,9.657833,1.7003565
val,M,10.00675,1.7855595
val,M,10.511056,2.133128
val,M,10.990528,2.207478
val,M,11.456583,3.0080473
val,M,11.983556,3.030715
val,M,12.377014,2.1236396
val,M,12.503125,4.1510506
val,M,12.492319,9.832097
val,M,12.373375,14.963087
val,M,12.147889,18.258728
val,M,11.938375,15.780712
val,M,11.77875,8.697485
val,M,11.577389,9.129921
val,M,11.431848,10.603298
val,M,11.506763,9.478106
val,M,11.697166,9.585489
val,M,11.815153,9.693759
val,M,11.75275,11.036792
val,M,11.640513,9.532242
val,M,11.652181,5.7938976
val,M,11.72932,7.9376516
val,M,11.732125,8.705396
val,M,11.52093,8.767162
val,M,11.204861,8.739046
val,M,11.025903,6.673822
val,M,11.047778,6.2138443
val,M,11.182236,4.917861
val,M,11.343764,5.746665
val,M,11.538819,6.8341875
val,M,11.706069,8.938464
val,M,11.727153,7.9553103
val,M,11.240444,6.197832
val,M,9.810098,7.322433
val,M,7.5894446,6.7896934
val,M,5.2159305,4.9380584
val,M,4.187,6.2631183
val,M,5.258111,5.876761
val,M,7.318681,3.3769393
val,M,9.365556,5.422831
val,M,10.972736,8.118495
val,M,12.002209,9.004482
val,M,12.6281805,5.8881707
val,M,13.06225,3.1314015
val,M,13.345278,7.2656293
val,M,13.457181,11.795197
val,M,13.386764,12.851283
val,M,13.213708,12.617048
val,M,13.079181,16.856724
val,M,12.96743,13.957653
val,M,12.859487,11.921028
val,M,12.758417,13.458294
val,M,12.339986,11.005974
val,M,11.991305,9.180026
val,M,11.744861,9.726629
val,M,11.326167,8.881937
val,M,11.266472,9.730896
val,M,11.707472,10.553226
val,M,12.031597,9.614708
val,M,11.895541,10.394772
val,M,11.6889305,11.525917
val,M,11.533153,11.538897
val,M,11.323625,11.545386
val,M,10.739583,9.081563
val,M,9.911597,8.628006
val,M,9.165931,8.761307
val,M,8.670111,9.581306
val,M,8.647264,9.635873
val,M,8.887875,12.636961
val,M,9.151709,15.419961
val,M,9.572903,11.305111
val,M,10.0720415,8.017449
val,M,10.46693,8.234257
val,M,10.725667,6.69854
val,M,10.633111,5.30465
val,M,10.167167,4.7931027
val,M,9.586875,5.6092663
val,M,9.195736,13.665707
val,M,9.058153,18.895195
val,M,9.271222,13.195591
val,M,9.740916,15.311405
val,M,10.094347,18.08471
val,M,10.162292,15.041961
val,M,9.915236,11.6490345
val,M,9.497042,12.643688
val,M,9.178889,12.92881
val,M,9.274792,12.963658
val,M,9.617986,11.59357
val,M,9.705347,13.671781
val,M,9.582027,16.457642
val,M,9.488861,14.250825
val,M,9.4192915,12.632891
val,M,9.216945,12.519011
val,M,8.829958,18.125431
val,M,8.188541,19.011726
val,M,7.3359027,14.137163
val,M,6.6282363,11.435732
val,M,6.172611,10.372948
val,M,5.812278,10.4284115
val,M,5.4670973,10.71379
val,M,5.4444165,10.458766
val,M,5.6745834,9.814557
val,M,5.8766527,11.3654175
val,M,6.062667,11.644819
val,M,6.08325,7.6124415
val,M,6.161139,4.757035
val,M,6.3532915,3.30513
val,M,6.0297084,7.027615
val,M,5.5534167,9.9535675
val,M,5.4835277,7.147937
val,M,5.3509445,13.422823
val,M,5.0252776,15.473181
val,M,4.366625,9.822704
val,M,3.4171388,10.439264
val,M,2.4957778,11.020833
val,M,1.7630278,8.373883
val,M,1.2670972,8.496153
val,M,0.79693055,11.344791
val,M,0.30094445,14.943711
val,M,0.033708334,13.605425
val,M,0.016555555,11.586777
val,M,0.015236111,8.88405
val,M,0.017597223,11.544223
val,M,0.023791667,12.397876
val,M,0.024833333,10.998338
val,M,0.030402778,8.417387
val,M,0.24213889,6.915947
val,M,0.88925,6.485748
val,M,1.8893472,11.238403
val,M,2.8378055,12.561762
val,M,3.6270833,8.88014
val,M,4.226097,5.52455
val,M,4.4582915,3.1141891
val,M,4.477361,2.5339198
val,M,4.4579444,4.6551156
val,M,4.456111,5.001689
val,M,4.471264,1.841164
val,M,4.5370555,0.8038456
val,M,4.6056666,5.234396
val,M,4.825847,9.1178875
val,M,5.209903,8.331249
val,M,5.5603056,9.228514
val,M,5.98,9.426961
val,M,6.5319443,9.570956
val,M,7.251639,10.502513
val,M,8.038195,10.787546
val,M,8.610431,11.20439
val,M,8.759389,8.84727
val,M,8.626153,8.398651
val,M,8.28225,13.033436
val,M,7.618486,15.177771
val,M,7.342389,11.576561
val,M,7.9739585,9.34985
val,M,9.0065975,8.121067
val,M,9.888125,10.35014
val,M,10.218736,8.853806
val,M,10.072889,6.8441434
val,M,9.804625,6.8065143
val,M,9.69993,6.829646
val,M,9.9354725,7.84026
val,M,10.33668,7.687511
val,M,10.695764,8.003634
val,M,10.851556,8.013529
val,M,10.747889,6.3863626
val,M,10.4245,4.08555
val,M,9.815042,3.7651527
val,M,8.961847,3.8644257
val,M,8.0035,3.9485583
val,M,7.04225,3.9603438
val,M,6.3031945,4.1216993
val,M,5.8453193,4.3162518
val,M,5.359486,4.194466
val,M,4.851792,4.755229
val,M,4.535681,4.570478
val,M,4.4545417,3.0118594
val,M,4.741389,3.317687
val,M,4.97575,4.37651
val,M,4.931972,4.0690064
val,M,5.1109166,4.1969523
val,M,5.5512223,7.3857923
val,M,5.9645414,14.066763
val,M,6.3129168,14.600519
val,M,6.596236,10.589983
val,M,6.787667,9.241049
val,M,6.8942637,13.830471
val,M,6.960111,16.028696
val,M,6.9998193,11.025749
val,M,6.9077916,8.978603
val,M,6.566583,9.892387
val,M,6.1571665,12.323797
val,M,5.958153,12.935221
val,M,6.1900415,12.95419
val,M,6.937903,14.52776
val,M,7.6959305,12.8730755
val,M,8.237987,12.946249
val,M,8.732403,15.487601
val,M,9.095403,13.511997
val,M,9.385417,12.682283
val,M,9.747958,9.385012
val,M,10.23575,3.8400216
val,M,10.702361,3.3211036
val,M,11.101277,2.1855054
val,M,11.641666,3.076665
val,M,12.1409445,7.258209
val,M,12.4625,6.03639
val,M,12.662861,2.0257285
val,M,12.650458,0.44051462
val,M,12.450236,2.5148911
val,M,12.257055,8.866332
val,M,12.18775,7.1606865
val,M,12.20025,3.5663652
val,M,12.225847,1.1190124
val,M,12.216181,0.79514474
val,M,12.100486,2.311241
val,M,11.870611,8.521217
val,M,11.633805,12.11273
val,M,11.3504305,12.778565
val,M,10.942139,10.995434
val,M,10.639556,10.972366
val,M,10.718458,10.720495
val,M,11.047694,9.541961
val,M,11.394542,9.775749
val,M,11.707694,8.896126
val,M,12.006708,5.8458676
val,M,12.268666,5.0724835
val,M,12.437041,5.7749286
val,M,12.432292,6.0930686
val,M,12.2265415,4.5508714
val,M,12.062875,3.6634278
val,M,12.135445,3.4367657
val,M,12.346639,3.444384
val,M,12.591084,3.4542599
val,M,12.828347,3.4256277
val,M,13.040903,3.6636622
val,M,13.346056,3.8440049
val,M,13.7450695,4.0448575
val,M,13.987722,4.3130074
val,M,13.967597,4.667173
val,M,13.771139,4.7383485
val,M,13.51068,4.6940894
val,M,13.25218,4.878019
val,M,13.0037365,5.039619
val,M,12.860598,5.255049
val,M,12.819195,5.348595
val,M,12.793875,5.5023355
val,M,12.752542,5.810097
val,M,12.414763,5.711083
val,M,11.504306,5.6407375
val,M,10.204166,5.520274
val,M,9.089681,6.2171216
val,M,8.611459,5.4560366
val,M,8.707152,6.379642
val,M,9.235139,9.139889
val,M,9.94818,5.7016664
val,M,10.326555,1.2561824
val,M,10.408083,0.47642708
val,M,10.647458,0.53826475
val,M,10.972195,2.1665883
val,M,11.063736,5.1437564
val,M,10.886389,5.212601
val,M,10.685445,6.23076
val,M,10.610583,11.767239
val,M,10.570514,9.379374
val,M,10.567028,4.873808
val,M,10.636528,4.7560506
val,M,10.727111,3.6443622
val,M,10.834861,5.0518937
val,M,10.977917,8.314563
val,M,11.122528,7.813713
val,M,11.238958,8.940281
val,M,11.330459,8.690658
val,M,11.356556,7.7525434
val,M,11.220125,4.838592
val,M,10.829458,4.0538216
val,M,10.356653,4.9909806
val,M,9.831986,5.4032254
val,M,9.286597,3.9548984
val,M,9.057083,2.324016
val,M,9.31475,3.9388509
val,M,9.868292,10.453037
val,M,10.404639,12.379283
val,M,10.798264,8.631303
val,M,11.054764,5.5975776
val,M,11.260486,4.7020626
val,M,11.446139,5.9085803
val,M,11.6218195,6.3725753
val,M,11.781944,7.59693
val,M,11.788333,7.1168213
val,M,11.643431,7.014976
val,M,11.512667,6.744666
val,M,11.426736,6.3501554
val,M,11.3705,6.2089458
val,M,11.351597,6.267986
val,M,11.373889,6.051234
val,M,11.426139,5.419081
val,M,11.412472,5.0250435
val,M,11.416903,5.6239576
val,M,11.771584,6.8666325
val,M,12.436597,6.9160485
val,M,13.121083,6.3418746
val,M,13.719973,6.319758
val,M,14.104875,6.35385
val,M,14.206944,6.3096585
val,M,14.120611,6.311048
val,M,13.9094305,6.2227035
val,M,13.690875,6.467063
val,M,13.45168,6.4439735
val,M,13.059028,6.964478
val,M,12.417347,7.2708297
val,M,11.348945,7.0839853
val,M,9.77475,7.150158
val,M,7.975611,7.1832247
val,M,6.0570693,6.854761
val,M,4.2860694,6.3198614
val,M,3.0922084,6.637716
val,M,2.259625,6.9984465
val,M,1.350125,6.6413627
val,M,0.47354168,6.620786
val,M,0.074194446,6.54209
val,M,0.025041666,6.4686584
val,M,0.020027777,6.5490637
val,M,0.015875,6.430799
val,M,0.019222222,6.7015195
val,M,0.025263889,6.6844335
val,Y1,3.2724721,7.506455
val,Y1,4.0361667,7.5182557
val,Y1,4.66575,7.0526967
val,Y1,4.9021945,7.2898836
val,Y1,4.8931527,7.143501
val,Y1,4.866847,6.470889
val,Y1,4.827389,6.2651744
val,Y1,4.7208056,6.5911226
val,Y1,4.527625,7.7151456
val,Y1,4.21025,7.3572345
val,Y1,3.5333471,6.1133285
val,Y1,2.6105695,7.559237
val,Y1,1.7118889,8.338024
val,Y1,0.91593057,10.017224
val,Y1,0.35043055,10.266957
val,Y1,0.086125,6.94357
val,Y1,0.024972223,10.845312
val,Y1,0.021833334,14.9791355
val,Y1,0.024166666,9.61162
val,Y1,0.024847222,7.5069923
val,Y1,0.02575,8.306937
val,Y1,0.042166665,9.096582
val,Y1,0.284,7.6290364
val,Y1,0.7812222,6.8003016
val,Y1,1.3260417,7.770327
val,Y1,1.9125278,6.9380755
val,Y1,2.4304583,4.8528104
val,Y1,2.6381388,2.4837105
val,Y1,2.25425,1.9458013
val,Y1,1.4279306,2.5914347
val,Y1,0.55043054,3.055345
val,Y1,0.06620833,4.094957
val,Y1,0.01586111,5.2791457
val,Y1,0.014652777,6.587059
val,Y1,0.017444445,5.6951375
val,Y1,0.019458333,4.9757595
val,Y1,0.016555555,3.6298141
val,Y1,0.01761111,1.9224522
val,Y1,0.019111112,3.620177
val,Y1,0.013611111,8.055712
val,Y1,0.012430555,10.855883
val,Y1,0.017888889,8.634462
val,Y1,0.020069445,7.751037
val,Y1,0.022041667,7.201815
val,Y1,0.022930555,7.4088664
val,Y1,0.01825,8.346341
val,Y1,0.0150138885,8.411615
val,Y1,0.017361112,7.100655
val,Y1,0.017152777,6.10142
val,Y1,0.01675,7.9356217
val,Y1,0.016541667,9.09544
val,Y1,0.014375,7.3237605
val,Y1,0.014402778,6.835839
val,Y1,0.015583334,6.028256
val,Y1,0.017013889,5.939075
val,Y1,0.015027778,6.9614186
val,Y1,0.0136388885,6.38539
val,Y1,0.017,7.2068734
val,Y1,0.015791666,8.046323
val,Y1,0.014777778,9.0572605
val,Y1,0.024388889,9.766525
val,Y1,0.029972222,8.092485
val,Y1,0.02476389,7.7394323
val,Y1,0.021625,11.365475
val,Y1,0.020569444,13.404684
val,Y1,0.018791666,11.981583
val,Y1,0.017583333,9.550773
val,Y1,0.016097222,8.9391575
val,Y1,0.018680556,8.627188
val,Y1,0.018069444,9.819174
val,Y1,0.015,10.40065
val,Y1,0.016402777,8.9488325
val,Y1,0.017319445,6.7293673
val,Y1,0.015819445,6.8982444
val,Y1,0.015791666,9.027333
val,Y1,0.016625,12.599144
val,Y1,0.012888889,12.6626215
val,Y1,0.012361111,9.096416
val,Y1,0.01375,8.732014
val,Y1,0.015888888,10.796224
val,Y1,0.016972221,8.573083
val,Y1,0.014777778,6.512467
val,Y1,0.01673611,7.4106674
val,Y1,0.02136111,10.463674
val,Y1,0.021875,11.928971
val,Y1,0.016652778,8.477478
val,Y1,0.011888889,8.238806
val,Y1,0.0133472225,7.1839805
val,Y1,0.015402778,10.537006
val,Y1,0.011833333,10.261341
val,Y1,0.013041667,7.4677033
val,Y1,0.016458333,9.609016
val,Y1,0.016597223,9.209284
val,Y1,0.016847223,7.7622886
val,Y1,0.016347222,7.2963233
val,Y1,0.015152778,7.089471
val,Y1,0.016402777,6.610737
val,Y1,0.01625,7.3340616
val,Y1,0.016472222,7.006456
val,Y1,0.016791666,6.5326123
val,Y1,0.013236111,6.315333
val,Y1,0.014652777,6.6496835
val,Y1,0.017347222,7.153404
val,Y1,0.01726389,6.793128
val,Y1,0.013958333,7.129901
val,Y1,0.0145,7.1053414
val,Y1,0.016458333,6.4958262
val,Y1,0.014569445,6.4046235
val,Y1,0.015305555,6.5954065
val,Y1,0.015180555,6.790735
val,Y1,0.01913889,6.3130016
val,Y1,0.017277777,6.650019
val,Y1,0.01225,7.960116
val,Y1,0.013569444,8.437992
val,Y1,0.014347223,8.761097
val,Y1,0.012708333,8.820686
val,Y1,0.010513889,12.649885
val,Y1,0.012861111,18.8723
val,Y1,0.015291667,10.839336
val,Y1,0.016027778,10.389725
val,Y1,0.017291667,10.894875
val,Y1,0.020986112,9.790696
val,Y1,0.018402778,9.566118
val,Y1,0.012819445,8.808922
val,Y1,0.014319444,8.553457
val,Y1,0.015944444,8.120277
val,Y1,0.014166667,6.125817
val,Y1,0.013930555,9.405023
val,Y1,0.012805556,10.127098
val,Y1,0.013625,8.298866
val,Y1,0.020055555,8.000692
val,Y1,0.022458334,10.885965
val,Y1,0.018583333,12.065202
val,Y1,0.016361112,8.659908
val,Y1,0.018652778,7.363233
val,Y1,0.020625,8.496365
val,Y1,0.020861112,10.34589
val,Y1,0.017333332,9.8453045
val,Y1,0.018291667,11.020296
val,Y1,0.018194444,9.865353
val,Y1,0.015152778,9.172173
val,Y1,0.015569445,9.126817
val,Y1,0.0144305555,9.545117
val,Y1,0.014611111,11.250363
val,Y1,0.017944444,9.423833
val,Y1,0.018791666,7.4688764
val,Y1,0.015888888,4.278536
val,Y1,0.013736111,9.721178
val,Y1,0.014736111,15.661431
val,Y1,0.014541667,11.362311
val,Y1,0.010916667,10.125054
val,Y1,0.012180556,13.0740185
val,Y1,0.014958333,12.256945
val,Y1,0.014652777,7.5202537
val,Y1,0.0154444445,8.428339
val,Y1,0.015138889,9.396097
val,Y1,0.016208334,10.420792
val,Y1,0.17445834,9.425863
val,Y1,0.40859723,8.270244
val,Y1,0.55690277,9.66258
val,Y1,0.8831667,9.718264
val,Y1,1.1673194,10.732526
val,Y1,1.0764722,9.991907
val,Y1,0.7220278,13.517102
val,Y1,0.38090277,12.632412
val,Y1,0.23219444,6.820197
val,Y1,0.14141667,9.043577
val,Y1,0.052875,10.428709
val,Y1,0.011569444,9.135666
val,Y1,0.01573611,13.2449
val,Y1,0.037458334,10.973883
val,Y1,0.3263889,8.970205
val,Y1,0.8349444,9.8930645
val,Y1,1.0287639,8.097074
val,Y1,0.58241665,8.52651
val,Y1,0.09847222,10.313132
val,Y1,0.08195833,11.334967
val,Y1,0.15783334,7.5442452
val,Y1,0.109513886,10.948486
val,Y1,0.106458336,11.426153
val,Y1,0.9366111,8.40383
val,Y1,2.3517084,14.426608
val,Y1,3.4503472,15.376802
val,Y1,4.33025,9.864471
val,Y1,4.928403,10.751729
val,Y1,5.2175694,11.939659
val,Y1,5.698125,8.661535
val,Y1,6.286556,8.178998
val,Y1,6.555639,7.133055
val,Y1,6.6921387,8.04654
val,Y1,6.889694,9.679149
val,Y1,7.073167,9.548211
val,Y1,6.8265557,9.032613
val,Y1,6.1151805,11.268496
val,Y1,5.071625,13.480904
val,Y1,3.626375,9.1972065
val,Y1,2.1644444,8.221985
val,Y1,1.0835278,9.263328
val,Y1,0.5215833,8.65415
val,Y1,0.31561112,8.247286
val,Y1,0.14980556,9.047775
val,Y1,0.029291667,9.120108
val,Y1,0.020055555,8.6515665
val,Y1,0.019208333,9.710265
val,Y1,0.018986112,8.239282
val,Y1,0.017236112,10.347771
val,Y1,0.018375,11.679453
val,Y1,0.07238889,11.672249
val,Y1,0.6625417,11.815053
val,Y1,1.8485,9.478042
val,Y1,2.7335835,14.367651
val,Y1,3.2072778,13.440789
val,Y1,4.1391807,9.0017185
val,Y1,4.971375,10.555339
val,Y1,5.0848055,13.804639
val,Y1,4.9367223,9.941992
val,Y1,4.640625,11.172266
val,Y1,4.3145137,13.644499
val,Y1,3.929,10.774849
val,Y1,3.4380417,10.6731415
val,Y1,3.2117639,10.1133
val,Y1,3.917361,9.386669
val,Y1,4.7901945,8.70126
val,Y1,5.278514,7.7178864
val,Y1,5.9398193,9.252626
val,Y1,6.647,9.507623
val,Y1,7.2645,9.502081
val,Y1,7.9140835,12.0207405
val,Y1,8.659513,10.414331
val,Y1,9.37982,9.704501
val,Y1,10.074695,13.17538
val,Y1,10.597417,12.2851925
val,Y1,10.861195,8.245619
val,Y1,11.224195,8.2622595
val,Y1,11.7699585,12.218956
val,Y1,12.298195,15.702162
val,Y1,12.764042,13.5511055
val,Y1,13.279458,11.039312
val,Y1,13.804611,11.781433
val,Y1,14.016848,11.253537
val,Y1,13.850472,9.6199665
val,Y1,13.757916,8.136482
val,Y1,14.014472,9.277727
val,Y1,14.342944,10.710955
val,Y1,14.741722,11.564006
val,Y1,15.393389,14.527941
val,Y1,16.10279,14.61561
val,Y1,16.692305,12.996225
val,Y1,17.145416,15.091577
val,Y1,17.576653,14.944188
val,Y1,18.009972,10.835084
val,Y1,18.44464,6.3252053
val,Y1,18.931889,11.499611
val,Y1,19.217154,12.384555
val,Y1,19.249666,9.098458
val,Y1,19.183666,6.932856
val,Y1,20.147,7.823169
val,Y1,20.67904,7.9087443
val,Y1,20.33336,6.0342135
val,Y1,20.230556,10.469969
val,Y1,20.010292,15.047482
val,Y1,19.830236,17.625332
val,Y1,19.478083,15.363304
val,Y1,19.323584,14.113562
val,Y1,19.323944,10.17103
val,Y1,19.274763,8.75951
val,Y1,19.232111,11.3245735
val,Y1,19.407291,15.262856
val,Y1,19.512793,13.9984865
val,Y1,19.22725,11.815523
val,Y1,18.865208,12.785931
val,Y1,18.533625,10.555574
val,Y1,18.21404,11.054899
val,Y1,18.197763,11.313972
val,Y1,18.38293,9.649041
val,Y1,18.400625,9.966108
val,Y1,18.215569,11.417838
val,Y1,17.849264,9.814804
val,Y1,15.528736,6.565497
val,Y1,10.505472,7.9665923
val,Y1,6.945903,21.330711
val,Y1,6.6250696,18.251768
val,Y1,7.6330557,6.8669534
val,Y1,10.197166,5.1084814
val,Y1,14.880083,4.3370795
val,Y1,17.60132,8.535056
val,Y1,17.459097,10.1793785
val,Y1,17.433971,11.0540695
val,Y1,17.368986,11.424641
val,Y1,17.247375,10.812769
val,Y1,17.22368,10.524517
val,Y1,17.363792,9.447055
val,Y1,17.474,9.404274
val,Y1,17.168417,7.2820354
val,Y1,16.481375,13.112825
val,Y1,15.852153,12.008692
val,Y1,15.462916,8.56819
val,Y1,15.399487,13.58917
val,Y1,15.599264,12.051543
val,Y1,15.876805,9.411522
val,Y1,16.197666,10.319992
val,Y1,16.542347,10.539978
val,Y1,16.911625,11.285403
val,Y1,17.303194,10.1265545
val,Y1,17.722416,11.881371
val,Y1,18.063972,13.261896
val,Y1,18.130985,9.899857
val,Y1,18.01668,11.322943
val,Y1,17.946514,11.515736
val,Y1,17.947111,11.256152
val,Y1,17.939264,16.223106
val,Y1,17.936111,16.774734
val,Y1,17.95561,12.50926
val,Y1,17.96089,10.933246
val,Y1,17.98543,9.311211
val,Y1,18.053389,13.229281
val,Y1,17.994736,9.44284
val,Y1,17.959625,7.5460744
val,Y1,17.972279,10.722071
val,Y1,17.936861,11.167608
val,Y1,17.905598,9.589384
val,Y1,17.828222,11.3200245
val,Y1,17.521791,12.63415
val,Y1,17.505556,14.4968815
val,Y1,17.654417,12.497564
val,Y1,17.514875,8.60988
val,Y1,17.521166,6.8972573
val,Y1,17.622139,10.239752
val,Y1,17.777472,10.075539
val,Y1,17.958347,12.780218
val,Y1,18.166666,14.056343
val,Y1,18.259874,11.719864
val,Y1,18.320765,12.293707
val,Y1,18.403486,12.130199
val,Y1,18.429375,12.790346
val,Y1,18.246305,10.805328
val,Y1,17.864319,7.0196204
val,Y1,17.491459,6.4445043
val,Y1,17.0625,7.192077
val,Y1,16.828028,8.104278
val,Y1,16.736431,7.8373246
val,Y1,16.610374,7.7414346
val,Y1,16.498514,6.824135
val,Y1,16.375292,6.060231
val,Y1,16.284555,5.9788766
val,Y1,16.333,6.6903367
val,Y1,16.406403,7.905815
val,Y1,16.600973,9.418631
val,Y1,16.943472,9.513401
val,Y1,17.140194,7.912516
val,Y1,17.262388,7.552601
val,Y1,17.362,7.3916826
val,Y1,17.45836,7.26269
val,Y1,17.46107,7.2589164
val,Y1,17.376625,7.0694904
val,Y1,17.299917,7.183072
val,Y1,17.230347,6.8274283
val,Y1,17.15071,6.6288714
val,Y1,17.001583,6.3721538
val,Y1,16.745125,6.209316
val,Y1,16.371098,6.426105
val,Y1,15.884848,6.3734756
val,Y1,15.227597,6.759558
val,Y1,14.467389,7.252583
val,Y1,13.912389,7.2702413
val,Y1,13.5477915,6.8176155
val,Y1,13.13325,6.8734426
val,Y1,12.735473,7.3051353
val,Y1,12.301431,7.063118
val,Y1,12.051306,6.7148185
val,Y1,12.163889,6.429424
val,Y1,12.404347,6.4491844
val,Y1,12.730306,6.7439847
val,Y1,13.097153,8.205811
val,Y1,13.375139,8.413
val,Y1,13.394444,7.8890986
val,Y1,13.100166,7.8550096
val,Y1,12.041708,7.284618
val,Y1,10.301139,6.8342166
val,Y1,9.568375,7.1118703
val,Y1,9.640667,7.9144397
val,Y1,9.274777,7.2767167
val,Y1,9.511945,6.0813904
val,Y1,10.182472,6.0288367
val,Y1,10.268222,6.9127426
val,Y1,10.024917,7.428758
val,Y1,9.810875,6.7825227
val,Y1,9.756708,6.307761
val,Y1,9.860042,6.6889205
val,Y1,10.142097,6.8711553
val,Y1,10.527014,6.918343
val,Y1,10.8805,7.9284906
val,Y1,11.2034025,8.29972
val,Y1,11.534653,8.364666
val,Y1,11.828042,8.661591
val,Y1,11.961667,8.296536
val,Y1,11.976722,7.105825
val,Y1,11.93557,6.132337
val,Y1,11.9064865,6.9146795
val,Y1,11.896264,7.4007525
val,Y1,11.507903,6.7165694
val,Y1,10.652903,5.9000072
val,Y1,9.487597,5.7913523
val,Y1,8.215083,6.123465
val,Y1,7.389375,6.2988343
val,Y1,7.3343472,6.6785674
val,Y1,7.834361,6.8755574
val,Y1,8.550361,6.2828813
val,Y1,9.259973,6.050451
val,Y1,9.774195,6.3305135
val,Y1,9.996764,6.9245105
val,Y1,10.094014,6.644419
val,Y1,10.072473,6.8417172
val,Y1,9.943306,7.204677
val,Y1,10.022889,6.717633
val,Y1,10.348722,7.0920854
val,Y1,10.684875,7.2640657
val,Y1,10.914319,6.940066
val,Y1,10.932028,6.8935323
val,Y1,10.772611,6.889922
val,Y1,10.579708,5.9430747
val,Y1,10.375986,6.029372
val,Y1,10.158597,6.9453125
val,Y1,9.228861,8.436459
val,Y1,7.792028,6.9173408
val,Y1,6.659236,6.494941
val,Y1,5.6275554,8.612022
val,Y1,5.0069165,8.757967
val,Y1,4.8743057,9.091965
val,Y1,5.2215695,8.58246
val,Y1,5.7111526,8.452767
val,Y1,5.8811946,8.856046
val,Y1,5.9721947,8.235273
val,Y1,5.8419166,7.8281174
val,Y1,5.325,7.0574813
val,Y1,4.404139,6.292731
val,Y1,3.5350277,7.7575593
val,Y1,2.7463195,8.350298
val,Y1,1.734125,8.1508875
val,Y1,0.84033334,8.019764
val,Y1,0.2518889,8.14999
val,Y1,0.029625,8.874855
val,Y1,0.018888889,9.853931
val,Y1,0.017111111,9.746957
val,Y1,0.021638889,9.165657
val,Y1,0.021291668,9.780802
val,Y1,0.020541666,10.09618
val,Y1,0.018902779,9.608519
val,Y1,0.016208334,6.8258443
val,Y1,0.019194445,6.451321
val,Y1,0.018847222,7.501335
val,Y1,0.015486111,7.6811867
val,Y1,0.02088889,6.7267275
val,Y1,0.024236111,6.5665154
val,Y1,0.020361455,6.9999766
val,Y1,0.017849453,6.194447
val,Y1,0.01806097,6.635678
val,Y1,0.01806425,7.1954904
val,Y1,0.018067531,7.1294236
val,Y1,0.018070811,7.0868006
val,Y1,0.018074092,6.9432626
val,Y1,0.018077374,6.711858
val,Y1,0.018080654,6.580605
val,Y1,0.018083936,6.1437097
val,Y1,0.018087216,6.54164
val,Y1,0.018090496,7.058912
val,Y1,0.018093778,6.3265615
val,Y1,0.018097058,5.862202
val,Y1,0.01810034,6.0082316
val,Y1,0.01810362,6.180558
val,Y1,0.0181069,6.1497874
val,Y1,0.018110182,6.786797
val,Y1,0.018113462,6.9453926
val,Y1,0.018116742,6.4302535
val,Y1,0.018120024,6.712041
val,Y1,0.018123304,6.697581
val,Y1,0.018126586,6.6249814
val,Y1,0.018129867,6.1993375
val,Y1,0.018133147,7.178386
val,Y1,0.018136429,6.982043
val,Y1,0.018139709,6.1392846
val,Y1,0.01814299,8.299312
val,Y1,0.01814627,10.788276
val,Y1,0.018149551,10.250339
val,Y1,0.018152833,9.351221
val,Y1,0.018156113,8.405681
val,Y1,0.018159393,7.854626
val,Y1,0.018162675,7.756025
val,Y1,0.018165955,7.22006
val,Y1,0.018169237,7.535641
val,Y1,0.018172517,6.8927937
val,Y1,0.018175798,5.9101157
val,Y1,0.01817908,6.0994735
val,Y1,0.01818236,6.8460298
val,Y1,0.018185642,7.2716403
val,Y1,0.018188922,7.075462
val,Y1,0.018192202,6.586677
val,Y1,0.018195484,6.407306
val,Y1,0.018198764,6.773337
val,Y1,0.018202046,6.8502345
val,Y1,0.018205326,6.415254
val,Y1,0.018208606,6.2543025
val,Y1,0.018211888,6.694198
val,Y1,0.018215168,6.639917
val,Y1,0.018218448,6.3765674
val,Y1,0.01822173,6.4802423
val,Y1,0.01822501,6.8983912
val,Y1,0.018228292,6.66102
val,Y1,0.018231573,6.4658475
val,Y1,0.018234853,6.6645284
val,Y1,0.018238135,7.064607
val,Y1,0.018241415,6.775462
val,Y1,0.018244697,6.5878153
val,Y1,0.018247977,7.014873
val,Y1,0.018251257,6.7589107
val,Y1,0.018254539,6.5613112
val,Y1,0.01825782,7.015042
val,Y1,0.018261101,6.948894
val,Y1,0.018264381,6.5226827
val,Y1,0.018267661,6.151049
val,Y1,0.018270943,6.696072
val,Y1,0.018274223,6.8838468
val,Y1,0.018277504,6.6084094
val,Y1,0.018280786,9.201748
val,Y1,0.018284066,11.192339
val,Y1,0.018287348,7.4679065
val,Y1,0.018290628,7.208845
val,Y1,0.018293908,9.859111
val,Y1,0.01829719,12.350376
val,Y1,0.01830047,10.354647
val,Y1,0.018303752,6.8365235
val,Y1,0.018307032,7.330293
val,Y1,0.018310312,8.355038
val,Y1,0.018313594,9.465386
val,Y1,0.018316874,8.061879
val,Y1,0.018320154,7.9162984
val,Y1,0.018323436,8.816084
val,Y1,0.018326716,9.47757
val,Y1,0.018329998,10.722578
val,Y1,0.018333279,8.0688
val,Y1,0.018336559,7.128621
val,Y1,0.01833984,9.613521
val,Y1,0.01834312,10.209182
val,Y1,0.018346403,10.212004
val,Y1,0.018349683,12.011875
val,Y1,0.018352963,12.09392
val,Y1,0.018356245,11.040995
val,Y1,0.018359525,10.974159
val,Y1,0.018362807,13.282375
val,Y1,0.018366087,10.666216
val,Y1,0.018369367,11.47662
val,Y1,0.01837265,10.853097
val,Y1,0.01837593,9.139558
val,Y1,0.01837921,9.112677
val,Y1,0.018382492,8.790266
val,Y1,0.018385772,13.110117
val,Y1,0.018389054,14.109601
val,Y1,0.018392334,9.050683
val,Y1,0.018395614,8.3153925
val,Y1,0.018398896,11.17082
val,Y1,0.018402176,11.991125
val,Y1,0.018405458,8.76026
val,Y1,0.018408738,10.611237
val,Y1,0.018412018,11.349168
val,Y1,0.0184153,13.373046
val,Y1,0.01841858,13.867857
val,Y1,0.01842186,13.701815
val,Y1,0.018425142,8.192519
val,Y1,0.018428423,8.662545
val,Y1,0.018431704,9.727694
val,Y1,0.018434985,7.543971
val,Y1,0.018438265,5.5473943
val,Y1,0.018441547,6.8273807
val,Y1,0.018444827,6.875626
val,Y1,0.018448109,6.1280437
val,Y1,0.018451389,6.7191796
val,Y1,0.018454669,7.818014
val,Y1,0.018457951,9.262359
val,Y1,0.018461231,10.430775
val,Y1,0.018464513,10.108517
val,Y1,0.018467793,10.415692
val,Y1,0.018471073,10.450628
val,Y1,0.018474355,8.169354
val,Y1,0.018477635,6.281807
val,Y1,0.018480916,6.0264754
val,Y1,0.018484198,8.39983
val,Y1,0.018487478,8.7975855
val,Y1,0.01849076,9.088421
val,Y1,0.01849404,9.881658
val,Y1,0.01849732,9.307127
val,Y1,0.018500602,8.500133
val,Y1,0.018503882,8.662611
val,Y1,0.018507164,9.420807
val,Y1,0.018510444,9.494627
val,Y1,0.018513724,8.761454
val,Y1,0.018517006,8.884047
val,Y1,0.018520286,9.366197
val,Y1,0.018523568,9.136475
val,Y1,0.018526848,8.871131
val,Y1,0.018530129,8.126375
val,Y1,0.01853341,7.608832
val,Y1,0.01853669,7.9409165
val,Y1,0.01853997,7.7865663
val,Y1,0.018543253,7.0740895
val,Y1,0.018546533,7.3532424
val,Y1,0.018549815,6.7192087
val,Y1,0.018553095,6.1158195
val,Y1,0.018556375,6.0917153
val,Y1,0.018559657,6.5978494
val,Y1,0.018562937,6.7415757
val,Y1,0.01856622,7.3247647
val,Y1,0.0185695,8.51696
val,Y1,0.01857278,8.157949
val,Y1,0.018576061,7.7878575
val,Y1,0.018579341,8.756083
val,Y1,0.018582622,9.033789
val,Y1,0.018585904,8.149168
val,Y1,0.018589184,8.518982
val,Y1,0.018592466,8.774405
val,Y1,0.018595746,12.262743
val,Y1,0.018599026,10.518071
val,Y1,0.018602308,11.89222
val,Y1,0.018605588,12.002104
val,Y1,0.01860887,8.224275
val,Y1,0.01861215,8.359926
val,Y1,0.01861543,8.622852
val,Y1,0.018618712,10.195087
val,Y1,0.018621992,9.326809
val,Y1,0.018625274,9.628823
val,Y1,0.018628554,10.9664135
val,Y1,0.018631835,11.863349
val,Y1,0.018635117,10.982861
val,Y1,0.018638397,7.5398254
val,Y1,0.018641677,7.4988184
val,Y1,0.018644959,9.474343
val,Y1,0.018648239,10.721773
val,Y1,0.01865152,10.930745
val,Y1,0.018654801,11.117144
val,Y1,0.018658081,10.703705
val,Y1,0.018661363,10.437561
val,Y1,0.018664643,11.265297
val,Y1,0.018667925,12.188342
val,Y1,0.018671205,9.878475
val,Y1,0.018674485,9.109564
val,Y1,0.018677767,7.877333
val,Y1,0.018681047,12.598791
val,Y1,0.018684328,29.119287
val,Y1,0.01868761,20.604568
val,Y1,0.01869089,9.624131
val,Y1,0.018694172,10.990597
val,Y1,0.018697452,9.692123
val,Y1,0.018700732,7.988588
val,Y1,0.018704014,7.37577
val,Y1,0.018707294,10.509457
val,Y1,0.018710576,9.988121
val,Y1,0.018713856,11.250513
val,Y1,0.018717136,14.757948
val,Y1,0.018720418,12.560816
val,Y1,0.018723698,8.7883625
val,Y1,0.01872698,8.279184
val,Y1,0.01873026,8.142933
val,Y1,0.01873354,9.212063
val,Y1,0.018736823,9.94386
val,Y1,0.018740103,10.374287
val,Y1,0.018743383,9.167156
val,Y1,0.018746665,8.674862
val,Y1,0.018749945,7.9593835
val,Y1,0.018753227,8.083715
val,Y1,0.018756507,7.7827134
val,Y1,0.018759787,6.2974253
val,Y1,0.018763069,5.4570613
val,Y1,0.01876635,6.222626
val,Y1,0.018769631,6.5182996
val,Y1,0.018772911,6.556496
val,Y1,0.018776191,6.6301036
val,Y1,0.018779473,6.674541
val,Y1,0.018782753,6.725651
val,Y1,0.018786035,6.9796195
val,Y1,0.018789316,6.857798
val,Y1,0.018792596,6.5711226
val,Y1,0.018795878,6.6280923
val,Y1,0.018799158,6.572042
val,Y1,0.018802438,7.0307755
val,Y1,0.01880572,6.868417
val,Y1,0.018809,6.44107
val,Y1,0.018812282,6.5931835
val,Y1,0.018815562,7.0185037
val,Y1,0.018818842,6.803251
val,Y1,0.018822124,6.241431
val,Y1,0.018825404,6.3837385
val,Y1,0.018828686,6.9052334
val,Y1,0.018831966,7.2888227
val,Y1,0.018835247,6.6083775
val,Y1,0.018838529,6.65376
val,Y1,0.018841809,6.867924
val,Y1,0.018845089,6.657851
val,Y1,0.01884837,7.0283504
val,Y1,0.01885165,6.7207766
val,Y1,0.018854933,6.130295
val,Y1,0.018858213,5.8408504
val,Y1,0.018861493,5.9744744
val,Y1,0.018864775,7.0909057
val,Y1,0.018868055,8.231543
val,Y1,0.018871337,8.600258
val,Y1,0.018874617,10.507759
val,Y1,0.018877897,9.651415
val,Y1,0.01888118,9.360199
val,Y1,0.01888446,8.446442
val,Y1,0.016512396,9.753434
val,Y1,0.012819346,10.220248
val,Y1,0.009847222,8.89694
val,Y1,0.011777778,8.742258
val,Y1,0.013375,11.028175
val,Y1,0.011930555,12.678377
val,Y1,0.012986111,11.238366
val,Y1,0.013652778,9.855003
val,Y1,0.013402778,7.8026967
val,Y1,0.05226389,8.07558
val,Y1,0.27926388,10.055729
val,Y1,0.6620139,10.274705
val,Y1,1.1225694,9.872847
val,Y1,1.5672916,6.3519607
val,Y1,1.8522917,7.273767
val,Y1,2.0977917,8.148802
val,Y1,2.516528,8.729478
val,Y1,2.9073195,8.604398
val,Y1,3.0822778,9.29056
val,Y1,3.123,10.086132
val,Y1,2.988875,8.457905
val,Y1,2.400861,5.225334
val,Y1,1.23775,4.701636
val,Y1,0.35059723,8.421192
val,Y1,0.41793054,10.179672
val,Y1,0.90434724,12.688448
val,Y1,1.1666944,12.617563
val,Y1,1.2451528,11.017761
val,Y1,1.2584862,9.894388
val,Y1,1.2060833,10.307531
val,Y1,0.9236111,13.013369
val,Y1,0.36070833,9.416183
val,Y1,0.049694445,7.25224
val,Y1,0.29043055,9.816915
val,Y1,0.8336389,10.1998825
val,Y1,1.5254444,12.2465725
val,Y1,2.165111,16.908989
val,Y1,2.592264,11.365721
val,Y1,2.9049582,6.5811186
val,Y1,3.099347,4.7738404
val,Y1,3.3400555,9.595018
val,Y1,3.8719306,10.607006
val,Y1,4.633861,10.738407
val,Y1,5.4003887,11.988995
val,Y1,5.9755,12.781052
val,Y1,6.205097,10.016271
val,Y1,6.202083,6.8961453
val,Y1,6.1430693,6.262109
val,Y1,5.6445417,5.8974557
val,Y1,4.4175835,9.135271
val,Y1,2.9714305,9.391399
val,Y1,1.8333611,5.5352654
val,Y1,0.97920835,8.652554
val,Y1,0.7131111,9.900393
val,Y1,1.14525,9.397873
val,Y1,1.9634861,7.2950644
val,Y1,2.911,7.8168244
val,Y1,3.8950694,11.502243
val,Y1,4.9987917,10.60022
val,Y1,6.056847,7.40136
val,Y1,6.92075,8.844066
val,Y1,7.6780415,12.344721
val,Y1,8.555166,12.950013
val,Y1,9.535708,12.10642
val,Y1,10.455778,7.5698867
val,Y1,11.2295,7.810592
val,Y1,11.838514,8.683048
val,Y1,12.065348,12.005709
val,Y1,12.080292,14.148371
val,Y1,12.256541,9.911854
val,Y1,12.463305,9.62753
val,Y1,12.484153,9.609452
val,Y1,12.363833,9.238531
val,Y1,12.377277,8.967764
val,Y1,12.587569,6.30983
val,Y1,12.894111,7.0039444
val,Y1,13.342875,9.706425
val,Y1,13.910403,8.662048
val,Y1,14.289,10.329042
val,Y1,14.349764,7.936743
val,Y1,14.23793,11.3256645
val,Y1,14.056916,13.604868
val,Y1,13.9235,10.070678
val,Y1,13.912945,9.658299
val,Y1,13.929861,10.283382
val,Y1,13.819639,12.188374
val,Y1,13.481944,9.221823
val,Y1,12.911153,7.311878
val,Y1,12.06768,11.1068125
val,Y1,10.977597,12.367759
val,Y1,9.694208,12.113403
val,Y1,8.247458,10.400803
val,Y1,6.721208,9.666189
val,Y1,5.1430974,10.722351
val,Y1,3.770347,7.498726
val,Y1,2.8632638,7.1681333
val,Y1,2.2451944,8.08432
val,Y1,1.6204306,8.134896
val,Y1,0.9358472,7.926883
val,Y1,0.34590277,8.613897
val,Y1,0.05976389,7.6804476
val,Y1,0.015722223,7.010383
val,Y1,0.016763888,9.061832
val,Y1,0.023055555,10.581833
val,Y1,0.019694444,9.377047
val,Y1,0.01625,6.9448695
val,Y1,0.016819444,8.346903
val,Y1,0.015611111,11.770266
val,Y1,0.027055556,13.138891
val,Y1,0.27958333,9.255468
val,Y1,1.1204584,8.271885
val,Y1,2.5385833,11.428541
val,Y1,4.137,9.563509
val,Y1,5.582556,8.037599
val,Y1,6.626764,6.481255
val,Y1,7.448111,7.634311
val,Y1,8.34182,7.2189436
val,Y1,9.253695,9.533426
val,Y1,10.030736,15.26454
val,Y1,10.548708,14.686375
val,Y1,10.908389,14.216395
val,Y1,11.162403,13.87764
val,Y1,11.2381525,14.68214
val,Y1,11.214486,14.71501
val,Y1,11.2583475,11.325782
val,Y1,11.380764,12.099916
val,Y1,11.549069,10.427729
val,Y1,11.627264,10.841904
val,Y1,11.690625,17.914036
val,Y1,11.998278,15.127556
val,Y1,12.446569,9.966843
val,Y1,12.832861,13.586176
val,Y1,12.906555,11.388768
val,Y1,12.604611,5.7041125
val,Y1,12.208777,10.096951
val,Y1,11.819458,15.152681
val,Y1,11.562695,14.454002
val,Y1,11.497347,9.243206
val,Y1,11.592292,14.662483
val,Y1,11.844736,15.636436
val,Y1,12.197611,7.7513437
val,Y1,12.646055,7.347132
val,Y1,13.136541,11.820308
val,Y1,13.635959,14.789513
val,Y1,14.11307,15.636797
val,Y1,14.524972,9.04504
val,Y1,14.891111,11.280846
val,Y1,15.283556,12.213171
val,Y1,15.6895,7.8085713
val,Y1,16.079153,6.6808953
val,Y1,16.435097,12.377373
val,Y1,16.510445,13.584493
val,Y1,16.312374,10.852721
val,Y1,16.082624,11.000263
val,Y1,15.7925,12.238675
val,Y1,15.525431,12.360845
val,Y1,15.364264,7.9821897
val,Y1,15.29718,4.4432516
val,Y1,15.331889,3.412589
val,Y1,15.437083,4.880014
val,Y1,15.630931,7.6685004
val,Y1,15.872945,11.4701805
val,Y1,16.082111,11.182142
val,Y1,16.317959,8.36124
val,Y1,16.56143,7.3187814
val,Y1,16.804235,7.0450144
val,Y1,16.988806,8.1834755
val,Y1,16.940416,8.302787
val,Y1,16.799791,8.688413
val,Y1,16.709515,8.622271
val,Y1,16.630598,6.87126
val,Y1,16.607098,7.632704
val,Y1,16.627832,7.0781198
val,Y1,16.653473,5.9777274
val,Y1,16.57868,3.922098
val,Y1,16.313652,1.8281343
val,Y1,16.071583,2.1128213
val,Y1,15.952917,4.5469546
val,Y1,15.895486,8.668046
val,Y1,15.885612,10.8605175
val,Y1,15.966625,8.391292
val,Y1,16.159737,8.860959
val,Y1,16.42125,8.84487
val,Y1,16.705805,7.9614415
val,Y1,16.945333,9.471178
val,Y1,17.098667,9.67403
val,Y1,17.167236,8.704102
val,Y1,17.073889,7.715396
val,Y1,16.726875,8.621918
val,Y1,16.441236,7.19144
val,Y1,16.27557,7.4232836
val,Y1,16.052055,8.25639
val,Y1,15.857653,8.482006
val,Y1,15.649611,7.8684373
val,Y1,15.458333,7.1634936
val,Y1,15.470278,6.4924808
val,Y1,15.5842085,6.656649
val,Y1,15.671958,9.724526
val,Y1,15.92857,11.744713
val,Y1,16.2835,9.596194
val,Y1,16.604347,7.3526716
val,Y1,16.764668,6.794369
val,Y1,16.61789,6.1861844
val,Y1,16.411985,7.0269437
val,Y1,16.44318,7.79045
val,Y1,16.545458,6.609098
val,Y1,16.59143,6.7626815
val,Y1,16.688055,6.4542933
val,Y1,16.914625,6.1944504
val,Y1,17.325945,7.8269973
val,Y1,17.533138,7.189092
val,Y1,17.588041,7.5941663
val,Y1,17.688765,7.5477095
val,Y1,17.78814,5.6099076
val,Y1,18.01582,6.7941866
val,Y1,15.839056,7.798497
val,Y1,13.06975,7.083514
val,Y1,15.074513,8.623587
val,Y1,16.851902,8.816023
val,Y1,16.834139,8.45689
val,Y1,16.396444,7.463075
val,Y1,16.172348,6.627735
val,Y1,17.030987,8.204878
val,Y1,17.049765,9.878445
val,Y1,17.15157,8.516329
val,Y1,17.264833,8.362068
val,Y1,17.388708,9.320063
val,Y1,17.613972,9.774582
val,Y1,17.924862,8.501553
val,Y1,18.118166,8.191776
val,Y1,18.042418,8.619283
val,Y1,17.829348,9.300941
val,Y1,17.694986,10.679893
val,Y1,17.438972,9.875606
val,Y1,17.35868,7.3757043
val,Y1,17.422361,9.406601
val,Y1,17.213015,10.506865
val,Y1,16.877972,9.788905
val,Y1,16.497194,8.352617
val,Y1,14.653625,8.660618
val,Y1,11.107986,10.333281
val,Y1,9.679402,8.780992
val,Y1,10.669209,8.803293
val,Y1,13.229139,8.449417
val,Y1,17.254055,8.982579
val,Y1,18.730694,8.3398905
val,Y1,15.910986,7.491239
val,Y1,14.774458,9.0530815
val,Y1,15.639806,8.009067
val,Y1,15.150069,7.9717355
val,Y1,14.81932,10.420128
val,Y1,14.599305,13.705013
val,Y1,14.439445,12.679164
val,Y1,14.37975,9.559615
val,Y1,14.466695,9.574995
val,Y1,14.660403,6.920121
val,Y1,14.927097,7.917505
val,Y1,15.255542,9.0271015
val,Y1,15.603472,8.16689
val,Y1,15.894764,8.89578
val,Y1,16.031403,6.161113
val,Y1,16.035069,7.2524567
val,Y1,15.958514,7.3003697
val,Y1,15.795806,4.796429
val,Y1,15.670167,8.089412
val,Y1,15.586708,8.656761
val,Y1,15.487111,6.8663483
val,Y1,15.4928055,7.7420406
val,Y1,15.613847,9.629576
val,Y1,15.790944,8.420885
val,Y1,16.003736,7.933127
val,Y1,16.208847,6.6397653
val,Y1,16.425306,7.680547
val,Y1,16.680792,9.392743
val,Y1,16.94293,8.952925
val,Y1,17.042973,8.441902
val,Y1,17.007181,7.636136
val,Y1,16.985374,7.185366
val,Y1,17.008278,10.034546
val,Y1,17.032402,8.1671715
val,Y1,16.965763,4.486478
val,Y1,16.847458,4.6042075
val,Y1,16.70932,5.2097783
val,Y1,16.526806,8.321564
val,Y1,16.304264,11.438716
val,Y1,16.014639,10.88495
val,Y1,15.652833,9.941854
val,Y1,15.421833,10.736496
val,Y1,15.83075,8.649357
val,Y1,16.38975,8.652285
val,Y1,16.132153,10.662801
val,Y1,15.701361,9.654125
val,Y1,15.939764,7.685013
val,Y1,16.322195,9.498522
val,Y1,16.597084,10.943672
val,Y1,17.053375,9.02126
val,Y1,17.541973,6.909418
val,Y1,17.782833,5.2756066
val,Y1,18.050264,5.6575065
val,Y1,18.380556,5.7812185
val,Y1,18.719389,4.346275
val,Y1,18.743181,2.279674
val,Y1,18.442833,1.6029781
val,Y1,18.419737,2.241346
val,Y1,18.479986,6.628801
val,Y1,18.562445,9.3199005
val,Y1,18.631569,10.782247
val,Y1,18.63707,12.012123
val,Y1,18.584986,10.36853
val,Y1,18.483236,8.516848
val,Y1,18.450903,12.745651
val,Y1,18.659708,13.310327
val,Y1,18.975348,11.185425
val,Y1,19.208208,10.342476
val,Y1,19.260666,11.61117
val,Y1,18.989153,9.265375
val,Y1,18.58364,9.782768
val,Y1,18.240389,8.42005
val,Y1,17.957916,6.3573184
val,Y1,17.743792,6.312471
val,Y1,17.578167,6.6734114
val,Y1,17.387875,9.486105
val,Y1,17.162264,8.324474
val,Y1,16.94243,8.122815
val,Y1,16.732056,6.8752484
val,Y1,16.532694,8.837967
val,Y1,16.338028,10.955818
val,Y1,16.169542,7.9630084
val,Y1,15.968792,6.2926006
val,Y1,15.3355,6.468106
val,Y1,14.033806,6.226049
val,Y1,12.2346945,6.501117
val,Y1,10.1695,6.5966964
val,Y1,8.185264,6.8159633
val,Y1,6.4142637,6.6315303
val,Y1,4.717417,6.545616
val,Y1,3.4129722,6.7952013
val,Y1,2.7464583,6.9637437
val,Y1,2.4036806,6.8933835
val,Y1,2.1443195,6.47076
val,Y1,1.8995972,6.490351
val,Y1,1.6124306,6.158705
val,Y1,1.383875,6.3221593
val,Y1,1.3812778,7.0021358
val,Y1,1.5410694,7.0026298
val,Y1,1.7668889,6.0204287
val,Y1,1.9334167,6.9138956
val,Y1,1.9510139,9.021612
val,Y1,1.854125,9.809019
val,Y1,1.6579722,16.413406
val,Y1,1.4030555,16.249462
val,Y1,1.1552222,11.7688
val,Y1,0.9692639,8.392899
val,Y1,0.82773614,6.530579
val,Y1,0.66823614,9.726482
val,Y1,0.48170835,11.780991
val,Y1,0.31780556,10.301727
val,Y1,0.22226389,6.778355
val,Y1,0.17743056,6.138917
val,Y1,0.16455555,7.287882
val,Y1,0.14258334,11.5516
val,Y1,0.09009722,11.906086
val,Y1,0.09144445,8.6027775
val,Y1,0.12488889,11.946332
val,Y1,0.112833336,12.811045
val,Y1,0.06834722,8.940439
val,Y1,0.033444446,6.135034
val,Y1,0.053847224,4.791023
val,Y1,0.18452778,5.6184487
val,Y1,0.3794028,7.30269
val,Y1,0.7252361,7.2459054
val,Y1,1.5228611,7.8629203
val,Y1,2.652,11.578484
val,Y1,3.7925,10.269033
val,Y1,4.6092224,10.516476
val,Y1,4.815875,7.2459564
val,Y1,4.579167,7.1775117
val,Y1,4.084528,7.5937304
val,Y1,3.0785832,7.6750197
val,Y1,1.9010694,6.88747
val,Y1,1.064861,8.137857
val,Y1,0.4745139,7.5227604
val,Y1,0.15147223,7.2946763
val,Y1,0.045763887,6.4050956
val,Y1,0.029680556,6.239657
val,Y1,0.03426389,6.3743978
val,Y1,0.12241667,6.4496427
val,Y1,0.46229166,6.711667
val,Y1,1.005014,6.679581
val,Y1,1.8157083,6.5735526
val,Y1,2.898764,6.288449
val,Y1,3.825361,6.558218
val,Y1,4.2579165,6.3977876
val,Y1,4.2684584,6.637021
val,Y1,4.024903,6.630235
val,Y1,3.5425277,6.733331
val,Y1,3.0542917,7.332263
val,Y1,2.3909721,6.9776635
val,Y1,1.5666945,11.8298645
val,Y1,0.83252776,11.897352
val,Y1,0.26934722,12.279993
val,Y1,0.062416665,12.19378
val,Y1,0.025138889,8.966467
val,Y1,0.0165,10.743851
val,Y1,0.027027778,10.256844
val,Y1,0.029166667,10.915255
val,Y1,0.031597223,9.70413
val,Y1,0.027902778,7.393746
val,Y1,0.015125,9.595707
val,Y1,0.016375,8.493418
val,Y1,0.01825,8.498123
val,Y1,0.020680556,9.4152775
val,Y1,0.022472221,12.606124
val,Y1,0.022277778,9.580725
val,Y1,0.019472223,11.740833
val,Y1,0.019277778,14.320787
val,Y1,0.02,16.90615
val,Y1,0.017833333,16.82621
val,Y1,0.04822222,9.532651
val,Y1,0.32258335,7.4668846
val,Y1,1.1243056,9.861049
val,Y1,2.2275555,10.070671
val,Y1,3.1209862,8.986333
val,Y1,4.085292,9.836073
val,Y1,4.7805557,10.203506
val,Y1,5.0184584,8.463668
val,Y1,5.0344443,8.418804
val,Y1,4.7767363,7.1848116
val,Y1,4.30475,5.874435
val,Y1,3.4813888,8.653158
val,Y1,2.5087361,6.4862275
val,Y1,1.4741806,4.9811826
val,Y1,0.6822639,7.4566455
val,Y1,0.323125,11.706889
val,Y1,0.25893056,13.963052
val,Y1,0.45469445,9.834282
val,Y1,1.0789584,10.824247
val,Y1,2.1722083,11.068575
val,Y1,3.3327222,10.978694
val,Y1,4.297,8.557622
val,Y1,5.1312776,8.623714
val,Y1,5.7576528,9.704052
val,Y1,6.110708,9.167115
val,Y1,6.39275,10.455111
val,Y1,6.7356944,10.933941
val,Y1,6.938597,8.847403
val,Y1,6.9790554,11.014946
val,Y1,7.0875416,11.777864
val,Y1,6.808486,9.829343
val,Y1,5.799097,6.893437
val,Y1,4.462111,8.990987
val,Y1,3.090111,10.394346
val,Y1,1.8565,9.78876
val,Y1,0.93875,8.7879925
val,Y1,0.3333889,7.582997
val,Y1,0.06675,6.9598727
val,Y1,0.03286111,5.755309
val,Y1,0.03811111,5.665198
val,Y1,0.03636111,6.5737653
val,Y1,0.025319444,6.758558
val,Y1,0.029472223,6.4384217
val,Y1,0.02576389,6.582955
val,Y1,0.024430556,6.520786
val,Y1,0.022263888,6.685825
val,Y1,0.019444445,6.9440165
val,Y1,0.02725,7.023763
val,Y1,0.030736111,6.543217
val,Y1,0.024944445,6.6106496
val,Y1,0.022652777,7.2673907
val,Y1,0.020513888,6.6399627
val,Y1,0.021222223,6.804074
val,Y1,0.019694444,7.190082
val,Y1,0.019055555,6.497231
val,Y1,0.019916667,6.6057916
val,Y1,0.017791666,6.9366126
val,Y1,0.052930556,6.511463
val,Y1,0.6020278,6.96079
val,Y1,1.8913472,6.9538865
val,Y1,3.2699027,6.389183
val,Y1,4.5096807,6.9870057
val,Y1,5.342347,7.6421466
val,Y1,5.715653,7.263683
val,Y1,6.1309724,8.406015
val,Y1,6.4310417,8.058394
val,Y1,6.1889305,8.065675
val,Y1,5.248,10.475949
val,Y1,3.9620833,10.332752
val,Y1,2.7592223,7.6226735
val,Y1,1.7597222,6.857991
val,Y1,0.91154164,7.751489
val,Y1,0.27481943,8.918895
val,Y1,0.033625,8.65967
val,Y1,0.028097222,8.06251
val,Y1,0.034986112,15.898093
val,Y1,0.030277777,14.187631
val,Y1,0.03158333,10.045955
val,Y1,0.043583333,9.534968
val,Y1,0.049111113,9.520122
val,Y1,0.04238889,9.928183
val,Y1,0.032680556,11.773871
val,Y1,0.03075,12.487925
val,Y1,0.029888889,11.361399
val,Y1,0.032541666,10.288006
val,Y1,0.030888889,11.013977
val,Y1,0.025888888,13.085046
val,Y1,0.025777778,9.91914
val,Y1,0.031027777,7.640446
val,Y1,0.028652778,8.442461
val,Y1,0.02576389,6.549738
val,Y1,0.031444445,8.44185
val,Y1,0.032375,8.437242
val,Y1,0.025944445,6.570356
val,Y1,0.026972223,5.771758
val,Y1,0.029152777,11.094014
val,Y1,0.030694444,13.373571
val,Y1,0.028944444,10.4779625
val,Y1,0.025888888,6.791254
val,Y1,0.03784722,7.0705485
val,Y1,0.038444445,7.0319963
val,Y1,0.024305556,10.074236
val,Y1,0.022513889,6.7372317
val,Y1,0.16751389,6.458078
val,Y1,1.2986667,9.067942
val,Y1,3.2073195,9.345051
val,Y1,4.856736,9.280474
val,Y1,6.137486,8.860128
val,Y1,7.0616665,10.836618
val,Y1,7.5787363,7.9416585
val,Y1,7.897861,8.132253
val,Y1,8.487875,8.685799
val,Y1,9.438444,6.707409
val,Y1,10.49293,6.408468
val,Y1,11.203195,7.3360324
val,Y1,11.801125,5.579199
val,Y1,12.680986,6.006022
val,Y1,12.98175,6.947814
val,Y1,12.603069,10.309221
val,Y1,12.293125,10.409641
val,Y1,12.110625,9.413673
val,Y1,12.095834,8.47511
val,Y1,12.240181,11.233734
val,Y1,12.413736,12.436709
val,Y1,12.568264,7.0009646
val,Y1,12.545208,9.547487
val,Y1,12.432208,10.172222
val,Y1,12.436402,6.437865
val,Y1,12.5431385,9.798595
val,Y1,12.757639,8.854744
val,Y1,13.067639,17.902956
val,Y1,13.294791,16.680626
val,Y1,13.348778,8.837517
val,Y1,13.362958,11.028465
val,Y1,13.439236,8.313119
val,Y1,13.611167,5.905441
val,Y1,13.869722,8.737745
val,Y1,14.167625,10.354562
val,Y1,14.372097,10.815244
val,Y1,14.379889,7.682509
val,Y1,14.255222,6.5208163
val,Y1,14.090389,7.5449014
val,Y1,13.911847,8.404534
val,Y1,13.703195,10.990702
val,Y1,13.467097,9.995542
val,Y1,13.248264,13.708168
val,Y1,13.032028,10.515241
val,Y1,12.788931,4.5648017
val,Y1,12.582681,5.1839395
val,Y1,12.432597,5.536369
val,Y1,12.278097,8.952452
val,Y1,12.106209,15.865955
val,Y1,11.938347,12.354726
val,Y1,11.785486,11.275061
val,Y1,11.650778,8.805042
val,Y1,11.559028,9.545158
val,Y1,11.564986,8.596434
val,Y1,11.655292,9.937006
val,Y1,11.844055,9.375857
val,Y1,11.974361,11.229567
val,Y1,11.804694,13.952396
val,Y1,11.466681,13.500553
val,Y1,11.127236,11.145903
val,Y1,10.7428055,12.6022
val,Y1,10.372209,18.070429
val,Y1,9.901694,16.398354
val,Y1,9.205722,17.540382
val,Y1,8.426861,18.78107
val,Y1,7.8103194,12.028505
val,Y1,7.4270835,14.452124
val,Y1,7.119236,12.017907
val,Y1,6.873264,6.857514
val,Y1,6.701375,7.254144
val,Y1,6.5811806,9.014908
val,Y1,6.4774723,13.060311
val,Y1,6.3001943,10.409859
val,Y1,6.0127363,6.672583
val,Y1,5.632347,7.730222
val,Y1,5.1944723,10.124918
val,Y1,4.8055415,15.405903
val,Y1,4.359319,15.986913
val,Y1,3.836,10.201508
val,Y1,3.3341527,11.085503
val,Y1,2.780639,5.879846
val,Y1,2.2051806,13.124361
val,Y1,1.6672223,23.322918
val,Y1,1.0773473,15.759298
val,Y1,0.5314861,11.957142
val,Y1,0.18808334,12.660693
val,Y1,0.22229166,18.333519
val,Y1,0.8146389,17.364576
val,Y1,1.8855417,9.205475
val,Y1,2.9524305,9.192911
val,Y1,3.78925,11.227251
val,Y1,4.6214166,12.287329
val,Y1,5.400069,13.118435
val,Y1,6.079639,11.338301
val,Y1,6.7278333,12.537433
val,Y1,7.372611,11.63793
val,Y1,7.8132224,10.421398
val,Y1,8.131778,10.36623
val,Y1,8.320778,8.019641
val,Y1,9.116944,17.869516
val,Y1,10.052917,20.041294
val,Y1,10.363931,12.357889
val,Y1,10.779236,11.068161
val,Y1,11.233903,9.293158
val,Y1,11.625055,8.313053
val,Y1,11.955444,7.679029
val,Y1,12.411028,7.2445827
val,Y1,12.862473,10.384112
val,Y1,13.026292,15.79982
val,Y1,12.967055,13.59749
val,Y1,12.787639,8.9783945
val,Y1,12.609583,6.7631598
val,Y1,12.644139,7.2227206
val,Y1,13.013403,8.627596
val,Y1,13.368764,9.156095
val,Y1,13.347042,9.061218
val,Y1,13.241542,7.5682483
val,Y1,13.22525,8.391562
val,Y1,13.22175,9.56069
val,Y1,13.342944,9.87295
val,Y1,13.5309305,14.555187
val,Y1,13.419639,9.472358
val,Y1,12.735695,6.816161
val,Y1,11.796458,7.0110264
val,Y1,11.068722,11.749821
val,Y1,10.766097,11.67641
val,Y1,10.873902,10.109845
val,Y1,11.163681,13.158159
val,Y1,11.305708,10.869299
val,Y1,11.250139,10.957857
val,Y1,11.252486,7.9630623
val,Y1,11.415264,5.55856
val,Y1,11.634236,8.259096
val,Y1,11.755445,10.102791
val,Y1,11.748472,6.690709
val,Y1,11.646791,7.9056163
val,Y1,11.503375,9.409939
val,Y1,11.390403,6.4026203
val,Y1,11.247444,7.864602
val,Y1,10.866514,8.109524
val,Y1,10.137167,9.575047
val,Y1,9.386167,10.128885
val,Y1,8.703097,10.431572
val,Y1,7.6638055,8.1140175
val,Y1,6.078,6.7205067
val,Y1,4.2617083,13.124892
val,Y1,2.6107361,9.994876
val,Y1,1.1735139,6.488281
val,Y1,0.26620832,9.060698
val,Y1,0.034319445,12.238085
val,Y1,0.037861113,12.668003
val,Y1,0.044069443,7.729939
val,Y1,0.05666667,5.4406195
val,Y1,0.06861111,9.477471
val,Y1,0.05475,11.885639
val,Y1,0.030986112,10.588552
val,Y1,0.024097223,8.64847
val,Y1,0.02738889,8.296387
val,Y1,0.027930556,8.34477
val,Y1,0.031680554,7.4744067
val,Y1,0.035819445,8.893159
val,Y1,0.03259722,8.428007
val,Y1,0.035875,6.218187
val,Y1,0.041666668,6.873964
val,Y1,0.03445833,6.9455423
val,Y1,0.024944445,8.706871
val,Y1,0.023611112,10.1277895
val,Y1,0.030083334,13.014675
val,Y1,0.026305556,11.41931
val,Y1,0.019180555,8.324253
val,Y1,0.018902779,7.340128
val,Y1,0.018930556,9.552347
val,Y1,0.021986112,8.161652
val,Y1,0.018125,11.169418
val,Y1,0.015375,9.953028
val,Y1,0.019763889,6.549504
val,Y1,0.023458334,5.825873
val,Y1,0.03711111,6.443716
val,Y1,0.5696389,9.293571
val,Y1,1.6920834,10.104509
val,Y1,2.8692918,13.121109
val,Y1,3.9260416,9.953637
val,Y1,4.9853334,9.547573
val,Y1,6.155958,10.835315
val,Y1,7.140875,11.880666
val,Y1,7.909111,9.69235
val,Y1,8.628417,7.709473
val,Y1,9.312667,8.448343
val,Y1,9.965959,14.713333
val,Y1,10.5534725,11.333185
val,Y1,11.008014,4.880031
val,Y1,11.215347,6.5952144
val,Y1,11.252264,9.434877
val,Y1,11.239403,9.195303
val,Y1,11.314792,6.735618
val,Y1,11.492778,9.868726
val,Y1,11.670681,17.81852
val,Y1,11.850041,13.388965
val,Y1,12.0367365,10.155937
val,Y1,12.3041525,11.790943
val,Y1,12.6184025,7.4835668
val,Y1,12.902695,10.945522
val,Y1,13.198958,13.300753
val,Y1,13.475223,7.8060412
val,Y1,13.606806,11.139111
val,Y1,13.565014,12.684695
val,Y1,13.720722,10.109097
val,Y1,13.84368,7.673248
val,Y1,13.642375,7.4842744
val,Y1,13.457639,8.573728
val,Y1,13.280541,15.024233
val,Y1,13.137347,12.266926
val,Y1,13.101055,8.153295
val,Y1,13.1617775,12.892617
val,Y1,13.298972,9.111664
val,Y1,13.462417,8.822818
val,Y1,13.609361,9.548911
val,Y1,13.672305,8.090159
val,Y1,13.615444,8.269765
val,Y1,13.504278,9.502945
val,Y1,13.378528,7.6155047
val,Y1,13.144,5.1085343
val,Y1,12.757847,6.467709
val,Y1,12.562361,8.012015
val,Y1,12.6455555,6.8154526
val,Y1,12.757055,7.6271496
val,Y1,12.764931,9.734535
val,Y1,12.593764,9.452873
val,Y1,12.353611,9.700583
val,Y1,12.131166,8.765352
val,Y1,11.91282,8.38438
val,Y1,11.703611,7.9292073
val,Y1,11.580903,6.282228
val,Y1,11.666098,7.848333
val,Y1,12.00332,12.593119
val,Y1,12.449472,10.506148
val,Y1,12.892764,8.211108
val,Y1,13.258764,9.437389
val,Y1,13.342139,8.453571
val,Y1,13.090931,6.263429
val,Y1,12.659722,6.803051
val,Y1,12.417681,7.6413164
val,Y1,12.420527,6.27519
val,Y1,12.491264,5.446013
val,Y1,12.602445,7.5945277
val,Y1,12.7086115,8.891532
val,Y1,12.784555,10.082535
val,Y1,12.883695,8.627604
val,Y1,13.027889,8.144014
val,Y1,12.962389,9.395615
val,Y1,12.616292,8.492044
val,Y1,12.303861,8.781333
val,Y1,12.1987915,10.081488
val,Y1,12.280027,11.181763
val,Y1,12.6750555,8.534255
val,Y1,13.248944,5.505343
val,Y1,13.626028,5.3967113
val,Y1,13.849083,5.6748986
val,Y1,14.006722,6.73957
val,Y1,14.100028,7.6740446
val,Y1,14.20307,6.604466
val,Y1,14.250208,9.851706
val,Y1,14.247569,11.4835
val,Y1,14.125667,10.01441
val,Y1,13.685917,10.384647
val,Y1,12.843125,12.310061
val,Y1,11.821389,13.733498
val,Y1,11.008111,10.30041
val,Y1,10.459014,7.4754767
val,Y1,9.944403,10.762346
val,Y1,9.365167,11.0812645
val,Y1,8.706333,9.803131
val,Y1,8.075472,8.070227
val,Y1,7.6665277,5.2352853
val,Y1,7.3553195,8.547273
val,Y1,7.114736,10.526474
val,Y1,7.2050276,7.0488615
val,Y1,7.6310415,5.1977477
val,Y1,7.8661804,4.7893014
val,Y1,7.5404305,6.5137105
val,Y1,6.7666807,9.842654
val,Y1,5.8487916,13.28537
val,Y1,5.531736,15.95561
val,Y1,6.1335416,13.943845
val,Y1,7.1531944,10.240157
val,Y1,8.037666,11.500048
val,Y1,8.3385,14.142485
val,Y1,8.042889,9.8557825
val,Y1,7.443236,8.135273
val,Y1,7.073,10.091373
val,Y1,7.2997084,8.838644
val,Y1,7.737347,8.821727
val,Y1,7.969097,11.285372
val,Y1,8.098431,8.570048
val,Y1,8.384181,9.354175
val,Y1,8.843111,10.582224
val,Y1,9.281125,10.833683
val,Y1,9.330584,8.961039
val,Y1,8.782431,3.8795228
val,Y1,8.122375,4.9870596
val,Y1,7.755306,7.599338
val,Y1,7.7984166,4.990366
val,Y1,8.300264,3.8805494
val,Y1,8.9563055,5.795426
val,Y1,9.537611,9.421033
val,Y1,9.98125,8.821104
val,Y1,10.410861,5.6897225
val,Y1,10.90407,10.365532
val,Y1,11.408417,9.467226
val,Y1,11.868806,7.8885045
val,Y1,12.067333,11.244932
val,Y1,11.945583,12.628185
val,Y1,11.916847,14.078022
val,Y1,11.957848,16.963566
val,Y1,11.868237,9.799822
val,Y1,11.932902,5.1831713
val,Y1,12.138667,7.2192426
val,Y1,12.275778,9.723114
val,Y1,12.2537775,11.0483265
val,Y1,12.157598,7.5078416
val,Y1,12.185291,5.681238
val,Y1,12.309042,5.9839487
val,Y1,12.484,7.185592
val,Y1,12.793195,7.2124395
val,Y1,13.11525,7.4496527
val,Y1,13.178458,7.1525874
val,Y1,13.011791,7.1610723
val,Y1,12.872931,6.975632
val,Y1,12.809486,6.588328
val,Y1,12.784972,5.8532176
val,Y1,12.751667,6.462875
val,Y1,12.580444,6.8141713
val,Y1,12.335208,6.965779
val,Y1,12.138166,7.1049824
val,Y1,12.013778,7.1809754
val,Y1,11.933958,6.9822793
val,Y1,11.880972,6.657245
val,Y1,11.7884865,7.4054227
val,Y1,11.526639,8.749398
val,Y1,10.998777,6.1810718
val,Y1,9.837277,5.4268765
val,Y1,8.323459,5.880338
val,Y1,6.842625,5.7772546
val,Y1,5.5920973,6.8499036
val,Y1,5.112486,7.9788814
val,Y1,5.4615417,8.236431
val,Y1,6.34775,8.0393095
val,Y1,7.3200417,7.9355083
val,Y1,8.175138,8.131781
val,Y1,8.835305,8.087504
val,Y1,9.074417,9.2354965
val,Y1,9.219542,9.421438
val,Y1,9.537084,5.5376563
val,Y1,9.744653,4.810101
val,Y1,9.702791,5.9018846
val,Y1,9.549848,8.046619
val,Y1,9.226528,6.5665317
val,Y1,8.121764,6.1117997
val,Y1,6.2005835,7.2898545
val,Y1,4.200861,6.535987
val,Y1,3.193375,8.444259
val,Y1,3.4598196,9.1185055
val,Y1,4.2849584,7.8412046
val,Y1,5.3470974,6.2623706
val,Y1,6.2960696,5.984628
val,Y1,6.880528,6.3224316
val,Y1,7.231292,6.5066175
val,Y1,7.5233474,6.2598968
val,Y1,7.8535695,6.6269298
val,Y1,8.12425,6.682268
val,Y1,8.4985,6.4212203
val,Y1,9.040556,6.875974
val,Y1,9.412403,6.993391
val,Y1,9.534014,6.8008
val,Y1,9.561569,6.80086
val,Y1,9.706291,6.646602
val,Y1,10.055139,6.7854457
val,Y1,10.436111,6.8197894
val,Y1,10.781153,6.7111745
val,Y1,11.084444,6.6736007
val,Y1,11.312708,6.643045
val,Y1,11.362514,7.146294
val,Y1,11.298098,7.060303
val,Y1,11.286292,7.333963
val,Y1,11.32475,7.3425803
val,Y1,11.410597,6.989179
val,Y1,11.499945,6.8126526
val,Y1,11.452681,6.5323524
val,Y1,11.249778,6.2969933
val,Y1,11.034695,6.387238
val,Y1,10.923625,6.2538743
val,Y1,10.989333,6.7413864
val,Y1,11.163792,7.2265077
val,Y1,11.338486,6.6775374
val,Y1,11.403306,6.898011
val,Y1,11.441472,5.94488
val,Y1,11.451902,6.7987514
val,Y1,11.391986,7.991567
val,Y1,11.428653,7.7393003
val,Y1,11.548445,6.733264
val,Y1,11.697972,6.3588147
val,Y1,11.790014,6.9498153
val,Y1,11.686916,7.6784205
val,Y1,11.386598,7.1547823
val,Y1,11.017125,7.084869
val,Y1,10.65057,7.349763
val,Y1,10.262208,11.514319
val,Y1,9.343153,9.642551
val,Y1,7.907625,5.8961396
val,Y1,7.0531945,8.968444
val,Y1,7.097236,8.2313595
val,Y1,7.4956527,11.441634
val,Y1,7.932625,14.696545
val,Y1,8.225486,10.22219
val,Y1,8.304833,7.44848
val,Y1,8.443277,8.661575
val,Y1,8.632819,8.917827
val,Y1,8.4724865,13.103797
val,Y1,8.061764,12.800215
val,Y1,7.7206945,7.1671643
val,Y1,7.5399446,10.708874
val,Y1,7.8669724,10.784395
val,Y1,8.61925,9.302015
val,Y1,9.370542,9.428562
val,Y1,9.955305,8.38954
val,Y1,10.326889,10.093712
val,Y1,10.559111,7.1233096
val,Y1,10.603764,4.891066
val,Y1,10.519139,8.267802
val,Y1,10.507986,7.6767707
val,Y1,10.621764,6.2186933
val,Y1,10.811139,7.1558995
val,Y1,11.042209,8.735424
val,Y1,11.300445,11.032209
val,Y1,11.584598,9.005034
val,Y1,11.847777,7.3187056
val,Y1,12.028292,9.653756
val,Y1,12.185361,7.9204364
val,Y1,12.43225,7.745815
val,Y1,12.560708,9.312702
val,Y1,12.532778,11.0025
val,Y1,12.533764,9.888606
val,Y1,12.513736,6.9254775
val,Y1,12.490486,9.253931
val,Y1,12.538417,9.9983835
val,Y1,12.649959,8.699988
val,Y1,12.741125,6.6803145
val,Y1,12.68407,6.502245
val,Y1,12.5054865,5.6924424
val,Y1,12.17693,7.5047154
val,Y1,11.511389,10.342287
val,Y1,10.921903,8.696344
val,Y1,10.753472,8.150053
val,Y1,10.843611,8.631972
val,Y1,11.084541,6.823177
val,Y1,11.240778,8.661036
val,Y1,11.145291,8.244743
val,Y1,10.735125,8.608938
val,Y1,9.761389,7.10821
val,Y1,8.64943,6.891321
val,Y1,7.8524446,7.8637376
val,Y1,7.18225,9.163008
val,Y1,6.718639,6.894095
val,Y1,6.3775835,12.473535
val,Y1,5.9646387,11.198011
val,Y1,5.5468473,6.4420753
val,Y1,5.4295,7.987342
val,Y1,5.8251944,8.306252
val,Y1,6.5990973,6.824961
val,Y1,7.518653,6.3483415
val,Y1,8.366861,8.064169
val,Y1,8.978666,9.882717
val,Y1,9.319389,6.916589
val,Y1,9.554722,13.385654
val,Y1,9.800487,12.137277
val,Y1,9.957264,3.8658953
val,Y1,9.945111,3.8289418
val,Y1,9.592681,4.4129305
val,Y1,8.612041,4.2783694
val,Y1,7.1164584,5.76561
val,Y1,5.337861,7.006019
val,Y1,3.4239306,6.6744046
val,Y1,1.7383333,9.946084
val,Y1,0.67486113,6.204724
val,Y1,0.25879166,9.10767
val,Y1,0.26069444,12.689414
val,Y1,0.66154164,10.228673
val,Y1,1.5620139,13.998365
val,Y1,2.601014,12.962125
val,Y1,3.4989305,5.5833015
val,Y1,4.502347,7.8167048
val,Y1,5.5442915,10.304696
val,Y1,6.2116804,10.057623
val,Y1,6.902292,7.934909
val,Y1,7.728083,5.1269646
val,Y1,8.489056,7.2992196
val,Y1,9.278708,8.002852
val,Y1,9.954486,7.470776
val,Y1,10.574959,4.2127843
val,Y1,11.158167,4.0505137
val,Y1,11.698319,5.331383
val,Y1,12.191875,9.275023
val,Y1,12.593361,7.5202746
val,Y1,12.743847,4.012685
val,Y1,12.616959,8.085166
val,Y1,12.344639,10.185022
val,Y1,11.861625,10.988974
val,Y1,10.470305,9.071258
val,Y1,8.220056,11.033075
val,Y1,5.845208,9.372005
val,Y1,3.7887778,5.2275414
val,Y1,2.4291666,7.3199415
val,Y1,1.6012639,7.2965136
val,Y1,0.94429165,9.946474
val,Y1,0.37283334,8.582737
val,Y1,0.07045833,5.1845574
val,Y1,0.017555555,5.472285
val,Y1,0.01573611,6.646428
val,Y1,0.01375,4.281426
val,Y1,0.013944444,4.9252486
val,Y1,0.014819444,7.322123
val,Y1,0.013541667,6.756104
val,Y1,0.01675,7.8223987
val,Y1,0.020166667,8.047435
val,Y1,0.01726389,6.8931417
val,Y1,0.013,4.3409863
val,Y1,0.014916667,4.2390695
val,Y1,0.016958334,3.7797532
val,Y1,0.0154444445,4.399823
val,Y1,0.014652777,6.827019
val,Y1,0.019027777,9.446396
val,Y1,0.056361113,7.145119
val,Y1,0.7811528,4.3391175
val,Y1,2.435875,2.7360783
val,Y1,4.0727363,2.7794151
val,Y1,5.419472,2.5606546
val,Y1,6.630236,4.5540676
val,Y1,7.6622915,6.6168103
val,Y1,8.6385,7.5434704
val,Y1,9.508792,6.030958
val,Y1,10.121195,5.39708
val,Y1,10.525291,4.28336
val,Y1,10.872806,2.4920492
val,Y1,11.096958,4.5263352
val,Y1,11.191347,6.125011
val,Y1,11.301639,6.2731667
val,Y1,11.443791,6.2113733
val,Y1,11.63825,5.494208
val,Y1,11.803486,3.8593342
val,Y1,11.739944,2.106647
val,Y1,11.610416,2.9712577
val,Y1,11.552472,4.045715
val,Y1,11.420111,8.838667
val,Y1,11.229389,11.488592
val,Y1,11.028055,8.881649
val,Y1,10.82643,6.6464
val,Y1,10.611514,6.2378383
val,Y1,10.470959,6.057683
val,Y1,10.466,6.3851676
val,Y1,10.461139,6.7676253
val,Y1,10.337042,6.8911343
val,Y1,9.8903055,6.7478514
val,Y1,9.114,6.405441
val,Y1,8.048653,6.6349044
val,Y1,6.7633195,6.657232
val,Y1,5.5289583,6.33659
val,Y1,4.432903,6.2946143
val,Y1,3.2502222,6.3336415
val,Y1,1.9075834,6.7350063
val,Y1,0.754875,6.79724
val,Y1,0.15055555,6.8282943
val,Y1,0.020041667,6.757277
val,Y1,0.016819444,12.565332
val,Y1,0.017458333,12.789669
val,Y1,0.019347223,6.7124205
val,Y1,0.018583333,7.246968
val,Y1,0.015375,8.763249
val,Y1,0.016194444,6.759556
val,Y1,0.026805555,5.612504
val,Y1,0.033013888,6.109053
val,Y1,0.046861112,6.830625
val,Y1,0.3937639,6.999626
val,Y1,1.4839722,6.8720098
val,Y1,2.9900138,6.018513
val,Y1,4.3885555,5.2734838
val,Y1,5.6371527,4.8097825
val,Y1,6.7300415,4.6488566
val,Y1,7.566861,5.6314025
val,Y1,8.231569,5.542318
val,Y1,8.842611,9.3335705
val,Y1,9.4665,9.0678215
val,Y1,10.1045,6.7373166
val,Y1,10.685389,7.0023785
val,Y1,11.027945,7.2852063
val,Y1,10.962431,9.005254
val,Y1,10.677972,7.8642
val,Y1,10.439153,6.1684065
val,Y1,10.343139,8.410061
val,Y1,10.438389,8.366914
val,Y1,10.70175,6.6779494
val,Y1,11.10475,6.931465
val,Y1,11.505847,7.6616707
val,Y1,11.719903,6.5191092
val,Y1,11.929958,9.898805
val,Y1,12.172806,12.4007015
val,Y1,12.516528,8.386609
val,Y1,12.79893,5.3660355
val,Y1,12.795597,5.011576
val,Y1,12.784542,7.653199
val,Y1,12.939445,5.576303
val,Y1,13.196,5.7160487
val,Y1,13.401944,6.5003014
val,Y1,13.56725,6.580133
val,Y1,13.7236805,6.6856885
val,Y1,13.835527,8.135523
val,Y1,13.8915415,6.0054307
val,Y1,13.875931,6.26425
val,Y1,13.7693615,7.8479166
val,Y1,13.606167,8.204748
val,Y1,13.517709,6.9571147
val,Y1,13.335819,7.7737346
val,Y1,13.111083,11.029804
val,Y1,12.962806,7.6104693
val,Y1,12.726556,6.07408
val,Y1,12.487972,8.146723
val,Y1,12.234583,8.802146
val,Y1,11.876375,8.053805
val,Y1,10.928778,9.622767
val,Y1,10.00868,9.465794
val,Y1,9.849347,8.9189625
val,Y1,10.092195,6.802095
val,Y1,10.594806,9.327823
val,Y1,11.012875,7.1946483
val,Y1,10.985861,10.993344
val,Y1,10.542486,9.050162
val,Y1,10.019444,5.2606945
val,Y1,9.293417,7.0326138
val,Y1,8.196555,8.1039715
val,Y1,6.831903,5.4082108
val,Y1,5.1320972,4.2536955
val,Y1,3.3185418,1.9612551
val,Y1,1.7746667,4.3450503
val,Y1,0.7766111,5.2931194
val,Y1,0.38183334,6.542459
val,Y1,0.20993055,9.628317
val,Y1,0.06344444,8.5560465
val,Y1,0.018152777,5.163426
val,Y1,0.021694444,7.555779
val,Y1,0.018375,6.506294
val,Y1,0.012944444,3.8620026
val,Y1,0.013736111,9.378334
val,Y1,0.012277778,10.319841
val,Y1,0.012111112,6.7837434
val,Y1,0.014652777,6.5761914
val,Y1,0.014291666,4.0407877
val,Y1,0.0150138885,5.7276587
val,Y1,0.016541667,8.732153
val,Y1,0.015722223,9.243288
val,Y1,0.012,9.235566
val,Y1,0.0101666665,7.7844234
val,Y1,0.013388889,6.9198766
val,Y1,0.018986112,6.8389683
val,Y1,0.017305555,12.595217
val,Y1,0.12938888,10.780701
val,Y1,0.5969028,9.105188
val,Y1,1.368375,7.3309836
val,Y1,2.289764,5.517834
val,Y1,3.139139,8.315697
val,Y1,3.8893056,9.035402
val,Y1,4.714611,6.208697
val,Y1,5.5045276,5.553243
val,Y1,6.193486,8.832713
val,Y1,6.767361,7.846044
val,Y1,7.2444444,5.1781917
val,Y1,7.6994863,6.7686234
val,Y1,8.103153,9.262489
val,Y1,8.442361,6.813803
val,Y1,8.823514,3.8575792
val,Y1,9.288111,4.813224
val,Y1,9.766945,4.7303777
val,Y1,10.1733885,7.0823936
val,Y1,10.592639,8.016458
val,Y1,11.068694,7.279183
val,Y1,11.509514,7.705842
val,Y1,11.823402,6.3986297
val,Y1,12.018153,5.3518224
val,Y1,12.262875,6.5778584
val,Y1,12.490125,8.641539
val,Y1,12.5795555,9.128482
val,Y1,12.579097,6.1028724
val,Y1,12.47925,7.645491
val,Y1,12.347445,8.603409
val,Y1,12.325681,8.241507
val,Y1,12.428041,7.1904626
val,Y1,12.640708,5.604749
val,Y1,12.9305,5.2764926
val,Y1,13.252973,6.565641
val,Y1,13.607056,7.3299117
val,Y1,13.859278,7.717202
val,Y1,13.972834,7.4497495
val,Y1,14.103042,6.5622025
val,Y1,14.214597,7.6487727
val,Y1,14.168347,6.034373
val,Y1,13.9858055,3.0156875
val,Y1,13.795597,4.461249
val,Y1,13.6545,7.4503894
val,Y1,13.477361,6.667217
val,Y1,13.287666,7.7997394
val,Y1,13.192472,7.7500505
val,Y1,13.156722,8.035392
val,Y1,13.070014,9.364005
val,Y1,12.899611,10.016785
val,Y1,12.711403,7.6179967
val,Y1,12.573014,5.8250437
val,Y1,12.559569,6.5117097
val,Y1,12.653236,8.075924
val,Y1,12.781959,7.7999372
val,Y1,12.894931,7.1356344
val,Y1,12.895736,6.9338
val,Y1,12.810611,4.959313
val,Y1,12.839486,3.3134317
val,Y1,12.970792,6.1567235
val,Y1,13.084291,8.6193695
val,Y1,13.180792,7.837154
val,Y1,13.272236,6.342276
val,Y1,13.238305,8.476976
val,Y1,13.138208,10.095726
val,Y1,13.1397915,8.586036
val,Y1,13.162236,7.6076207
val,Y1,13.184736,5.0518565
val,Y1,13.255931,9.221268
val,Y1,13.404041,9.750702
val,Y1,13.579014,9.597723
val,Y1,13.641403,11.547323
val,Y1,13.56268,10.490061
val,Y1,13.373375,7.245291
val,Y1,13.082833,5.614084
val,Y1,12.748861,5.972072
val,Y1,12.5257225,4.725303
val,Y1,12.5709305,5.4637294
val,Y1,12.718764,6.3610806
val,Y1,12.7885,7.8040037
val,Y1,12.787778,7.4432797
val,Y1,12.767208,5.135423
val,Y1,12.782486,3.4721293
val,Y1,12.858209,5.392364
val,Y1,13.025306,5.5396123
val,Y1,13.215083,6.784261
val,Y1,13.305986,8.617581
val,Y1,13.3575,9.018719
val,Y1,13.460195,7.648414
val,Y1,13.624,5.6111026
val,Y1,13.814709,4.4799232
val,Y1,13.947264,2.6941488
val,Y1,13.916959,2.1219163
val,Y1,13.775945,4.739085
val,Y1,13.638194,6.2019424
val,Y1,13.493944,7.08662
val,Y1,13.342958,7.029392
val,Y1,13.156403,3.9920058
val,Y1,12.899125,6.0076966
val,Y1,12.610097,8.345539
val,Y1,12.441153,8.92655
val,Y1,12.433639,6.894313
val,Y1,12.531902,5.59474
val,Y1,12.618527,6.1723905
val,Y1,12.587014,7.6294036
val,Y1,12.509597,10.446434
val,Y1,12.411014,8.992001
val,Y1,12.272805,6.030722
val,Y1,12.1704445,4.906094
val,Y1,12.193347,7.9899926
val,Y1,12.321611,8.970228
val,Y1,12.426653,5.290214
val,Y1,12.55425,4.2629676
val,Y1,12.78518,7.94435
val,Y1,13.050028,9.334169
val,Y1,13.301945,8.921332
val,Y1,13.42875,8.221007
val,Y1,13.406986,7.1868753
val,Y1,13.300445,9.056475
val,Y1,13.137959,10.009584
val,Y1,13.004708,9.857494
val,Y1,13.000652,9.795575
val,Y1,13.042431,9.273983
val,Y1,12.9586525,7.710552
val,Y1,12.756917,6.2813897
val,Y1,12.520708,5.469216
val,Y1,12.252459,5.457353
val,Y1,12.063139,6.0966725
val,Y1,12.130195,6.402297
val,Y1,12.38007,4.919934
val,Y1,12.632916,8.172297
val,Y1,12.772347,25.806221
val,Y1,12.89725,21.863274
val,Y1,13.174306,11.274803
val,Y1,13.527097,3.7571182
val,Y1,13.880013,4.9953485
val,Y1,14.266292,7.5262494
val,Y1,14.583292,6.552567
val,Y1,14.662653,4.86523
val,Y1,14.559652,5.764647
val,Y1,14.412972,7.956122
val,Y1,14.286028,6.170058
val,Y1,14.176875,5.532491
val,Y1,13.978625,10.465057
val,Y1,13.7270975,12.011143
val,Y1,13.499541,7.011523
val,Y1,13.43593,3.2116785
val,Y1,13.495347,0.85246986
val,Y1,13.383472,3.463182
val,Y1,13.223847,4.1856704
val,Y1,13.192708,5.689998
val,Y1,13.193361,8.715683
val,Y1,13.176069,10.352447
val,Y1,13.174791,10.875227
val,Y1,13.18068,8.96585
val,Y1,13.227612,6.4316564
val,Y1,13.325472,6.813431
val,Y1,13.364833,11.030253
val,Y1,13.257861,10.699108
val,Y1,13.082236,8.811508
val,Y1,12.962139,9.392885
val,Y1,13.029111,11.920069
val,Y1,13.221916,8.16072
val,Y1,13.204695,6.441952
val,Y1,12.924945,7.5360737
val,Y1,12.661111,8.979157
val,Y1,12.554361,11.1798725
val,Y1,12.550667,7.9016647
val,Y1,12.568347,7.2441726
val,Y1,12.427584,8.390722
val,Y1,12.207361,9.20806
val,Y1,12.139222,9.847671
val,Y1,12.203153,6.504618
val,Y1,12.342472,4.7217226
val,Y1,12.442069,4.268929
val,Y1,12.407028,6.699203
val,Y1,12.371778,8.12315
val,Y1,12.44425,6.4994245
val,Y1,12.502319,12.270062
val,Y1,12.5002775,15.216788
val,Y1,12.6321945,8.400124
val,Y1,12.838889,5.3733325
val,Y1,12.840667,4.429301
val,Y1,12.666862,4.8392816
val,Y1,12.452556,12.178856
val,Y1,12.255139,12.029856
val,Y1,12.148889,7.209394
val,Y1,12.169625,5.4355693
val,Y1,12.408195,5.639566
val,Y1,12.823527,8.995415
val,Y1,13.234917,10.828184
val,Y1,13.465403,7.984544
val,Y1,13.452917,6.927811
val,Y1,13.321806,8.518171
val,Y1,13.17207,11.342743
val,Y1,13.020722,9.920837
val,Y1,12.91675,8.901359
val,Y1,12.902431,7.794706
val,Y1,12.914444,7.8717647
val,Y1,12.938528,11.550645
val,Y1,12.949445,8.790121
val,Y1,12.926569,6.625341
val,Y1,12.971625,5.656591
val,Y1,13.081458,3.7766864
val,Y1,13.139847,3.1975274
val,Y1,13.114737,3.1287308
val,Y1,13.061973,3.5056734
val,Y1,13.009681,3.6836145
val,Y1,12.939917,3.9540172
val,Y1,12.851791,7.176492
val,Y1,12.750722,10.88338
val,Y1,12.692528,8.949593
val,Y1,12.713292,4.8124547
val,Y1,12.688194,3.9158792
val,Y1,12.595098,6.419153
val,Y1,12.610278,5.2776074
val,Y1,12.742306,2.9248664
val,Y1,12.889847,4.1221385
val,Y1,13.057292,4.5573115
val,Y1,13.219528,8.637472
val,Y1,13.255652,8.521494
val,Y1,13.106556,4.669783
val,Y1,12.859458,3.184518
val,Y1,12.647986,7.0711904
val,Y1,12.540597,6.2273183
val,Y1,12.472555,3.0822403
val,Y1,12.39932,6.769487
val,Y1,12.35968,6.229031
val,Y1,12.39407,7.726405
val,Y1,12.507139,5.0569997
val,Y1,12.662027,5.5319614
val,Y1,12.813209,9.64863
val,Y1,12.989361,9.488914
val,Y1,13.284972,4.9178443
val,Y1,13.603222,3.8104854
val,Y1,13.7265,3.046587
val,Y1,13.719042,2.8268332
val,Y1,13.750292,4.280466
val,Y1,13.808306,3.8690877
val,Y1,13.827486,4.4829254
val,Y1,13.800528,6.9305053
val,Y1,13.764667,7.668966
val,Y1,13.736542,6.8373203
val,Y1,13.732639,7.9186516
val,Y1,13.769527,5.9022427
val,Y1,13.847111,3.6043897
val,Y1,14.001236,4.421722
val,Y1,14.174097,6.1628394
val,Y1,14.176473,8.72759
val,Y1,13.967264,7.0290437
val,Y1,13.688347,6.931251
val,Y1,13.487194,7.0604453
val,Y1,13.380639,5.5281267
val,Y1,13.283792,10.22208
val,Y1,13.212875,9.88946
val,Y1,13.150833,7.3506007
val,Y1,12.991597,6.288516
val,Y1,12.625112,5.9149213
val,Y1,11.967,3.643578
val,Y1,10.969084,5.054896
val,Y1,9.709347,8.635883
val,Y1,8.245236,6.878762
val,Y1,6.594028,7.9368196
val,Y1,5.211736,8.170721
val,Y1,4.589792,7.10268
val,Y1,4.483847,6.7250133
val,Y1,4.584722,7.5576825
val,Y1,4.701625,4.6833754
val,Y1,4.520236,3.2083805
val,Y1,4.138819,5.8556542
val,Y1,4.1416807,9.630561
val,Y1,4.917097,9.053526
val,Y1,5.944875,5.36013
val,Y1,6.7268057,4.0109935
val,Y1,7.2470694,2.9764116
val,Y1,7.5066805,2.1909037
val,Y1,7.9370418,2.4357424
val,Y1,8.70868,4.1275344
val,Y1,9.449486,5.796165
val,Y1,9.916778,7.8145747
val,Y1,10.184542,6.1919265
val,Y1,10.472903,4.9843593
val,Y1,10.717334,6.006414
val,Y1,10.950486,6.753045
val,Y1,11.279125,8.72916
val,Y1,11.770139,7.796442
val,Y1,12.388166,6.9530053
val,Y1,12.865055,6.3425803
val,Y1,13.132486,5.692427
val,Y1,13.234153,7.0945764
val,Y1,13.174125,5.337708
val,Y1,13.061097,5.4021974
val,Y1,13.0182085,4.9348135
val,Y1,13.23725,6.261144
val,Y1,13.524458,6.551495
val,Y1,13.786986,4.781957
val,Y1,14.066681,6.3740697
val,Y1,14.2271805,5.3742013
val,Y1,14.23175,4.182885
val,Y1,13.941153,6.2027793
val,Y1,13.669306,6.828094
val,Y1,13.825014,4.746246
val,Y1,14.061431,8.6742115
val,Y1,14.17532,9.110269
val,Y1,14.332903,6.5194387
val,Y1,14.432597,7.3886995
val,Y1,14.493208,4.3275895
val,Y1,14.392792,4.5963917
val,Y1,14.264736,9.582961
val,Y1,14.347111,13.552065
val,Y1,14.460444,10.8385315
val,Y1,14.515486,4.895213
val,Y1,14.438903,3.179462
val,Y1,14.240791,6.4510956
val,Y1,13.808847,8.037003
val,Y1,12.97068,7.2315125
val,Y1,11.856112,6.2214146
val,Y1,10.419306,5.2906733
val,Y1,8.773056,5.0401273
val,Y1,7.679,3.771415
val,Y1,7.2834167,2.3706923
val,Y1,7.236014,4.6231155
val,Y1,7.67025,5.0426254
val,Y1,8.505959,3.3481617
val,Y1,9.621902,4.7139564
val,Y1,10.947778,4.749395
val,Y1,12.221889,6.406326
val,Y1,13.131194,6.085524
val,Y1,13.616236,3.502788
val,Y1,13.991389,4.512252
val,Y1,14.389973,4.8118463
val,Y1,14.757527,7.2269797
val,Y1,15.04625,8.582794
val,Y1,15.174361,7.152149
val,Y1,15.242416,7.165467
val,Y1,15.4545555,4.54504
val,Y1,15.757903,5.924696
val,Y1,16.008362,8.596113
val,Y1,16.229792,9.326199
val,Y1,16.452042,12.006039
val,Y1,16.42725,9.890779
val,Y1,16.063639,5.771113
val,Y1,15.635777,7.9067397
val,Y1,15.391194,11.224243
val,Y1,15.34568,7.5534663
val,Y1,15.376264,7.7330003
val,Y1,15.391903,4.250162
val,Y1,15.348,3.466598
val,Y1,15.305292,8.405277
val,Y1,15.271944,10.911659
val,Y1,15.198806,10.212559
val,Y1,14.967014,8.184317
val,Y1,14.476639,8.276913
val,Y1,13.896194,9.986259
val,Y1,13.321362,7.788532
val,Y1,12.846556,5.3449225
val,Y1,12.5280695,7.4192863
val,Y1,12.338667,57.751377
val,Y1,12.402264,83.90555
val,Y1,12.679014,52.916996
val,Y1,12.832514,57.331165
val,Y1,12.872666,18.004612
val,Y1,13.018222,9.093222
val,Y1,13.239972,6.8431945
val,Y1,13.484528,60.409306
val,Y1,13.692625,67.33687
val,Y1,13.707681,18.724964
val,Y1,13.286612,19.751152
val,Y1,11.817028,9.949715
val,Y1,9.381042,6.5415654
val,Y1,6.9244304,5.2285504
val,Y1,4.836528,4.9132447
val,Y1,3.108875,9.663486
val,Y1,1.8253194,11.25018
val,Y1,1.0052639,8.506065
val,Y1,0.524125,10.78409
val,Y1,0.29569444,4.288475
val,Y1,0.12988889,2.1409457
val,Y1,0.021736111,6.282229
val,Y1,0.016138889,6.622622
val,Y1,0.014944444,5.7441096
val,Y1,0.32309723,6.1862082
val,Y1,1.5149167,4.3494573
val,Y1,3.0666666,4.8198733
val,Y1,4.372764,3.9551144
val,Y1,5.5924306,7.6752906
val,Y1,6.580236,9.228772
val,Y1,7.2439585,12.681375
val,Y1,8.019681,17.851725
val,Y1,8.942041,8.949379
val,Y1,9.672958,6.424618
val,Y1,10.361459,16.999027
val,Y1,11.010361,15.084444
val,Y1,11.389944,3.7095094
val,Y1,11.534125,5.503307
val,Y1,11.51975,7.139416
val,Y1,11.279764,8.099939
val,Y1,10.811486,9.701998
val,Y1,10.042084,5.0589166
val,Y1,9.083555,4.1282315
val,Y1,8.047347,5.3315597
val,Y1,6.8575974,6.6749234
val,Y1,5.577597,6.8370256
val,Y1,4.44875,6.376413
val,Y1,3.5278473,7.3063784
val,Y1,2.7990417,8.354923
val,Y1,2.1505,5.4922843
val,Y1,1.4211806,4.3168902
val,Y1,0.6860694,6.105531
val,Y1,0.17688888,6.2332263
val,Y1,0.023513889,5.846786
val,Y1,0.017111111,5.6243567
val,Y1,0.01686111,5.6773705
val,Y1,0.015388889,6.341005
val,Y1,0.013430555,7.4363484
val,Y1,0.017819444,6.799704
val,Y1,0.021708334,6.1961346
val,Y1,0.018847222,6.3007836
val,Y1,0.016972221,7.294844
val,Y1,0.020097222,7.421847
val,Y1,0.020152777,7.626341
val,Y1,0.020277778,6.4718766
val,Y1,0.018055556,7.320823
val,Y1,0.018972222,8.245943
val,Y1,0.025777778,7.3185654
val,Y1,0.023055555,5.2889657
val,Y1,0.01961111,6.1417623
val,Y1,0.022805555,7.6870837
val,Y1,0.02125,6.4737062
val,Y1,0.017847221,6.3921924
val,Y1,0.018777778,9.995615
val,Y1,0.021486111,9.130111
val,Y1,0.02913889,7.0189223
val,Y1,0.025930556,6.6174874
val,Y1,0.019291667,6.7031536
val,Y1,0.018277777,6.588318
val,Y1,0.019375,6.371816
val,Y1,0.022722222,6.7433276
val,Y1,0.10213889,7.0778546
val,Y1,0.49391666,7.317036
val,Y1,1.3821111,7.1501546
val,Y1,2.829111,7.0022044
val,Y1,4.3591113,7.4602027
val,Y1,4.5657916,7.204449
val,Y1,3.6575418,7.2810574
val,Y1,2.9983194,7.7478085
val,Y1,2.9489305,7.1449594
val,Y1,3.4590971,7.209522
val,Y1,4.2269444,7.248525
val,Y1,5.070361,7.251949
val,Y1,5.86475,7.535563
val,Y1,6.157403,7.1817474
val,Y1,7.066986,7.093739
val,Y1,8.466389,7.290661
val,Y1,9.258153,7.6408625
val,Y1,9.937166,7.1625075
val,Y1,10.517153,7.3180566
val,Y1,10.972167,7.356661
val,Y1,11.228139,6.9765534
val,Y1,11.377347,7.2343645
val,Y1,11.586875,7.306725
val,Y1,11.682847,7.259563
val,Y1,11.446375,7.1461587
val,Y1,10.865069,7.2041993
val,Y1,10.361597,9.864964
val,Y1,10.408931,11.105224
val,Y1,10.914722,9.751768
val,Y1,11.71125,10.566301
val,Y1,12.462722,8.715164
val,Y1,13.034403,6.9137607
val,Y1,13.541361,9.380732
val,Y1,14.104486,9.954882
val,Y1,14.550222,8.967129
val,Y1,14.727236,10.353796
val,Y1,14.823986,12.869635
val,Y1,14.802709,11.649381
val,Y1,14.663458,10.879772
val,Y1,14.526459,12.032305
val,Y1,14.339222,11.916983
val,Y1,14.089486,12.123301
val,Y1,13.888208,15.174341
val,Y1,13.7259865,13.716541
val,Y1,13.580861,9.768573
val,Y1,13.514569,8.094746
val,Y1,13.658903,11.414023
val,Y1,13.946347,12.6498165
val,Y1,14.182236,11.44957
val,Y1,14.203639,12.54556
val,Y1,13.785152,13.034468
val,Y1,12.632597,13.824678
val,Y1,11.680292,12.035248
val,Y1,11.220764,10.171776
val,Y1,10.332264,9.760529
val,Y1,9.559305,10.8111
val,Y1,9.384264,13.3308115
val,Y1,9.540944,13.739531
val,Y1,9.870639,10.972897
val,Y1,10.153431,11.427151
val,Y1,10.413625,11.851011
val,Y1,10.669875,14.116683
val,Y1,10.857792,13.710943
val,Y1,10.94175,10.306444
val,Y1,10.930847,11.2128525
val,Y1,10.9893055,10.268179
val,Y1,11.11125,8.691385
val,Y1,11.268347,9.43606
val,Y1,11.399889,8.824805
val,Y1,11.47568,8.160066
val,Y1,11.572514,7.3115096
val,Y1,11.66457,6.869132
val,Y1,11.576375,6.5255146
val,Y1,11.199125,6.279879
val,Y1,10.747653,6.751321
val,Y1,10.488097,7.725787
val,Y1,10.408292,7.433042
val,Y1,10.449041,7.821559
val,Y1,10.617639,8.164259
val,Y1,10.857555,7.3774347
val,Y1,11.0547085,7.580999
val,Y1,11.068708,7.7599883
val,Y1,10.991417,7.477887
val,Y1,11.045847,6.7998548
val,Y1,11.322403,6.8032656
val,Y1,11.88543,7.180813
val,Y1,12.994889,7.175736
val,Y1,14.458138,6.743768
val,Y1,14.187889,6.8808894
val,Y1,13.27275,7.382079
val,Y1,13.436264,7.4096184
val,Y1,13.579333,7.234922
val,Y1,13.5945,6.922677
val,Y1,13.587028,6.8173475
val,Y1,13.695903,6.7681775
val,Y1,13.924139,7.2990117
val,Y1,14.190431,7.403334
val,Y1,14.417973,7.3296857
val,Y1,14.541166,7.5629067
val,Y1,14.570181,7.5931826
val,Y1,14.613334,7.399354
val,Y1,14.52593,7.423421
val,Y1,14.320403,7.040304
val,Y1,13.989445,7.421252
val,Y1,13.701639,8.136999
val,Y1,13.555195,8.59795
val,Y1,13.294556,8.719049
val,Y1,13.112875,6.663588
val,Y1,13.148069,8.096663
val,Y1,13.310597,11.076539
val,Y1,13.447556,9.589191
val,Y1,13.527987,7.366592
val,Y1,13.658195,7.2734036
val,Y1,13.713708,6.3939023
val,Y1,13.498208,5.9805274
val,Y1,13.042986,9.565555
val,Y1,12.4320135,12.028164
val,Y1,11.798445,10.685574
val,Y1,11.244945,8.911606
val,Y1,10.67868,10.82893
val,Y1,9.934153,10.200429
val,Y1,8.78825,9.733949
val,Y1,7.6200275,10.513327
val,Y1,6.974486,10.174195
val,Y1,6.7037363,9.683872
val,Y1,6.6305,9.598918
val,Y1,6.777264,9.000828
val,Y1,7.02275,14.931728
val,Y1,6.888139,18.131683
val,Y1,6.1486807,14.413607
val,Y1,5.1691804,11.951642
val,Y1,4.047986,9.934893
val,Y1,2.8373055,9.53319
val,Y1,2.0291111,10.04869
val,Y1,1.8969028,8.96459
val,Y1,2.38075,8.217084
val,Y1,2.9458334,8.230848
val,Y1,3.215861,8.171755
val,Y1,3.2313473,8.039
val,Y1,2.976625,7.3533645
val,Y1,2.5691946,6.9164624
val,Y1,2.1675556,6.392837
val,Y1,1.7170972,6.2009244
val,Y1,0.95531946,6.407987
val,Y1,0.25195834,6.7139606
val,Y1,0.07086111,6.597263
val,Y1,0.32304168,7.261847
val,Y1,0.8061111,8.230249
val,Y1,1.1095694,7.253844
val,Y1,0.9800139,6.889137
val,Y1,0.5633472,6.7656407
val,Y1,0.18025,6.8142657
val,Y1,0.037902776,6.6671066
val,Y1,0.022291666,12.335703
val,Y1,0.06330556,12.665293
val,Y1,0.30930555,7.751705
val,Y1,0.93929166,8.411598
val,Y1,1.825125,10.280067
val,Y1,2.6368334,12.21252
val,Y1,3.0004027,11.340942
val,Y1,2.8928611,10.932846
val,Y1,2.4461527,13.185109
val,Y1,1.5610417,12.671694
val,Y1,0.5701111,10.084391
val,Y1,0.07541667,12.098647
val,Y1,0.025805555,13.163916
val,Y1,0.03940278,13.58894
val,Y1,0.033569444,14.586584
val,Y1,0.019916667,15.974582
val,Y1,0.023194445,18.236485
val,Y1,0.041138887,21.842606
val,Y1,0.0495,22.144659
val,Y1,0.05834722,15.885969
val,Y1,0.054305557,15.223503
val,Y1,0.036708333,14.997841
val,Y1,0.038944446,15.481159
val,Y1,0.04559722,16.003662
val,Y1,0.036944445,10.700052
val,Y1,0.029958334,13.861425
val,Y1,0.031319443,16.859571
val,Y1,0.03372222,14.501394
val,Y1,0.04876389,10.619252
val,Y1,0.04559722,12.810539
val,Y1,0.05013889,14.37406
val,Y1,0.05848611,16.31894
val,Y1,0.073194444,16.259323
val,Y1,0.058208335,14.223459
val,Y1,0.037305556,11.90557
val,Y1,0.041722223,14.461033
val,Y1,0.026472222,20.412203
val,Y1,0.024388889,20.178656
val,Y1,0.3258472,15.231711
val,Y1,1.2585417,18.45494
val,Y1,2.4185693,14.763902
val,Y1,3.429278,14.216518
val,Y1,4.47475,15.346508
val,Y1,5.5121527,12.667045
val,Y1,6.28,16.356268
val,Y1,6.7575974,14.018887
val,Y1,7.008986,12.515394
val,Y1,7.0951805,13.287442
val,Y1,7.0194583,11.288927
val,Y1,6.7813196,12.603781
val,Y1,6.54125,14.896294
val,Y1,6.710361,13.972121
val,Y1,7.403792,11.936752
val,Y1,8.396402,14.003353
val,Y1,9.260583,15.9547
val,Y1,9.901014,11.335516
val,Y1,10.543542,10.661772
val,Y1,10.920125,12.605141
val,Y1,11.028944,14.702814
val,Y1,11.124208,14.027098
val,Y1,11.264903,12.183101
val,Y1,11.455139,11.5342045
val,Y1,11.655723,15.14638
val,Y1,11.7734585,18.41821
val,Y1,11.8376665,14.8557415
val,Y1,11.946944,10.614072
val,Y1,12.145917,8.396453
val,Y1,12.499473,9.12906
val,Y1,12.932333,8.743245
val,Y1,13.252347,6.4863954
val,Y1,13.441819,5.5525804
val,Y1,13.758223,4.015598
val,Y1,14.115069,2.3807392
val,Y1,14.325861,4.7767825
val,Y1,14.496111,7.738233
val,Y1,14.57975,8.766386
val,Y1,14.652153,8.803793
val,Y1,14.691806,8.900009
val,Y1,14.668486,8.999572
val,Y1,14.765125,10.703184
val,Y1,14.852583,11.566376
val,Y1,14.7270975,13.667505
val,Y1,14.555195,15.212206
val,Y1,14.509194,11.011883
val,Y1,14.591556,11.738384
val,Y1,14.69793,12.936298
val,Y1,14.630819,10.890603
val,Y1,14.361917,11.79917
val,Y1,13.742431,12.015171
val,Y1,12.967709,13.642567
val,Y1,12.157945,12.852089
val,Y1,11.047028,8.3906
val,Y1,9.584792,8.403034
val,Y1,8.563,7.7141385
val,Y1,8.480695,8.989527
val,Y1,8.989805,13.286865
val,Y1,9.813,16.794827
val,Y1,10.589403,15.623896
val,Y1,11.170237,10.495074
val,Y1,11.415916,10.835128
val,Y1,11.440153,12.970058
val,Y1,11.438209,10.916364
val,Y1,11.469597,8.786481
val,Y1,11.530209,8.806057
val,Y1,11.445556,8.540741
val,Y1,11.104694,9.361065
val,Y1,10.845889,11.155615
val,Y1,10.970375,13.129007
val,Y1,11.368278,10.110326
val,Y1,11.762777,8.500475
val,Y1,12.025583,9.989859
val,Y1,12.213347,12.070565
val,Y1,12.2875,12.959024
val,Y1,12.209084,15.360851
val,Y1,12.039945,17.987518
val,Y1,12.029,18.29469
val,Y1,12.229389,14.811772
val,Y1,12.501139,12.865009
val,Y1,12.672986,14.251126
val,Y1,12.590264,12.284992
val,Y1,12.406709,11.780621
val,Y1,12.301458,13.942078
val,Y1,12.266389,22.491146
val,Y1,12.223348,19.972815
val,Y1,12.182959,16.06267
val,Y1,12.161195,18.420792
val,Y1,12.145097,15.33883
val,Y1,12.073944,11.635963
val,Y1,11.954333,15.144125
val,Y1,11.850889,19.482437
val,Y1,11.467264,17.3646
val,Y1,10.636598,18.787794
val,Y1,9.894847,25.66965
val,Y1,9.725041,17.684948
val,Y1,10.106444,13.458965
val,Y1,10.714458,20.325268
val,Y1,11.28075,24.713575
val,Y1,11.690333,20.952879
val,Y1,11.821236,16.666706
val,Y1,11.986903,14.947785
val,Y1,12.279667,16.64508
val,Y1,12.355278,18.368313
val,Y1,12.285444,18.946934
val,Y1,12.248222,17.913685
val,Y1,12.021305,17.76887
val,Y1,11.092028,18.385063
val,Y1,9.541917,13.723472
val,Y1,8.0731945,14.771739
val,Y1,7.110653,17.993164
val,Y1,6.5145,17.84578
val,Y1,6.028792,18.505133
val,Y1,6.021639,17.158455
val,Y1,6.7922916,14.672784
val,Y1,7.8776946,12.338943
val,Y1,8.67893,8.830998
val,Y1,9.121986,7.2614064
val,Y1,9.440805,8.873186
val,Y1,9.764277,13.092281
val,Y1,10.082027,11.512876
val,Y1,10.3445,12.177391
val,Y1,10.572348,13.260002
val,Y1,10.702306,12.410814
val,Y1,10.686944,18.990036
val,Y1,10.587653,23.960735
val,Y1,10.534194,21.243359
val,Y1,10.554639,14.85365
val,Y1,10.564944,12.639025
val,Y1,10.435945,12.878088
val,Y1,9.893389,13.873478
val,Y1,8.929847,15.426888
val,Y1,7.819264,11.830591
val,Y1,6.8775973,11.620554
val,Y1,6.394403,10.822398
val,Y1,6.3183055,9.423084
val,Y1,6.6319447,10.075936
val,Y1,7.371153,11.407501
val,Y1,8.197403,10.0270405
val,Y1,8.910736,7.8078837
val,Y1,9.525861,9.919294
val,Y1,9.954958,13.965716
val,Y1,10.229459,16.703232
val,Y1,10.449778,15.877853
val,Y1,10.6796665,14.079281
val,Y1,10.953986,13.646479
val,Y1,11.017403,11.192844
val,Y1,10.150333,11.635664
val,Y1,8.359959,14.312539
val,Y1,6.3051667,13.698599
val,Y1,4.2572083,13.1648855
val,Y1,2.530125,12.47528
val,Y1,1.4676389,15.738017
val,Y1,1.0780417,15.868896
val,Y1,1.4804862,11.988113
val,Y1,2.6315,12.358782
val,Y1,3.9021945,13.138554
val,Y1,5.027389,12.573419
val,Y1,6.0475974,12.226428
val,Y1,6.950611,12.153476
val,Y1,7.801486,13.655024
val,Y1,8.596403,16.648594
val,Y1,9.225403,16.133244
val,Y1,9.621125,16.323902
val,Y1,9.510847,16.853283
val,Y1,8.999598,16.04831
val,Y1,8.011806,18.479847
val,Y1,6.2517085,16.776087
val,Y1,4.6256943,16.854294
val,Y1,4.0854583,17.297379
val,Y1,4.673111,13.013229
val,Y1,5.736236,13.180613
val,Y1,6.8205276,14.362827
val,Y1,7.7439446,13.728088
val,Y1,8.218028,13.870123
val,Y1,8.178056,12.525939
val,Y1,7.9718056,9.971504
val,Y1,8.148597,12.007765
val,Y1,8.711083,13.549898
val,Y1,9.333347,12.964516
val,Y1,9.958722,18.247353
val,Y1,10.632,19.022316
val,Y1,11.333777,14.759003
val,Y1,12.026417,14.841831
val,Y1,12.515959,14.948913
val,Y1,12.652056,13.609286
val,Y1,12.574653,15.022287
val,Y1,12.553236,14.664459
val,Y1,12.477167,14.738431
val,Y1,12.137611,11.611937
val,Y1,11.687361,11.835404
val,Y1,10.911889,15.07584
val,Y1,9.802889,13.044189
val,Y1,8.568639,12.544001
val,Y1,7.0930557,14.369905
val,Y1,6.1124444,13.657431
val,Y1,5.935694,14.179619
val,Y1,6.3685,16.220078
val,Y1,7.340778,15.253933
val,Y1,8.47918,15.390339
val,Y1,9.561861,15.912879
val,Y1,10.493264,14.1526375
val,Y1,11.352972,10.01453
val,Y1,11.98475,10.868102
val,Y1,12.216945,12.950571
val,Y1,12.166805,13.106965
val,Y1,12.008722,13.498598
val,Y1,11.720236,12.2757
val,Y1,11.2051115,10.752044
val,Y1,10.943653,10.504562
val,Y1,11.437542,8.71245
val,Y1,12.143681,7.4756236
val,Y1,12.588792,7.9498796
val,Y1,12.831445,7.1396346
val,Y1,12.866292,6.5166273
val,Y1,12.825903,6.82445
val,Y1,12.7585,7.0445085
val,Y1,12.640333,6.660436
val,Y1,12.533722,7.032134
val,Y1,12.495889,6.8738484
val,Y1,12.521042,6.7349668
val,Y1,12.549861,7.9900475
val,Y1,12.604278,9.716987
val,Y1,12.664166,8.942219
val,Y1,12.700319,8.190993
val,Y1,12.709416,8.735409
val,Y1,12.713708,9.920717
val,Y1,12.741889,11.422059
val,Y1,12.796278,10.452368
val,Y1,12.877402,9.246584
val,Y1,13.006306,8.493961
val,Y1,13.08825,8.571365
val,Y1,13.163097,8.113811
val,Y1,13.357306,8.825713
val,Y1,13.573097,8.822863
val,Y1,13.756264,8.626317
val,Y1,13.872889,9.745007
val,Y1,13.931556,11.117073
val,Y1,13.881736,10.0211735
val,Y1,13.669375,10.625927
val,Y1,13.418486,11.437
val,Y1,13.249695,12.711142
val,Y1,13.168014,12.53491
val,Y1,13.183153,13.489786
val,Y1,13.312486,13.125586
val,Y1,13.470292,14.510183
val,Y1,13.652139,15.078882
val,Y1,13.923875,10.8890085
val,Y1,14.27775,11.342746
val,Y1,14.620625,11.092293
val,Y1,14.848028,14.958824
val,Y1,14.870986,21.268211
val,Y1,14.79707,23.85746
val,Y1,14.731709,19.046062
val,Y1,14.653194,13.273806
val,Y1,14.586833,13.2958765
val,Y1,14.510153,12.19148
val,Y1,14.386764,12.99194
val,Y1,14.244597,16.169725
val,Y1,14.1403475,15.188837
val,Y1,14.009931,12.043051
val,Y1,13.863681,13.198698
val,Y1,13.76425,15.073217
val,Y1,13.718041,13.942207
val,Y1,13.805528,11.108568
val,Y1,13.964583,11.819672
val,Y1,14.074597,14.263117
val,Y1,14.069959,11.463444
val,Y1,14.010972,13.147364
val,Y1,14.016819,15.792589
val,Y1,14.069722,14.29027
val,Y1,14.094222,13.158811
val,Y1,13.960931,13.157901
val,Y1,13.694445,11.45465
val,Y1,13.275306,11.089437
val,Y1,12.510805,13.688545
val,Y1,11.421111,15.141415
val,Y1,10.030528,12.383164
val,Y1,8.482528,12.0739565
val,Y1,6.902736,11.974371
val,Y1,5.4862223,12.953663
val,Y1,4.657778,15.10557
val,Y1,4.519583,13.3477
val,Y1,5.0946946,16.393238
val,Y1,6.041875,15.490427
val,Y1,6.863111,13.288639
val,Y1,7.458361,13.786528
val,Y1,8.142153,12.460665
val,Y1,8.932931,13.45093
val,Y1,9.735097,11.622622
val,Y1,10.526361,10.401527
val,Y1,11.219597,12.15048
val,Y1,11.748694,10.996609
val,Y1,11.994458,9.393097
val,Y1,12.15025,11.958626
val,Y1,12.237166,11.840252
val,Y1,12.179625,9.019622
val,Y1,12.058361,7.3695493
val,Y1,12.006903,6.2037797
val,Y1,12.105291,7.340525
val,Y1,12.288042,9.551931
val,Y1,12.4070835,11.30371
val,Y1,12.4540415,10.934219
val,Y1,12.586361,10.649487
val,Y1,12.83325,12.186754
val,Y1,13.119458,12.970554
val,Y1,13.328584,14.028717
val,Y1,13.337819,14.558943
val,Y1,13.233764,14.468647
val,Y1,13.125986,12.277542
val,Y1,13.036792,11.163567
val,Y1,12.95668,10.547773
val,Y1,12.856722,9.860641
val,Y1,12.793361,12.1039715
val,Y1,12.827403,12.070383
val,Y1,12.987833,10.627827
val,Y1,13.175014,11.38975
val,Y1,13.148139,13.991453
val,Y1,12.790542,13.657625
val,Y1,11.2491665,13.23896
val,Y1,8.137042,10.142504
val,Y1,4.7432775,7.225169
val,Y1,2.267236,9.341732
val,Y1,1.3426944,10.687787
val,Y1,1.9418612,10.907576
val,Y1,2.9953194,14.226917
val,Y1,4.1180553,17.182533
val,Y1,5.345958,12.926628
val,Y1,6.3238196,9.485651
val,Y1,7.251375,9.854595
val,Y1,8.216695,10.855764
val,Y1,9.087569,10.532481
val,Y1,9.630417,18.195286
val,Y1,9.873959,19.566063
val,Y1,10.03782,13.633402
val,Y1,9.6078615,10.062672
val,Y1,8.677736,10.3050995
val,Y1,8.207889,11.794073
val,Y1,8.276292,10.679636
val,Y1,8.506236,13.924142
val,Y1,8.751223,13.995853
val,Y1,8.83225,10.986283
val,Y1,8.753486,9.705175
val,Y1,8.633805,9.916513
val,Y1,8.492431,10.665373
val,Y1,8.3825,18.144623
val,Y1,8.262278,16.140617
val,Y1,7.8836665,10.871931
val,Y1,7.0093613,10.585341
val,Y1,5.6554585,10.634773
val,Y1,4.030542,10.292944
val,Y1,2.8188472,9.5211935
val,Y1,2.7126527,17.208975
val,Y1,3.482597,16.89922
val,Y1,4.476,11.732812
val,Y1,5.335583,11.498882
val,Y1,5.785681,11.754002
val,Y1,5.8242083,11.875663
val,Y1,5.8506947,13.384159
val,Y1,6.062778,11.030428
val,Y1,6.4275556,8.653015
val,Y1,6.8550696,14.205702
val,Y1,7.2798333,23.544323
val,Y1,7.6565557,19.046524
val,Y1,7.7977223,11.589466
val,Y1,7.692111,13.773676
val,Y1,7.548486,12.698469
val,Y1,7.3945694,9.724797
val,Y1,7.1983333,9.60331
val,Y1,7.206972,10.252683
val,Y1,7.606347,13.277483
val,Y1,8.033042,12.598072
val,Y1,8.293389,9.900381
val,Y1,8.505013,9.029562
val,Y1,8.624291,8.073757
val,Y1,8.59975,17.481932
val,Y1,8.53275,25.718483
val,Y1,8.497736,16.347208
val,Y1,8.092556,11.766108
val,Y1,7.365264,10.86702
val,Y1,6.809889,12.136941
val,Y1,6.493014,12.9531
val,Y1,6.5018888,11.448097
val,Y1,6.886361,11.700383
val,Y1,7.2853193,12.436619
val,Y1,7.577306,11.950881
val,Y1,7.978139,10.180151
val,Y1,8.414583,11.979431
val,Y1,8.852222,20.312237
val,Y1,9.22057,19.024628
val,Y1,9.334111,12.348455
val,Y1,9.035042,14.425044
val,Y1,8.495861,14.1548195
val,Y1,8.188097,13.749958
val,Y1,8.203111,14.738804
val,Y1,8.379167,12.809059
val,Y1,8.588875,10.589876
val,Y1,8.777014,12.741749
val,Y1,8.979959,17.481424
val,Y1,9.077958,14.2734375
val,Y1,8.959139,10.551004
val,Y1,8.741403,10.71846
val,Y1,8.557236,9.758326
val,Y1,8.417583,10.205717
val,Y1,8.304556,11.122326
val,Y1,8.3115,12.067362
val,Y1,8.453111,13.769882
val,Y1,8.539416,13.506416
val,Y1,8.332306,11.25926
val,Y1,7.606458,11.644207
val,Y1,6.3209863,13.532212
val,Y1,5.1671667,13.438957
val,Y1,4.7849445,12.293096
val,Y1,5.357792,13.256877
val,Y1,6.50375,16.641523
val,Y1,7.4983053,16.123096
val,Y1,8.345417,14.83777
val,Y1,9.129945,14.3632145
val,Y1,9.658819,11.040386
val,Y1,9.892931,12.689211
val,Y1,9.926541,14.356163
val,Y1,9.946458,13.093206
val,Y1,10.083264,13.695795
val,Y1,10.313556,15.545005
val,Y1,10.562098,17.435774
val,Y1,10.628834,13.134186
val,Y1,10.332764,19.076714
val,Y1,9.664722,19.649261
val,Y1,8.487541,17.308117
val,Y1,6.8358054,18.141115
val,Y1,5.013597,14.77459
val,Y1,3.2919445,13.047774
val,Y1,1.8607917,9.709382
val,Y1,0.9257361,7.326201
val,Y1,1.5811944,8.868371
val,Y1,3.5356529,13.574436
val,Y1,5.3333473,13.18051
val,Y1,6.597486,12.3022585
val,Y1,7.1567082,11.077068
val,Y1,7.399764,10.871269
val,Y1,7.8040137,13.043888
val,Y1,8.292569,12.028294
val,Y1,8.6774025,8.986296
val,Y1,9.036139,9.319263
val,Y1,9.5864725,10.2908745
val,Y1,10.263333,11.766275
val,Y1,10.932375,9.87933
val,Y1,11.50625,9.112373
val,Y1,11.843083,9.161158
val,Y1,12.020264,8.076466
val,Y1,12.2,7.2041435
val,Y1,12.518861,6.4906573
val,Y1,12.888361,6.374451
val,Y1,12.991694,6.313043
val,Y1,12.86132,6.772205
val,Y1,12.750764,7.512739
val,Y1,12.846889,7.6029735
val,Y1,13.220583,9.288694
val,Y1,13.743333,10.540272
val,Y1,14.095098,9.641492
val,Y1,14.177208,11.101657
val,Y1,14.179097,13.023995
val,Y1,14.178348,11.5015335
val,Y1,14.241361,11.1925535
val,Y1,14.341972,10.715699
val,Y1,14.4516945,11.510838
val,Y1,14.502236,14.2198
val,Y1,14.410097,12.6332035
val,Y1,14.15757,10.802585
val,Y1,13.833028,13.740391
val,Y1,13.449403,14.117935
val,Y1,12.970153,10.353466
val,Y1,12.416695,11.153236
val,Y1,11.698389,10.119589
val,Y1,10.847847,12.761309
val,Y1,9.788042,13.708414
val,Y1,8.4525,10.667603
val,Y1,7.059361,14.183905
val,Y1,5.732042,13.80917
val,Y1,4.549986,9.797687
val,Y1,3.672014,12.16644
val,Y1,2.987375,14.802645
val,Y1,2.4803889,13.406418
val,Y1,2.0979445,12.758636
val,Y1,1.6320555,13.016594
val,Y1,1.0074445,13.567369
val,Y1,0.40058333,10.66458
val,Y1,0.087458335,9.786394
val,Y1,0.017777778,11.283907
val,Y1,0.014652777,9.755226
val,Y1,0.014041667,9.405052
val,Y1,0.016597223,10.073382
val,Y1,0.014555556,10.090662
val,Y1,0.012930555,11.774977
val,Y1,0.013458333,16.825253
val,Y1,0.013916667,18.523579
val,Y1,0.017972222,16.210476
val,Y1,0.02913889,14.099235
val,Y1,0.028902778,22.492329
val,Y1,0.024875,23.413342
val,Y1,0.025444444,18.277077
val,Y1,0.023208333,13.673427
val,Y1,0.023027778,11.344229
val,Y1,0.02325,11.925437
val,Y1,0.030319445,8.997226
val,Y1,0.03101389,6.7662997
val,Y1,0.020555556,6.6105704
val,Y1,0.014833333,6.5054545
val,Y1,0.013861111,6.465095
val,Y1,0.013083333,6.559747
val,Y1,0.017791666,5.4405317
val,Y1,0.017652778,5.5899525
val,Y1,0.014388889,7.368888
val,Y1,0.015111111,7.859692
val,Y1,0.015625,7.0199203
val,Y1,0.014527778,6.6860437
val,Y1,0.013138889,6.791656
val,Y1,0.015944444,6.89516
val,Y1,0.015833333,6.016394
val,Y1,0.014708334,6.283091
val,Y1,0.014694445,8.010743
val,Y1,0.01626389,9.57232
val,Y1,0.021513889,6.1006007
val,Y1,0.017375,3.243421
val,Y1,0.012277778,3.1007538
val,Y1,0.012555555,5.0501776
val,Y1,0.013333334,10.067583
val,Y1,0.014,12.192411
val,Y1,0.013611111,12.6364155
val,Y1,0.011583333,13.600231
val,Y1,0.012569444,14.92935
val,Y1,0.015541667,14.878958
val,Y1,0.013541667,13.888469
val,Y1,0.012763889,12.9051075
val,Y1,0.013513889,12.798788
val,Y1,0.011416666,16.910614
val,Y1,0.012847222,24.161259
val,Y1,0.014777778,20.685497
val,Y1,0.013263889,14.296878
val,Y1,0.010819444,12.514177
val,Y1,0.014152777,10.810596
val,Y1,0.03584722,13.176177
val,Y1,0.45379168,14.541188
val,Y1,1.7478472,11.401118
val,Y1,3.2493472,12.524085
val,Y1,4.2894444,13.578098
val,Y1,4.9304304,11.98525
val,Y1,5.3754306,12.793769
val,Y1,5.9311943,13.646643
val,Y1,6.7438474,18.883366
val,Y1,7.738458,18.803894
val,Y1,8.529805,16.782778
val,Y1,8.946959,17.062733
val,Y1,9.296805,12.178402
val,Y1,9.503986,11.675114
val,Y1,9.524819,12.1698
val,Y1,9.954653,13.159889
val,Y1,10.844764,13.817431
val,Y1,11.679292,13.250106
val,Y1,12.1380415,14.344635
val,Y1,12.290334,12.640726
val,Y1,12.348194,15.288471
val,Y1,12.470056,18.726645
val,Y1,12.738459,17.619545
val,Y1,13.104403,16.151901
val,Y1,13.309667,17.238789
val,Y1,13.024208,14.705984
val,Y1,12.608681,13.71755
val,Y1,12.548223,13.365021
val,Y1,12.563069,14.755679
val,Y1,12.551222,15.738977
val,Y1,12.704889,15.202517
val,Y1,12.964167,14.892387
val,Y1,13.074139,13.610308
val,Y1,13.079333,15.414198
val,Y1,13.09675,12.871424
val,Y1,13.070347,16.080582
val,Y1,12.99,16.501144
val,Y1,12.51,10.389513
val,Y1,11.3359165,10.818317
val,Y1,9.681569,10.99201
val,Y1,8.020695,11.174397
val,Y1,6.5626388,11.117722
val,Y1,5.154736,13.110798
val,Y1,3.8559027,13.544579
val,Y1,2.806764,10.144829
val,Y1,1.9401945,10.090881
val,Y1,1.25825,10.264188
val,Y1,0.7391667,11.42741
val,Y1,0.28220832,13.501934
val,Y1,0.03748611,12.698107
val,Y1,0.017569445,11.880274
val,Y1,0.017791666,14.147054
val,Y1,0.02376389,13.308269
val,Y1,0.027347222,16.369415
val,Y1,0.01813889,17.532711
val,Y1,0.013986111,13.216358
val,Y1,0.015388889,13.40214
val,Y1,0.014138889,12.950634
val,Y1,0.016291667,15.658876
val,Y1,0.018652778,16.375755
val,Y1,0.018694444,10.7408695
val,Y1,0.018944444,6.744637
val,Y1,0.023902778,6.5921273
val,Y1,0.026888888,6.812509
val,Y1,0.019555556,7.081247
val,Y1,0.019472223,7.3890915
val,Y1,0.01836111,7.3105097
val,Y1,0.013361111,7.370092
val,Y1,0.015305555,7.0108037
val,Y1,0.02,6.7514443
val,Y1,0.016777778,6.51141
val,Y1,0.013819444,6.4299645
val,Y1,0.014152777,6.57861
val,Y1,0.021152778,7.345817
val,Y1,0.029694444,7.0051756
val,Y1,0.030430555,6.7152624
val,Y1,0.026833333,7.0224624
val,Y1,0.023652777,6.947842
val,Y1,0.11134722,6.2730756
val,Y1,0.5525972,9.310695
val,Y1,1.2731806,10.878754
val,Y1,2.1009722,10.312315
val,Y1,2.8903055,11.384498
val,Y1,3.2896528,11.452585
val,Y1,3.6653473,11.4866085
val,Y1,4.4222083,9.3085985
val,Y1,5.2317085,7.765658
val,Y1,5.710528,6.479916
val,Y1,5.797111,8.06068
val,Y1,5.8056808,12.678104
val,Y1,6.094236,13.86938
val,Y1,6.6154027,10.568514
val,Y1,7.1190414,14.565688
val,Y1,7.552236,16.706156
val,Y1,7.967347,12.406736
val,Y1,8.3683195,13.24782
val,Y1,8.757931,15.22147
val,Y1,9.141611,14.575111
val,Y1,9.5772915,14.338825
val,Y1,10.1322775,9.396576
val,Y1,10.752681,9.119827
val,Y1,11.210542,10.106783
val,Y1,11.342292,10.30513
val,Y1,11.241709,9.381802
val,Y1,10.94407,7.7384663
val,Y1,10.446097,6.9846334
val,Y1,9.8243475,7.3143215
val,Y1,9.016583,7.3300223
val,Y1,7.987236,7.1855054
val,Y1,6.775472,9.004757
val,Y1,5.4339166,9.035349
val,Y1,4.128792,8.741159
val,Y1,3.1153333,8.461592
val,Y1,2.4153612,7.942346
val,Y1,1.7512778,9.644787
val,Y1,1.1932639,10.783012
val,Y1,0.7968472,12.385706
val,Y1,0.37779167,12.013034
val,Y1,0.11055555,14.147165
val,Y1,0.13522223,15.810473
val,Y1,0.27466667,12.371087
val,Y1,0.3171111,10.00039
val,Y1,0.26580554,9.075577
val,Y1,0.19640277,8.912343
val,Y1,0.08786111,10.029667
val,Y1,0.028430555,9.106848
val,Y1,0.034833334,9.855818
val,Y1,0.099,10.0744095
val,Y1,0.597375,8.887079
val,Y1,2.179,10.246999
val,Y1,4.0376806,10.4568815
val,Y1,5.3860693,12.504894
val,Y1,6.561847,12.274648
val,Y1,7.527125,7.90323
val,Y1,8.352528,7.1695037
val,Y1,9.1796665,6.1498227
val,Y1,10.011389,6.582933
val,Y1,10.692111,8.561176
val,Y1,10.888695,12.415227
val,Y1,10.562764,17.76575
val,Y1,10.395903,15.071732
val,Y1,10.820778,11.881734
val,Y1,11.682487,15.910067
val,Y1,12.577084,15.344703
val,Y1,13.082597,11.935606
val,Y1,13.208208,20.295021
val,Y1,13.211528,24.01514
val,Y1,13.238625,15.456258
val,Y1,13.341431,10.086845
val,Y1,13.537791,12.516128
val,Y1,13.763917,15.934238
val,Y1,13.908,16.548445
val,Y1,13.946917,12.862241
val,Y1,13.945111,12.180714
val,Y1,13.940056,11.508013
val,Y1,13.908611,14.015602
val,Y1,13.851375,15.886425
val,Y1,13.695056,14.390561
val,Y1,13.3666115,12.895508
val,Y1,12.933875,14.00316
val,Y1,12.392889,15.018381
val,Y1,12.045305,12.003983
val,Y1,12.053139,11.319626
val,Y1,12.192945,10.783434
val,Y1,12.234514,11.013139
val,Y1,12.0555,10.482668
val,Y1,11.761639,13.479938
val,Y1,11.468236,13.8418045
val,Y1,11.385625,11.70299
val,Y1,11.604792,14.529127
val,Y1,11.876792,14.062151
val,Y1,11.858903,10.348082
val,Y1,11.576819,10.337112
val,Y1,11.282306,11.114527
val,Y1,11.044556,12.745464
val,Y1,10.893403,15.660817
val,Y1,10.924236,13.302314
val,Y1,11.103583,10.959673
val,Y1,11.3584585,11.336935
val,Y1,11.680458,11.375433
val,Y1,11.868139,11.422569
val,Y1,11.97557,11.331154
val,Y1,12.186319,10.520041
val,Y1,12.264389,10.432825
val,Y1,12.22893,13.576437
val,Y1,12.377569,16.233479
val,Y1,12.698167,16.009535
val,Y1,12.934083,16.474283
val,Y1,12.8095,13.452511
val,Y1,12.2971525,12.23818
val,Y1,11.512764,12.128385
val,Y1,10.543764,13.7722645
val,Y1,9.235306,16.278728
val,Y1,7.528278,12.678477
val,Y1,5.69425,9.735545
val,Y1,3.8550694,11.303177
val,Y1,2.1597917,10.445165
val,Y1,0.89970833,9.087393
val,Y1,0.7534722,11.757416
val,Y1,1.9440138,12.19949
val,Y1,3.3753471,13.238153
val,Y1,4.726736,13.882477
val,Y1,6.144,13.572474
val,Y1,7.2336526,11.784142
val,Y1,8.058236,8.59794
val,Y1,8.773097,10.041515
val,Y1,9.44275,10.058846
val,Y1,9.992486,8.74769
val,Y1,10.229555,12.952287
val,Y1,10.266,14.246777
val,Y1,10.251555,10.327927
val,Y1,10.173972,11.199912
val,Y1,10.069834,12.705433
val,Y1,10.045875,12.8815975
val,Y1,10.291458,14.249504
val,Y1,10.637459,14.04073
val,Y1,10.862792,12.138929
val,Y1,11.035542,12.272101
val,Y1,11.076292,14.735845
val,Y1,11.182264,14.79101
val,Y1,11.384069,14.367023
val,Y1,11.484667,12.44937
val,Y1,11.561125,10.6780405
val,Y1,11.693209,9.572555
val,Y1,11.883236,11.400932
val,Y1,12.025945,12.327548
val,Y1,11.989847,13.65399
val,Y1,11.823931,13.101956
val,Y1,11.741445,11.738959
val,Y1,11.754236,12.162443
val,Y1,11.802625,14.964782
val,Y1,11.966153,13.530983
val,Y1,12.329805,13.353615
val,Y1,12.784917,15.159473
val,Y1,13.120778,13.575542
val,Y1,13.253722,13.750579
val,Y1,13.28375,12.973369
val,Y1,13.343778,14.282987
val,Y1,13.478431,13.519415
val,Y1,13.646791,12.081253
val,Y1,13.74275,12.581722
val,Y1,13.6449585,12.40749
val,Y1,13.364917,13.956902
val,Y1,12.932652,15.366252
val,Y1,12.397403,21.498245
val,Y1,11.8619585,20.669846
val,Y1,11.482458,14.059061
val,Y1,11.35725,15.213944
val,Y1,11.348514,14.041499
val,Y1,11.536458,12.697284
val,Y1,11.967625,10.919349
val,Y1,12.297459,14.1854
val,Y1,12.484375,14.506842
val,Y1,12.609861,16.838795
val,Y1,12.579875,15.380966
val,Y1,12.1715555,13.85807
val,Y1,11.434028,15.7293
val,Y1,10.883028,13.400542
val,Y1,10.846084,17.533243
val,Y1,11.316153,20.747953
val,Y1,11.953222,16.424778
val,Y1,12.549597,16.556374
val,Y1,13.129569,14.57102
val,Y1,13.623403,12.567408
val,Y1,13.758125,14.25534
val,Y1,13.6177225,14.6537285
val,Y1,13.447958,12.845594
val,Y1,12.680708,13.510983
val,Y1,11.432125,17.422384
val,Y1,10.854555,13.756021
val,Y1,11.15825,8.918362
val,Y1,11.644792,15.011763
val,Y1,11.958487,18.964436
val,Y1,12.182764,14.829237
val,Y1,12.247209,14.409496
val,Y1,12.195778,15.176301
val,Y1,12.092861,12.100444
val,Y1,11.851222,11.58415
val,Y1,11.531792,14.957615
val,Y1,11.042403,18.316486
val,Y1,10.027194,21.974035
val,Y1,8.528389,19.296736
val,Y1,7.2113333,13.815125
val,Y1,6.5474443,14.862659
val,Y1,6.723653,13.407768
val,Y1,7.5316806,14.644993
val,Y1,8.400486,14.757461
val,Y1,9.17018,12.583903
val,Y1,9.907181,12.597719
val,Y1,10.642639,13.344994
val,Y1,11.39032,15.002041
val,Y1,12.010667,16.423037
val,Y1,12.552237,15.176374
val,Y1,13.106819,16.613499
val,Y1,13.528014,16.498886
val,Y1,13.573653,17.593441
val,Y1,13.22875,18.625076
val,Y1,12.714334,15.103569
val,Y1,12.201889,17.092777
val,Y1,11.770889,17.56786
val,Y1,11.404792,12.85264
val,Y1,11.112583,11.286487
val,Y1,10.578792,13.368655
val,Y1,8.989472,15.966844
val,Y1,6.718514,13.068016
val,Y1,5.5645695,11.967253
val,Y1,6.2266808,13.901398
val,Y1,7.561903,13.853249
val,Y1,8.550709,13.891331
val,Y1,9.117556,14.604506
val,Y1,9.392417,13.477566
val,Y1,9.513917,14.68441
val,Y1,9.580277,13.325704
val,Y1,9.696042,13.101713
val,Y1,9.906959,16.340992
val,Y1,10.155958,17.495049
val,Y1,10.396444,15.366808
val,Y1,10.485778,14.678381
val,Y1,10.245681,15.255204
val,Y1,9.817041,16.217255
val,Y1,9.46825,16.652966
val,Y1,9.194639,12.244764
val,Y1,8.930833,15.013203
val,Y1,8.787084,17.59343
val,Y1,8.769931,14.361057
val,Y1,8.695125,12.083404
val,Y1,8.562445,11.694788
val,Y1,8.601653,10.512463
val,Y1,8.943861,9.5469675
val,Y1,9.459028,9.018753
val,Y1,10.007861,7.911896
val,Y1,10.6695,6.620869
val,Y1,11.224861,5.9306226
val,Y1,11.364264,6.1308293
val,Y1,11.401931,6.5414147
val,Y1,11.810028,6.4395
val,Y1,12.626236,6.5238156
val,Y1,13.638708,6.885012
val,Y1,14.718764,6.8129687
val,Y1,15.784792,7.5244327
val,Y1,16.70643,7.5150304
val,Y1,17.365583,7.285505
val,Y1,17.790709,7.7700143
val,Y1,18.12382,7.253018
val,Y1,18.447695,7.072414
val,Y1,18.77007,7.0921416
val,Y1,19.085806,6.7885585
val,Y1,19.427973,6.4034896
val,Y1,19.796194,6.4816265
val,Y1,20.180084,6.9026685
val,Y1,20.615055,7.277728
val,Y1,21.105862,10.654352
val,Y1,21.511278,11.486757
val,Y1,21.590376,10.191652
val,Y1,21.4365,12.085585
val,Y1,21.372652,10.487411
val,Y1,21.441668,6.8428974
val,Y1,21.56586,6.6882896
val,Y1,21.701597,6.810313
val,Y1,21.715847,6.8756
val,Y1,21.598291,8.227509
val,Y1,21.360847,8.65745
val,Y1,21.031626,7.424702
val,Y1,20.688944,5.9850097
val,Y1,20.305084,5.9834557
val,Y1,19.698208,6.3465023
val,Y1,18.781986,6.451614
val,Y1,17.653639,6.5633473
val,Y1,16.397985,6.5057693
val,Y1,14.995903,6.237181
val,Y1,13.470125,6.2537103
val,Y1,12.023666,6.830827
val,Y1,10.489153,7.249538
val,Y1,8.741458,7.4547944
val,Y1,7.03325,7.249708
val,Y1,5.5117917,6.8262687
val,Y1,4.166264,7.618893
val,Y1,3.0303195,7.8081155
val,Y1,2.1042638,7.736158
val,Y1,1.2831944,8.985899
val,Y1,0.6576528,10.5109825
val,Y1,0.25679168,10.86355
val,Y1,0.053069446,10.967876
val,Y1,0.0154444445,13.094766
val,Y1,0.019944444,11.703123
val,Y1,0.044597223,9.072602
val,Y1,0.31454167,10.060049
val,Y1,0.963875,10.479538
val,Y1,1.881875,9.227231
val,Y1,2.9245834,9.0871105
val,Y1,3.9344168,12.08321
val,Y1,4.6772776,13.214035
val,Y1,5.1407084,12.208327
val,Y1,5.219611,12.130638
val,Y1,4.7928195,12.063795
val,Y1,4.189111,11.019568
val,Y1,3.6133611,8.918657
val,Y1,2.9597085,8.898503
val,Y1,2.31525,11.012463
val,Y1,1.8958056,10.595195
val,Y1,1.6089028,9.635794
val,Y1,1.6165416,10.783143
val,Y1,2.2912083,12.387547
val,Y1,3.3685417,11.732751
val,Y1,4.438625,12.588039
val,Y1,5.423917,15.863618
val,Y1,6.271986,12.808229
val,Y1,6.966472,13.786958
val,Y1,7.6947083,13.767857
val,Y1,8.518791,12.455065
val,Y1,9.248986,11.286303
val,Y1,9.838555,10.230129
val,Y1,10.371917,14.00245
val,Y1,10.887709,14.1844425
val,Y1,11.305847,11.287418
val,Y1,11.697695,11.673643
val,Y1,12.334139,11.723713
val,Y1,13.275917,10.029547
val,Y1,14.385931,9.91467
val,Y1,15.575736,10.386714
val,Y1,16.751265,9.811707
val,Y1,17.897194,9.549154
val,Y1,19.023,10.770081
val,Y1,19.885431,15.672531
val,Y1,20.310097,19.109798
val,Y1,20.681263,13.181504
val,Y1,21.17607,18.684273
val,Y1,21.419903,20.810368
val,Y1,21.247223,13.106672
val,Y1,20.877277,12.762778
val,Y1,20.45243,14.946203
val,Y1,19.993431,14.609304
val,Y1,19.556013,10.462383
val,Y1,19.284624,11.987232
val,Y1,19.231653,12.252367
val,Y1,19.202847,10.233002
val,Y1,19.060194,12.609604
val,Y1,18.764833,12.750084
val,Y1,18.351473,13.136122
val,Y1,17.9465,13.012783
val,Y1,17.723515,13.342644
val,Y1,17.740847,11.84427
val,Y1,17.900347,10.485721
val,Y1,18.083597,12.060869
val,Y1,17.993973,13.907374
val,Y1,17.604319,14.944784
val,Y1,17.210096,13.79549
val,Y1,16.934834,11.493017
val,Y1,16.659292,13.608168
val,Y1,16.478945,13.559047
val,Y1,16.369486,11.319057
val,Y1,16.111431,11.134043
val,Y1,15.754764,10.242828
val,Y1,15.368542,10.86208
val,Y1,14.978125,13.119733
val,Y1,14.278542,13.177549
val,Y1,13.100639,17.564077
val,Y1,11.655431,21.39236
val,Y1,10.207306,19.629417
val,Y1,9.016945,13.702766
val,Y1,8.0680275,9.956493
val,Y1,7.0527363,10.800568
val,Y1,5.430722,10.06695
val,Y1,3.3707917,9.343462
val,Y1,1.7575834,8.59703
val,Y1,1.3042917,7.019325
val,Y1,2.3367083,7.026042
val,Y1,4.061972,6.570877
val,Y1,5.6159306,6.6000633
val,Y1,6.8376946,7.08627
val,Y1,7.5934167,9.410753
val,Y1,8.110306,10.258729
val,Y1,8.664625,7.7938895
val,Y1,9.059486,6.8411946
val,Y1,9.256917,7.6713696
val,Y1,9.342542,6.914908
val,Y1,9.408556,5.418238
val,Y1,9.440861,4.95996
val,Y1,9.268847,5.4615827
val,Y1,9.204333,5.4684854
val,Y1,9.402542,5.757296
val,Y1,9.58025,6.037129
val,Y1,9.678445,6.256127
val,Y1,9.756945,6.4713364
val,Y1,9.573597,7.6971684
val,Y1,8.360097,7.564093
val,Y1,6.6310415,5.96046
val,Y1,6.264889,6.275976
val,Y1,7.326389,5.993915
val,Y1,8.308556,6.9461746
val,Y1,8.560194,8.96169
val,Y1,8.681639,9.981874
val,Y1,9.207597,10.657431
val,Y1,9.756667,10.2998085
val,Y1,10.038264,11.740759
val,Y1,10.128542,14.960884
val,Y1,9.790459,19.256134
val,Y1,9.196362,17.610771
val,Y1,8.731694,12.433958
val,Y1,8.61932,14.068978
val,Y1,8.951125,13.044777
val,Y1,9.43032,8.964884
val,Y1,9.557806,8.457714
val,Y1,8.73075,9.107506
val,Y1,7.0555973,10.797653
val,Y1,5.924125,10.809832
val,Y1,6.285347,10.10063
val,Y1,7.3986807,12.787214
val,Y1,8.237111,12.723187
val,Y1,8.445681,11.121033
val,Y1,7.8484306,13.994892
val,Y1,7.030083,13.899614
val,Y1,6.9148335,13.435277
val,Y1,7.579583,15.361282
val,Y1,8.489959,13.658464
val,Y1,8.823305,15.516322
val,Y1,8.388958,14.727737
val,Y1,7.3293056,13.022226
val,Y1,6.349236,15.031161
val,Y1,6.271389,16.250893
val,Y1,7.0395,15.313676
val,Y1,8.045111,18.64471
val,Y1,8.5228195,18.244354
val,Y1,8.409764,13.8774605
val,Y1,8.094306,17.952324
val,Y1,7.588792,18.248274
val,Y1,6.468694,11.715944
val,Y1,5.199333,13.772112
val,Y1,4.689236,16.434208
val,Y1,5.035,12.535535
val,Y1,5.6824026,14.149759
val,Y1,6.1189585,14.578419
val,Y1,6.6200695,10.213406
val,Y1,7.3910556,10.300233
val,Y1,8.179042,13.387239
val,Y1,8.694333,11.850764
val,Y1,8.913875,11.956018
val,Y1,9.096598,13.501714
val,Y1,9.292611,14.706892
val,Y1,8.823958,15.606445
val,Y1,7.33425,14.393417
val,Y1,5.833139,12.10073
val,Y1,5.290528,11.284693
val,Y1,5.7850833,13.778452
val,Y1,6.880528,15.835138
val,Y1,8.001389,12.586364
val,Y1,8.904445,10.333571
val,Y1,9.537375,10.231706
val,Y1,9.87375,12.033236
val,Y1,9.970222,13.824879
val,Y1,9.879306,9.021779
val,Y1,9.437361,5.794479
val,Y1,8.334778,9.238396
val,Y1,6.8540554,10.740839
val,Y1,5.907139,8.856756
val,Y1,5.8725557,9.262928
val,Y1,6.6448054,11.312588
val,Y1,7.855986,10.697809
val,Y1,8.8325,9.235371
val,Y1,9.301306,9.909545
val,Y1,9.365486,10.517511
val,Y1,8.869528,11.271181
val,Y1,7.675889,11.517878
val,Y1,6.0789723,14.710569
val,Y1,4.7359443,15.229395
val,Y1,3.9923334,11.929327
val,Y1,3.7796946,14.067462
val,Y1,4.4894443,12.171652
val,Y1,5.7780137,9.475641
val,Y1,6.9159164,14.476412
val,Y1,7.8401113,18.604221
val,Y1,8.526722,15.959412
val,Y1,8.787903,13.4646
val,Y1,8.586736,12.38284
val,Y1,8.1940975,12.591118
val,Y1,7.751764,14.907539
val,Y1,7.398958,13.935002
val,Y1,7.4384584,10.923466
val,Y1,7.7354026,12.133974
val,Y1,7.8937917,9.457397
val,Y1,8.163875,6.5827737
val,Y1,8.754069,7.298331
val,Y1,9.376722,9.469203
val,Y1,9.972013,10.493074
val,Y1,10.575361,15.139355
val,Y1,11.148931,16.60337
val,Y1,11.612181,13.226073
val,Y1,11.744208,11.909208
val,Y1,11.61143,12.353527
val,Y1,11.465834,12.988432
val,Y1,11.367306,11.929333
val,Y1,11.373777,12.712142
val,Y1,11.409513,11.84851
val,Y1,10.911667,12.435897
val,Y1,9.679083,13.524001
val,Y1,8.308903,8.477144
val,Y1,6.8554444,7.167318
val,Y1,5.0970554,9.980038
val,Y1,3.3248472,9.647421
val,Y1,1.8579028,10.121777
val,Y1,1.1403472,12.194064
val,Y1,1.9761667,12.753382
val,Y1,3.6972778,15.864191
val,Y1,5.1090693,17.600239
val,Y1,6.1534724,12.082993
val,Y1,6.960125,12.60905
val,Y1,7.730875,11.911966
val,Y1,8.3965,11.561396
val,Y1,8.644861,14.158493
val,Y1,8.280152,12.6381855
val,Y1,7.4302917,11.416321
val,Y1,6.1899724,10.698624
val,Y1,4.7194166,9.858293
val,Y1,3.32175,12.830231
val,Y1,2.1649444,13.760792
val,Y1,1.2886388,16.010601
val,Y1,0.7342917,18.077827
val,Y1,0.38525,15.233242
val,Y1,0.16075,12.193377
val,Y1,0.14475,11.382826
val,Y1,0.30656946,11.505617
val,Y1,0.85494447,14.660959
val,Y1,1.7842778,15.828034
val,Y1,2.94475,15.874382
val,Y1,4.2191944,15.364372
val,Y1,5.2746944,14.067236
val,Y1,6.117542,13.138111
val,Y1,6.96975,12.404141
val,Y1,7.9430556,13.487096
val,Y1,8.954958,13.148621
val,Y1,9.8908615,9.342028
val,Y1,10.714292,12.394424
val,Y1,11.184569,13.81727
val,Y1,11.122236,10.459588
val,Y1,11.064111,10.9078045
val,Y1,11.432944,14.826032
val,Y1,12.024487,14.035248
val,Y1,12.636666,11.460859
val,Y1,13.165736,12.419715
val,Y1,13.55375,16.196075
val,Y1,13.848264,16.042784
val,Y1,13.984487,11.985886
val,Y1,13.9785,12.655802
val,Y1,14.146305,14.0058565
val,Y1,14.401153,13.00097
val,Y1,14.360986,12.089016
val,Y1,14.089458,11.617816
val,Y1,13.871083,9.617363
val,Y1,13.67368,10.294033
val,Y1,13.42382,12.250711
val,Y1,12.981639,11.937464
val,Y1,11.915764,8.968843
val,Y1,10.658944,7.9567857
val,Y1,10.206458,6.36737
val,Y1,10.512139,4.393414
val,Y1,11.045083,3.875042
val,Y1,11.525333,3.5404968
val,Y1,11.799,5.2051363
val,Y1,11.948847,9.645811
val,Y1,12.080444,12.253832
val,Y1,12.215931,13.522814
val,Y1,12.31057,14.492424
val,Y1,12.31975,12.841349
val,Y1,12.30368,11.667446
val,Y1,12.223166,11.029528
val,Y1,11.990875,10.963556
val,Y1,11.340111,10.87961
val,Y1,9.723125,11.205959
val,Y1,7.414417,13.25675
val,Y1,4.9553056,15.763609
val,Y1,2.645375,16.2359
val,Y1,1.0794028,13.447548
val,Y1,0.32505557,15.00564
val,Y1,0.06148611,13.67252
val,Y1,0.012097222,10.343588
val,Y1,0.018805556,8.931564
val,Y1,0.022277778,7.387111
val,Y1,0.018861111,6.950089
val,Y1,0.016236112,7.7013116
val,Y1,0.016083334,7.4518504
val,Y1,0.016930556,8.496593
val,Y1,0.015833333,9.096052
val,Y1,0.01761111,8.892501
val,Y1,0.048875,8.080881
val,Y1,0.51295835,9.301035
val,Y1,1.6396667,11.559166
val,Y1,2.8268611,11.399934
val,Y1,3.8477082,13.400905
val,Y1,4.904875,16.089336
val,Y1,5.781653,11.941057
val,Y1,6.5236945,7.235724
val,Y1,7.638361,8.488861
val,Y1,9.042209,7.89968
val,Y1,10.338333,8.840461
val,Y1,11.510931,8.724562
val,Y1,12.320861,10.334778
val,Y1,12.53525,10.316793
val,Y1,12.46275,10.794834
val,Y1,12.318444,11.746492
val,Y1,11.988736,10.087518
val,Y1,11.259569,8.769585
val,Y1,10.286555,8.514515
val,Y1,9.726764,8.572615
val,Y1,9.641097,6.17184
val,Y1,9.518764,6.657143
val,Y1,9.370028,8.654787
val,Y1,9.313027,9.139047
val,Y1,9.230458,8.156544
val,Y1,9.169778,7.158296
val,Y1,9.267694,8.266983
val,Y1,9.569,9.217706
val,Y1,9.938209,8.277923
val,Y1,10.305528,10.080692
val,Y1,10.6328335,11.091435
val,Y1,10.966042,7.45491
val,Y1,11.331445,8.711951
val,Y1,11.6709585,9.591507
val,Y1,11.974055,9.843875
val,Y1,12.259194,10.441233
val,Y1,12.565,8.262106
val,Y1,12.884639,7.0396886
val,Y1,13.213583,6.1492896
val,Y1,13.516444,6.918036
val,Y1,13.662639,7.2014003
val,Y1,13.541,7.103433
val,Y1,13.269555,5.1762085
val,Y1,13.0425,5.9878006
val,Y1,12.912097,7.515837
val,Y1,12.842514,7.0920854
val,Y1,12.850486,6.810077
val,Y1,12.963028,7.109411
val,Y1,13.1485,7.5221004
val,Y1,13.387889,7.3123064
val,Y1,13.625792,7.19862
val,Y1,13.768444,7.7011437
val,Y1,13.744528,6.3000097
val,Y1,13.645139,5.2586026
val,Y1,13.575111,7.843665
val,Y1,13.457347,11.469834
val,Y1,13.111055,13.566948
val,Y1,12.621597,12.431673
val,Y1,12.203389,10.416773
val,Y1,11.665889,7.5294766
val,Y1,10.697416,5.5640836
val,Y1,9.27432,6.846869
val,Y1,7.956736,9.707285
val,Y1,7.220028,10.679087
val,Y1,6.895472,8.927052
val,Y1,6.7089725,6.5354724
val,Y1,6.550903,6.1552367
val,Y1,6.5465,8.092028
val,Y1,6.8734446,11.205642
val,Y1,7.3827085,11.848047
val,Y1,7.90725,11.061691
val,Y1,8.277291,11.218385
val,Y1,8.440639,11.953687
val,Y1,8.494805,12.159185
val,Y1,8.523597,12.908859
val,Y1,8.637722,10.566902
val,Y1,8.838195,9.900898
val,Y1,9.202917,11.908303
val,Y1,9.610458,10.616604
val,Y1,9.914153,8.473381
val,Y1,10.059556,10.134914
val,Y1,9.733764,8.991971
val,Y1,8.174723,6.316031
val,Y1,5.388875,7.3039746
val,Y1,2.6244862,5.4610925
val,Y1,1.0094723,4.29181
val,Y1,0.44020835,9.175419
val,Y1,0.19697222,13.065472
val,Y1,0.088083334,13.091381
val,Y1,0.05827778,10.971792
val,Y1,0.04009722,9.395363
val,Y1,0.03488889,9.084259
val,Y1,0.032555554,7.969287
val,Y1,0.026458334,6.282907
val,Y1,0.035708334,6.0104327
val,Y1,0.0405,6.257896
val,Y1,0.042097222,6.0711026
val,Y1,0.036,6.648846
val,Y1,0.022541666,6.150501
val,Y1,0.019430555,6.900315
val,Y1,0.026111111,9.172326
val,Y1,0.030736111,9.520152
val,Y1,0.06876389,9.388582
val,Y1,0.6900139,12.0315075
val,Y1,2.3540695,11.380169
val,Y1,4.21425,9.18007
val,Y1,5.59925,8.2450075
val,Y1,6.527125,6.78249
val,Y1,7.101847,6.527104
val,Y1,7.446528,8.954272
val,Y1,7.428764,11.56142
val,Y1,7.325278,11.57325
val,Y1,7.512139,9.529994
val,Y1,8.029792,7.23387
val,Y1,8.245556,6.8043094
val,Y1,8.194834,7.4556518
val,Y1,8.195084,7.52103
val,Y1,8.5483885,6.605989
val,Y1,8.580209,6.35206
val,Y1,8.911098,6.033405
val,Y1,9.682138,5.9230556
val,Y1,9.725056,6.91896
val,Y1,9.721723,7.2054687
val,Y1,9.600041,7.336119
val,Y1,9.144028,7.10298
val,Y1,8.314236,7.0778656
val,Y1,7.1183887,7.0167637
val,Y1,5.6396527,8.8916025
val,Y1,4.1050553,10.931794
val,Y1,2.731111,10.1748085
val,Y1,1.9261528,10.273068
val,Y1,1.7860972,10.480945
val,Y1,2.2482917,11.161125
val,Y1,3.1184862,11.758068
val,Y1,3.9520555,11.527222
val,Y1,4.657778,12.309422
val,Y1,5.185361,12.591242
val,Y1,5.653403,12.257822
val,Y1,6.150653,11.614473
val,Y1,6.6040554,10.874971
val,Y1,6.8699584,12.502811
val,Y1,6.997903,16.60257
val,Y1,7.13825,14.447297
val,Y1,7.049889,9.591689
val,Y1,6.7747917,10.996002
val,Y1,6.5076528,13.405827
val,Y1,6.307667,12.530309
val,Y1,6.2171946,11.303554
val,Y1,6.183069,9.609873
val,Y1,6.125653,9.062707
val,Y1,5.9285,9.099636
val,Y1,5.638389,9.930877
val,Y1,5.4215,10.176065
val,Y1,5.5259304,13.057846
val,Y1,6.049847,12.963557
val,Y1,6.511389,11.489243
val,Y1,6.5696807,13.701787
val,Y1,6.4413195,10.9945965
val,Y1,6.352264,10.634817
val,Y1,6.5224586,12.264755
val,Y1,7.0827084,12.229221
val,Y1,7.8334584,13.659912
val,Y1,8.80893,16.293434
val,Y1,10.025347,14.305784
val,Y1,11.2098055,13.0520315
val,Y1,12.343695,13.206108
val,Y1,13.39382,13.157454
val,Y1,14.235306,12.535875
val,Y1,14.738847,14.151134
val,Y1,14.650333,17.217026
val,Y1,14.08157,14.907589
val,Y1,13.514014,11.297697
val,Y1,13.146973,13.830035
val,Y1,13.011306,12.212618
val,Y1,13.008917,9.964659
val,Y1,12.962875,8.575962
val,Y1,12.835889,9.004631
val,Y1,12.672055,11.194842
val,Y1,12.730667,11.355419
val,Y1,13.314403,9.892792
val,Y1,14.231028,9.571299
val,Y1,15.124416,6.806188
val,Y1,15.931069,6.1521087
val,Y1,16.349167,7.461196
val,Y1,16.34604,9.268049
val,Y1,16.379292,8.3285675
val,Y1,16.508333,7.832579
val,Y1,16.841305,9.800055
val,Y1,17.27693,9.916918
val,Y1,17.530153,8.98018
val,Y1,17.66386,8.60358
val,Y1,17.696667,8.683473
val,Y1,17.681707,9.302742
val,Y1,17.6245,9.07799
val,Y1,17.430902,8.809826
val,Y1,17.224792,8.144682
val,Y1,17.155333,6.78311
val,Y1,17.180695,7.2409225
val,Y1,17.06975,8.908276
val,Y1,16.777014,9.265255
val,Y1,16.480291,11.054487
val,Y1,16.177528,12.740534
val,Y1,15.871445,10.911292
val,Y1,15.655278,8.849441
val,Y1,15.613125,9.367708
val,Y1,15.803416,9.716152
val,Y1,16.202028,7.730231
val,Y1,16.669306,4.8991637
val,Y1,17.0745,2.6808715
val,Y1,17.396486,2.5466914
val,Y1,17.641235,2.028374
val,Y1,17.821985,4.4298215
val,Y1,17.95393,8.54394
val,Y1,17.822874,9.298426
val,Y1,17.35968,11.280375
val,Y1,16.899584,11.55208
val,Y1,16.455166,9.859979
val,Y1,16.06825,11.3805065
val,Y1,15.924973,10.771996
val,Y1,16.018291,10.769068
val,Y1,16.350876,10.905809
val,Y1,16.849625,8.017606
val,Y1,17.372139,10.118105
val,Y1,17.77375,12.054035
val,Y1,18.009903,11.743469
val,Y1,18.09496,11.309784
val,Y1,18.058916,10.923559
val,Y1,17.939764,8.9797535
val,Y1,17.822556,8.48938
val,Y1,17.779152,7.7194715
val,Y1,17.837889,11.018688
val,Y1,17.934166,13.309858
val,Y1,18.06132,12.059725
val,Y1,18.25793,10.793808
val,Y1,18.467556,13.241967
val,Y1,18.431805,15.005154
val,Y1,18.961124,11.23622
val,Y1,19.956486,10.592252
val,Y1,19.987444,10.244719
val,Y1,20.764334,9.664195
val,Y1,21.014292,10.271761
val,Y1,20.048626,8.952466
val,Y1,19.41125,8.116249
val,Y1,18.806625,8.174627
val,Y1,18.528084,9.75431
val,Y1,18.252403,10.45695
val,Y1,18.060556,9.890047
val,Y1,17.949306,10.909268
val,Y1,17.95957,12.784096
val,Y1,18.045626,11.506068
val,Y1,18.190361,11.347254
val,Y1,18.20704,11.484481
val,Y1,18.07914,10.2592945
val,Y1,18.035278,11.751791
val,Y1,18.115389,11.272215
val,Y1,18.377306,9.85154
val,Y1,18.737015,9.752167
val,Y1,19.142876,9.940407
val,Y1,19.530653,9.238499
val,Y1,19.560333,8.548281
val,Y1,18.540056,12.029421
val,Y1,13.07318,13.676692
val,Y1,6.9635415,10.693687
val,Y1,5.0189166,9.476972
val,Y1,4.6032085,11.694704
val,Y1,10.18775,13.473993
val,Y1,17.738945,13.726971
val,Y1,19.00093,10.753144
val,Y1,18.312584,8.529285
val,Y1,18.182417,8.497697
val,Y1,17.975763,7.4308515
val,Y1,17.878458,6.899982
val,Y1,17.92193,6.7511497
val,Y1,18.100069,8.600388
val,Y1,18.211319,11.570336
val,Y1,18.143347,12.629728
val,Y1,17.986597,12.74617
val,Y1,17.746222,11.34091
val,Y1,17.230791,7.7506633
val,Y1,17.06214,5.87845
val,Y1,17.222555,7.2889137
val,Y1,17.160973,9.464666
val,Y1,17.16475,8.960644
val,Y1,17.326834,8.500237
val,Y1,17.617043,8.231902
val,Y1,17.901209,6.838268
val,Y1,18.08825,8.901783
val,Y1,18.279444,11.288223
val,Y1,18.5435,10.498601
val,Y1,18.77582,8.326992
val,Y1,18.959473,7.703589
val,Y1,19.115402,8.35446
val,Y1,19.185486,8.685747
val,Y1,19.114902,8.621912
val,Y1,19.007473,11.136295
val,Y1,19.028917,12.624786
val,Y1,19.19246,11.519607
val,Y1,19.327013,11.03595
val,Y1,19.314848,17.415218
val,Y1,19.34639,19.588196
val,Y1,19.661152,20.929619
val,Y1,20.059597,18.155367
val,Y1,20.170124,14.680632
val,Y1,19.990791,10.139486
val,Y1,19.711721,10.895985
val,Y1,19.4535,11.979512
val,Y1,19.149834,12.302073
val,Y1,18.961082,12.477415
val,Y1,18.97825,11.506268
val,Y1,19.058195,9.654815
val,Y1,19.133486,8.247959
val,Y1,19.155792,9.527138
val,Y1,19.286667,9.767149
val,Y1,12.631861,7.4781914
val,Y1,11.336445,7.8735466
val,Y1,18.147459,10.392956
val,Y1,17.437471,14.289406
val,Y1,7.698014,18.032726
val,Y1,2.765597,15.325415
val,Y1,12.086223,12.245927
val,Y1,18.637917,9.618293
val,Y1,18.510597,9.992134
val,Y1,18.362194,10.543874
val,Y1,18.343277,12.2017
val,Y1,18.387625,10.3046
val,Y1,18.51168,9.29645
val,Y1,18.676903,13.525579
val,Y1,18.8695,14.584496
val,Y1,18.984194,10.290483
val,Y1,19.013208,7.45
val,Y1,19.091265,7.280825
val,Y1,19.135056,9.046904
val,Y1,19.021,10.850215
val,Y1,18.783667,11.861168
val,Y1,18.497458,12.994654
val,Y1,18.225208,12.095453
val,Y1,17.95511,9.654289
val,Y1,17.64864,9.934025
val,Y1,17.38114,10.491064
val,Y1,17.14164,12.178218
val,Y1,16.915236,13.819202
val,Y1,16.708902,11.224065
val,Y1,16.474112,11.012321
val,Y1,16.142666,12.751148
val,Y1,15.465208,11.37971
val,Y1,14.457556,10.633131
val,Y1,13.418736,14.40283
val,Y1,12.314889,13.376476
val,Y1,11.10125,10.452292
val,Y1,9.857153,10.774563
val,Y1,8.533264,11.509311
val,Y1,7.1223474,13.813398
val,Y1,5.669847,14.383297
val,Y1,4.211986,14.042458
val,Y1,2.8093472,14.035211
val,Y1,1.6840278,13.325312
val,Y1,0.94295835,12.35804
val,Y1,0.48105556,12.402402
val,Y1,0.280375,11.186016
val,Y1,0.14731945,8.382141
val,Y1,0.042166665,9.185177
val,Y1,0.025041666,10.203693
val,Y1,0.020194445,10.333008
val,Y1,0.024805555,11.48977
val,Y1,0.027652778,13.322605
val,Y1,0.021958333,12.059981
val,Y1,0.016777778,11.317183
val,Y1,0.022972222,14.94024
val,Y1,0.02913889,15.905385
val,Y1,0.024041668,14.881105
val,Y1,0.018111112,11.715141
val,Y1,0.020708334,9.549471
val,Y1,0.026944444,9.44945
val,Y1,0.024097223,9.854696
val,Y1,0.15626389,12.1635475
val,Y1,1.1192778,12.02241
val,Y1,2.9645555,10.4811
val,Y1,4.7500973,11.151632
val,Y1,5.667917,12.702101
val,Y1,5.795361,10.230595
val,Y1,5.6416807,8.517277
val,Y1,5.197986,6.855986
val,Y1,4.4289026,7.6884847
val,Y1,3.6823888,12.783748
val,Y1,3.1419306,16.85038
val,Y1,2.588889,15.810102
val,Y1,2.0117083,10.912899
val,Y1,1.5050555,10.05225
val,Y1,1.0873473,9.010737
val,Y1,0.7880972,12.79834
val,Y1,0.5573611,14.5021515
val,Y1,0.31431943,11.541386
val,Y1,0.10415278,10.396541
val,Y1,0.02225,12.026405
val,Y1,0.022194445,16.296785
val,Y1,0.021305555,14.185343
val,Y1,0.021125,12.62075
val,Y1,0.020763889,11.96465
val,Y1,0.013847223,8.909576
val,Y1,0.0165,7.365166
val,Y1,0.072569445,6.343103
val,Y1,0.58356947,9.571274
val,Y1,1.2863195,11.158167
val,Y1,2.1324723,8.808262
val,Y1,3.348389,8.260587
val,Y1,4.6125417,8.175893
val,Y1,5.7233334,7.157925
val,Y1,6.3879585,8.541439
val,Y1,6.746389,9.035963
val,Y1,6.8730693,7.4097486
val,Y1,6.8468056,7.4693127
val,Y1,6.9645,7.4574466
val,Y1,7.2818613,7.392644
val,Y1,7.7564445,8.065958
val,Y1,8.353764,7.4584174
val,Y1,9.069972,8.821732
val,Y1,9.879916,9.75984
val,Y1,10.646944,7.755715
val,Y1,11.3255415,10.766106
val,Y1,11.96193,10.457414
val,Y1,12.281264,10.039118
val,Y1,12.325055,9.910521
val,Y1,12.523,9.594893
val,Y1,12.850194,8.887153
val,Y1,13.079653,7.2571797
val,Y1,13.189584,5.140139
val,Y1,13.334792,7.070061
val,Y1,13.597264,11.69112
val,Y1,13.930611,10.293441
val,Y1,14.207958,8.553625
val,Y1,14.287653,8.886598
val,Y1,14.355486,8.862747
val,Y1,14.628944,8.718344
val,Y1,14.842556,10.716995
val,Y1,14.912806,14.177329
val,Y1,14.91868,18.253159
val,Y1,14.885944,16.020893
val,Y1,14.835556,12.391535
val,Y1,14.793667,10.844187
val,Y1,14.870139,8.870205
val,Y1,14.969152,7.9141946
val,Y1,15.028028,11.367938
val,Y1,15.1159725,11.585485
val,Y1,15.269764,9.518665
val,Y1,15.49657,10.310846
val,Y1,15.737403,13.011107
val,Y1,15.7427225,15.468085
val,Y1,15.379264,11.756254
val,Y1,14.836653,11.698323
val,Y1,14.73125,11.8084755
val,Y1,15.1096525,9.352266
val,Y1,15.604875,10.039335
val,Y1,16.20514,10.759158
val,Y1,16.764416,13.281366
val,Y1,17.207598,12.908047
val,Y1,17.535694,8.960078
val,Y1,17.80186,6.234939
val,Y1,18.130695,6.6258464
val,Y1,18.501694,8.121519
val,Y1,18.73525,7.9616575
val,Y1,18.882153,9.6004095
val,Y1,18.968292,15.408144
val,Y1,19.004139,16.93658
val,Y1,19.09432,13.041983
val,Y1,19.213486,9.867586
val,Y1,19.182138,11.670371
val,Y1,18.909597,13.798464
val,Y1,18.566902,11.163321
val,Y1,18.214083,9.621522
val,Y1,17.777431,10.691321
val,Y1,17.267626,12.119059
val,Y1,16.673708,12.861851
val,Y1,15.913903,12.737426
val,Y1,15.116458,13.061964
val,Y1,14.575139,14.872536
val,Y1,14.333861,13.443633
val,Y1,14.264292,11.101165
val,Y1,14.301833,11.922738
val,Y1,14.348111,13.410412
val,Y1,14.353861,15.77268
val,Y1,14.25875,14.45649
val,Y1,14.027736,12.53105
val,Y1,13.889153,11.102537
val,Y1,13.662569,13.8259945
val,Y1,12.651652,20.476292
val,Y1,10.949903,21.242737
val,Y1,9.035722,13.093065
val,Y1,7.2168055,12.682561
val,Y1,5.447764,12.366584
val,Y1,3.7421112,10.356406
val,Y1,2.5470695,11.753846
val,Y1,2.5704722,14.280933
val,Y1,3.8773472,14.263417
val,Y1,5.38575,13.399131
val,Y1,6.558361,14.598017
val,Y1,7.4518194,12.784513
val,Y1,8.028097,11.0714445
val,Y1,7.9174166,9.684643
val,Y1,6.800542,12.018496
val,Y1,5.156014,12.235096
val,Y1,3.6040416,15.354862
val,Y1,2.3567917,12.653076
val,Y1,1.4816389,11.595112
val,Y1,0.9105694,11.4746685
val,Y1,0.58025,12.643112
val,Y1,0.3247639,13.286022
val,Y1,0.09986111,13.48077
val,Y1,0.17975,18.82706
val,Y1,1.10475,21.42303
val,Y1,2.8563056,12.605782
val,Y1,4.699569,12.595751
val,Y1,6.3093057,10.686299
val,Y1,7.579125,11.929947
val,Y1,8.545986,11.441868
val,Y1,9.2734165,8.178427
val,Y1,10.068139,7.9811177
val,Y1,10.839569,7.5204244
val,Y1,11.0640135,7.260698
val,Y1,11.082903,7.2256556
val,Y1,11.227708,6.9555507
val,Y1,11.309972,6.4226933
val,Y1,10.891222,6.2659955
val,Y1,9.852722,6.191161
val,Y1,8.644389,6.0307136
val,Y1,7.428528,6.264789
val,Y1,6.287083,6.32966
val,Y1,5.6293473,6.1952214
val,Y1,5.800861,6.6496572
val,Y1,6.799778,7.687777
val,Y1,8.095528,8.2118
val,Y1,9.2583885,9.639381
val,Y1,10.131166,9.970184
val,Y1,10.644931,10.155873
val,Y1,10.955472,11.108429
val,Y1,11.241764,10.579665
val,Y1,11.570653,11.394386
val,Y1,11.895056,9.809689
val,Y1,12.196736,6.961633
val,Y1,12.454611,6.768143
val,Y1,12.612348,9.28208
val,Y1,12.616292,6.8767095
val,Y1,12.363028,4.8426147
val,Y1,12.305597,7.889297
val,Y1,12.507083,10.928911
val,Y1,12.609736,11.333042
val,Y1,12.554944,11.577287
val,Y1,12.248153,12.305969
val,Y1,11.936306,14.2863865
val,Y1,11.702361,14.2640085
val,Y1,11.432625,13.415911
val,Y1,11.171181,13.425146
val,Y1,11.159223,14.492392
val,Y1,11.476514,14.622791
val,Y1,11.90125,13.475
val,Y1,12.300944,12.035772
val,Y1,12.630709,11.221029
val,Y1,12.756847,8.441914
val,Y1,12.79843,8.574841
val,Y1,12.902041,11.198239
val,Y1,12.947847,12.885483
val,Y1,12.931986,13.680122
val,Y1,12.973958,13.678085
val,Y1,13.072792,12.513209
val,Y1,13.052806,14.3374405
val,Y1,12.793583,11.369089
val,Y1,12.391334,12.608843
val,Y1,12.057584,12.565191
val,Y1,11.850695,8.438317
val,Y1,11.795667,6.7294726
val,Y1,11.783139,9.385793
val,Y1,11.527416,12.381291
val,Y1,10.682917,13.520132
val,Y1,9.234972,11.366489
val,Y1,7.6632085,10.014401
val,Y1,6.190347,11.022207
val,Y1,5.3815694,10.186415
val,Y1,5.7324305,9.433592
val,Y1,6.7945137,11.992874
val,Y1,7.934764,12.0352545
val,Y1,8.79882,14.341126
val,Y1,9.437555,15.91289
val,Y1,9.919528,12.838744
val,Y1,10.143167,9.091299
val,Y1,10.242111,10.113846
val,Y1,10.240833,14.121059
val,Y1,9.813042,13.831011
val,Y1,9.032014,12.572356
val,Y1,8.497569,14.345097
val,Y1,8.52725,13.618358
val,Y1,8.899153,11.358824
val,Y1,9.516848,11.415231
val,Y1,10.309847,11.75977
val,Y1,11.07,12.963631
val,Y1,11.74475,13.390504
val,Y1,12.318944,13.377983
val,Y1,12.719973,13.984812
val,Y1,13.025875,10.0403185
val,Y1,13.205944,8.795893
val,Y1,13.030681,8.543514
val,Y1,12.362889,7.8986387
val,Y1,11.385709,7.4911423
val,Y1,10.202791,6.5913987
val,Y1,8.688027,4.7988863
val,Y1,6.897486,5.092852
val,Y1,5.189736,8.005568
val,Y1,4.7834306,10.566231
val,Y1,5.941292,11.587953
val,Y1,7.5060973,12.726671
val,Y1,8.802,14.112814
val,Y1,9.715208,12.513924
val,Y1,10.0813055,15.835624
val,Y1,10.029195,18.74902
val,Y1,10.027,12.362705
val,Y1,10.22932,12.970553
val,Y1,10.514055,12.173258
val,Y1,10.587931,11.178853
val,Y1,10.621388,12.502629
val,Y1,10.878166,12.011888
val,Y1,11.091611,12.06958
val,Y1,11.035861,13.796417
val,Y1,10.832778,16.43848
val,Y1,10.704625,13.688358
val,Y1,10.93882,10.989065
val,Y1,11.593542,12.329683
val,Y1,12.346278,12.61618
val,Y1,12.906389,12.806429
val,Y1,13.279875,14.441626
val,Y1,13.65957,14.611834
val,Y1,14.030541,14.337231
val,Y1,14.165402,12.587341
val,Y1,14.160556,12.841931
val,Y1,14.299848,21.629719
val,Y1,14.554778,22.086937
val,Y1,14.826333,13.612505
val,Y1,15.037139,13.591436
val,Y1,15.086486,12.668687
val,Y1,14.8631525,12.057654
val,Y1,14.617903,10.750763
val,Y1,14.554653,9.074907
val,Y1,14.456333,21.351252
val,Y1,14.273666,26.258114
val,Y1,14.029764,16.975565
val,Y1,13.688139,14.995747
val,Y1,13.334458,16.77905
val,Y1,13.055111,16.423859
val,Y1,12.859472,13.657453
val,Y1,12.688375,16.688251
val,Y1,12.514334,17.451889
val,Y1,12.377444,14.807137
val,Y1,12.246944,13.7859125
val,Y1,12.07143,13.574974
val,Y1,11.925111,12.487612
val,Y1,11.674361,11.302274
val,Y1,11.283472,9.319218
val,Y1,10.97907,7.3228703
val,Y1,10.976139,8.429612
val,Y1,11.378333,10.426872
val,Y1,11.940708,11.162345
val,Y1,12.489847,11.199089
val,Y1,13.050889,12.703106
val,Y1,13.482764,15.404629
val,Y1,13.769278,16.068855
val,Y1,14.08175,13.88145
val,Y1,14.37982,13.220261
val,Y1,14.614333,11.139599
val,Y1,14.642,8.114703
val,Y1,14.31757,8.979227
val,Y1,13.511653,13.204069
val,Y1,12.296083,11.781833
val,Y1,10.873445,10.290194
val,Y1,9.40575,9.441593
val,Y1,8.254,10.036393
val,Y1,7.3936806,10.655779
val,Y1,6.5563474,12.043488
val,Y1,5.726486,13.94298
val,Y1,4.925764,12.601401
val,Y1,3.9677083,12.083458
val,Y1,2.9754305,13.139725
val,Y1,2.7922084,12.962027
val,Y1,3.8110833,14.515743
val,Y1,5.268236,14.577983
val,Y1,6.5198474,13.245575
val,Y1,7.536486,10.69206
val,Y1,8.446667,8.778099
val,Y1,9.389347,12.210815
val,Y1,10.266,16.386602
val,Y1,10.818819,14.273788
val,Y1,11.040806,10.037369
val,Y1,11.269292,9.029723
val,Y1,11.475972,10.947972
val,Y1,11.401792,13.911596
val,Y1,11.009111,14.273184
val,Y1,10.613653,13.232684
val,Y1,10.59125,11.788706
val,Y1,10.71375,11.011425
val,Y1,10.526944,11.241016
val,Y1,9.558888,11.234454
val,Y1,7.821264,11.446152
val,Y1,5.6870832,12.659657
val,Y1,3.4626527,10.916084
val,Y1,1.6803056,8.258939
val,Y1,0.5636111,8.840488
val,Y1,0.10268056,11.1463995
val,Y1,0.28702778,10.583591
val,Y1,1.3361388,7.63786
val,Y1,2.9627361,7.200744
val,Y1,4.4617777,6.830251
val,Y1,5.7917914,6.478891
val,Y1,7.1480556,6.0377774
val,Y1,8.384042,6.505972
val,Y1,9.36075,7.0081544
val,Y1,9.905528,7.3630767
val,Y1,9.756291,7.2833056
val,Y1,8.894889,7.1903467
val,Y1,7.9719167,7.234704
val,Y1,7.780958,7.241299
val,Y1,8.269694,7.315579
val,Y1,9.092278,10.573098
val,Y1,9.91193,13.913057
val,Y1,10.37575,9.372202
val,Y1,10.48982,11.45052
val,Y1,10.420514,12.245747
val,Y1,9.846986,8.095686
val,Y1,8.706639,6.32568
val,Y1,7.3516665,6.381101
val,Y1,6.0378613,5.734555
val,Y1,4.2726526,12.483852
val,Y1,2.4436529,15.110693
val,Y1,2.152111,10.22943
val,Y1,3.203264,10.708403
val,Y1,4.483222,10.723126
val,Y1,5.3531113,12.124219
val,Y1,5.7714443,14.83379
val,Y1,6.1262083,13.875923
val,Y1,6.335111,11.747862
val,Y1,6.4543056,10.829485
val,Y1,6.8278055,11.148548
val,Y1,7.214736,12.973352
val,Y1,7.356889,14.929265
val,Y1,7.034111,15.7001705
val,Y1,6.0537086,12.805487
val,Y1,4.799278,13.326008
val,Y1,3.5889723,17.63097
val,Y1,2.6167638,14.73139
val,Y1,1.8851666,13.281809
val,Y1,0.9970972,11.792366
val,Y1,0.24025,11.297464
val,Y1,0.123333335,10.551235
val,Y1,0.45820832,10.872776
val,Y1,0.7695278,11.470097
val,Y1,0.69244444,11.870216
val,Y1,0.41418055,12.653041
val,Y1,0.21248612,10.829012
val,Y1,0.078041665,8.937805
val,Y1,0.04586111,7.105868
val,Y1,0.29644445,7.340065
val,Y1,0.77641666,8.177775
val,Y1,1.0954862,5.5510716
val,Y1,1.0964305,8.924231
val,Y1,0.99602777,12.82213
val,Y1,1.3830833,11.750973
val,Y1,2.2950416,12.373024
val,Y1,3.2164445,13.866689
val,Y1,4.0637083,11.450769
val,Y1,4.5789723,9.9493475
val,Y1,4.144181,11.725432
val,Y1,3.4034028,9.407454
val,Y1,3.7075279,7.4391756
val,Y1,4.721097,7.6559167
val,Y1,5.3982778,6.2451663
val,Y1,5.5469723,7.0200186
val,Y1,5.5661526,11.980188
val,Y1,5.777528,13.977259
val,Y1,6.128861,12.175867
val,Y1,6.5948887,12.198658
val,Y1,7.300597,12.781518
val,Y1,8.083834,13.010823
val,Y1,8.804528,13.678742
val,Y1,9.537833,12.730833
val,Y1,10.270778,14.631569
val,Y1,10.94275,14.784904
val,Y1,11.435208,12.022732
val,Y1,11.78118,11.199465
val,Y1,11.8793335,11.094254
val,Y1,11.5818615,13.9865055
val,Y1,11.047722,16.758749
val,Y1,10.06125,15.5785475
val,Y1,8.607792,13.063764
val,Y1,7.2013054,12.092446
val,Y1,6.469,9.082471
val,Y1,6.6376805,8.253256
val,Y1,7.242375,9.013063
val,Y1,7.831486,9.3050585
val,Y1,8.314458,10.043722
val,Y1,8.669416,9.705603
val,Y1,8.616042,9.038422
val,Y1,7.9634304,8.751468
val,Y1,6.693486,8.697964
val,Y1,4.9490833,8.986933
val,Y1,3.08525,8.374662
val,Y1,1.6693333,7.4243236
val,Y1,0.92906946,7.0208883
val,Y1,0.6345556,7.2746654
val,Y1,0.76125,7.168523
val,Y1,1.5855973,6.4840193
val,Y1,2.8794584,6.27127
val,Y1,4.2095,6.200038
val,Y1,5.476222,6.2678385
val,Y1,6.483514,6.330231
val,Y1,7.044,6.49757
val,Y1,6.9396667,6.6342607
val,Y1,6.172694,6.7806897
val,Y1,4.952542,6.608332
val,Y1,3.5160556,6.532066
val,Y1,2.107014,9.105651
val,Y1,1.3073194,11.371312
val,Y1,1.8473195,9.273731
val,Y1,3.2703195,8.850311
val,Y1,4.667486,9.565771
val,Y1,5.404667,9.805483
val,Y1,4.7906666,12.36311
val,Y1,3.3434584,11.858432
val,Y1,2.2633333,10.108076
val,Y1,1.4943889,9.560427
val,Y1,0.7514028,9.152283
val,Y1,0.33891666,12.620491
val,Y1,0.13076389,13.005732
val,Y1,0.016291667,10.755367
val,Y1,0.015472222,9.837936
val,Y1,0.014027778,10.307896
val,Y1,0.014138889,9.9287405
val,Y1,0.019888889,8.821329
val,Y1,0.017416667,8.609032
val,Y1,0.014180556,9.941459
val,Y1,0.30480555,9.340343
val,Y1,1.3355973,8.952749
val,Y1,2.6990416,10.168827
val,Y1,3.86875,10.322785
val,Y1,4.957111,10.851152
val,Y1,5.6825137,12.131032
val,Y1,6.041347,13.1166
val,Y1,6.4203334,15.658199
val,Y1,6.908111,16.001698
val,Y1,7.4765277,14.725999
val,Y1,8.039389,19.515955
val,Y1,8.592625,15.979224
val,Y1,9.063681,9.926179
val,Y1,9.334056,10.553375
val,Y1,9.391111,11.594049
val,Y1,9.343653,12.951527
val,Y1,9.333222,12.006369
val,Y1,9.386264,10.804012
val,Y1,9.451195,12.724108
val,Y1,9.318848,12.677567
val,Y1,8.823486,10.715529
val,Y1,8.098056,11.666248
val,Y1,7.483722,15.31251
val,Y1,7.032403,15.338255
val,Y1,6.455222,11.100452
val,Y1,5.754611,12.096591
val,Y1,5.2944584,13.389518
val,Y1,5.3229303,12.067797
val,Y1,5.8199167,9.161886
val,Y1,6.5533056,9.440694
val,Y1,7.204472,11.725491
val,Y1,7.8012223,12.956299
val,Y1,8.405444,12.276043
val,Y1,8.965153,11.776205
val,Y1,9.477236,12.273827
val,Y1,9.748959,15.66974
val,Y1,9.690763,13.293812
val,Y1,9.490055,13.50495
val,Y1,9.435722,14.622211
val,Y1,9.70375,15.338059
val,Y1,10.151208,14.486049
val,Y1,10.462014,14.18508
val,Y1,10.4835,16.164083
val,Y1,10.240875,16.945045
val,Y1,9.823083,14.760206
val,Y1,9.444639,9.0449
val,Y1,9.321555,10.121232
val,Y1,9.282875,13.39685
val,Y1,8.507459,13.015186
val,Y1,7.10625,11.095483
val,Y1,5.8966804,8.98097
val,Y1,5.116486,9.663789
val,Y1,4.813319,11.197313
val,Y1,4.684625,10.534679
val,Y1,4.3175416,12.373484
val,Y1,3.97225,19.841267
val,Y1,4.302375,20.42724
val,Y1,4.903764,12.749823
val,Y1,5.288653,10.050028
val,Y1,5.73075,10.118574
val,Y1,6.193514,10.343647
val,Y1,6.600917,11.93903
val,Y1,7.1738195,11.682947
val,Y1,7.650014,11.064047
val,Y1,7.7013474,11.636625
val,Y1,7.5938196,11.350094
val,Y1,7.358736,14.401718
val,Y1,6.7125,14.255835
val,Y1,5.6707363,14.5545635
val,Y1,5.1731944,15.048025
val,Y1,5.8904443,11.257151
val,Y1,7.0198474,9.693756
val,Y1,7.918097,11.355768
val,Y1,8.638153,12.775671
val,Y1,9.0014305,10.5118
val,Y1,8.922055,10.972517
val,Y1,8.45518,13.381624
val,Y1,7.540514,13.01314
val,Y1,6.174389,11.932356
val,Y1,4.632167,10.142494
val,Y1,3.6543334,10.126371
val,Y1,3.692,12.431809
val,Y1,4.2836113,10.447234
val,Y1,4.997208,8.627129
val,Y1,5.7934165,8.586864
val,Y1,6.8084307,9.601218
val,Y1,7.8044724,10.781523
val,Y1,8.4395,9.481627
val,Y1,8.964306,9.811944
val,Y1,9.453153,12.285183
val,Y1,9.729514,13.666897
val,Y1,9.871528,16.020395
val,Y1,10.036292,14.660339
val,Y1,10.214042,12.770298
val,Y1,10.391625,11.620451
val,Y1,10.547527,10.346885
val,Y1,10.594542,11.932175
val,Y1,10.047347,13.630501
val,Y1,9.245514,12.101231
val,Y1,8.67875,10.718517
val,Y1,8.185958,9.622714
val,Y1,8.114639,10.981835
val,Y1,8.46675,11.762774
val,Y1,8.935458,10.79688
val,Y1,9.420459,9.909331
val,Y1,9.686014,10.726923
val,Y1,9.597944,13.732576
val,Y1,9.516486,14.678257
val,Y1,9.7080555,12.305247
val,Y1,10.046431,12.620949
val,Y1,10.379611,14.661774
val,Y1,10.687695,14.789832
val,Y1,10.931306,13.694627
val,Y1,10.443334,12.670655
val,Y1,8.943931,12.47937
val,Y1,7.8152223,11.2730665
val,Y1,7.8729305,12.5613
val,Y1,8.570403,15.186572
val,Y1,9.321597,17.971952
val,Y1,9.757361,25.949915
val,Y1,10.0217085,23.548916
val,Y1,10.245708,19.25922
val,Y1,10.382861,13.412498
val,Y1,10.5565,15.39756
val,Y1,10.734542,16.117079
val,Y1,10.838708,13.624233
val,Y1,10.921416,14.78896
val,Y1,10.837819,15.047991
val,Y1,10.516306,13.51262
val,Y1,10.133597,14.394667
val,Y1,9.631695,17.53196
val,Y1,8.999473,16.811073
val,Y1,8.627084,13.85243
val,Y1,8.722125,14.29023
val,Y1,9.140208,13.638521
val,Y1,9.547973,14.665335
val,Y1,9.657945,16.839085
val,Y1,9.79375,15.467768
val,Y1,10.040597,12.925092
val,Y1,9.907736,14.062859
val,Y1,9.239139,15.074703
val,Y1,8.1235,12.176685
val,Y1,6.344333,15.122196
val,Y1,4.363278,17.250547
val,Y1,2.7966805,13.203231
val,Y1,2.0047917,13.56958
val,Y1,2.6270278,16.042377
val,Y1,3.9324443,16.611795
val,Y1,5.174722,13.436003
val,Y1,6.396375,12.916948
val,Y1,7.396528,12.732791
val,Y1,8.260014,11.983913
val,Y1,8.982542,11.591152
val,Y1,9.230222,11.244736
val,Y1,8.855194,11.240901
val,Y1,7.9448195,13.894478
val,Y1,6.8896527,17.52567
val,Y1,6.3030696,16.397545
val,Y1,6.218514,19.340178
val,Y1,6.262,20.567081
val,Y1,6.2519584,15.741843
val,Y1,6.183361,13.212448
val,Y1,6.073514,12.36685
val,Y1,5.8427777,13.019017
val,Y1,5.7865415,13.269837
val,Y1,6.0929165,9.415539
val,Y1,6.359847,12.948511
val,Y1,6.3297915,15.755552
val,Y1,6.1750555,8.388633
val,Y1,6.1379027,8.743534
val,Y1,6.406778,10.901222
val,Y1,7.004097,7.86021
val,Y1,8.124917,11.087563
val,Y1,9.725361,13.085703
val,Y1,10.571195,12.362675
val,Y1,10.81268,13.439226
val,Y1,11.51,10.580333
val,Y1,11.137806,9.048281
val,Y1,9.436292,8.0125475
val,Y1,8.276764,9.748918
val,Y1,7.794528,12.301636
val,Y1,7.378667,12.228697
val,Y1,6.7367363,10.604061
val,Y1,5.855222,10.054577
val,Y1,5.3119445,14.115551
val,Y1,5.5244584,20.661867
val,Y1,6.2731113,15.798988
val,Y1,7.1788054,12.977622
val,Y1,7.984361,9.550737
val,Y1,8.428306,8.478277
val,Y1,8.346139,10.056822
val,Y1,7.6271806,10.0363
val,Y1,6.4892917,13.110802
val,Y1,5.4959445,12.241706
val,Y1,5.174667,14.582572
val,Y1,5.6270137,14.313149
val,Y1,6.3873334,11.642265
val,Y1,7.2393475,15.02416
val,Y1,8.051708,18.60912
val,Y1,8.543959,12.423206
val,Y1,8.671611,10.014768
val,Y1,8.480416,10.860568
val,Y1,8.27175,9.346296
val,Y1,8.177,11.513065
val,Y1,8.200139,13.146447
val,Y1,8.592889,12.781201
val,Y1,9.234361,14.036773
val,Y1,9.628111,12.874687
val,Y1,9.453917,10.10984
val,Y1,8.94932,11.740045
val,Y1,8.510528,10.900344
val,Y1,8.45807,11.035118
val,Y1,8.981903,16.750046
val,Y1,9.831264,18.613365
val,Y1,10.5599165,14.808144
val,Y1,10.828847,13.746321
val,Y1,10.85825,11.371845
val,Y1,11.058291,13.888698
val,Y1,11.403042,13.030118
val,Y1,11.73257,6.7649074
val,Y1,11.791889,7.904544
val,Y1,11.609417,10.809118
val,Y1,11.429889,11.638019
val,Y1,11.394444,11.144025
val,Y1,11.399153,11.620113
val,Y1,11.251555,14.562538
val,Y1,11.188292,15.117464
val,Y1,11.493931,12.61747
val,Y1,11.804542,12.513182
val,Y1,11.965097,16.594807
val,Y1,12.21725,13.167842
val,Y1,12.425,8.72169
val,Y1,12.4042635,12.105518
val,Y1,12.115111,13.831276
val,Y1,12.084653,15.411533
val,Y1,12.379416,12.443628
val,Y1,12.581708,10.706049
val,Y1,12.701292,12.457476
val,Y1,12.17775,11.487606
val,Y1,11.080264,9.17911
val,Y1,10.610389,11.2245865
val,Y1,11.169181,11.343786
val,Y1,12.144097,11.193464
val,Y1,13.1135,12.160284
val,Y1,13.837791,12.635881
val,Y1,14.065028,13.456168
val,Y1,13.624181,12.660042
val,Y1,12.5715,10.60136
val,Y1,11.384958,11.102887
val,Y1,10.354959,11.060292
val,Y1,9.4753475,9.221731
val,Y1,8.581555,9.777688
val,Y1,7.367708,10.007383
val,Y1,6.0530276,8.872618
val,Y1,5.5513196,8.209208
val,Y1,6.0247917,8.7187805
val,Y1,6.8366528,10.889624
val,Y1,7.785875,11.1312275
val,Y1,8.646611,8.095436
val,Y1,9.189931,7.3659253
val,Y1,9.586847,7.9459605
val,Y1,9.968903,9.44412
val,Y1,10.4745,8.827138
val,Y1,11.079348,11.896526
val,Y1,11.571736,12.948261
val,Y1,11.852333,9.757366
val,Y1,12.007347,9.537525
val,Y1,12.058958,9.9629345
val,Y1,11.853639,11.603905
val,Y1,11.405889,12.053587
val,Y1,10.5495,11.017645
val,Y1,9.152889,12.697306
val,Y1,8.003902,14.205521
val,Y1,7.468514,12.227993
val,Y1,7.083653,9.633808
val,Y1,6.669903,10.046176
val,Y1,6.3295417,10.082497
val,Y1,6.1235557,10.1524
val,Y1,6.047861,9.398196
val,Y1,6.1945,9.188267
val,Y1,6.479111,9.643907
val,Y1,6.640792,10.61496
val,Y1,6.574236,11.83971
val,Y1,6.3449306,11.214155
val,Y1,6.0844445,11.18871
val,Y1,5.9905,11.671053
val,Y1,6.076208,13.236512
val,Y1,6.486778,11.6553135
val,Y1,7.2105694,8.775621
val,Y1,7.784,7.1751933
val,Y1,8.153222,9.173402
val,Y1,8.654028,11.293729
val,Y1,9.1443615,9.828442
val,Y1,9.170417,9.844706
val,Y1,8.356806,9.533035
val,Y1,6.7456527,6.786242
val,Y1,5.0780416,5.604004
val,Y1,4.246208,6.569626
val,Y1,4.6895556,8.4692745
val,Y1,5.8115835,11.885284
val,Y1,6.8775415,8.555419
val,Y1,7.5945,6.467193
val,Y1,7.92825,9.385383
val,Y1,8.120556,10.544454
val,Y1,8.169723,9.6032715
val,Y1,8.2135,9.136483
val,Y1,8.687236,9.394772
val,Y1,9.510208,9.615751
val,Y1,10.315361,7.8816266
val,Y1,10.974139,6.354565
val,Y1,11.4777775,6.8210683
val,Y1,11.897695,7.2557397
val,Y1,12.330375,6.83058
val,Y1,12.611736,6.617561
val,Y1,12.615958,7.491005
val,Y1,12.430472,11.248964
val,Y1,12.282416,10.939964
val,Y1,12.254556,9.566344
val,Y1,12.317542,10.493156
val,Y1,12.523639,11.492197
val,Y1,12.766306,10.808556
val,Y1,12.999444,9.757088
val,Y1,13.1554165,9.563919
val,Y1,13.037,8.180655
val,Y1,12.589833,11.175476
val,Y1,11.837014,11.994202
val,Y1,10.770708,8.357426
val,Y1,9.61318,7.568913
val,Y1,8.533958,7.1045275
val,Y1,7.7819166,7.888134
val,Y1,7.438597,8.653012
val,Y1,7.389917,8.829397
val,Y1,7.46825,8.892274
val,Y1,7.4518056,8.784008
val,Y1,7.6160417,10.931616
val,Y1,8.133986,10.619687
val,Y1,8.830722,9.070629
val,Y1,9.534403,9.289167
val,Y1,10.183736,11.326708
val,Y1,10.760236,11.556718
val,Y1,11.371098,8.2672615
val,Y1,12.037,7.096335
val,Y1,12.566986,7.338989
val,Y1,13.00532,8.221059
val,Y1,13.296987,10.902672
val,Y1,13.223069,9.840822
val,Y1,12.944708,9.89381
val,Y1,12.7711525,9.442392
val,Y1,12.7375555,6.5308776
val,Y1,12.73525,5.9554734
val,Y1,12.5090275,5.744528
val,Y1,12.029333,5.7890167
val,Y1,11.556556,6.00889
val,Y1,11.180041,6.0629506
val,Y1,10.855056,6.607898
val,Y1,10.714236,6.7375636
val,Y1,10.764264,6.3955827
val,Y1,10.804528,6.3939
val,Y1,10.800236,6.5150495
val,Y1,10.736652,6.8657384
val,Y1,10.639209,6.9102917
val,Y1,10.662209,5.797511
val,Y1,10.7381525,3.1434925
val,Y1,10.628917,1.788585
val,Y1,10.512611,1.8416505
val,Y1,10.646986,3.3555
val,Y1,10.764639,8.9158945
val,Y1,10.574833,12.718647
val,Y1,10.42625,12.810945
val,Y1,10.525653,11.358718
val,Y1,10.767236,9.95911
val,Y1,11.118305,11.627447
val,Y1,11.59475,15.145499
val,Y1,12.294875,13.454233
val,Y1,12.857291,12.306807
val,Y1,13.104777,13.564074
val,Y1,13.34857,13.80845
val,Y1,13.675555,15.387018
val,Y1,14.02475,10.386187
val,Y1,14.331403,4.023482
val,Y1,14.469569,2.9594848
val,Y1,14.297778,5.94058
val,Y1,13.930528,13.32387
val,Y1,13.536917,15.982756
val,Y1,13.074917,11.199977
val,Y1,12.282222,10.8330765
val,Y1,10.859263,10.4520445
val,Y1,8.962556,12.3822155
val,Y1,7.0099583,13.911953
val,Y1,5.2885556,11.103475
val,Y1,3.8741388,8.477677
val,Y1,2.784139,9.494946
val,Y1,1.9112362,6.351686
val,Y1,1.2749444,6.2127676
val,Y1,0.9671528,10.637147
val,Y1,0.7550833,22.09705
val,Y1,0.49694446,22.191402
val,Y1,0.32893056,17.476046
val,Y1,0.31898612,15.257303
val,Y1,0.5114722,17.1031
val,Y1,1.0520694,18.235245
val,Y1,1.9235139,14.82147
val,Y1,3.0012777,12.624161
val,Y1,4.268125,16.583447
val,Y1,5.4688473,14.928986
val,Y1,6.2735415,12.159525
val,Y1,6.967375,13.486792
val,Y1,7.7557917,14.535237
val,Y1,8.286764,11.316925
val,Y1,8.229292,11.485434
val,Y1,7.4937916,12.217813
val,Y1,6.1081944,11.026558
val,Y1,4.8375835,10.336548
val,Y1,4.6415415,14.217994
val,Y1,5.3678193,12.553734
val,Y1,6.4281526,9.2091875
val,Y1,7.3855696,8.433217
val,Y1,7.888597,6.870189
val,Y1,8.237958,7.0704546
val,Y1,8.802792,7.1383862
val,Y1,9.264847,6.7736726
val,Y1,9.457958,6.2431426
val,Y1,9.711,7.9856286
val,Y1,10.018222,9.603655
val,Y1,10.094791,10.457703
val,Y1,9.955764,10.774961
val,Y1,9.787681,9.484249
val,Y1,9.8411665,9.364191
val,Y1,10.0935,24.765423
val,Y1,10.330028,25.636753
val,Y1,10.269681,10.508232
val,Y1,9.918028,8.685284
val,Y1,9.738569,7.912779
val,Y1,10.009722,10.614402
val,Y1,10.67718,11.73645
val,Y1,11.211764,7.1336207
val,Y1,11.171611,5.8234305
val,Y1,10.840819,11.45325
val,Y1,10.515986,16.457273
val,Y1,10.216028,16.218597
val,Y1,9.940792,12.958536
val,Y1,9.757083,16.05778
val,Y1,9.921695,15.926487
val,Y1,10.597445,14.052396
val,Y1,11.556069,14.729119
val,Y1,12.529486,11.676159
val,Y1,13.165611,10.307594
val,Y1,13.407805,12.238806
val,Y1,13.682611,10.188164
val,Y1,13.965902,7.4357333
val,Y1,14.031097,8.097356
val,Y1,14.109,7.1325326
val,Y1,14.295652,7.5815845
val,Y1,14.3455,9.017808
val,Y1,14.175902,9.510162
val,Y1,14.053,11.082584
val,Y1,14.069819,10.893026
val,Y1,14.246083,21.032452
val,Y1,14.46718,20.282734
val,Y1,14.446458,6.4472556
val,Y1,14.434042,9.566433
val,Y1,14.627625,13.764608
val,Y1,14.697416,14.081636
val,Y1,14.483097,17.73846
val,Y1,14.19,20.003237
val,Y1,13.8909445,18.186544
val,Y1,13.179931,19.159283
val,Y1,11.770361,18.782043
val,Y1,10.14557,16.800724
val,Y1,8.580361,13.181124
val,Y1,6.920125,16.25286
val,Y1,5.268472,21.496605
val,Y1,3.764889,16.820383
val,Y1,2.5080833,18.309566
val,Y1,1.6809444,19.398125
val,Y1,1.5399584,16.268944
val,Y1,2.427625,15.625065
val,Y1,3.832611,12.400591
val,Y1,5.1118054,9.333384
val,Y1,6.1113057,5.9864774
val,Y1,6.7523613,3.3936033
val,Y1,7.0770416,5.2957954
val,Y1,6.818333,8.55558
val,Y1,6.152694,8.769578
val,Y1,5.772861,9.916884
val,Y1,6.115361,11.354641
val,Y1,6.9515834,14.392819
val,Y1,7.767778,17.243124
val,Y1,8.198986,28.732033
val,Y1,8.15582,25.601902
val,Y1,7.603889,9.780472
val,Y1,6.3596945,3.3604403
val,Y1,4.7854304,4.5597463
val,Y1,3.665514,5.9789896
val,Y1,3.4839168,6.529257
val,Y1,4.380736,6.3472047
val,Y1,5.769,5.934435
val,Y1,6.8717637,6.1066585
val,Y1,7.653167,6.750217
val,Y1,8.325569,6.34498
val,Y1,8.818694,5.449242
val,Y1,8.311292,5.3406754
val,Y1,6.7419443,5.950296
val,Y1,5.297389,6.837185
val,Y1,4.2206945,8.049516
val,Y1,3.8877084,9.974777
val,Y1,4.8306665,11.037317
val,Y1,6.1944447,25.786469
val,Y1,6.9535418,32.97183
val,Y1,7.2248054,16.623484
val,Y1,6.985653,10.303539
val,Y1,6.108264,9.8664465
val,Y1,5.4131665,7.6671352
val,Y1,5.322389,7.288258
val,Y1,5.966264,8.78841
val,Y1,7.0292363,9.958197
val,Y1,7.8930974,10.570078
val,Y1,8.623652,9.480596
val,Y1,9.261903,9.687326
val,Y1,9.717542,17.761536
val,Y1,9.824403,13.217503
val,Y1,9.37682,14.071332
val,Y1,8.192264,20.881763
val,Y1,6.8055973,18.703732
val,Y1,5.7778473,18.603931
val,Y1,4.934347,20.116608
val,Y1,4.5625415,17.026077
val,Y1,5.0404444,14.98274
val,Y1,6.0643473,18.372644
val,Y1,7.00575,24.858627
val,Y1,7.494972,22.087246
val,Y1,7.6164165,15.804818
val,Y1,7.871986,20.219746
val,Y1,8.101292,19.407919
val,Y1,8.139402,13.098511
val,Y1,8.272347,17.402918
val,Y1,8.285431,12.460154
val,Y1,7.5816665,8.114638
val,Y1,6.735736,7.2292666
val,Y1,6.6753473,4.88207
val,Y1,7.1870418,5.7998004
val,Y1,7.8631945,8.29463
val,Y1,8.503195,10.47532
val,Y1,8.881736,11.070556
val,Y1,9.080639,8.357122
val,Y1,9.35475,7.635137
val,Y1,9.510263,6.1410003
val,Y1,9.497806,7.2943883
val,Y1,9.486931,8.2309
val,Y1,9.604777,8.596607
val,Y1,9.788292,12.03357
val,Y1,9.93232,13.976791
val,Y1,10.130347,15.713987
val,Y1,10.253834,15.021786
val,Y1,10.094014,17.43904
val,Y1,9.746805,15.160908
val,Y1,9.445723,19.083435
val,Y1,9.328514,19.735111
val,Y1,9.38525,11.749154
val,Y1,9.656875,9.837267
val,Y1,10.103125,7.86138
val,Y1,10.442945,5.844771
val,Y1,10.511416,10.026678
val,Y1,10.31068,10.720787
val,Y1,10.002319,9.907034
val,Y1,9.780666,9.107174
val,Y1,9.708487,8.602423
val,Y1,9.780903,15.64997
val,Y1,9.914473,14.803191
val,Y1,10.041306,11.250519
val,Y1,9.949041,15.039749
val,Y1,9.56925,14.971729
val,Y1,9.152306,12.618055
val,Y1,8.628861,11.417677
val,Y1,7.900708,8.733101
val,Y1,7.0094028,8.641459
val,Y1,5.6217084,8.663697
val,Y1,3.7362084,10.685562
val,Y1,1.8579445,12.688233
val,Y1,0.5517361,11.935684
val,Y1,0.06994444,10.335405
val,Y1,0.016958334,6.6401987
val,Y1,0.019,7.2080307
val,Y1,0.016152779,9.702845
val,Y1,0.013666667,7.1660676
val,Y1,0.014166667,9.378133
val,Y1,0.014444444,9.87164
val,Y1,0.013944444,10.271802
val,Y1,0.013791666,10.564839
val,Y1,0.015263889,11.640239
val,Y1,0.15093055,10.853758
val,Y1,1.4246111,11.045499
val,Y1,3.3236806,8.086128
val,Y1,4.475514,8.418319
val,Y1,5.232764,10.93906
val,Y1,5.826125,11.341192
val,Y1,5.910681,12.344243
val,Y1,4.9584723,13.272238
val,Y1,3.6599445,13.8441
val,Y1,3.728111,13.395691
val,Y1,5.109625,10.163571
val,Y1,6.5880556,9.401357
val,Y1,7.820653,9.717826
val,Y1,8.946264,8.787754
val,Y1,10.039153,9.663122
val,Y1,10.932236,11.138504
val,Y1,11.572194,9.910943
val,Y1,12.198986,9.635012
val,Y1,12.692125,9.926172
val,Y1,12.919375,6.7839713
val,Y1,13.156944,5.819691
val,Y1,13.5305,6.4122653
val,Y1,13.952,10.868147
val,Y1,14.2786665,12.2922535
val,Y1,14.341708,11.890088
val,Y1,14.189847,14.079494
val,Y1,14.010805,13.13702
val,Y1,13.825097,14.401341
val,Y1,13.674556,12.519099
val,Y1,13.599514,11.296056
val,Y1,13.471986,13.455145
val,Y1,13.270987,12.952223
val,Y1,13.09625,11.325673
val,Y1,12.884653,13.113485
val,Y1,12.17475,14.019204
val,Y1,10.915639,9.666388
val,Y1,9.471583,9.230364
val,Y1,8.421097,12.016427
val,Y1,8.054194,12.360352
val,Y1,7.9469585,9.755295
val,Y1,7.8769307,7.615119
val,Y1,8.040028,6.2524705
val,Y1,8.669014,5.965736
val,Y1,9.465639,7.308604
val,Y1,9.942792,9.837225
val,Y1,9.96825,9.273029
val,Y1,9.793597,8.724113
val,Y1,9.6872225,10.901681
val,Y1,9.696875,10.755728
val,Y1,9.8943615,12.17827
val,Y1,10.219277,14.494515
val,Y1,10.549236,13.339775
val,Y1,10.914125,11.362558
val,Y1,11.420625,9.844757
val,Y1,12.055098,11.259217
val,Y1,12.527445,13.343573
val,Y1,12.478375,12.8964
val,Y1,11.9650135,10.923793
val,Y1,11.259722,11.296125
val,Y1,10.522014,10.833608
val,Y1,9.974958,9.814564
val,Y1,9.5662775,8.409837
val,Y1,9.15607,8.0787735
val,Y1,8.795222,8.998119
val,Y1,8.486972,9.090745
val,Y1,8.234389,7.6919913
val,Y1,8.087931,5.921675
val,Y1,7.925,5.9308143
val,Y1,7.612597,6.27531
val,Y1,7.3160973,6.8725877
val,Y1,6.907722,7.985216
val,Y1,6.129236,10.961867
val,Y1,5.254736,11.675007
val,Y1,4.627278,9.543448
val,Y1,4.232389,8.8495865
val,Y1,3.9676666,10.469437
val,Y1,3.8123333,14.551934
val,Y1,3.6999445,12.759272
val,Y1,3.570639,10.637338
val,Y1,3.3685973,10.88393
val,Y1,3.0442083,10.825163
val,Y1,2.6058333,10.163057
val,Y1,2.140486,8.96428
val,Y1,1.7741805,9.31905
val,Y1,1.5194305,10.054445
val,Y1,1.29125,10.604354
val,Y1,1.0527084,9.900829
val,Y1,0.79581946,15.375607
val,Y1,0.5155,14.918732
val,Y1,0.22565278,12.179752
val,Y1,0.06566667,11.633194
val,Y1,0.0355,9.52153
val,Y1,0.014277778,9.352939
val,Y1,0.012180556,11.836998
val,Y1,0.019541666,13.58463
val,Y1,0.029347222,13.522455
val,Y1,0.14825,16.34217
val,Y1,0.82131946,17.98265
val,Y1,2.2251666,13.644235
val,Y1,3.7625418,12.780233
val,Y1,4.9899445,13.892662
val,Y1,5.936153,13.524057
val,Y1,6.610708,11.939439
val,Y1,7.1205835,11.759642
val,Y1,7.6245694,9.251212
val,Y1,8.134181,12.259115
val,Y1,8.602445,15.370733
val,Y1,8.885805,11.820493
val,Y1,9.031042,9.65821
val,Y1,9.256291,14.576017
val,Y1,9.733306,14.875584
val,Y1,10.290889,11.2126465
val,Y1,10.596194,10.998548
val,Y1,10.7915,14.846447
val,Y1,11.081278,15.993042
val,Y1,11.5975,25.773972
val,Y1,12.309806,24.06559
val,Y1,12.648486,7.4673853
val,Y1,12.511431,8.996363
val,Y1,12.219194,11.5165
val,Y1,11.887208,11.200433
val,Y1,11.628847,12.548779
val,Y1,11.608736,11.63843
val,Y1,12.005542,9.200611
val,Y1,12.665722,14.889473
val,Y1,13.403028,13.895829
val,Y1,14.097222,8.132256
val,Y1,14.5616665,10.620636
val,Y1,14.837973,10.612985
val,Y1,15.099222,8.75157
val,Y1,15.294209,7.127811
val,Y1,15.275556,6.5117736
val,Y1,15.086833,6.31078
val,Y1,14.872791,6.2039223
val,Y1,14.567111,4.834266
val,Y1,13.901709,6.7693834
val,Y1,12.9013195,6.145243
val,Y1,12.077736,5.280638
val,Y1,11.584611,10.067314
val,Y1,11.077791,10.488857
val,Y1,9.715347,10.226257
val,Y1,8.268458,9.984559
val,Y1,8.065181,16.898346
val,Y1,8.546875,19.498165
val,Y1,8.844347,9.018709
val,Y1,8.648181,11.058563
val,Y1,8.439097,14.783874
val,Y1,8.481042,10.7965975
val,Y1,8.748625,6.2128124
val,Y1,9.250944,5.392874
val,Y1,9.898152,6.4157333
val,Y1,10.562278,9.881596
val,Y1,10.778861,15.930045
val,Y1,10.574333,18.701067
val,Y1,10.53,16.378962
val,Y1,10.228125,14.33782
val,Y1,9.819375,13.318276
val,Y1,10.097736,11.892687
val,Y1,10.804139,11.850634
val,Y1,11.611097,16.897516
val,Y1,12.286,16.251766
val,Y1,12.819125,13.260162
val,Y1,13.26068,14.633065
val,Y1,13.5292635,11.993732
val,Y1,13.769139,10.072815
val,Y1,13.788903,8.703262
val,Y1,13.836111,8.554791
val,Y1,14.132125,8.742827
val,Y1,14.396,7.5720463
val,Y1,14.666667,6.6765094
val,Y1,14.994792,6.293661
val,Y1,15.383445,6.0292563
val,Y1,15.578195,6.6330667
val,Y1,15.77875,6.653295
val,Y1,15.952681,6.1908236
val,Y1,15.997528,9.382399
val,Y1,16.396458,10.544643
val,Y1,17.025764,6.221975
val,Y1,17.7525,9.427624
val,Y1,18.416931,12.609333
val,Y1,18.548277,8.647081
val,Y1,18.179083,9.071163
val,Y1,17.81129,13.8292465
val,Y1,17.680487,13.5009365
val,Y1,17.703917,5.750664
val,Y1,17.674347,2.8837588
val,Y1,17.47961,4.737864
val,Y1,17.363903,6.1041284
val,Y1,17.45232,9.212805
val,Y1,17.535402,10.71553
val,Y1,17.496513,8.860216
val,Y1,17.45621,5.437203
val,Y1,17.485043,6.1225095
val,Y1,17.496181,9.028261
val,Y1,17.572971,9.5021305
val,Y1,17.812347,9.62673
val,Y1,17.98818,11.215017
val,Y1,17.999487,10.339571
val,Y1,18.018847,7.694097
val,Y1,18.26843,4.127845
val,Y1,18.73018,2.7855425
val,Y1,19.01036,3.0814066
val,Y1,19.026527,9.157977
val,Y1,18.86825,12.992833
val,Y1,18.651154,11.703544
val,Y1,18.690416,9.289158
val,Y1,18.888042,6.337361
val,Y1,18.89632,3.7978158
val,Y1,19.812431,1.8971844
val,Y1,20.336834,1.6003454
val,Y1,19.693542,2.775302
val,Y1,19.449848,4.9664736
val,Y1,19.401598,6.632648
val,Y1,19.103514,4.842283
val,Y1,18.570847,2.8350296
val,Y1,18.373041,2.4263504
val,Y1,18.521444,3.7134764
val,Y1,18.7305,6.1934047
val,Y1,18.932167,7.2499666
val,Y1,19.125805,6.195315
val,Y1,19.082125,5.779118
val,Y1,18.817305,3.7533145
val,Y1,18.517263,1.9996864
val,Y1,18.238832,3.0598383
val,Y1,18.202986,10.843044
val,Y1,18.478777,14.723626
val,Y1,18.808098,13.074572
val,Y1,19.16096,9.705437
val,Y1,19.315166,7.30423
val,Y1,18.092361,9.964702
val,Y1,13.028014,9.579881
val,Y1,7.4779167,6.9674134
val,Y1,4.6311665,6.9541545
val,Y1,1.7205695,8.538427
val,Y1,0.031805556,8.060909
val,Y1,4.6162224,8.539831
val,Y1,13.97407,9.480125
val,Y1,18.886152,9.182691
val,Y1,18.827305,9.057943
val,Y1,18.438667,8.999118
val,Y1,17.955805,9.828997
val,Y1,17.439959,8.286282
val,Y1,16.99943,7.934233
val,Y1,16.776861,9.708319
val,Y1,16.888653,9.621353
val,Y1,17.280792,7.9538965
val,Y1,17.722986,7.6105666
val,Y1,17.913805,8.079572
val,Y1,17.836111,7.7444806
val,Y1,17.736319,7.3909407
val,Y1,17.777653,6.440845
val,Y1,17.997,3.2861185
val,Y1,18.299944,1.4473057
val,Y1,18.614681,2.8992176
val,Y1,18.969084,6.5064845
val,Y1,19.361237,8.033733
val,Y1,19.637486,6.330793
val,Y1,19.600222,5.8549213
val,Y1,19.38457,6.3056617
val,Y1,19.249277,6.2454963
val,Y1,19.21743,5.292271
val,Y1,19.232944,9.262817
val,Y1,19.301111,15.123444
val,Y1,19.453056,17.114979
val,Y1,19.666597,17.326258
val,Y1,19.500195,13.398584
val,Y1,18.646597,11.251707
val,Y1,17.423403,10.449003
val,Y1,16.299583,8.427821
val,Y1,15.453305,7.9335647
val,Y1,15.113778,8.569981
val,Y1,15.453709,9.589646
val,Y1,15.92918,10.756347
val,Y1,16.196486,11.973791
val,Y1,16.48307,17.333233
val,Y1,16.867208,18.699883
val,Y1,17.001833,13.753656
val,Y1,16.59175,13.3402815
val,Y1,15.674916,12.17691
val,Y1,14.400139,11.152295
val,Y1,12.54875,8.201026
val,Y1,10.23,6.821687
val,Y1,7.8965836,6.1148267
val,Y1,6.094375,7.0492797
val,Y1,5.5223475,9.125048
val,Y1,6.2752776,11.96022
val,Y1,7.691,14.166412
val,Y1,8.65607,15.856911
val,Y1,8.704972,12.682324
val,Y1,8.437041,9.311712
val,Y1,8.545847,8.993515
val,Y1,9.119792,10.36825
val,Y1,9.876348,11.509869
val,Y1,10.622541,6.6003118
val,Y1,11.309097,4.9507966
val,Y1,11.532111,7.0996165
val,Y1,11.229722,6.988001
val,Y1,10.868722,6.658228
val,Y1,10.705653,6.5930104
val,Y1,10.686402,6.6867623
val,Y1,10.534708,6.7779536
val,Y1,10.426666,6.8350167
val,Y1,10.812667,6.992538
val,Y1,11.343458,7.6471543
val,Y1,11.45775,7.584562
val,Y1,11.334611,7.8109794
val,Y1,11.404972,10.240815
val,Y1,11.79532,10.508494
val,Y1,12.320111,9.792707
val,Y1,12.874514,9.91003
val,Y1,13.2977085,8.6491165
val,Y1,13.366902,11.812498
val,Y1,13.18757,14.803261
val,Y1,13.057236,14.276026
val,Y1,13.029486,15.754802
val,Y1,13.017764,13.254942
val,Y1,13.056666,12.428715
val,Y1,12.940291,15.332247
val,Y1,12.559722,14.403347
val,Y1,12.216291,12.717629
val,Y1,12.019903,11.566587
val,Y1,11.881695,11.622474
val,Y1,11.811806,12.691645
val,Y1,11.906542,12.626755
val,Y1,12.120694,11.704709
val,Y1,12.421625,10.47452
val,Y1,12.829111,10.237884
val,Y1,13.2931385,11.365676
val,Y1,13.710569,10.401474
val,Y1,13.815889,7.760382
val,Y1,13.797444,6.571378
val,Y1,12.706139,5.796427
val,Y1,11.456375,3.3999448
val,Y1,10.798708,2.6044574
val,Y1,9.970819,4.165832
val,Y1,9.380389,8.666131
val,Y1,8.7355,11.63512
val,Y1,8.32443,13.2178955
val,Y1,8.610778,12.929205
val,Y1,9.358694,10.826458
val,Y1,9.670333,11.433858
val,Y1,9.431125,11.636848
val,Y1,9.496445,11.365013
val,Y1,10.216361,8.377218
val,Y1,11.323611,6.379945
val,Y1,12.800514,9.28966
val,Y1,14.405097,12.191013
val,Y1,15.510944,11.593201
val,Y1,15.344916,10.694805
val,Y1,14.340042,14.726797
val,Y1,13.655694,14.266962
val,Y1,13.256986,11.161226
val,Y1,13.006611,13.505192
val,Y1,12.964778,11.902043
val,Y1,13.045819,11.738446
val,Y1,13.259459,14.354563
val,Y1,13.639736,12.369988
val,Y1,14.011139,9.739788
val,Y1,14.099444,11.095652
val,Y1,13.852014,14.0014105
val,Y1,13.46682,13.046996
val,Y1,13.184264,9.273037
val,Y1,13.085861,8.799811
val,Y1,13.053319,10.38526
val,Y1,12.8041115,9.899012
val,Y1,12.258653,9.02902
val,Y1,11.385986,6.9877596
val,Y1,10.029333,6.2788835
val,Y1,8.382709,6.3402495
val,Y1,6.5167084,6.4602027
val,Y1,4.6683054,7.1043215
val,Y1,3.4912221,7.641007
val,Y1,3.1468472,7.4806705
val,Y1,3.6240277,7.2925625
val,Y1,4.6351805,7.3556685
val,Y1,5.602847,6.7652335
val,Y1,6.2208056,6.7185044
val,Y1,6.333597,6.7172484
val,Y1,6.2540555,4.2181544
val,Y1,6.3594584,2.780665
val,Y1,6.687208,2.984282
val,Y1,7.2673473,6.4334965
val,Y1,8.062764,6.925299
val,Y1,9.0853615,9.037872
val,Y1,10.324513,14.055572
val,Y1,11.513028,15.290476
val,Y1,12.12693,12.428699
val,Y1,12.148125,10.485487
val,Y1,12.188056,11.463392
val,Y1,12.519125,10.338642
val,Y1,13.015111,10.093039
val,Y1,13.5355,12.022297
val,Y1,13.871542,10.541325
val,Y1,13.986305,8.925482
val,Y1,14.0853615,7.4028926
val,Y1,14.125334,7.039023
val,Y1,14.027833,6.539424
val,Y1,13.932777,6.965877
val,Y1,13.815444,9.648688
val,Y1,13.549819,11.012285
val,Y1,13.231806,13.672565
val,Y1,12.90582,14.47072
val,Y1,12.347305,17.347166
val,Y1,11.331083,16.803366
val,Y1,9.752236,10.793486
val,Y1,7.836347,14.875599
val,Y1,6.383264,16.745903
val,Y1,6.2092915,14.617687
val,Y1,7.1378613,17.46996
val,Y1,8.386431,15.214036
val,Y1,9.116694,10.906141
val,Y1,8.3769865,10.336351
val,Y1,6.7972083,13.317499
val,Y1,5.680139,13.313383
val,Y1,5.475153,13.101926
val,Y1,6.184375,14.216408
val,Y1,7.1709585,11.897948
val,Y1,7.7794166,11.573923
val,Y1,7.7153473,11.041482
val,Y1,7.3850694,17.829803
val,Y1,7.061792,16.21066
val,Y1,6.62475,11.326093
val,Y1,6.0758195,11.20685
val,Y1,5.1088333,12.2760105
val,Y1,3.3771527,12.351197
val,Y1,1.3994861,11.4335785
val,Y1,0.26580554,10.189272
val,Y1,0.017972222,6.590595
val,Y1,0.012708333,5.009355
val,Y1,0.012902778,2.587738
val,Y1,0.0125,4.0975523
val,Y1,0.023597222,4.6042323
val,Y1,0.4846389,5.3395743
val,Y1,1.6383889,6.652003
val,Y1,2.8186111,7.4350886
val,Y1,3.6372082,7.858569
val,Y1,4.327764,6.364431
val,Y1,4.9754167,6.3965707
val,Y1,5.3672915,5.6852245
val,Y1,5.506,4.637222
val,Y1,5.5941668,6.66466
val,Y1,5.6720276,7.2924094
val,Y1,5.9073887,5.5622573
val,Y1,6.1086807,3.137241
val,Y1,6.0241528,5.273046
val,Y1,5.828986,10.429375
val,Y1,5.5504584,12.7317505
val,Y1,5.0782223,13.30895
val,Y1,4.3071527,12.450481
val,Y1,3.4510138,9.864864
val,Y1,3.4584029,11.629385
val,Y1,4.3564863,13.345444
val,Y1,5.257292,14.365595
val,Y1,6.0035276,17.039448
val,Y1,6.430264,14.808908
val,Y1,6.3949723,10.657501
val,Y1,6.1130276,12.83213
val,Y1,5.8170276,15.8108635
val,Y1,5.6458473,14.52125
val,Y1,5.5817084,14.88703
val,Y1,5.448583,15.104851
val,Y1,5.0887775,10.413837
val,Y1,4.530653,8.508743
val,Y1,3.755125,11.523224
val,Y1,2.952389,16.864325
val,Y1,2.4236667,19.964977
val,Y1,1.8808334,18.07055
val,Y1,1.1940556,10.508633
val,Y1,0.5950278,8.072807
val,Y1,0.17825,8.42938
val,Y1,0.022541666,8.873404
val,Y1,0.018291667,8.412224
val,Y1,0.016138889,7.640741
val,Y1,0.013652778,6.836065
val,Y1,0.013833334,6.5729012
val,Y1,0.011513889,6.330589
val,Y1,0.009638889,6.8273625
val,Y1,0.045041665,8.455555
val,Y1,0.32740277,8.540752
val,Y1,1.0325139,7.197637
val,Y1,1.8671666,7.8212256
val,Y1,2.5290556,6.202276
val,Y1,3.3919444,5.4103827
val,Y1,4.55825,6.4288764
val,Y1,5.4325137,7.069954
val,Y1,5.6436667,9.491816
val,Y1,5.513653,11.666248
val,Y1,5.930875,8.825895
val,Y1,6.976111,9.492069
val,Y1,7.7174444,10.94961
val,Y1,7.912736,10.227896
val,Y1,8.026486,11.84288
val,Y1,8.154805,12.227232
val,Y1,7.7082086,10.126561
val,Y1,6.5971947,13.361122
val,Y1,5.4902916,14.6440735
val,Y1,4.645236,12.970347
val,Y1,4.514583,10.401595
val,Y1,5.15225,8.012156
val,Y1,6.0007224,7.349643
val,Y1,6.7655835,7.704983
val,Y1,7.350458,7.16266
val,Y1,7.87225,5.742353
val,Y1,8.24118,6.9450064
val,Y1,8.446792,9.944418
val,Y1,8.564709,10.744875
val,Y1,8.128486,10.80254
val,Y1,7.1004305,11.010313
val,Y1,5.889236,11.425423
val,Y1,4.879597,10.820518
val,Y1,4.916403,10.886352
val,Y1,5.800361,11.825798
val,Y1,6.5556526,9.254576
val,Y1,6.910847,9.288278
val,Y1,6.9521112,11.06842
val,Y1,6.883764,7.9227514
val,Y1,6.8813057,6.0276065
val,Y1,6.931847,6.157657
val,Y1,6.9495277,5.6328154
val,Y1,6.966111,5.4937096
val,Y1,7.0360417,3.6545985
val,Y1,7.155875,2.1429234
val,Y1,7.2660556,5.4259787
val,Y1,7.2445555,8.341014
val,Y1,7.0374165,9.734374
val,Y1,6.8254304,8.709414
val,Y1,6.7656946,8.633541
val,Y1,7.042514,10.075273
val,Y1,7.4970417,8.688001
val,Y1,7.0705137,8.063988
val,Y1,5.491,9.4674
val,Y1,3.799625,9.743168
val,Y1,2.5924306,14.260359
val,Y1,1.8162639,17.988811
val,Y1,1.2056806,19.404808
val,Y1,0.96875,16.505054
val,Y1,1.7510834,11.239613
val,Y1,2.9090416,12.860722
val,Y1,4.043125,12.390846
val,Y1,5.3235693,13.883833
val,Y1,6.3858056,13.214973
val,Y1,7.033653,12.822487
val,Y1,7.107611,11.725103
val,Y1,6.522875,8.481062
val,Y1,5.267208,13.615901
val,Y1,4.112472,15.386291
val,Y1,3.5805833,11.246794
val,Y1,3.933,10.157566
val,Y1,4.8906527,8.739682
val,Y1,5.3005276,11.223314
val,Y1,5.425736,9.53183
val,Y1,6.036722,10.238937
val,Y1,6.7844443,13.823249
val,Y1,7.6060834,12.002766
val,Y1,8.898278,7.980023
val,Y1,9.973028,7.6691794
val,Y1,10.187458,6.864832
val,Y1,9.922875,6.2032113
val,Y1,9.5413475,6.2893987
val,Y1,9.119903,7.7090583
val,Y1,8.221375,9.005543
val,Y1,6.6527224,6.5402017
val,Y1,5.142611,5.6067424
val,Y1,4.288889,4.141157
val,Y1,3.5728471,3.250432
val,Y1,2.4968472,5.9709487
val,Y1,1.5884722,6.875349
val,Y1,1.5570278,6.949245
val,Y1,3.255014,7.328806
val,Y1,6.033472,8.003715
val,Y1,8.657361,7.6768546
val,Y1,10.59625,7.320116
val,Y1,11.281042,7.601709
val,Y1,10.612306,6.7840533
val,Y1,8.42425,8.113275
val,Y1,4.8617916,10.109391
val,Y1,3.453861,13.191432
val,Y1,5.3210974,12.374403
val,Y1,7.529972,9.440048
val,Y1,8.60625,8.34276
val,Y1,8.812555,8.3176985
val,Y1,8.896611,7.3590403
val,Y1,8.892861,8.191768
val,Y1,8.980153,7.959838
val,Y1,9.216514,8.866657
val,Y1,9.509167,10.349125
val,Y1,9.436708,8.718152
val,Y1,8.97268,8.280763
val,Y1,8.820278,8.419496
val,Y1,9.265708,6.020858
val,Y1,9.827333,4.2013764
val,Y1,9.257472,4.057524
val,Y1,7.5491943,8.816111
val,Y1,5.7865276,10.780628
val,Y1,3.9804583,9.091271
val,Y1,2.5320277,9.330904
val,Y1,2.95125,9.067305
val,Y1,4.6464305,7.969028
val,Y1,6.190347,12.948456
val,Y1,7.463153,14.502975
val,Y1,8.394444,9.668925
val,Y1,8.907695,9.26239
val,Y1,8.8081665,8.573439
val,Y1,7.8583193,8.4494915
val,Y1,5.88,9.607555
val,Y1,4.29575,11.6751175
val,Y1,3.9909444,12.089066
val,Y1,4.0711803,9.79575
val,Y1,4.078833,9.726965
val,Y1,3.5340555,9.286791
val,Y1,2.3802361,7.981122
val,Y1,1.3234028,8.019166
val,Y1,0.5819861,9.067528
val,Y1,0.14870833,9.784889
val,Y1,0.034444444,9.090325
val,Y1,0.29941666,8.516212
val,Y1,1.1557778,9.052246
val,Y1,2.1196527,9.109352
val,Y1,2.7386527,7.8172097
val,Y1,3.34025,4.839172
val,Y1,4.026292,2.9866822
val,Y1,4.7793474,2.8912568
val,Y1,5.3185415,3.064605
val,Y1,5.1369724,6.358942
val,Y1,4.5295835,8.708423
val,Y1,4.5035973,8.142559
val,Y1,5.080583,11.134659
val,Y1,5.7301807,9.084288
val,Y1,6.290111,5.3506737
val,Y1,6.475972,6.511044
val,Y1,6.2959304,7.046475
val,Y1,6.0136943,7.466392
val,Y1,5.9705696,8.517553
val,Y1,6.3619723,9.900616
val,Y1,6.8584304,11.883854
val,Y1,7.4416666,12.005466
val,Y1,8.578486,11.420824
val,Y1,9.221097,11.620741
val,Y1,8.865292,11.06064
val,Y1,8.485764,9.958074
val,Y1,8.037598,9.808836
val,Y1,7.580764,9.468451
val,Y1,7.5888057,10.038494
val,Y1,8.002611,10.183912
val,Y1,8.388416,12.325674
val,Y1,8.391319,11.019186
val,Y1,8.3053055,10.772673
val,Y1,8.418305,10.935397
val,Y1,8.450708,8.842769
val,Y1,8.256361,11.078836
val,Y1,7.999361,16.65623
val,Y1,7.588847,11.300058
val,Y1,6.1174445,10.807142
val,Y1,3.8294444,13.491184
val,Y1,2.1379445,11.950776
val,Y1,2.066236,10.26902
val,Y1,3.4682777,9.024758
val,Y1,5.287736,9.518425
val,Y1,7.0856805,12.163002
val,Y1,8.609487,9.583379
val,Y1,9.366905,7.967535
val,Y1,9.180988,8.907541
val,Y1,8.133375,8.635339
val,Y1,6.7256804,7.8669586
val,Y1,5.756583,6.047708
val,Y1,5.461458,8.283506
val,Y1,6.1548195,7.977367
val,Y1,7.4844446,7.884415
val,Y1,8.793597,10.890198
val,Y1,9.578792,10.327476
val,Y1,9.550236,11.739946
val,Y1,9.189986,14.857844
val,Y1,8.718862,13.069328
val,Y1,8.086542,7.7351375
val,Y1,7.4973335,6.9521766
val,Y1,6.7447777,10.547398
val,Y1,5.267764,16.48911
val,Y1,3.2222917,17.204805
val,Y1,1.7565694,12.097635
val,Y1,2.077861,14.849182
val,Y1,3.6757638,16.996843
val,Y1,5.396375,16.775566
val,Y1,7.2045555,17.906017
val,Y1,8.490264,10.721654
val,Y1,6.926708,10.890012
val,Y1,3.6680138,11.166275
val,Y1,2.2246666,14.474435
val,Y1,2.6752222,15.597614
val,Y1,3.3656666,11.429971
val,Y1,4.2188888,10.647149
val,Y1,5.4276667,12.932126
val,Y1,6.2626944,13.977529
val,Y1,6.8356113,13.742942
val,Y1,7.217639,12.07832
val,Y1,7.126347,12.041801
val,Y1,6.708542,12.106334
val,Y1,6.358444,8.742721
val,Y1,5.9294167,7.0452027
val,Y1,6.0547085,6.8030925
val,Y1,7.268361,6.1699967
val,Y1,8.484458,4.519695
val,Y1,9.145514,3.5680113
val,Y1,9.3289585,4.379886
val,Y1,9.227208,4.765589
val,Y1,9.044528,7.521616
val,Y1,8.259973,11.068497
val,Y1,6.497625,10.594153
val,Y1,4.841625,9.290818
val,Y1,4.7620554,10.3834915
val,Y1,6.292,12.103804
val,Y1,8.314847,9.903038
val,Y1,9.376847,9.579571
val,Y1,9.32632,10.763788
val,Y1,9.078472,12.846052
val,Y1,8.9858885,12.132606
val,Y1,9.213764,7.1031365
val,Y1,9.693292,5.888188
val,Y1,10.213375,8.138678
val,Y1,10.566667,8.595253
val,Y1,10.46225,7.6095586
val,Y1,9.9916525,9.534143
val,Y1,9.635612,9.790566
val,Y1,9.112208,13.63723
val,Y1,8.055861,11.730136
val,Y1,6.5961113,9.63634
val,Y1,4.411667,10.181854
val,Y1,2.3116806,9.084641
val,Y1,1.4220694,9.411894
val,Y1,2.6291945,9.945429
val,Y1,5.546708,10.155344
val,Y1,8.526709,12.254628
val,Y1,10.002236,12.462585
val,Y1,10.126083,12.033688
val,Y1,10.3175,10.090611
val,Y1,10.415125,9.530842
val,Y1,10.28307,8.762922
val,Y1,10.170555,11.939014
val,Y1,10.139778,12.256562
val,Y1,10.248709,7.1533246
val,Y1,10.618208,5.696998
val,Y1,10.881736,4.1426234
val,Y1,10.801361,1.958436
val,Y1,10.314847,1.0876662
val,Y1,9.203986,1.7242495
val,Y1,7.579986,4.7075653
val,Y1,5.6214304,6.314627
val,Y1,3.7272916,6.0022206
val,Y1,2.2680416,4.325896
val,Y1,2.0897222,3.249844
val,Y1,3.630375,3.0916247
val,Y1,5.6134443,4.2408433
val,Y1,7.2576113,5.9187636
val,Y1,8.294153,6.1202493
val,Y1,8.686097,4.894803
val,Y1,8.991305,2.9118538
val,Y1,9.102653,4.4054656
val,Y1,8.715542,8.783136
val,Y1,8.29475,10.145698
val,Y1,8.083,9.633494
val,Y1,8.141736,8.4139385
val,Y1,8.588972,9.09426
val,Y1,9.164473,9.194266
val,Y1,9.689445,11.295836
val,Y1,9.964306,12.104168
val,Y1,9.671625,12.504469
val,Y1,8.913986,12.100221
val,Y1,7.942,9.023811
val,Y1,6.886389,7.0161266
val,Y1,5.6980414,6.5726166
val,Y1,4.552125,8.870808
val,Y1,4.1057916,10.446215
val,Y1,3.5151112,9.915009
val,Y1,2.040611,10.735528
val,Y1,0.6628611,11.778783
val,Y1,0.08016667,10.503992
val,Y1,0.012902778,9.24938
val,Y1,0.012875,9.075693
val,Y1,0.016375,9.210015
val,Y1,0.60444444,7.8300776
val,Y1,2.1439583,6.428097
val,Y1,3.8338056,4.2761045
val,Y1,5.3035555,2.6044521
val,Y1,6.7145557,1.48502
val,Y1,7.9555,4.0376577
val,Y1,8.767111,7.1763678
val,Y1,8.919528,8.092283
val,Y1,8.56082,7.0158496
val,Y1,7.990361,8.255302
val,Y1,7.292861,11.764321
val,Y1,6.409972,14.146427
val,Y1,5.630778,14.125732
val,Y1,5.2115693,8.53948
val,Y1,5.1511526,9.000679
val,Y1,5.505597,9.463896
val,Y1,6.258736,8.450972
val,Y1,7.0810695,12.469638
val,Y1,7.117542,10.257723
val,Y1,5.9835973,3.6591806
val,Y1,4.475097,2.6588743
val,Y1,3.6280417,2.8603973
val,Y1,3.8899446,5.0664763
val,Y1,4.9297915,6.454475
val,Y1,6.003097,7.5503197
val,Y1,6.900653,9.846554
val,Y1,7.9548473,11.850885
val,Y1,9.063653,10.2395935
val,Y1,9.663944,11.11643
val,Y1,9.59507,12.337849
val,Y1,9.186875,11.0453825
val,Y1,8.580556,11.687653
val,Y1,7.7035694,13.268713
val,Y1,7.164875,13.401133
val,Y1,7.4751806,10.584336
val,Y1,8.14925,12.920707
val,Y1,8.684361,13.64155
val,Y1,8.877653,8.445616
val,Y1,8.720388,11.554075
val,Y1,8.550972,13.392437
val,Y1,8.558069,10.230018
val,Y1,8.598666,9.774573
val,Y1,8.420944,8.6943035
val,Y1,7.7574306,6.416264
val,Y1,6.645931,5.9523487
val,Y1,5.596861,8.801706
val,Y1,5.086639,10.017279
val,Y1,5.605375,8.995749
val,Y1,7.167111,7.421084
val,Y1,8.783667,6.5229173
val,Y1,9.579861,5.838197
val,Y1,9.457973,9.262765
val,Y1,8.587514,11.445689
val,Y1,6.802639,10.290283
val,Y1,4.058,9.687865
val,Y1,2.2890139,15.249399
val,Y1,2.1679027,16.782555
val,Y1,2.063625,11.638157
val,Y1,1.5796388,9.937679
val,Y1,1.0368333,13.2844305
val,Y1,0.6012361,15.543857
val,Y1,0.35744444,15.2961035
val,Y1,0.36847222,11.546344
val,Y1,0.80130553,9.996107
val,Y1,1.8200139,11.606749
val,Y1,3.0833611,11.104444
val,Y1,4.2797637,13.0343895
val,Y1,5.3079305,9.471533
val,Y1,6.1802917,8.676123
val,Y1,6.8145,11.46542
val,Y1,7.1171803,7.615043
val,Y1,6.434597,5.415072
val,Y1,3.850222,7.052038
val,Y1,2.0677779,5.0508165
val,Y1,2.513625,3.382028
val,Y1,3.1035416,3.8708205
val,Y1,3.4111388,5.3848224
val,Y1,3.5244443,7.8188734
val,Y1,3.8984723,9.364391
val,Y1,4.8915834,9.372146
val,Y1,5.96825,9.17838
val,Y1,6.7274446,7.657417
val,Y1,7.1612363,8.079562
val,Y1,7.4181113,7.0647354
val,Y1,7.5504165,8.641504
val,Y1,7.5984583,11.265938
val,Y1,7.680264,8.345932
val,Y1,7.777111,7.0470767
val,Y1,7.8619585,8.240364
val,Y1,7.8684444,7.9791675
val,Y1,7.9028335,7.214686
val,Y1,8.04018,6.965787
val,Y1,8.14382,7.6418977
val,Y1,8.102875,4.694997
val,Y1,7.7716527,3.3345418
val,Y1,6.592292,3.0146465
val,Y1,4.493514,2.9475143
val,Y1,2.4871805,3.9628553
val,Y1,1.2323195,6.2253375
val,Y1,0.651375,9.246408
val,Y1,0.484,11.075014
val,Y1,0.43779168,8.6075735
val,Y1,0.22404167,9.677014
val,Y1,0.028208334,11.633906
val,Y1,0.16136111,13.152334
val,Y1,1.21175,10.785004
val,Y1,3.2288334,10.499748
val,Y1,5.4761806,10.926094
val,Y1,7.7732916,7.4901814
val,Y1,9.855264,6.6542773
val,Y1,10.627819,7.8512707
val,Y1,9.391681,11.095449
val,Y1,6.9301667,12.078268
val,Y1,4.7960835,8.543571
val,Y1,4.1065,9.050839
val,Y1,4.3643613,7.551357
val,Y1,5.116653,7.5541353
val,Y1,6.2850556,5.449698
val,Y1,6.4520555,8.4427
val,Y1,5.324986,8.863817
val,Y1,4.5240693,6.4546747
val,Y1,4.9217916,8.367046
val,Y1,5.874472,11.656063
val,Y1,6.4488473,9.267981
val,Y1,6.465236,9.87228
val,Y1,6.011653,9.647319
val,Y1,5.1103473,9.7253685
val,Y1,4.0731945,10.093045
val,Y1,3.460264,9.267448
val,Y1,3.2941527,15.462229
val,Y1,3.737111,15.138295
val,Y1,4.4884305,9.03682
val,Y1,4.466722,13.207331
val,Y1,3.7379723,14.743092
val,Y1,2.899,12.283295
val,Y1,2.1954305,9.281073
val,Y1,1.7643472,9.028271
val,Y1,1.7338889,9.5318
val,Y1,1.6670834,9.274166
val,Y1,1.0980139,11.23804
val,Y1,0.37986112,11.557847
val,Y1,0.15084723,7.8108735
val,Y1,0.5538889,6.7638116
val,Y1,0.98868054,7.159369
val,Y1,1.0402361,5.7997503
val,Y1,0.679875,6.745189
val,Y1,0.206875,7.3614607
val,Y1,0.017777778,7.340654
val,Y1,0.048527777,10.6426735
val,Y1,0.35470834,11.892498
val,Y1,0.91979164,9.302769
val,Y1,1.4037083,9.126302
val,Y1,1.7140417,11.91103
val,Y1,1.9495555,15.250332
val,Y1,2.1525416,15.654057
val,Y1,2.24875,15.858532
val,Y1,2.4151666,13.372208
val,Y1,2.6450555,14.011162
val,Y1,2.6539166,16.463074
val,Y1,2.5308332,14.232332
val,Y1,2.7266111,11.009252
val,Y1,3.0509443,13.325241
val,Y1,3.353889,10.59525
val,Y1,3.6819167,5.8238335
val,Y1,3.810875,11.883908
val,Y1,3.876861,12.707993
val,Y1,4.302403,7.264396
val,Y1,5.2370415,6.7856765
val,Y1,6.0342917,7.9221935
val,Y1,6.1026945,7.3676095
val,Y1,5.4842224,8.293308
val,Y1,4.9504585,11.663013
val,Y1,4.7263193,10.716337
val,Y1,4.5189304,7.1859717
val,Y1,4.3575416,7.9768257
val,Y1,4.129778,9.21985
val,Y1,3.6175277,6.104261
val,Y1,2.8419862,7.6314216
val,Y1,1.9980416,9.215854
val,Y1,1.4014028,7.6928425
val,Y1,1.7795556,6.9293222
val,Y1,2.483736,6.925527
val,Y1,2.6342778,6.9311075
val,Y1,2.45725,7.3202567
val,Y1,1.9588194,7.6842537
val,Y1,1.1512778,7.660028
val,Y1,0.4017639,8.106967
val,Y1,0.28880554,8.855891
val,Y1,1.2418611,8.336653
val,Y1,2.98425,9.022496
val,Y1,4.5073195,11.803223
val,Y1,5.5835,11.592415
val,Y1,6.2738333,15.96296
val,Y1,6.555153,19.86013
val,Y1,6.668597,13.818182
val,Y1,6.8013473,9.784649
val,Y1,7.131181,8.881792
val,Y1,7.517,6.5168138
val,Y1,7.8050556,8.92194
val,Y1,8.028306,8.313681
val,Y1,8.225611,7.309378
val,Y1,8.200556,7.4782376
val,Y1,7.617361,9.332975
val,Y1,6.971653,12.199253
val,Y1,6.7754307,9.714428
val,Y1,6.7527776,7.802383
val,Y1,6.4677362,11.490909
val,Y1,5.436278,10.535887
val,Y1,3.9760695,9.428665
val,Y1,2.8960972,7.8103757
val,Y1,2.1580138,8.622202
val,Y1,1.5249584,8.193679
val,Y1,1.4499583,7.067368
val,Y1,2.2474027,8.190554
val,Y1,3.3909583,8.021069
val,Y1,4.465875,7.0627565
val,Y1,5.4000835,6.843287
val,Y1,6.018611,6.0431776
val,Y1,6.3274026,4.1564126
val,Y1,6.458778,5.98585
val,Y1,6.494736,8.498481
val,Y1,5.954389,8.093209
val,Y1,4.5786667,6.7107663
val,Y1,2.9179168,7.2143164
val,Y1,1.6724305,7.8381157
val,Y1,1.0736111,6.277205
val,Y1,0.74669445,5.925327
val,Y1,0.59369445,6.554489
val,Y1,0.46504167,5.7572145
val,Y1,0.4107361,6.2574754
val,Y1,0.6613472,7.892569
val,Y1,1.1383473,8.629787
val,Y1,1.9084584,8.253863
val,Y1,2.9375138,7.6983495
val,Y1,3.9446666,6.8525467
val,Y1,5.00175,6.3469763
val,Y1,5.8846526,7.214337
val,Y1,6.418264,7.107965
val,Y1,6.9134445,10.111255
val,Y1,7.174514,11.681946
val,Y1,7.19525,8.058239
val,Y1,7.3135695,9.439243
val,Y1,7.6961946,10.795097
val,Y1,8.165736,8.281753
val,Y1,8.365027,10.478507
val,Y1,8.217764,10.558341
val,Y1,8.157125,10.407442
val,Y1,8.450389,8.664318
val,Y1,8.976986,11.617165
val,Y1,9.462819,15.088474
val,Y1,9.637819,10.704363
val,Y1,9.537403,7.962923
val,Y1,8.873902,8.76605
val,Y1,7.6603613,8.033145
val,Y1,6.3655696,7.1708713
val,Y1,5.2064304,7.362412
val,Y1,4.4989862,8.172106
val,Y1,4.092236,8.553698
val,Y1,3.5057082,9.361767
val,Y1,2.3967638,7.4525433
val,Y1,1.5710695,5.8572946
val,Y1,2.2643611,6.598078
val,Y1,3.6169167,7.7794147
val,Y1,4.854347,7.4803834
val,Y1,6.1612225,8.102005
val,Y1,7.3564863,9.58543
val,Y1,8.331264,9.877184
val,Y1,8.932028,9.963787
val,Y1,9.219625,8.714645
val,Y1,9.202639,9.634253
val,Y1,8.577389,8.501528
val,Y1,7.301,8.176083
val,Y1,5.8648887,7.976509
val,Y1,5.2048054,7.691541
val,Y1,5.527514,7.29491
val,Y1,6.370458,6.607055
val,Y1,7.254014,6.676502
val,Y1,7.8268194,6.4901147
val,Y1,7.9580555,6.069923
val,Y1,7.764042,6.453547
val,Y1,7.6260695,6.962301
val,Y1,7.719222,7.03516
val,Y1,8.030209,7.0314913
val,Y1,8.528819,7.169229
val,Y1,8.984,6.5700717
val,Y1,9.117986,5.1184306
val,Y1,9.080209,5.3536663
val,Y1,9.041903,7.7835283
val,Y1,8.953625,9.590981
val,Y1,8.588125,8.712519
val,Y1,7.853194,6.7776513
val,Y1,6.8205276,8.583912
val,Y1,5.439236,7.748969
val,Y1,3.7241945,7.295238
val,Y1,2.0245695,7.9098897
val,Y1,0.75711113,9.741175
val,Y1,0.15594445,11.279093
val,Y1,0.039819445,9.454281
val,Y1,0.026666667,9.622018
val,Y1,0.019458333,12.58909
val,Y1,0.018305555,14.063601
val,Y1,0.01626389,10.14808
val,Y1,0.017152777,8.122275
val,Y1,0.026,8.0161295
val,Y1,0.22718056,8.293871
val,Y1,0.78469443,9.071196
val,Y1,1.5963194,8.120008
val,Y1,2.4309027,7.962482
val,Y1,3.2852917,7.6615553
val,Y1,4.182028,6.4896197
val,Y1,5.1470833,7.0476546
val,Y1,5.871486,7.255477
val,Y1,5.9615693,6.2696743
val,Y1,5.8039584,6.4986877
val,Y1,5.870875,5.5735397
val,Y1,6.264375,6.887511
val,Y1,6.717403,9.474292
val,Y1,7.1790557,9.781841
val,Y1,7.6820693,8.820108
val,Y1,8.049403,8.009319
val,Y1,8.286819,7.4035068
val,Y1,8.048764,6.5572205
val,Y1,7.1479583,6.95213
val,Y1,6.149764,9.210269
val,Y1,5.3543057,11.62834
val,Y1,5.0772223,12.238984
val,Y1,5.551472,11.836401
val,Y1,6.4091387,10.760138
val,Y1,7.308375,11.113808
val,Y1,7.9825835,10.7472105
val,Y1,8.367042,10.687536
val,Y1,8.5315,13.361843
val,Y1,8.476152,16.040943
val,Y1,8.389736,12.835981
val,Y1,8.405861,9.6621065
val,Y1,8.507584,13.176416
val,Y1,8.705569,12.979859
val,Y1,8.917167,11.24691
val,Y1,9.077306,10.951236
val,Y1,9.252889,8.449661
val,Y1,9.473361,7.27275
val,Y1,9.732278,7.383036
val,Y1,9.923223,7.4958086
val,Y1,10.021514,8.40454
val,Y1,10.157014,8.397387
val,Y1,10.290611,8.217476
val,Y1,10.343153,6.3210206
val,Y1,10.262403,7.079334
val,Y1,10.064639,9.447718
val,Y1,9.7415,10.823733
val,Y1,9.304764,10.168445
val,Y1,8.806069,7.6048136
val,Y1,8.260292,12.133031
val,Y1,7.419014,16.647598
val,Y1,6.202139,13.511194
val,Y1,5.0944304,13.798557
val,Y1,4.3318195,13.377645
val,Y1,3.4098334,12.273741
val,Y1,2.2748473,11.578036
val,Y1,1.5033473,14.202231
val,Y1,0.97313887,15.384792
val,Y1,0.50690275,13.238424
val,Y1,0.1921389,7.9527555
val,Y1,0.13079166,7.060217
val,Y1,0.31620833,7.902197
val,Y1,0.5239722,8.212151
val,Y1,0.8767083,6.8736844
val,Y1,1.1160278,8.500821
val,Y1,0.67204165,9.442102
val,Y1,0.14068055,8.488109
val,Y1,0.092430554,10.041931
val,Y1,0.638375,10.417703
val,Y1,1.9277222,9.274704
val,Y1,3.4474862,10.112557
val,Y1,4.55425,7.3308563
val,Y1,5.303875,6.5652175
val,Y1,5.9906387,7.893495
val,Y1,6.467583,10.522193
val,Y1,6.5508194,9.694019
val,Y1,6.6209307,5.1000395
val,Y1,6.7563195,6.1625514
val,Y1,6.9203887,7.5107446
val,Y1,7.252042,7.149442
val,Y1,7.606153,7.4698424
val,Y1,7.9464583,8.064474
val,Y1,8.258166,8.35744
val,Y1,8.372598,7.325182
val,Y1,8.285459,6.157455
val,Y1,8.347362,5.9189854
val,Y1,8.556875,6.04212
val,Y1,8.757292,8.211532
val,Y1,8.961695,7.7714663
val,Y1,9.165639,11.613544
val,Y1,9.270056,10.625219
val,Y1,9.085944,8.583645
val,Y1,8.234889,12.658436
val,Y1,6.6256666,9.969534
val,Y1,4.835347,6.6913857
val,Y1,3.2109444,10.40566
val,Y1,2.1211529,14.095949
val,Y1,1.7362916,12.878252
val,Y1,1.3434583,12.104193
val,Y1,0.7504306,10.123275
val,Y1,0.28952777,9.7657
val,Y1,0.060805555,9.811386
val,Y1,0.017138889,9.359692
val,Y1,0.01375,6.935901
val,Y1,0.012027778,9.123857
val,Y1,0.016638888,10.261974
val,Y1,0.019069444,7.917091
val,Y1,0.016152779,5.6688504
val,Y1,0.017666666,4.78846
val,Y1,0.016847223,5.3027434
val,Y1,0.05615278,6.485994
val,Y1,0.6242222,6.166666
val,Y1,1.9268055,7.8123126
val,Y1,3.330139,12.069572
val,Y1,4.5069447,14.355972
val,Y1,5.4857917,8.217436
val,Y1,6.1942916,5.8337073
val,Y1,6.6679444,9.129152
val,Y1,6.887986,15.074907
val,Y1,6.9365,11.271344
val,Y1,6.9236665,11.408534
val,Y1,6.5690556,14.501904
val,Y1,5.5781527,17.76034
val,Y1,4.2443056,15.225466
val,Y1,3.137972,8.1165695
val,Y1,2.3512778,7.9708524
val,Y1,1.8068612,10.866598
val,Y1,1.7478334,11.165172
val,Y1,2.4570832,6.2089667
val,Y1,3.5266528,5.942488
val,Y1,4.787667,9.743864
val,Y1,6.192111,10.303919
val,Y1,7.3098335,8.305445
val,Y1,7.959,7.883619
val,Y1,8.3225975,6.537729
val,Y1,8.621403,5.8659782
val,Y1,8.521472,6.07191
val,Y1,7.8472085,6.4959455
val,Y1,6.832861,6.931214
val,Y1,5.6343193,6.820254
val,Y1,4.288361,6.7330227
val,Y1,2.9048057,6.5556235
val,Y1,1.58675,6.5598984
val,Y1,0.7442222,6.621406
val,Y1,0.44006944,6.543983
val,Y1,0.8560972,6.8419213
val,Y1,2.003,6.357303
val,Y1,3.118264,6.764515
val,Y1,4.25725,8.381717
val,Y1,5.5917916,7.923987
val,Y1,7.0648193,9.543425
val,Y1,8.633223,10.20886
val,Y1,9.948236,10.638955
val,Y1,11.039278,9.661974
val,Y1,12.040806,7.306641
val,Y1,12.618597,6.066416
val,Y1,12.739333,6.2948546
val,Y1,12.908986,9.033274
val,Y1,13.172542,12.706236
val,Y1,13.225833,11.9262295
val,Y1,13.167819,8.375813
val,Y1,13.16775,4.9769483
val,Y1,13.199917,7.447778
val,Y1,13.188708,9.70631
val,Y1,13.157097,8.014788
val,Y1,13.158112,10.367313
val,Y1,13.238764,10.324591
val,Y1,13.426306,10.307354
val,Y1,13.63032,9.37212
val,Y1,13.739667,10.928816
val,Y1,13.688347,9.156578
val,Y1,13.531736,11.452551
val,Y1,13.352041,9.846256
val,Y1,13.177778,9.428232
val,Y1,12.885361,15.852884
val,Y1,12.297861,19.580494
val,Y1,11.527625,13.191477
val,Y1,10.464653,10.461713
val,Y1,8.9586115,12.464184
val,Y1,7.3210554,19.918562
val,Y1,5.79325,16.0901
val,Y1,4.454486,10.480853
val,Y1,3.1124861,10.253437
val,Y1,2.24025,10.213187
val,Y1,3.0425138,10.714063
val,Y1,4.8963194,10.350628
val,Y1,5.973417,8.674821
val,Y1,5.6684027,7.5805764
val,Y1,4.227153,7.0870066
val,Y1,2.8902917,8.060123
val,Y1,2.6121528,7.5845013
val,Y1,2.8052223,7.55123
val,Y1,2.7914584,7.052769
val,Y1,2.4704444,5.97234
val,Y1,2.2561944,6.2582874
val,Y1,2.2335556,6.3331213
val,Y1,2.50375,7.063338
val,Y1,3.466764,7.7684135
val,Y1,4.865208,7.218904
val,Y1,6.1232085,6.990189
val,Y1,7.1477222,6.8603754
val,Y1,8.041014,6.3549714
val,Y1,8.543125,6.290379
val,Y1,8.5882635,6.123073
val,Y1,8.346209,6.2834554
val,Y1,7.5419583,6.701879
val,Y1,6.146389,6.7471223
val,Y1,4.987125,6.5241714
val,Y1,4.8259306,6.1048074
val,Y1,5.641264,6.416248
val,Y1,6.645014,6.6819396
val,Y1,7.1275415,7.039944
val,Y1,7.2341943,6.607433
val,Y1,6.9724584,6.2851167
val,Y1,6.432139,6.2351604
val,Y1,5.930097,6.49921
val,Y1,5.6214304,6.3140106
val,Y1,5.656958,6.572287
val,Y1,6.210625,6.922571
val,Y1,7.158889,7.2110677
val,Y1,7.8573613,7.971647
val,Y1,8.14068,7.415424
val,Y1,8.390889,6.8086185
val,Y1,8.708264,6.751946
val,Y1,8.808,7.210406
val,Y1,8.690389,7.6100183
val,Y1,8.562361,7.2272973
val,Y1,8.442069,7.217731
val,Y1,8.357875,7.52349
val,Y1,8.382167,6.781378
val,Y1,8.716333,6.6128592
val,Y1,9.270264,8.224965
val,Y1,9.619278,8.056547
val,Y1,9.628653,8.169338
val,Y1,9.400958,7.397994
val,Y1,9.129319,6.9212184
val,Y1,8.929958,6.4590693
val,Y1,8.730917,7.5852947
val,Y1,8.4690275,9.311205
val,Y1,8.172014,7.7283673
val,Y1,7.9107084,7.3997436
val,Y1,7.6281943,7.839558
val,Y1,6.7817917,8.146935
val,Y1,5.5341387,7.478699
val,Y1,4.325639,7.063208
val,Y1,3.32925,6.6002836
val,Y1,3.5251389,7.648102
val,Y1,4.870569,9.029952
val,Y1,6.2203474,7.291679
val,Y1,7.1759305,8.257698
val,Y1,7.4002776,8.453108
val,Y1,6.6009583,7.4613605
val,Y1,5.2181387,7.7844243
val,Y1,3.5795972,7.7748895
val,Y1,2.3997223,8.989751
val,Y1,2.7340417,7.9941745
val,Y1,3.845264,7.126081
val,Y1,5.0544305,7.585489
val,Y1,6.4091806,7.0671525
val,Y1,7.2138057,8.388254
val,Y1,7.637375,8.372439
val,Y1,8.324486,6.1919293
val,Y1,9.06593,6.855267
val,Y1,9.587611,7.0001464
val,Y1,9.991472,7.578864
val,Y1,10.320875,7.6583056
val,Y1,10.473097,7.4241743
val,Y1,10.523292,7.892762
val,Y1,10.662097,7.742885
val,Y1,10.832723,6.8036604
val,Y1,10.957583,7.1800976
val,Y1,10.886444,7.499414
val,Y1,10.461,6.5894823
val,Y1,9.851916,7.6024866
val,Y1,9.165334,7.63061
val,Y1,8.260917,7.0307717
val,Y1,7.3030696,7.540794
val,Y1,6.7074165,6.8876085
val,Y1,6.717931,7.618386
val,Y1,7.2729583,7.9443965
val,Y1,8.029056,7.046296
val,Y1,8.692194,7.4215302
val,Y1,8.99125,7.5488706
val,Y1,8.629958,6.2525454
val,Y1,7.944208,6.867981
val,Y1,7.437972,9.663305
val,Y1,7.044125,8.8158245
val,Y1,6.4060974,7.544025
val,Y1,5.360111,8.71648
val,Y1,4.5867915,7.7951274
val,Y1,4.7606387,7.3312383
val,Y1,5.4747086,7.556245
val,Y1,6.3377085,7.2242875
val,Y1,7.226917,7.236054
val,Y1,7.865389,7.8221855
val,Y1,8.090625,7.0121884
val,Y1,7.6993194,7.491389
val,Y1,6.6894445,7.1405864
val,Y1,5.3211665,7.6305833
val,Y1,4.223014,8.514524
val,Y1,4.1317916,7.0944467
val,Y1,4.9126945,8.222902
val,Y1,5.8822637,8.942305
val,Y1,6.781014,7.0686016
val,Y1,7.46325,6.9849
val,Y1,7.9312916,6.0962205
val,Y1,8.266931,5.8978443
val,Y1,8.480083,6.1006427
val,Y1,8.655861,6.1082478
val,Y1,8.775514,5.9513655
val,Y1,8.831625,5.971912
val,Y1,8.699778,5.9313416
val,Y1,8.59157,5.9308486
val,Y1,8.668555,6.0186143
val,Y1,8.721611,6.0090456
val,Y1,8.758972,6.0182405
val,Y1,8.903556,6.0947437
val,Y1,9.062041,6.049381
val,Y1,9.117611,6.047526
val,Y1,9.169473,6.05001
val,Y1,9.302347,5.955607
val,Y1,9.388695,5.9467783
val,Y1,9.234263,5.922136
val,Y1,8.815389,6.0135427
val,Y1,8.076472,6.268824
val,Y1,6.8577776,6.104532
val,Y1,5.4626527,5.9784393
val,Y1,4.543375,5.6953197
val,Y1,4.5765,6.184915
val,Y1,5.3633056,6.638801
val,Y1,6.2986665,7.0505652
val,Y1,7.1325417,6.8294783
val,Y1,7.6924167,6.678368
val,Y1,8.106236,6.582832
val,Y1,8.512806,6.7722235
val,Y1,8.789,6.811376
val,Y1,8.91343,6.4673023
val,Y1,8.796014,6.0682473
val,Y1,8.472569,5.7763505
val,Y1,7.7364583,5.7936273
val,Y1,6.440722,6.9263663
val,Y1,5.265347,8.042898
val,Y1,4.8310556,7.873592
val,Y1,5.3767223,10.350155
val,Y1,6.5405693,11.157135
val,Y1,7.5640416,10.89726
val,Y1,8.114417,11.231571
val,Y1,8.243597,10.764561
val,Y1,8.059472,10.943918
val,Y1,7.68275,8.187083
val,Y1,7.1094446,8.3283825
val,Y1,6.3679585,9.574736
val,Y1,5.957903,9.415039
val,Y1,6.1361666,8.406645
val,Y1,6.7254725,6.8536725
val,Y1,7.530958,6.122409
val,Y1,8.125459,6.437268
val,Y1,7.935639,6.524013
val,Y1,6.9710555,6.393767
val,Y1,6.0965137,6.5863156
val,Y1,5.788708,6.385278
val,Y1,5.733667,5.73096
val,Y1,5.4884863,5.9038835
val,Y1,4.874375,6.6322894
val,Y1,4.2233057,7.0571613
val,Y1,3.7685277,6.869184
val,Y1,3.2863612,7.158578
val,Y1,2.7357361,6.901799
val,Y1,2.315,6.250463
val,Y1,1.5912361,7.049479
val,Y1,0.6112361,7.492136
val,Y1,0.10661111,6.289202
val,Y1,0.2572778,6.116675
val,Y1,0.65772223,7.665445
val,Y1,0.7999028,8.036722
val,Y1,0.8848611,9.616409
val,Y1,0.80811113,11.462036
val,Y1,0.3274722,11.690158
val,Y1,0.1324861,9.587627
val,Y1,0.8290833,9.597395
val,Y1,2.1803195,8.737059
val,Y1,3.4994028,6.1879973
val,Y1,4.6033335,7.244883
val,Y1,5.498875,8.048022
val,Y1,5.955333,6.7281537
val,Y1,5.7766943,6.3603635
val,Y1,5.384847,6.6988144
val,Y1,5.446,4.590385
val,Y1,6.040292,4.508788
val,Y1,6.94475,6.8944182
val,Y1,7.681,8.370818
val,Y1,7.528875,8.808501
val,Y1,6.7359304,9.238524
val,Y1,6.2495418,7.104793
val,Y1,6.1047363,8.898812
val,Y1,6.269486,11.261311
val,Y1,6.8700833,9.416423
val,Y1,7.4885974,8.257606
val,Y1,7.8158193,7.0790334
val,Y1,7.8385415,6.5139804
val,Y1,7.5045695,5.8159165
val,Y1,6.7773333,6.904735
val,Y1,5.5658474,5.8713546
val,Y1,4.0275555,5.7646775
val,Y1,2.8154721,7.2045045
val,Y1,2.2244167,5.8070583
val,Y1,2.1582084,5.5296917
val,Y1,2.6561666,5.3387046
val,Y1,3.541278,4.854587
val,Y1,4.596722,7.4138775
val,Y1,5.7596664,9.348831
val,Y1,6.9001665,9.743393
val,Y1,7.949111,9.2871
val,Y1,8.867598,6.1965833
val,Y1,9.439458,7.627216
val,Y1,9.517389,8.419194
val,Y1,8.881111,8.418676
val,Y1,7.7065973,8.32839
val,Y1,6.9142637,8.093845
val,Y1,6.520403,8.141707
val,Y1,5.6589446,6.193211
val,Y1,4.314653,7.514066
val,Y1,3.1041112,8.677053
val,Y1,2.6585834,7.232874
val,Y1,3.0145278,6.5538874
val,Y1,3.8524027,6.2330146
val,Y1,4.7002916,6.3395505
val,Y1,4.9684443,6.557143
val,Y1,4.681264,6.229691
val,Y1,4.4977083,6.3578534
val,Y1,5.077833,6.4332547
val,Y1,6.119514,7.265469
val,Y1,7.145528,7.1237645
val,Y1,7.81975,6.3286633
val,Y1,8.044319,6.063831
val,Y1,8.232833,5.977616
val,Y1,8.333847,6.84637
val,Y1,7.9862223,6.7496095
val,Y1,7.2809443,6.33024
val,Y1,6.389,6.5668254
test,A5,0.0,7.62105
test,A5,0.0,8.442406
test,A5,0.0,8.3460045
test,A5,0.0,7.831259
test,A5,0.0,10.910834
test,A5,0.0,10.990794
test,A5,0.0,7.993196
test,A5,0.0,8.807443
test,A5,0.0,10.308292
test,A5,0.0,9.08382
test,A5,0.0,7.7045417
test,A5,0.0,7.834251
test,A5,0.0,8.207434
test,A5,0.0,7.7712464
test,A5,0.0,7.8334293
test,A5,0.0,8.22892
test,A5,0.0,7.83788
test,A5,0.0,7.6241465
test,A5,0.0,7.928758
test,A5,0.0,7.8630824
test,A5,0.0,8.389027
test,A5,0.0,8.217076
test,A5,0.0,7.833834
test,A5,0.0,8.27408
test,A5,0.0,8.145421
test,A5,0.0,7.915971
test,A5,0.0,8.130634
test,A5,0.0,8.145289
test,A5,0.0,7.5840507
test,A5,0.0,8.458201
test,A5,0.0,9.148384
test,A5,0.0,13.50425
test,A5,0.0,24.82463
test,A5,0.0,31.745853
test,A5,0.0,33.17394
test,A5,0.0,35.333324
test,A5,0.0,30.471756
test,A5,0.238,19.552656
test,A5,1.41594,12.724152
test,A5,2.31294,11.533835
test,A5,2.311891,13.803204
test,A5,2.4458911,12.813322
test,A5,2.486,10.852097
test,A5,2.074,8.393398
test,A5,1.299,6.2587495
test,A5,0.63300496,5.7563043
test,A5,0.34700495,6.3752694
test,A5,0.156,7.366836
test,A5,0.063,9.671946
test,A5,0.444,12.958696
test,A5,1.106,14.3617
test,A5,1.7860792,13.613309
test,A5,2.2021585,15.0970745
test,A5,2.379079,18.612997
test,A5,2.766,21.32917
test,A5,3.695,21.735428
test,A5,4.362,18.94138
test,A5,4.341,12.562069
test,A5,4.163,8.54871
test,A5,4.322,9.791527
test,A5,4.771,11.351347
test,A5,5.283,10.133869
test,A5,5.731,10.3754835
test,A5,5.7920394,11.496489
test,A5,5.9000397,11.372534
test,A5,6.416629,11.1890545
test,A5,6.6116285,11.465391
test,A5,6.942,10.801934
test,A5,7.548,9.925417
test,A5,7.739,11.14998
test,A5,7.9329157,11.343421
test,A5,8.094915,10.171694
test,A5,8.145,9.150753
test,A5,8.204,8.873684
test,A5,8.289,8.665242
test,A5,8.434,8.642233
test,A5,8.956,8.932272
test,A5,9.208629,9.104087
test,A5,8.781629,11.732397
test,A5,8.574,11.922682
test,A5,8.807745,12.22858
test,A5,9.073706,12.63644
test,A5,9.175961,12.451859
test,A5,9.053,11.318154
test,A5,9.26,9.079361
test,A5,9.850643,9.809423
test,A5,9.622535,9.876087
test,A5,9.174891,10.362209
test,A5,9.054,11.589338
test,A5,8.78,10.604161
test,A5,8.675,8.920856
test,A5,8.738,8.310759
test,A5,8.796,8.550437
test,A5,9.0,9.432962
test,A5,9.052,10.012411
test,A5,8.878,16.765053
test,A5,8.556,18.730183
test,A5,8.258,13.735492
test,A5,8.261,14.74342
test,A5,8.328,17.00734
test,A5,8.42,17.6035
test,A5,8.388,15.314831
test,A5,8.32746,14.35642
test,A5,8.835461,12.431303
test,A5,9.946,13.353379
test,A5,10.554,12.214348
test,A5,10.55198,9.965814
test,A5,10.61298,13.602339
test,A5,11.173,19.471447
test,A5,12.335,15.881395
test,A5,13.328,15.21171
test,A5,14.271,14.03144
test,A5,16.035,11.559874
test,A5,18.17,11.257198
test,A5,19.866,12.174713
test,A5,20.601,12.347904
test,A5,20.413,16.170692
test,A5,20.611,17.834644
test,A5,21.289,17.54381
test,A5,21.313,14.61532
test,A5,21.027,13.480093
test,A5,20.382,13.820857
test,A5,20.621435,17.194374
test,A5,21.927435,23.488712
test,A5,22.57937,30.508738
test,A5,22.932371,27.26914
test,A5,22.656,16.159128
test,A5,22.298,14.870054
test,A5,22.618,14.026319
test,A5,22.805,11.180717
test,A5,21.879,14.640558
test,A5,20.891,17.8895
test,A5,21.242,17.570866
test,A5,21.467,14.67659
test,A5,21.789,10.723036
test,A5,22.572,12.8616905
test,A5,22.902739,12.982149
test,A5,22.856737,12.4932
test,A5,23.106,11.680422
test,A5,23.829,11.987128
test,A5,24.267,13.895941
test,A5,24.838,17.228905
test,A5,25.273,19.946823
test,A5,25.683,15.301058
test,A5,25.6245,12.0458555
test,A5,25.6975,13.9168
test,A5,26.964,17.084309
test,A5,27.5,14.678524
test,A5,26.76,10.584915
test,A5,26.416029,10.695014
test,A5,26.52903,11.73127
test,A5,26.064,11.267746
test,A5,25.908,12.664927
test,A5,25.599,13.206194
test,A5,25.624,13.131308
test,A5,25.943,13.952717
test,A5,25.482,14.0342865
test,A5,25.604,11.074125
test,A5,25.983,12.24279
test,A5,26.014,16.173466
test,A5,26.157,15.555167
test,A5,26.543,11.679379
test,A5,26.980486,12.943928
test,A5,26.713486,13.942967
test,A5,26.193,10.3730545
test,A5,26.007,8.797372
test,A5,25.298,10.04535
test,A5,24.947,10.957567
test,A5,26.132,12.432547
test,A5,26.226946,12.05256
test,A5,25.347944,11.16462
test,A5,25.202108,12.862022
test,A5,25.073109,13.819492
test,A5,25.299,12.445418
test,A5,25.945,14.202399
test,A5,26.374,12.959888
test,A5,26.305,11.800417
test,A5,26.215,15.427389
test,A5,26.245,13.9256935
test,A5,26.235,11.8967905
test,A5,26.345,11.950142
test,A5,26.252,12.267065
test,A5,26.047,12.585794
test,A5,26.066,12.269352
test,A5,26.01,12.835316
test,A5,25.899,13.46966
test,A5,25.777,14.858187
test,A5,25.826,13.257814
test,A5,26.03,9.856186
test,A5,26.174,9.150025
test,A5,26.058,8.761501
test,A5,25.821,9.543496
test,A5,25.696,11.777744
test,A5,25.678,12.536862
test,A5,25.708,10.655629
test,A5,25.517,15.464454
test,A5,25.47,18.348492
test,A5,25.643,12.508318
test,A5,25.629,12.107225
test,A5,25.729,12.358944
test,A5,25.903,10.393532
test,A5,25.877,10.25567
test,A5,25.802,11.08198
test,A5,25.864,12.518614
test,A5,26.22,12.379272
test,A5,26.463,12.423182
test,A5,26.468,10.211489
test,A5,26.42,12.605112
test,A5,26.354,14.418432
test,A5,26.351,13.080954
test,A5,26.025,12.18368
test,A5,25.675,11.800839
test,A5,25.703,12.425019
test,A5,25.671,11.835073
test,A5,25.795,12.201794
test,A5,26.021,11.71876
test,A5,25.926,9.637082
test,A5,25.761,8.368088
test,A5,25.713,8.799289
test,A5,25.612,10.99808
test,A5,25.285,9.891217
test,A5,24.714,9.159927
test,A5,24.213,11.77862
test,A5,23.96,15.640218
test,A5,23.804,15.475128
test,A5,23.49,14.738487
test,A5,23.087,13.1808405
test,A5,22.896,13.601513
test,A5,22.766218,14.199066
test,A5,22.470219,11.17556
test,A5,22.034,9.732016
test,A5,21.425,10.171782
test,A5,20.719,10.703506
test,A5,20.153,10.85182
test,A5,19.884,10.414402
test,A5,19.841,10.535908
test,A5,20.086,11.069219
test,A5,20.507,12.8047285
test,A5,20.983,10.836743
test,A5,21.327,9.696913
test,A5,21.274,11.146814
test,A5,21.23,9.716624
test,A5,21.404,9.379919
test,A5,21.472,10.629676
test,A5,21.499,11.0045805
test,A5,21.384,12.238239
test,A5,21.294,10.071644
test,A5,21.429,11.16991
test,A5,21.44,14.191938
test,A5,21.514,11.316399
test,A5,21.556,8.562697
test,A5,21.493,8.737481
test,A5,21.474,11.545409
test,A5,21.527,14.14142
test,A5,21.583,13.980948
test,A5,21.488255,12.814289
test,A5,21.304255,11.036445
test,A5,21.342,10.77598
test,A5,21.439,11.913163
test,A5,21.452806,14.955806
test,A5,21.317806,14.612362
test,A5,21.162,11.823167
test,A5,21.339,10.418972
test,A5,21.556,9.149702
test,A5,21.634,8.633674
test,A5,21.599,10.651166
test,A5,21.525,11.212986
test,A5,21.43,10.866682
test,A5,21.546,12.104395
test,A5,21.577,13.490315
test,A5,21.461,12.0478735
test,A5,21.535,10.660322
test,A5,21.564,12.342749
test,A5,21.517,13.006809
test,A5,21.51397,10.795345
test,A5,21.52397,13.076357
test,A5,21.38,16.417952
test,A5,21.209,15.3381195
test,A5,21.194,13.877319
test,A5,21.352,13.915684
test,A5,21.561,13.3354
test,A5,21.717,12.9340515
test,A5,21.693172,11.303693
test,A5,21.747173,12.512938
test,A5,21.811,13.105899
test,A5,21.668,12.869779
test,A5,21.444,11.182314
test,A5,21.28,10.795618
test,A5,21.121,10.804401
test,A5,20.759,11.86305
test,A5,20.593,12.874749
test,A5,20.647,11.992094
test,A5,20.509792,11.869628
test,A5,20.155054,12.0075445
test,A5,19.786263,12.710786
test,A5,19.863,13.6085
test,A5,19.789,13.299784
test,A5,18.912,11.224346
test,A5,18.904,10.785503
test,A5,19.938,14.748013
test,A5,21.001,13.834469
test,A5,21.865,14.569393
test,A5,22.306,16.71421
test,A5,22.434,12.855299
test,A5,22.296,11.938292
test,A5,22.23,13.248264
test,A5,21.618614,13.90028
test,A5,20.551615,11.172553
test,A5,20.403,11.372951
test,A5,20.823,14.320068
test,A5,21.132,16.832289
test,A5,21.315,14.586145
test,A5,21.385,12.585365
test,A5,21.095,14.517847
test,A5,21.223,15.891818
test,A5,21.951,13.090444
test,A5,22.173,12.345575
test,A5,22.096,13.877653
test,A5,21.723,14.150155
test,A5,21.342,14.85236
test,A5,21.451,13.9974985
test,A5,21.785,13.815589
test,A5,21.769,14.969627
test,A5,21.52,12.922779
test,A5,21.401,10.634762
test,A5,21.336,10.177839
test,A5,21.391,11.262251
test,A5,21.407,11.988579
test,A5,21.317,11.932852
test,A5,21.441,13.449036
test,A5,21.619,13.645507
test,A5,21.808,11.844484
test,A5,21.928,11.8029995
test,A5,21.461,12.64684
test,A5,21.076,11.148625
test,A5,21.112,11.167902
test,A5,21.068,12.920671
test,A5,21.016,15.570689
test,A5,20.989025,14.855934
test,A5,20.937025,9.832476
test,A5,20.854239,8.817184
test,A5,20.569237,10.711868
test,A5,20.22,10.8849325
test,A5,20.14,9.896768
test,A5,20.234,10.811912
test,A5,20.268,12.454629
test,A5,20.186,11.824018
test,A5,20.225,10.902014
test,A5,20.269,12.232119
test,A5,20.117,11.833793
test,A5,19.718,10.761411
test,A5,19.515,10.872367
test,A5,19.4,12.286739
test,A5,19.179,12.569467
test,A5,19.171,12.593883
test,A5,19.137,11.001514
test,A5,19.072,9.935602
test,A5,19.074238,10.89373
test,A5,18.925238,10.662313
test,A5,18.803,8.914465
test,A5,19.108,8.960847
test,A5,19.334,11.790975
test,A5,18.988,12.456299
test,A5,18.684,11.408172
test,A5,18.701,12.057505
test,A5,18.306,13.619389
test,A5,18.039,16.213112
test,A5,18.236,14.968593
test,A5,18.217,12.106932
test,A5,18.132,12.501028
test,A5,18.205,10.278109
test,A5,18.456,11.643568
test,A5,18.84,13.4538
test,A5,19.201,14.539374
test,A5,18.9,13.292123
test,A5,18.285,12.038904
test,A5,18.146,11.526533
test,A5,18.152,14.906305
test,A5,18.139114,18.269642
test,A5,18.043169,15.794982
test,A5,18.042055,11.631786
test,A5,18.259,13.023519
test,A5,18.396,13.366799
test,A5,18.531,14.400232
test,A5,18.763,13.572545
test,A5,18.868946,13.620842
test,A5,18.778946,12.499861
test,A5,18.479,13.531536
test,A5,18.407263,13.036593
test,A5,18.709263,10.612755
test,A5,18.669,11.549298
test,A5,18.255,12.223963
test,A5,18.164,12.028765
test,A5,18.272955,11.445661
test,A5,18.248955,11.319458
test,A5,18.368,10.680717
test,A5,18.927,11.526777
test,A5,19.554916,13.150031
test,A5,19.691916,11.685438
test,A5,19.599,12.221526
test,A5,19.543,13.167722
test,A5,19.284,11.439825
test,A5,19.162,11.887229
test,A5,19.551,13.244145
test,A5,19.742,13.889334
test,A5,19.453,14.1463585
test,A5,19.091,13.147684
test,A5,18.905,12.529816
test,A5,19.11,14.023411
test,A5,19.465,13.580713
test,A5,19.446,12.519918
test,A5,19.107,12.672672
test,A5,19.049,10.959972
test,A5,19.243,12.360254
test,A5,19.512,11.751913
test,A5,19.637,10.501343
test,A5,19.584778,10.67332
test,A5,19.807688,11.2304125
test,A5,20.073912,11.228756
test,A5,20.123991,10.799423
test,A5,20.13799,12.125139
test,A5,20.313,14.047596
test,A5,20.392,15.646492
test,A5,20.357,12.628815
test,A5,20.361,9.947922
test,A5,20.035,13.554004
test,A5,19.775064,14.133173
test,A5,19.853064,13.443354
test,A5,19.907,12.023769
test,A5,20.168,10.896692
test,A5,20.221321,14.028496
test,A5,20.260323,13.991131
test,A5,20.487415,12.988349
test,A5,20.909416,11.5873375
test,A5,21.129,10.954339
test,A5,20.794,10.090685
test,A5,20.346,9.88372
test,A5,20.04,11.843438
test,A5,20.178,12.13349
test,A5,20.205,11.752815
test,A5,20.070639,12.922005
test,A5,20.30864,12.023727
test,A5,20.496,10.930881
test,A5,20.286589,13.161015
test,A5,19.76459,14.658602
test,A5,19.121,15.59683
test,A5,18.940866,13.006857
test,A5,18.933867,9.915972
test,A5,19.077,11.677785
test,A5,19.604,13.381082
test,A5,20.097,12.915967
test,A5,20.614,14.5112915
test,A5,21.151,13.767086
test,A5,20.973,11.668435
test,A5,19.602,14.037995
test,A5,18.266,14.358187
test,A5,18.241,12.118194
test,A5,18.949,10.865006
test,A5,19.358925,10.845099
test,A5,19.415926,11.6854725
test,A5,19.812,14.478689
test,A5,20.06796,15.005131
test,A5,19.95396,13.686676
test,A5,19.96,13.342381
test,A5,19.646797,12.883211
test,A5,19.194798,11.838541
test,A5,19.205,11.882367
test,A5,19.304,11.7385235
test,A5,19.52448,12.532131
test,A5,19.39748,11.916552
test,A5,19.158955,12.233664
test,A5,19.263956,13.380196
test,A5,19.244,13.463648
test,A5,19.363,13.3656845
test,A5,19.322,12.788637
test,A5,19.258,11.068652
test,A5,19.135,10.49861
test,A5,18.804,10.895515
test,A5,18.686,9.553179
test,A5,18.772,10.444889
test,A5,19.078,12.749573
test,A5,19.313,11.165781
test,A5,19.265,12.029264
test,A5,19.209,12.752248
test,A5,19.045,12.62138
test,A5,19.190456,11.757165
test,A5,19.909456,10.383781
test,A5,20.575312,10.9891205
test,A5,21.05231,10.749302
test,A5,21.307,10.5310545
test,A5,21.961,11.623045
test,A5,22.847,12.007502
test,A5,22.62,10.441107
test,A5,21.886658,10.4473915
test,A5,21.22066,10.212251
test,A5,20.338,9.747865
test,A5,20.285,10.426851
test,A5,20.388737,10.575358
test,A5,19.944738,10.232542
test,A5,20.119104,9.783394
test,A5,20.498104,11.137068
test,A5,20.562,12.120779
test,A5,20.978,12.862276
test,A5,21.825396,12.1257105
test,A5,21.615396,10.129806
test,A5,20.494,10.6148205
test,A5,20.604,11.390617
test,A5,21.615,10.659237
test,A5,22.364,9.650198
test,A5,23.01,9.555916
test,A5,23.514,11.3677025
test,A5,23.34212,12.007765
test,A5,22.903118,11.511031
test,A5,22.829,11.108879
test,A5,22.566925,10.327988
test,A5,22.252926,12.825073
test,A5,22.326,15.55865
test,A5,22.74,12.208268
test,A5,23.141,10.260135
test,A5,23.268,12.311129
test,A5,23.089,13.333857
test,A5,23.008,11.317385
test,A5,23.27,11.780445
test,A5,23.718,12.264135
test,A5,24.083,13.162718
test,A5,24.021,13.999603
test,A5,23.467,13.954775
test,A5,23.0815,16.365269
test,A5,23.0525,15.275898
test,A5,22.964,11.444577
test,A5,23.081663,12.0368595
test,A5,22.902664,13.456691
test,A5,22.448,14.345005
test,A5,22.419,13.004589
test,A5,22.79205,11.433189
test,A5,23.06005,11.1671505
test,A5,23.235,10.135176
test,A5,23.204,9.980183
test,A5,22.83,10.20093
test,A5,22.85,9.67022
test,A5,23.103,11.70266
test,A5,23.165,12.23852
test,A5,23.237783,11.514781
test,A5,23.386784,12.712822
test,A5,23.412,12.038509
test,A5,23.229,11.1069565
test,A5,23.275312,11.506643
test,A5,23.660124,13.084009
test,A5,23.702812,16.386555
test,A5,23.495,17.321775
test,A5,23.549683,18.41107
test,A5,23.410683,15.767556
test,A5,23.313,13.560964
test,A5,23.519,11.7653675
test,A5,23.399,13.404237
test,A5,23.369,14.841913
test,A5,23.524,13.388108
test,A5,23.654,12.9995985
test,A5,23.843,11.784598
test,A5,23.739,10.008724
test,A5,23.834,11.739724
test,A5,24.194,14.727214
test,A5,24.394,12.757633
test,A5,24.49,10.430297
test,A5,24.46,12.779963
test,A5,24.297,14.187761
test,A5,24.152,14.693432
test,A5,24.287,15.988001
test,A5,24.362,18.06794
test,A5,24.233,17.273643
test,A5,24.245,14.277149
test,A5,24.252,12.189992
test,A5,24.276,15.620483
test,A5,24.25,14.779174
test,A5,24.24,12.214684
test,A5,24.344,10.891896
test,A5,24.216,12.422138
test,A5,23.882,13.046307
test,A5,23.476,10.797326
test,A5,23.058,12.652462
test,A5,22.89,11.995043
test,A5,22.941,11.466776
test,A5,23.194,11.793728
test,A5,23.396109,12.468544
test,A5,23.46111,10.740232
test,A5,23.674,9.18991
test,A5,23.935,13.25466
test,A5,24.274,11.187922
test,A5,24.625,9.4508505
test,A5,24.715,10.794928
test,A5,24.453,10.774435
test,A5,24.218,11.588675
test,A5,24.38,11.428453
test,A5,24.806,11.814642
test,A5,24.66,10.763397
test,A5,24.273,10.5156145
test,A5,24.167,12.19223
test,A5,24.155,11.290588
test,A5,23.964,10.161581
test,A5,23.406,11.923326
test,A5,22.97,15.240718
test,A5,23.153,12.581309
test,A5,23.659683,11.477985
test,A5,24.085684,12.613377
test,A5,24.261,12.36707
test,A5,24.135,14.596815
test,A5,23.711,12.094332
test,A5,23.528,9.859522
test,A5,23.782,10.949478
test,A5,23.519833,11.519086
test,A5,23.169832,11.254534
test,A5,23.666,11.467577
test,A5,24.289,11.567213
test,A5,24.523,10.954396
test,A5,24.190712,9.338966
test,A5,24.585712,9.345993
test,A5,26.26,10.8230715
test,A5,26.124,10.957002
test,A5,25.377113,12.089674
test,A5,25.501114,13.526932
test,A5,25.278381,11.34974
test,A5,24.64738,11.743593
test,A5,24.174816,10.001285
test,A5,24.407816,11.030004
test,A5,24.765,14.4455185
test,A5,24.651,14.620586
test,A5,24.451,13.573231
test,A5,24.483,11.311707
test,A5,24.369,11.463268
test,A5,24.492,12.615417
test,A5,24.881,11.55104
test,A5,25.409273,10.882303
test,A5,25.512272,13.019546
test,A5,25.128,14.340078
test,A5,24.653,12.800926
test,A5,24.199,11.503418
test,A5,24.1,13.050112
test,A5,24.11197,11.750185
test,A5,24.06397,9.899147
test,A5,24.006,9.788928
test,A5,24.046,11.295719
test,A5,24.105,10.747504
test,A5,24.075,10.196831
test,A5,24.043,16.323
test,A5,24.138,17.79063
test,A5,24.332,16.980476
test,A5,23.972,17.902447
test,A5,23.442,13.575595
test,A5,23.375,14.410782
test,A5,23.46,13.719903
test,A5,23.772,9.270279
test,A5,24.054,8.825328
test,A5,24.374,10.466785
test,A5,24.43786,15.2916355
test,A5,24.268862,14.275856
test,A5,24.099,9.51553
test,A5,23.999317,8.209606
test,A5,23.568317,10.120251
test,A5,23.18,12.440271
test,A5,23.841,12.758762
test,A5,24.416,13.495639
test,A5,24.91183,13.255661
test,A5,25.475832,11.861958
test,A5,25.684,13.661285
test,A5,25.923,13.184811
test,A5,25.763,11.119478
test,A5,25.454,11.2795105
test,A5,25.753,9.900358
test,A5,25.958,10.9721
test,A5,25.748,12.510567
test,A5,25.664,13.031939
test,A5,25.696138,13.730163
test,A5,25.783138,11.785827
test,A5,25.858,13.787401
test,A5,25.775,13.390936
test,A5,25.707,11.032005
test,A5,25.659,13.378002
test,A5,25.62,13.521393
test,A5,25.755,9.805335
test,A5,25.853,13.39888
test,A5,25.674,14.044271
test,A5,25.715,13.303418
test,A5,26.098,14.541314
test,A5,26.259005,11.937585
test,A5,26.057005,10.864967
test,A5,25.319,11.020041
test,A5,24.893272,12.002527
test,A5,24.773272,13.805639
test,A5,24.313223,11.514088
test,A5,24.312223,11.040365
test,A5,24.522,11.893309
test,A5,24.65,12.883126
test,A5,24.838,12.587603
test,A5,24.948,12.210881
test,A5,24.92,11.1262245
test,A5,24.791811,11.287448
test,A5,24.639812,12.023954
test,A5,24.84,12.179161
test,A5,24.926,12.318279
test,A5,24.619745,15.612741
test,A5,24.629745,14.675774
test,A5,24.847,13.56511
test,A5,24.93,13.328009
test,A5,25.199,12.03458
test,A5,25.761,10.501431
test,A5,26.499,10.640125
test,A5,27.196,11.89554
test,A5,27.6,13.0672245
test,A5,27.742,12.001717
test,A5,26.76,12.955823
test,A5,25.591753,13.018828
test,A5,25.225752,11.597265
test,A5,25.218,11.231333
test,A5,25.428,10.810166
test,A5,25.458,11.419055
test,A5,25.236,12.936691
test,A5,25.043,12.20248
test,A5,25.31,11.344605
test,A5,26.105,12.167868
test,A5,26.386238,11.6087475
test,A5,25.955238,12.493996
test,A5,25.777,14.871372
test,A5,25.575,12.365401
test,A5,25.415,11.112621
test,A5,25.562,12.813732
test,A5,25.465,18.824347
test,A5,25.267,20.463612
test,A5,25.16,16.017
test,A5,25.057,13.432016
test,A5,25.34,14.1224575
test,A5,26.032,14.170195
test,A5,26.69,14.198578
test,A5,26.808,12.401417
test,A5,26.344,10.648649
test,A5,25.585,11.223532
test,A5,24.485,12.219448
test,A5,23.505362,13.424067
test,A5,23.403362,10.553221
test,A5,23.274,12.304865
test,A5,23.186,14.0097275
test,A5,23.696,13.477864
test,A5,24.73,13.820381
test,A5,25.537,12.527033
test,A5,25.49,13.298275
test,A5,25.925,12.455424
test,A5,26.102,11.388144
test,A5,25.217,18.256752
test,A5,25.106,17.838005
test,A5,25.969,11.573008
test,A5,26.406,11.715132
test,A5,25.803,11.630962
test,A5,25.332,11.756165
test,A5,25.608,9.365994
test,A5,26.196,12.57479
test,A5,26.29,12.310157
test,A5,25.406,13.862769
test,A5,25.36,16.828579
test,A5,25.772,15.790757
test,A5,24.905605,14.968437
test,A5,22.852606,12.289885
test,A5,21.738,13.179707
test,A5,22.525,11.377191
test,A5,23.874,11.759659
test,A5,24.657,14.07395
test,A5,24.953,13.278084
test,A5,24.223,11.664787
test,A5,23.617237,12.475727
test,A5,24.005238,13.938254
test,A5,21.851,13.03256
test,A5,20.547,13.284002
test,A5,23.446,10.924643
test,A5,27.153,13.707312
test,A5,29.854,14.463806
test,A5,30.283,13.33547
test,A5,28.377,13.752168
test,A5,27.377,12.135404
test,A5,27.87,11.006144
test,A5,27.828135,11.957023
test,A5,26.601614,13.016544
test,A5,25.164505,11.381002
test,A5,24.834024,12.123751
test,A5,25.119,12.3651705
test,A5,24.937,11.252435
test,A5,23.774372,15.013149
test,A5,22.556372,15.402256
test,A5,22.423,13.51647
test,A5,22.788,13.90411
test,A5,22.608,12.836769
test,A5,22.323,11.671953
test,A5,22.5,14.60283
test,A5,23.304,17.949791
test,A5,23.909,17.791325
test,A5,24.054,17.714447
test,A5,24.178,16.247911
test,A5,24.21,13.896746
test,A5,24.175,12.042454
test,A5,23.928398,12.6348715
test,A5,23.515398,14.073989
test,A5,23.598,12.807749
test,A5,23.653,12.0009
test,A5,23.531,11.929403
test,A5,23.692,11.178691
test,A5,24.003,10.145011
test,A5,24.358,9.529307
test,A5,24.470936,8.719573
test,A5,24.552862,10.75542
test,A5,24.563925,11.731752
test,A5,24.697882,10.761485
test,A5,24.937881,12.275436
test,A5,25.006,14.950451
test,A5,25.217,12.323353
test,A5,25.472,10.747045
test,A5,25.36185,12.049294
test,A5,25.192852,13.906156
test,A5,25.627,16.669811
test,A5,26.413,17.766674
test,A5,26.574,15.565888
test,A5,26.228,16.656034
test,A5,25.977,17.215237
test,A5,25.928,16.072279
test,A5,25.717,14.826536
test,A5,25.455,13.945137
test,A5,25.443,12.180597
test,A5,25.624,12.884677
test,A5,25.934,14.554373
test,A5,26.026,12.915892
test,A5,25.82,11.20068
test,A5,25.757,10.191933
test,A5,25.985,12.346101
test,A5,25.682,13.9966135
test,A5,24.299,11.046757
test,A5,23.796,11.47564
test,A5,24.652817,12.249428
test,A5,25.348816,12.967619
test,A5,26.172,11.520052
test,A5,26.797,10.143679
test,A5,26.551,12.807598
test,A5,26.291,13.88277
test,A5,26.427,13.640318
test,A5,26.334,11.98565
test,A5,26.057,12.910282
test,A5,25.908,17.073757
test,A5,25.839,16.470818
test,A5,25.876,11.475951
test,A5,26.04016,12.924812
test,A5,26.031158,14.268384
test,A5,25.996,12.450569
test,A5,25.926,13.777742
test,A5,25.626,12.654104
test,A5,25.659,11.484806
test,A5,25.893,13.538998
test,A5,26.081,14.6830015
test,A5,26.29962,16.251167
test,A5,26.62962,12.431181
test,A5,26.592,11.959348
test,A5,25.804,13.021807
test,A5,25.192719,10.823987
test,A5,25.209263,11.156561
test,A5,24.828545,11.480647
test,A5,23.575,9.449884
test,A5,22.454,10.961383
test,A5,22.776,11.052622
test,A5,23.592,11.632692
test,A5,24.443,11.2192135
test,A5,25.634,8.538467
test,A5,26.733,10.986488
test,A5,27.552,12.217199
test,A5,27.117,11.603755
test,A5,26.475603,11.104863
test,A5,26.056604,11.590535
test,A5,25.378218,11.706786
test,A5,24.808218,11.90008
test,A5,24.136,13.460828
test,A5,23.705,13.422983
test,A5,23.742,11.458208
test,A5,24.295,11.888855
test,A5,25.018974,14.298693
test,A5,25.243975,12.766821
test,A5,25.08599,10.432138
test,A5,24.93399,10.891169
test,A5,24.865,10.442923
test,A5,24.557,9.286457
test,A5,23.201,8.872519
test,A5,22.708,9.580977
test,A5,24.294,10.016472
test,A5,25.589,7.881134
test,A5,26.031,11.044249
test,A5,25.754,13.0857525
test,A5,25.103,12.167263
test,A5,24.549,10.30525
test,A5,23.669407,11.093565
test,A5,23.658405,9.583214
test,A5,24.515,10.9190445
test,A5,24.572,13.790407
test,A5,24.546,12.068938
test,A5,24.863,8.897209
test,A5,25.037,9.03031
test,A5,24.733,10.584591
test,A5,24.04997,11.9590435
test,A5,23.798971,12.251729
test,A5,24.069153,11.17225
test,A5,24.375153,15.468012
test,A5,24.312,16.445574
test,A5,23.909,13.866602
test,A5,24.041,11.678942
test,A5,24.557,11.140934
test,A5,25.13,13.021481
test,A5,25.304,13.964784
test,A5,25.357004,11.516008
test,A5,25.698006,12.047123
test,A5,25.862,12.181795
test,A5,25.941,10.139304
test,A5,25.686,9.747379
test,A5,25.463,9.009915
test,A5,25.561,8.751692
test,A5,25.722,10.054954
test,A5,25.613,10.596037
test,A5,25.594,10.425447
test,A5,25.79,11.652557
test,A5,25.795,12.049599
test,A5,25.825,12.578583
test,A5,25.88,14.455961
test,A5,25.936,16.023401
test,A5,25.9,11.645984
test,A5,25.79,10.510603
test,A5,25.589,11.026934
test,A5,25.189,10.357975
test,A5,24.896,12.507333
test,A5,25.027,10.4765415
test,A5,25.444,9.364795
test,A5,25.798227,11.245316
test,A5,26.134336,11.36121
test,A5,26.16511,12.753776
test,A5,25.897,12.7994175
test,A5,25.871,12.125396
test,A5,25.87,10.429073
test,A5,25.79,12.442241
test,A5,25.933,16.216808
test,A5,26.176277,15.361177
test,A5,26.162277,12.354254
test,A5,26.262674,10.3229885
test,A5,26.402676,11.036587
test,A5,26.958,14.575398
test,A5,27.827,13.799429
test,A5,28.129,10.582272
test,A5,28.241,11.914001
test,A5,27.188679,11.331316
test,A5,25.969679,11.314368
test,A5,26.343,11.664568
test,A5,26.886,13.086765
test,A5,25.514,11.607817
test,A5,23.509,9.66605
test,A5,22.866,11.499614
test,A5,23.353,11.346814
test,A5,24.139,11.780045
test,A5,24.738,14.151075
test,A5,25.04339,12.43593
test,A5,25.453796,13.813392
test,A5,26.577406,14.222399
test,A5,28.046,13.61752
test,A5,28.492,17.825733
test,A5,27.544,13.002745
test,A5,26.531,11.513592
test,A5,26.297,14.420452
test,A5,26.406,17.31615
test,A5,26.119,20.683125
test,A5,25.933,18.736094
test,A5,26.012995,16.350517
test,A5,26.047995,14.2691
test,A5,26.035,14.623714
test,A5,25.952,13.605067
test,A5,26.051,13.077387
test,A5,26.057,13.824995
test,A5,25.353,14.415772
test,A5,24.235,13.219024
test,A5,23.59,10.382866
test,A5,24.29,13.240206
test,A5,25.30405,12.817034
test,A5,25.54605,11.844147
test,A5,25.659,15.109238
test,A5,25.708,16.759735
test,A5,25.822,14.0961895
test,A5,26.071,10.579618
test,A5,26.016,11.657224
test,A5,25.771,12.54641
test,A5,25.764,13.219727
test,A5,25.843,12.453312
test,A5,25.744,11.597354
test,A5,26.032,11.112695
test,A5,26.177,11.500364
test,A5,25.168,11.761814
test,A5,24.938,11.134596
test,A5,26.003,9.998166
test,A5,26.435,13.183382
test,A5,26.279,13.437293
test,A5,25.878,13.8924465
test,A5,25.509,15.022806
test,A5,25.678,15.542099
test,A5,26.072886,12.914949
test,A5,26.049885,11.062378
test,A5,25.368,12.977983
test,A5,24.247,13.031874
test,A5,23.389,11.036842
test,A5,24.013,13.385931
test,A5,25.732,14.57505
test,A5,27.399,13.216543
test,A5,27.325941,15.371101
test,A5,26.335941,14.138924
test,A5,25.916307,11.5714
test,A5,25.424633,10.49642
test,A5,25.489326,11.098865
test,A5,25.718,10.947946
test,A5,25.912,12.202442
test,A5,26.177,12.81093
test,A5,26.216,15.581112
test,A5,26.077,16.225836
test,A5,25.967,12.81134
test,A5,25.88,11.231075
test,A5,25.787233,11.995153
test,A5,25.580372,14.514512
test,A5,25.374138,13.466411
test,A5,25.757,11.940022
test,A5,25.61,12.341859
test,A5,24.937,12.266481
test,A5,25.102,13.115026
test,A5,25.386,12.521963
test,A5,25.644,12.171821
test,A5,25.691,13.748729
test,A5,25.386,12.896023
test,A5,25.605,13.9520035
test,A5,25.521,14.471065
test,A5,24.945,11.485216
test,A5,25.031,12.641653
test,A5,25.512604,11.504445
test,A5,26.128605,10.835684
test,A5,26.387,14.620127
test,A5,26.374,16.694897
test,A5,26.54,15.035528
test,A5,26.591,15.411692
test,A5,26.56,13.856157
test,A5,26.221,10.470783
test,A5,26.061,10.814646
test,A5,25.994,14.0750065
test,A5,25.788,14.267162
test,A5,25.786,13.644182
test,A5,25.803,11.868233
test,A5,25.794,9.625889
test,A5,25.934,13.225857
test,A5,26.256,15.3769
test,A5,26.509,11.669014
test,A5,26.498,9.544593
test,A5,26.703,9.186901
test,A5,27.085,12.200626
test,A5,27.368,16.304314
test,A5,26.88,15.295981
test,A5,26.182,13.260361
test,A5,26.302,13.359858
test,A5,26.376,15.009884
test,A5,26.043,20.780449
test,A5,25.497,19.195763
test,A5,25.175,13.230902
test,A5,25.126,12.845604
test,A5,25.093,12.180822
test,A5,25.178,11.767616
test,A5,25.481,11.486684
test,A5,25.424,11.821938
test,A5,24.824,12.418927
test,A5,24.00154,14.043295
test,A5,23.90454,15.218796
test,A5,24.122,9.926388
test,A5,24.08,10.881898
test,A5,24.16,11.497849
test,A5,24.029,11.363726
test,A5,24.216,10.3501425
test,A5,24.566,8.1997175
test,A5,24.931,9.007297
test,A5,25.371,11.161041
test,A5,25.513004,18.360008
test,A5,25.527004,15.268868
test,A5,25.614,9.634043
test,A5,25.56589,11.682245
test,A5,25.34789,14.161954
test,A5,25.199,14.1784525
test,A5,25.308,14.2818365
test,A5,25.456,15.0909195
test,A5,25.481,13.128969
test,A5,25.131,12.239665
test,A5,24.327,10.344281
test,A5,24.286,8.598508
test,A5,24.641,11.328466
test,A5,25.156,12.335122
test,A5,26.267,11.55513
test,A5,27.209,10.659685
test,A5,27.93912,10.185934
test,A5,27.660118,9.758051
test,A5,27.196,9.958298
test,A5,26.643639,13.09762
test,A5,25.428638,11.808943
test,A5,25.191,13.139723
test,A5,25.97,13.450039
test,A5,25.957,12.190066
test,A5,25.781,12.008947
test,A5,26.17,12.414253
test,A5,25.784,14.909697
test,A5,25.501,16.376272
test,A5,25.767,16.95786
test,A5,25.856,19.308277
test,A5,25.861,15.641493
test,A5,25.86,13.322849
test,A5,25.835,15.271872
test,A5,25.814,13.328481
test,A5,25.828,11.836754
test,A5,25.842,15.315954
test,A5,25.55001,13.022157
test,A5,25.35201,9.722937
test,A5,25.626,11.149664
test,A5,26.116,13.558645
test,A5,26.387,14.9187975
test,A5,26.275,14.985032
test,A5,25.597,13.27095
test,A5,25.134,13.272787
test,A5,25.111,14.058537
test,A5,24.896,11.045245
test,A5,25.024,9.866188
test,A5,25.172,11.887847
test,A5,24.955,11.729271
test,A5,24.488,10.563833
test,A5,24.45,10.755159
test,A5,25.183,13.016155
test,A5,25.705,13.066199
test,A5,25.595,12.289184
test,A5,25.163,13.52449
test,A5,24.593,13.66694
test,A5,24.717,12.754828
test,A5,24.584,15.900278
test,A5,24.591,18.057354
test,A5,25.05,13.373212
test,A5,25.775,15.169239
test,A5,27.297,14.980941
test,A5,27.866,13.827112
test,A5,27.856,16.306126
test,A5,27.716,22.019974
test,A5,27.323,23.247452
test,A5,27.139673,20.746517
test,A5,27.534674,19.612728
test,A5,28.482698,14.242699
test,A5,28.626968,14.688004
test,A5,27.79327,16.301949
test,A5,27.638,14.147337
test,A5,26.833,15.436559
test,A5,25.652,15.585527
test,A5,25.346,13.009081
test,A5,25.471,12.795235
test,A5,26.202,15.233116
test,A5,26.116966,19.427736
test,A5,25.717966,16.398268
test,A5,25.974,13.088657
test,A5,26.237,12.117783
test,A5,26.56848,13.534571
test,A5,26.37248,16.94431
test,A5,25.867,14.2942915
test,A5,25.906,17.051373
test,A5,25.663,17.290554
test,A5,25.442,15.824998
test,A5,25.288,16.589952
test,A5,25.129658,18.109612
test,A5,24.723658,18.455158
test,A5,24.347,15.166432
test,A5,24.944,13.461128
test,A5,25.373,16.069548
test,A5,24.655,18.733047
test,A5,24.642,13.087477
test,A5,25.433,12.360232
test,A5,25.665,16.010813
test,A5,25.988,16.830719
test,A5,26.337,15.624859
test,A5,26.329,13.543656
test,A5,25.889,16.598484
test,A5,25.301,18.530378
test,A5,25.186,15.677404
test,A5,25.469,11.7998085
test,A5,25.689213,12.504116
test,A5,25.937212,14.732902
test,A5,25.802748,13.496481
test,A5,25.293747,12.76441
test,A5,24.782,11.173512
test,A5,24.24,10.483779
test,A5,23.73,10.241936
test,A5,23.259,10.365784
test,A5,22.214,10.633014
test,A5,20.942,11.379747
test,A5,20.229,13.782677
test,A5,19.585,13.241409
test,A5,18.813,10.80444
test,A5,18.256,10.522217
test,A5,17.926,11.948438
test,A5,16.757,11.981827
test,A5,15.422,10.633318
test,A5,15.043,9.671917
test,A5,14.79,10.742347
test,A5,14.494,10.832519
test,A5,14.261,9.772322
test,A5,13.66,9.852011
test,A5,12.412,9.633749
test,A5,11.157,11.382604
test,A5,10.239,13.182793
test,A5,9.444,12.180326
test,A5,9.186,11.617505
test,A5,8.836,11.569818
test,A5,8.222,11.156939
test,A5,7.78,9.893499
test,A5,7.117,8.552908
test,A5,6.466,7.977774
test,A5,6.027,9.94961
test,A5,5.305,10.031993
test,A5,4.264,8.703374
test,A5,3.78,9.353491
test,A5,3.467,9.02018
test,A5,1.8678317,8.19252
test,A5,0.4458317,7.604061
test,A5,0.31,8.058624
test,A5,0.279,9.368673
test,A5,0.124,9.245975
test,A5,0.031,9.18833
test,A5,0.27,9.617838
test,A5,0.728,8.320096
test,A5,0.699,7.638963
test,A5,0.927,8.097973
test,A5,2.501,9.59586
test,A5,4.010371,11.662837
test,A5,4.9943714,11.626492
test,A5,5.643,9.565551
test,A5,5.628,10.056383
test,A5,5.374,11.039614
test,A5,5.037,8.195477
test,A5,4.698,9.40707
test,A5,4.483,10.216764
test,A5,4.386,9.732878
test,A5,4.434,9.313063
test,A5,4.39,9.898287
test,A5,4.106,9.617878
test,A5,3.929,8.139313
test,A5,3.922995,8.656143
test,A5,3.913995,8.875038
test,A5,3.913,8.230633
test,A5,3.928,9.782756
test,A5,3.912,11.635415
test,A5,3.795,9.625395
test,A5,3.783,9.039279
test,A5,3.786,11.505057
test,A5,3.62,10.993871
test,A5,3.381,8.892445
test,A5,3.26,9.638773
test,A5,3.452,11.689155
test,A5,3.672,10.192624
test,A5,3.779,7.877933
test,A5,4.066,7.9089875
test,A5,4.1826186,7.9355364
test,A5,3.7736187,8.359017
test,A5,3.538,8.964682
test,A5,3.5780792,8.95486
test,A5,3.5760791,9.574036
test,A5,3.357,10.051432
test,A5,2.977,8.110431
test,A5,2.782,8.181986
test,A5,2.768,24.59652
test,A5,2.786,24.727161
test,A5,2.887,10.151821
test,A5,2.893,9.924414
test,A5,3.066,10.370828
test,A5,3.556,9.715615
test,A5,3.952,9.431805
test,A5,4.142,9.730946
test,A5,4.034,9.003027
test,A5,3.88,7.8309445
test,A5,3.862,9.319948
test,A5,3.994,9.882456
test,A5,4.189,9.078341
test,A5,4.2450743,9.08213
test,A5,4.1830745,9.583793
test,A5,4.244,10.07498
test,A5,4.165,10.223465
test,A5,4.033,9.653196
test,A5,4.048,8.748316
test,A5,3.931,8.3065815
test,A5,3.735,10.280125
test,A5,3.708297,10.718604
test,A5,3.595297,8.780564
test,A5,3.629,8.965394
test,A5,3.887,9.492863
test,A5,4.135,8.862623
test,A5,4.551703,8.126819
test,A5,5.135703,7.9154825
test,A5,6.125,8.486303
test,A5,7.047,9.214926
test,A5,7.509,8.283535
test,A5,7.751,9.203463
test,A5,7.938,12.515197
test,A5,8.41,12.275414
test,A5,8.986,10.014987
test,A5,8.984,8.439194
test,A5,8.74,8.792265
test,A5,9.039,10.827736
test,A5,10.117,11.692446
test,A5,10.962,12.11624
test,A5,11.144,11.316055
test,A5,11.324,9.532103
test,A5,11.519,8.994108
test,A5,11.59402,9.471145
test,A5,11.60502,9.47008
test,A5,11.694,12.140762
test,A5,11.863,10.994394
test,A5,12.106,8.526296
test,A5,12.239,11.670729
test,A5,12.276,13.4548645
test,A5,12.282,11.743691
test,A5,12.293,10.474475
test,A5,12.278,11.129788
test,A5,12.162,10.809759
test,A5,12.150935,10.729768
test,A5,12.255936,11.394997
test,A5,12.306,10.394672
test,A5,12.143074,9.631359
test,A5,12.034074,10.399213
test,A5,12.002,10.249345
test,A5,11.877,10.078436
test,A5,11.837,9.204972
test,A5,11.894,9.733388
test,A5,11.957153,10.92963
test,A5,12.0731535,10.855616
test,A5,12.072,9.644777
test,A5,11.931,10.720251
test,A5,11.887,11.724329
test,A5,11.903,13.512617
test,A5,12.181851,13.065838
test,A5,12.571852,10.363129
test,A5,12.771094,10.838651
test,A5,12.966094,11.521877
test,A5,13.303,10.167772
test,A5,13.517,9.687208
test,A5,13.523,11.453217
test,A5,13.498,13.334473
test,A5,13.416,14.328094
test,A5,13.398,12.600594
test,A5,13.601,12.19504
test,A5,13.814,12.0353775
test,A5,13.818139,13.237832
test,A5,13.685139,13.532686
test,A5,13.736,12.199523
test,A5,14.037,11.982618
test,A5,14.082,13.722606
test,A5,14.033,12.0850315
test,A5,14.232,9.777698
test,A5,14.393,13.368263
test,A5,14.699163,13.479961
test,A5,15.177163,12.289764
test,A5,15.625144,11.296814
test,A5,15.778253,9.855197
test,A5,15.750109,12.509055
test,A5,15.782,12.006843
test,A5,15.822,13.005648
test,A5,15.329,15.307529
test,A5,14.837,15.9682865
test,A5,15.209,14.402324
test,A5,15.612,15.314472
test,A5,15.958,15.269014
test,A5,16.309,13.273697
test,A5,16.544,12.3903055
test,A5,16.919,15.09185
test,A5,17.177135,14.838844
test,A5,17.237135,13.33924
test,A5,17.149,15.752145
test,A5,17.376,15.140497
test,A5,17.925,11.8298855
test,A5,17.998,14.7249
test,A5,17.967,16.184711
test,A5,18.289694,14.929771
test,A5,18.308693,16.068655
test,A5,18.271475,15.099388
test,A5,18.912476,12.034033
test,A5,19.434,15.587708
test,A5,19.305,14.972053
test,A5,18.965,11.607232
test,A5,19.111,13.990723
test,A5,19.816887,16.247717
test,A5,20.242886,16.529287
test,A5,20.08,12.933559
test,A5,20.606,11.062355
test,A5,21.442,14.091295
test,A5,21.953,15.036903
test,A5,22.413118,13.454115
test,A5,21.986149,14.1228485
test,A5,22.46403,11.669198
test,A5,24.227673,10.285147
test,A5,24.697495,13.153559
test,A5,24.258821,15.783124
test,A5,24.131,15.436246
test,A5,24.006,12.726834
test,A5,23.489,14.010455
test,A5,23.195,18.969593
test,A5,23.213,17.42506
test,A5,22.486,13.800857
test,A5,21.09,11.778175
test,A5,20.862,12.895717
test,A5,22.126,16.96877
test,A5,23.21,14.590592
test,A5,23.436,13.5546465
test,A5,23.411,12.875375
test,A5,23.814,11.598041
test,A5,25.145,15.7804985
test,A5,26.055,17.073494
test,A5,26.418,11.880714
test,A5,27.096,10.538599
test,A5,27.173054,14.893854
test,A5,27.149054,15.038846
test,A5,27.424,12.064666
test,A5,27.055,11.324627
test,A5,26.536,9.258918
test,A5,26.352,11.79114
test,A5,25.854925,12.248613
test,A5,25.443926,11.277191
test,A5,24.803,14.313862
test,A5,24.897436,15.238206
test,A5,25.993484,15.885568
test,A5,26.41664,16.343075
test,A5,25.994589,12.198736
test,A5,25.517,13.012662
test,A5,25.686,14.281045
test,A5,25.665,13.856189
test,A5,25.611,13.743843
test,A5,25.756,12.684796
test,A5,25.651,13.063215
test,A5,25.882,15.217169
test,A5,25.887281,13.11071
test,A5,25.482283,14.3689995
test,A5,25.429,13.193625
test,A5,24.894678,11.48368
test,A5,23.802618,12.551927
test,A5,22.63494,11.835346
test,A5,22.359564,12.362734
test,A5,24.089565,15.89925
test,A5,25.507,15.797445
test,A5,25.881,12.054036
test,A5,26.404,11.482773
test,A5,26.867,12.955097
test,A5,27.173,13.540341
test,A5,27.423,12.855924
test,A5,27.94,11.437707
test,A5,28.241,14.616475
test,A5,27.211,11.580698
test,A5,26.262,11.585535
test,A5,26.145,12.3277025
test,A5,25.775,12.605711
test,A5,25.333,13.211633
test,A5,25.382996,11.6126175
test,A5,25.591995,10.979889
test,A5,25.489,10.470833
test,A5,25.468,11.032981
test,A5,25.541,11.360961
test,A5,25.402,11.773651
test,A5,25.095,12.080038
test,A5,24.84998,12.60104
test,A5,24.83198,10.4049425
test,A5,25.255,7.952659
test,A5,25.668,8.848551
test,A5,25.841,7.6103263
test,A5,26.047,8.9915495
test,A5,26.255,13.502209
test,A5,26.456,13.668037
test,A5,26.665,9.585436
test,A5,26.855,10.900795
test,A5,26.943,14.747099
test,A5,27.197,10.177145
test,A5,27.439,12.210097
test,A5,27.329,11.752575
test,A5,26.902,8.834295
test,A5,26.534866,9.811018
test,A5,26.467867,10.663664
test,A5,26.779,11.5846615
test,A5,26.786,10.695305
test,A5,26.524,10.896753
test,A5,26.542,10.11125
test,A5,26.313,7.7043242
test,A5,25.97,7.3580794
test,A5,25.838,8.75013
test,A5,25.846,11.092114
test,A5,25.688,20.526918
test,A5,25.389912,21.66544
test,A5,25.186836,10.125561
test,A5,25.246925,8.097817
test,A5,25.605,11.099268
test,A5,25.901014,12.124327
test,A5,26.014015,9.155518
test,A5,26.258,9.8486
test,A5,26.448,10.536479
test,A5,26.386,10.604204
test,A5,26.05066,13.444838
test,A5,25.455658,14.311235
test,A5,25.053,12.450487
test,A5,25.512777,12.421548
test,A5,26.320778,12.195333
test,A5,26.714,9.372808
test,A5,25.712,10.852322
test,A5,24.107,14.703609
test,A5,24.367,12.335106
test,A5,25.814,12.081693
test,A5,26.65407,12.177087
test,A5,26.747068,10.465482
test,A5,26.351,10.5837345
test,A5,26.122,12.366244
test,A5,26.202,12.465265
test,A5,26.085,10.764961
test,A5,26.109,11.996137
test,A5,26.341,14.8571205
test,A5,26.61,12.869566
test,A5,26.82,9.614651
test,A5,26.96807,12.100322
test,A5,27.115068,12.630033
test,A5,27.272,11.313118
test,A5,27.347,11.642984
test,A5,27.397055,10.977433
test,A5,27.500055,9.885187
test,A5,27.588,9.206662
test,A5,27.682,12.035105
test,A5,27.507,12.601627
test,A5,27.003307,12.0481615
test,A5,26.625307,14.012513
test,A5,26.636,13.0802
test,A5,26.87,11.358988
test,A5,27.01595,11.663849
test,A5,26.90395,11.283303
test,A5,26.708,13.662527
test,A5,27.102,15.855756
test,A5,27.642,9.984798
test,A5,27.861,8.697643
test,A5,27.906149,13.208626
test,A5,27.936148,20.2006
test,A5,28.016,18.693523
test,A5,27.836628,12.01123
test,A5,27.428627,12.503897
test,A5,27.096,12.974334
test,A5,26.883,11.236438
test,A5,26.704,11.8520775
test,A5,26.586,12.21036
test,A5,26.625,12.777899
test,A5,26.67196,13.676474
test,A5,26.61996,16.008022
test,A5,26.626,13.908861
test,A5,26.68,14.864466
test,A5,26.82197,15.248246
test,A5,26.94097,13.190284
test,A5,27.09,11.508347
test,A5,27.199,12.779572
test,A5,27.25,13.850414
test,A5,27.316,10.842524
test,A5,27.348,13.532345
test,A5,27.401,19.886475
test,A5,27.479912,15.8885355
test,A5,27.44091,10.23387
test,A5,27.36,13.107435
test,A5,27.336,12.828422
test,A5,27.338,12.923168
test,A5,27.46,12.03474
test,A5,27.722,10.140975
test,A5,28.006,11.622098
test,A5,28.178886,13.810528
test,A5,28.322886,10.896835
test,A5,28.457,12.979525
test,A5,28.535,13.326525
test,A5,28.45,13.247725
test,A5,28.242,16.66347
test,A5,28.111,17.245499
test,A5,28.041843,14.009277
test,A5,28.059843,9.039674
test,A5,27.984,11.312368
test,A5,27.828,13.208457
test,A5,27.775,11.146681
test,A5,27.738,12.565519
test,A5,27.655,11.573374
test,A5,27.588,11.30813
test,A5,27.544,10.038135
test,A5,27.458,7.9774156
test,A5,27.372,10.498051
test,A5,27.416,14.657207
test,A5,27.594,15.793412
test,A5,27.753056,13.190708
test,A5,27.857056,11.210951
test,A5,27.904,12.9972725
test,A5,27.895,15.993883
test,A5,27.878965,13.562827
test,A5,27.908964,10.828813
test,A5,27.967,15.102357
test,A5,27.954,13.82317
test,A5,27.867064,10.697356
test,A5,27.889065,11.964401
test,A5,28.049,10.367126
test,A5,28.135,10.119498
test,A5,28.103,11.361004
test,A5,28.199781,11.707575
test,A5,28.496782,13.239925
test,A5,28.605,12.776491
test,A5,28.435,11.692133
test,A5,28.403,12.17268
test,A5,28.397,11.332131
test,A5,28.222,9.529237
test,A5,28.106,9.5201025
test,A5,27.98,9.894578
test,A5,27.874,10.500311
test,A5,27.981,12.135338
test,A5,28.232,11.161738
test,A5,28.435,9.57292
test,A5,28.517115,11.265416
test,A5,28.531115,12.600517
test,A5,28.08,13.236166
test,A5,27.413,11.176794
test,A5,27.199,9.666994
test,A5,27.016,10.555418
test,A5,26.603,12.856888
test,A5,26.143,13.881998
test,A5,25.805,12.182393
test,A5,25.564,13.972591
test,A5,25.401,13.001771
test,A5,25.354,11.9148655
test,A5,25.049,10.445028
test,A5,24.583,11.076305
test,A5,24.279,13.503767
test,A5,23.983,13.183997
test,A5,23.62383,14.96007
test,A5,23.280832,14.326574
test,A5,22.974,13.997584
test,A5,22.604,12.498064
test,A5,22.197,11.392752
test,A5,21.876,11.900707
test,A5,21.525,12.563264
test,A5,21.129,14.752835
test,A5,20.601,14.838886
test,A5,19.939,11.603704
test,A5,19.561,11.997692
test,A5,19.364826,11.502137
test,A5,19.032827,12.026587
test,A5,18.579,11.457607
test,A5,18.102,9.79443
test,A5,17.295,11.126322
test,A5,15.928,9.764877
test,A5,14.7,9.523674
test,A5,13.961,12.504452
test,A5,13.470708,13.747673
test,A5,13.003708,11.919032
test,A5,12.485,11.958868
test,A5,11.587,12.812079
test,A5,10.239,11.005386
test,A5,9.110515,11.531975
test,A5,8.128515,12.477483
test,A5,6.948,11.453625
test,A5,5.985,9.751556
test,A5,5.432,10.237244
test,A5,4.938,10.242842
test,A5,4.331,8.898684
test,A5,3.657,9.2811365
test,A5,2.716,8.737792
test,A5,1.908,8.48113
test,A5,0.877,8.858295
test,A5,0.14485644,8.3377285
test,A5,0.11585644,8.638472
test,A5,0.0,8.534992
test,A5,0.0,8.033824
test,A5,0.0,8.886417
test,A5,0.0,9.7251625
test,A5,0.209,8.969328
test,A5,1.342,8.736772
test,A5,2.636,8.946299
test,A5,3.103,10.005404
test,A5,3.343,10.753759
test,A5,3.716,10.391333
test,A5,4.201,9.8174305
test,A5,4.532,9.108442
test,A5,4.522,8.270607
test,A5,4.302,8.393264
test,A5,3.938,9.350671
test,A5,3.482,9.691204
test,A5,3.0750644,8.482313
test,A5,2.8350644,8.581839
test,A5,2.749,8.688145
test,A5,2.71,8.475004
test,A5,2.644,10.967772
test,A5,2.643,10.8374
test,A5,2.762312,9.263668
test,A5,2.902312,9.831503
test,A5,3.045,9.772315
test,A5,3.1950643,10.042228
test,A5,3.3539357,10.09783
test,A5,3.5468712,8.5529995
test,A5,3.745,7.5978007
test,A5,3.939,8.71487
test,A5,3.877,8.943255
test,A5,3.709,9.612549
test,A5,3.62,9.587246
test,A5,3.502,8.648666
test,A5,3.36,8.988125
test,A5,3.006,8.733526
test,A5,2.669,8.881705
test,A5,2.483005,8.807219
test,A5,2.403005,7.9762025
test,A5,2.479,7.9919553
test,A5,2.698,8.729593
test,A5,2.86,9.019529
test,A5,2.7688367,9.781442
test,A5,2.5278366,8.966485
test,A5,2.3710248,8.274832
test,A5,2.3030248,8.681184
test,A5,2.122,8.482294
test,A5,1.876965,8.266923
test,A5,1.752965,8.222269
test,A5,1.81,9.8210125
test,A5,1.961,11.23558
test,A5,2.222,10.816376
test,A5,2.46,9.689011
test,A5,2.506,8.586395
test,A5,2.5339603,8.408865
test,A5,2.4909604,7.873
test,A5,2.207,8.099919
test,A5,1.999,8.139746
test,A5,1.837,8.617938
test,A5,1.366,9.235909
test,A5,1.05,8.318227
test,A5,1.05,8.660095
test,A5,1.05,9.057227
test,A5,1.05,9.125368
test,A5,1.05,8.31821
test,A5,0.945,7.9948583
test,A5,0.42,8.373394
test,A5,0.0,7.917183
test,A5,0.0,8.220608
test,A5,0.0,8.758821
test,A5,0.0,8.479256
test,A5,0.0,8.494245
test,A5,0.0,8.965431
test,A5,0.0,7.9863796
test,A5,0.0,7.421623
test,A5,0.136,7.5130734
test,A5,0.839,9.688406
test,A5,1.499005,10.084884
test,A5,1.625005,8.146895
test,A5,1.784,7.708768
test,A5,1.969,10.8401
test,A5,2.1547475,11.90273
test,A5,2.5577476,10.74423
test,A5,3.203,9.708232
test,A5,3.966,9.633753
test,A5,4.691,9.320277
test,A5,5.216,9.252828
test,A5,5.347,9.229005
test,A5,5.182,9.251888
test,A5,5.023,9.212933
test,A5,4.883075,9.727696
test,A5,4.728075,10.452631
test,A5,4.601,10.98513
test,A5,4.495,11.114489
test,A5,4.363,10.760037
test,A5,4.32799,10.379096
test,A5,4.39899,10.096229
test,A5,4.523,9.756119
test,A5,4.822,8.810501
test,A5,5.401,8.88134
test,A5,6.121,8.81612
test,A5,6.646,11.358866
test,A5,6.922,10.944731
test,A5,7.066,10.24063
test,A5,7.124,9.717749
test,A5,7.077,9.182023
test,A5,6.962,8.7810135
test,A5,6.851,10.372682
test,A5,6.732,11.137254
test,A5,6.485,12.204631
test,A5,6.137,11.284397
test,A5,5.913,9.4192
test,A5,5.754,9.326277
test,A5,5.62,9.978245
test,A5,5.585,10.053421
test,A5,5.601,8.798395
test,A5,5.569,8.88359
test,A5,5.499,9.095123
test,A5,5.468,9.017197
test,A5,5.456,10.341149
test,A5,5.553,10.813408
test,A5,5.6829257,9.960943
test,A5,5.6919255,10.409806
test,A5,5.834,10.2771845
test,A5,6.201,10.033012
test,A5,6.516,12.8115225
test,A5,6.663,12.041721
test,A5,6.763,9.657888
test,A5,6.769,10.453637
test,A5,6.661,11.404261
test,A5,6.637,9.952805
test,A5,6.535,8.346565
test,A5,6.165,8.419113
test,A5,5.753,8.941635
test,A5,5.53,9.649272
test,A5,5.435,9.065561
test,A5,5.248,10.429115
test,A5,5.039,10.293924
test,A5,4.933,9.8406515
test,A5,4.847,10.953348
test,A5,4.889,10.849927
test,A5,5.072,11.863926
test,A5,5.273,10.964144
test,A5,5.3149753,9.660281
test,A5,5.307109,9.701153
test,A5,5.4861336,10.114573
test,A5,5.733,10.155627
test,A5,5.921,9.043717
test,A5,6.011,10.260297
test,A5,6.131,13.123254
test,A5,6.222,11.596457
test,A5,6.341,10.236313
test,A5,6.365,10.728968
test,A5,6.311,10.218633
test,A5,6.436,10.079955
test,A5,6.504,9.145302
test,A5,6.406,9.143932
test,A5,6.253015,9.90367
test,A5,6.177015,9.938366
test,A5,6.1349754,8.976259
test,A5,6.1159754,10.543938
test,A5,6.2360497,10.001616
test,A5,6.4100494,9.195625
test,A5,6.5258813,10.025946
test,A5,6.585881,10.086836
test,A5,7.029,11.947775
test,A5,7.628,12.066378
test,A5,7.786089,11.33913
test,A5,7.754089,12.020512
test,A5,7.89,12.525295
test,A5,8.05,12.823267
test,A5,8.039,11.496531
test,A5,7.974,12.123157
test,A5,7.875,12.835194
test,A5,7.799,10.35709
test,A5,7.713,10.022104
test,A5,7.563,11.833403
test,A5,7.255,10.55984
test,A5,7.009,10.04739
test,A5,6.944,9.19557
test,A5,6.712,9.414711
test,A5,6.399,8.909667
test,A5,6.2,9.554857
test,A5,6.022,10.439255
test,A5,5.864,9.785135
test,A5,5.824,9.289025
test,A5,5.714,10.108721
test,A5,5.523,10.932019
test,A5,5.504,11.748116
test,A5,5.572,10.091899
test,A5,5.743,9.549223
test,A5,5.908906,9.717908
test,A5,5.928906,8.640694
test,A5,6.192,9.407793
test,A5,6.58,10.618954
test,A5,6.825,11.102016
test,A5,7.28,11.37389
test,A5,7.785,12.695026
test,A5,7.947,11.51899
test,A5,7.8261585,10.01763
test,A5,7.5461583,9.665911
test,A5,7.116,9.641117
test,A5,6.645,9.123127
test,A5,6.186,8.377868
test,A5,5.825911,9.111676
test,A5,5.614911,9.74011
test,A5,5.45,19.04479
test,A5,5.333,18.467367
test,A5,5.25,8.923446
test,A5,5.164,8.368092
test,A5,4.996,8.820639
test,A5,4.625,9.291008
test,A5,4.066,8.488063
test,A5,3.609,8.588831
test,A5,3.327,8.742453
test,A5,3.163,8.035409
test,A5,3.104,8.50878
test,A5,3.058,9.8320465
test,A5,3.051,9.989687
test,A5,3.068,10.2661
test,A5,3.1767871,9.27716
test,A5,3.523787,7.7976007
test,A5,4.123,8.59215
test,A5,4.664,9.393642
test,A5,4.876,9.619778
test,A5,4.949,8.715763
test,A5,4.965,7.603241
test,A5,4.863,8.472725
test,A5,4.766,9.251072
test,A5,4.707901,8.614466
test,A5,4.594901,8.787411
test,A5,4.482,9.542685
test,A5,4.41,9.272821
test,A5,4.313,8.325981
test,A5,4.2280593,9.028692
test,A5,4.1320596,10.109247
test,A5,4.01,10.455738
test,A5,3.991,10.399927
test,A5,4.102,10.01524
test,A5,4.237,9.49149
test,A5,4.376,9.444764
test,A5,4.512,9.228724
test,A5,4.573,8.887044
test,A5,4.664,9.312321
test,A5,4.835035,10.269962
test,A5,4.8780346,10.326014
test,A5,4.816,9.403621
test,A5,4.891,8.971008
test,A5,5.117,9.862352
test,A5,5.202,10.285244
test,A5,5.2241187,9.578318
test,A5,5.3701186,11.468386
test,A5,5.394,12.562225
test,A5,5.348,10.943123
test,A5,5.463,11.229282
test,A5,5.674915,12.349045
test,A5,5.873915,10.765984
test,A5,6.054,9.135054
test,A5,6.157,9.786552
test,A5,6.192985,10.665152
test,A5,6.2029853,10.12314
test,A5,6.0106087,8.634228
test,A5,5.4330196,8.579718
test,A5,4.631411,9.101987
test,A5,3.922,9.717024
test,A5,3.54,10.672681
test,A5,3.564,10.53336
test,A5,3.948,10.432169
test,A5,4.547,9.973066
test,A5,5.124,9.408177
test,A5,6.36,10.306291
test,A5,7.806,10.160951
test,A5,8.585,12.070712
test,A5,9.111,12.160555
test,A5,9.466,8.55293
test,A5,9.902986,8.92131
test,A5,10.177985,11.971331
test,A5,10.023,13.651697
test,A5,9.668,13.076009
test,A5,9.801,12.902922
test,A5,10.642505,11.929449
test,A5,11.645505,10.135956
test,A5,12.679,10.311011
test,A5,13.45,10.658841
test,A5,13.74,10.233332
test,A5,13.652,10.531237
test,A5,13.407,12.027779
test,A5,13.135,11.529842
test,A5,12.837136,11.5263195
test,A5,12.582116,12.879119
test,A5,12.540748,11.321976
test,A5,12.8327675,12.5023
test,A5,13.299,13.446221
test,A5,13.901,10.260918
test,A5,14.662,10.091259
test,A5,15.55,9.662661
test,A5,16.379164,11.329107
test,A5,16.908163,11.441469
test,A5,17.355,11.49791
test,A5,17.698,16.760147
test,A5,17.914,15.463009
test,A5,18.106,12.507107
test,A5,18.155931,13.637499
test,A5,18.051931,11.74276
test,A5,17.798,10.1630745
test,A5,17.459,12.76747
test,A5,16.952,17.724693
test,A5,16.229,15.048748
test,A5,15.48,11.965876
test,A5,14.769,13.189695
test,A5,14.145,14.186686
test,A5,13.69,13.298655
test,A5,13.476,13.658815
test,A5,13.55,13.368396
test,A5,13.815,12.94973
test,A5,14.144,13.897717
test,A5,14.494,12.93384
test,A5,14.848,11.012157
test,A5,15.088,11.575241
test,A5,15.12609,12.702526
test,A5,15.22809,13.13323
test,A5,15.61,13.029648
test,A5,15.924,13.421341
test,A5,16.088,12.726673
test,A5,16.238,10.021238
test,A5,16.405,14.4066105
test,A5,16.452,14.74662
test,A5,16.398,12.156687
test,A5,16.382,14.5993
test,A5,16.367,17.722706
test,A5,16.43,15.599713
test,A5,16.422,14.695001
test,A5,16.557734,16.447369
test,A5,17.005733,13.842658
test,A5,17.457,12.552795
test,A5,17.724,17.040483
test,A5,17.738,15.986454
test,A5,17.848,11.168459
test,A5,18.005,10.659117
test,A5,18.037,14.852337
test,A5,18.097,14.589994
test,A5,18.17,13.702789
test,A5,18.293,11.672411
test,A5,18.404049,11.297628
test,A5,18.50205,20.501915
test,A5,18.61,18.087002
test,A5,18.71,14.807264
test,A5,18.805,14.253574
test,A5,18.86,11.7014
test,A5,18.847,12.329823
test,A5,18.885,10.311393
test,A5,18.918,9.968286
test,A5,18.869095,10.657473
test,A5,18.763094,10.030502
test,A5,18.692099,11.016491
test,A5,18.7911,12.814176
test,A5,18.934,11.604083
test,A5,19.012,11.034509
test,A5,19.004,11.539066
test,A5,18.924,11.957065
test,A5,18.842,13.426817
test,A5,18.745,13.337608
test,A5,18.637,11.915026
test,A5,18.62,11.060624
test,A5,18.7,12.107063
test,A5,18.76,11.129438
test,A5,18.601,12.088774
test,A5,18.188,10.832963
test,A5,17.723,9.5017605
test,A5,17.348,9.690632
test,A5,17.009,9.324755
test,A5,16.604,10.850722
test,A5,15.907,12.172823
test,A5,14.79,9.47703
test,A5,13.47,11.360556
test,A5,12.259,10.648957
test,A5,11.443,10.619215
test,A5,10.801,10.344677
test,A5,10.248,8.975353
test,A5,9.765,10.133913
test,A5,9.346,10.414833
test,A5,9.175,9.973759
test,A5,9.06,10.24475
test,A5,8.816,9.815518
test,A5,8.771,9.495277
test,A5,8.954,10.341997
test,A5,8.75,10.835989
test,A5,8.176,10.536585
test,A5,7.7659407,10.21439
test,A5,7.6089406,9.76449
test,A5,7.51799,9.804003
test,A5,7.5148764,9.371361
test,A5,7.664886,9.614372
test,A5,7.935,10.015078
test,A5,8.292,9.668438
test,A5,8.647,9.557512
test,A5,8.893,11.255586
test,A5,9.185921,12.09787
test,A5,9.469921,12.533384
test,A5,9.68,10.513475
test,A5,9.923,9.361518
test,A5,10.142,10.348606
test,A5,10.378,9.597107
test,A5,10.613,10.100875
test,A5,10.822,11.847209
test,A5,10.983,10.455349
test,A5,11.039,9.359986
test,A5,11.011,9.751686
test,A5,10.767,11.131168
test,A5,10.461,10.51333
test,A5,10.312,10.584811
test,A5,10.281,11.408346
test,A5,10.405901,11.847259
test,A5,10.602901,12.021973
test,A5,10.769,9.941998
test,A5,10.959,9.676968
test,A5,11.262,9.208871
test,A5,11.739,8.769061
test,A5,12.4305,10.75716
test,A5,13.3165,10.702958
test,A5,14.168,10.712441
test,A5,14.723,11.753715
test,A5,14.975,10.11692
test,A5,14.91,10.2991085
test,A5,14.527,9.820251
test,A5,13.8,16.213402
test,A5,12.449,20.344227
test,A5,10.365,15.262753
test,A5,8.317,9.431709
test,A5,6.988,8.981455
test,A5,6.164797,9.287797
test,A5,5.596797,9.19545
test,A5,5.03,9.554686
test,A5,4.3794217,9.331158
test,A5,3.9044216,8.619699
test,A5,3.859,7.6144376
test,A5,4.31,7.396974
test,A5,4.944,7.880679
test,A5,5.362,7.399739
test,A5,5.538,7.760857
test,A5,5.566,8.231882
test,A5,5.553,8.557865
test,A5,5.559,8.55661
test,A5,5.444,8.892508
test,A5,4.891,10.247322
test,A5,3.898,9.5751915
test,A5,2.703,7.9418635
test,A5,1.602,7.8984413
test,A5,1.072,7.3668976
test,A5,0.682,8.274025
test,A5,0.37,8.409072
test,A5,0.389,9.0559845
test,A5,0.484,9.552021
test,A5,0.678,7.8933816
test,A5,1.412,7.2260156
test,A5,2.692,8.2588825
test,A5,3.851,10.67861
test,A5,5.03,10.041493
test,A5,6.262,9.522593
test,A5,7.303,9.526781
test,A5,8.235,9.202348
test,A5,8.978,8.734165
test,A5,9.44,9.376731
test,A5,9.64,9.653147
test,A5,9.64,10.174697
test,A5,9.516,10.297094
test,A5,8.74,8.153821
test,A5,7.384,7.604095
test,A5,6.289,8.516481
test,A5,5.636,7.8355064
test,A5,5.476856,7.910072
test,A5,5.7148566,9.375614
test,A5,6.193,9.0782995
test,A5,6.765,8.354631
test,A5,7.268,10.162217
test,A5,7.784,10.472963
test,A5,8.285,9.432475
test,A5,8.685,9.090779
test,A5,8.96,9.359674
test,A5,9.103,9.994097
test,A5,9.067,10.646675
test,A5,8.815,10.117905
test,A5,8.521,9.46561
test,A5,8.221,9.635271
test,A5,7.804,9.954491
test,A5,7.414,10.149166
test,A5,7.083,10.904823
test,A5,6.773,10.019456
test,A5,6.569,10.148288
test,A5,6.373,10.071392
test,A5,6.1249557,9.960766
test,A5,5.9499555,10.532679
test,A5,5.891,10.027547
test,A5,5.923,9.189509
test,A5,6.074,9.406526
test,A5,6.255,9.998095
test,A5,6.354,11.119335
test,A5,6.330175,10.22271
test,A5,6.2251096,8.572232
test,A5,6.096935,9.051319
test,A5,5.942,10.430028
test,A5,5.686,11.512552
test,A5,5.278,10.316244
test,A5,4.968,9.938809
test,A5,4.859,10.362453
test,A5,4.737,10.399831
test,A5,4.543,12.273138
test,A5,4.348,11.533686
test,A5,4.223,10.489591
test,A5,4.145,11.879905
test,A5,4.106,12.945969
test,A5,4.115,12.670625
test,A5,4.127,11.202406
test,A5,4.077,12.530303
test,A5,3.976,10.9984455
test,A5,3.844,9.299429
test,A5,3.7839901,11.439531
test,A5,3.82099,9.663986
test,A5,3.943,7.727123
test,A5,4.143,7.7238297
test,A5,4.413,8.420117
test,A5,4.828,8.947544
test,A5,5.336,8.374822
test,A5,5.811,8.225996
test,A5,6.269203,9.167376
test,A5,6.697203,9.7445545
test,A5,6.944,10.382654
test,A5,7.16,9.803766
test,A5,7.438,9.859815
test,A5,7.618,10.112892
test,A5,7.746,9.42559
test,A5,7.815,9.44404
test,A5,7.867,10.436201
test,A5,8.061,10.176449
test,A5,8.396867,13.659588
test,A5,8.719867,13.428706
test,A5,8.77,10.016182
test,A5,8.268,9.702816
test,A5,7.682,8.944111
test,A5,7.636,10.303285
test,A5,7.74,10.443865
test,A5,7.74,13.308298
test,A5,7.7138715,13.162088
test,A5,7.5547276,9.593691
test,A5,7.2628565,9.186356
test,A5,6.895,10.002823
test,A5,6.492,9.492538
test,A5,6.031,9.449728
test,A5,5.332,9.343558
test,A5,4.4266386,9.097493
test,A5,3.6116385,8.387751
test,A5,3.026,7.9668603
test,A5,2.577,8.871153
test,A5,2.233,9.075785
test,A5,1.96,8.692522
test,A5,1.646,9.31547
test,A5,1.425,9.338228
test,A5,1.435,10.007916
test,A5,1.614,10.099722
test,A5,1.911,10.263858
test,A5,2.214,10.305258
test,A5,2.494,9.148509
test,A5,2.697,8.168647
test,A5,2.855,8.436302
test,A5,3.094,12.767681
test,A5,3.264,14.756647
test,A5,3.327,13.875233
test,A5,3.354,14.150517
test,A5,3.36,11.771283
test,A5,3.4,9.393652
test,A5,3.416,9.319049
test,A5,3.53,9.3792515
test,A5,3.772,9.689219
test,A5,3.946,10.207645
test,A5,3.949,10.594986
test,A5,3.8328862,10.095452
test,A5,3.666886,10.4212055
test,A5,3.491,10.851421
test,A5,3.3538415,11.334331
test,A5,3.1488416,11.471293
test,A5,2.9659505,12.12368
test,A5,2.8919506,13.455965
test,A5,2.916,12.078032
test,A5,2.988,11.619108
test,A5,3.0379307,14.589188
test,A5,3.1329308,14.304379
test,A5,3.245,9.251241
test,A5,3.358,9.343185
test,A5,3.547,9.429071
test,A5,3.826,9.319508
test,A5,4.05,12.576599
test,A5,4.1290493,12.748047
test,A5,4.1250496,9.843734
test,A5,4.15,8.017121
test,A5,4.316,9.063842
test,A5,4.665,9.10104
test,A5,5.0661087,8.584492
test,A5,5.337109,9.196363
test,A5,5.471105,8.672998
test,A5,5.649105,9.954552
test,A5,6.015,10.174202
test,A5,6.322,9.016482
test,A5,6.4138713,8.461716
test,A5,6.2958713,9.7888155
test,A5,6.007,9.987086
test,A5,5.617,7.864494
test,A5,5.14,7.44222
test,A5,4.73,7.6160207
test,A5,4.3466783,7.703687
test,A5,3.8296783,8.492172
test,A5,3.348,9.87002
test,A5,3.082,11.51086
test,A5,3.03,10.410416
test,A5,3.161,7.350656
test,A5,3.4160793,7.737734
test,A5,3.6560793,8.305262
test,A5,3.842,8.112582
test,A5,4.049,8.289093
test,A5,4.243,8.077141
test,A5,4.425,7.3493752
test,A5,4.597,8.488483
test,A5,4.868,10.537156
test,A5,5.176,12.631545
test,A5,5.467,11.875681
test,A5,5.779,9.968459
test,A5,5.97,8.865348
test,A5,6.013911,9.316654
test,A5,5.9178414,9.538849
test,A5,5.7669306,9.049228
test,A5,5.698,9.551866
test,A5,5.834,9.7717285
test,A5,6.04986,9.538715
test,A5,6.2557707,9.458983
test,A5,6.4889107,8.2897835
test,A5,6.683,8.9760895
test,A5,6.658916,9.548864
test,A5,6.579916,9.809174
test,A5,6.449,11.357251
test,A5,6.106,9.966181
test,A5,5.796,8.8952
test,A5,5.4,8.9563055
test,A5,4.9359107,9.303913
test,A5,4.6529107,9.386277
test,A5,4.563,9.650637
test,A5,4.681094,9.99285
test,A5,4.928094,9.897094
test,A5,5.263,10.444138
test,A5,5.669,9.697762
test,A5,6.042,9.038673
test,A5,6.429,9.870451
test,A5,6.798,10.827544
test,A5,7.0667973,9.924388
test,A5,7.333797,7.679667
test,A5,7.466,8.139248
test,A5,7.351,8.348959
test,A5,7.2840295,8.32624
test,A5,7.3230295,8.311649
test,A5,7.336,8.800693
test,A5,7.341,9.121323
test,A5,7.39,8.04613
test,A5,7.637,8.5784855
test,A5,7.9517255,9.842049
test,A5,8.196726,11.195388
test,A5,8.466,11.195908
test,A5,8.649921,10.489782
test,A5,8.763922,12.141717
test,A5,8.974,12.475594
test,A5,9.324,12.200155
test,A5,9.548,11.640543
test,A5,9.528,10.907845
test,A5,9.215,11.718346
test,A5,8.705,11.772509
test,A5,8.259,12.24936
test,A5,7.855,11.926931
test,A5,7.588,11.241396
test,A5,7.451,11.549019
test,A5,7.304,10.482388
test,A5,7.111,8.88139
test,A5,6.738,10.001258
test,A5,6.264,10.418675
test,A5,5.878,9.475979
test,A5,5.7039704,8.611803
test,A5,5.7059703,9.619982
test,A5,5.855,9.215643
test,A5,6.081,8.612669
test,A5,6.319,8.605752
test,A5,6.607,8.785206
test,A5,7.0093117,10.982697
test,A5,7.5813117,12.448477
test,A5,8.161,12.164973
test,A5,8.765614,12.432045
test,A5,9.508614,12.83246
test,A5,10.413,11.663054
test,A5,11.353,13.969591
test,A5,12.308,17.09889
test,A5,13.319,16.265444
test,A5,14.278,14.542604
test,A5,14.978,12.885964
test,A5,15.196,9.111755
test,A5,15.342,10.438794
test,A5,15.519,13.015348
test,A5,15.586,14.624943
test,A5,15.736,14.081673
test,A5,15.832,10.561316
test,A5,15.730728,10.799012
test,A5,15.283728,11.458713
test,A5,14.309,11.02928
test,A5,12.848,13.049223
test,A5,11.4,12.380629
test,A5,10.079,10.126522
test,A5,8.724872,9.227255
test,A5,7.659144,10.047293
test,A5,7.0142727,9.60639
test,A5,6.652827,9.4725895
test,A5,6.3718266,9.209711
test,A5,6.113,9.161695
test,A5,5.8691335,9.592846
test,A5,5.6251335,11.412289
test,A5,5.566,10.044216
test,A5,5.689,10.97743
test,A5,5.851,14.893969
test,A5,5.875,12.5492325
test,A5,5.915,10.111395
test,A5,6.077,9.009392
test,A5,6.101,9.541779
test,A5,6.271,11.091321
test,A5,6.838,11.001357
test,A5,7.542,9.804613
test,A5,8.209,10.168394
test,A5,8.929,10.74533
test,A5,9.719,18.69926
test,A5,10.394445,16.67211
test,A5,11.124446,9.9880905
test,A5,11.969,16.978436
test,A5,12.695,19.173824
test,A5,13.316,11.318269
test,A5,13.765,10.627821
test,A5,13.922,11.354035
test,A5,13.759,11.30158
test,A5,13.428,12.540036
test,A5,13.2108965,11.190895
test,A5,12.989896,9.175547
test,A5,12.351655,12.711241
test,A5,11.230656,15.118098
test,A5,9.993728,14.272312
test,A5,8.667727,10.183474
test,A5,7.247624,8.874395
test,A5,6.229624,11.300364
test,A5,5.722,11.387896
test,A5,5.385,9.783567
test,A5,5.07,9.080605
test,A5,4.822,10.411771
test,A5,4.689,10.331705
test,A5,4.571,9.252826
test,A5,4.397104,8.768524
test,A5,4.202104,8.776425
test,A5,4.006,9.005346
test,A5,3.984,8.020891
test,A5,4.436,7.986666
test,A5,5.173,9.333618
test,A5,5.669,9.721689
test,A5,5.857,8.602764
test,A5,5.91,8.631301
test,A5,5.883,9.579679
test,A5,5.6927576,10.388507
test,A5,5.6827574,9.57452
test,A5,5.619,8.515649
test,A5,5.379,8.919661
test,A5,5.29,10.075906
test,A5,5.193,10.812136
test,A5,5.233,9.3571415
test,A5,5.383,10.170366
test,A5,5.623,10.129719
test,A5,6.089,8.854121
test,A5,6.65,8.19679
test,A5,7.176,9.97356
test,A5,7.714,11.772078
test,A5,8.314,10.6642475
test,A5,9.059,10.772749
test,A5,9.912,14.196118
test,A5,10.783,13.576816
test,A5,11.518,12.304432
test,A5,11.867,12.404623
test,A5,11.918,12.3811245
test,A5,11.768,11.430898
test,A5,11.261,11.914642
test,A5,10.291,11.447822
test,A5,9.031,13.471426
test,A5,7.885,12.551731
test,A5,7.119,9.771551
test,A5,6.72,9.276346
test,A5,6.482,9.39699
test,A5,6.467,10.5501995
test,A5,6.765,10.96623
test,A5,7.0917845,12.902704
test,A5,7.3407845,16.346497
test,A5,7.691,13.336722
test,A5,8.215,11.45929
test,A5,8.73,12.833679
test,A5,9.331,12.532328
test,A5,10.027,14.249861
test,A5,10.704,15.977941
test,A5,11.422,13.82975
test,A5,12.019,11.870516
test,A5,12.554,15.015129
test,A5,13.031,16.70364
test,A5,13.435,12.080597
test,A5,13.868,11.055463
test,A5,14.508,13.734931
test,A5,15.439,14.59787
test,A5,16.208,14.136482
test,A5,16.386,13.908296
test,A5,16.243,12.77965
test,A5,16.239,12.073002
test,A5,16.354,14.145872
test,A5,16.411,12.747379
test,A5,16.308,9.420429
test,A5,16.2,11.435691
test,A5,16.221,13.690587
test,A5,16.357,11.934857
test,A5,16.637,13.180536
test,A5,16.995,12.637764
test,A5,17.339,10.998665
test,A5,17.61393,12.23131
test,A5,17.66789,15.078474
test,A5,17.55796,13.535582
test,A5,17.463,10.984791
test,A5,17.456,10.647284
test,A5,17.562,12.830975
test,A5,17.665,14.457149
test,A5,17.744,14.160971
test,A5,17.841,11.884497
test,A5,17.942,14.0336895
test,A5,18.025,14.095978
test,A5,18.085,10.994328
test,A5,18.05,12.026132
test,A5,17.788,12.103735
test,A5,17.285,12.159788
test,A5,17.144,13.470447
test,A5,16.737,12.629648
test,A5,16.441,12.785063
test,A5,16.518877,11.2807665
test,A5,16.175877,11.368723
test,A5,15.813,14.920696
test,A5,15.593,15.27578
test,A5,15.408,12.902449
test,A5,15.135,9.703702
test,A5,14.927,8.7173815
test,A5,14.825,10.986858
test,A5,14.879,11.917614
test,A5,14.918,12.542566
test,A5,14.835,12.213566
test,A5,14.766,11.6864395
test,A5,14.682,11.0782385
test,A5,14.448,11.07453
test,A5,14.236,11.910839
test,A5,14.005,12.735859
test,A5,13.77,12.519398
test,A5,13.72,10.35482
test,A5,13.769,10.715821
test,A5,13.811015,9.915209
test,A5,13.837015,11.596947
test,A5,13.865,13.31487
test,A5,13.957,13.25688
test,A5,14.041,12.095255
test,A5,14.233,11.097832
test,A5,14.483,11.592442
test,A5,14.764,11.6624565
test,A5,14.987,11.265221
test,A5,15.118,11.09668
test,A5,15.139,10.986096
test,A5,14.783,12.912133
test,A5,14.501911,12.494353
test,A5,14.504698,11.965999
test,A5,14.341787,12.482836
test,A5,14.028,13.375898
test,A5,13.73,11.564168
test,A5,13.516,8.956755
test,A5,13.455,10.079394
test,A5,13.364,10.263132
test,A5,12.991,10.7121315
test,A5,12.503,11.066164
test,A5,11.805,13.216257
test,A5,11.033,13.783042
test,A5,10.593,9.965549
test,A5,10.235,10.378683
test,A5,9.961,10.074938
test,A5,9.822,9.952027
test,A5,8.892,10.689354
test,A5,7.681,8.768107
test,A5,7.275,9.1016445
test,A5,7.265,10.629199
test,A5,7.4,10.769552
test,A5,7.455,11.113711
test,A5,7.413,11.825043
test,A5,7.28,9.946323
test,A5,7.07,10.170869
test,A5,6.944985,8.780805
test,A5,6.91502,10.499778
test,A5,6.875035,11.758692
test,A5,6.861,10.321082
test,A5,6.778,10.275545
test,A5,6.669,9.676412
test,A5,6.683,10.2758465
test,A5,6.799,11.94476
test,A5,7.009,12.014702
test,A5,7.148,10.721569
test,A5,7.144,9.207036
test,A5,7.053,8.864144
test,A5,6.899,9.177177
test,A5,6.603,9.295565
test,A5,6.056,9.287907
test,A5,5.597203,8.738851
test,A5,5.3212028,10.636525
test,A5,5.229,11.93886
test,A5,5.261,10.386123
test,A5,5.386,11.227959
test,A5,5.685114,12.742468
test,A5,5.929109,10.36092
test,A5,6.046995,8.318914
test,A5,6.131,9.503417
test,A5,6.087,11.676885
test,A5,5.989,10.566944
test,A5,6.039,10.009924
test,A5,5.982,9.507784
test,A5,5.836,9.093396
test,A5,5.749,9.078308
test,A5,5.53,8.619728
test,A5,5.055,9.820969
test,A5,4.6,10.163147
test,A5,4.23,9.457714
test,A5,3.923,9.512406
test,A5,3.850198,9.446543
test,A5,4.078198,9.412012
test,A5,4.496,10.061742
test,A5,4.784,10.265019
test,A5,4.89595,10.42443
test,A5,4.96095,10.112665
test,A5,4.994,12.834686
test,A5,5.134936,11.868015
test,A5,5.2329354,8.865337
test,A5,5.27,8.413961
test,A5,5.482,9.756344
test,A5,5.617,9.65279
test,A5,5.672,9.474312
test,A5,5.777,8.181414
test,A5,5.693,9.274513
test,A5,5.253,9.7508335
test,A5,4.461,9.089298
test,A5,3.632,8.713358
test,A5,3.239,8.529175
test,A5,3.12,8.962679
test,A5,2.9301288,8.994766
test,A5,2.6671288,8.977037
test,A5,2.366,10.13834
test,A5,2.149,10.726177
test,A5,2.065,11.166035
test,A5,2.118,10.478121
test,A5,2.431,9.635536
test,A5,2.936,11.267247
test,A5,3.393,10.157704
test,A5,3.683,8.777868
test,A5,4.115,8.090645
test,A5,4.690218,7.4918494
test,A5,5.1482177,7.4959965
test,A5,5.522,8.745991
test,A5,5.765,8.790867
test,A5,5.71,7.728313
test,A5,5.5750346,8.654635
test,A5,5.545035,9.976509
test,A5,5.188,10.214621
test,A5,4.397693,10.149641
test,A5,3.671693,9.804267
test,A5,3.348,9.739132
test,A5,3.31,9.269304
test,A5,3.366,10.007331
test,A5,3.457,8.785458
test,A5,3.605,8.63863
test,A5,3.755,9.775801
test,A5,3.699,8.941015
test,A5,3.675,8.783886
test,A5,3.846,9.318066
test,A5,3.884,8.929968
test,A5,3.89,8.959593
test,A5,4.027,8.787148
test,A5,4.063,8.608326
test,A5,3.915,8.588169
test,A5,3.846,8.383556
test,A5,3.8688664,9.852555
test,A5,3.7388663,10.702139
test,A5,3.529,10.031478
test,A5,3.408,9.894507
test,A5,3.328,9.918407
test,A5,3.266,10.128994
test,A5,3.141,9.398701
test,A5,2.754,8.9991
test,A5,2.2208266,9.326475
test,A5,1.8388268,9.471981
test,A5,1.734,8.438137
test,A5,1.703,8.878475
test,A5,1.569,9.361317
test,A5,1.465,8.103392
test,A5,1.481,8.112871
test,A5,1.548,9.66706
test,A5,1.546,8.77746
test,A5,1.487,7.9493937
test,A5,1.492,9.060896
test,A5,1.606,11.3941
test,A5,1.848,12.651459
test,A5,2.149,11.033606
test,A5,2.517,8.811113
test,A5,2.924,9.132013
test,A5,3.02425,9.036367
test,A5,2.72325,8.411186
test,A5,2.397,8.517017
test,A5,2.387,8.876274
test,A5,2.661,8.643724
test,A5,2.749,8.070176
test,A5,2.693,8.603375
test,A5,2.72,9.653348
test,A5,2.691,9.160721
test,A5,2.658,8.366448
test,A5,2.685,9.750763
test,A5,2.813,9.863438
test,A5,3.227,9.414097
test,A5,3.948,8.472262
test,A5,4.69,7.4972076
test,A5,5.2941384,7.5325713
test,A5,5.683139,8.122687
test,A5,5.926,9.190231
test,A5,6.059,11.868328
test,A5,6.116,12.807592
test,A5,6.218,11.244728
test,A5,6.287,10.126548
test,A5,6.255084,11.646059
test,A5,6.134084,11.624142
test,A5,5.901,9.548056
test,A5,5.566,9.11408
test,A5,5.284,8.965836
test,A5,5.048906,9.491905
test,A5,4.810906,9.540208
test,A5,4.6449256,9.337496
test,A5,4.5149503,8.492601
test,A5,4.459025,8.819189
test,A5,4.38,10.138313
test,A5,4.315,8.901068
test,A5,4.364,7.945025
test,A5,4.827,9.060799
test,A5,5.765,10.580669
test,A5,6.694,11.099567
test,A5,7.512,11.04764
test,A5,8.164,11.022432
test,A5,8.516946,12.708647
test,A5,8.553846,11.816832
test,A5,8.415901,10.488981
test,A5,8.35,9.79748
test,A5,8.278,10.951569
test,A5,8.094,10.507658
test,A5,7.804,9.5830765
test,A5,7.523,10.236541
test,A5,7.474,10.945674
test,A5,7.517,9.979556
test,A5,7.316,9.7317
test,A5,6.985,9.345381
test,A5,6.722,9.934583
test,A5,6.517,11.498112
test,A5,6.36198,11.106897
test,A5,6.27398,9.503357
test,A5,6.302,9.503556
test,A5,6.367,9.59458
test,A5,6.42,9.612406
test,A5,6.36,9.496513
test,A5,6.39,10.047879
test,A5,6.508,9.358772
test,A5,6.457195,8.849741
test,A5,6.172195,9.059427
test,A5,5.53,9.893055
test,A5,4.556,9.413821
test,A5,3.541703,8.413642
test,A5,2.837703,9.629799
test,A5,2.544,8.903015
test,A5,2.523,8.620073
test,A5,2.552,8.139891
test,A5,2.637,7.9128313
test,A5,2.68,8.925062
test,A5,2.508,8.80632
test,A5,2.145,8.065854
test,A5,1.823,7.3346562
test,A5,1.74,7.7375245
test,A5,1.769,8.05241
test,A5,1.813,8.692714
test,A5,1.854,10.13436
test,A5,1.906,9.468021
test,A5,1.995,8.854036
test,A5,2.14,9.075755
test,A5,2.346,9.114396
test,A5,2.461065,8.663447
test,A5,2.532065,8.271296
test,A5,2.669,8.572145
test,A5,2.805,8.1117525
test,A5,2.897,8.684315
test,A5,2.957,8.957977
test,A5,3.014,8.717633
test,A5,3.07,9.004504
test,A5,3.159,8.395739
test,A5,3.145,8.421482
test,A5,2.91,9.317492
test,A5,2.763,8.24946
test,A5,2.731,8.629463
test,A5,2.707,8.47395
test,A5,2.6469555,7.643631
test,A5,2.5179555,8.472694
test,A5,2.395,8.886963
test,A5,2.099,9.004189
test,A5,1.71,9.473969
test,A5,1.287,9.118269
test,A5,0.928,7.778869
test,A5,0.82,7.9046674
test,A5,0.738,9.1686735
test,A5,0.328,8.785258
test,A5,0.0,9.029612
test,A5,0.0,9.268364
test,A5,0.0,8.651465
test,A5,0.0,8.401865
test,A5,0.0,8.921375
test,A5,0.0,9.005387
test,A5,0.0,9.691137
test,A5,0.0,10.201439
test,A5,0.0,9.745628
test,A5,0.0,9.214388
test,A5,0.0,8.871152
test,A5,0.0,9.5509815
test,A5,0.0,9.239784
test,A5,0.0,9.099579
test,A5,0.0,9.558874
test,A5,0.0,9.362062
test,A5,0.0,9.626955
test,A5,0.0,9.2327175
test,A5,0.0,9.491248
test,A5,0.0,9.280401
test,A5,0.0,9.073896
test,A5,0.0,9.056111
test,A5,0.0,7.9996715
test,A5,0.0,8.400556
test,A5,0.0,8.8246155
test,A5,0.0,8.972475
test,A5,0.0,8.761767
test,A5,0.0,9.014558
test,A5,0.0,9.078902
test,A5,0.0,8.7350645
test,A5,0.0,9.144476
test,A5,0.0,9.315208
test,A5,0.0,8.615921
test,A5,0.0,8.329385
test,A5,0.0,8.300367
test,A5,0.0,8.316889
test,A5,0.0,9.051382
test,A5,0.0,8.728435
test,A5,0.0,8.356674
test,A5,0.0,8.626148
test,A5,0.0,8.389171
test,A5,0.0,8.072218
test,A5,0.0,8.543232
test,A5,0.0,9.417947
test,A5,0.0,8.7661915
test,A5,0.0,8.315586
test,A5,0.0,8.720527
test,A5,0.071,8.346737
test,A5,0.517,8.343199
test,A5,1.35451,8.764873
test,A5,2.251698,8.354053
test,A5,2.9241881,8.948822
test,A5,3.523,8.947935
test,A5,3.951,8.575125
test,A5,3.9990742,8.946867
test,A5,3.8720744,8.185665
test,A5,3.5242376,8.037219
test,A5,3.0652375,8.396631
test,A5,2.72,8.533369
test,A5,2.5,8.326328
test,A5,2.275,8.833282
test,A5,1.935,9.363968
test,A5,1.531,8.934528
test,A5,1.109,8.708403
test,A5,0.669,8.674486
test,A5,0.228,8.752287
test,A5,0.0,8.744449
test,A5,0.0,8.658004
test,A5,0.0,8.541264
test,A5,0.0,8.534501
test,A5,0.0,8.841085
test,A5,0.0,8.74608
test,A5,0.0,8.649924
test,A5,0.0,8.64057
test,A5,0.0,8.305148
test,A5,0.0,8.282539
test,A5,0.0,8.189795
test,A5,0.0,8.13058
test,A5,0.0,8.059466
test,A5,0.0,8.544765
test,A5,0.0,8.853279
test,A5,0.0,8.424846
test,A5,0.0,8.477354
test,A5,0.0,8.558828
test,A5,0.0,8.887497
test,A5,0.0,9.114174
test,A5,0.0,8.798101
test,A5,0.0,8.506205
test,A5,0.0,8.701322
test,A5,0.0,8.486637
test,A5,0.052,7.541211
test,A5,0.398,8.072248
test,A5,1.128,8.193125
test,A5,2.012,8.298268
test,A5,2.835,8.966373
test,A5,3.454,9.280339
test,A5,3.908,9.209096
test,A5,4.561,8.615967
test,A5,4.96,8.852011
test,A5,4.943,9.227894
test,A5,4.932,9.359352
test,A5,4.795,8.348825
test,A5,4.55,8.221148
test,A5,4.213,9.193182
test,A5,3.826,9.685263
test,A5,3.432,10.20751
test,A5,3.071,9.981464
test,A5,2.859,10.579192
test,A5,2.7920098,10.390126
test,A5,2.7909653,9.595514
test,A5,2.8339555,10.78303
test,A5,2.819,10.472458
test,A5,2.781,11.0930805
test,A5,2.812,10.6675625
test,A5,2.8360384,10.336933
test,A5,2.8150384,10.065132
test,A5,2.791,9.158438
test,A5,2.773,10.414963
test,A5,2.774,11.219634
test,A5,2.814,10.139443
test,A5,2.823,8.285924
test,A5,2.792,8.978243
test,A5,2.783,9.873375
test,A5,2.801,10.767953
test,A5,2.838,12.440601
test,A5,2.9311535,11.551947
test,A5,3.1811535,11.862627
test,A5,3.626,11.806172
test,A5,4.132,11.271141
test,A5,4.676,13.327799
test,A5,5.335,12.173765
test,A5,5.864,9.876909
test,A5,6.181,12.117247
test,A5,6.348,12.5147
test,A5,6.359,11.192549
test,A5,6.361,11.423458
test,A5,6.402,13.434953
test,A5,6.494,13.070188
test,A5,6.612,10.592411
test,A5,6.72,10.5776615
test,A5,6.814,9.558177
test,A5,6.871,8.861063
test,A5,6.855931,10.187321
test,A5,6.7589655,10.1328125
test,A5,6.665035,8.758481
test,A5,6.6541586,9.630748
test,A5,6.824158,11.075752
test,A5,7.11,11.287297
test,A5,7.467,11.511347
test,A5,7.758,10.175577
test,A5,7.759,9.170069
test,A5,8.181,9.534509
test,A5,8.807,9.580416
test,A5,8.997,9.938542
test,A5,9.124,11.210089
test,A5,9.343,11.585981
test,A5,9.652,9.834462
test,A5,9.948,9.787209
test,A5,10.312,10.791242
test,A5,10.783,9.7669735
test,A5,11.281,10.3301935
test,A5,11.696,12.558281
test,A5,12.037,13.548504
test,A5,12.271,11.899921
test,A5,12.273,10.2667675
test,A5,12.179,10.86454
test,A5,12.159,11.309652
test,A5,12.129,10.167133
test,A5,11.884,10.642862
test,A5,11.575,11.28083
test,A5,11.203,10.399792
test,A5,10.664,10.168938
test,A5,10.225,9.69529
test,A5,9.871,11.338574
test,A5,9.656,11.629965
test,A5,9.665,9.846981
test,A5,9.675,10.0602455
test,A5,9.593,9.541306
test,A5,9.356,9.055347
test,A5,9.029,10.866243
test,A5,8.793,10.693864
test,A5,8.589713,10.016269
test,A5,8.220713,10.795777
test,A5,7.926965,10.071
test,A5,7.835965,10.191595
test,A5,7.758,10.487585
test,A5,7.763,9.494625
test,A5,7.821,11.037603
test,A5,7.853,13.284198
test,A5,7.873,11.2314825
test,A5,7.772,12.809088
test,A5,7.497,11.648407
test,A5,7.19,9.97345
test,A5,6.93,11.53673
test,A5,6.737,12.198166
test,A5,6.558,12.942017
test,A5,6.324,11.470187
test,A5,6.1,10.893665
test,A5,5.926,10.71348
test,A5,5.874,9.888344
test,A5,5.867,9.981888
test,A5,5.734,10.171157
test,A5,5.545,12.992704
test,A5,5.437015,13.965546
test,A5,5.4090147,11.353273
test,A5,5.463,9.562225
test,A5,5.663,9.91437
test,A5,5.89,11.527413
test,A5,6.077,10.773075
test,A5,6.319,9.711409
test,A5,6.575,9.816904
test,A5,6.762,9.150665
test,A5,6.905,10.0337925
test,A5,7.046,9.511946
test,A5,7.015,11.547108
test,A5,6.8529553,13.161755
test,A5,6.7529554,12.260696
test,A5,6.692,15.025496
test,A5,6.627,14.479334
test,A5,6.5629554,13.089474
test,A5,6.5039554,12.707998
test,A5,6.4520297,12.472477
test,A5,6.4070296,11.970435
test,A5,6.344,10.54988
test,A5,6.274,10.227947
test,A5,6.137,10.201311
test,A5,5.972,9.226076
test,A5,5.807,8.889227
test,A5,5.649,11.926634
test,A5,5.5380397,14.070972
test,A5,5.52304,12.117281
test,A5,5.582,12.154188
test,A5,5.608,11.922476
test,A5,5.587,9.8359585
test,A5,5.523,11.456757
test,A5,5.478,15.101151
test,A5,5.502,14.370918
test,A5,5.579,12.112862
test,A5,5.743,11.64727
test,A5,5.961,12.233479
test,A5,6.0599704,11.976057
test,A5,6.01797,9.941876
test,A5,5.901,8.90406
test,A5,5.749,9.235828
test,A5,5.481,9.809532
test,A5,4.774,8.456102
test,A5,3.755,7.5630565
test,A5,2.972,8.550997
test,A5,2.6210098,10.058519
test,A5,2.5808265,9.844977
test,A5,2.788817,8.991175
test,A5,3.11,9.975534
test,A5,3.413,10.1443405
test,A5,3.644,10.017227
test,A5,3.989,10.280442
test,A5,4.492,9.751635
test,A5,4.767,11.376966
test,A5,4.8030643,11.157226
test,A5,4.8830643,10.565643
test,A5,5.122936,9.778379
test,A5,5.3469357,7.9961376
test,A5,5.525,8.070123
test,A5,5.831,10.255193
test,A5,6.423,11.769932
test,A5,7.23,10.492371
test,A5,7.847,11.319501
test,A5,8.156,11.404713
test,A5,8.117,9.849725
test,A5,7.941,9.039625
test,A5,7.944,9.063192
test,A5,8.063,11.563715
test,A5,8.297,11.158462
test,A5,8.57,9.990384
test,A5,8.667,11.087671
test,A5,8.668956,11.853274
test,A5,8.780955,12.182253
test,A5,9.073,11.148659
test,A5,9.374,9.437669
test,A5,9.521,9.646441
test,A5,9.691,11.0009575
test,A5,9.919,12.60428
test,A5,10.190629,12.592697
test,A5,10.702629,11.745377
test,A5,11.320257,11.885637
test,A5,11.825257,12.456644
test,A5,12.224,11.094116
test,A5,12.509881,10.069009
test,A5,12.738881,10.1770115
test,A5,12.883,10.888544
test,A5,13.048,10.30869
test,A5,13.304,11.8247595
test,A5,13.552,11.460722
test,A5,13.901015,10.202573
test,A5,14.148015,11.8926525
test,A5,14.191,13.360371
test,A5,14.333,12.85261
test,A5,14.364,11.769529
test,A5,14.1478815,14.3739605
test,A5,13.894881,15.890129
test,A5,13.682,13.996477
test,A5,13.5041685,13.204042
test,A5,13.249168,12.854034
test,A5,12.932,11.281233
test,A5,12.812,12.027464
test,A5,12.893,10.077091
test,A5,13.066,8.353786
test,A5,13.268,10.4116745
test,A5,13.451,12.537484
test,A5,13.573,12.544765
test,A5,13.538,12.001913
test,A5,13.387,12.622635
test,A5,13.182,13.723488
test,A5,13.01,13.842721
test,A5,12.797911,13.023865
test,A5,12.585911,13.176788
test,A5,12.547,13.771475
test,A5,12.392,12.0531435
test,A5,12.09792,11.340229
test,A5,11.917921,11.206066
test,A5,11.874,10.140711
test,A5,11.871,10.696859
test,A5,11.778,11.44372
test,A5,11.709,13.209141
test,A5,11.731,14.095978
test,A5,11.876,12.785238
test,A5,12.066,11.748796
test,A5,12.206,9.653626
test,A5,12.387,9.825921
test,A5,12.538,9.976885
test,A5,12.524,10.628677
test,A5,12.37,12.522322
test,A5,12.089,11.983555
test,A5,11.687,9.2923565
test,A5,11.265,9.12494
test,A5,10.687703,9.774113
test,A5,9.964703,11.345657
test,A5,9.043,11.277834
test,A5,7.8811784,9.57431
test,A5,6.5651784,9.41383
test,A5,5.549,10.451735
test,A5,4.972,10.856533
test,A5,4.5388465,9.363227
test,A5,4.2558465,9.106993
test,A5,4.042,8.974638
test,A5,3.737,8.906334
test,A5,3.398,9.300619
test,A5,3.173,8.871914
test,A5,2.986,8.008658
test,A5,2.801,8.347492
test,A5,2.681,10.048656
test,A5,2.644,9.248905
test,A5,2.547,8.491617
test,A5,2.5009952,9.154683
test,A5,2.532995,7.8461337
test,A5,2.676,8.533564
test,A5,3.243,10.53166
test,A5,3.731,10.747443
test,A5,3.703,9.696374
test,A5,3.639,9.141932
test,A5,3.493,8.239561
test,A5,3.101,8.65578
test,A5,2.807,9.027215
test,A5,2.619,8.388397
test,A5,2.468,9.127632
test,A5,2.437,9.48856
test,A5,2.426,8.766831
test,A5,2.4429653,9.544022
test,A5,2.5009654,11.3519335
test,A5,2.543,12.518955
test,A5,2.669,12.32331
test,A5,2.944,10.5780735
test,A5,3.18,10.495289
test,A5,3.148,11.79114
test,A5,3.024,11.521053
test,A5,3.057,11.431892
test,A5,3.111,11.176902
test,A5,3.036,9.392157
test,A5,2.951,9.224172
test,A5,2.903,10.090263
test,A5,2.851,9.964594
test,A5,2.833,9.040059
test,A5,2.808,9.820359
test,A5,2.7089257,9.97086
test,A5,2.5559258,8.797146
test,A5,2.401,8.406756
test,A5,2.1948762,8.8554325
test,A5,1.9248762,9.527729
test,A5,1.5628169,9.245569
test,A5,1.1908169,8.91605
test,A5,1.008,8.452017
test,A5,0.88248515,8.650445
test,A5,0.39248514,9.436845
test,A5,0.0,8.837651
test,A5,0.0,8.44234
test,A5,0.0,8.35672
test,A5,0.0,8.5546465
test,A5,0.0,8.662764
test,A5,0.0,8.60032
test,A5,0.0,8.747593
test,A5,0.0,8.626986
test,A5,0.0,8.177974
test,A5,0.0,7.7308154
test,A5,0.0,7.593472
test,A5,0.0,8.54492
test,A5,0.0,8.403729
test,A5,0.0,8.16337
test,A5,0.0,8.499573
test,A5,0.0,8.891033
test,A5,0.0,9.770073
test,A5,0.115,13.773189
test,A5,0.75,12.645462
test,A5,1.569,10.367228
test,A5,2.135,11.392904
test,A5,2.547,9.820908
test,A5,2.859,11.442598
test,A5,3.371,12.626232
test,A5,3.769,9.991812
test,A5,3.801,9.532356
test,A5,3.667,10.186904
test,A5,3.485,9.199592
test,A5,3.316,8.12875
test,A5,3.031,8.68097
test,A5,2.5416238,9.182694
test,A5,1.8435159,8.475649
test,A5,1.0128921,8.178151
test,A5,0.288,8.429569
test,A5,0.0,8.722298
test,A5,0.0,9.004957
test,A5,0.0,8.047768
test,A5,0.0,7.719356
test,A5,0.0,8.5052805
test,A5,0.0,8.823109
test,A5,0.0,8.359369
test,A5,0.0,8.577571
test,A5,0.0,9.05303
test,A5,0.0,8.68783
test,A5,0.0,8.2694645
test,A5,0.0,8.954519
test,A5,0.0,9.106859
test,A5,0.0,8.451458
test,A5,0.0,8.23372
test,A5,0.0,8.323139
test,A5,0.0,8.056292
test,A5,0.0,8.320519
test,A5,0.0,8.268239
test,A5,0.0,7.7345104
test,A5,0.0,8.032967
test,A5,0.0,7.8609686
test,A5,0.0,7.5702777
test,A5,0.0,7.9831862
test,A5,0.0,8.705391
test,A5,0.0,8.641763
test,A5,0.0,8.536083
test,A5,0.0,8.342854
test,A5,0.0,8.199449
test,A5,0.0,9.15427
test,A5,0.0,9.574733
test,A5,0.0,9.480749
test,A5,0.0,9.022915
test,A5,0.0,8.669236
test,A5,0.0,8.827311
test,A5,0.0,8.986329
test,A5,0.0,8.787817
test,A5,0.0,8.745617
test,A5,0.0,8.698645
test,A5,0.0,8.38364
test,A5,0.0,8.422088
test,A5,0.0,8.190874
test,A5,0.0,8.457117
test,A5,0.0,11.67506
test,A5,0.0,10.358606
test,A5,0.064,7.743406
test,A5,0.403,8.032826
test,A5,0.77,8.361638
test,A5,0.985,12.025089
test,A5,1.386,14.978174
test,A5,1.87,12.193199
test,A5,2.215,10.916571
test,A5,2.323,11.803423
test,A5,2.401,9.705385
test,A5,2.634,9.829274
test,A5,2.897,11.139018
test,A5,3.235,10.648779
test,A5,3.583,10.125476
test,A5,3.9010248,10.280132
test,A5,4.069926,9.599565
test,A5,3.998901,10.748513
test,A5,3.971,11.58062
test,A5,4.043,9.817241
test,A5,4.054,8.6252365
test,A5,3.925,9.429646
test,A5,3.717,9.615592
test,A5,3.586,9.289027
test,A5,3.494,9.979397
test,A5,3.422,9.902999
test,A5,3.388,9.109964
test,A5,3.383,9.013754
test,A5,3.37,9.968932
test,A5,3.243,9.810858
test,A5,3.094,8.719781
test,A5,2.8698912,9.391176
test,A5,2.5968912,9.714111
test,A5,2.419,10.287542
test,A5,2.201,10.323145
test,A5,2.065,9.461306
test,A5,2.068,9.140558
test,A5,2.0770347,9.003243
test,A5,2.0690346,9.119382
test,A5,2.111,9.150461
test,A5,2.217,8.726713
test,A5,2.239,8.682159
test,A5,2.328,8.619301
test,A5,2.464,7.8924575
test,A5,2.4561088,8.73034
test,A5,2.339109,8.815765
test,A5,2.249,8.191956
test,A5,2.177,7.9414225
test,A5,1.902,8.296944
test,A5,1.46,9.146209
test,A5,0.952,8.477968
test,A5,0.61166334,7.7700334
test,A5,0.27166337,8.2564945
test,A5,0.0,8.818905
test,A5,0.0,8.67733
test,A5,0.0,8.518655
test,A5,0.0,8.951585
test,A5,0.0,8.545267
test,A5,0.0,8.492708
test,A5,0.0,8.56259
test,A5,0.0,8.602457
test,A5,0.0,8.353529
test,A5,0.0,8.169113
test,A5,0.0,8.406601
test,A5,0.0,8.525278
test,A5,0.0,7.8937664
test,A5,0.0,7.931318
test,A5,0.0,8.159069
test,A5,0.0,9.050957
test,A5,0.0,9.27162
test,A5,0.0,8.285135
test,A5,0.0,7.448463
test,A5,0.0,7.703073
test,A5,0.0,8.13904
test,A5,0.0,8.860535
test,A5,0.0,9.063989
test,A5,0.0,8.249505
test,A5,0.0,7.9906607
test,A5,0.0,8.275855
test,A5,0.0,8.160366
test,A5,0.0,8.408325
test,A5,0.0,8.504219
test,A5,0.0,8.635312
test,A5,0.0,8.483879
test,A5,0.0,8.904095
test,A5,0.06,9.951494
test,A5,0.394,8.710732
test,A5,0.832,8.397589
test,A5,1.125,8.519688
test,A5,1.3339406,8.889427
test,A5,1.4849406,12.660049
test,A5,1.674,11.926136
test,A5,1.9,8.948705
test,A5,2.035,8.388703
test,A5,2.114,8.71855
test,A5,2.209,8.754675
test,A5,2.302,9.040625
test,A5,2.376,9.8803215
test,A5,2.409,9.208311
test,A5,2.45599,8.894025
test,A5,2.49699,8.629154
test,A5,2.479,8.49161
test,A5,2.442,7.917217
test,A5,2.334,8.187585
test,A5,2.026,8.6490755
test,A5,1.624,8.554159
test,A5,1.301,9.169384
test,A5,1.014,9.170979
test,A5,0.798,8.095514
test,A5,0.762,7.733038
test,A5,0.831,8.73436
test,A5,0.94293565,8.924924
test,A5,1.0839356,9.6355
test,A5,1.239,10.727116
test,A5,1.447,10.109963
test,A5,1.708,8.774799
test,A5,1.945,8.665861
test,A5,2.058,8.396621
test,A5,2.145,10.096793
test,A5,2.332,11.676398
test,A5,2.5761585,10.646988
test,A5,2.8781583,10.810467
test,A5,3.292,11.658133
test,A5,3.799,9.762855
test,A5,4.264,9.673383
test,A5,4.549,9.480373
test,A5,4.57,9.1057825
test,A5,4.473,9.723061
test,A5,4.284,9.993458
test,A5,4.081,8.684411
test,A5,3.909,8.752058
test,A5,3.877,9.180992
test,A5,4.012,8.578195
test,A5,4.033,9.296384
test,A5,4.003,10.799471
test,A5,3.994,10.78513
test,A5,3.96,8.998318
test,A5,3.736,8.272438
test,A5,3.154,9.120801
test,A5,2.325,8.400111
test,A5,1.59,8.789883
test,A5,1.202,8.500962
test,A5,0.762,8.085943
test,A5,0.36920297,9.340134
test,A5,0.16420297,8.691856
test,A5,0.0,7.933927
test,A5,0.0,8.024697
test,A5,0.0,8.128
test,A5,0.0,8.30753
test,A5,0.0,8.193394
test,A5,0.0,8.487951
test,A5,0.0,8.013446
test,A5,0.0,8.273888
test,A5,0.0,7.9046993
test,A5,0.0,7.8517766
test,A5,0.0,7.975532
test,A5,0.0,8.353135
test,A5,0.0,8.889441
test,A5,0.0,8.554756
test,A5,0.0,7.9574423
test,A5,0.0,8.848021
test,A5,0.0,9.2571945
test,A5,0.0,9.213512
test,A5,0.0,9.099952
test,A5,0.0,8.660774
test,A5,0.0,8.377172
test,A5,0.0,8.662098
test,A5,0.0,8.902781
test,A5,0.0,8.454148
test,A5,0.0,8.216349
test,A5,0.0,8.23779
test,A5,0.0,8.366625
test,A5,0.0,8.852415
test,A5,0.0,8.7862015
test,A5,0.0,8.948998
test,A5,0.0,8.821782
test,A5,0.0,8.245044
test,A5,0.0,8.136334
test,A5,0.0,8.217311
test,A5,0.0,8.220504
test,A5,0.0,8.283089
test,A5,0.0,7.895405
test,A5,0.0,9.314441
test,A5,0.113,11.836093
test,A5,0.739,10.189287
test,A5,1.542,8.655353
test,A5,2.028,8.400682
test,A5,2.282,8.6703005
test,A5,2.386,10.289728
test,A5,2.488,13.103436
test,A5,2.716,14.654764
test,A5,3.092,13.142742
test,A5,3.45,11.056243
test,A5,3.779,10.464399
test,A5,4.011,10.423602
test,A5,4.2108665,11.240234
test,A5,4.488733,11.627661
test,A5,4.7458663,10.393131
test,A5,4.93,11.199683
test,A5,5.014,11.357304
test,A5,5.024,10.313015
test,A5,4.994,10.115789
test,A5,4.958,9.113415
test,A5,4.897,8.670656
test,A5,4.84,9.14843
test,A5,4.81,8.431125
test,A5,4.766,8.803938
test,A5,4.751,9.806862
test,A5,4.7449656,9.696512
test,A5,4.690965,8.881149
test,A5,4.6370444,9.671345
test,A5,4.652045,11.786278
test,A5,4.691,11.515861
test,A5,4.751,9.893055
test,A5,4.855,8.668368
test,A5,5.109,8.425004
test,A5,5.571,9.625273
test,A5,5.974,12.385954
test,A5,6.271,13.934012
test,A5,6.565901,12.922613
test,A5,6.797901,12.604343
test,A5,6.924,11.80853
test,A5,6.989,9.965912
test,A5,7.002,8.70912
test,A5,6.872,9.666374
test,A5,6.694,9.788911
test,A5,6.576,9.989018
test,A5,6.53,10.0854225
test,A5,6.583,9.888302
test,A5,6.587,9.353443
test,A5,6.303,9.449456
test,A5,5.87,9.298282
test,A5,5.54,8.891103
test,A5,5.16,8.677847
test,A5,4.667,9.532022
test,A5,4.247,9.906744
test,A5,4.036,9.543671
test,A5,3.957,9.028042
test,A5,3.941,8.5684805
test,A5,3.917,9.087383
test,A5,3.886,8.753291
test,A5,3.8859901,8.603107
test,A5,3.8719902,8.628969
test,A5,3.8829951,8.250076
test,A5,3.896995,9.000145
test,A5,3.905,10.288652
test,A5,3.9070249,10.561186
test,A5,3.9220247,10.826266
test,A5,3.9560199,10.22504
test,A5,3.9940197,9.548015
test,A5,4.057,9.212978
test,A5,4.092,8.165752
test,A5,4.136,9.0344515
test,A5,4.209,9.43941
test,A5,4.253,9.39493
test,A5,4.294,9.874491
test,A5,4.333,9.527415
test,A5,4.359,10.11361
test,A5,4.424,9.400313
test,A5,4.454,9.221289
test,A5,4.432,10.338789
test,A5,4.462,10.528164
test,A5,4.59,9.288484
test,A5,4.78,9.455269
test,A5,4.919,9.553974
test,A5,5.0179305,9.405161
test,A5,5.124931,9.598823
test,A5,5.199,10.24078
test,A5,5.287,10.648773
test,A5,5.444,10.344881
test,A5,5.608,12.280352
test,A5,5.895,10.03912
test,A5,6.372,8.814336
test,A5,6.828,9.592855
test,A5,7.145,10.890922
test,A5,7.356,11.201685
test,A5,7.51,11.324305
test,A5,7.671,11.876656
test,A5,7.856,11.092844
test,A5,7.936,10.108722
test,A5,7.9,9.868126
test,A5,7.791,11.784071
test,A5,7.68,12.589525
test,A5,7.725,10.57094
test,A5,7.849931,9.189808
test,A5,7.9829307,10.675856
test,A5,8.14,12.811235
test,A5,8.225104,12.149042
test,A5,8.141104,11.68298
test,A5,8.052,11.088156
test,A5,8.11,9.509665
test,A5,8.261,9.955313
test,A5,8.408,11.490356
test,A5,8.537,12.003656
test,A5,8.768,11.776458
test,A5,9.207,11.594017
test,A5,9.719175,12.2201
test,A5,10.112285,12.517538
test,A5,10.39411,10.476356
test,A5,10.687,10.152479
test,A5,11.060099,10.199951
test,A5,11.341099,10.060301
test,A5,11.425,11.450516
test,A5,11.414,11.933137
test,A5,11.368,11.070779
test,A5,11.397,12.563109
test,A5,11.642,11.348228
test,A5,12.1633215,11.285053
test,A5,12.775322,10.503601
test,A5,13.127,10.5361395
test,A5,13.313,10.371624
test,A5,13.641,9.968554
test,A5,14.113,10.7016735
test,A5,14.495,12.908302
test,A5,14.619,13.56543
test,A5,14.652,10.159191
test,A5,14.776,10.566637
test,A5,15.094,13.670395
test,A5,15.57173,11.428013
test,A5,16.087997,10.229283
test,A5,16.617268,11.815054
test,A5,17.084,11.642924
test,A5,17.469,14.384069
test,A5,17.791065,13.869195
test,A5,17.995064,11.266838
test,A5,18.112,11.215696
test,A5,18.342,11.831622
test,A5,18.77,11.170591
test,A5,19.257,14.171635
test,A5,19.649,13.233452
test,A5,19.833,11.783447
test,A5,19.854,11.91485
test,A5,19.802,11.002405
test,A5,19.763,14.630705
test,A5,19.723,16.956749
test,A5,19.66,13.987625
test,A5,19.572,12.603245
test,A5,19.442,12.166712
test,A5,19.358,12.78101
test,A5,19.299,14.350018
test,A5,19.23209,11.82201
test,A5,19.130089,11.119994
test,A5,19.137,12.232325
test,A5,19.392,13.330378
test,A5,19.743,14.300594
test,A5,20.22,12.16516
test,A5,20.874,10.424277
test,A5,21.166,10.855549
test,A5,21.155,11.866457
test,A5,21.184,12.780641
test,A5,21.265,11.145323
test,A5,21.451,11.420259
test,A5,21.446,12.16663
test,A5,21.324,11.00071
test,A5,21.236,15.053696
test,A5,20.996,16.008936
test,A5,21.019,14.397768
test,A5,21.194,13.353819
test,A5,21.033,10.644632
test,A5,20.649,11.970953
test,A5,20.315,11.531764
test,A5,20.125,11.160186
test,A5,19.775,14.651747
test,A5,19.456,16.388454
test,A5,19.261,15.768652
test,A5,19.09199,14.55483
test,A5,19.03199,14.468372
test,A5,18.99,15.097836
test,A5,18.997,12.349026
test,A5,19.188238,10.686056
test,A5,19.125238,10.741499
test,A5,18.801,15.7296295
test,A5,18.681,14.820282
test,A5,18.546,11.687719
test,A5,18.36,13.418507
test,A5,18.207,13.381298
test,A5,18.032,15.177258
test,A5,17.842,13.031652
test,A5,17.784,11.612172
test,A5,17.845,15.5360565
test,A5,17.897842,15.717527
test,A5,18.081842,11.766665
test,A5,18.331104,10.392275
test,A5,18.562103,11.895684
test,A5,18.927,13.752464
test,A5,19.404806,13.140393
test,A5,19.852045,12.230533
test,A5,20.267237,12.348694
test,A5,20.58,12.340272
test,A5,20.818,13.129002
test,A5,21.078,15.438888
test,A5,21.226,15.949434
test,A5,21.402,13.240187
test,A5,21.463,13.176417
test,A5,21.182316,14.342171
test,A5,21.192316,17.28249
test,A5,21.451921,12.327865
test,A5,21.579922,11.690269
test,A5,21.662994,13.480953
test,A5,21.662994,12.602163
test,A5,21.603,13.3448105
test,A5,21.553,12.527556
test,A5,21.548,11.789792
test,A5,21.559,13.106269
test,A5,21.542,12.388099
test,A5,21.479,11.998556
test,A5,21.425,12.5224905
test,A5,21.356,11.964463
test,A5,21.247,13.922362
test,A5,21.309,13.075165
test,A5,21.433,13.772913
test,A5,21.379,13.902537
test,A5,21.357044,15.615442
test,A5,21.358046,16.00416
test,A5,21.314917,16.274967
test,A5,21.227917,17.37687
test,A5,21.139,13.989792
test,A5,21.265,12.570319
test,A5,21.473,13.090238
test,A5,21.491,15.809744
test,A5,21.436,18.787716
test,A5,21.473,19.901196
test,A5,21.616,16.66052
test,A5,21.618,14.900356
test,A5,21.439,14.839508
test,A5,21.425,12.190837
test,A5,21.567,11.173073
test,A5,21.667,15.273598
test,A5,21.694,15.173855
test,A5,21.552,13.371791
test,A5,21.323,13.964943
test,A5,21.36003,13.918665
test,A5,21.44603,13.686538
test,A5,21.383005,13.731243
test,A5,21.389006,15.988302
test,A5,21.538,14.867887
test,A5,21.542,12.894304
test,A5,21.334,14.357591
test,A5,21.271,15.628448
test,A5,21.314,14.0238
test,A5,21.522,13.079879
test,A5,21.701,15.515959
test,A5,21.537,15.720391
test,A5,21.365,14.511082
test,A5,21.495,13.63349
test,A5,21.699,13.7745905
test,A5,21.68791,14.172895
test,A5,21.484911,13.740925
test,A5,21.015,16.880548
test,A5,20.624,15.251499
test,A5,20.479,11.930309
test,A5,20.318,14.078982
test,A5,19.936,16.975227
test,A5,19.675,15.881453
test,A5,19.849743,12.841112
test,A5,19.736742,14.493731
test,A5,19.54,14.027647
test,A5,19.702,12.906126
test,A5,19.796,12.668384
test,A5,19.868,15.453711
test,A5,19.958323,19.421183
test,A5,19.416323,17.539177
test,A5,18.898827,13.841602
test,A5,19.10098,12.559475
test,A5,19.422281,18.441252
test,A5,19.78213,17.525257
test,A5,20.308535,13.199081
test,A5,20.159534,10.95437
test,A5,19.531,12.672674
test,A5,19.185,14.421682
test,A5,18.692,12.045437
test,A5,17.949,13.08503
test,A5,16.798,15.3621
test,A5,15.148763,12.626446
test,A5,12.971544,10.770861
test,A5,10.584783,8.901186
test,A5,8.736,10.246697
test,A5,7.692,11.23229
test,A5,7.129,11.028223
test,A5,6.472,11.372226
test,A5,5.887,10.400135
test,A5,5.63,9.748085
test,A5,5.44,8.453389
test,A5,5.51,9.852244
test,A5,6.065,10.197006
test,A5,6.561,9.380953
test,A5,6.713,9.825081
test,A5,6.721,9.892199
test,A5,6.59,11.032742
test,A5,6.312,12.025402
test,A5,5.57,9.772774
test,A5,4.671,10.429368
test,A5,4.095,12.1058035
test,A5,4.063,11.154778
test,A5,4.306,9.179483
test,A5,4.679,9.659304
test,A5,5.54,9.794254
test,A5,6.333,8.510551
test,A5,6.503,8.385365
test,A5,6.2607675,9.593885
test,A5,5.8797674,11.04895
test,A5,5.47,10.351706
test,A5,5.15,11.019623
test,A5,4.96,11.313878
test,A5,4.7677526,10.437421
test,A5,4.3327527,10.314984
test,A5,3.612,9.320456
test,A5,3.046,8.053435
test,A5,2.9039605,10.514371
test,A5,2.8799603,12.901807
test,A5,2.897,12.196509
test,A5,2.949,8.8470955
test,A5,2.866,9.350304
test,A5,2.779,9.573619
test,A5,2.712,8.616666
test,A5,2.596,8.206026
test,A5,2.492,8.415696
test,A5,2.4870842,8.325189
test,A5,2.6080842,8.93124
test,A5,2.714,8.8503475
test,A5,3.03,8.562233
test,A5,3.445,9.11354
test,A5,3.4438317,9.002189
test,A5,3.1498318,8.5214815
test,A5,2.821,8.356104
test,A5,2.192,8.793017
test,A5,1.566,9.802034
test,A5,0.696,9.445996
test,A5,0.0,8.854716
test,A5,0.0,8.624643
test,A5,0.0,8.608063
test,A5,0.0,8.673553
test,A5,0.0,8.713739
test,A5,0.0,9.447744
test,A5,0.0,8.852053
test,A5,0.0,7.529035
test,A5,0.10547525,8.373026
test,A5,0.5294753,8.91077
test,A5,0.424,8.761059
test,A5,0.0,8.656809
test,A5,0.0,8.260873
test,A5,0.0,8.163952
test,A5,0.0,8.476278
test,A5,0.0,8.344896
test,A5,0.0,8.073731
test,A5,0.0,7.9192986
test,A5,0.0,8.739744
test,A5,0.0,8.55122
test,A5,0.0,8.158852
test,A5,0.0,7.6024976
test,A5,0.0,7.5947027
test,A5,0.152,7.9063888
test,A5,0.9040396,7.9689937
test,A5,1.4660397,8.839615
test,A5,1.439,10.743095
test,A5,1.639,10.157817
test,A5,2.022,8.326215
test,A5,2.189,9.213528
test,A5,2.047,9.541872
test,A5,1.718,8.380547
test,A5,1.27,8.086064
test,A5,1.075,8.352854
test,A5,1.348765,8.697663
test,A5,1.790765,8.61972
test,A5,2.001,8.484886
test,A5,1.692,8.469495
test,A5,1.33,9.686374
test,A5,1.4241188,10.045094
test,A5,1.6651188,8.360219
test,A5,1.784,8.4853735
test,A5,1.885,11.310593
test,A5,1.99,11.620588
test,A5,2.001,9.584824
test,A5,1.972,8.927738
test,A5,2.015,8.235424
test,A5,2.067,7.7256894
test,A5,2.014,8.709482
test,A5,1.892,8.727948
test,A5,1.688,8.06079
test,A5,1.408,7.821452
test,A5,1.077,8.716309
test,A5,0.919,9.969624
test,A5,0.96,9.273516
test,A5,0.89489603,8.507853
test,A5,0.9108218,9.455957
test,A5,1.0709257,8.225764
test,A5,1.14,8.212859
test,A5,1.157,8.469131
test,A5,1.172,9.095864
test,A5,1.352,9.164787
test,A5,1.671,9.601589
test,A5,1.804,10.585297
test,A5,1.87,10.222487
test,A5,1.998,9.623794
test,A5,2.032,8.986961
test,A5,2.055,8.7982855
test,A5,2.13,7.936246
test,A5,2.183,8.088568
test,A5,2.136,8.5475235
test,A5,2.061,9.405401
test,A5,2.077,11.465709
test,A5,2.137,10.458993
test,A5,2.191,7.801948
test,A5,2.207,7.456637
test,A5,2.159,8.987259
test,A5,2.089,9.74507
test,A5,2.065,10.263893
test,A5,2.057,10.558634
test,A5,2.037,9.2697525
test,A5,2.095,8.2358885
test,A5,2.12,8.958981
test,A5,2.04,10.762865
test,A5,1.948,10.244741
test,A5,1.924,9.521912
test,A5,2.0519505,9.45357
test,A5,2.1909504,9.006365
test,A5,2.24,8.679463
test,A5,2.248,9.18115
test,A5,2.179,9.982543
test,A5,2.081,10.063727
test,A5,2.029,10.912293
test,A5,2.047,10.060882
test,A5,2.029,10.32155
test,A5,1.913,11.40103
test,A5,1.87,10.02429
test,A5,1.898,8.774973
test,A5,1.936,9.166811
test,A5,1.98,10.072689
test,A5,2.079,8.62808
test,A5,2.146,8.463859
test,A5,2.096,8.446642
test,A5,2.023,10.337126
test,A5,1.938,11.751262
test,A5,1.855,10.433721
test,A5,1.773,9.740352
test,A5,1.652,10.009366
test,A5,1.47,8.798452
test,A5,1.191,7.9994307
test,A5,0.826,8.567392
test,A5,0.567,8.698664
test,A5,0.252,7.205495
test,A5,0.0,7.2746444
test,A5,0.0,8.580839
test,A5,0.0,8.548818
test,A5,0.087,7.9938855
test,A5,0.612,8.569021
test,A5,1.411,10.008266
test,A5,1.779,12.295529
test,A5,1.804,10.747063
test,A5,1.849,11.579582
test,A5,1.909,11.943182
test,A5,2.027,11.378706
test,A5,2.127,11.745906
test,A5,2.1920297,10.876456
test,A5,2.2740297,10.279015
test,A5,2.329,9.774937
test,A5,2.308,9.043655
test,A5,2.225,9.734613
test,A5,2.16,8.364231
test,A5,2.137,9.600081
test,A5,2.119,10.790972
test,A5,2.1,10.722364
test,A5,2.121,9.995018
test,A5,2.122,9.454506
test,A5,2.102,11.319599
test,A5,2.053,11.579111
test,A5,1.984,8.92997
test,A5,1.992,9.225177
test,A5,2.039,10.567856
test,A5,2.014,9.623325
test,A5,1.916995,9.081922
test,A5,1.862995,9.619648
test,A5,1.85,10.470272
test,A5,1.834,11.057283
test,A5,1.867,9.798071
test,A5,1.935,8.391991
test,A5,1.9,9.213925
test,A5,1.741,9.460933
test,A5,1.715,8.628787
test,A5,1.944,7.66729
test,A5,2.017,7.6442275
test,A5,1.795,8.513749
test,A5,1.558,8.322073
test,A5,1.4,9.887104
test,A5,1.396,11.520199
test,A5,1.606,10.464895
test,A5,1.916,9.004229
test,A5,2.109,9.674772
test,A5,2.145,10.961314
test,A5,2.127,9.849878
test,A5,2.026039,8.801987
test,A5,1.9030389,10.40593
test,A5,1.873,11.298798
test,A5,1.863,9.35522
test,A5,1.843,8.91515
test,A5,1.791,8.974069
test,A5,1.8262079,8.479258
test,A5,2.115208,9.124545
test,A5,2.524,8.333545
test,A5,2.85,8.602888
test,A5,3.092,9.758083
test,A5,3.257,8.675434
test,A5,3.196,8.407049
test,A5,2.944,8.908852
test,A5,2.673,10.79451
test,A5,2.447,10.4893265
test,A5,2.259,8.689077
test,A5,2.083075,8.703682
test,A5,1.923075,9.303181
test,A5,1.779,10.109458
test,A5,1.7451435,11.05732
test,A5,1.9271436,10.488774
test,A5,2.238,10.609276
test,A5,2.531,11.140983
test,A5,2.692,10.084507
test,A5,2.661,10.673525
test,A5,2.589,9.372376
test,A5,2.6441486,8.63142
test,A5,2.8671484,9.337599
test,A5,3.184,9.463015
test,A5,3.37,10.259507
test,A5,3.278,9.969992
test,A5,3.01,8.717211
test,A5,2.72,8.400251
test,A5,2.479,9.284933
test,A5,2.287,11.035421
test,A5,2.182,10.737957
test,A5,2.315,8.683731
test,A5,2.947599,8.811171
test,A5,3.942599,8.958107
test,A5,4.516,9.392
test,A5,4.374,8.279433
test,A5,3.905,8.883435
test,A5,3.282,9.199696
test,A5,2.71814,8.740908
test,A5,2.37314,9.04468
test,A5,2.082,9.152954
test,A5,1.77,9.476973
test,A5,1.449,8.419874
test,A5,1.07,9.766029
test,A5,0.765,10.087359
test,A5,0.34,8.971506
test,A5,0.0,8.821075
test,A5,0.136,8.177506
test,A5,0.845,9.756912
test,A5,1.56,10.195175
test,A5,1.805,9.668044
test,A5,1.904,10.571448
test,A5,1.911,10.758343
test,A5,1.998,10.24156
test,A5,2.19,9.834462
test,A5,2.251,10.213884
test,A5,2.164,10.688636
test,A5,2.109,9.515896
test,A5,2.058,9.809436
test,A5,2.032,11.166682
test,A5,2.051,10.803463
test,A5,2.107,9.9776325
test,A5,2.151,9.210833
test,A5,2.12,9.368011
test,A5,2.056,10.260075
test,A5,2.042,9.729839
test,A5,2.046,9.480049
test,A5,2.071,9.718143
test,A5,2.308,10.276394
test,A5,2.626,9.766405
test,A5,2.705,8.335874
test,A5,2.566,8.710598
test,A5,2.369,8.96279
test,A5,2.202,9.991184
test,A5,2.229,10.415655
test,A5,2.388,10.813761
test,A5,2.3631039,10.689497
test,A5,2.1891038,12.28565
test,A5,2.08,12.4362755
test,A5,2.074,11.291927
test,A5,2.158,10.42587
test,A5,2.334,8.458672
test,A5,2.64,9.715612
test,A5,2.8259306,10.342515
test,A5,2.7409308,9.039421
test,A5,2.573,9.237709
test,A5,2.319,10.426064
test,A5,2.129,11.170161
test,A5,2.094,10.100405
test,A5,2.0309753,8.906559
test,A5,1.9559753,9.476128
test,A5,1.991,10.651866
test,A5,2.172,9.853199
test,A5,2.455,10.203901
test,A5,2.685,10.163546
test,A5,2.704,10.107883
test,A5,2.6270742,12.091402
test,A5,2.6881633,10.828205
test,A5,2.890089,8.5611725
test,A5,3.327,8.229401
test,A5,4.143,10.864588
test,A5,5.127,15.550025
test,A5,6.289,14.442679
test,A5,7.34,12.611881
test,A5,7.881,12.616257
test,A5,8.32,15.502201
test,A5,8.879,15.172881
test,A5,9.316,12.6272955
test,A5,9.506,13.0822315
test,A5,9.591,13.711179
test,A5,9.435,14.735329
test,A5,9.016,12.118713
test,A5,8.508,11.542904
test,A5,7.927,10.958942
test,A5,7.196,8.791674
test,A5,6.209,9.965155
test,A5,5.31,10.980953
test,A5,4.6622176,11.910342
test,A5,4.1952176,10.276132
test,A5,4.131,7.998405
test,A5,4.6194158,9.509641
test,A5,5.577911,11.646373
test,A5,6.659495,11.872076
test,A5,7.682,17.468132
test,A5,8.713,17.881247
test,A5,9.838,9.442816
test,A5,10.876,8.689285
test,A5,11.306,11.238287
test,A5,11.354,12.003447
test,A5,11.478,11.675873
test,A5,11.616,10.87051
test,A5,11.744,10.603558
test,A5,11.862,11.556897
test,A5,11.978,13.108209
test,A5,12.110975,11.255573
test,A5,12.1539755,10.42758
test,A5,11.960079,11.434546
test,A5,11.875079,11.421654
test,A5,12.085,10.38448
test,A5,12.438,12.088961
test,A5,12.754,10.587737
test,A5,12.784,7.5028625
test,A5,12.399,8.913521
test,A5,11.791,10.075345
test,A5,11.205,11.309797
test,A5,10.82,10.840376
test,A5,10.752807,10.3065605
test,A5,10.986807,11.985306
test,A5,11.507,14.786556
test,A5,12.032,14.559083
test,A5,12.396856,13.273372
test,A5,12.651856,10.996493
test,A5,12.692,9.419178
test,A5,12.319,10.01771
test,A5,11.865,9.263672
test,A5,11.672,9.7789
test,A5,11.769,11.230362
test,A5,12.143,13.146187
test,A5,12.652668,15.323345
test,A5,13.235668,15.619089
test,A5,13.83,13.520148
test,A5,14.583,13.920077
test,A5,15.29,14.974752
test,A5,15.671,16.294416
test,A5,15.577,13.944267
test,A5,15.133,10.743161
test,A5,14.943,10.897424
test,A5,15.068,13.019932
test,A5,15.311,11.830398
test,A5,15.439,10.637449
test,A5,15.455,10.660015
test,A5,15.496,10.918549
test,A5,15.703,11.338245
test,A5,15.881,12.9468
test,A5,15.939881,12.025594
test,A5,16.149881,11.012928
test,A5,16.508,10.76404
test,A5,16.846,11.010204
test,A5,16.983,11.690629
test,A5,17.142,11.053059
test,A5,17.23,9.958416
test,A5,17.157,11.411596
test,A5,17.21,12.854153
test,A5,17.336,13.646472
test,A5,17.425154,12.171439
test,A5,17.310154,10.625956
test,A5,17.078,10.7462845
test,A5,17.064,11.730057
test,A5,17.216,11.106789
test,A5,17.272,10.615181
test,A5,17.227,10.077105
test,A5,17.140886,9.325205
test,A5,16.964886,11.841038
test,A5,16.771,14.141093
test,A5,16.608,12.960419
test,A5,16.48204,12.215363
test,A5,16.39004,12.678883
test,A5,16.289,13.21174
test,A5,16.171,11.055611
test,A5,15.995,10.913155
test,A5,15.837,13.174266
test,A5,15.878,11.640357
test,A5,16.01,9.229207
test,A5,16.012,12.107825
test,A5,16.082,11.041769
test,A5,16.419,9.946571
test,A5,16.831,10.700348
test,A5,17.06,10.605669
test,A5,17.069,11.36547
test,A5,17.014,12.86117
test,A5,16.986109,11.961918
test,A5,17.118109,13.333702
test,A5,17.491,16.468002
test,A5,17.972,16.006254
test,A5,18.309,13.854316
test,A5,18.458,13.246431
test,A5,18.634,12.692261
test,A5,18.834,13.960764
test,A5,18.946,12.723467
test,A5,19.024,16.880594
test,A5,19.06609,20.107798
test,A5,19.02609,15.738853
test,A5,19.11998,19.670103
test,A5,19.23198,23.15028
test,A5,19.188,21.076996
test,A5,19.112,16.757175
test,A5,18.964,15.146549
test,A5,18.79,15.083885
test,A5,18.657,14.299088
test,A5,18.607,13.811794
test,A5,18.638,19.109575
test,A5,18.799763,19.66638
test,A5,19.157763,14.984024
test,A5,19.532,11.564058
test,A5,19.852,13.621051
test,A5,20.219,13.494318
test,A5,20.598,13.571665
test,A5,20.884,14.641209
test,A5,20.993,14.44671
test,A5,20.838,13.799671
test,A5,20.612,13.6370945
test,A5,20.437,13.833122
test,A5,20.365,14.831472
test,A5,20.519,14.033602
test,A5,20.85,14.168909
test,A5,20.949,13.161166
test,A5,20.779,12.80475
test,A5,20.765,12.827833
test,A5,20.716,12.159691
test,A5,20.263,14.530185
test,A5,19.858,16.06064
test,A5,19.76,12.83535
test,A5,19.628,15.742228
test,A5,19.584,18.88296
test,A5,19.613,15.3567915
test,A5,19.701,18.241272
test,A5,19.847,19.74797
test,A5,19.83,15.824426
test,A5,19.701,14.667861
test,A5,19.546,16.813396
test,A5,19.356,15.83688
test,A5,19.182886,13.729578
test,A5,19.006886,17.02588
test,A5,18.886986,21.420399
test,A5,18.848986,16.66819
test,A5,18.829,13.4641
test,A5,18.87,17.48956
test,A5,18.965,18.584454
test,A5,18.916,13.914062
test,A5,18.804,13.299962
test,A5,18.809,16.49517
test,A5,18.735,14.3818865
test,A5,18.557,12.649593
test,A5,18.16,18.226704
test,A5,17.298,16.418112
test,A5,16.253,14.264755
test,A5,14.983,13.053674
test,A5,13.471,10.647249
test,A5,12.469,11.207178
test,A5,11.959,9.782238
test,A5,11.589,10.665227
test,A5,11.497,11.5703125
test,A5,11.533,9.6927395
test,A5,11.439,9.457199
test,A5,11.195,10.812714
test,A5,10.895,10.530884
test,A5,10.57,9.31634
test,A5,10.078,9.203638
test,A5,9.377,8.789141
test,A5,9.012976,8.346191
test,A5,9.072975,8.146409
test,A5,9.266,9.574457
test,A5,9.66,9.766448
test,A5,9.931,9.05886
test,A5,9.874,8.556147
test,A5,9.82,9.814743
test,A5,10.012,10.649218
test,A5,10.355,8.534307
test,A5,10.559,8.859875
test,A5,10.524,10.625608
test,A5,10.715,11.600666
test,A5,11.128,11.119442
test,A5,11.721,10.247228
test,A5,12.354,11.433685
test,A5,12.693,11.452711
test,A5,13.032,11.329531
test,A5,13.409,10.347527
test,A5,13.549,10.446634
test,A5,13.76,12.9043865
test,A5,14.257174,13.311764
test,A5,14.358173,10.203709
test,A5,14.219,10.811526
test,A5,14.505,12.169754
test,A5,14.926,10.696008
test,A5,15.224,11.359637
test,A5,15.532,12.609489
test,A5,16.022257,11.5138645
test,A5,16.549257,10.911581
test,A5,16.707,11.455847
test,A5,16.733015,13.191375
test,A5,16.81498,11.147264
test,A5,16.804966,9.0621395
test,A5,16.528906,10.805817
test,A5,16.162691,11.716063
test,A5,15.907963,12.618679
test,A5,15.879178,14.133102
test,A5,15.809,15.517156
test,A5,15.42,12.397565
test,A5,14.748,10.319798
test,A5,13.994,9.557785
test,A5,13.711862,8.811258
test,A5,13.598862,9.598747
test,A5,13.416975,10.402675
test,A5,13.305975,11.187483
test,A5,13.07,11.02875
test,A5,12.64828,11.315562
test,A5,12.17428,11.612147
test,A5,11.894,9.853869
test,A5,11.828,11.716269
test,A5,11.854,13.044276
test,A5,12.072,10.631239
test,A5,12.432099,10.313239
test,A5,12.542099,11.423105
test,A5,12.445,10.797905
test,A5,12.291,10.148849
test,A5,12.005,11.138187
test,A5,11.661,10.61205
test,A5,11.356,10.2863455
test,A5,11.105,11.658726
test,A5,10.83,11.038454
test,A5,10.565,10.861561
test,A5,10.36,12.054159
test,A5,10.274,12.6093445
test,A5,10.388817,12.022814
test,A5,10.712817,10.476084
test,A5,11.116,10.437953
test,A5,11.359,13.105946
test,A5,11.639,14.686119
test,A5,12.231,10.228545
test,A5,12.66,9.466983
test,A5,12.781,11.269623
test,A5,12.363,13.5381155
test,A5,11.441,10.97257
test,A5,10.506,9.427908
test,A5,9.745,9.975784
test,A5,9.114,8.058428
test,A5,8.483,7.848603
test,A5,7.905515,9.593981
test,A5,7.130515,9.543862
test,A5,6.311,8.516468
test,A5,5.757,9.049391
test,A5,5.373,8.702697
test,A5,5.022,7.9686027
test,A5,4.747,8.801218
test,A5,4.687,8.360477
test,A5,4.908,8.303156
test,A5,5.336,8.742337
test,A5,5.560975,9.182898
test,A5,5.501975,8.741072
test,A5,5.153,8.568438
test,A5,4.642,8.4109535
test,A5,3.961,8.502497
test,A5,3.068,7.5903625
test,A5,2.488,7.04195
test,A5,2.489,8.442885
test,A5,3.207,8.263265
test,A5,4.109,8.835579
test,A5,4.516,9.393048
test,A5,4.67,9.494777
test,A5,4.8462276,9.516178
test,A5,5.1952276,9.256159
test,A5,5.781,10.34766
test,A5,6.178,9.991296
test,A5,6.457,9.323123
test,A5,6.7629156,8.855018
test,A5,6.911916,8.913645
test,A5,6.874,10.112621
test,A5,6.741,10.031854
test,A5,6.607,10.087769
test,A5,6.505,10.177802
test,A5,6.306,9.693821
test,A5,5.911,7.927822
test,A5,5.516,8.47645
test,A5,5.101,8.773672
test,A5,4.607,8.239721
test,A5,4.125,8.634401
test,A5,3.681,8.854334
test,A5,3.271,8.888348
test,A5,2.955654,8.685944
test,A5,2.8976538,8.5284195
test,A5,2.935,8.851629
test,A5,2.765,8.297617
test,A5,2.689,8.982326
test,A5,2.949,9.077977
test,A5,3.38,8.532356
test,A5,3.803,9.3127
test,A5,3.973,10.737015
test,A5,3.96,9.592589
test,A5,3.912,8.151552
test,A5,3.77,7.750134
test,A5,3.618,8.590822
test,A5,3.427,9.470928
test,A5,3.114,9.18708
test,A5,2.832,8.4004
test,A5,2.65,9.599774
test,A5,2.508,9.538643
test,A5,2.4,8.312422
test,A5,2.308,8.265404
test,A5,2.207,8.310097
test,A5,1.893,8.474262
test,A5,1.399,7.8078628
test,A5,1.099,7.6014347
test,A5,1.3791337,9.207335
test,A5,1.8291336,10.036749
test,A5,1.945,9.2775755
test,A5,1.843,9.161868
test,A5,1.805,8.498231
test,A5,2.045,9.349177
test,A5,2.229,9.95286
test,A5,2.334,10.456276
test,A5,2.369,9.714863
test,A5,2.371,7.8024116
test,A5,2.374,9.729977
test,A5,2.294,11.853613
test,A5,2.33,10.428172
test,A5,2.4299407,8.830157
test,A5,2.5229406,8.440941
test,A5,2.5478613,8.736713
test,A5,2.4248614,9.673879
test,A5,2.4031239,9.142128
test,A5,2.5681238,8.307235
test,A5,2.599,9.527013
test,A5,2.519,10.659882
test,A5,2.558,9.405538
test,A5,2.647,9.086222
test,A5,2.627,12.297829
test,A5,2.594,10.751636
test,A5,2.577,8.889179
test,A5,2.501,8.17293
test,A5,2.378,7.9352965
test,A5,2.241,9.55958
test,A5,2.1,12.184649
test,A5,2.014,11.420385
test,A5,2.118,9.841217
test,A5,2.335,8.698751
test,A5,2.413,7.9057813
test,A5,2.289,9.128778
test,A5,2.112,10.477077
test,A5,1.957,9.905983
test,A5,1.8311336,8.455704
test,A5,1.6141337,7.858982
test,A5,1.196,8.134308
test,A5,0.771,8.931892
test,A5,0.566,9.396677
test,A5,0.543,9.65944
test,A5,0.612,9.612558
test,A5,0.707,9.494402
test,A5,0.87,8.664949
test,A5,1.171,8.615221
test,A5,1.582,10.446507
test,A5,1.98,9.90329
test,A5,2.158,8.860108
test,A5,2.01411,9.0374155
test,A5,1.75711,8.0227785
test,A5,1.677,8.319551
test,A5,1.954,11.125587
test,A5,2.248,11.798657
test,A5,2.326,8.493839
test,A5,2.345,8.461212
test,A5,2.323,9.013665
test,A5,2.278,8.598503
test,A5,2.047,9.055678
test,A5,1.6298218,9.105824
test,A5,1.2128218,9.086781
test,A5,0.864,8.765546
test,A5,0.7,8.676456
test,A5,0.654,9.595218
test,A5,0.424,8.987094
test,A5,0.24,8.356842
test,A5,0.24,8.474336
test,A5,0.24,8.348955
test,A5,0.24,8.613209
test,A5,0.216,8.32954
test,A5,0.096,7.967886
test,A5,0.0,8.805479
test,A5,0.0,9.940567
test,A5,0.0,10.390743
test,A5,0.0,8.82053
test,A5,0.205,7.549211
test,A5,1.277,7.4995017
test,A5,2.361,8.2137165
test,A5,2.723,10.62817
test,A5,3.006,11.256042
test,A5,3.207,9.508797
test,A5,3.135,8.835367
test,A5,2.843,9.375523
test,A5,2.6030743,9.19928
test,A5,2.4431584,8.583889
test,A5,2.278084,8.586654
test,A5,2.102,8.522234
test,A5,1.972,8.503618
test,A5,1.948,8.3801365
test,A5,2.253,7.9047656
test,A5,2.804,9.070233
test,A5,3.218,9.401157
test,A5,3.204,8.540073
test,A5,2.716416,8.130419
test,A5,1.9774158,8.0866
test,A5,1.2148465,8.983084
test,A5,0.74384654,9.154941
test,A5,0.62,8.318798
test,A5,0.62,8.655281
test,A5,0.62,8.982784
test,A5,0.62,8.966488
test,A5,0.62,8.792862
test,A5,0.62,8.49442
test,A5,0.62,8.437042
test,A5,0.62,7.6808395
test,A5,0.62,8.031534
test,A5,0.62,8.125441
test,A5,0.62,7.8164425
test,A5,0.558,8.492462
test,A5,0.248,8.350855
test,A5,0.0,8.191311
test,A5,0.0,8.844674
test,A5,0.0,8.909231
test,A5,0.0,8.97386
test,A5,0.0,9.154623
test,A5,0.0,9.384166
test,A5,0.0,8.92222
test,A5,0.0,8.43561
test,A5,0.0,9.991701
test,A5,0.0,11.666625
test,A5,0.222,12.790543
test,A5,1.3429456,12.22771
test,A5,2.2849455,10.473346
test,A5,2.318,9.503859
test,A5,2.284,8.955722
test,A5,2.295,9.512493
test,A5,2.447,11.57115
test,A5,2.47,10.633965
test,A5,2.37001,11.185638
test,A5,2.37001,11.007186
test,A5,2.361,10.205713
test,A5,2.319,9.948119
test,A5,2.332,9.620116
test,A5,2.495,9.103563
test,A5,2.536,9.131836
test,A5,2.48,10.656909
test,A5,2.575,11.039282
test,A5,2.6249654,10.476075
test,A5,2.5709653,9.626999
test,A5,2.51,8.410885
test,A5,2.479,7.9711885
test,A5,2.413,9.342155
test,A5,2.302,10.755312
test,A5,2.206,12.925024
test,A5,2.2089555,12.605923
test,A5,2.2869554,10.015873
test,A5,2.271,9.546923
test,A5,2.138,9.266785
test,A5,1.9539208,9.067371
test,A5,1.7789208,10.565896
test,A5,1.658,9.7613125
test,A5,1.748,7.9137697
test,A5,2.155,7.93194
test,A5,2.589,9.280473
test,A5,2.813,9.53176
test,A5,2.814,8.745191
test,A5,2.656,10.480648
test,A5,2.505,11.86899
test,A5,2.436,10.049406
test,A5,2.371,8.98416
test,A5,2.214099,8.452303
test,A5,2.009099,8.324711
test,A5,1.767,9.436716
test,A5,1.391,9.579716
test,A5,1.11,8.960786
test,A5,0.985,8.512784
test,A5,0.878,8.325705
test,A5,0.797,7.9458423
test,A5,0.532,8.857323
test,A5,0.32,9.881469
test,A5,0.288,8.914795
test,A5,0.128,8.72588
test,A5,0.0,9.349896
test,A5,0.0,8.765971
test,A5,0.0,9.621044
test,A5,0.0,10.250018
test,A5,0.0,9.409842
test,A5,0.0,9.36289
test,A5,0.0,8.956606
test,A5,0.0,8.199782
test,A5,0.0,9.299384
test,A5,0.0,9.902378
test,A5,0.0,8.906666
test,A5,0.226,7.637095
test,A5,1.401,7.1055565
test,A5,2.54,8.612732
test,A5,2.77,8.572628
test,A5,2.802965,9.744524
test,A5,2.736965,11.432769
test,A5,2.539,11.018223
test,A5,2.349,10.146233
test,A5,2.348,9.812497
test,A5,2.476,10.280013
test,A5,2.64,9.136604
test,A5,2.75,7.5877233
test,A5,2.941,8.135471
test,A5,3.283,9.673643
test,A5,3.552,10.302652
test,A5,3.745,9.17538
test,A5,3.97,8.046328
test,A5,4.154,9.208345
test,A5,4.189,9.079087
test,A5,4.3020196,8.399473
test,A5,4.46902,8.234061
test,A5,4.612,8.575876
test,A5,4.972198,9.357615
test,A5,5.4224057,10.637059
test,A5,5.816208,11.046551
test,A5,6.137,10.73209
test,A5,6.447,9.7612095
test,A5,6.836,8.945725
test,A5,7.115,8.843142
test,A5,7.316,9.145817
test,A5,7.608,9.630482
test,A5,7.813,9.019086
test,A5,7.888,9.425149
test,A5,8.039,10.919849
test,A5,8.367,11.082254
test,A5,8.828,10.463267
test,A5,9.286,9.764328
test,A5,9.688,8.77232
test,A5,9.924,11.880438
test,A5,9.928,11.795217
test,A5,9.904,8.91294
test,A5,10.078,9.531217
test,A5,10.44,10.146965
test,A5,10.718846,13.763862
test,A5,10.690846,12.750539
test,A5,10.603243,11.334555
test,A5,10.509243,19.20764
test,A5,10.748,18.538792
test,A5,11.214,15.156169
test,A5,11.494,15.700708
test,A5,11.797911,13.906097
test,A5,12.028911,11.298262
test,A5,12.183,11.938099
test,A5,12.202,13.474476
test,A5,12.375921,11.613801
test,A5,12.67792,11.049771
test,A5,12.87986,12.866743
test,A5,13.09686,12.041983
test,A5,13.137,10.095665
test,A5,12.984,11.697892
test,A5,12.805,11.659425
test,A5,12.758,9.677622
test,A5,12.827065,9.182068
test,A5,12.904065,12.817101
test,A5,12.922,12.787405
test,A5,12.817,9.629272
test,A5,12.675,14.478019
test,A5,12.622,17.010132
test,A5,12.518,13.750889
test,A5,12.301,12.21125
test,A5,12.285,11.063108
test,A5,12.363,9.957548
test,A5,12.352,10.567077
test,A5,12.366,13.379637
test,A5,12.48,13.258833
test,A5,12.507,9.955977
test,A5,12.523,11.620555
test,A5,12.862,12.282488
test,A5,13.162,12.822795
test,A5,13.332925,11.497307
test,A5,13.543925,10.676624
test,A5,13.718,10.973824
test,A5,13.761,11.1691475
test,A5,13.6,11.468437
test,A5,13.399,12.1922035
test,A5,13.285,10.045007
test,A5,13.074,10.703424
test,A5,12.642,13.663408
test,A5,12.36598,12.260221
test,A5,12.392981,11.377105
test,A5,12.633,10.754253
test,A5,12.952,9.427055
test,A5,13.133,10.577715
test,A5,13.05,11.000554
test,A5,12.779901,10.392575
test,A5,12.597901,7.985641
test,A5,12.678,8.714237
test,A5,12.673,8.585379
test,A5,12.426,9.296116
test,A5,11.819,10.87717
test,A5,10.795302,11.599161
test,A5,9.992302,10.099751
test,A5,9.611,8.017352
test,A5,9.368,8.803374
test,A5,9.181,11.661949
test,A5,9.264,11.160345
test,A5,9.651,10.329353
test,A5,9.961,10.276619
test,A5,10.187,12.284479
test,A5,10.804,10.935808
test,A5,11.35194,9.294554
test,A5,11.49894,10.386575
test,A5,11.616,10.528189
test,A5,11.724,11.294371
test,A5,11.491,11.314918
test,A5,11.494,9.830955
test,A5,11.595,8.69696
test,A5,11.404208,8.976208
test,A5,11.593208,9.412498
test,A5,11.914,10.775921
test,A5,12.031,12.00996
test,A5,12.1,11.357336
test,A5,12.434,10.171034
test,A5,12.802,7.8885436
test,A5,13.141045,8.507437
test,A5,13.368721,13.109032
test,A5,13.508677,12.6622715
test,A5,13.688,11.104748
test,A5,13.683,13.485054
test,A5,13.557,13.975332
test,A5,13.234,13.584
test,A5,12.731,13.168016
test,A5,12.157,12.792818
test,A5,12.243,10.813721
test,A5,12.948,10.401571
test,A5,13.232,11.320901
test,A5,13.217901,12.027857
test,A5,13.292901,12.915388
test,A5,13.256,14.792953
test,A5,12.931,11.809202
test,A5,12.292,8.584032
test,A5,11.749,9.370744
test,A5,11.529,9.373331
test,A5,11.478,9.884256
test,A5,11.526,10.439535
test,A5,11.525,8.737715
test,A5,11.627,9.394868
test,A5,11.769,11.413292
test,A5,11.636,11.659574
test,A5,11.571,11.522383
test,A5,11.833,10.357746
test,A5,12.101,12.5617485
test,A5,12.281651,12.685424
test,A5,12.5133505,10.419264
test,A5,12.9297,10.462395
test,A5,13.272,10.163147
test,A5,13.346,12.682895
test,A5,13.296,12.241141
test,A5,13.389,11.213644
test,A5,13.73,16.011282
test,A5,14.061,13.988051
test,A5,14.393,9.587743
test,A5,14.597,12.602038
test,A5,14.67195,12.808962
test,A5,14.799951,10.514393
test,A5,14.883,12.613251
test,A5,14.912,11.87645
test,A5,15.027,8.894054
test,A5,15.278,9.87705
test,A5,15.593,11.747953
test,A5,15.88193,12.33426
test,A5,16.07793,10.591293
test,A5,16.33,10.686005
test,A5,16.624,12.512176
test,A5,16.878,13.62261
test,A5,17.082,12.505357
test,A5,17.361,15.435171
test,A5,17.641,14.921764
test,A5,17.589,12.299064
test,A5,17.452,14.20908
test,A5,17.484,13.756219
test,A5,17.528,12.09002
test,A5,17.669,12.907632
test,A5,17.79194,12.595377
test,A5,17.86194,10.938398
test,A5,18.062,12.61909
test,A5,18.15,11.72692
test,A5,17.957045,12.817153
test,A5,17.887045,15.420097
test,A5,18.221,16.92555
test,A5,18.578,13.774662
test,A5,18.657,14.62722
test,A5,18.821,13.674636
test,A5,19.073,14.276781
test,A5,19.191,14.533749
test,A5,19.272,10.443884
test,A5,19.596,9.273693
test,A5,20.013,9.665019
test,A5,20.167,10.744029
test,A5,20.26,11.5572605
test,A5,20.289,12.027779
test,A5,20.352,14.279802
test,A5,20.458,18.857845
test,A5,20.461,24.67484
test,A5,20.535,25.907627
test,A5,20.688,18.084011
test,A5,20.874,18.029537
test,A5,21.102917,19.94255
test,A5,21.159916,14.317669
test,A5,21.208,14.361781
test,A5,21.313128,14.088453
test,A5,21.271128,13.029277
test,A5,21.147,11.743637
test,A5,20.786,11.425552
test,A5,20.382875,10.604635
test,A5,20.165857,11.780516
test,A5,20.01798,13.194199
test,A5,19.85,13.666331
test,A5,19.642,14.910603
test,A5,19.317,15.087603
test,A5,18.621,14.673556
test,A5,17.809,10.804295
test,A5,17.049,13.629543
test,A5,16.416,15.85448
test,A5,15.982,12.994516
test,A5,15.602,12.831278
test,A5,15.272,13.040112
test,A5,14.969,11.253224
test,A5,14.631961,9.577566
test,A5,14.424021,11.938096
test,A5,14.41606,14.053089
test,A5,14.273,12.737297
test,A5,14.074,11.661623
test,A5,14.005125,10.950914
test,A5,13.737125,11.238983
test,A5,12.902,10.248073
test,A5,12.235,9.81172
test,A5,12.153,10.59358
test,A5,12.051,9.707729
test,A5,11.995065,10.466069
test,A5,11.989985,11.0028305
test,A5,11.9779215,10.005958
test,A5,12.011,9.564239
test,A5,12.056,12.05485
test,A5,12.302,12.440422
test,A5,12.714,13.065275
test,A5,13.133,12.852527
test,A5,13.517,11.317004
test,A5,13.785,11.35203
test,A5,14.022,11.535895
test,A5,13.937,9.169247
test,A5,13.61797,9.0395775
test,A5,13.51997,11.091193
test,A5,13.59,14.995613
test,A5,13.735,13.41345
test,A5,13.846,10.603855
test,A5,13.889,10.904037
test,A5,13.906,11.244552
test,A5,14.034,11.781771
test,A5,14.221,10.761566
test,A5,14.235,10.23779
test,A5,14.078,9.608774
test,A5,13.905,10.682646
test,A5,13.786,11.498192
test,A5,13.698,11.864399
test,A5,13.629,10.168087
test,A5,13.516965,10.21067
test,A5,13.378965,8.970822
test,A5,13.273,10.042715
test,A5,13.284,11.414307
test,A5,13.36,10.886276
test,A5,13.375,10.299976
test,A5,13.476,10.685372
test,A5,13.682,11.502943
test,A5,13.89,12.78533
test,A5,14.103,14.657047
test,A5,14.369,11.176937
test,A5,14.634,12.894617
test,A5,14.883,13.504681
test,A5,15.127,10.329271
test,A5,15.259,11.143847
test,A5,15.285,11.35063
test,A5,15.351,12.049601
test,A5,15.464,14.186519
test,A5,15.492,14.043846
test,A5,15.458,11.543698
test,A5,15.47,12.111532
test,A5,15.624,12.435369
test,A5,16.0,12.906924
test,A5,16.378,16.389814
test,A5,16.675,13.136127
test,A5,16.97,13.255239
test,A5,17.121,12.6847725
test,A5,17.122,11.613926
test,A5,16.924,13.005819
test,A5,16.852,13.347214
test,A5,17.022,11.338995
test,A5,17.21595,12.945545
test,A5,17.29595,13.07346
test,A5,17.202,11.654079
test,A5,17.231,12.988994
test,A5,17.312,12.159157
test,A5,17.212,13.8571205
test,A5,16.835,13.802546
test,A5,16.8,12.645212
test,A5,17.039,15.539337
test,A5,16.949,15.020448
test,A5,16.963,14.564098
test,A5,17.158,13.029365
test,A5,17.392,10.225515
test,A5,17.678,9.989988
test,A5,17.763,15.154092
test,A5,17.349361,15.520542
test,A5,16.598362,12.443293
test,A5,15.662,14.915533
test,A5,14.399,14.483822
test,A5,13.577,12.68619
test,A5,13.275,12.055923
test,A5,12.968,10.253862
test,A5,12.885,10.45814
test,A5,12.929,11.09538
test,A5,12.646,12.960307
test,A5,12.229,12.474617
test,A5,11.30002,9.505556
test,A5,10.39443,11.216255
test,A5,9.94141,13.032928
test,A5,9.424,11.622418
test,A5,9.056,10.623474
test,A5,8.963,12.720499
test,A5,9.366,12.765488
test,A5,9.651,12.845707
test,A5,9.67,12.955168
test,A5,9.817,14.825346
test,A5,10.273,13.503601
test,A5,10.751,10.927693
test,A5,10.997,11.151753
test,A5,11.301,10.932978
test,A5,11.516,11.117466
test,A5,11.493,12.330792
test,A5,11.57599,13.458492
test,A5,11.705005,12.261476
test,A5,11.712015,11.765839
test,A5,11.648,11.177618
test,A5,11.547,13.884283
test,A5,11.242,18.248129
test,A5,10.932505,17.624388
test,A5,11.282505,15.792975
test,A5,11.646,13.518362
test,A5,11.503,11.35478
test,A5,11.422866,15.757905
test,A5,11.588866,13.756635
test,A5,11.86,9.378223
test,A5,12.106,10.5320835
test,A5,12.182,10.894553
test,A5,12.030069,10.601114
test,A5,11.864069,13.827291
test,A5,11.847005,17.779764
test,A5,11.875005,14.593635
test,A5,11.877,14.513646
test,A5,11.899,15.874407
test,A5,11.999,15.80683
test,A5,12.228,12.461636
test,A5,12.45,11.017824
test,A5,12.509,13.751738
test,A5,12.543,12.097935
test,A5,12.23,11.494171
test,A5,11.469,14.559391
test,A5,10.652,14.122138
test,A5,10.254,13.925636
test,A5,10.081,12.793478
test,A5,9.735,11.436376
test,A5,9.364,11.742363
test,A5,8.895,11.012137
test,A5,8.418,9.767252
test,A5,8.173,10.735686
test,A5,8.07,16.577866
test,A5,7.912,17.00116
test,A5,7.874,12.336094
test,A5,7.999,14.865342
test,A5,7.8881087,15.880409
test,A5,7.577109,12.061606
test,A5,7.377,10.069954
test,A5,7.22383,12.00995
test,A5,7.05683,14.129805
test,A5,7.074,11.8253765
test,A5,7.158,10.392473
test,A5,6.969,9.001907
test,A5,6.647461,9.351028
test,A5,6.2554607,9.44651
test,A5,5.838,9.487758
test,A5,5.352,11.156858
test,A5,4.87,10.789608
test,A5,4.442,13.060217
test,A5,4.152,13.558346
test,A5,4.071,13.061465
test,A5,4.02,12.790082
test,A5,3.961,10.42352
test,A5,3.972,11.397093
test,A5,4.0029554,12.193266
test,A5,4.0369554,10.117736
test,A5,4.129,10.841384
test,A5,4.129,10.955803
test,A5,4.052,11.864056
test,A5,3.982,11.226144
test,A5,3.87,8.895818
test,A5,3.679,8.980677
test,A5,3.576,9.708694
test,A5,3.712,10.641073
test,A5,3.993,9.354204
test,A5,4.368,10.760292
test,A5,4.767,10.021622
test,A5,5.089,9.623418
test,A5,5.348,11.661499
test,A5,5.5299606,13.069344
test,A5,5.6029606,13.636286
test,A5,5.767,12.9263115
test,A5,5.824,12.783884
test,A5,5.473,11.914075
test,A5,5.188,11.865016
test,A5,5.091,11.529861
test,A5,4.97,10.116542
test,A5,4.941104,10.453348
test,A5,4.906104,11.504954
test,A5,4.902,10.768979
test,A5,4.829,10.6758
test,A5,4.6640496,9.50326
test,A5,4.7090497,8.186684
test,A5,5.015,8.234805
test,A5,5.559,7.497462
test,A5,6.0532227,8.702089
test,A5,6.4342227,9.808968
test,A5,6.798,10.4813
test,A5,7.259,10.22778
test,A5,7.782,9.897125
test,A5,8.205,10.683793
test,A5,8.552,11.535385
test,A5,8.805,11.821783
test,A5,9.134,12.753412
test,A5,9.431,13.890359
test,A5,9.613,12.02532
test,A5,10.162,12.728148
test,A5,10.914,11.956711
test,A5,11.505,8.510207
test,A5,11.889,9.011743
test,A5,11.861,13.162516
test,A5,11.632,14.649214
test,A5,11.44,12.488195
test,A5,11.582,9.69252
test,A5,11.84,11.03169
test,A5,11.908886,14.275864
test,A5,12.063886,16.401302
test,A5,12.305,12.633975
test,A5,12.772,9.230071
test,A5,13.392,11.59502
test,A5,13.968,11.995167
test,A5,14.595,11.020493
test,A5,15.124139,9.449984
test,A5,15.415138,12.794508
test,A5,15.483104,14.68369
test,A5,15.578891,13.55256
test,A5,15.941787,13.224403
test,A5,16.486,13.202948
test,A5,17.026,14.313667
test,A5,17.386,13.75219
test,A5,17.662,13.114822
test,A5,17.891,11.834282
test,A5,17.978985,12.051061
test,A5,17.997986,13.240472
test,A5,18.039,12.095289
test,A5,18.197,12.231455
test,A5,18.401,11.2568
test,A5,18.58,10.18395
test,A5,18.714,12.446543
test,A5,18.686,13.964131
test,A5,18.676,14.077629
test,A5,18.676,12.988858
test,A5,18.55,12.054604
test,A5,18.373,12.276724
test,A5,18.093,12.471177
test,A5,17.852,13.2114525
test,A5,17.672,13.55001
test,A5,17.428,12.904579
test,A5,17.175,12.404371
test,A5,16.965,12.016769
test,A5,16.833,11.000688
test,A5,16.744207,10.5437975
test,A5,16.506208,12.606982
test,A5,16.257,11.368053
test,A5,16.427,9.922522
test,A5,16.222,11.912996
test,A5,15.654,13.554893
test,A5,15.474,12.810619
test,A5,15.277921,12.7579975
test,A5,15.0439205,12.827059
test,A5,14.941,12.304536
test,A5,14.94,11.72642
test,A5,14.908,10.524848
test,A5,14.874,10.136232
test,A5,14.937,9.619926
test,A5,14.963,10.8204
test,A5,14.937,11.551733
test,A5,14.8,13.161543
test,A5,14.419634,14.983777
test,A5,13.792634,12.634146
test,A5,13.116,9.374937
test,A5,12.706,10.2216835
test,A5,12.444,9.365993
test,A5,12.248,10.171293
test,A5,12.183,9.777699
test,A5,12.098,10.427777
test,A5,11.94,14.429436
test,A5,11.446,13.278955
test,A5,10.823,9.70159
test,A5,10.385,9.949053
test,A5,9.975,8.904634
test,A5,9.75,9.973143
test,A5,9.584,10.6263485
test,A5,9.166,10.596543
test,A5,8.412,10.256298
test,A5,7.824,9.336025
test,A5,7.546206,11.396801
test,A5,6.913206,10.907648
test,A5,6.687,8.635376
test,A5,7.443,8.188446
test,A5,8.209,8.073368
test,A5,8.631,9.564602
test,A5,8.82,9.103632
test,A5,8.834,8.863876
test,A5,8.787,9.617913
test,A5,8.693,9.212961
test,A5,8.697,8.985096
test,A5,8.751,8.893531
test,A5,8.787,9.46456
test,A5,8.831044,9.956725
test,A5,8.823045,9.215988
test,A5,8.87,8.6842165
test,A5,8.93198,10.042058
test,A5,8.94298,9.960558
test,A5,8.863,9.798287
test,A5,8.346718,10.993307
test,A5,7.6707177,10.343066
test,A5,7.288,9.648569
test,A5,7.081005,10.099251
test,A5,7.006005,10.245691
test,A5,7.01597,10.900299
test,A5,7.0609703,10.379976
test,A5,7.176,8.961008
test,A5,7.334,9.371609
test,A5,7.532,9.2644615
test,A5,7.88,9.236819
test,A5,8.352,9.597821
test,A5,8.641,10.851579
test,A5,8.667,10.642709
test,A5,8.842748,9.353907
test,A5,9.331747,10.100204
test,A5,9.954,10.301353
test,A5,10.284,11.3411255
test,A5,10.521,10.289187
test,A5,11.026,7.5827785
test,A5,11.546,8.967857
test,A5,12.166,10.593664
test,A5,12.86997,11.123728
test,A5,13.27597,13.110474
test,A5,13.72,14.253281
test,A5,14.152,11.604503
test,A5,14.323,12.694885
test,A5,14.566,14.012208
test,A5,14.913,10.1297455
test,A5,15.225,8.723877
test,A5,15.564748,9.541962
test,A5,16.024748,9.8220215
test,A5,16.282,9.298454
test,A5,16.367,11.085524
test,A5,16.47,13.947475
test,A5,16.645,13.334648
test,A5,16.867,11.940624
test,A5,17.345,11.930747
test,A5,18.043,14.348363
test,A5,18.454,16.378326
test,A5,18.514,15.181587
test,A5,18.442,12.604618
test,A5,18.414,9.9107485
test,A5,18.427,11.206227
test,A5,18.395094,11.382065
test,A5,18.297094,10.568573
test,A5,18.253,10.8550825
test,A5,18.397,9.386908
test,A5,18.516,9.587854
test,A5,18.48,10.670991
test,A5,18.489,11.577337
test,A5,18.463,13.313793
test,A5,18.053526,13.090915
test,A5,17.170525,12.734748
test,A5,15.976,12.617919
test,A5,14.775,12.360632
test,A5,13.913,11.463114
test,A5,13.337,13.087835
test,A5,12.943,12.548886
test,A5,12.743,9.66872
test,A5,12.585,9.661646
test,A5,12.45,10.041189
test,A5,12.366,10.711819
test,A5,12.232,10.372061
test,A5,12.063,9.513411
test,A5,12.0,10.496868
test,A5,12.035,12.282108
test,A5,12.112,11.41861
test,A5,12.216,11.167295
test,A5,12.4,11.976183
test,A5,12.568,12.126364
test,A5,12.56,12.481464
test,A5,12.284,9.606085
test,A5,11.714,9.740231
test,A5,11.252,10.88515
test,A5,11.094,12.17631
test,A5,11.078,12.018991
test,A5,11.133,10.68661
test,A5,11.272,11.089971
test,A5,11.504,9.1520195
test,A5,11.695015,11.811013
test,A5,11.742064,17.182076
test,A5,11.68405,15.834991
test,A5,11.683,14.605797
test,A5,11.832,12.372809
test,A5,12.147,13.914204
test,A5,12.535,15.196867
test,A5,12.68,14.335457
test,A5,12.595,12.630344
test,A5,12.458,9.586623
test,A5,12.226,10.126183
test,A5,11.759,11.357201
test,A5,11.111,11.6108
test,A5,10.484,11.445045
test,A5,9.711,10.857037
test,A5,8.373,14.0301895
test,A5,6.77,12.842359
test,A5,5.717,9.1490555
test,A5,5.188,8.629043
test,A5,4.85,9.847325
test,A5,4.765,8.596191
test,A5,4.934,8.775872
test,A5,5.037,8.423669
test,A5,4.974,10.05847
test,A5,4.953,9.486982
test,A5,5.093,8.735662
test,A5,5.336,9.014775
test,A5,5.599,11.026788
test,A5,5.894,11.156532
test,A5,6.220317,9.557119
test,A5,6.693317,9.919481
test,A5,7.244,10.170177
test,A5,7.74,10.0229645
test,A5,8.254,9.69475
test,A5,8.825,10.542379
test,A5,9.358,9.964634
test,A5,9.696118,10.681897
test,A5,9.934119,11.631545
test,A5,10.1920595,11.414207
test,A5,10.387059,12.195467
test,A5,10.527,12.468088
test,A5,10.674,10.5168705
test,A5,10.738,10.313337
test,A5,10.652,12.2688465
test,A5,10.447,11.773455
test,A5,10.184,11.164573
test,A5,9.953,9.815259
test,A5,9.823,10.066975
test,A5,9.717,11.35593
test,A5,9.644,11.822765
test,A5,9.64,11.521953
test,A5,9.654,9.746774
test,A5,9.764,9.5134945
test,A5,10.071,11.236537
test,A5,10.526,13.5971985
test,A5,10.98,12.883009
test,A5,11.454,10.338569
test,A5,11.989,9.837833
test,A5,12.344,8.386698
test,A5,12.45,8.496758
test,A5,12.133,9.480736
test,A5,11.589,12.249356
test,A5,11.222,12.803281
test,A5,10.905,10.840765
test,A5,10.605,10.91762
test,A5,10.436,12.484243
test,A5,10.393,13.890457
test,A5,10.356976,11.927239
test,A5,10.316976,11.5959015
test,A5,10.283,13.533333
test,A5,10.272,14.085571
test,A5,10.254,11.913986
test,A5,10.217,9.896842
test,A5,10.134,10.36303
test,A5,9.967,10.820427
test,A5,9.76,10.811774
test,A5,9.595,11.483629
test,A5,9.470059,12.612317
test,A5,9.351059,11.391247
test,A5,9.263,10.852882
test,A5,9.202,11.673025
test,A5,9.137,11.015146
test,A5,9.093,10.807522
test,A5,9.159104,9.560272
test,A5,9.342104,10.676524
test,A5,9.595,13.901562
test,A5,9.94,12.546463
test,A5,10.359,10.880978
test,A5,10.732875,10.02902
test,A5,11.009875,11.276443
test,A5,11.228,13.873613
test,A5,11.416,13.069457
test,A5,11.6,11.877602
test,A5,11.799,11.424874
test,A5,11.985,12.738371
test,A5,12.128,13.368261
test,A5,12.232,12.714554
test,A5,12.289,10.600439
test,A5,12.332,9.4501
test,A5,12.371,10.988622
test,A5,12.428,10.197149
test,A5,12.481,10.1864195
test,A5,12.454,9.903206
test,A5,12.292,10.489672
test,A5,12.139,11.8118305
test,A5,12.121104,10.323681
test,A5,12.009104,11.342337
test,A5,11.809703,11.722591
test,A5,11.972703,10.621526
test,A5,12.209,8.868924
test,A5,12.119,10.27409
test,A5,11.966,9.401553
test,A5,11.7,10.786737
test,A5,11.353,12.974416
test,A5,11.026,14.279398
test,A5,10.767,12.529426
test,A5,10.684936,11.858708
test,A5,10.736936,10.834055
test,A5,10.769,8.329752
test,A5,10.658,8.609339
test,A5,10.401,10.190331
test,A5,10.060139,10.498331
test,A5,9.748138,9.832099
test,A5,9.498,11.623269
test,A5,9.247,11.9666605
test,A5,8.829,11.908465
test,A5,8.477,12.344664
test,A5,8.483,12.761215
test,A5,8.647,12.539904
test,A5,8.677,11.723616
test,A5,8.569,11.529485
test,A5,8.374099,9.413148
test,A5,8.149099,10.036961
test,A5,8.064,9.841714
test,A5,8.052,9.65111
test,A5,8.014,9.622183
test,A5,7.993,9.638871
test,A5,8.018,9.397355
test,A5,8.076,10.3003235
test,A5,8.09,9.794279
test,A5,8.022,10.967636
test,A5,7.869,11.320272
test,A5,7.678,10.257251
test,A5,7.542,9.268536
test,A5,7.401,9.934991
test,A5,7.259,9.233778
test,A5,7.127,7.687616
test,A5,6.976,8.559614
test,A5,6.783,9.159275
test,A5,6.581,9.969242
test,A5,6.304,10.469008
test,A5,6.028,9.966679
test,A5,5.868,9.350527
test,A5,5.672,7.858479
test,A5,5.262,8.061825
test,A5,4.559,8.939013
test,A5,3.833,8.944422
test,A5,3.25,8.985793
test,A5,2.818,8.850833
test,A5,2.573,8.940092
test,A5,2.385,8.142824
test,A5,2.151,8.834444
test,A5,1.789,9.37792
test,A5,1.516,10.629864
test,A5,1.507,12.709596
test,A5,1.673,12.565109
test,A5,1.968,10.100835
test,A5,2.306,8.556589
test,A5,2.744,8.656326
test,A5,3.214,7.532989
test,A5,3.711,7.9403768
test,A5,4.331,9.5446
test,A5,5.016,9.647978
test,A5,5.669,9.031538
test,A5,6.064,11.198472
test,A5,6.249,12.114129
test,A5,6.385,12.867759
test,A5,6.486,12.234993
test,A5,6.586,9.831296
test,A5,6.658,10.490644
test,A5,6.685,10.193433
test,A5,6.608,10.19363
test,A5,6.294,10.898186
test,A5,5.87,9.066156
test,A5,5.473,9.718338
test,A5,5.107,9.629418
test,A5,4.825,9.491304
test,A5,4.581,9.942535
test,A5,4.366,8.977664
test,A5,4.174,8.664325
test,A5,4.0109854,10.550645
test,A5,3.9649851,11.300288
test,A5,4.138,10.508314
test,A5,4.42,8.674961
test,A5,4.772,7.788505
test,A5,5.096,7.639588
test,A5,5.32,8.939707
test,A5,5.749,9.687682
test,A5,6.282267,10.130183
test,A5,6.767267,10.156899
test,A5,7.2318316,9.450258
test,A5,7.5978317,9.184033
test,A5,7.88,10.836846
test,A5,8.15,11.419955
test,A5,8.492,11.366964
test,A5,8.789,11.383746
test,A5,9.065,11.9781475
test,A5,9.477,10.851267
test,A5,9.924,12.141841
test,A5,10.328,13.39891
test,A5,10.74,12.260464
test,A5,11.000935,13.8380995
test,A5,11.114935,11.106892
test,A5,11.269,9.185774
test,A5,11.449134,12.241736
test,A5,11.681133,14.226389
test,A5,11.979,15.0519085
test,A5,12.355,14.076432
test,A5,12.730896,11.130276
test,A5,12.988896,12.014761
test,A5,13.123,13.4297905
test,A5,13.074,13.392522
test,A5,12.874955,16.448067
test,A5,12.735955,13.600021
test,A5,12.77,9.825661
test,A5,12.919,11.375528
test,A5,13.052,11.763227
test,A5,13.146,12.47506
test,A5,13.301,13.25612
test,A5,13.565,12.320374
test,A5,13.849,11.117059
test,A5,14.058,9.897532
test,A5,14.14,9.621311
test,A5,13.847,10.276813
test,A5,13.42,11.051212
test,A5,13.147,9.816864
test,A5,12.884129,9.2772045
test,A5,12.619129,9.585093
test,A5,12.31,9.047456
test,A5,11.981,8.858979
test,A5,11.635,9.942854
test,A5,11.294,10.501253
test,A5,10.986,10.759565
test,A5,10.666,11.281985
test,A5,10.344,11.052907
test,A5,10.02,13.854946
test,A5,9.736,13.244446
test,A5,9.531,13.55788
test,A5,9.413,13.8988
test,A5,9.433,11.688641
test,A5,9.598837,11.031483
test,A5,9.885837,11.654777
test,A5,10.235,11.00503
test,A5,10.539,10.322513
test,A5,10.757,11.70661
test,A5,10.982,13.487408
test,A5,11.270857,13.735426
test,A5,11.575856,12.61085
test,A5,11.877,13.993698
test,A5,12.178,14.167159
test,A5,12.548,10.8193
test,A5,12.918,12.582939
test,A5,13.207,14.069811
test,A5,13.486,13.388414
test,A5,13.74,12.651262
test,A5,13.978,13.627851
test,A5,14.138,15.140158
test,A5,14.181,13.922092
test,A5,14.260886,13.01552
test,A5,14.442886,14.041872
test,A5,14.639144,14.0519285
test,A5,14.870144,14.301495
test,A5,15.135,13.870672
test,A5,15.339,10.473104
test,A5,15.443,9.898407
test,A5,15.483,11.842403
test,A5,15.541,12.575334
test,A5,15.695851,11.65747
test,A5,15.952966,12.037161
test,A5,16.214113,11.051622
test,A5,16.467,10.824032
test,A5,16.728,12.055218
test,A5,16.868,12.207668
test,A5,16.921074,13.063277
test,A5,17.108751,12.17609
test,A5,17.5938,9.819195
test,A5,17.782124,15.105135
test,A5,17.42592,19.078909
test,A5,17.156921,14.01752
test,A5,17.126,13.469379
test,A5,17.241,13.640568
test,A5,17.402,11.969643
test,A5,17.591,13.10163
test,A5,17.785,14.136521
test,A5,17.921,14.771164
test,A5,18.001,12.316829
test,A5,18.08198,10.22028
test,A5,18.16798,10.439016
test,A5,18.276,10.983816
test,A5,18.460905,10.788828
test,A5,18.661905,11.405212
test,A5,18.846,11.478883
test,A5,19.01,12.084251
test,A5,19.088,13.6462
test,A5,19.077,13.975878
test,A5,19.076,18.76569
test,A5,19.138,18.40532
test,A5,19.219,15.592646
test,A5,19.266945,13.931978
test,A5,19.329945,14.018909
test,A5,19.402,12.929365
test,A5,19.468,13.841972
test,A5,19.582,14.590976
test,A5,19.825,16.06222
test,A5,20.181,16.161007
test,A5,20.48,12.25725
test,A5,20.849,10.115186
test,A5,21.166,9.453596
test,A5,21.357,13.574796
test,A5,21.45999,13.314911
test,A5,21.43899,11.564594
test,A5,21.446,12.449861
test,A5,21.507,10.083231
test,A5,21.574,11.0788
test,A5,21.576,13.277277
test,A5,21.607,11.843612
test,A5,21.606,11.152813
test,A5,21.464,14.630806
test,A5,21.361,14.718681
test,A5,21.361,14.146661
test,A5,21.337,15.983395
test,A5,21.3,13.9365015
test,A5,21.262,13.1537
test,A5,21.176,13.644606
test,A5,21.125,12.527374
test,A5,21.157,11.325631
test,A5,21.2,12.461271
test,A5,21.177,12.19916
test,A5,21.177,12.74976
test,A5,21.232,11.667523
test,A5,21.278,11.190899
test,A5,21.356976,15.270073
test,A5,21.38694,15.171772
test,A5,21.415966,14.322239
test,A5,21.507,14.361692
test,A5,21.537,14.81061
test,A5,21.553,13.358814
test,A5,21.572,13.097422
test,A5,21.52,13.199051
test,A5,21.535,15.050261
test,A5,21.594,13.0071125
test,A5,21.579,11.023393
test,A5,21.527,16.090622
test,A5,21.491,15.090178
test,A5,21.474,10.876413
test,A5,21.473,10.286303
test,A5,21.469,10.663078
test,A5,21.372,10.45961
test,A5,21.206,10.46134
test,A5,21.04,11.134535
test,A5,20.885,11.21907
test,A5,20.707,11.570259
test,A5,20.531044,11.908075
test,A5,20.407045,14.399742
test,A5,20.263,15.3064785
test,A5,20.106,12.319817
test,A5,19.964,10.278202
test,A5,19.847,11.723124
test,A5,19.79,11.795437
test,A5,19.759,11.349521
test,A5,19.711,12.425489
test,A5,19.702,13.6042795
test,A5,19.745,12.220644
test,A5,19.84,13.088723
test,A5,20.019085,15.787319
test,A5,20.214085,14.298032
test,A5,20.401,15.190535
test,A5,20.54204,15.164711
test,A5,20.64204,12.373854
test,A5,20.801,14.597152
test,A5,20.939,14.512028
test,A5,21.003,12.298788
test,A5,21.051,12.366138
test,A5,21.14,11.316107
test,A5,21.26,11.329546
test,A5,21.343,12.54764
test,A5,21.356,13.03623
test,A5,21.373,11.170549
test,A5,21.424,13.394889
test,A5,21.418,15.111443
test,A5,21.413,16.499645
test,A5,21.429,21.91394
test,A5,21.442,17.353138
test,A5,21.421,11.339146
test,A5,21.386,11.24024
test,A5,21.398,12.319668
test,A5,21.442,12.139126
test,A5,21.514,13.052435
test,A5,21.621,13.590683
test,A5,21.679,11.1969185
test,A5,21.733,11.0930195
test,A5,21.689,10.925351
test,A5,21.526058,9.966839
test,A5,21.404058,10.883963
test,A5,21.132,12.8633995
test,A5,20.855,11.088639
test,A5,21.27,9.956305
test,A5,21.7,11.176677
test,A5,21.548,12.697278
test,A5,21.409,14.393982
test,A5,21.368,12.584042
test,A5,21.388975,10.541148
test,A5,21.422976,10.737469
test,A5,21.407,11.055704
test,A5,21.38,11.78153
test,A5,21.399,10.655025
test,A5,21.404,13.680251
test,A5,21.45003,13.877547
test,A5,21.47003,13.27494
test,A5,21.392,12.719413
test,A5,21.408,11.747812
test,A5,21.433,12.218297
test,A5,21.373842,12.911935
test,A5,21.251842,11.798481
test,A5,21.299,11.03355
test,A5,21.459,14.685946
test,A5,21.472,14.237114
test,A5,21.455,11.391642
test,A5,21.441,11.281111
test,A5,21.488,14.162224
test,A5,21.596,14.848906
test,A5,21.653,14.080467
test,A5,21.605,11.754803
test,A5,21.515,12.7865925
test,A5,21.475,12.859907
test,A5,21.464,11.6661215
test,A5,21.411,13.133102
test,A5,21.381,13.268742
test,A5,21.419,15.895319
test,A5,21.497,15.848264
test,A5,21.598,12.391815
test,A5,21.641,13.417476
test,A5,21.596,13.439739
test,A5,21.55,11.505856
test,A5,21.493,9.762236
test,A5,21.421,10.932392
test,A5,21.416,12.106321
test,A5,21.47,12.810776
test,A5,21.512,13.7276745
test,A5,21.518,12.530649
test,A5,21.507,11.659955
test,A5,21.48,11.484665
test,A5,21.419,11.678399
test,A5,21.422,13.382811
test,A5,21.43596,15.297093
test,A5,21.37196,14.781973
test,A5,21.341,11.685898
test,A5,21.35,13.58785
test,A5,21.372,16.35794
test,A5,21.375015,15.285918
test,A5,21.350016,14.352287
test,A5,21.325,12.699128
test,A5,21.303,13.765324
test,A5,21.298,11.592831
test,A5,21.315,11.156229
test,A5,21.34,12.698082
test,A5,21.362,14.031023
test,A5,21.366,14.099306
test,A5,21.353,12.171793
test,A5,21.362,9.894538
test,A5,21.341,12.168068
test,A5,21.305,14.049261
test,A5,21.315,10.927839
test,A5,21.367,10.373272
test,A5,21.42,10.624924
test,A5,21.443,12.82941
test,A5,21.447,14.842613
test,A5,21.41,11.179258
test,A5,21.395,12.050838
test,A5,21.417,13.752043
test,A5,21.424,14.1860695
test,A5,21.422,13.675772
test,A5,21.427,12.27626
test,A5,21.405,12.114806
test,A5,21.368,13.103718
test,A5,21.382975,15.324949
test,A5,21.387976,16.265339
test,A5,21.361,17.843624
test,A5,21.374,16.141876
test,A5,21.425,11.922007
test,A5,21.499,9.360067
test,A5,21.559,10.854254
test,A5,21.567,12.599813
test,A5,21.522,14.016105
test,A5,21.458,11.136466
test,A5,21.401,12.179556
test,A5,21.364,13.053501
test,A5,21.367,13.15749
test,A5,21.406,14.834525
test,A5,21.462,11.247192
test,A5,21.515,11.5996475
test,A5,21.537,12.1975155
test,A5,21.549,10.231483
test,A5,21.555,10.552816
test,A5,21.5,12.601023
test,A5,21.435,12.25411
test,A5,21.421,9.398945
test,A5,21.45002,8.951659
test,A5,21.46002,9.122826
test,A5,21.411,9.949499
test,A5,21.373,15.387894
test,A5,21.364996,14.444689
test,A5,21.370995,11.041077
test,A5,21.401,13.064199
test,A5,21.421,12.89156
test,A5,21.403,11.791687
test,A5,21.4,11.401666
test,A5,21.426975,9.629362
test,A5,21.45495,11.286397
test,A5,21.451965,12.049345
test,A5,21.43899,11.431641
test,A5,21.424,11.543882
test,A5,21.369,11.76158
test,A5,21.322,13.204657
test,A5,21.313,14.114437
test,A5,21.337,11.2599945
test,A5,21.394,10.2906475
test,A5,21.431,13.920562
test,A5,21.432,15.3364315
test,A5,21.405,11.178812
test,A5,21.341034,10.601442
test,A5,21.327034,11.871168
test,A5,21.345,13.525065
test,A5,21.397,15.493661
test,A5,21.448,15.304776
test,A5,21.467,13.263914
test,A5,21.490059,13.528394
test,A5,21.462059,13.751123
test,A5,21.432,13.4154625
test,A5,21.451,14.691206
test,A5,21.493,13.885226
test,A5,21.479,11.363859
test,A5,21.467,14.565394
test,A5,21.52201,14.510241
test,A5,21.53801,12.855289
test,A5,21.47,12.288492
test,A5,21.358,13.871987
test,A5,21.186,13.122999
test,A5,20.968,10.758581
test,A5,20.76593,11.135518
test,A5,20.585085,11.27423
test,A5,20.356243,11.73395
test,A5,20.127089,12.945627
test,A5,19.972,13.301181
test,A5,19.869,13.868279
test,A5,19.82,15.303997
test,A5,19.794,14.08046
test,A5,19.775,11.088865
test,A5,19.798029,9.895026
test,A5,19.812029,10.26976
test,A5,19.824,13.028333
test,A5,19.838,11.499813
test,A5,19.842,11.304661
test,A5,19.893,12.691118
test,A5,19.904,11.771412
test,A5,19.884,12.325607
test,A5,19.798,12.021709
test,A5,19.719,13.061247
test,A5,19.77,12.756858
test,A5,19.829,11.4508705
test,A5,19.829,13.622742
test,A5,19.849,15.387268
test,A5,19.84315,14.113702
test,A5,19.731104,12.623251
test,A5,19.616955,11.653208
test,A5,19.485,10.50152
test,A5,19.211,12.543205
test,A5,19.053,14.099897
test,A5,18.903,16.059677
test,A5,18.631,17.313503
test,A5,18.524,18.604185
test,A5,18.471,18.171108
test,A5,18.417,16.396763
test,A5,18.327,18.20089
test,A5,18.26,17.693142
test,A5,18.317,14.092783
test,A5,18.53,13.504299
test,A5,18.777,14.595871
test,A5,18.707134,14.217054
test,A5,18.676134,12.91518
test,A5,18.855,13.022864
test,A5,18.934,13.865318
test,A5,19.01996,12.302073
test,A5,19.09296,13.119077
test,A5,19.267,12.214039
test,A5,19.462,12.483181
test,A5,19.656,15.619939
test,A5,20.057,14.34005
test,A5,20.282,11.972576
test,A5,20.267,11.479517
test,A5,20.256,11.9255905
test,A5,20.265,11.787219
test,A5,20.285,11.958794
test,A5,20.292,14.692542
test,A5,20.325,13.930398
test,A5,20.348,11.324118
test,A5,20.367,11.268707
test,A5,20.395,13.270238
test,A5,20.403,15.59926
test,A5,20.452,19.11969
test,A5,20.529005,15.717041
test,A5,20.558004,11.886666
test,A5,20.525,11.056104
test,A5,20.502,12.247265
test,A5,20.479,16.565971
test,A5,20.433,18.364086
test,A5,20.416,19.047325
test,A5,20.341,17.176672
test,A5,20.144,14.778368
test,A5,19.97,17.653477
test,A5,19.931,16.268469
test,A5,19.924,13.736088
test,A5,19.868,19.27737
test,A5,19.798,20.063128
test,A5,19.683,14.952584
test,A5,19.57,15.350294
test,A5,19.554,17.888847
test,A5,19.550905,15.938766
test,A5,19.489906,12.508856
test,A5,19.585,12.058964
test,A5,19.731,15.069841
test,A5,19.76,17.307003
test,A5,19.774,15.757115
test,A5,19.759,14.66355
test,A5,19.837,14.845395
test,A5,20.059,15.333254
test,A5,20.29903,13.007153
test,A5,20.39703,13.446022
test,A5,20.421,13.657123
test,A5,20.504,12.101816
test,A5,20.58,12.727072
test,A5,20.56,12.409393
test,A5,20.456,11.161812
test,A5,20.33805,11.244839
test,A5,20.26205,13.330273
test,A5,20.346,14.013206
test,A5,20.513,14.355757
test,A5,20.622,14.236606
test,A5,20.704,12.064213
test,A5,20.766,14.723368
test,A5,20.793,13.262438
test,A5,20.837,14.91077
test,A5,20.991,15.413751
test,A5,21.094,12.160045
test,A5,21.089,15.674636
test,A5,21.082,18.306461
test,A5,21.077,18.074726
test,A5,21.161,17.516792
test,A5,21.403,14.776126
test,A5,21.437,14.753622
test,A5,21.281,15.500925
test,A5,21.269,14.35351
test,A5,21.29,14.099293
test,A5,21.31697,18.879951
test,A5,21.34497,18.137486
test,A5,21.339,14.819438
test,A5,21.305,11.674201
test,A5,21.247,9.834219
test,A5,21.153,11.949244
test,A5,21.048,11.462985
test,A5,20.967,10.451445
test,A5,20.891,11.446684
test,A5,20.738,12.2255535
test,A5,20.406,13.10729
test,A5,19.888,15.181504
test,A5,19.404816,14.731949
test,A5,19.071815,15.232065
test,A5,18.957932,13.977407
test,A5,19.072931,14.982194
test,A5,19.266,17.557308
test,A5,19.325,14.180995
test,A5,19.197,13.429398
test,A5,19.151,17.029198
test,A5,19.537,14.686823
test,A5,20.107,14.949999
test,A5,20.514,16.546597
test,A5,20.899,13.572523
test,A5,21.213,13.758952
test,A5,21.38197,14.606091
test,A5,21.455969,12.846374
test,A5,21.493,12.398466
test,A5,21.562,12.523512
test,A5,21.626,12.395227
test,A5,21.591055,10.039139
test,A5,21.482056,12.299046
test,A5,21.299,12.01611
test,A5,21.045,11.903368
test,A5,20.80591,12.4507
test,A5,20.60691,13.587614
test,A5,20.395,14.141565
test,A5,20.204,17.570843
test,A5,20.032845,16.192493
test,A5,19.807844,14.080326
test,A5,19.632,12.965094
test,A5,19.488,12.321406
test,A5,19.343,13.673874
test,A5,19.27,12.125486
test,A5,19.251,11.300922
test,A5,19.263,12.221476
test,A5,19.31395,11.311894
test,A5,19.41595,11.027502
test,A5,19.543,11.80192
test,A5,19.599213,13.530294
test,A5,19.491213,12.719572
test,A5,19.731,11.05727
test,A5,20.137,12.557101
test,A5,20.23,14.620601
test,A5,20.225,12.835582
test,A5,20.127,11.159332
test,A5,20.158,11.4309225
test,A5,20.213,12.454312
test,A5,20.013,11.726683
test,A5,19.794,14.847954
test,A5,19.748,14.120727
test,A5,19.726,15.886713
test,A5,19.667,16.053648
test,A5,19.652,12.142189
test,A5,19.646,15.252108
test,A5,19.659,14.55904
test,A5,19.596,13.333772
test,A5,19.523,14.194245
test,A5,19.536,16.612862
test,A5,19.543,17.111855
test,A5,19.559,14.312205
test,A5,19.568,15.697385
test,A5,19.522,16.78444
test,A5,19.43,15.845042
test,A5,19.345,15.865545
test,A5,19.32,15.528479
test,A5,19.296,15.720203
test,A5,19.283014,18.184895
test,A5,19.280016,15.348806
test,A5,19.208,15.930321
test,A5,19.164,16.650696
test,A5,19.169,14.58934
test,A5,19.115,15.296736
test,A5,19.088,14.213079
test,A5,19.156,12.711687
test,A5,19.234,13.81522
test,A5,19.301,14.90309
test,A5,19.357,15.176026
test,A5,19.403,13.138017
test,A5,19.391,12.7338295
test,A5,19.397,14.044798
test,A5,19.514,15.227953
test,A5,19.647,13.790787
test,A5,19.741,12.06365
test,A5,19.856,14.746122
test,A5,19.914,15.860472
test,A5,19.991,12.945053
test,A5,20.08,13.664928
test,A5,20.105,13.98864
test,A5,20.16,11.435468
test,A5,20.304,15.17103
test,A5,20.276955,20.046227
test,A5,20.071836,17.603035
test,A5,19.917881,18.874989
test,A5,19.832,20.710495
test,A5,19.847,13.908788
test,A5,19.902,12.614574
test,A5,20.046,14.059902
test,A5,20.229,14.124413
test,A5,20.421,15.373244
test,A5,20.577,15.808915
test,A5,20.622,14.76689
test,A5,20.608,14.733066
test,A5,20.591,12.535555
test,A5,20.547,12.828739
test,A5,20.516,14.611867
test,A5,20.519,14.066798
test,A5,20.521034,10.256504
test,A5,20.558035,11.249655
test,A5,20.619,13.249624
test,A5,20.686,12.401205
test,A5,20.858,13.396864
test,A5,21.082,15.679106
test,A5,21.22,14.758712
test,A5,21.272,12.338721
test,A5,21.327,12.817189
test,A5,21.351,12.925768
test,A5,21.339,14.710615
test,A5,21.368,15.749647
test,A5,21.444,11.505799
test,A5,21.524,12.419983
test,A5,21.443,13.235691
test,A5,21.385,11.751693
test,A5,21.416,10.503326
test,A5,21.401,13.185432
test,A5,21.494,12.491308
test,A5,21.487,12.242624
test,A5,21.277,13.270396
test,A5,21.124,13.660364
test,A5,21.141,15.551481
test,A5,21.235,15.7846
test,A5,21.265,19.307056
test,A5,21.215,18.874254
test,A5,21.182,14.719295
test,A5,21.234,16.687279
test,A5,21.312,17.025238
test,A5,21.164,17.185947
test,A5,20.816,16.20797
test,A5,20.693,11.570801
test,A5,20.977,12.831534
test,A5,21.268,14.522772
test,A5,21.256,13.219662
test,A5,21.146,12.526906
test,A5,21.103064,11.9452
test,A5,21.172064,14.471279
test,A5,21.245,19.639645
test,A5,21.259,20.40949
test,A5,21.194,17.341543
test,A5,20.981,18.285969
test,A5,20.766,13.42072
test,A5,20.669,11.587817
test,A5,20.546,14.562414
test,A5,20.37397,15.231085
test,A5,20.29997,19.35789
test,A5,20.231,18.76286
test,A5,20.091,13.195925
test,A5,19.966,13.450498
test,A5,19.852,11.884346
test,A5,19.864,11.480499
test,A5,19.845,12.192518
test,A5,19.664,15.301181
test,A5,19.434,17.511696
test,A5,19.129,14.342586
test,A5,19.002,14.439419
test,A5,19.166,13.948431
test,A5,19.217024,11.957958
test,A5,19.211025,15.133452
test,A5,19.475,16.515797
test,A5,19.847,14.26165
test,A5,20.084,14.71703
test,A5,20.225,15.937866
test,A5,20.351,14.533243
test,A5,20.47,16.251925
test,A5,20.507,18.596167
test,A5,20.43,17.802143
test,A5,20.531,16.304386
test,A5,20.7,16.106571
test,A5,20.719,16.935474
test,A5,20.714,16.350967
test,A5,20.711,15.325765
test,A5,20.715,13.856434
test,A5,20.719,14.761774
test,A5,20.748,15.889191
test,A5,20.827,15.755416
test,A5,20.936,16.41222
test,A5,20.932,22.138634
test,A5,20.847,21.471634
test,A5,20.586,15.529389
test,A5,20.423,14.731279
test,A5,20.559,12.433884
test,A5,20.558,11.546879
test,A5,20.453,12.266302
test,A5,20.319,12.2361555
test,A5,20.424,11.079523
test,A5,20.612,12.189922
test,A5,20.609,12.82692
test,A5,20.73,13.081731
test,A5,20.71,11.252313
test,A5,20.543,15.201162
test,A5,20.51998,15.914534
test,A5,20.55998,12.297194
test,A5,20.66,15.698958
test,A5,20.767,17.2921
test,A5,20.895,15.268917
test,A5,20.973,13.180046
test,A5,21.015,11.156982
test,A5,21.224,11.37469
test,A5,21.189,14.387327
test,A5,20.913,15.436305
test,A5,20.983,14.408884
test,A5,21.08,14.336824
test,A5,20.792,13.443615
test,A5,20.49,13.192794
test,A5,20.353,14.366072
test,A5,20.28599,17.225681
test,A5,20.28399,18.141323
test,A5,20.248,17.7739
test,A5,20.178,13.593748
test,A5,20.071,13.219743
test,A5,19.98,14.002403
test,A5,19.910975,13.466959
test,A5,19.889925,11.45869
test,A5,19.96195,10.635325
test,A5,20.033,12.085464
test,A5,20.151,13.8980665
test,A5,20.217,14.280798
test,A5,20.055,12.555439
test,A5,20.062,11.472725
test,A5,20.281,12.968358
test,A5,20.422,12.574108
test,A5,20.486,12.122124
test,A5,20.442,14.289303
test,A5,20.296,14.208945
test,A5,20.137,16.51442
test,A5,20.011,16.874825
test,A5,19.844,14.685575
test,A5,19.705,13.739042
test,A5,19.64,13.548098
test,A5,19.634,17.036045
test,A5,19.723,15.267839
test,A5,19.893,11.524482
test,A5,20.08,11.056504
test,A5,20.262,9.383287
test,A5,20.479,12.579557
test,A5,20.711,13.431738
test,A5,20.882,11.48053
test,A5,21.026,14.385801
test,A5,21.202,14.691023
test,A5,21.347,12.890032
test,A5,21.423,15.3920355
test,A5,21.46,15.592875
test,A5,21.487,15.163044
test,A5,21.519,13.663155
test,A5,21.538,13.28446
test,A5,21.557024,14.560444
test,A5,21.585,16.718102
test,A5,21.572975,15.347663
test,A5,21.501,14.443539
test,A5,21.38,14.791967
test,A5,21.265034,11.872763
test,A5,21.186035,11.8574705
test,A5,21.095,13.846523
test,A5,21.031,15.123857
test,A5,21.005,16.045795
test,A5,20.95401,12.318913
test,A5,20.91601,9.8031845
test,A5,20.957,13.285393
test,A5,21.047,17.146664
test,A5,21.168,17.402224
test,A5,21.331,18.012852
test,A5,21.47,15.954678
test,A5,21.532019,15.4378395
test,A5,21.53602,12.618724
test,A5,21.517,10.52017
test,A5,21.499025,11.600223
test,A5,21.466024,15.972107
test,A5,21.424,15.350891
test,A5,21.399,14.367655
test,A5,21.39,15.284521
test,A5,21.36002,16.27766
test,A5,21.31702,13.964363
test,A5,21.32,12.60114
test,A5,21.395,15.232913
test,A5,21.448,13.758941
test,A5,21.411,10.623848
test,A5,21.38,11.366123
test,A5,21.409,11.450054
test,A5,21.446,11.397799
test,A5,21.451,11.408363
test,A5,21.455,11.334155
test,A5,21.451,10.691415
test,A5,21.434,11.749094
test,A5,21.428,12.411072
test,A5,21.419004,10.702225
test,A5,21.420006,10.901302
test,A5,21.443,14.059569
test,A5,21.451,12.920073
test,A5,21.436,11.967171
test,A5,21.436,14.945162
test,A5,21.407,14.294033
test,A5,21.357,11.855171
test,A5,21.386,12.401883
test,A5,21.475044,13.765319
test,A5,21.487045,10.890187
test,A5,21.454,11.045733
test,A5,21.451015,11.507092
test,A5,21.455015,17.107471
test,A5,21.455,19.712803
test,A5,21.455,16.064074
test,A5,21.449,15.72904
test,A5,21.421,14.974755
test,A5,21.41,13.912855
test,A5,21.428,15.386663
test,A5,21.416,13.091364
test,A5,21.399,11.526651
test,A5,21.389,13.244214
test,A5,21.36,12.573634
test,A5,21.341,13.351986
test,A5,21.352,13.584471
test,A5,21.382,15.3688965
test,A5,21.401,11.993406
test,A5,21.448,9.898962
test,A5,21.444,12.646299
test,A5,21.378,12.554798
test,A5,21.37,14.475783
test,A5,21.345911,15.777204
test,A5,21.243912,12.602225
test,A5,21.217,10.061947
test,A5,21.186,10.161772
test,A5,21.097,13.072124
test,A5,21.038,12.583954
test,A5,21.009,12.719839
test,A5,21.005,11.059238
test,A5,21.01,10.126456
test,A5,20.997,11.920553
test,A5,20.849,11.661707
test,A5,20.808,10.543325
test,A5,20.924,12.35267
test,A5,21.034,14.979843
test,A5,21.08,14.369205
test,A5,21.043,12.38694
test,A5,21.072,13.826527
test,A5,21.16,13.161397
test,A5,21.247,13.720463
test,A5,21.256,15.638485
test,A5,21.182,15.893159
test,A5,21.212,16.205946
test,A5,21.29405,13.965429
test,A5,21.26405,12.077568
test,A5,21.246,13.636713
test,A5,21.28,12.460993
test,A5,21.322,12.17437
test,A5,21.313,14.567875
test,A5,21.223,14.343198
test,A5,21.118,12.805244
test,A5,21.038,11.8995495
test,A5,20.97,9.847718
test,A5,20.887,9.977905
test,A5,20.887005,14.223327
test,A5,20.924006,13.84524
test,A5,20.871,12.803108
test,A5,20.821,15.87349
test,A5,20.727,15.181016
test,A5,20.582,11.163128
test,A5,20.641,11.463257
test,A5,20.758,12.381617
test,A5,20.71799,13.395996
test,A5,20.68099,13.963236
test,A5,20.717,14.210588
test,A5,20.663,14.346695
test,A5,20.557085,13.33564
test,A5,20.488085,11.727913
test,A5,20.527,11.247286
test,A5,20.647,12.142324
test,A5,20.702,13.763334
test,A5,20.736,12.453592
test,A5,20.762,11.287549
test,A5,20.761,10.848223
test,A5,20.713,10.612604
test,A5,20.65196,10.242217
test,A5,20.601961,11.169401
test,A5,20.627035,11.498554
test,A5,20.708035,17.838043
test,A5,20.776049,17.701828
test,A5,20.85405,12.489153
test,A5,20.915,12.469342
test,A5,20.933,12.48982
test,A5,20.912,11.697625
test,A5,20.845,10.509125
test,A5,20.778,12.050785
test,A5,20.758,13.1108265
test,A5,20.82,14.269143
test,A5,20.963,14.062031
test,A5,21.068,11.443468
test,A5,21.143,11.494659
test,A5,21.262,11.894928
test,A5,21.388,11.766649
test,A5,21.461,11.157925
test,A5,21.46399,12.465151
test,A5,21.45799,12.695786
test,A5,21.443,12.885258
test,A5,21.409,14.474274
test,A5,21.385,13.716095
test,A5,21.395,15.524436
test,A5,21.438,15.842552
test,A5,21.441,15.570951
test,A5,21.4,13.619988
test,A5,21.378,14.371559
test,A5,21.364,12.591438
test,A5,21.335,12.545734
test,A5,21.307,14.3892765
test,A5,21.269,15.989637
test,A5,21.25203,16.19924
test,A5,21.28802,11.129538
test,A5,21.32399,12.615989
test,A5,21.353941,13.2197485
test,A5,21.41994,13.649206
test,A5,21.46,14.379144
test,A5,21.46,12.113134
test,A5,21.454,10.741228
test,A5,21.431,12.664951
test,A5,21.438,13.704311
test,A5,21.457,14.8881855
test,A5,21.484,16.661093
test,A5,21.474,14.686855
test,A5,21.453,14.938293
test,A5,21.455,14.016133
test,A5,21.406,12.572544
test,A5,21.37603,10.767022
test,A5,21.41797,12.227812
test,A5,21.495941,12.548251
test,A5,21.517,12.688474
test,A5,21.517,16.543476
test,A5,21.567,12.93289
test,A5,21.56,10.694632
test,A5,21.486,10.8036175
test,A5,21.416,14.73716
test,A5,21.346,17.299358
test,A5,21.273,13.200567
test,A5,21.186966,12.129673
test,A5,21.109976,15.654849
test,A5,21.071114,14.802104
test,A5,20.968103,12.073683
test,A5,20.863,13.892623
test,A5,20.881,14.69401
test,A5,20.91,12.381975
test,A5,20.947,9.66599
test,A5,21.02201,10.704567
test,A5,21.053009,13.954552
test,A5,21.064,13.139094
test,A5,21.063,11.538067
test,A5,21.089,10.400312
test,A5,21.154976,12.153656
test,A5,21.195974,13.906565
test,A5,21.201,13.627203
test,A5,21.213,11.221904
test,A5,21.251,12.056162
test,A5,21.299,12.8845625
test,A5,21.387,12.188425
test,A5,21.326,14.324923
test,A5,21.203,15.418537
test,A5,21.178,13.916065
test,A5,21.193,12.728275
test,A5,21.193,13.458932
test,A5,21.143,12.326357
test,A5,21.139006,12.074521
test,A5,21.144005,12.592793
test,A5,21.079,13.88653
test,A5,20.971,13.098314
test,A5,20.872,13.129135
test,A5,20.873,13.82621
test,A5,20.909,15.268055
test,A5,20.844,14.747939
test,A5,20.863,13.156634
test,A5,20.95404,14.214409
test,A5,20.947065,14.990545
test,A5,20.958025,13.632261
test,A5,21.082,12.820944
test,A5,21.22601,13.7494335
test,A5,21.30101,16.58436
test,A5,21.357,18.956024
test,A5,21.417,17.209877
test,A5,21.47,16.31637
test,A5,21.498,14.732622
test,A5,21.53,11.459707
test,A5,21.525,10.483658
test,A5,21.506,12.595455
test,A5,21.48,14.069691
test,A5,21.331,12.406137
test,A5,21.224,12.660843
test,A5,21.269,11.677987
test,A5,21.296,11.315941
test,A5,21.262,11.978544
test,A5,21.273,12.468118
test,A5,21.289,13.237696
test,A5,21.324,14.203478
test,A5,21.416,11.809189
test,A5,21.482,11.180191
test,A5,21.491,13.394607
test,A5,21.51,11.683931
test,A5,21.562,11.305433
test,A5,21.509,12.044862
test,A5,21.419,11.275552
test,A5,21.384,11.875311
test,A5,21.334995,15.598018
test,A5,21.319975,17.439264
test,A5,21.34598,16.200397
test,A5,21.367,13.998121
test,A5,21.343,12.458561
test,A5,21.290985,13.546219
test,A5,21.282986,15.014103
test,A5,21.306068,13.854582
test,A5,21.257069,14.44967
test,A5,21.225,14.081694
test,A5,21.306,12.518123
test,A5,21.272,12.468822
test,A5,21.059,14.120838
test,A5,20.746866,16.327888
test,A5,20.404083,14.844568
test,A5,20.032217,15.5583725
test,A5,19.602,14.98336
test,A5,19.257,14.923515
test,A5,19.122,13.610459
test,A5,19.135,11.542789
test,A5,19.281,14.485228
test,A5,19.558,15.239126
test,A5,20.077,14.166284
test,A5,20.748,12.853607
test,A5,21.079,13.825155
test,A5,20.993664,16.67756
test,A5,20.558662,15.186423
test,A5,20.017,13.06291
test,A5,19.59,11.093178
test,A5,19.388,13.6348095
test,A5,19.074,20.52998
test,A5,18.857,16.82953
test,A5,19.108,11.626228
test,A5,19.445,14.618813
test,A5,19.913,13.822565
test,A5,20.543,12.725187
test,A5,21.06,16.123175
test,A5,21.244,13.67549
test,A5,21.263,11.6337
test,A5,21.28,13.72297
test,A5,21.301,13.01309
test,A5,21.302,11.363583
test,A5,21.296,14.278715
test,A5,21.329979,14.058516
test,A5,21.37798,13.54263
test,A5,21.411,14.43787
test,A5,21.411,15.092194
test,A5,21.394,16.118307
test,A5,21.388,11.048864
test,A5,21.381,12.472395
test,A5,21.389,16.330359
test,A5,21.421,16.717457
test,A5,21.489,15.528442
test,A5,21.492994,15.773649
test,A5,21.440994,15.793526
test,A5,21.422,13.502272
test,A5,21.417,15.076882
test,A5,21.455,15.333345
test,A5,21.512,14.4601145
test,A5,21.584,13.95352
test,A5,21.582,11.723943
test,A5,21.495,10.429694
test,A5,21.432,12.751547
test,A5,21.419,12.918636
test,A5,21.40799,12.826786
test,A5,21.384954,15.299642
test,A5,21.419886,13.309703
test,A5,21.475922,13.619326
test,A5,21.453,13.237435
test,A5,21.417065,11.7032795
test,A5,21.372065,13.087245
test,A5,21.328,12.070123
test,A5,21.379,12.798124
test,A5,21.46,15.327467
test,A5,21.478,18.069729
test,A5,21.471,14.899309
test,A5,21.478,16.356033
test,A5,21.499,18.080769
test,A5,21.546,14.360616
test,A5,21.588,11.410248
test,A5,21.577,10.014621
test,A5,21.565,11.213136
test,A5,21.56,12.075556
test,A5,21.551,13.244547
test,A5,21.60002,12.214083
test,A5,21.60602,10.864386
test,A5,21.508,12.156988
test,A5,21.32,14.088203
test,A5,21.249,12.23064
test,A5,21.297,12.276207
test,A5,21.365,13.262907
test,A5,21.458,12.917186
test,A5,21.507,12.819698
test,A5,21.485,11.641368
test,A5,21.454,10.767899
test,A5,21.498,13.992033
test,A5,21.549093,13.524994
test,A5,21.681093,11.579487
test,A5,21.965881,11.233386
test,A5,22.302881,11.617601
test,A5,22.783802,11.106601
test,A5,23.273802,12.022232
test,A5,23.506,11.282568
test,A5,23.578,12.133897
test,A5,23.624956,13.384294
test,A5,23.695955,15.312719
test,A5,23.742,13.706694
test,A5,23.746,12.101875
test,A5,23.723,11.513915
test,A5,23.681,15.85103
test,A5,23.61,14.588521
test,A5,23.544,13.675935
test,A5,23.524,12.845728
test,A5,23.543,11.499148
test,A5,23.548,11.203924
test,A5,23.533,11.066559
test,A5,23.616,11.890151
test,A5,23.746,11.664795
test,A5,23.754,11.395616
test,A5,23.689035,13.515076
test,A5,23.687035,14.524882
test,A5,23.691,11.186044
test,A5,23.685,11.393369
test,A5,23.72596,15.951159
test,A5,23.71796,15.56341
test,A5,23.669,13.491896
test,A5,23.675,15.169931
test,A5,23.707,12.522647
test,A5,23.652,12.95709
test,A5,23.562946,12.925841
test,A5,23.587946,12.948735
test,A5,23.632,14.99432
test,A5,23.606,13.512625
test,A5,23.64,11.70059
test,A5,23.673,13.445366
test,A5,23.653,13.375047
test,A5,23.714,11.789957
test,A5,23.835,12.610512
test,A5,23.833971,12.154978
test,A5,23.73697,14.03462
test,A5,23.679,16.29805
test,A5,23.655,15.403398
test,A5,23.664,13.9385395
test,A5,23.7,14.672697
test,A5,23.676,15.627357
test,A5,23.55,13.311339
test,A5,23.404,13.137962
test,A5,23.278,12.842904
test,A5,23.166,13.1485405
test,A5,23.04407,16.52635
test,A5,22.90807,17.429243
test,A5,22.746,14.49106
test,A5,22.581,11.818544
test,A5,22.436,12.794957
test,A5,22.295,11.68884
test,A5,22.181,11.985578
test,A5,22.115,14.3714485
test,A5,22.065,16.73392
test,A5,22.02,15.796476
test,A5,22.012,12.853925
test,A5,22.072,9.619074
test,A5,22.135,11.405819
test,A5,22.222,14.857891
test,A5,22.345,14.654503
test,A5,22.431,13.565405
test,A5,22.551,13.197199
test,A5,22.644,15.0574875
test,A5,22.82,15.700509
test,A5,23.09196,12.677878
test,A5,23.22396,12.414387
test,A5,23.249,13.76244
test,A5,23.298,11.956879
test,A5,23.372,10.866505
test,A5,23.485,15.408857
test,A5,23.598,17.434423
test,A5,23.645,15.17864
test,A5,23.62281,15.863901
test,A5,23.63381,18.445105
test,A5,23.699,15.396604
test,A5,23.643,15.256069
test,A5,23.591,15.475382
test,A5,23.579,15.053944
test,A5,23.605,14.860834
test,A5,23.629,12.668574
test,A5,23.545,16.101519
test,A5,23.448,16.561306
test,A5,23.354,13.286413
test,A5,23.218,13.465715
test,A5,23.048,11.715766
test,A5,22.83,11.195419
test,A5,22.581,12.71764
test,A5,22.324,10.678104
test,A5,22.023901,9.724381
test,A5,21.758902,12.257572
test,A5,21.573,11.018327
test,A5,21.456,12.300701
test,A5,21.165,13.844879
test,A5,20.356,12.819538
test,A5,20.031,13.395611
test,A5,20.542,13.131829
test,A5,20.796,14.59995
test,A5,20.755,14.375688
test,A5,20.83,11.965922
test,A5,20.881,15.753179
test,A5,20.84796,13.775422
test,A5,20.85202,10.31288
test,A5,20.85306,10.572428
test,A5,21.03,11.84122
test,A5,21.228,14.143063
test,A5,21.34,15.122906
test,A5,21.534,12.715755
test,A5,21.692,10.103573
test,A5,21.803,11.0588665
test,A5,21.92989,11.686647
test,A5,22.10489,12.439468
test,A5,22.277,14.773685
test,A5,22.424,15.995456
test,A5,22.52,14.893012
test,A5,22.551,13.892651
test,A5,22.351,12.882816
test,A5,22.429,12.152151
test,A5,22.838,13.008755
test,A5,22.97,12.780578
test,A5,22.957,10.8506975
test,A5,22.91,10.647224
test,A5,22.93,10.841793
test,A5,22.893,12.076673
test,A5,22.716,13.654057
test,A5,22.579,13.976608
test,A5,22.464,13.722374
test,A5,22.309,11.415257
test,A5,22.146,11.948905
test,A5,21.966,12.8762865
test,A5,21.855,13.321357
test,A5,21.755,14.686153
test,A5,21.556137,14.6810875
test,A5,21.382137,12.849738
test,A5,21.274,14.362135
test,A5,21.097,13.294424
test,A5,20.96,11.164372
test,A5,20.953,10.879938
test,A5,21.027,11.14724
test,A5,21.12398,13.849133
test,A5,21.17498,11.973629
test,A5,21.245,9.92872
test,A5,21.295,11.212069
test,A5,21.34,12.151755
test,A5,21.359,14.455118
test,A5,21.357,15.84837
test,A5,21.36797,11.597812
test,A5,21.37391,10.727775
test,A5,21.349941,13.929494
test,A5,21.359,15.749428
test,A5,21.409,13.357449
test,A5,21.496,11.194148
test,A5,21.627,11.043594
test,A5,21.645,12.223677
test,A5,21.6219,12.659321
test,A5,21.7159,13.641687
test,A5,21.825,12.202326
test,A5,21.866,10.315004
test,A5,21.983,13.648854
test,A5,22.125,14.293386
test,A5,22.166,13.001286
test,A5,22.19,12.8699665
test,A5,22.288,11.8457155
test,A5,22.371,10.537691
test,A5,22.421,11.83633
test,A5,22.44,13.64385
test,A5,22.41,12.9005375
test,A5,22.354,9.872906
test,A5,22.256,10.535442
test,A5,22.081,10.415716
test,A5,21.904,9.902904
test,A5,21.81,11.260006
test,A5,21.764,11.768005
test,A5,21.745,10.521098
test,A5,21.793,10.184809
test,A5,21.915,11.077919
test,A5,21.944,13.629653
test,A5,21.889034,14.123308
test,A5,21.855034,11.7717905
test,A5,21.907,12.012396
test,A5,21.952,11.896093
test,A5,21.93419,9.894906
test,A5,21.905205,12.897781
test,A5,21.890985,13.402689
test,A5,21.93897,12.132488
test,A5,22.064,12.633974
test,A5,22.197,12.816299
test,A5,22.294,11.358376
test,A5,22.404,11.762002
test,A5,22.368,14.376995
test,A5,22.348,12.825518
test,A5,22.474,12.008011
test,A5,22.531,13.95088
test,A5,22.536,14.090281
test,A5,22.521,15.118073
test,A5,22.399,13.515337
test,A5,22.214,15.143708
test,A5,22.237,14.331199
test,A5,22.337,11.859957
test,A5,22.294,10.57267
test,A5,22.257,13.517061
test,A5,22.288,14.470358
test,A5,22.291,11.202791
test,A5,22.251,10.983213
test,A5,22.229,12.4021225
test,A5,22.204,14.420686
test,A5,22.208,13.916655
test,A5,22.247,13.345097
test,A5,22.287,13.123062
test,A5,22.346,16.320127
test,A5,22.385,17.49068
test,A5,22.328,17.508812
test,A5,22.132,16.618828
test,A5,21.928,13.287164
test,A5,21.873,11.843454
test,A5,21.824,12.163386
test,A5,21.716,15.848679
test,A5,21.587,26.505241
test,A5,21.436995,25.818508
test,A5,21.344995,21.462963
test,A5,21.253,23.775448
test,A5,21.211,18.10618
test,A5,21.245,12.018316
test,A5,21.301,14.300194
test,A5,21.373,14.067259
test,A5,21.430885,12.699301
test,A5,21.559885,15.049635
test,A5,21.721,16.425526
test,A5,21.998,14.248278
test,A5,22.108,13.540836
test,A5,22.012945,12.062254
test,A5,21.984945,12.085138
test,A5,21.977,12.570496
test,A5,21.877,11.093376
test,A5,21.585,11.5176935
test,A5,21.579,14.2338915
test,A5,21.92,10.6170225
test,A5,22.086,9.0278225
test,A5,22.008,11.535112
test,A5,21.915014,13.47929
test,A5,21.886015,14.37122
test,A5,21.831,12.634655
test,A5,21.74,12.906358
test,A5,21.654,15.099943
test,A5,21.529,13.25182
test,A5,21.443,13.99464
test,A5,21.438,15.20284
test,A5,21.432,13.40062
test,A5,21.34,11.467367
test,A5,21.267,12.844698
test,A5,21.296,14.202281
test,A5,21.309,11.191042
test,A5,21.371,10.468794
test,A5,21.486,12.764628
test,A5,21.554,11.297264
test,A5,21.668,11.5739765
test,A5,21.739,12.139971
test,A5,21.73802,11.241695
test,A5,21.746021,12.40689
test,A5,21.733,12.434045
test,A5,21.76,11.745954
test,A5,21.849,12.381069
test,A5,21.974049,17.384352
test,A5,22.01605,17.859203
test,A5,22.078,16.91689
test,A5,22.262,18.13792
test,A5,22.417,14.926396
test,A5,22.533,11.422906
test,A5,22.582867,10.480457
test,A5,22.702866,11.481602
test,A5,22.937,11.021673
test,A5,23.143,11.1253605
test,A5,23.317,10.727812
test,A5,23.424,10.701115
test,A5,23.523,11.225046
test,A5,23.64,13.334339
test,A5,23.737,13.268526
test,A5,23.706,9.640471
test,A5,23.633,9.920935
test,A5,23.648,13.428848
test,A5,23.66201,15.766602
test,A5,23.692009,16.421606
test,A5,23.756857,16.132008
test,A5,23.583858,16.06871
test,A5,23.246,12.951756
test,A5,23.04,14.142133
test,A5,22.888,12.071764
test,A5,22.756,12.6369
test,A5,22.764,11.671845
test,A5,22.841,10.013394
test,A5,22.748,12.811005
test,A5,22.642,12.794786
test,A5,22.463,13.900135
test,A5,22.356,13.385801
test,A5,22.319,11.552638
test,A5,22.146946,13.215851
test,A5,22.102945,13.753255
test,A5,22.032,12.2494545
test,A5,21.944,10.30741
test,A5,21.975,11.887868
test,A5,22.041,12.900483
test,A5,22.079,14.377569
test,A5,22.171,14.544957
test,A5,22.317,14.290222
test,A5,22.329094,14.109439
test,A5,22.360113,14.051342
test,A5,22.42302,13.5334425
test,A5,22.434,11.954054
test,A5,22.429,9.592721
test,A5,22.424,10.351517
test,A5,22.412,12.760784
test,A5,22.381,12.14895
test,A5,22.398,11.680612
test,A5,22.472,10.712705
test,A5,22.56801,11.607847
test,A5,22.59901,15.74119
test,A5,22.588,15.791537
test,A5,22.548,19.846268
test,A5,22.51,22.076813
test,A5,22.541,20.684586
test,A5,22.488,21.912657
test,A5,22.422,23.633232
test,A5,22.441,17.991533
test,A5,22.465,12.613517
test,A5,22.377861,11.53772
test,A5,22.369902,9.677027
test,A5,22.464039,10.6919985
test,A5,22.499,11.3836
test,A5,22.365,13.978575
test,A5,22.146,14.027855
test,A5,22.056,10.317981
test,A5,22.003,12.175358
test,A5,22.031,12.559323
test,A5,22.076,11.673201
test,A5,21.996,12.3778925
test,A5,22.00198,13.229973
test,A5,22.08799,13.026581
test,A5,22.07101,12.447576
test,A5,22.029,11.111862
test,A5,22.028,12.202147
test,A5,22.149,13.6445055
test,A5,22.283,11.370092
test,A5,22.334,12.679824
test,A5,22.267,11.073322
test,A5,22.367,9.825887
test,A5,22.464,12.025244
test,A5,22.321,12.035255
test,A5,22.22792,11.670498
test,A5,22.155981,12.747894
test,A5,22.160019,15.971215
test,A5,22.25196,15.312964
test,A5,22.343193,11.74613
test,A5,22.574291,13.435005
test,A5,22.858099,13.115282
test,A5,23.055,11.739553
test,A5,23.071,11.748637
test,A5,23.086,11.3986225
test,A5,23.229,10.452078
test,A5,23.30802,11.353308
test,A5,23.32702,10.023941
test,A5,23.399,10.576464
test,A5,23.609,12.070736
test,A5,23.727,11.57214
test,A5,23.654,12.573561
test,A5,23.664,11.703176
test,A5,23.698,11.770628
test,A5,23.6119,12.705147
test,A5,23.6329,13.819542
test,A5,23.69,14.361477
test,A5,23.716,14.672646
test,A5,23.739,13.341098
test,A5,23.734358,7.90647
test,A5,23.735876,9.905833
test,A5,23.721518,10.8116665
test,A5,23.499773,10.597026
test,A5,23.026207,10.317179
test,A5,23.100183,9.522158
test,A5,23.55612,9.487162
test,A5,23.597391,11.545271
test,A5,23.550041,10.778257
test,A5,23.613758,9.368011
test,A5,23.626253,10.419569
test,A5,23.607515,10.422035
test,A5,23.497524,10.323184
test,A5,23.338776,10.994311
test,A5,23.2225,10.70665
test,A5,23.1375,12.403356
test,A5,23.06127,12.546262
test,A5,22.97,11.668068
test,A5,22.892494,12.199385
test,A5,22.818766,11.392605
test,A5,22.74875,10.770383
test,A5,22.723778,10.500889
test,A5,22.686277,11.091155
test,A5,22.60997,11.029619
test,A5,22.527454,11.302219
test,A5,22.459986,10.487038
test,A5,22.448713,9.655281
test,A5,22.429962,11.186023
test,A5,22.52625,10.762131
test,A5,22.72625,9.530817
test,A5,22.90377,11.074026
test,A5,23.03755,9.872573
test,A5,23.07996,9.141069
test,A5,23.082531,10.90188
test,A5,23.236376,10.873183
test,A5,23.423775,9.040558
test,A5,23.49125,8.07721
test,A5,23.541145,7.929643
test,A5,23.607395,7.875956
test,A5,23.705091,8.119518
test,A5,23.847517,9.2612505
test,A5,23.832426,8.944194
test,A5,23.7125,8.377164
test,A5,23.688763,9.265869
test,A5,23.683746,9.2446785
test,A5,23.686262,12.29447
test,A5,23.708778,13.142008
test,A5,23.716263,14.613676
test,A5,23.71001,13.643255
test,A5,23.717497,9.623653
test,A5,23.690002,10.3781395
test,A5,23.662476,10.379606
test,A5,23.604973,9.419395
test,A5,23.54375,10.739501
test,A5,23.56125,10.407492
test,A5,23.63625,9.13142
test,A5,23.63125,10.860373
test,A5,23.490017,12.591225
test,A5,23.426271,8.721522
test,A5,23.475029,9.507432
test,A5,23.53002,12.692825
test,A5,23.566244,13.224051
test,A5,23.58373,11.113886
test,A5,23.58501,10.698101
test,A5,23.61628,11.458704
test,A5,23.647463,9.365885
test,A5,23.587484,10.588985
test,A5,23.567505,11.328912
test,A5,23.567486,12.942175
test,A5,23.546253,13.898902
test,A5,23.533718,10.774138
test,A5,23.482468,10.906233
test,A5,23.511295,11.726257
test,A5,23.62501,9.049192
test,A5,23.594965,9.923406
test,A5,23.448814,12.8838005
test,A5,23.461435,13.817434
test,A5,23.61512,13.621115
test,A5,23.6575,11.59111
test,A5,23.6925,11.42647
test,A5,23.82125,15.3711195
test,A5,23.805,14.606107
test,A5,23.751255,12.113227
test,A5,23.762495,12.281624
test,A5,23.696163,10.434434
test,A5,23.551174,12.416529
test,A5,23.52375,13.105793
test,A5,23.56878,13.178085
test,A5,23.59128,11.061855
test,A5,23.623755,10.058392
test,A5,23.608755,11.108843
test,A5,23.577534,12.244126
test,A5,23.595034,11.461481
test,A5,23.576166,12.345667
test,A5,23.348284,17.022282
test,A5,22.90837,17.356644
test,A5,22.41112,16.322304
test,A5,21.943619,15.194122
test,A5,21.5475,11.442968
test,A5,21.36625,11.858364
test,A5,21.451334,13.344084
test,A5,21.808834,11.776271
test,A5,22.46125,9.345446
test,A5,23.0475,8.354901
test,A5,23.2325,10.392131
test,A5,23.3175,9.373566
test,A5,23.45743,11.815227
test,A5,23.437384,11.977507
test,A5,23.42496,10.563384
test,A5,23.503757,13.65287
test,A5,23.536293,15.098665
test,A5,23.615526,12.305413
test,A5,23.644236,12.269838
test,A5,23.62,11.874123
test,A5,23.63624,12.169875
test,A5,23.64499,13.969203
test,A5,23.66875,13.687231
test,A5,23.691256,13.230389
test,A5,23.670034,11.6061325
test,A5,23.62752,10.025511
test,A5,23.59249,10.640784
test,A5,23.611258,10.247813
test,A5,23.645008,15.56609
test,A5,23.628725,17.096617
test,A5,23.571232,11.917202
test,A5,23.56003,12.021766
test,A5,23.611261,11.736846
test,A5,23.622484,13.223339
test,A5,23.603758,14.543972
test,A5,23.623762,12.940634
test,A5,23.649996,10.52796
test,A5,23.650005,10.435339
test,A5,23.65876,10.506447
test,A5,23.688745,11.377148
test,A5,23.70501,10.588365
test,A5,23.727514,10.704445
test,A5,23.7375,10.69557
test,A5,23.68875,12.618341
test,A5,23.65625,14.506714
test,A5,23.66501,15.82901
test,A5,23.683758,14.405237
test,A5,23.682474,10.062281
test,A5,23.632477,14.78054
test,A5,23.59375,15.327019
test,A5,23.577475,13.378061
test,A5,23.53499,13.076388
test,A5,23.536264,10.848043
test,A5,23.58874,14.130803
test,A5,23.611273,14.239138
test,A5,23.647533,13.832722
test,A5,23.64625,13.217081
test,A5,23.628757,13.356304
test,A5,23.651272,12.563864
test,A5,23.628765,10.771211
test,A5,23.61625,12.879302
test,A5,23.74625,16.103558
test,A5,24.028835,14.139606
test,A5,24.365086,11.579615
test,A5,24.69875,13.485751
test,A5,25.0125,14.315999
test,A5,25.32,13.163263
test,A5,25.592527,13.6621
test,A5,25.743778,13.202759
test,A5,25.77,11.564713
test,A5,25.79504,14.115797
test,A5,25.89129,12.132433
test,A5,25.955,9.561596
test,A5,25.96125,12.241503
test,A5,25.965,14.077106
test,A5,25.915035,13.027281
test,A5,25.918787,13.467168
test,A5,25.967503,13.892067
test,A5,25.94627,12.356255
test,A5,25.96002,12.658992
test,A5,25.98375,13.035656
test,A5,25.95875,12.727266
test,A5,25.941252,12.237196
test,A5,25.943748,11.213
test,A5,25.921213,9.418723
test,A5,25.833687,8.70754
test,A5,25.71372,13.971334
test,A5,25.627508,14.774877
test,A5,25.597507,10.997143
test,A5,25.545,14.345045
test,A5,25.41625,13.710669
test,A5,25.266222,11.396984
test,A5,25.123722,15.597853
test,A5,24.98252,14.448879
test,A5,24.91252,14.617981
test,A5,24.83125,15.677517
test,A5,24.741245,16.212437
test,A5,24.722485,15.327725
test,A5,24.687475,15.218533
test,A5,24.639986,12.301654
test,A5,24.60249,14.602243
test,A5,24.57374,15.82297
test,A5,24.55125,15.106809
test,A5,24.5275,18.35099
test,A5,24.46497,16.9395
test,A5,24.382471,11.349916
test,A5,24.376268,12.772286
test,A5,24.421268,13.712578
test,A5,24.400005,12.723047
test,A5,24.373755,10.657515
test,A5,24.38625,10.536515
test,A5,24.39,11.337613
test,A5,24.38625,11.329256
test,A5,24.36875,13.837797
test,A5,24.35375,12.65831
test,A5,24.37875,9.929377
test,A5,24.42875,10.666481
test,A5,24.4625,11.566265
test,A5,24.511063,12.517967
test,A5,24.602283,12.960792
test,A5,24.628704,13.8530445
test,A5,24.58372,10.818966
test,A5,24.54499,10.852892
test,A5,24.526243,10.121455
test,A5,24.510242,13.468213
test,A5,24.502254,16.300426
test,A5,24.509487,14.397194
test,A5,24.493748,14.809495
test,A5,24.50126,13.644524
test,A5,24.52875,11.7936
test,A5,24.496252,10.354951
test,A5,24.443752,10.143639
test,A5,24.39375,10.301071
test,A5,24.350044,10.52856
test,A5,24.390045,12.843095
test,A5,24.47625,12.200214
test,A5,24.515015,10.321657
test,A5,24.55634,11.773013
test,A5,24.646324,13.956259
test,A5,24.6735,12.868685
test,A5,24.754717,14.825968
test,A5,24.813717,15.641945
test,A5,24.79002,10.43865
test,A5,24.75627,10.799398
test,A5,24.5175,11.506266
test,A5,24.4075,10.125103
test,A5,24.540047,11.34524
test,A5,24.660065,12.058307
test,A5,24.721317,11.081661
test,A5,24.826363,12.817766
test,A5,24.960064,12.2246475
test,A5,24.76125,11.516657
test,A5,24.42625,13.20125
test,A5,24.27493,12.018921
test,A5,24.354956,13.030405
test,A5,24.528778,12.913791
test,A5,24.613758,10.250273
test,A5,24.668756,16.055622
test,A5,24.708727,16.053999
test,A5,24.679977,10.113148
test,A5,24.605028,11.121067
test,A5,24.598738,12.454439
test,A5,24.559961,10.685065
test,A5,24.513777,13.672094
test,A5,24.555,13.303001
test,A5,24.521181,14.113948
test,A5,24.42,14.284384
test,A5,24.438791,9.491156
test,A5,24.49875,9.15326
test,A5,24.521238,8.738223
test,A5,24.568768,10.322251
test,A5,24.62753,10.867901
test,A5,24.604828,9.482935
test,A5,24.34994,9.939534
test,A5,24.332611,10.2217655
test,A5,24.565,10.794573
test,A5,24.62253,12.594574
test,A5,24.68878,12.664728
test,A5,24.76125,10.591738
test,A5,24.67375,12.565038
test,A5,24.525017,11.921467
test,A5,24.52005,9.481326
test,A5,24.618782,10.449585
test,A5,24.698753,14.662086
test,A5,24.728752,15.320505
test,A5,24.73,13.777084
test,A5,24.679985,11.533613
test,A5,24.636282,11.971176
test,A5,24.728798,11.278107
test,A5,24.865,10.003958
test,A5,24.8225,11.471315
test,A5,24.6175,13.965782
test,A5,24.536263,12.569671
test,A5,24.583763,10.679944
test,A5,24.54745,12.668774
test,A5,24.4837,12.147978
test,A5,24.635,11.624443
test,A5,24.75375,12.809018
test,A5,24.599924,11.885747
test,A5,24.414925,10.351599
test,A5,24.42749,7.95404
test,A5,24.513758,10.704468
test,A5,24.543768,11.902907
test,A5,24.61501,12.151567
test,A5,24.67503,14.476746
test,A5,24.75006,12.94965
test,A5,24.84754,10.817396
test,A5,24.835045,11.506805
test,A5,24.676231,15.547157
test,A5,24.493687,13.266989
test,A5,24.44,10.511728
test,A5,24.47875,12.692701
test,A5,24.502478,11.836287
test,A5,24.486233,8.839436
test,A5,24.473778,11.233188
test,A5,24.528759,11.658276
test,A5,24.544985,10.053267
test,A5,24.466297,12.399759
test,A5,24.47263,13.563389
test,A5,24.518831,11.606262
test,A5,24.49,12.833857
test,A5,24.45875,12.773537
test,A5,24.45,14.378975
test,A5,24.4225,17.043839
test,A5,24.39627,19.200352
test,A5,24.43252,15.949197
test,A5,24.426226,10.829627
test,A5,24.380224,11.109076
test,A5,24.3715,10.891219
test,A5,24.38375,10.192631
test,A5,24.397497,10.323087
test,A5,24.401257,9.906576
test,A5,24.390009,11.722984
test,A5,24.4025,11.169382
test,A5,24.44499,10.467089
test,A5,24.453737,10.057161
test,A5,24.428747,12.054154
test,A5,24.415,18.766365
test,A5,24.43375,19.45329
test,A5,24.44125,13.196566
test,A5,24.43375,16.868372
test,A5,24.45629,16.550617
test,A5,24.49629,11.968763
test,A5,24.51125,10.963251
test,A5,24.49,11.13143
test,A5,24.46625,12.114378
test,A5,24.502502,11.076933
test,A5,24.56502,10.475002
test,A5,24.602518,11.556278
test,A5,24.6175,10.108514
test,A5,24.58374,9.8282585
test,A5,24.538727,11.059326
test,A5,24.507738,15.507394
test,A5,24.556515,15.160616
test,A5,24.652515,9.561637
test,A5,24.719969,16.498789
test,A5,24.713737,20.103413
test,A5,24.698757,16.973606
test,A5,24.71249,15.366154
test,A5,24.721237,16.065548
test,A5,24.70997,16.075615
test,A5,24.633686,13.468785
test,A5,24.506182,10.522277
test,A5,24.412477,12.177114
test,A5,24.46125,12.163968
test,A5,24.548752,10.544359
test,A5,24.592503,11.227963
test,A5,24.658754,12.458208
test,A5,24.725004,10.48486
test,A5,24.81,13.888373
test,A5,24.814985,13.837826
test,A5,24.75002,12.184244
test,A5,24.781284,12.305288
test,A5,24.75875,12.361685
test,A5,24.663738,12.192543
test,A5,24.601223,12.966925
test,A5,24.553736,13.097828
test,A5,24.53175,10.14303
test,A5,24.49425,10.872097
test,A5,24.4265,11.222075
test,A5,24.4265,12.779163
test,A5,24.394997,13.430155
test,A5,24.328777,12.133903
test,A5,24.296268,10.925733
test,A5,24.236212,8.3117695
test,A5,24.188725,7.931064
test,A5,24.3075,10.516254
test,A5,24.588886,12.368621
test,A5,24.540152,11.481491
test,A5,24.361252,12.255047
test,A5,24.365,13.405106
test,A5,24.371262,11.240738
test,A5,24.39875,12.247692
test,A5,24.44125,13.075559
test,A5,24.493757,12.385873
test,A5,24.501257,12.836712
test,A5,24.48383,11.191076
test,A5,24.45883,11.119384
test,A5,24.44501,12.192919
test,A5,24.468767,11.169969
test,A5,24.50502,9.121534
test,A5,24.542515,8.321496
test,A5,24.567503,7.7524695
test,A5,24.575,7.377418
test,A5,24.5725,9.024258
test,A5,24.554983,11.329229
test,A5,24.516232,13.688393
test,A5,24.488747,12.885462
test,A5,24.486252,12.87649
test,A5,24.492504,11.751593
test,A5,24.50375,10.505239
test,A5,24.522507,10.500513
test,A5,24.601364,11.3160515
test,A5,24.775106,12.1834955
test,A5,24.73125,10.300966
test,A5,24.545002,8.806358
test,A5,24.512487,11.925583
test,A5,24.538734,14.865928
test,A5,24.67,12.728825
test,A5,24.71757,9.182752
test,A5,24.54004,10.217787
test,A5,24.39372,10.211945
test,A5,24.416265,11.375654
test,A5,24.446259,9.866547
test,A5,24.449993,13.083996
test,A5,24.52,16.6387
test,A5,24.623692,14.057952
test,A5,24.767527,11.924549
test,A5,25.062748,11.704391
test,A5,25.604101,14.056035
test,A5,26.30519,14.565436
test,A5,26.918724,11.5672035
test,A5,27.064974,10.638038
test,A5,26.716125,19.607443
test,A5,26.218626,19.493572
test,A5,25.71,14.72357
test,A5,25.20375,12.360443
test,A5,24.75857,14.559925
test,A5,24.38982,13.625338
test,A5,24.08625,10.471037
test,A5,23.857483,10.312157
test,A5,23.726212,10.357952
test,A5,23.644949,9.943247
test,A5,23.57,10.054005
test,A5,23.588787,10.117008
test,A5,23.642494,9.921125
test,A5,23.641237,10.534872
test,A5,23.68252,12.190893
test,A5,23.772545,10.287878
test,A5,23.885025,9.560212
test,A5,24.00375,11.250519
test,A5,23.862589,9.937948
test,A5,23.50597,10.720284
test,A5,23.107273,11.953124
test,A5,22.643696,12.705062
test,A5,22.230984,11.687889
test,A5,21.91618,10.20442
test,A5,21.6775,10.457234
test,A5,21.5,9.451516
test,A5,21.36873,9.2777
test,A5,21.25998,8.588362
test,A5,21.141232,12.327596
test,A5,21.037464,13.842637
test,A5,20.973732,10.447736
test,A5,20.95625,11.152599
test,A5,21.035023,13.175542
test,A5,21.136272,11.449186
test,A5,21.173758,9.1825285
test,A5,21.150007,10.389975
test,A5,20.993774,11.260845
test,A5,20.822515,10.21371
test,A5,20.757475,9.924081
test,A5,20.712484,10.097316
test,A5,20.661192,12.106934
test,A5,20.528622,11.938499
test,A5,20.35618,10.982149
test,A5,20.21875,11.473268
test,A5,20.07875,14.341392
test,A5,19.98125,16.993713
test,A5,19.9775,15.282369
test,A5,20.03012,15.590601
test,A5,20.15637,17.161068
test,A5,20.282522,13.340746
test,A5,20.347525,10.735279
test,A5,20.368717,11.285004
test,A5,20.316668,10.748723
test,A5,20.376738,10.262015
test,A5,20.481192,10.469795
test,A5,20.397503,9.399313
test,A5,20.467625,9.54599
test,A5,20.637527,9.335186
test,A5,20.5725,9.896505
test,A5,20.54375,10.185879
test,A5,20.53125,10.167431
test,A5,20.409952,10.606855
test,A5,20.362452,10.949773
test,A5,20.298931,9.942326
test,A5,20.497711,9.707857
test,A5,20.78751,8.322674
test,A5,20.74994,7.590486
test,A5,20.652485,9.725218
test,A5,20.661274,13.473729
test,A5,20.750048,14.310442
test,A5,20.701298,11.015375
test,A5,20.586243,12.9345665
test,A5,20.551243,16.04525
test,A5,20.601208,15.22629
test,A5,20.677458,10.655649
test,A5,20.6112,14.989928
test,A5,20.588688,16.202793
test,A5,20.633738,13.370768
test,A5,20.598743,13.039101
test,A5,20.608763,13.312702
test,A5,20.671309,12.168398
test,A5,20.741148,11.759191
test,A5,20.672344,12.001429
test,A5,20.612516,12.461224
test,A5,20.71762,12.789123
test,A5,20.855095,13.786049
test,A5,20.932505,14.284637
test,A5,20.9625,12.200206
test,A5,21.051247,13.054792
test,A5,21.161247,11.981179
test,A5,21.3175,11.076979
test,A5,21.33499,9.880625
test,A5,21.203697,9.786818
test,A5,21.111193,14.310822
test,A5,21.068735,13.235525
test,A5,21.060007,12.738384
test,A5,21.067583,14.299461
test,A5,21.146296,13.002045
test,A5,21.174974,11.671814
test,A5,21.155005,12.473839
test,A5,21.13125,12.91596
test,A5,21.093729,14.088202
test,A5,21.048729,12.816298
test,A5,21.017492,9.611273
test,A5,21.009918,10.658947
test,A5,20.953674,11.879892
test,A5,20.93125,12.757888
test,A5,20.96374,12.487758
test,A5,20.96001,12.8411255
test,A5,20.96502,11.048452
test,A5,20.98,9.829316
test,A5,20.977495,10.742138
test,A5,20.957495,14.644474
test,A5,20.8975,13.256922
test,A5,20.823763,12.207481
test,A5,20.795012,12.652683
test,A5,20.76,14.175268
test,A5,20.755,12.716396
test,A5,20.805,11.32918
test,A5,20.88,13.619162
test,A5,20.899963,15.537653
test,A5,20.79995,16.13137
test,A5,20.732515,15.266219
test,A5,20.763767,17.197151
test,A5,20.77999,13.164843
test,A5,20.7775,9.230543
test,A5,20.911287,13.987577
test,A5,21.08504,13.591673
test,A5,21.163752,12.41612
test,A5,21.20989,15.361782
test,A5,21.12864,20.14195
test,A5,20.962523,16.327557
test,A5,20.937525,12.472847
test,A5,20.976252,12.004162
test,A5,20.965,12.675603
test,A5,20.912516,14.997866
test,A5,20.886242,12.093521
test,A5,20.871243,11.25577
test,A5,20.870016,10.625549
test,A5,20.88625,12.043163
test,A5,20.835,10.893109
test,A5,20.807493,9.534733
test,A5,20.817492,10.096008
test,A5,20.817472,11.714891
test,A5,20.776222,13.332166
test,A5,20.707485,16.591728
test,A5,20.659985,16.90164
test,A5,20.626247,15.705412
test,A5,20.607485,17.125217
test,A5,20.583748,15.184161
test,A5,20.57376,12.506421
test,A5,20.54875,11.586616
test,A5,20.527485,13.253334
test,A5,20.503735,13.1084385
test,A5,20.433725,12.902292
test,A5,20.381226,11.668898
test,A5,20.445,12.11913
test,A5,20.543755,15.122285
test,A5,20.592505,12.558306
test,A5,20.696281,11.76289
test,A5,20.826283,14.536359
test,A5,20.93,15.785734
test,A5,21.06496,15.930243
test,A5,21.10499,14.318001
test,A5,21.10253,12.898687
test,A5,21.15005,15.092734
test,A5,21.19255,18.057018
test,A5,21.225,13.389887
test,A5,21.202496,15.233301
test,A5,21.14994,15.728594
test,A5,21.041212,12.78776
test,A5,21.000017,11.360279
test,A5,21.067566,11.2690735
test,A5,21.143814,11.581269
test,A5,21.151228,8.383942
test,A5,21.081223,8.806352
test,A5,21.044994,10.974698
test,A5,21.078773,12.010356
test,A5,21.150023,12.230608
test,A5,21.196245,11.16562
test,A5,21.215065,11.598019
test,A5,21.27382,14.597104
test,A5,21.30375,18.156013
test,A5,21.27375,14.641626
test,A5,21.31125,11.815098
test,A5,21.41375,12.000964
test,A5,21.492498,11.37085
test,A5,21.536247,12.175804
test,A5,21.596146,12.152327
test,A5,21.578646,10.469728
test,A5,21.573774,10.975302
test,A5,21.6213,12.185204
test,A5,21.615025,10.5313225
test,A5,21.530056,10.0440035
test,A5,21.541334,15.579591
test,A5,21.661242,13.475933
test,A5,21.642504,9.202444
test,A5,21.626274,10.4908
test,A5,21.62994,11.39119
test,A5,21.574957,13.456706
test,A5,21.534979,13.843308
test,A5,21.472477,10.794355
test,A5,21.35875,11.360287
test,A5,21.32001,13.166864
test,A5,21.36503,11.186773
test,A5,21.420021,10.702896
test,A5,21.46506,10.810787
test,A5,21.51506,10.610022
test,A5,21.52375,10.164669
test,A5,21.4837,10.778688
test,A5,21.377449,12.914587
test,A5,21.246277,12.723881
test,A5,21.228699,13.2841835
test,A5,21.17242,14.139027
test,A5,21.06125,13.2444725
test,A5,21.100065,15.163866
test,A5,21.197517,11.72466
test,A5,21.15997,11.145035
test,A5,21.136267,10.941717
test,A5,21.18244,10.4838505
test,A5,21.107471,13.070687
test,A5,21.07514,12.313637
test,A5,21.18136,11.647392
test,A5,21.160002,11.230649
test,A5,21.084997,15.861734
test,A5,21.108746,14.5529785
test,A5,21.148638,12.854458
test,A5,21.051138,17.128918
test,A5,21.0725,17.010597
test,A5,21.14625,13.476682
test,A5,21.0575,15.816414
test,A5,20.989998,14.149918
test,A5,20.929998,14.792755
test,A5,20.85,14.008456
test,A5,20.73,10.441422
test,A5,20.725069,11.632289
test,A5,20.871304,11.731293
test,A5,20.924984,11.332242
test,A5,20.863811,11.217205
test,A5,20.960062,8.784695
test,A5,21.139982,9.962534
test,A5,21.172476,11.708147
test,A5,21.153788,12.397602
test,A5,21.253838,11.637216
test,A5,21.400043,10.930611
test,A5,21.418709,11.062101
test,A5,21.342459,11.666391
test,A5,21.39755,11.8734455
test,A5,21.55503,10.737452
test,A5,21.587475,10.760927
test,A5,21.548742,11.584097
test,A5,21.558748,10.621979
test,A5,21.6,10.133438
test,A5,21.59249,10.405672
test,A5,21.563717,9.746706
test,A5,21.538738,11.249094
test,A5,21.508793,11.162458
test,A5,21.45005,11.151734
test,A5,21.353817,13.271793
test,A5,21.273792,11.883377
test,A5,21.206213,9.893159
test,A5,21.133717,13.3078
test,A5,21.09248,12.299188
test,A5,21.119982,8.525196
test,A5,21.14129,8.137886
test,A5,21.16879,9.961446
test,A5,21.20377,12.427801
test,A5,21.236263,12.414903
test,A5,21.269955,11.022571
test,A5,21.336212,8.695727
test,A5,21.41252,8.249819
test,A5,21.44377,9.616337
test,A5,21.420023,9.288967
test,A5,21.411272,10.035724
test,A5,21.417484,10.25996
test,A5,21.37499,9.452612
test,A5,21.35502,9.974737
test,A5,21.341248,10.9635935
test,A5,21.366257,10.946344
test,A5,21.415026,10.148136
test,A5,21.32375,11.036913
test,A5,21.153725,10.930744
test,A5,21.036201,9.617645
test,A5,20.947477,9.365061
test,A5,20.902472,9.213288
test,A5,20.782473,10.077797
test,A5,20.276407,12.160354
test,A5,20.13394,11.532266
test,A5,20.417505,10.700317
test,A5,20.381222,9.870445
test,A5,20.235031,11.010738
test,A5,20.232475,12.632971
test,A5,20.398672,10.911021
test,A5,20.541227,10.120775
test,A5,20.63625,8.943047
test,A5,20.720068,8.1807995
test,A5,20.853807,9.287097
test,A5,20.958788,10.385764
test,A5,21.023767,10.293667
test,A5,21.04752,9.423571
test,A5,21.04255,9.4303665
test,A5,21.046263,10.249224
test,A5,21.051283,11.372755
test,A5,21.061172,11.564125
test,A5,20.909931,10.27854
test,A5,20.805,10.348536
test,A5,20.783707,10.650282
test,A5,20.663637,11.543289
test,A5,20.43488,11.388012
test,A5,20.243727,8.811879
test,A5,20.182444,10.417723
test,A5,20.049944,11.314283
test,A5,19.891277,13.217567
test,A5,19.847466,12.257105
test,A5,19.756187,9.696535
test,A5,19.619976,9.628381
test,A5,19.53116,8.5106125
test,A5,19.447472,9.01907
test,A5,19.445038,11.531786
test,A5,19.382484,13.456818
test,A5,19.286236,11.145391
test,A5,19.29125,11.799261
test,A5,19.292503,14.366834
test,A5,19.281242,13.889971
test,A5,19.23749,10.316847
test,A5,19.111248,8.187746
test,A5,19.001204,8.036119
test,A5,18.878706,8.44187
test,A5,18.667385,9.893867
test,A5,18.446095,11.649384
test,A5,18.238544,10.020662
test,A5,17.990995,9.415918
test,A5,17.7223,10.112146
test,A5,17.40614,12.098375
test,A5,17.12125,13.939275
test,A5,17.028778,12.038294
test,A5,17.078798,7.725288
test,A5,17.163778,9.008555
test,A5,17.230093,10.956979
test,A5,17.335102,14.466265
test,A5,17.453728,15.97928
test,A5,17.59746,13.397474
test,A5,17.857601,14.009108
test,A5,18.222706,14.5205
test,A5,18.62644,12.778871
test,A5,18.975086,12.692667
test,A5,19.201189,13.413449
test,A5,19.368683,9.41282
test,A5,19.448734,8.98749
test,A5,19.39874,10.518625
test,A5,19.245068,10.856674
test,A5,19.001198,12.316334
test,A5,18.76113,11.43493
test,A5,18.573795,10.197939
test,A5,18.408758,9.259981
test,A5,18.261213,12.636382
test,A5,18.17125,12.04864
test,A5,18.105007,10.223143
test,A5,18.066257,12.860323
test,A5,18.005045,11.969709
test,A5,17.85621,11.0902195
test,A5,17.696135,9.743086
test,A5,17.59497,9.285218
test,A5,17.516197,10.046854
test,A5,17.357386,9.99642
test,A5,17.142391,8.187168
test,A5,16.96112,8.048059
test,A5,16.743666,9.6940975
test,A5,16.55875,9.845117
test,A5,16.465,9.313208
test,A5,16.231138,8.525824
test,A5,15.8573885,8.255092
test,A5,15.616275,9.305537
test,A5,15.568708,10.595246
test,A5,15.481203,11.008579
test,A5,15.43252,9.219919
test,A5,15.525025,8.844798
test,A5,15.622545,8.078973
test,A5,15.730081,9.794197
test,A5,15.91131,12.71684
test,A5,16.161322,13.276419
test,A5,16.39382,9.784588
test,A5,16.53125,7.8499875
test,A5,16.734886,9.497572
test,A5,17.10369,11.842918
test,A5,17.411364,13.001306
test,A5,17.652645,15.281842
test,A5,17.925085,13.966774
test,A5,18.155106,10.104118
test,A5,18.415106,9.590704
test,A5,18.64755,9.020795
test,A5,18.772526,10.365417
test,A5,18.807474,9.677841
test,A5,18.791288,7.6864533
test,A5,18.733738,9.541421
test,A5,18.59739,9.787761
test,A5,18.392345,9.297379
test,A5,18.074831,8.093584
test,A5,17.746101,9.657822
test,A5,17.458616,10.567863
test,A5,17.19501,10.346181
test,A5,16.93495,10.888693
test,A5,16.68863,9.806356
test,A5,16.465,11.674953
test,A5,16.207504,12.989229
test,A5,16.033754,10.188886
test,A5,15.9012375,8.4773655
test,A5,15.787505,12.74423
test,A5,15.830018,13.362724
test,A5,15.9925,11.500284
test,A5,16.222553,11.324177
test,A5,16.460052,11.158807
test,A5,16.73608,12.763062
test,A5,17.08108,11.463066
test,A5,17.4688,10.170374
test,A5,17.798906,9.430163
test,A5,18.068857,9.431278
test,A5,18.208866,9.815975
test,A5,18.471542,9.217016
test,A5,19.053926,11.611351
test,A5,19.56,12.902112
test,A5,19.81375,11.740744
test,A5,19.94125,10.163719
test,A5,20.1025,9.180515
test,A5,20.23,9.596512
test,A5,20.30625,10.316559
test,A5,20.37741,10.10282
test,A5,20.249851,10.694965
test,A5,20.03494,11.943771
test,A5,19.88495,12.964424
test,A5,19.712425,12.863281
test,A5,19.606262,13.035204
test,A5,19.663788,10.366806
test,A5,19.82,8.824296
test,A5,19.985,10.918205
test,A5,20.167454,9.627123
test,A5,20.33371,11.061686
test,A5,20.41377,12.004069
test,A5,20.478828,9.796635
test,A5,20.621304,10.493077
test,A5,20.70374,10.326361
test,A5,20.73125,11.6233425
test,A5,20.79875,14.716847
test,A5,20.8537,14.423384
test,A5,20.8412,11.529331
test,A5,20.81875,15.653624
test,A5,20.85004,17.68006
test,A5,20.916262,12.903891
test,A5,20.866222,12.503277
test,A5,20.563667,13.254441
test,A5,20.151333,13.604568
test,A5,19.678879,13.988887
test,A5,19.311213,12.566765
test,A5,19.02625,10.890963
test,A5,18.639774,9.44602
test,A5,18.236025,10.273132
test,A5,17.89985,13.166338
test,A5,17.604755,10.363276
test,A5,17.286123,11.992999
test,A5,17.051218,12.599809
test,A5,16.848661,9.532966
test,A5,16.632412,9.6327
test,A5,16.680027,11.328939
test,A5,16.912527,12.299274
test,A5,17.248909,11.238361
test,A5,17.779104,11.11639
test,A5,18.271444,13.337525
test,A5,18.65875,10.037329
test,A5,18.859966,9.144028
test,A5,18.7949,14.079645
test,A5,18.617445,13.266247
test,A5,18.558798,11.450136
test,A5,18.65004,12.7624855
test,A5,18.726282,14.117573
test,A5,18.797564,13.912436
test,A5,18.893826,13.387999
test,A5,19.08629,11.83651
test,A5,19.5175,9.450314
test,A5,19.895027,11.411528
test,A5,20.021278,14.424166
test,A5,20.04875,15.761461
test,A5,20.122562,12.971273
test,A5,20.311314,10.121143
test,A5,20.523867,10.459412
test,A5,20.806366,10.705065
test,A5,21.00875,10.02706
test,A5,21.108805,10.793318
test,A5,21.272564,10.852955
test,A5,21.38002,9.695713
test,A5,21.414263,8.590875
test,A5,21.419281,9.895239
test,A5,21.40378,11.427575
test,A5,21.42375,11.101223
test,A5,21.44499,12.859522
test,A5,21.403698,12.333574
test,A5,21.31498,10.852285
test,A5,21.287487,11.911253
test,A5,21.304964,15.845839
test,A5,21.360012,15.422781
test,A5,21.453787,10.546677
test,A5,21.505026,12.443514
test,A5,21.4925,16.56483
test,A5,21.52875,15.036055
test,A5,21.61375,13.243167
test,A5,21.608732,14.58789
test,A5,21.616232,10.439348
test,A5,21.642479,11.994085
test,A5,21.563545,18.425304
test,A5,21.348564,19.959389
test,A5,21.258846,15.596697
test,A5,21.462597,9.871813
test,A5,21.672558,8.806001
test,A5,21.736307,10.719969
test,A5,21.53875,10.798032
test,A5,21.415,10.158361
test,A5,21.515,9.688841
test,A5,21.5388,10.338365
test,A5,21.5038,11.656265
test,A5,21.45625,11.526228
test,A5,21.4675,10.08647
test,A5,21.486237,11.332598
test,A5,21.466238,11.87397
test,A5,21.4325,8.369783
test,A5,21.375,8.576073
test,A5,21.211191,11.572482
test,A5,20.958786,12.359188
test,A5,20.641178,12.172841
test,A5,20.305975,11.82686
test,A5,20.01864,12.025745
test,A5,19.67875,11.159963
test,A5,19.32375,9.910089
test,A5,19.087528,9.770647
test,A5,18.948753,9.958767
test,A5,18.854969,10.839988
test,A5,18.816263,10.800903
test,A5,18.851267,13.248981
test,A5,18.925,13.818447
test,A5,19.05,11.924271
test,A5,19.262383,10.151009
test,A5,19.509823,9.777241
test,A5,19.747496,10.530734
test,A5,19.97001,10.963585
test,A5,20.152456,10.721708
test,A5,20.27875,10.243104
test,A5,20.412558,9.730978
test,A5,20.610111,9.073863
test,A5,20.813828,9.457096
test,A5,20.968828,9.221695
test,A5,21.112803,10.738415
test,A5,21.184,10.941096
test,A5,21.128775,10.630508
test,A5,21.100025,10.94195
test,A5,21.10625,11.097477
test,A5,21.06875,10.149233
test,A5,21.00119,8.528961
test,A5,20.86244,9.014928
test,A5,20.725,11.010075
test,A5,20.623734,11.912404
test,A5,20.542482,11.535413
test,A5,20.5125,10.948114
test,A5,20.4025,10.245768
test,A5,20.26626,14.4719095
test,A5,20.23251,17.506756
test,A5,20.19,16.16116
test,A5,20.11375,12.7116995
test,A5,20.059992,8.351917
test,A5,20.051249,8.921148
test,A5,20.069996,10.933186
test,A5,20.06624,11.4875145
test,A5,20.06,9.619307
test,A5,20.069977,9.610993
test,A5,20.01492,9.610971
test,A5,19.85993,8.358995
test,A5,19.743729,8.303005
test,A5,19.72749,11.427103
test,A5,19.784966,11.217251
test,A5,19.778715,10.004702
test,A5,19.695,12.261332
test,A5,19.604973,12.11668
test,A5,19.492472,9.722218
test,A5,19.412493,13.3471775
test,A5,19.338676,15.309904
test,A5,19.172434,10.296497
test,A5,18.97575,10.722273
test,A5,18.8845,11.523638
test,A5,18.8375,10.785402
test,A5,18.889963,10.215677
test,A5,18.948713,9.828412
test,A5,19.046297,9.463554
test,A5,19.282635,13.436476
test,A5,19.547586,14.216786
test,A5,19.75875,10.366648
test,A5,19.812456,10.470027
test,A5,19.72493,10.538669
test,A5,19.60497,10.049122
test,A5,19.561253,11.546892
test,A5,19.560007,10.409058
test,A5,19.52119,9.281999
test,A5,19.46994,9.7598295
test,A5,19.553728,11.326331
test,A5,19.582415,12.665869
test,A5,19.447437,11.694488
test,A5,19.452507,12.628954
test,A5,19.560007,12.019381
test,A5,19.698835,9.9668865
test,A5,19.953836,9.559244
test,A5,20.211342,12.82189
test,A5,20.470121,13.099036
test,A5,20.67753,10.29233
test,A5,20.800056,10.523542
test,A5,20.983805,10.868883
test,A5,21.17,8.808209
test,A5,21.15375,9.340316
test,A5,21.178705,10.843565
test,A5,21.218704,9.994375
test,A5,21.036268,9.526857
test,A5,20.893768,12.004391
test,A5,20.858753,12.695603
test,A5,20.861252,11.629787
test,A5,20.95375,13.534063
test,A5,21.20625,13.39789
test,A5,21.270016,12.4397955
test,A5,21.193752,11.273094
test,A5,21.256237,18.51072
test,A5,21.33125,17.297451
test,A5,21.367512,10.248743
test,A5,21.379753,10.113366
test,A5,21.39349,9.966734
test,A5,21.414942,9.991275
test,A5,21.461191,9.487675
test,A5,21.45125,11.750764
test,A5,21.40249,13.396666
test,A5,21.38124,10.612967
test,A5,21.378729,10.743998
test,A5,21.356243,11.129587
test,A5,21.356253,9.952283
test,A5,21.32874,12.505308
test,A5,21.135,13.539886
test,A5,21.16,9.990304
test,A5,21.322504,11.543612
test,A5,21.328815,10.813314
test,A5,21.37631,9.074376
test,A5,21.390007,9.903851
test,A5,21.368738,9.948229
test,A5,21.351254,9.3385105
test,A5,21.356253,9.286274
test,A5,21.363674,10.973282
test,A5,21.394932,11.564887
test,A5,21.472486,10.661709
test,A5,21.519936,10.044136
test,A5,21.48495,9.223745
test,A5,21.435043,9.901884
test,A5,21.475027,10.291875
test,A5,21.48875,12.806113
test,A5,21.43625,12.172895
test,A5,21.42622,10.332127
test,A5,21.40744,12.861282
test,A5,21.351326,12.180035
test,A5,21.40384,11.188635
test,A5,21.452484,10.331629
test,A5,21.428745,14.44384
test,A5,21.423744,14.985939
test,A5,21.411215,11.755373
test,A5,21.383715,10.753006
test,A5,21.389996,12.498526
test,A5,21.425,12.13415
test,A5,21.448755,11.906027
test,A5,21.46125,11.14563
test,A5,21.41,11.470919
test,A5,21.39875,13.411055
test,A5,21.45622,13.041374
test,A5,21.456228,12.734531
test,A5,21.450008,11.611254
test,A5,21.465,11.190628
test,A5,21.46375,9.731125
test,A5,21.46,9.5557995
test,A5,21.473778,9.162983
test,A5,21.561344,10.215579
test,A5,21.693737,9.361297
test,A5,21.721003,9.6212845
test,A5,21.951082,11.38589
test,A5,22.22875,14.604163
test,A5,22.216166,18.23075
test,A5,22.112392,16.210228
test,A5,22.001217,13.566364
test,A5,21.96247,11.290033
test,A5,21.96998,9.953149
test,A5,21.963745,11.547953
test,A5,21.921246,12.884754
test,A5,21.826248,9.779657
test,A5,21.748747,10.78682
test,A5,21.68993,14.752783
test,A5,21.527414,14.672157
test,A5,21.381235,10.392089
test,A5,21.2975,9.119257
test,A5,21.17625,12.473589
test,A5,21.02247,12.667569
test,A5,20.881191,11.104792
test,A5,20.773722,9.472042
test,A5,20.67875,11.40275
test,A5,20.54121,11.962586
test,A5,20.359959,11.20726
test,A5,20.186262,12.378951
test,A5,20.088762,11.3492985
test,A5,19.96125,9.444092
test,A5,19.78372,8.666567
test,A5,19.66996,11.911251
test,A5,19.59497,13.455424
test,A5,19.52241,12.492147
test,A5,19.41618,9.797331
test,A5,19.331234,10.133511
test,A5,19.291252,11.429602
test,A5,19.31003,10.037098
test,A5,19.396402,10.29923
test,A5,19.57514,10.932756
test,A5,19.785051,9.109644
test,A5,19.9638,9.247917
test,A5,20.13,10.250496
test,A5,20.2763,10.067098
test,A5,20.442585,9.25283
test,A5,20.592556,11.518636
test,A5,20.696333,13.623115
test,A5,20.837563,13.126357
test,A5,20.940008,14.119085
test,A5,20.97504,11.501205
test,A5,21.058783,8.971821
test,A5,21.131226,9.760136
test,A5,21.147474,10.4120455
test,A5,21.187468,10.100637
test,A5,21.172468,9.33798
test,A5,21.0925,10.787258
test,A5,21.046246,12.71252
test,A5,21.01624,11.259504
test,A5,21.00751,12.007369
test,A5,21.03124,14.508123
test,A5,21.108757,14.872002
test,A5,21.207525,12.642578
test,A5,21.237494,9.549544
test,A5,21.215015,11.13461
test,A5,21.22504,10.957552
test,A5,21.263775,9.7440605
test,A5,21.276217,14.434765
test,A5,21.261387,13.719313
test,A5,21.378904,9.919155
test,A5,21.484997,9.842566
test,A5,21.455025,10.125799
test,A5,21.456263,10.169539
test,A5,21.46125,10.252236
test,A5,21.47125,10.906933
test,A5,21.497484,9.732988
test,A5,21.537504,9.282179
test,A5,21.582485,12.18725
test,A5,21.542465,12.941454
test,A5,21.47998,14.359023
test,A5,21.428707,14.925678
test,A5,21.347477,11.602074
test,A5,21.27375,12.007141
test,A5,21.1875,12.534367
test,A5,21.11875,12.41482
test,A5,21.135,11.304571
test,A5,21.21376,12.93376
test,A5,21.28499,18.981224
test,A5,21.353758,16.243519
test,A5,21.436277,12.84436
test,A5,21.45875,12.613964
test,A5,21.422525,10.132
test,A5,21.417524,10.438799
test,A5,21.42374,11.613178
test,A5,21.42374,15.199021
test,A5,21.45,17.904648
test,A5,21.527462,14.653221
test,A5,21.661247,16.219437
test,A5,21.803785,15.218338
test,A5,21.930017,10.155228
test,A5,22.022518,11.341385
test,A5,22.086254,12.042269
test,A5,22.118748,11.370945
test,A5,22.124992,9.344959
test,A5,22.1725,10.109068
test,A5,22.22125,11.221584
test,A5,22.2,9.583994
test,A5,22.171265,11.369122
test,A5,22.168764,10.735655
test,A5,22.14501,9.974915
test,A5,22.133757,9.714041
test,A5,22.13999,10.439944
test,A5,22.121243,9.94273
test,A5,22.103737,8.194662
test,A5,22.079987,8.061037
test,A5,22.06,9.504253
test,A5,22.03875,11.207274
test,A5,22.01125,11.133192
test,A5,21.949947,9.9418125
test,A5,21.816193,10.111428
test,A5,21.713717,9.737588
test,A5,21.633722,7.850147
test,A5,21.51005,7.666926
test,A5,21.382498,8.841738
test,A5,21.2412,11.318756
test,A5,21.149996,12.751904
test,A5,21.127495,11.715135
test,A5,21.092487,11.461377
test,A5,21.038738,11.591169
test,A5,20.98502,10.645359
test,A5,20.968782,9.619303
test,A5,20.944984,10.000882
test,A5,20.871222,9.664875
test,A5,20.862566,7.961787
test,A5,20.97503,9.123146
test,A5,21.026215,11.770248
test,A5,21.092594,10.576841
test,A5,21.280138,8.675959
test,A5,21.437544,9.772882
test,A5,21.51623,13.115533
test,A5,21.58873,13.037052
test,A5,21.748781,11.484993
test,A5,21.91253,11.975626
test,A5,22.0425,11.022708
test,A5,22.161263,10.847485
test,A5,22.236252,12.910227
test,A5,22.271233,11.51979
test,A5,22.269993,12.313862
test,A5,22.255,14.898565
test,A5,22.254997,11.803063
test,A5,22.253748,8.467649
test,A5,22.23998,8.427824
test,A5,22.18495,14.452934
test,A5,22.153837,14.536021
test,A5,22.326332,9.620525
test,A5,22.442505,10.470186
test,A5,22.43004,12.738393
test,A5,22.457495,11.775718
test,A5,22.448748,10.646991
test,A5,22.445,13.836538
test,A5,22.424997,16.226742
test,A5,22.35625,16.603943
test,A5,22.33499,14.546579
test,A5,22.352505,12.939979
test,A5,22.356266,11.744464
test,A5,22.321224,13.507077
test,A5,22.237474,15.743556
test,A5,22.208767,12.08822
test,A5,22.260017,10.669506
test,A5,22.309835,11.048758
test,A5,22.173586,12.525768
test,A5,21.97,17.57988
test,A5,21.863447,23.300331
test,A5,21.800953,17.747875
test,A5,21.767506,11.689023
test,A5,21.725,13.045077
test,A5,21.7375,12.648684
test,A5,21.901367,11.080412
test,A5,22.286533,14.974746
test,A5,22.880167,13.414758
test,A5,23.59375,10.610281
test,A5,24.40625,11.717136
test,A5,25.11504,12.883366
test,A5,25.46507,13.245118
test,A5,25.592531,10.897686
test,A5,25.676285,10.807968
test,A5,25.743805,12.629008
test,A5,25.81377,13.589207
test,A5,25.87375,11.085424
test,A5,25.945,11.4845295
test,A5,25.998768,11.397275
test,A5,26.040018,14.811034
test,A5,26.09625,15.357198
test,A5,26.143768,12.034542
test,A5,26.181242,11.028477
test,A5,26.146225,9.491192
test,A5,26.056234,8.276215
test,A5,25.98621,11.135952
test,A5,25.942482,12.253534
test,A5,25.935,10.809267
test,A5,25.92999,10.01399
test,A5,25.913748,10.936478
test,A5,25.89745,9.430843
test,A5,25.851215,10.815407
test,A5,25.83127,15.910788
test,A5,25.836254,14.752342
test,A5,25.78375,12.088327
test,A5,25.762486,12.627748
test,A5,25.80499,9.752523
test,A5,25.820005,12.176146
test,A5,25.823753,16.03392
test,A5,25.837502,10.715813
test,A5,25.852526,10.9393425
test,A5,25.890024,14.448418
test,A5,25.94125,16.046913
test,A5,25.965,12.396736
test,A5,25.96125,10.513901
test,A5,25.88877,11.104805
test,A5,25.82877,10.70632
test,A5,25.74875,11.355592
test,A5,25.600029,13.896617
test,A5,25.58378,12.577983
test,A5,25.59375,10.606223
test,A5,25.44625,10.173969
test,A5,25.228683,11.385239
test,A5,25.007435,11.673575
test,A5,24.804949,9.790701
test,A5,24.644949,10.882885
test,A5,24.561232,10.896767
test,A5,24.489908,12.597435
test,A5,24.322433,11.792062
test,A5,24.221243,10.399015
test,A5,24.208748,10.710161
test,A5,24.206253,11.837848
test,A5,24.19874,15.850725
test,A5,24.1675,17.742342
test,A5,24.192535,14.508903
test,A5,24.267534,15.941164
test,A5,24.36,18.540312
test,A5,24.463715,14.600928
test,A5,24.569965,10.422815
test,A5,24.610046,12.890583
test,A5,24.533796,13.327155
test,A5,24.532581,11.4230995
test,A5,24.702526,14.3558655
test,A5,24.767433,13.918127
test,A5,24.699987,11.220169
test,A5,24.667488,9.691693
test,A5,24.647505,9.309935
test,A5,24.666267,9.090568
test,A5,24.693733,10.146833
test,A5,24.658764,14.878845
test,A5,24.602531,13.505028
test,A5,24.558706,10.820848
test,A5,24.454958,12.736189
test,A5,24.33128,12.557563
test,A5,24.339544,11.628233
test,A5,24.419525,10.359507
test,A5,24.478788,11.216546
test,A5,24.538778,12.293837
test,A5,24.52375,12.64523
test,A5,24.431255,12.879543
test,A5,24.391254,10.894405
test,A5,24.395002,11.396498
test,A5,24.402502,11.725307
test,A5,24.428745,10.319678
test,A5,24.421278,11.781826
test,A5,24.346277,10.908839
test,A5,24.294994,8.192318
test,A5,24.305,9.508837
test,A5,24.26244,11.352704
test,A5,24.192274,12.018282
test,A5,24.247313,12.880045
test,A5,24.28248,12.905119
test,A5,24.23747,11.714338
test,A5,24.257505,11.50481
test,A5,24.132338,11.593554
test,A5,23.763552,11.487282
test,A5,23.84,12.453792
test,A5,24.2925,12.654067
test,A5,24.59375,10.070883
test,A5,24.856298,7.35917
test,A5,25.03757,11.005255
test,A5,25.07254,13.400558
test,A5,25.076267,15.816624
test,A5,25.0121,16.099918
test,A5,24.541943,12.87019
test,A5,23.886282,12.173295
test,A5,23.41007,11.645139
test,A5,23.003632,11.330475
test,A5,22.613916,9.851337
test,A5,22.167665,15.015022
test,A5,21.81125,16.54011
test,A5,21.546297,13.428638
test,A5,21.283762,11.120853
test,A5,21.101215,9.435576
test,A5,20.904959,10.575658
test,A5,20.854958,11.565279
test,A5,20.857533,11.298834
test,A5,20.765043,10.265011
test,A5,20.736263,9.819366
test,A5,20.7425,10.625393
test,A5,20.7825,11.146019
test,A5,20.92875,12.4593725
test,A5,21.111275,11.251535
test,A5,21.228783,9.800233
test,A5,21.228712,11.836639
test,A5,21.096144,17.957624
test,A5,20.874939,17.501995
test,A5,20.64629,9.674543
test,A5,20.44254,13.044973
test,A5,20.19875,13.443526
test,A5,19.917433,11.857351
test,A5,19.647366,13.731396
test,A5,19.386133,15.002794
test,A5,19.14228,14.263372
test,A5,18.85725,15.545354
test,A5,18.538671,14.831865
test,A5,18.252419,14.894878
test,A5,17.96486,13.378239
test,A5,17.706152,9.642571
test,A5,17.52994,9.678115
test,A5,17.418776,9.725077
test,A5,17.338528,13.771429
test,A5,17.258482,15.4648285
test,A5,17.16,10.252647
test,A5,17.02875,9.004362
test,A5,16.936205,7.8997087
test,A5,16.736204,8.823202
test,A5,15.88125,10.732941
test,A5,14.339656,11.99921
test,A5,12.799656,11.095672
test,A5,11.539735,10.983797
test,A5,10.402895,11.725008
test,A5,9.226536,12.738597
test,A5,7.8517375,12.370628
test,A5,6.538338,10.331369
test,A5,6.12396,14.688167
test,A5,6.806483,15.921219
test,A5,8.026558,15.309927
test,A5,9.294058,15.278579
test,A5,10.302634,14.903127
test,A5,10.961445,24.468487
test,A5,11.311311,30.272314
test,A5,11.575195,20.847202
test,A5,11.8677025,17.672115
test,A5,12.023747,18.175383
test,A5,12.00998,19.775082
test,A5,11.96997,20.097363
test,A5,11.95502,17.58618
test,A5,11.9411335,13.155302
test,A5,11.651094,8.754868
test,A5,11.2475,8.321434
test,A5,11.1439705,11.317371
test,A5,11.520221,15.0220375
test,A5,12.02923,14.680192
test,A5,12.61048,15.625017
test,A5,13.1975,15.171374
test,A5,13.282411,12.650572
test,A5,13.033661,16.015455
test,A5,12.767488,17.848698
test,A5,12.601142,18.627846
test,A5,12.566849,16.48949
test,A5,13.224657,15.753815
test,A5,14.20905,21.603561
test,A5,14.742588,17.246798
test,A5,15.156033,16.453136
test,A5,15.738576,18.567635
test,A5,16.131292,19.092863
test,A5,16.18875,18.398026
test,A5,16.373781,15.870378
test,A5,16.622585,17.862804
test,A5,16.847414,16.393824
test,A5,17.316109,13.803292
test,A5,17.82,13.343873
test,A5,17.615002,18.869175
test,A5,17.270002,18.982693
test,A5,17.4675,15.33504
test,A5,17.64875,18.810495
test,A5,17.64007,17.22052
test,A5,17.703821,13.300508
test,A5,17.82125,17.457645
test,A5,17.884995,16.868387
test,A5,17.939995,21.74274
test,A5,17.97749,23.495815
test,A5,18.00474,22.316643
test,A5,18.041027,18.982765
test,A5,18.001196,19.30471
test,A5,17.81242,18.03117
test,A5,17.768698,15.446909
test,A5,17.931158,21.87504
test,A5,18.112505,22.885344
test,A5,18.326296,15.566603
test,A5,18.69975,16.862522
test,A5,19.2685,13.437111
test,A5,19.37367,9.681727
test,A5,18.18742,12.784967
test,A5,17.2225,15.793019
test,A5,17.015295,15.98748
test,A5,16.98289,12.130161
test,A5,17.100418,14.03022
test,A5,17.300299,15.179789
test,A5,17.714973,12.924414
test,A5,18.122301,12.932795
test,A5,18.191282,13.596968
test,A5,18.283842,17.43021
test,A5,18.34987,20.222996
test,A5,18.113573,23.652622
test,A5,17.89606,19.474594
test,A5,17.564993,11.007421
test,A5,17.382435,13.767533
test,A5,17.211103,13.646595
test,A5,17.043274,15.674957
test,A5,17.234476,25.555817
test,A5,17.286114,22.793858
test,A5,17.18875,17.271843
test,A5,17.229992,15.530938
test,A5,17.194992,12.275468
test,A5,17.22625,13.173396
test,A5,17.138592,13.86491
test,A5,16.729616,12.412506
test,A5,16.223434,12.952011
test,A5,15.842409,13.662451
test,A5,15.488574,12.982553
test,A5,14.977441,12.505188
test,A5,14.443802,12.11003
test,A5,14.083577,14.877914
test,A5,13.695043,14.86329
test,A5,13.139976,17.274849
test,A5,12.346074,17.380167
test,A5,11.0725,17.997356
test,A5,9.62375,16.223835
test,A5,8.33625,14.942598
test,A5,7.0525,17.135265
test,A5,6.0475,16.429249
test,A5,5.26625,16.03579
test,A5,4.82474,11.524097
test,A5,5.340692,8.940651
test,A5,6.4286723,9.404916
test,A5,7.36522,12.497761
test,A5,7.910065,18.990456
test,A5,8.1250725,24.442478
test,A5,8.101084,24.990778
test,A5,7.838731,19.790094
test,A5,7.887666,18.35101
test,A5,8.240012,19.353584
test,A5,8.71125,16.831211
test,A5,9.3652525,15.508971
test,A5,10.119002,11.905043
test,A5,10.89125,7.052772
test,A5,11.64125,8.3106165
test,A5,12.506418,11.040391
test,A5,13.336418,11.200644
test,A5,14.104898,13.182841
test,A5,14.2848215,11.8887005
test,A5,13.991173,11.366696
test,A5,13.952536,12.052544
test,A5,14.118889,12.816839
test,A5,14.350103,12.857283
test,A5,14.415032,9.867538
test,A5,14.406282,8.793382
test,A5,14.492433,10.139292
test,A5,14.622523,8.984143
test,A5,14.836266,8.661113
test,A5,14.939528,11.137415
test,A5,14.993889,11.634825
test,A5,14.616965,9.661959
test,A5,14.409057,10.094798
test,A5,14.460469,11.366054
test,A5,14.456172,10.353783
test,A5,14.681904,11.444512
test,A5,14.651075,11.727943
test,A5,15.146298,8.355508
test,A5,15.785263,9.690965
test,A5,15.777698,10.603489
test,A5,15.770172,14.587883
test,A5,16.13021,14.796822
test,A5,16.432476,11.032026
test,A5,16.331121,9.495022
test,A5,16.101173,8.439957
test,A5,15.927386,10.047818
test,A5,15.676091,10.971529
test,A5,15.452524,10.682379
test,A5,15.461193,10.041306
test,A5,15.299906,8.971209
test,A5,14.970027,9.603578
test,A5,14.496117,9.125165
test,A5,14.016372,9.672161
test,A5,14.241505,9.596614
test,A5,14.738262,8.558907
test,A5,13.635762,8.409411
test,A5,12.157495,7.5812035
test,A5,11.939929,8.926701
test,A5,12.111184,9.900063
test,A5,12.509789,9.369611
test,A5,13.134898,9.294145
test,A5,13.6776085,9.88921
test,A5,13.872498,10.743471
test,A5,13.909998,13.013723
test,A5,14.03,13.586983
test,A5,14.3388,12.288216
test,A5,14.5963,10.439827
test,A5,14.61125,9.814035
test,A5,14.6125,9.815679
test,A5,14.6275,12.069997
test,A5,14.548767,16.509007
test,A5,14.52001,15.358367
test,A5,14.526242,11.236234
test,A5,14.482525,12.417103
test,A5,14.398738,10.074184
test,A5,14.262416,10.253202
test,A5,14.067539,11.035286
test,A5,13.771235,10.770523
test,A5,13.407334,12.372526
test,A5,13.057436,14.306594
test,A5,12.592677,11.942946
test,A5,11.854825,10.77978
test,A5,10.693398,13.225352
test,A5,9.295225,15.3385515
test,A5,8.221475,19.062664
test,A5,7.6275,18.06845
test,A5,7.362426,9.606607
test,A5,7.1486077,13.444882
test,A5,6.862432,27.327053
test,A5,6.548634,31.652485
test,A5,6.1259828,29.543547
test,A5,5.622402,33.252495
test,A5,5.214904,32.914314
test,A5,4.724851,19.128609
test,A5,4.5128093,9.993882
test,A5,6.1116533,10.810318
test,A5,7.801344,13.077505
test,A5,8.250023,11.527132
test,A5,8.525058,10.793658
test,A5,8.517381,10.253416
test,A5,8.178596,10.904915
test,A5,7.7137575,11.471713
test,A5,7.4312577,9.2399025
test,A5,6.901106,7.4207296
test,A5,5.800172,6.237325
test,A5,3.6575007,6.18033
test,A5,2.016054,7.930504
test,A5,2.0626187,12.299549
test,A5,2.562203,22.20198
test,A5,3.303508,24.9194
test,A5,3.83265,21.492638
test,A5,3.9726024,20.49065
test,A5,4.0212574,16.848839
test,A5,3.85875,10.917965
test,A5,3.622385,10.885065
test,A5,3.3847814,12.871325
test,A5,2.9626563,12.069194
test,A5,2.19401,10.997538
test,A5,1.3247722,10.703341
test,A5,0.5635223,7.431077
test,A5,0.09375,7.5489917
test,A5,0.0,9.6525
test,A5,0.0,9.82848
test,A5,0.0,8.366177
test,A5,0.0,7.8287597
test,A5,0.0,7.6709504
test,A5,0.0,8.330226
test,A5,0.0,8.296361
test,A5,0.0,8.351898
test,A5,0.0,10.077457
test,A5,0.0,9.270739
test,A5,0.0,9.5475025
test,T2,0.0,7.999724
test,T2,0.0,7.7057133
test,T2,0.0,7.8113523
test,T2,0.0,8.067595
test,T2,0.0,7.996239
test,T2,0.0,7.8390727
test,T2,0.0,7.5623093
test,T2,0.0,9.316851
test,T2,0.0,9.932869
test,T2,0.0,8.864067
test,T2,0.0,8.455121
test,T2,0.0,7.671641
test,T2,0.0,7.8942857
test,T2,0.0,8.119579
test,T2,0.0,8.108248
test,T2,0.0,8.004613
test,T2,0.0,7.6526465
test,T2,0.0,7.394572
test,T2,0.0,7.478086
test,T2,0.0,7.604196
test,T2,0.0,7.677543
test,T2,0.0,8.013726
test,T2,0.0,8.308106
test,T2,0.0,8.114107
test,T2,0.0,7.7130313
test,T2,0.0,7.8352866
test,T2,0.0,7.8160596
test,T2,0.0,7.7712154
test,T2,0.0,7.8933916
test,T2,0.0,7.9413643
test,T2,0.0,7.913534
test,T2,0.0,7.591
test,T2,0.0,8.495606
test,T2,0.0,9.110512
test,T2,0.0,9.212956
test,T2,0.0,8.934471
test,T2,0.0,7.9378896
test,T2,0.0,8.404037
test,T2,0.0,8.624768
test,T2,0.0,7.9376907
test,T2,0.0,10.191223
test,T2,0.0,13.123156
test,T2,0.0,16.568846
test,T2,0.0,17.1902
test,T2,0.0,11.274898
test,T2,0.0,8.145863
test,T2,0.0,9.740608
test,T2,0.0,16.45579
test,T2,0.0,20.816181
test,T2,0.0,14.63224
test,T2,0.496755,6.9599066
test,T2,1.741755,8.880858
test,T2,2.49,15.595618
test,T2,2.49,18.531582
test,T2,2.49,18.169807
test,T2,2.49,15.822461
test,T2,2.49,9.946602
test,T2,2.49,8.75211
test,T2,2.49,10.156499
test,T2,3.28,10.662283
test,T2,5.255,9.998267
test,T2,6.44,10.083428
test,T2,6.44,10.174305
test,T2,6.44,9.460592
test,T2,6.44,10.402929
test,T2,6.44,12.354755
test,T2,6.44,8.517846
test,T2,6.44,7.418909
test,T2,6.441995,7.838657
test,T2,6.4469953,13.095266
test,T2,6.45,18.749092
test,T2,6.45,19.815125
test,T2,6.45,22.56848
test,T2,6.45,30.705372
test,T2,6.45,25.50415
test,T2,6.45,12.107728
test,T2,6.45,10.516689
test,T2,7.02855,11.168586
test,T2,8.47855,10.01726
test,T2,9.35,10.124305
test,T2,9.35,9.826729
test,T2,9.35,9.525852
test,T2,9.35,10.192289
test,T2,9.35,12.542263
test,T2,9.35,8.737246
test,T2,9.35,3.317803
test,T2,7.484675,5.353371
test,T2,2.809675,8.205292
test,T2,0.0,9.311447
test,T2,0.0,9.696153
test,T2,0.0,9.757519
test,T2,0.0,10.816401
test,T2,0.0,12.207682
test,T2,0.0,11.457008
test,T2,0.0,15.00885
test,T2,1.55,19.191225
test,T2,5.425,15.856772
test,T2,7.75,7.3909698
test,T2,7.75,9.492527
test,T2,7.75,11.475114
test,T2,7.75,8.882051
test,T2,7.75,7.829308
test,T2,7.75,8.267951
test,T2,7.75,9.751681
test,T2,6.97,8.201472
test,T2,5.02,7.5751066
test,T2,3.85,7.2681823
test,T2,3.85,7.775135
test,T2,3.85,9.944597
test,T2,3.85,9.406003
test,T2,3.85,9.225814
test,T2,3.85,14.665019
test,T2,3.85,17.091095
test,T2,4.07,12.714949
test,T2,4.62,16.825521
test,T2,4.95,25.976639
test,T2,4.95,29.25046
test,T2,4.95,19.918518
test,T2,4.95,10.620386
test,T2,4.95,13.813406
test,T2,4.95,14.183073
test,T2,4.95,11.759336
test,T2,6.026,9.997381
test,T2,8.716,11.610274
test,T2,10.33,9.522383
test,T2,10.33,12.242022
test,T2,10.33,16.06366
test,T2,10.33,11.784758
test,T2,10.33,11.515937
test,T2,10.33,13.5706005
test,T2,10.33,11.399378
test,T2,10.62,15.058254
test,T2,11.345,16.481298
test,T2,11.78,12.834977
test,T2,11.78,10.371125
test,T2,11.78,10.6486845
test,T2,11.78,16.650124
test,T2,11.78,17.670734
test,T2,11.78,11.176128
test,T2,11.78,10.428009
test,T2,11.146,12.381935
test,T2,9.561,20.568348
test,T2,8.61,18.402735
test,T2,8.61,11.619456
test,T2,8.61,15.528307
test,T2,8.61,19.8909
test,T2,8.61,16.435343
test,T2,8.61,15.661776
test,T2,8.61,15.787108
test,T2,8.46,11.140694
test,T2,8.085,12.06759
test,T2,7.86,14.2734375
test,T2,7.86,15.605797
test,T2,7.86,16.465199
test,T2,7.86,13.006924
test,T2,7.86,15.602985
test,T2,7.86,14.393539
test,T2,7.86,13.900074
test,T2,8.037555,13.143237
test,T2,8.482555,10.05254
test,T2,8.75,11.25374
test,T2,8.75,11.177155
test,T2,8.75,10.990978
test,T2,8.75,11.269726
test,T2,8.75,10.986008
test,T2,8.75,12.33135
test,T2,8.75,12.968265
test,T2,8.634287,13.008976
test,T2,8.344287,12.151415
test,T2,8.17,11.835924
test,T2,8.17,12.417866
test,T2,8.17,14.119913
test,T2,8.17,16.14738
test,T2,8.17,15.262596
test,T2,8.17,13.363052
test,T2,8.17,11.227209
test,T2,8.614896,10.97921
test,T2,9.729896,14.665182
test,T2,10.4,15.47572
test,T2,10.4,12.908603
test,T2,10.4,14.414315
test,T2,10.4,14.273077
test,T2,10.4,12.032816
test,T2,10.4,13.384197
test,T2,10.4,12.502167
test,T2,10.186,9.584155
test,T2,9.651,8.527662
test,T2,9.33,8.02742
test,T2,9.33,8.686783
test,T2,9.33,10.792511
test,T2,9.33,11.174454
test,T2,9.33,10.472553
test,T2,9.33,11.491753
test,T2,9.33,9.466585
test,T2,9.84,9.050329
test,T2,11.115,12.273295
test,T2,11.88,15.133372
test,T2,11.88,13.692236
test,T2,11.88,12.102823
test,T2,11.88,10.75875
test,T2,11.88,10.621075
test,T2,11.88,15.404488
test,T2,11.88,14.766842
test,T2,12.28698,10.30646
test,T2,13.30698,11.901173
test,T2,13.92,12.244507
test,T2,13.92,10.864161
test,T2,13.92,9.601649
test,T2,13.92,8.359478
test,T2,13.92,8.181812
test,T2,13.92,9.652176
test,T2,13.92,10.143228
test,T2,12.452,6.8368783
test,T2,8.782,7.48065
test,T2,6.58,15.631435
test,T2,6.58,21.868034
test,T2,6.58,14.304019
test,T2,6.58,17.072659
test,T2,6.58,29.589458
test,T2,6.58,25.215733
test,T2,6.58,12.75527
test,T2,7.32,13.404633
test,T2,9.17,14.180278
test,T2,10.28,11.734664
test,T2,10.28,9.611787
test,T2,10.28,9.267227
test,T2,10.28,9.739723
test,T2,10.28,12.178326
test,T2,10.28,12.9866
test,T2,10.28,13.003496
test,T2,11.312,11.476711
test,T2,13.892,9.798791
test,T2,15.44,16.988354
test,T2,15.44,14.806903
test,T2,15.44,10.783964
test,T2,15.44,12.314066
test,T2,15.44,9.1155205
test,T2,15.44,6.943243
test,T2,15.44,9.669886
test,T2,13.419015,9.934272
test,T2,8.354014,7.987595
test,T2,5.31,12.704931
test,T2,5.31,21.891352
test,T2,5.31,20.597
test,T2,5.31,18.481865
test,T2,5.31,13.097996
test,T2,5.31,9.238287
test,T2,5.31,8.951857
test,T2,7.045693,11.5304165
test,T2,11.395693,11.114771
test,T2,14.01,10.978653
test,T2,14.01,11.513754
test,T2,14.01,11.764413
test,T2,14.01,12.523321
test,T2,14.01,11.864805
test,T2,14.01,12.428029
test,T2,14.01,12.901215
test,T2,14.357139,13.868061
test,T2,15.2271385,11.359201
test,T2,15.75,8.089394
test,T2,15.75,9.9403515
test,T2,15.75,10.683977
test,T2,15.75,10.08469
test,T2,15.75,10.160656
test,T2,15.75,10.156413
test,T2,15.75,11.481546
test,T2,15.045765,10.329207
test,T2,13.280765,8.8762665
test,T2,12.22,14.502134
test,T2,12.22,21.94159
test,T2,12.22,18.989065
test,T2,12.22,10.105967
test,T2,12.22,10.936111
test,T2,12.22,31.419662
test,T2,12.22,45.035034
test,T2,11.92474,24.710505
test,T2,11.18474,11.526234
test,T2,10.74,10.094811
test,T2,10.74,9.940686
test,T2,10.74,10.310364
test,T2,10.74,12.3609085
test,T2,10.74,13.634201
test,T2,10.74,11.9378605
test,T2,10.74,11.6917095
test,T2,10.73202,9.063311
test,T2,10.71202,6.7478623
test,T2,10.7,10.437334
test,T2,10.7,8.938439
test,T2,10.7,4.898991
test,T2,10.7,5.059212
test,T2,10.7,8.28672
test,T2,10.7,9.493998
test,T2,10.7,10.010819
test,T2,8.565297,9.117415
test,T2,3.215297,8.819845
test,T2,0.0,9.928912
test,T2,0.0,11.297834
test,T2,0.0,21.642847
test,T2,0.0,33.668476
test,T2,0.0,32.897274
test,T2,0.0,24.373775
test,T2,0.0,13.499995
test,T2,1.921185,9.379955
test,T2,6.736185,11.904964
test,T2,9.63,8.886027
test,T2,9.63,6.2425294
test,T2,9.63,21.031797
test,T2,9.63,34.835438
test,T2,9.63,30.612555
test,T2,9.63,19.613876
test,T2,9.63,12.211952
test,T2,10.19259,13.505925
test,T2,11.60259,20.221952
test,T2,12.45,19.695587
test,T2,12.45,16.255886
test,T2,12.45,18.53505
test,T2,12.45,17.976488
test,T2,12.45,18.009064
test,T2,12.45,15.694445
test,T2,12.45,12.991136
test,T2,13.304,13.525902
test,T2,15.439,16.682228
test,T2,16.72,19.119398
test,T2,16.72,17.81717
test,T2,16.72,17.689793
test,T2,16.72,18.80969
test,T2,16.72,15.065395
test,T2,16.72,11.206955
test,T2,16.72,10.320677
test,T2,15.97387,11.279591
test,T2,14.10387,14.100889
test,T2,12.98,19.065063
test,T2,12.98,19.042587
test,T2,12.98,11.340364
test,T2,12.98,13.544949
test,T2,12.98,16.841084
test,T2,12.98,12.746974
test,T2,12.98,8.680592
test,T2,11.044,6.377844
test,T2,6.204,8.124628
test,T2,3.3,15.625055
test,T2,3.3,20.775314
test,T2,3.3,16.75607
test,T2,3.3,11.025267
test,T2,3.3,9.138914
test,T2,3.3,9.598237
test,T2,3.3,11.674074
test,T2,5.37879,10.660791
test,T2,10.58879,10.071759
test,T2,13.72,7.8404264
test,T2,13.72,7.198482
test,T2,13.72,8.663839
test,T2,13.72,8.643108
test,T2,13.72,9.772423
test,T2,13.72,11.4781475
test,T2,13.72,11.769318
test,T2,13.634,14.447336
test,T2,13.419,13.667619
test,T2,13.29,13.764847
test,T2,13.29,12.161964
test,T2,13.29,9.774303
test,T2,13.29,10.145243
test,T2,13.29,9.544594
test,T2,13.29,8.71026
test,T2,13.29,6.8654885
test,T2,12.024,7.378427
test,T2,8.859,11.077355
test,T2,6.96,14.40011
test,T2,6.96,16.49127
test,T2,6.96,17.727222
test,T2,6.96,10.596588
test,T2,6.96,9.153128
test,T2,6.96,11.760988
test,T2,6.96,10.35734
test,T2,7.532565,9.387461
test,T2,8.967565,11.019078
test,T2,9.83,11.870422
test,T2,9.83,10.79479
test,T2,9.83,9.152237
test,T2,9.83,8.991502
test,T2,9.83,14.113976
test,T2,9.83,14.672697
test,T2,9.83,8.697068
test,T2,9.403059,8.280255
test,T2,8.333059,9.407717
test,T2,7.69,11.712681
test,T2,7.69,15.179852
test,T2,7.69,21.375938
test,T2,7.69,26.92416
test,T2,7.69,27.437088
test,T2,7.69,30.282593
test,T2,7.69,26.454983
test,T2,8.81,13.860062
test,T2,11.61,6.1071835
test,T2,13.29,6.9214892
test,T2,13.29,9.790636
test,T2,13.29,9.44261
test,T2,13.29,11.6651
test,T2,13.29,13.600981
test,T2,13.29,12.298914
test,T2,13.29,11.525584
test,T2,14.040138,9.783109
test,T2,15.920138,9.290115
test,T2,17.05,10.304329
test,T2,17.05,10.863523
test,T2,17.05,11.384355
test,T2,17.05,11.146899
test,T2,17.05,10.1689625
test,T2,17.05,11.478441
test,T2,17.05,11.996092
test,T2,17.186,10.848699
test,T2,17.526,12.285145
test,T2,17.73,13.112329
test,T2,17.73,10.900702
test,T2,17.73,11.108316
test,T2,17.73,10.183404
test,T2,17.73,9.102617
test,T2,17.73,11.279741
test,T2,17.73,10.580478
test,T2,17.012,9.002318
test,T2,15.217,9.446152
test,T2,14.14,12.006157
test,T2,14.14,12.191761
test,T2,14.14,12.070456
test,T2,14.14,12.19332
test,T2,14.14,9.602532
test,T2,14.14,7.4831223
test,T2,14.14,8.736698
test,T2,12.494,14.375483
test,T2,8.379,19.931961
test,T2,5.91,14.182717
test,T2,5.91,8.387825
test,T2,5.91,14.179184
test,T2,5.91,23.8494
test,T2,5.91,25.855385
test,T2,5.91,12.981363
test,T2,5.91,6.2539334
test,T2,6.884,7.774224
test,T2,9.319,10.884332
test,T2,10.78,11.798342
test,T2,10.78,10.263876
test,T2,10.78,9.344321
test,T2,10.78,10.007267
test,T2,10.78,8.88002
test,T2,10.78,7.896729
test,T2,10.78,9.916155
test,T2,11.848,11.469943
test,T2,14.518,12.015373
test,T2,16.12,12.759665
test,T2,16.12,12.32574
test,T2,16.12,11.094549
test,T2,16.12,11.894571
test,T2,16.12,10.119902
test,T2,16.12,9.246321
test,T2,16.12,7.7725186
test,T2,16.318,10.099753
test,T2,16.813,10.364869
test,T2,17.11,12.571828
test,T2,17.11,12.70885
test,T2,17.11,10.043848
test,T2,17.11,11.146636
test,T2,17.11,12.329541
test,T2,17.11,13.967991
test,T2,17.11,15.928519
test,T2,16.986307,12.506945
test,T2,16.676308,11.465944
test,T2,16.49,10.210463
test,T2,16.49,10.318733
test,T2,16.49,10.5770645
test,T2,16.49,9.1000185
test,T2,16.49,9.035858
test,T2,16.49,9.637013
test,T2,16.49,10.925699
test,T2,14.644579,9.813271
test,T2,10.019579,8.942394
test,T2,7.24,7.2511573
test,T2,7.24,10.707113
test,T2,7.24,20.091852
test,T2,7.24,23.600933
test,T2,7.24,12.728986
test,T2,7.24,11.358253
test,T2,7.24,17.548136
test,T2,7.882,18.583813
test,T2,9.487,18.190716
test,T2,10.45,11.792171
test,T2,10.45,5.9853454
test,T2,10.45,6.7378645
test,T2,10.45,10.059856
test,T2,10.45,13.818398
test,T2,10.45,11.855444
test,T2,10.45,10.027502
test,T2,11.884405,10.823566
test,T2,15.479405,9.72353
test,T2,17.64,8.374275
test,T2,17.64,9.358626
test,T2,17.64,11.691463
test,T2,17.64,11.447152
test,T2,17.64,9.868931
test,T2,17.64,11.8787155
test,T2,17.64,11.198626
test,T2,18.348,8.711901
test,T2,20.118,9.87561
test,T2,21.18,11.300222
test,T2,21.18,13.507805
test,T2,21.18,17.43874
test,T2,21.18,12.794614
test,T2,21.18,8.737977
test,T2,21.18,12.167477
test,T2,21.18,15.914772
test,T2,21.296,15.503876
test,T2,21.586,14.4271
test,T2,21.76,17.314526
test,T2,21.76,12.200418
test,T2,21.76,10.680096
test,T2,21.76,13.276427
test,T2,21.76,11.694084
test,T2,21.76,10.554616
test,T2,21.76,11.6272335
test,T2,21.25,13.774771
test,T2,19.975,18.32
test,T2,19.21,18.170673
test,T2,19.21,12.135154
test,T2,19.21,9.73735
test,T2,19.21,11.458893
test,T2,19.21,11.477407
test,T2,19.21,13.756455
test,T2,19.21,13.07786
test,T2,19.102268,9.714286
test,T2,18.832268,9.766827
test,T2,18.67,10.653986
test,T2,18.67,10.612209
test,T2,18.67,10.698191
test,T2,18.67,10.331736
test,T2,18.67,10.983967
test,T2,18.67,11.494105
test,T2,18.67,11.107109
test,T2,18.568,9.4304695
test,T2,18.313,9.941206
test,T2,18.16,10.766506
test,T2,18.16,11.968718
test,T2,18.16,11.265837
test,T2,18.16,12.479584
test,T2,18.16,13.499977
test,T2,18.16,11.48095
test,T2,18.16,14.101791
test,T2,18.704636,14.484549
test,T2,20.069635,12.057517
test,T2,20.89,9.891542
test,T2,20.89,10.205545
test,T2,20.89,12.239708
test,T2,20.89,12.922434
test,T2,20.89,12.576494
test,T2,20.89,15.272468
test,T2,20.89,15.5734215
test,T2,20.76232,12.633538
test,T2,20.44232,13.382381
test,T2,20.25,12.737463
test,T2,20.25,12.804114
test,T2,20.25,11.910665
test,T2,20.25,13.04898
test,T2,20.25,12.331112
test,T2,20.25,10.038202
test,T2,20.25,10.048
test,T2,20.614,10.505325
test,T2,21.524,11.104984
test,T2,22.07,11.405284
test,T2,22.07,12.445192
test,T2,22.07,11.316481
test,T2,22.07,9.801998
test,T2,22.07,10.187952
test,T2,22.07,10.260122
test,T2,22.07,10.142042
test,T2,22.060024,10.19907
test,T2,22.035025,13.057598
test,T2,22.02,14.205903
test,T2,22.02,13.297098
test,T2,22.02,11.692482
test,T2,22.02,11.497259
test,T2,22.02,11.101744
test,T2,22.02,10.174656
test,T2,22.02,10.292556
test,T2,22.452,9.858811
test,T2,23.532,8.707227
test,T2,24.18,9.964209
test,T2,24.18,10.546495
test,T2,24.18,10.049385
test,T2,24.18,10.007232
test,T2,24.18,13.581335
test,T2,24.18,19.660091
test,T2,24.18,22.232885
test,T2,24.38,16.851797
test,T2,24.63,12.885858
test,T2,24.68,11.78079
test,T2,24.68,9.308849
test,T2,24.68,10.114952
test,T2,24.68,12.27206
test,T2,24.68,12.792067
test,T2,24.68,11.443174
test,T2,24.12737,11.20085
test,T2,22.74237,11.545705
test,T2,21.91,10.755978
test,T2,21.91,10.581364
test,T2,21.91,12.447283
test,T2,21.91,14.425506
test,T2,21.91,13.665209
test,T2,21.91,12.2041855
test,T2,21.91,10.713922
test,T2,22.083569,11.321303
test,T2,22.51857,14.188263
test,T2,22.78,14.245821
test,T2,22.78,11.368927
test,T2,22.78,11.717398
test,T2,22.78,10.82992
test,T2,22.78,10.840701
test,T2,22.78,11.5066395
test,T2,22.78,11.090148
test,T2,22.736,11.126392
test,T2,22.626,12.576715
test,T2,22.56,13.878481
test,T2,22.56,16.213428
test,T2,22.56,13.982128
test,T2,22.56,12.719259
test,T2,22.56,12.89156
test,T2,22.56,12.5913725
test,T2,22.56,10.547859
test,T2,22.394415,10.876076
test,T2,21.979416,11.666597
test,T2,21.73,12.585251
test,T2,21.73,18.451014
test,T2,21.73,15.870939
test,T2,21.73,9.674375
test,T2,21.73,12.15883
test,T2,21.73,12.170927
test,T2,21.73,12.469883
test,T2,22.039232,12.643639
test,T2,22.814232,9.913984
test,T2,23.28,10.545183
test,T2,23.28,10.808709
test,T2,23.28,9.126633
test,T2,23.28,11.807915
test,T2,23.28,13.003054
test,T2,23.28,10.03849
test,T2,23.28,12.798928
test,T2,23.335861,12.421405
test,T2,23.47586,9.088249
test,T2,23.56,10.56106
test,T2,23.56,10.847484
test,T2,23.56,10.519003
test,T2,23.56,12.202204
test,T2,23.56,12.1478815
test,T2,23.56,11.984166
test,T2,23.56,16.201752
test,T2,23.536,16.912844
test,T2,23.476,16.977211
test,T2,23.44,17.16488
test,T2,23.44,11.032117
test,T2,23.44,10.714779
test,T2,23.44,10.281307
test,T2,23.44,9.665681
test,T2,23.44,10.516281
test,T2,23.44,10.686134
test,T2,23.486,10.541299
test,T2,23.601,10.553879
test,T2,23.67,11.378861
test,T2,23.67,11.845657
test,T2,23.67,12.03816
test,T2,23.67,10.938449
test,T2,23.67,11.040003
test,T2,23.67,11.201136
test,T2,23.67,10.188135
test,T2,23.814,11.138592
test,T2,24.174,11.768332
test,T2,24.39,13.188993
test,T2,24.39,11.922279
test,T2,24.39,10.621319
test,T2,24.39,12.322099
test,T2,24.39,12.425028
test,T2,24.39,11.134346
test,T2,24.39,11.768385
test,T2,24.419926,14.381586
test,T2,24.494926,12.610492
test,T2,24.54,11.896135
test,T2,24.54,11.776434
test,T2,24.54,11.744778
test,T2,24.54,10.662042
test,T2,24.54,10.005055
test,T2,24.54,11.2696295
test,T2,24.54,11.517876
test,T2,24.45222,12.609604
test,T2,24.23222,12.86533
test,T2,24.1,12.488964
test,T2,24.1,14.835439
test,T2,24.1,17.897411
test,T2,24.1,15.945182
test,T2,24.1,15.200861
test,T2,24.1,14.927449
test,T2,24.1,15.566461
test,T2,24.212,13.494131
test,T2,24.492,11.322622
test,T2,24.66,15.419214
test,T2,24.66,21.568535
test,T2,24.66,19.83968
test,T2,24.66,10.922609
test,T2,24.66,11.352005
test,T2,24.66,12.122901
test,T2,24.66,10.544088
test,T2,24.54,15.464682
test,T2,24.24,15.7899685
test,T2,24.06,9.644064
test,T2,24.06,10.014675
test,T2,24.06,13.612255
test,T2,24.06,13.974297
test,T2,24.06,12.528589
test,T2,24.06,12.900167
test,T2,24.06,13.235515
test,T2,23.822,11.814561
test,T2,23.227,10.451863
test,T2,22.87,9.105989
test,T2,22.87,8.998697
test,T2,22.87,10.830089
test,T2,22.87,11.276774
test,T2,22.87,10.107395
test,T2,22.87,12.707024
test,T2,22.87,13.0893345
test,T2,23.015635,11.431681
test,T2,23.380634,14.855051
test,T2,23.6,15.663123
test,T2,23.6,14.329813
test,T2,23.6,13.088881
test,T2,23.6,12.9893675
test,T2,23.6,12.016525
test,T2,23.6,12.156097
test,T2,23.6,10.546257
test,T2,23.958,10.474546
test,T2,24.853,11.382707
test,T2,25.39,13.621536
test,T2,25.39,12.206694
test,T2,25.39,10.57346
test,T2,25.39,11.322731
test,T2,25.39,11.288422
test,T2,25.39,10.60965
test,T2,25.39,9.492259
test,T2,25.214436,9.746792
test,T2,24.774435,12.14496
test,T2,24.51,13.619057
test,T2,24.51,12.047012
test,T2,24.51,10.847385
test,T2,24.51,13.116557
test,T2,24.51,15.702007
test,T2,24.51,14.457004
test,T2,24.51,13.128843
test,T2,24.633694,10.995506
test,T2,24.943693,12.574896
test,T2,25.13,20.180878
test,T2,25.13,19.192389
test,T2,25.13,11.750595
test,T2,25.13,10.3099575
test,T2,25.13,11.048994
test,T2,25.13,12.922272
test,T2,25.13,11.597893
test,T2,24.95,13.466914
test,T2,24.5,12.000409
test,T2,24.23,10.038942
test,T2,24.23,12.055151
test,T2,24.23,11.497404
test,T2,24.23,10.748394
test,T2,24.23,10.825391
test,T2,24.23,10.649509
test,T2,24.23,12.368669
test,T2,24.231995,12.861744
test,T2,24.236996,13.0130825
test,T2,24.24,11.307144
test,T2,24.24,11.434082
test,T2,24.24,11.822879
test,T2,24.24,11.223568
test,T2,24.24,12.352619
test,T2,24.24,12.05516
test,T2,24.24,11.67804
test,T2,24.441496,13.596151
test,T2,24.946495,12.410905
test,T2,25.25,13.798738
test,T2,25.25,14.461248
test,T2,25.25,13.34216
test,T2,25.25,13.642824
test,T2,25.25,14.993407
test,T2,25.25,13.022633
test,T2,25.25,9.539761
test,T2,25.39,21.323532
test,T2,25.74,18.572998
test,T2,25.95,9.506589
test,T2,25.95,9.7326355
test,T2,25.95,10.855545
test,T2,25.95,10.3325405
test,T2,25.95,11.210649
test,T2,25.95,13.235474
test,T2,25.95,13.986708
test,T2,25.642,11.219057
test,T2,24.872,10.109751
test,T2,24.41,11.154968
test,T2,24.41,11.308918
test,T2,24.41,13.319811
test,T2,24.41,13.127638
test,T2,24.41,13.950805
test,T2,24.41,13.673386
test,T2,24.41,13.199826
test,T2,24.26,15.260315
test,T2,23.885,14.418584
test,T2,23.66,13.949211
test,T2,23.66,14.813848
test,T2,23.66,13.303574
test,T2,23.66,15.203508
test,T2,23.66,14.66457
test,T2,23.66,10.212858
test,T2,23.66,9.125245
test,T2,23.91935,10.208551
test,T2,24.56935,13.409438
test,T2,24.96,14.003378
test,T2,24.96,12.823641
test,T2,24.96,13.628354
test,T2,24.96,14.971079
test,T2,24.96,11.604128
test,T2,24.96,9.251297
test,T2,24.96,8.579229
test,T2,24.82833,9.089736
test,T2,24.49833,9.941967
test,T2,24.3,10.174402
test,T2,24.3,10.034415
test,T2,24.3,10.105543
test,T2,24.3,9.188142
test,T2,24.3,10.204357
test,T2,24.3,11.534928
test,T2,24.3,10.960005
test,T2,24.138,12.59523
test,T2,23.733,13.621359
test,T2,23.49,12.2005205
test,T2,23.49,13.727185
test,T2,23.49,13.629132
test,T2,23.49,10.783428
test,T2,23.49,12.686389
test,T2,23.49,14.274701
test,T2,23.49,13.040373
test,T2,23.639626,13.002341
test,T2,24.014626,13.8363905
test,T2,24.24,11.9948635
test,T2,24.24,11.032772
test,T2,24.24,14.733194
test,T2,24.24,12.546772
test,T2,24.24,11.12419
test,T2,24.24,13.202061
test,T2,24.24,15.382951
test,T2,23.970675,15.532845
test,T2,23.295675,17.183886
test,T2,22.89,21.431042
test,T2,22.89,15.517192
test,T2,22.89,12.395155
test,T2,22.89,12.367803
test,T2,22.89,11.67145
test,T2,22.89,15.967544
test,T2,22.89,15.987915
test,T2,22.674534,11.410675
test,T2,22.134535,12.232759
test,T2,21.81,10.989691
test,T2,21.81,9.765621
test,T2,21.81,8.817904
test,T2,21.81,7.9779143
test,T2,21.81,9.640719
test,T2,21.81,12.278715
test,T2,21.81,12.905518
test,T2,21.94566,11.51652
test,T2,22.28566,12.321459
test,T2,22.49,13.927876
test,T2,22.49,13.844883
test,T2,22.49,11.108021
test,T2,22.49,14.26074
test,T2,22.49,15.240771
test,T2,22.49,9.662318
test,T2,22.49,10.948096
test,T2,22.49,11.657177
test,T2,22.49,10.672518
test,T2,22.49,11.455273
test,T2,22.49,12.178682
test,T2,22.49,12.396284
test,T2,22.49,12.387821
test,T2,22.49,9.960691
test,T2,22.49,10.301092
test,T2,22.49,10.59095
test,T2,22.89,10.145425
test,T2,23.89,10.12819
test,T2,24.49,9.058165
test,T2,24.49,9.847622
test,T2,24.49,10.112946
test,T2,24.49,10.913313
test,T2,24.49,12.418043
test,T2,24.49,13.562208
test,T2,24.49,11.334133
test,T2,24.698,12.428841
test,T2,25.218,13.193003
test,T2,25.53,12.740164
test,T2,25.53,12.994035
test,T2,25.53,13.042304
test,T2,25.53,11.629826
test,T2,25.53,9.873157
test,T2,25.53,11.626223
test,T2,25.53,11.823668
test,T2,25.368,9.963965
test,T2,24.963,14.818926
test,T2,24.72,16.478376
test,T2,24.72,12.7653675
test,T2,24.72,10.766792
test,T2,24.72,12.852812
test,T2,24.72,13.360508
test,T2,24.72,14.430899
test,T2,24.72,14.668743
test,T2,24.985329,12.024603
test,T2,25.650328,11.484112
test,T2,26.05,10.5590725
test,T2,26.05,10.15513
test,T2,26.05,10.162594
test,T2,26.05,10.203661
test,T2,26.05,11.302727
test,T2,26.05,9.588124
test,T2,26.05,10.31989
test,T2,26.49,13.622715
test,T2,27.59,11.365046
test,T2,28.25,11.145102
test,T2,28.25,11.336964
test,T2,28.25,11.1395035
test,T2,28.25,10.149807
test,T2,28.25,9.924814
test,T2,28.25,11.326756
test,T2,28.25,10.361393
test,T2,28.452,12.984526
test,T2,28.957,12.976162
test,T2,29.26,11.6432295
test,T2,29.26,11.467577
test,T2,29.26,11.530245
test,T2,29.26,13.003334
test,T2,29.26,14.264721
test,T2,29.26,13.240963
test,T2,29.26,12.895477
test,T2,29.418,15.6777115
test,T2,29.813,15.107097
test,T2,30.05,11.960576
test,T2,30.05,10.994792
test,T2,30.05,10.598267
test,T2,30.05,10.323536
test,T2,30.05,12.236501
test,T2,30.05,12.845188
test,T2,30.05,11.353103
test,T2,30.032045,12.502221
test,T2,29.987045,14.140995
test,T2,29.96,13.69112
test,T2,29.96,15.574953
test,T2,29.96,20.757095
test,T2,29.96,21.865513
test,T2,29.96,15.811705
test,T2,29.96,12.269011
test,T2,29.96,13.289755
test,T2,29.702,12.671224
test,T2,29.057,10.88995
test,T2,28.67,9.622089
test,T2,28.67,13.443481
test,T2,28.67,11.317093
test,T2,28.67,11.713568
test,T2,28.67,12.687643
test,T2,28.67,13.077444
test,T2,28.67,13.577938
test,T2,28.594,12.099701
test,T2,28.404,10.814679
test,T2,28.29,15.6326
test,T2,28.29,15.27722
test,T2,28.29,10.555771
test,T2,28.29,12.166294
test,T2,28.29,13.356
test,T2,28.29,14.782965
test,T2,28.29,12.933845
test,T2,28.319925,10.987485
test,T2,28.394926,11.5920515
test,T2,28.44,16.362465
test,T2,28.44,15.943378
test,T2,28.44,12.053074
test,T2,28.44,11.943713
test,T2,28.44,22.36634
test,T2,28.44,24.45194
test,T2,28.44,21.768078
test,T2,28.461945,19.665426
test,T2,28.516945,13.686401
test,T2,28.55,20.450201
test,T2,28.55,18.539259
test,T2,28.55,14.968343
test,T2,28.55,16.522358
test,T2,28.55,15.133045
test,T2,28.55,12.244999
test,T2,28.55,15.356478
test,T2,28.714,19.428778
test,T2,29.124,19.940163
test,T2,29.37,18.577099
test,T2,29.37,15.073274
test,T2,29.37,10.553994
test,T2,29.37,9.91582
test,T2,29.37,10.296879
test,T2,29.37,10.922657
test,T2,29.37,10.605136
test,T2,29.53559,10.057289
test,T2,29.950588,10.821141
test,T2,30.2,11.71125
test,T2,30.2,12.335386
test,T2,30.2,12.756903
test,T2,30.2,11.662714
test,T2,30.2,13.2961035
test,T2,30.2,14.632168
test,T2,30.2,13.631855
test,T2,30.386,11.141926
test,T2,30.851,10.65706
test,T2,31.13,12.270748
test,T2,31.13,11.771452
test,T2,31.13,12.081587
test,T2,31.13,14.732768
test,T2,31.13,13.01733
test,T2,31.13,11.23296
test,T2,31.13,11.621885
test,T2,31.006,12.680025
test,T2,30.696,13.264552
test,T2,30.51,15.2177105
test,T2,30.51,14.61182
test,T2,30.51,10.285906
test,T2,30.51,11.025024
test,T2,30.51,13.45249
test,T2,30.51,13.4605
test,T2,30.51,10.644714
test,T2,30.35,12.132864
test,T2,29.95,11.159796
test,T2,29.71,10.895196
test,T2,29.71,12.375501
test,T2,29.71,15.625784
test,T2,29.71,14.227446
test,T2,29.71,11.480274
test,T2,29.71,12.012947
test,T2,29.71,12.441992
test,T2,29.09,11.863877
test,T2,27.54,10.069384
test,T2,26.61,9.314075
test,T2,26.61,9.273273
test,T2,26.61,11.139141
test,T2,26.61,11.970034
test,T2,26.61,9.625782
test,T2,26.61,9.790418
test,T2,26.61,12.070883
test,T2,26.156,11.933374
test,T2,25.021,10.538028
test,T2,24.34,11.1524105
test,T2,24.34,10.643271
test,T2,24.34,11.1203575
test,T2,24.34,11.445196
test,T2,24.34,11.435396
test,T2,24.34,11.379601
test,T2,24.34,12.358921
test,T2,24.41182,11.348303
test,T2,24.59182,8.792283
test,T2,24.7,9.551607
test,T2,24.7,10.401791
test,T2,24.7,11.785757
test,T2,24.7,12.29722
test,T2,24.7,10.12311
test,T2,24.7,9.115124
test,T2,24.7,10.134887
test,T2,24.77182,12.172377
test,T2,24.95182,11.032627
test,T2,25.06,10.336053
test,T2,25.06,10.093788
test,T2,25.06,10.317421
test,T2,25.06,10.182835
test,T2,25.06,8.683108
test,T2,25.06,9.214725
test,T2,25.06,10.029876
test,T2,24.864,10.253521
test,T2,24.374,11.018406
test,T2,24.08,12.893206
test,T2,24.08,14.591969
test,T2,24.08,13.123642
test,T2,24.08,11.419455
test,T2,24.08,12.03808
test,T2,24.08,10.1762495
test,T2,24.08,9.417698
test,T2,24.254,11.21706
test,T2,24.689,11.68122
test,T2,24.95,13.502703
test,T2,24.95,18.412231
test,T2,24.95,16.734432
test,T2,24.95,12.977646
test,T2,24.95,12.576687
test,T2,24.95,13.835327
test,T2,24.95,12.861978
test,T2,25.118,9.476349
test,T2,25.538,10.465854
test,T2,25.79,10.532927
test,T2,25.79,11.032122
test,T2,25.79,13.569433
test,T2,25.79,12.926342
test,T2,25.79,11.101685
test,T2,25.79,11.916853
test,T2,25.79,11.433485
test,T2,25.782,12.840151
test,T2,25.762,12.478939
test,T2,25.75,10.221077
test,T2,25.75,11.398716
test,T2,25.75,12.471819
test,T2,25.75,11.632982
test,T2,25.75,11.191002
test,T2,25.75,11.33442
test,T2,25.75,12.520676
test,T2,26.246,12.67345
test,T2,27.486,12.093796
test,T2,28.23,12.794461
test,T2,28.23,14.239664
test,T2,28.23,18.521894
test,T2,28.23,19.162899
test,T2,28.23,14.888544
test,T2,28.23,13.92189
test,T2,28.23,16.535187
test,T2,28.574,17.434624
test,T2,29.434,13.422562
test,T2,29.95,11.986981
test,T2,29.95,11.496452
test,T2,29.95,10.789879
test,T2,29.95,12.796717
test,T2,29.95,13.203638
test,T2,29.95,11.81354
test,T2,29.95,12.051384
test,T2,30.278,11.645327
test,T2,31.098,9.4257965
test,T2,31.59,11.345146
test,T2,31.59,10.689959
test,T2,31.59,9.628176
test,T2,31.59,12.058452
test,T2,31.59,15.457515
test,T2,31.59,13.052212
test,T2,31.59,10.254172
test,T2,31.498,10.900464
test,T2,31.268,9.717986
test,T2,31.13,9.100263
test,T2,31.13,9.224927
test,T2,31.13,8.999305
test,T2,31.13,11.158176
test,T2,31.13,12.887424
test,T2,31.13,12.485499
test,T2,31.13,10.80605
test,T2,30.966,12.320763
test,T2,30.556,12.756047
test,T2,30.31,12.401947
test,T2,30.31,14.328323
test,T2,30.31,13.113436
test,T2,30.31,12.924158
test,T2,30.31,13.598605
test,T2,30.31,12.851421
test,T2,30.31,11.089868
test,T2,30.17035,10.833073
test,T2,29.82035,11.094883
test,T2,29.61,11.128744
test,T2,29.61,12.244521
test,T2,29.61,12.061588
test,T2,29.61,11.001983
test,T2,29.61,11.566233
test,T2,29.61,11.652673
test,T2,29.61,13.42815
test,T2,29.731697,12.476315
test,T2,30.036697,9.728095
test,T2,30.22,10.623121
test,T2,30.22,12.4849415
test,T2,30.22,11.691239
test,T2,30.22,10.954863
test,T2,30.22,10.675478
test,T2,30.22,10.835356
test,T2,30.22,12.02754
test,T2,30.298,12.111937
test,T2,30.493,11.403702
test,T2,30.61,10.866227
test,T2,30.61,11.959829
test,T2,30.61,10.851947
test,T2,30.61,14.590432
test,T2,30.61,19.484539
test,T2,30.61,14.977432
test,T2,30.61,12.024959
test,T2,30.35065,13.050933
test,T2,29.70065,14.321022
test,T2,29.31,19.336094
test,T2,29.31,20.512197
test,T2,29.31,18.522493
test,T2,29.31,21.161726
test,T2,29.31,19.209242
test,T2,29.31,14.335554
test,T2,29.31,13.98244
test,T2,29.192291,20.244904
test,T2,28.897291,24.282124
test,T2,28.72,20.216358
test,T2,28.72,15.170519
test,T2,28.72,14.47117
test,T2,28.72,15.726201
test,T2,28.72,12.945636
test,T2,28.72,13.8847885
test,T2,28.72,15.80883
test,T2,28.754,17.67345
test,T2,28.839,18.646553
test,T2,28.89,15.569874
test,T2,28.89,11.280934
test,T2,28.89,10.766385
test,T2,28.89,10.319048
test,T2,28.89,11.49502
test,T2,28.89,13.372684
test,T2,28.89,13.642169
test,T2,29.16,15.511783
test,T2,29.835,17.734947
test,T2,30.24,15.853621
test,T2,30.24,18.156582
test,T2,30.24,20.399313
test,T2,30.24,17.1695
test,T2,30.24,15.564405
test,T2,30.24,20.257767
test,T2,30.24,19.12429
test,T2,30.046486,12.282265
test,T2,29.561485,13.60063
test,T2,29.27,13.832201
test,T2,29.27,11.937263
test,T2,29.27,11.719489
test,T2,29.27,13.769231
test,T2,29.27,14.791737
test,T2,29.27,12.682014
test,T2,29.27,10.430559
test,T2,29.27399,12.442942
test,T2,29.28399,13.014954
test,T2,29.29,12.11374
test,T2,29.29,14.059196
test,T2,29.29,14.163526
test,T2,29.29,10.482911
test,T2,29.29,10.444749
test,T2,29.29,13.118203
test,T2,29.29,14.626584
test,T2,29.328,14.490013
test,T2,29.423,13.201593
test,T2,29.48,8.948778
test,T2,29.48,9.316502
test,T2,29.48,11.749515
test,T2,29.48,12.262055
test,T2,29.48,10.849211
test,T2,29.48,12.095388
test,T2,29.48,13.20393
test,T2,29.65,11.399208
test,T2,30.075,10.631611
test,T2,30.33,11.560806
test,T2,30.33,13.292934
test,T2,30.33,14.588894
test,T2,30.33,14.316568
test,T2,30.33,14.123221
test,T2,30.33,12.487645
test,T2,30.33,11.447756
test,T2,30.214,13.947766
test,T2,29.924,12.984843
test,T2,29.75,12.128876
test,T2,29.75,13.486721
test,T2,29.75,13.063377
test,T2,29.75,14.763335
test,T2,29.75,15.160845
test,T2,29.75,11.851523
test,T2,29.75,14.742975
test,T2,29.748,14.190767
test,T2,29.743,11.25654
test,T2,29.74,13.8709
test,T2,29.74,13.458114
test,T2,29.74,14.900617
test,T2,29.74,20.38018
test,T2,29.74,19.511784
test,T2,29.74,17.306177
test,T2,29.74,14.976846
test,T2,29.54449,12.395117
test,T2,29.05449,13.99234
test,T2,28.76,13.127293
test,T2,28.76,13.2914095
test,T2,28.76,12.249666
test,T2,28.76,12.74966
test,T2,28.76,12.904454
test,T2,28.76,12.595392
test,T2,28.76,11.42564
test,T2,28.540545,12.48518
test,T2,27.990545,13.459955
test,T2,27.66,14.4814415
test,T2,27.66,13.767142
test,T2,27.66,13.561616
test,T2,27.66,13.26252
test,T2,27.66,14.227652
test,T2,27.66,16.81669
test,T2,27.66,14.703506
test,T2,27.724,10.925896
test,T2,27.884,11.985851
test,T2,27.98,13.026441
test,T2,27.98,12.486573
test,T2,27.98,12.156489
test,T2,27.98,12.3415575
test,T2,27.98,15.126446
test,T2,27.98,16.568817
test,T2,27.98,16.755283
test,T2,28.232,14.504629
test,T2,28.862,11.179091
test,T2,29.24,11.992605
test,T2,29.24,11.440248
test,T2,29.24,11.0990505
test,T2,29.24,15.385134
test,T2,29.24,13.580473
test,T2,29.24,10.52795
test,T2,29.24,12.383394
test,T2,29.394,13.254843
test,T2,29.779,13.056852
test,T2,30.01,12.464311
test,T2,30.01,11.416199
test,T2,30.01,11.602438
test,T2,30.01,11.758015
test,T2,30.01,12.207275
test,T2,30.01,13.064831
test,T2,30.01,14.083487
test,T2,30.002,13.597345
test,T2,29.982,12.73872
test,T2,29.97,12.580719
test,T2,29.97,11.752506
test,T2,29.97,12.070016
test,T2,29.97,12.416747
test,T2,29.97,12.290508
test,T2,29.97,14.056123
test,T2,29.97,14.0480385
test,T2,29.948,13.009751
test,T2,29.893,13.061871
test,T2,29.86,11.216936
test,T2,29.86,12.675771
test,T2,29.86,13.82547
test,T2,29.86,15.305469
test,T2,29.86,17.030983
test,T2,29.86,14.566268
test,T2,29.86,12.68828
test,T2,29.802,11.539909
test,T2,29.657,12.3994255
test,T2,29.57,12.906669
test,T2,29.57,13.308102
test,T2,29.57,13.017697
test,T2,29.57,12.522507
test,T2,29.57,12.067585
test,T2,29.57,10.736676
test,T2,29.57,12.172637
test,T2,29.488205,14.016587
test,T2,29.283205,13.005705
test,T2,29.16,12.477181
test,T2,29.16,10.8093605
test,T2,29.16,12.345608
test,T2,29.16,12.650595
test,T2,29.16,11.100429
test,T2,29.16,16.329578
test,T2,29.16,20.026052
test,T2,29.122095,22.256645
test,T2,29.027096,18.046295
test,T2,28.97,10.751486
test,T2,28.97,14.046539
test,T2,28.97,16.104843
test,T2,28.97,12.829897
test,T2,28.97,9.839285
test,T2,28.97,8.6740055
test,T2,28.97,10.566414
test,T2,29.008,9.699518
test,T2,29.103,10.121138
test,T2,29.16,11.737348
test,T2,29.16,10.405062
test,T2,29.16,9.430289
test,T2,29.16,10.129023
test,T2,29.16,11.38418
test,T2,29.16,11.29607
test,T2,29.16,11.992046
test,T2,29.4,12.902126
test,T2,30.0,10.256591
test,T2,30.36,9.878641
test,T2,30.36,9.597009
test,T2,30.36,9.981149
test,T2,30.36,21.696457
test,T2,30.36,21.140089
test,T2,30.36,10.262344
test,T2,30.36,9.228729
test,T2,30.08469,9.420454
test,T2,29.39469,9.481191
test,T2,28.98,8.941261
test,T2,28.98,11.563581
test,T2,28.98,12.195348
test,T2,28.98,10.141657
test,T2,28.98,8.526831
test,T2,28.98,5.6569347
test,T2,28.98,5.708496
test,T2,29.08,7.566562
test,T2,29.33,7.8899775
test,T2,29.48,8.90063
test,T2,29.48,9.245446
test,T2,29.48,7.8957043
test,T2,29.48,8.54843
test,T2,29.48,8.439308
test,T2,29.48,7.499142
test,T2,29.48,8.111128
test,T2,29.352,11.172989
test,T2,29.032,11.568708
test,T2,28.84,9.729707
test,T2,28.84,11.635736
test,T2,28.84,10.982197
test,T2,28.84,9.184286
test,T2,28.84,10.659998
test,T2,28.84,12.052986
test,T2,28.84,13.387264
test,T2,29.001595,13.217248
test,T2,29.406595,11.060301
test,T2,29.65,9.874111
test,T2,29.65,9.73186
test,T2,29.65,7.927588
test,T2,29.65,8.921836
test,T2,29.65,10.038246
test,T2,29.65,9.31897
test,T2,29.65,9.056047
test,T2,29.598,9.03064
test,T2,29.468,9.419481
test,T2,29.39,8.753793
test,T2,29.39,8.942062
test,T2,29.39,8.854769
test,T2,29.39,10.11915
test,T2,29.39,10.680397
test,T2,29.39,9.123518
test,T2,29.39,9.459283
test,T2,29.502,9.989647
test,T2,29.782,8.770596
test,T2,29.95,8.128096
test,T2,29.95,9.418247
test,T2,29.95,9.241459
test,T2,29.95,7.557975
test,T2,29.95,8.361611
test,T2,29.95,7.714358
test,T2,29.95,8.224756
test,T2,29.692,9.705496
test,T2,29.047,8.974975
test,T2,28.66,9.088755
test,T2,28.66,9.040754
test,T2,28.66,12.324808
test,T2,28.66,13.124594
test,T2,28.66,10.899874
test,T2,28.66,10.763269
test,T2,28.66,11.325827
test,T2,28.766,10.865381
test,T2,29.031,10.263033
test,T2,29.19,10.315567
test,T2,29.19,10.04783
test,T2,29.19,9.371355
test,T2,29.19,8.912834
test,T2,29.19,9.604417
test,T2,29.19,10.179043
test,T2,29.19,9.710687
test,T2,29.172,10.13493
test,T2,29.127,8.420307
test,T2,29.1,9.127961
test,T2,29.1,10.825935
test,T2,29.1,9.316485
test,T2,29.1,8.016107
test,T2,29.1,9.885249
test,T2,29.1,14.10654
test,T2,29.1,18.339336
test,T2,29.114,18.20403
test,T2,29.149,11.745328
test,T2,29.17,10.664454
test,T2,29.17,10.066755
test,T2,29.17,10.635885
test,T2,29.17,9.7816105
test,T2,29.17,10.977145
test,T2,29.17,10.798523
test,T2,29.17,11.440237
test,T2,29.209902,11.532124
test,T2,29.3099,8.748133
test,T2,29.37,9.095082
test,T2,29.37,10.320997
test,T2,29.37,11.281409
test,T2,29.37,12.422274
test,T2,29.37,12.597219
test,T2,29.37,11.267556
test,T2,29.37,9.227419
test,T2,29.528,8.553198
test,T2,29.923,8.178538
test,T2,30.16,8.338258
test,T2,30.16,8.817999
test,T2,30.16,8.986052
test,T2,30.16,9.509939
test,T2,30.16,9.528421
test,T2,30.16,9.908395
test,T2,30.16,9.540245
test,T2,30.376,9.401573
test,T2,30.916,9.064009
test,T2,31.24,9.574213
test,T2,31.24,12.424661
test,T2,31.24,12.891134
test,T2,31.24,13.8209
test,T2,31.24,12.677952
test,T2,31.24,9.431883
test,T2,31.24,9.970226
test,T2,31.276,8.3872175
test,T2,31.366,7.874119
test,T2,31.42,10.494602
test,T2,31.42,10.707935
test,T2,31.42,9.924196
test,T2,31.42,9.998397
test,T2,31.42,10.09959
test,T2,31.42,9.99115
test,T2,31.42,8.414691
test,T2,30.422476,10.352803
test,T2,27.922476,11.9674835
test,T2,26.42,11.788719
test,T2,26.42,11.4144535
test,T2,26.42,9.926067
test,T2,26.42,10.69327
test,T2,26.42,10.74668
test,T2,26.42,8.90822
test,T2,26.42,8.817452
test,T2,25.9655,9.816605
test,T2,24.4505,10.018929
test,T2,23.39,10.904921
test,T2,23.39,12.445906
test,T2,23.39,13.258005
test,T2,23.39,13.259413
test,T2,23.39,12.432327
test,T2,23.39,11.377907
test,T2,23.39,11.570076
test,T2,23.312,10.759785
test,T2,23.117,9.36487
test,T2,23.0,9.99976
test,T2,23.0,10.681139
test,T2,23.0,10.810802
test,T2,23.0,10.53004
test,T2,23.0,11.577657
test,T2,23.0,10.395588
test,T2,23.0,9.946621
test,T2,23.104,10.814587
test,T2,23.364,11.722651
test,T2,23.52,10.703075
test,T2,23.52,8.753527
test,T2,23.52,10.02375
test,T2,23.52,10.096315
test,T2,23.52,10.432962
test,T2,23.52,11.024061
test,T2,23.52,10.501647
test,T2,23.390335,9.344106
test,T2,23.065334,9.330198
test,T2,22.87,10.89275
test,T2,22.87,11.28933
test,T2,22.87,10.406464
test,T2,22.87,11.432527
test,T2,22.87,10.742392
test,T2,22.87,10.05034
test,T2,22.87,11.9448185
test,T2,22.812,11.018155
test,T2,22.667,9.627493
test,T2,22.58,8.8651085
test,T2,22.58,8.770027
test,T2,22.58,9.908584
test,T2,22.58,11.126582
test,T2,22.58,9.24968
test,T2,22.58,10.978306
test,T2,22.58,14.767534
test,T2,22.592,17.115124
test,T2,22.622,23.667229
test,T2,22.64,23.227322
test,T2,22.64,15.375018
test,T2,22.64,10.051386
test,T2,22.64,10.788265
test,T2,22.64,13.987759
test,T2,22.64,14.4054
test,T2,22.64,11.232607
test,T2,23.03501,11.627989
test,T2,24.02501,10.780424
test,T2,24.62,9.678137
test,T2,24.62,9.542315
test,T2,24.62,12.035426
test,T2,24.62,12.335043
test,T2,24.62,11.904581
test,T2,24.62,11.239481
test,T2,24.62,11.105551
test,T2,25.023,12.285049
test,T2,26.033,11.725155
test,T2,26.64,11.498278
test,T2,26.64,11.170669
test,T2,26.64,11.531952
test,T2,26.64,17.888838
test,T2,26.64,17.135763
test,T2,26.64,10.35743
test,T2,26.64,11.25882
test,T2,26.734,12.226833
test,T2,26.969,12.0922985
test,T2,27.11,12.013639
test,T2,27.11,12.494711
test,T2,27.11,14.13608
test,T2,27.11,12.266946
test,T2,27.11,10.671924
test,T2,27.11,11.114976
test,T2,27.11,15.841182
test,T2,27.22172,15.135314
test,T2,27.50172,11.8134
test,T2,27.67,12.316496
test,T2,27.67,9.961466
test,T2,27.67,9.079329
test,T2,27.67,9.798971
test,T2,27.67,9.740757
test,T2,27.67,10.444829
test,T2,27.67,11.65081
test,T2,26.904,10.979069
test,T2,24.989,10.194404
test,T2,23.84,11.760626
test,T2,23.84,12.518909
test,T2,23.84,13.283625
test,T2,23.84,14.440609
test,T2,23.84,12.715178
test,T2,23.84,11.738817
test,T2,23.84,10.436716
test,T2,23.588,10.227701
test,T2,22.958,12.873499
test,T2,22.58,13.507753
test,T2,22.58,13.293091
test,T2,22.58,12.430988
test,T2,22.58,8.525484
test,T2,22.58,9.76115
test,T2,22.58,10.849962
test,T2,22.58,11.643541
test,T2,23.503708,11.300388
test,T2,25.818708,11.079782
test,T2,27.21,16.21012
test,T2,27.21,15.199938
test,T2,27.21,10.927605
test,T2,27.21,15.987318
test,T2,27.21,15.776514
test,T2,27.21,14.764181
test,T2,27.21,14.357997
test,T2,27.736,13.833843
test,T2,29.051,15.1215515
test,T2,29.84,16.238855
test,T2,29.84,13.2782135
test,T2,29.84,11.936423
test,T2,29.84,13.686041
test,T2,29.84,13.377165
test,T2,29.84,13.420862
test,T2,29.84,13.094561
test,T2,29.598604,16.378044
test,T2,28.993605,15.36179
test,T2,28.63,12.881062
test,T2,28.63,16.71902
test,T2,28.63,17.981693
test,T2,28.63,16.135479
test,T2,28.63,16.934
test,T2,28.63,18.169006
test,T2,28.63,16.439068
test,T2,28.612,11.411622
test,T2,28.567,11.319276
test,T2,28.54,13.746819
test,T2,28.54,13.225388
test,T2,28.54,14.401033
test,T2,28.54,14.14429
test,T2,28.54,9.984974
test,T2,28.54,11.659498
test,T2,28.54,13.804361
test,T2,28.606,15.704916
test,T2,28.771,15.636448
test,T2,28.87,12.510568
test,T2,28.87,13.307688
test,T2,28.87,15.694386
test,T2,28.87,13.96549
test,T2,28.87,11.136929
test,T2,28.87,13.8412285
test,T2,28.87,16.131067
test,T2,28.987707,13.696274
test,T2,29.282707,19.983768
test,T2,29.46,22.269068
test,T2,29.46,15.987657
test,T2,29.46,16.958532
test,T2,29.46,16.961874
test,T2,29.46,16.788778
test,T2,29.46,15.758215
test,T2,29.46,13.442453
test,T2,29.658,14.007513
test,T2,30.153,13.935301
test,T2,30.45,13.146677
test,T2,30.45,12.447561
test,T2,30.45,13.853677
test,T2,30.45,19.033531
test,T2,30.45,16.719616
test,T2,30.45,11.86648
test,T2,30.45,19.48824
test,T2,30.368,23.530659
test,T2,30.163,19.2925
test,T2,30.04,12.698912
test,T2,30.04,12.771457
test,T2,30.04,11.142795
test,T2,30.04,10.4393015
test,T2,30.04,12.805315
test,T2,30.04,13.505243
test,T2,30.04,15.399267
test,T2,30.09,16.097424
test,T2,30.215,17.892359
test,T2,30.29,15.618956
test,T2,30.29,14.30036
test,T2,30.29,15.720834
test,T2,30.29,14.491964
test,T2,30.29,15.798607
test,T2,30.29,14.295965
test,T2,30.29,15.173615
test,T2,30.35,12.536091
test,T2,30.5,12.755863
test,T2,30.59,11.577632
test,T2,30.59,12.275114
test,T2,30.59,12.896122
test,T2,30.59,11.455082
test,T2,30.59,12.071287
test,T2,30.59,14.470871
test,T2,30.59,12.088373
test,T2,30.596,12.829355
test,T2,30.611,16.864536
test,T2,30.62,13.417299
test,T2,30.62,11.67305
test,T2,30.62,11.925843
test,T2,30.62,11.518211
test,T2,30.62,13.678215
test,T2,30.62,14.417749
test,T2,30.62,14.9550705
test,T2,30.598,11.904644
test,T2,30.543,9.034794
test,T2,30.51,9.671819
test,T2,30.51,10.954622
test,T2,30.51,15.388026
test,T2,30.51,14.576074
test,T2,30.51,16.568571
test,T2,30.51,15.227917
test,T2,30.51,11.575614
test,T2,30.432,12.261948
test,T2,30.237,11.8022785
test,T2,30.12,12.683132
test,T2,30.12,15.989052
test,T2,30.12,14.352521
test,T2,30.12,14.158054
test,T2,30.12,19.453938
test,T2,30.12,14.566257
test,T2,30.12,8.053117
test,T2,29.984,11.6905365
test,T2,29.644,12.931381
test,T2,29.44,11.429457
test,T2,29.44,12.468203
test,T2,29.44,12.033186
test,T2,29.44,10.76177
test,T2,29.44,9.874514
test,T2,29.44,10.977577
test,T2,29.44,12.1361885
test,T2,29.312,11.194246
test,T2,28.992,12.103136
test,T2,28.8,13.631077
test,T2,28.8,11.691677
test,T2,28.8,10.556465
test,T2,28.8,10.183527
test,T2,28.8,12.079459
test,T2,28.8,12.651651
test,T2,28.8,10.841076
test,T2,28.7,12.17441
test,T2,28.45,11.074745
test,T2,28.3,13.46078
test,T2,28.3,14.443565
test,T2,28.3,11.823994
test,T2,28.3,12.834967
test,T2,28.3,14.117092
test,T2,28.3,12.420137
test,T2,28.3,11.557428
test,T2,28.398,9.835333
test,T2,28.643,9.783658
test,T2,28.79,10.197824
test,T2,28.79,10.962116
test,T2,28.79,10.909057
test,T2,28.79,9.984669
test,T2,28.79,10.231178
test,T2,28.79,11.283764
test,T2,28.79,11.522706
test,T2,28.858,9.891273
test,T2,29.028,9.956596
test,T2,29.13,11.765633
test,T2,29.13,11.252012
test,T2,29.13,9.197071
test,T2,29.13,9.822892
test,T2,29.13,9.95657
test,T2,29.13,10.782854
test,T2,29.13,11.851826
test,T2,28.768906,11.171363
test,T2,27.863905,10.227921
test,T2,27.32,10.839642
test,T2,27.32,11.223963
test,T2,27.32,11.3311
test,T2,27.32,11.816616
test,T2,27.32,11.685474
test,T2,27.32,10.989377
test,T2,27.32,11.79217
test,T2,27.136,11.574457
test,T2,26.676,10.465575
test,T2,26.4,11.009135
test,T2,26.4,8.899193
test,T2,26.4,7.709872
test,T2,26.4,9.314019
test,T2,26.4,9.72661
test,T2,26.4,11.759292
test,T2,26.4,11.95207
test,T2,26.585539,9.97285
test,T2,27.050539,9.504898
test,T2,27.33,9.141832
test,T2,27.33,9.9045315
test,T2,27.33,11.147081
test,T2,27.33,10.266239
test,T2,27.33,10.187624
test,T2,27.33,11.043692
test,T2,27.33,11.417831
test,T2,27.416,11.659689
test,T2,27.631,11.48527
test,T2,27.76,10.518502
test,T2,27.76,10.750586
test,T2,27.76,11.374995
test,T2,27.76,10.893371
test,T2,27.76,11.834149
test,T2,27.76,13.276875
test,T2,27.76,11.794926
test,T2,27.95352,11.416899
test,T2,28.43852,10.921904
test,T2,28.73,11.05334
test,T2,28.73,10.660643
test,T2,28.73,12.159901
test,T2,28.73,14.944143
test,T2,28.73,14.042452
test,T2,28.73,11.173869
test,T2,28.73,9.867907
test,T2,28.85768,11.872064
test,T2,29.17768,10.939808
test,T2,29.37,10.705457
test,T2,29.37,9.596642
test,T2,29.37,8.158957
test,T2,29.37,9.339184
test,T2,29.37,10.733837
test,T2,29.37,11.249599
test,T2,29.37,12.051939
test,T2,29.502,12.587601
test,T2,29.832,13.820047
test,T2,30.03,13.216728
test,T2,30.03,13.377038
test,T2,30.03,13.141637
test,T2,30.03,10.570817
test,T2,30.03,12.473261
test,T2,30.03,13.990047
test,T2,30.03,11.173255
test,T2,30.05394,9.673828
test,T2,30.11394,8.983484
test,T2,30.15,8.74113
test,T2,30.15,9.156008
test,T2,30.15,9.718963
test,T2,30.15,9.920656
test,T2,30.15,9.395101
test,T2,30.15,10.309397
test,T2,30.15,9.318035
test,T2,29.83,9.341629
test,T2,29.03,9.58842
test,T2,28.55,9.603964
test,T2,28.55,9.5908375
test,T2,28.55,10.867629
test,T2,28.55,11.321714
test,T2,28.55,11.126502
test,T2,28.55,11.188538
test,T2,28.55,9.556552
test,T2,28.292,9.437607
test,T2,27.647,11.009796
test,T2,27.26,11.588297
test,T2,27.26,11.393344
test,T2,27.26,10.964183
test,T2,27.26,11.92477
test,T2,27.26,12.152127
test,T2,27.26,12.070578
test,T2,27.26,10.667241
test,T2,27.1024,9.528088
test,T2,26.7074,9.689995
test,T2,26.47,10.692302
test,T2,26.47,11.179713
test,T2,26.47,10.783497
test,T2,26.47,10.733961
test,T2,26.47,12.318254
test,T2,26.47,11.266203
test,T2,26.47,11.008206
test,T2,26.518,11.206863
test,T2,26.638,11.034968
test,T2,26.71,11.312248
test,T2,26.71,9.6986
test,T2,26.71,10.950221
test,T2,26.71,11.346659
test,T2,26.71,11.270048
test,T2,26.71,12.183131
test,T2,26.71,11.58013
test,T2,26.834,10.129338
test,T2,27.144,11.576147
test,T2,27.33,11.294002
test,T2,27.33,9.977503
test,T2,27.33,10.428018
test,T2,27.33,10.39848
test,T2,27.33,11.758985
test,T2,27.33,11.478526
test,T2,27.33,12.894697
test,T2,27.368,11.314802
test,T2,27.463,8.546375
test,T2,27.52,10.019626
test,T2,27.52,11.112307
test,T2,27.52,10.628147
test,T2,27.52,10.598825
test,T2,27.52,11.21464
test,T2,27.52,11.412037
test,T2,27.52,10.158266
test,T2,27.38,10.040405
test,T2,27.03,10.344477
test,T2,26.82,9.577442
test,T2,26.82,9.984865
test,T2,26.82,11.12062
test,T2,26.82,12.176545
test,T2,26.82,13.322453
test,T2,26.82,14.308272
test,T2,26.82,12.491335
test,T2,27.057405,9.119469
test,T2,27.652405,9.7764635
test,T2,28.01,11.3028555
test,T2,28.01,12.202035
test,T2,28.01,11.214928
test,T2,28.01,10.331566
test,T2,28.01,10.398204
test,T2,28.01,10.615563
test,T2,28.01,11.638901
test,T2,28.195536,12.435663
test,T2,28.660536,12.010246
test,T2,28.94,9.14533
test,T2,28.94,9.729038
test,T2,28.94,10.541955
test,T2,28.94,10.220112
test,T2,28.94,10.860246
test,T2,28.94,11.730554
test,T2,28.94,10.329578
test,T2,28.966,9.90073
test,T2,29.031,11.397969
test,T2,29.07,9.833656
test,T2,29.07,9.972148
test,T2,29.07,13.476835
test,T2,29.07,18.241747
test,T2,29.07,15.532757
test,T2,29.07,13.010376
test,T2,29.07,15.122189
test,T2,28.95,14.952404
test,T2,28.65,13.108337
test,T2,28.47,12.246607
test,T2,28.47,13.123198
test,T2,28.47,12.092695
test,T2,28.47,11.793683
test,T2,28.47,12.297226
test,T2,28.47,15.029552
test,T2,28.47,17.20348
test,T2,28.491945,11.995283
test,T2,28.546946,11.921277
test,T2,28.58,12.1995125
test,T2,28.58,11.240861
test,T2,28.58,10.0453205
test,T2,28.58,11.886019
test,T2,28.58,10.841663
test,T2,28.58,9.144709
test,T2,28.58,9.806335
test,T2,28.304,10.160484
test,T2,27.614,9.90003
test,T2,27.2,11.759872
test,T2,27.2,11.813734
test,T2,27.2,11.34348
test,T2,27.2,11.902966
test,T2,27.2,12.057142
test,T2,27.2,12.156018
test,T2,27.2,12.216589
test,T2,26.976,11.159032
test,T2,26.416,10.639902
test,T2,26.08,11.859617
test,T2,26.08,10.571831
test,T2,26.08,10.210407
test,T2,26.08,11.423355
test,T2,26.08,11.5557575
test,T2,26.08,12.239694
test,T2,26.08,11.243981
test,T2,25.876,10.928983
test,T2,25.366,11.83331
test,T2,25.06,12.373781
test,T2,25.06,13.080336
test,T2,25.06,13.517498
test,T2,25.06,14.554795
test,T2,25.06,13.02152
test,T2,25.06,11.917074
test,T2,25.06,12.36322
test,T2,25.177708,14.616419
test,T2,25.472708,13.968308
test,T2,25.65,11.546267
test,T2,25.65,11.404809
test,T2,25.65,10.34767
test,T2,25.65,10.017758
test,T2,25.65,10.322977
test,T2,25.65,12.243519
test,T2,25.65,12.539547
test,T2,25.99,12.986082
test,T2,26.84,12.290812
test,T2,27.35,9.70903
test,T2,27.35,10.934521
test,T2,27.35,10.509529
test,T2,27.35,10.72925
test,T2,27.35,12.121258
test,T2,27.35,10.591252
test,T2,27.35,9.827816
test,T2,27.546,10.100447
test,T2,28.036,10.227188
test,T2,28.33,9.239496
test,T2,28.33,10.243816
test,T2,28.33,10.564331
test,T2,28.33,12.427668
test,T2,28.33,13.877524
test,T2,28.33,12.138933
test,T2,28.33,11.516863
test,T2,28.19434,10.122155
test,T2,27.85434,9.849463
test,T2,27.65,10.029163
test,T2,27.65,10.727137
test,T2,27.65,15.756961
test,T2,27.65,14.9342575
test,T2,27.65,14.220376
test,T2,27.65,13.158424
test,T2,27.65,13.143467
test,T2,27.492,13.311764
test,T2,27.097,10.568103
test,T2,26.86,10.828283
test,T2,26.86,11.345067
test,T2,26.86,10.243977
test,T2,26.86,11.139548
test,T2,26.86,11.686189
test,T2,26.86,10.505174
test,T2,26.86,11.258413
test,T2,27.128,11.187166
test,T2,27.798,11.350376
test,T2,28.2,12.676689
test,T2,28.2,12.696812
test,T2,28.2,15.364773
test,T2,28.2,22.998594
test,T2,28.2,18.996986
test,T2,28.2,12.747509
test,T2,28.2,16.91993
test,T2,28.46,15.1917
test,T2,29.11,13.115418
test,T2,29.5,14.895365
test,T2,29.5,14.152014
test,T2,29.5,12.071331
test,T2,29.5,11.135809
test,T2,29.5,10.301728
test,T2,29.5,9.800525
test,T2,29.5,9.305004
test,T2,29.505985,8.799336
test,T2,29.520985,12.362401
test,T2,29.53,12.308626
test,T2,29.53,11.46633
test,T2,29.53,11.744156
test,T2,29.53,10.04974
test,T2,29.53,9.729472
test,T2,29.53,12.087527
test,T2,29.53,13.236599
test,T2,29.398,11.500799
test,T2,29.068,11.624283
test,T2,28.87,13.952987
test,T2,28.87,11.540481
test,T2,28.87,9.157562
test,T2,28.87,11.982132
test,T2,28.87,11.899722
test,T2,28.87,10.360217
test,T2,28.87,11.233185
test,T2,28.946,10.849181
test,T2,29.136,11.207225
test,T2,29.25,11.285423
test,T2,29.25,8.570539
test,T2,29.25,9.177435
test,T2,29.25,9.693895
test,T2,29.25,10.290901
test,T2,29.25,10.838316
test,T2,29.25,9.859689
test,T2,29.176,9.885035
test,T2,28.991,10.534347
test,T2,28.88,10.276585
test,T2,28.88,11.641079
test,T2,28.88,10.843834
test,T2,28.88,9.418076
test,T2,28.88,9.460845
test,T2,28.88,9.296934
test,T2,28.88,10.509067
test,T2,27.768757,11.773035
test,T2,24.983757,11.62755
test,T2,23.31,12.164131
test,T2,23.31,10.936503
test,T2,23.31,9.435027
test,T2,23.31,10.383236
test,T2,23.31,10.750393
test,T2,23.31,10.735949
test,T2,23.31,11.785469
test,T2,23.05863,11.5282
test,T2,22.42863,11.196106
test,T2,22.05,10.989789
test,T2,22.05,10.276428
test,T2,22.05,10.764593
test,T2,22.05,10.493629
test,T2,22.05,9.463085
test,T2,22.05,9.172583
test,T2,22.05,10.007807
test,T2,21.99813,11.172661
test,T2,21.86813,10.187187
test,T2,21.79,10.694408
test,T2,21.79,11.242865
test,T2,21.79,10.9605255
test,T2,21.79,11.7957325
test,T2,21.79,11.70269
test,T2,21.79,12.775248
test,T2,21.79,10.18114
test,T2,22.79,8.3888
test,T2,25.29,8.838834
test,T2,26.79,9.852769
test,T2,26.79,10.887686
test,T2,26.79,8.779238
test,T2,26.79,11.572296
test,T2,26.79,15.830522
test,T2,26.79,14.029167
test,T2,26.79,11.658237
test,T2,27.516197,10.993021
test,T2,29.336199,10.889318
test,T2,30.43,10.002081
test,T2,30.43,9.435279
test,T2,30.43,10.113897
test,T2,30.43,11.079186
test,T2,30.43,11.050927
test,T2,30.43,10.617517
test,T2,30.43,10.574379
test,T2,30.33025,10.885599
test,T2,30.08025,10.7087345
test,T2,29.93,11.313803
test,T2,29.93,11.466092
test,T2,29.93,12.080269
test,T2,29.93,11.0859585
test,T2,29.93,11.554203
test,T2,29.93,12.560196
test,T2,29.93,12.992964
test,T2,29.72451,14.5998745
test,T2,29.20951,12.516485
test,T2,28.9,10.896252
test,T2,28.9,12.423227
test,T2,28.9,12.219515
test,T2,28.9,10.954792
test,T2,28.9,12.308854
test,T2,28.9,11.280197
test,T2,28.9,10.081494
test,T2,28.752,12.507221
test,T2,28.382,11.4626255
test,T2,28.16,10.459483
test,T2,28.16,10.320412
test,T2,28.16,10.110895
test,T2,28.16,11.646269
test,T2,28.16,12.089529
test,T2,28.16,12.295814
test,T2,28.16,10.920788
test,T2,28.192,9.213936
test,T2,28.272,9.544659
test,T2,28.32,9.74243
test,T2,28.32,10.062892
test,T2,28.32,11.458422
test,T2,28.32,11.703951
test,T2,28.32,11.292238
test,T2,28.32,10.346841
test,T2,28.32,10.139704
test,T2,28.018,11.407063
test,T2,27.263,10.206905
test,T2,26.81,12.196676
test,T2,26.81,15.534269
test,T2,26.81,15.947494
test,T2,26.81,14.180102
test,T2,26.81,11.965655
test,T2,26.81,11.378658
test,T2,26.81,12.777198
test,T2,26.732,12.1312065
test,T2,26.537,9.047495
test,T2,26.42,10.143194
test,T2,26.42,8.568868
test,T2,26.42,10.255817
test,T2,26.42,11.300504
test,T2,26.42,10.358614
test,T2,26.42,10.519848
test,T2,26.42,10.0646925
test,T2,26.52,10.092734
test,T2,26.77,10.655411
test,T2,26.92,12.41512
test,T2,26.92,11.546273
test,T2,26.92,10.456261
test,T2,26.92,10.004026
test,T2,26.92,10.959393
test,T2,26.92,10.57756
test,T2,26.92,9.618431
test,T2,27.112,11.346086
test,T2,27.592,11.37547
test,T2,27.88,11.216444
test,T2,27.88,11.835538
test,T2,27.88,11.975801
test,T2,27.88,11.89245
test,T2,27.88,10.821459
test,T2,27.88,10.180866
test,T2,27.88,12.47039
test,T2,27.79,12.873175
test,T2,27.565,9.742104
test,T2,27.43,9.216896
test,T2,27.43,10.584982
test,T2,27.43,11.997992
test,T2,27.43,11.042044
test,T2,27.43,10.454203
test,T2,27.43,10.595742
test,T2,27.43,12.634433
test,T2,27.346209,13.379475
test,T2,27.136208,13.24899
test,T2,27.01,13.436819
test,T2,27.01,13.734503
test,T2,27.01,15.648872
test,T2,27.01,13.175981
test,T2,27.01,10.471366
test,T2,27.01,14.401024
test,T2,27.01,15.070433
test,T2,27.378,12.643875
test,T2,28.298,16.392967
test,T2,28.85,18.570562
test,T2,28.85,15.401371
test,T2,28.85,13.31598
test,T2,28.85,11.880742
test,T2,28.85,9.319256
test,T2,28.85,11.728096
test,T2,28.85,11.817559
test,T2,29.382,11.840393
test,T2,30.712,13.342858
test,T2,31.51,10.009804
test,T2,31.51,6.543261
test,T2,31.51,6.8432107
test,T2,31.51,12.123316
test,T2,31.51,20.335781
test,T2,31.51,16.62594
test,T2,31.51,13.397285
test,T2,31.162,13.273838
test,T2,30.292,16.055725
test,T2,29.77,15.72185
test,T2,29.77,14.464998
test,T2,29.77,14.176573
test,T2,29.77,14.021389
test,T2,29.77,15.573147
test,T2,29.77,17.488846
test,T2,29.77,14.337555
test,T2,29.859777,13.759245
test,T2,30.084778,16.682852
test,T2,30.22,14.885207
test,T2,30.22,11.606
test,T2,30.22,11.724098
test,T2,30.22,12.433239
test,T2,30.22,10.191743
test,T2,30.22,11.234177
test,T2,30.22,12.855917
test,T2,30.528,11.108371
test,T2,31.298,9.658939
test,T2,31.76,12.550646
test,T2,31.76,14.16053
test,T2,31.76,11.92658
test,T2,31.76,12.768869
test,T2,31.76,15.022664
test,T2,31.76,17.12955
test,T2,31.76,13.842236
test,T2,31.7,17.363785
test,T2,31.55,19.343813
test,T2,31.46,18.204662
test,T2,31.46,16.058304
test,T2,31.46,10.441221
test,T2,31.46,11.5145645
test,T2,31.46,11.169167
test,T2,31.46,10.561176
test,T2,31.46,13.868317
test,T2,31.444,12.989626
test,T2,31.404,10.505681
test,T2,31.38,11.195194
test,T2,31.38,9.659254
test,T2,31.38,14.058254
test,T2,31.38,16.208397
test,T2,31.38,10.649803
test,T2,31.38,12.229075
test,T2,31.38,14.550692
test,T2,31.178,13.181331
test,T2,30.673,11.453085
test,T2,30.37,9.343943
test,T2,30.37,10.670696
test,T2,30.37,11.674514
test,T2,30.37,10.589697
test,T2,30.37,11.447536
test,T2,30.37,11.813186
test,T2,30.37,10.106774
test,T2,30.25429,11.40454
test,T2,29.96429,11.539595
test,T2,29.79,12.145281
test,T2,29.79,12.100267
test,T2,29.79,10.555294
test,T2,29.79,9.990398
test,T2,29.79,9.277223
test,T2,29.79,11.826637
test,T2,29.79,14.211537
test,T2,29.78202,14.163768
test,T2,29.76202,15.865761
test,T2,29.75,14.852678
test,T2,29.75,11.302269
test,T2,29.75,12.540853
test,T2,29.75,14.225098
test,T2,29.75,12.048302
test,T2,29.75,10.184324
test,T2,29.75,10.206927
test,T2,29.50262,12.343468
test,T2,28.88262,12.209986
test,T2,28.51,11.083661
test,T2,28.51,11.268252
test,T2,28.51,15.577655
test,T2,28.51,13.623889
test,T2,28.51,9.886522
test,T2,28.51,10.754394
test,T2,28.51,11.005454
test,T2,28.516,11.920236
test,T2,28.531,13.37786
test,T2,28.54,11.68427
test,T2,28.54,11.942353
test,T2,28.54,12.5554695
test,T2,28.54,11.075405
test,T2,28.54,14.391857
test,T2,28.54,14.089096
test,T2,28.54,11.044294
test,T2,28.722,10.808685
test,T2,29.177,10.845381
test,T2,29.45,11.094473
test,T2,29.45,13.331421
test,T2,29.45,15.566271
test,T2,29.45,12.801039
test,T2,29.45,10.829633
test,T2,29.45,11.046621
test,T2,29.45,11.570778
test,T2,29.495886,10.902365
test,T2,29.610886,10.624086
test,T2,29.68,9.506756
test,T2,29.68,9.321903
test,T2,29.68,9.674768
test,T2,29.68,11.066376
test,T2,29.68,13.218004
test,T2,29.68,17.049793
test,T2,29.68,17.216457
test,T2,29.568277,12.413502
test,T2,29.288277,9.509851
test,T2,29.12,12.504019
test,T2,29.12,16.055283
test,T2,29.12,16.070421
test,T2,29.12,12.2340765
test,T2,29.12,10.849129
test,T2,29.12,11.091543
test,T2,29.12,11.407341
test,T2,28.786835,11.851072
test,T2,27.951836,12.701805
test,T2,27.45,11.630742
test,T2,27.45,10.32785
test,T2,27.45,10.394039
test,T2,27.45,10.9302845
test,T2,27.45,10.431074
test,T2,27.45,9.03195
test,T2,27.45,10.1033745
test,T2,26.89938,10.098759
test,T2,25.51938,11.933445
test,T2,24.69,12.681932
test,T2,24.69,11.332854
test,T2,24.69,12.158821
test,T2,24.69,15.001606
test,T2,24.69,14.660284
test,T2,24.69,12.916831
test,T2,24.69,12.764069
test,T2,24.676,11.795508
test,T2,24.641,13.205354
test,T2,24.62,16.81689
test,T2,24.62,16.973225
test,T2,24.62,11.44594
test,T2,24.62,13.603732
test,T2,24.62,12.946504
test,T2,24.62,11.542227
test,T2,24.62,14.105104
test,T2,24.48,16.19137
test,T2,24.13,15.647472
test,T2,23.92,11.200277
test,T2,23.92,12.435733
test,T2,23.92,13.544683
test,T2,23.92,12.261375
test,T2,23.92,10.856168
test,T2,23.92,13.481367
test,T2,23.92,13.071478
test,T2,23.56,11.483389
test,T2,22.66,11.978447
test,T2,22.12,12.228242
test,T2,22.12,11.563989
test,T2,22.12,12.364893
test,T2,22.12,11.16408
test,T2,22.12,10.708525
test,T2,22.12,12.202322
test,T2,22.12,12.898007
test,T2,22.102,13.212292
test,T2,22.057,11.718824
test,T2,22.03,9.729913
test,T2,22.03,10.66858
test,T2,22.03,10.683596
test,T2,22.03,11.962315
test,T2,22.03,12.736694
test,T2,22.03,11.823305
test,T2,22.03,12.398042
test,T2,21.906,13.918269
test,T2,21.596,13.176662
test,T2,21.41,10.654993
test,T2,21.41,13.056286
test,T2,21.41,13.326055
test,T2,21.41,11.245558
test,T2,21.41,13.748426
test,T2,21.41,12.964109
test,T2,21.41,10.367966
test,T2,21.004,9.531631
test,T2,19.989,11.239111
test,T2,19.38,13.273607
test,T2,19.38,13.115399
test,T2,19.38,12.83895
test,T2,19.38,11.9764
test,T2,19.38,11.698275
test,T2,19.38,12.319786
test,T2,19.38,12.460146
test,T2,19.429876,12.504145
test,T2,19.554876,15.652415
test,T2,19.63,15.362558
test,T2,19.63,8.85677
test,T2,19.63,8.288902
test,T2,19.63,12.913771
test,T2,19.63,14.701845
test,T2,19.63,13.414788
test,T2,19.63,15.33269
test,T2,19.126,13.655537
test,T2,17.866,14.059906
test,T2,17.11,13.918583
test,T2,17.11,10.148374
test,T2,17.11,12.980789
test,T2,17.11,18.79515
test,T2,17.11,21.334272
test,T2,17.11,16.81938
test,T2,17.11,14.644011
test,T2,17.376,12.411758
test,T2,18.041,14.586561
test,T2,18.44,17.584797
test,T2,18.44,16.036863
test,T2,18.44,11.047474
test,T2,18.44,10.684992
test,T2,18.44,11.041246
test,T2,18.44,9.96085
test,T2,18.44,9.505268
test,T2,18.964,10.177465
test,T2,20.274,11.027897
test,T2,21.06,10.21035
test,T2,21.06,9.549515
test,T2,21.06,9.737967
test,T2,21.06,11.173561
test,T2,21.06,10.507362
test,T2,21.06,9.599007
test,T2,21.06,10.545782
test,T2,21.121847,11.750218
test,T2,21.276846,10.824511
test,T2,21.37,10.314045
test,T2,21.37,10.580826
test,T2,21.37,11.576755
test,T2,21.37,10.98724
test,T2,21.37,10.697937
test,T2,21.37,11.005414
test,T2,21.37,9.124336
test,T2,21.516,8.906285
test,T2,21.881,12.093949
test,T2,22.1,11.584592
test,T2,22.1,10.550615
test,T2,22.1,10.912476
test,T2,22.1,10.925861
test,T2,22.1,10.877211
test,T2,22.1,8.9887
test,T2,22.1,9.768073
test,T2,22.149876,10.59688
test,T2,22.274876,12.080068
test,T2,22.35,10.531142
test,T2,22.35,9.826235
test,T2,22.35,10.774292
test,T2,22.35,11.161834
test,T2,22.35,10.095499
test,T2,22.35,9.397352
test,T2,22.35,9.31403
test,T2,22.24227,10.309695
test,T2,21.97227,11.162155
test,T2,21.81,12.200853
test,T2,21.81,12.876827
test,T2,21.81,11.670763
test,T2,21.81,11.003054
test,T2,21.81,12.157833
test,T2,21.81,12.895927
test,T2,21.81,11.43835
test,T2,22.001524,11.622928
test,T2,22.481525,12.03569
test,T2,22.77,11.864096
test,T2,22.77,11.210903
test,T2,22.77,12.248749
test,T2,22.77,13.560318
test,T2,22.77,12.960363
test,T2,22.77,13.716468
test,T2,22.77,13.077503
test,T2,22.67,13.251482
test,T2,22.42,12.689072
test,T2,22.27,10.977794
test,T2,22.27,12.066406
test,T2,22.27,11.86131
test,T2,22.27,10.734996
test,T2,22.27,10.865096
test,T2,22.27,10.742426
test,T2,22.27,9.735481
test,T2,21.746,10.217185
test,T2,20.436,11.12933
test,T2,19.65,11.184428
test,T2,19.65,10.35424
test,T2,19.65,11.1730385
test,T2,19.65,12.063959
test,T2,19.65,10.548572
test,T2,19.65,11.180866
test,T2,19.65,11.158957
test,T2,19.388,11.631611
test,T2,18.733,11.857761
test,T2,18.34,9.998577
test,T2,18.34,10.826536
test,T2,18.34,11.478048
test,T2,18.34,12.77536
test,T2,18.34,11.264387
test,T2,18.34,10.914861
test,T2,18.34,12.634581
test,T2,18.21,13.197804
test,T2,17.885,13.536364
test,T2,17.69,14.984528
test,T2,17.69,14.651265
test,T2,17.69,11.941633
test,T2,17.69,12.118395
test,T2,17.69,12.555214
test,T2,17.69,11.8964205
test,T2,17.69,12.453026
test,T2,17.892,12.065296
test,T2,18.397,11.603876
test,T2,18.7,10.571207
test,T2,18.7,9.505877
test,T2,18.7,10.839006
test,T2,18.7,11.588321
test,T2,18.7,10.658454
test,T2,18.7,11.349588
test,T2,18.7,12.994469
test,T2,18.614,12.302037
test,T2,18.399,11.297667
test,T2,18.27,10.148159
test,T2,18.27,11.666967
test,T2,18.27,12.096321
test,T2,18.27,11.142416
test,T2,18.27,12.33551
test,T2,18.27,12.477105
test,T2,18.27,11.810087
test,T2,18.307463,13.202783
test,T2,18.402462,14.020706
test,T2,18.46,12.224309
test,T2,18.46,12.130802
test,T2,18.46,12.185509
test,T2,18.46,12.959349
test,T2,18.46,13.042545
test,T2,18.46,12.255986
test,T2,18.46,12.641116
test,T2,18.62559,12.209464
test,T2,19.040588,18.029781
test,T2,19.29,21.12358
test,T2,19.29,12.433744
test,T2,19.29,10.616368
test,T2,19.29,11.149973
test,T2,19.29,11.039646
test,T2,19.29,11.195156
test,T2,19.29,14.908495
test,T2,19.06257,17.353004
test,T2,18.49257,13.009707
test,T2,18.15,11.154116
test,T2,18.15,11.784704
test,T2,18.15,11.566599
test,T2,18.15,11.958853
test,T2,18.15,12.532545
test,T2,18.15,13.104942
test,T2,18.15,13.218885
test,T2,18.516,14.335247
test,T2,19.431,11.333128
test,T2,19.98,11.320578
test,T2,19.98,12.722113
test,T2,19.98,10.903591
test,T2,19.98,9.642026
test,T2,19.98,11.075176
test,T2,19.98,11.202972
test,T2,19.98,11.62558
test,T2,19.475252,12.686226
test,T2,18.210253,15.294732
test,T2,17.45,13.11873
test,T2,17.45,10.460688
test,T2,17.45,10.746712
test,T2,17.45,11.546968
test,T2,17.45,10.965499
test,T2,17.45,9.054813
test,T2,17.45,9.88031
test,T2,17.308355,11.18738
test,T2,16.953356,10.490077
test,T2,16.74,11.490937
test,T2,16.74,11.701047
test,T2,16.74,11.1299305
test,T2,16.74,11.629259
test,T2,16.74,11.568152
test,T2,16.74,16.47576
test,T2,16.74,14.461006
test,T2,17.146,10.19087
test,T2,18.161,10.817881
test,T2,18.77,11.133164
test,T2,18.77,10.252737
test,T2,18.77,9.509715
test,T2,18.77,12.220762
test,T2,18.77,11.597065
test,T2,18.77,10.992302
test,T2,18.77,12.572548
test,T2,19.095184,11.906921
test,T2,19.910185,12.177523
test,T2,20.4,11.766253
test,T2,20.4,12.200221
test,T2,20.4,11.606113
test,T2,20.4,11.921654
test,T2,20.4,19.103561
test,T2,20.4,20.23602
test,T2,20.4,12.792201
test,T2,20.824,11.223053
test,T2,21.884,14.267378
test,T2,22.52,14.996374
test,T2,22.52,12.7155905
test,T2,22.52,14.963343
test,T2,22.52,16.223675
test,T2,22.52,13.379858
test,T2,22.52,14.101347
test,T2,22.52,14.263395
test,T2,22.268,11.24431
test,T2,21.638,12.245701
test,T2,21.26,12.807964
test,T2,21.26,12.81863
test,T2,21.26,12.995563
test,T2,21.26,12.948259
test,T2,21.26,13.347233
test,T2,21.26,12.384882
test,T2,21.26,11.934181
test,T2,21.154,13.807777
test,T2,20.889,14.156576
test,T2,20.73,15.417947
test,T2,20.73,23.752651
test,T2,20.73,22.510918
test,T2,20.73,11.35228
test,T2,20.73,10.991795
test,T2,20.73,9.770592
test,T2,20.73,10.577633
test,T2,21.124,12.536961
test,T2,22.109,11.647322
test,T2,22.7,10.614521
test,T2,22.7,11.246027
test,T2,22.7,11.203452
test,T2,22.7,11.331653
test,T2,22.7,11.967384
test,T2,22.7,9.613487
test,T2,22.7,10.694585
test,T2,22.654,11.042348
test,T2,22.539,11.374132
test,T2,22.47,11.754446
test,T2,22.47,11.085558
test,T2,22.47,10.315723
test,T2,22.47,11.908575
test,T2,22.47,13.319685
test,T2,22.47,13.329712
test,T2,22.47,10.483371
test,T2,22.186,10.311653
test,T2,21.476,12.8743305
test,T2,21.05,16.12648
test,T2,21.05,14.574442
test,T2,21.05,10.60355
test,T2,21.05,12.140318
test,T2,21.05,12.833124
test,T2,21.05,11.331127
test,T2,21.05,11.759798
test,T2,20.44,12.205587
test,T2,18.915,12.587296
test,T2,18.0,11.152267
test,T2,18.0,11.979037
test,T2,18.0,13.840458
test,T2,18.0,12.51144
test,T2,18.0,9.841913
test,T2,18.0,9.297813
test,T2,18.0,11.2108
test,T2,18.064,10.514521
test,T2,18.224,9.299482
test,T2,18.32,10.853533
test,T2,18.32,10.835697
test,T2,18.32,11.849257
test,T2,18.32,12.754122
test,T2,18.32,12.203159
test,T2,18.32,13.493507
test,T2,18.32,12.380165
test,T2,18.16,11.831346
test,T2,17.76,11.940285
test,T2,17.52,10.659422
test,T2,17.52,8.567518
test,T2,17.52,8.943016
test,T2,17.52,11.784331
test,T2,17.52,11.057644
test,T2,17.52,12.614376
test,T2,17.52,12.745512
test,T2,17.788015,13.780013
test,T2,18.463015,15.895827
test,T2,18.87,16.19888
test,T2,18.87,11.611507
test,T2,18.87,10.550051
test,T2,18.87,10.241322
test,T2,18.87,10.869608
test,T2,18.87,10.048944
test,T2,18.87,9.60129
test,T2,19.434,13.453163
test,T2,20.844,15.288038
test,T2,21.69,12.937163
test,T2,21.69,14.74674
test,T2,21.69,16.32286
test,T2,21.69,13.638186
test,T2,21.69,11.950134
test,T2,21.69,9.115092
test,T2,21.69,9.971536
test,T2,21.759657,10.56345
test,T2,21.934656,11.929493
test,T2,22.04,11.851959
test,T2,22.04,10.282644
test,T2,22.04,8.58234
test,T2,22.04,7.6894393
test,T2,22.04,10.204208
test,T2,22.04,11.451571
test,T2,22.04,11.0496025
test,T2,22.234,10.941032
test,T2,22.719,10.71632
test,T2,23.01,12.138204
test,T2,23.01,11.51973
test,T2,23.01,11.007933
test,T2,23.01,10.925688
test,T2,23.01,9.874414
test,T2,23.01,9.908415
test,T2,23.01,10.093138
test,T2,23.092,10.901766
test,T2,23.297,11.175798
test,T2,23.42,11.445022
test,T2,23.42,11.402533
test,T2,23.42,9.906496
test,T2,23.42,10.537358
test,T2,23.42,10.186461
test,T2,23.42,9.653199
test,T2,23.42,9.848137
test,T2,23.451921,8.835295
test,T2,23.531921,9.132965
test,T2,23.58,10.96328
test,T2,23.58,12.254712
test,T2,23.58,11.274595
test,T2,23.58,11.628952
test,T2,23.58,14.151997
test,T2,23.58,12.560868
test,T2,23.58,9.67938
test,T2,23.374,10.917469
test,T2,22.859,12.769489
test,T2,22.55,13.210217
test,T2,22.55,13.158077
test,T2,22.55,12.841086
test,T2,22.55,11.15426
test,T2,22.55,9.270288
test,T2,22.55,10.985866
test,T2,22.55,11.093412
test,T2,22.49813,11.653767
test,T2,22.36813,12.646154
test,T2,22.29,11.192402
test,T2,22.29,11.965017
test,T2,22.29,11.939499
test,T2,22.29,10.854109
test,T2,22.29,11.424742
test,T2,22.29,12.770233
test,T2,22.29,13.390047
test,T2,22.491495,14.309217
test,T2,22.996494,12.448402
test,T2,23.3,11.718239
test,T2,23.3,12.36809
test,T2,23.3,11.669378
test,T2,23.3,11.1573305
test,T2,23.3,10.731535
test,T2,23.3,10.382439
test,T2,23.3,11.102842
test,T2,23.234634,9.437111
test,T2,23.069635,9.402529
test,T2,22.97,12.622251
test,T2,22.97,12.457907
test,T2,22.97,11.102609
test,T2,22.97,11.52579
test,T2,22.97,11.014622
test,T2,22.97,11.60591
test,T2,22.97,12.530939
test,T2,23.011896,11.287636
test,T2,23.116896,11.47391
test,T2,23.18,10.954493
test,T2,23.18,12.313854
test,T2,23.18,11.867462
test,T2,23.18,10.2881565
test,T2,23.18,11.723463
test,T2,23.18,11.311579
test,T2,23.18,10.571501
test,T2,23.204,10.966971
test,T2,23.264,11.380437
test,T2,23.3,11.475017
test,T2,23.3,10.80183
test,T2,23.3,11.112167
test,T2,23.3,11.748926
test,T2,23.3,11.8155575
test,T2,23.3,9.875446
test,T2,23.3,10.476615
test,T2,23.266,11.781278
test,T2,23.181,10.453207
test,T2,23.13,10.596482
test,T2,23.13,13.297506
test,T2,23.13,12.992083
test,T2,23.13,9.860645
test,T2,23.13,8.383927
test,T2,23.13,9.828758
test,T2,23.13,13.887526
test,T2,23.258,14.740706
test,T2,23.578,13.420074
test,T2,23.77,12.098242
test,T2,23.77,11.941002
test,T2,23.77,10.4881735
test,T2,23.77,10.985344
test,T2,23.77,13.126201
test,T2,23.77,13.431362
test,T2,23.77,11.344246
test,T2,23.732,11.082272
test,T2,23.637,13.443027
test,T2,23.58,13.123362
test,T2,23.58,11.228366
test,T2,23.58,11.008015
test,T2,23.58,13.20876
test,T2,23.58,14.101713
test,T2,23.58,13.867998
test,T2,23.58,13.746796
test,T2,23.516,12.743498
test,T2,23.356,11.438631
test,T2,23.26,13.724451
test,T2,23.26,18.315212
test,T2,23.26,15.321549
test,T2,23.26,13.854876
test,T2,23.26,13.748804
test,T2,23.26,16.706203
test,T2,23.26,17.322021
test,T2,23.706,12.793369
test,T2,24.821,10.855916
test,T2,25.49,9.200073
test,T2,25.49,10.888573
test,T2,25.49,10.988106
test,T2,25.49,10.23279
test,T2,25.49,12.583288
test,T2,25.49,13.859083
test,T2,25.49,13.245821
test,T2,25.512,11.2285
test,T2,25.567,10.680823
test,T2,25.6,9.523395
test,T2,25.6,9.469671
test,T2,25.6,9.444728
test,T2,25.6,9.087906
test,T2,25.6,8.970446
test,T2,25.6,8.635145
test,T2,25.6,10.667707
test,T2,25.474,11.172902
test,T2,25.159,9.584765
test,T2,24.97,11.081192
test,T2,24.97,14.701902
test,T2,24.97,13.130614
test,T2,24.97,11.611628
test,T2,24.97,11.966505
test,T2,24.97,10.753036
test,T2,24.97,10.364238
test,T2,24.828356,10.498572
test,T2,24.473354,9.414724
test,T2,24.26,10.212149
test,T2,24.26,11.549774
test,T2,24.26,11.502399
test,T2,24.26,11.222512
test,T2,24.26,10.924892
test,T2,24.26,9.414778
test,T2,24.26,10.47298
test,T2,24.836,10.007595
test,T2,26.276,8.584031
test,T2,27.14,9.800337
test,T2,27.14,9.402387
test,T2,27.14,8.590786
test,T2,27.14,10.007814
test,T2,27.14,10.736793
test,T2,27.14,10.386316
test,T2,27.14,10.685306
test,T2,27.225784,10.472618
test,T2,27.440784,9.727785
test,T2,27.57,9.492376
test,T2,27.57,9.779127
test,T2,27.57,11.665905
test,T2,27.57,11.197627
test,T2,27.57,9.893352
test,T2,27.57,10.7561865
test,T2,27.57,10.892799
test,T2,27.540075,10.918188
test,T2,27.465075,10.4493065
test,T2,27.42,10.764705
test,T2,27.42,9.440228
test,T2,27.42,8.597193
test,T2,27.42,9.06316
test,T2,27.42,10.990752
test,T2,27.42,12.520897
test,T2,27.42,11.69436
test,T2,27.60354,10.442505
test,T2,28.06354,9.616501
test,T2,28.34,8.831097
test,T2,28.34,8.937085
test,T2,28.34,10.441522
test,T2,28.34,9.991566
test,T2,28.34,9.177342
test,T2,28.34,9.873873
test,T2,28.34,11.187243
test,T2,27.801336,11.908609
test,T2,26.451336,11.4487915
test,T2,25.64,11.416582
test,T2,25.64,11.260655
test,T2,25.64,11.19623
test,T2,25.64,10.077743
test,T2,25.64,12.769079
test,T2,25.64,11.811548
test,T2,25.64,11.793001
test,T2,25.363363,12.153888
test,T2,24.668364,11.139267
test,T2,24.25,12.054064
test,T2,24.25,11.49453
test,T2,24.25,11.341627
test,T2,24.25,11.527253
test,T2,24.25,10.422625
test,T2,24.25,10.908289
test,T2,24.25,13.158153
test,T2,24.140272,12.4472065
test,T2,23.865273,11.593416
test,T2,23.7,11.291933
test,T2,23.7,11.526254
test,T2,23.7,11.238035
test,T2,23.7,10.811787
test,T2,23.7,11.36841
test,T2,23.7,10.455065
test,T2,23.7,9.444617
test,T2,23.736,10.360485
test,T2,23.826,9.712903
test,T2,23.88,8.719881
test,T2,23.88,9.577137
test,T2,23.88,10.202499
test,T2,23.88,9.679096
test,T2,23.88,9.835707
test,T2,23.88,10.728242
test,T2,23.88,9.773587
test,T2,23.612,11.426533
test,T2,22.942,12.200548
test,T2,22.54,11.200016
test,T2,22.54,12.110415
test,T2,22.54,12.1473675
test,T2,22.54,10.536176
test,T2,22.54,10.449743
test,T2,22.54,10.962968
test,T2,22.54,13.606737
test,T2,22.798,14.823708
test,T2,23.443,11.616779
test,T2,23.83,8.958597
test,T2,23.83,9.241356
test,T2,23.83,9.416009
test,T2,23.83,10.449063
test,T2,23.83,10.353334
test,T2,23.83,7.897728
test,T2,23.83,9.6381645
test,T2,23.836,10.607624
test,T2,23.851,10.992767
test,T2,23.86,10.229212
test,T2,23.86,9.292877
test,T2,23.86,9.941838
test,T2,23.86,10.029068
test,T2,23.86,10.268436
test,T2,23.86,11.359757
test,T2,23.86,11.578859
test,T2,24.103395,12.991103
test,T2,24.713396,11.79278
test,T2,25.08,10.410246
test,T2,25.08,10.025171
test,T2,25.08,9.700367
test,T2,25.08,9.43562
test,T2,25.08,9.691463
test,T2,25.08,9.758591
test,T2,25.08,9.821255
test,T2,25.19,9.867222
test,T2,25.465,10.000145
test,T2,25.63,10.600316
test,T2,25.63,10.2685
test,T2,25.63,10.166349
test,T2,25.63,10.80691
test,T2,25.63,10.670982
test,T2,25.63,8.818167
test,T2,25.63,9.076212
test,T2,25.192158,10.715163
test,T2,24.092157,11.46257
test,T2,23.43,10.659975
test,T2,23.43,10.593143
test,T2,23.43,10.47765
test,T2,23.43,9.5247
test,T2,23.43,9.2555895
test,T2,23.43,10.553278
test,T2,23.43,10.61297
test,T2,22.848,9.172039
test,T2,21.393,9.630179
test,T2,20.52,10.690176
test,T2,20.52,11.016522
test,T2,20.52,9.568525
test,T2,20.52,9.18181
test,T2,20.52,10.703539
test,T2,20.52,12.832926
test,T2,20.52,11.121702
test,T2,20.833216,10.091663
test,T2,21.618216,9.098581
test,T2,22.09,8.992947
test,T2,22.09,9.313087
test,T2,22.09,12.1165085
test,T2,22.09,16.457209
test,T2,22.09,13.930487
test,T2,22.09,10.468737
test,T2,22.09,7.527431
test,T2,22.149563,11.946259
test,T2,22.299562,14.426066
test,T2,22.39,11.96657
test,T2,22.39,10.754936
test,T2,22.39,11.139668
test,T2,22.39,11.038317
test,T2,22.39,11.388739
test,T2,22.39,9.740563
test,T2,22.39,8.131768
test,T2,21.734,9.917778
test,T2,20.094,10.62771
test,T2,19.11,10.747106
test,T2,19.11,11.516434
test,T2,19.11,10.538733
test,T2,19.11,10.490688
test,T2,19.11,12.227041
test,T2,19.11,13.415581
test,T2,19.11,14.35504
test,T2,18.663109,15.241625
test,T2,17.543108,12.72805
test,T2,16.87,10.012613
test,T2,16.87,8.201052
test,T2,16.87,6.8977027
test,T2,16.87,5.9345126
test,T2,16.87,5.948683
test,T2,16.87,7.8312645
test,T2,16.87,8.7645855
test,T2,16.02412,8.875508
test,T2,13.90412,9.372785
test,T2,12.63,10.499864
test,T2,12.63,11.740316
test,T2,12.63,10.315016
test,T2,12.63,10.028191
test,T2,12.63,12.035737
test,T2,12.63,17.002121
test,T2,12.63,15.620916
test,T2,13.09,10.685984
test,T2,14.24,9.482395
test,T2,14.93,9.817703
test,T2,14.93,10.011743
test,T2,14.93,11.308479
test,T2,14.93,10.878296
test,T2,14.93,9.872613
test,T2,14.93,9.653194
test,T2,14.93,11.261202
test,T2,16.026,12.071855
test,T2,18.766,9.935596
test,T2,20.41,10.889563
test,T2,20.41,11.149499
test,T2,20.41,9.826821
test,T2,20.41,11.104593
test,T2,20.41,12.203156
test,T2,20.41,11.559485
test,T2,20.41,10.006159
test,T2,20.98,11.387612
test,T2,22.405,12.708499
test,T2,23.26,13.244968
test,T2,23.26,11.6619835
test,T2,23.26,10.608965
test,T2,23.26,9.367804
test,T2,23.26,9.07827
test,T2,23.26,11.151184
test,T2,23.26,13.834251
test,T2,23.58,13.48155
test,T2,24.38,10.910906
test,T2,24.86,9.441805
test,T2,24.86,11.684221
test,T2,24.86,13.095542
test,T2,24.86,11.238647
test,T2,24.86,11.798225
test,T2,24.86,11.516657
test,T2,24.86,9.637041
test,T2,24.096,10.314199
test,T2,22.186,10.545728
test,T2,21.04,11.145829
test,T2,21.04,10.036575
test,T2,21.04,7.570926
test,T2,21.04,10.142058
test,T2,21.04,14.322522
test,T2,21.04,15.294594
test,T2,21.04,8.368292
test,T2,18.362,9.528368
test,T2,11.667,12.827072
test,T2,7.65,12.215139
test,T2,7.65,13.012014
test,T2,7.65,15.879211
test,T2,7.65,13.750227
test,T2,7.65,15.628576
test,T2,7.65,20.53563
test,T2,7.65,16.217617
test,T2,6.632525,10.041604
test,T2,4.082525,7.5986924
test,T2,2.55,7.6827474
test,T2,2.55,9.358852
test,T2,2.55,10.208841
test,T2,2.55,10.066611
test,T2,2.55,10.093497
test,T2,2.55,9.613507
test,T2,2.55,8.70319
test,T2,2.55,8.228005
test,T2,2.55,7.950005
test,T2,2.55,7.8350244
test,T2,2.55,7.9633074
test,T2,2.55,7.8243775
test,T2,2.55,8.01321
test,T2,2.55,7.87495
test,T2,2.55,7.865393
test,T2,2.55,7.8817945
test,T2,2.55,7.7536454
test,T2,2.55,7.773135
test,T2,2.55,7.769944
test,T2,2.55,7.770112
test,T2,2.55,7.7659965
test,T2,2.55,7.8340774
test,T2,2.55,7.8961167
test,T2,2.55,7.7857084
test,T2,2.55,7.7311335
test,T2,2.55,7.787344
test,T2,2.55,7.7808127
test,T2,2.55,7.7937007
test,T2,2.55,7.7865005
test,T2,2.55,7.797626
test,T2,2.55,7.82809
test,T2,2.55,7.8414083
test,T2,2.55,7.7991147
test,T2,2.55,7.762105
test,T2,2.55,7.8187785
test,T2,2.55,7.8144217
test,T2,2.55,7.821943
test,T2,2.55,7.8350153
test,T2,2.55,7.847014
test,T2,2.55,7.8652205
test,T2,2.55,7.8555865
test,T2,2.55,7.806923
test,T2,2.55,7.7949867
test,T2,2.55,7.8255725
test,T2,2.55,7.8059163
test,T2,2.55,7.8295403
test,T2,2.55,7.805845
test,T2,2.55,7.784415
test,T2,2.55,7.827291
test,T2,2.55,7.9156995
test,T2,2.55,7.8890157
test,T2,2.55,7.8474917
test,T2,2.55,7.827959
test,T2,2.55,7.878657
test,T2,2.55,7.867003
test,T2,2.55,7.81838
test,T2,2.55,7.767481
test,T2,2.55,7.69939
test,T2,2.55,7.7111835
test,T2,2.55,7.7604876
test,T2,2.55,7.678983
test,T2,2.55,7.702243
test,T2,2.55,7.851067
test,T2,2.55,7.815616
test,T2,2.55,7.772347
test,T2,2.55,7.7990355
test,T2,2.55,7.8012567
test,T2,2.55,7.832196
test,T2,2.55,7.822813
test,T2,2.55,7.7776723
test,T2,2.55,7.7488904
test,T2,2.55,7.7937202
test,T2,2.55,7.8242054
test,T2,2.55,7.8823104
test,T2,2.55,7.831123
test,T2,2.55,7.818608
test,T2,2.55,7.856885
test,T2,2.55,7.8725405
test,T2,2.55,7.9219584
test,T2,2.55,7.9158864
test,T2,2.55,7.8311534
test,T2,2.55,7.8279805
test,T2,2.55,7.9035783
test,T2,2.55,7.892546
test,T2,2.55,7.8655095
test,T2,2.55,7.8561525
test,T2,2.55,7.8762856
test,T2,2.55,7.8996162
test,T2,2.55,7.818277
test,T2,2.55,7.781266
test,T2,2.55,7.834159
test,T2,2.55,7.8122344
test,T2,2.55,7.8193183
test,T2,2.55,7.8603187
test,T2,2.55,7.814655
test,T2,2.55,7.799832
test,T2,2.55,7.8358417
test,T2,2.55,7.8258376
test,T2,2.55,7.789022
test,T2,2.55,7.857511
test,T2,1.913775,7.8675313
test,T2,0.638775,7.793743
test,T2,0.0,7.766892
test,T2,0.0,7.8240743
test,T2,0.0,7.881067
test,T2,0.0,7.8778687
test,T2,0.0,7.7933245
test,T2,0.0,7.7471323
test,T2,0.0,7.794683
test,T2,0.0,7.7732086
test,T2,0.0,7.7812033
test,T2,0.0,7.874445
test,T2,0.0,7.83402
test,T2,0.0,7.675574
test,T2,0.0,7.6606107
test,T2,0.0,7.8058095
test,T2,0.0,7.8351316
test,T2,0.0,8.293285
test,T2,0.0,8.298189
test,T2,0.0,7.7527533
test,T2,0.0,7.8040185
test,T2,0.0,7.8273835
test,T2,0.0,7.7980847
test,T2,0.0,7.8035355
test,T2,0.0,7.822682
test,T2,0.0,7.8753414
test,T2,0.0,7.869849
test,T2,0.0,7.8468614
test,T2,0.0,7.8605385
test,T2,0.0,7.8331294
test,T2,0.0,7.842608
test,T2,0.0,7.7867036
test,T2,0.0,7.7484775
test,T2,0.0,7.7891736
test,T2,0.0,7.757377
test,T2,0.0,7.7656274
test,T2,0.0,7.82118
test,T2,0.0,7.828689
test,T2,0.0,7.7742395
test,T2,0.0,7.7535663
test,T2,0.0,7.789609
test,T2,0.0,7.823184
test,T2,0.0,7.8167114
test,T2,0.0,7.7772202
test,T2,0.0,7.8275485
test,T2,0.0,7.8614006
test,T2,0.0,7.848597
test,T2,0.0,7.864712
test,T2,0.0,7.8918414
test,T2,0.0,7.9002614
test,T2,0.0,7.9004464
test,T2,0.0,7.8673115
test,T2,0.0,7.849978
test,T2,0.0,7.851478
test,T2,0.0,7.887379
test,T2,0.0,7.877004
test,T2,0.0,7.8592467
test,T2,0.0,7.8320594
test,T2,0.0,7.836942
test,T2,0.0,7.786197
test,T2,0.0,7.769233
test,T2,0.0,7.862324
test,T2,0.0,7.871783
test,T2,0.0,7.8862643
test,T2,0.0,7.821467
test,T2,0.0,7.803914
test,T2,0.0,7.7936654
test,T2,0.0,7.7927804
test,T2,0.0,7.7985644
test,T2,0.0,7.8470287
test,T2,0.0,7.8516216
test,T2,0.0,7.8571415
test,T2,0.0,7.860428
test,T2,0.0,7.863583
test,T2,0.0,7.897082
test,T2,0.0,7.8967996
test,T2,0.0,7.865515
test,T2,0.0,7.837772
test,T2,0.0,7.792261
test,T2,0.0,7.8126807
test,T2,0.0,7.800447
test,T2,0.0,7.773613
test,T2,0.0,7.794062
test,T2,0.0,7.833936
test,T2,0.0,7.8324695
test,T2,0.0,7.822478
test,T2,0.0,7.8431754
test,T2,0.0,7.823692
test,T2,0.0,7.798386
test,T2,0.0,7.879721
test,T2,0.0,7.9154186
test,T2,0.0,7.8540597
test,T2,0.0,7.744296
test,T2,0.0,7.806974
test,T2,0.0,7.8260474
test,T2,0.0,7.8627315
test,T2,0.0,7.8341656
test,T2,0.0,7.777436
test,T2,0.0,7.8241696
test,T2,0.0,7.849124
test,T2,0.0,7.7928247
test,T2,0.0,7.8452
test,T2,0.0,7.779569
test,T2,0.0,7.7568116
test,T2,0.0,7.8287606
test,T2,0.0,7.8044753
test,T2,0.0,7.7831817
test,T2,0.0,7.767904
test,T2,0.0,7.7686815
test,T2,0.0,7.8237977
test,T2,0.0,7.8120055
test,T2,0.0,7.8077197
test,T2,0.0,7.8064237
test,T2,0.0,7.8317285
test,T2,0.0,7.825558
test,T2,0.0,7.8088555
test,T2,0.0,7.7910953
test,T2,0.0,7.8074093
test,T2,0.0,7.8076015
test,T2,0.0,7.7290597
test,T2,0.0,7.7963004
test,T2,0.0,7.8131766
test,T2,0.0,7.790692
test,T2,0.0,7.8378654
test,T2,0.0,7.796295
test,T2,0.0,7.6847053
test,T2,0.0,7.69382
test,T2,0.0,7.766867
test,T2,0.0,7.858829
test,T2,0.0,7.8670444
test,T2,0.0,7.822801
test,T2,0.0,7.772949
test,T2,0.0,7.769795
test,T2,0.0,7.7847056
test,T2,0.0,7.824184
test,T2,0.0,7.790768
test,T2,0.0,7.784714
test,T2,0.0,7.8447003
test,T2,0.0,7.879972
test,T2,0.0,7.890661
test,T2,0.0,7.913116
test,T2,0.0,7.8115497
test,T2,0.0,7.7744017
test,T2,0.0,7.8442154
test,T2,0.0,7.867003
test,T2,0.0,7.8382926
test,T2,0.0,7.8200536
test,T2,0.0,7.849088
test,T2,0.0,7.8293114
test,T2,0.0,7.8186626
test,T2,0.0,7.841898
test,T2,0.0,7.845344
test,T2,0.0,7.7855306
test,T2,0.0,7.7706456
test,T2,0.0,7.835892
test,T2,0.0,7.776711
test,T2,0.0,7.785071
test,T2,0.0,7.8631787
test,T2,0.0,7.8165965
test,T2,0.0,7.771415
test,T2,0.0,7.7576814
test,T2,0.0,7.744625
test,T2,0.0,7.84805
test,T2,0.0,7.921596
test,T2,0.0,7.9008927
test,T2,0.0,7.838146
test,T2,0.0,7.8505425
test,T2,0.0,7.8452563
test,T2,0.0,7.824763
test,T2,0.0,7.8481402
test,T2,0.0,7.8356876
test,T2,0.0,7.7989936
test,T2,0.0,7.742118
test,T2,0.0,7.775947
test,T2,0.0,7.9057484
test,T2,0.0,7.894688
test,T2,0.0,7.805799
test,T2,0.0,7.8370647
test,T2,0.0,7.825973
test,T2,0.0,7.822097
test,T2,0.0,7.855018
test,T2,0.0,7.850406
test,T2,0.0,7.8700914
test,T2,0.0,7.8877997
test,T2,0.0,7.8909917
test,T2,0.0,7.846191
test,T2,0.0,7.8269744
test,T2,0.0,7.808883
test,T2,0.0,7.8012414
test,T2,0.0,7.7772517
test,T2,0.0,7.797608
test,T2,0.0,7.867762
test,T2,0.0,7.8592014
test,T2,0.0,7.8223786
test,T2,0.0,7.8459163
test,T2,0.0,7.823728
test,T2,0.0,7.814154
test,T2,0.0,7.7971272
test,T2,0.0,7.783343
test,T2,0.0,7.825299
test,T2,0.0,7.841111
test,T2,0.0,7.8322678
test,T2,0.0,7.8491073
test,T2,0.0,7.798033
test,T2,0.0,7.8012834
test,T2,0.0,7.7806406
test,T2,0.0,7.7953954
test,T2,0.0,7.831416
test,T2,0.0,7.7974396
test,T2,0.0,7.8207216
test,T2,0.0,7.8406777
test,T2,0.0,7.900801
test,T2,0.0,7.9003215
test,T2,0.0,7.853719
test,T2,0.0,7.849701
test,T2,0.0,7.8191876
test,T2,0.0,7.8035564
test,T2,0.0,7.732642
test,T2,0.0,7.8274393
test,T2,0.0,7.9037657
test,T2,0.0,7.85107
test,T2,0.0,7.766696
test,T2,0.0,7.7786317
test,T2,0.0,7.864648
test,T2,0.0,7.927091
test,T2,0.0,7.9332247
test,T2,0.0,7.846765
test,T2,0.0,7.7678533
test,T2,0.0,7.7680807
test,T2,0.0,7.8248954
test,T2,0.0,7.871636
test,T2,0.0,7.788755
test,T2,0.0,7.7712665
test,T2,0.0,7.80014
test,T2,0.0,7.7688155
test,T2,0.0,7.8498096
test,T2,0.0,7.8955526
test,T2,0.0,7.835469
test,T2,0.0,7.7808623
test,T2,0.0,7.7928934
test,T2,0.0,7.8425546
test,T2,0.0,7.843476
test,T2,0.0,7.840089
test,T2,0.0,7.885712
test,T2,0.0,7.8733563
test,T2,0.0,7.844277
test,T2,0.0,7.782289
test,T2,0.0,7.732121
test,T2,0.0,7.792326
test,T2,0.0,7.800226
test,T2,0.0,7.8179884
test,T2,0.0,7.837012
test,T2,0.0,7.7731557
test,T2,0.0,7.7588425
test,T2,0.0,7.848157
test,T2,0.0,7.8309793
test,T2,0.0,7.779194
test,T2,0.0,7.8479047
test,T2,0.0,7.9177737
test,T2,0.0,7.9015756
test,T2,0.0,7.8432274
test,T2,0.0,7.849086
test,T2,0.0,7.8474717
test,T2,0.0,7.8457465
test,T2,0.0,7.8236628
test,T2,0.0,7.8233476
test,T2,0.0,7.785041
test,T2,0.0,7.7406707
test,T2,0.0,7.789854
test,T2,0.0,7.759129
test,T2,0.0,7.7624464
test,T2,0.0,7.843116
test,T2,0.0,7.771662
test,T2,0.0,7.779358
test,T2,0.0,7.833733
test,T2,0.0,7.821816
test,T2,0.0,7.8543315
test,T2,0.0,7.862958
test,T2,0.0,7.775714
test,T2,0.0,7.655417
test,T2,0.0,7.690083
test,T2,0.0,7.7813897
test,T2,0.0,7.7948666
test,T2,0.0,7.814591
test,T2,0.0,7.8762827
test,T2,0.0,7.8595567
test,T2,0.0,7.856079
test,T2,0.0,7.7984514
test,T2,0.0,7.84153
test,T2,0.0,7.823074
test,T2,0.0,7.8097377
test,T2,0.0,7.8585653
test,T2,0.0,7.843721
test,T2,0.0,7.843636
test,T2,0.0,7.7929807
test,T2,0.0,7.841611
test,T2,0.0,7.9599953
test,T2,0.0,7.9829717
test,T2,0.0,7.928921
test,T2,0.0,7.842257
test,T2,0.0,7.814223
test,T2,0.0,7.8417206
test,T2,0.0,7.82854
test,T2,0.0,7.810123
test,T2,0.0,7.789177
test,T2,0.0,7.7852545
test,T2,0.0,7.8174515
test,T2,0.0,7.81471
test,T2,0.0,7.856439
test,T2,0.0,7.809377
test,T2,0.0,7.789044
test,T2,0.0,7.809775
test,T2,0.0,7.861227
test,T2,0.0,7.8864384
test,T2,0.0,7.8429027
test,T2,0.0,7.8576913
test,T2,0.0,7.879716
test,T2,0.0,7.8608403
test,T2,0.0,7.9310946
test,T2,0.0,7.948294
test,T2,0.0,7.8208084
test,T2,0.0,7.836086
test,T2,0.0,7.825123
test,T2,0.0,7.7367563
test,T2,0.0,7.743659
test,T2,0.0,7.839223
test,T2,0.0,7.863127
test,T2,0.0,7.798913
test,T2,0.0,7.8039184
test,T2,0.0,7.8292127
test,T2,0.0,7.8156304
test,T2,0.0,7.7995086
test,T2,0.0,7.8161063
test,T2,0.0,7.8193555
test,T2,0.0,7.8679357
test,T2,0.0,7.842805
test,T2,0.0,7.820022
test,T2,0.0,7.836662
test,T2,0.0,7.845636
test,T2,0.0,7.9032817
test,T2,0.0,7.8587284
test,T2,0.0,7.7753854
test,T2,0.0,7.8212185
test,T2,0.0,7.8554845
test,T2,0.0,7.7997527
test,T2,0.0,7.775088
test,T2,0.0,7.8426967
test,T2,0.0,7.8855186
test,T2,0.0,7.8280067
test,T2,0.0,7.7918644
test,T2,0.0,7.79445
test,T2,0.0,7.7272663
test,T2,0.0,7.76983
test,T2,0.0,7.8176703
test,T2,0.0,7.794439
test,T2,0.0,7.82732
test,T2,0.0,7.8350472
test,T2,0.0,7.798222
test,T2,0.0,7.87887
test,T2,0.0,7.8849444
test,T2,0.0,7.8419166
test,T2,0.0,7.8568254
test,T2,0.0,7.8443246
test,T2,0.0,7.822435
test,T2,0.0,7.866908
test,T2,0.0,7.8539643
test,T2,0.0,7.813052
test,T2,0.0,7.7698417
test,T2,0.0,7.8272743
test,T2,0.0,7.858688
test,T2,0.0,7.7844677
test,T2,0.0,7.7774615
test,T2,0.0,7.827222
test,T2,0.0,7.760061
test,T2,0.0,7.7862906
test,T2,0.0,7.8186665
test,T2,0.0,7.7426324
test,T2,0.0,7.749119
test,T2,0.0,7.809748
test,T2,0.0,7.8804984
test,T2,0.0,7.8829594
test,T2,0.0,7.8158617
test,T2,0.0,7.894202
test,T2,0.0,7.9423604
test,T2,0.0,7.8882904
test,T2,0.0,7.842112
test,T2,0.0,7.8179436
test,T2,0.0,7.8294635
test,T2,0.0,7.843745
test,T2,0.0,7.773666
test,T2,0.0,7.72164
test,T2,0.0,7.7804904
test,T2,0.0,7.80658
test,T2,0.0,7.8476825
test,T2,0.0,7.845758
test,T2,0.0,7.784148
test,T2,0.0,7.7286987
test,T2,0.0,7.8497133
test,T2,0.0,7.934351
test,T2,0.0,8.416711
test,T2,0.0,7.9721932
test,T2,0.0,7.712073
test,T2,0.0,7.825914
test,T2,0.0,7.8540893
test,T2,0.0,7.9697604
test,T2,0.0,7.945885
test,T2,0.0,7.9204254
test,T2,0.0,8.232077
test,T2,0.0,9.45134
test,T2,0.0,9.748308
test,T2,0.0,9.780125
test,T2,0.40499505,13.149797
test,T2,1.4199951,19.717936
test,T2,2.03,22.977018
test,T2,2.03,16.188711
test,T2,2.03,12.366642
test,T2,2.03,14.835184
test,T2,2.03,19.792858
test,T2,2.03,24.891197
test,T2,2.03,20.512661
test,T2,2.574,19.795702
test,T2,3.934,15.28335
test,T2,4.75,9.75198
test,T2,4.75,12.122329
test,T2,4.75,10.412747
test,T2,4.75,10.915277
test,T2,4.75,18.697819
test,T2,4.75,19.909458
test,T2,4.75,10.906228
test,T2,7.048,10.328077
test,T2,12.793,8.604601
test,T2,16.24,8.389046
test,T2,16.24,9.14672
test,T2,16.24,9.608927
test,T2,16.24,9.6746645
test,T2,16.24,9.341421
test,T2,16.24,12.230022
test,T2,16.24,12.329544
test,T2,18.32278,10.05472
test,T2,23.54278,12.770725
test,T2,26.68,12.667469
test,T2,26.68,12.12538
test,T2,26.68,15.415805
test,T2,26.68,15.081859
test,T2,26.68,18.998892
test,T2,26.68,22.725859
test,T2,26.68,21.502686
test,T2,27.116,18.20368
test,T2,28.206,14.167273
test,T2,28.86,15.716323
test,T2,28.86,17.907293
test,T2,28.86,14.343983
test,T2,28.86,10.619926
test,T2,28.86,12.107109
test,T2,28.86,14.9309025
test,T2,28.86,16.337605
test,T2,29.124,13.856051
test,T2,29.784,11.5785675
test,T2,30.18,10.527433
test,T2,30.18,11.400175
test,T2,30.18,12.705852
test,T2,30.18,12.338656
test,T2,30.18,11.076553
test,T2,30.18,10.39934
test,T2,30.18,9.115961
test,T2,30.176,11.331238
test,T2,30.166,13.044188
test,T2,30.16,14.202073
test,T2,30.16,17.752947
test,T2,30.16,14.066601
test,T2,30.16,11.261848
test,T2,30.16,13.106112
test,T2,30.16,13.387235
test,T2,30.16,10.673576
test,T2,30.161995,11.888751
test,T2,30.166996,12.763832
test,T2,30.17,12.698223
test,T2,30.17,12.339641
test,T2,30.17,12.902659
test,T2,30.17,13.775003
test,T2,30.17,12.625935
test,T2,30.17,13.843136
test,T2,30.17,13.686126
test,T2,30.32,11.664034
test,T2,30.695,10.7197075
test,T2,30.92,13.042865
test,T2,30.92,14.819715
test,T2,30.92,9.527389
test,T2,30.92,11.565546
test,T2,30.92,13.047829
test,T2,30.92,11.715212
test,T2,30.92,12.7478485
test,T2,30.77,12.140416
test,T2,30.395,12.440828
test,T2,30.17,15.8126545
test,T2,30.17,14.741774
test,T2,30.17,13.284976
test,T2,30.17,12.054099
test,T2,30.17,13.847055
test,T2,30.17,16.852869
test,T2,30.17,15.251559
test,T2,29.932,12.483328
test,T2,29.337,11.05393
test,T2,28.98,10.699158
test,T2,28.98,12.527538
test,T2,28.98,12.964391
test,T2,28.98,13.423881
test,T2,28.98,11.998074
test,T2,28.98,13.769335
test,T2,28.98,16.777418
test,T2,29.298431,15.41231
test,T2,30.09843,15.141811
test,T2,30.58,14.085588
test,T2,30.58,12.45878
test,T2,30.58,13.226545
test,T2,30.58,11.919982
test,T2,30.58,11.181025
test,T2,30.58,12.834026
test,T2,30.58,13.037504
test,T2,30.62389,12.739656
test,T2,30.73389,13.340153
test,T2,30.8,14.184928
test,T2,30.8,13.183144
test,T2,30.8,10.185722
test,T2,30.8,10.721027
test,T2,30.8,11.352297
test,T2,30.8,12.532877
test,T2,30.8,15.042114
test,T2,30.841894,17.205904
test,T2,30.946896,13.693416
test,T2,31.01,10.642895
test,T2,31.01,11.644796
test,T2,31.01,12.849891
test,T2,31.01,11.421935
test,T2,31.01,13.45738
test,T2,31.01,14.276495
test,T2,31.01,13.284502
test,T2,30.826,13.254695
test,T2,30.366,12.579112
test,T2,30.09,12.1054535
test,T2,30.09,12.576623
test,T2,30.09,16.63176
test,T2,30.09,20.081078
test,T2,30.09,19.508543
test,T2,30.09,14.265244
test,T2,30.09,11.3594475
test,T2,30.44,10.886872
test,T2,31.315,11.691217
test,T2,31.84,13.734089
test,T2,31.84,14.509373
test,T2,31.84,11.046108
test,T2,31.84,10.207162
test,T2,31.84,10.835379
test,T2,31.84,12.19479
test,T2,31.84,14.119598
test,T2,31.932,11.52783
test,T2,32.162,9.755881
test,T2,32.3,12.911421
test,T2,32.3,12.5956
test,T2,32.3,11.109564
test,T2,32.3,11.996618
test,T2,32.3,11.31191
test,T2,32.3,10.947575
test,T2,32.3,13.562487
test,T2,32.558,12.42657
test,T2,33.203,11.553711
test,T2,33.59,10.9338665
test,T2,33.59,12.455617
test,T2,33.59,13.551855
test,T2,33.59,13.700019
test,T2,33.59,13.251877
test,T2,33.59,13.522041
test,T2,33.59,13.405043
test,T2,33.248,12.042855
test,T2,32.393,13.576212
test,T2,31.88,14.133144
test,T2,31.88,10.685194
test,T2,31.88,10.347385
test,T2,31.88,11.355614
test,T2,31.88,11.078289
test,T2,31.88,12.578924
test,T2,31.88,12.704374
test,T2,31.588,10.992663
test,T2,30.858,10.88102
test,T2,30.42,11.889292
test,T2,30.42,10.214729
test,T2,30.42,11.430442
test,T2,30.42,11.871151
test,T2,30.42,11.33169
test,T2,30.42,12.337833
test,T2,30.42,12.988382
test,T2,29.762,12.329175
test,T2,28.117,11.322542
test,T2,27.13,11.063319
test,T2,27.13,11.006479
test,T2,27.13,10.134877
test,T2,27.13,11.567194
test,T2,27.13,11.215988
test,T2,27.13,10.566879
test,T2,27.13,10.940949
test,T2,26.236,9.624593
test,T2,24.001,9.182332
test,T2,22.66,10.643446
test,T2,22.66,10.554216
test,T2,22.66,11.27714
test,T2,22.66,10.647498
test,T2,22.66,12.083179
test,T2,22.66,11.601997
test,T2,22.66,9.84894
test,T2,22.052,9.655868
test,T2,20.532,10.496792
test,T2,19.62,10.586081
test,T2,19.62,10.59261
test,T2,19.62,10.103476
test,T2,19.62,8.20896
test,T2,19.62,9.191425
test,T2,19.62,9.573959
test,T2,19.62,9.979752
test,T2,18.698,9.240244
test,T2,16.393,8.710978
test,T2,15.01,9.547018
test,T2,15.01,8.186602
test,T2,15.01,9.003223
test,T2,15.01,10.207476
test,T2,15.01,9.787037
test,T2,15.01,13.80237
test,T2,15.01,14.348751
test,T2,12.937195,15.907928
test,T2,7.742195,13.483601
test,T2,4.62,9.215487
test,T2,4.62,8.382698
test,T2,4.62,8.616901
test,T2,4.62,8.033117
test,T2,4.62,8.575689
test,T2,4.62,10.580185
test,T2,4.62,11.572087
test,T2,3.838,9.252075
test,T2,1.883,10.493549
test,T2,0.71,13.681208
test,T2,0.71,13.985738
test,T2,0.71,21.127148
test,T2,0.71,20.1212
test,T2,0.71,10.820779
test,T2,0.71,10.251402
test,T2,0.71,10.003373
test,T2,4.582,10.561208
test,T2,14.262,11.650593
test,T2,20.07,12.555983
test,T2,20.07,10.932747
test,T2,20.07,9.898523
test,T2,20.07,11.273312
test,T2,20.07,10.36666
test,T2,20.07,9.815211
test,T2,20.07,10.48993
test,T2,21.917416,10.253082
test,T2,26.547417,10.667222
test,T2,29.33,17.355213
test,T2,29.33,18.051752
test,T2,29.33,13.041956
test,T2,29.33,12.288305
test,T2,29.33,11.525809
test,T2,29.33,12.311504
test,T2,29.33,12.042642
test,T2,30.014,11.502056
test,T2,31.724,10.825083
test,T2,32.75,9.611752
test,T2,32.75,10.60829
test,T2,32.75,12.111414
test,T2,32.75,10.346652
test,T2,32.75,8.988274
test,T2,32.75,9.368486
test,T2,32.75,11.0158615
test,T2,32.942,10.671549
test,T2,33.422,9.882441
test,T2,33.71,10.324362
test,T2,33.71,10.595609
test,T2,33.71,10.738576
test,T2,33.71,11.343482
test,T2,33.71,10.64997
test,T2,33.71,8.612492
test,T2,33.71,9.3727865
test,T2,33.735935,10.255623
test,T2,33.800934,10.336085
test,T2,33.84,12.112726
test,T2,33.84,11.42721
test,T2,33.84,10.215566
test,T2,33.84,10.673308
test,T2,33.84,11.193242
test,T2,33.84,11.046238
test,T2,33.84,11.480735
test,T2,33.972,12.427153
test,T2,34.302,11.850528
test,T2,34.5,11.377532
test,T2,34.5,12.935257
test,T2,34.5,12.229878
test,T2,34.5,10.583971
test,T2,34.5,10.537771
test,T2,34.5,10.359957
test,T2,34.5,12.591866
test,T2,34.642,11.863669
test,T2,34.997,10.5672245
test,T2,35.21,10.859808
test,T2,35.21,9.5201025
test,T2,35.21,10.35997
test,T2,35.21,11.017988
test,T2,35.21,9.0295725
test,T2,35.21,8.521534
test,T2,35.21,12.339413
test,T2,35.297783,11.769611
test,T2,35.51778,9.855227
test,T2,35.65,10.630906
test,T2,35.65,9.377848
test,T2,35.65,11.544083
test,T2,35.65,11.89743
test,T2,35.65,12.354116
test,T2,35.65,12.833683
test,T2,35.65,11.163273
test,T2,35.65399,10.614588
test,T2,35.66399,11.193966
test,T2,35.67,9.775438
test,T2,35.67,9.083784
test,T2,35.67,8.457906
test,T2,35.67,8.899635
test,T2,35.67,10.828415
test,T2,35.67,11.525142
test,T2,35.67,11.2431755
test,T2,35.89,10.344859
test,T2,36.44,11.062594
test,T2,36.77,10.787289
test,T2,36.77,10.149758
test,T2,36.77,10.95973
test,T2,36.77,10.600946
test,T2,36.77,11.474659
test,T2,36.77,10.715931
test,T2,36.77,9.465057
test,T2,36.726,10.6724
test,T2,36.616,11.376135
test,T2,36.55,12.041227
test,T2,36.55,11.728329
test,T2,36.55,10.4576645
test,T2,36.55,11.588797
test,T2,36.55,11.842944
test,T2,36.55,12.236044
test,T2,36.55,11.810492
test,T2,36.502,11.163481
test,T2,36.382,11.235655
test,T2,36.31,10.783875
test,T2,36.31,11.245022
test,T2,36.31,9.536738
test,T2,36.31,10.442265
test,T2,36.31,10.398233
test,T2,36.31,10.844261
test,T2,36.31,10.9525795
test,T2,36.492,10.197599
test,T2,36.947,13.058557
test,T2,37.22,13.71051
test,T2,37.22,11.822529
test,T2,37.22,11.581751
test,T2,37.22,11.902424
test,T2,37.22,10.558982
test,T2,37.22,8.911503
test,T2,37.22,10.076497
test,T2,37.4,10.811244
test,T2,37.85,10.794838
test,T2,38.12,11.941561
test,T2,38.12,10.765198
test,T2,38.12,11.678774
test,T2,38.12,12.827095
test,T2,38.12,11.526266
test,T2,38.12,11.332359
test,T2,38.12,10.897592
test,T2,38.054165,9.193417
test,T2,37.889164,9.055334
test,T2,37.79,9.41328
test,T2,37.79,9.448617
test,T2,37.79,10.210183
test,T2,37.79,10.046747
test,T2,37.79,9.471387
test,T2,37.79,10.072716
test,T2,37.79,10.93663
test,T2,37.356,11.762988
test,T2,36.271,12.344364
test,T2,35.62,11.480118
test,T2,35.62,10.229155
test,T2,35.62,9.229144
test,T2,35.62,9.383356
test,T2,35.62,10.098356
test,T2,35.62,10.3196335
test,T2,35.62,11.710257
test,T2,35.408,10.6253395
test,T2,34.878,12.61685
test,T2,34.56,13.628193
test,T2,34.56,13.556542
test,T2,34.56,12.558308
test,T2,34.56,13.905386
test,T2,34.56,13.818742
test,T2,34.56,10.918907
test,T2,34.56,11.163844
test,T2,34.594,10.189266
test,T2,34.679,10.357011
test,T2,34.73,11.869194
test,T2,34.73,10.74121
test,T2,34.73,15.288969
test,T2,34.73,14.389361
test,T2,34.73,9.490257
test,T2,34.73,10.199205
test,T2,34.73,9.093416
test,T2,34.85,9.2702465
test,T2,35.15,9.870354
test,T2,35.33,11.677847
test,T2,35.33,11.60928
test,T2,35.33,12.75159
test,T2,35.33,14.3354435
test,T2,35.33,11.607112
test,T2,35.33,11.308366
test,T2,35.33,10.573088
test,T2,35.586,10.52093
test,T2,36.226,11.83157
test,T2,36.61,11.905536
test,T2,36.61,12.585754
test,T2,36.61,12.209515
test,T2,36.61,11.197354
test,T2,36.61,11.497154
test,T2,36.61,10.252787
test,T2,36.61,9.5668
test,T2,36.528,10.56749
test,T2,36.323,9.470308
test,T2,36.2,10.04158
test,T2,36.2,11.520856
test,T2,36.2,12.456391
test,T2,36.2,11.379594
test,T2,36.2,10.657166
test,T2,36.2,12.140154
test,T2,36.2,13.299976
test,T2,36.126,12.707073
test,T2,35.941,12.557291
test,T2,35.83,16.231556
test,T2,35.83,17.951681
test,T2,35.83,11.794783
test,T2,35.83,9.540712
test,T2,35.83,9.691492
test,T2,35.83,8.599634
test,T2,35.83,9.670828
test,T2,35.79,15.794313
test,T2,35.69,16.064936
test,T2,35.63,14.224985
test,T2,35.63,13.128586
test,T2,35.63,12.050322
test,T2,35.63,14.84383
test,T2,35.63,15.675962
test,T2,35.63,14.560269
test,T2,35.63,13.430353
test,T2,35.728,11.397918
test,T2,35.973,11.783972
test,T2,36.12,11.156691
test,T2,36.12,10.851775
test,T2,36.12,12.545498
test,T2,36.12,11.837093
test,T2,36.12,9.687851
test,T2,36.12,9.965141
test,T2,36.12,10.053526
test,T2,36.324,10.470041
test,T2,36.834,11.749332
test,T2,37.14,11.680662
test,T2,37.14,11.065424
test,T2,37.14,12.279653
test,T2,37.14,11.367727
test,T2,37.14,9.768051
test,T2,37.14,10.904646
test,T2,37.14,10.975227
test,T2,37.23975,10.297129
test,T2,37.48975,11.805252
test,T2,37.64,12.450105
test,T2,37.64,11.048235
test,T2,37.64,11.547407
test,T2,37.64,11.35755
test,T2,37.64,10.098225
test,T2,37.64,9.040325
test,T2,37.64,12.354561
test,T2,37.488,11.533875
test,T2,37.108,10.612524
test,T2,36.88,10.89301
test,T2,36.88,11.476002
test,T2,36.88,11.500902
test,T2,36.88,12.135294
test,T2,36.88,12.095784
test,T2,36.88,9.399367
test,T2,36.88,9.415308
test,T2,36.953815,9.763672
test,T2,37.138817,10.619047
test,T2,37.25,11.349249
test,T2,37.25,13.128189
test,T2,37.25,14.295437
test,T2,37.25,12.138737
test,T2,37.25,11.560674
test,T2,37.25,12.936264
test,T2,37.25,13.119683
test,T2,37.004,12.313734
test,T2,36.389,12.786251
test,T2,36.02,12.678284
test,T2,36.02,9.476212
test,T2,36.02,12.459185
test,T2,36.02,13.78069
test,T2,36.02,10.754635
test,T2,36.02,11.160797
test,T2,36.02,12.914
test,T2,36.016,10.961288
test,T2,36.006,10.969387
test,T2,36.0,12.19274
test,T2,36.0,11.586948
test,T2,36.0,13.919037
test,T2,36.0,14.37653
test,T2,36.0,13.250864
test,T2,36.0,12.309603
test,T2,36.0,13.5944805
test,T2,36.364,13.556184
test,T2,37.274,12.352491
test,T2,37.82,13.00891
test,T2,37.82,12.664612
test,T2,37.82,11.224548
test,T2,37.82,10.091862
test,T2,37.82,9.379181
test,T2,37.82,10.028084
test,T2,37.82,11.073362
test,T2,37.915524,11.6480255
test,T2,38.155525,9.903036
test,T2,38.3,8.73242
test,T2,38.3,10.003477
test,T2,38.3,11.703707
test,T2,38.3,13.903628
test,T2,38.3,11.959162
test,T2,38.3,10.142684
test,T2,38.3,10.560006
test,T2,38.036,11.969747
test,T2,37.376,13.4684305
test,T2,36.98,12.491371
test,T2,36.98,10.145336
test,T2,36.98,12.404753
test,T2,36.98,12.319398
test,T2,36.98,11.231449
test,T2,36.98,10.978943
test,T2,36.98,10.0903225
test,T2,36.84,9.038543
test,T2,36.49,10.514353
test,T2,36.28,10.895151
test,T2,36.28,10.137362
test,T2,36.28,10.45513
test,T2,36.28,10.823289
test,T2,36.28,12.293363
test,T2,36.28,12.895441
test,T2,36.28,12.692659
test,T2,36.499,11.096321
test,T2,36.864,11.561642
test,T2,37.01,10.354029
test,T2,37.01,10.680872
test,T2,37.01,12.628286
test,T2,37.01,12.319605
test,T2,37.01,11.681406
test,T2,37.01,11.302044
test,T2,36.980076,12.216416
test,T2,36.905075,12.3889675
test,T2,36.86,12.409585
test,T2,36.86,11.334413
test,T2,36.86,11.768322
test,T2,36.86,10.945517
test,T2,36.86,9.956949
test,T2,36.86,11.209118
test,T2,36.86,10.620502
test,T2,36.869976,11.605967
test,T2,36.894974,10.794214
test,T2,36.91,9.273079
test,T2,36.91,9.336785
test,T2,36.91,11.291853
test,T2,36.91,10.381522
test,T2,36.91,9.552326
test,T2,36.91,11.475939
test,T2,36.91,11.223694
test,T2,36.812,13.407284
test,T2,36.567,12.117836
test,T2,36.42,10.672033
test,T2,36.42,11.621308
test,T2,36.42,12.216526
test,T2,36.42,12.433259
test,T2,36.42,10.891598
test,T2,36.42,11.796606
test,T2,36.42,12.594057
test,T2,36.344,12.835318
test,T2,36.154,12.060886
test,T2,36.04,12.012131
test,T2,36.04,12.377585
test,T2,36.04,12.948315
test,T2,36.04,9.992191
test,T2,36.04,7.646062
test,T2,36.04,8.234436
test,T2,36.04,8.551592
test,T2,35.954,11.482054
test,T2,35.739,13.806286
test,T2,35.61,11.349627
test,T2,35.61,11.053385
test,T2,35.61,12.773035
test,T2,35.61,11.594361
test,T2,35.61,10.4638815
test,T2,35.61,9.907959
test,T2,35.61,16.506577
test,T2,35.041412,16.177992
test,T2,33.61641,10.870943
test,T2,32.76,13.149632
test,T2,32.76,14.132367
test,T2,32.76,13.103002
test,T2,32.76,13.376745
test,T2,32.76,13.091778
test,T2,32.76,10.446985
test,T2,32.76,10.49517
test,T2,32.448,13.782293
test,T2,31.668,15.0175495
test,T2,31.2,13.302442
test,T2,31.2,12.453632
test,T2,31.2,12.908947
test,T2,31.2,15.227401
test,T2,31.2,16.295732
test,T2,31.2,16.520603
test,T2,31.2,14.897005
test,T2,31.478,12.514593
test,T2,32.173,12.886356
test,T2,32.59,11.985142
test,T2,32.59,11.1840315
test,T2,32.59,11.341992
test,T2,32.59,10.872539
test,T2,32.59,11.0955925
test,T2,32.59,11.093859
test,T2,32.59,12.747096
test,T2,32.914,12.570237
test,T2,33.724,12.49311
test,T2,34.21,11.658048
test,T2,34.21,9.6838665
test,T2,34.21,10.023878
test,T2,34.21,10.763782
test,T2,34.21,11.094057
test,T2,34.21,11.639593
test,T2,34.21,10.383478
test,T2,34.473347,9.829478
test,T2,35.133347,9.831201
test,T2,35.53,10.711938
test,T2,35.53,11.506554
test,T2,35.53,11.676244
test,T2,35.53,12.268509
test,T2,35.53,12.907869
test,T2,35.53,10.681351
test,T2,35.53,10.658994
test,T2,35.528,11.738401
test,T2,35.523,9.974999
test,T2,35.52,10.502141
test,T2,35.52,11.992816
test,T2,35.52,11.210905
test,T2,35.52,11.9157505
test,T2,35.52,12.951845
test,T2,35.52,11.890837
test,T2,35.52,12.0746155
test,T2,35.52,13.458834
test,T2,35.52,13.667635
test,T2,35.52,11.656552
test,T2,35.52,11.044243
test,T2,35.52,12.942699
test,T2,35.52,11.324234
test,T2,35.52,11.244793
test,T2,35.52,11.528025
test,T2,35.52,12.036251
test,T2,35.577854,12.269502
test,T2,35.722855,11.812519
test,T2,35.81,11.129442
test,T2,35.81,11.433993
test,T2,35.81,13.474289
test,T2,35.81,11.971462
test,T2,35.81,9.1984825
test,T2,35.81,10.206448
test,T2,35.81,12.267424
test,T2,35.582565,11.881098
test,T2,35.012566,13.12936
test,T2,34.67,14.097751
test,T2,34.67,13.125093
test,T2,34.67,13.8573265
test,T2,34.67,11.558831
test,T2,34.67,12.957312
test,T2,34.67,14.996292
test,T2,34.67,15.352987
test,T2,34.83758,12.894672
test,T2,35.25758,9.804596
test,T2,35.51,11.805811
test,T2,35.51,10.839754
test,T2,35.51,10.617488
test,T2,35.51,12.283657
test,T2,35.51,11.673898
test,T2,35.51,12.003876
test,T2,35.51,13.004654
test,T2,35.514,13.281886
test,T2,35.524,12.003934
test,T2,35.53,10.235
test,T2,35.53,11.560625
test,T2,35.53,11.632124
test,T2,35.53,10.045673
test,T2,35.53,10.831592
test,T2,35.53,10.890966
test,T2,35.53,9.765141
test,T2,35.862,8.135565
test,T2,36.692,9.077538
test,T2,37.19,9.7862
test,T2,37.19,10.566301
test,T2,37.19,11.14038
test,T2,37.19,10.6652775
test,T2,37.19,11.017173
test,T2,37.19,10.071035
test,T2,37.19,9.45459
test,T2,37.02,10.032647
test,T2,36.595,10.605463
test,T2,36.34,13.647356
test,T2,36.34,16.892273
test,T2,36.34,16.296219
test,T2,36.34,13.51406
test,T2,36.34,11.247179
test,T2,36.34,9.948943
test,T2,36.34,11.981347
test,T2,36.22,10.658976
test,T2,35.92,12.628283
test,T2,35.74,12.27866
test,T2,35.74,9.479624
test,T2,35.74,10.616989
test,T2,35.74,12.373936
test,T2,35.74,14.650475
test,T2,35.74,14.646069
test,T2,35.74,12.649842
test,T2,35.816,12.543934
test,T2,36.006,11.289923
test,T2,36.12,11.250159
test,T2,36.12,11.780596
test,T2,36.12,12.219082
test,T2,36.12,11.027277
test,T2,36.12,14.990984
test,T2,36.12,19.264078
test,T2,36.12,14.546857
test,T2,36.012,11.21907
test,T2,35.742,12.844633
test,T2,35.58,13.081147
test,T2,35.58,9.6118355
test,T2,35.58,9.999999
test,T2,35.58,10.818527
test,T2,35.58,11.76624
test,T2,35.58,11.362652
test,T2,35.58,11.720982
test,T2,35.759556,12.48489
test,T2,36.209553,11.074585
test,T2,36.48,10.410442
test,T2,36.48,12.523785
test,T2,36.48,12.919085
test,T2,36.48,11.604295
test,T2,36.48,9.793314
test,T2,36.48,11.153115
test,T2,36.48,11.596975
test,T2,36.488,10.710976
test,T2,36.508,11.6593895
test,T2,36.52,11.701768
test,T2,36.52,10.803122
test,T2,36.52,10.47558
test,T2,36.52,9.748173
test,T2,36.52,10.244705
test,T2,36.52,12.314977
test,T2,36.52,11.56188
test,T2,36.518,11.854315
test,T2,36.513,12.654209
test,T2,36.51,10.208232
test,T2,36.51,9.997196
test,T2,36.51,11.090488
test,T2,36.51,12.122086
test,T2,36.51,11.999153
test,T2,36.51,10.845013
test,T2,36.51,10.556732
test,T2,36.631695,11.596056
test,T2,36.936695,11.640686
test,T2,37.12,11.464736
test,T2,37.12,11.72758
test,T2,37.12,11.120655
test,T2,37.12,12.165258
test,T2,37.12,11.093353
test,T2,37.12,10.75869
test,T2,37.12,13.079973
test,T2,37.096058,11.827629
test,T2,37.03606,10.327969
test,T2,37.0,11.753212
test,T2,37.0,11.238117
test,T2,37.0,9.869064
test,T2,37.0,10.97434
test,T2,37.0,12.442877
test,T2,37.0,12.631956
test,T2,37.0,11.926681
test,T2,36.83441,10.251789
test,T2,36.41941,10.068027
test,T2,36.17,9.401634
test,T2,36.17,9.755001
test,T2,36.17,12.018759
test,T2,36.17,13.033791
test,T2,36.17,11.957689
test,T2,36.17,10.729658
test,T2,36.17,9.543859
test,T2,35.98,9.918069
test,T2,35.505,10.183989
test,T2,35.22,9.676552
test,T2,35.22,8.786442
test,T2,35.22,10.001477
test,T2,35.22,8.987005
test,T2,35.22,8.972907
test,T2,35.22,10.446953
test,T2,35.22,10.755582
test,T2,35.146,11.860987
test,T2,34.961,11.6755
test,T2,34.85,10.222233
test,T2,34.85,11.522036
test,T2,34.85,10.429389
test,T2,34.85,10.101945
test,T2,34.85,10.373358
test,T2,34.85,9.708983
test,T2,34.85,10.76771
test,T2,34.832,10.65566
test,T2,34.787,10.925812
test,T2,34.76,10.967669
test,T2,34.76,11.131426
test,T2,34.76,11.656166
test,T2,34.76,10.891853
test,T2,34.76,9.555065
test,T2,34.76,10.2484455
test,T2,34.76,11.003318
test,T2,34.746,11.285791
test,T2,34.711,10.259317
test,T2,34.69,13.660279
test,T2,34.69,13.995074
test,T2,34.69,12.227741
test,T2,34.69,11.63776
test,T2,34.69,11.077106
test,T2,34.69,12.146013
test,T2,34.69,11.744354
test,T2,34.739876,11.853381
test,T2,34.864876,11.100445
test,T2,34.94,10.813427
test,T2,34.94,10.469997
test,T2,34.94,9.586819
test,T2,34.94,9.707268
test,T2,34.94,11.084177
test,T2,34.94,11.442458
test,T2,34.94,11.224855
test,T2,34.644,9.352142
test,T2,33.904,9.314003
test,T2,33.46,9.911135
test,T2,33.46,10.160166
test,T2,33.46,10.802628
test,T2,33.46,10.11975
test,T2,33.46,10.99386
test,T2,33.46,12.131978
test,T2,33.46,10.617571
test,T2,33.266483,10.086016
test,T2,32.781487,9.384972
test,T2,32.49,10.981509
test,T2,32.49,11.021533
test,T2,32.49,10.386638
test,T2,32.49,10.297165
test,T2,32.49,12.115452
test,T2,32.49,12.601942
test,T2,32.49,10.564589
test,T2,32.432,9.721655
test,T2,32.287,10.430852
test,T2,32.2,10.199207
test,T2,32.2,10.257305
test,T2,32.2,10.982853
test,T2,32.2,9.959017
test,T2,32.2,9.476306
test,T2,32.2,9.913549
test,T2,32.2,9.225094
test,T2,32.27182,9.175968
test,T2,32.45182,9.426559
test,T2,32.56,10.987793
test,T2,32.56,9.861891
test,T2,32.56,9.938795
test,T2,32.56,10.947111
test,T2,32.56,11.174908
test,T2,32.56,12.480639
test,T2,32.56,10.51736
test,T2,32.701645,9.518053
test,T2,33.056644,9.692101
test,T2,33.27,9.406328
test,T2,33.27,9.661098
test,T2,33.27,9.804285
test,T2,33.27,9.5051
test,T2,33.27,9.111006
test,T2,33.27,10.561119
test,T2,33.27,12.778719
test,T2,33.274,11.555052
test,T2,33.284,12.286999
test,T2,33.29,12.754736
test,T2,33.29,12.0893755
test,T2,33.29,12.21815
test,T2,33.29,14.911161
test,T2,33.29,16.132893
test,T2,33.29,13.59803
test,T2,33.29,12.396139
test,T2,33.43,10.945448
test,T2,33.78,11.978804
test,T2,33.99,12.125159
test,T2,33.99,10.293366
test,T2,33.99,10.529402
test,T2,33.99,11.545507
test,T2,33.99,10.531264
test,T2,33.99,8.911609
test,T2,33.99,8.883994
test,T2,34.056,10.234516
test,T2,34.221,10.774105
test,T2,34.32,9.971172
test,T2,34.32,9.113676
test,T2,34.32,8.69217
test,T2,34.32,10.815397
test,T2,34.32,11.354786
test,T2,34.32,12.433214
test,T2,34.32,12.675789
test,T2,34.316,9.921803
test,T2,34.306,8.675259
test,T2,34.3,10.736172
test,T2,34.3,10.974527
test,T2,34.3,10.778315
test,T2,34.3,11.467726
test,T2,34.3,13.782364
test,T2,34.3,16.006258
test,T2,34.3,12.782217
test,T2,34.416,9.461197
test,T2,34.706,9.96279
test,T2,34.88,9.349535
test,T2,34.88,8.837099
test,T2,34.88,9.435095
test,T2,34.88,8.84233
test,T2,34.88,8.5830345
test,T2,34.88,10.526062
test,T2,34.88,10.6691475
test,T2,34.728,11.681318
test,T2,34.348,11.086699
test,T2,34.12,9.942053
test,T2,34.12,10.081192
test,T2,34.12,10.413885
test,T2,34.12,11.222284
test,T2,34.12,10.389578
test,T2,34.12,10.382918
test,T2,34.12,11.0766945
test,T2,34.278,11.519913
test,T2,34.673,11.778701
test,T2,34.91,11.807402
test,T2,34.91,12.091879
test,T2,34.91,12.556302
test,T2,34.91,10.429745
test,T2,34.91,10.2543125
test,T2,34.91,11.694762
test,T2,34.91,11.448851
test,T2,35.016,12.163116
test,T2,35.281,12.900608
test,T2,35.44,11.843658
test,T2,35.44,11.726008
test,T2,35.44,13.254721
test,T2,35.44,13.564375
test,T2,35.44,11.296684
test,T2,35.44,10.060369
test,T2,35.44,10.156927
test,T2,35.61,10.375822
test,T2,36.035,8.809629
test,T2,36.29,9.469077
test,T2,36.29,11.333825
test,T2,36.29,12.872267
test,T2,36.29,12.417118
test,T2,36.29,12.695364
test,T2,36.29,11.855322
test,T2,36.29,10.387194
test,T2,36.356,9.636098
test,T2,36.521,10.824329
test,T2,36.62,11.202791
test,T2,36.62,10.077715
test,T2,36.62,10.019749
test,T2,36.62,10.453011
test,T2,36.62,9.584915
test,T2,36.62,14.570346
test,T2,36.62,14.706579
test,T2,36.518,9.338179
test,T2,36.263,11.43676
test,T2,36.11,15.098431
test,T2,36.11,15.386215
test,T2,36.11,10.924745
test,T2,36.11,10.772448
test,T2,36.11,9.273276
test,T2,36.11,9.458866
test,T2,36.11,10.343786
test,T2,35.976,9.815561
test,T2,35.641,10.003511
test,T2,35.44,10.137362
test,T2,35.44,10.93607
test,T2,35.44,11.452373
test,T2,35.44,10.775549
test,T2,35.44,9.845229
test,T2,35.44,9.465565
test,T2,35.44,10.907042
test,T2,35.37616,10.529394
test,T2,35.21616,10.295477
test,T2,35.12,9.249886
test,T2,35.12,9.42668
test,T2,35.12,11.042096
test,T2,35.12,11.502364
test,T2,35.12,9.465671
test,T2,35.12,10.65411
test,T2,35.12,11.738262
test,T2,35.110023,11.959479
test,T2,35.085026,10.719112
test,T2,35.07,9.18272
test,T2,35.07,9.528462
test,T2,35.07,11.46727
test,T2,35.07,11.768352
test,T2,35.07,10.212283
test,T2,35.07,9.916752
test,T2,35.07,9.474342
test,T2,35.13384,10.072037
test,T2,35.29384,9.626683
test,T2,35.39,9.211835
test,T2,35.39,8.633303
test,T2,35.39,8.187231
test,T2,35.39,8.971965
test,T2,35.39,8.813473
test,T2,35.39,9.828142
test,T2,35.39,9.906576
test,T2,35.342,8.871916
test,T2,35.222,9.071386
test,T2,35.15,9.4368725
test,T2,35.15,9.761871
test,T2,35.15,10.560276
test,T2,35.15,10.236008
test,T2,35.15,9.467862
test,T2,35.15,9.408369
test,T2,35.15,10.515112
test,T2,35.174,9.940588
test,T2,35.234,11.434867
test,T2,35.27,11.645518
test,T2,35.27,10.079311
test,T2,35.27,10.410756
test,T2,35.27,9.268583
test,T2,35.27,10.183359
test,T2,35.27,10.723563
test,T2,35.27,11.615439
test,T2,35.226,11.032902
test,T2,35.116,9.677747
test,T2,35.05,10.055111
test,T2,35.05,11.486838
test,T2,35.05,14.557009
test,T2,35.05,12.741373
test,T2,35.05,9.791235
test,T2,35.05,9.898516
test,T2,35.05,9.938992
test,T2,35.036034,11.042974
test,T2,35.001034,11.424969
test,T2,34.98,11.971794
test,T2,34.98,11.572524
test,T2,34.98,9.478449
test,T2,34.98,8.893179
test,T2,34.98,9.325541
test,T2,34.98,9.602368
test,T2,34.98,9.834744
test,T2,35.09372,9.412026
test,T2,35.37872,9.13176
test,T2,35.55,9.394022
test,T2,35.55,8.637644
test,T2,35.55,9.781488
test,T2,35.55,9.432291
test,T2,35.55,8.992037
test,T2,35.55,9.433788
test,T2,35.55,11.633662
test,T2,35.5101,14.069061
test,T2,35.4101,11.435148
test,T2,35.35,9.11322
test,T2,35.35,9.699668
test,T2,35.35,10.25504
test,T2,35.35,9.980861
test,T2,35.35,10.119972
test,T2,35.35,11.013784
test,T2,35.35,10.154865
test,T2,35.256,10.241676
test,T2,35.021,10.52918
test,T2,34.88,10.7173605
test,T2,34.88,16.582129
test,T2,34.88,17.957087
test,T2,34.88,12.574673
test,T2,34.88,11.658188
test,T2,34.88,10.489731
test,T2,34.88,8.993431
test,T2,34.796,8.752321
test,T2,34.586,9.165981
test,T2,34.46,8.732953
test,T2,34.46,10.2385845
test,T2,34.46,10.779671
test,T2,34.46,10.227944
test,T2,34.46,9.904406
test,T2,34.46,11.490892
test,T2,34.46,12.615952
test,T2,34.392,11.185946
test,T2,34.222,11.276593
test,T2,34.12,12.711884
test,T2,34.12,13.902512
test,T2,34.12,14.943462
test,T2,34.12,11.012934
test,T2,34.12,9.506756
test,T2,34.12,11.128998
test,T2,34.12,10.374668
test,T2,34.166,10.603571
test,T2,34.281,12.262213
test,T2,34.35,13.577717
test,T2,34.35,13.078092
test,T2,34.35,10.227482
test,T2,34.35,11.126795
test,T2,34.35,11.788912
test,T2,34.35,10.459154
test,T2,34.35,10.001203
test,T2,34.40586,11.383036
test,T2,34.54586,12.152872
test,T2,34.63,10.655326
test,T2,34.63,10.712577
test,T2,34.63,10.649107
test,T2,34.63,10.628607
test,T2,34.63,10.976471
test,T2,34.63,10.391085
test,T2,34.63,15.485966
test,T2,34.666,17.028217
test,T2,34.756,12.415856
test,T2,34.81,11.98814
test,T2,34.81,10.502493
test,T2,34.81,11.535834
test,T2,34.81,11.870754
test,T2,34.81,10.80368
test,T2,34.81,11.117435
test,T2,34.81,12.03355
test,T2,34.878,11.082987
test,T2,35.048,9.415795
test,T2,35.15,9.495003
test,T2,35.15,8.862705
test,T2,35.15,8.4319935
test,T2,35.15,10.152124
test,T2,35.15,12.163317
test,T2,35.15,9.78712
test,T2,35.15,8.468081
test,T2,35.21384,10.427455
test,T2,35.37384,12.645348
test,T2,35.47,10.888575
test,T2,35.47,11.244475
test,T2,35.47,11.657763
test,T2,35.47,13.881338
test,T2,35.47,13.820604
test,T2,35.47,9.858922
test,T2,35.47,9.853619
test,T2,35.534,9.789188
test,T2,35.694,10.760466
test,T2,35.79,11.2637825
test,T2,35.79,11.33989
test,T2,35.79,10.190941
test,T2,35.79,10.436785
test,T2,35.79,10.636991
test,T2,35.79,9.359962
test,T2,35.79,10.895071
test,T2,35.866,11.261015
test,T2,36.056,10.507893
test,T2,36.17,9.951586
test,T2,36.17,9.43613
test,T2,36.17,10.203201
test,T2,36.17,11.504879
test,T2,36.17,10.1608925
test,T2,36.17,9.539036
test,T2,36.17,10.970258
test,T2,36.09818,10.426054
test,T2,35.91818,11.042368
test,T2,35.81,10.12134
test,T2,35.81,10.36817
test,T2,35.81,10.66408
test,T2,35.81,10.383567
test,T2,35.81,9.889349
test,T2,35.81,8.908813
test,T2,35.81,9.319159
test,T2,35.808006,10.272387
test,T2,35.803005,11.100937
test,T2,35.8,11.126883
test,T2,35.8,10.600849
test,T2,35.8,12.755577
test,T2,35.8,12.779333
test,T2,35.8,10.81386
test,T2,35.8,10.194538
test,T2,35.8,9.520783
test,T2,35.656,10.801012
test,T2,35.296,13.405838
test,T2,35.08,17.332611
test,T2,35.08,16.018978
test,T2,35.08,12.308018
test,T2,35.08,10.346807
test,T2,35.08,10.825541
test,T2,35.08,13.128283
test,T2,35.08,13.686062
test,T2,35.188,12.170449
test,T2,35.458,11.228022
test,T2,35.62,11.5307
test,T2,35.62,9.945135
test,T2,35.62,8.994444
test,T2,35.62,9.717781
test,T2,35.62,10.708879
test,T2,35.62,12.759497
test,T2,35.62,11.756275
test,T2,35.612,11.044079
test,T2,35.592,11.912743
test,T2,35.58,11.316129
test,T2,35.58,10.440693
test,T2,35.58,10.457054
test,T2,35.58,10.771088
test,T2,35.58,11.412977
test,T2,35.58,10.281918
test,T2,35.58,10.035025
test,T2,35.648,9.461433
test,T2,35.818,9.20808
test,T2,35.92,10.086499
test,T2,35.92,9.951075
test,T2,35.92,10.100902
test,T2,35.92,10.766074
test,T2,35.92,10.601808
test,T2,35.92,10.907933
test,T2,35.92,10.933151
test,T2,35.928,10.06739
test,T2,35.948,10.179547
test,T2,35.96,10.892611
test,T2,35.96,11.728806
test,T2,35.96,10.936895
test,T2,35.96,9.739211
test,T2,35.96,9.80554
test,T2,35.96,11.154491
test,T2,35.96,11.731723
test,T2,36.094,9.726256
test,T2,36.429,8.638979
test,T2,36.63,9.746315
test,T2,36.63,10.208659
test,T2,36.63,9.154762
test,T2,36.63,8.7906885
test,T2,36.63,9.801541
test,T2,36.63,12.624206
test,T2,36.63,18.582458
test,T2,36.584,20.27167
test,T2,36.469,14.617994
test,T2,36.4,11.223337
test,T2,36.4,10.439155
test,T2,36.4,9.460773
test,T2,36.4,10.281458
test,T2,36.4,9.260048
test,T2,36.4,9.7883835
test,T2,36.4,9.962364
test,T2,36.272,9.934941
test,T2,35.952,9.509206
test,T2,35.76,9.087031
test,T2,35.76,9.362041
test,T2,35.76,10.190373
test,T2,35.76,10.237318
test,T2,35.76,9.599223
test,T2,35.76,9.44182
test,T2,35.76,12.345242
test,T2,35.61835,11.179668
test,T2,35.26335,9.824896
test,T2,35.05,10.48609
test,T2,35.05,9.426482
test,T2,35.05,10.795651
test,T2,35.05,11.679028
test,T2,35.05,10.401579
test,T2,35.05,10.297953
test,T2,35.05,9.916818
test,T2,34.96,10.849609
test,T2,34.735,10.549817
test,T2,34.6,10.503429
test,T2,34.6,11.179802
test,T2,34.6,10.153224
test,T2,34.6,9.779125
test,T2,34.6,10.420717
test,T2,34.6,10.170633
test,T2,34.6,9.934969
test,T2,34.35661,10.321727
test,T2,33.74661,10.279423
test,T2,33.38,10.106559
test,T2,33.38,9.459421
test,T2,33.38,9.959114
test,T2,33.38,9.548477
test,T2,33.38,9.963888
test,T2,33.38,12.210867
test,T2,33.38,12.015936
test,T2,33.356,10.9008
test,T2,33.296,11.312363
test,T2,33.26,11.449179
test,T2,33.26,13.458784
test,T2,33.26,13.024218
test,T2,33.26,10.636826
test,T2,33.26,10.5499325
test,T2,33.26,9.019411
test,T2,33.26,9.434567
test,T2,33.326,10.900129
test,T2,33.491,11.734173
test,T2,33.59,10.973143
test,T2,33.59,10.20318
test,T2,33.59,9.400705
test,T2,33.59,10.564563
test,T2,33.59,11.530702
test,T2,33.59,12.860756
test,T2,33.59,16.407557
test,T2,33.574,13.934124
test,T2,33.534,8.917632
test,T2,33.51,10.282459
test,T2,33.51,12.091903
test,T2,33.51,10.422436
test,T2,33.51,9.230879
test,T2,33.51,9.095142
test,T2,33.51,10.304968
test,T2,33.51,11.186816
test,T2,33.58182,10.613442
test,T2,33.76182,8.097734
test,T2,33.87,8.823482
test,T2,33.87,9.39417
test,T2,33.87,9.510915
test,T2,33.87,9.953935
test,T2,33.87,8.994639
test,T2,33.87,9.28183
test,T2,33.87,8.358726
test,T2,33.716,8.940508
test,T2,33.331,10.566946
test,T2,33.1,11.440718
test,T2,33.1,11.071031
test,T2,33.1,9.721092
test,T2,33.1,9.571036
test,T2,33.1,10.727002
test,T2,33.1,10.995835
test,T2,33.1,11.617997
test,T2,32.914467,10.705387
test,T2,32.449467,9.904071
test,T2,32.17,10.887628
test,T2,32.17,10.3025
test,T2,32.17,9.099173
test,T2,32.17,8.421043
test,T2,32.17,8.924435
test,T2,32.17,8.570298
test,T2,32.17,9.881557
test,T2,32.14,9.814441
test,T2,32.065,9.804266
test,T2,32.02,9.885697
test,T2,32.02,9.699848
test,T2,32.02,8.308369
test,T2,32.02,8.841706
test,T2,32.02,9.508518
test,T2,32.02,10.374906
test,T2,32.02,10.681849
test,T2,32.006,10.390085
test,T2,31.971,9.128881
test,T2,31.95,9.260831
test,T2,31.95,9.033755
test,T2,31.95,12.176853
test,T2,31.95,13.257843
test,T2,31.95,10.287176
test,T2,31.95,9.285181
test,T2,31.95,10.220695
test,T2,32.006,9.6078825
test,T2,32.146,9.313858
test,T2,32.23,9.53468
test,T2,32.23,9.470703
test,T2,32.23,9.992157
test,T2,32.23,9.612061
test,T2,32.23,10.510411
test,T2,32.23,9.712488
test,T2,32.23,9.551431
test,T2,32.22202,10.610617
test,T2,32.20202,11.309484
test,T2,32.19,10.881915
test,T2,32.19,10.914611
test,T2,32.19,11.370623
test,T2,32.19,10.940787
test,T2,32.19,9.327453
test,T2,32.19,11.551846
test,T2,32.19,12.614197
test,T2,32.19,9.438678
test,T2,32.19,9.121781
test,T2,32.19,11.192688
test,T2,32.19,11.859268
test,T2,32.19,10.412022
test,T2,32.19,10.267218
test,T2,32.19,9.889414
test,T2,32.19,11.086384
test,T2,32.19,10.978484
test,T2,32.09424,10.072149
test,T2,31.854239,10.266018
test,T2,31.71,11.561747
test,T2,31.71,11.343927
test,T2,31.71,9.944332
test,T2,31.71,9.1855955
test,T2,31.71,9.09692
test,T2,31.71,10.35173
test,T2,31.71,12.4000635
test,T2,31.618,11.573359
test,T2,31.388,10.7099
test,T2,31.25,10.4854355
test,T2,31.25,10.969198
test,T2,31.25,12.753685
test,T2,31.25,11.957939
test,T2,31.25,10.53714
test,T2,31.25,10.705926
test,T2,31.25,11.388243
test,T2,31.426,10.177137
test,T2,31.866,10.603428
test,T2,32.13,11.384304
test,T2,32.13,10.436016
test,T2,32.13,12.318758
test,T2,32.13,14.125522
test,T2,32.13,12.4601345
test,T2,32.13,12.128784
test,T2,32.13,11.458622
test,T2,32.351444,10.728384
test,T2,32.906445,11.528805
test,T2,33.24,11.698854
test,T2,33.24,10.416284
test,T2,33.24,8.665949
test,T2,33.24,9.376853
test,T2,33.24,11.160586
test,T2,33.24,12.5282345
test,T2,33.24,12.829428
test,T2,33.354,11.308334
test,T2,33.639,11.361162
test,T2,33.81,11.952251
test,T2,33.81,12.970104
test,T2,33.81,12.860073
test,T2,33.81,12.026665
test,T2,33.81,11.30995
test,T2,33.81,10.808176
test,T2,33.81,10.108124
test,T2,33.994,10.396238
test,T2,34.454,9.765078
test,T2,34.73,11.306943
test,T2,34.73,12.524927
test,T2,34.73,10.75746
test,T2,34.73,10.914434
test,T2,34.73,9.697738
test,T2,34.73,8.689806
test,T2,34.73,9.148268
test,T2,34.598328,9.48173
test,T2,34.268326,10.202058
test,T2,34.07,10.093576
test,T2,34.07,11.968098
test,T2,34.07,11.873846
test,T2,34.07,10.434642
test,T2,34.07,11.154258
test,T2,34.07,11.01857
test,T2,34.07,11.044018
test,T2,34.108,12.129493
test,T2,34.203,11.407597
test,T2,34.26,9.924814
test,T2,34.26,8.811952
test,T2,34.26,9.352624
test,T2,34.26,11.812844
test,T2,34.26,12.617044
test,T2,34.26,11.38088
test,T2,34.26,12.832622
test,T2,34.352,14.850695
test,T2,34.582,14.986703
test,T2,34.72,13.3748
test,T2,34.72,11.665085
test,T2,34.72,10.56867
test,T2,34.72,9.24841
test,T2,34.72,8.744484
test,T2,34.72,9.769987
test,T2,34.72,9.506384
test,T2,34.76389,10.181951
test,T2,34.87389,12.296347
test,T2,34.94,11.981351
test,T2,34.94,11.053034
test,T2,34.94,10.607128
test,T2,34.94,11.359676
test,T2,34.94,11.630478
test,T2,34.94,10.617154
test,T2,34.94,10.5707855
test,T2,34.98,9.460981
test,T2,35.08,10.908848
test,T2,35.14,12.287071
test,T2,35.14,11.674321
test,T2,35.14,11.893427
test,T2,35.14,12.784785
test,T2,35.14,14.172943
test,T2,35.14,12.483397
test,T2,35.14,11.600508
test,T2,35.138,12.507312
test,T2,35.133,14.908838
test,T2,35.13,16.385477
test,T2,35.13,12.615374
test,T2,35.13,12.137495
test,T2,35.13,12.095749
test,T2,35.13,11.590434
test,T2,35.13,9.881571
test,T2,35.13,9.610935
test,T2,35.166,10.9798155
test,T2,35.256,11.761534
test,T2,35.31,11.272285
test,T2,35.31,13.092926
test,T2,35.31,12.399015
test,T2,35.31,9.244523
test,T2,35.31,10.5032
test,T2,35.31,9.732403
test,T2,35.31,9.167387
test,T2,35.302,10.961748
test,T2,35.282,10.408505
test,T2,35.27,9.794365
test,T2,35.27,9.858191
test,T2,35.27,9.72785
test,T2,35.27,10.693447
test,T2,35.27,10.358106
test,T2,35.27,11.734101
test,T2,35.27,13.522291
test,T2,35.352,10.895623
test,T2,35.557,9.560307
test,T2,35.68,9.373774
test,T2,35.68,9.621159
test,T2,35.68,11.361571
test,T2,35.68,11.718501
test,T2,35.68,13.2386265
test,T2,35.68,14.167967
test,T2,35.68,11.531823
test,T2,35.848,11.404734
test,T2,36.268,11.170828
test,T2,36.52,9.983271
test,T2,36.52,9.682833
test,T2,36.52,11.105479
test,T2,36.52,11.06718
test,T2,36.52,12.068264
test,T2,36.52,12.82199
test,T2,36.52,12.31015
test,T2,36.591824,10.15398
test,T2,36.77182,10.519887
test,T2,36.88,11.40575
test,T2,36.88,13.13566
test,T2,36.88,11.691643
test,T2,36.88,12.381821
test,T2,36.88,11.920326
test,T2,36.88,10.164711
test,T2,36.88,10.461697
test,T2,36.836,10.153541
test,T2,36.726,10.591288
test,T2,36.66,10.575987
test,T2,36.66,9.692537
test,T2,36.66,10.039143
test,T2,36.66,10.341387
test,T2,36.66,10.064098
test,T2,36.66,12.517313
test,T2,36.66,13.357275
test,T2,36.654,10.051739
test,T2,36.639,9.311814
test,T2,36.63,10.501944
test,T2,36.63,10.435973
test,T2,36.63,9.883409
test,T2,36.63,8.430553
test,T2,36.63,8.963703
test,T2,36.63,9.4550295
test,T2,36.63,8.2128725
test,T2,36.52,7.5301843
test,T2,36.245,8.675202
test,T2,36.08,9.174761
test,T2,36.08,9.071154
test,T2,36.08,8.834021
test,T2,36.08,8.436153
test,T2,36.08,8.351423
test,T2,36.08,8.904882
test,T2,36.08,9.252157
test,T2,35.848,9.038586
test,T2,35.268,9.116139
test,T2,34.92,10.719155
test,T2,34.92,10.833565
test,T2,34.92,9.471605
test,T2,34.92,9.52128
test,T2,34.92,9.861099
test,T2,34.92,9.500629
test,T2,34.92,9.510859
test,T2,34.712,9.469439
test,T2,34.192,11.897157
test,T2,33.88,11.731659
test,T2,33.88,8.911398
test,T2,33.88,8.706368
test,T2,33.88,7.9092736
test,T2,33.88,8.081604
test,T2,33.88,8.615164
test,T2,33.88,8.511749
test,T2,33.94,11.133421
test,T2,34.09,11.37919
test,T2,34.18,10.991997
test,T2,34.18,13.253116
test,T2,34.18,14.129323
test,T2,34.18,14.187875
test,T2,34.18,11.389702
test,T2,34.18,9.58605
test,T2,34.18,8.9461
test,T2,34.186,8.840312
test,T2,34.201,8.945288
test,T2,34.21,9.808325
test,T2,34.21,10.348817
test,T2,34.21,9.896809
test,T2,34.21,10.465591
test,T2,34.21,11.723267
test,T2,34.21,12.721157
test,T2,34.21,11.775327
test,T2,34.434,10.471157
test,T2,34.994,10.110712
test,T2,35.33,10.464709
test,T2,35.33,9.439511
test,T2,35.33,7.7184052
test,T2,35.33,8.797768
test,T2,35.33,8.856629
test,T2,35.33,8.798286
test,T2,35.33,9.392303
test,T2,35.656,9.367403
test,T2,36.471,9.1485405
test,T2,36.96,10.424033
test,T2,36.96,10.754247
test,T2,36.96,10.586454
test,T2,36.96,10.380986
test,T2,36.96,8.35597
test,T2,36.96,7.9854774
test,T2,36.96,7.817835
test,T2,37.022,6.935167
test,T2,37.177,9.139032
test,T2,37.27,9.860615
test,T2,37.27,8.495867
test,T2,37.27,8.961367
test,T2,37.27,9.776955
test,T2,37.27,10.4687195
test,T2,37.27,9.942153
test,T2,37.27,11.840545
test,T2,37.20217,12.019765
test,T2,37.03217,9.509377
test,T2,36.93,8.837801
test,T2,36.93,8.473303
test,T2,36.93,9.446412
test,T2,36.93,10.309569
test,T2,36.93,9.086192
test,T2,36.93,8.873215
test,T2,36.93,8.312613
test,T2,36.792343,8.746355
test,T2,36.447346,9.389935
test,T2,36.24,9.916422
test,T2,36.24,10.641421
test,T2,36.24,14.209187
test,T2,36.24,12.972786
test,T2,36.24,9.44419
test,T2,36.24,9.260384
test,T2,36.24,9.310379
test,T2,36.142,10.18252
test,T2,35.897,10.51654
test,T2,35.75,10.734144
test,T2,35.75,11.020821
test,T2,35.75,10.236775
test,T2,35.75,8.619254
test,T2,35.75,8.614265
test,T2,35.75,9.463039
test,T2,35.75,9.562727
test,T2,35.72207,9.384853
test,T2,35.65207,12.556935
test,T2,35.61,12.700144
test,T2,35.61,9.45009
test,T2,35.61,9.461179
test,T2,35.61,9.728116
test,T2,35.61,8.457221
test,T2,35.61,8.872414
test,T2,35.61,8.534445
test,T2,35.41249,7.5728273
test,T2,34.917492,8.948053
test,T2,34.62,9.889396
test,T2,34.62,10.12462
test,T2,34.62,8.975845
test,T2,34.62,9.689667
test,T2,34.62,9.043777
test,T2,34.62,8.689106
test,T2,34.62,9.58569
test,T2,34.628,9.016686
test,T2,34.648,8.301123
test,T2,34.66,9.302819
test,T2,34.66,11.353321
test,T2,34.66,11.420984
test,T2,34.66,10.960855
test,T2,34.66,9.117229
test,T2,34.66,9.961381
test,T2,34.66,10.896116
test,T2,34.75776,9.794892
test,T2,35.002758,10.68178
test,T2,35.15,11.197357
test,T2,35.15,10.73262
test,T2,35.15,10.725309
test,T2,35.15,10.223221
test,T2,35.15,9.856622
test,T2,35.15,9.468069
test,T2,35.15,9.275374
test,T2,35.204,9.8367405
test,T2,35.339,9.01383
test,T2,35.42,9.713734
test,T2,35.42,10.715923
test,T2,35.42,9.912815
test,T2,35.42,9.353401
test,T2,35.42,9.796181
test,T2,35.42,9.988143
test,T2,35.42,9.255962
test,T2,35.326233,9.800705
test,T2,35.091232,9.71806
test,T2,34.95,9.026806
test,T2,34.95,9.652424
test,T2,34.95,9.592749
test,T2,34.95,10.012968
test,T2,34.95,9.10392
test,T2,34.95,8.817358
test,T2,34.95,9.975501
test,T2,35.00985,10.716808
test,T2,35.15985,11.287375
test,T2,35.25,10.16011
test,T2,35.25,9.741899
test,T2,35.25,10.904028
test,T2,35.25,10.8264885
test,T2,35.25,10.226093
test,T2,35.25,10.114872
test,T2,35.25,9.870697
test,T2,35.344,9.247057
test,T2,35.579,8.460146
test,T2,35.72,9.650089
test,T2,35.72,9.755236
test,T2,35.72,9.418606
test,T2,35.72,9.60059
test,T2,35.72,10.10215
test,T2,35.72,9.535393
test,T2,35.72,8.294712
test,T2,35.63,9.704203
test,T2,35.405,11.012865
test,T2,35.27,9.864742
test,T2,35.27,9.580116
test,T2,35.27,9.869973
test,T2,35.27,9.497302
test,T2,35.27,9.36586
test,T2,35.27,9.994147
test,T2,35.27,10.609264
test,T2,35.164,11.197506
test,T2,34.899,10.994505
test,T2,34.74,10.568775
test,T2,34.74,9.871309
test,T2,34.74,10.531876
test,T2,34.74,11.012411
test,T2,34.74,9.115731
test,T2,34.74,10.302223
test,T2,34.74,11.2692585
test,T2,34.75197,11.344053
test,T2,34.78197,11.569689
test,T2,34.8,9.992614
test,T2,34.8,9.468928
test,T2,34.8,9.478674
test,T2,34.8,9.635168
test,T2,34.8,9.138858
test,T2,34.8,8.819721
test,T2,34.8,10.072394
test,T2,35.03142,10.693742
test,T2,35.61142,12.250442
test,T2,35.96,11.384083
test,T2,35.96,10.13587
test,T2,35.96,9.936344
test,T2,35.96,8.819702
test,T2,35.96,8.740927
test,T2,35.96,7.767555
test,T2,35.96,7.5834727
test,T2,35.938,9.010685
test,T2,35.883,9.362385
test,T2,35.85,10.709911
test,T2,35.85,10.474962
test,T2,35.85,10.562916
test,T2,35.85,11.322092
test,T2,35.85,9.666248
test,T2,35.85,10.372004
test,T2,35.85,12.043631
test,T2,35.899876,12.788383
test,T2,36.024876,10.823717
test,T2,36.1,9.578207
test,T2,36.1,9.609554
test,T2,36.1,9.185619
test,T2,36.1,9.715002
test,T2,36.1,10.236651
test,T2,36.1,10.127794
test,T2,36.1,10.495436
test,T2,36.032,10.426619
test,T2,35.862,10.341648
test,T2,35.76,11.04446
test,T2,35.76,10.954624
test,T2,35.76,11.987079
test,T2,35.76,11.941967
test,T2,35.76,9.729831
test,T2,35.76,9.723543
test,T2,35.76,11.522208
test,T2,35.868,10.088603
test,T2,36.138,9.783974
test,T2,36.3,10.76486
test,T2,36.3,10.622377
test,T2,36.3,11.756235
test,T2,36.3,14.057953
test,T2,36.3,14.082216
test,T2,36.3,13.4649105
test,T2,36.3,15.74254
test,T2,36.23,14.582047
test,T2,36.055,11.624157
test,T2,35.95,10.773651
test,T2,35.95,12.321518
test,T2,35.95,14.064483
test,T2,35.95,12.028446
test,T2,35.95,11.714485
test,T2,35.95,15.155762
test,T2,35.95,13.801159
test,T2,36.0295,11.905937
test,T2,36.2945,11.591095
test,T2,36.48,12.432037
test,T2,36.48,11.261311
test,T2,36.48,11.097788
test,T2,36.48,11.522003
test,T2,36.48,12.377523
test,T2,36.48,10.757008
test,T2,36.48,9.676561
test,T2,36.556,11.187157
test,T2,36.746,11.795636
test,T2,36.86,11.428059
test,T2,36.86,11.436499
test,T2,36.86,10.499359
test,T2,36.86,11.177662
test,T2,36.86,12.103258
test,T2,36.86,11.898656
test,T2,36.86,11.84079
test,T2,37.002,10.867849
test,T2,37.357,12.28401
test,T2,37.57,12.201504
test,T2,37.57,11.676413
test,T2,37.57,10.677471
test,T2,37.57,10.239899
test,T2,37.57,11.622614
test,T2,37.57,11.117024
test,T2,37.57,10.718143
test,T2,37.26875,10.038859
test,T2,36.51375,11.298057
test,T2,36.06,11.25555
test,T2,36.06,9.871075
test,T2,36.06,9.313671
test,T2,36.06,10.103001
test,T2,36.06,11.439448
test,T2,36.06,12.231741
test,T2,36.06,12.8953085
test,T2,36.022095,11.722257
test,T2,35.927094,11.167192
test,T2,35.87,12.527195
test,T2,35.87,11.36311
test,T2,35.87,10.364969
test,T2,35.87,10.49709
test,T2,35.87,10.644739
test,T2,35.87,11.331904
test,T2,35.87,10.7864895
test,T2,35.888,10.674357
test,T2,35.933,11.603653
test,T2,35.96,11.68783
test,T2,35.96,11.540281
test,T2,35.96,12.626517
test,T2,35.96,11.757517
test,T2,35.96,11.025743
test,T2,35.96,11.483576
test,T2,35.96,10.746141
test,T2,35.896,10.690575
test,T2,35.736,10.697079
test,T2,35.64,9.481672
test,T2,35.64,9.025817
test,T2,35.64,9.674689
test,T2,35.64,9.446888
test,T2,35.64,9.735212
test,T2,35.64,11.021129
test,T2,35.64,11.1949415
test,T2,35.62803,10.096285
test,T2,35.59803,8.966263
test,T2,35.58,10.32511
test,T2,35.58,10.8201275
test,T2,35.58,9.806935
test,T2,35.58,9.930969
test,T2,35.58,9.983865
test,T2,35.58,10.101084
test,T2,35.58,11.459921
test,T2,35.538,10.266337
test,T2,35.433,10.797436
test,T2,35.37,11.283722
test,T2,35.37,11.079032
test,T2,35.37,10.437432
test,T2,35.37,9.8387985
test,T2,35.37,9.025102
test,T2,35.37,10.165863
test,T2,35.37,10.072412
test,T2,35.511646,10.401806
test,T2,35.866646,9.640355
test,T2,36.08,9.940914
test,T2,36.08,9.452129
test,T2,36.08,10.266298
test,T2,36.08,12.808653
test,T2,36.08,11.259414
test,T2,36.08,9.36331
test,T2,36.08,9.313333
test,T2,36.192,9.630781
test,T2,36.472,7.559892
test,T2,36.64,7.8337855
test,T2,36.64,10.000764
test,T2,36.64,11.030473
test,T2,36.64,11.085804
test,T2,36.64,10.72871
test,T2,36.64,14.520762
test,T2,36.64,14.562644
test,T2,36.56,9.928457
test,T2,36.36,9.176902
test,T2,36.24,11.718855
test,T2,36.24,15.082672
test,T2,36.24,13.898771
test,T2,36.24,11.371375
test,T2,36.24,9.695845
test,T2,36.24,10.462742
test,T2,36.24,11.225336
test,T2,36.337753,10.665079
test,T2,36.582756,10.323597
test,T2,36.73,8.774165
test,T2,36.73,7.355567
test,T2,36.73,7.940228
test,T2,36.73,9.448266
test,T2,36.73,9.916012
test,T2,36.73,9.905579
test,T2,36.73,10.025835
test,T2,36.35892,9.045879
test,T2,35.42892,9.256891
test,T2,34.87,10.556915
test,T2,34.87,10.648914
test,T2,34.87,10.253649
test,T2,34.87,11.339684
test,T2,34.87,11.500011
test,T2,34.87,9.821884
test,T2,34.87,9.492693
test,T2,34.91,8.402592
test,T2,35.01,8.183071
test,T2,35.07,9.383066
test,T2,35.07,8.891273
test,T2,35.07,8.621616
test,T2,35.07,9.256464
test,T2,35.07,9.988167
test,T2,35.07,9.210437
test,T2,35.07,9.163963
test,T2,34.78,9.020017
test,T2,34.055,8.692713
test,T2,33.62,9.548809
test,T2,33.62,10.145932
test,T2,33.62,9.752827
test,T2,33.62,9.437417
test,T2,33.62,9.123573
test,T2,33.62,9.412372
test,T2,33.62,9.78666
test,T2,33.51,8.796113
test,T2,33.235,11.207891
test,T2,33.07,13.439304
test,T2,33.07,13.316412
test,T2,33.07,10.769478
test,T2,33.07,10.096379
test,T2,33.07,12.090605
test,T2,33.07,12.5772085
test,T2,33.07,11.042148
test,T2,32.914387,10.104395
test,T2,32.524387,9.593214
test,T2,32.29,9.199607
test,T2,32.29,9.434301
test,T2,32.29,10.524782
test,T2,32.29,10.827153
test,T2,32.29,10.384239
test,T2,32.29,8.072051
test,T2,32.29,8.931824
test,T2,32.428,8.95961
test,T2,32.773,9.517143
test,T2,32.98,10.618055
test,T2,32.98,10.31736
test,T2,32.98,9.279648
test,T2,32.98,9.487651
test,T2,32.98,11.208561
test,T2,32.98,12.427411
test,T2,32.98,10.976934
test,T2,33.062,9.861866
test,T2,33.267,11.12332
test,T2,33.39,10.524853
test,T2,33.39,11.066889
test,T2,33.39,13.583653
test,T2,33.39,16.402988
test,T2,33.39,16.095839
test,T2,33.39,11.91051
test,T2,33.39,9.941043
test,T2,33.467804,11.477146
test,T2,33.662804,11.253118
test,T2,33.78,10.2377205
test,T2,33.78,10.664394
test,T2,33.78,10.31498
test,T2,33.78,9.844904
test,T2,33.78,8.711471
test,T2,33.78,9.872584
test,T2,33.78,11.854303
test,T2,34.01,11.576487
test,T2,34.585,10.187563
test,T2,34.93,9.678139
test,T2,34.93,9.350973
test,T2,34.93,9.102409
test,T2,34.93,9.50083
test,T2,34.93,10.672853
test,T2,34.93,11.377653
test,T2,34.93,10.623123
test,T2,34.948,9.072954
test,T2,34.993,8.782913
test,T2,35.02,9.658144
test,T2,35.02,11.195666
test,T2,35.02,12.32195
test,T2,35.02,10.207449
test,T2,35.02,10.202289
test,T2,35.02,10.579004
test,T2,35.02,9.969631
test,T2,34.97,9.752953
test,T2,34.845,9.880928
test,T2,34.77,10.13378
test,T2,34.77,10.178882
test,T2,34.77,10.94792
test,T2,34.77,10.572769
test,T2,34.77,9.587853
test,T2,34.77,8.94457
test,T2,34.77,10.321114
test,T2,34.67,12.654862
test,T2,34.42,15.387091
test,T2,34.27,13.270897
test,T2,34.27,9.560049
test,T2,34.27,9.697966
test,T2,34.27,11.059563
test,T2,34.27,12.584115
test,T2,34.27,12.945347
test,T2,34.27,12.61151
test,T2,34.424,12.540602
test,T2,34.809,11.972783
test,T2,35.04,10.350683
test,T2,35.04,10.241284
test,T2,35.04,10.146542
test,T2,35.04,10.499084
test,T2,35.04,9.953648
test,T2,35.04,10.4596405
test,T2,35.04,10.804204
test,T2,35.540756,10.97793
test,T2,36.795757,9.998128
test,T2,37.55,9.9152775
test,T2,37.55,9.753138
test,T2,37.55,8.265602
test,T2,37.55,8.167494
test,T2,37.55,8.198125
test,T2,37.55,8.179362
test,T2,37.55,9.894697
test,T2,37.396,9.862323
test,T2,37.011,9.365377
test,T2,36.78,10.703006
test,T2,36.78,10.403412
test,T2,36.78,9.7931
test,T2,36.78,9.396739
test,T2,36.78,9.4855795
test,T2,36.78,9.7240715
test,T2,36.78,10.100118
test,T2,36.684,9.41782
test,T2,36.444,8.512277
test,T2,36.3,9.301231
test,T2,36.3,10.5417595
test,T2,36.3,10.937003
test,T2,36.3,11.916794
test,T2,36.3,12.370383
test,T2,36.3,11.1231
test,T2,36.3,8.318888
test,T2,36.18,9.334975
test,T2,35.88,9.45476
test,T2,35.7,8.722757
test,T2,35.7,8.6629715
test,T2,35.7,10.599257
test,T2,35.7,11.206268
test,T2,35.7,10.949394
test,T2,35.7,12.070845
test,T2,35.7,10.998365
test,T2,35.612,9.978012
test,T2,35.392,10.655955
test,T2,35.26,10.863865
test,T2,35.26,10.055534
test,T2,35.26,9.205587
test,T2,35.26,10.431152
test,T2,35.26,10.404361
test,T2,35.26,9.269872
test,T2,35.26,9.592475
test,T2,35.278,9.597669
test,T2,35.323,8.939778
test,T2,35.35,9.592948
test,T2,35.35,9.682827
test,T2,35.35,10.007612
test,T2,35.35,10.728459
test,T2,35.35,9.236191
test,T2,35.35,9.8815
test,T2,35.35,12.83878
test,T2,35.114,11.676924
test,T2,34.524,11.223305
test,T2,34.17,12.318123
test,T2,34.17,12.411888
test,T2,34.17,11.163729
test,T2,34.17,10.055145
test,T2,34.17,10.753734
test,T2,34.17,10.825216
test,T2,34.17,9.953908
test,T2,34.108,10.436058
test,T2,33.953,10.837241
test,T2,33.86,10.37928
test,T2,33.86,9.496241
test,T2,33.86,10.153534
test,T2,33.86,10.947511
test,T2,33.86,13.442341
test,T2,33.86,14.215477
test,T2,33.86,12.242506
test,T2,33.912,11.132591
test,T2,34.042,11.000902
test,T2,34.12,11.945879
test,T2,34.12,11.599926
test,T2,34.12,11.483849
test,T2,34.12,12.197023
test,T2,34.12,10.665162
test,T2,34.12,9.459921
test,T2,34.12,10.103484
test,T2,33.988,9.233925
test,T2,33.658,9.668629
test,T2,33.46,10.917587
test,T2,33.46,10.725357
test,T2,33.46,10.1135235
test,T2,33.46,10.22644
test,T2,33.46,11.097629
test,T2,33.46,10.66229
test,T2,33.46,11.346426
test,T2,33.40015,11.284244
test,T2,33.25015,10.4508705
test,T2,33.16,9.294735
test,T2,33.16,9.582365
test,T2,33.16,10.644922
test,T2,33.16,10.964229
test,T2,33.16,11.638514
test,T2,33.16,10.246178
test,T2,33.16,9.451383
test,T2,33.064,9.222538
test,T2,32.824,9.833317
test,T2,32.68,11.341618
test,T2,32.68,12.196693
test,T2,32.68,10.456341
test,T2,32.68,9.669569
test,T2,32.68,9.887127
test,T2,32.68,9.471449
test,T2,32.68,9.450895
test,T2,32.99122,9.603167
test,T2,33.77122,10.790371
test,T2,34.24,11.066149
test,T2,34.24,9.174111
test,T2,34.24,9.380509
test,T2,34.24,10.44692
test,T2,34.24,10.811121
test,T2,34.24,10.219234
test,T2,34.24,9.70188
test,T2,34.372,9.44458
test,T2,34.702,9.168147
test,T2,34.9,10.321722
test,T2,34.9,10.845402
test,T2,34.9,10.751552
test,T2,34.9,14.616565
test,T2,34.9,14.068527
test,T2,34.9,10.492239
test,T2,34.9,15.86711
test,T2,34.906,18.21502
test,T2,34.921,11.146544
test,T2,34.93,7.886816
test,T2,34.93,8.98525
test,T2,34.93,9.604935
test,T2,34.93,9.271788
test,T2,34.93,8.785816
test,T2,34.93,8.662323
test,T2,34.93,9.004488
test,T2,34.716,8.123985
test,T2,34.181,8.439497
test,T2,33.86,9.478901
test,T2,33.86,8.868538
test,T2,33.86,7.9177203
test,T2,33.86,9.049605
test,T2,33.86,9.572338
test,T2,33.86,9.878624
test,T2,33.86,9.361706
test,T2,33.638,8.882422
test,T2,33.083,10.088762
test,T2,32.75,9.395842
test,T2,32.75,9.307648
test,T2,32.75,9.705889
test,T2,32.75,10.711063
test,T2,32.75,10.582093
test,T2,32.75,11.183222
test,T2,32.75,12.512566
test,T2,32.819828,9.271635
test,T2,32.994827,8.998432
test,T2,33.1,9.479945
test,T2,33.1,9.509801
test,T2,33.1,9.90785
test,T2,33.1,10.621112
test,T2,33.1,9.304083
test,T2,33.1,8.470551
test,T2,33.1,9.652618
test,T2,33.248,9.810003
test,T2,33.618,9.756918
test,T2,33.84,9.536192
test,T2,33.84,9.335485
test,T2,33.84,11.770876
test,T2,33.84,11.855507
test,T2,33.84,10.051027
test,T2,33.84,9.044306
test,T2,33.84,8.891367
test,T2,33.706,8.546572
test,T2,33.371,7.7925186
test,T2,33.17,8.677534
test,T2,33.17,9.307778
test,T2,33.17,8.490334
test,T2,33.17,10.113125
test,T2,33.17,11.372769
test,T2,33.17,12.527646
test,T2,33.17,12.254749
test,T2,33.05,10.48181
test,T2,32.75,10.029459
test,T2,32.57,12.748558
test,T2,32.57,15.481267
test,T2,32.57,14.312031
test,T2,32.57,13.471626
test,T2,32.57,13.454895
test,T2,32.57,12.023765
test,T2,32.57,10.385067
test,T2,32.57199,8.911509
test,T2,32.576992,8.45501
test,T2,32.58,9.229044
test,T2,32.58,9.687614
test,T2,32.58,10.415276
test,T2,32.58,13.271248
test,T2,32.58,13.215987
test,T2,32.58,11.190066
test,T2,32.58,12.054016
test,T2,32.666,12.868583
test,T2,32.881,13.863116
test,T2,33.01,14.66185
test,T2,33.01,12.766386
test,T2,33.01,10.163895
test,T2,33.01,10.234852
test,T2,33.01,11.2738905
test,T2,33.01,11.362426
test,T2,33.01,10.677809
test,T2,33.04192,10.2713375
test,T2,33.12192,11.545759
test,T2,33.17,11.95404
test,T2,33.17,11.965305
test,T2,33.17,12.168358
test,T2,33.17,11.103895
test,T2,33.17,10.645654
test,T2,33.17,11.901207
test,T2,33.17,11.866564
test,T2,33.262,11.545454
test,T2,33.492,11.936636
test,T2,33.63,11.30534
test,T2,33.63,11.423605
test,T2,33.63,12.811689
test,T2,33.63,13.732357
test,T2,33.63,15.394535
test,T2,33.63,14.102735
test,T2,33.63,12.284121
test,T2,33.776,13.303919
test,T2,34.141,11.43501
test,T2,34.36,11.665907
test,T2,34.36,11.871588
test,T2,34.36,11.928358
test,T2,34.36,11.675421
test,T2,34.36,12.495215
test,T2,34.36,12.606789
test,T2,34.36,12.21316
test,T2,34.428,10.503975
test,T2,34.598,8.773647
test,T2,34.7,11.246481
test,T2,34.7,11.591387
test,T2,34.7,9.921717
test,T2,34.7,10.83539
test,T2,34.7,11.330063
test,T2,34.7,10.285803
test,T2,34.7,11.175586
test,T2,34.713966,13.257505
test,T2,34.748966,12.204106
test,T2,34.77,10.743707
test,T2,34.77,11.27984
test,T2,34.77,11.7320595
test,T2,34.77,12.738093
test,T2,34.77,12.069842
test,T2,34.77,11.192333
test,T2,34.77,11.42178
test,T2,34.836,10.52711
test,T2,35.001,11.260662
test,T2,35.1,10.8417015
test,T2,35.1,11.114059
test,T2,35.1,10.881979
test,T2,35.1,10.739969
test,T2,35.1,11.554476
test,T2,35.1,11.294222
test,T2,35.1,10.687111
test,T2,35.084,10.597687
test,T2,35.044,11.026868
test,T2,35.02,11.665892
test,T2,35.02,11.609182
test,T2,35.02,12.643215
test,T2,35.02,13.5602455
test,T2,35.02,11.748436
test,T2,35.02,11.331634
test,T2,35.02,11.395015
test,T2,35.10778,10.563309
test,T2,35.32778,10.756411
test,T2,35.46,10.582592
test,T2,35.46,10.603874
test,T2,35.46,13.258963
test,T2,35.46,12.980619
test,T2,35.46,9.154136
test,T2,35.46,9.685615
test,T2,35.46,10.24851
test,T2,35.284,10.298759
test,T2,34.844,10.212883
test,T2,34.58,10.434999
test,T2,34.58,10.867231
test,T2,34.58,12.317532
test,T2,34.58,11.308439
test,T2,34.58,10.193773
test,T2,34.58,10.7837515
test,T2,34.58,10.686122
test,T2,34.33262,11.536724
test,T2,33.71262,12.883251
test,T2,33.34,11.640158
test,T2,33.34,13.555321
test,T2,33.34,14.1923065
test,T2,33.34,12.311892
test,T2,33.34,12.10924
test,T2,33.34,11.474741
test,T2,33.34,11.284237
test,T2,33.114,10.440371
test,T2,32.549,9.623269
test,T2,32.21,9.917238
test,T2,32.21,10.343924
test,T2,32.21,11.265957
test,T2,32.21,11.027622
test,T2,32.21,10.775645
test,T2,32.21,11.675707
test,T2,32.21,12.687546
test,T2,31.934,10.807824
test,T2,31.244,9.545394
test,T2,30.83,10.74948
test,T2,30.83,10.837822
test,T2,30.83,10.276665
test,T2,30.83,10.0484
test,T2,30.83,10.0163965
test,T2,30.83,10.470096
test,T2,30.83,9.975113
test,T2,30.5507,11.079895
test,T2,29.8507,12.425507
test,T2,29.43,11.623023
test,T2,29.43,11.688443
test,T2,29.43,11.383242
test,T2,29.43,11.504128
test,T2,29.43,10.594639
test,T2,29.43,11.770103
test,T2,29.43,11.208456
test,T2,29.69334,9.795302
test,T2,30.35334,10.871735
test,T2,30.75,10.384632
test,T2,30.75,9.871685
test,T2,30.75,10.101726
test,T2,30.75,11.622257
test,T2,30.75,11.945056
test,T2,30.75,11.526039
test,T2,30.75,12.176017
test,T2,30.922,10.304777
test,T2,31.352,9.837804
test,T2,31.61,11.777662
test,T2,31.61,13.148901
test,T2,31.61,12.078427
test,T2,31.61,10.460774
test,T2,31.61,9.434883
test,T2,31.61,10.573877
test,T2,31.61,12.117649
test,T2,31.39653,12.085365
test,T2,30.86153,11.411033
test,T2,30.54,10.69177
test,T2,30.54,10.364389
test,T2,30.54,10.774572
test,T2,30.54,9.170539
test,T2,30.54,8.553541
test,T2,30.54,10.728985
test,T2,30.54,10.944422
test,T2,30.626,10.827059
test,T2,30.841,10.516368
test,T2,30.97,10.348177
test,T2,30.97,10.069534
test,T2,30.97,9.06423
test,T2,30.97,9.347821
test,T2,30.97,9.052593
test,T2,30.97,9.123666
test,T2,30.97,10.916904
test,T2,31.183464,10.258961
test,T2,31.718466,10.114349
test,T2,32.04,11.3425865
test,T2,32.04,10.162117
test,T2,32.04,9.306892
test,T2,32.04,10.782896
test,T2,32.04,11.74724
test,T2,32.04,9.913322
test,T2,32.04,7.915837
test,T2,32.12,8.711106
test,T2,32.32,8.328287
test,T2,32.44,8.258799
test,T2,32.44,10.607917
test,T2,32.44,10.343445
test,T2,32.44,9.534195
test,T2,32.44,10.123401
test,T2,32.44,10.177269
test,T2,32.44,8.922194
test,T2,32.49,8.243698
test,T2,32.615,8.705023
test,T2,32.69,8.749286
test,T2,32.69,8.11772
test,T2,32.69,9.029985
test,T2,32.69,10.015202
test,T2,32.69,9.777286
test,T2,32.69,9.941034
test,T2,32.69,9.531009
test,T2,32.674,9.708915
test,T2,32.634,10.561323
test,T2,32.61,11.316382
test,T2,32.61,11.692364
test,T2,32.61,11.273727
test,T2,32.61,9.296871
test,T2,32.61,10.532693
test,T2,32.61,12.158301
test,T2,32.61,12.401911
test,T2,32.722,12.470707
test,T2,33.002,11.254952
test,T2,33.17,11.264937
test,T2,33.17,10.923788
test,T2,33.17,10.453077
test,T2,33.17,10.277656
test,T2,33.17,10.190632
test,T2,33.17,8.492693
test,T2,33.17,10.433651
test,T2,33.223866,11.770409
test,T2,33.358868,12.514324
test,T2,33.44,12.959042
test,T2,33.44,10.126883
test,T2,33.44,9.974861
test,T2,33.44,10.971302
test,T2,33.44,11.316351
test,T2,33.44,12.731697
test,T2,33.44,13.3986
test,T2,33.664,13.26211
test,T2,34.224,12.467751
test,T2,34.56,10.60199
test,T2,34.56,9.995615
test,T2,34.56,10.936287
test,T2,34.56,10.132015
test,T2,34.56,10.225737
test,T2,34.56,10.249588
test,T2,34.56,10.718426
test,T2,34.49,11.786147
test,T2,34.315,10.806841
test,T2,34.21,11.39029
test,T2,34.21,11.980028
test,T2,34.21,11.446198
test,T2,34.21,10.18824
test,T2,34.21,9.6351795
test,T2,34.21,10.27219
test,T2,34.21,10.688652
test,T2,34.438,9.2438345
test,T2,35.008,8.660141
test,T2,35.35,8.551601
test,T2,35.35,8.419487
test,T2,35.35,10.25634
test,T2,35.35,11.015863
test,T2,35.35,10.341124
test,T2,35.35,9.788343
test,T2,35.35,8.871705
test,T2,35.474,9.6147175
test,T2,35.784,10.419886
test,T2,35.97,9.51302
test,T2,35.97,10.759952
test,T2,35.97,10.195444
test,T2,35.97,10.447889
test,T2,35.97,10.561152
test,T2,35.97,8.884068
test,T2,35.97,8.511107
test,T2,35.78247,10.280373
test,T2,35.31247,11.469156
test,T2,35.03,10.588126
test,T2,35.03,11.081647
test,T2,35.03,11.5812435
test,T2,35.03,10.733184
test,T2,35.03,9.642555
test,T2,35.03,9.008623
test,T2,35.03,10.173254
test,T2,35.072,11.40371
test,T2,35.177,10.371487
test,T2,35.24,10.924885
test,T2,35.24,10.726367
test,T2,35.24,9.768616
test,T2,35.24,9.404068
test,T2,35.24,9.293553
test,T2,35.24,9.336682
test,T2,35.24,10.400402
test,T2,35.068,10.44577
test,T2,34.638,11.416082
test,T2,34.38,13.901773
test,T2,34.38,10.916513
test,T2,34.38,9.980684
test,T2,34.38,9.904494
test,T2,34.38,10.027989
test,T2,34.38,10.4729395
test,T2,34.38,9.336321
test,T2,34.22838,8.097559
test,T2,33.84838,9.922323
test,T2,33.62,10.192157
test,T2,33.62,8.871314
test,T2,33.62,11.125748
test,T2,33.62,10.4653225
test,T2,33.62,7.98392
test,T2,33.62,8.382353
test,T2,33.62,8.756388
test,T2,33.472,7.98313
test,T2,33.102,8.547755
test,T2,32.88,8.717594
test,T2,32.88,9.712911
test,T2,32.88,10.513086
test,T2,32.88,10.749612
test,T2,32.88,10.518747
test,T2,32.88,10.069919
test,T2,32.88,9.578311
test,T2,33.168,10.163869
test,T2,33.888,9.720398
test,T2,34.32,8.609145
test,T2,34.32,9.216251
test,T2,34.32,9.676869
test,T2,34.32,9.605263
test,T2,34.32,9.215202
test,T2,34.32,9.216774
test,T2,34.32,9.241785
test,T2,34.53147,9.192633
test,T2,35.06147,9.286773
test,T2,35.38,9.111085
test,T2,35.38,8.631629
test,T2,35.38,9.560633
test,T2,35.38,9.689396
test,T2,35.38,10.749044
test,T2,35.38,11.624495
test,T2,35.38,11.152405
test,T2,35.602,10.190214
test,T2,36.157,9.634695
test,T2,36.49,10.512713
test,T2,36.49,10.2027
test,T2,36.49,10.808609
test,T2,36.49,9.722782
test,T2,36.49,10.085906
test,T2,36.49,11.2667465
test,T2,36.49,11.273508
test,T2,36.531895,11.33992
test,T2,36.636894,11.437599
test,T2,36.7,10.605518
test,T2,36.7,11.032003
test,T2,36.7,10.966991
test,T2,36.7,9.796583
test,T2,36.7,9.363466
test,T2,36.7,9.449261
test,T2,36.7,11.238958
test,T2,36.788,10.528019
test,T2,37.008,9.435682
test,T2,37.14,9.86421
test,T2,37.14,9.407635
test,T2,37.14,9.938728
test,T2,37.14,11.42956
test,T2,37.14,9.490361
test,T2,37.14,8.800821
test,T2,37.14,9.907217
test,T2,36.876,9.529649
test,T2,36.216,8.794076
test,T2,35.82,9.867495
test,T2,35.82,10.186097
test,T2,35.82,9.791585
test,T2,35.82,10.170379
test,T2,35.82,11.323195
test,T2,35.82,12.416267
test,T2,35.82,10.711607
test,T2,35.949677,10.041626
test,T2,36.274673,10.159504
test,T2,36.47,9.517388
test,T2,36.47,8.955468
test,T2,36.47,9.142005
test,T2,36.47,10.631996
test,T2,36.47,11.620386
test,T2,36.47,11.254812
test,T2,36.47,10.299288
test,T2,36.676,10.248482
test,T2,37.191,9.861853
test,T2,37.5,9.739082
test,T2,37.5,9.748417
test,T2,37.5,10.693401
test,T2,37.5,10.812157
test,T2,37.5,10.372084
test,T2,37.5,10.258352
test,T2,37.5,9.802758
test,T2,37.38,10.247699
test,T2,37.08,9.505721
test,T2,36.9,9.387612
test,T2,36.9,10.843394
test,T2,36.9,11.353592
test,T2,36.9,11.281043
test,T2,36.9,10.840691
test,T2,36.9,11.174957
test,T2,36.9,11.523024
test,T2,36.856,10.129377
test,T2,36.746,9.253496
test,T2,36.68,9.318888
test,T2,36.68,9.695897
test,T2,36.68,10.019714
test,T2,36.68,10.538818
test,T2,36.68,10.201101
test,T2,36.68,9.210986
test,T2,36.68,9.227526
test,T2,36.406685,8.707936
test,T2,35.721684,9.712753
test,T2,35.31,10.2191725
test,T2,35.31,9.461652
test,T2,35.31,11.124016
test,T2,35.31,11.742632
test,T2,35.31,9.960184
test,T2,35.31,9.688594
test,T2,35.31,9.632263
test,T2,35.5,7.947201
test,T2,35.975,9.529444
test,T2,36.26,12.271679
test,T2,36.26,10.402303
test,T2,36.26,9.280903
test,T2,36.26,10.641661
test,T2,36.26,10.14509
test,T2,36.26,9.24082
test,T2,36.26,10.230541
test,T2,36.098,11.718858
test,T2,35.693,12.126018
test,T2,35.45,11.024278
test,T2,35.45,9.913636
test,T2,35.45,10.637538
test,T2,35.45,11.3180895
test,T2,35.45,9.759775
test,T2,35.45,8.779358
test,T2,35.45,10.398542
test,T2,35.408,9.977902
test,T2,35.303,8.593166
test,T2,35.24,7.5646005
test,T2,35.24,8.980863
test,T2,35.24,10.729099
test,T2,35.24,11.703264
test,T2,35.24,11.308752
test,T2,35.24,10.130422
test,T2,35.24,9.597988
test,T2,35.08,8.740078
test,T2,34.68,8.801446
test,T2,34.44,8.20321
test,T2,34.44,8.933817
test,T2,34.44,10.2616825
test,T2,34.44,9.818806
test,T2,34.44,9.642681
test,T2,34.44,9.903214
test,T2,34.44,9.988134
test,T2,34.384,9.774969
test,T2,34.244,12.126944
test,T2,34.16,12.698417
test,T2,34.16,11.912221
test,T2,34.16,9.699313
test,T2,34.16,9.017009
test,T2,34.16,9.332534
test,T2,34.16,10.34347
test,T2,34.16,11.380199
test,T2,34.044,10.332787
test,T2,33.754,10.874965
test,T2,33.58,11.005499
test,T2,33.58,11.887472
test,T2,33.58,11.13834
test,T2,33.58,10.130663
test,T2,33.58,10.570376
test,T2,33.58,9.328249
test,T2,33.58,8.104595
test,T2,33.709675,8.924925
test,T2,34.034676,9.988704
test,T2,34.23,10.686507
test,T2,34.23,12.058659
test,T2,34.23,9.369433
test,T2,34.23,8.568317
test,T2,34.23,9.839359
test,T2,34.23,10.256408
test,T2,34.23,10.19891
test,T2,34.02,9.584275
test,T2,33.495,10.923197
test,T2,33.18,11.629658
test,T2,33.18,10.916906
test,T2,33.18,10.440368
test,T2,33.18,11.113223
test,T2,33.18,9.836029
test,T2,33.18,10.47343
test,T2,33.18,10.913374
test,T2,32.768,11.66548
test,T2,31.738,11.654312
test,T2,31.12,10.834322
test,T2,31.12,10.645782
test,T2,31.12,9.647469
test,T2,31.12,9.587519
test,T2,31.12,10.766116
test,T2,31.12,12.019144
test,T2,31.12,11.011658
test,T2,30.948,8.679089
test,T2,30.518,9.276396
test,T2,30.26,8.024706
test,T2,30.26,8.263526
test,T2,30.26,10.702754
test,T2,30.26,10.865053
test,T2,30.26,9.2279415
test,T2,30.26,8.340703
test,T2,30.26,10.141905
test,T2,29.836,10.268341
test,T2,28.776,9.931746
test,T2,28.14,9.790955
test,T2,28.14,10.493504
test,T2,28.14,10.614729
test,T2,28.14,10.695933
test,T2,28.14,11.413008
test,T2,28.14,10.996123
test,T2,28.14,10.2605095
test,T2,28.704,11.091463
test,T2,30.114,9.782148
test,T2,30.96,9.623886
test,T2,30.96,10.609925
test,T2,30.96,10.403833
test,T2,30.96,9.154734
test,T2,30.96,9.18408
test,T2,30.96,9.414199
test,T2,30.96,10.391647
test,T2,31.158,10.848677
test,T2,31.653,8.610062
test,T2,31.95,7.3097525
test,T2,31.95,8.235411
test,T2,31.95,8.913399
test,T2,31.95,10.531277
test,T2,31.95,10.579697
test,T2,31.95,9.043245
test,T2,31.95,8.845441
test,T2,32.188,11.082298
test,T2,32.783,12.4507265
test,T2,33.14,11.55085
test,T2,33.14,11.24317
test,T2,33.14,9.370192
test,T2,33.14,9.745183
test,T2,33.14,9.018739
test,T2,33.14,8.853308
test,T2,33.14,10.807682
test,T2,33.138,10.904421
test,T2,33.133,9.253339
test,T2,33.13,9.68292
test,T2,33.13,9.292049
test,T2,33.13,9.708567
test,T2,33.13,11.9107685
test,T2,33.13,11.622899
test,T2,33.13,8.990807
test,T2,33.13,7.939023
test,T2,33.06,7.1381426
test,T2,32.885,8.122778
test,T2,32.78,9.707967
test,T2,32.78,10.642506
test,T2,32.78,10.208637
test,T2,32.78,11.625116
test,T2,32.78,11.15261
test,T2,32.78,10.443677
test,T2,32.78,10.7065115
test,T2,32.793964,10.146476
test,T2,32.828964,11.455629
test,T2,32.85,15.181962
test,T2,32.85,17.148273
test,T2,32.85,15.460376
test,T2,32.85,12.024461
test,T2,32.85,12.485178
test,T2,32.85,15.427615
test,T2,32.85,14.241262
test,T2,32.997635,14.474948
test,T2,33.367634,14.750653
test,T2,33.59,13.415031
test,T2,33.59,10.4610195
test,T2,33.59,10.2721
test,T2,33.59,9.168257
test,T2,33.59,9.570772
test,T2,33.59,10.375788
test,T2,33.59,9.683773
test,T2,33.71369,10.153915
test,T2,34.023693,9.524647
test,T2,34.21,9.973471
test,T2,34.21,11.312954
test,T2,34.21,11.913104
test,T2,34.21,11.510905
test,T2,34.21,10.004747
test,T2,34.21,10.603334
test,T2,34.21,10.764822
test,T2,34.07,11.049501
test,T2,33.72,10.251049
test,T2,33.51,10.049484
test,T2,33.51,8.705827
test,T2,33.51,9.415532
test,T2,33.51,10.631422
test,T2,33.51,9.562389
test,T2,33.51,8.80669
test,T2,33.51,9.767584
test,T2,33.314,10.504193
test,T2,32.824,9.120321
test,T2,32.53,9.103436
test,T2,32.53,9.572559
test,T2,32.53,9.866554
test,T2,32.53,10.664143
test,T2,32.53,9.961363
test,T2,32.53,10.424718
test,T2,32.53,10.766289
test,T2,32.78337,10.0330925
test,T2,33.418373,9.407244
test,T2,33.8,9.574974
test,T2,33.8,9.637629
test,T2,33.8,9.51898
test,T2,33.8,10.195069
test,T2,33.8,10.127531
test,T2,33.8,10.3372755
test,T2,33.8,12.578648
test,T2,34.198,13.126198
test,T2,35.193,8.687292
test,T2,35.79,9.864063
test,T2,35.79,10.022022
test,T2,35.79,10.274687
test,T2,35.79,11.514781
test,T2,35.79,10.554045
test,T2,35.79,9.201783
test,T2,35.79,9.48695
test,T2,35.664,11.020832
test,T2,35.349,11.275947
test,T2,35.16,11.230804
test,T2,35.16,11.163499
test,T2,35.16,11.100975
test,T2,35.16,9.834651
test,T2,35.16,11.33215
test,T2,35.16,11.842094
test,T2,35.16,11.877869
test,T2,35.132,11.538633
test,T2,35.062,11.080792
test,T2,35.02,10.33776
test,T2,35.02,10.633482
test,T2,35.02,11.228043
test,T2,35.02,9.524657
test,T2,35.02,9.919472
test,T2,35.02,11.340723
test,T2,35.02,10.698553
test,T2,34.459393,9.742777
test,T2,33.05439,10.038395
test,T2,32.21,10.715722
test,T2,32.21,10.2803335
test,T2,32.21,9.862544
test,T2,32.21,11.1509495
test,T2,32.21,11.204493
test,T2,32.21,9.905689
test,T2,32.21,9.538443
test,T2,32.15,9.1594715
test,T2,32.0,9.800814
test,T2,31.91,10.067577
test,T2,31.91,10.082471
test,T2,31.91,9.823278
test,T2,31.91,9.991703
test,T2,31.91,11.283176
test,T2,31.91,11.406164
test,T2,31.91,9.882364
test,T2,31.628704,9.487575
test,T2,30.923704,9.569516
test,T2,30.5,9.721905
test,T2,30.5,8.912977
test,T2,30.5,8.328138
test,T2,30.5,9.687874
test,T2,30.5,10.102539
test,T2,30.5,10.096834
test,T2,30.5,9.710365
test,T2,30.470074,9.991111
test,T2,30.395075,9.431236
test,T2,30.35,9.559057
test,T2,30.35,10.206945
test,T2,30.35,9.400048
test,T2,30.35,9.293387
test,T2,30.35,10.189
test,T2,30.35,9.934767
test,T2,30.35,10.278446
test,T2,30.214,11.1933155
test,T2,29.874,9.426813
test,T2,29.67,9.747786
test,T2,29.67,11.415541
test,T2,29.67,10.798941
test,T2,29.67,9.348197
test,T2,29.67,8.749964
test,T2,29.67,7.654815
test,T2,29.67,8.550356
test,T2,30.1386,8.155662
test,T2,31.4586,8.657615
test,T2,32.31,8.858824
test,T2,32.31,8.406017
test,T2,32.31,8.256931
test,T2,32.31,7.277124
test,T2,32.31,8.051131
test,T2,32.31,9.319202
test,T2,32.31,9.137514
test,T2,32.22125,8.501469
test,T2,31.97125,9.202143
test,T2,31.81,10.642183
test,T2,31.81,12.437269
test,T2,31.81,12.703194
test,T2,31.81,10.799796
test,T2,31.81,9.40152
test,T2,31.81,8.695082
test,T2,31.81,8.974098
test,T2,31.747875,9.03264
test,T2,31.572874,9.39208
test,T2,31.46,8.677285
test,T2,31.46,8.501335
test,T2,31.46,10.18397
test,T2,31.46,9.226197
test,T2,31.46,8.254134
test,T2,31.46,8.042031
test,T2,31.46,8.105892
test,T2,31.52745,10.537488
test,T2,31.71745,10.043665
test,T2,31.84,8.307962
test,T2,31.84,7.935837
test,T2,31.84,10.01927
test,T2,31.84,10.497228
test,T2,31.84,8.828883
test,T2,31.84,8.039056
test,T2,31.84,9.852617
test,T2,31.975111,8.690987
test,T2,32.35511,8.909246
test,T2,32.6,10.649231
test,T2,32.6,9.702403
test,T2,32.6,10.265957
test,T2,32.6,10.248849
test,T2,32.6,9.646844
test,T2,32.6,10.240192
test,T2,32.6,9.040447
test,T2,32.399426,9.987339
test,T2,31.834425,11.5174
test,T2,31.47,9.654976
test,T2,31.47,8.19675
test,T2,31.47,8.596207
test,T2,31.47,9.540064
test,T2,31.47,9.243408
test,T2,31.47,8.444952
test,T2,31.47,9.144032
test,T2,31.695425,10.526102
test,T2,32.330425,11.513217
test,T2,32.74,10.303184
test,T2,32.74,9.647359
test,T2,32.74,10.516957
test,T2,32.74,8.832395
test,T2,32.74,9.36323
test,T2,32.74,11.91754
test,T2,32.74,10.346739
test,T2,32.738224,9.739042
test,T2,32.733227,11.792422
test,T2,32.73,10.735668
test,T2,32.73,8.829545
test,T2,32.73,8.82161
test,T2,32.73,8.843594
test,T2,32.73,9.732775
test,T2,32.73,9.527769
test,T2,32.73,9.15441
test,T2,32.9785,10.109813
test,T2,33.6785,9.849661
test,T2,34.13,9.189713
test,T2,34.13,8.302957
test,T2,34.13,7.2431245
test,T2,34.13,8.762831
test,T2,34.13,9.419113
test,T2,34.13,9.044403
test,T2,34.13,12.85295
test,T2,34.15311,12.014837
test,T2,34.218113,10.210786
test,T2,34.26,9.891601
test,T2,34.26,9.172468
test,T2,34.26,8.502654
test,T2,34.26,9.900947
test,T2,34.26,10.709581
test,T2,34.26,9.566336
test,T2,34.26,10.063913
test,T2,34.123325,15.171162
test,T2,33.738323,17.476776
test,T2,33.49,10.653513
test,T2,33.49,8.308574
test,T2,33.49,8.628152
test,T2,33.49,10.650155
test,T2,33.49,10.890613
test,T2,33.49,10.32691
test,T2,33.49,10.554651
test,T2,33.299778,13.475258
test,T2,32.76478,13.199481
test,T2,32.42,9.90057
test,T2,32.42,10.574305
test,T2,32.42,15.330745
test,T2,32.42,14.8786335
test,T2,32.42,11.425653
test,T2,32.42,10.5749855
test,T2,32.42,8.876936
test,T2,32.45905,9.174572
test,T2,32.56905,9.823173
test,T2,32.64,10.306824
test,T2,32.64,10.51078
test,T2,32.64,13.676457
test,T2,32.64,15.708979
test,T2,32.64,11.047838
test,T2,32.64,9.94326
test,T2,32.64,10.591368
test,T2,32.521076,9.723213
test,T2,32.186073,9.168747
test,T2,31.97,9.931354
test,T2,31.97,11.837689
test,T2,31.97,12.220362
test,T2,31.97,10.397539
test,T2,31.97,9.873758
test,T2,31.97,10.515421
test,T2,31.97,11.01284
test,T2,32.13528,9.755169
test,T2,32.60028,10.329403
test,T2,32.9,10.022761
test,T2,32.9,10.700396
test,T2,32.9,11.147975
test,T2,32.9,9.602625
test,T2,32.9,10.014696
test,T2,32.9,9.239031
test,T2,32.9,9.656355
test,T2,33.1272,10.257217
test,T2,33.7672,9.30769
test,T2,34.18,8.319888
test,T2,34.18,7.458602
test,T2,34.18,8.198694
test,T2,34.18,10.646282
test,T2,34.18,12.320997
test,T2,34.18,10.109215
test,T2,34.18,9.170342
test,T2,33.862274,8.644325
test,T2,32.967274,10.885546
test,T2,32.39,11.838446
test,T2,32.39,11.070312
test,T2,32.39,10.329359
test,T2,32.39,9.430513
test,T2,32.39,8.892553
test,T2,32.39,10.195271
test,T2,32.39,10.707062
test,T2,32.5675,8.921032
test,T2,33.0675,7.419764
test,T2,33.39,8.278786
test,T2,33.39,9.354492
test,T2,33.39,8.065119
test,T2,33.39,8.775728
test,T2,33.39,7.6809707
test,T2,33.39,9.017665
test,T2,33.39,8.768881
test,T2,33.38645,7.17833
test,T2,33.37645,9.619467
test,T2,33.37,11.215482
test,T2,33.37,9.730727
test,T2,33.37,9.940582
test,T2,33.37,10.319626
test,T2,33.37,10.067408
test,T2,33.37,10.621168
test,T2,33.37,10.311033
test,T2,33.471176,8.955667
test,T2,33.756176,8.943899
test,T2,33.94,9.2242155
test,T2,33.94,8.514116
test,T2,33.94,8.223038
test,T2,33.94,8.904917
test,T2,33.94,9.975259
test,T2,33.94,9.808285
test,T2,33.94,9.090805
test,T2,33.85835,9.371782
test,T2,33.62835,8.067622
test,T2,33.48,8.320568
test,T2,33.48,8.549957
test,T2,33.48,9.553327
test,T2,33.48,8.698726
test,T2,33.48,11.284242
test,T2,33.48,11.2126
test,T2,33.48,8.023667
test,T2,33.67046,8.160496
test,T2,34.20546,8.698803
test,T2,34.55,8.402552
test,T2,34.55,8.499952
test,T2,34.55,9.173347
test,T2,34.55,8.274638
test,T2,34.55,8.095463
test,T2,34.55,7.7398295
test,T2,34.55,8.767124
test,T2,34.558876,9.37093
test,T2,34.583874,11.6828575
test,T2,34.6,12.232112
test,T2,34.6,9.540819
test,T2,34.6,10.063005
test,T2,34.6,9.092984
test,T2,34.6,9.643717
test,T2,34.6,8.935572
test,T2,34.6,9.7979355
test,T2,34.655094,10.420326
test,T2,34.810093,9.300102
test,T2,34.91,7.523847
test,T2,34.91,7.6219926
test,T2,34.91,8.946013
test,T2,34.91,8.210581
test,T2,34.91,9.122462
test,T2,34.91,10.305586
test,T2,34.91,10.625439
test,T2,35.02005,9.932663
test,T2,35.33005,8.718319
test,T2,35.53,8.355387
test,T2,35.53,11.962238
test,T2,35.53,11.855115
test,T2,35.53,8.244902
test,T2,35.53,8.960922
test,T2,35.53,10.07451
test,T2,35.53,9.15658
test,T2,35.76289,8.952052
test,T2,36.41789,9.999498
test,T2,36.84,11.148593
test,T2,36.84,12.071932
test,T2,36.84,12.630024
test,T2,36.84,11.459799
test,T2,36.84,9.006087
test,T2,36.84,7.158505
test,T2,36.84,9.251792
test,T2,36.948444,11.0467
test,T2,37.253445,10.690807
test,T2,37.45,11.00931
test,T2,37.45,10.647767
test,T2,37.45,9.190353
test,T2,37.45,8.411567
test,T2,37.45,10.380332
test,T2,37.45,10.08601
test,T2,37.45,9.23999
test,T2,37.432228,12.376499
test,T2,37.38223,12.113137
test,T2,37.35,10.424086
test,T2,37.35,10.35948
test,T2,37.35,9.377765
test,T2,37.35,8.42345
test,T2,37.35,7.701879
test,T2,37.35,8.595175
test,T2,37.35,7.5987887
test,T2,37.700115,8.419754
test,T2,38.685112,9.963062
test,T2,39.32,10.183077
test,T2,39.32,9.539861
test,T2,39.32,7.2805314
test,T2,39.32,6.865067
test,T2,39.32,7.9860735
test,T2,39.32,9.132066
test,T2,39.32,9.49091
test,T2,38.847256,10.718657
test,T2,37.517258,11.253077
test,T2,36.66,9.099564
test,T2,36.66,8.824588
test,T2,36.66,9.827839
test,T2,36.66,12.793802
test,T2,36.66,11.058253
test,T2,36.66,8.933865
test,T2,36.66,9.244962
test,T2,36.228676,7.7513566
test,T2,35.013676,8.217955
test,T2,34.23,10.394308
test,T2,34.23,12.641886
test,T2,34.23,15.127752
test,T2,34.23,12.144417
test,T2,34.23,8.045474
test,T2,34.23,9.828729
test,T2,34.23,10.601739
test,T2,33.9176,9.399947
test,T2,33.0376,10.013603
test,T2,32.47,12.380012
test,T2,32.47,10.861311
test,T2,32.47,11.783671
test,T2,32.47,11.748943
test,T2,32.47,8.200105
test,T2,32.47,8.317173
test,T2,32.47,8.929138
test,T2,32.23925,7.949344
test,T2,31.58925,8.299146
test,T2,31.17,8.841973
test,T2,31.17,8.407471
test,T2,31.17,8.85272
test,T2,31.17,9.735812
test,T2,31.17,9.528669
test,T2,31.17,10.830968
test,T2,31.17,10.621703
test,T2,31.08125,9.954488
test,T2,30.83125,11.488035
test,T2,30.67,9.673399
test,T2,30.67,8.275187
test,T2,30.67,9.206798
test,T2,30.67,8.3582
test,T2,30.67,7.4124722
test,T2,30.67,8.243752
test,T2,30.67,8.666256
test,T2,30.95747,8.066318
test,T2,31.767471,7.9178705
test,T2,32.29,8.706894
test,T2,32.29,9.6521
test,T2,32.29,11.957358
test,T2,32.29,10.848885
test,T2,32.29,6.8295627
test,T2,32.29,9.27147
test,T2,32.29,10.704012
test,T2,32.369877,9.170391
test,T2,32.594875,9.285684
test,T2,32.74,9.661054
test,T2,32.74,8.105557
test,T2,32.74,8.325475
test,T2,32.74,9.980348
test,T2,32.74,10.382457
test,T2,32.74,10.690569
test,T2,32.74,11.052839
test,T2,32.82165,11.447672
test,T2,33.05165,11.437725
test,T2,33.2,11.838121
test,T2,33.2,10.394785
test,T2,33.2,9.374248
test,T2,33.2,10.718434
test,T2,33.2,13.31344
test,T2,33.2,12.908265
test,T2,33.2,11.974251
test,T2,33.3775,10.380022
test,T2,33.8775,8.679655
test,T2,34.2,7.919765
test,T2,34.2,10.200153
test,T2,34.2,8.721185
test,T2,34.2,7.0445857
test,T2,34.2,9.344763
test,T2,34.2,10.791521
test,T2,34.2,8.829788
test,T2,34.425426,8.403769
test,T2,35.060425,9.933847
test,T2,35.47,9.284794
test,T2,35.47,8.6224375
test,T2,35.47,9.865551
test,T2,35.47,10.301893
test,T2,35.47,9.732698
test,T2,35.47,9.635858
test,T2,35.47,11.041192
test,T2,35.493076,10.418993
test,T2,35.558075,10.239505
test,T2,35.6,9.047189
test,T2,35.6,9.059451
test,T2,35.6,9.659456
test,T2,35.6,8.8673
test,T2,35.6,9.154953
test,T2,35.6,10.034004
test,T2,35.6,10.061196
test,T2,35.623074,10.935644
test,T2,35.688076,12.22828
test,T2,35.73,11.051617
test,T2,35.73,12.676198
test,T2,35.73,13.102689
test,T2,35.73,10.628012
test,T2,35.73,9.677521
test,T2,35.73,9.349451
test,T2,35.73,9.443933
test,T2,35.842,9.00696
test,T2,36.157,10.660612
test,T2,36.36,10.5388155
test,T2,36.36,9.97373
test,T2,36.36,10.709557
test,T2,36.36,10.511047
test,T2,36.36,10.461758
test,T2,36.36,9.110573
test,T2,36.36,9.017693
test,T2,36.38485,9.150604
test,T2,36.45485,8.937283
test,T2,36.5,7.2371435
test,T2,36.5,7.0134554
test,T2,36.5,8.154409
test,T2,36.5,8.821998
test,T2,36.5,9.031058
test,T2,36.5,8.171231
test,T2,36.5,9.988626
test,T2,36.288776,10.808163
test,T2,35.693775,8.259525
test,T2,35.31,8.295749
test,T2,35.31,9.134674
test,T2,35.31,9.805809
test,T2,35.31,9.861356
test,T2,35.31,9.146887
test,T2,35.31,8.990502
test,T2,35.31,9.136916
test,T2,35.27805,8.937895
test,T2,35.18805,7.939721
test,T2,35.13,7.7829957
test,T2,35.13,9.464745
test,T2,35.13,10.929785
test,T2,35.13,12.328646
test,T2,35.13,10.746071
test,T2,35.13,10.791632
test,T2,35.13,11.600527
test,T2,35.25229,9.576201
test,T2,35.597286,9.566874
test,T2,35.82,9.224697
test,T2,35.82,8.351033
test,T2,35.82,9.901255
test,T2,35.82,10.347428
test,T2,35.82,8.658439
test,T2,35.82,8.699906
test,T2,35.82,7.8557024
test,T2,35.6851,6.929774
test,T2,35.3051,9.066942
test,T2,35.06,9.108591
test,T2,35.06,8.841484
test,T2,35.06,7.5287166
test,T2,35.06,7.918178
test,T2,35.06,9.437656
test,T2,35.06,9.299618
test,T2,35.06,9.320066
test,T2,34.941074,9.489261
test,T2,34.606075,8.845818
test,T2,34.39,8.559907
test,T2,34.39,7.9377933
test,T2,34.39,7.5254397
test,T2,34.39,7.3149085
test,T2,34.39,10.3155775
test,T2,34.39,10.025955
test,T2,34.39,7.476559
test,T2,34.41825,6.776176
test,T2,34.49825,7.0110435
test,T2,34.55,8.141281
test,T2,34.55,8.215312
test,T2,34.55,6.768685
test,T2,34.55,7.0355773
test,T2,34.55,13.229819
test,T2,34.55,13.617733
test,T2,34.55,8.053623
test,T2,34.47524,8.525835
test,T2,34.26524,11.286608
test,T2,34.13,17.920841
test,T2,34.13,18.818035
test,T2,34.13,11.542403
test,T2,34.13,10.733796
test,T2,34.13,9.449711
test,T2,34.13,8.621246
test,T2,34.13,12.15719
test,T2,33.893925,15.244919
test,T2,33.228924,12.738176
test,T2,32.8,13.408304
test,T2,32.8,18.61486
test,T2,32.8,18.36787
test,T2,32.8,15.134072
test,T2,32.8,11.392
test,T2,32.8,13.972084
test,T2,32.8,13.051538
test,T2,33.025425,8.77392
test,T2,33.660423,9.304382
test,T2,34.07,8.215143
test,T2,34.07,7.916575
test,T2,34.07,8.901077
test,T2,34.07,10.555976
test,T2,34.07,14.162207
test,T2,34.07,13.549969
test,T2,34.07,10.600936
test,T2,34.0132,10.196944
test,T2,33.8532,9.757477
test,T2,33.75,7.661017
test,T2,33.75,7.028937
test,T2,33.75,8.541917
test,T2,33.75,9.698143
test,T2,33.75,10.674786
test,T2,33.75,9.613058
test,T2,33.75,9.971134
test,T2,33.89555,9.800891
test,T2,34.30555,8.313228
test,T2,34.57,8.095908
test,T2,34.57,8.704265
test,T2,34.57,9.582777
test,T2,34.57,8.53834
test,T2,34.57,9.06361
test,T2,34.57,10.246975
test,T2,34.57,8.604996
test,T2,34.5274,8.974333
test,T2,34.4074,10.345928
test,T2,34.33,9.722476
test,T2,34.33,10.7115345
test,T2,34.33,12.523823
test,T2,34.33,10.2304325
test,T2,34.33,9.437704
test,T2,34.33,9.341179
test,T2,34.33,8.8211155
test,T2,34.44005,10.064517
test,T2,34.75005,9.225372
test,T2,34.95,8.038448
test,T2,34.95,8.793202
test,T2,34.95,8.548136
test,T2,34.95,8.94581
test,T2,34.95,9.924134
test,T2,34.95,9.171099
test,T2,34.95,10.124041
test,T2,34.823975,10.409449
test,T2,34.468975,11.444834
test,T2,34.24,13.058273
test,T2,34.24,10.183029
test,T2,34.24,9.298969
test,T2,34.24,10.179829
test,T2,34.24,10.093921
test,T2,34.24,10.745889
test,T2,34.24,10.94804
test,T2,34.08735,9.706784
test,T2,33.65735,8.402834
test,T2,33.38,8.75173
test,T2,33.38,9.700614
test,T2,33.38,9.679741
test,T2,33.38,9.083574
test,T2,33.38,9.796018
test,T2,33.38,11.627363
test,T2,33.38,11.472145
test,T2,33.0321,9.542206
test,T2,32.0521,10.635975
test,T2,31.42,10.505053
test,T2,31.42,9.5424
test,T2,31.42,9.620834
test,T2,31.42,10.256064
test,T2,31.42,10.08701
test,T2,31.42,8.214217
test,T2,31.42,7.5553823
test,T2,31.27445,9.292551
test,T2,30.86445,9.758421
test,T2,30.6,9.756841
test,T2,30.6,9.109764
test,T2,30.6,10.234147
test,T2,30.6,11.018142
test,T2,30.6,7.742946
test,T2,30.6,7.95676
test,T2,30.6,8.723444
test,T2,30.477371,9.604988
test,T2,30.132372,10.393174
test,T2,29.91,9.641636
test,T2,29.91,9.592591
test,T2,29.91,9.056227
test,T2,29.91,8.405199
test,T2,29.91,7.2708783
test,T2,29.91,6.850105
test,T2,29.91,9.777927
test,T2,29.475124,11.382574
test,T2,28.250126,9.511957
test,T2,27.46,10.227276
test,T2,27.46,9.230034
test,T2,27.46,9.990466
test,T2,27.46,9.324327
test,T2,27.46,8.848505
test,T2,27.46,8.495814
test,T2,27.46,8.558515
test,T2,27.5949,10.258953
test,T2,27.9749,11.774261
test,T2,28.22,11.067184
test,T2,28.22,8.672163
test,T2,28.22,9.390593
test,T2,28.22,11.46217
test,T2,28.22,10.805166
test,T2,28.22,10.14489
test,T2,28.22,9.699877
test,T2,28.2271,9.273817
test,T2,28.2471,10.164808
test,T2,28.26,8.726676
test,T2,28.26,8.012385
test,T2,28.26,8.788726
test,T2,28.26,9.268272
test,T2,28.26,9.1977415
test,T2,28.26,9.966717
test,T2,28.26,9.527084
test,T2,28.313316,8.9999
test,T2,28.463316,9.317535
test,T2,28.56,9.316217
test,T2,28.56,12.353712
test,T2,28.56,11.8814335
test,T2,28.56,10.197887
test,T2,28.56,10.390999
test,T2,28.56,9.267498
test,T2,28.56,9.121302
test,T2,28.707325,9.362019
test,T2,29.122326,9.322426
test,T2,29.39,10.240559
test,T2,29.39,9.7929125
test,T2,29.39,8.146099
test,T2,29.39,9.303944
test,T2,29.39,9.181676
test,T2,29.39,11.226423
test,T2,29.39,12.433294
test,T2,29.4326,10.851395
test,T2,29.5526,10.752025
test,T2,29.63,11.029236
test,T2,29.63,9.958219
test,T2,29.63,8.8174925
test,T2,29.63,10.453526
test,T2,29.63,10.689997
test,T2,29.63,10.550312
test,T2,29.63,11.856707
test,T2,29.7365,11.230744
test,T2,30.0365,9.9158325
test,T2,30.23,11.640667
test,T2,30.23,10.04269
test,T2,30.23,8.658155
test,T2,30.23,8.414367
test,T2,30.23,10.099031
test,T2,30.23,10.315121
test,T2,30.23,9.598909
test,T2,29.958426,10.825033
test,T2,29.193424,7.8199883
test,T2,28.7,7.0329137
test,T2,28.7,8.942816
test,T2,28.7,10.667791
test,T2,28.7,10.464862
test,T2,28.7,9.622339
test,T2,28.7,8.610477
test,T2,28.7,9.38531
test,T2,28.8775,11.280933
test,T2,29.3775,11.776934
test,T2,29.7,9.867637
test,T2,29.7,11.09195
test,T2,29.7,9.730808
test,T2,29.7,7.64985
test,T2,29.7,9.01352
test,T2,29.7,8.177454
test,T2,29.7,6.9803104
test,T2,29.8775,8.264915
test,T2,30.3775,9.761011
test,T2,30.7,11.159947
test,T2,30.7,9.805962
test,T2,30.7,9.999129
test,T2,30.7,9.8713875
test,T2,30.7,8.069589
test,T2,30.7,8.191201
test,T2,30.7,10.208248
test,T2,30.8633,9.344305
test,T2,31.3233,10.405884
test,T2,31.62,9.977332
test,T2,31.62,9.300617
test,T2,31.62,10.1950035
test,T2,31.62,8.969951
test,T2,31.62,9.567968
test,T2,31.62,9.322685
test,T2,31.62,8.799282
test,T2,31.8543,8.749383
test,T2,32.5143,7.8911405
test,T2,32.94,8.770288
test,T2,32.94,9.17695
test,T2,32.94,9.06029
test,T2,32.94,7.4045424
test,T2,32.94,9.634134
test,T2,32.94,9.363552
test,T2,32.94,8.401919
test,T2,32.69897,7.826032
test,T2,32.01897,8.824157
test,T2,31.58,9.1818495
test,T2,31.58,10.104345
test,T2,31.58,10.115751
test,T2,31.58,8.731916
test,T2,31.58,7.1360745
test,T2,31.58,8.546522
test,T2,31.58,10.527981
test,T2,31.500126,10.810186
test,T2,31.275126,11.679161
test,T2,31.13,9.233307
test,T2,31.13,8.037804
test,T2,31.13,9.380581
test,T2,31.13,9.663919
test,T2,31.13,8.844917
test,T2,31.13,9.375912
test,T2,31.13,9.971672
test,T2,31.145975,8.947855
test,T2,31.190975,10.124893
test,T2,31.22,10.891521
test,T2,31.22,8.225767
test,T2,31.22,7.6916304
test,T2,31.22,9.665405
test,T2,31.22,9.895805
test,T2,31.22,9.6697445
test,T2,31.22,10.659695
test,T2,30.96795,10.082296
test,T2,30.25795,9.133979
test,T2,29.8,9.934708
test,T2,29.8,9.810776
test,T2,29.8,9.189499
test,T2,29.8,9.425026
test,T2,29.8,9.315517
test,T2,29.8,7.983004
test,T2,29.8,8.794483
test,T2,29.842545,9.05975
test,T2,29.962545,9.676853
test,T2,30.04,9.423012
test,T2,30.04,8.805782
test,T2,30.04,8.203623
test,T2,30.04,9.007862
test,T2,30.04,9.3573265
test,T2,30.04,9.784916
test,T2,30.04,9.620787
test,T2,30.027575,8.564901
test,T2,29.992575,9.65809
test,T2,29.97,8.561472
test,T2,29.97,7.7827706
test,T2,29.97,8.522628
test,T2,29.97,8.75618
test,T2,29.97,8.672267
test,T2,29.97,9.085875
test,T2,29.97,9.917536
test,T2,29.886576,9.781201
test,T2,29.651575,8.142659
test,T2,29.5,7.9503293
test,T2,29.5,9.116851
test,T2,29.5,9.601126
test,T2,29.5,10.501405
test,T2,29.5,10.144932
test,T2,29.5,11.306608
test,T2,29.5,12.164662
test,T2,29.63135,11.625322
test,T2,30.00135,9.20253
test,T2,30.24,8.40201
test,T2,30.24,9.077436
test,T2,30.24,10.240366
test,T2,30.24,11.316789
test,T2,30.24,9.139639
test,T2,30.24,8.651499
test,T2,30.24,9.984095
test,T2,30.337626,12.289579
test,T2,30.612625,10.034609
test,T2,30.79,7.544598
test,T2,30.79,8.984754
test,T2,30.79,9.400135
test,T2,30.79,8.644003
test,T2,30.79,8.331026
test,T2,30.79,12.381303
test,T2,30.79,12.499901
test,T2,30.86455,10.031335
test,T2,31.07455,11.627176
test,T2,31.21,12.157347
test,T2,31.21,11.387598
test,T2,31.21,10.831873
test,T2,31.21,9.614078
test,T2,31.21,11.7027855
test,T2,31.21,10.706497
test,T2,31.21,9.812289
test,T2,31.135334,9.951767
test,T2,30.925333,10.029645
test,T2,30.79,10.005664
test,T2,30.79,11.320385
test,T2,30.79,11.798513
test,T2,30.79,10.334708
test,T2,30.79,10.263367
test,T2,30.79,9.211516
test,T2,30.79,9.187492
test,T2,30.8681,8.826742
test,T2,31.0881,8.137869
test,T2,31.23,9.177919
test,T2,31.23,9.151632
test,T2,31.23,8.739094
test,T2,31.23,9.640144
test,T2,31.23,8.836669
test,T2,31.23,9.953023
test,T2,31.23,12.1884575
test,T2,31.329556,10.303387
test,T2,31.609556,10.355066
test,T2,31.79,10.976918
test,T2,31.79,10.364516
test,T2,31.79,11.084602
test,T2,31.79,13.589449
test,T2,31.79,11.243593
test,T2,31.79,8.874812
test,T2,31.79,9.348544
test,T2,31.433226,8.34551
test,T2,30.428225,9.6143465
test,T2,29.78,8.338554
test,T2,29.78,7.339284
test,T2,29.78,8.993546
test,T2,29.78,10.461039
test,T2,29.78,8.526573
test,T2,29.78,8.186374
test,T2,29.78,10.801175
test,T2,29.76225,9.3867855
test,T2,29.71225,7.817995
test,T2,29.68,9.58105
test,T2,29.68,9.805992
test,T2,29.68,11.03274
test,T2,29.68,12.846351
test,T2,29.68,14.120969
test,T2,29.68,11.213383
test,T2,29.68,8.381624
test,T2,29.4883,8.769527
test,T2,28.9483,8.492683
test,T2,28.6,7.814235
test,T2,28.6,8.407382
test,T2,28.6,8.632988
test,T2,28.6,8.212374
test,T2,28.6,9.629133
test,T2,28.6,11.120565
test,T2,28.6,11.51189
test,T2,28.708275,10.890406
test,T2,29.013275,9.181516
test,T2,29.21,8.499474
test,T2,29.21,9.240086
test,T2,29.21,9.903955
test,T2,29.21,9.630098
test,T2,29.21,9.0285225
test,T2,29.21,9.590988
test,T2,29.21,8.698042
test,T2,29.263334,8.415886
test,T2,29.413334,11.085247
test,T2,29.51,9.766022
test,T2,29.51,8.269623
test,T2,29.51,9.322896
test,T2,29.51,9.282332
test,T2,29.51,8.88339
test,T2,29.51,8.766206
test,T2,29.51,7.082152
test,T2,29.45846,7.7423964
test,T2,29.313461,8.975637
test,T2,29.22,7.791104
test,T2,29.22,8.144081
test,T2,29.22,8.074682
test,T2,29.22,8.3758
test,T2,29.22,10.867112
test,T2,29.22,11.417887
test,T2,29.22,9.870047
test,T2,29.360226,7.6838875
test,T2,29.755224,9.701124
test,T2,30.01,11.669601
test,T2,30.01,9.232361
test,T2,30.01,11.396981
test,T2,30.01,11.752384
test,T2,30.01,8.466601
test,T2,30.01,9.250738
test,T2,30.01,9.385138
test,T2,30.164425,8.586665
test,T2,30.599424,10.819971
test,T2,30.88,9.97906
test,T2,30.88,9.17058
test,T2,30.88,9.374075
test,T2,30.88,7.9412026
test,T2,30.88,8.541824
test,T2,30.88,9.072075
test,T2,30.88,8.6348715
test,T2,30.99715,9.202208
test,T2,31.32715,9.536041
test,T2,31.54,9.086019
test,T2,31.54,8.017371
test,T2,31.54,8.114217
test,T2,31.54,9.217415
test,T2,31.54,10.95393
test,T2,31.54,12.147102
test,T2,31.54,11.546094
test,T2,31.52225,9.49486
test,T2,31.47225,8.370012
test,T2,31.44,9.339126
test,T2,31.44,11.954849
test,T2,31.44,14.01828
test,T2,31.44,11.929577
test,T2,31.44,7.9772906
test,T2,31.44,7.896072
test,T2,31.44,9.887253
test,T2,31.4897,10.876891
test,T2,31.6297,9.748537
test,T2,31.72,8.729187
test,T2,31.72,8.839924
test,T2,31.72,7.7518344
test,T2,31.72,7.7874546
test,T2,31.72,8.278085
test,T2,31.72,9.975301
test,T2,31.72,9.83684
test,T2,31.563604,9.013377
test,T2,31.123604,9.978956
test,T2,30.84,10.594073
test,T2,30.84,11.092078
test,T2,30.84,12.913106
test,T2,30.84,10.7733965
test,T2,30.84,9.292795
test,T2,30.84,11.416529
test,T2,30.84,11.119694
test,T2,30.7903,12.151865
test,T2,30.6503,10.652096
test,T2,30.56,7.3994617
test,T2,30.56,6.8219423
test,T2,30.56,9.91654
test,T2,30.56,9.678668
test,T2,30.56,10.536465
test,T2,30.56,12.068851
test,T2,30.56,10.439611
test,T2,30.504974,8.783016
test,T2,30.349976,12.767876
test,T2,30.25,12.999125
test,T2,30.25,10.508402
test,T2,30.25,10.259516
test,T2,30.25,11.296608
test,T2,30.25,9.53756
test,T2,30.25,10.127385
test,T2,30.25,10.801202
test,T2,30.400875,10.051695
test,T2,30.825874,8.092994
test,T2,31.1,7.3391376
test,T2,31.1,9.305467
test,T2,31.1,12.150656
test,T2,31.1,10.811716
test,T2,31.1,11.282733
test,T2,31.1,10.57186
test,T2,31.1,9.102299
test,T2,31.194075,8.498017
test,T2,31.459076,7.282163
test,T2,31.63,7.29625
test,T2,31.63,7.697903
test,T2,31.63,6.9633727
test,T2,31.63,8.169571
test,T2,31.63,8.410879
test,T2,31.63,8.037037
test,T2,31.63,8.900378
test,T2,31.59095,7.157801
test,T2,31.48095,8.408289
test,T2,31.41,12.829309
test,T2,31.41,12.0389
test,T2,31.41,10.7898855
test,T2,31.41,8.975317
test,T2,31.41,9.495414
test,T2,31.41,10.264095
test,T2,31.41,9.756672
test,T2,31.230724,8.616952
test,T2,30.725725,9.773778
test,T2,30.4,10.967566
test,T2,30.4,9.132614
test,T2,30.4,8.593242
test,T2,30.4,10.074051
test,T2,30.4,7.8476005
test,T2,30.4,8.169962
test,T2,30.4,8.991646
test,T2,30.1089,9.245745
test,T2,29.2889,10.5898905
test,T2,28.76,10.249777
test,T2,28.76,8.071099
test,T2,28.76,8.672065
test,T2,28.76,10.2492485
test,T2,28.76,10.119322
test,T2,28.76,8.561197
test,T2,28.76,7.800508
test,T2,28.57895,8.9339
test,T2,28.06895,9.368753
test,T2,27.74,12.317517
test,T2,27.74,11.280069
test,T2,27.74,10.4825115
test,T2,27.74,10.523813
test,T2,27.74,10.260683
test,T2,27.74,9.663738
test,T2,27.74,7.9142632
test,T2,27.4489,7.9326496
test,T2,26.6289,8.652876
test,T2,26.1,9.49031
test,T2,26.1,9.446932
test,T2,26.1,9.066055
test,T2,26.1,9.562699
test,T2,26.1,9.964571
test,T2,26.1,11.995924
test,T2,26.1,10.201285
test,T2,25.459225,8.992429
test,T2,23.654224,9.711697
test,T2,22.49,8.2098875
test,T2,22.49,8.056341
test,T2,22.49,8.82345
test,T2,22.49,12.364103
test,T2,22.49,15.674892
test,T2,22.49,13.293173
test,T2,22.49,8.443762
test,T2,21.082424,6.658698
test,T2,17.117426,7.4567304
test,T2,14.56,6.0411453
test,T2,14.56,4.804681
test,T2,14.56,10.827934
test,T2,14.56,14.461784
test,T2,14.56,14.211523
test,T2,14.56,12.63628
test,T2,14.56,10.43852
test,T2,13.7861,10.100732
test,T2,11.6061,11.284916
test,T2,10.2,10.852955
test,T2,10.2,10.294691
test,T2,10.2,10.478731
test,T2,10.2,9.11264
test,T2,10.2,8.472355
test,T2,10.2,10.215887
test,T2,10.2,16.499681
test,T2,9.221975,17.656973
test,T2,6.466975,10.317233
test,T2,4.69,9.332006
test,T2,4.69,10.594407
test,T2,4.69,9.823214
test,T2,4.69,8.764595
test,T2,4.69,7.692566
test,T2,4.69,7.5940766
test,T2,4.69,8.126406
test,T2,3.95664,8.992769
test,T2,1.89664,9.533731
test,T2,0.57,7.983135
test,T2,0.57,8.047069
test,T2,0.57,10.846284
test,T2,0.57,10.076851
test,T2,0.57,8.569578
test,T2,0.57,8.01945
