split,trip_id,reference_velocity,predicted_velocity
val,M,6.0703335,7.1050267
val,M,6.7109585,5.727357
val,M,7.3174305,3.2522786
val,M,7.5235972,3.049624
val,M,7.2462363,4.7153397
val,M,6.970097,4.534699
val,M,6.8616943,2.8251064
val,M,6.6521387,3.0742643
val,M,6.6161942,3.1640346
val,M,6.784986,3.2858965
val,M,6.8515697,3.3654125
val,M,7.039639,3.595951
val,M,7.260736,3.4982808
val,M,7.349292,3.2043478
val,M,7.603597,3.5826516
val,M,7.9375415,3.5754755
val,M,8.047681,3.1826446
val,M,7.8522224,3.3832543
val,M,7.0657363,3.1089978
val,M,6.0894165,3.0960493
val,M,6.005722,3.157325
val,M,6.793514,3.2171595
val,M,7.593,3.778629
val,M,7.7328057,3.769457
val,M,7.2499304,3.3501499
val,M,6.72675,3.3379455
val,M,6.568028,3.3643596
val,M,6.6511526,3.5050044
val,M,6.5866666,3.5503218
val,M,6.5392637,3.541372
val,M,6.7968473,3.2536516
val,M,7.103236,3.3760335
val,M,7.1275973,3.550017
val,M,6.999944,3.515651
val,M,6.9460278,3.4190006
val,M,6.898667,3.381348
val,M,6.8617363,3.6398575
val,M,6.929,3.773772
val,M,7.1562777,4.168762
val,M,7.3714585,4.189234
val,M,7.423236,3.8108509
val,M,7.4088473,3.5638077
val,M,7.423625,5.9094095
val,M,7.42175,7.802389
val,M,7.3674026,7.148778
val,M,7.401653,11.416343
val,M,7.572361,13.138757
val,M,7.7030973,10.146661
val,M,7.7068887,9.888851
val,M,7.6562085,8.946766
val,M,7.618236,9.058555
val,M,7.5151944,10.235739
val,M,7.376042,10.192786
val,M,7.3910418,10.06657
val,M,7.524889,8.651178
val,M,7.6019583,8.365631
val,M,7.5846806,8.266221
val,M,7.544028,8.491373
val,M,7.558986,9.114483
val,M,7.6483335,11.209194
val,M,7.76675,9.913755
val,M,7.864403,7.953372
val,M,7.829375,8.96638
val,M,7.6944304,9.370045
val,M,7.5975,8.8702
val,M,7.5680137,8.843012
val,M,7.6216526,8.4144125
val,M,7.646347,9.988428
val,M,7.501167,11.86238
val,M,7.347708,14.822564
val,M,7.365097,16.45094
val,M,7.500819,12.813034
val,M,7.485653,11.551332
val,M,7.0660415,12.304534
val,M,6.430222,11.106989
val,M,5.841264,9.095812
val,M,5.51575,9.766446
val,M,5.5750833,8.789676
val,M,5.7949443,8.571197
val,M,5.9516387,9.923189
val,M,6.0114307,10.053926
val,M,6.008333,8.017977
val,M,5.9445834,8.603464
val,M,5.8428054,9.821492
val,M,5.779986,11.560467
val,M,5.7314444,13.671911
val,M,5.7198195,10.590023
val,M,5.8374863,9.047577
val,M,6.023361,11.199034
val,M,6.138278,10.430946
val,M,6.178389,9.586258
val,M,6.2146945,12.463474
val,M,6.2291527,18.030462
val,M,6.2021666,16.449373
val,M,6.167514,10.010628
val,M,6.1445556,8.873367
val,M,6.137653,7.4640565
val,M,6.1894584,8.085982
val,M,6.362861,8.839935
val,M,6.600097,9.426226
val,M,6.764472,12.829897
val,M,6.828597,15.294605
val,M,6.815986,10.089909
val,M,6.7727637,8.85993
val,M,6.715,8.5216055
val,M,6.6276946,8.06638
val,M,6.5151944,9.085667
val,M,6.45775,9.721569
val,M,6.537431,10.93386
val,M,6.6519723,9.822884
val,M,6.6969028,10.408436
val,M,6.6808195,14.277526
val,M,6.6135416,11.751445
val,M,6.5228333,8.5137615
val,M,6.41525,9.590979
val,M,6.3055553,10.505175
val,M,6.231403,13.149252
val,M,6.248833,12.153202
val,M,6.380139,7.495576
val,M,6.419194,7.5285425
val,M,6.346375,8.584682
val,M,6.306139,9.012604
val,M,6.2817082,7.321308
val,M,6.252042,8.22539
val,M,6.1973333,9.825218
val,M,6.145986,9.215127
val,M,6.0269723,9.144794
val,M,5.7917776,7.9291573
val,M,5.591347,9.473752
val,M,5.504778,12.559515
val,M,5.535903,12.991367
val,M,5.681875,10.96664
val,M,5.8428473,7.7168007
val,M,5.9125,11.306118
val,M,5.9149027,12.3411045
val,M,5.931361,11.356834
val,M,5.9694304,11.746584
val,M,5.973111,10.583139
val,M,5.9650974,9.451395
val,M,6.0078053,10.920519
val,M,6.046403,12.245157
val,M,6.03925,10.909708
val,M,5.991903,7.1245327
val,M,5.9480696,8.426383
val,M,5.9158473,9.249844
val,M,5.847736,7.1755857
val,M,5.774847,5.45102
val,M,5.7268887,5.2870317
val,M,5.7595835,5.9223976
val,M,5.918097,4.468442
val,M,6.118014,4.451625
val,M,6.263875,3.905712
val,M,6.3367224,2.8765094
val,M,6.3209305,2.6807396
val,M,6.249181,2.86659
val,M,6.1495557,3.2149732
val,M,6.0310974,3.689387
val,M,5.9286113,3.4697826
val,M,5.8925695,3.6398284
val,M,5.994583,3.7711256
val,M,6.1756945,3.0698478
val,M,6.3184724,3.1507223
val,M,6.373903,3.482271
val,M,6.3435974,3.1707041
val,M,6.280486,3.4800708
val,M,6.2354026,3.1297834
val,M,6.192375,2.6653094
val,M,6.134111,3.0989454
val,M,6.1038613,3.7364638
val,M,6.1032085,3.1510851
val,M,6.1344166,2.8061404
val,M,6.1795278,2.99674
val,M,6.181514,3.2750192
val,M,6.1356945,3.363605
val,M,6.0442085,2.9900715
val,M,5.9365554,2.8098943
val,M,5.82625,2.9182622
val,M,5.712,3.135114
val,M,5.6378613,3.145447
val,M,5.6675835,3.525816
val,M,5.800958,3.4409642
val,M,5.958847,3.6396735
val,M,6.0654583,3.744561
val,M,6.087847,3.5311654
val,M,6.0438333,3.731019
val,M,5.97675,4.071179
val,M,5.8957086,5.6348963
val,M,5.8118887,6.439457
val,M,5.7591805,5.2390804
val,M,5.7840695,4.0607834
val,M,5.9061804,3.581944
val,M,6.042444,3.6392822
val,M,6.081153,3.470052
val,M,6.02375,3.1875002
val,M,5.933639,3.7141325
val,M,5.834486,4.060085
val,M,5.7360697,5.628227
val,M,5.553736,8.964412
val,M,5.245403,9.323034
val,M,5.001361,5.801483
val,M,4.968222,3.7451994
val,M,5.072625,3.3718827
val,M,5.2260137,3.8075526
val,M,5.382639,4.8505206
val,M,5.4933333,7.1247015
val,M,5.535139,9.411227
val,M,5.4915695,8.084744
val,M,5.4010277,3.8013353
val,M,5.3548055,6.7783823
val,M,5.4083195,12.79348
val,M,5.517208,13.454087
val,M,5.6165833,12.459142
val,M,5.553889,12.675556
val,M,5.247889,10.300236
val,M,4.791625,8.280712
val,M,4.2602777,7.9842978
val,M,3.7624862,8.55286
val,M,3.2339306,10.200382
val,M,2.5491529,12.363661
val,M,1.8040138,9.908485
val,M,1.1694584,8.720528
val,M,0.90225,10.109188
val,M,1.2493472,9.801575
val,M,2.6253471,7.7904797
val,M,3.7244444,7.0067835
val,M,3.1518888,8.681049
val,M,1.571875,8.2816515
val,M,0.32988888,7.1361437
val,M,0.8100972,8.641972
val,M,1.4272083,9.4814205
val,M,0.87831944,9.739111
val,M,1.6795695,10.279903
val,M,4.684222,9.908706
val,M,8.196362,14.334004
val,M,10.453903,11.602533
val,M,10.9065,8.200801
val,M,10.705444,9.966192
val,M,10.393888,14.037889
val,M,9.976611,14.71027
val,M,9.56768,11.968786
val,M,9.244638,9.959375
val,M,9.1125,9.109609
val,M,9.079264,12.457278
val,M,9.123847,11.771095
val,M,9.372848,7.979594
val,M,9.852195,11.29968
val,M,10.544097,11.319749
val,M,11.3295,8.797792
val,M,11.855097,9.900388
val,M,12.169903,9.824059
val,M,12.554694,10.793463
val,M,12.919736,12.26578
val,M,13.08275,14.120857
val,M,12.902403,11.35655
val,M,12.3371525,7.11915
val,M,11.668639,10.632494
val,M,11.161056,11.346148
val,M,11.115806,7.125985
val,M,11.600639,7.3435116
val,M,12.17325,9.844345
val,M,12.485736,10.818842
val,M,12.45925,10.15725
val,M,12.42382,8.536917
val,M,12.691153,7.357419
val,M,12.994638,7.5069594
val,M,13.091945,11.532127
val,M,13.151389,11.8144
val,M,13.440778,8.257212
val,M,13.953486,9.54807
val,M,14.719625,10.308534
val,M,15.813945,11.322329
val,M,17.017958,9.359446
val,M,18.113111,9.646176
val,M,18.65175,12.919826
val,M,18.62461,12.434487
val,M,18.44411,10.546025
val,M,18.216042,8.338627
val,M,18.11282,9.142281
val,M,18.159014,10.011001
val,M,18.147736,9.936067
val,M,17.986944,9.570036
val,M,17.618763,9.957766
val,M,17.421778,9.338064
val,M,17.604458,13.810976
val,M,17.790333,13.669504
val,M,17.867598,8.80073
val,M,17.489292,8.212971
val,M,17.354626,7.8706923
val,M,17.670584,8.252188
val,M,17.60275,7.797801
val,M,17.543028,7.711488
val,M,17.231777,7.7317514
val,M,17.118723,8.690716
val,M,17.42786,10.771069
val,M,17.489779,10.353628
val,M,17.527819,8.035115
val,M,17.598846,8.45169
val,M,17.672709,7.850149
val,M,17.819902,7.720461
val,M,18.048166,10.909836
val,M,18.238861,12.914301
val,M,18.390541,11.55257
val,M,18.43593,12.65695
val,M,18.504486,10.127024
val,M,18.545444,8.144717
val,M,18.471277,8.605939
val,M,18.37439,8.340068
val,M,18.22332,8.024691
val,M,18.071806,7.894294
val,M,17.795958,7.4921803
val,M,16.82386,8.592878
val,M,14.948903,8.57189
val,M,13.436944,7.4148226
val,M,6.5112915,8.98629
val,M,0.0,10.548273
val,M,1.032087e-11,9.557034
val,M,7.5595,7.9508476
val,M,16.036596,6.8585625
val,M,16.971737,7.311718
val,M,17.027945,7.9700537
val,M,17.139957,8.015452
val,M,17.31479,7.5818615
val,M,17.536346,9.133058
val,M,17.745764,12.665392
val,M,17.89782,10.95334
val,M,17.944014,8.1348505
val,M,17.870235,10.89534
val,M,17.729097,10.875748
val,M,17.551708,9.412073
val,M,17.408958,8.61466
val,M,17.363472,7.904791
val,M,17.391459,10.219681
val,M,17.449514,12.223562
val,M,17.512028,11.372976
val,M,17.547209,10.033348
val,M,17.434694,8.274577
val,M,17.308487,11.67028
val,M,17.348278,12.286037
val,M,17.301653,9.674791
val,M,17.039362,9.96608
val,M,16.640583,11.070503
val,M,15.851944,12.3804655
val,M,15.18968,11.228602
val,M,15.274208,8.898954
val,M,15.639903,8.43255
val,M,15.906097,10.201754
val,M,16.060236,11.079645
val,M,16.193832,7.708037
val,M,16.299652,8.681619
val,M,16.35257,10.513792
val,M,16.277458,11.302427
val,M,15.849195,10.144354
val,M,15.043222,10.34166
val,M,14.419458,12.298707
val,M,14.287111,13.88497
val,M,14.467847,11.513554
val,M,14.961847,12.293251
val,M,15.467459,11.800108
val,M,15.78975,8.663175
val,M,16.119541,9.094124
val,M,16.450708,11.327534
val,M,16.624445,15.016347
val,M,16.682096,12.789549
val,M,16.791374,8.816795
val,M,16.903723,9.682923
val,M,16.834362,9.920522
val,M,16.946861,10.99035
val,M,17.111458,12.764817
val,M,11.9215555,10.78409
val,M,9.341,14.091791
val,M,14.285556,9.376007
val,M,16.567194,4.078746
val,M,16.306486,2.8859446
val,M,16.157,2.3867412
val,M,16.06479,2.3563817
val,M,15.889639,2.8132174
val,M,15.612597,3.2552698
val,M,15.185083,3.5345056
val,M,14.708583,3.4734647
val,M,14.146875,3.351779
val,M,13.526278,2.9022222
val,M,12.906709,2.729015
val,M,12.403722,2.8144274
val,M,12.09157,2.7457726
val,M,11.809611,2.9249623
val,M,11.226264,3.0767848
val,M,10.369736,3.0150898
val,M,9.588722,3.5841854
val,M,8.919236,3.427614
val,M,8.636778,2.9303505
val,M,9.018056,2.9517405
val,M,9.820723,3.022919
val,M,10.509694,2.9305856
val,M,10.769347,2.766398
val,M,10.962209,2.5296004
val,M,11.366639,2.7204473
val,M,11.755834,2.8616936
val,M,12.333208,2.945257
val,M,12.875334,3.111233
val,M,13.095667,2.9657228
val,M,13.254598,3.175854
val,M,13.320153,3.1358593
val,M,13.326819,2.904549
val,M,13.292931,3.2016804
val,M,13.423458,3.1013825
val,M,13.60225,2.8864224
val,M,13.7688055,2.90508
val,M,14.084556,10.552919
val,M,14.285209,12.464843
val,M,14.316264,5.5163198
val,M,14.151958,4.658269
val,M,13.68575,5.4964504
val,M,13.0627365,6.222417
val,M,12.494125,7.627508
val,M,12.014986,8.897957
val,M,11.602639,6.0282855
val,M,11.368153,2.9509985
val,M,11.347139,5.016959
val,M,11.450723,5.776408
val,M,11.594861,4.5780544
val,M,11.770875,5.6318026
val,M,12.0859165,4.784438
val,M,12.40625,4.4645505
val,M,12.503986,3.987504
val,M,12.463208,4.9521146
val,M,12.411764,8.696386
val,M,12.317862,8.848763
val,M,12.274764,7.1583476
val,M,12.301291,6.9342985
val,M,12.256736,7.4503183
val,M,12.162833,11.25498
val,M,12.183792,13.467711
val,M,12.257709,14.470211
val,M,12.281709,11.526003
val,M,12.246458,9.6191025
val,M,12.152667,9.995249
val,M,12.162569,10.302552
val,M,12.190861,9.683896
val,M,12.219848,9.472775
val,M,12.262042,11.131945
val,M,12.230972,13.304049
val,M,12.303528,12.688847
val,M,12.516306,14.742077
val,M,12.6900835,13.619446
val,M,12.749042,12.049783
val,M,12.713902,13.643627
val,M,12.657444,10.273238
val,M,12.6045,10.793212
val,M,12.570389,9.233381
val,M,12.5541115,12.920441
val,M,12.535819,14.840057
val,M,12.535903,10.387363
val,M,12.534361,10.597946
val,M,12.521459,10.329105
val,M,12.509681,9.802811
val,M,12.487431,11.306729
val,M,12.42775,10.87574
val,M,12.355348,10.67787
val,M,12.27093,11.366297
val,M,12.184569,10.300704
val,M,12.1125,9.675983
val,M,12.098375,8.430918
val,M,12.124958,8.201929
val,M,12.115861,5.218391
val,M,12.028125,3.2000177
val,M,11.857542,2.6660397
val,M,11.624291,3.201788
val,M,11.0929165,3.7144513
val,M,10.187458,5.483914
val,M,9.270389,9.3635845
val,M,8.627264,11.856947
val,M,8.23757,11.821978
val,M,7.989139,8.814262
val,M,7.8688474,11.916417
val,M,7.969097,11.899363
val,M,8.367194,8.803239
val,M,8.882584,8.952875
val,M,9.400666,8.725465
val,M,9.97593,5.7676086
val,M,10.395445,2.5807583
val,M,10.530306,2.90712
val,M,10.514764,4.38976
val,M,10.378542,5.172867
val,M,10.161,7.35066
val,M,10.029208,6.4371777
val,M,9.952389,2.6353014
val,M,9.829833,2.015117
val,M,9.337334,2.0985107
val,M,8.096736,1.7481536
val,M,6.080097,2.1041303
val,M,3.890736,2.1126988
val,M,2.9166806,1.7118092
val,M,3.7055,2.042925
val,M,5.4900694,2.0167923
val,M,7.413889,1.5623944
val,M,8.939917,1.8979869
val,M,9.850458,2.2812471
val,M,10.305667,1.6028521
val,M,10.527069,1.4554265
val,M,10.635403,1.4007338
val,M,10.70282,1.5089316
val,M,10.69,1.7303891
val,M,10.584473,1.2537166
val,M,10.506375,1.2644293
val,M,10.462222,1.9111037
val,M,10.389402,1.4081254
val,M,10.434014,1.4496623
val,M,10.693764,1.4621003
val,M,10.933847,1.4636271
val,M,11.075042,1.6216913
val,M,11.240986,1.415324
val,M,11.389347,1.3201506
val,M,11.564389,2.00349
val,M,11.588875,1.6587801
val,M,11.33375,1.567551
val,M,10.944041,1.6080253
val,M,10.482458,1.498212
val,M,10.011653,1.4464166
val,M,9.563972,1.0556157
val,M,9.120791,1.6221695
val,M,8.660958,2.721275
val,M,8.220014,4.0338125
val,M,7.7595835,8.5966215
val,M,7.0981946,14.034119
val,M,6.1411667,11.78874
val,M,5.1089444,7.9070535
val,M,4.114972,10.565374
val,M,3.09125,11.687754
val,M,2.115986,16.43147
val,M,1.2150834,14.086473
val,M,0.433125,9.823114
val,M,0.05525,13.642694
val,M,0.01575,16.898962
val,M,0.012986111,13.194384
val,M,0.013930555,11.931335
val,M,0.017541667,14.677172
val,M,0.018847222,16.76779
val,M,0.022944445,14.295392
val,M,0.02738889,9.906326
val,M,0.024916667,11.803314
val,M,0.022666667,13.034672
val,M,0.021694444,12.26145
val,M,0.021930555,11.977684
val,M,0.022388889,10.336926
val,M,0.020972222,11.763176
val,M,0.013305555,19.502998
val,M,0.011638889,18.668629
val,M,0.013833334,11.103715
val,M,0.013791666,14.255442
val,M,0.013972222,16.527567
val,M,0.011305556,17.289509
val,M,0.009736111,18.777607
val,M,0.041666668,16.35255
val,M,0.92845833,15.794927
val,M,3.0058334,15.592668
val,M,5.132764,16.463541
val,M,6.7466664,17.000883
val,M,8.021319,13.440313
val,M,9.009222,11.917018
val,M,9.902861,9.472792
val,M,10.812959,4.9113526
val,M,11.709639,2.320027
val,M,12.328847,1.7684573
val,M,12.3509445,1.5785804
val,M,12.095708,1.9681761
val,M,11.900945,1.7823476
val,M,12.126416,1.4528668
val,M,12.561889,1.6316125
val,M,12.742111,1.5535012
val,M,12.815056,1.5601596
val,M,12.979889,2.7842648
val,M,13.21918,2.7890496
val,M,13.328777,1.6310624
val,M,13.393986,1.4079412
val,M,13.451583,1.1898233
val,M,13.5448475,1.5575051
val,M,13.778209,1.6293864
val,M,14.080861,1.645801
val,M,14.365708,1.674592
val,M,14.631986,1.5248498
val,M,14.954431,1.5699222
val,M,15.415139,2.0030897
val,M,16.050486,2.0046961
val,M,16.604403,1.8055738
val,M,17.007555,4.691617
val,M,17.364,11.017187
val,M,17.640152,11.172537
val,M,17.840334,13.018395
val,M,18.059431,14.632798
val,M,18.227,15.407253
val,M,18.247736,17.191515
val,M,18.196014,13.808692
val,M,17.851444,12.728671
val,M,17.22725,15.658755
val,M,16.627388,14.872839
val,M,16.03739,12.549627
val,M,15.422639,10.879738
val,M,14.790459,11.271971
val,M,14.040097,12.219363
val,M,12.945194,13.9873085
val,M,11.344848,14.707035
val,M,9.611806,12.904051
val,M,8.500014,12.095375
val,M,7.9166946,15.76787
val,M,7.46375,16.583393
val,M,7.1917915,14.465443
val,M,7.0600834,15.323333
val,M,7.0824585,20.56901
val,M,7.5445137,20.133799
val,M,8.587472,17.11837
val,M,9.67425,17.267803
val,M,10.528084,15.100318
val,M,11.307083,14.226022
val,M,12.080722,13.202322
val,M,12.737083,10.414418
val,M,13.099861,10.341444
val,M,13.220612,16.117956
val,M,13.278722,16.03029
val,M,13.302139,13.176445
val,M,13.13975,12.9642105
val,M,12.873042,10.883383
val,M,12.694056,9.589054
val,M,12.540958,11.168108
val,M,12.403958,11.737421
val,M,12.158083,12.518669
val,M,11.742986,12.869959
val,M,11.29668,14.285194
val,M,10.747903,11.080513
val,M,9.87693,11.226322
val,M,8.834347,12.319235
val,M,8.006583,13.647373
val,M,7.4991946,13.060211
val,M,7.363458,11.647643
val,M,7.657111,12.291767
val,M,8.1149025,12.24831
val,M,8.796111,8.290142
val,M,9.791862,10.994581
val,M,10.745486,11.511109
val,M,11.605583,13.992264
val,M,12.440653,15.182497
val,M,13.070666,8.528625
val,M,13.2097225,4.050089
val,M,13.091473,5.929291
val,M,13.081805,5.9507365
val,M,13.116014,4.245681
val,M,13.118667,5.1043515
val,M,13.132764,6.1272025
val,M,13.151361,7.046891
val,M,13.201263,4.8999567
val,M,13.2583885,3.7219317
val,M,13.278584,3.9167097
val,M,13.283417,3.2307835
val,M,13.289264,2.761237
val,M,13.27275,2.8504312
val,M,13.244542,3.692895
val,M,13.246347,4.070359
val,M,13.249792,3.3760626
val,M,13.242708,9.666482
val,M,13.245431,13.130369
val,M,13.196236,9.71237
val,M,13.151652,12.473492
val,M,13.165667,11.667795
val,M,13.171375,8.289116
val,M,13.139444,9.886335
val,M,13.027847,14.427494
val,M,13.034194,13.914884
val,M,13.117695,9.455639
val,M,12.958917,10.983787
val,M,12.922472,13.4024935
val,M,13.045139,15.135111
val,M,13.0485,13.204016
val,M,13.082209,10.046419
val,M,13.034917,9.917368
val,M,12.593153,12.176478
val,M,11.293931,12.647846
val,M,9.744,8.824955
val,M,9.015917,5.9591966
val,M,8.898861,5.2289143
val,M,8.666805,8.5821905
val,M,8.035139,7.2911215
val,M,7.333542,5.6899214
val,M,6.898361,5.0062456
val,M,6.919014,5.3787103
val,M,7.0721664,7.7519875
val,M,7.1728473,6.112111
val,M,7.4852085,5.705623
val,M,7.9712777,8.120326
val,M,8.643416,10.0795765
val,M,9.466097,13.602541
val,M,10.270139,12.758639
val,M,10.907458,9.722342
val,M,11.010667,10.67219
val,M,10.521402,10.474329
val,M,9.80725,11.282087
val,M,8.994208,11.262628
val,M,8.423597,11.450903
val,M,8.582639,11.660032
val,M,9.198833,9.8155575
val,M,10.092472,11.402108
val,M,11.249458,14.134207
val,M,12.262764,14.571085
val,M,12.883014,13.546282
val,M,13.10757,12.855568
val,M,13.066028,11.403106
val,M,12.734528,12.257368
val,M,12.510041,9.687943
val,M,12.625736,5.456669
val,M,12.734208,4.24998
val,M,12.70282,2.461386
val,M,12.522458,2.8324578
val,M,12.486944,6.728874
val,M,12.674556,6.8751173
val,M,12.773708,3.6128914
val,M,12.613889,10.564768
val,M,12.308416,13.811843
val,M,12.060375,13.614229
val,M,11.846264,13.748302
val,M,11.726653,17.306265
val,M,11.755889,18.4378
val,M,11.852305,12.930359
val,M,11.817361,11.485003
val,M,11.570806,12.258325
val,M,11.304209,19.391077
val,M,11.110917,18.046438
val,M,10.913417,13.121084
val,M,10.735945,13.101027
val,M,10.635834,11.340007
val,M,10.5778055,17.025225
val,M,10.725306,16.934954
val,M,11.2387085,13.150953
val,M,11.845014,14.298569
val,M,12.6145,15.539627
val,M,13.399597,14.902915
val,M,13.648903,13.477106
val,M,13.569305,12.831785
val,M,13.551403,14.658473
val,M,13.636791,12.817312
val,M,13.769722,13.733217
val,M,13.929542,16.095575
val,M,14.104417,18.445826
val,M,14.112445,16.80829
val,M,13.697667,11.24075
val,M,12.984083,11.776745
val,M,12.131153,12.317704
val,M,11.177819,14.070767
val,M,9.981958,14.809479
val,M,8.731389,13.426716
val,M,7.826611,13.4566
val,M,7.439375,9.123105
val,M,7.652972,7.9528017
val,M,8.002,6.2744246
val,M,8.384597,3.806342
val,M,8.817111,3.2199514
val,M,9.196083,2.47875
val,M,9.436097,5.350374
val,M,9.449625,5.9134502
val,M,9.571903,4.535305
val,M,9.7545,4.2561216
val,M,9.695653,2.6770065
val,M,9.5365,1.5065497
val,M,9.646264,2.06766
val,M,10.172014,2.0136287
val,M,10.890653,1.6361009
val,M,11.5911665,1.7651834
val,M,12.263445,1.3376037
val,M,12.855917,1.3215015
val,M,13.284625,1.5995412
val,M,13.55025,2.4133737
val,M,13.570153,2.1075053
val,M,13.37025,1.2072272
val,M,13.017125,1.3360193
val,M,12.623764,1.3928982
val,M,12.366944,1.3672516
val,M,12.217806,2.2685583
val,M,12.243611,2.6507647
val,M,12.408861,2.0532696
val,M,12.584458,1.9925984
val,M,12.71275,1.778827
val,M,12.712264,1.9877024
val,M,12.6762085,2.2494788
val,M,12.728583,2.6576831
val,M,12.7490835,4.363199
val,M,12.46718,6.5713415
val,M,12.058333,5.9717574
val,M,12.12193,6.7524633
val,M,12.416195,10.883852
val,M,12.631861,9.612076
val,M,12.845098,9.267933
val,M,12.991528,9.777084
val,M,13.131014,13.193428
val,M,13.347139,15.499308
val,M,13.535292,22.413425
val,M,13.539653,25.663733
val,M,13.530361,17.735235
val,M,13.618764,16.358564
val,M,13.724584,15.470459
val,M,13.936375,21.344173
val,M,14.221458,18.114222
val,M,14.327236,12.033851
val,M,14.317833,15.872822
val,M,14.298195,12.324144
val,M,14.266152,10.768002
val,M,14.221264,12.040634
val,M,14.172722,11.828861
val,M,14.119125,11.507908
val,M,13.970417,14.641523
val,M,13.830764,13.427208
val,M,13.714084,9.684576
val,M,13.653292,7.8881826
val,M,13.802264,9.059062
val,M,14.04875,14.634787
val,M,14.316083,12.761946
val,M,14.621972,11.94564
val,M,14.930792,17.320105
val,M,15.17693,14.587233
val,M,15.325931,11.12725
val,M,15.408931,9.830972
val,M,15.323264,9.395168
val,M,15.00543,12.14448
val,M,14.609902,13.106516
val,M,13.999653,11.954818
val,M,12.908042,15.465666
val,M,11.335903,13.68935
val,M,9.4314165,9.710018
val,M,7.455167,6.6295366
val,M,5.719681,4.666476
val,M,4.8331113,5.636721
val,M,5.2732363,3.4713352
val,M,6.402458,2.0355291
val,M,7.411014,2.8772776
val,M,8.2930975,5.430853
val,M,9.105695,7.1839414
val,M,9.824306,9.293544
val,M,10.349361,7.8128176
val,M,10.761472,4.1737843
val,M,11.2734165,5.791195
val,M,11.727792,5.5121245
val,M,12.040986,2.6065214
val,M,12.310625,2.299186
val,M,12.524361,3.8160794
val,M,12.821875,5.7452655
val,M,13.160931,6.4478483
val,M,13.361931,5.9489155
val,M,13.576736,3.3105466
val,M,13.606556,2.6628551
val,M,13.524111,5.589033
val,M,13.355903,5.2588425
val,M,13.23068,1.9835241
val,M,13.411056,2.3658526
val,M,13.565278,3.2886503
val,M,13.4846945,5.3251104
val,M,12.913806,6.791958
val,M,12.087514,7.890877
val,M,11.509736,7.509305
val,M,11.317069,8.695774
val,M,11.488334,8.814417
val,M,11.813181,8.0712805
val,M,12.045777,7.880493
val,M,12.143486,6.4031973
val,M,12.148556,8.6193495
val,M,12.074208,9.64213
val,M,11.95775,7.600584
val,M,11.803389,6.0806212
val,M,11.636264,4.2970514
val,M,11.492986,2.7580116
val,M,11.307195,2.6160398
val,M,10.966,5.2439137
val,M,10.489917,7.421828
val,M,10.031834,7.1605864
val,M,9.686194,7.9144335
val,M,9.418263,9.333607
val,M,9.23457,7.149486
val,M,9.200084,8.583733
val,M,9.28818,10.398608
val,M,9.370764,8.601154
val,M,9.464791,6.1762533
val,M,9.726681,8.015632
val,M,10.10443,8.306225
val,M,10.28325,4.685505
val,M,9.872778,3.0758317
val,M,8.727083,4.425191
val,M,7.0597224,4.761553
val,M,5.7261944,7.2367496
val,M,5.202139,9.2661495
val,M,5.2154584,5.18421
val,M,5.731458,2.4539955
val,M,6.5550556,7.442315
val,M,7.306,9.948945
val,M,7.888708,4.959261
val,M,8.350708,6.509951
val,M,8.597597,6.203479
val,M,8.348444,3.0850594
val,M,7.509847,1.7817423
val,M,6.452778,1.534045
val,M,5.782778,3.538424
val,M,5.8272915,5.78631
val,M,6.4237084,4.250785
val,M,7.249417,4.4496593
val,M,8.020875,7.447563
val,M,8.727944,9.47074
val,M,9.375417,7.235004
val,M,9.873944,7.110448
val,M,10.213653,9.209098
val,M,10.3052225,10.104078
val,M,10.237445,13.913939
val,M,10.147611,12.122538
val,M,10.054167,10.236177
val,M,9.942208,12.482031
val,M,9.797889,12.190648
val,M,9.661305,8.515314
val,M,9.61225,4.9690304
val,M,9.622833,3.5659206
val,M,9.565486,4.1720123
val,M,9.519278,3.1846883
val,M,9.490167,4.068277
val,M,9.420709,7.5802646
val,M,9.363167,7.34966
val,M,9.308278,9.500344
val,M,9.143056,11.304808
val,M,8.920208,10.111883
val,M,8.766861,6.044346
val,M,8.756667,4.364873
val,M,8.853681,4.101304
val,M,8.9565,2.8894227
val,M,9.058888,2.4243112
val,M,9.141375,3.1405532
val,M,9.152792,3.6221447
val,M,8.884222,2.6468656
val,M,8.16075,2.4455483
val,M,7.028028,3.4779522
val,M,5.6285834,5.3540015
val,M,4.1473475,6.276232
val,M,3.0473611,6.133113
val,M,2.9498055,4.049325
val,M,3.9101388,3.3479502
val,M,5.274889,5.257192
val,M,6.501097,3.0118845
val,M,7.4614444,1.4335922
val,M,8.142389,1.6241498
val,M,8.632222,1.8930464
val,M,8.962431,1.9584918
val,M,9.161417,1.8831986
val,M,9.330361,1.780741
val,M,9.494805,1.7485718
val,M,9.643319,4.563323
val,M,9.776639,7.0184355
val,M,9.926598,8.11932
val,M,10.102917,9.462023
val,M,10.3272085,8.089068
val,M,10.542889,6.606606
val,M,10.753417,6.643656
val,M,10.972709,7.55525
val,M,11.117473,7.0559306
val,M,11.115875,6.727626
val,M,10.888528,8.536837
val,M,10.505861,9.150234
val,M,10.043777,7.5167007
val,M,9.39032,8.101525
val,M,8.501667,8.539638
val,M,7.524375,8.21901
val,M,6.333736,8.370551
val,M,4.7514167,9.4367485
val,M,3.1163473,9.259109
val,M,2.3985417,8.461874
val,M,2.799125,7.186081
val,M,3.6536806,6.9336815
val,M,4.641736,8.941507
val,M,5.3365,9.036134
val,M,5.5774026,8.086806
val,M,6.020111,8.4979925
val,M,6.5247083,9.485891
val,M,6.576208,9.718326
val,M,6.6509724,9.251527
val,M,7.006625,9.184721
val,M,7.478125,7.886361
val,M,7.862486,9.088243
val,M,7.9862638,10.65243
val,M,7.871639,8.221708
val,M,7.64525,6.7774763
val,M,7.4155,6.3197694
val,M,7.1655974,5.1480145
val,M,6.8049583,5.8102875
val,M,6.246014,6.882674
val,M,5.4650693,7.649503
val,M,4.648139,7.886486
val,M,3.8901112,11.707382
val,M,3.1437361,8.763901
val,M,2.3159723,3.2540648
val,M,1.2767361,1.976002
val,M,0.36895832,1.8864307
val,M,0.030805556,1.9575111
val,M,0.013611111,2.2999423
val,M,0.08020833,2.4011972
val,M,0.3075,5.8909845
val,M,0.523875,7.3309193
val,M,0.6679861,5.6813126
val,M,0.77915275,9.901031
val,M,0.84705555,10.378864
val,M,0.73581946,7.787872
val,M,0.50091666,8.085655
val,M,0.38805556,7.412605
val,M,0.21284722,7.1488495
val,M,0.08133333,8.275047
val,M,0.114,8.256661
val,M,0.20120834,8.232033
val,M,0.14998612,7.572914
val,M,0.023736112,6.3396883
val,M,0.014972222,7.7783318
val,M,0.012444444,9.070599
val,M,0.021916667,9.328428
val,M,0.13968055,7.1704173
val,M,0.32468057,6.7670507
val,M,0.44077778,6.395743
val,M,0.33366665,4.045263
val,M,0.17133333,5.63797
val,M,0.117194444,7.669539
val,M,0.047152776,7.434864
val,M,0.015819445,6.0693374
val,M,0.117916666,5.8245406
val,M,0.38876387,7.1990585
val,M,0.3513472,9.095128
val,M,0.14738889,10.507549
val,M,0.30291668,11.471969
val,M,0.25331944,9.214581
val,M,0.04936111,6.4757314
val,M,0.21741667,7.7694454
val,M,1.0060139,6.6691937
val,M,2.4023473,7.7695575
val,M,3.7850833,9.268371
val,M,4.8691525,8.755915
val,M,5.5986667,6.509959
val,M,5.9801526,7.9384575
val,M,6.232111,10.42684
val,M,6.445958,9.205554
val,M,6.611778,8.918444
val,M,6.7617083,8.637829
val,M,6.9486666,7.145892
val,M,7.1877637,6.351959
val,M,7.4174724,5.6968637
val,M,7.578528,5.3754597
val,M,7.7064724,6.8016644
val,M,7.6319585,9.196587
val,M,6.8019586,11.013046
val,M,5.319208,8.487719
val,M,3.6888888,5.1838217
val,M,1.6516111,4.4967546
val,M,0.23343055,4.8897524
val,M,0.012597222,5.3952646
val,M,0.01025,2.6670191
val,M,0.15956944,3.6154037
val,M,0.35072222,6.0122533
val,M,0.20665278,5.675666
val,M,0.016819444,7.2780538
val,M,0.017416667,11.669056
val,M,0.20801389,11.830399
val,M,1.0405972,10.133914
val,M,2.4561944,11.490574
val,M,3.9648333,10.928026
val,M,5.387833,9.856264
val,M,6.628972,10.08995
val,M,7.473764,7.04527
val,M,7.822889,6.9905157
val,M,7.6733193,7.4489365
val,M,6.9796667,7.545979
val,M,5.8080277,7.5556326
val,M,4.2749305,6.153736
val,M,2.5984306,7.5084496
val,M,1.4140278,8.160153
val,M,1.6688889,7.442299
val,M,3.0384445,8.298263
val,M,4.479361,8.362078
val,M,5.6018057,9.125603
val,M,6.467486,9.123865
val,M,7.4430556,9.062775
val,M,8.127875,8.659872
val,M,8.10257,8.917434
val,M,7.65775,8.1430645
val,M,7.028611,10.577982
val,M,6.6187778,11.720295
val,M,6.743708,8.553286
val,M,7.262639,7.91652
val,M,8.015542,9.877114
val,M,8.627778,11.981234
val,M,8.842375,8.803861
val,M,8.843445,3.9622614
val,M,8.833347,2.045436
val,M,8.793528,1.6040556
val,M,8.756667,1.3810359
val,M,8.788847,1.1841041
val,M,8.771167,1.2281437
val,M,8.7255,1.0044018
val,M,8.677139,1.2579749
val,M,8.697416,1.9660654
val,M,8.737375,1.4877335
val,M,8.706737,1.2019039
val,M,8.5071945,1.2244943
val,M,8.231653,1.4553875
val,M,8.159486,1.2894055
val,M,8.256042,1.1168134
val,M,8.406236,0.9958212
val,M,8.567139,1.1026374
val,M,8.678097,1.327968
val,M,8.563639,1.2227023
val,M,8.176556,1.2644998
val,M,7.716472,1.3590877
val,M,7.5539165,1.1073698
val,M,7.7555695,1.1486002
val,M,8.201056,1.1450562
val,M,8.785666,4.5843887
val,M,9.325292,11.140747
val,M,9.714833,10.503617
val,M,9.838583,5.5673666
val,M,9.791153,4.8986273
val,M,9.752417,7.834606
val,M,9.74293,8.851641
val,M,9.701111,7.936888
val,M,9.696403,7.601066
val,M,9.755944,8.452168
val,M,9.806347,9.604219
val,M,9.907014,9.0422535
val,M,10.00307,8.727973
val,M,10.075292,8.129403
val,M,10.159695,7.3713036
val,M,10.159597,8.517746
val,M,10.063681,8.55537
val,M,9.983791,7.8023663
val,M,9.991487,8.997026
val,M,9.947028,8.415543
val,M,9.763889,8.249729
val,M,9.477736,6.881407
val,M,9.215709,5.5492554
val,M,9.135263,5.594961
val,M,9.184542,7.3119903
val,M,9.280403,8.456556
val,M,9.413097,10.648031
val,M,9.600695,10.263515
val,M,9.838764,11.1581955
val,M,10.06643,11.613986
val,M,10.322222,9.753682
val,M,10.600805,8.693543
val,M,10.810166,11.146706
val,M,10.813916,12.089513
val,M,10.501611,10.815097
val,M,9.749792,9.116359
val,M,8.617361,7.8629947
val,M,7.393028,8.927057
val,M,6.33575,10.483818
val,M,5.890111,10.4737425
val,M,6.298111,6.5607996
val,M,7.175597,4.2345347
val,M,7.8669443,5.3651333
val,M,8.061347,3.1983893
val,M,8.01,1.5285976
val,M,7.897486,1.4223907
val,M,7.6969304,1.2276897
val,M,7.6394863,1.2890989
val,M,7.530139,1.523892
val,M,7.155028,1.2915816
val,M,6.688861,4.7122965
val,M,6.0659447,7.753381
val,M,5.0334306,7.6585636
val,M,4.066528,9.727899
val,M,4.04675,13.007462
val,M,4.908389,12.977455
val,M,5.9035974,9.972821
val,M,6.5519586,10.994161
val,M,7.056736,9.989148
val,M,7.5375695,7.375871
val,M,7.7839026,9.525994
val,M,7.768139,8.995981
val,M,7.614486,7.709794
val,M,7.4053054,5.795826
val,M,7.2473054,6.1549077
val,M,7.3678055,7.664803
val,M,7.6468334,7.2118945
val,M,7.6642776,8.365895
val,M,7.4844027,8.262554
val,M,7.227792,7.5718184
val,M,6.539889,7.3239417
val,M,5.257347,6.796962
val,M,3.99225,6.2165947
val,M,3.47225,6.945191
val,M,3.9784443,10.051296
val,M,5.1781526,8.787622
val,M,6.36025,7.749769
val,M,7.2394443,9.898243
val,M,7.900764,10.960563
val,M,8.474569,9.508653
val,M,8.987361,8.416832
val,M,9.173361,10.307569
val,M,8.959611,8.492854
val,M,8.723514,7.986164
val,M,8.707653,6.798231
val,M,8.72207,6.1703615
val,M,8.682931,4.7393546
val,M,8.682959,2.222934
val,M,8.732847,1.623424
val,M,8.71675,1.5963364
val,M,8.66125,1.4201468
val,M,8.684139,1.2026737
val,M,8.586375,1.4972575
val,M,7.8718333,1.4185226
val,M,6.581097,1.698912
val,M,5.420639,1.6692154
val,M,4.819,1.2476522
val,M,4.444375,1.2993332
val,M,3.5075,1.4518576
val,M,1.9814167,1.3359259
val,M,0.7899028,1.3370271
val,M,0.7822222,1.2325304
val,M,1.8429583,1.6246095
val,M,3.1580138,2.3462965
val,M,4.449375,3.87628
val,M,5.629375,5.24178
val,M,6.2857637,4.315957
val,M,6.4721527,3.380752
val,M,6.5908194,3.02167
val,M,7.000653,3.1638737
val,M,7.440403,3.2039268
val,M,7.5262084,2.710698
val,M,7.3024445,3.832135
val,M,6.8754168,6.452193
val,M,6.1737223,7.3395376
val,M,5.5249166,7.8710003
val,M,5.4174304,11.905474
val,M,5.8581805,9.7102165
val,M,6.534153,5.2427664
val,M,6.973889,2.3467534
val,M,7.144403,1.3711743
val,M,7.241958,3.0209007
val,M,7.2753887,6.2554674
val,M,7.207486,6.6118846
val,M,6.953361,6.863109
val,M,6.6658473,8.652901
val,M,6.7784443,10.018803
val,M,7.1916666,10.165014
val,M,7.5241113,11.1996
val,M,7.683,12.600732
val,M,7.732625,11.362379
val,M,7.706236,12.207026
val,M,7.258264,12.181766
val,M,6.3769584,8.138422
val,M,5.932264,6.190948
val,M,6.377972,5.4092054
val,M,7.1918197,7.3612823
val,M,7.74825,7.2535696
val,M,7.7999306,7.6761417
val,M,7.4843054,7.9696364
val,M,7.194375,7.33764
val,M,6.9498057,7.0414805
val,M,6.678125,9.4986
val,M,6.27,9.594476
val,M,5.5333195,7.222805
val,M,4.951014,6.153088
val,M,4.4054165,8.677451
val,M,3.415875,10.249984
val,M,2.9200695,10.24023
val,M,3.5490556,7.514345
val,M,4.6345835,7.732837
val,M,5.6694307,7.57713
val,M,6.5248055,5.9589796
val,M,7.1170974,4.7887144
val,M,7.402097,5.4670715
val,M,7.421597,5.833946
val,M,7.2606807,6.8039217
val,M,7.224528,7.500375
val,M,7.623889,7.1310787
val,M,8.06125,6.599313
val,M,8.115139,4.7369094
val,M,7.970375,3.620015
val,M,7.7470417,2.7132041
val,M,7.402111,2.671988
val,M,6.8745,2.3912008
val,M,6.1649723,1.769652
val,M,5.6053333,2.470843
val,M,5.7924166,2.8912158
val,M,6.406361,3.1072254
val,M,6.7125,3.1918554
val,M,6.810458,3.1385264
val,M,6.9126387,3.183983
val,M,6.9854026,3.0667799
val,M,6.819389,3.036341
val,M,6.5002084,3.2829528
val,M,6.2706804,3.2140658
val,M,6.2726946,2.9386003
val,M,6.454861,2.8625276
val,M,6.87,2.9723747
val,M,7.5801806,2.9516847
val,M,8.036458,2.8406246
val,M,7.9040556,2.9873965
val,M,7.4359446,2.9399807
val,M,6.842708,2.8367848
val,M,6.2125974,2.9845796
val,M,5.91775,2.8466394
val,M,6.2844305,3.0947113
val,M,6.9923196,3.3208942
val,M,7.5173054,3.2528145
val,M,7.6920557,3.236132
val,M,7.67325,2.9574475
val,M,7.5227222,3.7729228
val,M,7.127972,4.7155957
val,M,6.8778057,5.393113
val,M,7.202597,4.977526
val,M,7.7085137,4.335007
val,M,8.005944,5.233468
val,M,8.091986,4.786133
val,M,8.043403,6.119933
val,M,7.9477777,4.78544
val,M,7.8072915,3.4327958
val,M,7.8046527,5.8521843
val,M,8.07268,5.8097506
val,M,8.3573475,4.374794
val,M,8.47025,4.68237
val,M,8.366,4.528981
val,M,7.981375,4.0669775
val,M,7.4824443,3.4705064
val,M,7.0255556,2.7624505
val,M,6.4344306,2.2205026
val,M,5.7016945,3.3577368
val,M,5.3943334,2.6479158
val,M,5.8187084,2.7683933
val,M,6.5945973,3.0388782
val,M,7.2806807,2.9628513
val,M,7.5844445,3.7493248
val,M,7.530597,4.6474347
val,M,7.4195833,5.1035347
val,M,7.392208,5.1039925
val,M,7.412722,3.5870254
val,M,7.737889,3.085568
val,M,8.289486,3.393956
val,M,8.613681,2.9570777
val,M,8.7306385,2.8465297
val,M,8.699166,6.326846
val,M,8.4770975,8.059743
val,M,7.7198887,6.252988
val,M,6.7305417,4.920413
val,M,6.357042,5.5048413
val,M,6.5290556,4.635294
val,M,6.93525,6.981948
val,M,7.378,7.3275905
val,M,7.55425,5.2765245
val,M,7.4096527,6.4901495
val,M,7.1902223,9.036522
val,M,6.983208,8.415618
val,M,6.693153,5.5928
val,M,5.9773054,4.7484426
val,M,5.0154443,7.0553493
val,M,4.4602222,7.2438445
val,M,4.0770693,5.5386543
val,M,3.1169028,5.7999086
val,M,2.0333612,5.8604984
val,M,2.1897223,7.295864
val,M,3.250264,7.688199
val,M,4.489153,7.4674935
val,M,5.8403473,7.0240903
val,M,6.677292,8.237567
val,M,6.9321804,8.457295
val,M,7.2645416,8.00376
val,M,8.004111,8.778482
val,M,8.714111,7.164188
val,M,9.016361,5.75317
val,M,9.104055,5.186585
val,M,9.146542,6.083704
val,M,9.17325,7.706457
val,M,9.140695,8.126453
val,M,8.79168,7.0995555
val,M,7.8233333,7.281956
val,M,6.7924585,7.077074
val,M,6.192611,7.143134
val,M,5.7184863,7.634084
val,M,5.291139,6.782495
val,M,5.014042,5.9301453
val,M,5.1875973,7.706071
val,M,5.8685555,8.65658
val,M,6.4375696,7.836974
val,M,6.5964584,6.5077314
val,M,6.9660835,5.777897
val,M,7.4902363,7.956026
val,M,7.8013334,7.2263155
val,M,7.981986,5.6568465
val,M,7.929347,5.599144
val,M,7.760597,5.0258074
val,M,7.525597,4.3068457
val,M,7.419597,2.4303906
val,M,7.472597,1.3908117
val,M,7.5124445,3.241159
val,M,7.706389,5.8118167
val,M,7.840903,6.073858
val,M,7.665403,6.4012337
val,M,7.3323054,4.3421397
val,M,7.033056,3.551958
val,M,7.00375,2.450456
val,M,7.1938057,1.9355853
val,M,7.4241943,1.9588543
val,M,7.6628056,1.8220447
val,M,7.8263474,2.3593676
val,M,7.8663054,2.6981122
val,M,7.855222,2.5438485
val,M,7.840528,2.6340084
val,M,7.7670693,3.0928223
val,M,7.689,3.1008546
val,M,7.697403,2.9452837
val,M,7.7724166,2.8645837
val,M,7.8404584,2.963446
val,M,7.9036946,3.1805384
val,M,7.9803195,3.2293422
val,M,7.9793057,3.091579
val,M,7.904111,2.9589837
val,M,7.8515415,2.9637372
val,M,7.831972,2.626887
val,M,7.793514,2.7864594
val,M,7.6101804,2.787699
val,M,7.0814304,4.9835405
val,M,6.20675,8.861155
val,M,5.3505836,7.0851593
val,M,4.478625,5.0081406
val,M,3.3405278,4.2151995
val,M,2.8305278,4.1351376
val,M,3.5081944,3.7774603
val,M,4.711472,2.7909875
val,M,6.0147085,5.862038
val,M,7.122958,6.341522
val,M,7.767097,4.6345005
val,M,8.094486,4.9142175
val,M,8.3095,4.6678624
val,M,8.430236,3.4931252
val,M,8.19775,2.9158823
val,M,7.115847,5.8841314
val,M,5.224056,7.63799
val,M,3.1131806,6.9615507
val,M,1.1831388,6.9750223
val,M,0.15104167,5.037862
val,M,0.07227778,6.3766766
val,M,0.46716666,9.641933
val,M,1.4098473,7.491082
val,M,2.537625,5.902278
val,M,3.6023889,5.7695856
val,M,4.8240137,6.8471627
val,M,6.2522917,7.557905
val,M,7.523153,8.2916765
val,M,8.388278,6.5095096
val,M,9.039473,5.196322
val,M,9.414653,5.072629
val,M,9.4525,3.928301
val,M,9.382347,4.779147
val,M,9.306209,5.8442473
val,M,9.261778,5.891686
val,M,9.160361,5.5029497
val,M,9.1380415,6.68561
val,M,9.237611,6.8375835
val,M,9.29693,6.627391
val,M,9.368264,9.182121
val,M,9.440097,13.4250555
val,M,9.481472,11.380938
val,M,9.499194,10.828438
val,M,9.514361,7.577889
val,M,9.529,5.8981323
val,M,9.539708,5.7423544
val,M,9.5419445,3.7108715
val,M,9.543528,2.1520846
val,M,9.478431,1.8750808
val,M,9.312417,3.5435712
val,M,9.106916,7.352371
val,M,8.926181,6.5690994
val,M,8.850875,3.4524355
val,M,8.875889,4.214258
val,M,8.952486,6.226549
val,M,9.070084,7.1045337
val,M,9.187098,7.400307
val,M,9.276556,6.330019
val,M,9.35025,6.37693
val,M,9.438084,7.3053293
val,M,9.520319,6.482703
val,M,9.583944,6.250667
val,M,9.641931,6.2182016
val,M,9.619181,4.7957306
val,M,9.492611,6.428551
val,M,9.309931,7.732401
val,M,9.013278,8.295244
val,M,8.8095,4.9581184
val,M,8.84775,2.5355828
val,M,8.9665,1.8184413
val,M,9.087,3.0028012
val,M,9.119,5.221339
val,M,9.008083,5.5591917
val,M,8.88368,4.360134
val,M,8.808986,4.7772017
val,M,8.735389,6.679864
val,M,8.491902,6.094674
val,M,7.7441387,5.501734
val,M,6.5620556,6.6120033
val,M,5.3648195,5.794942
val,M,4.589653,6.409015
val,M,4.634986,7.371521
val,M,5.649236,9.375265
val,M,6.885486,9.48099
val,M,7.5472918,8.494246
val,M,7.79875,7.6707716
val,M,7.9525137,6.0769854
val,M,7.9791665,5.989929
val,M,7.783,6.4900956
val,M,7.460653,5.4581847
val,M,7.113972,4.0840154
val,M,6.4615693,5.995968
val,M,5.3665695,8.609881
val,M,4.246611,9.11682
val,M,3.7230418,7.5992656
val,M,4.2370834,5.732204
val,M,5.4361944,6.252241
val,M,6.613333,7.446451
val,M,7.4761806,7.1627903
val,M,7.9686527,7.6825256
val,M,8.126597,8.203657
val,M,8.113958,5.7289767
val,M,8.077972,6.3175373
val,M,8.059361,6.351351
val,M,8.098805,5.79996
val,M,8.210584,5.94901
val,M,8.360681,4.9335895
val,M,8.490611,4.8359737
val,M,8.521973,4.62309
val,M,8.43707,4.121663
val,M,8.2340975,6.233017
val,M,7.9747086,10.045897
val,M,7.8003473,7.213596
val,M,7.7845974,3.7377205
val,M,7.8191113,4.668297
val,M,7.714139,4.265778
val,M,7.433542,4.1254206
val,M,7.018083,4.408357
val,M,6.2435417,4.428736
val,M,4.7514167,4.8645077
val,M,2.9565556,5.4413333
val,M,1.96375,8.651306
val,M,2.2164445,12.229428
val,M,3.2007084,7.573886
val,M,4.4388194,4.04914
val,M,5.6645,4.0686016
val,M,6.672694,4.262023
val,M,7.4893475,3.8731143
val,M,7.9713335,3.2367265
val,M,8.175222,2.8574286
val,M,8.330389,2.5733416
val,M,8.408055,2.636668
val,M,8.385472,2.7420788
val,M,8.2849865,2.7856205
val,M,7.939833,2.5855365
val,M,7.1786666,2.4924567
val,M,6.1448054,2.683831
val,M,4.8181806,2.973494
val,M,3.0858195,3.431399
val,M,1.4056945,3.0589879
val,M,0.4100972,2.5215793
val,M,0.0785,3.132438
val,M,0.016305555,4.083673
val,M,0.013097222,4.838849
val,M,0.0109583335,4.7499933
val,M,0.010305556,4.5774136
val,M,0.009986111,3.7758594
val,M,0.011083334,4.093347
val,M,0.013597222,4.4059105
val,M,0.014,3.8725047
val,M,0.014041667,4.796651
val,M,0.013819444,4.792015
val,M,0.013625,3.827194
val,M,0.01761111,6.2943916
val,M,0.020402778,13.723764
val,M,0.017013889,12.25199
val,M,0.016375,4.689616
val,M,0.023569444,4.236575
val,M,0.18595834,5.744665
val,M,0.8161944,5.773485
val,M,2.317486,6.1094007
val,M,4.5279307,8.494154
val,M,7.010847,8.634419
val,M,9.4858055,4.795309
val,M,11.05325,5.820383
val,M,11.537139,8.253907
val,M,11.596986,7.477063
val,M,11.016347,6.660658
val,M,9.645139,7.348524
val,M,7.921403,5.9674377
val,M,6.711583,7.740582
val,M,6.2792363,7.1337485
val,M,6.4852223,4.7180347
val,M,7.1535,6.948534
val,M,7.6980834,9.047726
val,M,8.134791,8.236939
val,M,8.651167,7.4305573
val,M,9.184014,7.856906
val,M,9.590722,7.9584727
val,M,9.755222,7.3743744
val,M,9.669444,5.848141
val,M,9.525056,4.5779757
val,M,9.436389,4.3255725
val,M,9.450167,4.6778984
val,M,9.551625,4.366916
val,M,9.60975,4.060056
val,M,9.513014,4.523368
val,M,9.267292,4.342002
val,M,8.860403,4.91832
val,M,8.310111,4.54791
val,M,7.8503613,3.4340286
val,M,7.624181,3.021331
val,M,7.3686666,3.7461696
val,M,6.6246667,4.6905475
val,M,5.6760554,4.482209
val,M,5.2679863,4.528756
val,M,5.5075555,3.9960854
val,M,6.031264,5.249999
val,M,6.6866527,6.306315
val,M,7.2676945,4.666973
val,M,7.499292,4.534959
val,M,7.505736,6.789809
val,M,7.4990277,7.770431
val,M,7.7046943,4.6092267
val,M,8.126778,2.2841187
val,M,8.372097,6.0181046
val,M,8.170472,7.5743866
val,M,7.543208,5.6027718
val,M,6.4261527,5.771433
val,M,5.0735974,8.164243
val,M,3.99,8.588097
val,M,3.6665,5.9839253
val,M,4.3815,5.251298
val,M,5.511139,6.4795814
val,M,6.468,9.097307
val,M,7.228611,10.418434
val,M,7.7884307,9.407329
val,M,8.102028,7.7719364
val,M,8.303111,8.445353
val,M,8.463458,8.847122
val,M,8.488361,8.773971
val,M,8.471708,7.259594
val,M,8.466042,6.1998334
val,M,8.444292,5.965045
val,M,8.43032,6.8109484
val,M,8.471861,7.836488
val,M,8.558986,7.194499
val,M,8.622541,7.6939673
val,M,8.659236,8.502665
val,M,8.734347,8.239058
val,M,8.862208,7.632667
val,M,8.935236,6.157525
val,M,8.8769865,6.1364365
val,M,8.7095,7.410187
val,M,8.61925,7.639079
val,M,8.613875,9.123624
val,M,8.635195,10.942082
val,M,8.735111,8.578925
val,M,8.920569,6.7252054
val,M,9.160861,7.7975225
val,M,9.277638,7.6600833
val,M,9.221097,8.424802
val,M,9.116834,8.195297
val,M,9.050487,6.3183317
val,M,9.074041,8.801441
val,M,9.152291,10.179382
val,M,9.079348,8.806096
val,M,8.438708,9.6165495
val,M,7.045528,7.8659177
val,M,5.395347,7.0114474
val,M,4.354139,8.455505
val,M,4.5051665,8.339337
val,M,5.4050417,7.086935
val,M,6.264389,7.779154
val,M,6.568403,8.30456
val,M,6.2882915,7.1317863
val,M,5.400764,8.704344
val,M,3.6575277,8.985268
val,M,2.2045,6.610217
val,M,2.1069028,6.3006496
val,M,2.827625,5.3728704
val,M,3.8459582,5.8746123
val,M,5.115111,5.3836317
val,M,6.123764,5.7786303
val,M,6.517097,8.526518
val,M,6.5980554,10.031307
val,M,6.4128056,12.809149
val,M,5.519111,13.993794
val,M,3.9838471,9.941563
val,M,2.6726806,7.261657
val,M,1.5850278,6.182681
val,M,0.58608335,6.5457516
val,M,0.17130555,7.235706
val,M,0.29240277,7.7204823
val,M,0.55344445,8.130562
val,M,0.70929164,7.2529745
val,M,0.7973889,7.870465
val,M,0.73909724,5.966379
val,M,0.55205554,9.531752
val,M,0.39894444,8.207314
val,M,0.2561389,5.165764
val,M,0.10547222,6.8779163
val,M,0.091569446,8.64671
val,M,0.29934722,8.688387
val,M,0.6792361,7.4374156
val,M,1.2844445,7.472506
val,M,2.1145418,8.273716
val,M,2.9322777,7.0677285
val,M,3.6950972,6.359585
val,M,4.573125,8.016186
val,M,5.425875,11.341777
val,M,6.073,10.149067
val,M,6.247958,7.717922
val,M,5.861,7.295024
val,M,4.9880137,8.270975
val,M,4.1650696,9.56295
val,M,4.0520415,8.628516
val,M,4.677403,7.34815
val,M,5.56875,6.274583
val,M,6.117236,4.8440075
val,M,6.1208057,4.865599
val,M,5.41275,5.614658
val,M,4.125875,6.98442
val,M,2.484986,7.76513
val,M,0.8510278,7.256519
val,M,0.07473611,8.461956
val,M,0.012166667,8.733538
val,M,0.023125,6.4077234
val,M,0.17904167,5.6418533
val,M,0.4222361,5.5549455
val,M,0.65509725,5.9501324
val,M,1.3134028,7.458392
val,M,2.5309584,9.817617
val,M,4.045833,9.926212
val,M,5.628625,9.711422
val,M,6.9654584,11.7476
val,M,7.9646807,12.6467285
val,M,8.6090975,10.160568
val,M,8.805403,10.580857
val,M,8.7086115,9.085575
val,M,8.566083,9.521511
val,M,8.402625,8.92013
val,M,7.875,7.46122
val,M,7.007,5.617403
val,M,6.457889,3.4915087
val,M,6.373764,3.270899
val,M,6.5785832,4.5648727
val,M,7.155958,5.630533
val,M,7.837736,4.646683
val,M,8.382639,3.795709
val,M,8.722652,2.9684088
val,M,8.79657,2.8298821
val,M,8.824458,3.036712
val,M,8.945639,2.9322433
val,M,9.165611,2.7789989
val,M,9.490084,2.9012873
val,M,9.811152,2.8194396
val,M,9.93475,2.9615245
val,M,9.883597,2.8486397
val,M,9.694445,2.423213
val,M,9.474778,2.3757584
val,M,9.335292,2.2877424
val,M,9.251069,2.2928507
val,M,9.259361,2.5263684
val,M,9.389986,2.6302338
val,M,9.595222,2.6893458
val,M,9.817306,2.6802871
val,M,9.969209,2.6961584
val,M,10.236555,2.6795106
val,M,10.690639,2.5022566
val,M,11.031375,2.5426986
val,M,11.129903,2.4455416
val,M,11.088708,2.455035
val,M,11.036403,2.6464546
val,M,10.964222,2.9900603
val,M,10.888917,2.9200552
val,M,10.814,2.781762
val,M,10.722917,2.700755
val,M,10.654542,2.9994774
val,M,10.608139,2.9282987
val,M,10.528028,2.822312
val,M,10.36257,2.8762982
val,M,10.016861,2.8481877
val,M,9.236153,2.584073
val,M,8.052889,2.6616895
val,M,6.860014,2.87481
val,M,5.880014,2.568034
val,M,5.341639,2.4355483
val,M,5.5424724,2.3868613
val,M,6.2964306,2.4689133
val,M,6.9945,2.7599165
val,M,7.488639,3.0913427
val,M,7.6113057,3.0804596
val,M,7.1604304,2.8965852
val,M,6.4085555,2.6391318
val,M,5.3081803,3.0196052
val,M,3.9014444,4.179928
val,M,2.7396944,3.9504979
val,M,2.2240834,3.479005
val,M,2.185986,6.5006943
val,M,2.0126944,8.757532
val,M,1.3004861,9.19675
val,M,0.43658334,9.353754
val,M,0.12970833,10.86586
val,M,0.56470835,10.668833
val,M,0.9900278,11.212938
val,M,1.1983056,13.304106
val,M,1.3998333,10.741488
val,M,1.2782084,10.439487
val,M,0.82725,10.323742
val,M,0.3378889,12.008617
val,M,0.39991668,12.3250885
val,M,1.1755834,10.749825
val,M,2.230986,10.435837
val,M,3.5508332,9.080873
val,M,5.1087084,7.9932384
val,M,6.3750696,10.621096
val,M,7.1323195,12.282936
val,M,7.5504723,11.632492
val,M,7.671764,11.041736
val,M,7.2368054,9.937801
val,M,6.3061943,11.295221
val,M,5.1036806,10.375709
val,M,3.594,9.637875
val,M,1.9577639,13.144447
val,M,0.626,12.542193
val,M,0.21931945,9.027112
val,M,0.59781945,11.427879
val,M,1.1495694,12.279036
val,M,2.1202638,9.411208
val,M,3.4806528,8.701155
val,M,5.005764,8.142826
val,M,6.498653,5.121308
val,M,7.6320972,6.4334555
val,M,8.408195,6.875059
val,M,8.746486,5.761125
val,M,8.823916,6.2255197
val,M,8.945125,8.474339
val,M,9.049903,7.948859
val,M,9.123055,7.3230305
val,M,9.301333,7.9959755
val,M,9.524583,7.436126
val,M,9.6975975,7.3268538
val,M,9.759,8.976604
val,M,9.697403,10.242001
val,M,9.538514,9.465097
val,M,9.342417,7.2725925
val,M,9.169194,6.893238
val,M,9.067,8.315039
val,M,9.060028,9.473238
val,M,9.097777,10.061439
val,M,9.147056,10.602145
val,M,9.1965,11.307095
val,M,9.279403,10.933534
val,M,9.380639,8.301662
val,M,9.452153,9.469824
val,M,9.393264,10.697413
val,M,9.2884865,10.54831
val,M,9.233681,8.208933
val,M,9.172042,8.998458
val,M,9.1245,8.216837
val,M,9.088153,8.027253
val,M,9.048333,8.743843
val,M,9.023361,7.3485355
val,M,9.053972,7.54335
val,M,9.126847,8.170141
val,M,9.1775,8.412499
val,M,9.178403,7.3691635
val,M,9.136416,7.01027
val,M,9.115723,9.205946
val,M,9.025639,8.000973
val,M,8.674681,7.065828
val,M,8.011945,7.1481256
val,M,7.154736,8.274094
val,M,6.191361,7.746541
val,M,4.945375,6.5337553
val,M,3.572639,6.5907087
val,M,2.9865556,7.2454257
val,M,3.7415695,8.342497
val,M,5.175875,10.338439
val,M,6.4806805,8.240477
val,M,7.3973613,5.609702
val,M,8.00175,4.2313514
val,M,8.488889,2.2060516
val,M,8.597569,3.0243223
val,M,7.4766946,4.364764
val,M,5.107375,6.0983033
val,M,2.2410972,5.7960386
val,M,0.38466668,5.866418
val,M,0.016347222,8.789592
val,M,0.014986111,6.755192
val,M,0.016361112,4.6678476
val,M,0.016305555,3.9458425
val,M,0.0165,4.505023
val,M,0.023402778,4.7377944
val,M,0.04826389,4.7899
val,M,0.05666667,6.222724
val,M,0.033291668,6.347895
val,M,0.023611112,7.5091524
val,M,0.023277778,7.5421767
val,M,0.022166668,7.029939
val,M,0.025375,8.043145
val,M,0.022444444,8.0061865
val,M,0.021583334,7.6088867
val,M,0.019347223,8.051721
val,M,0.016680555,8.072113
val,M,0.019541666,6.657771
val,M,0.01661111,6.7902465
val,M,0.013694445,6.742642
val,M,0.015194444,7.003594
val,M,0.022194445,7.9980817
val,M,0.21222222,7.6444187
val,M,1.1478056,7.263988
val,M,2.9156806,6.264968
val,M,4.7905416,5.3908243
val,M,6.315653,6.5384283
val,M,7.401528,8.166064
val,M,8.220612,6.9038334
val,M,8.804402,8.133464
val,M,9.076361,7.5857086
val,M,9.260403,5.7045336
val,M,9.52925,6.348178
val,M,9.856542,6.4823675
val,M,10.151694,6.669134
val,M,10.441042,5.8493013
val,M,10.68218,5.946833
val,M,10.876403,7.2634172
val,M,11.024875,7.3954067
val,M,11.0587225,6.0125055
val,M,11.076305,5.89571
val,M,11.0992365,6.4261165
val,M,11.086291,7.0913553
val,M,11.091861,7.2867837
val,M,11.103278,6.8997316
val,M,11.159862,6.6203103
val,M,11.250375,5.4519105
val,M,11.216625,4.626707
val,M,11.120361,4.8165035
val,M,11.08182,4.499648
val,M,11.065861,3.37489
val,M,11.049319,2.7158492
val,M,11.02625,2.2498486
val,M,11.084833,2.264577
val,M,11.242778,1.9939318
val,M,11.402611,1.468221
val,M,11.515917,1.9645925
val,M,11.5761385,3.7204068
val,M,11.573806,4.6805573
val,M,11.508958,4.9085736
val,M,11.4025,5.163236
val,M,11.153556,5.7796173
val,M,10.804528,4.8296933
val,M,10.276514,6.2301064
val,M,9.344264,5.677083
val,M,8.179625,3.9765027
val,M,7.024389,4.4915314
val,M,6.0179305,4.794916
val,M,5.3833055,8.015133
val,M,5.562861,11.2347555
val,M,6.402889,11.089182
val,M,7.365972,9.958355
val,M,8.230445,9.026032
val,M,8.744333,7.7736106
val,M,8.948334,6.805492
val,M,9.07875,9.625401
val,M,9.168236,7.442618
val,M,9.210486,2.8979714
val,M,9.262959,2.097189
val,M,9.306056,3.180014
val,M,9.266292,6.881675
val,M,9.180458,10.6862335
val,M,9.094209,12.00839
val,M,8.954945,9.499737
val,M,8.643598,9.02298
val,M,8.015708,9.383331
val,M,7.172458,10.418688
val,M,6.251167,12.284741
val,M,5.5090833,12.571266
val,M,5.318125,10.853834
val,M,5.813542,10.065208
val,M,6.6850557,9.97495
val,M,7.462222,9.343002
val,M,7.9895554,9.938364
val,M,8.284403,10.6467495
val,M,8.414763,11.255368
val,M,8.519903,11.048282
val,M,8.489625,10.002115
val,M,8.15268,10.715864
val,M,7.558542,15.274271
val,M,6.76475,15.595503
val,M,5.537264,9.0844555
val,M,4.2958474,10.608881
val,M,4.387764,11.701281
val,M,5.564708,11.278564
val,M,6.5411944,10.58955
val,M,7.093972,8.112619
val,M,7.484139,10.259602
val,M,7.780972,10.765524
val,M,8.008278,11.051104
val,M,8.234278,12.140747
val,M,8.425333,10.599548
val,M,8.5135975,8.686518
val,M,8.568444,9.497079
val,M,8.614486,11.259685
val,M,8.615861,13.120804
val,M,8.580222,11.576033
val,M,8.442625,12.514808
val,M,8.108764,10.874153
val,M,7.774139,11.458199
val,M,7.589778,11.097737
val,M,7.3380556,11.08902
val,M,6.984125,11.956804
val,M,6.8565693,10.755052
val,M,7.085889,9.14767
val,M,7.337125,10.330599
val,M,7.1278334,10.172765
val,M,6.144639,9.0852785
val,M,4.666403,11.076784
val,M,3.3567917,9.681488
val,M,2.9878612,7.09453
val,M,3.6715555,10.009363
val,M,4.765986,8.696606
val,M,5.7710557,6.934089
val,M,6.558264,6.4146748
val,M,7.108556,4.6151657
val,M,7.341236,4.9532633
val,M,7.4251804,6.376001
val,M,7.477125,4.9409456
val,M,7.39375,2.4307978
val,M,7.234125,3.1902874
val,M,7.1213193,4.4540367
val,M,7.087861,3.6615474
val,M,7.2691946,2.8149378
val,M,7.660028,3.7327757
val,M,8.034528,3.8291094
val,M,8.182847,3.3804266
val,M,8.118278,3.7106369
val,M,8.034778,4.833829
val,M,8.019889,6.7477045
val,M,8.041041,7.4201107
val,M,8.031806,7.8868203
val,M,7.9343057,9.890416
val,M,7.8069167,11.1417885
val,M,7.690861,8.23855
val,M,7.5235276,6.288609
val,M,7.3452363,6.9353943
val,M,7.1335692,11.511962
val,M,7.1157637,13.258457
val,M,7.324139,11.265916
val,M,7.5521946,8.491022
val,M,7.805611,8.217999
val,M,7.988153,8.31173
val,M,8.182806,6.346732
val,M,8.339861,5.0209665
val,M,8.394597,7.091708
val,M,8.417139,7.89219
val,M,8.475417,7.4350166
val,M,8.429361,7.404388
val,M,8.310389,7.476107
val,M,8.333458,6.501993
val,M,8.30243,6.3208375
val,M,8.141125,6.9864116
val,M,7.8543057,6.268336
val,M,7.196014,6.948204
val,M,5.8125415,8.848956
val,M,4.0930696,9.396088
val,M,2.749389,7.3944263
val,M,1.7598472,6.263506
val,M,0.91205555,5.443421
val,M,0.30104166,5.2768464
val,M,0.08234722,7.0758376
val,M,0.042930555,6.353669
val,M,0.10051389,4.7317796
val,M,0.70579165,5.110119
val,M,1.8578889,4.6146603
val,M,3.0719721,4.4104867
val,M,4.3850417,5.7743216
val,M,5.922042,7.2721505
val,M,7.3203473,7.407793
val,M,8.144903,6.97012
val,M,8.522181,7.4501176
val,M,8.733833,5.597746
val,M,8.632431,7.410018
val,M,8.278597,7.773004
val,M,7.9209027,4.953648
val,M,7.6352224,4.242016
val,M,7.405972,4.3654146
val,M,7.129611,4.269334
val,M,6.6242085,4.3832054
val,M,5.7755,4.000091
val,M,4.663111,3.6022274
val,M,3.650889,3.0665953
val,M,3.6319723,2.851466
val,M,4.6376944,2.8098695
val,M,5.7510834,2.593622
val,M,6.6968193,2.5672693
val,M,7.3668194,2.5833704
val,M,7.7001805,2.7190387
val,M,7.905972,2.8965805
val,M,8.136167,2.5924413
val,M,8.318,2.4675972
val,M,8.201861,2.4085817
val,M,7.812847,2.3739421
val,M,7.430125,2.4608798
val,M,7.050764,2.8855202
val,M,6.379903,3.0875385
val,M,5.625167,3.365437
val,M,5.332986,4.2768483
val,M,5.633236,5.1274157
val,M,6.3290973,4.895629
val,M,6.816361,4.4356604
val,M,6.8749166,4.2363605
val,M,7.0012918,6.054719
val,M,7.3793335,7.2496943
val,M,7.560403,5.3393
val,M,7.023389,4.8801126
val,M,6.1523056,5.175717
val,M,5.4262915,4.936453
val,M,4.632361,6.0750318
val,M,3.7331667,9.075517
val,M,2.8780694,7.7633677
val,M,2.088625,5.577669
val,M,1.4080139,8.429604
val,M,0.7966528,8.821215
val,M,0.30991668,5.994808
val,M,0.072402775,7.5032806
val,M,0.017444445,8.017012
val,M,0.15118055,7.8997965
val,M,0.55472225,8.010823
val,M,1.0019306,8.3803835
val,M,1.1824583,8.315895
val,M,1.1873194,6.9585285
val,M,1.1669861,5.7610335
val,M,1.1067083,5.55578
val,M,0.8769583,4.8089447
val,M,0.36019444,4.7179155
val,M,0.023388889,4.68093
val,M,0.011652778,4.938153
val,M,0.013875,5.9629345
val,M,0.015291667,5.344885
val,M,0.015402778,5.107637
val,M,0.017444445,5.687338
val,M,0.015486111,6.0847826
val,M,0.013166667,6.705744
val,M,0.081375,6.6147795
val,M,0.61215276,6.8008275
val,M,1.9022917,7.5008783
val,M,3.4877777,7.4556627
val,M,5.098514,7.1942396
val,M,6.660486,7.05418
val,M,7.734,5.8163695
val,M,8.177347,6.9085026
val,M,8.248972,6.4613943
val,M,8.174861,5.291997
val,M,8.060181,6.3064284
val,M,8.095583,6.236472
val,M,8.190792,6.1593018
val,M,8.251375,5.743243
val,M,8.382139,5.3513365
val,M,8.513389,6.75022
val,M,8.578278,7.5505238
val,M,8.4829445,6.243531
val,M,7.8090973,5.1365476
val,M,6.561458,5.261419
val,M,5.582625,3.9351814
val,M,5.3625555,3.9377015
val,M,5.7920556,3.9689581
val,M,6.573111,3.921873
val,M,7.296597,3.728076
val,M,8.041862,3.1627977
val,M,8.815473,2.821991
val,M,9.180764,2.7973945
val,M,9.060264,2.786705
val,M,8.626722,2.7665694
val,M,8.0072365,2.7741988
val,M,7.152097,2.6315143
val,M,6.034347,2.588348
val,M,5.2506804,2.5580142
val,M,5.669889,2.396617
val,M,6.9049306,2.4290187
val,M,7.887542,2.554763
val,M,8.349736,2.4837158
val,M,8.424833,2.543437
val,M,8.291959,2.6592624
val,M,8.03818,2.6232524
val,M,7.688542,2.585454
val,M,7.363764,2.6898682
val,M,6.973111,2.6375616
val,M,6.440236,2.631089
val,M,6.2629304,3.0461204
val,M,6.620264,2.8474395
val,M,7.121611,2.829861
val,M,7.5575275,2.932013
val,M,7.9135,1.7367651
val,M,8.219055,1.8716077
val,M,8.454264,2.087499
val,M,8.492903,1.5541992
val,M,8.391903,2.5861087
val,M,8.36625,3.7705147
val,M,8.395736,2.6426756
val,M,8.420875,2.6312652
val,M,8.410973,3.6874874
val,M,8.365292,4.5808797
val,M,8.137362,4.638925
val,M,7.339958,5.366835
val,M,5.8263474,4.77645
val,M,3.988,3.8253186
val,M,2.3055,5.3650675
val,M,1.325875,7.4209766
val,M,1.791861,8.243128
val,M,3.1524584,4.544298
val,M,4.6414723,2.6388857
val,M,6.1950974,2.833595
val,M,7.5866666,4.335759
val,M,8.603598,8.503941
val,M,9.022695,8.033203
val,M,9.118305,5.503417
val,M,9.383361,6.2534494
val,M,9.933888,5.639991
val,M,10.608,6.0470095
val,M,11.239278,5.2455072
val,M,11.794583,8.038134
val,M,12.212931,8.889799
val,M,12.299945,6.488969
val,M,12.1095,6.6263843
val,M,11.842972,6.084806
val,M,11.576263,7.3597326
val,M,11.322847,6.9252853
val,M,11.082653,5.316788
val,M,10.796861,5.9350333
val,M,10.518403,5.252204
val,M,10.424541,8.666538
val,M,10.410486,8.599041
val,M,10.275097,8.177844
val,M,9.983014,8.016468
val,M,9.648666,6.2959385
val,M,9.300292,6.465968
val,M,8.679139,6.638227
val,M,8.773861,5.8535347
val,M,9.361611,6.521513
val,M,9.572653,4.2000847
val,M,9.871458,3.5008676
val,M,10.082152,3.7114096
val,M,10.171987,4.2479978
val,M,10.160347,4.68711
val,M,10.110444,3.3566506
val,M,10.092722,2.83908
val,M,10.075764,2.793793
val,M,10.088611,3.7217715
val,M,10.106625,5.2823186
val,M,10.063806,5.238513
val,M,10.048805,5.354107
val,M,10.158028,7.5700364
val,M,10.280097,9.661253
val,M,10.361625,7.848782
val,M,10.443097,5.273244
val,M,10.497027,4.491987
val,M,10.453819,5.5859404
val,M,10.242583,6.0748568
val,M,9.852208,5.5560293
val,M,9.30375,5.123696
val,M,8.515805,8.495207
val,M,7.5610695,9.522394
val,M,6.5168056,5.929656
val,M,5.4019446,5.4050455
val,M,4.2610974,7.0238705
val,M,3.0380416,5.8649807
val,M,2.5851943,5.476084
val,M,3.5503888,7.5559297
val,M,5.1541667,7.6024637
val,M,6.2765694,5.7844734
val,M,6.709417,6.7613974
val,M,6.856347,7.3503385
val,M,6.862056,6.490389
val,M,6.515681,6.8855495
val,M,5.8840833,7.5323143
val,M,5.739097,6.2364035
val,M,6.4270835,4.9249177
val,M,7.585986,6.452242
val,M,8.900875,6.092724
val,M,10.261416,5.5457463
val,M,11.629153,6.7945194
val,M,12.914056,5.7462482
val,M,13.842597,7.1410713
val,M,14.411195,8.785995
val,M,14.782945,5.286122
val,M,14.791833,3.965339
val,M,14.367778,5.4540024
val,M,13.838166,6.3028097
val,M,13.41518,4.4931993
val,M,13.082292,4.5093646
val,M,12.800487,4.3092623
val,M,12.540334,4.3772078
val,M,12.568139,5.2349987
val,M,12.4805,7.2020483
val,M,12.211,8.620598
val,M,12.257097,6.5661926
val,M,12.488597,6.535821
val,M,12.811542,7.0765147
val,M,13.143791,6.6196575
val,M,13.426361,4.5815115
val,M,13.538362,2.4790676
val,M,13.333555,2.8115218
val,M,12.865472,2.888467
val,M,12.448319,2.5488458
val,M,12.347055,2.68004
val,M,12.447958,2.752987
val,M,12.591278,2.450137
val,M,12.693431,2.639251
val,M,12.73257,3.026734
val,M,12.7439165,2.8451965
val,M,12.6333885,3.3370802
val,M,12.534306,5.9187717
val,M,12.56475,4.9001284
val,M,12.5951805,3.1310205
val,M,12.624945,2.9978797
val,M,12.6495,2.4367533
val,M,12.659805,3.2071435
val,M,12.67175,6.747943
val,M,12.640833,9.42885
val,M,12.634945,6.3674498
val,M,12.6721945,5.69981
val,M,12.666195,6.302209
val,M,12.678667,5.895567
val,M,12.686861,5.7971115
val,M,12.665806,8.334329
val,M,12.695639,8.862416
val,M,12.701597,5.9034863
val,M,12.703222,4.4740057
val,M,12.712708,4.720158
val,M,12.716486,5.7210712
val,M,12.708931,5.7535677
val,M,12.71568,5.826806
val,M,12.720861,5.918125
val,M,12.701472,7.257964
val,M,12.683153,8.081719
val,M,12.505944,7.396603
val,M,12.501333,6.510845
val,M,12.668153,5.5843525
val,M,12.728444,4.724331
val,M,12.732417,4.6047125
val,M,12.703639,3.7272618
val,M,12.694041,4.5780396
val,M,12.633736,5.361552
val,M,12.630013,4.6702795
val,M,12.676528,2.9095461
val,M,12.695653,2.8271263
val,M,12.690875,2.8044298
val,M,12.678416,2.4077156
val,M,12.662222,2.8492234
val,M,12.643319,2.757838
val,M,12.622222,2.5005128
val,M,12.587,2.7009578
val,M,12.561791,2.691662
val,M,12.526111,2.651759
val,M,12.5009165,4.0451207
val,M,12.532598,4.3254876
val,M,12.565763,4.126613
val,M,12.577958,4.360897
val,M,12.554402,5.576192
val,M,12.535944,4.350215
val,M,12.576083,2.9275174
val,M,12.599792,2.6757371
val,M,12.590611,2.0874605
val,M,12.605208,1.7341741
val,M,12.649542,1.9233723
val,M,12.712639,2.6079981
val,M,12.723194,5.2796144
val,M,12.722625,5.343622
val,M,12.736986,3.6673837
val,M,12.736917,6.5831394
val,M,12.727305,10.839618
val,M,12.715138,9.842798
val,M,12.73575,6.5283947
val,M,12.691305,5.5870743
val,M,12.338278,6.2369003
val,M,11.614611,6.8648853
val,M,10.513945,6.4766264
val,M,9.133014,5.9035473
val,M,7.8049445,5.4629602
val,M,6.757639,5.912615
val,M,6.2150416,5.083045
val,M,6.453889,5.3077984
val,M,7.304639,5.5006876
val,M,8.564806,5.065284
val,M,9.959778,5.093749
val,M,11.050167,4.9599504
val,M,11.71875,7.365612
val,M,12.000112,7.1713614
val,M,12.071806,5.8122253
val,M,12.237833,5.9314494
val,M,12.9007225,6.200825
val,M,13.884375,6.3287897
val,M,14.6055,7.062833
val,M,14.887875,6.3954153
val,M,14.834833,6.6152477
val,M,14.856736,6.280424
val,M,14.96175,6.1070156
val,M,15.109,5.600565
val,M,15.414361,5.4131856
val,M,15.795278,4.829397
val,M,16.121166,5.024955
val,M,16.187195,5.985829
val,M,16.209625,6.272769
val,M,16.267597,6.6537037
val,M,16.305222,6.4363427
val,M,16.528097,5.0364876
val,M,16.959959,4.867097
val,M,17.325514,4.87088
val,M,17.467348,4.631796
val,M,17.482931,4.8050513
val,M,17.473846,3.9036171
val,M,17.468027,3.5202968
val,M,17.456903,3.3403652
val,M,17.387403,2.8876083
val,M,17.230541,2.7126255
val,M,17.161152,2.5670958
val,M,17.230888,2.5951016
val,M,17.106056,2.5934956
val,M,16.524542,2.9034555
val,M,15.646569,2.8959332
val,M,14.635625,2.928148
val,M,13.52225,4.165253
val,M,12.326403,5.657381
val,M,11.104847,5.1993513
val,M,9.915472,5.0708046
val,M,8.699778,5.564069
val,M,7.63775,5.369781
val,M,6.6166945,5.164751
val,M,5.885208,6.7785616
val,M,5.850264,6.9278717
val,M,6.3443613,5.0252733
val,M,6.978,6.07469
val,M,7.249403,6.947776
val,M,7.1690555,8.072438
val,M,7.159986,8.752081
val,M,7.3893332,6.766296
val,M,7.8178887,6.3342543
val,M,8.347292,7.872734
val,M,8.667389,8.367385
val,M,8.844084,7.7503543
val,M,9.1115,6.26429
val,M,9.542486,6.0069346
val,M,10.075375,6.2296886
val,M,10.718153,6.578947
val,M,11.417431,7.526095
val,M,11.841653,7.1750536
val,M,11.985791,7.199854
val,M,11.98625,6.9326086
val,M,11.915694,5.916748
val,M,11.902917,3.6592464
val,M,11.972167,2.884114
val,M,12.146903,3.740104
val,M,12.429375,4.0810733
val,M,12.615375,3.77862
val,M,12.658972,3.0599923
val,M,12.605833,3.125532
val,M,12.475625,3.5293744
val,M,12.213514,2.8064241
val,M,11.785139,2.521287
val,M,11.341194,2.812222
val,M,10.900403,3.304829
val,M,10.281458,2.6451695
val,M,9.379125,3.0598762
val,M,8.185041,3.4351523
val,M,7.0351667,4.279621
val,M,6.2725973,4.3848395
val,M,6.0100694,4.959682
val,M,6.3480277,5.402447
val,M,6.860306,4.890028
val,M,7.1842084,5.416826
val,M,7.542778,5.320614
val,M,8.047055,3.4345272
val,M,8.549889,2.7388976
val,M,8.794139,2.924242
val,M,8.729097,3.4054868
val,M,8.627375,4.19281
val,M,8.644611,3.5162866
val,M,8.7236805,2.9569454
val,M,8.67857,2.963212
val,M,8.654667,2.7154996
val,M,9.143945,4.31149
val,M,10.252236,8.693139
val,M,11.466181,8.927281
val,M,12.291041,5.945219
val,M,12.502736,6.876371
val,M,12.257139,8.705687
val,M,11.938431,7.376148
val,M,11.663597,6.630048
val,M,11.417556,9.095918
val,M,11.213847,7.775879
val,M,11.2636385,5.7995386
val,M,11.728986,7.4379816
val,M,12.284041,9.058876
val,M,12.659028,8.923468
val,M,12.975486,8.742834
val,M,13.3891115,7.787381
val,M,13.916903,7.3049626
val,M,14.384152,7.709893
val,M,14.6165,8.861124
val,M,14.528861,7.3095355
val,M,14.232041,7.6434894
val,M,13.745958,9.837357
val,M,13.019931,7.761654
val,M,12.540847,7.3589134
val,M,12.573764,7.1226296
val,M,13.025611,6.9281907
val,M,13.721264,7.3690085
val,M,14.393194,7.527488
val,M,14.8619585,7.2668924
val,M,15.015625,8.020251
val,M,15.114639,7.589913
val,M,15.234389,7.530609
val,M,15.158986,7.3495293
val,M,14.895194,7.3749104
val,M,14.571111,7.8002214
val,M,14.327958,7.1353283
val,M,14.124125,8.108207
val,M,13.89082,7.890236
val,M,13.785097,8.583483
val,M,13.707778,9.509731
val,M,13.564986,7.6652293
val,M,13.542791,8.296337
val,M,13.473708,7.405217
val,M,13.26057,6.67138
val,M,13.0512085,8.305033
val,M,12.831083,9.96543
val,M,12.28457,8.726297
val,M,11.268,8.889916
val,M,9.800195,7.872484
val,M,8.4123335,6.901025
val,M,7.443,8.4742565
val,M,6.399611,7.73054
val,M,5.641972,6.96468
val,M,5.7129025,7.738408
val,M,6.5661387,7.5722923
val,M,7.791042,7.5068674
val,M,8.98757,8.181374
val,M,9.935875,8.177905
val,M,10.366458,7.5043583
val,M,10.505222,7.2873163
val,M,10.722986,6.610838
val,M,10.866944,6.173716
val,M,10.95825,7.113282
val,M,11.145847,7.699974
val,M,11.365209,6.8315253
val,M,11.420819,6.9783087
val,M,11.395403,6.1342854
val,M,11.609847,6.5866785
val,M,12.049681,8.543452
val,M,12.424528,9.379775
val,M,12.612514,9.050303
val,M,13.144459,7.796706
val,M,14.59332,6.9015603
val,M,16.67289,7.1512103
val,M,18.51782,7.3202634
val,M,19.319,7.361644
val,M,18.905,6.521334
val,M,17.608583,7.163465
val,M,15.889833,7.6665583
val,M,13.98268,7.8992815
val,M,12.046445,8.368196
val,M,10.77525,7.102685
val,M,10.648014,6.142865
val,M,11.547014,5.8164415
val,M,13.271986,6.0509863
val,M,15.352986,5.3901634
val,M,16.988111,5.684761
val,M,17.796223,7.5604877
val,M,18.11425,8.392204
val,M,18.283445,9.073629
val,M,17.640638,7.523869
val,M,15.731431,8.667985
val,M,13.124945,8.331089
val,M,10.372694,6.3146734
val,M,8.407598,5.5396624
val,M,8.026444,4.300032
val,M,9.203972,3.4678388
val,M,11.216639,5.882265
val,M,13.312056,5.24335
val,M,15.199417,2.407431
val,M,16.664347,1.9544544
val,M,17.805084,2.1079652
val,M,18.383667,3.093372
val,M,18.344723,6.1046505
val,M,18.11618,6.9307356
val,M,17.8645,5.1405325
val,M,17.510471,5.687661
val,M,17.072624,5.8001113
val,M,16.7545,5.9989667
val,M,16.564611,7.5190415
val,M,16.411444,9.010292
val,M,16.530083,9.362103
val,M,17.005917,7.2884874
val,M,17.577042,7.534295
val,M,18.130875,8.189938
val,M,18.628819,9.332752
val,M,19.067778,9.684391
val,M,19.49457,9.078221
val,M,19.849485,8.307672
val,M,20.152973,9.361797
val,M,20.942486,8.127234
val,M,22.215097,6.0458775
val,M,23.423277,6.758873
val,M,23.219084,6.870413
val,M,18.30961,5.901937
val,M,10.316361,6.8537674
val,M,6.0251946,8.233917
val,M,6.5980554,8.320384
val,M,9.078667,8.863654
val,M,11.715875,8.711326
val,M,13.93932,7.6145015
val,M,16.06046,6.3113317
val,M,17.975111,7.090045
val,M,19.61632,8.439766
val,M,21.178305,9.225736
val,M,22.668306,7.8128533
val,M,22.521402,7.358207
val,M,17.664486,7.9681144
val,M,10.297597,6.7374697
val,M,6.611514,6.7355022
val,M,7.092167,6.533169
val,M,8.231389,6.6419644
val,M,8.157403,6.7659793
val,M,7.091486,6.4883404
val,M,6.0053196,7.5637407
val,M,5.4912915,6.2180114
val,M,6.1050835,7.250248
val,M,7.666611,7.7526355
val,M,9.233152,7.0187325
val,M,11.022695,7.7406206
val,M,13.49457,7.715967
val,M,15.818653,7.619583
val,M,17.73889,5.792059
val,M,19.44182,6.186433
val,M,20.726723,4.937587
val,M,21.1475,3.8354175
val,M,19.173084,4.584764
val,M,17.181194,4.745021
val,M,17.717709,3.7247014
val,M,19.15875,3.4122694
val,M,20.455055,2.9253118
val,M,21.656666,2.3540854
val,M,22.274014,2.385156
val,M,19.773945,2.4811978
val,M,15.761764,2.4171298
val,M,14.419389,2.4774523
val,M,14.604264,2.5147507
val,M,14.730778,2.4986503
val,M,14.644222,2.4471097
val,M,14.175583,2.4301622
val,M,13.4725,2.5110912
val,M,12.562166,2.4666855
val,M,12.351403,2.6945648
val,M,13.039708,2.7708285
val,M,14.068167,2.8847008
val,M,15.093,3.2929895
val,M,15.868639,3.1018608
val,M,16.634903,3.0979788
val,M,17.729597,3.0536406
val,M,18.743,2.8594306
val,M,19.067041,2.8737547
val,M,18.740875,2.8550103
val,M,16.874971,2.899143
val,M,13.371514,3.0056157
val,M,11.348139,3.1639683
val,M,11.978042,3.0696151
val,M,13.491806,2.8920105
val,M,15.028625,2.7338617
val,M,16.408264,2.5502813
val,M,17.30325,2.8998654
val,M,17.891834,3.165232
val,M,18.557888,2.749492
val,M,19.312916,2.7458544
val,M,20.158194,3.0152297
val,M,21.067291,2.8405142
val,M,21.900597,2.9932806
val,M,22.331528,2.931337
val,M,22.405987,2.7769423
val,M,21.335209,2.8931296
val,M,19.651709,2.89674
val,M,19.409472,3.5142906
val,M,20.294611,3.973288
val,M,21.332695,4.85199
val,M,22.294403,6.579476
val,M,22.259293,6.36712
val,M,18.737055,5.241812
val,M,12.089292,4.788089
val,M,7.835486,5.5527673
val,M,7.4033613,5.897325
val,M,7.992722,7.3705935
val,M,8.609167,7.529232
val,M,9.180959,6.6939325
val,M,9.559417,5.3428817
val,M,9.684097,3.7341828
val,M,9.999291,3.034501
val,M,10.449195,3.5055475
val,M,10.861861,4.095291
val,M,11.276347,4.756385
val,M,11.664278,7.0159445
val,M,11.865583,7.5017786
val,M,11.944639,8.08874
val,M,11.976084,7.585479
val,M,11.938042,9.602617
val,M,11.759958,10.246657
val,M,11.145097,7.2623158
val,M,10.163681,5.977168
val,M,9.504431,7.629184
val,M,9.51775,8.889547
val,M,10.033319,7.871455
val,M,10.856334,7.9893937
val,M,11.743597,8.484879
val,M,12.5830555,7.717339
val,M,13.426639,8.533029
val,M,14.317875,8.407345
val,M,15.17,6.640551
val,M,16.013195,8.197058
val,M,16.920652,9.496668
val,M,17.8905,7.8049755
val,M,18.903084,5.7670555
val,M,19.669527,5.6710644
val,M,20.339931,4.9113655
val,M,21.070375,5.1234903
val,M,21.61193,7.362897
val,M,22.145,7.590332
val,M,22.795778,6.426841
val,M,23.487028,7.81501
val,M,24.049944,6.6722546
val,M,23.650152,4.934346
val,M,19.419834,4.9045725
val,M,12.505972,5.3505964
val,M,8.981527,5.0156765
val,M,9.150181,4.6827307
val,M,10.047055,4.4806437
val,M,10.95725,3.8673663
val,M,11.6675415,3.3287327
val,M,12.180708,4.000326
val,M,12.546348,3.5501459
val,M,12.900556,2.8941476
val,M,13.384819,3.1549644
val,M,13.918014,3.009065
val,M,14.358514,2.975014
val,M,14.6484165,2.6694539
val,M,14.680986,2.739806
val,M,14.176681,3.7264655
val,M,13.337528,3.9302497
val,M,12.6855,3.3612554
val,M,12.263014,3.0238302
val,M,11.764264,3.0005271
val,M,11.394389,3.9777553
val,M,11.28343,3.9066849
val,M,11.117028,2.932648
val,M,10.741806,3.1171033
val,M,10.316347,3.72468
val,M,10.318222,4.4831553
val,M,10.779139,5.0156794
val,M,11.423944,5.319424
val,M,11.999291,5.230475
val,M,12.494348,4.7325273
val,M,13.032556,4.706293
val,M,13.436528,4.645579
val,M,13.494069,4.7911716
val,M,13.328486,4.6527953
val,M,13.187041,4.501161
val,M,13.046403,5.0756907
val,M,12.591236,4.302987
val,M,12.003902,3.478338
val,M,11.852486,4.0608835
val,M,12.324639,4.2597055
val,M,13.188569,4.2790117
val,M,14.071861,5.109243
val,M,14.988459,5.678528
val,M,15.810458,4.7896824
val,M,16.349041,4.8202477
val,M,16.711042,4.759981
val,M,17.089209,3.2721305
val,M,17.56975,2.7141192
val,M,18.046083,2.8640344
val,M,18.266987,2.8468606
val,M,18.18025,2.785434
val,M,18.305292,2.7230637
val,M,18.586487,2.5439665
val,M,18.831583,2.6055837
val,M,19.05975,2.5289273
val,M,19.051819,2.46583
val,M,18.386457,2.4502413
val,M,16.803375,2.3944855
val,M,14.559819,2.3513844
val,M,12.252194,2.785941
val,M,9.884139,3.2672732
val,M,7.1963334,3.1687596
val,M,4.818847,3.1196344
val,M,3.1925557,2.8777514
val,M,2.0750833,2.6816607
val,M,1.1251528,2.7821755
val,M,0.37656945,2.876514
val,M,0.044152778,3.0313623
val,M,0.1898611,2.9144585
val,M,0.67334723,2.617767
val,M,1.1180416,2.7226002
val,M,1.1055417,3.503119
val,M,0.8045833,5.6069074
val,M,0.59348613,5.7565737
val,M,0.9334861,5.0656614
val,M,2.6682084,5.5871687
val,M,5.168486,5.5007544
val,M,7.337278,5.0005803
val,M,9.402903,5.500098
val,M,11.558888,6.066184
val,M,13.712903,6.3901806
val,M,15.784416,6.9800925
val,M,17.62175,6.952587
val,M,19.207695,6.4268265
val,M,20.681902,5.149574
val,M,22.170597,4.5101323
val,M,23.571598,5.528194
val,M,24.773903,5.1224833
val,M,25.580458,4.8695393
val,M,22.8515,5.94331
val,M,16.024153,5.13581
val,M,11.048403,4.5380454
val,M,9.969277,4.3082724
val,M,10.4331665,4.384523
val,M,11.186375,4.2054634
val,M,11.699889,3.7970023
val,M,12.11675,3.8809621
val,M,12.574236,3.7829404
val,M,13.060847,4.43076
val,M,14.186778,4.13583
val,M,16.17125,3.4471176
val,M,18.26968,3.59368
val,M,19.792278,3.1867416
val,M,19.592028,2.6807683
val,M,15.977555,2.4046657
val,M,10.961319,2.2851715
val,M,8.70875,2.3215556
val,M,8.533903,2.6590674
val,M,8.766889,2.6813786
val,M,9.518375,2.4476123
val,M,10.348139,2.5594702
val,M,11.0471525,2.5850003
val,M,11.633111,2.4868963
val,M,12.206,2.5365503
val,M,12.883278,3.6773078
val,M,13.459167,4.926049
val,M,13.83543,5.7418404
val,M,14.135167,5.9353795
val,M,14.488556,5.029009
val,M,14.837028,4.531504
val,M,15.197291,3.8133788
val,M,15.559569,5.3599167
val,M,15.776667,6.061779
val,M,15.818791,4.0943923
val,M,15.759264,3.479563
val,M,15.671361,3.4095142
val,M,15.574361,2.8377635
val,M,15.782458,2.1753545
val,M,16.54693,2.1983843
val,M,17.865236,2.7016444
val,M,19.456097,2.5697796
val,M,21.0755,2.5802097
val,M,22.668945,2.5760987
val,M,23.621027,2.4448643
val,M,24.087957,2.5886924
val,M,23.739069,2.6404698
val,M,19.381306,2.781955
val,M,12.115528,2.7988336
val,M,8.320569,2.7032347
val,M,8.816653,2.715018
val,M,10.252694,2.918938
val,M,11.562708,3.1402152
val,M,12.700556,2.8371058
val,M,13.483277,2.7126265
val,M,13.725375,2.7874804
val,M,13.621722,2.7055428
val,M,13.502055,2.6287186
val,M,13.535708,2.5254385
val,M,13.763625,2.444896
val,M,14.132958,2.5270655
val,M,14.485014,3.7121985
val,M,14.780236,4.541271
val,M,14.862541,4.5869946
val,M,14.201361,5.5622263
val,M,12.632972,5.5500917
val,M,10.545028,4.7048826
val,M,8.873528,4.6838083
val,M,8.514389,4.9875617
val,M,9.301014,4.80462
val,M,10.406597,4.335983
val,M,11.497361,4.507885
val,M,12.466403,5.020437
val,M,13.279305,4.8656406
val,M,14.189931,5.2561994
val,M,15.208972,8.001132
val,M,16.276236,8.612737
val,M,17.292347,5.68995
val,M,18.352861,4.131551
val,M,19.141834,3.4361227
val,M,19.166487,3.61636
val,M,17.385263,5.208935
val,M,11.5205,10.173066
val,M,3.8918056,10.446683
val,M,0.2745,5.993882
val,M,0.019833334,5.162342
val,M,0.009916667,6.7879972
val,M,0.008736111,7.580115
val,M,0.018708333,7.662964
val,M,0.39918056,7.3963337
val,M,2.3195417,7.578849
val,M,4.9936666,7.5065684
val,M,7.097847,6.1297836
val,M,8.841375,6.813383
val,M,10.0784445,7.1746287
val,M,10.834708,6.709637
val,M,11.287209,8.848293
val,M,11.562,9.468061
val,M,11.712209,7.097179
val,M,11.731431,6.0651417
val,M,11.683069,6.499547
val,M,11.675208,4.422554
val,M,11.80425,5.793397
val,M,12.0225,6.54239
val,M,12.181097,5.872287
val,M,12.287458,6.4571013
val,M,12.362972,8.176219
val,M,12.39925,6.4639826
val,M,12.412778,5.699504
val,M,12.420834,7.2126365
val,M,12.424514,7.548456
val,M,12.395097,6.114758
val,M,12.319861,5.3249273
val,M,12.219889,5.8211904
val,M,12.423347,4.9840946
val,M,13.134597,3.9224813
val,M,13.910931,3.7085626
val,M,14.521916,4.7380905
val,M,15.10075,4.202014
val,M,15.857,5.739681
val,M,17.159195,7.5445538
val,M,18.716806,5.7078896
val,M,20.0215,3.4714715
val,M,21.133444,2.7639544
val,M,22.075916,2.1617963
val,M,20.849403,1.8767922
val,M,14.819597,3.449689
val,M,6.2393475,9.324005
val,M,1.0453612,10.700111
val,M,0.07605556,6.6673727
val,M,0.37808332,6.6252093
val,M,0.9266389,6.248733
val,M,1.7283472,7.271654
val,M,2.9669027,6.786688
val,M,4.7223887,7.895383
val,M,6.859875,7.6894765
val,M,8.893042,7.084406
val,M,10.436167,6.774186
val,M,11.401736,6.9681253
val,M,11.730333,7.9399242
val,M,11.50168,8.969816
val,M,10.933111,7.383407
val,M,10.4375,7.3007383
val,M,10.486195,7.584571
val,M,10.894736,8.609911
val,M,11.248806,9.975367
val,M,11.461403,8.98777
val,M,11.702791,6.6441975
val,M,11.743667,5.8333635
val,M,11.620833,5.995983
val,M,11.558653,6.3362274
val,M,11.643403,6.180993
val,M,11.90582,5.5070796
val,M,12.019611,5.1640244
val,M,12.077861,3.7594664
val,M,12.293959,2.559438
val,M,12.565291,2.8453
val,M,12.746708,3.3193228
val,M,12.827625,3.480327
val,M,12.845875,3.0588915
val,M,12.864,3.0101168
val,M,12.895528,2.806071
val,M,12.906902,2.6718767
val,M,12.848181,2.712274
val,M,12.751722,2.8507926
val,M,12.728833,2.9898846
val,M,12.567778,2.9143784
val,M,11.959014,2.8838024
val,M,11.543028,2.7095227
val,M,11.827084,2.5821111
val,M,12.295,2.5806262
val,M,12.672125,2.589976
val,M,12.870055,2.6128738
val,M,12.917167,2.8029206
val,M,12.941778,2.9460585
val,M,12.930722,3.06498
val,M,12.894139,3.106732
val,M,12.74125,2.9769661
val,M,12.460305,2.740491
val,M,12.163652,2.7441704
val,M,11.872056,2.7274594
val,M,11.601347,2.8699734
val,M,11.137362,2.8395998
val,M,10.269903,2.9610822
val,M,9.492333,2.6759307
val,M,9.315889,2.4419997
val,M,9.592792,3.0194929
val,M,9.979681,3.7496383
val,M,10.331639,3.62445
val,M,10.5899725,3.794967
val,M,10.497569,3.8502836
val,M,9.644569,3.8706264
val,M,8.164667,5.5401497
val,M,6.4251804,6.088106
val,M,4.523486,4.9615507
val,M,2.886486,6.1543818
val,M,2.6282916,6.5586405
val,M,3.572264,7.0366507
val,M,4.091542,6.1288815
val,M,3.6913195,5.6208076
val,M,2.8400834,8.858494
val,M,2.621764,8.915972
val,M,3.8046668,5.7403183
val,M,5.482847,5.3761044
val,M,6.885875,6.727723
val,M,7.988514,6.656606
val,M,8.80625,7.0920877
val,M,9.551764,7.261114
val,M,10.072986,7.050205
val,M,10.294583,8.0862255
val,M,10.431027,7.465657
val,M,10.56293,7.722625
val,M,10.696458,7.570922
val,M,10.819667,7.2037945
val,M,10.919917,6.78129
val,M,11.042319,6.5493307
val,M,11.167431,6.7387133
val,M,11.242028,7.468176
val,M,11.248347,8.12872
val,M,11.198277,6.488924
val,M,11.115111,5.807045
val,M,11.012417,6.0622416
val,M,10.907528,5.2555494
val,M,10.7884865,4.5554733
val,M,10.706639,4.5280333
val,M,10.715292,4.9155293
val,M,10.7583475,3.7826164
val,M,10.794375,3.0260856
val,M,10.81875,3.049291
val,M,10.857513,3.36707
val,M,10.854236,3.158815
val,M,10.87657,2.7276914
val,M,10.988,2.8136823
val,M,11.034333,4.6483526
val,M,10.983236,5.243929
val,M,10.848763,4.530608
val,M,10.743486,4.494958
val,M,10.793653,5.4027796
val,M,11.059736,6.0505543
val,M,11.443639,6.354909
val,M,11.599459,5.953616
val,M,11.558847,3.470312
val,M,11.556833,2.2043815
val,M,11.325403,2.0117657
val,M,11.223458,2.6754181
val,M,11.332583,3.1802015
val,M,11.248834,4.3441057
val,M,11.207486,4.9385204
val,M,11.097097,3.9642103
val,M,10.930375,2.6304543
val,M,11.076777,2.3221164
val,M,11.251764,1.8171856
val,M,11.01075,1.7590115
val,M,10.596167,2.344847
val,M,10.296763,2.7562737
val,M,10.123694,2.7237842
val,M,10.117486,2.745132
val,M,10.257444,2.7470448
val,M,10.394709,2.7299163
val,M,10.508639,3.060362
val,M,10.665653,3.1367328
val,M,10.843958,2.8200266
val,M,10.9805,2.7977173
val,M,10.90625,2.7597508
val,M,10.31257,2.523492
val,M,9.392736,2.529086
val,M,8.797277,2.6574664
val,M,8.690014,2.951977
val,M,8.8573475,2.9154472
val,M,9.140458,2.6636643
val,M,9.187056,2.74884
val,M,9.0836525,2.878051
val,M,9.144555,2.7841537
val,M,9.012042,2.6288857
val,M,8.250195,2.6947339
val,M,7.5740557,2.7754304
val,M,7.6276526,2.6895325
val,M,7.585639,4.1770797
val,M,6.7378054,6.988305
val,M,5.34725,5.3367834
val,M,3.8657777,3.227133
val,M,2.4410417,3.4236584
val,M,1.0668056,4.5481386
val,M,0.19959722,5.9143066
val,M,0.0155,5.497446
val,M,0.015027778,4.5981684
val,M,0.014472222,3.9495685
val,M,0.013180556,5.160257
val,M,0.015152778,6.284892
val,M,0.0144305555,6.7177
val,M,0.009972222,6.591867
val,M,0.010347222,8.819286
val,M,0.012083333,10.266963
val,M,0.012,9.093703
val,M,0.013555556,7.4453945
val,M,0.015763888,7.4478264
val,M,0.014347223,8.055926
val,M,0.013083333,8.401584
val,M,0.014847222,7.573185
val,M,0.015694445,7.300028
val,M,0.012,5.9797416
val,M,0.008444444,5.9315414
val,M,0.010430556,7.778202
val,M,0.010847222,9.998905
val,M,0.011444445,9.596946
val,M,0.011944445,4.6289215
val,M,0.011375,2.8032024
val,M,0.010819444,7.109258
val,M,0.010861111,7.1498246
val,M,0.011944445,4.959303
val,M,0.013361111,5.817194
val,M,0.014277778,5.6955433
val,M,0.012,6.1399736
val,M,0.012097222,6.4183955
val,M,0.014375,8.830065
val,M,0.015194444,8.5817795
val,M,0.014819444,5.230328
val,M,0.011763889,3.2461846
val,M,0.010458333,2.3261356
val,M,0.011013889,3.9774878
val,M,0.010805556,8.924297
val,M,0.012847222,9.421558
val,M,0.011791667,4.1629934
val,M,0.009652778,3.6806598
val,M,0.011763889,6.5087247
val,M,0.0119027775,6.644285
val,M,0.009013888,3.751374
val,M,0.010208333,2.585143
val,M,0.012305556,2.401891
val,M,0.012152778,1.8003721
val,M,0.012027778,1.723005
val,M,0.011430556,2.0602045
val,M,0.012,2.4146135
val,M,0.012402778,2.7769182
val,M,0.011555555,7.491351
val,M,0.010458333,10.806652
val,M,0.010263889,8.448785
val,M,0.013666667,7.6163177
val,M,0.013861111,8.978718
val,M,0.0137083335,6.806696
val,M,0.012527778,4.992526
val,M,0.011180555,4.104448
val,M,0.010069445,2.7427075
val,M,0.0077222222,4.2514443
val,M,0.009458333,6.577133
val,M,0.012569444,5.492093
val,M,0.0113194445,4.3449535
val,M,0.009652778,4.403375
val,M,0.014972222,4.878952
val,M,0.016069444,4.534898
val,M,0.011125,3.7873514
val,M,0.008833333,2.9541867
val,M,0.009861111,2.672526
val,M,0.011347222,3.03778
val,M,0.015583334,2.9363322
val,M,0.028458333,2.8210962
val,M,0.11677778,3.7364323
val,M,0.101902775,4.4372935
val,M,0.010194444,3.0680275
val,M,0.011625,2.589969
val,M,0.011541666,4.765899
val,M,0.012305556,5.354675
val,M,0.009861111,5.868761
val,M,0.0076666665,5.910128
val,M,0.011597223,6.3267236
val,M,0.012194444,11.000703
val,M,0.008847223,9.753936
val,M,0.008652777,6.646226
val,M,0.0105,7.659789
val,M,0.016069444,8.048529
val,M,0.015986111,9.932195
val,M,0.016930556,9.924095
val,M,0.016347222,8.371463
val,M,0.015902778,9.608008
val,M,0.0165,10.281725
val,M,0.0105,7.447213
val,M,0.008277778,5.8879023
val,M,0.008111111,5.3353643
val,M,0.011194444,4.025909
val,M,0.016652778,3.6540349
val,M,0.015180555,4.291852
val,M,0.010930556,3.9558444
val,M,0.009777778,3.603198
val,M,0.009847222,3.28671
val,M,0.012569444,2.9797504
val,M,0.013805555,2.7412796
val,M,0.013916667,2.621714
val,M,0.013444444,2.5779145
val,M,0.0119027775,2.621108
val,M,0.011055555,2.519881
val,M,0.014416667,2.5438063
val,M,0.013027778,2.5872953
val,M,0.009611111,2.4902117
val,M,0.010708333,2.2639394
val,M,0.008930556,2.1797485
val,M,0.011625,2.540391
val,M,0.014541667,3.884463
val,M,0.012166667,5.2310014
val,M,0.010972222,6.0061007
val,M,0.013402778,6.5585313
val,M,0.012722222,6.1757474
val,M,0.009930556,6.155341
val,M,0.010819444,5.5713
val,M,0.011597223,3.5047648
val,M,0.011736111,2.936708
val,M,0.011166667,2.782441
val,M,0.008986111,2.8336856
val,M,0.034319445,3.348075
val,M,0.041444443,3.2699387
val,M,0.051152777,3.277633
val,M,0.33938888,3.2654653
val,M,1.2380694,2.7072775
val,M,2.6830833,2.3130114
val,M,4.276,2.5318198
val,M,5.8887916,3.8802671
val,M,6.90075,5.076706
val,M,6.9468193,4.0714
val,M,6.3334584,3.8241146
val,M,5.4825,3.774326
val,M,4.6190834,3.6898212
val,M,3.8669305,4.5296516
val,M,3.6826806,4.207102
val,M,3.7598472,4.9428787
val,M,4.1911387,7.903142
val,M,5.2915277,8.915213
val,M,6.500736,5.8446445
val,M,7.1683474,4.2272277
val,M,7.7435417,5.229997
val,M,8.749111,4.928071
val,M,9.907598,5.234303
val,M,11.1135,7.207332
val,M,12.227375,6.727009
val,M,12.781292,6.334791
val,M,12.461917,5.742351
val,M,11.3694725,6.14275
val,M,9.810597,6.492253
val,M,8.352,6.004945
val,M,7.209111,6.7411814
val,M,6.4177084,6.5745277
val,M,6.3333054,8.928547
val,M,7.0693192,9.418864
val,M,8.416278,6.207449
val,M,10.079458,4.340804
val,M,11.694375,5.3773274
val,M,12.869236,6.0272684
val,M,13.418959,7.204747
val,M,13.586416,10.616177
val,M,13.659166,11.860476
val,M,13.721791,8.837292
val,M,13.788986,9.056904
val,M,13.854792,10.431561
val,M,13.934986,8.912766
val,M,14.020889,10.307182
val,M,14.114458,11.947892
val,M,14.190792,9.774456
val,M,14.213889,7.958788
val,M,14.228958,8.904493
val,M,14.219778,10.834837
val,M,14.233986,10.599088
val,M,14.358514,7.510473
val,M,14.5425,6.162365
val,M,14.745028,7.059406
val,M,14.92543,10.0091915
val,M,14.854917,11.416992
val,M,14.286166,9.23057
val,M,13.2225,8.230763
val,M,12.189458,8.696581
val,M,11.576653,10.252825
val,M,11.397125,7.2580056
val,M,11.424736,4.92005
val,M,11.265361,3.0780258
val,M,10.750861,2.3568943
val,M,9.854709,2.51864
val,M,8.883555,2.4826868
val,M,8.376416,3.0323746
val,M,8.366528,2.869303
val,M,8.122084,2.8111415
val,M,7.109125,2.739168
val,M,5.7390556,2.617705
val,M,4.4643054,2.4129508
val,M,3.249,2.3696783
val,M,2.3164723,2.2430875
val,M,1.5674722,2.1751764
val,M,1.0972639,2.228601
val,M,1.8867639,2.2176607
val,M,3.4847777,2.2099473
val,M,5.0348196,2.2480814
val,M,6.2852917,2.265074
val,M,6.9285555,2.2254045
val,M,7.2728195,2.252854
val,M,7.771514,2.221458
val,M,8.525945,2.2048366
val,M,9.14575,2.1984208
val,M,9.4215,2.17657
val,M,9.640805,2.234373
val,M,9.869597,2.2797258
val,M,9.735791,2.2578642
val,M,8.825097,2.2946513
val,M,7.507125,2.2958338
val,M,6.2291527,2.2767813
val,M,5.3299723,2.2386773
val,M,4.1760974,2.432135
val,M,4.2265415,4.2441683
val,M,5.992597,5.5738554
val,M,7.3816667,5.8313503
val,M,8.3565,4.0405345
val,M,8.886681,1.9630132
val,M,9.022653,1.5433428
val,M,9.059569,2.592662
val,M,9.148848,3.866803
val,M,9.277805,4.8858232
val,M,9.382417,6.763844
val,M,9.443833,6.21122
val,M,9.512736,6.204602
val,M,9.582209,6.6224422
val,M,9.695431,6.3921547
val,M,9.943264,6.5024104
val,M,10.35782,6.3541036
val,M,10.674222,6.5379505
val,M,10.664903,6.283354
val,M,10.471861,5.568218
val,M,10.262042,5.742321
val,M,10.115152,7.5164104
val,M,9.924528,9.052243
val,M,9.565403,7.6881156
val,M,8.779778,7.0807304
val,M,7.570653,7.6104345
val,M,6.304403,7.20213
val,M,5.531194,6.7530403
val,M,5.660875,7.7681503
val,M,6.279667,7.871613
val,M,6.7908335,6.2878685
val,M,6.8274307,8.9666
val,M,6.704639,9.752329
val,M,7.079528,8.975975
val,M,7.8009167,8.57129
val,M,8.216125,9.648066
val,M,8.243611,8.435175
val,M,7.9966946,6.28408
val,M,7.505139,6.3032665
val,M,7.072889,8.557848
val,M,7.2013474,9.607199
val,M,7.7142224,9.643129
val,M,7.86625,9.003276
val,M,7.7820554,7.403904
val,M,7.8610554,6.7128057
val,M,8.020319,7.327059
val,M,8.184611,9.518669
val,M,8.356569,10.403518
val,M,8.408125,9.97472
val,M,8.404625,6.907144
val,M,8.316916,4.892562
val,M,8.48818,5.8661017
val,M,9.0969305,5.9105163
val,M,9.79668,5.728593
val,M,10.565375,8.095869
val,M,11.100528,10.628517
val,M,11.051583,11.686504
val,M,10.635639,12.103864
val,M,10.172305,11.221853
val,M,9.822945,10.482658
val,M,9.848014,10.802414
val,M,10.163917,12.2449465
val,M,10.53982,12.007521
val,M,10.790833,8.167437
val,M,10.740278,7.264076
val,M,10.49643,8.700535
val,M,10.096014,7.538268
val,M,9.249153,6.938437
val,M,8.273431,6.7004023
val,M,8.033264,8.546066
val,M,8.435431,10.589017
val,M,8.954597,8.791122
val,M,9.389444,9.932737
val,M,9.63332,10.430163
val,M,9.466778,9.4902725
val,M,8.607611,8.256884
val,M,7.7093472,7.1387534
val,M,7.655028,8.459943
val,M,8.247486,9.674248
val,M,8.90275,8.842956
val,M,9.333667,7.9742746
val,M,9.294042,7.3794417
val,M,8.741333,4.8975167
val,M,7.949861,3.7341893
val,M,7.2665,3.397284
val,M,7.221236,3.06519
val,M,8.022737,3.1154695
val,M,9.129514,2.6988919
val,M,9.868347,2.4760137
val,M,9.969194,2.4518788
val,M,9.30425,2.52505
val,M,8.108111,2.8295133
val,M,7.1642222,3.0756705
val,M,6.7119308,3.0327733
val,M,6.283931,2.960469
val,M,5.731403,2.9713972
val,M,4.820542,3.0770924
val,M,3.784486,2.902815
val,M,3.4703333,2.9740217
val,M,4.2327085,3.1028764
val,M,5.763417,3.1000884
val,M,7.5448613,2.9434826
val,M,9.12307,2.8733163
val,M,10.07525,2.941456
val,M,10.29675,2.9579155
val,M,10.12725,3.968353
val,M,9.946736,2.759022
val,M,9.760555,2.2398212
val,M,9.545834,4.688865
val,M,9.3347225,5.109176
val,M,9.298195,4.7086296
val,M,9.474042,5.285351
val,M,9.716917,4.5404654
val,M,9.986709,5.448098
val,M,10.162194,6.4040346
val,M,10.1265,6.686467
val,M,10.041056,8.420487
val,M,9.781347,9.5511055
val,M,8.834431,8.756874
val,M,7.8528333,8.299813
val,M,7.756292,8.048191
val,M,8.381042,9.068319
val,M,9.083208,10.379297
val,M,9.115042,10.185395
val,M,8.616777,10.546131
val,M,8.323722,10.818511
val,M,8.490069,10.160305
val,M,9.246098,10.142359
val,M,10.42743,12.2876
val,M,11.428375,12.856991
val,M,12.008041,11.530736
val,M,12.30418,10.4728775
val,M,12.273375,8.653379
val,M,12.080791,8.065877
val,M,12.209042,7.192993
val,M,12.508972,7.56855
val,M,12.493875,9.141639
val,M,12.259,9.76996
val,M,12.051347,9.594701
val,M,11.872347,11.533346
val,M,11.88882,13.539501
val,M,12.066139,12.349089
val,M,12.249986,11.706984
val,M,12.481375,11.852664
val,M,12.668472,12.2076
val,M,12.297681,10.5764885
val,M,11.558611,8.199349
val,M,11.401958,7.31274
val,M,11.904375,8.3301935
val,M,12.514319,6.5141745
val,M,12.892625,3.9621944
val,M,13.048125,7.59151
val,M,13.075319,7.137212
val,M,13.014153,8.016977
val,M,12.869348,9.944483
val,M,12.698542,10.872611
val,M,12.552237,10.21995
val,M,12.414153,8.48509
val,M,12.330319,8.343241
val,M,12.261084,6.577033
val,M,12.133764,7.228627
val,M,12.104042,6.1264563
val,M,12.024764,4.276435
val,M,11.86782,4.1265583
val,M,11.779445,5.733219
val,M,11.69143,4.4523053
val,M,11.666597,3.702513
val,M,11.755555,3.267585
val,M,11.935778,2.458846
val,M,12.172667,6.2029047
val,M,12.462681,9.554348
val,M,12.916153,9.630716
val,M,13.455791,7.4747086
val,M,13.747014,6.264474
val,M,13.861042,6.2633004
val,M,13.972083,6.877346
val,M,14.044625,7.0410666
val,M,14.05125,8.130861
val,M,14.071736,7.9860735
val,M,14.170111,9.216703
val,M,14.299111,9.331852
val,M,14.353444,8.258972
val,M,14.337958,9.517382
val,M,14.317889,10.439978
val,M,14.135292,11.126545
val,M,13.570625,11.330814
val,M,12.920417,12.434656
val,M,12.646264,9.832348
val,M,12.731417,9.665989
val,M,12.825958,10.069164
val,M,12.697166,9.011257
val,M,12.296291,9.50216
val,M,11.487722,10.742958
val,M,10.335139,8.990898
val,M,9.008764,10.150553
val,M,7.6361804,11.291207
val,M,6.178361,8.970998
val,M,4.641972,8.558224
val,M,3.0624166,8.134531
val,M,1.7090417,7.5393515
val,M,0.93780553,5.9587374
val,M,0.40495834,5.941061
val,M,0.06575,6.813358
val,M,0.016777778,6.343743
val,M,0.014486111,4.6886916
val,M,0.015513889,2.8286293
val,M,0.3214028,2.3415072
val,M,1.8005,2.9401095
val,M,4.5201526,3.3289502
val,M,7.5354443,3.0994608
val,M,10.373097,2.3116875
val,M,12.482986,2.5851083
val,M,13.202278,3.6996305
val,M,13.043167,3.4133375
val,M,12.658042,3.9417703
val,M,12.1545,6.879903
val,M,11.826736,6.8849487
val,M,11.777555,6.4035063
val,M,11.882153,8.456472
val,M,12.062528,9.191762
val,M,12.264139,10.157399
val,M,12.487611,9.352167
val,M,12.696208,6.1967382
val,M,12.582431,7.546389
val,M,12.019514,8.269863
val,M,11.291083,7.273582
val,M,10.517555,8.1538315
val,M,9.892597,8.642899
val,M,9.553264,7.909515
val,M,8.988931,9.370301
val,M,7.8755555,9.44954
val,M,6.5272083,7.2370205
val,M,5.3364167,6.6491733
val,M,4.7618055,7.0749454
val,M,4.6883054,6.590004
val,M,4.6473613,6.6198792
val,M,4.5757637,8.729763
val,M,4.2579026,11.530131
val,M,3.405639,10.1170435
val,M,2.777639,7.8936663
val,M,2.8284721,8.369315
val,M,3.3189027,8.732344
val,M,4.2821946,11.417288
val,M,5.420361,11.292244
val,M,6.5190835,8.649467
val,M,7.2562084,8.825433
val,M,7.832625,10.834274
val,M,8.594264,12.391557
val,M,9.100194,9.617025
val,M,9.275639,6.873625
val,M,9.43325,7.762049
val,M,9.6617365,8.047677
val,M,9.859792,9.798529
val,M,10.11175,10.101358
val,M,10.493931,9.313088
val,M,10.825486,11.135382
val,M,10.805361,10.193304
val,M,10.464319,9.620673
val,M,10.007709,10.841283
val,M,9.55825,9.24418
val,M,9.292514,7.852562
val,M,9.380806,9.651276
val,M,9.731236,10.0123415
val,M,10.001014,11.667274
val,M,10.012305,9.995845
val,M,9.815028,8.505003
val,M,9.632903,8.357159
val,M,9.487278,8.210997
val,M,9.3504305,9.193869
val,M,9.200791,10.761672
val,M,8.98782,9.194424
val,M,8.666306,8.035028
val,M,8.284695,9.094327
val,M,7.901014,8.83909
val,M,7.534639,9.026159
val,M,7.138764,8.171818
val,M,6.518847,8.910688
val,M,5.6324863,8.708049
val,M,4.595389,6.579316
val,M,3.5172918,4.631149
val,M,2.5802083,4.4721727
val,M,1.7834584,5.8546653
val,M,0.8011389,5.548036
val,M,0.115430556,3.805931
val,M,0.013472222,3.095493
val,M,0.013375,2.8940284
val,M,0.041125,2.6983833
val,M,0.22708334,2.8517513
val,M,0.53184724,3.7017548
val,M,0.7586389,4.2647724
val,M,0.8238056,3.7351596
val,M,0.8702639,2.4754357
val,M,0.85084724,2.094402
val,M,0.50363886,2.4316175
val,M,0.12568055,2.2991955
val,M,0.041055556,4.727687
val,M,0.216,9.824324
val,M,0.7919722,11.192253
val,M,1.9872084,8.173718
val,M,3.5033195,8.469223
val,M,5.273958,10.247365
val,M,6.8814445,8.097125
val,M,7.467583,6.3061543
val,M,7.385514,7.786025
val,M,7.1916943,7.93139
val,M,6.9366665,6.7629433
val,M,6.6778193,4.8120766
val,M,6.3369308,3.026587
val,M,5.485597,3.92398
val,M,4.2019444,4.350559
val,M,2.9080138,3.4492676
val,M,1.6403055,2.5954134
val,M,0.57994443,2.4970868
val,M,0.11044444,2.333628
val,M,0.054555554,2.2701275
val,M,0.030111112,2.3277214
val,M,0.25809723,2.3953822
val,M,1.6318195,2.4721985
val,M,3.5589027,2.4853451
val,M,5.131986,2.3655891
val,M,6.6303334,2.5448096
val,M,7.5471945,2.5449138
val,M,7.808611,2.5457728
val,M,8.320306,2.5387247
val,M,9.140917,2.8329914
val,M,9.080625,2.940118
val,M,8.283334,3.0476072
val,M,7.6147776,3.0847845
val,M,7.2247224,3.046194
val,M,7.0223193,2.3516536
val,M,6.5891805,2.6285439
val,M,6.703722,4.312893
val,M,7.4295,7.9999123
val,M,8.02618,7.85067
val,M,8.445541,7.2506275
val,M,8.589167,8.304031
val,M,8.757611,8.095329
val,M,8.953153,8.34737
val,M,8.905945,7.9732795
val,M,8.766861,7.1332397
val,M,8.550597,9.418127
val,M,8.133792,14.4617405
val,M,7.390847,12.234831
val,M,6.268639,8.21462
val,M,5.042153,9.173687
val,M,3.5916667,7.272762
val,M,1.9415555,6.820611
val,M,0.60475,8.392033
val,M,0.047916666,9.299982
val,M,0.013847223,10.148945
val,M,0.029986111,8.290541
val,M,0.21495834,6.9401827
val,M,0.82505554,6.6898255
val,M,2.2783473,6.493168
val,M,4.1325974,6.0595217
val,M,5.773153,6.739133
val,M,7.4520555,6.8428855
val,M,8.59543,7.1643057
val,M,8.876041,7.9575467
val,M,8.431361,6.0060835
val,M,7.1408057,3.5681045
val,M,5.5266943,4.049874
val,M,4.4351807,5.253767
val,M,3.924236,7.4743967
val,M,2.9564166,9.790026
val,M,1.7966111,7.618528
val,M,2.294889,3.8371212
val,M,4.2833195,3.2145474
val,M,6.4957085,3.9522197
val,M,8.655181,3.6517217
val,M,9.854222,3.804649
val,M,10.045639,3.7876012
val,M,9.813778,3.3350503
val,M,9.0575695,3.8451982
val,M,8.111264,3.4629881
val,M,7.5919585,2.5580738
val,M,7.6825557,1.6329339
val,M,8.188723,1.9939642
val,M,8.770958,1.945981
val,M,9.144237,1.6290352
val,M,9.315431,1.9171604
val,M,9.366777,2.6220708
val,M,9.487181,2.3404741
val,M,9.593041,7.0031686
val,M,9.677931,12.514755
val,M,10.054472,9.445593
val,M,10.02257,5.636965
val,M,9.650903,4.0349073
val,M,9.520625,3.540538
val,M,9.280694,5.892428
val,M,8.918041,7.808304
val,M,8.499111,8.035569
val,M,8.13907,7.2615404
val,M,7.8474307,7.2276134
val,M,7.3212223,7.8903513
val,M,7.034042,10.691097
val,M,7.849653,11.427746
val,M,9.115723,8.378115
val,M,9.860833,8.137528
val,M,10.24993,7.853815
val,M,10.573527,9.245441
val,M,10.550834,9.83063
val,M,10.592305,9.984958
val,M,10.898861,8.866259
val,M,11.0610695,8.618221
val,M,11.1657915,9.387861
val,M,11.291236,8.524128
val,M,11.414181,8.099949
val,M,11.474527,9.208563
val,M,11.494792,7.42064
val,M,11.4274025,6.041111
val,M,10.629708,5.1587296
val,M,9.063444,4.286459
val,M,7.872625,3.107063
val,M,7.668667,2.3407447
val,M,8.156292,2.3559816
val,M,8.864472,2.7201684
val,M,9.231569,2.6335738
val,M,9.276694,3.0792022
val,M,9.332848,3.2169476
val,M,9.469417,2.9207947
val,M,9.700694,3.0357254
val,M,9.737486,2.9454644
val,M,9.2334585,2.910401
val,M,7.9844165,4.03306
val,M,6.54175,6.6520944
val,M,5.8619447,7.349727
val,M,6.167611,5.5947175
val,M,7.021389,6.7008367
val,M,7.9920416,8.092597
val,M,8.490681,7.4078465
val,M,7.9784026,9.101927
val,M,6.7734027,8.21273
val,M,5.6160417,8.102356
val,M,5.062389,8.55338
val,M,5.093264,7.545146
val,M,5.344097,8.430651
val,M,5.0832915,7.940195
val,M,4.2896943,6.079438
val,M,3.3862362,4.7938485
val,M,2.640889,4.09758
val,M,1.6980833,5.590864
val,M,0.51027775,6.645988
val,M,0.113916665,5.324138
val,M,0.484375,4.5420384
val,M,1.0329167,4.307892
val,M,1.1214583,4.524874
val,M,0.9480139,4.853399
val,M,1.0282639,5.515437
val,M,0.89695835,3.588702
val,M,0.48481944,1.9371207
val,M,0.38825,1.9318475
val,M,1.0220555,4.182477
val,M,2.3593612,7.873829
val,M,3.9508333,7.1381426
val,M,5.405097,5.16092
val,M,6.1418195,6.299941
val,M,5.927514,6.0160637
val,M,4.7830973,5.6281548
val,M,3.1042082,6.0943737
val,M,2.6360278,7.4108796
val,M,3.73975,8.035207
val,M,5.338125,5.84925
val,M,6.72675,6.6633167
val,M,7.350111,7.468251
val,M,7.2455,7.8631525
val,M,6.8116946,8.670914
val,M,6.6837363,7.0769024
val,M,7.515861,5.232935
val,M,8.770111,4.868349
val,M,9.546278,5.2749443
val,M,9.787264,6.487366
val,M,9.627402,7.5690336
val,M,9.323514,7.2123375
val,M,9.024611,6.78156
val,M,8.68907,9.827925
val,M,8.231653,9.077029
val,M,7.714028,7.4703226
val,M,7.190597,9.064107
val,M,6.2901807,6.929051
val,M,5.1363053,5.100121
val,M,4.7109723,4.877006
val,M,5.3870974,6.0347214
val,M,6.664764,7.6070232
val,M,7.9928193,7.2629995
val,M,9.137527,7.269973
val,M,9.940917,5.937705
val,M,10.317153,5.202445
val,M,10.409695,7.1405935
val,M,10.393653,8.252171
val,M,10.403055,6.6707993
val,M,10.358778,5.0945077
val,M,10.216917,6.3817854
val,M,9.634181,7.42389
val,M,8.500195,6.4141483
val,M,7.536014,4.928304
val,M,7.456208,5.510461
val,M,8.261333,6.828734
val,M,9.206737,6.731994
val,M,9.582431,5.3451443
val,M,9.4713335,4.9443746
val,M,9.193916,4.538018
val,M,8.93207,5.0284348
val,M,8.674264,9.612141
val,M,8.287236,13.844247
val,M,8.505153,11.421125
val,M,9.508695,8.948415
val,M,10.136541,9.258887
val,M,10.0541115,8.732369
val,M,9.76525,8.091249
val,M,9.435139,8.613987
val,M,8.996737,8.377131
val,M,8.216319,7.487014
val,M,7.027972,6.246579
val,M,5.6439443,6.7116737
val,M,4.300597,7.372754
val,M,3.7277915,9.601498
val,M,4.424875,9.299365
val,M,5.8039026,5.289027
val,M,7.206861,3.7858331
val,M,8.345195,3.9387577
val,M,8.944861,3.236862
val,M,9.124792,1.9504397
val,M,9.133306,2.2970307
val,M,8.833625,2.5293746
val,M,8.2010975,1.963949
val,M,7.8537083,2.4068797
val,M,8.204445,4.230191
val,M,8.506028,6.56252
val,M,8.500847,7.2229724
val,M,8.415208,6.942567
val,M,8.306,8.423982
val,M,8.154847,8.285782
val,M,7.956986,6.1350436
val,M,7.845736,7.580284
val,M,7.912778,10.035584
val,M,8.576125,7.971362
val,M,9.217153,6.6051617
val,M,9.729875,7.576454
val,M,10.286111,8.612038
val,M,10.124972,7.796844
val,M,9.296,6.0170317
val,M,8.221097,6.4957952
val,M,7.5154305,6.1996675
val,M,7.6673474,6.506939
val,M,8.587042,7.5239344
val,M,9.326083,7.0127597
val,M,9.371639,6.4871073
val,M,9.219542,4.505864
val,M,9.004986,6.198659
val,M,8.756236,8.279512
val,M,8.538931,5.828438
val,M,8.21168,5.321741
val,M,7.439125,6.4568605
val,M,6.104111,6.0302753
val,M,4.369236,4.994928
val,M,2.434111,7.6534424
val,M,1.2661945,6.9779406
val,M,1.686375,5.138779
val,M,3.0836945,6.005442
val,M,4.5548887,5.3643312
val,M,6.006528,4.989971
val,M,7.345083,5.271124
val,M,8.212277,6.02721
val,M,8.602986,5.736659
val,M,8.73943,4.917489
val,M,8.721389,4.438607
val,M,8.495708,5.695403
val,M,7.962111,6.424576
val,M,6.8291388,7.413915
val,M,5.045236,7.2824163
val,M,2.9516807,6.157543
val,M,1.049625,3.9022481
val,M,0.11844444,2.2930365
val,M,0.0109583335,3.1724942
val,M,0.010291667,4.673477
val,M,0.011222222,5.6688867
val,M,0.013416667,5.580077
val,M,0.029027779,6.1624613
val,M,0.0365,6.8549967
val,M,0.0195,6.645458
val,M,0.031055555,6.5931034
val,M,0.582,5.839141
val,M,1.9629444,4.3856697
val,M,3.6456528,3.9796364
val,M,5.4426947,2.5937612
val,M,7.2126527,1.7688673
val,M,8.632431,2.2148519
val,M,9.769819,2.2289908
val,M,10.5055,1.4341155
val,M,10.814959,4.6074142
val,M,10.926056,6.1212215
val,M,10.824653,5.133872
val,M,10.628764,5.79603
val,M,10.422222,6.6047754
val,M,10.162514,6.1818104
val,M,10.068806,6.0895777
val,M,9.948,5.219363
val,M,9.976042,4.6248026
val,M,10.215847,3.9561758
val,M,10.299139,2.9865396
val,M,10.377222,3.7476122
val,M,10.46218,3.6070635
val,M,10.528694,4.8060675
val,M,10.571764,6.905558
val,M,10.527,6.922735
val,M,10.251375,5.1081324
val,M,9.486625,4.7629147
val,M,8.313292,4.689043
val,M,7.052375,5.063196
val,M,5.706903,4.3920116
val,M,4.2505417,5.193843
val,M,2.7518473,5.914666
val,M,1.4342917,5.370628
val,M,0.46320835,5.358072
val,M,0.036944445,5.301957
val,M,0.015833333,5.1035395
val,M,0.01525,6.575824
val,M,0.013944444,6.7475276
val,M,0.013680556,5.5326905
val,M,0.01775,4.5509963
val,M,0.017652778,4.420766
val,M,0.016180556,4.5537567
val,M,0.017166667,3.3681843
val,M,0.037875,2.8766243
val,M,0.069569446,3.4515204
val,M,0.07429167,5.130475
val,M,0.04170833,5.183078
val,M,0.015097222,4.488136
val,M,0.015555556,3.156534
val,M,0.01575,5.104076
val,M,0.024888888,10.443013
val,M,0.027097221,8.0047455
val,M,0.017416667,3.3942897
val,M,0.015208334,4.9155655
val,M,0.013847223,4.89596
val,M,0.014111111,4.692396
val,M,0.017527778,6.2994604
val,M,0.2820139,10.919933
val,M,1.6329445,11.631029
val,M,3.6394305,7.008
val,M,5.116125,6.8157825
val,M,5.825611,7.0056343
val,M,6.4090834,6.8319225
val,M,7.385264,7.9951982
val,M,8.497125,8.208969
val,M,9.598333,9.502489
val,M,10.691819,8.796515
val,M,11.774278,6.903779
val,M,12.678972,7.106847
val,M,13.292889,6.2967596
val,M,13.581597,5.0991945
val,M,13.394514,5.527227
val,M,12.950389,7.2347307
val,M,12.699083,7.263826
val,M,12.161333,8.389264
val,M,11.192833,7.587465
val,M,9.766833,5.8694706
val,M,8.060667,5.573863
val,M,6.852792,4.343621
val,M,6.584,3.4322112
val,M,7.2369585,4.9520082
val,M,8.182028,4.087483
val,M,9.185972,2.4265325
val,M,10.217931,2.6638625
val,M,11.342305,4.7791452
val,M,12.492833,4.159135
val,M,13.416695,4.163668
val,M,14.349639,7.4902153
val,M,15.177125,8.114114
val,M,15.662084,7.0663137
val,M,15.728389,10.955534
val,M,15.465222,13.565592
val,M,15.146528,12.107744
val,M,14.88275,11.847221
val,M,14.677889,11.648662
val,M,14.416862,13.318632
val,M,14.152416,10.965849
val,M,13.906055,8.119384
val,M,13.663472,8.997273
val,M,13.428264,11.172211
val,M,13.265625,10.683468
val,M,13.253722,7.202692
val,M,13.361555,5.6402392
val,M,13.478361,5.3063483
val,M,13.43268,5.6432934
val,M,12.824458,5.3977156
val,M,11.697972,6.3062177
val,M,10.619348,6.415645
val,M,9.795111,5.6264114
val,M,9.061694,8.745733
val,M,8.429292,8.319809
val,M,8.188541,5.571266
val,M,8.323083,5.7905064
val,M,8.586625,5.2915535
val,M,8.88568,4.652941
val,M,9.171291,5.6457863
val,M,9.283417,6.0733256
val,M,9.0523615,7.2378116
val,M,8.797292,6.872882
val,M,8.8104725,5.1190047
val,M,8.945236,5.173785
val,M,9.13718,8.271266
val,M,9.380222,9.331808
val,M,9.699417,7.560894
val,M,10.246125,5.260025
val,M,11.061319,4.359419
val,M,11.954473,5.2966757
val,M,12.822403,5.711942
val,M,13.638223,5.2361956
val,M,14.368986,5.3629313
val,M,14.919903,5.5311794
val,M,15.245903,4.941567
val,M,15.455042,6.1551723
val,M,15.6465,7.6633797
val,M,15.718862,5.9140096
val,M,15.636264,7.039559
val,M,15.477597,7.3461986
val,M,15.228541,6.0843897
val,M,14.923583,6.572824
val,M,14.611597,6.2245607
val,M,14.427764,4.598177
val,M,14.396597,5.2677813
val,M,14.42275,5.1640763
val,M,14.551598,4.6998825
val,M,14.724639,7.092135
val,M,14.803972,6.0527577
val,M,14.811097,5.3370233
val,M,14.774222,5.6234612
val,M,14.659958,7.0279675
val,M,14.509,7.1190495
val,M,14.3278475,7.389884
val,M,14.044194,7.417966
val,M,13.705097,5.5181303
val,M,13.37175,5.8413754
val,M,13.048014,7.309804
val,M,12.844722,7.681025
val,M,12.764653,8.5564575
val,M,12.739597,7.472429
val,M,12.798069,6.316546
val,M,12.964056,5.5074067
val,M,13.228139,4.894799
val,M,13.528944,4.062261
val,M,13.778708,3.4676332
val,M,13.90807,2.783131
val,M,13.9829445,2.4488757
val,M,14.043263,2.6743128
val,M,14.074375,2.4132278
val,M,14.145056,4.7199326
val,M,14.256264,8.564431
val,M,14.375944,7.498851
val,M,14.366806,7.4711986
val,M,14.149458,8.239267
val,M,13.868834,8.300241
val,M,13.604847,6.6332073
val,M,13.373458,7.9096565
val,M,13.278125,8.372284
val,M,13.363791,6.8728924
val,M,13.507722,7.7744956
val,M,13.629403,7.657025
val,M,13.735,8.016791
val,M,13.811708,8.904488
val,M,13.780222,9.193385
val,M,13.6438055,9.53734
val,M,13.390625,9.479444
val,M,12.316861,8.996612
val,M,9.564639,9.462084
val,M,5.391153,11.99051
val,M,1.7259861,10.641173
val,M,0.19926389,8.207224
val,M,0.014055556,11.320192
val,M,0.011527778,11.719639
val,M,0.0122638885,10.371144
val,M,0.015458333,10.25907
val,M,0.015722223,10.521379
val,M,0.016180556,10.650709
val,M,0.019111112,11.246055
val,M,0.023847222,10.205785
val,M,0.021708334,9.844467
val,M,0.01761111,10.131729
val,M,0.01725,9.31505
val,M,0.016708333,7.979158
val,M,0.01838889,7.801332
val,M,0.019291667,9.222273
val,M,0.017708333,11.364605
val,M,0.015361111,8.854278
val,M,0.012819445,7.182601
val,M,0.013069444,8.426044
val,M,0.015458333,7.08282
val,M,0.013916667,6.4133625
val,M,0.012902778,7.297328
val,M,0.012,9.047706
val,M,0.011208333,9.291549
val,M,0.012486111,8.986813
val,M,0.012888889,8.1621895
val,M,0.014958333,9.071093
val,M,0.014652777,10.575687
val,M,0.015138889,8.418198
val,M,0.018555555,9.347389
val,M,0.016708333,9.162776
val,M,0.014972222,6.731347
val,M,0.015680555,6.3148513
val,M,0.015125,9.376144
val,M,0.012041667,11.080817
val,M,0.012375,7.9427323
val,M,0.014472222,5.5226173
val,M,0.0136388885,6.0526114
val,M,0.013736111,6.756361
val,M,0.013138889,8.1773205
val,M,0.013791666,8.0008745
val,M,0.012625,8.82999
val,M,0.011875,8.69052
val,M,0.011527778,7.106267
val,M,0.011125,9.094778
val,M,0.011166667,8.343179
val,M,0.013083333,7.4350305
val,M,0.014819444,8.660596
val,M,0.0119027775,8.696545
val,M,0.010791667,7.7973814
val,M,0.011166667,7.599678
val,M,0.009375,7.5653844
val,M,0.007930555,6.289619
val,M,0.009430556,7.1636086
val,M,0.010222223,7.760293
val,M,0.009708334,8.46624
val,M,0.01025,10.117113
val,M,0.011666667,8.303247
val,M,0.0115,7.021945
val,M,0.011541666,7.107654
val,M,0.012083333,6.799629
val,M,0.010097222,6.773288
val,M,0.010111111,6.741142
val,M,0.011083334,8.76837
val,M,0.007486111,10.12315
val,M,0.008347223,7.4723215
val,M,0.09109722,7.691244
val,M,1.3062084,7.391711
val,M,3.6242917,7.8112416
val,M,5.772139,8.552929
val,M,7.5389442,8.8122425
val,M,8.467305,9.084157
val,M,8.583347,10.414637
val,M,8.477805,9.214037
val,M,8.288764,8.74597
val,M,8.011806,9.565796
val,M,7.46175,7.399659
val,M,6.6844444,6.472454
val,M,5.8403473,5.9456396
val,M,4.996222,7.140292
val,M,4.2117915,6.850794
val,M,3.4648333,6.601655
val,M,2.7067084,6.6172695
val,M,1.91975,7.0577974
val,M,1.1200973,7.0844965
val,M,0.39754167,6.9990993
val,M,0.04538889,6.5364413
val,M,0.018652778,5.6421347
val,M,0.019652778,5.6895866
val,M,0.020125,6.055026
val,M,0.020319445,6.4870515
val,M,0.023444444,8.620406
val,M,0.024125,10.329747
val,M,0.018194444,12.898119
val,M,0.014694445,12.178914
val,M,0.063194446,9.925655
val,M,0.22631945,10.210259
val,M,0.48020834,8.833132
val,M,1.1596806,8.645504
val,M,2.605236,8.002179
val,M,4.1380277,8.131726
val,M,5.3241806,9.044949
val,M,6.320014,9.650122
val,M,7.101792,8.3214
val,M,7.625403,8.685444
val,M,7.633236,8.057804
val,M,7.174389,4.7950954
val,M,6.4060693,3.9551265
val,M,5.3251805,4.317744
val,M,3.9960418,3.8480725
val,M,2.3093889,3.7505004
val,M,0.70330554,3.7751386
val,M,0.037527777,3.194987
val,M,0.016986111,2.9986002
val,M,0.0154444445,3.031324
val,M,0.022833332,3.0850735
val,M,0.14154166,3.1869805
val,M,0.5550417,3.1590047
val,M,1.3810278,2.9776633
val,M,2.743625,3.1038065
val,M,4.235306,3.187296
val,M,5.4856944,5.1560497
val,M,6.5052776,6.794775
val,M,7.2620974,7.0947657
val,M,7.9095554,6.674892
val,M,8.554611,8.624558
val,M,9.258708,8.453965
val,M,9.819139,6.713956
val,M,10.0813055,5.853864
val,M,10.220445,5.8870096
val,M,10.262208,7.637071
val,M,10.10525,6.628526
val,M,9.950708,5.670224
val,M,10.263264,7.6044803
val,M,10.750264,7.242526
val,M,10.9765,11.645227
val,M,11.279417,13.385047
val,M,11.6796665,9.034664
val,M,11.803014,8.317364
val,M,11.502264,8.901204
val,M,10.717597,9.525499
val,M,9.489181,11.609711
val,M,8.228986,11.080771
val,M,7.1399584,8.035753
val,M,6.0875,8.219239
val,M,5.066597,9.592943
val,M,4.0616527,8.233085
val,M,3.02625,8.437597
val,M,1.9364166,8.557268
val,M,0.8219444,6.085368
val,M,0.14031945,6.0152736
val,M,0.010833333,6.191622
val,M,0.01175,7.403452
val,M,0.0102361115,6.528349
val,M,0.009,5.0695415
val,M,0.010083334,5.7264
val,M,0.010861111,6.2945976
val,M,0.010055556,6.803834
val,M,0.012319445,5.672419
val,M,0.015347222,4.4056144
val,M,0.01826389,2.8213356
val,M,0.019069444,2.0261543
val,M,0.015708333,2.1032958
val,M,0.013916667,3.7876768
val,M,0.013958333,5.7033834
val,M,0.013861111,6.5894365
val,M,0.016763888,7.38841
val,M,0.015763888,7.146166
val,M,0.0122638885,9.381333
val,M,0.011583333,9.301992
val,M,0.0116805555,6.546427
val,M,0.012208333,6.7286787
val,M,0.009611111,7.4987903
val,M,0.0101666665,7.2713704
val,M,0.013763889,6.597797
val,M,0.014805555,6.070143
val,M,0.05536111,6.2255487
val,M,0.93406945,7.533334
val,M,3.0021667,9.390164
val,M,5.311264,8.63749
val,M,7.3330975,7.3702993
val,M,8.844152,8.437481
val,M,10.024111,7.790123
val,M,11.267445,6.318203
val,M,12.520847,5.4214945
val,M,13.6958885,5.371655
val,M,14.797167,5.3608093
val,M,15.798625,4.345484
val,M,16.702902,5.5314865
val,M,17.447916,4.5495777
val,M,17.823708,1.9226998
val,M,17.944319,1.5999979
val,M,17.98804,1.8027942
val,M,17.964167,4.0866747
val,M,17.92614,4.0633497
val,M,17.868973,3.750285
val,M,17.77668,9.435495
val,M,17.717598,10.279661
val,M,17.67625,6.128217
val,M,17.610264,5.939786
val,M,17.53925,6.84228
val,M,17.549583,6.998365
val,M,17.544556,5.237949
val,M,17.420013,5.267639
val,M,17.30225,5.6153893
val,M,17.236431,6.1498756
val,M,17.22025,9.637968
val,M,17.177639,10.903991
val,M,17.13693,8.550896
val,M,17.181347,5.851181
val,M,17.275223,5.0406647
val,M,17.448875,5.1530857
val,M,17.724792,5.65827
val,M,18.038237,5.321513
val,M,18.250944,5.5581484
val,M,18.34811,5.844656
val,M,18.427805,8.667152
val,M,18.502417,8.10305
val,M,18.138319,7.617447
val,M,17.107681,5.602055
val,M,16.510014,5.554474
val,M,16.575445,5.9459014
val,M,16.694708,6.5335727
val,M,16.91932,6.8364887
val,M,17.172167,5.9218225
val,M,17.375208,5.088299
val,M,17.500555,5.846548
val,M,17.559542,5.9705067
val,M,17.586042,5.0055466
val,M,17.618708,4.5372877
val,M,17.600416,7.6873198
val,M,17.52775,11.565317
val,M,17.399069,8.099374
val,M,17.204264,4.8982983
val,M,17.06193,5.7076607
val,M,16.954958,6.037009
val,M,16.85918,4.770685
val,M,16.842833,4.494624
val,M,16.875334,4.091831
val,M,16.914042,4.4493513
val,M,16.960194,4.5070505
val,M,16.978416,4.0393734
val,M,16.858847,3.803681
val,M,16.535765,8.145348
val,M,15.900917,11.894734
val,M,14.994597,11.363212
val,M,14.050709,8.52709
val,M,12.945194,5.826841
val,M,11.523027,5.2294226
val,M,9.917945,4.397324
val,M,8.42343,4.291406
val,M,7.595986,4.3353024
val,M,7.582014,4.1558537
val,M,7.9838333,4.7423677
val,M,8.513181,6.4311714
val,M,9.050542,8.21272
val,M,9.592042,8.117376
val,M,10.291458,6.4745226
val,M,11.13775,4.9776998
val,M,11.786361,4.483932
val,M,12.179167,4.9144297
val,M,12.530444,4.856527
val,M,12.884889,5.080573
val,M,13.0644865,5.7390575
val,M,13.027945,8.508234
val,M,12.979013,10.171509
val,M,13.200778,6.6388464
val,M,13.811402,6.34912
val,M,14.597347,6.5377307
val,M,15.388445,5.2372274
val,M,16.15854,5.080234
val,M,16.72661,4.4422584
val,M,16.905653,4.3842754
val,M,16.861292,3.880139
val,M,16.816042,4.893443
val,M,16.788305,5.7854853
val,M,16.76343,6.2491627
val,M,16.741417,4.831027
val,M,16.720833,4.605989
val,M,16.71082,5.222987
val,M,16.716862,5.9928465
val,M,16.723375,5.6699047
val,M,16.736889,5.826842
val,M,16.780903,6.374996
val,M,16.842861,6.760684
val,M,16.901848,6.1779604
val,M,16.95718,5.858696
val,M,16.995667,6.26441
val,M,16.999958,6.79592
val,M,16.988987,8.194682
val,M,16.971111,7.839109
val,M,16.92875,8.793526
val,M,16.881153,8.032061
val,M,16.84521,5.8640857
val,M,16.794043,6.015049
val,M,16.737444,8.202488
val,M,16.680721,9.18325
val,M,16.595736,6.485809
val,M,16.511013,4.512459
val,M,16.478806,4.9940524
val,M,16.493042,5.809971
val,M,16.513792,5.533619
val,M,16.522362,5.665783
val,M,16.530458,8.254604
val,M,16.56675,8.525053
val,M,16.591612,10.3795595
val,M,16.59432,9.996681
val,M,16.600445,7.9632072
val,M,16.59289,9.485301
val,M,16.573486,11.158241
val,M,16.541931,11.125212
val,M,16.536528,10.286729
val,M,16.54136,9.988392
val,M,16.570541,8.552713
val,M,16.580902,8.363469
val,M,16.557722,8.987428
val,M,16.541513,8.482031
val,M,16.540083,7.0238647
val,M,16.566402,8.0095415
val,M,16.566597,8.955547
val,M,16.5525,10.728975
val,M,16.546223,11.811226
val,M,16.526764,9.391073
val,M,16.505598,8.504323
val,M,16.4905,8.1045685
val,M,16.467653,8.471749
val,M,16.460236,11.070717
val,M,16.464582,11.143956
val,M,16.446598,9.46714
val,M,16.328793,9.698285
val,M,15.93943,9.325674
val,M,15.269514,7.9013863
val,M,14.491667,6.998695
val,M,13.49325,8.151739
val,M,12.171125,7.967567
val,M,10.728736,7.7169743
val,M,9.322403,6.5952606
val,M,7.93,5.8138943
val,M,6.2762637,6.7263846
val,M,4.2605834,7.6130404
val,M,2.313875,5.660435
val,M,0.80756944,6.2815647
val,M,0.09686111,8.037364
val,M,0.016791666,8.550352
val,M,0.017958334,7.904353
val,M,0.014736111,8.600464
val,M,0.013402778,9.243467
val,M,0.013930555,10.0237465
val,M,0.018472223,7.674051
val,M,0.022444444,6.3081284
val,M,0.022569444,7.751729
val,M,0.019444445,7.3441033
val,M,0.016833333,7.13025
val,M,0.015569445,8.6326275
val,M,0.012569444,8.597254
val,M,0.013125,10.736787
val,M,0.014138889,10.653913
val,M,0.012819445,9.756542
val,M,0.012819445,8.411514
val,M,0.012722222,8.859539
val,M,0.013194445,11.049638
val,M,0.013666667,10.052366
val,M,0.013805555,9.628585
val,M,0.014847222,10.698657
val,M,0.014125,8.92269
val,M,0.020777779,7.801329
val,M,0.023319444,7.308676
val,M,0.015805556,7.186783
val,M,0.013041667,7.1667604
val,M,0.014097222,7.0971127
val,M,0.015652778,8.207369
val,M,0.013111111,9.317606
val,M,0.011472222,10.974835
val,M,0.011569444,11.579882
val,M,0.013861111,9.920162
val,M,0.01626389,8.639824
val,M,0.015416667,8.070649
val,M,0.015847223,9.273609
val,M,0.014680555,10.276459
val,M,0.017125,9.819099
val,M,0.023597222,12.513338
val,M,0.020166667,11.347099
val,M,0.014888889,10.422148
val,M,0.018305555,10.653647
val,M,0.017916666,8.384625
val,M,0.03375,8.098547
val,M,0.18644445,9.7725935
val,M,1.1711944,9.272491
val,M,3.1200554,6.225849
val,M,4.798861,5.270297
val,M,6.1864166,9.882981
val,M,7.66575,11.321896
val,M,8.828611,7.988986
val,M,9.724931,7.365264
val,M,10.542139,8.387557
val,M,11.391417,8.443981
val,M,12.293653,9.9065075
val,M,13.245319,10.12432
val,M,13.952403,10.769403
val,M,14.259903,10.4398155
val,M,14.3006115,10.419205
val,M,14.293389,9.132814
val,M,14.402722,7.400217
val,M,14.544945,8.174949
val,M,14.679625,11.246511
val,M,14.7765,12.0359745
val,M,14.832027,9.860479
val,M,14.901097,8.268391
val,M,14.976848,10.759274
val,M,14.93375,9.335359
val,M,14.738778,5.6817904
val,M,14.506264,7.3286514
val,M,14.2907915,12.192238
val,M,14.057125,13.061104
val,M,13.811833,8.9383
val,M,13.624666,9.627091
val,M,13.501653,12.628395
val,M,13.392347,9.473372
val,M,13.3375,8.017684
val,M,13.432555,7.9240227
val,M,13.5853195,11.728462
val,M,13.710459,14.481641
val,M,13.85775,9.879062
val,M,14.044111,8.107427
val,M,14.259167,8.564169
val,M,14.400958,8.43648
val,M,14.443611,6.61477
val,M,14.546361,6.0437636
val,M,14.726361,6.333415
val,M,14.797305,7.395291
val,M,14.619805,7.857412
val,M,14.33132,6.372123
val,M,14.110473,6.5240097
val,M,13.902223,8.324438
val,M,13.710806,7.564584
val,M,13.602389,6.672186
val,M,13.659014,8.062038
val,M,13.806958,7.002951
val,M,13.958292,8.117419
val,M,14.123055,9.222506
val,M,14.295611,6.424197
val,M,14.470597,5.79066
val,M,14.6310835,8.642827
val,M,14.815917,12.364751
val,M,15.01893,11.068357
val,M,15.20832,9.406012
val,M,15.318375,8.834088
val,M,15.279778,8.0996065
val,M,15.233014,7.050905
val,M,15.273056,6.214009
val,M,15.375055,4.5796776
val,M,15.520541,4.610724
val,M,15.639153,5.8570347
val,M,15.708,7.708832
val,M,15.647653,6.269665
val,M,15.516486,5.5641837
val,M,15.390555,6.1839
val,M,15.252597,6.423066
val,M,15.1327915,6.3846207
val,M,15.028125,5.746438
val,M,15.025444,6.5442286
val,M,15.137681,9.032171
val,M,15.282486,10.080066
val,M,15.452361,11.103346
val,M,15.605097,10.423801
val,M,15.707444,8.3985815
val,M,15.764861,8.366321
val,M,15.768473,11.325802
val,M,15.780569,10.63241
val,M,15.841611,6.7599154
val,M,15.895667,7.4757195
val,M,15.951361,7.3497267
val,M,15.97875,5.8639402
val,M,15.973306,4.6218567
val,M,16.001806,5.526401
val,M,16.014902,5.8128796
val,M,15.922542,6.914514
val,M,15.751653,7.9694786
val,M,15.579375,7.0612164
val,M,15.415264,6.4521284
val,M,15.265458,6.3668847
val,M,15.143139,8.274855
val,M,15.0344305,8.643794
val,M,14.935555,6.1766157
val,M,14.827875,6.5670652
val,M,14.544375,7.645575
val,M,13.918347,5.8913536
val,M,12.936819,3.6572669
val,M,11.715834,2.9575155
val,M,10.362638,6.6959257
val,M,9.007292,10.82485
val,M,7.7078056,10.60897
val,M,6.330403,8.726053
val,M,4.9010415,6.9452324
val,M,3.5788195,5.134395
val,M,2.3464723,6.350996
val,M,1.2927083,9.923674
val,M,0.72326386,10.627672
val,M,0.8344028,7.1883726
val,M,1.4597361,5.277053
val,M,1.9432778,7.527852
val,M,1.8557084,8.590887
val,M,1.5934722,6.5425577
val,M,1.6203055,7.3771152
val,M,1.7715833,5.6621485
val,M,1.6165138,3.665323
val,M,0.9850278,2.7501962
val,M,0.30659723,2.4337342
val,M,0.034583334,3.0135636
val,M,0.032583334,3.1199462
val,M,0.17569445,2.7235787
val,M,0.35294443,3.6087444
val,M,0.8155,4.4621787
val,M,1.3287916,3.9814029
val,M,1.2962639,3.4437587
val,M,1.0143194,3.586335
val,M,0.6666806,4.5445952
val,M,0.2949861,5.3908324
val,M,0.08015278,4.9449196
val,M,0.023194445,3.387121
val,M,0.011666667,3.5715742
val,M,0.011180555,5.2657685
val,M,0.011652778,4.8931284
val,M,0.010847222,2.6723356
val,M,0.008194445,3.0417469
val,M,0.00825,4.5747867
val,M,0.010555555,6.771993
val,M,0.012708333,7.032077
val,M,0.015916666,6.7232027
val,M,0.019597223,7.5588446
val,M,0.14254166,8.196334
val,M,1.0175834,8.6646385
val,M,2.0227084,7.021938
val,M,1.9349444,7.3089104
val,M,1.2629583,10.967281
val,M,0.70825,12.6700325
val,M,0.2838611,12.592974
val,M,0.08280556,8.768922
val,M,0.30793056,9.076234
val,M,1.3488333,10.156228
val,M,3.0318055,8.945337
val,M,4.6124167,9.408404
val,M,6.220611,12.56872
val,M,7.4197917,12.760336
val,M,7.771167,9.338676
val,M,7.997861,7.832011
val,M,8.567542,7.913412
val,M,9.408153,9.321556
val,M,10.251348,9.346975
val,M,10.966403,7.7762346
val,M,11.582708,8.720364
val,M,12.302861,7.4434156
val,M,13.227458,6.9792347
val,M,14.227292,8.104701
val,M,15.240903,8.043656
val,M,16.245167,8.885939
val,M,17.19282,7.6628127
val,M,18.10125,8.066905
val,M,18.996902,8.840131
val,M,19.859653,8.124559
val,M,20.60157,10.538136
val,M,21.138222,14.958981
val,M,21.515944,13.778363
val,M,21.693598,13.464054
val,M,21.70993,11.671391
val,M,21.7125,10.386143
val,M,21.713806,10.341969
val,M,21.694431,9.250555
val,M,21.676098,8.757362
val,M,21.658777,7.9990797
val,M,21.640764,7.711568
val,M,21.621098,6.771688
val,M,21.601694,7.926615
val,M,21.598152,8.332152
val,M,21.585945,10.432732
val,M,21.545555,9.733339
val,M,21.506708,7.857808
val,M,21.499598,8.504554
val,M,21.505861,7.9624624
val,M,21.528694,8.222656
val,M,21.555779,8.951246
val,M,21.567291,8.666159
val,M,21.553015,8.935055
val,M,21.521791,10.235516
val,M,21.47093,9.841984
val,M,21.402792,8.640682
val,M,21.331596,8.4634075
val,M,21.264458,10.825175
val,M,21.216888,11.847642
val,M,21.194292,8.724298
val,M,21.217861,8.215596
val,M,21.280111,9.350831
val,M,21.347876,8.9234495
val,M,21.409681,9.919315
val,M,21.465166,10.475435
val,M,21.498833,9.75024
val,M,21.475584,9.977291
val,M,21.234112,10.10144
val,M,20.791416,10.858032
val,M,20.33239,10.517336
val,M,19.877874,10.195038
val,M,19.54443,9.875954
val,M,19.48925,9.649563
val,M,19.588654,9.111482
val,M,19.680542,8.161249
val,M,19.754805,8.114082
val,M,19.83375,8.344056
val,M,19.905083,8.938211
val,M,19.958195,10.10116
val,M,19.988445,8.870754
val,M,19.9885,9.83062
val,M,20.004597,10.093788
val,M,20.006222,11.461441
val,M,19.995848,15.770512
val,M,20.021723,17.507528
val,M,20.084736,14.236376
val,M,20.15168,10.542721
val,M,20.178736,8.279423
val,M,20.156042,9.224431
val,M,20.095654,11.733435
val,M,20.018084,9.889372
val,M,19.925764,8.524989
val,M,19.837418,8.272142
val,M,19.8085,7.9734488
val,M,19.856764,8.6624155
val,M,19.934652,9.731536
val,M,20.000708,11.691629
val,M,20.025278,10.646185
val,M,20.029362,9.201097
val,M,20.039515,9.638871
val,M,20.040806,9.932573
val,M,20.021778,9.896265
val,M,20.066084,8.631858
val,M,20.212166,8.591194
val,M,20.393986,9.459234
val,M,20.56007,9.266815
val,M,20.705305,9.922726
val,M,20.85475,10.381948
val,M,20.957333,14.4085865
val,M,21.026278,15.246111
val,M,21.093431,12.076505
val,M,21.160181,10.871107
val,M,21.222473,8.292662
val,M,21.279152,9.5520315
val,M,21.365583,9.617592
val,M,21.468208,8.638414
val,M,21.556152,12.47821
val,M,21.63925,13.033037
val,M,21.722584,10.534331
val,M,21.783056,9.342978
val,M,21.83157,11.604202
val,M,21.844334,11.161516
val,M,21.828611,10.889115
val,M,21.81325,10.376246
val,M,21.775097,11.061541
val,M,21.71564,12.724899
val,M,21.62057,11.560545
val,M,21.489986,11.661818
val,M,21.37582,13.5375
val,M,21.296541,11.353252
val,M,21.24589,8.48964
val,M,21.220778,7.7753854
val,M,21.193598,7.717288
val,M,21.156902,8.386779
val,M,21.12557,8.917456
val,M,21.09443,9.463668
val,M,21.055403,9.49337
val,M,21.012348,9.911319
val,M,20.965042,11.891193
val,M,20.932985,13.75068
val,M,20.916529,11.723044
val,M,20.89514,8.515207
val,M,20.880404,7.9928603
val,M,20.87296,8.584062
val,M,20.870375,5.9907722
val,M,20.88618,5.5121593
val,M,20.926819,7.229911
val,M,20.953861,6.396952
val,M,20.988388,5.116949
val,M,21.033209,4.777747
val,M,21.031918,3.80985
val,M,21.034082,3.3055813
val,M,21.049347,3.1137555
val,M,21.05161,2.8883562
val,M,21.047611,2.471279
val,M,21.010834,2.4031603
val,M,20.96368,4.5381536
val,M,20.912098,9.367149
val,M,20.860834,9.730019
val,M,20.8325,8.975409
val,M,20.830833,11.847734
val,M,20.876722,12.6579075
val,M,20.942528,8.945708
val,M,21.016277,7.420061
val,M,21.078096,9.448408
val,M,21.126667,9.724115
val,M,21.172222,7.9209137
val,M,21.205736,8.504305
val,M,21.265888,9.191854
val,M,21.307291,9.291269
val,M,21.27464,8.010738
val,M,21.158041,7.987687
val,M,20.831041,7.936438
val,M,20.23421,9.436655
val,M,19.54925,9.702183
val,M,18.92232,9.076312
val,M,18.365376,11.309385
val,M,17.892195,11.915194
val,M,17.497555,11.476604
val,M,17.168222,9.7832775
val,M,16.894459,9.289205
val,M,16.663069,7.8602414
val,M,16.278723,7.9520845
val,M,15.421945,8.608876
val,M,14.067903,9.479493
val,M,12.234917,8.706639
val,M,9.995806,7.762246
val,M,7.3604584,9.135475
val,M,4.2386947,8.806629
val,M,1.6613195,9.944444
val,M,0.39545834,10.286488
val,M,0.026847223,8.857722
val,M,0.01325,7.451271
val,M,0.011277778,9.026133
val,M,0.008708334,9.9228325
val,M,0.009277778,9.463955
val,M,0.012486111,10.334367
val,M,0.014666666,12.904107
val,M,0.0145,11.566441
val,M,0.012847222,8.992456
val,M,0.0115,8.037395
val,M,0.011361111,9.44022
val,M,0.014611111,9.760198
val,M,0.018555555,8.404051
val,M,0.021486111,8.364986
val,M,0.019430555,7.713587
val,M,0.018180555,7.729691
val,M,0.018277777,8.28316
val,M,0.024097223,8.969876
val,M,0.024333334,9.845833
val,M,0.014680555,9.841878
val,M,0.013291666,10.855424
val,M,0.013958333,8.891798
val,M,0.0119027775,6.594365
val,M,0.012138889,6.984847
val,M,0.019347223,10.170168
val,M,0.02113889,12.63809
val,M,0.014236111,12.482646
val,M,0.00925,9.3847065
val,M,0.011958334,9.827633
val,M,0.021861112,9.89995
val,M,0.16397223,10.281427
val,M,1.3103611,13.500846
val,M,3.2619722,11.71999
val,M,4.9726806,10.888375
val,M,6.3317637,7.6061893
val,M,7.3123193,7.7063136
val,M,8.05,11.282899
val,M,8.700139,11.951813
val,M,9.325264,8.787038
val,M,9.918875,9.914745
val,M,10.394292,9.909222
val,M,10.700958,9.282225
val,M,10.898653,9.397777
val,M,11.087236,10.534878
val,M,11.253445,9.528074
val,M,11.384236,9.639478
val,M,11.508875,8.990124
val,M,11.670542,9.728306
val,M,11.935348,9.985188
val,M,12.235125,7.662912
val,M,12.435625,7.202401
val,M,12.66818,8.779713
val,M,13.123278,9.299285
val,M,13.845944,8.98316
val,M,14.85443,7.4959517
val,M,16.049473,8.983522
val,M,17.280458,8.766497
val,M,18.367971,9.947784
val,M,19.195723,10.609684
val,M,19.841904,9.269292
val,M,20.336971,10.171299
val,M,20.742458,9.553718
val,M,20.911125,9.161588
val,M,20.863832,8.196648
val,M,20.894056,7.514784
val,M,20.9955,8.736979
val,M,21.105097,9.399439
val,M,21.252167,8.611339
val,M,21.453598,9.38919
val,M,21.555416,8.662348
val,M,21.565834,7.6549163
val,M,21.62064,9.567733
val,M,21.706778,10.053265
val,M,21.805529,9.063501
val,M,21.894125,10.769508
val,M,21.898987,12.567211
val,M,21.82796,9.928442
val,M,21.770708,8.697008
val,M,21.77279,8.770733
val,M,21.861652,8.861319
val,M,22.008638,7.397591
val,M,22.15989,7.4469337
val,M,22.29207,8.261009
val,M,22.384293,10.900509
val,M,22.354221,9.545765
val,M,22.069458,6.563946
val,M,21.64082,8.118826
val,M,21.381237,7.993096
val,M,21.297028,6.9150167
val,M,21.24011,5.692355
val,M,21.188223,8.383521
val,M,21.163181,9.294161
val,M,21.067333,8.235584
val,M,20.966,8.648135
val,M,21.069916,7.1198287
val,M,21.305695,6.036048
val,M,21.54332,5.7308707
val,M,21.650444,5.854608
val,M,21.46486,7.5878267
val,M,21.00182,6.0058384
val,M,20.180458,3.3301847
val,M,18.496723,3.0784323
val,M,16.210583,4.149373
val,M,13.874319,5.6286707
val,M,11.782416,4.3339186
val,M,10.446777,2.8624847
val,M,10.272917,2.6648934
val,M,10.944792,2.3147352
val,M,11.742833,2.508721
val,M,12.416264,2.5595431
val,M,12.709181,4.046493
val,M,12.544264,4.2869024
val,M,12.22275,3.0036569
val,M,12.150014,3.486931
val,M,12.229028,3.1402955
val,M,12.138223,1.8401834
val,M,11.98607,2.5561993
val,M,11.904014,5.049712
val,M,12.040139,7.2476482
val,M,12.452042,8.115518
val,M,12.753514,7.064845
val,M,12.745167,8.662859
val,M,12.523222,10.161389
val,M,12.189777,8.118825
val,M,11.985473,7.4641523
val,M,12.106305,7.5834284
val,M,12.488444,7.003587
val,M,12.964486,8.124298
val,M,13.171486,7.765218
val,M,13.026889,5.8928375
val,M,13.070764,4.584836
val,M,13.172584,4.7494674
val,M,13.210055,8.2783165
val,M,13.362778,11.865401
val,M,13.591945,12.219044
val,M,14.097875,10.175106
val,M,14.568055,9.106948
val,M,14.565708,8.359435
val,M,14.226361,9.940638
val,M,13.7175,10.870841
val,M,13.307111,9.599489
val,M,13.34207,10.887226
val,M,13.954903,14.565151
val,M,14.588778,12.351709
val,M,14.874194,7.9369106
val,M,15.327056,7.5648565
val,M,16.089348,8.603311
val,M,16.605652,9.231705
val,M,16.63957,9.958099
val,M,16.5865,9.524937
val,M,16.663652,6.897355
val,M,16.861084,6.677534
val,M,17.16882,8.124248
val,M,17.617903,10.244026
val,M,18.054125,12.9656925
val,M,18.467735,13.695069
val,M,18.905514,11.162248
val,M,19.203709,10.428484
val,M,19.38057,8.564202
val,M,19.496805,11.9643955
val,M,19.5925,12.389229
val,M,19.683847,9.547486
val,M,19.819084,8.170868
val,M,19.965847,6.2998867
val,M,20.008556,10.010329
val,M,19.939598,12.313714
val,M,19.731112,8.158972
val,M,19.534819,7.385767
val,M,19.275944,9.437587
val,M,18.968334,8.600914
val,M,18.699306,7.4663157
val,M,18.395014,7.54564
val,M,18.072445,6.364363
val,M,17.706778,6.4142656
val,M,17.338028,9.972319
val,M,17.01025,9.823276
val,M,16.70089,11.641104
val,M,16.35525,14.863813
val,M,15.920125,11.93046
val,M,15.051598,10.170484
val,M,13.788903,7.9397364
val,M,12.4522085,7.904005
val,M,11.315514,7.7204566
val,M,10.508278,6.6551948
val,M,9.812889,8.592825
val,M,9.2132635,12.459669
val,M,8.851944,14.755703
val,M,8.922347,12.461641
val,M,9.216958,9.468146
val,M,9.351319,6.7866335
val,M,9.435708,5.399645
val,M,9.543764,7.035947
val,M,9.5286665,7.959939
val,M,9.511111,8.27469
val,M,9.528055,7.131829
val,M,9.411458,8.677173
val,M,9.324403,10.788515
val,M,9.303847,9.073496
val,M,9.230708,10.458111
val,M,9.23793,12.860989
val,M,9.383375,11.3629675
val,M,9.411805,13.219844
val,M,9.289972,13.073061
val,M,9.24632,13.601729
val,M,9.320347,14.061581
val,M,9.413819,14.1179905
val,M,9.5385,13.461144
val,M,9.956347,10.970416
val,M,10.827486,6.619429
val,M,11.892819,5.311615
val,M,12.876486,9.091781
val,M,13.786695,10.110587
val,M,14.672778,10.756988
val,M,15.4956665,9.4833145
val,M,16.248735,4.9704275
val,M,16.80054,5.2910914
val,M,17.17957,7.43721
val,M,17.526735,8.345936
val,M,17.795334,8.521581
val,M,17.985111,8.114075
val,M,18.097958,7.8955917
val,M,18.25411,9.343313
val,M,18.511597,9.872229
val,M,18.81275,9.300547
val,M,19.069195,11.204567
val,M,19.192083,11.401009
val,M,19.139334,11.231213
val,M,19.038431,11.05522
val,M,19.058681,11.345257
val,M,19.225695,13.365231
val,M,19.492834,12.88457
val,M,19.76643,12.3188305
val,M,19.957458,12.18838
val,M,20.122402,10.606262
val,M,20.399584,10.285463
val,M,20.695223,10.094612
val,M,20.914833,9.96304
val,M,21.046986,13.2296715
val,M,21.022486,12.625431
val,M,21.04043,7.8732677
val,M,21.121973,8.406878
val,M,21.160597,12.867222
val,M,21.157791,11.635568
val,M,21.125237,12.524331
val,M,21.121334,12.846483
val,M,21.05957,9.371458
val,M,20.994152,10.092022
val,M,20.965736,10.309496
val,M,20.95443,12.7952385
val,M,20.96836,13.738558
val,M,20.97939,12.376874
val,M,20.98964,10.295513
val,M,20.907515,8.377746
val,M,20.553112,8.466738
val,M,19.995543,10.199489
val,M,19.272097,10.287991
val,M,18.267319,9.311022
val,M,16.954847,9.481943
val,M,15.341736,10.839589
val,M,13.725513,10.539971
val,M,12.392292,9.3965645
val,M,10.857737,12.006577
val,M,8.715944,14.13828
val,M,6.844,13.985233
val,M,6.447875,10.467985
val,M,7.709875,10.733565
val,M,9.298695,11.41313
val,M,9.988083,12.183089
val,M,10.063278,11.820285
val,M,10.148583,10.959608
val,M,10.541555,10.6913395
val,M,10.87982,8.935752
val,M,10.806042,10.453072
val,M,10.546278,11.706268
val,M,10.217389,11.538254
val,M,9.958083,9.2815075
val,M,10.153653,9.351425
val,M,10.883917,9.012926
val,M,11.689055,9.278597
val,M,12.037056,9.6347885
val,M,11.940972,9.302868
val,M,11.961667,10.312642
val,M,12.278597,10.438286
val,M,12.697194,11.135199
val,M,13.1496525,13.013061
val,M,13.385195,13.5064125
val,M,13.360111,10.597548
val,M,13.426958,7.544168
val,M,13.663652,6.5335026
val,M,13.94925,7.857344
val,M,14.141791,8.207979
val,M,14.165709,7.9049253
val,M,14.052459,9.679783
val,M,13.859292,11.492884
val,M,13.617194,9.945711
val,M,13.341805,11.044134
val,M,12.831944,12.777458
val,M,11.891848,11.847382
val,M,10.6355,9.767713
val,M,9.133083,7.0198317
val,M,7.453,7.76495
val,M,5.7881665,8.780254
val,M,4.4390974,8.500291
val,M,4.036861,8.656282
val,M,4.8436666,16.892876
val,M,6.098597,18.38416
val,M,7.146278,7.413755
val,M,7.9564724,7.4492254
val,M,8.559834,9.216263
val,M,8.9990835,11.744402
val,M,9.421458,12.787792
val,M,9.936431,9.495544
val,M,10.476569,7.610871
val,M,10.908806,8.95501
val,M,11.302806,8.885384
val,M,11.505403,8.262341
val,M,11.574792,8.39914
val,M,11.733958,8.987943
val,M,11.912027,9.232323
val,M,12.080916,11.749439
val,M,12.207264,11.379299
val,M,12.29132,9.119324
val,M,12.324667,6.6728463
val,M,12.314847,6.9028015
val,M,12.27293,9.451698
val,M,11.865236,10.435752
val,M,10.886681,10.472452
val,M,9.582653,9.572983
val,M,8.263861,10.768116
val,M,7.1867223,9.292458
val,M,6.7117777,7.798236
val,M,6.875764,8.680429
val,M,7.3106666,7.219901
val,M,7.7801666,7.9837666
val,M,8.345708,10.528427
val,M,8.97275,9.645489
val,M,9.351611,10.340376
val,M,9.611028,11.063938
val,M,10.193111,10.006806
val,M,10.940583,9.62265
val,M,11.46743,9.25335
val,M,11.854792,12.046481
val,M,12.200666,13.968622
val,M,12.476958,12.212288
val,M,12.682305,13.259068
val,M,12.856667,11.742053
val,M,12.977902,8.100378
val,M,13.07825,7.827513
val,M,13.213028,7.2176104
val,M,13.422055,7.5017114
val,M,13.647028,8.2280035
val,M,13.79857,10.280072
val,M,13.856819,12.082516
val,M,13.819153,11.977819
val,M,13.836805,11.732121
val,M,14.020041,9.773967
val,M,14.318444,7.337834
val,M,14.668333,7.2831473
val,M,15.027125,9.180695
val,M,15.282528,8.715774
val,M,15.422847,8.106767
val,M,15.393306,9.772451
val,M,15.293486,9.417723
val,M,15.262264,8.245894
val,M,15.355667,10.3707
val,M,15.561944,10.369522
val,M,15.8284025,9.503845
val,M,16.061306,11.228153
val,M,16.021418,10.506448
val,M,15.383764,10.511457
val,M,13.987097,10.173212
val,M,12.247194,9.769131
val,M,10.575666,12.937462
val,M,8.76768,11.822928
val,M,6.592653,9.812926
val,M,4.4032917,12.119156
val,M,2.3800972,12.848524
val,M,0.9235139,9.710024
val,M,1.6021111,6.80208
val,M,4.157528,5.223807
val,M,6.679639,5.043977
val,M,8.729917,5.97757
val,M,10.290112,6.2563906
val,M,11.191319,5.602008
val,M,11.650347,5.0553217
val,M,11.690375,4.939587
val,M,11.450444,4.159727
val,M,11.301028,5.169262
val,M,11.047014,7.294084
val,M,10.863569,8.145829
val,M,11.184889,7.7600074
val,M,11.702653,6.662162
val,M,12.044209,4.671425
val,M,12.022514,5.067459
val,M,11.457819,6.0315547
val,M,10.744125,6.0175934
val,M,10.57975,8.401308
val,M,10.966403,8.556191
val,M,11.456458,7.765784
val,M,11.437944,6.7090273
val,M,10.952458,6.341297
val,M,10.691292,6.058277
val,M,10.636236,6.581332
val,M,10.503542,9.782222
val,M,10.657194,11.039001
val,M,11.511528,12.702618
val,M,12.598486,13.574087
val,M,13.179167,11.613569
val,M,13.207111,10.3849125
val,M,13.132514,10.345813
val,M,13.24132,8.430461
val,M,13.507167,8.827178
val,M,13.847972,9.599945
val,M,14.141292,9.2403755
val,M,14.232111,10.533017
val,M,14.037583,10.352939
val,M,13.78625,6.504465
val,M,13.753805,6.7943573
val,M,13.778958,9.8981495
val,M,13.806097,9.075133
val,M,13.936556,5.4591913
val,M,14.197528,4.3182354
val,M,14.447917,4.326362
val,M,14.41332,5.139735
val,M,14.144834,5.267565
val,M,13.928166,7.1463575
val,M,13.782236,6.457879
val,M,13.687,4.9085474
val,M,13.661208,6.5794663
val,M,13.641791,7.160982
val,M,13.596486,4.965083
val,M,13.542,5.088882
val,M,13.504861,5.1069574
val,M,13.532583,6.172223
val,M,13.564375,5.976185
val,M,13.585208,5.3890166
val,M,13.57618,6.066291
val,M,13.550528,6.26128
val,M,13.563472,5.292261
val,M,13.480361,5.182436
val,M,13.2075,4.55425
val,M,12.829847,4.215818
val,M,12.438583,8.275162
val,M,12.027291,9.876789
val,M,11.46225,5.711813
val,M,10.728319,4.123953
val,M,9.950848,4.8829393
val,M,9.131111,6.078869
val,M,8.4082365,6.30039
val,M,7.849375,5.4611197
val,M,7.2664165,6.866605
val,M,6.644653,6.9551516
val,M,6.4241943,6.530362
val,M,7.0207915,6.099313
val,M,8.040806,7.1096926
val,M,8.696792,7.9664392
val,M,8.831195,7.641468
val,M,8.391,7.387803
val,M,7.375347,6.429068
val,M,6.3524585,8.373143
val,M,5.7890973,7.9041195
val,M,5.8272223,7.273137
val,M,6.6780415,9.104189
val,M,7.9505415,7.063596
val,M,8.703764,7.2747364
val,M,8.42732,12.101374
val,M,7.4190555,14.997433
val,M,6.5823054,13.843519
val,M,6.3927083,15.584763
val,M,6.759375,14.137956
val,M,6.7565417,9.851776
val,M,5.887139,7.1672206
val,M,5.50125,9.385689
val,M,6.270639,9.155605
val,M,7.455333,7.0706844
val,M,8.55218,7.6034946
val,M,9.143056,7.786285
val,M,9.114653,9.682251
val,M,8.852,10.160065
val,M,8.248611,11.321178
val,M,7.5680556,12.776684
val,M,7.6075974,8.721279
val,M,8.275333,4.6853566
val,M,8.934722,4.726527
val,M,9.307806,4.6182585
val,M,9.219375,2.901655
val,M,8.328097,2.615163
val,M,6.947764,5.4075823
val,M,5.9416113,12.333116
val,M,5.988347,11.928839
val,M,7.0989027,9.3654375
val,M,8.444111,9.584066
val,M,9.301056,7.4706154
val,M,9.596694,7.064288
val,M,9.61807,9.84136
val,M,9.599472,11.48147
val,M,9.576653,10.028193
val,M,9.572291,9.412485
val,M,9.562333,10.792486
val,M,9.66668,11.062706
val,M,9.777653,11.47723
val,M,9.43393,9.536063
val,M,8.234875,9.78962
val,M,6.7205415,9.870861
val,M,6.1787777,6.2743654
val,M,6.8368473,8.1539345
val,M,7.9526668,8.079223
val,M,8.655611,3.5436664
val,M,8.751,4.044992
val,M,8.961805,4.762563
val,M,9.640403,3.7845652
val,M,10.380959,3.0131185
val,M,10.702514,2.692965
val,M,10.452903,2.3224711
val,M,9.484528,2.564945
val,M,8.047584,4.3773932
val,M,7.161667,5.122878
val,M,7.314903,5.9990473
val,M,7.9143887,5.1844683
val,M,7.9047084,7.0920897
val,M,7.2892084,6.1086636
val,M,7.376528,3.9694498
val,M,8.281125,4.580249
val,M,9.126375,5.3739896
val,M,9.572917,5.7034664
val,M,9.7195,6.3554916
val,M,9.804472,6.0200577
val,M,9.82225,6.084931
val,M,9.8226385,9.628037
val,M,9.858375,8.287587
val,M,9.896889,3.4512303
val,M,9.935611,1.8765106
val,M,9.935111,2.0445
val,M,9.685306,3.253731
val,M,8.7495,5.7121277
val,M,7.4289722,5.9765396
val,M,6.674556,5.232044
val,M,6.826125,5.2847304
val,M,7.522403,7.747933
val,M,8.299875,7.803502
val,M,8.914056,5.4832916
val,M,9.220944,5.9776545
val,M,9.260612,6.9331193
val,M,8.808805,7.057966
val,M,7.9351387,7.4429026
val,M,7.29,7.775072
val,M,6.982264,7.688776
val,M,6.368403,7.850388
val,M,4.8298473,6.61998
val,M,3.4507916,6.3328037
val,M,3.5329583,6.238549
val,M,4.6506944,6.32439
val,M,6.290403,7.0413785
val,M,7.8766804,5.4949684
val,M,8.451041,5.520499
val,M,8.284486,6.3568645
val,M,7.818625,6.70056
val,M,6.7333474,7.6927457
val,M,6.148972,6.763953
val,M,6.613625,5.4534836
val,M,6.5861526,5.50523
val,M,6.0724306,6.412635
val,M,5.9261527,6.368226
val,M,5.7783613,5.504299
val,M,5.7919025,5.148423
val,M,5.932486,5.347054
val,M,6.2401943,6.1680293
val,M,7.3403053,6.336839
val,M,8.863125,6.3444786
val,M,10.429569,5.427657
val,M,11.816139,4.6329393
val,M,12.608986,5.709873
val,M,12.785236,5.400032
val,M,12.696694,5.1589828
val,M,12.584291,4.807124
val,M,12.53025,4.6040006
val,M,12.613667,3.8539793
val,M,12.831625,3.3683653
val,M,13.126722,3.5198376
val,M,13.4233055,3.377324
val,M,13.744333,4.1117783
val,M,13.975847,4.6790404
val,M,14.086903,3.3397732
val,M,14.189902,2.6219199
val,M,14.285569,2.9003532
val,M,14.404361,2.8958857
val,M,14.502944,2.7765107
val,M,14.626056,2.7422318
val,M,14.810638,2.8415158
val,M,15.042569,2.833996
val,M,15.298041,2.923506
val,M,15.563972,2.9242601
val,M,15.823014,3.5324023
val,M,15.936152,5.7269897
val,M,15.78493,5.9093027
val,M,15.4528055,5.8436575
val,M,15.106986,7.0517836
val,M,14.80418,5.9138136
val,M,14.556875,4.640525
val,M,14.356694,4.237234
val,M,14.16875,4.000257
val,M,13.877069,4.9738665
val,M,13.238611,4.4490957
val,M,12.268681,3.6201746
val,M,11.164653,3.5463068
val,M,10.348181,3.1021574
val,M,10.06432,3.1945927
val,M,10.122014,3.4499648
val,M,10.222375,3.4048426
val,M,10.061973,2.9919035
val,M,9.796014,2.6762476
val,M,9.651639,2.450969
val,M,9.687472,2.9647648
val,M,9.966375,2.998298
val,M,10.388611,2.6580055
val,M,10.90582,2.3895195
val,M,11.631653,2.530829
val,M,12.542194,4.7646327
val,M,13.436084,6.38745
val,M,14.254791,5.325058
val,M,15.032598,4.5790033
val,M,15.752694,6.35011
val,M,16.29211,7.3629246
val,M,16.759459,5.336541
val,M,17.332945,3.4192822
val,M,17.863583,3.5460339
val,M,18.43871,5.850624
val,M,19.132626,6.2201433
val,M,19.916708,4.7119904
val,M,21.157888,4.890171
val,M,22.789375,5.044084
val,M,24.40525,5.441951
val,M,25.919624,5.2010202
val,M,27.193277,3.7358592
val,M,27.70486,3.2955215
val,M,27.420416,3.5654814
val,M,26.930708,4.5672708
val,M,26.435236,5.6118894
val,M,25.897709,6.26139
val,M,25.333263,5.6365633
val,M,24.778805,5.108498
val,M,24.154444,5.1159797
val,M,23.640541,6.3128486
val,M,23.378416,6.7444143
val,M,23.194555,8.383266
val,M,23.0475,9.425501
val,M,22.71511,8.019095
val,M,22.170918,5.2437778
val,M,21.696806,3.8239582
val,M,21.269417,3.1550956
val,M,20.83011,3.6013856
val,M,20.405556,5.76113
val,M,19.970917,6.485941
val,M,19.556612,5.5598497
val,M,19.196611,6.651499
val,M,18.8755,6.9740076
val,M,18.602806,5.8131
val,M,18.344418,6.3308625
val,M,18.085667,6.3547964
val,M,17.895458,5.739474
val,M,17.593082,6.4992967
val,M,17.04175,7.760892
val,M,16.347694,6.857337
val,M,15.496486,6.351632
val,M,14.373806,5.5672812
val,M,12.944458,5.513239
val,M,11.380972,6.7090654
val,M,9.947833,6.45214
val,M,8.960597,5.4942174
val,M,8.665569,6.900273
val,M,9.03275,7.9642286
val,M,9.629084,5.347357
val,M,10.280458,3.9439065
val,M,11.386972,3.8502367
val,M,12.908055,4.3857083
val,M,14.504611,4.949149
val,M,16.080042,5.9692307
val,M,17.587889,6.706678
val,M,18.862236,6.5360355
val,M,19.903097,6.8963037
val,M,20.804861,5.3454757
val,M,21.453472,4.5815024
val,M,21.866472,4.7902336
val,M,22.239902,4.9067965
val,M,22.688444,4.612156
val,M,23.231792,4.3635616
val,M,23.760736,4.2772484
val,M,24.248459,4.7568045
val,M,24.367834,4.711909
val,M,24.016819,5.9266887
val,M,23.575764,7.536587
val,M,23.17182,7.488938
val,M,22.78186,9.025072
val,M,22.338444,7.8925962
val,M,21.920042,8.205795
val,M,21.477736,8.924797
val,M,20.968695,7.468817
val,M,20.436666,6.956525
val,M,19.880972,5.564117
val,M,19.310472,4.5725555
val,M,18.770876,5.5388384
val,M,18.273403,6.4224863
val,M,17.766222,6.107399
val,M,17.141987,6.6932926
val,M,16.241806,7.3820763
val,M,15.101916,7.527091
val,M,14.212611,7.0535927
val,M,13.68725,7.660957
val,M,13.233736,8.731214
val,M,13.044389,9.292491
val,M,13.256361,9.729305
val,M,13.563598,8.721126
val,M,13.734208,6.4590564
val,M,13.646903,5.955452
val,M,13.68768,6.315201
val,M,14.131166,6.6456313
val,M,14.111417,8.076397
val,M,13.582986,8.227978
val,M,13.299389,6.9126024
val,M,13.5135975,7.21757
val,M,13.900333,6.871335
val,M,14.320389,7.910438
val,M,15.206764,8.855421
val,M,15.8799305,6.740859
val,M,15.512013,5.20181
val,M,14.5805,9.712436
val,M,13.898681,10.838155
val,M,13.823944,6.088603
val,M,14.205931,4.986623
val,M,14.707152,4.570504
val,M,15.230319,4.175262
val,M,15.525333,3.8002212
val,M,15.778111,2.9206705
val,M,16.261486,2.7732263
val,M,16.488667,2.6187246
val,M,16.465847,2.5515883
val,M,16.46175,2.5999844
val,M,16.453583,2.5920122
val,M,16.464306,2.4472644
val,M,16.577862,2.530758
val,M,16.77571,2.6580079
val,M,16.880959,2.6079767
val,M,16.77825,2.4921265
val,M,16.613306,2.4896042
val,M,16.507055,2.4149184
val,M,16.470152,2.3216426
val,M,16.575806,2.317638
val,M,16.791958,2.5859187
val,M,17.024471,2.667878
val,M,17.238222,2.7722578
val,M,17.474388,2.606306
val,M,17.678041,2.5682893
val,M,17.744194,2.9834907
val,M,17.793375,2.8717544
val,M,17.852,2.7713199
val,M,17.867222,2.8570142
val,M,17.813,3.050292
val,M,17.675236,3.0459387
val,M,17.55643,2.611397
val,M,17.409695,2.5717897
val,M,17.109764,2.6719778
val,M,16.662722,2.6195867
val,M,16.219973,2.4010513
val,M,15.864458,2.4579241
val,M,15.500208,2.6653295
val,M,15.142389,3.133077
val,M,14.758695,2.8429527
val,M,14.4065,2.6186647
val,M,13.994653,2.7104013
val,M,13.239361,2.787609
val,M,12.204208,2.8190343
val,M,11.226306,2.956782
val,M,10.605708,4.0792394
val,M,10.2346945,4.291936
val,M,9.900194,4.616667
val,M,9.490666,4.219959
val,M,9.154847,5.3096437
val,M,9.060014,7.3922195
val,M,9.035833,6.586891
val,M,9.147583,6.071347
val,M,9.521097,7.453952
val,M,10.166889,7.5525303
val,M,11.117875,7.7024775
val,M,12.167069,8.476362
val,M,13.175902,6.6909223
val,M,14.197236,7.952754
val,M,15.23432,10.422976
val,M,16.284082,9.052783
val,M,17.249792,7.8720655
val,M,18.281208,8.409065
val,M,19.333723,7.5941477
val,M,20.160652,5.806963
val,M,20.785042,5.78078
val,M,21.214874,7.3244615
val,M,21.566833,7.34182
val,M,21.676083,7.4059505
val,M,21.676348,6.8655834
val,M,21.762459,7.809554
val,M,21.79307,7.8703985
val,M,21.939028,9.170117
val,M,22.236166,9.264699
val,M,22.441723,8.268799
val,M,22.297611,8.409051
val,M,21.908096,8.050666
val,M,21.498112,9.395147
val,M,21.09457,8.40399
val,M,20.72293,8.987849
val,M,20.472305,9.871721
val,M,20.36654,8.459445
val,M,20.113222,7.974999
val,M,19.641235,8.557503
val,M,19.136833,8.688046
val,M,18.650875,9.1157
val,M,18.18711,9.222096
val,M,17.554598,8.664401
val,M,16.394833,8.103267
val,M,14.756792,7.8171787
val,M,13.423041,8.621378
val,M,12.897875,10.47489
val,M,12.815833,10.247333
val,M,12.652638,9.97947
val,M,12.293834,8.993146
val,M,11.853181,7.8835106
val,M,11.523347,7.6051884
val,M,11.492903,6.923276
val,M,11.847625,6.81686
val,M,12.325889,4.801712
val,M,12.457958,4.611535
val,M,12.273084,5.5485325
val,M,12.044444,3.8479307
val,M,11.777264,2.2963932
val,M,11.463555,2.2235966
val,M,11.333389,3.0653079
val,M,11.465333,6.900383
val,M,11.870236,8.439603
val,M,12.661695,6.706128
val,M,13.691459,6.0214114
val,M,14.760236,7.9877186
val,M,15.775639,8.70331
val,M,16.799597,7.5898905
val,M,17.761986,6.801679
val,M,18.61182,7.74964
val,M,19.554167,8.107995
val,M,20.704945,7.901869
val,M,21.907541,8.789249
val,M,22.542555,9.710085
val,M,22.58957,9.254534
val,M,22.372028,8.457293
val,M,21.549597,10.398754
val,M,20.035223,9.751408
val,M,18.662987,8.017578
val,M,18.287598,7.7794003
val,M,18.735653,8.832205
val,M,19.52632,9.067505
val,M,20.499,6.750906
val,M,21.507181,7.7782335
val,M,22.087292,8.637541
val,M,22.024763,8.469194
val,M,21.636944,8.15201
val,M,21.203959,8.74122
val,M,20.814096,8.824242
val,M,20.427763,9.029782
val,M,20.156,6.968003
val,M,20.027847,7.8045235
val,M,19.915361,8.981865
val,M,19.755306,8.149563
val,M,19.573055,7.5154586
val,M,19.35836,8.951937
val,M,19.111626,10.341329
val,M,18.840723,9.521147
val,M,18.55007,8.06366
val,M,18.32068,8.174437
val,M,18.175112,8.386489
val,M,18.131916,7.589834
val,M,18.211166,7.6116066
val,M,18.360458,8.650822
val,M,18.502306,7.936269
val,M,18.725124,6.2020497
val,M,18.82082,7.501726
val,M,18.475306,8.856847
val,M,17.90068,8.790173
val,M,17.370861,9.3870125
val,M,16.924778,9.07906
val,M,16.413834,9.1961
val,M,15.999888,8.818686
val,M,15.725695,8.762491
val,M,15.567945,8.3690195
val,M,15.277208,9.371273
val,M,14.826639,10.033572
val,M,14.510028,8.000371
val,M,14.18925,8.23069
val,M,13.715652,8.327871
val,M,12.621445,8.095935
val,M,10.956181,8.960697
val,M,9.139514,10.286891
val,M,7.1300416,10.072098
val,M,4.6519303,10.355126
val,M,2.0417082,10.645819
val,M,0.43429166,9.351267
val,M,0.020652778,8.226499
val,M,0.012916666,9.503555
val,M,0.016652778,8.714016
val,M,0.0265,7.9674783
val,M,0.03488889,9.032839
val,M,0.02425,9.266802
val,M,0.018208334,8.026552
val,M,0.019722221,7.427351
val,M,0.015819445,10.726162
val,M,0.018569445,10.190732
val,M,0.017083334,8.6221
val,M,0.015027778,9.7404995
val,M,0.017430555,7.5422826
val,M,0.018597223,5.8659353
val,M,0.020791667,6.627327
val,M,0.020583333,7.14736
val,M,0.033486113,11.947121
val,M,0.037722223,13.310085
val,M,0.027069444,8.605997
val,M,0.023138888,5.1112204
val,M,0.018236112,4.26511
val,M,0.014902778,4.0158176
val,M,0.013888889,3.4199297
val,M,0.15858333,2.6751182
val,M,0.7968889,2.8256814
val,M,1.8556389,2.3683538
val,M,3.0205,2.6428354
val,M,3.7404583,3.0531263
val,M,4.3950834,2.8756368
val,M,5.7363334,2.7602637
val,M,7.29475,2.6727655
val,M,8.312195,3.1671963
val,M,8.759736,2.877284
val,M,9.205375,2.1594236
val,M,9.531445,2.3186586
val,M,9.683444,2.6352618
val,M,9.953722,2.7294033
val,M,10.365639,3.8805625
val,M,10.805098,4.704977
val,M,11.205958,3.4930005
val,M,11.526417,2.658284
val,M,11.529861,2.5958688
val,M,11.154388,3.3184936
val,M,10.682652,5.2759256
val,M,10.314777,4.720498
val,M,10.291208,3.6608968
val,M,10.513805,4.366865
val,M,10.555764,7.7154236
val,M,10.600513,8.285735
val,M,10.8359585,7.66221
val,M,10.914208,8.90664
val,M,10.755861,10.221022
val,M,10.626445,11.6579895
val,M,10.756986,11.451724
val,M,11.099153,9.987502
val,M,11.287084,6.9460063
val,M,11.238097,5.982567
val,M,11.001056,7.337237
val,M,10.371347,6.2789426
val,M,9.332653,4.599578
val,M,7.7765417,2.931177
val,M,6.8183055,2.7404845
val,M,7.4838195,2.766857
val,M,8.708375,2.8817825
val,M,9.755042,2.7232668
val,M,10.694583,2.6033196
val,M,11.516806,2.656086
val,M,12.126653,2.6855824
val,M,12.518653,2.7079709
val,M,12.72275,2.7328932
val,M,12.782888,2.6013558
val,M,12.788875,2.6719606
val,M,12.805139,2.8586307
val,M,12.885764,2.7068532
val,M,13.041695,2.8647993
val,M,13.382931,2.7173092
val,M,13.968,2.6113622
val,M,14.498694,3.1074374
val,M,14.803583,5.703502
val,M,14.821153,6.903123
val,M,14.603972,4.8683667
val,M,14.306014,6.1230087
val,M,14.126153,7.4411297
val,M,14.078834,6.9557943
val,M,14.009973,6.6685324
val,M,13.895291,7.050616
val,M,13.773986,7.587175
val,M,13.598666,6.2263613
val,M,13.34743,4.6291513
val,M,13.027597,4.983801
val,M,12.711736,5.4144564
val,M,12.555388,7.278321
val,M,12.536597,7.0585117
val,M,12.629541,6.9386187
val,M,12.779959,7.0313296
val,M,12.863973,6.173581
val,M,12.809375,6.1529026
val,M,12.740194,6.5255756
val,M,12.702139,6.79749
val,M,12.653486,5.267583
val,M,12.652638,6.0348015
val,M,12.616709,6.1064405
val,M,12.16425,5.3144574
val,M,11.257055,6.4545946
val,M,10.290944,7.6344085
val,M,9.440486,8.663254
val,M,8.328278,8.759274
val,M,6.47575,8.033554
val,M,4.516444,8.341482
val,M,3.099625,8.614849
val,M,2.0770416,8.31451
val,M,2.4265,7.7186594
val,M,3.984347,8.210041
val,M,5.4409165,8.818356
val,M,5.9260974,8.392574
val,M,5.452472,9.20063
val,M,4.649542,9.17631
val,M,3.4120696,7.999987
val,M,1.9689167,7.0847664
val,M,0.7140833,8.223797
val,M,0.118152775,8.045621
val,M,0.059166666,6.1817446
val,M,0.04140278,5.7178617
val,M,0.022097223,6.219355
val,M,0.018347222,6.98179
val,M,0.015111111,8.021103
val,M,0.017347222,9.520904
val,M,0.017375,8.889139
val,M,0.0185,6.3676534
val,M,0.017888889,7.5401864
val,M,0.016430555,6.4039345
val,M,0.016430555,2.7433364
val,M,0.019819444,2.1947913
val,M,0.022083333,2.9255183
val,M,0.021333333,3.4921107
val,M,0.020680556,4.4514503
val,M,0.017638888,4.5532217
val,M,0.55775,4.9843674
val,M,2.2165139,4.233908
val,M,4.027361,2.8993351
val,M,5.3090973,3.8696256
val,M,6.051639,6.174983
val,M,6.342014,7.8285613
val,M,6.7797637,8.265158
val,M,7.559597,8.481026
val,M,8.459153,8.498144
val,M,9.226694,6.115197
val,M,9.693973,5.544154
val,M,9.74825,4.486457
val,M,9.6166115,3.284621
val,M,9.657833,2.8415015
val,M,10.00675,3.1898983
val,M,10.511056,3.3956363
val,M,10.990528,2.7237484
val,M,11.456583,2.9087512
val,M,11.983556,3.5342162
val,M,12.377014,3.603111
val,M,12.503125,4.2727294
val,M,12.492319,6.274742
val,M,12.373375,7.9239984
val,M,12.147889,9.500952
val,M,11.938375,7.3639083
val,M,11.77875,6.3856487
val,M,11.577389,7.227863
val,M,11.431848,8.724769
val,M,11.506763,9.738099
val,M,11.697166,9.141962
val,M,11.815153,7.327591
val,M,11.75275,6.5940857
val,M,11.640513,4.7304363
val,M,11.652181,3.619312
val,M,11.72932,4.2204447
val,M,11.732125,4.395345
val,M,11.52093,5.747649
val,M,11.204861,5.4045653
val,M,11.025903,4.061651
val,M,11.047778,3.3818119
val,M,11.182236,2.4086745
val,M,11.343764,3.7247725
val,M,11.538819,5.4628
val,M,11.706069,6.2519326
val,M,11.727153,5.9648457
val,M,11.240444,5.5462713
val,M,9.810098,6.330841
val,M,7.5894446,6.3959618
val,M,5.2159305,5.257364
val,M,4.187,5.8545475
val,M,5.258111,4.195816
val,M,7.318681,3.2621891
val,M,9.365556,5.2969913
val,M,10.972736,6.4927664
val,M,12.002209,5.8319597
val,M,12.6281805,4.318079
val,M,13.06225,3.832278
val,M,13.345278,5.7042756
val,M,13.457181,9.058735
val,M,13.386764,9.565094
val,M,13.213708,7.2674556
val,M,13.079181,7.931568
val,M,12.96743,8.095644
val,M,12.859487,8.425135
val,M,12.758417,8.599991
val,M,12.339986,7.57484
val,M,11.991305,5.6435986
val,M,11.744861,3.8037488
val,M,11.326167,3.109079
val,M,11.266472,3.5234935
val,M,11.707472,4.309707
val,M,12.031597,4.5130315
val,M,11.895541,5.943489
val,M,11.6889305,7.299122
val,M,11.533153,6.77019
val,M,11.323625,6.300276
val,M,10.739583,6.59556
val,M,9.911597,7.2774935
val,M,9.165931,7.6680107
val,M,8.670111,7.9284954
val,M,8.647264,6.804693
val,M,8.887875,7.943866
val,M,9.151709,8.149136
val,M,9.572903,6.2349257
val,M,10.0720415,5.884932
val,M,10.46693,6.0510616
val,M,10.725667,5.205726
val,M,10.633111,5.1751285
val,M,10.167167,5.9086914
val,M,9.586875,6.20253
val,M,9.195736,9.2132435
val,M,9.058153,11.649115
val,M,9.271222,9.178451
val,M,9.740916,7.610259
val,M,10.094347,9.002354
val,M,10.162292,6.9889016
val,M,9.915236,6.4090104
val,M,9.497042,7.134284
val,M,9.178889,9.359032
val,M,9.274792,8.846678
val,M,9.617986,8.131998
val,M,9.705347,9.145558
val,M,9.582027,9.099744
val,M,9.488861,6.9798765
val,M,9.4192915,9.373376
val,M,9.216945,10.853855
val,M,8.829958,10.130001
val,M,8.188541,10.177376
val,M,7.3359027,9.498095
val,M,6.6282363,7.212184
val,M,6.172611,5.9566545
val,M,5.812278,6.217142
val,M,5.4670973,7.362445
val,M,5.4444165,6.950967
val,M,5.6745834,5.6526175
val,M,5.8766527,6.089117
val,M,6.062667,6.761627
val,M,6.08325,6.4521666
val,M,6.161139,5.3142643
val,M,6.3532915,4.4862804
val,M,6.0297084,6.1214356
val,M,5.5534167,8.250677
val,M,5.4835277,6.2637854
val,M,5.3509445,7.221982
val,M,5.0252776,8.254504
val,M,4.366625,6.904637
val,M,3.4171388,8.110734
val,M,2.4957778,7.1762896
val,M,1.7630278,5.5033064
val,M,1.2670972,7.060936
val,M,0.79693055,9.383608
val,M,0.30094445,9.311701
val,M,0.033708334,7.852635
val,M,0.016555555,7.8161974
val,M,0.015236111,8.168106
val,M,0.017597223,7.0691795
val,M,0.023791667,3.945478
val,M,0.024833333,3.952374
val,M,0.030402778,3.9057877
val,M,0.24213889,3.827125
val,M,0.88925,5.464815
val,M,1.8893472,8.3490095
val,M,2.8378055,10.105142
val,M,3.6270833,7.1077952
val,M,4.226097,4.983769
val,M,4.4582915,3.288006
val,M,4.477361,3.212712
val,M,4.4579444,5.043004
val,M,4.456111,5.3735957
val,M,4.471264,3.8633792
val,M,4.5370555,4.5852575
val,M,4.6056666,6.122446
val,M,4.825847,7.2137337
val,M,5.209903,6.986003
val,M,5.5603056,5.9292536
val,M,5.98,5.113675
val,M,6.5319443,5.1262736
val,M,7.251639,5.6252074
val,M,8.038195,5.872834
val,M,8.610431,6.2038717
val,M,8.759389,6.722579
val,M,8.626153,6.5140963
val,M,8.28225,8.298874
val,M,7.618486,8.698328
val,M,7.342389,7.4292855
val,M,7.9739585,6.466483
val,M,9.0065975,4.7347775
val,M,9.888125,5.0177307
val,M,10.218736,5.1529536
val,M,10.072889,4.396485
val,M,9.804625,3.778146
val,M,9.69993,3.5990374
val,M,9.9354725,3.2584631
val,M,10.33668,3.3347778
val,M,10.695764,3.150666
val,M,10.851556,2.685145
val,M,10.747889,2.789768
val,M,10.4245,2.5786242
val,M,9.815042,2.355886
val,M,8.961847,2.5460646
val,M,8.0035,2.710488
val,M,7.04225,2.5668652
val,M,6.3031945,2.4251962
val,M,5.8453193,2.4370873
val,M,5.359486,2.8565872
val,M,4.851792,3.5801246
val,M,4.535681,4.4779496
val,M,4.4545417,4.526725
val,M,4.741389,4.1247077
val,M,4.97575,5.5733976
val,M,4.931972,5.0715556
val,M,5.1109166,5.130286
val,M,5.5512223,6.5057087
val,M,5.9645414,10.451726
val,M,6.3129168,11.641211
val,M,6.596236,8.142578
val,M,6.787667,6.141279
val,M,6.8942637,8.131113
val,M,6.960111,9.540771
val,M,6.9998193,8.721155
val,M,6.9077916,8.852001
val,M,6.566583,7.8756027
val,M,6.1571665,9.021367
val,M,5.958153,9.785095
val,M,6.1900415,7.355136
val,M,6.937903,7.512601
val,M,7.6959305,6.5289316
val,M,8.237987,7.5159287
val,M,8.732403,8.745771
val,M,9.095403,8.093331
val,M,9.385417,8.388034
val,M,9.747958,8.151827
val,M,10.23575,6.3266764
val,M,10.702361,4.000857
val,M,11.101277,3.5679324
val,M,11.641666,3.9696727
val,M,12.1409445,5.178568
val,M,12.4625,4.4458885
val,M,12.662861,2.337263
val,M,12.650458,1.7528045
val,M,12.450236,2.8843968
val,M,12.257055,5.07436
val,M,12.18775,5.8175807
val,M,12.20025,4.4106693
val,M,12.225847,3.601947
val,M,12.216181,3.7346828
val,M,12.100486,4.1954618
val,M,11.870611,6.223749
val,M,11.633805,8.52129
val,M,11.3504305,6.9104013
val,M,10.942139,5.39959
val,M,10.639556,6.464204
val,M,10.718458,7.8471494
val,M,11.047694,5.219736
val,M,11.394542,4.3080063
val,M,11.707694,4.2592545
val,M,12.006708,2.6459146
val,M,12.268666,2.6829684
val,M,12.437041,3.1312563
val,M,12.432292,3.3313143
val,M,12.2265415,3.0641215
val,M,12.062875,2.655288
val,M,12.135445,2.4552271
val,M,12.346639,2.4050086
val,M,12.591084,2.3430254
val,M,12.828347,2.34214
val,M,13.040903,2.3334816
val,M,13.346056,2.2933109
val,M,13.7450695,2.3510096
val,M,13.987722,2.349047
val,M,13.967597,2.3059018
val,M,13.771139,2.2519777
val,M,13.51068,2.24938
val,M,13.25218,2.2444098
val,M,13.0037365,2.2637236
val,M,12.860598,2.2983844
val,M,12.819195,2.2574482
val,M,12.793875,2.3047717
val,M,12.752542,2.353626
val,M,12.414763,2.4287417
val,M,11.504306,2.498789
val,M,10.204166,3.0889342
val,M,9.089681,5.3411527
val,M,8.611459,5.9660635
val,M,8.707152,5.4530835
val,M,9.235139,5.723134
val,M,9.94818,5.0712023
val,M,10.326555,3.5320008
val,M,10.408083,2.3152075
val,M,10.647458,1.7884064
val,M,10.972195,2.6678963
val,M,11.063736,4.4615064
val,M,10.886389,4.213396
val,M,10.685445,5.062672
val,M,10.610583,6.5525746
val,M,10.570514,4.8742275
val,M,10.567028,2.6150985
val,M,10.636528,1.689743
val,M,10.727111,1.8336842
val,M,10.834861,3.6008255
val,M,10.977917,6.1164923
val,M,11.122528,7.0518093
val,M,11.238958,5.6186996
val,M,11.330459,5.2878575
val,M,11.356556,5.3001623
val,M,11.220125,3.2382653
val,M,10.829458,2.1994636
val,M,10.356653,2.7056253
val,M,9.831986,2.9599779
val,M,9.286597,2.7565153
val,M,9.057083,2.512155
val,M,9.31475,2.7137332
val,M,9.868292,5.8960376
val,M,10.404639,8.501857
val,M,10.798264,6.33379
val,M,11.054764,4.652297
val,M,11.260486,2.9307787
val,M,11.446139,2.788636
val,M,11.6218195,3.043323
val,M,11.781944,2.966636
val,M,11.788333,2.6895523
val,M,11.643431,2.5681982
val,M,11.512667,2.5137405
val,M,11.426736,2.438834
val,M,11.3705,2.4397871
val,M,11.351597,2.5558438
val,M,11.373889,2.4858034
val,M,11.426139,2.477036
val,M,11.412472,2.6165092
val,M,11.416903,3.4313042
val,M,11.771584,4.129549
val,M,12.436597,3.6699135
val,M,13.121083,2.8113263
val,M,13.719973,2.5404677
val,M,14.104875,2.453544
val,M,14.206944,2.4132173
val,M,14.120611,2.317028
val,M,13.9094305,2.3771567
val,M,13.690875,2.676879
val,M,13.45168,2.702801
val,M,13.059028,3.7420886
val,M,12.417347,4.1459007
val,M,11.348945,3.4803805
val,M,9.77475,3.3149166
val,M,7.975611,3.5109475
val,M,6.0570693,3.3944046
val,M,4.2860694,2.9781814
val,M,3.0922084,3.4424179
val,M,2.259625,3.9413693
val,M,1.350125,3.4902642
val,M,0.47354168,3.34665
val,M,0.074194446,3.3425224
val,M,0.025041666,3.2319508
val,M,0.020027777,3.3522608
val,M,0.015875,3.2356322
val,M,0.019222222,3.6414468
val,M,0.025263889,3.6237075
val,Y1,3.2724721,4.288346
val,Y1,4.0361667,4.1799455
val,Y1,4.66575,4.0046005
val,Y1,4.9021945,4.57983
val,Y1,4.8931527,4.216031
val,Y1,4.866847,3.8452988
val,Y1,4.827389,4.04733
val,Y1,4.7208056,3.9607549
val,Y1,4.527625,4.3796644
val,Y1,4.21025,4.572913
val,Y1,3.5333471,3.7422788
val,Y1,2.6105695,4.646985
val,Y1,1.7118889,6.3776727
val,Y1,0.91593057,6.803959
val,Y1,0.35043055,7.051857
val,Y1,0.086125,5.22729
val,Y1,0.024972223,8.490678
val,Y1,0.021833334,10.702148
val,Y1,0.024166666,6.710394
val,Y1,0.024847222,5.7160616
val,Y1,0.02575,6.767871
val,Y1,0.042166665,7.6000586
val,Y1,0.284,6.3941784
val,Y1,0.7812222,4.6149235
val,Y1,1.3260417,5.0722446
val,Y1,1.9125278,5.1607733
val,Y1,2.4304583,4.363741
val,Y1,2.6381388,2.9214475
val,Y1,2.25425,2.7363765
val,Y1,1.4279306,3.5488322
val,Y1,0.55043054,3.867716
val,Y1,0.06620833,3.6745777
val,Y1,0.01586111,4.275879
val,Y1,0.014652777,4.7669487
val,Y1,0.017444445,4.6686096
val,Y1,0.019458333,4.2001553
val,Y1,0.016555555,4.1677017
val,Y1,0.01761111,3.3858624
val,Y1,0.019111112,5.0794845
val,Y1,0.013611111,8.380786
val,Y1,0.012430555,9.680826
val,Y1,0.017888889,6.667749
val,Y1,0.020069445,5.134172
val,Y1,0.022041667,4.9034414
val,Y1,0.022930555,5.7811146
val,Y1,0.01825,7.608396
val,Y1,0.0150138885,8.898661
val,Y1,0.017361112,6.558553
val,Y1,0.017152777,7.1043115
val,Y1,0.01675,7.960865
val,Y1,0.016541667,6.4083695
val,Y1,0.014375,5.002694
val,Y1,0.014402778,4.2936926
val,Y1,0.015583334,3.7196786
val,Y1,0.017013889,3.6206405
val,Y1,0.015027778,4.8348055
val,Y1,0.0136388885,5.189152
val,Y1,0.017,4.4944224
val,Y1,0.015791666,5.102675
val,Y1,0.014777778,7.513936
val,Y1,0.024388889,9.040512
val,Y1,0.029972222,7.2574883
val,Y1,0.02476389,7.994453
val,Y1,0.021625,8.83798
val,Y1,0.020569444,10.070781
val,Y1,0.018791666,7.7443047
val,Y1,0.017583333,6.3815928
val,Y1,0.016097222,8.850682
val,Y1,0.018680556,9.035484
val,Y1,0.018069444,8.860825
val,Y1,0.015,9.877775
val,Y1,0.016402777,9.916907
val,Y1,0.017319445,7.321478
val,Y1,0.015819445,5.2185993
val,Y1,0.015791666,8.799262
val,Y1,0.016625,11.25391
val,Y1,0.012888889,9.841023
val,Y1,0.012361111,6.8170223
val,Y1,0.01375,6.8294325
val,Y1,0.015888888,8.626058
val,Y1,0.016972221,6.7210464
val,Y1,0.014777778,7.3606167
val,Y1,0.01673611,8.740128
val,Y1,0.02136111,8.599575
val,Y1,0.021875,8.0484
val,Y1,0.016652778,5.407086
val,Y1,0.011888889,7.4037647
val,Y1,0.0133472225,6.5947514
val,Y1,0.015402778,7.533966
val,Y1,0.011833333,8.403414
val,Y1,0.013041667,7.6179633
val,Y1,0.016458333,9.090045
val,Y1,0.016597223,7.9003572
val,Y1,0.016847223,6.036048
val,Y1,0.016347222,6.0753784
val,Y1,0.015152778,6.292553
val,Y1,0.016402777,5.234067
val,Y1,0.01625,5.2768307
val,Y1,0.016472222,4.480977
val,Y1,0.016791666,3.3890386
val,Y1,0.013236111,3.696493
val,Y1,0.014652777,4.18491
val,Y1,0.017347222,4.3658032
val,Y1,0.01726389,3.4200377
val,Y1,0.013958333,3.435586
val,Y1,0.0145,3.4941573
val,Y1,0.016458333,3.265937
val,Y1,0.014569445,3.4181893
val,Y1,0.015305555,3.4394925
val,Y1,0.015180555,3.7896364
val,Y1,0.01913889,4.090276
val,Y1,0.017277777,4.1316423
val,Y1,0.01225,4.778677
val,Y1,0.013569444,7.638954
val,Y1,0.014347223,10.831352
val,Y1,0.012708333,9.926989
val,Y1,0.010513889,7.152898
val,Y1,0.012861111,8.942547
val,Y1,0.015291667,10.522732
val,Y1,0.016027778,9.8114195
val,Y1,0.017291667,6.2249794
val,Y1,0.020986112,6.0310593
val,Y1,0.018402778,6.669874
val,Y1,0.012819445,7.516029
val,Y1,0.014319444,9.178811
val,Y1,0.015944444,7.8589587
val,Y1,0.014166667,5.4572544
val,Y1,0.013930555,6.137497
val,Y1,0.012805556,8.10815
val,Y1,0.013625,6.566442
val,Y1,0.020055555,8.557575
val,Y1,0.022458334,9.174556
val,Y1,0.018583333,7.9283967
val,Y1,0.016361112,7.499788
val,Y1,0.018652778,6.05107
val,Y1,0.020625,7.7494736
val,Y1,0.020861112,8.811512
val,Y1,0.017333332,7.9300156
val,Y1,0.018291667,8.602863
val,Y1,0.018194444,7.7128124
val,Y1,0.015152778,8.033664
val,Y1,0.015569445,9.891105
val,Y1,0.0144305555,10.336713
val,Y1,0.014611111,7.317107
val,Y1,0.017944444,5.9057293
val,Y1,0.018791666,5.7393904
val,Y1,0.015888888,4.5336657
val,Y1,0.013736111,8.139493
val,Y1,0.014736111,12.524277
val,Y1,0.014541667,9.568322
val,Y1,0.010916667,10.186165
val,Y1,0.012180556,10.134791
val,Y1,0.014958333,9.293514
val,Y1,0.014652777,6.3243613
val,Y1,0.0154444445,7.350136
val,Y1,0.015138889,12.286688
val,Y1,0.016208334,11.435675
val,Y1,0.17445834,7.2495914
val,Y1,0.40859723,6.063047
val,Y1,0.55690277,6.647223
val,Y1,0.8831667,7.497866
val,Y1,1.1673194,9.264228
val,Y1,1.0764722,9.4262295
val,Y1,0.7220278,9.8749485
val,Y1,0.38090277,8.442789
val,Y1,0.23219444,7.69885
val,Y1,0.14141667,8.041109
val,Y1,0.052875,8.668894
val,Y1,0.011569444,8.40099
val,Y1,0.01573611,10.7436075
val,Y1,0.037458334,9.857671
val,Y1,0.3263889,5.339261
val,Y1,0.8349444,7.8491454
val,Y1,1.0287639,8.242151
val,Y1,0.58241665,9.652919
val,Y1,0.09847222,11.990221
val,Y1,0.08195833,11.170118
val,Y1,0.15783334,7.1344533
val,Y1,0.109513886,7.292901
val,Y1,0.106458336,6.7742343
val,Y1,0.9366111,9.595019
val,Y1,2.3517084,14.942441
val,Y1,3.4503472,12.497177
val,Y1,4.33025,9.678556
val,Y1,4.928403,12.023829
val,Y1,5.2175694,10.748073
val,Y1,5.698125,8.054035
val,Y1,6.286556,5.5919533
val,Y1,6.555639,6.251381
val,Y1,6.6921387,5.553499
val,Y1,6.889694,6.316276
val,Y1,7.073167,8.577797
val,Y1,6.8265557,6.729552
val,Y1,6.1151805,10.468638
val,Y1,5.071625,11.534023
val,Y1,3.626375,6.400092
val,Y1,2.1644444,6.427991
val,Y1,1.0835278,5.8138494
val,Y1,0.5215833,5.25501
val,Y1,0.31561112,6.722536
val,Y1,0.14980556,6.985716
val,Y1,0.029291667,5.60054
val,Y1,0.020055555,7.261752
val,Y1,0.019208333,9.234289
val,Y1,0.018986112,8.672566
val,Y1,0.017236112,9.091396
val,Y1,0.018375,13.669396
val,Y1,0.07238889,11.370494
val,Y1,0.6625417,7.493215
val,Y1,1.8485,8.555746
val,Y1,2.7335835,13.775513
val,Y1,3.2072778,11.124813
val,Y1,4.1391807,6.4559875
val,Y1,4.971375,11.751165
val,Y1,5.0848055,10.956722
val,Y1,4.9367223,6.534066
val,Y1,4.640625,9.389866
val,Y1,4.3145137,10.538833
val,Y1,3.929,6.99531
val,Y1,3.4380417,11.133358
val,Y1,3.2117639,13.95837
val,Y1,3.917361,7.5301676
val,Y1,4.7901945,6.311914
val,Y1,5.278514,8.3818035
val,Y1,5.9398193,8.774488
val,Y1,6.647,6.8683133
val,Y1,7.2645,7.009076
val,Y1,7.9140835,8.410895
val,Y1,8.659513,7.5156226
val,Y1,9.37982,6.020569
val,Y1,10.074695,12.080807
val,Y1,10.597417,12.829071
val,Y1,10.861195,7.6482983
val,Y1,11.224195,6.4468317
val,Y1,11.7699585,11.556139
val,Y1,12.298195,15.508034
val,Y1,12.764042,10.984421
val,Y1,13.279458,9.502348
val,Y1,13.804611,9.849121
val,Y1,14.016848,7.9367747
val,Y1,13.850472,6.390052
val,Y1,13.757916,7.31002
val,Y1,14.014472,8.040248
val,Y1,14.342944,8.984717
val,Y1,14.741722,9.141022
val,Y1,15.393389,11.816844
val,Y1,16.10279,18.677929
val,Y1,16.692305,18.63984
val,Y1,17.145416,15.766361
val,Y1,17.576653,15.239571
val,Y1,18.009972,12.344433
val,Y1,18.44464,6.2858315
val,Y1,18.931889,7.4850655
val,Y1,19.217154,10.578058
val,Y1,19.249666,10.019167
val,Y1,19.183666,5.568677
val,Y1,20.147,6.688444
val,Y1,20.67904,7.25991
val,Y1,20.33336,7.227663
val,Y1,20.230556,9.31039
val,Y1,20.010292,9.709346
val,Y1,19.830236,15.661137
val,Y1,19.478083,10.802673
val,Y1,19.323584,9.97658
val,Y1,19.323944,7.416243
val,Y1,19.274763,7.3638268
val,Y1,19.232111,9.142499
val,Y1,19.407291,12.164663
val,Y1,19.512793,10.615943
val,Y1,19.22725,9.149025
val,Y1,18.865208,10.11384
val,Y1,18.533625,10.179559
val,Y1,18.21404,9.760522
val,Y1,18.197763,12.775692
val,Y1,18.38293,8.881051
val,Y1,18.400625,8.848361
val,Y1,18.215569,10.145236
val,Y1,17.849264,6.808322
val,Y1,15.528736,6.4786243
val,Y1,10.505472,8.108385
val,Y1,6.945903,9.745602
val,Y1,6.6250696,9.420689
val,Y1,7.6330557,6.636862
val,Y1,10.197166,4.1210155
val,Y1,14.880083,4.5608063
val,Y1,17.60132,7.9608226
val,Y1,17.459097,8.094106
val,Y1,17.433971,8.912959
val,Y1,17.368986,10.704475
val,Y1,17.247375,11.714859
val,Y1,17.22368,11.215184
val,Y1,17.363792,7.512464
val,Y1,17.474,7.816622
val,Y1,17.168417,8.047798
val,Y1,16.481375,8.0831995
val,Y1,15.852153,5.447914
val,Y1,15.462916,5.7469716
val,Y1,15.399487,10.084646
val,Y1,15.599264,10.133289
val,Y1,15.876805,6.932521
val,Y1,16.197666,7.458605
val,Y1,16.542347,5.23458
val,Y1,16.911625,4.7409725
val,Y1,17.303194,4.8064184
val,Y1,17.722416,8.251706
val,Y1,18.063972,10.306286
val,Y1,18.130985,10.796539
val,Y1,18.01668,12.140654
val,Y1,17.946514,9.281782
val,Y1,17.947111,6.3390207
val,Y1,17.939264,14.137833
val,Y1,17.936111,17.592642
val,Y1,17.95561,14.285912
val,Y1,17.96089,9.547293
val,Y1,17.98543,5.2492733
val,Y1,18.053389,5.1939206
val,Y1,17.994736,7.4693575
val,Y1,17.959625,7.5065804
val,Y1,17.972279,8.655446
val,Y1,17.936861,11.933159
val,Y1,17.905598,9.184217
val,Y1,17.828222,7.966098
val,Y1,17.521791,9.574144
val,Y1,17.505556,11.247108
val,Y1,17.654417,10.188545
val,Y1,17.514875,7.547559
val,Y1,17.521166,8.660454
val,Y1,17.622139,9.530287
val,Y1,17.777472,8.602079
val,Y1,17.958347,11.113491
val,Y1,18.166666,13.267233
val,Y1,18.259874,10.482784
val,Y1,18.320765,9.860138
val,Y1,18.403486,11.458817
val,Y1,18.429375,12.540742
val,Y1,18.246305,9.597808
val,Y1,17.864319,6.0541906
val,Y1,17.491459,4.9003015
val,Y1,17.0625,5.9430957
val,Y1,16.828028,6.266098
val,Y1,16.736431,5.249772
val,Y1,16.610374,4.736845
val,Y1,16.498514,4.802444
val,Y1,16.375292,4.531405
val,Y1,16.284555,4.297209
val,Y1,16.333,4.4366794
val,Y1,16.406403,6.544537
val,Y1,16.600973,7.2581453
val,Y1,16.943472,6.4058437
val,Y1,17.140194,4.8991117
val,Y1,17.262388,4.482149
val,Y1,17.362,4.4148164
val,Y1,17.45836,4.437043
val,Y1,17.46107,3.798126
val,Y1,17.376625,3.1956336
val,Y1,17.299917,3.4734774
val,Y1,17.230347,3.438357
val,Y1,17.15071,2.9438646
val,Y1,17.001583,2.792174
val,Y1,16.745125,3.0282805
val,Y1,16.371098,3.162511
val,Y1,15.884848,2.9896963
val,Y1,15.227597,3.4105856
val,Y1,14.467389,4.075045
val,Y1,13.912389,3.9240396
val,Y1,13.5477915,3.3980863
val,Y1,13.13325,3.263953
val,Y1,12.735473,3.2898047
val,Y1,12.301431,3.730916
val,Y1,12.051306,3.7673044
val,Y1,12.163889,3.3171315
val,Y1,12.404347,3.9633555
val,Y1,12.730306,4.759075
val,Y1,13.097153,5.883844
val,Y1,13.375139,6.674309
val,Y1,13.394444,7.6518636
val,Y1,13.100166,7.3156514
val,Y1,12.041708,6.4105268
val,Y1,10.301139,5.743679
val,Y1,9.568375,5.484066
val,Y1,9.640667,4.5482483
val,Y1,9.274777,3.9700654
val,Y1,9.511945,3.3382678
val,Y1,10.182472,3.355632
val,Y1,10.268222,3.0643098
val,Y1,10.024917,3.706278
val,Y1,9.810875,4.0578628
val,Y1,9.756708,3.6837044
val,Y1,9.860042,3.7001657
val,Y1,10.142097,4.170757
val,Y1,10.527014,4.6785054
val,Y1,10.8805,4.925365
val,Y1,11.2034025,5.994267
val,Y1,11.534653,6.257031
val,Y1,11.828042,5.598981
val,Y1,11.961667,5.0624566
val,Y1,11.976722,4.4996367
val,Y1,11.93557,4.132058
val,Y1,11.9064865,5.019462
val,Y1,11.896264,4.9264627
val,Y1,11.507903,3.3381858
val,Y1,10.652903,3.0805268
val,Y1,9.487597,3.210429
val,Y1,8.215083,3.2952328
val,Y1,7.389375,3.331291
val,Y1,7.3343472,3.3145401
val,Y1,7.834361,3.533074
val,Y1,8.550361,3.480944
val,Y1,9.259973,3.134734
val,Y1,9.774195,3.200581
val,Y1,9.996764,3.2687838
val,Y1,10.094014,3.412317
val,Y1,10.072473,3.657471
val,Y1,9.943306,3.6658049
val,Y1,10.022889,3.1997871
val,Y1,10.348722,3.2885954
val,Y1,10.684875,3.5661077
val,Y1,10.914319,3.4155905
val,Y1,10.932028,3.569558
val,Y1,10.772611,3.9386778
val,Y1,10.579708,4.208502
val,Y1,10.375986,4.4588227
val,Y1,10.158597,4.6624956
val,Y1,9.228861,6.271018
val,Y1,7.792028,7.1842813
val,Y1,6.659236,7.0087547
val,Y1,5.6275554,9.096353
val,Y1,5.0069165,8.831283
val,Y1,4.8743057,7.9232388
val,Y1,5.2215695,7.3455744
val,Y1,5.7111526,6.2653112
val,Y1,5.8811946,6.5396156
val,Y1,5.9721947,6.2571044
val,Y1,5.8419166,4.0560894
val,Y1,5.325,2.8059669
val,Y1,4.404139,2.6155202
val,Y1,3.5350277,4.1429906
val,Y1,2.7463195,4.896564
val,Y1,1.734125,6.1145735
val,Y1,0.84033334,6.7754908
val,Y1,0.2518889,5.7562227
val,Y1,0.029625,6.482719
val,Y1,0.018888889,7.274925
val,Y1,0.017111111,6.294039
val,Y1,0.021638889,7.808715
val,Y1,0.021291668,9.291335
val,Y1,0.020541666,6.4384007
val,Y1,0.018902779,5.891789
val,Y1,0.016208334,6.079343
val,Y1,0.019194445,5.5191145
val,Y1,0.018847222,5.953192
val,Y1,0.015486111,6.0754533
val,Y1,0.02088889,4.4549885
val,Y1,0.024236111,4.518237
val,Y1,0.020361455,4.334564
val,Y1,0.017849453,3.7107008
val,Y1,0.01806097,3.9712744
val,Y1,0.01806425,4.1029215
val,Y1,0.018067531,3.4688385
val,Y1,0.018070811,3.3706548
val,Y1,0.018074092,3.7101753
val,Y1,0.018077374,3.358094
val,Y1,0.018080654,3.1506927
val,Y1,0.018083936,3.0610528
val,Y1,0.018087216,3.170183
val,Y1,0.018090496,3.3072188
val,Y1,0.018093778,3.009528
val,Y1,0.018097058,3.1472862
val,Y1,0.01810034,3.2053053
val,Y1,0.01810362,3.085462
val,Y1,0.0181069,3.2362182
val,Y1,0.018110182,3.6222756
val,Y1,0.018113462,3.66174
val,Y1,0.018116742,3.2245052
val,Y1,0.018120024,3.287543
val,Y1,0.018123304,3.4495573
val,Y1,0.018126586,3.9886978
val,Y1,0.018129867,4.5740213
val,Y1,0.018133147,4.5229063
val,Y1,0.018136429,4.588069
val,Y1,0.018139709,4.039635
val,Y1,0.01814299,4.629833
val,Y1,0.01814627,8.77261
val,Y1,0.018149551,10.566278
val,Y1,0.018152833,8.586221
val,Y1,0.018156113,6.3874993
val,Y1,0.018159393,6.3783846
val,Y1,0.018162675,6.0375824
val,Y1,0.018165955,5.488014
val,Y1,0.018169237,5.018253
val,Y1,0.018172517,3.4523816
val,Y1,0.018175798,3.1887662
val,Y1,0.01817908,3.570077
val,Y1,0.01818236,3.6587508
val,Y1,0.018185642,3.4462063
val,Y1,0.018188922,3.453438
val,Y1,0.018192202,3.513419
val,Y1,0.018195484,3.2954965
val,Y1,0.018198764,3.2239063
val,Y1,0.018202046,3.4635675
val,Y1,0.018205326,3.5779922
val,Y1,0.018208606,3.2053864
val,Y1,0.018211888,3.4730923
val,Y1,0.018215168,3.4180171
val,Y1,0.018218448,2.92288
val,Y1,0.01822173,3.428631
val,Y1,0.01822501,3.5603025
val,Y1,0.018228292,3.4130156
val,Y1,0.018231573,3.526209
val,Y1,0.018234853,3.6222408
val,Y1,0.018238135,3.7739565
val,Y1,0.018241415,3.912855
val,Y1,0.018244697,3.8517582
val,Y1,0.018247977,4.049153
val,Y1,0.018251257,3.9110239
val,Y1,0.018254539,3.428029
val,Y1,0.01825782,3.9744804
val,Y1,0.018261101,4.042284
val,Y1,0.018264381,3.2573378
val,Y1,0.018267661,3.4129052
val,Y1,0.018270943,3.568857
val,Y1,0.018274223,3.8525815
val,Y1,0.018277504,4.4708614
val,Y1,0.018280786,5.686943
val,Y1,0.018284066,7.1050644
val,Y1,0.018287348,5.8021984
val,Y1,0.018290628,6.0871797
val,Y1,0.018293908,7.172119
val,Y1,0.01829719,9.280151
val,Y1,0.01830047,9.976752
val,Y1,0.018303752,6.807061
val,Y1,0.018307032,6.4865212
val,Y1,0.018310312,7.8456855
val,Y1,0.018313594,8.438051
val,Y1,0.018316874,7.17428
val,Y1,0.018320154,5.3381267
val,Y1,0.018323436,8.381102
val,Y1,0.018326716,9.6506
val,Y1,0.018329998,8.772432
val,Y1,0.018333279,7.0765777
val,Y1,0.018336559,6.8858633
val,Y1,0.01833984,7.7642174
val,Y1,0.01834312,7.9224167
val,Y1,0.018346403,8.87233
val,Y1,0.018349683,7.932374
val,Y1,0.018352963,8.858971
val,Y1,0.018356245,10.866835
val,Y1,0.018359525,9.114637
val,Y1,0.018362807,12.287952
val,Y1,0.018366087,9.650492
val,Y1,0.018369367,8.822056
val,Y1,0.01837265,12.390635
val,Y1,0.01837593,9.658281
val,Y1,0.01837921,7.863698
val,Y1,0.018382492,8.688631
val,Y1,0.018385772,12.245269
val,Y1,0.018389054,11.338989
val,Y1,0.018392334,6.6782045
val,Y1,0.018395614,6.564636
val,Y1,0.018398896,8.744032
val,Y1,0.018402176,10.38991
val,Y1,0.018405458,9.662908
val,Y1,0.018408738,10.038414
val,Y1,0.018412018,8.163078
val,Y1,0.0184153,11.144851
val,Y1,0.01841858,11.897102
val,Y1,0.01842186,10.043933
val,Y1,0.018425142,5.3108377
val,Y1,0.018428423,6.77447
val,Y1,0.018431704,8.951618
val,Y1,0.018434985,7.4625916
val,Y1,0.018438265,5.9023705
val,Y1,0.018441547,6.592012
val,Y1,0.018444827,7.8648725
val,Y1,0.018448109,7.3451133
val,Y1,0.018451389,6.401888
val,Y1,0.018454669,7.4781284
val,Y1,0.018457951,9.692093
val,Y1,0.018461231,8.454503
val,Y1,0.018464513,8.826101
val,Y1,0.018467793,11.781938
val,Y1,0.018471073,10.696505
val,Y1,0.018474355,9.228045
val,Y1,0.018477635,7.8433924
val,Y1,0.018480916,6.9883595
val,Y1,0.018484198,6.9606357
val,Y1,0.018487478,6.536588
val,Y1,0.01849076,5.84984
val,Y1,0.01849404,6.116187
val,Y1,0.01849732,6.247222
val,Y1,0.018500602,7.3565598
val,Y1,0.018503882,7.729759
val,Y1,0.018507164,6.5894914
val,Y1,0.018510444,7.7841525
val,Y1,0.018513724,7.4547553
val,Y1,0.018517006,7.470378
val,Y1,0.018520286,7.5708027
val,Y1,0.018523568,6.798413
val,Y1,0.018526848,6.416168
val,Y1,0.018530129,5.8020673
val,Y1,0.01853341,4.7200823
val,Y1,0.01853669,5.1022787
val,Y1,0.01853997,4.07029
val,Y1,0.018543253,3.5568902
val,Y1,0.018546533,3.7745855
val,Y1,0.018549815,3.3768747
val,Y1,0.018553095,2.9647458
val,Y1,0.018556375,3.2584507
val,Y1,0.018559657,3.5361683
val,Y1,0.018562937,4.2128487
val,Y1,0.01856622,5.439004
val,Y1,0.0185695,5.582086
val,Y1,0.01857278,5.230139
val,Y1,0.018576061,5.905975
val,Y1,0.018579341,7.6959333
val,Y1,0.018582622,8.215446
val,Y1,0.018585904,8.465056
val,Y1,0.018589184,8.633944
val,Y1,0.018592466,8.400187
val,Y1,0.018595746,12.124595
val,Y1,0.018599026,12.845919
val,Y1,0.018602308,11.52599
val,Y1,0.018605588,9.692627
val,Y1,0.01860887,7.3900313
val,Y1,0.01861215,7.3882875
val,Y1,0.01861543,7.3409615
val,Y1,0.018618712,9.871646
val,Y1,0.018621992,8.928017
val,Y1,0.018625274,9.763364
val,Y1,0.018628554,9.112408
val,Y1,0.018631835,13.694023
val,Y1,0.018635117,12.934788
val,Y1,0.018638397,5.4929543
val,Y1,0.018641677,7.634793
val,Y1,0.018644959,9.982934
val,Y1,0.018648239,9.817206
val,Y1,0.01865152,11.585211
val,Y1,0.018654801,10.131546
val,Y1,0.018658081,9.156417
val,Y1,0.018661363,13.64289
val,Y1,0.018664643,11.7045765
val,Y1,0.018667925,7.9557076
val,Y1,0.018671205,7.3329697
val,Y1,0.018674485,8.196715
val,Y1,0.018677767,8.317783
val,Y1,0.018681047,5.232749
val,Y1,0.018684328,7.967732
val,Y1,0.01868761,9.261309
val,Y1,0.01869089,8.447205
val,Y1,0.018694172,7.832388
val,Y1,0.018697452,6.6312323
val,Y1,0.018700732,6.163604
val,Y1,0.018704014,5.990643
val,Y1,0.018707294,9.115063
val,Y1,0.018710576,9.45149
val,Y1,0.018713856,9.401279
val,Y1,0.018717136,11.98957
val,Y1,0.018720418,12.784964
val,Y1,0.018723698,7.727948
val,Y1,0.01872698,8.014144
val,Y1,0.01873026,8.411837
val,Y1,0.01873354,8.393066
val,Y1,0.018736823,8.765736
val,Y1,0.018740103,9.10367
val,Y1,0.018743383,8.338694
val,Y1,0.018746665,9.199686
val,Y1,0.018749945,6.165086
val,Y1,0.018753227,4.428742
val,Y1,0.018756507,4.259129
val,Y1,0.018759787,3.3018537
val,Y1,0.018763069,3.5170538
val,Y1,0.01876635,3.998257
val,Y1,0.018769631,3.6021967
val,Y1,0.018772911,3.2880392
val,Y1,0.018776191,3.3782964
val,Y1,0.018779473,3.5126054
val,Y1,0.018782753,3.4508839
val,Y1,0.018786035,3.496974
val,Y1,0.018789316,3.5443282
val,Y1,0.018792596,3.3373692
val,Y1,0.018795878,3.3621619
val,Y1,0.018799158,3.1634023
val,Y1,0.018802438,3.518786
val,Y1,0.01880572,3.3895705
val,Y1,0.018809,3.499602
val,Y1,0.018812282,3.54611
val,Y1,0.018815562,3.5408316
val,Y1,0.018818842,3.5823941
val,Y1,0.018822124,3.5549295
val,Y1,0.018825404,3.361431
val,Y1,0.018828686,3.5113227
val,Y1,0.018831966,3.5821483
val,Y1,0.018835247,3.209596
val,Y1,0.018838529,3.4234538
val,Y1,0.018841809,3.4354317
val,Y1,0.018845089,3.1670563
val,Y1,0.01884837,3.4363124
val,Y1,0.01885165,3.4476306
val,Y1,0.018854933,3.086717
val,Y1,0.018858213,3.8398688
val,Y1,0.018861493,4.5061607
val,Y1,0.018864775,4.3337426
val,Y1,0.018868055,4.5549464
val,Y1,0.018871337,5.973815
val,Y1,0.018874617,6.2866383
val,Y1,0.018877897,7.05503
val,Y1,0.01888118,10.30067
val,Y1,0.01888446,7.364037
val,Y1,0.016512396,7.3575096
val,Y1,0.012819346,8.240505
val,Y1,0.009847222,8.447042
val,Y1,0.011777778,11.507395
val,Y1,0.013375,12.565153
val,Y1,0.011930555,14.554441
val,Y1,0.012986111,13.109358
val,Y1,0.013652778,12.587059
val,Y1,0.013402778,11.596466
val,Y1,0.05226389,5.7165155
val,Y1,0.27926388,7.7548018
val,Y1,0.6620139,8.318577
val,Y1,1.1225694,8.952047
val,Y1,1.5672916,6.456951
val,Y1,1.8522917,8.26354
val,Y1,2.0977917,10.746414
val,Y1,2.516528,7.7891912
val,Y1,2.9073195,5.366947
val,Y1,3.0822778,7.0876083
val,Y1,3.123,11.921629
val,Y1,2.988875,8.10193
val,Y1,2.400861,3.940345
val,Y1,1.23775,5.631048
val,Y1,0.35059723,10.310296
val,Y1,0.41793054,11.760773
val,Y1,0.90434724,12.008352
val,Y1,1.1666944,13.519402
val,Y1,1.2451528,11.664417
val,Y1,1.2584862,9.433208
val,Y1,1.2060833,14.401753
val,Y1,0.9236111,13.075445
val,Y1,0.36070833,8.342017
val,Y1,0.049694445,8.213151
val,Y1,0.29043055,8.379324
val,Y1,0.8336389,7.021233
val,Y1,1.5254444,7.457116
val,Y1,2.165111,12.620579
val,Y1,2.592264,11.869698
val,Y1,2.9049582,7.7432733
val,Y1,3.099347,5.842108
val,Y1,3.3400555,7.898209
val,Y1,3.8719306,9.720992
val,Y1,4.633861,9.182624
val,Y1,5.4003887,7.9056683
val,Y1,5.9755,8.504349
val,Y1,6.205097,12.122221
val,Y1,6.202083,10.647163
val,Y1,6.1430693,7.7534637
val,Y1,5.6445417,6.302461
val,Y1,4.4175835,9.893113
val,Y1,2.9714305,8.358246
val,Y1,1.8333611,8.436472
val,Y1,0.97920835,8.735006
val,Y1,0.7131111,7.7410965
val,Y1,1.14525,9.8713665
val,Y1,1.9634861,9.949778
val,Y1,2.911,8.482072
val,Y1,3.8950694,12.897784
val,Y1,4.9987917,15.796271
val,Y1,6.056847,8.601135
val,Y1,6.92075,7.1234
val,Y1,7.6780415,12.860496
val,Y1,8.555166,11.467723
val,Y1,9.535708,9.126669
val,Y1,10.455778,7.4188766
val,Y1,11.2295,11.320714
val,Y1,11.838514,9.939307
val,Y1,12.065348,7.2582464
val,Y1,12.080292,9.295088
val,Y1,12.256541,8.139601
val,Y1,12.463305,9.590615
val,Y1,12.484153,8.211994
val,Y1,12.363833,7.450719
val,Y1,12.377277,10.039164
val,Y1,12.587569,8.355578
val,Y1,12.894111,7.329717
val,Y1,13.342875,9.5046215
val,Y1,13.910403,9.492407
val,Y1,14.289,6.59305
val,Y1,14.349764,6.3051963
val,Y1,14.23793,15.855453
val,Y1,14.056916,20.705694
val,Y1,13.9235,12.909147
val,Y1,13.912945,8.397578
val,Y1,13.929861,6.3977222
val,Y1,13.819639,11.287364
val,Y1,13.481944,9.99843
val,Y1,12.911153,6.515484
val,Y1,12.06768,9.191777
val,Y1,10.977597,11.223898
val,Y1,9.694208,10.018128
val,Y1,8.247458,8.097796
val,Y1,6.721208,8.50081
val,Y1,5.1430974,7.9291515
val,Y1,3.770347,5.852171
val,Y1,2.8632638,5.63093
val,Y1,2.2451944,7.217578
val,Y1,1.6204306,6.701584
val,Y1,0.9358472,5.6048346
val,Y1,0.34590277,8.840198
val,Y1,0.05976389,9.646784
val,Y1,0.015722223,8.110391
val,Y1,0.016763888,9.80571
val,Y1,0.023055555,11.699249
val,Y1,0.019694444,9.6729145
val,Y1,0.01625,8.768194
val,Y1,0.016819444,8.773012
val,Y1,0.015611111,8.048597
val,Y1,0.027055556,8.206856
val,Y1,0.27958333,8.481834
val,Y1,1.1204584,6.7236614
val,Y1,2.5385833,7.521141
val,Y1,4.137,8.287089
val,Y1,5.582556,6.466695
val,Y1,6.626764,4.9125566
val,Y1,7.448111,4.3316736
val,Y1,8.34182,6.5555534
val,Y1,9.253695,9.348521
val,Y1,10.030736,14.104431
val,Y1,10.548708,14.369277
val,Y1,10.908389,16.338942
val,Y1,11.162403,12.16649
val,Y1,11.2381525,9.974863
val,Y1,11.214486,13.002239
val,Y1,11.2583475,13.532961
val,Y1,11.380764,13.360586
val,Y1,11.549069,11.18717
val,Y1,11.627264,8.2751255
val,Y1,11.690625,14.253344
val,Y1,11.998278,16.245493
val,Y1,12.446569,7.5848026
val,Y1,12.832861,7.692916
val,Y1,12.906555,9.868203
val,Y1,12.604611,6.3018847
val,Y1,12.208777,9.837784
val,Y1,11.819458,7.7219534
val,Y1,11.562695,4.551406
val,Y1,11.497347,7.4856987
val,Y1,11.592292,9.85905
val,Y1,11.844736,12.140957
val,Y1,12.197611,8.162114
val,Y1,12.646055,7.5983076
val,Y1,13.136541,11.437445
val,Y1,13.635959,8.858424
val,Y1,14.11307,9.710301
val,Y1,14.524972,8.111711
val,Y1,14.891111,8.227921
val,Y1,15.283556,8.34161
val,Y1,15.6895,9.347531
val,Y1,16.079153,11.165035
val,Y1,16.435097,14.111128
val,Y1,16.510445,11.784214
val,Y1,16.312374,6.598216
val,Y1,16.082624,8.5657015
val,Y1,15.7925,10.696391
val,Y1,15.525431,13.457706
val,Y1,15.364264,9.228525
val,Y1,15.29718,5.10438
val,Y1,15.331889,3.7024922
val,Y1,15.437083,5.6811047
val,Y1,15.630931,8.047539
val,Y1,15.872945,5.9779205
val,Y1,16.082111,5.3882627
val,Y1,16.317959,8.4144535
val,Y1,16.56143,8.045238
val,Y1,16.804235,5.0324287
val,Y1,16.988806,7.168866
val,Y1,16.940416,6.708908
val,Y1,16.799791,6.4241905
val,Y1,16.709515,8.19701
val,Y1,16.630598,7.4545336
val,Y1,16.607098,6.756527
val,Y1,16.627832,7.413056
val,Y1,16.653473,4.9292526
val,Y1,16.57868,3.0554624
val,Y1,16.313652,2.5949123
val,Y1,16.071583,2.9011614
val,Y1,15.952917,5.021559
val,Y1,15.895486,7.6709304
val,Y1,15.885612,8.787046
val,Y1,15.966625,7.269338
val,Y1,16.159737,7.2852316
val,Y1,16.42125,6.5710106
val,Y1,16.705805,6.164009
val,Y1,16.945333,8.15123
val,Y1,17.098667,7.662401
val,Y1,17.167236,6.181678
val,Y1,17.073889,6.092576
val,Y1,16.726875,7.264352
val,Y1,16.441236,8.439395
val,Y1,16.27557,7.437231
val,Y1,16.052055,7.2240524
val,Y1,15.857653,7.7954106
val,Y1,15.649611,8.464951
val,Y1,15.458333,7.6507025
val,Y1,15.470278,7.1690865
val,Y1,15.5842085,6.599474
val,Y1,15.671958,6.9616685
val,Y1,15.92857,10.003237
val,Y1,16.2835,9.363123
val,Y1,16.604347,6.9487247
val,Y1,16.764668,5.6914062
val,Y1,16.61789,5.9536285
val,Y1,16.411985,8.304094
val,Y1,16.44318,10.158518
val,Y1,16.545458,8.285726
val,Y1,16.59143,6.373044
val,Y1,16.688055,5.7459826
val,Y1,16.914625,5.052092
val,Y1,17.325945,6.740298
val,Y1,17.533138,6.236272
val,Y1,17.588041,8.30124
val,Y1,17.688765,8.276457
val,Y1,17.78814,5.0266767
val,Y1,18.01582,5.7609563
val,Y1,15.839056,6.716181
val,Y1,13.06975,4.121757
val,Y1,15.074513,6.5223403
val,Y1,16.851902,8.314832
val,Y1,16.834139,6.085925
val,Y1,16.396444,6.162054
val,Y1,16.172348,5.865946
val,Y1,17.030987,7.422318
val,Y1,17.049765,8.738161
val,Y1,17.15157,6.8225956
val,Y1,17.264833,6.3393803
val,Y1,17.388708,7.268295
val,Y1,17.613972,8.381405
val,Y1,17.924862,5.890202
val,Y1,18.118166,6.1793175
val,Y1,18.042418,6.6891785
val,Y1,17.829348,6.528743
val,Y1,17.694986,8.313446
val,Y1,17.438972,7.2026873
val,Y1,17.35868,6.277504
val,Y1,17.422361,7.378253
val,Y1,17.213015,8.30678
val,Y1,16.877972,8.440723
val,Y1,16.497194,6.6807055
val,Y1,14.653625,6.2439013
val,Y1,11.107986,5.3646603
val,Y1,9.679402,6.8734365
val,Y1,10.669209,7.3906636
val,Y1,13.229139,8.11293
val,Y1,17.254055,8.21673
val,Y1,18.730694,7.57843
val,Y1,15.910986,7.1684237
val,Y1,14.774458,8.605585
val,Y1,15.639806,7.093188
val,Y1,15.150069,7.0342126
val,Y1,14.81932,11.814459
val,Y1,14.599305,12.290053
val,Y1,14.439445,8.566875
val,Y1,14.37975,9.665304
val,Y1,14.466695,9.499237
val,Y1,14.660403,4.8480883
val,Y1,14.927097,4.0574403
val,Y1,15.255542,5.183334
val,Y1,15.603472,5.845942
val,Y1,15.894764,6.8880005
val,Y1,16.031403,5.922527
val,Y1,16.035069,5.7330666
val,Y1,15.958514,6.1078663
val,Y1,15.795806,5.405107
val,Y1,15.670167,8.521019
val,Y1,15.586708,7.5135274
val,Y1,15.487111,5.501033
val,Y1,15.4928055,6.9149723
val,Y1,15.613847,9.48182
val,Y1,15.790944,8.162063
val,Y1,16.003736,6.655369
val,Y1,16.208847,6.4435244
val,Y1,16.425306,6.356494
val,Y1,16.680792,7.3323445
val,Y1,16.94293,5.463743
val,Y1,17.042973,6.081107
val,Y1,17.007181,5.0901637
val,Y1,16.985374,5.5540586
val,Y1,17.008278,7.731556
val,Y1,17.032402,5.932098
val,Y1,16.965763,4.0001316
val,Y1,16.847458,3.9033425
val,Y1,16.70932,4.3160768
val,Y1,16.526806,6.218693
val,Y1,16.304264,6.9959517
val,Y1,16.014639,7.611708
val,Y1,15.652833,12.240765
val,Y1,15.421833,12.062168
val,Y1,15.83075,7.964782
val,Y1,16.38975,7.9827986
val,Y1,16.132153,7.2420154
val,Y1,15.701361,6.858715
val,Y1,15.939764,6.4090667
val,Y1,16.322195,7.183962
val,Y1,16.597084,8.198206
val,Y1,17.053375,6.297921
val,Y1,17.541973,4.502493
val,Y1,17.782833,3.321307
val,Y1,18.050264,2.638082
val,Y1,18.380556,3.3129818
val,Y1,18.719389,4.025275
val,Y1,18.743181,3.4561028
val,Y1,18.442833,3.1802776
val,Y1,18.419737,3.7204065
val,Y1,18.479986,6.109124
val,Y1,18.562445,7.267791
val,Y1,18.631569,10.083278
val,Y1,18.63707,10.543636
val,Y1,18.584986,11.061893
val,Y1,18.483236,7.0192957
val,Y1,18.450903,9.515376
val,Y1,18.659708,13.529974
val,Y1,18.975348,11.276816
val,Y1,19.208208,8.645035
val,Y1,19.260666,8.907675
val,Y1,18.989153,6.998782
val,Y1,18.58364,7.955818
val,Y1,18.240389,8.108969
val,Y1,17.957916,7.13882
val,Y1,17.743792,7.9667435
val,Y1,17.578167,9.2705345
val,Y1,17.387875,9.342642
val,Y1,17.162264,5.610983
val,Y1,16.94243,5.0254
val,Y1,16.732056,4.220767
val,Y1,16.532694,5.22151
val,Y1,16.338028,7.515433
val,Y1,16.169542,5.8622704
val,Y1,15.968792,3.3152332
val,Y1,15.3355,3.6392305
val,Y1,14.033806,3.2227018
val,Y1,12.2346945,3.2319906
val,Y1,10.1695,3.1600094
val,Y1,8.185264,3.3009534
val,Y1,6.4142637,3.2911754
val,Y1,4.717417,3.015733
val,Y1,3.4129722,3.2606583
val,Y1,2.7464583,3.6873646
val,Y1,2.4036806,3.8319383
val,Y1,2.1443195,3.3096807
val,Y1,1.8995972,3.2163332
val,Y1,1.6124306,3.2618563
val,Y1,1.383875,3.1597307
val,Y1,1.3812778,3.3465128
val,Y1,1.5410694,3.7718742
val,Y1,1.7668889,4.2529054
val,Y1,1.9334167,4.6022625
val,Y1,1.9510139,6.336409
val,Y1,1.854125,9.774784
val,Y1,1.6579722,18.321459
val,Y1,1.4030555,16.876375
val,Y1,1.1552222,9.262705
val,Y1,0.9692639,6.5137577
val,Y1,0.82773614,4.5660677
val,Y1,0.66823614,8.367356
val,Y1,0.48170835,11.803108
val,Y1,0.31780556,11.213466
val,Y1,0.22226389,7.3940153
val,Y1,0.17743056,7.505472
val,Y1,0.16455555,7.77584
val,Y1,0.14258334,9.440979
val,Y1,0.09009722,11.481005
val,Y1,0.09144445,12.248741
val,Y1,0.12488889,10.3789215
val,Y1,0.112833336,6.376351
val,Y1,0.06834722,7.308181
val,Y1,0.033444446,8.242472
val,Y1,0.053847224,8.380674
val,Y1,0.18452778,7.790665
val,Y1,0.3794028,7.9551272
val,Y1,0.7252361,7.2141113
val,Y1,1.5228611,9.520473
val,Y1,2.652,11.473564
val,Y1,3.7925,11.016765
val,Y1,4.6092224,11.488565
val,Y1,4.815875,10.435124
val,Y1,4.579167,7.9978743
val,Y1,4.084528,6.592698
val,Y1,3.0785832,5.950946
val,Y1,1.9010694,6.3574886
val,Y1,1.064861,6.1527386
val,Y1,0.4745139,4.811711
val,Y1,0.15147223,4.1568694
val,Y1,0.045763887,3.9493587
val,Y1,0.029680556,3.8210056
val,Y1,0.03426389,3.4142134
val,Y1,0.12241667,3.4644148
val,Y1,0.46229166,3.3335268
val,Y1,1.005014,3.1728318
val,Y1,1.8157083,3.4898667
val,Y1,2.898764,3.4061987
val,Y1,3.825361,3.1826477
val,Y1,4.2579165,3.2152278
val,Y1,4.2684584,3.4079201
val,Y1,4.024903,3.3825352
val,Y1,3.5425277,3.6208868
val,Y1,3.0542917,4.859145
val,Y1,2.3909721,6.071512
val,Y1,1.5666945,10.708011
val,Y1,0.83252776,11.571203
val,Y1,0.26934722,8.928486
val,Y1,0.062416665,9.299728
val,Y1,0.025138889,7.9835777
val,Y1,0.0165,8.080688
val,Y1,0.027027778,8.450866
val,Y1,0.029166667,9.286144
val,Y1,0.031597223,6.732416
val,Y1,0.027902778,6.3346863
val,Y1,0.015125,7.7741156
val,Y1,0.016375,7.5579147
val,Y1,0.01825,9.744874
val,Y1,0.020680556,7.4570346
val,Y1,0.022472221,10.259568
val,Y1,0.022277778,9.246121
val,Y1,0.019472223,12.97129
val,Y1,0.019277778,15.895058
val,Y1,0.02,13.211863
val,Y1,0.017833333,12.239043
val,Y1,0.04822222,5.830062
val,Y1,0.32258335,6.6067553
val,Y1,1.1243056,8.46713
val,Y1,2.2275555,7.4100266
val,Y1,3.1209862,7.4150543
val,Y1,4.085292,8.4701395
val,Y1,4.7805557,5.3979063
val,Y1,5.0184584,5.981019
val,Y1,5.0344443,9.09111
val,Y1,4.7767363,9.651806
val,Y1,4.30475,6.389349
val,Y1,3.4813888,5.938612
val,Y1,2.5087361,6.7473392
val,Y1,1.4741806,5.641645
val,Y1,0.6822639,7.409627
val,Y1,0.323125,7.352508
val,Y1,0.25893056,11.76173
val,Y1,0.45469445,9.9867935
val,Y1,1.0789584,7.903951
val,Y1,2.1722083,11.255937
val,Y1,3.3327222,10.632191
val,Y1,4.297,6.7441483
val,Y1,5.1312776,9.534459
val,Y1,5.7576528,12.218771
val,Y1,6.110708,9.84457
val,Y1,6.39275,10.366544
val,Y1,6.7356944,9.677627
val,Y1,6.938597,10.4475155
val,Y1,6.9790554,10.675255
val,Y1,7.0875416,9.7898245
val,Y1,6.808486,7.2171106
val,Y1,5.799097,7.341519
val,Y1,4.462111,12.202733
val,Y1,3.090111,11.951267
val,Y1,1.8565,6.833997
val,Y1,0.93875,5.7170634
val,Y1,0.3333889,5.5478177
val,Y1,0.06675,4.3859415
val,Y1,0.03286111,3.0309317
val,Y1,0.03811111,2.6261787
val,Y1,0.03636111,2.7266138
val,Y1,0.025319444,3.441949
val,Y1,0.029472223,3.8836477
val,Y1,0.02576389,3.6650217
val,Y1,0.024430556,3.5660326
val,Y1,0.022263888,3.355406
val,Y1,0.019444445,3.3047926
val,Y1,0.02725,3.5364428
val,Y1,0.030736111,3.4015462
val,Y1,0.024944445,3.551699
val,Y1,0.022652777,3.7346947
val,Y1,0.020513888,3.6728566
val,Y1,0.021222223,3.7619271
val,Y1,0.019694444,3.489643
val,Y1,0.019055555,3.091091
val,Y1,0.019916667,3.471385
val,Y1,0.017791666,3.9625876
val,Y1,0.052930556,3.6753936
val,Y1,0.6020278,4.1308594
val,Y1,1.8913472,4.6594357
val,Y1,3.2699027,4.109847
val,Y1,4.5096807,4.387769
val,Y1,5.342347,4.8498244
val,Y1,5.715653,6.106127
val,Y1,6.1309724,6.591467
val,Y1,6.4310417,6.922062
val,Y1,6.1889305,8.697467
val,Y1,5.248,10.996083
val,Y1,3.9620833,10.661769
val,Y1,2.7592223,8.502623
val,Y1,1.7597222,9.21371
val,Y1,0.91154164,8.979457
val,Y1,0.27481943,11.297688
val,Y1,0.033625,12.999471
val,Y1,0.028097222,11.181923
val,Y1,0.034986112,18.692877
val,Y1,0.030277777,14.878956
val,Y1,0.03158333,10.399107
val,Y1,0.043583333,8.584352
val,Y1,0.049111113,7.5366883
val,Y1,0.04238889,7.0672655
val,Y1,0.032680556,7.490117
val,Y1,0.03075,7.7661314
val,Y1,0.029888889,6.9818916
val,Y1,0.032541666,7.1149254
val,Y1,0.030888889,8.925825
val,Y1,0.025888888,9.111065
val,Y1,0.025777778,7.168412
val,Y1,0.031027777,8.481252
val,Y1,0.028652778,8.713118
val,Y1,0.02576389,7.6174893
val,Y1,0.031444445,7.9339457
val,Y1,0.032375,6.9174
val,Y1,0.025944445,6.0268955
val,Y1,0.026972223,6.1288714
val,Y1,0.029152777,8.749105
val,Y1,0.030694444,12.490927
val,Y1,0.028944444,11.655172
val,Y1,0.025888888,7.423909
val,Y1,0.03784722,7.911726
val,Y1,0.038444445,6.5630693
val,Y1,0.024305556,7.2678275
val,Y1,0.022513889,6.827922
val,Y1,0.16751389,7.67689
val,Y1,1.2986667,8.845329
val,Y1,3.2073195,8.667208
val,Y1,4.856736,9.837799
val,Y1,6.137486,11.727095
val,Y1,7.0616665,10.96897
val,Y1,7.5787363,7.0367785
val,Y1,7.897861,6.729445
val,Y1,8.487875,6.421692
val,Y1,9.438444,5.3497005
val,Y1,10.49293,5.5165806
val,Y1,11.203195,7.07329
val,Y1,11.801125,9.203278
val,Y1,12.680986,11.402966
val,Y1,12.98175,9.707925
val,Y1,12.603069,8.964061
val,Y1,12.293125,9.587238
val,Y1,12.110625,6.9415975
val,Y1,12.095834,7.895426
val,Y1,12.240181,6.5724535
val,Y1,12.413736,8.36665
val,Y1,12.568264,9.273914
val,Y1,12.545208,10.394298
val,Y1,12.432208,11.12185
val,Y1,12.436402,8.260594
val,Y1,12.5431385,7.9523
val,Y1,12.757639,6.4768124
val,Y1,13.067639,14.891193
val,Y1,13.294791,17.239325
val,Y1,13.348778,7.3950157
val,Y1,13.362958,8.720176
val,Y1,13.439236,7.536543
val,Y1,13.611167,7.2132835
val,Y1,13.869722,10.074141
val,Y1,14.167625,9.109829
val,Y1,14.372097,6.598973
val,Y1,14.379889,6.712861
val,Y1,14.255222,6.8535166
val,Y1,14.090389,9.623046
val,Y1,13.911847,13.473978
val,Y1,13.703195,14.42103
val,Y1,13.467097,9.888121
val,Y1,13.248264,10.806161
val,Y1,13.032028,8.8848715
val,Y1,12.788931,4.9676695
val,Y1,12.582681,6.1113825
val,Y1,12.432597,5.574976
val,Y1,12.278097,12.489461
val,Y1,12.106209,13.738939
val,Y1,11.938347,6.91096
val,Y1,11.785486,11.6882105
val,Y1,11.650778,10.711069
val,Y1,11.559028,8.119761
val,Y1,11.564986,8.395907
val,Y1,11.655292,6.39715
val,Y1,11.844055,7.3749695
val,Y1,11.974361,12.3897705
val,Y1,11.804694,10.149102
val,Y1,11.466681,8.771682
val,Y1,11.127236,7.5454674
val,Y1,10.7428055,8.540215
val,Y1,10.372209,14.286425
val,Y1,9.901694,12.870379
val,Y1,9.205722,11.397633
val,Y1,8.426861,13.917793
val,Y1,7.8103194,10.0135145
val,Y1,7.4270835,11.631939
val,Y1,7.119236,13.495994
val,Y1,6.873264,7.49144
val,Y1,6.701375,8.847732
val,Y1,6.5811806,8.098627
val,Y1,6.4774723,6.6507764
val,Y1,6.3001943,9.403728
val,Y1,6.0127363,8.144811
val,Y1,5.632347,9.249356
val,Y1,5.1944723,13.517687
val,Y1,4.8055415,21.407373
val,Y1,4.359319,20.861591
val,Y1,3.836,11.263546
val,Y1,3.3341527,11.517904
val,Y1,2.780639,5.412487
val,Y1,2.2051806,14.422634
val,Y1,1.6672223,18.607185
val,Y1,1.0773473,9.666684
val,Y1,0.5314861,12.468561
val,Y1,0.18808334,12.5921755
val,Y1,0.22229166,13.794398
val,Y1,0.8146389,10.097032
val,Y1,1.8855417,5.561273
val,Y1,2.9524305,5.6561832
val,Y1,3.78925,11.707238
val,Y1,4.6214166,12.042677
val,Y1,5.400069,11.01025
val,Y1,6.079639,9.593048
val,Y1,6.7278333,8.058098
val,Y1,7.372611,7.629017
val,Y1,7.8132224,10.012724
val,Y1,8.131778,9.100337
val,Y1,8.320778,7.5165925
val,Y1,9.116944,14.601826
val,Y1,10.052917,10.787135
val,Y1,10.363931,6.746387
val,Y1,10.779236,6.2184134
val,Y1,11.233903,5.468261
val,Y1,11.625055,6.2220316
val,Y1,11.955444,6.2584815
val,Y1,12.411028,6.847081
val,Y1,12.862473,8.431442
val,Y1,13.026292,9.318834
val,Y1,12.967055,8.169055
val,Y1,12.787639,7.691748
val,Y1,12.609583,9.045159
val,Y1,12.644139,13.507766
val,Y1,13.013403,12.005898
val,Y1,13.368764,7.2438636
val,Y1,13.347042,10.028812
val,Y1,13.241542,12.010244
val,Y1,13.22525,14.652952
val,Y1,13.22175,10.683304
val,Y1,13.342944,9.511356
val,Y1,13.5309305,15.381696
val,Y1,13.419639,9.485304
val,Y1,12.735695,4.8224397
val,Y1,11.796458,5.45947
val,Y1,11.068722,8.344983
val,Y1,10.766097,10.567047
val,Y1,10.873902,12.378557
val,Y1,11.163681,13.371126
val,Y1,11.305708,7.5623493
val,Y1,11.250139,7.799426
val,Y1,11.252486,8.259721
val,Y1,11.415264,5.063904
val,Y1,11.634236,7.761722
val,Y1,11.755445,6.041424
val,Y1,11.748472,5.9718275
val,Y1,11.646791,5.912818
val,Y1,11.503375,6.7657175
val,Y1,11.390403,4.671768
val,Y1,11.247444,6.2510967
val,Y1,10.866514,7.24638
val,Y1,10.137167,5.6291976
val,Y1,9.386167,4.960758
val,Y1,8.703097,9.950573
val,Y1,7.6638055,9.087066
val,Y1,6.078,3.8338156
val,Y1,4.2617083,6.7206707
val,Y1,2.6107361,8.148668
val,Y1,1.1735139,9.151932
val,Y1,0.26620832,12.244534
val,Y1,0.034319445,15.161101
val,Y1,0.037861113,13.516307
val,Y1,0.044069443,7.7645936
val,Y1,0.05666667,8.103074
val,Y1,0.06861111,7.380268
val,Y1,0.05475,11.049322
val,Y1,0.030986112,6.7399845
val,Y1,0.024097223,6.6181746
val,Y1,0.02738889,9.943634
val,Y1,0.027930556,9.624884
val,Y1,0.031680554,5.693124
val,Y1,0.035819445,6.057764
val,Y1,0.03259722,7.1963015
val,Y1,0.035875,7.0071096
val,Y1,0.041666668,6.304014
val,Y1,0.03445833,5.4416056
val,Y1,0.024944445,5.217692
val,Y1,0.023611112,9.05685
val,Y1,0.030083334,13.365963
val,Y1,0.026305556,11.444756
val,Y1,0.019180555,8.154252
val,Y1,0.018902779,7.382623
val,Y1,0.018930556,7.0825205
val,Y1,0.021986112,8.398088
val,Y1,0.018125,7.3837767
val,Y1,0.015375,8.615288
val,Y1,0.019763889,10.779942
val,Y1,0.023458334,9.324952
val,Y1,0.03711111,7.583604
val,Y1,0.5696389,9.664539
val,Y1,1.6920834,9.890097
val,Y1,2.8692918,11.435831
val,Y1,3.9260416,10.727022
val,Y1,4.9853334,6.8022885
val,Y1,6.155958,11.225773
val,Y1,7.140875,12.688386
val,Y1,7.909111,7.8575726
val,Y1,8.628417,7.096064
val,Y1,9.312667,3.7111495
val,Y1,9.965959,8.92749
val,Y1,10.5534725,11.713866
val,Y1,11.008014,5.4731903
val,Y1,11.215347,7.537711
val,Y1,11.252264,10.254125
val,Y1,11.239403,11.567265
val,Y1,11.314792,9.527332
val,Y1,11.492778,9.302622
val,Y1,11.670681,14.346144
val,Y1,11.850041,8.4637165
val,Y1,12.0367365,8.476361
val,Y1,12.3041525,11.5101595
val,Y1,12.6184025,7.6508846
val,Y1,12.902695,9.480179
val,Y1,13.198958,11.08802
val,Y1,13.475223,7.8159485
val,Y1,13.606806,8.621079
val,Y1,13.565014,8.787182
val,Y1,13.720722,7.17402
val,Y1,13.84368,4.518495
val,Y1,13.642375,6.3851757
val,Y1,13.457639,7.3078594
val,Y1,13.280541,11.597296
val,Y1,13.137347,8.342592
val,Y1,13.101055,5.9468255
val,Y1,13.1617775,8.737653
val,Y1,13.298972,6.755663
val,Y1,13.462417,6.9056854
val,Y1,13.609361,8.3418045
val,Y1,13.672305,7.706736
val,Y1,13.615444,6.947772
val,Y1,13.504278,5.841421
val,Y1,13.378528,4.6383657
val,Y1,13.144,4.204459
val,Y1,12.757847,4.771632
val,Y1,12.562361,5.1041083
val,Y1,12.6455555,3.1992414
val,Y1,12.757055,3.5092173
val,Y1,12.764931,4.6553726
val,Y1,12.593764,5.330435
val,Y1,12.353611,6.3962717
val,Y1,12.131166,6.2503195
val,Y1,11.91282,5.3731723
val,Y1,11.703611,6.4359736
val,Y1,11.580903,6.8602138
val,Y1,11.666098,7.9389153
val,Y1,12.00332,11.932296
val,Y1,12.449472,9.918991
val,Y1,12.892764,8.029241
val,Y1,13.258764,9.13755
val,Y1,13.342139,6.9802113
val,Y1,13.090931,8.109223
val,Y1,12.659722,8.403906
val,Y1,12.417681,7.0951953
val,Y1,12.420527,6.2853384
val,Y1,12.491264,7.560294
val,Y1,12.602445,6.7020445
val,Y1,12.7086115,7.481599
val,Y1,12.784555,7.84377
val,Y1,12.883695,9.892938
val,Y1,13.027889,8.84346
val,Y1,12.962389,7.8699017
val,Y1,12.616292,7.5140877
val,Y1,12.303861,8.957975
val,Y1,12.1987915,10.011378
val,Y1,12.280027,7.8817806
val,Y1,12.6750555,6.0123653
val,Y1,13.248944,5.138895
val,Y1,13.626028,5.7309246
val,Y1,13.849083,5.3105235
val,Y1,14.006722,7.458838
val,Y1,14.100028,7.575101
val,Y1,14.20307,7.5901413
val,Y1,14.250208,9.845302
val,Y1,14.247569,10.876728
val,Y1,14.125667,10.909306
val,Y1,13.685917,9.600082
val,Y1,12.843125,13.639462
val,Y1,11.821389,14.860466
val,Y1,11.008111,9.529935
val,Y1,10.459014,6.4357767
val,Y1,9.944403,7.5799007
val,Y1,9.365167,8.145781
val,Y1,8.706333,11.415057
val,Y1,8.075472,11.130486
val,Y1,7.6665277,9.484538
val,Y1,7.3553195,9.861014
val,Y1,7.114736,4.2842817
val,Y1,7.2050276,3.448242
val,Y1,7.6310415,3.8567414
val,Y1,7.8661804,3.5501115
val,Y1,7.5404305,5.475479
val,Y1,6.7666807,8.631649
val,Y1,5.8487916,8.730635
val,Y1,5.531736,7.9923744
val,Y1,6.1335416,9.989592
val,Y1,7.1531944,10.982402
val,Y1,8.037666,8.914883
val,Y1,8.3385,11.238161
val,Y1,8.042889,8.856995
val,Y1,7.443236,8.745331
val,Y1,7.073,13.607331
val,Y1,7.2997084,10.163679
val,Y1,7.737347,8.1883545
val,Y1,7.969097,10.284649
val,Y1,8.098431,7.113033
val,Y1,8.384181,8.188724
val,Y1,8.843111,10.090309
val,Y1,9.281125,9.398382
val,Y1,9.330584,8.522814
val,Y1,8.782431,4.620322
val,Y1,8.122375,4.28397
val,Y1,7.755306,4.5586314
val,Y1,7.7984166,7.5509334
val,Y1,8.300264,5.349382
val,Y1,8.9563055,3.3898008
val,Y1,9.537611,10.516142
val,Y1,9.98125,10.369935
val,Y1,10.410861,7.727645
val,Y1,10.90407,11.07128
val,Y1,11.408417,9.565264
val,Y1,11.868806,7.4961715
val,Y1,12.067333,8.048139
val,Y1,11.945583,12.027609
val,Y1,11.916847,13.34465
val,Y1,11.957848,15.234331
val,Y1,11.868237,8.407213
val,Y1,11.932902,5.3210306
val,Y1,12.138667,6.257286
val,Y1,12.275778,6.631077
val,Y1,12.2537775,8.189882
val,Y1,12.157598,6.5040207
val,Y1,12.185291,4.0218267
val,Y1,12.309042,2.7220767
val,Y1,12.484,4.327011
val,Y1,12.793195,7.105666
val,Y1,13.11525,7.0078926
val,Y1,13.178458,6.665708
val,Y1,13.011791,7.3448286
val,Y1,12.872931,5.3309493
val,Y1,12.809486,4.7688675
val,Y1,12.784972,3.252409
val,Y1,12.751667,2.556091
val,Y1,12.580444,2.5416973
val,Y1,12.335208,2.8298297
val,Y1,12.138166,3.3169963
val,Y1,12.013778,4.0091434
val,Y1,11.933958,4.328578
val,Y1,11.880972,4.1264935
val,Y1,11.7884865,6.048537
val,Y1,11.526639,6.855422
val,Y1,10.998777,5.794818
val,Y1,9.837277,7.233485
val,Y1,8.323459,7.7728815
val,Y1,6.842625,6.992445
val,Y1,5.5920973,7.8581047
val,Y1,5.112486,8.456839
val,Y1,5.4615417,7.565028
val,Y1,6.34775,9.247126
val,Y1,7.3200417,8.999678
val,Y1,8.175138,5.579014
val,Y1,8.835305,7.0403047
val,Y1,9.074417,9.622449
val,Y1,9.219542,9.67815
val,Y1,9.537084,7.829433
val,Y1,9.744653,5.814213
val,Y1,9.702791,6.6238594
val,Y1,9.549848,8.388007
val,Y1,9.226528,5.7127676
val,Y1,8.121764,6.0585465
val,Y1,6.2005835,5.889842
val,Y1,4.200861,4.1801767
val,Y1,3.193375,4.9656906
val,Y1,3.4598196,6.18799
val,Y1,4.2849584,5.0740123
val,Y1,5.3470974,2.8587139
val,Y1,6.2960696,3.2457743
val,Y1,6.880528,3.985206
val,Y1,7.231292,3.5994444
val,Y1,7.5233474,3.4217799
val,Y1,7.8535695,3.6304781
val,Y1,8.12425,3.351595
val,Y1,8.4985,3.0855882
val,Y1,9.040556,3.106476
val,Y1,9.412403,3.6013582
val,Y1,9.534014,4.0690603
val,Y1,9.561569,3.810062
val,Y1,9.706291,3.6439707
val,Y1,10.055139,3.7655642
val,Y1,10.436111,3.8034132
val,Y1,10.781153,3.6134179
val,Y1,11.084444,3.2461035
val,Y1,11.312708,3.451962
val,Y1,11.362514,3.6138465
val,Y1,11.298098,3.681557
val,Y1,11.286292,4.5668373
val,Y1,11.32475,4.5113983
val,Y1,11.410597,4.131588
val,Y1,11.499945,4.360073
val,Y1,11.452681,3.584019
val,Y1,11.249778,3.4429212
val,Y1,11.034695,3.7906353
val,Y1,10.923625,3.5638683
val,Y1,10.989333,4.035569
val,Y1,11.163792,4.220419
val,Y1,11.338486,3.38712
val,Y1,11.403306,3.2466285
val,Y1,11.441472,3.3700387
val,Y1,11.451902,4.6996527
val,Y1,11.391986,7.093282
val,Y1,11.428653,6.9688287
val,Y1,11.548445,4.734499
val,Y1,11.697972,4.0831356
val,Y1,11.790014,5.356799
val,Y1,11.686916,5.6405196
val,Y1,11.386598,4.8892736
val,Y1,11.017125,4.270817
val,Y1,10.65057,4.746443
val,Y1,10.262208,7.4285808
val,Y1,9.343153,7.923957
val,Y1,7.907625,7.5004826
val,Y1,7.0531945,9.630878
val,Y1,7.097236,8.865166
val,Y1,7.4956527,16.006227
val,Y1,7.932625,16.47183
val,Y1,8.225486,10.121479
val,Y1,8.304833,6.264515
val,Y1,8.443277,7.1932416
val,Y1,8.632819,7.7152452
val,Y1,8.4724865,13.111635
val,Y1,8.061764,11.957333
val,Y1,7.7206945,6.755523
val,Y1,7.5399446,11.019067
val,Y1,7.8669724,9.771428
val,Y1,8.61925,7.411411
val,Y1,9.370542,10.401793
val,Y1,9.955305,9.183357
val,Y1,10.326889,7.0990067
val,Y1,10.559111,7.2520533
val,Y1,10.603764,6.0801535
val,Y1,10.519139,7.792726
val,Y1,10.507986,8.70886
val,Y1,10.621764,6.731265
val,Y1,10.811139,6.560647
val,Y1,11.042209,7.00231
val,Y1,11.300445,10.796951
val,Y1,11.584598,8.476273
val,Y1,11.847777,7.9606047
val,Y1,12.028292,10.436143
val,Y1,12.185361,8.7577095
val,Y1,12.43225,6.0991416
val,Y1,12.560708,9.139416
val,Y1,12.532778,8.91346
val,Y1,12.533764,8.396865
val,Y1,12.513736,6.933467
val,Y1,12.490486,7.9406743
val,Y1,12.538417,5.9821734
val,Y1,12.649959,7.246486
val,Y1,12.741125,5.3693714
val,Y1,12.68407,5.207805
val,Y1,12.5054865,5.1939917
val,Y1,12.17693,10.320326
val,Y1,11.511389,11.962122
val,Y1,10.921903,5.417095
val,Y1,10.753472,7.319316
val,Y1,10.843611,9.072893
val,Y1,11.084541,8.079974
val,Y1,11.240778,6.649203
val,Y1,11.145291,6.1058035
val,Y1,10.735125,7.190769
val,Y1,9.761389,8.2929325
val,Y1,8.64943,8.107199
val,Y1,7.8524446,6.7609506
val,Y1,7.18225,5.624156
val,Y1,6.718639,8.101137
val,Y1,6.3775835,12.478821
val,Y1,5.9646387,10.332538
val,Y1,5.5468473,6.127432
val,Y1,5.4295,6.4316907
val,Y1,5.8251944,9.858905
val,Y1,6.5990973,7.7464943
val,Y1,7.518653,5.631569
val,Y1,8.366861,4.742893
val,Y1,8.978666,8.031172
val,Y1,9.319389,7.766046
val,Y1,9.554722,9.926222
val,Y1,9.800487,10.049857
val,Y1,9.957264,4.650122
val,Y1,9.945111,4.309192
val,Y1,9.592681,4.863003
val,Y1,8.612041,4.234927
val,Y1,7.1164584,6.2082367
val,Y1,5.337861,9.071341
val,Y1,3.4239306,8.753962
val,Y1,1.7383333,7.792365
val,Y1,0.67486113,5.275978
val,Y1,0.25879166,6.7189646
val,Y1,0.26069444,10.621666
val,Y1,0.66154164,9.688089
val,Y1,1.5620139,13.188229
val,Y1,2.601014,13.713425
val,Y1,3.4989305,4.888221
val,Y1,4.502347,6.3229113
val,Y1,5.5442915,7.0045404
val,Y1,6.2116804,8.951471
val,Y1,6.902292,10.211217
val,Y1,7.728083,7.6837997
val,Y1,8.489056,9.12714
val,Y1,9.278708,11.167154
val,Y1,9.954486,8.664269
val,Y1,10.574959,4.2633486
val,Y1,11.158167,3.3689692
val,Y1,11.698319,5.020581
val,Y1,12.191875,6.8714185
val,Y1,12.593361,7.7061806
val,Y1,12.743847,7.561139
val,Y1,12.616959,8.1915455
val,Y1,12.344639,9.797569
val,Y1,11.861625,10.564943
val,Y1,10.470305,7.9135904
val,Y1,8.220056,8.337806
val,Y1,5.845208,8.834482
val,Y1,3.7887778,4.8045435
val,Y1,2.4291666,6.579915
val,Y1,1.6012639,9.666728
val,Y1,0.94429165,9.147816
val,Y1,0.37283334,8.6642
val,Y1,0.07045833,7.5099716
val,Y1,0.017555555,6.698984
val,Y1,0.01573611,4.725858
val,Y1,0.01375,3.0959942
val,Y1,0.013944444,5.4712806
val,Y1,0.014819444,6.918512
val,Y1,0.013541667,6.398446
val,Y1,0.01675,6.316101
val,Y1,0.020166667,6.6326942
val,Y1,0.01726389,5.531067
val,Y1,0.013,4.242379
val,Y1,0.014916667,4.235048
val,Y1,0.016958334,4.5658674
val,Y1,0.0154444445,5.2566757
val,Y1,0.014652777,6.6241674
val,Y1,0.019027777,7.287963
val,Y1,0.056361113,6.110392
val,Y1,0.7811528,5.3287706
val,Y1,2.435875,4.2546887
val,Y1,4.0727363,3.4838207
val,Y1,5.419472,4.002581
val,Y1,6.630236,4.1412115
val,Y1,7.6622915,3.7777953
val,Y1,8.6385,5.090341
val,Y1,9.508792,5.4434876
val,Y1,10.121195,5.3829
val,Y1,10.525291,5.124357
val,Y1,10.872806,3.553135
val,Y1,11.096958,4.134343
val,Y1,11.191347,3.809221
val,Y1,11.301639,2.873194
val,Y1,11.443791,2.54969
val,Y1,11.63825,2.6318572
val,Y1,11.803486,3.4038222
val,Y1,11.739944,3.1667323
val,Y1,11.610416,3.8157673
val,Y1,11.552472,5.9952927
val,Y1,11.420111,8.169029
val,Y1,11.229389,8.504355
val,Y1,11.028055,7.4941263
val,Y1,10.82643,5.6379223
val,Y1,10.611514,4.0581975
val,Y1,10.470959,3.4414842
val,Y1,10.466,2.9245975
val,Y1,10.461139,3.2340455
val,Y1,10.337042,3.3011525
val,Y1,9.8903055,3.1618886
val,Y1,9.114,3.1585927
val,Y1,8.048653,3.3172998
val,Y1,6.7633195,3.478599
val,Y1,5.5289583,3.4223769
val,Y1,4.432903,2.9626915
val,Y1,3.2502222,2.858926
val,Y1,1.9075834,3.326822
val,Y1,0.754875,3.5577147
val,Y1,0.15055555,3.7817295
val,Y1,0.020041667,3.7510862
val,Y1,0.016819444,11.579618
val,Y1,0.017458333,11.843786
val,Y1,0.019347223,3.4161046
val,Y1,0.018583333,4.3440614
val,Y1,0.015375,6.324559
val,Y1,0.016194444,4.8248057
val,Y1,0.026805555,3.0221703
val,Y1,0.033013888,3.086918
val,Y1,0.046861112,3.4231067
val,Y1,0.3937639,3.3702166
val,Y1,1.4839722,3.733507
val,Y1,2.9900138,3.7822826
val,Y1,4.3885555,4.359435
val,Y1,5.6371527,4.5993533
val,Y1,6.7300415,3.5612652
val,Y1,7.566861,3.8098626
val,Y1,8.231569,4.079787
val,Y1,8.842611,8.362078
val,Y1,9.4665,8.271227
val,Y1,10.1045,4.992845
val,Y1,10.685389,6.148898
val,Y1,11.027945,7.0605273
val,Y1,10.962431,7.890135
val,Y1,10.677972,5.9295297
val,Y1,10.439153,4.449953
val,Y1,10.343139,4.624194
val,Y1,10.438389,5.6935496
val,Y1,10.70175,7.1233144
val,Y1,11.10475,5.832278
val,Y1,11.505847,7.408455
val,Y1,11.719903,7.3935556
val,Y1,11.929958,15.053975
val,Y1,12.172806,19.001047
val,Y1,12.516528,11.468359
val,Y1,12.79893,5.7678347
val,Y1,12.795597,4.71749
val,Y1,12.784542,6.9869137
val,Y1,12.939445,6.071311
val,Y1,13.196,4.4668684
val,Y1,13.401944,4.904802
val,Y1,13.56725,6.7636604
val,Y1,13.7236805,7.337811
val,Y1,13.835527,7.2195344
val,Y1,13.8915415,5.1426806
val,Y1,13.875931,8.287226
val,Y1,13.7693615,9.562711
val,Y1,13.606167,8.428604
val,Y1,13.517709,7.8223963
val,Y1,13.335819,11.504159
val,Y1,13.111083,12.531808
val,Y1,12.962806,8.34885
val,Y1,12.726556,8.01949
val,Y1,12.487972,8.384016
val,Y1,12.234583,8.003093
val,Y1,11.876375,6.7073593
val,Y1,10.928778,9.56118
val,Y1,10.00868,8.132383
val,Y1,9.849347,6.8817186
val,Y1,10.092195,6.5748434
val,Y1,10.594806,6.587779
val,Y1,11.012875,5.787347
val,Y1,10.985861,7.2010984
val,Y1,10.542486,6.332258
val,Y1,10.019444,6.6586823
val,Y1,9.293417,9.44676
val,Y1,8.196555,7.553838
val,Y1,6.831903,6.3944883
val,Y1,5.1320972,6.5769396
val,Y1,3.3185418,4.232954
val,Y1,1.7746667,6.1701775
val,Y1,0.7766111,6.675497
val,Y1,0.38183334,5.6033964
val,Y1,0.20993055,7.1836843
val,Y1,0.06344444,5.3142395
val,Y1,0.018152777,5.7012815
val,Y1,0.021694444,6.736623
val,Y1,0.018375,4.13334
val,Y1,0.012944444,4.2548256
val,Y1,0.013736111,7.9222927
val,Y1,0.012277778,10.085333
val,Y1,0.012111112,8.203873
val,Y1,0.014652777,6.8633914
val,Y1,0.014291666,5.114458
val,Y1,0.0150138885,7.106583
val,Y1,0.016541667,10.044824
val,Y1,0.015722223,7.9526
val,Y1,0.012,10.203719
val,Y1,0.0101666665,7.323007
val,Y1,0.013388889,6.3133335
val,Y1,0.018986112,6.234475
val,Y1,0.017305555,6.691196
val,Y1,0.12938888,5.1751504
val,Y1,0.5969028,7.596407
val,Y1,1.368375,7.296633
val,Y1,2.289764,6.5709105
val,Y1,3.139139,8.679733
val,Y1,3.8893056,10.402662
val,Y1,4.714611,8.108952
val,Y1,5.5045276,6.583919
val,Y1,6.193486,10.368894
val,Y1,6.767361,8.804323
val,Y1,7.2444444,5.1612787
val,Y1,7.6994863,6.291322
val,Y1,8.103153,8.690181
val,Y1,8.442361,6.349718
val,Y1,8.823514,4.6500106
val,Y1,9.288111,4.6467605
val,Y1,9.766945,4.2112427
val,Y1,10.1733885,6.2613964
val,Y1,10.592639,7.6287756
val,Y1,11.068694,7.287986
val,Y1,11.509514,6.925902
val,Y1,11.823402,5.1204963
val,Y1,12.018153,4.0705543
val,Y1,12.262875,4.0340548
val,Y1,12.490125,6.10073
val,Y1,12.5795555,6.5502443
val,Y1,12.579097,4.5272627
val,Y1,12.47925,6.266685
val,Y1,12.347445,8.12296
val,Y1,12.325681,6.649832
val,Y1,12.428041,6.573218
val,Y1,12.640708,6.756502
val,Y1,12.9305,5.4110203
val,Y1,13.252973,4.9188724
val,Y1,13.607056,5.558379
val,Y1,13.859278,7.9013205
val,Y1,13.972834,7.3598213
val,Y1,14.103042,5.82076
val,Y1,14.214597,7.651345
val,Y1,14.168347,5.7368298
val,Y1,13.9858055,3.3076358
val,Y1,13.795597,4.293751
val,Y1,13.6545,7.2446055
val,Y1,13.477361,7.3851757
val,Y1,13.287666,8.120065
val,Y1,13.192472,7.1936903
val,Y1,13.156722,5.008725
val,Y1,13.070014,7.0629635
val,Y1,12.899611,8.106253
val,Y1,12.711403,6.523391
val,Y1,12.573014,5.3539696
val,Y1,12.559569,6.8526044
val,Y1,12.653236,6.8552866
val,Y1,12.781959,5.7077885
val,Y1,12.894931,7.961717
val,Y1,12.895736,8.04117
val,Y1,12.810611,5.0567007
val,Y1,12.839486,3.264197
val,Y1,12.970792,6.576853
val,Y1,13.084291,9.447399
val,Y1,13.180792,7.437771
val,Y1,13.272236,5.942906
val,Y1,13.238305,7.0673223
val,Y1,13.138208,8.002114
val,Y1,13.1397915,6.4362516
val,Y1,13.162236,6.4131136
val,Y1,13.184736,5.9975386
val,Y1,13.255931,9.245731
val,Y1,13.404041,11.551967
val,Y1,13.579014,7.20186
val,Y1,13.641403,7.063154
val,Y1,13.56268,7.3464437
val,Y1,13.373375,5.4435267
val,Y1,13.082833,3.1170824
val,Y1,12.748861,3.768113
val,Y1,12.5257225,3.521194
val,Y1,12.5709305,4.9976873
val,Y1,12.718764,6.8026543
val,Y1,12.7885,7.2840633
val,Y1,12.787778,6.7571516
val,Y1,12.767208,6.6934443
val,Y1,12.782486,6.042159
val,Y1,12.858209,7.0151596
val,Y1,13.025306,6.923711
val,Y1,13.215083,5.20601
val,Y1,13.305986,8.034344
val,Y1,13.3575,8.30412
val,Y1,13.460195,6.7370424
val,Y1,13.624,6.4089346
val,Y1,13.814709,5.501093
val,Y1,13.947264,4.488524
val,Y1,13.916959,3.4979784
val,Y1,13.775945,3.9956234
val,Y1,13.638194,6.7462854
val,Y1,13.493944,7.1553993
val,Y1,13.342958,5.2433615
val,Y1,13.156403,5.224107
val,Y1,12.899125,6.6484237
val,Y1,12.610097,7.149069
val,Y1,12.441153,10.14556
val,Y1,12.433639,8.678386
val,Y1,12.531902,5.593006
val,Y1,12.618527,6.067974
val,Y1,12.587014,5.7572594
val,Y1,12.509597,7.5178328
val,Y1,12.411014,7.6139755
val,Y1,12.272805,6.629485
val,Y1,12.1704445,5.113943
val,Y1,12.193347,7.011921
val,Y1,12.321611,7.5838075
val,Y1,12.426653,5.4585752
val,Y1,12.55425,5.790555
val,Y1,12.78518,6.958483
val,Y1,13.050028,7.459697
val,Y1,13.301945,7.296585
val,Y1,13.42875,7.1038375
val,Y1,13.406986,4.200445
val,Y1,13.300445,4.962122
val,Y1,13.137959,6.2825313
val,Y1,13.004708,4.8206644
val,Y1,13.000652,6.4583006
val,Y1,13.042431,9.770872
val,Y1,12.9586525,7.4689927
val,Y1,12.756917,5.2239003
val,Y1,12.520708,5.2605667
val,Y1,12.252459,5.0437307
val,Y1,12.063139,5.6621256
val,Y1,12.130195,5.290431
val,Y1,12.38007,5.947756
val,Y1,12.632916,6.0371704
val,Y1,12.772347,7.845403
val,Y1,12.89725,10.116632
val,Y1,13.174306,8.850315
val,Y1,13.527097,5.6050854
val,Y1,13.880013,5.843171
val,Y1,14.266292,5.796019
val,Y1,14.583292,7.491517
val,Y1,14.662653,4.544826
val,Y1,14.559652,4.511539
val,Y1,14.412972,7.761073
val,Y1,14.286028,6.970535
val,Y1,14.176875,6.414251
val,Y1,13.978625,8.085155
val,Y1,13.7270975,9.680281
val,Y1,13.499541,9.054363
val,Y1,13.43593,4.667119
val,Y1,13.495347,1.9163992
val,Y1,13.383472,3.977708
val,Y1,13.223847,4.995256
val,Y1,13.192708,8.727062
val,Y1,13.193361,10.323362
val,Y1,13.176069,10.23808
val,Y1,13.174791,13.437285
val,Y1,13.18068,13.480381
val,Y1,13.227612,6.840725
val,Y1,13.325472,6.751438
val,Y1,13.364833,6.9591393
val,Y1,13.257861,9.998653
val,Y1,13.082236,9.722746
val,Y1,12.962139,7.2290297
val,Y1,13.029111,8.062382
val,Y1,13.221916,7.861033
val,Y1,13.204695,7.0258484
val,Y1,12.924945,5.563057
val,Y1,12.661111,7.149184
val,Y1,12.554361,11.251183
val,Y1,12.550667,9.848352
val,Y1,12.568347,5.9280977
val,Y1,12.427584,5.136961
val,Y1,12.207361,6.562086
val,Y1,12.139222,10.434265
val,Y1,12.203153,8.807285
val,Y1,12.342472,6.365732
val,Y1,12.442069,5.0694485
val,Y1,12.407028,5.6691833
val,Y1,12.371778,7.872921
val,Y1,12.44425,8.335796
val,Y1,12.502319,12.667181
val,Y1,12.5002775,15.541456
val,Y1,12.6321945,10.082939
val,Y1,12.838889,6.098322
val,Y1,12.840667,5.2207866
val,Y1,12.666862,5.780739
val,Y1,12.452556,9.219736
val,Y1,12.255139,10.223567
val,Y1,12.148889,8.153305
val,Y1,12.169625,5.1983194
val,Y1,12.408195,6.9282255
val,Y1,12.823527,9.569808
val,Y1,13.234917,8.746938
val,Y1,13.465403,6.798977
val,Y1,13.452917,7.5103984
val,Y1,13.321806,8.763685
val,Y1,13.17207,9.458519
val,Y1,13.020722,8.875402
val,Y1,12.91675,11.361116
val,Y1,12.902431,8.435623
val,Y1,12.914444,7.56168
val,Y1,12.938528,9.433572
val,Y1,12.949445,8.212357
val,Y1,12.926569,6.699871
val,Y1,12.971625,4.362852
val,Y1,13.081458,2.3724844
val,Y1,13.139847,2.7056665
val,Y1,13.114737,3.1476352
val,Y1,13.061973,3.9912794
val,Y1,13.009681,4.0078487
val,Y1,12.939917,5.6197844
val,Y1,12.851791,7.8373613
val,Y1,12.750722,10.4335375
val,Y1,12.692528,9.050855
val,Y1,12.713292,5.620561
val,Y1,12.688194,4.708271
val,Y1,12.595098,4.2976923
val,Y1,12.610278,4.598033
val,Y1,12.742306,3.19874
val,Y1,12.889847,2.808943
val,Y1,13.057292,3.8688152
val,Y1,13.219528,6.646205
val,Y1,13.255652,7.174287
val,Y1,13.106556,6.345729
val,Y1,12.859458,5.564926
val,Y1,12.647986,6.912024
val,Y1,12.540597,3.8842435
val,Y1,12.472555,3.44993
val,Y1,12.39932,8.110919
val,Y1,12.35968,7.3655
val,Y1,12.39407,8.26417
val,Y1,12.507139,6.2232327
val,Y1,12.662027,5.020211
val,Y1,12.813209,8.359468
val,Y1,12.989361,8.507234
val,Y1,13.284972,6.8504777
val,Y1,13.603222,3.9468977
val,Y1,13.7265,3.0471056
val,Y1,13.719042,3.2418993
val,Y1,13.750292,4.7160935
val,Y1,13.808306,5.0393677
val,Y1,13.827486,7.156719
val,Y1,13.800528,8.502819
val,Y1,13.764667,7.826242
val,Y1,13.736542,5.5467725
val,Y1,13.732639,4.6734457
val,Y1,13.769527,4.362054
val,Y1,13.847111,3.2475426
val,Y1,14.001236,2.8179202
val,Y1,14.174097,2.7140834
val,Y1,14.176473,5.384082
val,Y1,13.967264,7.587291
val,Y1,13.688347,7.8918877
val,Y1,13.487194,7.1192026
val,Y1,13.380639,5.5077286
val,Y1,13.283792,6.477132
val,Y1,13.212875,7.5353656
val,Y1,13.150833,5.1641703
val,Y1,12.991597,6.9725633
val,Y1,12.625112,5.8942566
val,Y1,11.967,6.2128153
val,Y1,10.969084,7.7204795
val,Y1,9.709347,7.535472
val,Y1,8.245236,6.8948374
val,Y1,6.594028,8.248286
val,Y1,5.211736,9.795631
val,Y1,4.589792,7.62551
val,Y1,4.483847,6.722912
val,Y1,4.584722,7.4662585
val,Y1,4.701625,5.509592
val,Y1,4.520236,3.502023
val,Y1,4.138819,5.0376854
val,Y1,4.1416807,9.804034
val,Y1,4.917097,8.701878
val,Y1,5.944875,4.5353456
val,Y1,6.7268057,4.879895
val,Y1,7.2470694,4.866089
val,Y1,7.5066805,2.910854
val,Y1,7.9370418,2.6958969
val,Y1,8.70868,5.647315
val,Y1,9.449486,6.3074336
val,Y1,9.916778,8.042043
val,Y1,10.184542,6.2618275
val,Y1,10.472903,5.433685
val,Y1,10.717334,7.703454
val,Y1,10.950486,10.253264
val,Y1,11.279125,9.163275
val,Y1,11.770139,7.027588
val,Y1,12.388166,5.51839
val,Y1,12.865055,5.494467
val,Y1,13.132486,5.2003965
val,Y1,13.234153,7.0547113
val,Y1,13.174125,5.4514036
val,Y1,13.061097,4.8642187
val,Y1,13.0182085,5.479575
val,Y1,13.23725,6.8445973
val,Y1,13.524458,6.1084814
val,Y1,13.786986,4.0464945
val,Y1,14.066681,5.1586146
val,Y1,14.2271805,4.8665485
val,Y1,14.23175,4.0797963
val,Y1,13.941153,6.3197317
val,Y1,13.669306,8.262862
val,Y1,13.825014,5.411495
val,Y1,14.061431,8.999954
val,Y1,14.17532,11.069938
val,Y1,14.332903,5.0484815
val,Y1,14.432597,7.9114356
val,Y1,14.493208,7.6158504
val,Y1,14.392792,6.309443
val,Y1,14.264736,7.9430246
val,Y1,14.347111,5.7566433
val,Y1,14.460444,4.7985144
val,Y1,14.515486,3.9309766
val,Y1,14.438903,3.0667284
val,Y1,14.240791,6.690451
val,Y1,13.808847,10.329029
val,Y1,12.97068,10.110798
val,Y1,11.856112,6.1269283
val,Y1,10.419306,5.5937796
val,Y1,8.773056,6.48983
val,Y1,7.679,4.810331
val,Y1,7.2834167,3.3197157
val,Y1,7.236014,5.743103
val,Y1,7.67025,6.5448
val,Y1,8.505959,4.72466
val,Y1,9.621902,4.8030415
val,Y1,10.947778,5.2149763
val,Y1,12.221889,6.5801306
val,Y1,13.131194,4.960108
val,Y1,13.616236,3.9680507
val,Y1,13.991389,4.4062896
val,Y1,14.389973,3.9441936
val,Y1,14.757527,6.3792152
val,Y1,15.04625,7.965511
val,Y1,15.174361,6.2934732
val,Y1,15.242416,4.007539
val,Y1,15.4545555,2.88361
val,Y1,15.757903,3.7578719
val,Y1,16.008362,7.040575
val,Y1,16.229792,8.809246
val,Y1,16.452042,9.92591
val,Y1,16.42725,10.376757
val,Y1,16.063639,8.305448
val,Y1,15.635777,7.421139
val,Y1,15.391194,8.829962
val,Y1,15.34568,6.991192
val,Y1,15.376264,10.820216
val,Y1,15.391903,10.252576
val,Y1,15.348,4.6059637
val,Y1,15.305292,6.830886
val,Y1,15.271944,7.8700967
val,Y1,15.198806,6.882181
val,Y1,14.967014,5.901472
val,Y1,14.476639,5.845254
val,Y1,13.896194,6.227392
val,Y1,13.321362,5.51886
val,Y1,12.846556,6.7652373
val,Y1,12.5280695,10.278873
val,Y1,12.338667,61.221054
val,Y1,12.402264,127.95202
val,Y1,12.679014,88.279655
val,Y1,12.832514,79.31982
val,Y1,12.872666,38.767212
val,Y1,13.018222,16.488556
val,Y1,13.239972,13.958575
val,Y1,13.484528,118.83903
val,Y1,13.692625,128.90907
val,Y1,13.707681,54.51098
val,Y1,13.286612,44.620705
val,Y1,11.817028,9.302074
val,Y1,9.381042,7.1612954
val,Y1,6.9244304,10.13528
val,Y1,4.836528,8.390512
val,Y1,3.108875,13.348153
val,Y1,1.8253194,17.786674
val,Y1,1.0052639,12.852289
val,Y1,0.524125,11.356863
val,Y1,0.29569444,4.916629
val,Y1,0.12988889,6.812293
val,Y1,0.021736111,7.7026215
val,Y1,0.016138889,6.221722
val,Y1,0.014944444,6.0925436
val,Y1,0.32309723,7.0287623
val,Y1,1.5149167,5.505243
val,Y1,3.0666666,4.532874
val,Y1,4.372764,3.9861305
val,Y1,5.5924306,7.057061
val,Y1,6.580236,11.868187
val,Y1,7.2439585,13.795267
val,Y1,8.019681,13.691385
val,Y1,8.942041,6.470821
val,Y1,9.672958,8.223108
val,Y1,10.361459,16.091139
val,Y1,11.010361,17.20492
val,Y1,11.389944,7.85902
val,Y1,11.534125,5.334011
val,Y1,11.51975,6.0783253
val,Y1,11.279764,8.048549
val,Y1,10.811486,9.528452
val,Y1,10.042084,5.323205
val,Y1,9.083555,4.959885
val,Y1,8.047347,6.592375
val,Y1,6.8575974,5.462053
val,Y1,5.577597,4.7922244
val,Y1,4.44875,5.3565264
val,Y1,3.5278473,6.3095546
val,Y1,2.7990417,5.0800085
val,Y1,2.1505,3.684101
val,Y1,1.4211806,4.614312
val,Y1,0.6860694,6.761959
val,Y1,0.17688888,6.7242885
val,Y1,0.023513889,4.5161676
val,Y1,0.017111111,4.379103
val,Y1,0.01686111,4.133022
val,Y1,0.015388889,3.5245519
val,Y1,0.013430555,3.8400958
val,Y1,0.017819444,3.6433992
val,Y1,0.021708334,3.575505
val,Y1,0.018847222,3.3794858
val,Y1,0.016972221,4.1645727
val,Y1,0.020097222,4.882558
val,Y1,0.020152777,4.226886
val,Y1,0.020277778,3.3427129
val,Y1,0.018055556,3.9041193
val,Y1,0.018972222,4.1236086
val,Y1,0.025777778,4.0249
val,Y1,0.023055555,3.040377
val,Y1,0.01961111,4.5269585
val,Y1,0.022805555,6.2133565
val,Y1,0.02125,5.170856
val,Y1,0.017847221,4.1339417
val,Y1,0.018777778,9.141589
val,Y1,0.021486111,8.619417
val,Y1,0.02913889,4.641624
val,Y1,0.025930556,2.7952282
val,Y1,0.019291667,3.0538166
val,Y1,0.018277777,3.0021856
val,Y1,0.019375,3.0780876
val,Y1,0.022722222,3.2124681
val,Y1,0.10213889,3.421066
val,Y1,0.49391666,3.7388566
val,Y1,1.3821111,3.249736
val,Y1,2.829111,3.0007758
val,Y1,4.3591113,3.3963823
val,Y1,4.5657916,3.4574564
val,Y1,3.6575418,3.5535042
val,Y1,2.9983194,3.7972267
val,Y1,2.9489305,3.55781
val,Y1,3.4590971,3.451354
val,Y1,4.2269444,3.697417
val,Y1,5.070361,3.6455948
val,Y1,5.86475,3.4852872
val,Y1,6.157403,3.4241047
val,Y1,7.066986,3.3001516
val,Y1,8.466389,3.3199115
val,Y1,9.258153,3.4330604
val,Y1,9.937166,3.3422444
val,Y1,10.517153,3.5833216
val,Y1,10.972167,3.477577
val,Y1,11.228139,3.1867518
val,Y1,11.377347,3.3383281
val,Y1,11.586875,3.7560153
val,Y1,11.682847,3.459701
val,Y1,11.446375,3.3234499
val,Y1,10.865069,3.7887938
val,Y1,10.361597,8.237886
val,Y1,10.408931,10.061006
val,Y1,10.914722,7.5890856
val,Y1,11.71125,7.9377766
val,Y1,12.462722,5.922553
val,Y1,13.034403,4.840368
val,Y1,13.541361,5.10286
val,Y1,14.104486,7.2069483
val,Y1,14.550222,7.764308
val,Y1,14.727236,7.8048253
val,Y1,14.823986,10.133457
val,Y1,14.802709,10.149399
val,Y1,14.663458,11.651844
val,Y1,14.526459,10.913542
val,Y1,14.339222,11.969765
val,Y1,14.089486,13.206146
val,Y1,13.888208,16.201118
val,Y1,13.7259865,15.731485
val,Y1,13.580861,9.936912
val,Y1,13.514569,7.514375
val,Y1,13.658903,7.1075573
val,Y1,13.946347,7.023055
val,Y1,14.182236,9.185234
val,Y1,14.203639,10.36904
val,Y1,13.785152,10.817921
val,Y1,12.632597,11.724657
val,Y1,11.680292,10.210108
val,Y1,11.220764,8.453058
val,Y1,10.332264,7.441662
val,Y1,9.559305,8.238864
val,Y1,9.384264,10.88603
val,Y1,9.540944,9.4610615
val,Y1,9.870639,6.628102
val,Y1,10.153431,10.186403
val,Y1,10.413625,12.104639
val,Y1,10.669875,11.962705
val,Y1,10.857792,11.065399
val,Y1,10.94175,9.415251
val,Y1,10.930847,8.618216
val,Y1,10.9893055,8.015317
val,Y1,11.11125,6.6252112
val,Y1,11.268347,7.3409057
val,Y1,11.399889,7.4449954
val,Y1,11.47568,5.1024413
val,Y1,11.572514,3.6664896
val,Y1,11.66457,3.0866888
val,Y1,11.576375,2.6555722
val,Y1,11.199125,2.6911836
val,Y1,10.747653,3.092319
val,Y1,10.488097,3.706675
val,Y1,10.408292,4.1012373
val,Y1,10.449041,5.006587
val,Y1,10.617639,4.5750084
val,Y1,10.857555,3.7571805
val,Y1,11.0547085,3.7768214
val,Y1,11.068708,3.582064
val,Y1,10.991417,3.3865192
val,Y1,11.045847,3.218358
val,Y1,11.322403,3.3054798
val,Y1,11.88543,3.5233238
val,Y1,12.994889,3.6833336
val,Y1,14.458138,3.1445267
val,Y1,14.187889,2.9041336
val,Y1,13.27275,3.1829834
val,Y1,13.436264,3.5674822
val,Y1,13.579333,3.459708
val,Y1,13.5945,3.3100948
val,Y1,13.587028,2.9540627
val,Y1,13.695903,2.879847
val,Y1,13.924139,3.2266202
val,Y1,14.190431,3.6557372
val,Y1,14.417973,3.6175995
val,Y1,14.541166,3.6997209
val,Y1,14.570181,3.9396102
val,Y1,14.613334,4.0758753
val,Y1,14.52593,3.9893062
val,Y1,14.320403,3.8118873
val,Y1,13.989445,3.3826
val,Y1,13.701639,5.0813265
val,Y1,13.555195,6.8937416
val,Y1,13.294556,7.5903177
val,Y1,13.112875,5.5453796
val,Y1,13.148069,6.7797484
val,Y1,13.310597,10.613781
val,Y1,13.447556,8.652622
val,Y1,13.527987,4.7743645
val,Y1,13.658195,6.341812
val,Y1,13.713708,6.1766014
val,Y1,13.498208,5.4712563
val,Y1,13.042986,7.121576
val,Y1,12.4320135,8.60267
val,Y1,11.798445,7.779065
val,Y1,11.244945,6.3072176
val,Y1,10.67868,7.595392
val,Y1,9.934153,8.140771
val,Y1,8.78825,6.7827387
val,Y1,7.6200275,7.573277
val,Y1,6.974486,8.4053135
val,Y1,6.7037363,7.406434
val,Y1,6.6305,7.2556987
val,Y1,6.777264,7.3490214
val,Y1,7.02275,12.274992
val,Y1,6.888139,15.819865
val,Y1,6.1486807,12.947258
val,Y1,5.1691804,10.628231
val,Y1,4.047986,10.214382
val,Y1,2.8373055,9.217889
val,Y1,2.0291111,8.565896
val,Y1,1.8969028,7.622842
val,Y1,2.38075,4.91284
val,Y1,2.9458334,5.5124083
val,Y1,3.215861,6.1011477
val,Y1,3.2313473,4.419401
val,Y1,2.976625,3.2544177
val,Y1,2.5691946,3.2547965
val,Y1,2.1675556,2.8304234
val,Y1,1.7170972,2.733107
val,Y1,0.95531946,2.9901564
val,Y1,0.25195834,2.9926949
val,Y1,0.07086111,2.6274502
val,Y1,0.32304168,3.0366209
val,Y1,0.8061111,3.6553872
val,Y1,1.1095694,3.4770586
val,Y1,0.9800139,3.3805487
val,Y1,0.5633472,3.0902197
val,Y1,0.18025,3.136788
val,Y1,0.037902776,2.9009368
val,Y1,0.022291666,7.7415123
val,Y1,0.06330556,10.832881
val,Y1,0.30930555,6.7072296
val,Y1,0.93929166,5.7439647
val,Y1,1.825125,8.45759
val,Y1,2.6368334,10.409116
val,Y1,3.0004027,8.438629
val,Y1,2.8928611,8.298649
val,Y1,2.4461527,11.501634
val,Y1,1.5610417,11.821938
val,Y1,0.5701111,10.642544
val,Y1,0.07541667,10.837034
val,Y1,0.025805555,11.489474
val,Y1,0.03940278,10.216562
val,Y1,0.033569444,13.460831
val,Y1,0.019916667,16.342993
val,Y1,0.023194445,16.338972
val,Y1,0.041138887,16.424952
val,Y1,0.0495,17.86416
val,Y1,0.05834722,14.60832
val,Y1,0.054305557,11.629172
val,Y1,0.036708333,10.874352
val,Y1,0.038944446,16.133276
val,Y1,0.04559722,16.942156
val,Y1,0.036944445,9.916062
val,Y1,0.029958334,9.809372
val,Y1,0.031319443,11.549975
val,Y1,0.03372222,11.377632
val,Y1,0.04876389,9.49073
val,Y1,0.04559722,9.813675
val,Y1,0.05013889,12.394307
val,Y1,0.05848611,14.333547
val,Y1,0.073194444,14.900177
val,Y1,0.058208335,14.6217985
val,Y1,0.037305556,12.987541
val,Y1,0.041722223,15.750243
val,Y1,0.026472222,20.880999
val,Y1,0.024388889,22.112665
val,Y1,0.3258472,17.28885
val,Y1,1.2585417,17.424936
val,Y1,2.4185693,13.843347
val,Y1,3.429278,13.776392
val,Y1,4.47475,14.391018
val,Y1,5.5121527,9.314476
val,Y1,6.28,12.131086
val,Y1,6.7575974,11.627702
val,Y1,7.008986,12.321179
val,Y1,7.0951805,12.294539
val,Y1,7.0194583,9.385717
val,Y1,6.7813196,10.686766
val,Y1,6.54125,9.630179
val,Y1,6.710361,8.823368
val,Y1,7.403792,9.952054
val,Y1,8.396402,11.718151
val,Y1,9.260583,13.684459
val,Y1,9.901014,8.908953
val,Y1,10.543542,6.4436617
val,Y1,10.920125,7.8609953
val,Y1,11.028944,11.726358
val,Y1,11.124208,14.378164
val,Y1,11.264903,11.676052
val,Y1,11.455139,10.750332
val,Y1,11.655723,14.748204
val,Y1,11.7734585,20.83829
val,Y1,11.8376665,14.579938
val,Y1,11.946944,7.5138617
val,Y1,12.145917,6.142213
val,Y1,12.499473,5.938402
val,Y1,12.932333,5.1184435
val,Y1,13.252347,3.4062955
val,Y1,13.441819,6.351918
val,Y1,13.758223,5.770334
val,Y1,14.115069,3.0086176
val,Y1,14.325861,5.0196743
val,Y1,14.496111,7.3327928
val,Y1,14.57975,6.1972694
val,Y1,14.652153,6.658739
val,Y1,14.691806,9.018047
val,Y1,14.668486,8.296959
val,Y1,14.765125,8.730337
val,Y1,14.852583,8.576658
val,Y1,14.7270975,12.596827
val,Y1,14.555195,12.6157055
val,Y1,14.509194,8.773994
val,Y1,14.591556,10.680971
val,Y1,14.69793,11.12938
val,Y1,14.630819,9.79254
val,Y1,14.361917,9.2325945
val,Y1,13.742431,7.9040585
val,Y1,12.967709,9.899128
val,Y1,12.157945,10.588218
val,Y1,11.047028,8.035029
val,Y1,9.584792,7.3332086
val,Y1,8.563,6.658247
val,Y1,8.480695,7.5449266
val,Y1,8.989805,10.925928
val,Y1,9.813,14.1226845
val,Y1,10.589403,13.882095
val,Y1,11.170237,10.536136
val,Y1,11.415916,13.166082
val,Y1,11.440153,15.936486
val,Y1,11.438209,12.842947
val,Y1,11.469597,9.156031
val,Y1,11.530209,8.283157
val,Y1,11.445556,7.7865314
val,Y1,11.104694,6.7003584
val,Y1,10.845889,8.571979
val,Y1,10.970375,10.305216
val,Y1,11.368278,7.7129707
val,Y1,11.762777,6.990594
val,Y1,12.025583,9.464663
val,Y1,12.213347,11.02771
val,Y1,12.2875,9.710078
val,Y1,12.209084,10.345612
val,Y1,12.039945,13.13111
val,Y1,12.029,16.030941
val,Y1,12.229389,14.843478
val,Y1,12.501139,13.148523
val,Y1,12.672986,15.409025
val,Y1,12.590264,12.328407
val,Y1,12.406709,10.283422
val,Y1,12.301458,13.199993
val,Y1,12.266389,16.209105
val,Y1,12.223348,13.430254
val,Y1,12.182959,11.87821
val,Y1,12.161195,12.130299
val,Y1,12.145097,10.988239
val,Y1,12.073944,8.645751
val,Y1,11.954333,10.333013
val,Y1,11.850889,10.365665
val,Y1,11.467264,11.461975
val,Y1,10.636598,12.123382
val,Y1,9.894847,15.240612
val,Y1,9.725041,15.757671
val,Y1,10.106444,12.988878
val,Y1,10.714458,18.070215
val,Y1,11.28075,17.235615
val,Y1,11.690333,15.433412
val,Y1,11.821236,17.190718
val,Y1,11.986903,17.88712
val,Y1,12.279667,17.167513
val,Y1,12.355278,16.78464
val,Y1,12.285444,17.369183
val,Y1,12.248222,20.552023
val,Y1,12.021305,18.058424
val,Y1,11.092028,17.371195
val,Y1,9.541917,16.172606
val,Y1,8.0731945,14.155624
val,Y1,7.110653,15.786192
val,Y1,6.5145,15.93414
val,Y1,6.028792,13.059642
val,Y1,6.021639,13.861767
val,Y1,6.7922916,14.587938
val,Y1,7.8776946,10.328472
val,Y1,8.67893,9.8665085
val,Y1,9.121986,9.042978
val,Y1,9.440805,7.668083
val,Y1,9.764277,12.141461
val,Y1,10.082027,11.102554
val,Y1,10.3445,12.004271
val,Y1,10.572348,13.101726
val,Y1,10.702306,11.938387
val,Y1,10.686944,15.335543
val,Y1,10.587653,17.759108
val,Y1,10.534194,16.72367
val,Y1,10.554639,12.9184
val,Y1,10.564944,11.448079
val,Y1,10.435945,11.452416
val,Y1,9.893389,14.063617
val,Y1,8.929847,14.874012
val,Y1,7.819264,10.793409
val,Y1,6.8775973,8.6525135
val,Y1,6.394403,7.5155416
val,Y1,6.3183055,8.127357
val,Y1,6.6319447,9.904252
val,Y1,7.371153,9.601128
val,Y1,8.197403,8.24188
val,Y1,8.910736,8.6517315
val,Y1,9.525861,9.378389
val,Y1,9.954958,11.7124815
val,Y1,10.229459,14.397035
val,Y1,10.449778,13.886461
val,Y1,10.6796665,8.983297
val,Y1,10.953986,10.15971
val,Y1,11.017403,10.366341
val,Y1,10.150333,12.395079
val,Y1,8.359959,13.00478
val,Y1,6.3051667,12.002997
val,Y1,4.2572083,10.058268
val,Y1,2.530125,12.55863
val,Y1,1.4676389,16.73837
val,Y1,1.0780417,16.743282
val,Y1,1.4804862,9.479012
val,Y1,2.6315,8.776903
val,Y1,3.9021945,11.833256
val,Y1,5.027389,11.165056
val,Y1,6.0475974,10.464062
val,Y1,6.950611,8.385337
val,Y1,7.801486,9.983696
val,Y1,8.596403,16.35754
val,Y1,9.225403,15.884123
val,Y1,9.621125,11.686531
val,Y1,9.510847,13.108881
val,Y1,8.999598,17.062849
val,Y1,8.011806,19.385107
val,Y1,6.2517085,17.63342
val,Y1,4.6256943,18.74188
val,Y1,4.0854583,17.140295
val,Y1,4.673111,11.663239
val,Y1,5.736236,12.674604
val,Y1,6.8205276,11.251514
val,Y1,7.7439446,10.841867
val,Y1,8.218028,12.965038
val,Y1,8.178056,11.548746
val,Y1,7.9718056,9.504154
val,Y1,8.148597,12.070517
val,Y1,8.711083,12.47751
val,Y1,9.333347,11.414981
val,Y1,9.958722,14.469833
val,Y1,10.632,13.767155
val,Y1,11.333777,12.577864
val,Y1,12.026417,15.4436245
val,Y1,12.515959,13.395872
val,Y1,12.652056,14.953947
val,Y1,12.574653,16.565937
val,Y1,12.553236,14.29568
val,Y1,12.477167,16.954456
val,Y1,12.137611,12.839259
val,Y1,11.687361,10.3075285
val,Y1,10.911889,12.609995
val,Y1,9.802889,11.353006
val,Y1,8.568639,10.882385
val,Y1,7.0930557,11.885441
val,Y1,6.1124444,12.008859
val,Y1,5.935694,12.264429
val,Y1,6.3685,13.811192
val,Y1,7.340778,13.501707
val,Y1,8.47918,14.125967
val,Y1,9.561861,18.304113
val,Y1,10.493264,15.065851
val,Y1,11.352972,9.609097
val,Y1,11.98475,11.8111315
val,Y1,12.216945,13.925803
val,Y1,12.166805,12.7321205
val,Y1,12.008722,11.628128
val,Y1,11.720236,9.522387
val,Y1,11.2051115,8.89936
val,Y1,10.943653,7.7827916
val,Y1,11.437542,6.406706
val,Y1,12.143681,6.4051776
val,Y1,12.588792,5.1334352
val,Y1,12.831445,2.837282
val,Y1,12.866292,2.77293
val,Y1,12.825903,3.048229
val,Y1,12.7585,3.2076993
val,Y1,12.640333,3.2187579
val,Y1,12.533722,3.7557614
val,Y1,12.495889,3.6501732
val,Y1,12.521042,3.6257203
val,Y1,12.549861,4.655802
val,Y1,12.604278,8.562261
val,Y1,12.664166,9.411362
val,Y1,12.700319,7.7626185
val,Y1,12.709416,7.2815666
val,Y1,12.713708,6.6530046
val,Y1,12.741889,9.951145
val,Y1,12.796278,11.849403
val,Y1,12.877402,9.17957
val,Y1,13.006306,6.624527
val,Y1,13.08825,6.708474
val,Y1,13.163097,5.482876
val,Y1,13.357306,5.404608
val,Y1,13.573097,6.196347
val,Y1,13.756264,5.919491
val,Y1,13.872889,7.459513
val,Y1,13.931556,8.2351265
val,Y1,13.881736,8.716114
val,Y1,13.669375,9.012467
val,Y1,13.418486,8.254331
val,Y1,13.249695,10.436637
val,Y1,13.168014,12.758228
val,Y1,13.183153,14.539309
val,Y1,13.312486,12.932091
val,Y1,13.470292,12.662018
val,Y1,13.652139,13.315628
val,Y1,13.923875,11.959969
val,Y1,14.27775,13.899058
val,Y1,14.620625,12.361578
val,Y1,14.848028,16.324778
val,Y1,14.870986,18.947628
val,Y1,14.79707,24.078001
val,Y1,14.731709,24.557596
val,Y1,14.653194,13.952782
val,Y1,14.586833,11.766962
val,Y1,14.510153,10.331339
val,Y1,14.386764,11.719047
val,Y1,14.244597,12.818552
val,Y1,14.1403475,10.975372
val,Y1,14.009931,9.335506
val,Y1,13.863681,11.156834
val,Y1,13.76425,10.893636
val,Y1,13.718041,10.497428
val,Y1,13.805528,9.123104
val,Y1,13.964583,11.36754
val,Y1,14.074597,12.492056
val,Y1,14.069959,10.714016
val,Y1,14.010972,13.8024845
val,Y1,14.016819,15.405721
val,Y1,14.069722,11.380608
val,Y1,14.094222,14.769506
val,Y1,13.960931,14.866956
val,Y1,13.694445,12.73838
val,Y1,13.275306,13.376518
val,Y1,12.510805,17.044813
val,Y1,11.421111,15.147398
val,Y1,10.030528,9.998581
val,Y1,8.482528,8.643048
val,Y1,6.902736,9.134554
val,Y1,5.4862223,11.918954
val,Y1,4.657778,13.838182
val,Y1,4.519583,12.581365
val,Y1,5.0946946,11.642907
val,Y1,6.041875,11.30103
val,Y1,6.863111,14.276338
val,Y1,7.458361,14.172045
val,Y1,8.142153,11.682255
val,Y1,8.932931,12.448231
val,Y1,9.735097,13.448722
val,Y1,10.526361,11.146594
val,Y1,11.219597,9.757305
val,Y1,11.748694,9.106115
val,Y1,11.994458,6.8804264
val,Y1,12.15025,9.139442
val,Y1,12.237166,11.602715
val,Y1,12.179625,9.282509
val,Y1,12.058361,5.8755226
val,Y1,12.006903,4.365069
val,Y1,12.105291,5.850516
val,Y1,12.288042,9.369501
val,Y1,12.4070835,11.267699
val,Y1,12.4540415,12.086007
val,Y1,12.586361,10.701796
val,Y1,12.83325,11.176436
val,Y1,13.119458,10.5705185
val,Y1,13.328584,10.623602
val,Y1,13.337819,13.330082
val,Y1,13.233764,11.845426
val,Y1,13.125986,8.958486
val,Y1,13.036792,10.774324
val,Y1,12.95668,13.216726
val,Y1,12.856722,12.541558
val,Y1,12.793361,10.32694
val,Y1,12.827403,9.609575
val,Y1,12.987833,8.353658
val,Y1,13.175014,9.13711
val,Y1,13.148139,13.462551
val,Y1,12.790542,14.449862
val,Y1,11.2491665,11.2645445
val,Y1,8.137042,9.066666
val,Y1,4.7432775,6.7107754
val,Y1,2.267236,8.140825
val,Y1,1.3426944,7.9955506
val,Y1,1.9418612,8.530821
val,Y1,2.9953194,12.731815
val,Y1,4.1180553,12.70221
val,Y1,5.345958,9.628038
val,Y1,6.3238196,9.391444
val,Y1,7.251375,8.692159
val,Y1,8.216695,8.475834
val,Y1,9.087569,9.146891
val,Y1,9.630417,17.754604
val,Y1,9.873959,18.442877
val,Y1,10.03782,10.993479
val,Y1,9.6078615,9.250712
val,Y1,8.677736,9.347393
val,Y1,8.207889,8.990162
val,Y1,8.276292,8.392164
val,Y1,8.506236,10.898117
val,Y1,8.751223,9.008234
val,Y1,8.83225,6.6059213
val,Y1,8.753486,7.3758774
val,Y1,8.633805,8.142706
val,Y1,8.492431,9.866918
val,Y1,8.3825,11.5754595
val,Y1,8.262278,10.503642
val,Y1,7.8836665,9.294222
val,Y1,7.0093613,9.097096
val,Y1,5.6554585,9.564944
val,Y1,4.030542,8.341402
val,Y1,2.8188472,8.539194
val,Y1,2.7126527,12.8316965
val,Y1,3.482597,10.326296
val,Y1,4.476,7.0734
val,Y1,5.335583,7.5262
val,Y1,5.785681,10.474251
val,Y1,5.8242083,10.439604
val,Y1,5.8506947,9.755544
val,Y1,6.062778,8.436978
val,Y1,6.4275556,5.909653
val,Y1,6.8550696,9.811283
val,Y1,7.2798333,15.420375
val,Y1,7.6565557,12.182829
val,Y1,7.7977223,9.432232
val,Y1,7.692111,9.937366
val,Y1,7.548486,8.243682
val,Y1,7.3945694,6.792103
val,Y1,7.1983333,7.447833
val,Y1,7.206972,8.267497
val,Y1,7.606347,10.11214
val,Y1,8.033042,9.1256275
val,Y1,8.293389,8.322765
val,Y1,8.505013,7.8643208
val,Y1,8.624291,5.8198113
val,Y1,8.59975,14.743429
val,Y1,8.53275,16.169836
val,Y1,8.497736,11.639481
val,Y1,8.092556,10.652975
val,Y1,7.365264,9.545917
val,Y1,6.809889,12.5026455
val,Y1,6.493014,11.134225
val,Y1,6.5018888,8.815805
val,Y1,6.886361,9.301298
val,Y1,7.2853193,9.965701
val,Y1,7.577306,12.019582
val,Y1,7.978139,8.526762
val,Y1,8.414583,9.194757
val,Y1,8.852222,11.004961
val,Y1,9.22057,8.567513
val,Y1,9.334111,10.059643
val,Y1,9.035042,12.133455
val,Y1,8.495861,12.186401
val,Y1,8.188097,12.758996
val,Y1,8.203111,12.715806
val,Y1,8.379167,11.103209
val,Y1,8.588875,8.995577
val,Y1,8.777014,8.625752
val,Y1,8.979959,12.190107
val,Y1,9.077958,10.491823
val,Y1,8.959139,8.276958
val,Y1,8.741403,9.20803
val,Y1,8.557236,7.8583593
val,Y1,8.417583,9.27366
val,Y1,8.304556,9.768315
val,Y1,8.3115,12.246414
val,Y1,8.453111,12.374539
val,Y1,8.539416,11.478072
val,Y1,8.332306,10.52216
val,Y1,7.606458,10.769567
val,Y1,6.3209863,13.6023655
val,Y1,5.1671667,12.833366
val,Y1,4.7849445,10.630478
val,Y1,5.357792,12.589605
val,Y1,6.50375,17.164322
val,Y1,7.4983053,17.023043
val,Y1,8.345417,13.397467
val,Y1,9.129945,11.84052
val,Y1,9.658819,9.183128
val,Y1,9.892931,11.32272
val,Y1,9.926541,10.94006
val,Y1,9.946458,10.015026
val,Y1,10.083264,13.576935
val,Y1,10.313556,17.471113
val,Y1,10.562098,14.502133
val,Y1,10.628834,9.413109
val,Y1,10.332764,21.992065
val,Y1,9.664722,24.175875
val,Y1,8.487541,13.731558
val,Y1,6.8358054,13.747129
val,Y1,5.013597,11.192991
val,Y1,3.2919445,8.566165
val,Y1,1.8607917,5.957078
val,Y1,0.9257361,4.7847915
val,Y1,1.5811944,8.692491
val,Y1,3.5356529,12.532155
val,Y1,5.3333473,10.24247
val,Y1,6.597486,9.885841
val,Y1,7.1567082,9.246201
val,Y1,7.399764,8.289024
val,Y1,7.8040137,12.10886
val,Y1,8.292569,11.646555
val,Y1,8.6774025,6.6050167
val,Y1,9.036139,6.7120533
val,Y1,9.5864725,7.9582386
val,Y1,10.263333,10.462712
val,Y1,10.932375,9.439832
val,Y1,11.50625,7.0531635
val,Y1,11.843083,6.2048416
val,Y1,12.020264,4.0636578
val,Y1,12.2,3.2417157
val,Y1,12.518861,3.0198126
val,Y1,12.888361,2.7020185
val,Y1,12.991694,2.8442264
val,Y1,12.86132,2.9613616
val,Y1,12.750764,4.4118385
val,Y1,12.846889,6.1199684
val,Y1,13.220583,5.861792
val,Y1,13.743333,7.598192
val,Y1,14.095098,7.1678987
val,Y1,14.177208,9.64631
val,Y1,14.179097,14.729894
val,Y1,14.178348,13.705471
val,Y1,14.241361,9.822492
val,Y1,14.341972,8.17131
val,Y1,14.4516945,8.54294
val,Y1,14.502236,12.830607
val,Y1,14.410097,13.909513
val,Y1,14.15757,11.368845
val,Y1,13.833028,13.878586
val,Y1,13.449403,14.617538
val,Y1,12.970153,9.61943
val,Y1,12.416695,7.7503777
val,Y1,11.698389,7.189606
val,Y1,10.847847,13.529829
val,Y1,9.788042,13.3794155
val,Y1,8.4525,7.750625
val,Y1,7.059361,12.906182
val,Y1,5.732042,11.677041
val,Y1,4.549986,7.4536495
val,Y1,3.672014,7.7235556
val,Y1,2.987375,8.45924
val,Y1,2.4803889,9.53281
val,Y1,2.0979445,11.925818
val,Y1,1.6320555,14.191322
val,Y1,1.0074445,14.26178
val,Y1,0.40058333,8.516308
val,Y1,0.087458335,10.482006
val,Y1,0.017777778,11.095507
val,Y1,0.014652777,6.61159
val,Y1,0.014041667,8.264923
val,Y1,0.016597223,8.888997
val,Y1,0.014555556,9.814757
val,Y1,0.012930555,12.366955
val,Y1,0.013458333,17.227644
val,Y1,0.013916667,17.550209
val,Y1,0.017972222,10.446644
val,Y1,0.02913889,13.521164
val,Y1,0.028902778,25.599388
val,Y1,0.024875,25.217215
val,Y1,0.025444444,16.612806
val,Y1,0.023208333,11.063908
val,Y1,0.023027778,8.221334
val,Y1,0.02325,6.19384
val,Y1,0.030319445,5.248072
val,Y1,0.03101389,3.4352605
val,Y1,0.020555556,2.523154
val,Y1,0.014833333,2.508961
val,Y1,0.013861111,2.8587725
val,Y1,0.013083333,3.1398828
val,Y1,0.017791666,2.8527997
val,Y1,0.017652778,2.9219632
val,Y1,0.014388889,3.3931358
val,Y1,0.015111111,4.420596
val,Y1,0.015625,4.1253486
val,Y1,0.014527778,3.1936023
val,Y1,0.013138889,2.7970774
val,Y1,0.015944444,3.1317322
val,Y1,0.015833333,4.4666967
val,Y1,0.014708334,5.3544044
val,Y1,0.014694445,5.19998
val,Y1,0.01626389,6.863017
val,Y1,0.021513889,6.1994834
val,Y1,0.017375,3.083624
val,Y1,0.012277778,2.734628
val,Y1,0.012555555,4.8893633
val,Y1,0.013333334,7.864318
val,Y1,0.014,10.31599
val,Y1,0.013611111,11.68902
val,Y1,0.011583333,14.355386
val,Y1,0.012569444,16.947515
val,Y1,0.015541667,15.995396
val,Y1,0.013541667,13.220989
val,Y1,0.012763889,12.767014
val,Y1,0.013513889,13.718719
val,Y1,0.011416666,10.679756
val,Y1,0.012847222,9.856531
val,Y1,0.014777778,12.637384
val,Y1,0.013263889,13.653653
val,Y1,0.010819444,11.771254
val,Y1,0.014152777,11.282585
val,Y1,0.03584722,11.285884
val,Y1,0.45379168,9.249926
val,Y1,1.7478472,7.3322744
val,Y1,3.2493472,8.6259365
val,Y1,4.2894444,8.771706
val,Y1,4.9304304,9.8838
val,Y1,5.3754306,10.223316
val,Y1,5.9311943,10.714416
val,Y1,6.7438474,12.3918
val,Y1,7.738458,13.375137
val,Y1,8.529805,15.654615
val,Y1,8.946959,14.5718155
val,Y1,9.296805,10.041859
val,Y1,9.503986,10.510414
val,Y1,9.524819,9.99489
val,Y1,9.954653,10.07238
val,Y1,10.844764,10.632521
val,Y1,11.679292,11.834273
val,Y1,12.1380415,12.393497
val,Y1,12.290334,11.094617
val,Y1,12.348194,11.60455
val,Y1,12.470056,14.237817
val,Y1,12.738459,14.253417
val,Y1,13.104403,12.766897
val,Y1,13.309667,13.252823
val,Y1,13.024208,11.91629
val,Y1,12.608681,13.625555
val,Y1,12.548223,14.433412
val,Y1,12.563069,15.123237
val,Y1,12.551222,12.329526
val,Y1,12.704889,12.264628
val,Y1,12.964167,12.2310505
val,Y1,13.074139,11.482685
val,Y1,13.079333,15.057505
val,Y1,13.09675,13.811732
val,Y1,13.070347,13.371629
val,Y1,12.99,12.930059
val,Y1,12.51,10.607156
val,Y1,11.3359165,8.724144
val,Y1,9.681569,8.378824
val,Y1,8.020695,11.915142
val,Y1,6.5626388,11.332174
val,Y1,5.154736,8.683641
val,Y1,3.8559027,7.716572
val,Y1,2.806764,6.195832
val,Y1,1.9401945,7.9549356
val,Y1,1.25825,8.616903
val,Y1,0.7391667,9.446299
val,Y1,0.28220832,10.55656
val,Y1,0.03748611,10.765183
val,Y1,0.017569445,11.354107
val,Y1,0.017791666,12.96047
val,Y1,0.02376389,11.166298
val,Y1,0.027347222,12.762538
val,Y1,0.01813889,13.046686
val,Y1,0.013986111,10.656078
val,Y1,0.015388889,9.632371
val,Y1,0.014138889,9.428795
val,Y1,0.016291667,9.596681
val,Y1,0.018652778,8.835227
val,Y1,0.018694444,5.061351
val,Y1,0.018944444,3.0813053
val,Y1,0.023902778,2.7997797
val,Y1,0.026888888,3.0782313
val,Y1,0.019555556,3.3196247
val,Y1,0.019472223,3.5026157
val,Y1,0.01836111,3.5236368
val,Y1,0.013361111,3.2444613
val,Y1,0.015305555,3.131607
val,Y1,0.02,2.761841
val,Y1,0.016777778,2.7859495
val,Y1,0.013819444,2.9420063
val,Y1,0.014152777,2.8924825
val,Y1,0.021152778,3.1594052
val,Y1,0.029694444,3.3252745
val,Y1,0.030430555,3.3977556
val,Y1,0.026833333,3.4598336
val,Y1,0.023652777,3.1262372
val,Y1,0.11134722,3.9197404
val,Y1,0.5525972,9.6429405
val,Y1,1.2731806,10.432669
val,Y1,2.1009722,8.663011
val,Y1,2.8903055,8.01919
val,Y1,3.2896528,8.309353
val,Y1,3.6653473,8.199981
val,Y1,4.4222083,8.80023
val,Y1,5.2317085,7.5404177
val,Y1,5.710528,6.525428
val,Y1,5.797111,10.867567
val,Y1,5.8056808,13.104645
val,Y1,6.094236,9.611559
val,Y1,6.6154027,7.115924
val,Y1,7.1190414,14.928188
val,Y1,7.552236,15.826607
val,Y1,7.967347,7.493914
val,Y1,8.3683195,9.91522
val,Y1,8.757931,13.789647
val,Y1,9.141611,12.7205715
val,Y1,9.5772915,11.334409
val,Y1,10.1322775,9.8632145
val,Y1,10.752681,9.116426
val,Y1,11.210542,9.060521
val,Y1,11.342292,8.676825
val,Y1,11.241709,6.711788
val,Y1,10.94407,4.261635
val,Y1,10.446097,4.066183
val,Y1,9.8243475,4.1812515
val,Y1,9.016583,4.0979815
val,Y1,7.987236,4.507448
val,Y1,6.775472,5.5630865
val,Y1,5.4339166,5.707268
val,Y1,4.128792,6.232856
val,Y1,3.1153333,5.719782
val,Y1,2.4153612,5.5807433
val,Y1,1.7512778,6.9484015
val,Y1,1.1932639,7.6201515
val,Y1,0.7968472,10.372968
val,Y1,0.37779167,9.636202
val,Y1,0.11055555,10.350881
val,Y1,0.13522223,12.7019615
val,Y1,0.27466667,8.856026
val,Y1,0.3171111,7.4898453
val,Y1,0.26580554,7.244867
val,Y1,0.19640277,7.2557898
val,Y1,0.08786111,8.206395
val,Y1,0.028430555,6.371232
val,Y1,0.034833334,5.4377813
val,Y1,0.099,5.2732286
val,Y1,0.597375,4.6212797
val,Y1,2.179,7.0293083
val,Y1,4.0376806,9.344562
val,Y1,5.3860693,9.965571
val,Y1,6.561847,9.403638
val,Y1,7.527125,7.3556914
val,Y1,8.352528,6.078779
val,Y1,9.1796665,4.601491
val,Y1,10.011389,4.5393333
val,Y1,10.692111,5.1101656
val,Y1,10.888695,10.713614
val,Y1,10.562764,15.167084
val,Y1,10.395903,11.646664
val,Y1,10.820778,9.068588
val,Y1,11.682487,12.349482
val,Y1,12.577084,13.351365
val,Y1,13.082597,10.852957
val,Y1,13.208208,14.051678
val,Y1,13.211528,16.255621
val,Y1,13.238625,11.011934
val,Y1,13.341431,8.023062
val,Y1,13.537791,12.236482
val,Y1,13.763917,12.766211
val,Y1,13.908,10.469641
val,Y1,13.946917,11.775313
val,Y1,13.945111,10.128877
val,Y1,13.940056,8.416929
val,Y1,13.908611,11.847227
val,Y1,13.851375,13.273579
val,Y1,13.695056,9.069009
val,Y1,13.3666115,10.115326
val,Y1,12.933875,10.86596
val,Y1,12.392889,11.168785
val,Y1,12.045305,9.621678
val,Y1,12.053139,8.427588
val,Y1,12.192945,9.78335
val,Y1,12.234514,8.945018
val,Y1,12.0555,7.8338013
val,Y1,11.761639,12.189574
val,Y1,11.468236,12.035531
val,Y1,11.385625,10.060748
val,Y1,11.604792,12.969197
val,Y1,11.876792,11.601002
val,Y1,11.858903,8.007599
val,Y1,11.576819,8.77507
val,Y1,11.282306,9.574944
val,Y1,11.044556,7.009162
val,Y1,10.893403,7.5745726
val,Y1,10.924236,7.960306
val,Y1,11.103583,8.5566
val,Y1,11.3584585,10.577917
val,Y1,11.680458,12.378982
val,Y1,11.868139,10.714365
val,Y1,11.97557,8.037815
val,Y1,12.186319,7.496333
val,Y1,12.264389,8.640517
val,Y1,12.22893,13.11077
val,Y1,12.377569,16.63445
val,Y1,12.698167,14.354248
val,Y1,12.934083,11.725046
val,Y1,12.8095,11.398872
val,Y1,12.2971525,10.140138
val,Y1,11.512764,9.759972
val,Y1,10.543764,9.9397335
val,Y1,9.235306,14.068351
val,Y1,7.528278,11.690457
val,Y1,5.69425,7.2341404
val,Y1,3.8550694,8.716998
val,Y1,2.1597917,8.44441
val,Y1,0.89970833,6.3219824
val,Y1,0.7534722,8.388465
val,Y1,1.9440138,9.754946
val,Y1,3.3753471,11.305225
val,Y1,4.726736,11.106976
val,Y1,6.144,8.91003
val,Y1,7.2336526,8.823
val,Y1,8.058236,8.950863
val,Y1,8.773097,9.30438
val,Y1,9.44275,9.763959
val,Y1,9.992486,7.7939544
val,Y1,10.229555,9.372333
val,Y1,10.266,11.17169
val,Y1,10.251555,8.537733
val,Y1,10.173972,10.785097
val,Y1,10.069834,12.021628
val,Y1,10.045875,10.2577915
val,Y1,10.291458,13.292145
val,Y1,10.637459,12.174769
val,Y1,10.862792,9.109214
val,Y1,11.035542,9.149951
val,Y1,11.076292,11.456085
val,Y1,11.182264,11.839722
val,Y1,11.384069,8.451877
val,Y1,11.484667,7.967991
val,Y1,11.561125,7.594223
val,Y1,11.693209,7.8156815
val,Y1,11.883236,9.715403
val,Y1,12.025945,8.489461
val,Y1,11.989847,7.557576
val,Y1,11.823931,8.723546
val,Y1,11.741445,9.15659
val,Y1,11.754236,8.475504
val,Y1,11.802625,10.991289
val,Y1,11.966153,12.8799095
val,Y1,12.329805,10.715835
val,Y1,12.784917,10.711916
val,Y1,13.120778,12.452059
val,Y1,13.253722,13.89404
val,Y1,13.28375,12.249353
val,Y1,13.343778,8.875507
val,Y1,13.478431,8.725537
val,Y1,13.646791,7.724131
val,Y1,13.74275,8.144306
val,Y1,13.6449585,9.715941
val,Y1,13.364917,11.202906
val,Y1,12.932652,13.399558
val,Y1,12.397403,19.065088
val,Y1,11.8619585,15.362741
val,Y1,11.482458,9.298885
val,Y1,11.35725,13.148491
val,Y1,11.348514,11.86886
val,Y1,11.536458,10.478183
val,Y1,11.967625,13.109247
val,Y1,12.297459,14.263699
val,Y1,12.484375,12.850021
val,Y1,12.609861,13.66158
val,Y1,12.579875,13.321015
val,Y1,12.1715555,9.100898
val,Y1,11.434028,10.047275
val,Y1,10.883028,11.756485
val,Y1,10.846084,13.740629
val,Y1,11.316153,15.902824
val,Y1,11.953222,12.316865
val,Y1,12.549597,11.237137
val,Y1,13.129569,12.1415
val,Y1,13.623403,11.39843
val,Y1,13.758125,12.770048
val,Y1,13.6177225,11.327788
val,Y1,13.447958,9.176278
val,Y1,12.680708,8.723137
val,Y1,11.432125,9.095705
val,Y1,10.854555,7.8109007
val,Y1,11.15825,8.464548
val,Y1,11.644792,13.677834
val,Y1,11.958487,12.124084
val,Y1,12.182764,9.364749
val,Y1,12.247209,10.518553
val,Y1,12.195778,10.101275
val,Y1,12.092861,8.781885
val,Y1,11.851222,8.947557
val,Y1,11.531792,12.400487
val,Y1,11.042403,17.026487
val,Y1,10.027194,18.106617
val,Y1,8.528389,10.8739195
val,Y1,7.2113333,10.905024
val,Y1,6.5474443,10.49446
val,Y1,6.723653,10.362722
val,Y1,7.5316806,13.490438
val,Y1,8.400486,12.937237
val,Y1,9.17018,12.189377
val,Y1,9.907181,13.239176
val,Y1,10.642639,13.550989
val,Y1,11.39032,15.509165
val,Y1,12.010667,14.025
val,Y1,12.552237,11.182772
val,Y1,13.106819,14.111605
val,Y1,13.528014,15.043528
val,Y1,13.573653,14.346489
val,Y1,13.22875,16.613678
val,Y1,12.714334,15.491698
val,Y1,12.201889,14.432951
val,Y1,11.770889,14.047141
val,Y1,11.404792,10.948811
val,Y1,11.112583,9.244289
val,Y1,10.578792,12.211074
val,Y1,8.989472,12.173391
val,Y1,6.718514,9.543125
val,Y1,5.5645695,10.674826
val,Y1,6.2266808,11.185672
val,Y1,7.561903,10.786192
val,Y1,8.550709,9.919671
val,Y1,9.117556,12.811861
val,Y1,9.392417,14.850234
val,Y1,9.513917,12.12175
val,Y1,9.580277,9.305369
val,Y1,9.696042,10.61159
val,Y1,9.906959,11.895823
val,Y1,10.155958,13.552242
val,Y1,10.396444,12.420521
val,Y1,10.485778,12.020561
val,Y1,10.245681,13.473724
val,Y1,9.817041,12.499161
val,Y1,9.46825,13.468044
val,Y1,9.194639,10.349523
val,Y1,8.930833,16.090412
val,Y1,8.787084,18.132765
val,Y1,8.769931,11.148865
val,Y1,8.695125,9.795579
val,Y1,8.562445,9.795082
val,Y1,8.601653,8.35624
val,Y1,8.943861,5.706995
val,Y1,9.459028,5.6850705
val,Y1,10.007861,5.5924807
val,Y1,10.6695,4.6229277
val,Y1,11.224861,2.9947507
val,Y1,11.364264,2.6892753
val,Y1,11.401931,2.6292388
val,Y1,11.810028,2.547551
val,Y1,12.626236,3.195565
val,Y1,13.638708,3.4181387
val,Y1,14.718764,2.9059231
val,Y1,15.784792,3.478312
val,Y1,16.70643,3.6689513
val,Y1,17.365583,3.5565088
val,Y1,17.790709,3.5410779
val,Y1,18.12382,3.3589404
val,Y1,18.447695,3.0455406
val,Y1,18.77007,3.152408
val,Y1,19.085806,3.048235
val,Y1,19.427973,2.7744915
val,Y1,19.796194,2.7677896
val,Y1,20.180084,3.1858668
val,Y1,20.615055,4.8209724
val,Y1,21.105862,10.338577
val,Y1,21.511278,9.862846
val,Y1,21.590376,7.3666067
val,Y1,21.4365,9.561835
val,Y1,21.372652,7.6375055
val,Y1,21.441668,7.0751853
val,Y1,21.56586,8.001546
val,Y1,21.701597,7.4505725
val,Y1,21.715847,7.376872
val,Y1,21.598291,7.415045
val,Y1,21.360847,5.757456
val,Y1,21.031626,4.5335855
val,Y1,20.688944,3.5902338
val,Y1,20.305084,3.1564724
val,Y1,19.698208,3.3352194
val,Y1,18.781986,2.79202
val,Y1,17.653639,2.541005
val,Y1,16.397985,2.691497
val,Y1,14.995903,2.8231373
val,Y1,13.470125,2.8600698
val,Y1,12.023666,2.9462516
val,Y1,10.489153,3.4115064
val,Y1,8.741458,3.699712
val,Y1,7.03325,3.6867619
val,Y1,5.5117917,3.3786156
val,Y1,4.166264,3.8450744
val,Y1,3.0303195,4.385862
val,Y1,2.1042638,4.5579076
val,Y1,1.2831944,6.336139
val,Y1,0.6576528,8.569384
val,Y1,0.25679168,10.02535
val,Y1,0.053069446,9.588592
val,Y1,0.0154444445,8.761037
val,Y1,0.019944444,8.218735
val,Y1,0.044597223,8.117552
val,Y1,0.31454167,8.619723
val,Y1,0.963875,7.5946217
val,Y1,1.881875,6.438366
val,Y1,2.9245834,6.1377363
val,Y1,3.9344168,8.656979
val,Y1,4.6772776,10.483071
val,Y1,5.1407084,11.147026
val,Y1,5.219611,11.3654175
val,Y1,4.7928195,10.911771
val,Y1,4.189111,8.440809
val,Y1,3.6133611,6.549387
val,Y1,2.9597085,8.355455
val,Y1,2.31525,9.77095
val,Y1,1.8958056,9.423819
val,Y1,1.6089028,8.392028
val,Y1,1.6165416,6.7810087
val,Y1,2.2912083,9.576058
val,Y1,3.3685417,9.728306
val,Y1,4.438625,11.790726
val,Y1,5.423917,14.769453
val,Y1,6.271986,13.326836
val,Y1,6.966472,14.249539
val,Y1,7.6947083,12.985973
val,Y1,8.518791,10.914373
val,Y1,9.248986,8.853251
val,Y1,9.838555,6.111931
val,Y1,10.371917,10.860507
val,Y1,10.887709,11.274556
val,Y1,11.305847,7.7767305
val,Y1,11.697695,7.4708195
val,Y1,12.334139,7.508276
val,Y1,13.275917,7.6230345
val,Y1,14.385931,8.057437
val,Y1,15.575736,8.196119
val,Y1,16.751265,9.225133
val,Y1,17.897194,9.681154
val,Y1,19.023,8.895966
val,Y1,19.885431,11.672532
val,Y1,20.310097,13.633919
val,Y1,20.681263,10.4605665
val,Y1,21.17607,14.138569
val,Y1,21.419903,15.991812
val,Y1,21.247223,9.044778
val,Y1,20.877277,9.849217
val,Y1,20.45243,11.844242
val,Y1,19.993431,11.064173
val,Y1,19.556013,9.933158
val,Y1,19.284624,8.844145
val,Y1,19.231653,9.234487
val,Y1,19.202847,8.642461
val,Y1,19.060194,9.662802
val,Y1,18.764833,10.574553
val,Y1,18.351473,9.6531105
val,Y1,17.9465,9.095285
val,Y1,17.723515,9.753046
val,Y1,17.740847,9.746805
val,Y1,17.900347,9.668007
val,Y1,18.083597,9.639885
val,Y1,17.993973,9.547623
val,Y1,17.604319,8.803412
val,Y1,17.210096,7.723952
val,Y1,16.934834,10.039664
val,Y1,16.659292,15.410358
val,Y1,16.478945,13.949515
val,Y1,16.369486,10.195383
val,Y1,16.111431,9.687374
val,Y1,15.754764,9.470216
val,Y1,15.368542,9.838218
val,Y1,14.978125,10.542376
val,Y1,14.278542,9.48404
val,Y1,13.100639,8.3270645
val,Y1,11.655431,8.321011
val,Y1,10.207306,10.300093
val,Y1,9.016945,10.509218
val,Y1,8.0680275,9.678279
val,Y1,7.0527363,6.5684786
val,Y1,5.430722,6.0726295
val,Y1,3.3707917,5.835592
val,Y1,1.7575834,5.516979
val,Y1,1.3042917,4.8490467
val,Y1,2.3367083,5.3991313
val,Y1,4.061972,5.679324
val,Y1,5.6159306,6.619236
val,Y1,6.8376946,6.907408
val,Y1,7.5934167,6.5289946
val,Y1,8.110306,7.897677
val,Y1,8.664625,7.177095
val,Y1,9.059486,5.4134936
val,Y1,9.256917,6.9508953
val,Y1,9.342542,6.377186
val,Y1,9.408556,4.5993185
val,Y1,9.440861,3.8365157
val,Y1,9.268847,3.0730855
val,Y1,9.204333,2.4275048
val,Y1,9.402542,2.4506302
val,Y1,9.58025,2.4996588
val,Y1,9.678445,2.6756508
val,Y1,9.756945,4.0188828
val,Y1,9.573597,6.420025
val,Y1,8.360097,6.2098083
val,Y1,6.6310415,7.296236
val,Y1,6.264889,8.27284
val,Y1,7.326389,6.2269936
val,Y1,8.308556,5.855775
val,Y1,8.560194,8.076842
val,Y1,8.681639,8.237255
val,Y1,9.207597,8.11138
val,Y1,9.756667,9.683686
val,Y1,10.038264,10.202801
val,Y1,10.128542,11.863761
val,Y1,9.790459,16.481833
val,Y1,9.196362,15.9584675
val,Y1,8.731694,13.096821
val,Y1,8.61932,13.651487
val,Y1,8.951125,11.2234535
val,Y1,9.43032,7.3149624
val,Y1,9.557806,7.743904
val,Y1,8.73075,9.7638
val,Y1,7.0555973,11.501361
val,Y1,5.924125,10.590516
val,Y1,6.285347,9.279442
val,Y1,7.3986807,10.134987
val,Y1,8.237111,11.013691
val,Y1,8.445681,11.0626335
val,Y1,7.8484306,13.673271
val,Y1,7.030083,13.444799
val,Y1,6.9148335,9.599321
val,Y1,7.579583,12.991295
val,Y1,8.489959,11.317262
val,Y1,8.823305,12.431259
val,Y1,8.388958,12.49569
val,Y1,7.3293056,9.97726
val,Y1,6.349236,11.309907
val,Y1,6.271389,13.053938
val,Y1,7.0395,11.480351
val,Y1,8.045111,13.569238
val,Y1,8.5228195,11.841339
val,Y1,8.409764,12.110027
val,Y1,8.094306,23.285477
val,Y1,7.588792,21.456146
val,Y1,6.468694,11.210082
val,Y1,5.199333,9.850251
val,Y1,4.689236,9.23648
val,Y1,5.035,12.332407
val,Y1,5.6824026,12.742456
val,Y1,6.1189585,12.401602
val,Y1,6.6200695,8.459502
val,Y1,7.3910556,6.9262843
val,Y1,8.179042,10.487766
val,Y1,8.694333,10.488374
val,Y1,8.913875,9.608529
val,Y1,9.096598,14.502358
val,Y1,9.292611,16.429256
val,Y1,8.823958,12.072856
val,Y1,7.33425,12.014193
val,Y1,5.833139,12.761979
val,Y1,5.290528,12.57673
val,Y1,5.7850833,12.7324095
val,Y1,6.880528,13.030666
val,Y1,8.001389,9.696191
val,Y1,8.904445,7.9522033
val,Y1,9.537375,7.0726132
val,Y1,9.87375,7.3296165
val,Y1,9.970222,9.923691
val,Y1,9.879306,7.53899
val,Y1,9.437361,5.4171968
val,Y1,8.334778,10.209061
val,Y1,6.8540554,12.1270895
val,Y1,5.907139,8.071412
val,Y1,5.8725557,6.6890736
val,Y1,6.6448054,8.220853
val,Y1,7.855986,9.280253
val,Y1,8.8325,9.619636
val,Y1,9.301306,7.145423
val,Y1,9.365486,7.7622013
val,Y1,8.869528,9.444691
val,Y1,7.675889,7.6262083
val,Y1,6.0789723,11.190704
val,Y1,4.7359443,11.434123
val,Y1,3.9923334,7.7827578
val,Y1,3.7796946,10.790065
val,Y1,4.4894443,12.292245
val,Y1,5.7780137,9.63147
val,Y1,6.9159164,9.350474
val,Y1,7.8401113,13.649956
val,Y1,8.526722,12.496019
val,Y1,8.787903,9.97117
val,Y1,8.586736,10.169308
val,Y1,8.1940975,11.239426
val,Y1,7.751764,11.177718
val,Y1,7.398958,11.024928
val,Y1,7.4384584,10.359182
val,Y1,7.7354026,9.5459175
val,Y1,7.8937917,7.4718404
val,Y1,8.163875,5.7119284
val,Y1,8.754069,7.956705
val,Y1,9.376722,10.227555
val,Y1,9.972013,10.096802
val,Y1,10.575361,11.308531
val,Y1,11.148931,10.782742
val,Y1,11.612181,9.106638
val,Y1,11.744208,8.201851
val,Y1,11.61143,7.707924
val,Y1,11.465834,7.8507404
val,Y1,11.367306,10.570642
val,Y1,11.373777,10.060165
val,Y1,11.409513,9.658398
val,Y1,10.911667,11.203128
val,Y1,9.679083,12.889664
val,Y1,8.308903,10.923925
val,Y1,6.8554444,7.170957
val,Y1,5.0970554,6.908327
val,Y1,3.3248472,10.392892
val,Y1,1.8579028,9.549687
val,Y1,1.1403472,10.827503
val,Y1,1.9761667,11.451203
val,Y1,3.6972778,9.365195
val,Y1,5.1090693,12.316719
val,Y1,6.1534724,10.958309
val,Y1,6.960125,10.73807
val,Y1,7.730875,9.670105
val,Y1,8.3965,11.181149
val,Y1,8.644861,12.339264
val,Y1,8.280152,11.175473
val,Y1,7.4302917,9.724928
val,Y1,6.1899724,6.98642
val,Y1,4.7194166,7.7350674
val,Y1,3.32175,12.826752
val,Y1,2.1649444,13.576658
val,Y1,1.2886388,11.787986
val,Y1,0.7342917,12.689902
val,Y1,0.38525,10.430432
val,Y1,0.16075,9.866178
val,Y1,0.14475,10.170084
val,Y1,0.30656946,8.106052
val,Y1,0.85494447,12.233381
val,Y1,1.7842778,12.37796
val,Y1,2.94475,11.900555
val,Y1,4.2191944,12.6659355
val,Y1,5.2746944,12.585392
val,Y1,6.117542,12.409359
val,Y1,6.96975,11.519625
val,Y1,7.9430556,12.245993
val,Y1,8.954958,11.914103
val,Y1,9.8908615,7.928358
val,Y1,10.714292,9.547678
val,Y1,11.184569,12.537665
val,Y1,11.122236,10.559502
val,Y1,11.064111,11.421112
val,Y1,11.432944,16.038557
val,Y1,12.024487,13.444502
val,Y1,12.636666,9.790132
val,Y1,13.165736,11.391533
val,Y1,13.55375,16.643263
val,Y1,13.848264,16.14208
val,Y1,13.984487,10.765531
val,Y1,13.9785,9.541571
val,Y1,14.146305,12.218779
val,Y1,14.401153,10.98335
val,Y1,14.360986,8.232973
val,Y1,14.089458,7.8215494
val,Y1,13.871083,6.8739157
val,Y1,13.67368,8.035879
val,Y1,13.42382,10.640427
val,Y1,12.981639,9.591608
val,Y1,11.915764,6.62455
val,Y1,10.658944,5.650586
val,Y1,10.206458,5.040821
val,Y1,10.512139,4.9754114
val,Y1,11.045083,4.6922398
val,Y1,11.525333,4.039547
val,Y1,11.799,6.35616
val,Y1,11.948847,9.787596
val,Y1,12.080444,12.093815
val,Y1,12.215931,11.402296
val,Y1,12.31057,11.0764065
val,Y1,12.31975,9.779524
val,Y1,12.30368,10.448018
val,Y1,12.223166,9.477472
val,Y1,11.990875,8.597828
val,Y1,11.340111,9.999471
val,Y1,9.723125,11.68289
val,Y1,7.414417,11.957495
val,Y1,4.9553056,15.643322
val,Y1,2.645375,17.88355
val,Y1,1.0794028,11.8623
val,Y1,0.32505557,11.294287
val,Y1,0.06148611,10.078928
val,Y1,0.012097222,6.7520795
val,Y1,0.018805556,5.415269
val,Y1,0.022277778,3.978161
val,Y1,0.018861111,3.0411832
val,Y1,0.016236112,3.614341
val,Y1,0.016083334,4.363784
val,Y1,0.016930556,6.2915354
val,Y1,0.015833333,6.594615
val,Y1,0.01761111,6.385719
val,Y1,0.048875,7.135392
val,Y1,0.51295835,7.157645
val,Y1,1.6396667,7.623159
val,Y1,2.8268611,8.27695
val,Y1,3.8477082,9.681235
val,Y1,4.904875,13.186958
val,Y1,5.781653,10.542514
val,Y1,6.5236945,8.255482
val,Y1,7.638361,8.584379
val,Y1,9.042209,9.733314
val,Y1,10.338333,9.143863
val,Y1,11.510931,7.1278048
val,Y1,12.320861,8.70449
val,Y1,12.53525,10.649229
val,Y1,12.46275,10.621096
val,Y1,12.318444,12.323907
val,Y1,11.988736,10.455581
val,Y1,11.259569,8.078821
val,Y1,10.286555,8.09417
val,Y1,9.726764,6.456127
val,Y1,9.641097,4.194357
val,Y1,9.518764,6.9368134
val,Y1,9.370028,8.874187
val,Y1,9.313027,7.0027013
val,Y1,9.230458,6.207735
val,Y1,9.169778,5.1119175
val,Y1,9.267694,4.13392
val,Y1,9.569,4.4096484
val,Y1,9.938209,5.2040615
val,Y1,10.305528,6.8229733
val,Y1,10.6328335,8.968078
val,Y1,10.966042,8.744396
val,Y1,11.331445,11.316425
val,Y1,11.6709585,9.941972
val,Y1,11.974055,7.754549
val,Y1,12.259194,6.9502506
val,Y1,12.565,4.235673
val,Y1,12.884639,3.40811
val,Y1,13.213583,3.5405874
val,Y1,13.516444,3.601133
val,Y1,13.662639,3.3401895
val,Y1,13.541,3.8693209
val,Y1,13.269555,3.6550477
val,Y1,13.0425,4.10324
val,Y1,12.912097,4.228153
val,Y1,12.842514,3.5672815
val,Y1,12.850486,3.2198184
val,Y1,12.963028,2.9774873
val,Y1,13.1485,3.7712858
val,Y1,13.387889,4.09364
val,Y1,13.625792,4.1088343
val,Y1,13.768444,4.077079
val,Y1,13.744528,3.7256835
val,Y1,13.645139,3.6650064
val,Y1,13.575111,5.3752947
val,Y1,13.457347,9.254268
val,Y1,13.111055,12.401316
val,Y1,12.621597,12.487628
val,Y1,12.203389,10.589694
val,Y1,11.665889,7.181803
val,Y1,10.697416,6.822363
val,Y1,9.27432,7.866339
val,Y1,7.956736,8.760654
val,Y1,7.220028,7.3866253
val,Y1,6.895472,4.3166733
val,Y1,6.7089725,3.1203816
val,Y1,6.550903,3.301169
val,Y1,6.5465,4.559129
val,Y1,6.8734446,9.057437
val,Y1,7.3827085,10.903574
val,Y1,7.90725,8.420099
val,Y1,8.277291,9.628252
val,Y1,8.440639,11.25939
val,Y1,8.494805,12.118802
val,Y1,8.523597,12.507379
val,Y1,8.637722,10.764719
val,Y1,8.838195,10.088402
val,Y1,9.202917,9.423114
val,Y1,9.610458,8.001232
val,Y1,9.914153,5.561176
val,Y1,10.059556,8.348322
val,Y1,9.733764,9.086407
val,Y1,8.174723,7.4695463
val,Y1,5.388875,6.774232
val,Y1,2.6244862,4.212501
val,Y1,1.0094723,4.17689
val,Y1,0.44020835,4.9451895
val,Y1,0.19697222,7.039834
val,Y1,0.088083334,9.742133
val,Y1,0.05827778,9.472853
val,Y1,0.04009722,6.3987217
val,Y1,0.03488889,5.1410894
val,Y1,0.032555554,4.697236
val,Y1,0.026458334,3.6421454
val,Y1,0.035708334,2.7347996
val,Y1,0.0405,2.6548388
val,Y1,0.042097222,3.4458237
val,Y1,0.036,5.903412
val,Y1,0.022541666,4.6811814
val,Y1,0.019430555,3.887501
val,Y1,0.026111111,5.6306076
val,Y1,0.030736111,6.7848234
val,Y1,0.06876389,6.982791
val,Y1,0.6900139,8.018305
val,Y1,2.3540695,9.6755705
val,Y1,4.21425,8.927444
val,Y1,5.59925,5.6827993
val,Y1,6.527125,4.186519
val,Y1,7.101847,5.4592705
val,Y1,7.446528,8.452531
val,Y1,7.428764,10.062754
val,Y1,7.325278,9.67177
val,Y1,7.512139,9.815897
val,Y1,8.029792,7.6932735
val,Y1,8.245556,5.639001
val,Y1,8.194834,4.9994802
val,Y1,8.195084,4.366896
val,Y1,8.5483885,3.44396
val,Y1,8.580209,2.7216885
val,Y1,8.911098,2.4938486
val,Y1,9.682138,2.5901623
val,Y1,9.725056,3.2292125
val,Y1,9.721723,3.4796739
val,Y1,9.600041,3.3584075
val,Y1,9.144028,3.405854
val,Y1,8.314236,3.5858443
val,Y1,7.1183887,3.7008588
val,Y1,5.6396527,9.02821
val,Y1,4.1050553,12.723227
val,Y1,2.731111,9.279841
val,Y1,1.9261528,9.716303
val,Y1,1.7860972,10.433073
val,Y1,2.2482917,10.552663
val,Y1,3.1184862,11.079729
val,Y1,3.9520555,8.430507
val,Y1,4.657778,9.884378
val,Y1,5.185361,10.885476
val,Y1,5.653403,9.227335
val,Y1,6.150653,10.0764265
val,Y1,6.6040554,11.241884
val,Y1,6.8699584,11.642838
val,Y1,6.997903,14.161461
val,Y1,7.13825,11.132634
val,Y1,7.049889,8.271951
val,Y1,6.7747917,10.698656
val,Y1,6.5076528,11.406461
val,Y1,6.307667,11.147768
val,Y1,6.2171946,10.254637
val,Y1,6.183069,8.7053795
val,Y1,6.125653,10.236877
val,Y1,5.9285,10.030949
val,Y1,5.638389,10.12158
val,Y1,5.4215,9.465566
val,Y1,5.5259304,11.09659
val,Y1,6.049847,8.720333
val,Y1,6.511389,9.62852
val,Y1,6.5696807,12.453686
val,Y1,6.4413195,9.740623
val,Y1,6.352264,9.560747
val,Y1,6.5224586,9.540037
val,Y1,7.0827084,10.470926
val,Y1,7.8334584,12.71824
val,Y1,8.80893,13.449215
val,Y1,10.025347,11.500728
val,Y1,11.2098055,12.612386
val,Y1,12.343695,15.737119
val,Y1,13.39382,12.929495
val,Y1,14.235306,9.409967
val,Y1,14.738847,13.939177
val,Y1,14.650333,14.880665
val,Y1,14.08157,9.965891
val,Y1,13.514014,11.025245
val,Y1,13.146973,14.533678
val,Y1,13.011306,12.003614
val,Y1,13.008917,9.343128
val,Y1,12.962875,9.23088
val,Y1,12.835889,9.73688
val,Y1,12.672055,10.604133
val,Y1,12.730667,8.929852
val,Y1,13.314403,6.4784527
val,Y1,14.231028,4.857026
val,Y1,15.124416,3.196862
val,Y1,15.931069,2.5832794
val,Y1,16.349167,3.5438564
val,Y1,16.34604,7.8740196
val,Y1,16.379292,7.9043703
val,Y1,16.508333,5.6357965
val,Y1,16.841305,5.871705
val,Y1,17.27693,6.428306
val,Y1,17.530153,5.7993226
val,Y1,17.66386,6.213396
val,Y1,17.696667,5.745022
val,Y1,17.681707,5.857124
val,Y1,17.6245,6.410212
val,Y1,17.430902,6.6462574
val,Y1,17.224792,6.2939825
val,Y1,17.155333,5.2778864
val,Y1,17.180695,5.4595423
val,Y1,17.06975,5.9849615
val,Y1,16.777014,6.3004417
val,Y1,16.480291,8.285519
val,Y1,16.177528,9.616966
val,Y1,15.871445,7.5333705
val,Y1,15.655278,4.9174843
val,Y1,15.613125,5.5940123
val,Y1,15.803416,5.64222
val,Y1,16.202028,5.343041
val,Y1,16.669306,4.9240203
val,Y1,17.0745,3.5283706
val,Y1,17.396486,2.730296
val,Y1,17.641235,2.7740655
val,Y1,17.821985,4.7039776
val,Y1,17.95393,5.912347
val,Y1,17.822874,6.261588
val,Y1,17.35968,7.261754
val,Y1,16.899584,6.110862
val,Y1,16.455166,5.9280567
val,Y1,16.06825,7.436776
val,Y1,15.924973,6.5660744
val,Y1,16.018291,6.1485376
val,Y1,16.350876,6.79082
val,Y1,16.849625,6.0883465
val,Y1,17.372139,7.341813
val,Y1,17.77375,10.580614
val,Y1,18.009903,11.187876
val,Y1,18.09496,9.751888
val,Y1,18.058916,7.5695925
val,Y1,17.939764,6.6369343
val,Y1,17.822556,6.9381933
val,Y1,17.779152,7.9008093
val,Y1,17.837889,7.6686206
val,Y1,17.934166,8.55233
val,Y1,18.06132,8.546482
val,Y1,18.25793,9.06015
val,Y1,18.467556,11.106966
val,Y1,18.431805,9.889257
val,Y1,18.961124,8.293195
val,Y1,19.956486,9.107391
val,Y1,19.987444,8.150958
val,Y1,20.764334,9.329902
val,Y1,21.014292,11.571768
val,Y1,20.048626,9.287348
val,Y1,19.41125,7.991654
val,Y1,18.806625,7.2151775
val,Y1,18.528084,8.558145
val,Y1,18.252403,9.364962
val,Y1,18.060556,7.1669555
val,Y1,17.949306,9.330406
val,Y1,17.95957,9.465621
val,Y1,18.045626,7.158866
val,Y1,18.190361,8.483412
val,Y1,18.20704,8.835997
val,Y1,18.07914,7.598317
val,Y1,18.035278,7.6236296
val,Y1,18.115389,7.659071
val,Y1,18.377306,9.0622425
val,Y1,18.737015,9.972405
val,Y1,19.142876,9.055102
val,Y1,19.530653,7.609729
val,Y1,19.560333,6.658265
val,Y1,18.540056,7.3311415
val,Y1,13.07318,7.7387695
val,Y1,6.9635415,8.170737
val,Y1,5.0189166,7.8747272
val,Y1,4.6032085,8.099625
val,Y1,10.18775,9.407288
val,Y1,17.738945,9.885244
val,Y1,19.00093,7.3933935
val,Y1,18.312584,6.268332
val,Y1,18.182417,7.0820265
val,Y1,17.975763,5.2413225
val,Y1,17.878458,4.675365
val,Y1,17.92193,5.2033916
val,Y1,18.100069,7.941478
val,Y1,18.211319,11.203222
val,Y1,18.143347,12.117072
val,Y1,17.986597,11.358906
val,Y1,17.746222,7.090949
val,Y1,17.230791,6.2985964
val,Y1,17.06214,6.079976
val,Y1,17.222555,6.7804527
val,Y1,17.160973,7.073413
val,Y1,17.16475,6.87653
val,Y1,17.326834,6.3468866
val,Y1,17.617043,7.153275
val,Y1,17.901209,5.9106474
val,Y1,18.08825,6.9542446
val,Y1,18.279444,6.954977
val,Y1,18.5435,5.332021
val,Y1,18.77582,4.4291224
val,Y1,18.959473,4.020437
val,Y1,19.115402,5.0239534
val,Y1,19.185486,5.8160334
val,Y1,19.114902,5.990023
val,Y1,19.007473,7.978136
val,Y1,19.028917,7.764537
val,Y1,19.19246,6.164156
val,Y1,19.327013,5.53231
val,Y1,19.314848,8.59536
val,Y1,19.34639,15.179252
val,Y1,19.661152,15.6236725
val,Y1,20.059597,11.596667
val,Y1,20.170124,10.24497
val,Y1,19.990791,10.665886
val,Y1,19.711721,12.520767
val,Y1,19.4535,12.31118
val,Y1,19.149834,11.359974
val,Y1,18.961082,12.354834
val,Y1,18.97825,10.61058
val,Y1,19.058195,7.081959
val,Y1,19.133486,3.7057834
val,Y1,19.155792,4.275176
val,Y1,19.286667,4.7153916
val,Y1,12.631861,5.4435873
val,Y1,11.336445,8.599037
val,Y1,18.147459,9.6453285
val,Y1,17.437471,14.632896
val,Y1,7.698014,16.926334
val,Y1,2.765597,13.982761
val,Y1,12.086223,13.330558
val,Y1,18.637917,9.047068
val,Y1,18.510597,6.842999
val,Y1,18.362194,6.3196335
val,Y1,18.343277,5.2585154
val,Y1,18.387625,6.7226734
val,Y1,18.51168,8.898176
val,Y1,18.676903,11.119541
val,Y1,18.8695,12.738284
val,Y1,18.984194,9.60371
val,Y1,19.013208,7.9518347
val,Y1,19.091265,8.406666
val,Y1,19.135056,8.987536
val,Y1,19.021,13.149622
val,Y1,18.783667,13.073776
val,Y1,18.497458,10.492999
val,Y1,18.225208,10.334508
val,Y1,17.95511,7.9006686
val,Y1,17.64864,6.757249
val,Y1,17.38114,8.9373665
val,Y1,17.14164,9.77764
val,Y1,16.915236,10.366879
val,Y1,16.708902,10.63401
val,Y1,16.474112,10.426813
val,Y1,16.142666,10.24668
val,Y1,15.465208,9.126046
val,Y1,14.457556,8.066819
val,Y1,13.418736,10.487053
val,Y1,12.314889,9.975098
val,Y1,11.10125,8.690745
val,Y1,9.857153,10.2312565
val,Y1,8.533264,9.924067
val,Y1,7.1223474,9.095268
val,Y1,5.669847,10.4982
val,Y1,4.211986,12.800956
val,Y1,2.8093472,10.2635355
val,Y1,1.6840278,10.22161
val,Y1,0.94295835,11.637793
val,Y1,0.48105556,9.230982
val,Y1,0.280375,7.9319015
val,Y1,0.14731945,9.130281
val,Y1,0.042166665,9.124346
val,Y1,0.025041666,7.8861904
val,Y1,0.020194445,9.892183
val,Y1,0.024805555,11.7355175
val,Y1,0.027652778,11.166464
val,Y1,0.021958333,10.413393
val,Y1,0.016777778,13.323668
val,Y1,0.022972222,14.365449
val,Y1,0.02913889,12.165173
val,Y1,0.024041668,13.787601
val,Y1,0.018111112,10.555117
val,Y1,0.020708334,7.509345
val,Y1,0.026944444,7.9857683
val,Y1,0.024097223,9.743467
val,Y1,0.15626389,11.04628
val,Y1,1.1192778,9.543964
val,Y1,2.9645555,9.095285
val,Y1,4.7500973,10.766483
val,Y1,5.667917,11.15081
val,Y1,5.795361,8.452236
val,Y1,5.6416807,5.867987
val,Y1,5.197986,6.145853
val,Y1,4.4289026,7.7232676
val,Y1,3.6823888,11.379488
val,Y1,3.1419306,14.520138
val,Y1,2.588889,11.901539
val,Y1,2.0117083,9.101016
val,Y1,1.5050555,9.018902
val,Y1,1.0873473,9.075699
val,Y1,0.7880972,10.102873
val,Y1,0.5573611,11.749214
val,Y1,0.31431943,10.872654
val,Y1,0.10415278,7.826678
val,Y1,0.02225,8.803896
val,Y1,0.022194445,10.984434
val,Y1,0.021305555,10.263598
val,Y1,0.021125,9.837759
val,Y1,0.020763889,9.750686
val,Y1,0.013847223,7.531713
val,Y1,0.0165,6.983166
val,Y1,0.072569445,5.7468624
val,Y1,0.58356947,7.458308
val,Y1,1.2863195,7.501486
val,Y1,2.1324723,4.2240005
val,Y1,3.348389,3.0618432
val,Y1,4.6125417,3.0687907
val,Y1,5.7233334,3.1414492
val,Y1,6.3879585,3.3764784
val,Y1,6.746389,3.6160452
val,Y1,6.8730693,3.9351661
val,Y1,6.8468056,3.9983609
val,Y1,6.9645,4.1516714
val,Y1,7.2818613,4.4466944
val,Y1,7.7564445,3.9262102
val,Y1,8.353764,3.5121038
val,Y1,9.069972,6.879761
val,Y1,9.879916,9.443136
val,Y1,10.646944,10.530692
val,Y1,11.3255415,14.532848
val,Y1,11.96193,12.050844
val,Y1,12.281264,9.127031
val,Y1,12.325055,9.3487215
val,Y1,12.523,7.366769
val,Y1,12.850194,6.5337143
val,Y1,13.079653,5.64581
val,Y1,13.189584,4.836943
val,Y1,13.334792,6.929021
val,Y1,13.597264,10.283413
val,Y1,13.930611,7.6542845
val,Y1,14.207958,5.7612495
val,Y1,14.287653,5.258042
val,Y1,14.355486,5.695971
val,Y1,14.628944,6.5341253
val,Y1,14.842556,10.101215
val,Y1,14.912806,12.277163
val,Y1,14.91868,11.994615
val,Y1,14.885944,12.192715
val,Y1,14.835556,12.255091
val,Y1,14.793667,12.591944
val,Y1,14.870139,9.835021
val,Y1,14.969152,6.036874
val,Y1,15.028028,8.774099
val,Y1,15.1159725,10.425415
val,Y1,15.269764,9.585909
val,Y1,15.49657,11.8075905
val,Y1,15.737403,12.788777
val,Y1,15.7427225,13.170029
val,Y1,15.379264,10.070536
val,Y1,14.836653,12.030531
val,Y1,14.73125,14.490819
val,Y1,15.1096525,10.283894
val,Y1,15.604875,11.20154
val,Y1,16.20514,10.661246
val,Y1,16.764416,10.763013
val,Y1,17.207598,12.078638
val,Y1,17.535694,10.032071
val,Y1,17.80186,6.746669
val,Y1,18.130695,6.450486
val,Y1,18.501694,7.097991
val,Y1,18.73525,5.4859705
val,Y1,18.882153,4.7945185
val,Y1,18.968292,5.4821434
val,Y1,19.004139,12.178701
val,Y1,19.09432,16.058657
val,Y1,19.213486,9.972308
val,Y1,19.182138,9.676828
val,Y1,18.909597,12.308859
val,Y1,18.566902,10.000917
val,Y1,18.214083,7.5375814
val,Y1,17.777431,7.333469
val,Y1,17.267626,8.622523
val,Y1,16.673708,12.113743
val,Y1,15.913903,11.677509
val,Y1,15.116458,10.233295
val,Y1,14.575139,13.279467
val,Y1,14.333861,11.892788
val,Y1,14.264292,7.9926815
val,Y1,14.301833,8.440797
val,Y1,14.348111,11.168754
val,Y1,14.353861,11.511661
val,Y1,14.25875,12.41025
val,Y1,14.027736,10.867861
val,Y1,13.889153,8.218075
val,Y1,13.662569,11.318506
val,Y1,12.651652,15.300346
val,Y1,10.949903,16.38414
val,Y1,9.035722,11.648495
val,Y1,7.2168055,12.825545
val,Y1,5.447764,11.793861
val,Y1,3.7421112,7.4511986
val,Y1,2.5470695,9.186685
val,Y1,2.5704722,10.937416
val,Y1,3.8773472,9.781444
val,Y1,5.38575,10.605787
val,Y1,6.558361,12.137503
val,Y1,7.4518194,11.67745
val,Y1,8.028097,9.901712
val,Y1,7.9174166,9.885021
val,Y1,6.800542,15.194485
val,Y1,5.156014,15.654951
val,Y1,3.6040416,14.248323
val,Y1,2.3567917,11.641045
val,Y1,1.4816389,9.36488
val,Y1,0.9105694,8.768825
val,Y1,0.58025,10.92213
val,Y1,0.3247639,12.8999605
val,Y1,0.09986111,10.810011
val,Y1,0.17975,13.042912
val,Y1,1.10475,18.230844
val,Y1,2.8563056,15.661362
val,Y1,4.699569,15.793913
val,Y1,6.3093057,10.695185
val,Y1,7.579125,9.511012
val,Y1,8.545986,10.74371
val,Y1,9.2734165,8.299403
val,Y1,10.068139,5.72721
val,Y1,10.839569,4.558743
val,Y1,11.0640135,4.62175
val,Y1,11.082903,4.1888995
val,Y1,11.227708,3.8364718
val,Y1,11.309972,3.250695
val,Y1,10.891222,2.422281
val,Y1,9.852722,2.3807716
val,Y1,8.644389,2.4761455
val,Y1,7.428528,2.6515484
val,Y1,6.287083,2.5351567
val,Y1,5.6293473,2.4725316
val,Y1,5.800861,3.2721891
val,Y1,6.799778,4.4339714
val,Y1,8.095528,5.1975474
val,Y1,9.2583885,6.875262
val,Y1,10.131166,8.587353
val,Y1,10.644931,7.5931873
val,Y1,10.955472,8.982533
val,Y1,11.241764,9.056831
val,Y1,11.570653,9.223445
val,Y1,11.895056,9.207861
val,Y1,12.196736,7.156004
val,Y1,12.454611,6.5498457
val,Y1,12.612348,6.495579
val,Y1,12.616292,5.473362
val,Y1,12.363028,6.6661615
val,Y1,12.305597,9.631538
val,Y1,12.507083,8.385887
val,Y1,12.609736,6.2433596
val,Y1,12.554944,8.239015
val,Y1,12.248153,10.751232
val,Y1,11.936306,15.00564
val,Y1,11.702361,13.951317
val,Y1,11.432625,9.758598
val,Y1,11.171181,11.344738
val,Y1,11.159223,10.413137
val,Y1,11.476514,11.1636505
val,Y1,11.90125,11.841829
val,Y1,12.300944,10.625385
val,Y1,12.630709,9.840717
val,Y1,12.756847,8.14744
val,Y1,12.79843,8.842114
val,Y1,12.902041,8.103749
val,Y1,12.947847,9.033618
val,Y1,12.931986,13.222649
val,Y1,12.973958,12.706232
val,Y1,13.072792,9.34194
val,Y1,13.052806,9.669835
val,Y1,12.793583,8.6142645
val,Y1,12.391334,10.070837
val,Y1,12.057584,11.086223
val,Y1,11.850695,9.299654
val,Y1,11.795667,7.1432285
val,Y1,11.783139,8.348152
val,Y1,11.527416,12.501516
val,Y1,10.682917,12.460871
val,Y1,9.234972,9.793318
val,Y1,7.6632085,9.036099
val,Y1,6.190347,8.977389
val,Y1,5.3815694,7.34983
val,Y1,5.7324305,6.5750475
val,Y1,6.7945137,8.008554
val,Y1,7.934764,10.252722
val,Y1,8.79882,12.150074
val,Y1,9.437555,15.959654
val,Y1,9.919528,12.448731
val,Y1,10.143167,7.46766
val,Y1,10.242111,7.0118537
val,Y1,10.240833,9.145069
val,Y1,9.813042,10.4224415
val,Y1,9.032014,12.366906
val,Y1,8.497569,11.767953
val,Y1,8.52725,9.492227
val,Y1,8.899153,9.5239315
val,Y1,9.516848,11.50458
val,Y1,10.309847,9.384667
val,Y1,11.07,8.360768
val,Y1,11.74475,9.535372
val,Y1,12.318944,10.865576
val,Y1,12.719973,9.369388
val,Y1,13.025875,7.2125616
val,Y1,13.205944,7.0709257
val,Y1,13.030681,6.5558996
val,Y1,12.362889,4.7961483
val,Y1,11.385709,4.15008
val,Y1,10.202791,3.983219
val,Y1,8.688027,4.874922
val,Y1,6.897486,4.4325504
val,Y1,5.189736,4.055407
val,Y1,4.7834306,7.224342
val,Y1,5.941292,10.210356
val,Y1,7.5060973,13.079416
val,Y1,8.802,15.114969
val,Y1,9.715208,12.482321
val,Y1,10.0813055,11.127936
val,Y1,10.029195,11.79906
val,Y1,10.027,7.217958
val,Y1,10.22932,8.106131
val,Y1,10.514055,8.475576
val,Y1,10.587931,11.462379
val,Y1,10.621388,13.410379
val,Y1,10.878166,10.704743
val,Y1,11.091611,8.050369
val,Y1,11.035861,10.054226
val,Y1,10.832778,13.528551
val,Y1,10.704625,9.368432
val,Y1,10.93882,8.931063
val,Y1,11.593542,11.447136
val,Y1,12.346278,11.543084
val,Y1,12.906389,11.879175
val,Y1,13.279875,14.661884
val,Y1,13.65957,15.848107
val,Y1,14.030541,13.384548
val,Y1,14.165402,10.552452
val,Y1,14.160556,10.4082985
val,Y1,14.299848,16.232084
val,Y1,14.554778,15.244274
val,Y1,14.826333,11.253012
val,Y1,15.037139,11.536484
val,Y1,15.086486,9.676438
val,Y1,14.8631525,9.299036
val,Y1,14.617903,10.669416
val,Y1,14.554653,8.86428
val,Y1,14.456333,15.020732
val,Y1,14.273666,17.172153
val,Y1,14.029764,13.201317
val,Y1,13.688139,14.213196
val,Y1,13.334458,14.144089
val,Y1,13.055111,13.645615
val,Y1,12.859472,13.784292
val,Y1,12.688375,12.252378
val,Y1,12.514334,14.447268
val,Y1,12.377444,17.705036
val,Y1,12.246944,15.548282
val,Y1,12.07143,11.744923
val,Y1,11.925111,8.172703
val,Y1,11.674361,7.690104
val,Y1,11.283472,7.869902
val,Y1,10.97907,4.8716993
val,Y1,10.976139,5.3132315
val,Y1,11.378333,6.3899136
val,Y1,11.940708,8.1631155
val,Y1,12.489847,9.526648
val,Y1,13.050889,10.331371
val,Y1,13.482764,12.0567665
val,Y1,13.769278,13.561941
val,Y1,14.08175,13.653975
val,Y1,14.37982,11.503231
val,Y1,14.614333,8.218035
val,Y1,14.642,7.8940506
val,Y1,14.31757,9.769079
val,Y1,13.511653,9.353813
val,Y1,12.296083,7.804535
val,Y1,10.873445,8.961049
val,Y1,9.40575,8.821669
val,Y1,8.254,10.0099
val,Y1,7.3936806,9.373657
val,Y1,6.5563474,8.139975
val,Y1,5.726486,10.635271
val,Y1,4.925764,8.805499
val,Y1,3.9677083,7.761079
val,Y1,2.9754305,10.470515
val,Y1,2.7922084,9.970642
val,Y1,3.8110833,10.544625
val,Y1,5.268236,11.62171
val,Y1,6.5198474,11.770807
val,Y1,7.536486,9.955404
val,Y1,8.446667,5.6726556
val,Y1,9.389347,8.0521145
val,Y1,10.266,14.270098
val,Y1,10.818819,12.918742
val,Y1,11.040806,9.03461
val,Y1,11.269292,8.419342
val,Y1,11.475972,11.017285
val,Y1,11.401792,14.40751
val,Y1,11.009111,13.5097065
val,Y1,10.613653,12.605976
val,Y1,10.59125,10.60309
val,Y1,10.71375,9.19841
val,Y1,10.526944,9.667507
val,Y1,9.558888,9.744533
val,Y1,7.821264,9.0648155
val,Y1,5.6870832,12.095324
val,Y1,3.4626527,9.83927
val,Y1,1.6803056,7.1324944
val,Y1,0.5636111,9.010651
val,Y1,0.10268056,11.962255
val,Y1,0.28702778,9.211681
val,Y1,1.3361388,4.6299353
val,Y1,2.9627361,4.0133553
val,Y1,4.4617777,2.7891529
val,Y1,5.7917914,2.3719537
val,Y1,7.1480556,2.2788556
val,Y1,8.384042,2.7710788
val,Y1,9.36075,3.208233
val,Y1,9.905528,3.5656946
val,Y1,9.756291,3.430064
val,Y1,8.894889,3.1558197
val,Y1,7.9719167,3.3367474
val,Y1,7.780958,3.446173
val,Y1,8.269694,3.2556136
val,Y1,9.092278,7.804217
val,Y1,9.91193,10.800617
val,Y1,10.37575,8.139196
val,Y1,10.48982,8.111869
val,Y1,10.420514,7.071115
val,Y1,9.846986,5.0169125
val,Y1,8.706639,5.029352
val,Y1,7.3516665,4.8012166
val,Y1,6.0378613,5.478739
val,Y1,4.2726526,9.1584835
val,Y1,2.4436529,9.545998
val,Y1,2.152111,8.593677
val,Y1,3.203264,8.13319
val,Y1,4.483222,9.653083
val,Y1,5.3531113,14.467867
val,Y1,5.7714443,17.155886
val,Y1,6.1262083,15.552861
val,Y1,6.335111,9.824597
val,Y1,6.4543056,8.793432
val,Y1,6.8278055,8.113525
val,Y1,7.214736,8.277384
val,Y1,7.356889,10.508413
val,Y1,7.034111,10.657614
val,Y1,6.0537086,9.040562
val,Y1,4.799278,14.572784
val,Y1,3.5889723,18.959394
val,Y1,2.6167638,12.618948
val,Y1,1.8851666,9.283957
val,Y1,0.9970972,9.247427
val,Y1,0.24025,10.899946
val,Y1,0.123333335,9.054868
val,Y1,0.45820832,10.208416
val,Y1,0.7695278,12.110048
val,Y1,0.69244444,12.769594
val,Y1,0.41418055,11.823961
val,Y1,0.21248612,8.239279
val,Y1,0.078041665,7.223529
val,Y1,0.04586111,6.846943
val,Y1,0.29644445,6.04177
val,Y1,0.77641666,6.511102
val,Y1,1.0954862,5.932003
val,Y1,1.0964305,10.458042
val,Y1,0.99602777,13.323002
val,Y1,1.3830833,8.967825
val,Y1,2.2950416,7.508375
val,Y1,3.2164445,10.5501995
val,Y1,4.0637083,9.527945
val,Y1,4.5789723,8.975456
val,Y1,4.144181,10.746886
val,Y1,3.4034028,7.4192405
val,Y1,3.7075279,7.9683213
val,Y1,4.721097,7.551265
val,Y1,5.3982778,6.9498396
val,Y1,5.5469723,7.7314243
val,Y1,5.5661526,12.452303
val,Y1,5.777528,14.648061
val,Y1,6.128861,12.156019
val,Y1,6.5948887,12.133736
val,Y1,7.300597,12.295334
val,Y1,8.083834,14.444386
val,Y1,8.804528,13.523815
val,Y1,9.537833,11.175889
val,Y1,10.270778,11.144606
val,Y1,10.94275,10.950439
val,Y1,11.435208,11.480284
val,Y1,11.78118,10.486003
val,Y1,11.8793335,7.972178
val,Y1,11.5818615,9.792407
val,Y1,11.047722,12.872448
val,Y1,10.06125,14.182901
val,Y1,8.607792,10.41057
val,Y1,7.2013054,7.1170926
val,Y1,6.469,5.566607
val,Y1,6.6376805,5.2465034
val,Y1,7.242375,6.2132473
val,Y1,7.831486,6.586338
val,Y1,8.314458,7.309231
val,Y1,8.669416,6.2816124
val,Y1,8.616042,5.3797607
val,Y1,7.9634304,5.8589973
val,Y1,6.693486,4.8817325
val,Y1,4.9490833,4.5655
val,Y1,3.08525,4.4503756
val,Y1,1.6693333,3.4987507
val,Y1,0.92906946,3.4456775
val,Y1,0.6345556,3.2536175
val,Y1,0.76125,2.7828844
val,Y1,1.5855973,2.5465324
val,Y1,2.8794584,2.4599802
val,Y1,4.2095,2.4973288
val,Y1,5.476222,2.5746562
val,Y1,6.483514,2.4712522
val,Y1,7.044,2.7380774
val,Y1,6.9396667,2.8744328
val,Y1,6.172694,2.9819343
val,Y1,4.952542,2.8084702
val,Y1,3.5160556,2.985219
val,Y1,2.107014,6.81691
val,Y1,1.3073194,9.830009
val,Y1,1.8473195,7.484483
val,Y1,3.2703195,6.067803
val,Y1,4.667486,7.2062454
val,Y1,5.404667,10.61099
val,Y1,4.7906666,12.522919
val,Y1,3.3434584,9.891495
val,Y1,2.2633333,8.712536
val,Y1,1.4943889,10.8501
val,Y1,0.7514028,12.143848
val,Y1,0.33891666,15.793646
val,Y1,0.13076389,12.948397
val,Y1,0.016291667,8.964665
val,Y1,0.015472222,8.4064865
val,Y1,0.014027778,11.967417
val,Y1,0.014138889,11.010377
val,Y1,0.019888889,7.459668
val,Y1,0.017416667,8.603007
val,Y1,0.014180556,8.849882
val,Y1,0.30480555,7.8002396
val,Y1,1.3355973,5.859192
val,Y1,2.6990416,7.4917583
val,Y1,3.86875,8.133091
val,Y1,4.957111,8.694092
val,Y1,5.6825137,10.597132
val,Y1,6.041347,9.471527
val,Y1,6.4203334,8.460815
val,Y1,6.908111,9.045898
val,Y1,7.4765277,12.635424
val,Y1,8.039389,15.303755
val,Y1,8.592625,12.019495
val,Y1,9.063681,9.345348
val,Y1,9.334056,9.966925
val,Y1,9.391111,10.533155
val,Y1,9.343653,10.642343
val,Y1,9.333222,10.545331
val,Y1,9.386264,10.071776
val,Y1,9.451195,13.033453
val,Y1,9.318848,12.879694
val,Y1,8.823486,11.655845
val,Y1,8.098056,10.578216
val,Y1,7.483722,11.808091
val,Y1,7.032403,11.160982
val,Y1,6.455222,9.454347
val,Y1,5.754611,10.223373
val,Y1,5.2944584,13.114222
val,Y1,5.3229303,13.861306
val,Y1,5.8199167,8.656331
val,Y1,6.5533056,6.7506933
val,Y1,7.204472,8.812302
val,Y1,7.8012223,11.038645
val,Y1,8.405444,11.202519
val,Y1,8.965153,10.355975
val,Y1,9.477236,11.933199
val,Y1,9.748959,11.62129
val,Y1,9.690763,10.506933
val,Y1,9.490055,10.787951
val,Y1,9.435722,11.726309
val,Y1,9.70375,17.346968
val,Y1,10.151208,16.23115
val,Y1,10.462014,12.794779
val,Y1,10.4835,13.050986
val,Y1,10.240875,13.253865
val,Y1,9.823083,11.724581
val,Y1,9.444639,7.8788576
val,Y1,9.321555,9.483341
val,Y1,9.282875,9.131806
val,Y1,8.507459,7.8778152
val,Y1,7.10625,9.268158
val,Y1,5.8966804,8.999054
val,Y1,5.116486,10.43944
val,Y1,4.813319,9.474707
val,Y1,4.684625,8.76752
val,Y1,4.3175416,9.793114
val,Y1,3.97225,9.091227
val,Y1,4.302375,8.50967
val,Y1,4.903764,6.6902666
val,Y1,5.288653,7.336389
val,Y1,5.73075,8.488052
val,Y1,6.193514,8.502212
val,Y1,6.600917,10.278963
val,Y1,7.1738195,9.989788
val,Y1,7.650014,8.945633
val,Y1,7.7013474,10.025265
val,Y1,7.5938196,9.449948
val,Y1,7.358736,11.134774
val,Y1,6.7125,12.159283
val,Y1,5.6707363,14.760237
val,Y1,5.1731944,12.13315
val,Y1,5.8904443,8.215475
val,Y1,7.0198474,8.093893
val,Y1,7.918097,7.195825
val,Y1,8.638153,8.244144
val,Y1,9.0014305,8.893002
val,Y1,8.922055,10.501814
val,Y1,8.45518,12.599951
val,Y1,7.540514,12.975626
val,Y1,6.174389,10.263781
val,Y1,4.632167,8.911627
val,Y1,3.6543334,7.2395744
val,Y1,3.692,8.656506
val,Y1,4.2836113,8.184921
val,Y1,4.997208,8.34303
val,Y1,5.7934165,8.625376
val,Y1,6.8084307,8.718285
val,Y1,7.8044724,8.827068
val,Y1,8.4395,8.625695
val,Y1,8.964306,8.344388
val,Y1,9.453153,11.070741
val,Y1,9.729514,13.302339
val,Y1,9.871528,12.098873
val,Y1,10.036292,11.600917
val,Y1,10.214042,10.40517
val,Y1,10.391625,9.7643
val,Y1,10.547527,9.620153
val,Y1,10.594542,12.882525
val,Y1,10.047347,12.494743
val,Y1,9.245514,8.969143
val,Y1,8.67875,7.914556
val,Y1,8.185958,8.076239
val,Y1,8.114639,8.9608555
val,Y1,8.46675,9.216523
val,Y1,8.935458,9.470794
val,Y1,9.420459,8.27985
val,Y1,9.686014,9.682887
val,Y1,9.597944,10.900539
val,Y1,9.516486,11.418598
val,Y1,9.7080555,11.010061
val,Y1,10.046431,9.710916
val,Y1,10.379611,10.929771
val,Y1,10.687695,12.161596
val,Y1,10.931306,9.508378
val,Y1,10.443334,7.716894
val,Y1,8.943931,10.560211
val,Y1,7.8152223,11.733967
val,Y1,7.8729305,7.8730803
val,Y1,8.570403,10.31608
val,Y1,9.321597,13.948051
val,Y1,9.757361,21.796595
val,Y1,10.0217085,21.971064
val,Y1,10.245708,17.948204
val,Y1,10.382861,10.881996
val,Y1,10.5565,11.097532
val,Y1,10.734542,10.235321
val,Y1,10.838708,9.436258
val,Y1,10.921416,10.622958
val,Y1,10.837819,12.227514
val,Y1,10.516306,11.0825
val,Y1,10.133597,12.861236
val,Y1,9.631695,14.882252
val,Y1,8.999473,12.604319
val,Y1,8.627084,10.466232
val,Y1,8.722125,10.237156
val,Y1,9.140208,10.872865
val,Y1,9.547973,9.784876
val,Y1,9.657945,10.6194315
val,Y1,9.79375,12.224906
val,Y1,10.040597,11.861177
val,Y1,9.907736,13.395833
val,Y1,9.239139,11.993526
val,Y1,8.1235,8.944471
val,Y1,6.344333,11.463876
val,Y1,4.363278,14.137311
val,Y1,2.7966805,14.5399475
val,Y1,2.0047917,11.829329
val,Y1,2.6270278,10.129915
val,Y1,3.9324443,9.053507
val,Y1,5.174722,9.620371
val,Y1,6.396375,10.942802
val,Y1,7.396528,10.772597
val,Y1,8.260014,12.58464
val,Y1,8.982542,13.495661
val,Y1,9.230222,10.131072
val,Y1,8.855194,9.957546
val,Y1,7.9448195,10.952745
val,Y1,6.8896527,17.088522
val,Y1,6.3030696,16.84293
val,Y1,6.218514,10.147437
val,Y1,6.262,13.106601
val,Y1,6.2519584,14.690514
val,Y1,6.183361,11.249416
val,Y1,6.073514,9.878562
val,Y1,5.8427777,12.521959
val,Y1,5.7865415,11.730392
val,Y1,6.0929165,7.9075108
val,Y1,6.359847,17.141659
val,Y1,6.3297915,17.97772
val,Y1,6.1750555,7.7941914
val,Y1,6.1379027,6.944728
val,Y1,6.406778,7.855419
val,Y1,7.004097,7.1220675
val,Y1,8.124917,5.5397954
val,Y1,9.725361,9.630815
val,Y1,10.571195,11.241993
val,Y1,10.81268,8.410032
val,Y1,11.51,7.812316
val,Y1,11.137806,6.7963715
val,Y1,9.436292,7.1622505
val,Y1,8.276764,8.686652
val,Y1,7.794528,9.265749
val,Y1,7.378667,10.93601
val,Y1,6.7367363,9.796221
val,Y1,5.855222,7.460473
val,Y1,5.3119445,10.481983
val,Y1,5.5244584,12.85474
val,Y1,6.2731113,12.354775
val,Y1,7.1788054,11.097502
val,Y1,7.984361,6.9762387
val,Y1,8.428306,6.504657
val,Y1,8.346139,7.378022
val,Y1,7.6271806,6.588192
val,Y1,6.4892917,9.644495
val,Y1,5.4959445,10.183662
val,Y1,5.174667,13.199913
val,Y1,5.6270137,14.673503
val,Y1,6.3873334,9.708866
val,Y1,7.2393475,11.302973
val,Y1,8.051708,13.702909
val,Y1,8.543959,10.319174
val,Y1,8.671611,8.1821995
val,Y1,8.480416,8.658821
val,Y1,8.27175,8.023166
val,Y1,8.177,9.227629
val,Y1,8.200139,11.664183
val,Y1,8.592889,11.658045
val,Y1,9.234361,11.107362
val,Y1,9.628111,9.390494
val,Y1,9.453917,9.317959
val,Y1,8.94932,10.7805195
val,Y1,8.510528,10.683878
val,Y1,8.45807,10.63848
val,Y1,8.981903,10.305866
val,Y1,9.831264,9.138068
val,Y1,10.5599165,11.575279
val,Y1,10.828847,13.640551
val,Y1,10.85825,13.16074
val,Y1,11.058291,15.356661
val,Y1,11.403042,14.103832
val,Y1,11.73257,6.096856
val,Y1,11.791889,6.9886713
val,Y1,11.609417,8.865548
val,Y1,11.429889,8.715437
val,Y1,11.394444,9.444298
val,Y1,11.399153,7.662992
val,Y1,11.251555,6.3957014
val,Y1,11.188292,10.003958
val,Y1,11.493931,11.121781
val,Y1,11.804542,9.210514
val,Y1,11.965097,9.854256
val,Y1,12.21725,10.772505
val,Y1,12.425,12.30912
val,Y1,12.4042635,12.906834
val,Y1,12.115111,15.16221
val,Y1,12.084653,14.526018
val,Y1,12.379416,9.489683
val,Y1,12.581708,8.07797
val,Y1,12.701292,8.618324
val,Y1,12.17775,10.282532
val,Y1,11.080264,9.611702
val,Y1,10.610389,8.845833
val,Y1,11.169181,7.3369074
val,Y1,12.144097,9.98522
val,Y1,13.1135,11.776277
val,Y1,13.837791,8.949046
val,Y1,14.065028,10.708885
val,Y1,13.624181,11.28486
val,Y1,12.5715,11.317003
val,Y1,11.384958,12.113365
val,Y1,10.354959,10.087042
val,Y1,9.4753475,7.823742
val,Y1,8.581555,8.676535
val,Y1,7.367708,7.8188868
val,Y1,6.0530276,5.8779707
val,Y1,5.5513196,5.3755274
val,Y1,6.0247917,6.5291862
val,Y1,6.8366528,7.6775017
val,Y1,7.785875,7.3227882
val,Y1,8.646611,5.9022408
val,Y1,9.189931,6.0898843
val,Y1,9.586847,6.440852
val,Y1,9.968903,6.767722
val,Y1,10.4745,6.237233
val,Y1,11.079348,8.428009
val,Y1,11.571736,11.25302
val,Y1,11.852333,8.457409
val,Y1,12.007347,7.0749702
val,Y1,12.058958,7.3392997
val,Y1,11.853639,9.943981
val,Y1,11.405889,10.485064
val,Y1,10.5495,10.736391
val,Y1,9.152889,11.676193
val,Y1,8.003902,9.125881
val,Y1,7.468514,7.3427362
val,Y1,7.083653,7.694235
val,Y1,6.669903,8.92054
val,Y1,6.3295417,9.216068
val,Y1,6.1235557,8.073813
val,Y1,6.047861,7.1081233
val,Y1,6.1945,6.7009654
val,Y1,6.479111,6.6400285
val,Y1,6.640792,9.060959
val,Y1,6.574236,9.269838
val,Y1,6.3449306,8.471536
val,Y1,6.0844445,10.353747
val,Y1,5.9905,11.61284
val,Y1,6.076208,9.9131975
val,Y1,6.486778,8.223777
val,Y1,7.2105694,6.5212803
val,Y1,7.784,5.1019373
val,Y1,8.153222,6.3522725
val,Y1,8.654028,8.023791
val,Y1,9.1443615,6.764499
val,Y1,9.170417,7.1858387
val,Y1,8.356806,8.19047
val,Y1,6.7456527,6.5230656
val,Y1,5.0780416,3.9687755
val,Y1,4.246208,4.2137055
val,Y1,4.6895556,7.172762
val,Y1,5.8115835,7.9261503
val,Y1,6.8775415,6.611972
val,Y1,7.5945,7.270897
val,Y1,7.92825,8.367325
val,Y1,8.120556,9.346652
val,Y1,8.169723,7.8439484
val,Y1,8.2135,6.0403476
val,Y1,8.687236,6.736148
val,Y1,9.510208,7.285715
val,Y1,10.315361,5.7184052
val,Y1,10.974139,2.966737
val,Y1,11.4777775,3.1374562
val,Y1,11.897695,3.372063
val,Y1,12.330375,3.1966906
val,Y1,12.611736,3.0312018
val,Y1,12.615958,4.509538
val,Y1,12.430472,11.844057
val,Y1,12.282416,9.754192
val,Y1,12.254556,6.000653
val,Y1,12.317542,7.319332
val,Y1,12.523639,8.1761055
val,Y1,12.766306,8.593458
val,Y1,12.999444,7.8907886
val,Y1,13.1554165,7.5491323
val,Y1,13.037,8.404502
val,Y1,12.589833,9.609993
val,Y1,11.837014,10.752041
val,Y1,10.770708,9.431595
val,Y1,9.61318,7.294874
val,Y1,8.533958,7.7710805
val,Y1,7.7819166,7.3773108
val,Y1,7.438597,6.5065117
val,Y1,7.389917,7.044815
val,Y1,7.46825,6.8535423
val,Y1,7.4518056,7.4513073
val,Y1,7.6160417,9.91332
val,Y1,8.133986,9.744509
val,Y1,8.830722,9.5929
val,Y1,9.534403,9.489729
val,Y1,10.183736,11.332714
val,Y1,10.760236,9.296521
val,Y1,11.371098,6.332006
val,Y1,12.037,6.814067
val,Y1,12.566986,8.204365
val,Y1,13.00532,9.276101
val,Y1,13.296987,8.902914
val,Y1,13.223069,8.184034
val,Y1,12.944708,7.104903
val,Y1,12.7711525,6.9760704
val,Y1,12.7375555,5.0018187
val,Y1,12.73525,4.622631
val,Y1,12.5090275,3.6368363
val,Y1,12.029333,2.5984159
val,Y1,11.556556,2.4526575
val,Y1,11.180041,2.399633
val,Y1,10.855056,2.8520951
val,Y1,10.714236,3.066944
val,Y1,10.764264,2.5285609
val,Y1,10.804528,2.5314016
val,Y1,10.800236,3.0156152
val,Y1,10.736652,3.1059844
val,Y1,10.639209,3.0211957
val,Y1,10.662209,3.3915355
val,Y1,10.7381525,3.310436
val,Y1,10.628917,3.4816568
val,Y1,10.512611,3.007715
val,Y1,10.646986,3.7568696
val,Y1,10.764639,6.897607
val,Y1,10.574833,8.417278
val,Y1,10.42625,7.6929555
val,Y1,10.525653,5.023418
val,Y1,10.767236,4.8251467
val,Y1,11.118305,6.595763
val,Y1,11.59475,10.132755
val,Y1,12.294875,10.656817
val,Y1,12.857291,13.44603
val,Y1,13.104777,14.834633
val,Y1,13.34857,14.277238
val,Y1,13.675555,12.64041
val,Y1,14.02475,7.162044
val,Y1,14.331403,3.507956
val,Y1,14.469569,3.5213356
val,Y1,14.297778,4.3157687
val,Y1,13.930528,8.481968
val,Y1,13.536917,10.391089
val,Y1,13.074917,8.706978
val,Y1,12.282222,7.2438736
val,Y1,10.859263,6.1739197
val,Y1,8.962556,8.118089
val,Y1,7.0099583,9.970586
val,Y1,5.2885556,8.078573
val,Y1,3.8741388,5.5628595
val,Y1,2.784139,5.7431774
val,Y1,1.9112362,4.5244946
val,Y1,1.2749444,2.9050167
val,Y1,0.9671528,6.9558296
val,Y1,0.7550833,15.757341
val,Y1,0.49694446,18.173086
val,Y1,0.32893056,16.618559
val,Y1,0.31898612,15.229901
val,Y1,0.5114722,16.341894
val,Y1,1.0520694,17.847212
val,Y1,1.9235139,18.995512
val,Y1,3.0012777,15.448137
val,Y1,4.268125,16.990877
val,Y1,5.4688473,20.32892
val,Y1,6.2735415,15.121756
val,Y1,6.967375,13.048982
val,Y1,7.7557917,14.073603
val,Y1,8.286764,13.5670185
val,Y1,8.229292,11.980437
val,Y1,7.4937916,11.951205
val,Y1,6.1081944,11.310344
val,Y1,4.8375835,10.387859
val,Y1,4.6415415,9.693028
val,Y1,5.3678193,9.262721
val,Y1,6.4281526,6.8074427
val,Y1,7.3855696,4.8085794
val,Y1,7.888597,3.8884478
val,Y1,8.237958,6.4563
val,Y1,8.802792,6.3536844
val,Y1,9.264847,4.393178
val,Y1,9.457958,4.1679316
val,Y1,9.711,6.770693
val,Y1,10.018222,8.798175
val,Y1,10.094791,8.007204
val,Y1,9.955764,7.09474
val,Y1,9.787681,6.2263803
val,Y1,9.8411665,6.643462
val,Y1,10.0935,13.028387
val,Y1,10.330028,13.645117
val,Y1,10.269681,10.461487
val,Y1,9.918028,8.756693
val,Y1,9.738569,6.5723624
val,Y1,10.009722,12.090981
val,Y1,10.67718,12.249878
val,Y1,11.211764,5.49289
val,Y1,11.171611,4.258692
val,Y1,10.840819,8.756479
val,Y1,10.515986,13.325952
val,Y1,10.216028,14.115232
val,Y1,9.940792,14.976494
val,Y1,9.757083,15.880575
val,Y1,9.921695,13.580546
val,Y1,10.597445,13.687375
val,Y1,11.556069,15.010753
val,Y1,12.529486,11.372898
val,Y1,13.165611,6.6063576
val,Y1,13.407805,9.447964
val,Y1,13.682611,8.906273
val,Y1,13.965902,5.977542
val,Y1,14.031097,5.084132
val,Y1,14.109,3.021757
val,Y1,14.295652,3.7195203
val,Y1,14.3455,7.9749928
val,Y1,14.175902,9.0936365
val,Y1,14.053,11.626163
val,Y1,14.069819,13.117466
val,Y1,14.246083,11.521666
val,Y1,14.46718,9.648319
val,Y1,14.446458,4.165487
val,Y1,14.434042,4.884701
val,Y1,14.627625,11.8699255
val,Y1,14.697416,18.180483
val,Y1,14.483097,17.84149
val,Y1,14.19,14.8897705
val,Y1,13.8909445,16.27657
val,Y1,13.179931,17.670681
val,Y1,11.770361,16.829264
val,Y1,10.14557,17.3139
val,Y1,8.580361,17.83616
val,Y1,6.920125,19.430384
val,Y1,5.268472,19.47287
val,Y1,3.764889,18.225443
val,Y1,2.5080833,21.731884
val,Y1,1.6809444,22.988253
val,Y1,1.5399584,13.883828
val,Y1,2.427625,12.300208
val,Y1,3.832611,10.14574
val,Y1,5.1118054,5.7159796
val,Y1,6.1113057,5.4104514
val,Y1,6.7523613,4.447297
val,Y1,7.0770416,4.6471405
val,Y1,6.818333,7.2519226
val,Y1,6.152694,8.559231
val,Y1,5.772861,8.100963
val,Y1,6.115361,9.432592
val,Y1,6.9515834,9.986019
val,Y1,7.767778,9.482085
val,Y1,8.198986,14.858735
val,Y1,8.15582,12.170031
val,Y1,7.603889,6.3100243
val,Y1,6.3596945,4.1607575
val,Y1,4.7854304,4.9515305
val,Y1,3.665514,4.547106
val,Y1,3.4839168,3.327666
val,Y1,4.380736,3.0233505
val,Y1,5.769,2.6880581
val,Y1,6.8717637,2.7515013
val,Y1,7.653167,3.9202325
val,Y1,8.325569,4.3722544
val,Y1,8.818694,3.623149
val,Y1,8.311292,3.075054
val,Y1,6.7419443,2.8965774
val,Y1,5.297389,3.2987928
val,Y1,4.2206945,5.1666737
val,Y1,3.8877084,6.972782
val,Y1,4.8306665,7.5132093
val,Y1,6.1944447,12.698684
val,Y1,6.9535418,12.262301
val,Y1,7.2248054,8.738692
val,Y1,6.985653,7.4249315
val,Y1,6.108264,6.946016
val,Y1,5.4131665,5.5681496
val,Y1,5.322389,6.0214276
val,Y1,5.966264,6.508172
val,Y1,7.0292363,6.781102
val,Y1,7.8930974,7.071388
val,Y1,8.623652,5.1770735
val,Y1,9.261903,4.3900023
val,Y1,9.717542,16.14139
val,Y1,9.824403,16.293135
val,Y1,9.37682,14.714378
val,Y1,8.192264,20.882647
val,Y1,6.8055973,21.190763
val,Y1,5.7778473,18.300364
val,Y1,4.934347,16.36354
val,Y1,4.5625415,16.589605
val,Y1,5.0404444,17.457598
val,Y1,6.0643473,19.332985
val,Y1,7.00575,16.36809
val,Y1,7.494972,17.361248
val,Y1,7.6164165,16.623785
val,Y1,7.871986,15.766467
val,Y1,8.101292,16.119862
val,Y1,8.139402,16.428118
val,Y1,8.272347,15.295408
val,Y1,8.285431,10.152068
val,Y1,7.5816665,9.223037
val,Y1,6.735736,7.507283
val,Y1,6.6753473,4.1958184
val,Y1,7.1870418,5.2000628
val,Y1,7.8631945,7.081585
val,Y1,8.503195,8.434097
val,Y1,8.881736,8.409151
val,Y1,9.080639,7.925785
val,Y1,9.35475,9.060173
val,Y1,9.510263,7.753531
val,Y1,9.497806,4.1452646
val,Y1,9.486931,5.4195642
val,Y1,9.604777,11.179539
val,Y1,9.788292,13.801686
val,Y1,9.93232,14.920296
val,Y1,10.130347,14.901643
val,Y1,10.253834,13.302678
val,Y1,10.094014,15.360193
val,Y1,9.746805,11.316211
val,Y1,9.445723,19.671284
val,Y1,9.328514,17.421885
val,Y1,9.38525,6.8127165
val,Y1,9.656875,7.8892317
val,Y1,10.103125,6.323717
val,Y1,10.442945,6.5230107
val,Y1,10.511416,8.005366
val,Y1,10.31068,6.8616867
val,Y1,10.002319,4.590908
val,Y1,9.780666,7.196802
val,Y1,9.708487,8.433313
val,Y1,9.780903,8.156745
val,Y1,9.914473,8.022705
val,Y1,10.041306,8.177803
val,Y1,9.949041,9.276153
val,Y1,9.56925,10.3021345
val,Y1,9.152306,12.206453
val,Y1,8.628861,9.525881
val,Y1,7.900708,6.538041
val,Y1,7.0094028,6.811773
val,Y1,5.6217084,7.499553
val,Y1,3.7362084,8.450834
val,Y1,1.8579445,10.478163
val,Y1,0.5517361,10.440298
val,Y1,0.06994444,5.7708383
val,Y1,0.016958334,2.7459004
val,Y1,0.019,6.221486
val,Y1,0.016152779,10.53816
val,Y1,0.013666667,8.893719
val,Y1,0.014166667,10.659054
val,Y1,0.014444444,10.84568
val,Y1,0.013944444,8.743742
val,Y1,0.013791666,8.956844
val,Y1,0.015263889,7.919774
val,Y1,0.15093055,5.037593
val,Y1,1.4246111,3.818084
val,Y1,3.3236806,4.315811
val,Y1,4.475514,9.021715
val,Y1,5.232764,10.212405
val,Y1,5.826125,8.348781
val,Y1,5.910681,11.016548
val,Y1,4.9584723,14.610594
val,Y1,3.6599445,11.291811
val,Y1,3.728111,9.358322
val,Y1,5.109625,10.629934
val,Y1,6.5880556,9.4853115
val,Y1,7.820653,8.015956
val,Y1,8.946264,7.3143344
val,Y1,10.039153,7.719843
val,Y1,10.932236,10.085466
val,Y1,11.572194,10.56348
val,Y1,12.198986,9.227024
val,Y1,12.692125,7.5315228
val,Y1,12.919375,4.856703
val,Y1,13.156944,4.968824
val,Y1,13.5305,5.1903872
val,Y1,13.952,5.094982
val,Y1,14.2786665,7.535434
val,Y1,14.341708,13.240796
val,Y1,14.189847,13.049606
val,Y1,14.010805,8.524878
val,Y1,13.825097,9.723324
val,Y1,13.674556,9.722861
val,Y1,13.599514,8.894068
val,Y1,13.471986,9.421154
val,Y1,13.270987,9.130884
val,Y1,13.09625,10.407497
val,Y1,12.884653,12.9399185
val,Y1,12.17475,11.325811
val,Y1,10.915639,9.320577
val,Y1,9.471583,10.286163
val,Y1,8.421097,9.446704
val,Y1,8.054194,8.288744
val,Y1,7.9469585,7.349186
val,Y1,7.8769307,7.911357
val,Y1,8.040028,6.597685
val,Y1,8.669014,3.7634647
val,Y1,9.465639,5.0523424
val,Y1,9.942792,10.312302
val,Y1,9.96825,9.871283
val,Y1,9.793597,6.641857
val,Y1,9.6872225,7.950304
val,Y1,9.696875,7.7016363
val,Y1,9.8943615,8.942999
val,Y1,10.219277,10.813164
val,Y1,10.549236,11.299898
val,Y1,10.914125,10.8869705
val,Y1,11.420625,9.225016
val,Y1,12.055098,9.032145
val,Y1,12.527445,8.864031
val,Y1,12.478375,11.476557
val,Y1,11.9650135,11.460643
val,Y1,11.259722,11.069269
val,Y1,10.522014,9.074762
val,Y1,9.974958,6.996295
val,Y1,9.5662775,6.031344
val,Y1,9.15607,5.898302
val,Y1,8.795222,6.442151
val,Y1,8.486972,6.811368
val,Y1,8.234389,4.814269
val,Y1,8.087931,2.8121016
val,Y1,7.925,2.7256052
val,Y1,7.612597,2.548766
val,Y1,7.3160973,2.917608
val,Y1,6.907722,5.874962
val,Y1,6.129236,7.239401
val,Y1,5.254736,8.048823
val,Y1,4.627278,9.846772
val,Y1,4.232389,8.639638
val,Y1,3.9676666,8.042278
val,Y1,3.8123333,10.979248
val,Y1,3.6999445,10.684141
val,Y1,3.570639,9.929741
val,Y1,3.3685973,9.499854
val,Y1,3.0442083,8.899791
val,Y1,2.6058333,8.988466
val,Y1,2.140486,7.3616323
val,Y1,1.7741805,6.5178623
val,Y1,1.5194305,6.148383
val,Y1,1.29125,7.5718565
val,Y1,1.0527084,8.207881
val,Y1,0.79581946,12.197729
val,Y1,0.5155,16.973
val,Y1,0.22565278,12.650646
val,Y1,0.06566667,10.214348
val,Y1,0.0355,7.7969112
val,Y1,0.014277778,8.658654
val,Y1,0.012180556,10.258683
val,Y1,0.019541666,10.876093
val,Y1,0.029347222,12.112189
val,Y1,0.14825,11.604454
val,Y1,0.82131946,11.184552
val,Y1,2.2251666,12.111713
val,Y1,3.7625418,11.839693
val,Y1,4.9899445,13.905411
val,Y1,5.936153,15.338064
val,Y1,6.610708,11.963411
val,Y1,7.1205835,12.209122
val,Y1,7.6245694,10.106363
val,Y1,8.134181,11.47282
val,Y1,8.602445,13.522718
val,Y1,8.885805,13.886072
val,Y1,9.031042,9.931233
val,Y1,9.256291,13.172865
val,Y1,9.733306,15.027264
val,Y1,10.290889,12.197109
val,Y1,10.596194,9.521202
val,Y1,10.7915,10.620755
val,Y1,11.081278,14.238479
val,Y1,11.5975,18.693329
val,Y1,12.309806,13.561251
val,Y1,12.648486,3.437091
val,Y1,12.511431,4.892678
val,Y1,12.219194,9.777187
val,Y1,11.887208,11.723146
val,Y1,11.628847,12.848188
val,Y1,11.608736,10.897694
val,Y1,12.005542,8.285033
val,Y1,12.665722,6.965046
val,Y1,13.403028,6.6767406
val,Y1,14.097222,7.487178
val,Y1,14.5616665,7.56683
val,Y1,14.837973,6.363385
val,Y1,15.099222,5.0176353
val,Y1,15.294209,3.6376226
val,Y1,15.275556,3.309146
val,Y1,15.086833,3.1423569
val,Y1,14.872791,3.462221
val,Y1,14.567111,3.4654539
val,Y1,13.901709,5.7308674
val,Y1,12.9013195,6.6230364
val,Y1,12.077736,6.756856
val,Y1,11.584611,9.06789
val,Y1,11.077791,8.19621
val,Y1,9.715347,7.610955
val,Y1,8.268458,8.727392
val,Y1,8.065181,9.626074
val,Y1,8.546875,8.805473
val,Y1,8.844347,6.2262325
val,Y1,8.648181,6.7115326
val,Y1,8.439097,8.800553
val,Y1,8.481042,7.992765
val,Y1,8.748625,5.0871506
val,Y1,9.250944,2.9047263
val,Y1,9.898152,3.7997177
val,Y1,10.562278,7.109795
val,Y1,10.778861,11.6107235
val,Y1,10.574333,18.282358
val,Y1,10.53,15.932459
val,Y1,10.228125,13.97747
val,Y1,9.819375,15.425143
val,Y1,10.097736,10.631349
val,Y1,10.804139,11.119244
val,Y1,11.611097,12.2298
val,Y1,12.286,11.952099
val,Y1,12.819125,13.368387
val,Y1,13.26068,15.843174
val,Y1,13.5292635,13.9228115
val,Y1,13.769139,10.434223
val,Y1,13.788903,9.004812
val,Y1,13.836111,7.8242235
val,Y1,14.132125,7.154797
val,Y1,14.396,6.6805205
val,Y1,14.666667,4.8925915
val,Y1,14.994792,2.920972
val,Y1,15.383445,2.431638
val,Y1,15.578195,2.603561
val,Y1,15.77875,2.946699
val,Y1,15.952681,2.79731
val,Y1,15.997528,6.244828
val,Y1,16.396458,9.455879
val,Y1,17.025764,5.567979
val,Y1,17.7525,4.006926
val,Y1,18.416931,7.057541
val,Y1,18.548277,9.874182
val,Y1,18.179083,9.277398
val,Y1,17.81129,10.915827
val,Y1,17.680487,11.376766
val,Y1,17.703917,6.380568
val,Y1,17.674347,3.48199
val,Y1,17.47961,4.21695
val,Y1,17.363903,5.096649
val,Y1,17.45232,7.98582
val,Y1,17.535402,8.151764
val,Y1,17.496513,9.184332
val,Y1,17.45621,6.937615
val,Y1,17.485043,6.282915
val,Y1,17.496181,6.831079
val,Y1,17.572971,7.489959
val,Y1,17.812347,8.479412
val,Y1,17.98818,8.780617
val,Y1,17.999487,9.260364
val,Y1,18.018847,7.1757174
val,Y1,18.26843,4.5129194
val,Y1,18.73018,3.6774857
val,Y1,19.01036,5.004445
val,Y1,19.026527,9.567553
val,Y1,18.86825,11.433832
val,Y1,18.651154,11.587353
val,Y1,18.690416,7.4809976
val,Y1,18.888042,5.061822
val,Y1,18.89632,3.989228
val,Y1,19.812431,2.9079397
val,Y1,20.336834,3.5224574
val,Y1,19.693542,3.5657804
val,Y1,19.449848,3.570535
val,Y1,19.401598,4.6377087
val,Y1,19.103514,4.535369
val,Y1,18.570847,3.450154
val,Y1,18.373041,3.106098
val,Y1,18.521444,3.752917
val,Y1,18.7305,3.8552394
val,Y1,18.932167,3.2521915
val,Y1,19.125805,3.7158558
val,Y1,19.082125,4.377387
val,Y1,18.817305,4.202708
val,Y1,18.517263,3.3739238
val,Y1,18.238832,4.2632194
val,Y1,18.202986,7.640788
val,Y1,18.478777,8.607538
val,Y1,18.808098,8.20539
val,Y1,19.16096,7.782587
val,Y1,19.315166,7.131578
val,Y1,18.092361,7.374788
val,Y1,13.028014,5.7035885
val,Y1,7.4779167,4.152675
val,Y1,4.6311665,3.8695583
val,Y1,1.7205695,4.604006
val,Y1,0.031805556,6.0522375
val,Y1,4.6162224,6.5576916
val,Y1,13.97407,6.997118
val,Y1,18.886152,6.880266
val,Y1,18.827305,6.606807
val,Y1,18.438667,7.3435726
val,Y1,17.955805,6.6535063
val,Y1,17.439959,5.097276
val,Y1,16.99943,6.0225515
val,Y1,16.776861,6.8056746
val,Y1,16.888653,7.2372084
val,Y1,17.280792,6.141019
val,Y1,17.722986,6.4391603
val,Y1,17.913805,7.0744762
val,Y1,17.836111,6.967227
val,Y1,17.736319,6.4771314
val,Y1,17.777653,5.98505
val,Y1,17.997,4.289299
val,Y1,18.299944,3.2329838
val,Y1,18.614681,3.6538894
val,Y1,18.969084,5.00155
val,Y1,19.361237,5.2820754
val,Y1,19.637486,3.7710168
val,Y1,19.600222,2.6832426
val,Y1,19.38457,4.918469
val,Y1,19.249277,5.0230722
val,Y1,19.21743,3.327366
val,Y1,19.232944,7.863837
val,Y1,19.301111,14.368502
val,Y1,19.453056,17.336636
val,Y1,19.666597,17.051683
val,Y1,19.500195,13.588383
val,Y1,18.646597,13.559234
val,Y1,17.423403,11.443754
val,Y1,16.299583,12.306013
val,Y1,15.453305,17.40794
val,Y1,15.113778,17.502962
val,Y1,15.453709,16.581123
val,Y1,15.92918,15.425809
val,Y1,16.196486,14.942667
val,Y1,16.48307,22.717735
val,Y1,16.867208,18.84942
val,Y1,17.001833,11.989415
val,Y1,16.59175,13.8487835
val,Y1,15.674916,14.531841
val,Y1,14.400139,11.120682
val,Y1,12.54875,6.159604
val,Y1,10.23,4.465391
val,Y1,7.8965836,4.0419536
val,Y1,6.094375,4.7784424
val,Y1,5.5223475,6.4759474
val,Y1,6.2752776,8.801254
val,Y1,7.691,10.931268
val,Y1,8.65607,13.252071
val,Y1,8.704972,10.1143055
val,Y1,8.437041,9.548505
val,Y1,8.545847,8.639123
val,Y1,9.119792,8.750224
val,Y1,9.876348,9.639214
val,Y1,10.622541,6.370298
val,Y1,11.309097,6.002722
val,Y1,11.532111,5.1476793
val,Y1,11.229722,3.2885473
val,Y1,10.868722,2.9491518
val,Y1,10.705653,2.7638633
val,Y1,10.686402,2.7596657
val,Y1,10.534708,3.3864212
val,Y1,10.426666,3.6762269
val,Y1,10.812667,4.4335775
val,Y1,11.343458,6.499898
val,Y1,11.45775,8.511095
val,Y1,11.334611,7.515987
val,Y1,11.404972,8.965184
val,Y1,11.79532,9.122215
val,Y1,12.320111,10.651381
val,Y1,12.874514,10.611017
val,Y1,13.2977085,7.7049646
val,Y1,13.366902,10.127283
val,Y1,13.18757,10.458552
val,Y1,13.057236,9.455896
val,Y1,13.029486,14.58485
val,Y1,13.017764,12.159912
val,Y1,13.056666,10.836275
val,Y1,12.940291,13.045215
val,Y1,12.559722,13.026655
val,Y1,12.216291,12.466958
val,Y1,12.019903,11.6540165
val,Y1,11.881695,11.733924
val,Y1,11.811806,11.918512
val,Y1,11.906542,11.662062
val,Y1,12.120694,10.405979
val,Y1,12.421625,9.416824
val,Y1,12.829111,8.470104
val,Y1,13.2931385,8.859776
val,Y1,13.710569,9.166574
val,Y1,13.815889,5.7371817
val,Y1,13.797444,4.4149055
val,Y1,12.706139,4.5480533
val,Y1,11.456375,4.274001
val,Y1,10.798708,4.047825
val,Y1,9.970819,5.667815
val,Y1,9.380389,8.004594
val,Y1,8.7355,9.069129
val,Y1,8.32443,10.514637
val,Y1,8.610778,10.660209
val,Y1,9.358694,10.175376
val,Y1,9.670333,9.880178
val,Y1,9.431125,10.267854
val,Y1,9.496445,9.226189
val,Y1,10.216361,5.7541804
val,Y1,11.323611,3.4541893
val,Y1,12.800514,5.231557
val,Y1,14.405097,10.67551
val,Y1,15.510944,12.701573
val,Y1,15.344916,11.531338
val,Y1,14.340042,12.143096
val,Y1,13.655694,12.484083
val,Y1,13.256986,12.829796
val,Y1,13.006611,11.954096
val,Y1,12.964778,7.6767373
val,Y1,13.045819,9.4495735
val,Y1,13.259459,11.225106
val,Y1,13.639736,9.340293
val,Y1,14.011139,10.265465
val,Y1,14.099444,9.865725
val,Y1,13.852014,14.383311
val,Y1,13.46682,14.079693
val,Y1,13.184264,7.608634
val,Y1,13.085861,6.9970765
val,Y1,13.053319,6.5246997
val,Y1,12.8041115,6.682541
val,Y1,12.258653,7.1397085
val,Y1,11.385986,4.8428845
val,Y1,10.029333,2.8562956
val,Y1,8.382709,2.6137269
val,Y1,6.5167084,2.7914822
val,Y1,4.6683054,2.9789855
val,Y1,3.4912221,2.973067
val,Y1,3.1468472,3.306564
val,Y1,3.6240277,3.5107603
val,Y1,4.6351805,3.5628755
val,Y1,5.602847,3.3662593
val,Y1,6.2208056,4.885969
val,Y1,6.333597,6.66561
val,Y1,6.2540555,5.5169506
val,Y1,6.3594584,4.019415
val,Y1,6.687208,3.5488925
val,Y1,7.2673473,4.758678
val,Y1,8.062764,3.4674528
val,Y1,9.0853615,4.802934
val,Y1,10.324513,6.544607
val,Y1,11.513028,9.606038
val,Y1,12.12693,11.323131
val,Y1,12.148125,7.7714243
val,Y1,12.188056,8.514354
val,Y1,12.519125,9.116405
val,Y1,13.015111,9.141788
val,Y1,13.5355,9.257979
val,Y1,13.871542,6.893471
val,Y1,13.986305,7.959838
val,Y1,14.0853615,6.3130817
val,Y1,14.125334,4.004627
val,Y1,14.027833,3.5924208
val,Y1,13.932777,3.990972
val,Y1,13.815444,7.8382473
val,Y1,13.549819,11.312813
val,Y1,13.231806,15.303665
val,Y1,12.90582,13.607948
val,Y1,12.347305,14.043901
val,Y1,11.331083,16.372625
val,Y1,9.752236,11.292021
val,Y1,7.836347,14.514795
val,Y1,6.383264,18.472284
val,Y1,6.2092915,17.113787
val,Y1,7.1378613,13.935324
val,Y1,8.386431,11.781075
val,Y1,9.116694,15.107399
val,Y1,8.3769865,16.2022
val,Y1,6.7972083,12.797377
val,Y1,5.680139,11.860822
val,Y1,5.475153,17.055891
val,Y1,6.184375,17.86292
val,Y1,7.1709585,11.372813
val,Y1,7.7794166,13.380031
val,Y1,7.7153473,14.095776
val,Y1,7.3850694,17.509642
val,Y1,7.061792,15.113086
val,Y1,6.62475,10.795332
val,Y1,6.0758195,10.246724
val,Y1,5.1088333,10.972565
val,Y1,3.3771527,14.145454
val,Y1,1.3994861,10.7616415
val,Y1,0.26580554,9.07596
val,Y1,0.017972222,7.221525
val,Y1,0.012708333,5.2044806
val,Y1,0.012902778,3.9924288
val,Y1,0.0125,6.122623
val,Y1,0.023597222,6.2619042
val,Y1,0.4846389,5.240216
val,Y1,1.6383889,4.608963
val,Y1,2.8186111,4.461563
val,Y1,3.6372082,5.512556
val,Y1,4.327764,5.986268
val,Y1,4.9754167,7.872148
val,Y1,5.3672915,5.693337
val,Y1,5.506,3.509711
val,Y1,5.5941668,4.2211714
val,Y1,5.6720276,5.489942
val,Y1,5.9073887,6.242613
val,Y1,6.1086807,4.6389284
val,Y1,6.0241528,6.2419605
val,Y1,5.828986,10.850458
val,Y1,5.5504584,11.688974
val,Y1,5.0782223,12.219332
val,Y1,4.3071527,12.952181
val,Y1,3.4510138,9.019985
val,Y1,3.4584029,8.911791
val,Y1,4.3564863,11.245511
val,Y1,5.257292,11.690692
val,Y1,6.0035276,15.678682
val,Y1,6.430264,16.456015
val,Y1,6.3949723,11.457002
val,Y1,6.1130276,13.718517
val,Y1,5.8170276,13.044258
val,Y1,5.6458473,13.042213
val,Y1,5.5817084,12.935134
val,Y1,5.448583,11.856876
val,Y1,5.0887775,10.437029
val,Y1,4.530653,8.687949
val,Y1,3.755125,9.844136
val,Y1,2.952389,14.989466
val,Y1,2.4236667,19.179968
val,Y1,1.8808334,16.768972
val,Y1,1.1940556,9.269367
val,Y1,0.5950278,5.7114453
val,Y1,0.17825,7.9241743
val,Y1,0.022541666,9.261862
val,Y1,0.018291667,7.778099
val,Y1,0.016138889,7.0349793
val,Y1,0.013652778,4.775686
val,Y1,0.013833334,3.9605448
val,Y1,0.011513889,3.2473433
val,Y1,0.009638889,2.9617984
val,Y1,0.045041665,6.092169
val,Y1,0.32740277,6.89902
val,Y1,1.0325139,4.1008754
val,Y1,1.8671666,4.455282
val,Y1,2.5290556,5.2626853
val,Y1,3.3919444,4.81082
val,Y1,4.55825,4.223629
val,Y1,5.4325137,4.056271
val,Y1,5.6436667,6.774687
val,Y1,5.513653,9.585402
val,Y1,5.930875,8.016378
val,Y1,6.976111,7.7626686
val,Y1,7.7174444,9.644726
val,Y1,7.912736,10.097652
val,Y1,8.026486,11.557675
val,Y1,8.154805,12.185043
val,Y1,7.7082086,10.898146
val,Y1,6.5971947,13.441967
val,Y1,5.4902916,12.521168
val,Y1,4.645236,10.592551
val,Y1,4.514583,8.555704
val,Y1,5.15225,7.5321093
val,Y1,6.0007224,6.6040826
val,Y1,6.7655835,4.642974
val,Y1,7.350458,5.015547
val,Y1,7.87225,3.9227788
val,Y1,8.24118,3.7490337
val,Y1,8.446792,7.0700026
val,Y1,8.564709,10.019676
val,Y1,8.128486,8.185532
val,Y1,7.1004305,8.894198
val,Y1,5.889236,11.582074
val,Y1,4.879597,9.516589
val,Y1,4.916403,8.909111
val,Y1,5.800361,9.994901
val,Y1,6.5556526,7.727575
val,Y1,6.910847,8.010326
val,Y1,6.9521112,7.896651
val,Y1,6.883764,6.244055
val,Y1,6.8813057,5.056009
val,Y1,6.931847,4.2036486
val,Y1,6.9495277,4.089774
val,Y1,6.966111,6.4206123
val,Y1,7.0360417,4.24642
val,Y1,7.155875,3.4985304
val,Y1,7.2660556,6.657842
val,Y1,7.2445555,7.296466
val,Y1,7.0374165,7.9326706
val,Y1,6.8254304,7.9987774
val,Y1,6.7656946,6.8152714
val,Y1,7.042514,7.067117
val,Y1,7.4970417,6.7315764
val,Y1,7.0705137,8.935299
val,Y1,5.491,9.533508
val,Y1,3.799625,8.133098
val,Y1,2.5924306,10.920852
val,Y1,1.8162639,13.427419
val,Y1,1.2056806,14.254475
val,Y1,0.96875,12.144812
val,Y1,1.7510834,8.347228
val,Y1,2.9090416,8.573901
val,Y1,4.043125,9.542753
val,Y1,5.3235693,10.020515
val,Y1,6.3858056,8.847287
val,Y1,7.033653,8.506808
val,Y1,7.107611,8.30793
val,Y1,6.522875,8.502119
val,Y1,5.267208,15.55471
val,Y1,4.112472,15.858255
val,Y1,3.5805833,10.964212
val,Y1,3.933,8.229367
val,Y1,4.8906527,7.297736
val,Y1,5.3005276,9.627721
val,Y1,5.425736,9.04916
val,Y1,6.036722,8.398769
val,Y1,6.7844443,9.597787
val,Y1,7.6060834,6.9444757
val,Y1,8.898278,5.426543
val,Y1,9.973028,4.6708527
val,Y1,10.187458,3.904361
val,Y1,9.922875,4.6494794
val,Y1,9.5413475,3.8735862
val,Y1,9.119903,5.3348513
val,Y1,8.221375,7.521181
val,Y1,6.6527224,7.608713
val,Y1,5.142611,5.46105
val,Y1,4.288889,3.6351464
val,Y1,3.5728471,3.914963
val,Y1,2.4968472,6.873918
val,Y1,1.5884722,6.995698
val,Y1,1.5570278,5.2373896
val,Y1,3.255014,4.150296
val,Y1,6.033472,5.1534615
val,Y1,8.657361,5.22655
val,Y1,10.59625,4.179004
val,Y1,11.281042,4.5881257
val,Y1,10.612306,5.1295075
val,Y1,8.42425,5.2731605
val,Y1,4.8617916,6.892374
val,Y1,3.453861,8.906132
val,Y1,5.3210974,10.457731
val,Y1,7.529972,9.230208
val,Y1,8.60625,7.2031813
val,Y1,8.812555,6.327682
val,Y1,8.896611,5.5417356
val,Y1,8.892861,4.570058
val,Y1,8.980153,4.895567
val,Y1,9.216514,7.0229616
val,Y1,9.509167,6.6398163
val,Y1,9.436708,5.569804
val,Y1,8.97268,5.74144
val,Y1,8.820278,6.216793
val,Y1,9.265708,5.885957
val,Y1,9.827333,4.9071827
val,Y1,9.257472,4.493119
val,Y1,7.5491943,7.650249
val,Y1,5.7865276,8.844059
val,Y1,3.9804583,6.6547318
val,Y1,2.5320277,8.291607
val,Y1,2.95125,9.258953
val,Y1,4.6464305,6.6653585
val,Y1,6.190347,12.082129
val,Y1,7.463153,12.8297825
val,Y1,8.394444,7.8095264
val,Y1,8.907695,7.8878317
val,Y1,8.8081665,7.7339897
val,Y1,7.8583193,8.14784
val,Y1,5.88,10.7827015
val,Y1,4.29575,12.485853
val,Y1,3.9909444,12.907122
val,Y1,4.0711803,8.637403
val,Y1,4.078833,8.53123
val,Y1,3.5340555,9.081694
val,Y1,2.3802361,6.373581
val,Y1,1.3234028,6.275183
val,Y1,0.5819861,9.509383
val,Y1,0.14870833,10.366843
val,Y1,0.034444444,7.3973484
val,Y1,0.29941666,6.0760612
val,Y1,1.1557778,7.6176925
val,Y1,2.1196527,7.4110556
val,Y1,2.7386527,5.987563
val,Y1,3.34025,4.639896
val,Y1,4.026292,3.1583555
val,Y1,4.7793474,3.46859
val,Y1,5.3185415,4.8424454
val,Y1,5.1369724,6.1541085
val,Y1,4.5295835,6.110647
val,Y1,4.5035973,7.565915
val,Y1,5.080583,8.767014
val,Y1,5.7301807,6.8266306
val,Y1,6.290111,4.0707593
val,Y1,6.475972,4.174242
val,Y1,6.2959304,4.294488
val,Y1,6.0136943,4.697589
val,Y1,5.9705696,8.547195
val,Y1,6.3619723,10.852851
val,Y1,6.8584304,12.423965
val,Y1,7.4416666,11.795831
val,Y1,8.578486,14.344442
val,Y1,9.221097,13.270267
val,Y1,8.865292,12.111572
val,Y1,8.485764,9.856419
val,Y1,8.037598,8.732271
val,Y1,7.580764,7.6005416
val,Y1,7.5888057,7.832807
val,Y1,8.002611,11.203894
val,Y1,8.388416,13.052725
val,Y1,8.391319,9.170181
val,Y1,8.3053055,8.812024
val,Y1,8.418305,9.186692
val,Y1,8.450708,10.151048
val,Y1,8.256361,12.8242855
val,Y1,7.999361,13.982484
val,Y1,7.588847,8.466107
val,Y1,6.1174445,6.6682425
val,Y1,3.8294444,13.487786
val,Y1,2.1379445,12.759441
val,Y1,2.066236,8.450342
val,Y1,3.4682777,8.404453
val,Y1,5.287736,9.492851
val,Y1,7.0856805,9.924683
val,Y1,8.609487,8.67454
val,Y1,9.366905,6.726129
val,Y1,9.180988,6.142328
val,Y1,8.133375,6.928504
val,Y1,6.7256804,8.071331
val,Y1,5.756583,7.6787434
val,Y1,5.461458,7.520832
val,Y1,6.1548195,7.110099
val,Y1,7.4844446,7.127225
val,Y1,8.793597,9.159467
val,Y1,9.578792,9.895855
val,Y1,9.550236,11.263176
val,Y1,9.189986,11.979919
val,Y1,8.718862,9.271061
val,Y1,8.086542,4.412668
val,Y1,7.4973335,4.646779
val,Y1,6.7447777,7.8501787
val,Y1,5.267764,12.707248
val,Y1,3.2222917,14.665714
val,Y1,1.7565694,14.616054
val,Y1,2.077861,15.778902
val,Y1,3.6757638,17.579895
val,Y1,5.396375,14.978273
val,Y1,7.2045555,15.767799
val,Y1,8.490264,13.15391
val,Y1,6.926708,13.256205
val,Y1,3.6680138,12.989485
val,Y1,2.2246666,11.829035
val,Y1,2.6752222,11.805208
val,Y1,3.3656666,10.582043
val,Y1,4.2188888,10.513608
val,Y1,5.4276667,12.318659
val,Y1,6.2626944,13.014128
val,Y1,6.8356113,14.597656
val,Y1,7.217639,14.035734
val,Y1,7.126347,13.040961
val,Y1,6.708542,12.1646595
val,Y1,6.358444,10.733816
val,Y1,5.9294167,10.026949
val,Y1,6.0547085,9.820541
val,Y1,7.268361,6.588442
val,Y1,8.484458,5.7169666
val,Y1,9.145514,4.684932
val,Y1,9.3289585,5.1177607
val,Y1,9.227208,5.218351
val,Y1,9.044528,6.4390883
val,Y1,8.259973,8.96336
val,Y1,6.497625,7.5631843
val,Y1,4.841625,7.1132703
val,Y1,4.7620554,9.14463
val,Y1,6.292,10.537117
val,Y1,8.314847,9.079929
val,Y1,9.376847,8.716225
val,Y1,9.32632,8.353085
val,Y1,9.078472,10.648542
val,Y1,8.9858885,10.0934515
val,Y1,9.213764,4.958247
val,Y1,9.693292,3.678808
val,Y1,10.213375,5.1289005
val,Y1,10.566667,5.151993
val,Y1,10.46225,6.1107383
val,Y1,9.9916525,7.7374897
val,Y1,9.635612,8.442099
val,Y1,9.112208,11.704126
val,Y1,8.055861,9.454668
val,Y1,6.5961113,10.79793
val,Y1,4.411667,11.675861
val,Y1,2.3116806,8.550486
val,Y1,1.4220694,7.4553266
val,Y1,2.6291945,8.529364
val,Y1,5.546708,7.956291
val,Y1,8.526709,9.853455
val,Y1,10.002236,9.506658
val,Y1,10.126083,9.51555
val,Y1,10.3175,9.238823
val,Y1,10.415125,9.227186
val,Y1,10.28307,9.480935
val,Y1,10.170555,12.206709
val,Y1,10.139778,12.994798
val,Y1,10.248709,5.6909804
val,Y1,10.618208,4.662282
val,Y1,10.881736,4.3710747
val,Y1,10.801361,2.8494346
val,Y1,10.314847,2.6256216
val,Y1,9.203986,2.7219386
val,Y1,7.579986,3.4038396
val,Y1,5.6214304,3.9284155
val,Y1,3.7272916,4.421538
val,Y1,2.2680416,4.238597
val,Y1,2.0897222,4.020589
val,Y1,3.630375,3.647178
val,Y1,5.6134443,3.8681974
val,Y1,7.2576113,4.086727
val,Y1,8.294153,4.028024
val,Y1,8.686097,4.7493362
val,Y1,8.991305,4.260616
val,Y1,9.102653,4.957736
val,Y1,8.715542,7.533132
val,Y1,8.29475,7.657993
val,Y1,8.083,8.09289
val,Y1,8.141736,9.463074
val,Y1,8.588972,10.588804
val,Y1,9.164473,8.365762
val,Y1,9.689445,9.848671
val,Y1,9.964306,10.481121
val,Y1,9.671625,11.463267
val,Y1,8.913986,10.704998
val,Y1,7.942,7.0616164
val,Y1,6.886389,7.195755
val,Y1,5.6980414,7.98057
val,Y1,4.552125,8.99267
val,Y1,4.1057916,10.0145235
val,Y1,3.5151112,9.228592
val,Y1,2.040611,8.351104
val,Y1,0.6628611,8.709394
val,Y1,0.08016667,8.848737
val,Y1,0.012902778,9.284622
val,Y1,0.012875,8.400437
val,Y1,0.016375,6.1762066
val,Y1,0.60444444,4.8281894
val,Y1,2.1439583,4.8060856
val,Y1,3.8338056,3.9434454
val,Y1,5.3035555,3.601689
val,Y1,6.7145557,2.594511
val,Y1,7.9555,4.2847214
val,Y1,8.767111,6.2156444
val,Y1,8.919528,7.093725
val,Y1,8.56082,6.855056
val,Y1,7.990361,6.410303
val,Y1,7.292861,8.383965
val,Y1,6.409972,9.997955
val,Y1,5.630778,8.906104
val,Y1,5.2115693,5.450609
val,Y1,5.1511526,6.710227
val,Y1,5.505597,7.072133
val,Y1,6.258736,6.1164627
val,Y1,7.0810695,8.946332
val,Y1,7.117542,8.299068
val,Y1,5.9835973,4.8602967
val,Y1,4.475097,3.8053262
val,Y1,3.6280417,4.094918
val,Y1,3.8899446,9.732398
val,Y1,4.9297915,9.316689
val,Y1,6.003097,6.761343
val,Y1,6.900653,8.81543
val,Y1,7.9548473,12.971788
val,Y1,9.063653,11.999922
val,Y1,9.663944,9.685904
val,Y1,9.59507,11.252114
val,Y1,9.186875,14.06815
val,Y1,8.580556,14.305535
val,Y1,7.7035694,12.690857
val,Y1,7.164875,11.649696
val,Y1,7.4751806,9.915461
val,Y1,8.14925,13.135719
val,Y1,8.684361,13.339712
val,Y1,8.877653,7.8043156
val,Y1,8.720388,7.7102914
val,Y1,8.550972,9.347155
val,Y1,8.558069,9.059337
val,Y1,8.598666,7.156278
val,Y1,8.420944,5.7593036
val,Y1,7.7574306,5.372589
val,Y1,6.645931,6.0371037
val,Y1,5.596861,6.9474554
val,Y1,5.086639,7.7771134
val,Y1,5.605375,7.0013685
val,Y1,7.167111,5.846124
val,Y1,8.783667,4.576395
val,Y1,9.579861,3.9187815
val,Y1,9.457973,7.398653
val,Y1,8.587514,7.8486156
val,Y1,6.802639,7.3536987
val,Y1,4.058,9.04706
val,Y1,2.2890139,12.550338
val,Y1,2.1679027,14.138376
val,Y1,2.063625,13.020456
val,Y1,1.5796388,10.480298
val,Y1,1.0368333,10.983033
val,Y1,0.6012361,14.002056
val,Y1,0.35744444,16.371801
val,Y1,0.36847222,11.43676
val,Y1,0.80130553,8.969315
val,Y1,1.8200139,9.286713
val,Y1,3.0833611,9.793777
val,Y1,4.2797637,14.085427
val,Y1,5.3079305,9.314718
val,Y1,6.1802917,5.826504
val,Y1,6.8145,7.9435368
val,Y1,7.1171803,7.4294357
val,Y1,6.434597,6.2654047
val,Y1,3.850222,7.090868
val,Y1,2.0677779,5.9825983
val,Y1,2.513625,3.874962
val,Y1,3.1035416,3.854398
val,Y1,3.4111388,5.079281
val,Y1,3.5244443,6.3786755
val,Y1,3.8984723,7.2541447
val,Y1,4.8915834,7.705797
val,Y1,5.96825,7.436678
val,Y1,6.7274446,8.137326
val,Y1,7.1612363,8.907135
val,Y1,7.4181113,7.30687
val,Y1,7.5504165,6.926714
val,Y1,7.5984583,9.027532
val,Y1,7.680264,7.0703917
val,Y1,7.777111,5.32942
val,Y1,7.8619585,7.7440505
val,Y1,7.8684444,9.02005
val,Y1,7.9028335,6.608375
val,Y1,8.04018,6.108158
val,Y1,8.14382,5.8593826
val,Y1,8.102875,4.5920744
val,Y1,7.7716527,4.2071075
val,Y1,6.592292,2.8493567
val,Y1,4.493514,3.30024
val,Y1,2.4871805,4.1044917
val,Y1,1.2323195,5.895578
val,Y1,0.651375,7.9137993
val,Y1,0.484,8.985389
val,Y1,0.43779168,8.70341
val,Y1,0.22404167,8.536848
val,Y1,0.028208334,10.097836
val,Y1,0.16136111,11.497214
val,Y1,1.21175,8.905832
val,Y1,3.2288334,8.405818
val,Y1,5.4761806,9.693794
val,Y1,7.7732916,8.232267
val,Y1,9.855264,8.353904
val,Y1,10.627819,6.8728247
val,Y1,9.391681,7.801582
val,Y1,6.9301667,8.352667
val,Y1,4.7960835,6.4295626
val,Y1,4.1065,6.6769075
val,Y1,4.3643613,6.4191437
val,Y1,5.116653,4.880866
val,Y1,6.2850556,4.4163547
val,Y1,6.4520555,4.486079
val,Y1,5.324986,3.8167133
val,Y1,4.5240693,4.0218725
val,Y1,4.9217916,6.7506533
val,Y1,5.874472,10.76404
val,Y1,6.4488473,10.809975
val,Y1,6.465236,10.351002
val,Y1,6.011653,7.3187056
val,Y1,5.1103473,6.843378
val,Y1,4.0731945,8.740046
val,Y1,3.460264,8.41948
val,Y1,3.2941527,17.759233
val,Y1,3.737111,20.035257
val,Y1,4.4884305,11.46983
val,Y1,4.466722,12.726406
val,Y1,3.7379723,13.62314
val,Y1,2.899,12.459496
val,Y1,2.1954305,9.591459
val,Y1,1.7643472,8.589432
val,Y1,1.7338889,7.1412234
val,Y1,1.6670834,7.4252276
val,Y1,1.0980139,10.5122595
val,Y1,0.37986112,13.192272
val,Y1,0.15084723,10.612131
val,Y1,0.5538889,7.078022
val,Y1,0.98868054,6.000811
val,Y1,1.0402361,4.8804216
val,Y1,0.679875,4.0573597
val,Y1,0.206875,3.7699978
val,Y1,0.017777778,4.7958307
val,Y1,0.048527777,7.277228
val,Y1,0.35470834,10.11022
val,Y1,0.91979164,10.644627
val,Y1,1.4037083,11.583773
val,Y1,1.7140417,12.527736
val,Y1,1.9495555,14.801029
val,Y1,2.1525416,13.9370365
val,Y1,2.24875,15.093727
val,Y1,2.4151666,15.01572
val,Y1,2.6450555,13.607894
val,Y1,2.6539166,12.582267
val,Y1,2.5308332,12.409494
val,Y1,2.7266111,9.55006
val,Y1,3.0509443,9.51701
val,Y1,3.353889,7.6155214
val,Y1,3.6819167,6.0013742
val,Y1,3.810875,12.084434
val,Y1,3.876861,12.942682
val,Y1,4.302403,8.915817
val,Y1,5.2370415,7.779791
val,Y1,6.0342917,8.6534395
val,Y1,6.1026945,7.073901
val,Y1,5.4842224,4.8557243
val,Y1,4.9504585,11.479452
val,Y1,4.7263193,13.598987
val,Y1,4.5189304,8.370386
val,Y1,4.3575416,8.621753
val,Y1,4.129778,8.748987
val,Y1,3.6175277,7.166562
val,Y1,2.8419862,7.8969326
val,Y1,1.9980416,7.5379395
val,Y1,1.4014028,6.4044857
val,Y1,1.7795556,4.937047
val,Y1,2.483736,4.0231676
val,Y1,2.6342778,4.466537
val,Y1,2.45725,4.8663044
val,Y1,1.9588194,4.5698795
val,Y1,1.1512778,4.912423
val,Y1,0.4017639,6.117238
val,Y1,0.28880554,8.134644
val,Y1,1.2418611,8.751707
val,Y1,2.98425,9.766743
val,Y1,4.5073195,11.925163
val,Y1,5.5835,11.349458
val,Y1,6.2738333,9.757065
val,Y1,6.555153,12.500778
val,Y1,6.668597,13.982464
val,Y1,6.8013473,10.875175
val,Y1,7.131181,8.8478985
val,Y1,7.517,8.521828
val,Y1,7.8050556,9.986176
val,Y1,8.028306,8.414715
val,Y1,8.225611,7.413043
val,Y1,8.200556,7.9801016
val,Y1,7.617361,8.922783
val,Y1,6.971653,12.125041
val,Y1,6.7754307,9.320488
val,Y1,6.7527776,9.236878
val,Y1,6.4677362,12.181587
val,Y1,5.436278,9.43445
val,Y1,3.9760695,8.492266
val,Y1,2.8960972,7.408983
val,Y1,2.1580138,6.8922777
val,Y1,1.5249584,5.4142895
val,Y1,1.4499583,5.683879
val,Y1,2.2474027,6.349638
val,Y1,3.3909583,6.6256742
val,Y1,4.465875,6.1646447
val,Y1,5.4000835,6.464471
val,Y1,6.018611,5.0789294
val,Y1,6.3274026,4.193394
val,Y1,6.458778,5.491927
val,Y1,6.494736,6.3358946
val,Y1,5.954389,6.532297
val,Y1,4.5786667,6.472415
val,Y1,2.9179168,6.4307556
val,Y1,1.6724305,6.7542005
val,Y1,1.0736111,5.534913
val,Y1,0.74669445,4.656195
val,Y1,0.59369445,5.0142536
val,Y1,0.46504167,5.325433
val,Y1,0.4107361,5.867551
val,Y1,0.6613472,6.1722965
val,Y1,1.1383473,6.6078806
val,Y1,1.9084584,6.586398
val,Y1,2.9375138,4.686345
val,Y1,3.9446666,4.1739464
val,Y1,5.00175,4.023031
val,Y1,5.8846526,4.3553576
val,Y1,6.418264,4.888995
val,Y1,6.9134445,6.767701
val,Y1,7.174514,7.7716517
val,Y1,7.19525,8.123248
val,Y1,7.3135695,10.190422
val,Y1,7.6961946,10.7791395
val,Y1,8.165736,10.460087
val,Y1,8.365027,8.92608
val,Y1,8.217764,8.76572
val,Y1,8.157125,9.226187
val,Y1,8.450389,9.767365
val,Y1,8.976986,10.643452
val,Y1,9.462819,13.605522
val,Y1,9.637819,12.101587
val,Y1,9.537403,7.9359856
val,Y1,8.873902,8.256241
val,Y1,7.6603613,6.4699206
val,Y1,6.3655696,6.1695223
val,Y1,5.2064304,6.855543
val,Y1,4.4989862,7.221021
val,Y1,4.092236,8.000952
val,Y1,3.5057082,7.696086
val,Y1,2.3967638,6.944477
val,Y1,1.5710695,6.59383
val,Y1,2.2643611,7.1512694
val,Y1,3.6169167,8.408754
val,Y1,4.854347,8.151803
val,Y1,6.1612225,8.62367
val,Y1,7.3564863,7.830817
val,Y1,8.331264,9.0792885
val,Y1,8.932028,9.60213
val,Y1,9.219625,8.874058
val,Y1,9.202639,9.982396
val,Y1,8.577389,8.309132
val,Y1,7.301,6.7175536
val,Y1,5.8648887,5.4035172
val,Y1,5.2048054,4.201168
val,Y1,5.527514,4.703355
val,Y1,6.370458,4.4834085
val,Y1,7.254014,3.46858
val,Y1,7.8268194,3.2315786
val,Y1,7.9580555,3.261762
val,Y1,7.764042,3.340757
val,Y1,7.6260695,3.997983
val,Y1,7.719222,4.7395096
val,Y1,8.030209,4.31775
val,Y1,8.528819,3.579346
val,Y1,8.984,3.8376944
val,Y1,9.117986,3.2223508
val,Y1,9.080209,3.1746576
val,Y1,9.041903,7.0174036
val,Y1,8.953625,9.73068
val,Y1,8.588125,6.9440103
val,Y1,7.853194,6.791963
val,Y1,6.8205276,9.223789
val,Y1,5.439236,7.9149275
val,Y1,3.7241945,8.213281
val,Y1,2.0245695,10.2544155
val,Y1,0.75711113,9.57332
val,Y1,0.15594445,9.643405
val,Y1,0.039819445,7.8185115
val,Y1,0.026666667,9.861226
val,Y1,0.019458333,14.192865
val,Y1,0.018305555,10.044153
val,Y1,0.01626389,8.771532
val,Y1,0.017152777,9.011494
val,Y1,0.026,7.883821
val,Y1,0.22718056,10.2783785
val,Y1,0.78469443,9.461046
val,Y1,1.5963194,8.312472
val,Y1,2.4309027,6.543831
val,Y1,3.2852917,6.3554716
val,Y1,4.182028,5.7574935
val,Y1,5.1470833,5.5677004
val,Y1,5.871486,5.3306775
val,Y1,5.9615693,4.7516336
val,Y1,5.8039584,4.8567014
val,Y1,5.870875,4.7059693
val,Y1,6.264375,5.0304847
val,Y1,6.717403,6.442241
val,Y1,7.1790557,8.603006
val,Y1,7.6820693,8.325645
val,Y1,8.049403,7.121231
val,Y1,8.286819,6.163699
val,Y1,8.048764,6.280184
val,Y1,7.1479583,6.5926375
val,Y1,6.149764,9.825869
val,Y1,5.3543057,9.562051
val,Y1,5.0772223,9.28587
val,Y1,5.551472,10.783148
val,Y1,6.4091387,8.457372
val,Y1,7.308375,8.807236
val,Y1,7.9825835,9.326565
val,Y1,8.367042,7.0990705
val,Y1,8.5315,9.520832
val,Y1,8.476152,16.138952
val,Y1,8.389736,14.534618
val,Y1,8.405861,9.276035
val,Y1,8.507584,13.132278
val,Y1,8.705569,9.98686
val,Y1,8.917167,8.535099
val,Y1,9.077306,9.81987
val,Y1,9.252889,6.273207
val,Y1,9.473361,4.93441
val,Y1,9.732278,6.0741444
val,Y1,9.923223,6.393627
val,Y1,10.021514,6.908458
val,Y1,10.157014,7.392232
val,Y1,10.290611,5.989587
val,Y1,10.343153,5.161168
val,Y1,10.262403,6.061015
val,Y1,10.064639,8.376146
val,Y1,9.7415,10.069211
val,Y1,9.304764,8.75821
val,Y1,8.806069,7.8949475
val,Y1,8.260292,9.39625
val,Y1,7.419014,11.559474
val,Y1,6.202139,11.05366
val,Y1,5.0944304,11.487157
val,Y1,4.3318195,15.240666
val,Y1,3.4098334,13.27894
val,Y1,2.2748473,9.446747
val,Y1,1.5033473,13.480821
val,Y1,0.97313887,12.879196
val,Y1,0.50690275,10.547204
val,Y1,0.1921389,10.176749
val,Y1,0.13079166,6.221793
val,Y1,0.31620833,7.2163877
val,Y1,0.5239722,8.583255
val,Y1,0.8767083,6.4215164
val,Y1,1.1160278,4.7106104
val,Y1,0.67204165,3.6400464
val,Y1,0.14068055,4.3277683
val,Y1,0.092430554,6.1150417
val,Y1,0.638375,8.211194
val,Y1,1.9277222,10.887349
val,Y1,3.4474862,10.712341
val,Y1,4.55425,6.9920764
val,Y1,5.303875,6.740829
val,Y1,5.9906387,7.799615
val,Y1,6.467583,9.192757
val,Y1,6.5508194,9.172994
val,Y1,6.6209307,5.0861
val,Y1,6.7563195,3.6088028
val,Y1,6.9203887,4.9365816
val,Y1,7.252042,4.9445815
val,Y1,7.606153,4.163272
val,Y1,7.9464583,4.692093
val,Y1,8.258166,5.0756264
val,Y1,8.372598,4.0143294
val,Y1,8.285459,4.673363
val,Y1,8.347362,5.5523214
val,Y1,8.556875,5.54615
val,Y1,8.757292,5.7635345
val,Y1,8.961695,6.1780214
val,Y1,9.165639,6.898193
val,Y1,9.270056,5.8486757
val,Y1,9.085944,9.174673
val,Y1,8.234889,11.271942
val,Y1,6.6256666,8.275217
val,Y1,4.835347,6.6284914
val,Y1,3.2109444,8.804815
val,Y1,2.1211529,10.561146
val,Y1,1.7362916,9.523015
val,Y1,1.3434583,9.831108
val,Y1,0.7504306,10.014085
val,Y1,0.28952777,8.722711
val,Y1,0.060805555,6.835025
val,Y1,0.017138889,6.5202694
val,Y1,0.01375,7.8281183
val,Y1,0.012027778,8.397656
val,Y1,0.016638888,7.7307167
val,Y1,0.019069444,8.406393
val,Y1,0.016152779,7.177275
val,Y1,0.017666666,4.7926083
val,Y1,0.016847223,5.50931
val,Y1,0.05615278,6.201585
val,Y1,0.6242222,6.2791433
val,Y1,1.9268055,8.38744
val,Y1,3.330139,12.605309
val,Y1,4.5069447,13.642353
val,Y1,5.4857917,8.103377
val,Y1,6.1942916,5.2998815
val,Y1,6.6679444,5.153222
val,Y1,6.887986,8.323162
val,Y1,6.9365,8.02757
val,Y1,6.9236665,6.549047
val,Y1,6.5690556,8.799156
val,Y1,5.5781527,10.559
val,Y1,4.2443056,9.05905
val,Y1,3.137972,5.643388
val,Y1,2.3512778,4.4284706
val,Y1,1.8068612,9.65836
val,Y1,1.7478334,9.206469
val,Y1,2.4570832,4.6988935
val,Y1,3.5266528,5.4437103
val,Y1,4.787667,8.1809
val,Y1,6.192111,7.8447194
val,Y1,7.3098335,5.9698877
val,Y1,7.959,5.097388
val,Y1,8.3225975,4.211444
val,Y1,8.621403,3.5413833
val,Y1,8.521472,3.1340258
val,Y1,7.8472085,3.2534082
val,Y1,6.832861,3.084039
val,Y1,5.6343193,2.8897564
val,Y1,4.288361,3.2054753
val,Y1,2.9048057,3.3190825
val,Y1,1.58675,3.1640043
val,Y1,0.7442222,3.180104
val,Y1,0.44006944,3.2392266
val,Y1,0.8560972,3.3351667
val,Y1,2.003,3.530934
val,Y1,3.118264,4.0141
val,Y1,4.25725,4.760315
val,Y1,5.5917916,5.1567435
val,Y1,7.0648193,9.468958
val,Y1,8.633223,11.268448
val,Y1,9.948236,10.296932
val,Y1,11.039278,10.186128
val,Y1,12.040806,7.7184753
val,Y1,12.618597,7.0443096
val,Y1,12.739333,6.5101337
val,Y1,12.908986,9.593426
val,Y1,13.172542,14.193785
val,Y1,13.225833,11.577427
val,Y1,13.167819,8.013981
val,Y1,13.16775,5.1512346
val,Y1,13.199917,6.0300126
val,Y1,13.188708,7.8249187
val,Y1,13.157097,5.9434867
val,Y1,13.158112,10.537299
val,Y1,13.238764,10.328148
val,Y1,13.426306,6.267788
val,Y1,13.63032,8.275045
val,Y1,13.739667,8.810549
val,Y1,13.688347,9.109454
val,Y1,13.531736,10.35375
val,Y1,13.352041,7.9178805
val,Y1,13.177778,7.1568565
val,Y1,12.885361,9.108276
val,Y1,12.297861,8.708786
val,Y1,11.527625,8.543571
val,Y1,10.464653,6.7618046
val,Y1,8.9586115,8.574061
val,Y1,7.3210554,19.677483
val,Y1,5.79325,18.83173
val,Y1,4.454486,14.423252
val,Y1,3.1124861,13.934006
val,Y1,2.24025,12.716485
val,Y1,3.0425138,13.891475
val,Y1,4.8963194,11.540915
val,Y1,5.973417,10.454403
val,Y1,5.6684027,9.0304985
val,Y1,4.227153,8.421066
val,Y1,2.8902917,6.9566355
val,Y1,2.6121528,6.226289
val,Y1,2.8052223,4.6219873
val,Y1,2.7914584,3.2842224
val,Y1,2.4704444,3.0429707
val,Y1,2.2561944,3.5294483
val,Y1,2.2335556,5.034256
val,Y1,2.50375,7.3341856
val,Y1,3.466764,8.065695
val,Y1,4.865208,5.2037435
val,Y1,6.1232085,3.1987088
val,Y1,7.1477222,3.062073
val,Y1,8.041014,2.949453
val,Y1,8.543125,3.1310637
val,Y1,8.5882635,3.0513766
val,Y1,8.346209,2.9423802
val,Y1,7.5419583,3.0147698
val,Y1,6.146389,3.170725
val,Y1,4.987125,3.0810914
val,Y1,4.8259306,3.1842992
val,Y1,5.641264,3.0624702
val,Y1,6.645014,3.124926
val,Y1,7.1275415,3.2902267
val,Y1,7.2341943,3.0383978
val,Y1,6.9724584,3.0005562
val,Y1,6.432139,2.862301
val,Y1,5.930097,2.9901078
val,Y1,5.6214304,3.1711984
val,Y1,5.656958,3.3117158
val,Y1,6.210625,3.4413128
val,Y1,7.158889,3.1886165
val,Y1,7.8573613,3.0335329
val,Y1,8.14068,3.4288337
val,Y1,8.390889,3.4813306
val,Y1,8.708264,3.1910434
val,Y1,8.808,3.553941
val,Y1,8.690389,3.9586842
val,Y1,8.562361,4.2200794
val,Y1,8.442069,4.282912
val,Y1,8.357875,3.8720415
val,Y1,8.382167,3.552815
val,Y1,8.716333,3.7422426
val,Y1,9.270264,4.357787
val,Y1,9.619278,4.109567
val,Y1,9.628653,3.925008
val,Y1,9.400958,3.9382837
val,Y1,9.129319,4.925141
val,Y1,8.929958,4.6804833
val,Y1,8.730917,4.046004
val,Y1,8.4690275,4.1960945
val,Y1,8.172014,4.3539276
val,Y1,7.9107084,4.157048
val,Y1,7.6281943,3.84875
val,Y1,6.7817917,3.7418716
val,Y1,5.5341387,3.2304475
val,Y1,4.325639,4.467926
val,Y1,3.32925,4.639068
val,Y1,3.5251389,4.2456355
val,Y1,4.870569,4.3845816
val,Y1,6.2203474,4.2285233
val,Y1,7.1759305,4.6357007
val,Y1,7.4002776,4.7635593
val,Y1,6.6009583,4.1795483
val,Y1,5.2181387,4.112568
val,Y1,3.5795972,4.4031177
val,Y1,2.3997223,4.9330206
val,Y1,2.7340417,4.6977
val,Y1,3.845264,4.337744
val,Y1,5.0544305,3.9153576
val,Y1,6.4091806,3.5284178
val,Y1,7.2138057,4.288129
val,Y1,7.637375,4.4683766
val,Y1,8.324486,3.6783915
val,Y1,9.06593,3.7820365
val,Y1,9.587611,4.2977953
val,Y1,9.991472,4.237094
val,Y1,10.320875,4.2897897
val,Y1,10.473097,4.6402545
val,Y1,10.523292,4.2551775
val,Y1,10.662097,4.6072354
val,Y1,10.832723,5.114475
val,Y1,10.957583,4.509779
val,Y1,10.886444,4.419366
val,Y1,10.461,4.4897738
val,Y1,9.851916,4.3118343
val,Y1,9.165334,4.5145917
val,Y1,8.260917,4.4945507
val,Y1,7.3030696,4.26579
val,Y1,6.7074165,3.8867157
val,Y1,6.717931,3.9881525
val,Y1,7.2729583,4.742555
val,Y1,8.029056,5.178212
val,Y1,8.692194,4.63885
val,Y1,8.99125,4.4877295
val,Y1,8.629958,3.9620159
val,Y1,7.944208,3.5353324
val,Y1,7.437972,4.599933
val,Y1,7.044125,4.812528
val,Y1,6.4060974,4.240506
val,Y1,5.360111,4.264754
val,Y1,4.5867915,4.319002
val,Y1,4.7606387,4.123472
val,Y1,5.4747086,4.199568
val,Y1,6.3377085,4.553334
val,Y1,7.226917,4.289303
val,Y1,7.865389,3.7548392
val,Y1,8.090625,3.812252
val,Y1,7.6993194,4.191211
val,Y1,6.6894445,4.1826897
val,Y1,5.3211665,4.271686
val,Y1,4.223014,4.100616
val,Y1,4.1317916,4.103972
val,Y1,4.9126945,4.544459
val,Y1,5.8822637,4.3161592
val,Y1,6.781014,3.9121325
val,Y1,7.46325,4.2558165
val,Y1,7.9312916,2.5520527
val,Y1,8.266931,2.1045525
val,Y1,8.480083,2.1506484
val,Y1,8.655861,2.1531327
val,Y1,8.775514,2.098598
val,Y1,8.831625,2.0914025
val,Y1,8.699778,2.0914173
val,Y1,8.59157,2.0926492
val,Y1,8.668555,2.0928257
val,Y1,8.721611,2.09744
val,Y1,8.758972,2.1973016
val,Y1,8.903556,2.2379496
val,Y1,9.062041,2.1257832
val,Y1,9.117611,2.260908
val,Y1,9.169473,2.3179672
val,Y1,9.302347,2.1613772
val,Y1,9.388695,2.1076887
val,Y1,9.234263,2.1016269
val,Y1,8.815389,2.2234943
val,Y1,8.076472,2.3995886
val,Y1,6.8577776,2.262334
val,Y1,5.4626527,3.5796573
val,Y1,4.543375,4.3476324
val,Y1,4.5765,3.6772795
val,Y1,5.3633056,2.8740335
val,Y1,6.2986665,3.2069046
val,Y1,7.1325417,3.3798366
val,Y1,7.6924167,3.2701294
val,Y1,8.106236,3.6147025
val,Y1,8.512806,4.7664375
val,Y1,8.789,3.7470057
val,Y1,8.91343,2.8059072
val,Y1,8.796014,2.7807584
val,Y1,8.472569,2.8131185
val,Y1,7.7364583,3.227516
val,Y1,6.440722,4.959978
val,Y1,5.265347,6.2442837
val,Y1,4.8310556,5.8651752
val,Y1,5.3767223,6.013466
val,Y1,6.5405693,7.6767497
val,Y1,7.5640416,8.944728
val,Y1,8.114417,10.56493
val,Y1,8.243597,10.184529
val,Y1,8.059472,8.552085
val,Y1,7.68275,5.8393626
val,Y1,7.1094446,5.7153797
val,Y1,6.3679585,6.326
val,Y1,5.957903,6.035531
val,Y1,6.1361666,5.3909593
val,Y1,6.7254725,4.105512
val,Y1,7.530958,3.1957958
val,Y1,8.125459,3.2590292
val,Y1,7.935639,3.3623984
val,Y1,6.9710555,3.025677
val,Y1,6.0965137,2.9639554
val,Y1,5.788708,3.1594217
val,Y1,5.733667,3.2339761
val,Y1,5.4884863,3.5795708
val,Y1,4.874375,3.8402636
val,Y1,4.2233057,3.8616521
val,Y1,3.7685277,3.7282312
val,Y1,3.2863612,3.889616
val,Y1,2.7357361,4.0489774
val,Y1,2.315,4.07205
val,Y1,1.5912361,6.202731
val,Y1,0.6112361,6.040701
val,Y1,0.10661111,4.262242
val,Y1,0.2572778,4.3041625
val,Y1,0.65772223,5.611871
val,Y1,0.7999028,6.704582
val,Y1,0.8848611,10.087091
val,Y1,0.80811113,11.200893
val,Y1,0.3274722,7.262352
val,Y1,0.1324861,5.6987047
val,Y1,0.8290833,9.148481
val,Y1,2.1803195,7.5287895
val,Y1,3.4994028,7.026072
val,Y1,4.6033335,8.734095
val,Y1,5.498875,8.780193
val,Y1,5.955333,7.3542395
val,Y1,5.7766943,6.959243
val,Y1,5.384847,6.825299
val,Y1,5.446,5.1931725
val,Y1,6.040292,6.3749657
val,Y1,6.94475,8.710532
val,Y1,7.681,8.770336
val,Y1,7.528875,10.262109
val,Y1,6.7359304,9.263262
val,Y1,6.2495418,7.070221
val,Y1,6.1047363,8.648177
val,Y1,6.269486,10.070432
val,Y1,6.8700833,10.086189
val,Y1,7.4885974,8.356676
val,Y1,7.8158193,5.8277135
val,Y1,7.8385415,8.115856
val,Y1,7.5045695,7.008703
val,Y1,6.7773333,6.060258
val,Y1,5.5658474,8.259402
val,Y1,4.0275555,6.410099
val,Y1,2.8154721,5.2131357
val,Y1,2.2244167,5.477399
val,Y1,2.1582084,6.1578712
val,Y1,2.6561666,5.1407747
val,Y1,3.541278,3.885948
val,Y1,4.596722,4.2831726
val,Y1,5.7596664,6.6115885
val,Y1,6.9001665,10.102957
val,Y1,7.949111,10.202675
val,Y1,8.867598,5.9093113
val,Y1,9.439458,6.609149
val,Y1,9.517389,6.7407207
val,Y1,8.881111,5.923768
val,Y1,7.7065973,6.713488
val,Y1,6.9142637,6.632741
val,Y1,6.520403,6.073815
val,Y1,5.6589446,6.4787292
val,Y1,4.314653,8.095456
val,Y1,3.1041112,7.6064157
val,Y1,2.6585834,5.256276
val,Y1,3.0145278,3.7079265
val,Y1,3.8524027,2.8201783
val,Y1,4.7002916,2.4711988
val,Y1,4.9684443,2.5595744
val,Y1,4.681264,2.8593001
val,Y1,4.4977083,3.1077664
val,Y1,5.077833,3.0671957
val,Y1,6.119514,3.4353254
val,Y1,7.145528,3.725715
val,Y1,7.81975,3.0380192
val,Y1,8.044319,2.594103
val,Y1,8.232833,2.6248243
val,Y1,8.333847,3.2422962
val,Y1,7.9862223,3.274624
val,Y1,7.2809443,2.60331
val,Y1,6.389,2.9908526
test,A5,0.0,5.085281
test,A5,0.0,5.915593
test,A5,0.0,6.0288954
test,A5,0.0,5.4237547
test,A5,0.0,4.9959893
test,A5,0.0,5.0889993
test,A5,0.0,4.8365803
test,A5,0.0,6.9613237
test,A5,0.0,8.512508
test,A5,0.0,6.3860846
test,A5,0.0,5.4354143
test,A5,0.0,5.823758
test,A5,0.0,6.441374
test,A5,0.0,5.8662825
test,A5,0.0,5.907403
test,A5,0.0,6.431322
test,A5,0.0,5.8419366
test,A5,0.0,5.133642
test,A5,0.0,5.432317
test,A5,0.0,6.473763
test,A5,0.0,6.340394
test,A5,0.0,5.663994
test,A5,0.0,6.1262445
test,A5,0.0,6.1695223
test,A5,0.0,5.4139357
test,A5,0.0,5.682219
test,A5,0.0,6.2605157
test,A5,0.0,5.5482187
test,A5,0.0,4.9950447
test,A5,0.0,6.097492
test,A5,0.0,9.980191
test,A5,0.0,24.10306
test,A5,0.0,43.590828
test,A5,0.0,57.394238
test,A5,0.0,65.26745
test,A5,0.0,68.05987
test,A5,0.0,60.460716
test,A5,0.238,41.096382
test,A5,1.41594,21.3327
test,A5,2.31294,12.149131
test,A5,2.311891,14.036076
test,A5,2.4458911,15.911702
test,A5,2.486,15.941996
test,A5,2.074,11.240647
test,A5,1.299,6.898581
test,A5,0.63300496,5.9533877
test,A5,0.34700495,4.7054615
test,A5,0.156,5.2544804
test,A5,0.063,9.265981
test,A5,0.444,16.258757
test,A5,1.106,20.965307
test,A5,1.7860792,22.055447
test,A5,2.2021585,24.760927
test,A5,2.379079,32.106438
test,A5,2.766,40.863243
test,A5,3.695,42.98692
test,A5,4.362,32.291214
test,A5,4.341,15.28665
test,A5,4.163,7.362068
test,A5,4.322,8.12495
test,A5,4.771,9.069907
test,A5,5.283,7.3016825
test,A5,5.731,7.23365
test,A5,5.7920394,8.687515
test,A5,5.9000397,9.19377
test,A5,6.416629,10.340059
test,A5,6.6116285,11.9888115
test,A5,6.942,10.873453
test,A5,7.548,9.690692
test,A5,7.739,10.9422245
test,A5,7.9329157,12.523949
test,A5,8.094915,12.7470875
test,A5,8.145,11.461508
test,A5,8.204,8.574641
test,A5,8.289,7.9650326
test,A5,8.434,8.640466
test,A5,8.956,9.33988
test,A5,9.208629,11.571448
test,A5,8.781629,17.151178
test,A5,8.574,19.12488
test,A5,8.807745,17.987576
test,A5,9.073706,16.58425
test,A5,9.175961,15.972524
test,A5,9.053,12.506727
test,A5,9.26,9.712499
test,A5,9.850643,11.322956
test,A5,9.622535,10.737377
test,A5,9.174891,10.553
test,A5,9.054,9.72393
test,A5,8.78,6.5156035
test,A5,8.675,5.889775
test,A5,8.738,6.9912634
test,A5,8.796,6.333203
test,A5,9.0,9.257235
test,A5,9.052,15.117364
test,A5,8.878,25.591837
test,A5,8.556,24.135256
test,A5,8.258,13.566577
test,A5,8.261,19.300297
test,A5,8.328,30.28542
test,A5,8.42,29.18067
test,A5,8.388,20.800589
test,A5,8.32746,15.416809
test,A5,8.835461,11.659605
test,A5,9.946,11.460072
test,A5,10.554,9.162973
test,A5,10.55198,6.872136
test,A5,10.61298,9.748245
test,A5,11.173,14.417509
test,A5,12.335,11.9186
test,A5,13.328,14.7391
test,A5,14.271,13.167887
test,A5,16.035,7.7429247
test,A5,18.17,8.714049
test,A5,19.866,10.684183
test,A5,20.601,12.061703
test,A5,20.413,14.180029
test,A5,20.611,14.089124
test,A5,21.289,12.779682
test,A5,21.313,12.075872
test,A5,21.027,10.996347
test,A5,20.382,11.552174
test,A5,20.621435,12.45208
test,A5,21.927435,12.193132
test,A5,22.57937,20.7841
test,A5,22.932371,20.863583
test,A5,22.656,11.706166
test,A5,22.298,10.34841
test,A5,22.618,10.730968
test,A5,22.805,12.082335
test,A5,21.879,14.725954
test,A5,20.891,18.078266
test,A5,21.242,16.521801
test,A5,21.467,13.956373
test,A5,21.789,12.712398
test,A5,22.572,11.829367
test,A5,22.902739,10.731169
test,A5,22.856737,8.795717
test,A5,23.106,9.777392
test,A5,23.829,10.501425
test,A5,24.267,8.905052
test,A5,24.838,8.504726
test,A5,25.273,8.888697
test,A5,25.683,9.01804
test,A5,25.6245,10.4614525
test,A5,25.6975,11.303999
test,A5,26.964,10.567185
test,A5,27.5,9.206775
test,A5,26.76,6.5289655
test,A5,26.416029,6.8096786
test,A5,26.52903,8.135852
test,A5,26.064,8.482641
test,A5,25.908,8.167862
test,A5,25.599,10.304321
test,A5,25.624,10.229888
test,A5,25.943,11.090813
test,A5,25.482,12.297815
test,A5,25.604,9.93313
test,A5,25.983,9.424269
test,A5,26.014,10.394833
test,A5,26.157,11.987766
test,A5,26.543,10.491643
test,A5,26.980486,8.803486
test,A5,26.713486,10.388981
test,A5,26.193,7.6273966
test,A5,26.007,5.603112
test,A5,25.298,8.104642
test,A5,24.947,8.977121
test,A5,26.132,8.965505
test,A5,26.226946,8.021789
test,A5,25.347944,6.872347
test,A5,25.202108,8.236172
test,A5,25.073109,9.50568
test,A5,25.299,9.499718
test,A5,25.945,11.098984
test,A5,26.374,10.727701
test,A5,26.305,9.909697
test,A5,26.215,10.646904
test,A5,26.245,9.721452
test,A5,26.235,7.4717956
test,A5,26.345,7.205941
test,A5,26.252,7.379652
test,A5,26.047,10.399068
test,A5,26.066,10.994163
test,A5,26.01,9.7361965
test,A5,25.899,12.130606
test,A5,25.777,11.202209
test,A5,25.826,9.25651
test,A5,26.03,7.653959
test,A5,26.174,6.9928117
test,A5,26.058,8.213203
test,A5,25.821,9.003909
test,A5,25.696,10.258863
test,A5,25.678,10.401855
test,A5,25.708,9.190481
test,A5,25.517,11.014584
test,A5,25.47,14.036731
test,A5,25.643,11.642711
test,A5,25.629,10.665236
test,A5,25.729,10.1085825
test,A5,25.903,7.190452
test,A5,25.877,8.351627
test,A5,25.802,9.333873
test,A5,25.864,8.577379
test,A5,26.22,9.204104
test,A5,26.463,11.311654
test,A5,26.468,9.833547
test,A5,26.42,9.089207
test,A5,26.354,8.854958
test,A5,26.351,8.812126
test,A5,26.025,8.868172
test,A5,25.675,10.017077
test,A5,25.703,11.247581
test,A5,25.671,10.614839
test,A5,25.795,11.549757
test,A5,26.021,11.743828
test,A5,25.926,8.344857
test,A5,25.761,5.9708567
test,A5,25.713,5.7045164
test,A5,25.612,8.185745
test,A5,25.285,7.2334785
test,A5,24.714,6.468031
test,A5,24.213,8.136817
test,A5,23.96,7.997445
test,A5,23.804,9.132069
test,A5,23.49,12.57374
test,A5,23.087,11.810833
test,A5,22.896,9.533972
test,A5,22.766218,8.802492
test,A5,22.470219,6.4446344
test,A5,22.034,6.0619965
test,A5,21.425,5.7556057
test,A5,20.719,7.777133
test,A5,20.153,7.390602
test,A5,19.884,7.0449433
test,A5,19.841,7.9987392
test,A5,20.086,8.440099
test,A5,20.507,9.120342
test,A5,20.983,7.41697
test,A5,21.327,8.074655
test,A5,21.274,9.173552
test,A5,21.23,7.82671
test,A5,21.404,7.9553638
test,A5,21.472,7.980569
test,A5,21.499,8.158871
test,A5,21.384,9.545517
test,A5,21.294,7.93591
test,A5,21.429,8.475332
test,A5,21.44,11.13781
test,A5,21.514,8.8088875
test,A5,21.556,5.929429
test,A5,21.493,5.0668406
test,A5,21.474,9.107043
test,A5,21.527,12.447937
test,A5,21.583,12.997223
test,A5,21.488255,11.725889
test,A5,21.304255,7.4532166
test,A5,21.342,6.841275
test,A5,21.439,8.19607
test,A5,21.452806,12.366863
test,A5,21.317806,13.618248
test,A5,21.162,10.1633835
test,A5,21.339,8.388653
test,A5,21.556,6.835912
test,A5,21.634,7.450238
test,A5,21.599,7.8920937
test,A5,21.525,7.367078
test,A5,21.43,8.716632
test,A5,21.546,7.8994865
test,A5,21.577,7.221865
test,A5,21.461,6.681738
test,A5,21.535,6.6700373
test,A5,21.564,10.51355
test,A5,21.517,10.713411
test,A5,21.51397,7.7718077
test,A5,21.52397,11.452519
test,A5,21.38,13.727487
test,A5,21.209,9.1201515
test,A5,21.194,9.589554
test,A5,21.352,12.866756
test,A5,21.561,13.271524
test,A5,21.717,11.3662615
test,A5,21.693172,9.460865
test,A5,21.747173,10.246074
test,A5,21.811,12.212716
test,A5,21.668,12.884233
test,A5,21.444,8.822542
test,A5,21.28,7.3284245
test,A5,21.121,9.1081295
test,A5,20.759,9.881106
test,A5,20.593,12.494345
test,A5,20.647,10.023989
test,A5,20.509792,9.274507
test,A5,20.155054,12.808222
test,A5,19.786263,13.053747
test,A5,19.863,11.244541
test,A5,19.789,10.24461
test,A5,18.912,9.614075
test,A5,18.904,9.824152
test,A5,19.938,11.625643
test,A5,21.001,8.995049
test,A5,21.865,11.562735
test,A5,22.306,14.262402
test,A5,22.434,10.44481
test,A5,22.296,8.530701
test,A5,22.23,12.814352
test,A5,21.618614,13.350957
test,A5,20.551615,8.762907
test,A5,20.403,9.514704
test,A5,20.823,9.292864
test,A5,21.132,10.448164
test,A5,21.315,10.683671
test,A5,21.385,7.8017364
test,A5,21.095,9.998581
test,A5,21.223,11.525008
test,A5,21.951,9.402437
test,A5,22.173,9.902406
test,A5,22.096,13.486914
test,A5,21.723,12.252304
test,A5,21.342,13.049136
test,A5,21.451,14.144389
test,A5,21.785,12.025118
test,A5,21.769,12.140156
test,A5,21.52,11.069887
test,A5,21.401,9.549562
test,A5,21.336,8.616314
test,A5,21.391,8.311591
test,A5,21.407,8.141991
test,A5,21.317,11.143019
test,A5,21.441,13.624033
test,A5,21.619,11.222553
test,A5,21.808,10.322958
test,A5,21.928,11.310325
test,A5,21.461,11.930088
test,A5,21.076,8.859759
test,A5,21.112,7.391431
test,A5,21.068,11.253973
test,A5,21.016,12.082796
test,A5,20.989025,10.723525
test,A5,20.937025,8.562261
test,A5,20.854239,7.4705443
test,A5,20.569237,11.754183
test,A5,20.22,12.455465
test,A5,20.14,9.747787
test,A5,20.234,10.233597
test,A5,20.268,11.181562
test,A5,20.186,11.799263
test,A5,20.225,12.087036
test,A5,20.269,10.5064
test,A5,20.117,8.645976
test,A5,19.718,8.34937
test,A5,19.515,8.603144
test,A5,19.4,10.66534
test,A5,19.179,10.178194
test,A5,19.171,9.036669
test,A5,19.137,7.3774137
test,A5,19.072,7.7465553
test,A5,19.074238,9.760166
test,A5,18.925238,10.574969
test,A5,18.803,9.655189
test,A5,19.108,8.718917
test,A5,19.334,9.494052
test,A5,18.988,9.217308
test,A5,18.684,10.374315
test,A5,18.701,10.03314
test,A5,18.306,9.013595
test,A5,18.039,10.177185
test,A5,18.236,10.949584
test,A5,18.217,8.863403
test,A5,18.132,6.8702884
test,A5,18.205,5.544429
test,A5,18.456,6.658789
test,A5,18.84,9.589024
test,A5,19.201,9.704485
test,A5,18.9,8.495998
test,A5,18.285,8.7893305
test,A5,18.146,7.8389006
test,A5,18.152,6.7847786
test,A5,18.139114,9.777342
test,A5,18.043169,11.292683
test,A5,18.042055,9.953978
test,A5,18.259,9.765175
test,A5,18.396,9.197127
test,A5,18.531,8.924545
test,A5,18.763,9.734697
test,A5,18.868946,11.194624
test,A5,18.778946,9.719499
test,A5,18.479,12.4774
test,A5,18.407263,14.020964
test,A5,18.709263,9.107396
test,A5,18.669,9.803387
test,A5,18.255,10.5692215
test,A5,18.164,8.542619
test,A5,18.272955,8.901404
test,A5,18.248955,9.35146
test,A5,18.368,8.476791
test,A5,18.927,9.514457
test,A5,19.554916,8.234442
test,A5,19.691916,6.925566
test,A5,19.599,10.292395
test,A5,19.543,12.224472
test,A5,19.284,8.807384
test,A5,19.162,10.589042
test,A5,19.551,16.054827
test,A5,19.742,13.335638
test,A5,19.453,9.910005
test,A5,19.091,11.952869
test,A5,18.905,14.049078
test,A5,19.11,13.271372
test,A5,19.465,9.694613
test,A5,19.446,9.68973
test,A5,19.107,10.608942
test,A5,19.049,10.996061
test,A5,19.243,12.847218
test,A5,19.512,12.1698
test,A5,19.637,7.5650187
test,A5,19.584778,8.828995
test,A5,19.807688,9.695522
test,A5,20.073912,10.160236
test,A5,20.123991,10.523565
test,A5,20.13799,8.733171
test,A5,20.313,9.725956
test,A5,20.392,12.541202
test,A5,20.357,10.825312
test,A5,20.361,8.406942
test,A5,20.035,9.841169
test,A5,19.775064,9.719848
test,A5,19.853064,11.182135
test,A5,19.907,11.826255
test,A5,20.168,12.300781
test,A5,20.221321,14.673983
test,A5,20.260323,13.10305
test,A5,20.487415,12.568362
test,A5,20.909416,10.54026
test,A5,21.129,10.472703
test,A5,20.794,8.643431
test,A5,20.346,8.670577
test,A5,20.04,11.82385
test,A5,20.178,11.165972
test,A5,20.205,10.03422
test,A5,20.070639,11.522049
test,A5,20.30864,9.835903
test,A5,20.496,10.081216
test,A5,20.286589,13.769814
test,A5,19.76459,13.948935
test,A5,19.121,14.690349
test,A5,18.940866,10.950459
test,A5,18.933867,8.437764
test,A5,19.077,10.386463
test,A5,19.604,10.363541
test,A5,20.097,10.457505
test,A5,20.614,10.365559
test,A5,21.151,11.381121
test,A5,20.973,13.390825
test,A5,19.602,12.064907
test,A5,18.266,9.841988
test,A5,18.241,8.691136
test,A5,18.949,9.521124
test,A5,19.358925,9.720276
test,A5,19.415926,10.085753
test,A5,19.812,10.435981
test,A5,20.06796,9.752702
test,A5,19.95396,8.604438
test,A5,19.96,11.160273
test,A5,19.646797,11.530514
test,A5,19.194798,10.986284
test,A5,19.205,10.913263
test,A5,19.304,10.906485
test,A5,19.52448,10.614631
test,A5,19.39748,11.29141
test,A5,19.158955,12.163045
test,A5,19.263956,11.888096
test,A5,19.244,11.27751
test,A5,19.363,9.179028
test,A5,19.322,9.20899
test,A5,19.258,7.3318205
test,A5,19.135,9.296941
test,A5,18.804,10.408467
test,A5,18.686,8.057467
test,A5,18.772,9.181993
test,A5,19.078,9.277083
test,A5,19.313,7.231469
test,A5,19.265,10.139224
test,A5,19.209,11.477308
test,A5,19.045,12.974687
test,A5,19.190456,11.314177
test,A5,19.909456,8.307576
test,A5,20.575312,9.879942
test,A5,21.05231,9.373032
test,A5,21.307,9.338639
test,A5,21.961,10.862761
test,A5,22.847,9.659925
test,A5,22.62,7.8484097
test,A5,21.886658,7.622388
test,A5,21.22066,7.5766807
test,A5,20.338,8.048156
test,A5,20.285,7.5584984
test,A5,20.388737,9.592015
test,A5,19.944738,9.743998
test,A5,20.119104,7.8141375
test,A5,20.498104,8.5965
test,A5,20.562,9.243521
test,A5,20.978,11.091392
test,A5,21.825396,10.302514
test,A5,21.615396,7.452722
test,A5,20.494,8.315712
test,A5,20.604,8.536178
test,A5,21.615,8.245183
test,A5,22.364,7.6334534
test,A5,23.01,7.4992075
test,A5,23.514,8.506775
test,A5,23.34212,8.946813
test,A5,22.903118,10.232592
test,A5,22.829,10.215721
test,A5,22.566925,8.769445
test,A5,22.252926,7.9007826
test,A5,22.326,8.826672
test,A5,22.74,9.402748
test,A5,23.141,7.824194
test,A5,23.268,10.107612
test,A5,23.089,11.5745945
test,A5,23.008,8.139109
test,A5,23.27,7.492452
test,A5,23.718,10.528236
test,A5,24.083,11.311127
test,A5,24.021,9.148039
test,A5,23.467,9.782032
test,A5,23.0815,12.450504
test,A5,23.0525,11.999343
test,A5,22.964,8.751524
test,A5,23.081663,9.816626
test,A5,22.902664,14.004596
test,A5,22.448,14.432697
test,A5,22.419,10.746239
test,A5,22.79205,9.984163
test,A5,23.06005,8.300266
test,A5,23.235,6.6804695
test,A5,23.204,9.251707
test,A5,22.83,10.063345
test,A5,22.85,7.5174522
test,A5,23.103,9.621086
test,A5,23.165,11.586267
test,A5,23.237783,11.777657
test,A5,23.386784,13.22673
test,A5,23.412,11.043454
test,A5,23.229,9.317679
test,A5,23.275312,9.189298
test,A5,23.660124,9.160954
test,A5,23.702812,13.373767
test,A5,23.495,15.5725565
test,A5,23.549683,15.099014
test,A5,23.410683,10.606371
test,A5,23.313,11.626854
test,A5,23.519,10.44153
test,A5,23.399,11.325386
test,A5,23.369,10.256023
test,A5,23.524,9.269418
test,A5,23.654,10.770548
test,A5,23.843,11.170771
test,A5,23.739,9.329494
test,A5,23.834,11.870207
test,A5,24.194,12.692465
test,A5,24.394,9.441722
test,A5,24.49,8.189039
test,A5,24.46,7.3698893
test,A5,24.297,9.164682
test,A5,24.152,13.556227
test,A5,24.287,18.936438
test,A5,24.362,22.862694
test,A5,24.233,19.1557
test,A5,24.245,12.316862
test,A5,24.252,10.523916
test,A5,24.276,12.5839615
test,A5,24.25,11.137586
test,A5,24.24,9.638453
test,A5,24.344,10.611025
test,A5,24.216,10.026488
test,A5,23.882,9.111661
test,A5,23.476,7.340622
test,A5,23.058,8.24843
test,A5,22.89,10.3341675
test,A5,22.941,8.936449
test,A5,23.194,8.847189
test,A5,23.396109,10.24962
test,A5,23.46111,8.431492
test,A5,23.674,8.148896
test,A5,23.935,10.378112
test,A5,24.274,8.561842
test,A5,24.625,8.625138
test,A5,24.715,8.509041
test,A5,24.453,7.4356384
test,A5,24.218,8.123828
test,A5,24.38,7.078479
test,A5,24.806,8.706093
test,A5,24.66,8.812283
test,A5,24.273,10.357565
test,A5,24.167,11.922136
test,A5,24.155,10.482395
test,A5,23.964,10.268827
test,A5,23.406,12.163874
test,A5,22.97,12.741009
test,A5,23.153,10.891007
test,A5,23.659683,9.271963
test,A5,24.085684,10.97683
test,A5,24.261,10.869713
test,A5,24.135,13.762841
test,A5,23.711,12.236639
test,A5,23.528,7.5445356
test,A5,23.782,8.475334
test,A5,23.519833,6.7166924
test,A5,23.169832,8.2585745
test,A5,23.666,11.420801
test,A5,24.289,11.09959
test,A5,24.523,8.970618
test,A5,24.190712,8.625295
test,A5,24.585712,9.173544
test,A5,26.26,7.391115
test,A5,26.124,7.604986
test,A5,25.377113,10.008071
test,A5,25.501114,10.561086
test,A5,25.278381,9.826433
test,A5,24.64738,11.46772
test,A5,24.174816,9.521852
test,A5,24.407816,9.168385
test,A5,24.765,11.916662
test,A5,24.651,14.504106
test,A5,24.451,12.646983
test,A5,24.483,7.8201075
test,A5,24.369,7.691214
test,A5,24.492,7.7567368
test,A5,24.881,7.4092693
test,A5,25.409273,8.837205
test,A5,25.512272,11.348097
test,A5,25.128,10.773119
test,A5,24.653,11.092826
test,A5,24.199,10.601418
test,A5,24.1,13.655653
test,A5,24.11197,11.602381
test,A5,24.06397,8.404881
test,A5,24.006,9.045343
test,A5,24.046,10.160319
test,A5,24.105,9.66806
test,A5,24.075,9.29072
test,A5,24.043,13.499043
test,A5,24.138,13.259327
test,A5,24.332,15.093798
test,A5,23.972,12.660877
test,A5,23.442,9.318831
test,A5,23.375,11.768301
test,A5,23.46,10.832613
test,A5,23.772,7.990881
test,A5,24.054,7.504684
test,A5,24.374,9.08964
test,A5,24.43786,11.90403
test,A5,24.268862,9.569959
test,A5,24.099,8.31526
test,A5,23.999317,8.342522
test,A5,23.568317,9.939666
test,A5,23.18,10.495131
test,A5,23.841,8.869543
test,A5,24.416,11.152649
test,A5,24.91183,13.829652
test,A5,25.475832,10.316256
test,A5,25.684,9.456858
test,A5,25.923,9.658367
test,A5,25.763,9.085756
test,A5,25.454,9.416775
test,A5,25.753,11.436724
test,A5,25.958,12.415412
test,A5,25.748,10.181258
test,A5,25.664,10.306252
test,A5,25.696138,11.718508
test,A5,25.783138,10.377254
test,A5,25.858,9.071052
test,A5,25.775,9.917839
test,A5,25.707,8.705004
test,A5,25.659,12.317929
test,A5,25.62,13.022229
test,A5,25.755,8.217157
test,A5,25.853,10.028305
test,A5,25.674,11.351857
test,A5,25.715,10.002985
test,A5,26.098,12.850182
test,A5,26.259005,12.425142
test,A5,26.057005,9.635168
test,A5,25.319,9.002495
test,A5,24.893272,10.3113785
test,A5,24.773272,11.6791525
test,A5,24.313223,9.421049
test,A5,24.312223,9.017404
test,A5,24.522,9.244179
test,A5,24.65,10.723761
test,A5,24.838,8.996254
test,A5,24.948,9.378929
test,A5,24.92,8.448982
test,A5,24.791811,7.649214
test,A5,24.639812,8.405874
test,A5,24.84,9.849124
test,A5,24.926,11.652715
test,A5,24.619745,11.64477
test,A5,24.629745,10.741285
test,A5,24.847,13.037319
test,A5,24.93,12.723101
test,A5,25.199,10.689547
test,A5,25.761,10.386555
test,A5,26.499,11.847913
test,A5,27.196,11.808306
test,A5,27.6,11.59753
test,A5,27.742,10.2385845
test,A5,26.76,10.235084
test,A5,25.591753,11.799169
test,A5,25.225752,12.575037
test,A5,25.218,11.372648
test,A5,25.428,9.097164
test,A5,25.458,7.6601553
test,A5,25.236,9.5453825
test,A5,25.043,11.177503
test,A5,25.31,9.777123
test,A5,26.105,10.641422
test,A5,26.386238,9.197296
test,A5,25.955238,7.615388
test,A5,25.777,10.980823
test,A5,25.575,10.797111
test,A5,25.415,10.328605
test,A5,25.562,13.107124
test,A5,25.465,14.190404
test,A5,25.267,13.226054
test,A5,25.16,14.401169
test,A5,25.057,13.901043
test,A5,25.34,14.213522
test,A5,26.032,13.191164
test,A5,26.69,9.60518
test,A5,26.808,11.149824
test,A5,26.344,9.363846
test,A5,25.585,7.4443836
test,A5,24.485,8.99033
test,A5,23.505362,10.508537
test,A5,23.403362,7.8290257
test,A5,23.274,9.124498
test,A5,23.186,9.63713
test,A5,23.696,14.951352
test,A5,24.73,16.19499
test,A5,25.537,12.71883
test,A5,25.49,10.693186
test,A5,25.925,10.0977955
test,A5,26.102,9.964017
test,A5,25.217,21.812525
test,A5,25.106,21.51198
test,A5,25.969,10.285949
test,A5,26.406,11.44247
test,A5,25.803,9.536833
test,A5,25.332,7.951111
test,A5,25.608,6.940547
test,A5,26.196,8.385814
test,A5,26.29,10.580974
test,A5,25.406,12.551405
test,A5,25.36,11.874713
test,A5,25.772,9.446982
test,A5,24.905605,11.502409
test,A5,22.852606,11.760784
test,A5,21.738,9.783388
test,A5,22.525,8.223726
test,A5,23.874,7.787244
test,A5,24.657,8.232582
test,A5,24.953,10.108733
test,A5,24.223,8.886552
test,A5,23.617237,12.001825
test,A5,24.005238,14.192222
test,A5,21.851,9.777279
test,A5,20.547,9.3682575
test,A5,23.446,9.00521
test,A5,27.153,11.341643
test,A5,29.854,13.240889
test,A5,30.283,11.087566
test,A5,28.377,13.3751955
test,A5,27.377,11.493889
test,A5,27.87,9.290477
test,A5,27.828135,11.332526
test,A5,26.601614,11.298243
test,A5,25.164505,9.57449
test,A5,24.834024,8.589817
test,A5,25.119,9.440472
test,A5,24.937,11.393042
test,A5,23.774372,11.347827
test,A5,22.556372,10.542624
test,A5,22.423,11.090477
test,A5,22.788,13.044809
test,A5,22.608,9.788399
test,A5,22.323,9.183734
test,A5,22.5,10.566807
test,A5,23.304,13.175168
test,A5,23.909,11.197354
test,A5,24.054,12.389858
test,A5,24.178,10.895907
test,A5,24.21,11.466229
test,A5,24.175,10.689048
test,A5,23.928398,10.095972
test,A5,23.515398,8.633055
test,A5,23.598,6.811401
test,A5,23.653,8.294089
test,A5,23.531,8.941795
test,A5,23.692,9.894827
test,A5,24.003,8.052557
test,A5,24.358,7.9537845
test,A5,24.470936,6.887247
test,A5,24.552862,6.351962
test,A5,24.563925,7.0447392
test,A5,24.697882,8.68323
test,A5,24.937881,12.309929
test,A5,25.006,13.065533
test,A5,25.217,9.797203
test,A5,25.472,7.4664116
test,A5,25.36185,7.751237
test,A5,25.192852,9.722002
test,A5,25.627,14.53401
test,A5,26.413,17.093088
test,A5,26.574,11.288252
test,A5,26.228,13.784197
test,A5,25.977,19.26236
test,A5,25.928,13.977396
test,A5,25.717,12.713339
test,A5,25.455,12.270018
test,A5,25.443,8.295823
test,A5,25.624,8.41227
test,A5,25.934,10.316085
test,A5,26.026,10.986677
test,A5,25.82,11.227061
test,A5,25.757,9.223048
test,A5,25.985,9.76738
test,A5,25.682,10.342973
test,A5,24.299,8.787991
test,A5,23.796,8.332107
test,A5,24.652817,8.671448
test,A5,25.348816,9.506929
test,A5,26.172,8.662302
test,A5,26.797,9.03617
test,A5,26.551,9.318824
test,A5,26.291,10.477451
test,A5,26.427,9.712864
test,A5,26.334,8.525615
test,A5,26.057,9.834601
test,A5,25.908,12.089914
test,A5,25.839,11.237968
test,A5,25.876,8.885794
test,A5,26.04016,8.121419
test,A5,26.031158,7.3077536
test,A5,25.996,7.8872437
test,A5,25.926,11.080917
test,A5,25.626,10.015251
test,A5,25.659,9.518782
test,A5,25.893,14.108545
test,A5,26.081,13.196384
test,A5,26.29962,14.573705
test,A5,26.62962,11.28064
test,A5,26.592,9.630097
test,A5,25.804,10.986006
test,A5,25.192719,9.397365
test,A5,25.209263,9.195562
test,A5,24.828545,9.768911
test,A5,23.575,8.80698
test,A5,22.454,10.542349
test,A5,22.776,10.805232
test,A5,23.592,12.287737
test,A5,24.443,11.47194
test,A5,25.634,7.6782293
test,A5,26.733,8.752768
test,A5,27.552,9.207489
test,A5,27.117,8.779444
test,A5,26.475603,8.422287
test,A5,26.056604,7.879987
test,A5,25.378218,7.268081
test,A5,24.808218,9.573484
test,A5,24.136,12.155964
test,A5,23.705,11.397661
test,A5,23.742,8.314617
test,A5,24.295,6.680002
test,A5,25.018974,8.377335
test,A5,25.243975,8.765829
test,A5,25.08599,6.9551105
test,A5,24.93399,7.987832
test,A5,24.865,7.5851417
test,A5,24.557,6.5352545
test,A5,23.201,7.064595
test,A5,22.708,7.6515493
test,A5,24.294,6.7091823
test,A5,25.589,7.3386946
test,A5,26.031,9.26555
test,A5,25.754,7.7142253
test,A5,25.103,6.751047
test,A5,24.549,8.349747
test,A5,23.669407,9.821994
test,A5,23.658405,7.7990227
test,A5,24.515,10.595963
test,A5,24.572,10.456505
test,A5,24.546,8.2312975
test,A5,24.863,9.141996
test,A5,25.037,9.392174
test,A5,24.733,8.922867
test,A5,24.04997,9.98785
test,A5,23.798971,11.531912
test,A5,24.069153,9.605092
test,A5,24.375153,10.829377
test,A5,24.312,10.223351
test,A5,23.909,8.718499
test,A5,24.041,9.309555
test,A5,24.557,11.040697
test,A5,25.13,9.766226
test,A5,25.304,11.453854
test,A5,25.357004,10.525078
test,A5,25.698006,8.196995
test,A5,25.862,8.223841
test,A5,25.941,7.2907143
test,A5,25.686,7.1246758
test,A5,25.463,8.062225
test,A5,25.561,8.134336
test,A5,25.722,7.1397815
test,A5,25.613,8.899385
test,A5,25.594,9.525341
test,A5,25.79,8.413565
test,A5,25.795,10.509531
test,A5,25.825,10.524849
test,A5,25.88,12.489285
test,A5,25.936,12.509235
test,A5,25.9,8.332372
test,A5,25.79,7.5226717
test,A5,25.589,8.670115
test,A5,25.189,10.958851
test,A5,24.896,9.098518
test,A5,25.027,7.3740683
test,A5,25.444,8.188566
test,A5,25.798227,9.150125
test,A5,26.134336,8.153322
test,A5,26.16511,8.264212
test,A5,25.897,9.171537
test,A5,25.871,9.143366
test,A5,25.87,10.056757
test,A5,25.79,11.384791
test,A5,25.933,17.015356
test,A5,26.176277,15.9020195
test,A5,26.162277,8.4753685
test,A5,26.262674,6.8706484
test,A5,26.402676,6.6986165
test,A5,26.958,8.102028
test,A5,27.827,8.719816
test,A5,28.129,7.6306877
test,A5,28.241,8.321089
test,A5,27.188679,9.130819
test,A5,25.969679,10.459921
test,A5,26.343,9.2187605
test,A5,26.886,7.8447757
test,A5,25.514,6.379697
test,A5,23.509,8.049115
test,A5,22.866,9.964387
test,A5,23.353,7.7825794
test,A5,24.139,9.025634
test,A5,24.738,9.571661
test,A5,25.04339,10.309516
test,A5,25.453796,9.965426
test,A5,26.577406,9.61716
test,A5,28.046,9.414375
test,A5,28.492,10.056288
test,A5,27.544,7.878703
test,A5,26.531,6.888844
test,A5,26.297,10.181291
test,A5,26.406,13.842561
test,A5,26.119,17.337116
test,A5,25.933,14.412502
test,A5,26.012995,10.708491
test,A5,26.047995,9.68524
test,A5,26.035,13.357529
test,A5,25.952,11.894011
test,A5,26.051,11.408945
test,A5,26.057,9.911279
test,A5,25.353,12.464668
test,A5,24.235,11.295242
test,A5,23.59,8.524799
test,A5,24.29,8.805302
test,A5,25.30405,8.677052
test,A5,25.54605,9.941631
test,A5,25.659,10.769235
test,A5,25.708,10.977456
test,A5,25.822,9.678421
test,A5,26.071,9.769632
test,A5,26.016,8.831798
test,A5,25.771,8.596386
test,A5,25.764,10.932268
test,A5,25.843,11.374142
test,A5,25.744,8.28383
test,A5,26.032,9.7028
test,A5,26.177,9.7758665
test,A5,25.168,9.473908
test,A5,24.938,8.492455
test,A5,26.003,9.20231
test,A5,26.435,12.906978
test,A5,26.279,10.3638935
test,A5,25.878,10.809666
test,A5,25.509,12.094479
test,A5,25.678,10.660158
test,A5,26.072886,11.329366
test,A5,26.049885,9.7699995
test,A5,25.368,10.008584
test,A5,24.247,8.780909
test,A5,23.389,6.7448025
test,A5,24.013,7.899748
test,A5,25.732,10.044544
test,A5,27.399,11.486558
test,A5,27.325941,13.191139
test,A5,26.335941,10.988372
test,A5,25.916307,8.738218
test,A5,25.424633,8.903154
test,A5,25.489326,9.6800585
test,A5,25.718,10.206493
test,A5,25.912,10.907549
test,A5,26.177,11.488783
test,A5,26.216,11.906128
test,A5,26.077,12.735196
test,A5,25.967,11.33629
test,A5,25.88,10.66858
test,A5,25.787233,12.704107
test,A5,25.580372,12.469122
test,A5,25.374138,10.4422865
test,A5,25.757,10.707554
test,A5,25.61,9.419645
test,A5,24.937,8.43891
test,A5,25.102,13.006702
test,A5,25.386,12.9565525
test,A5,25.644,9.023703
test,A5,25.691,10.57834
test,A5,25.386,10.896522
test,A5,25.605,10.798913
test,A5,25.521,11.38967
test,A5,24.945,9.26575
test,A5,25.031,9.942032
test,A5,25.512604,9.737081
test,A5,26.128605,8.990978
test,A5,26.387,15.572728
test,A5,26.374,18.457092
test,A5,26.54,13.380386
test,A5,26.591,11.896714
test,A5,26.56,13.690056
test,A5,26.221,9.937123
test,A5,26.061,9.7192
test,A5,25.994,12.363384
test,A5,25.788,9.841808
test,A5,25.786,8.887856
test,A5,25.803,10.371651
test,A5,25.794,8.239195
test,A5,25.934,10.956415
test,A5,26.256,14.035549
test,A5,26.509,10.073349
test,A5,26.498,8.368567
test,A5,26.703,7.9920115
test,A5,27.085,10.810966
test,A5,27.368,11.32593
test,A5,26.88,9.622117
test,A5,26.182,8.940109
test,A5,26.302,10.344197
test,A5,26.376,11.958656
test,A5,26.043,18.648458
test,A5,25.497,20.773148
test,A5,25.175,12.649063
test,A5,25.126,9.534337
test,A5,25.093,7.4717803
test,A5,25.178,8.615677
test,A5,25.481,10.453015
test,A5,25.424,11.441167
test,A5,24.824,11.718433
test,A5,24.00154,10.554525
test,A5,23.90454,11.370981
test,A5,24.122,8.327006
test,A5,24.08,8.531337
test,A5,24.16,9.51945
test,A5,24.029,8.186138
test,A5,24.216,8.712114
test,A5,24.566,8.172457
test,A5,24.931,7.894436
test,A5,25.371,11.000265
test,A5,25.513004,11.921684
test,A5,25.527004,9.941775
test,A5,25.614,9.24291
test,A5,25.56589,10.353664
test,A5,25.34789,12.211704
test,A5,25.199,10.170698
test,A5,25.308,9.842643
test,A5,25.456,10.149599
test,A5,25.481,9.530728
test,A5,25.131,10.841309
test,A5,24.327,9.109468
test,A5,24.286,6.655981
test,A5,24.641,11.085456
test,A5,25.156,12.577862
test,A5,26.267,9.795834
test,A5,27.209,8.02555
test,A5,27.93912,8.136989
test,A5,27.660118,7.8162594
test,A5,27.196,8.327489
test,A5,26.643639,12.541665
test,A5,25.428638,11.3564205
test,A5,25.191,11.499868
test,A5,25.97,10.747099
test,A5,25.957,9.610065
test,A5,25.781,11.944859
test,A5,26.17,10.522032
test,A5,25.784,12.3493185
test,A5,25.501,11.753007
test,A5,25.767,12.428022
test,A5,25.856,13.022421
test,A5,25.861,10.320087
test,A5,25.86,12.140266
test,A5,25.835,14.31757
test,A5,25.814,8.532841
test,A5,25.828,8.41732
test,A5,25.842,12.27957
test,A5,25.55001,10.239981
test,A5,25.35201,9.116364
test,A5,25.626,8.598242
test,A5,26.116,9.611929
test,A5,26.387,12.278044
test,A5,26.275,11.580074
test,A5,25.597,10.308968
test,A5,25.134,10.382645
test,A5,25.111,10.632547
test,A5,24.896,8.116049
test,A5,25.024,8.180788
test,A5,25.172,9.331076
test,A5,24.955,8.198521
test,A5,24.488,9.049816
test,A5,24.45,9.487769
test,A5,25.183,9.158307
test,A5,25.705,9.981181
test,A5,25.595,9.642567
test,A5,25.163,9.130251
test,A5,24.593,11.434242
test,A5,24.717,12.671532
test,A5,24.584,13.542332
test,A5,24.591,16.322433
test,A5,25.05,12.639357
test,A5,25.775,11.318218
test,A5,27.297,14.365135
test,A5,27.866,14.514666
test,A5,27.856,15.347984
test,A5,27.716,21.863724
test,A5,27.323,22.66029
test,A5,27.139673,14.934458
test,A5,27.534674,16.757967
test,A5,28.482698,12.668283
test,A5,28.626968,12.429739
test,A5,27.79327,13.858119
test,A5,27.638,10.1678915
test,A5,26.833,11.450182
test,A5,25.652,11.88427
test,A5,25.346,10.688598
test,A5,25.471,13.486681
test,A5,26.202,14.47108
test,A5,26.116966,16.001081
test,A5,25.717966,16.533049
test,A5,25.974,12.822457
test,A5,26.237,10.709121
test,A5,26.56848,11.941463
test,A5,26.37248,15.695971
test,A5,25.867,14.209242
test,A5,25.906,17.277157
test,A5,25.663,18.136911
test,A5,25.442,16.48005
test,A5,25.288,14.001501
test,A5,25.129658,13.315232
test,A5,24.723658,14.718373
test,A5,24.347,12.076347
test,A5,24.944,11.16473
test,A5,25.373,12.877235
test,A5,24.655,16.134865
test,A5,24.642,12.695129
test,A5,25.433,7.5895844
test,A5,25.665,9.912093
test,A5,25.988,13.4155445
test,A5,26.337,12.611527
test,A5,26.329,11.542318
test,A5,25.889,14.378017
test,A5,25.301,19.612001
test,A5,25.186,18.565435
test,A5,25.469,11.553892
test,A5,25.689213,10.307261
test,A5,25.937212,10.110266
test,A5,25.802748,8.997932
test,A5,25.293747,8.706747
test,A5,24.782,9.284995
test,A5,24.24,8.890842
test,A5,23.73,7.88343
test,A5,23.259,8.974982
test,A5,22.214,9.188087
test,A5,20.942,7.528435
test,A5,20.229,11.350445
test,A5,19.585,10.829193
test,A5,18.813,7.498407
test,A5,18.256,6.956919
test,A5,17.926,9.198872
test,A5,16.757,10.473846
test,A5,15.422,9.348644
test,A5,15.043,8.684528
test,A5,14.79,9.56617
test,A5,14.494,11.162941
test,A5,14.261,10.200988
test,A5,13.66,9.786607
test,A5,12.412,10.025975
test,A5,11.157,10.997775
test,A5,10.239,12.484568
test,A5,9.444,13.06478
test,A5,9.186,11.220164
test,A5,8.836,9.361492
test,A5,8.222,9.658807
test,A5,7.78,9.569906
test,A5,7.117,9.878975
test,A5,6.466,8.644338
test,A5,6.027,7.548881
test,A5,5.305,7.6362734
test,A5,4.264,6.107768
test,A5,3.78,6.525831
test,A5,3.467,6.656773
test,A5,1.8678317,5.8706303
test,A5,0.4458317,5.2125425
test,A5,0.31,5.679264
test,A5,0.279,8.086977
test,A5,0.124,7.551399
test,A5,0.031,4.750568
test,A5,0.27,6.019247
test,A5,0.728,5.954648
test,A5,0.699,5.440079
test,A5,0.927,7.3422
test,A5,2.501,8.052241
test,A5,4.010371,7.7170334
test,A5,4.9943714,9.296303
test,A5,5.643,8.533457
test,A5,5.628,8.378778
test,A5,5.374,8.579922
test,A5,5.037,4.6473994
test,A5,4.698,6.122645
test,A5,4.483,8.633177
test,A5,4.386,8.131895
test,A5,4.434,6.5187473
test,A5,4.39,5.941331
test,A5,4.106,5.63371
test,A5,3.929,6.1744423
test,A5,3.922995,7.764284
test,A5,3.913995,6.460232
test,A5,3.913,6.202778
test,A5,3.928,7.426366
test,A5,3.912,7.6734467
test,A5,3.795,6.3112726
test,A5,3.783,6.6263084
test,A5,3.786,8.166437
test,A5,3.62,8.715788
test,A5,3.381,7.4953947
test,A5,3.26,8.1215
test,A5,3.452,9.871671
test,A5,3.672,7.2324095
test,A5,3.779,4.942539
test,A5,4.066,5.507345
test,A5,4.1826186,6.5087233
test,A5,3.7736187,6.5012126
test,A5,3.538,6.5186424
test,A5,3.5780792,7.0558906
test,A5,3.5760791,5.416891
test,A5,3.357,6.008321
test,A5,2.977,5.0720954
test,A5,2.782,5.8536825
test,A5,2.768,24.366312
test,A5,2.786,25.531118
test,A5,2.887,9.945948
test,A5,2.893,6.8349543
test,A5,3.066,7.686309
test,A5,3.556,8.715516
test,A5,3.952,7.1765146
test,A5,4.142,8.236986
test,A5,4.034,8.2196245
test,A5,3.88,6.5016937
test,A5,3.862,6.4154263
test,A5,3.994,7.441708
test,A5,4.189,7.60553
test,A5,4.2450743,7.115116
test,A5,4.1830745,7.413045
test,A5,4.244,6.962784
test,A5,4.165,6.7872787
test,A5,4.033,7.132003
test,A5,4.048,6.066234
test,A5,3.931,5.4842505
test,A5,3.735,6.180643
test,A5,3.708297,6.4733896
test,A5,3.595297,6.5080795
test,A5,3.629,6.282524
test,A5,3.887,6.3380976
test,A5,4.135,5.465721
test,A5,4.551703,5.669961
test,A5,5.135703,6.8247404
test,A5,6.125,7.78975
test,A5,7.047,7.430911
test,A5,7.509,6.8339806
test,A5,7.751,7.13906
test,A5,7.938,9.06176
test,A5,8.41,8.655222
test,A5,8.986,8.033612
test,A5,8.984,6.807371
test,A5,8.74,7.8014507
test,A5,9.039,10.735775
test,A5,10.117,10.736948
test,A5,10.962,9.144711
test,A5,11.144,6.826849
test,A5,11.324,6.250334
test,A5,11.519,9.447842
test,A5,11.59402,8.121187
test,A5,11.60502,7.4189577
test,A5,11.694,10.009274
test,A5,11.863,9.251934
test,A5,12.106,7.295424
test,A5,12.239,10.092451
test,A5,12.276,11.543635
test,A5,12.282,8.950569
test,A5,12.293,8.252566
test,A5,12.278,7.8221254
test,A5,12.162,8.216496
test,A5,12.150935,7.7313128
test,A5,12.255936,10.459191
test,A5,12.306,10.378291
test,A5,12.143074,7.951948
test,A5,12.034074,8.102231
test,A5,12.002,8.132303
test,A5,11.877,9.192239
test,A5,11.837,8.133656
test,A5,11.894,8.456778
test,A5,11.957153,9.126711
test,A5,12.0731535,8.60742
test,A5,12.072,6.4443555
test,A5,11.931,7.052442
test,A5,11.887,11.03793
test,A5,11.903,9.235731
test,A5,12.181851,7.9959774
test,A5,12.571852,9.88119
test,A5,12.771094,10.219322
test,A5,12.966094,9.727698
test,A5,13.303,9.571634
test,A5,13.517,9.113156
test,A5,13.523,8.4634495
test,A5,13.498,7.1554804
test,A5,13.416,8.730803
test,A5,13.398,10.145353
test,A5,13.601,10.667711
test,A5,13.814,9.575104
test,A5,13.818139,10.1536875
test,A5,13.685139,10.579813
test,A5,13.736,11.265129
test,A5,14.037,12.855339
test,A5,14.082,14.436673
test,A5,14.033,11.415173
test,A5,14.232,8.751997
test,A5,14.393,11.918477
test,A5,14.699163,11.838522
test,A5,15.177163,10.331945
test,A5,15.625144,9.101364
test,A5,15.778253,8.639722
test,A5,15.750109,13.865633
test,A5,15.782,12.709378
test,A5,15.822,11.483174
test,A5,15.329,12.666235
test,A5,14.837,12.731913
test,A5,15.209,14.048555
test,A5,15.612,14.01534
test,A5,15.958,14.055258
test,A5,16.309,11.790785
test,A5,16.544,11.723053
test,A5,16.919,12.573801
test,A5,17.177135,11.028105
test,A5,17.237135,12.5740185
test,A5,17.149,15.044819
test,A5,17.376,12.027433
test,A5,17.925,9.381935
test,A5,17.998,12.051
test,A5,17.967,11.762721
test,A5,18.289694,14.791967
test,A5,18.308693,16.500452
test,A5,18.271475,12.8647175
test,A5,18.912476,11.156393
test,A5,19.434,12.92206
test,A5,19.305,12.369241
test,A5,18.965,9.893122
test,A5,19.111,14.1205635
test,A5,19.816887,15.89687
test,A5,20.242886,11.914206
test,A5,20.08,9.154371
test,A5,20.606,8.4586115
test,A5,21.442,14.68793
test,A5,21.953,17.689722
test,A5,22.413118,12.689989
test,A5,21.986149,9.963115
test,A5,22.46403,7.857147
test,A5,24.227673,9.168886
test,A5,24.697495,13.952904
test,A5,24.258821,14.470722
test,A5,24.131,12.380408
test,A5,24.006,12.450335
test,A5,23.489,14.229216
test,A5,23.195,15.746385
test,A5,23.213,12.393223
test,A5,22.486,13.540315
test,A5,21.09,14.503413
test,A5,20.862,11.740673
test,A5,22.126,12.426111
test,A5,23.21,11.1919155
test,A5,23.436,10.760752
test,A5,23.411,11.983017
test,A5,23.814,12.071724
test,A5,25.145,14.1108055
test,A5,26.055,14.67379
test,A5,26.418,10.22183
test,A5,27.096,10.384035
test,A5,27.173054,12.954117
test,A5,27.149054,12.736393
test,A5,27.424,11.301854
test,A5,27.055,9.532989
test,A5,26.536,8.211187
test,A5,26.352,11.236724
test,A5,25.854925,13.109224
test,A5,25.443926,8.8075695
test,A5,24.803,10.625901
test,A5,24.897436,12.056992
test,A5,25.993484,15.858717
test,A5,26.41664,17.59896
test,A5,25.994589,11.3276005
test,A5,25.517,11.409399
test,A5,25.686,10.384636
test,A5,25.665,11.4571705
test,A5,25.611,12.816673
test,A5,25.756,11.878263
test,A5,25.651,10.838258
test,A5,25.882,10.320309
test,A5,25.887281,11.05394
test,A5,25.482283,13.6979475
test,A5,25.429,13.738888
test,A5,24.894678,12.340516
test,A5,23.802618,10.14576
test,A5,22.63494,11.941641
test,A5,22.359564,13.470956
test,A5,24.089565,17.174343
test,A5,25.507,16.887606
test,A5,25.881,11.525869
test,A5,26.404,12.023652
test,A5,26.867,11.5382395
test,A5,27.173,10.870553
test,A5,27.423,11.122141
test,A5,27.94,10.119808
test,A5,28.241,10.4665365
test,A5,27.211,11.649768
test,A5,26.262,9.423273
test,A5,26.145,7.6699004
test,A5,25.775,8.782261
test,A5,25.333,11.1403675
test,A5,25.382996,9.686939
test,A5,25.591995,8.641621
test,A5,25.489,8.598601
test,A5,25.468,9.411848
test,A5,25.541,9.515116
test,A5,25.402,10.088144
test,A5,25.095,11.252296
test,A5,24.84998,11.662351
test,A5,24.83198,11.035086
test,A5,25.255,9.443493
test,A5,25.668,8.009068
test,A5,25.841,7.6209807
test,A5,26.047,9.192326
test,A5,26.255,12.839989
test,A5,26.456,11.409037
test,A5,26.665,7.2260456
test,A5,26.855,11.320246
test,A5,26.943,15.339146
test,A5,27.197,9.468771
test,A5,27.439,8.461541
test,A5,27.329,9.809881
test,A5,26.902,10.117912
test,A5,26.534866,10.23003
test,A5,26.467867,8.174991
test,A5,26.779,9.163696
test,A5,26.786,10.939327
test,A5,26.524,12.603251
test,A5,26.542,11.104158
test,A5,26.313,7.5053406
test,A5,25.97,7.5025744
test,A5,25.838,8.877605
test,A5,25.846,10.277156
test,A5,25.688,15.415396
test,A5,25.389912,16.723886
test,A5,25.186836,9.799979
test,A5,25.246925,8.289162
test,A5,25.605,11.696143
test,A5,25.901014,13.67873
test,A5,26.014015,11.720095
test,A5,26.258,11.674841
test,A5,26.448,10.331432
test,A5,26.386,8.716288
test,A5,26.05066,10.660661
test,A5,25.455658,12.459689
test,A5,25.053,13.188357
test,A5,25.512777,12.193171
test,A5,26.320778,9.580387
test,A5,26.714,6.4075947
test,A5,25.712,7.6735053
test,A5,24.107,9.215856
test,A5,24.367,9.020124
test,A5,25.814,12.043184
test,A5,26.65407,11.740626
test,A5,26.747068,9.156419
test,A5,26.351,10.945731
test,A5,26.122,13.052622
test,A5,26.202,11.870934
test,A5,26.085,7.812299
test,A5,26.109,7.140976
test,A5,26.341,9.855135
test,A5,26.61,12.298134
test,A5,26.82,10.361714
test,A5,26.96807,11.981016
test,A5,27.115068,13.461432
test,A5,27.272,9.039585
test,A5,27.347,9.027225
test,A5,27.397055,9.405325
test,A5,27.500055,9.489324
test,A5,27.588,7.576132
test,A5,27.682,9.559945
test,A5,27.507,9.043937
test,A5,27.003307,10.415451
test,A5,26.625307,11.799423
test,A5,26.636,11.439195
test,A5,26.87,10.892342
test,A5,27.01595,9.179986
test,A5,26.90395,7.51527
test,A5,26.708,8.083507
test,A5,27.102,10.076973
test,A5,27.642,9.457399
test,A5,27.861,10.332712
test,A5,27.906149,12.248035
test,A5,27.936148,17.0294
test,A5,28.016,15.069167
test,A5,27.836628,7.77322
test,A5,27.428627,11.557281
test,A5,27.096,12.264362
test,A5,26.883,9.774263
test,A5,26.704,11.240928
test,A5,26.586,10.695904
test,A5,26.625,13.836461
test,A5,26.67196,16.833456
test,A5,26.61996,14.214515
test,A5,26.626,11.637517
test,A5,26.68,13.240666
test,A5,26.82197,14.129642
test,A5,26.94097,12.442932
test,A5,27.09,9.603619
test,A5,27.199,11.1084
test,A5,27.25,14.052994
test,A5,27.316,11.263607
test,A5,27.348,9.666797
test,A5,27.401,16.532768
test,A5,27.479912,15.97921
test,A5,27.44091,8.222527
test,A5,27.36,10.813375
test,A5,27.336,10.392696
test,A5,27.338,12.783042
test,A5,27.46,10.837137
test,A5,27.722,8.84681
test,A5,28.006,8.511854
test,A5,28.178886,12.079994
test,A5,28.322886,10.091652
test,A5,28.457,9.3164215
test,A5,28.535,10.228148
test,A5,28.45,13.455193
test,A5,28.242,20.053503
test,A5,28.111,19.249857
test,A5,28.041843,11.499173
test,A5,28.059843,6.806443
test,A5,27.984,7.30669
test,A5,27.828,7.692196
test,A5,27.775,8.617231
test,A5,27.738,8.882372
test,A5,27.655,10.384108
test,A5,27.588,10.157642
test,A5,27.544,7.8643417
test,A5,27.458,7.9792447
test,A5,27.372,10.066246
test,A5,27.416,11.209808
test,A5,27.594,12.374442
test,A5,27.753056,12.566795
test,A5,27.857056,11.5745125
test,A5,27.904,12.118807
test,A5,27.895,12.921509
test,A5,27.878965,10.819843
test,A5,27.908964,7.759596
test,A5,27.967,10.313711
test,A5,27.954,9.757612
test,A5,27.867064,7.706443
test,A5,27.889065,10.060794
test,A5,28.049,9.153066
test,A5,28.135,8.98854
test,A5,28.103,8.733932
test,A5,28.199781,10.664791
test,A5,28.496782,10.805639
test,A5,28.605,9.408123
test,A5,28.435,10.525349
test,A5,28.403,11.314996
test,A5,28.397,11.34869
test,A5,28.222,8.421389
test,A5,28.106,7.009412
test,A5,27.98,10.393086
test,A5,27.874,12.909529
test,A5,27.981,12.187685
test,A5,28.232,10.098423
test,A5,28.435,7.3401546
test,A5,28.517115,7.8427367
test,A5,28.531115,7.9387617
test,A5,28.08,9.07284
test,A5,27.413,9.900889
test,A5,27.199,8.535178
test,A5,27.016,9.301695
test,A5,26.603,9.344553
test,A5,26.143,8.496359
test,A5,25.805,9.425207
test,A5,25.564,13.90797
test,A5,25.401,15.803028
test,A5,25.354,13.377464
test,A5,25.049,10.213406
test,A5,24.583,7.259675
test,A5,24.279,12.260441
test,A5,23.983,12.1469
test,A5,23.62383,10.238104
test,A5,23.280832,8.4575615
test,A5,22.974,10.695225
test,A5,22.604,10.257858
test,A5,22.197,8.111623
test,A5,21.876,8.817568
test,A5,21.525,10.268736
test,A5,21.129,12.04748
test,A5,20.601,11.215243
test,A5,19.939,7.720894
test,A5,19.561,8.025975
test,A5,19.364826,7.9173336
test,A5,19.032827,11.91883
test,A5,18.579,10.8873205
test,A5,18.102,7.1778727
test,A5,17.295,8.298005
test,A5,15.928,7.765256
test,A5,14.7,7.331574
test,A5,13.961,10.956274
test,A5,13.470708,12.795946
test,A5,13.003708,10.847822
test,A5,12.485,11.674828
test,A5,11.587,11.226824
test,A5,10.239,7.7397923
test,A5,9.110515,8.47731
test,A5,8.128515,9.495393
test,A5,6.948,10.808125
test,A5,5.985,8.594387
test,A5,5.432,8.130869
test,A5,4.938,6.871983
test,A5,4.331,5.2993717
test,A5,3.657,5.0752826
test,A5,2.716,5.487802
test,A5,1.908,6.6499653
test,A5,0.877,7.8317637
test,A5,0.14485644,6.5475674
test,A5,0.11585644,6.1853137
test,A5,0.0,5.7466025
test,A5,0.0,4.4009376
test,A5,0.0,5.3186398
test,A5,0.0,8.385312
test,A5,0.209,6.325081
test,A5,1.342,4.907382
test,A5,2.636,7.598907
test,A5,3.103,11.315782
test,A5,3.343,10.71743
test,A5,3.716,11.0156765
test,A5,4.201,11.472433
test,A5,4.532,9.265314
test,A5,4.522,6.8655663
test,A5,4.302,6.865843
test,A5,3.938,8.737569
test,A5,3.482,8.060376
test,A5,3.0750644,5.7622995
test,A5,2.8350644,6.3145447
test,A5,2.749,6.4244604
test,A5,2.71,6.0140123
test,A5,2.644,9.105145
test,A5,2.643,11.273979
test,A5,2.762312,8.311114
test,A5,2.902312,7.3901987
test,A5,3.045,7.7587013
test,A5,3.1950643,8.59603
test,A5,3.3539357,8.612819
test,A5,3.5468712,6.165616
test,A5,3.745,5.7905955
test,A5,3.939,7.5049276
test,A5,3.877,7.218204
test,A5,3.709,6.454199
test,A5,3.62,7.489991
test,A5,3.502,7.622184
test,A5,3.36,6.71959
test,A5,3.006,6.5989656
test,A5,2.669,7.274626
test,A5,2.483005,7.130907
test,A5,2.403005,5.864958
test,A5,2.479,6.3359537
test,A5,2.698,7.2499
test,A5,2.86,6.725281
test,A5,2.7688367,6.8137712
test,A5,2.5278366,6.3580103
test,A5,2.3710248,7.509354
test,A5,2.3030248,6.6268473
test,A5,2.122,5.4083366
test,A5,1.876965,5.92337
test,A5,1.752965,6.165097
test,A5,1.81,8.417611
test,A5,1.961,13.070767
test,A5,2.222,11.594711
test,A5,2.46,8.933432
test,A5,2.506,7.0126705
test,A5,2.5339603,6.7407494
test,A5,2.4909604,5.497951
test,A5,2.207,5.6722407
test,A5,1.999,6.69343
test,A5,1.837,7.88822
test,A5,1.366,7.893958
test,A5,1.05,6.079257
test,A5,1.05,6.960126
test,A5,1.05,6.8610325
test,A5,1.05,5.5444927
test,A5,1.05,6.2321677
test,A5,0.945,6.98022
test,A5,0.42,6.9704432
test,A5,0.0,6.164489
test,A5,0.0,7.194257
test,A5,0.0,6.8593464
test,A5,0.0,5.1028776
test,A5,0.0,5.6027274
test,A5,0.0,6.2844687
test,A5,0.0,4.548455
test,A5,0.0,4.5002604
test,A5,0.136,4.800867
test,A5,0.839,5.5888195
test,A5,1.499005,6.269665
test,A5,1.625005,6.040456
test,A5,1.784,5.1246033
test,A5,1.969,10.493015
test,A5,2.1547475,11.327023
test,A5,2.5577476,6.2184362
test,A5,3.203,5.7180424
test,A5,3.966,7.4274263
test,A5,4.691,8.423475
test,A5,5.216,7.4911814
test,A5,5.347,7.4500685
test,A5,5.182,7.5117464
test,A5,5.023,6.6136255
test,A5,4.883075,6.6441317
test,A5,4.728075,7.8807955
test,A5,4.601,8.75184
test,A5,4.495,8.001148
test,A5,4.363,8.7812805
test,A5,4.32799,9.926773
test,A5,4.39899,8.7605
test,A5,4.523,8.024893
test,A5,4.822,6.4714856
test,A5,5.401,6.99691
test,A5,6.121,7.0139313
test,A5,6.646,5.862758
test,A5,6.922,6.9270554
test,A5,7.066,8.951944
test,A5,7.124,8.641583
test,A5,7.077,7.9815288
test,A5,6.962,8.251604
test,A5,6.851,9.976085
test,A5,6.732,9.124571
test,A5,6.485,10.544512
test,A5,6.137,11.014303
test,A5,5.913,8.680432
test,A5,5.754,7.2193627
test,A5,5.62,6.2752943
test,A5,5.585,7.479434
test,A5,5.601,7.875474
test,A5,5.569,6.630578
test,A5,5.499,5.4567027
test,A5,5.468,6.7717705
test,A5,5.456,9.11228
test,A5,5.553,10.002607
test,A5,5.6829257,8.571198
test,A5,5.6919255,8.021199
test,A5,5.834,6.5897446
test,A5,6.201,7.1189213
test,A5,6.516,8.981361
test,A5,6.663,9.602719
test,A5,6.763,8.536783
test,A5,6.769,7.619065
test,A5,6.661,7.452866
test,A5,6.637,7.1778812
test,A5,6.535,7.3734093
test,A5,6.165,7.1532125
test,A5,5.753,6.5925684
test,A5,5.53,6.690219
test,A5,5.435,7.16453
test,A5,5.248,7.915015
test,A5,5.039,7.0845203
test,A5,4.933,8.7798815
test,A5,4.847,9.399643
test,A5,4.889,7.446583
test,A5,5.072,7.428869
test,A5,5.273,6.9917
test,A5,5.3149753,8.783256
test,A5,5.307109,8.284849
test,A5,5.4861336,8.942027
test,A5,5.733,9.331011
test,A5,5.921,6.869403
test,A5,6.011,6.98514
test,A5,6.131,11.254551
test,A5,6.222,11.685633
test,A5,6.341,9.73925
test,A5,6.365,10.525209
test,A5,6.311,8.402418
test,A5,6.436,7.1528206
test,A5,6.504,7.198882
test,A5,6.406,6.692335
test,A5,6.253015,7.4831944
test,A5,6.177015,9.001814
test,A5,6.1349754,7.365466
test,A5,6.1159754,8.783418
test,A5,6.2360497,8.602355
test,A5,6.4100494,7.141354
test,A5,6.5258813,9.346538
test,A5,6.585881,9.661564
test,A5,7.029,10.765232
test,A5,7.628,10.455622
test,A5,7.786089,7.2477884
test,A5,7.754089,8.745599
test,A5,7.89,9.28398
test,A5,8.05,9.000528
test,A5,8.039,8.461482
test,A5,7.974,13.4382
test,A5,7.875,15.472223
test,A5,7.799,10.028472
test,A5,7.713,7.1831384
test,A5,7.563,8.972688
test,A5,7.255,8.654139
test,A5,7.009,8.705879
test,A5,6.944,7.510132
test,A5,6.712,6.202907
test,A5,6.399,7.1583166
test,A5,6.2,8.26664
test,A5,6.022,9.566469
test,A5,5.864,9.919956
test,A5,5.824,8.443181
test,A5,5.714,9.085811
test,A5,5.523,10.363208
test,A5,5.504,11.272427
test,A5,5.572,9.610783
test,A5,5.743,8.193613
test,A5,5.908906,6.5335484
test,A5,5.928906,5.2765207
test,A5,6.192,5.6448035
test,A5,6.58,8.208897
test,A5,6.825,8.468094
test,A5,7.28,8.9272585
test,A5,7.785,10.797946
test,A5,7.947,10.485463
test,A5,7.8261585,9.582629
test,A5,7.5461583,8.214318
test,A5,7.116,7.9588127
test,A5,6.645,7.183193
test,A5,6.186,6.3445835
test,A5,5.825911,7.8503904
test,A5,5.614911,8.669703
test,A5,5.45,17.173811
test,A5,5.333,16.563644
test,A5,5.25,6.862107
test,A5,5.164,7.360012
test,A5,4.996,7.4880137
test,A5,4.625,6.4073343
test,A5,4.066,5.817686
test,A5,3.609,6.5228753
test,A5,3.327,6.5632086
test,A5,3.163,5.256495
test,A5,3.104,4.8675013
test,A5,3.058,5.1922445
test,A5,3.051,6.2386827
test,A5,3.068,8.757601
test,A5,3.1767871,7.6931305
test,A5,3.523787,5.1689515
test,A5,4.123,6.626116
test,A5,4.664,8.059966
test,A5,4.876,7.9834313
test,A5,4.949,7.681889
test,A5,4.965,5.6233683
test,A5,4.863,6.041996
test,A5,4.766,5.326275
test,A5,4.707901,5.6018157
test,A5,4.594901,6.1583633
test,A5,4.482,6.525526
test,A5,4.41,7.6794477
test,A5,4.313,6.721674
test,A5,4.2280593,6.482174
test,A5,4.1320596,7.54022
test,A5,4.01,7.8814487
test,A5,3.991,8.165445
test,A5,4.102,7.87688
test,A5,4.237,8.133457
test,A5,4.376,7.942765
test,A5,4.512,7.7009335
test,A5,4.573,7.1009016
test,A5,4.664,8.59052
test,A5,4.835035,8.826395
test,A5,4.8780346,7.025552
test,A5,4.816,6.4751225
test,A5,4.891,6.4023657
test,A5,5.117,6.045212
test,A5,5.202,7.426752
test,A5,5.2241187,7.6564665
test,A5,5.3701186,9.4344635
test,A5,5.394,9.175861
test,A5,5.348,7.012596
test,A5,5.463,9.026055
test,A5,5.674915,13.424858
test,A5,5.873915,11.611883
test,A5,6.054,9.274419
test,A5,6.157,9.90518
test,A5,6.192985,9.520565
test,A5,6.2029853,8.151901
test,A5,6.0106087,8.460287
test,A5,5.4330196,7.4299307
test,A5,4.631411,5.785561
test,A5,3.922,7.9206495
test,A5,3.54,7.195782
test,A5,3.564,6.13339
test,A5,3.948,7.2753077
test,A5,4.547,7.0157576
test,A5,5.124,7.7258306
test,A5,6.36,10.639968
test,A5,7.806,10.472422
test,A5,8.585,11.839408
test,A5,9.111,11.570274
test,A5,9.466,8.321631
test,A5,9.902986,7.1269073
test,A5,10.177985,7.4049244
test,A5,10.023,11.246731
test,A5,9.668,13.258199
test,A5,9.801,13.6213
test,A5,10.642505,11.090061
test,A5,11.645505,8.88057
test,A5,12.679,8.392424
test,A5,13.45,7.7412877
test,A5,13.74,8.867746
test,A5,13.652,9.557119
test,A5,13.407,10.404465
test,A5,13.135,9.100059
test,A5,12.837136,9.589312
test,A5,12.582116,10.41458
test,A5,12.540748,8.057437
test,A5,12.8327675,10.4188595
test,A5,13.299,10.709784
test,A5,13.901,8.258406
test,A5,14.662,9.022015
test,A5,15.55,8.641006
test,A5,16.379164,10.440786
test,A5,16.908163,9.909486
test,A5,17.355,8.785128
test,A5,17.698,15.528967
test,A5,17.914,15.357943
test,A5,18.106,10.985464
test,A5,18.155931,12.473331
test,A5,18.051931,10.737732
test,A5,17.798,7.295435
test,A5,17.459,9.689491
test,A5,16.952,11.618797
test,A5,16.229,10.214192
test,A5,15.48,9.700436
test,A5,14.769,10.861942
test,A5,14.145,10.778191
test,A5,13.69,12.246122
test,A5,13.476,15.781432
test,A5,13.55,14.568893
test,A5,13.815,12.104946
test,A5,14.144,10.558516
test,A5,14.494,9.161926
test,A5,14.848,8.225975
test,A5,15.088,10.2928
test,A5,15.12609,13.361211
test,A5,15.22809,14.266675
test,A5,15.61,12.705398
test,A5,15.924,10.419147
test,A5,16.088,8.704013
test,A5,16.238,9.256671
test,A5,16.405,11.925631
test,A5,16.452,11.550917
test,A5,16.398,11.32111
test,A5,16.382,15.296545
test,A5,16.367,16.143574
test,A5,16.43,11.408452
test,A5,16.422,10.048576
test,A5,16.557734,11.926916
test,A5,17.005733,11.173569
test,A5,17.457,10.425634
test,A5,17.724,13.888468
test,A5,17.738,15.404892
test,A5,17.848,10.846784
test,A5,18.005,9.282459
test,A5,18.037,13.500875
test,A5,18.097,13.8030205
test,A5,18.17,13.884361
test,A5,18.293,12.283449
test,A5,18.404049,9.703606
test,A5,18.50205,17.08206
test,A5,18.61,15.197826
test,A5,18.71,12.627481
test,A5,18.805,12.503422
test,A5,18.86,10.431826
test,A5,18.847,12.143581
test,A5,18.885,9.214606
test,A5,18.918,7.493166
test,A5,18.869095,7.816205
test,A5,18.763094,5.6267357
test,A5,18.692099,6.291906
test,A5,18.7911,10.509412
test,A5,18.934,11.728338
test,A5,19.012,10.531429
test,A5,19.004,8.612879
test,A5,18.924,8.567852
test,A5,18.842,9.447235
test,A5,18.745,8.927992
test,A5,18.637,7.0545673
test,A5,18.62,8.803101
test,A5,18.7,11.054077
test,A5,18.76,10.027929
test,A5,18.601,9.845964
test,A5,18.188,9.595127
test,A5,17.723,8.12254
test,A5,17.348,7.9914026
test,A5,17.009,8.812712
test,A5,16.604,9.198975
test,A5,15.907,9.155044
test,A5,14.79,7.079072
test,A5,13.47,7.0343485
test,A5,12.259,7.050371
test,A5,11.443,8.579523
test,A5,10.801,8.854496
test,A5,10.248,7.1103973
test,A5,9.765,9.181073
test,A5,9.346,11.120729
test,A5,9.175,9.855667
test,A5,9.06,9.476347
test,A5,8.816,9.045174
test,A5,8.771,8.166893
test,A5,8.954,10.692881
test,A5,8.75,9.698132
test,A5,8.176,7.7770314
test,A5,7.7659407,6.835537
test,A5,7.6089406,7.0391474
test,A5,7.51799,6.0992894
test,A5,7.5148764,6.5946836
test,A5,7.664886,7.986289
test,A5,7.935,8.833338
test,A5,8.292,8.274059
test,A5,8.647,8.983371
test,A5,8.893,10.292798
test,A5,9.185921,9.095759
test,A5,9.469921,8.423162
test,A5,9.68,7.595804
test,A5,9.923,6.7336917
test,A5,10.142,8.438217
test,A5,10.378,7.837917
test,A5,10.613,9.222475
test,A5,10.822,11.607
test,A5,10.983,9.009916
test,A5,11.039,7.3544197
test,A5,11.011,9.069815
test,A5,10.767,10.243827
test,A5,10.461,7.9854946
test,A5,10.312,9.518476
test,A5,10.281,10.122402
test,A5,10.405901,10.782543
test,A5,10.602901,11.0182495
test,A5,10.769,9.491194
test,A5,10.959,9.515731
test,A5,11.262,9.327353
test,A5,11.739,8.383364
test,A5,12.4305,7.4141617
test,A5,13.3165,7.610319
test,A5,14.168,10.318981
test,A5,14.723,10.131026
test,A5,14.975,8.464954
test,A5,14.91,8.599621
test,A5,14.527,8.925161
test,A5,13.8,10.651069
test,A5,12.449,12.290342
test,A5,10.365,8.288383
test,A5,8.317,6.393627
test,A5,6.988,5.97268
test,A5,6.164797,5.7627563
test,A5,5.596797,6.83932
test,A5,5.03,7.338918
test,A5,4.3794217,5.526181
test,A5,3.9044216,4.375974
test,A5,3.859,3.654567
test,A5,4.31,4.9506598
test,A5,4.944,6.2851295
test,A5,5.362,5.813531
test,A5,5.538,5.844866
test,A5,5.566,6.1003695
test,A5,5.553,5.5141726
test,A5,5.559,5.7832065
test,A5,5.444,7.502804
test,A5,4.891,8.963873
test,A5,3.898,7.4832745
test,A5,2.703,5.814865
test,A5,1.602,6.285425
test,A5,1.072,4.8029566
test,A5,0.682,5.6711535
test,A5,0.37,5.182332
test,A5,0.389,3.786529
test,A5,0.484,5.250124
test,A5,0.678,4.88161
test,A5,1.412,4.454921
test,A5,2.692,6.0789557
test,A5,3.851,7.6242075
test,A5,5.03,8.175656
test,A5,6.262,6.8981895
test,A5,7.303,6.475964
test,A5,8.235,5.6415105
test,A5,8.978,5.8905478
test,A5,9.44,5.941717
test,A5,9.64,5.873352
test,A5,9.64,7.40053
test,A5,9.516,7.582883
test,A5,8.74,5.5252724
test,A5,7.384,5.943619
test,A5,6.289,6.747666
test,A5,5.636,5.41269
test,A5,5.476856,4.997183
test,A5,5.7148566,5.4250298
test,A5,6.193,5.5536
test,A5,6.765,7.304223
test,A5,7.268,10.205624
test,A5,7.784,10.063771
test,A5,8.285,7.653426
test,A5,8.685,8.839465
test,A5,8.96,8.286817
test,A5,9.103,6.1374187
test,A5,9.067,8.2635
test,A5,8.815,8.785797
test,A5,8.521,7.7830267
test,A5,8.221,8.330421
test,A5,7.804,9.837779
test,A5,7.414,7.3697658
test,A5,7.083,7.8177905
test,A5,6.773,7.8633013
test,A5,6.569,6.8577976
test,A5,6.373,7.4131413
test,A5,6.1249557,9.468792
test,A5,5.9499555,8.375864
test,A5,5.891,6.1921363
test,A5,5.923,5.804656
test,A5,6.074,5.996352
test,A5,6.255,8.190736
test,A5,6.354,9.639049
test,A5,6.330175,8.619768
test,A5,6.2251096,7.955554
test,A5,6.096935,8.564931
test,A5,5.942,9.71788
test,A5,5.686,11.4565735
test,A5,5.278,11.057998
test,A5,4.968,7.746968
test,A5,4.859,8.734772
test,A5,4.737,8.533671
test,A5,4.543,10.989473
test,A5,4.348,11.165728
test,A5,4.223,10.339081
test,A5,4.145,10.1456375
test,A5,4.106,12.292719
test,A5,4.115,12.180576
test,A5,4.127,9.4169655
test,A5,4.077,13.637413
test,A5,3.976,10.571434
test,A5,3.844,5.2272034
test,A5,3.7839901,8.434511
test,A5,3.82099,7.603354
test,A5,3.943,4.999937
test,A5,4.143,5.756554
test,A5,4.413,6.342259
test,A5,4.828,6.30542
test,A5,5.336,5.816506
test,A5,5.811,5.591054
test,A5,6.269203,6.072178
test,A5,6.697203,7.1188564
test,A5,6.944,8.463205
test,A5,7.16,7.359377
test,A5,7.438,8.113884
test,A5,7.618,9.8006935
test,A5,7.746,7.603031
test,A5,7.815,8.507431
test,A5,7.867,13.091547
test,A5,8.061,12.019149
test,A5,8.396867,13.017084
test,A5,8.719867,12.47052
test,A5,8.77,11.393101
test,A5,8.268,10.275767
test,A5,7.682,7.4087915
test,A5,7.636,8.088836
test,A5,7.74,8.83338
test,A5,7.74,12.991933
test,A5,7.7138715,12.5463
test,A5,7.5547276,6.5383825
test,A5,7.2628565,6.1986256
test,A5,6.895,8.188013
test,A5,6.492,7.8916655
test,A5,6.031,8.769865
test,A5,5.332,9.520826
test,A5,4.4266386,9.121825
test,A5,3.6116385,6.789369
test,A5,3.026,5.099041
test,A5,2.577,6.1963243
test,A5,2.233,6.029397
test,A5,1.96,7.612096
test,A5,1.646,9.582367
test,A5,1.425,8.056014
test,A5,1.435,7.6373987
test,A5,1.614,9.407955
test,A5,1.911,9.893759
test,A5,2.214,9.181498
test,A5,2.494,6.267395
test,A5,2.697,5.2486544
test,A5,2.855,6.0552197
test,A5,3.094,10.8114805
test,A5,3.264,13.007587
test,A5,3.327,14.732792
test,A5,3.354,12.34534
test,A5,3.36,7.6860933
test,A5,3.4,6.9850054
test,A5,3.416,6.0763454
test,A5,3.53,7.2405386
test,A5,3.772,7.4548583
test,A5,3.946,6.3605156
test,A5,3.949,8.717154
test,A5,3.8328862,9.585795
test,A5,3.666886,9.067571
test,A5,3.491,9.323679
test,A5,3.3538415,9.337791
test,A5,3.1488416,9.123539
test,A5,2.9659505,12.219815
test,A5,2.8919506,15.316744
test,A5,2.916,9.491273
test,A5,2.988,6.82203
test,A5,3.0379307,10.705591
test,A5,3.1329308,12.077694
test,A5,3.245,6.5131783
test,A5,3.358,6.185317
test,A5,3.547,7.105249
test,A5,3.826,8.057695
test,A5,4.05,12.315166
test,A5,4.1290493,10.830793
test,A5,4.1250496,7.13229
test,A5,4.15,4.5755396
test,A5,4.316,4.716426
test,A5,4.665,4.677852
test,A5,5.0661087,6.3723955
test,A5,5.337109,7.7177877
test,A5,5.471105,6.11386
test,A5,5.649105,6.2856026
test,A5,6.015,6.8933992
test,A5,6.322,7.2194242
test,A5,6.4138713,5.8430405
test,A5,6.2958713,8.22148
test,A5,6.007,8.964701
test,A5,5.617,5.722542
test,A5,5.14,4.9108505
test,A5,4.73,4.6806607
test,A5,4.3466783,4.6662273
test,A5,3.8296783,5.315048
test,A5,3.348,6.5596437
test,A5,3.082,8.756632
test,A5,3.03,6.628879
test,A5,3.161,4.596149
test,A5,3.4160793,4.6201453
test,A5,3.6560793,5.20982
test,A5,3.842,5.75883
test,A5,4.049,4.931987
test,A5,4.243,4.1269336
test,A5,4.425,4.43787
test,A5,4.597,6.231411
test,A5,4.868,8.5719795
test,A5,5.176,9.957537
test,A5,5.467,6.323244
test,A5,5.779,7.217434
test,A5,5.97,6.8791604
test,A5,6.013911,5.341026
test,A5,5.9178414,6.8510876
test,A5,5.7669306,7.0303717
test,A5,5.698,6.4950523
test,A5,5.834,5.5008764
test,A5,6.04986,6.303316
test,A5,6.2557707,7.3085585
test,A5,6.4889107,5.5541883
test,A5,6.683,7.167696
test,A5,6.658916,9.219503
test,A5,6.579916,10.287811
test,A5,6.449,11.387318
test,A5,6.106,9.651498
test,A5,5.796,7.344082
test,A5,5.4,7.219413
test,A5,4.9359107,7.4651613
test,A5,4.6529107,6.568038
test,A5,4.563,5.2599607
test,A5,4.681094,5.7601795
test,A5,4.928094,6.074765
test,A5,5.263,5.9967093
test,A5,5.669,6.010043
test,A5,6.042,8.307835
test,A5,6.429,9.096172
test,A5,6.798,9.614634
test,A5,7.0667973,8.608448
test,A5,7.333797,5.557845
test,A5,7.466,6.3230886
test,A5,7.351,6.982269
test,A5,7.2840295,7.610625
test,A5,7.3230295,8.606588
test,A5,7.336,7.5143924
test,A5,7.341,5.82238
test,A5,7.39,4.8202586
test,A5,7.637,6.4919815
test,A5,7.9517255,8.4828
test,A5,8.196726,10.043381
test,A5,8.466,9.745882
test,A5,8.649921,9.340714
test,A5,8.763922,9.070931
test,A5,8.974,8.944408
test,A5,9.324,8.81919
test,A5,9.548,9.107661
test,A5,9.528,8.85128
test,A5,9.215,7.9176297
test,A5,8.705,9.716894
test,A5,8.259,12.264082
test,A5,7.855,9.314465
test,A5,7.588,7.5123677
test,A5,7.451,9.522783
test,A5,7.304,9.782187
test,A5,7.111,7.598831
test,A5,6.738,8.66628
test,A5,6.264,10.008133
test,A5,5.878,7.7444954
test,A5,5.7039704,6.808991
test,A5,5.7059703,7.6317143
test,A5,5.855,6.6366405
test,A5,6.081,4.9328423
test,A5,6.319,4.605282
test,A5,6.607,5.8777204
test,A5,7.0093117,9.873295
test,A5,7.5813117,10.147029
test,A5,8.161,8.409593
test,A5,8.765614,9.652843
test,A5,9.508614,9.611659
test,A5,10.413,8.659969
test,A5,11.353,12.001175
test,A5,12.308,14.208011
test,A5,13.319,9.208069
test,A5,14.278,8.054318
test,A5,14.978,10.108357
test,A5,15.196,8.172062
test,A5,15.342,9.269701
test,A5,15.519,10.245983
test,A5,15.586,9.217025
test,A5,15.736,9.5054455
test,A5,15.832,8.056022
test,A5,15.730728,8.297294
test,A5,15.283728,9.608382
test,A5,14.309,8.9812565
test,A5,12.848,12.710044
test,A5,11.4,12.49832
test,A5,10.079,10.4108515
test,A5,8.724872,8.331604
test,A5,7.659144,5.8995667
test,A5,7.0142727,7.0685472
test,A5,6.652827,7.6933985
test,A5,6.3718266,8.0702915
test,A5,6.113,8.752935
test,A5,5.8691335,9.614989
test,A5,5.6251335,10.738977
test,A5,5.566,6.966561
test,A5,5.689,9.787946
test,A5,5.851,13.961514
test,A5,5.875,9.8400345
test,A5,5.915,8.378395
test,A5,6.077,8.176063
test,A5,6.101,8.007661
test,A5,6.271,9.350168
test,A5,6.838,10.48395
test,A5,7.542,8.69309
test,A5,8.209,10.091141
test,A5,8.929,11.792865
test,A5,9.719,24.59844
test,A5,10.394445,22.236567
test,A5,11.124446,8.920895
test,A5,11.969,15.715324
test,A5,12.695,17.108664
test,A5,13.316,10.87886
test,A5,13.765,10.962517
test,A5,13.922,8.508373
test,A5,13.759,9.707664
test,A5,13.428,12.562601
test,A5,13.2108965,9.558622
test,A5,12.989896,6.2857404
test,A5,12.351655,9.177522
test,A5,11.230656,14.287264
test,A5,9.993728,12.658754
test,A5,8.667727,7.223886
test,A5,7.247624,6.366557
test,A5,6.229624,6.8115335
test,A5,5.722,8.519519
test,A5,5.385,8.001096
test,A5,5.07,8.081777
test,A5,4.822,8.09
test,A5,4.689,8.36583
test,A5,4.571,7.8683686
test,A5,4.397104,7.0719543
test,A5,4.202104,6.0849
test,A5,4.006,5.179846
test,A5,3.984,4.282425
test,A5,4.436,4.9031982
test,A5,5.173,7.603755
test,A5,5.669,6.349889
test,A5,5.857,5.1168838
test,A5,5.91,6.0838947
test,A5,5.883,8.768429
test,A5,5.6927576,10.715065
test,A5,5.6827574,7.895511
test,A5,5.619,6.3306694
test,A5,5.379,7.584518
test,A5,5.29,9.051788
test,A5,5.193,9.739585
test,A5,5.233,8.055777
test,A5,5.383,6.869053
test,A5,5.623,7.213755
test,A5,6.089,7.289982
test,A5,6.65,7.4465923
test,A5,7.176,8.044184
test,A5,7.714,9.552785
test,A5,8.314,9.409206
test,A5,9.059,9.430833
test,A5,9.912,15.487158
test,A5,10.783,13.154489
test,A5,11.518,9.430826
test,A5,11.867,11.164135
test,A5,11.918,9.984034
test,A5,11.768,7.903346
test,A5,11.261,8.391059
test,A5,10.291,8.168783
test,A5,9.031,13.360247
test,A5,7.885,12.917504
test,A5,7.119,7.6221666
test,A5,6.72,8.449682
test,A5,6.482,7.131959
test,A5,6.467,8.302111
test,A5,6.765,9.262968
test,A5,7.0917845,14.113407
test,A5,7.3407845,16.36481
test,A5,7.691,12.314812
test,A5,8.215,11.086988
test,A5,8.73,11.53407
test,A5,9.331,11.22191
test,A5,10.027,13.433368
test,A5,10.704,14.467028
test,A5,11.422,12.2218895
test,A5,12.019,10.44847
test,A5,12.554,17.528086
test,A5,13.031,18.56659
test,A5,13.435,11.763189
test,A5,13.868,8.622307
test,A5,14.508,13.591848
test,A5,15.439,16.932674
test,A5,16.208,15.342782
test,A5,16.386,12.675909
test,A5,16.243,9.700528
test,A5,16.239,9.274335
test,A5,16.354,9.997024
test,A5,16.411,9.469994
test,A5,16.308,8.119346
test,A5,16.2,8.72353
test,A5,16.221,11.150331
test,A5,16.357,10.329428
test,A5,16.637,10.635469
test,A5,16.995,10.995705
test,A5,17.339,10.441476
test,A5,17.61393,11.734037
test,A5,17.66789,13.6882925
test,A5,17.55796,10.446125
test,A5,17.463,9.755751
test,A5,17.456,10.038847
test,A5,17.562,10.468353
test,A5,17.665,10.811904
test,A5,17.744,10.934034
test,A5,17.841,11.857757
test,A5,17.942,12.494736
test,A5,18.025,13.54185
test,A5,18.085,12.228657
test,A5,18.05,9.166961
test,A5,17.788,8.55616
test,A5,17.285,11.071402
test,A5,17.144,13.0578785
test,A5,16.737,13.05104
test,A5,16.441,13.642647
test,A5,16.518877,11.321604
test,A5,16.175877,10.122729
test,A5,15.813,11.936795
test,A5,15.593,11.604166
test,A5,15.408,12.077942
test,A5,15.135,9.008245
test,A5,14.927,8.397016
test,A5,14.825,10.0066
test,A5,14.879,11.464283
test,A5,14.918,11.891182
test,A5,14.835,11.945171
test,A5,14.766,12.306584
test,A5,14.682,11.312717
test,A5,14.448,10.495325
test,A5,14.236,11.182544
test,A5,14.005,9.976613
test,A5,13.77,7.972092
test,A5,13.72,9.678019
test,A5,13.769,8.523577
test,A5,13.811015,7.6812286
test,A5,13.837015,11.775055
test,A5,13.865,13.094004
test,A5,13.957,10.529631
test,A5,14.041,10.698019
test,A5,14.233,11.391644
test,A5,14.483,9.876023
test,A5,14.764,8.320139
test,A5,14.987,10.0175495
test,A5,15.118,9.600432
test,A5,15.139,9.525683
test,A5,14.783,9.927263
test,A5,14.501911,9.065174
test,A5,14.504698,9.227751
test,A5,14.341787,10.455135
test,A5,14.028,10.898088
test,A5,13.73,10.131948
test,A5,13.516,7.833846
test,A5,13.455,8.279774
test,A5,13.364,9.277607
test,A5,12.991,8.742926
test,A5,12.503,7.718137
test,A5,11.805,10.636612
test,A5,11.033,11.501606
test,A5,10.593,9.698378
test,A5,10.235,9.787422
test,A5,9.961,9.702885
test,A5,9.822,6.9588943
test,A5,8.892,6.4700313
test,A5,7.681,5.280073
test,A5,7.275,5.2557096
test,A5,7.265,8.289365
test,A5,7.4,9.826939
test,A5,7.455,7.642926
test,A5,7.413,7.7901177
test,A5,7.28,8.646497
test,A5,7.07,9.205488
test,A5,6.944985,7.1013317
test,A5,6.91502,7.4914427
test,A5,6.875035,7.8877325
test,A5,6.861,6.254977
test,A5,6.778,7.6456103
test,A5,6.669,7.5174413
test,A5,6.683,6.649772
test,A5,6.799,7.3380575
test,A5,7.009,8.159211
test,A5,7.148,8.057247
test,A5,7.144,7.7676854
test,A5,7.053,7.1418643
test,A5,6.899,7.0481524
test,A5,6.603,9.319366
test,A5,6.056,8.865916
test,A5,5.597203,7.0817986
test,A5,5.3212028,6.9629984
test,A5,5.229,8.365582
test,A5,5.261,7.437548
test,A5,5.386,6.89349
test,A5,5.685114,11.363821
test,A5,5.929109,10.097115
test,A5,6.046995,5.993388
test,A5,6.131,7.9626155
test,A5,6.087,10.734169
test,A5,5.989,9.687535
test,A5,6.039,8.827106
test,A5,5.982,8.6481495
test,A5,5.836,8.090839
test,A5,5.749,8.032486
test,A5,5.53,6.953059
test,A5,5.055,7.8755746
test,A5,4.6,8.118935
test,A5,4.23,6.4683514
test,A5,3.923,5.2570724
test,A5,3.850198,5.430231
test,A5,4.078198,8.223442
test,A5,4.496,7.817017
test,A5,4.784,7.9818254
test,A5,4.89595,8.660273
test,A5,4.96095,7.115805
test,A5,4.994,6.815237
test,A5,5.134936,6.6118217
test,A5,5.2329354,7.041502
test,A5,5.27,5.5308094
test,A5,5.482,4.8681116
test,A5,5.617,5.3712716
test,A5,5.672,5.6021595
test,A5,5.777,5.227925
test,A5,5.693,6.0718355
test,A5,5.253,7.406772
test,A5,4.461,8.054301
test,A5,3.632,6.7259007
test,A5,3.239,6.187768
test,A5,3.12,7.7957287
test,A5,2.9301288,7.7185645
test,A5,2.6671288,8.231841
test,A5,2.366,9.94551
test,A5,2.149,9.337774
test,A5,2.065,11.746702
test,A5,2.118,10.434671
test,A5,2.431,8.176687
test,A5,2.936,10.120639
test,A5,3.393,9.471522
test,A5,3.683,8.223379
test,A5,4.115,7.4706926
test,A5,4.690218,5.7366676
test,A5,5.1482177,4.5639253
test,A5,5.522,5.9324713
test,A5,5.765,6.804776
test,A5,5.71,5.5919127
test,A5,5.5750346,5.762349
test,A5,5.545035,7.026042
test,A5,5.188,7.74179
test,A5,4.397693,8.954665
test,A5,3.671693,8.572979
test,A5,3.348,7.039097
test,A5,3.31,5.445279
test,A5,3.366,6.901777
test,A5,3.457,7.0008883
test,A5,3.605,6.60934
test,A5,3.755,6.4122934
test,A5,3.699,5.369903
test,A5,3.675,6.357767
test,A5,3.846,6.794162
test,A5,3.884,6.7434363
test,A5,3.89,6.4000597
test,A5,4.027,5.7895136
test,A5,4.063,5.9987497
test,A5,3.915,6.733056
test,A5,3.846,6.3320065
test,A5,3.8688664,7.1109867
test,A5,3.7388663,8.733963
test,A5,3.529,8.632289
test,A5,3.408,7.9543786
test,A5,3.328,8.596353
test,A5,3.266,9.380995
test,A5,3.141,8.004535
test,A5,2.754,7.8521194
test,A5,2.2208266,6.585488
test,A5,1.8388268,5.6261415
test,A5,1.734,5.6470323
test,A5,1.703,7.0110183
test,A5,1.569,6.6606827
test,A5,1.465,5.4335847
test,A5,1.481,5.524439
test,A5,1.548,6.842186
test,A5,1.546,6.7518573
test,A5,1.487,5.690017
test,A5,1.492,6.6371746
test,A5,1.606,7.967143
test,A5,1.848,10.048347
test,A5,2.149,8.675468
test,A5,2.517,5.716269
test,A5,2.924,7.058362
test,A5,3.02425,7.6233044
test,A5,2.72325,6.6077347
test,A5,2.397,6.983097
test,A5,2.387,7.407483
test,A5,2.661,7.249226
test,A5,2.749,5.935046
test,A5,2.693,7.045725
test,A5,2.72,9.105455
test,A5,2.691,7.0837803
test,A5,2.658,5.728648
test,A5,2.685,6.962731
test,A5,2.813,6.6179643
test,A5,3.227,5.356598
test,A5,3.948,4.797832
test,A5,4.69,4.404032
test,A5,5.2941384,5.500902
test,A5,5.683139,5.793852
test,A5,5.926,6.753157
test,A5,6.059,11.558714
test,A5,6.116,9.894253
test,A5,6.218,7.000635
test,A5,6.287,8.458042
test,A5,6.255084,11.215672
test,A5,6.134084,9.560953
test,A5,5.901,8.222479
test,A5,5.566,7.331621
test,A5,5.284,6.650306
test,A5,5.048906,8.321047
test,A5,4.810906,8.312216
test,A5,4.6449256,7.139554
test,A5,4.5149503,6.1727357
test,A5,4.459025,5.8034077
test,A5,4.38,7.1909246
test,A5,4.315,6.6178055
test,A5,4.364,4.7341256
test,A5,4.827,5.3732777
test,A5,5.765,9.351528
test,A5,6.694,12.425316
test,A5,7.512,12.156741
test,A5,8.164,10.267036
test,A5,8.516946,13.0304575
test,A5,8.553846,10.992193
test,A5,8.415901,8.222344
test,A5,8.35,9.783373
test,A5,8.278,11.959786
test,A5,8.094,10.650973
test,A5,7.804,9.132371
test,A5,7.523,9.112304
test,A5,7.474,10.103308
test,A5,7.517,9.093298
test,A5,7.316,6.9251885
test,A5,6.985,6.3901863
test,A5,6.722,6.742582
test,A5,6.517,10.219856
test,A5,6.36198,9.977538
test,A5,6.27398,9.266769
test,A5,6.302,9.49692
test,A5,6.367,8.753068
test,A5,6.42,6.2423344
test,A5,6.36,7.3662114
test,A5,6.39,8.943325
test,A5,6.508,9.904705
test,A5,6.457195,9.765003
test,A5,6.172195,8.272895
test,A5,5.53,6.595094
test,A5,4.556,6.031124
test,A5,3.541703,6.4129925
test,A5,2.837703,8.458229
test,A5,2.544,7.349861
test,A5,2.523,6.187614
test,A5,2.552,6.761734
test,A5,2.637,6.864596
test,A5,2.68,8.806641
test,A5,2.508,8.409681
test,A5,2.145,6.722125
test,A5,1.823,4.848295
test,A5,1.74,4.5342
test,A5,1.769,4.9953685
test,A5,1.813,5.5140696
test,A5,1.854,7.509276
test,A5,1.906,7.74401
test,A5,1.995,6.7186737
test,A5,2.14,6.8069744
test,A5,2.346,6.053155
test,A5,2.461065,5.733695
test,A5,2.532065,6.2577095
test,A5,2.669,6.5852466
test,A5,2.805,5.4224405
test,A5,2.897,5.532865
test,A5,2.957,5.62929
test,A5,3.014,5.700578
test,A5,3.07,6.398716
test,A5,3.159,5.752534
test,A5,3.145,5.7334323
test,A5,2.91,6.6360855
test,A5,2.763,5.938858
test,A5,2.731,7.046202
test,A5,2.707,6.8460436
test,A5,2.6469555,5.0668945
test,A5,2.5179555,6.286914
test,A5,2.395,7.0413284
test,A5,2.099,7.6257014
test,A5,1.71,7.31221
test,A5,1.287,6.770376
test,A5,0.928,6.4587836
test,A5,0.82,5.931035
test,A5,0.738,5.9539723
test,A5,0.328,6.1385975
test,A5,0.0,5.5563765
test,A5,0.0,6.084733
test,A5,0.0,6.9651976
test,A5,0.0,6.385686
test,A5,0.0,6.3935947
test,A5,0.0,6.1674895
test,A5,0.0,5.450433
test,A5,0.0,5.510996
test,A5,0.0,6.4041367
test,A5,0.0,6.402211
test,A5,0.0,6.652747
test,A5,0.0,7.5391107
test,A5,0.0,6.7624054
test,A5,0.0,6.6293974
test,A5,0.0,7.792466
test,A5,0.0,8.048027
test,A5,0.0,6.5233903
test,A5,0.0,5.5555983
test,A5,0.0,5.7771587
test,A5,0.0,6.027382
test,A5,0.0,6.1974254
test,A5,0.0,5.856035
test,A5,0.0,5.832285
test,A5,0.0,6.5151796
test,A5,0.0,6.6605988
test,A5,0.0,7.4074526
test,A5,0.0,7.100151
test,A5,0.0,5.358156
test,A5,0.0,5.9738407
test,A5,0.0,6.614135
test,A5,0.0,6.857578
test,A5,0.0,6.8297186
test,A5,0.0,7.3851147
test,A5,0.0,6.680773
test,A5,0.0,6.184284
test,A5,0.0,7.0995636
test,A5,0.0,8.401317
test,A5,0.0,7.52505
test,A5,0.0,7.1604676
test,A5,0.0,6.1526527
test,A5,0.0,6.016734
test,A5,0.0,6.535868
test,A5,0.0,7.097193
test,A5,0.0,6.305278
test,A5,0.0,5.039751
test,A5,0.0,5.792846
test,A5,0.0,6.4520264
test,A5,0.071,6.102559
test,A5,0.517,5.3049326
test,A5,1.35451,5.068174
test,A5,2.251698,5.167695
test,A5,2.9241881,6.0096045
test,A5,3.523,6.0036097
test,A5,3.951,7.009969
test,A5,3.9990742,6.7797613
test,A5,3.8720744,4.83497
test,A5,3.5242376,5.596737
test,A5,3.0652375,7.056598
test,A5,2.72,6.647294
test,A5,2.5,5.881068
test,A5,2.275,4.8594933
test,A5,1.935,6.6820593
test,A5,1.531,7.8817635
test,A5,1.109,6.717481
test,A5,0.669,6.6286488
test,A5,0.228,5.6688223
test,A5,0.0,6.2276845
test,A5,0.0,7.5470552
test,A5,0.0,7.962475
test,A5,0.0,7.7072306
test,A5,0.0,7.9471674
test,A5,0.0,7.733728
test,A5,0.0,7.0214095
test,A5,0.0,6.8670425
test,A5,0.0,7.4391875
test,A5,0.0,7.2100153
test,A5,0.0,7.109176
test,A5,0.0,7.063945
test,A5,0.0,5.8410378
test,A5,0.0,7.144641
test,A5,0.0,7.607772
test,A5,0.0,6.9655695
test,A5,0.0,7.4403496
test,A5,0.0,7.3424206
test,A5,0.0,7.937944
test,A5,0.0,8.007095
test,A5,0.0,6.7650814
test,A5,0.0,6.171734
test,A5,0.0,7.15562
test,A5,0.0,7.025878
test,A5,0.052,5.8094893
test,A5,0.398,4.9456916
test,A5,1.128,4.535719
test,A5,2.012,4.1438174
test,A5,2.835,4.7930584
test,A5,3.454,7.975238
test,A5,3.908,8.694235
test,A5,4.561,7.012093
test,A5,4.96,5.866913
test,A5,4.943,6.836103
test,A5,4.932,9.5902405
test,A5,4.795,7.7621784
test,A5,4.55,6.1069317
test,A5,4.213,7.0420113
test,A5,3.826,6.85647
test,A5,3.432,7.5542426
test,A5,3.071,7.8894463
test,A5,2.859,7.496543
test,A5,2.7920098,6.7177234
test,A5,2.7909653,7.3564644
test,A5,2.8339555,9.868795
test,A5,2.819,9.171047
test,A5,2.781,10.821264
test,A5,2.812,10.0528
test,A5,2.8360384,7.968137
test,A5,2.8150384,7.1923246
test,A5,2.791,7.773881
test,A5,2.773,8.2161255
test,A5,2.774,8.854677
test,A5,2.814,8.898865
test,A5,2.823,6.5132008
test,A5,2.792,8.136111
test,A5,2.783,9.252354
test,A5,2.801,8.765232
test,A5,2.838,9.15906
test,A5,2.9311535,8.288267
test,A5,3.1811535,7.6942625
test,A5,3.626,8.493234
test,A5,4.132,9.439228
test,A5,4.676,11.815521
test,A5,5.335,11.367754
test,A5,5.864,9.206661
test,A5,6.181,12.6236725
test,A5,6.348,12.048896
test,A5,6.359,10.349939
test,A5,6.361,10.630056
test,A5,6.402,13.734627
test,A5,6.494,12.25316
test,A5,6.612,7.918556
test,A5,6.72,7.574359
test,A5,6.814,7.1612816
test,A5,6.871,6.0457926
test,A5,6.855931,7.5559444
test,A5,6.7589655,8.001077
test,A5,6.665035,6.9423037
test,A5,6.6541586,6.6795053
test,A5,6.824158,7.858755
test,A5,7.11,8.610815
test,A5,7.467,8.125416
test,A5,7.758,7.564874
test,A5,7.759,7.05868
test,A5,8.181,8.674934
test,A5,8.807,8.536196
test,A5,8.997,7.9216366
test,A5,9.124,9.733953
test,A5,9.343,10.422949
test,A5,9.652,7.958152
test,A5,9.948,7.158613
test,A5,10.312,7.1145816
test,A5,10.783,8.630897
test,A5,11.281,8.485128
test,A5,11.696,8.050933
test,A5,12.037,6.98363
test,A5,12.271,6.632141
test,A5,12.273,8.48567
test,A5,12.179,11.346178
test,A5,12.159,11.496173
test,A5,12.129,7.8098283
test,A5,11.884,7.800961
test,A5,11.575,9.255314
test,A5,11.203,9.216392
test,A5,10.664,10.003021
test,A5,10.225,9.059969
test,A5,9.871,9.679249
test,A5,9.656,10.227086
test,A5,9.665,7.2023935
test,A5,9.675,7.866337
test,A5,9.593,7.778595
test,A5,9.356,6.5753436
test,A5,9.029,6.3849745
test,A5,8.793,6.713656
test,A5,8.589713,7.007975
test,A5,8.220713,6.91406
test,A5,7.926965,6.985675
test,A5,7.835965,7.9994764
test,A5,7.758,7.3541846
test,A5,7.763,7.7347145
test,A5,7.821,9.90387
test,A5,7.853,10.881664
test,A5,7.873,7.7015896
test,A5,7.772,11.464775
test,A5,7.497,11.710457
test,A5,7.19,8.406073
test,A5,6.93,10.801878
test,A5,6.737,11.84153
test,A5,6.558,10.333775
test,A5,6.324,9.111376
test,A5,6.1,6.532255
test,A5,5.926,7.0470004
test,A5,5.874,7.565809
test,A5,5.867,9.60344
test,A5,5.734,9.112314
test,A5,5.545,11.3907
test,A5,5.437015,12.263191
test,A5,5.4090147,10.286427
test,A5,5.463,8.113254
test,A5,5.663,7.514678
test,A5,5.89,10.861252
test,A5,6.077,10.498493
test,A5,6.319,9.04221
test,A5,6.575,8.107599
test,A5,6.762,6.171729
test,A5,6.905,7.120465
test,A5,7.046,7.175348
test,A5,7.015,11.241362
test,A5,6.8529553,14.206766
test,A5,6.7529554,11.683125
test,A5,6.692,11.776712
test,A5,6.627,11.23377
test,A5,6.5629554,8.390356
test,A5,6.5039554,9.21385
test,A5,6.4520297,10.366421
test,A5,6.4070296,9.832324
test,A5,6.344,8.306604
test,A5,6.274,8.167175
test,A5,6.137,8.9185295
test,A5,5.972,8.116686
test,A5,5.807,6.8815365
test,A5,5.649,8.672915
test,A5,5.5380397,9.228462
test,A5,5.52304,8.80504
test,A5,5.582,9.632876
test,A5,5.608,9.494552
test,A5,5.587,7.8695607
test,A5,5.523,10.107721
test,A5,5.478,11.775505
test,A5,5.502,11.748156
test,A5,5.579,10.315439
test,A5,5.743,10.934182
test,A5,5.961,13.508105
test,A5,6.0599704,10.08457
test,A5,6.01797,6.624688
test,A5,5.901,6.0315533
test,A5,5.749,6.9572735
test,A5,5.481,6.92431
test,A5,4.774,5.748342
test,A5,3.755,6.1763
test,A5,2.972,7.4309573
test,A5,2.6210098,8.869881
test,A5,2.5808265,7.152368
test,A5,2.788817,6.9678054
test,A5,3.11,6.7686305
test,A5,3.413,6.8238983
test,A5,3.644,6.542705
test,A5,3.989,6.9488373
test,A5,4.492,6.02604
test,A5,4.767,6.982519
test,A5,4.8030643,9.4670925
test,A5,4.8830643,7.939066
test,A5,5.122936,5.8206487
test,A5,5.3469357,5.434003
test,A5,5.525,6.322149
test,A5,5.831,7.9445915
test,A5,6.423,10.162018
test,A5,7.23,8.353661
test,A5,7.847,10.812828
test,A5,8.156,11.224968
test,A5,8.117,7.339529
test,A5,7.941,8.031019
test,A5,7.944,8.317759
test,A5,8.063,8.103493
test,A5,8.297,6.4344664
test,A5,8.57,8.15432
test,A5,8.667,9.162586
test,A5,8.668956,7.499408
test,A5,8.780955,8.857865
test,A5,9.073,8.816406
test,A5,9.374,5.539663
test,A5,9.521,5.1037154
test,A5,9.691,8.000987
test,A5,9.919,10.574339
test,A5,10.190629,13.312182
test,A5,10.702629,12.698044
test,A5,11.320257,12.096526
test,A5,11.825257,12.764733
test,A5,12.224,10.517479
test,A5,12.509881,8.782223
test,A5,12.738881,8.250542
test,A5,12.883,7.670696
test,A5,13.048,8.448349
test,A5,13.304,13.496396
test,A5,13.552,13.177132
test,A5,13.901015,10.302565
test,A5,14.148015,10.53118
test,A5,14.191,12.1012
test,A5,14.333,11.675005
test,A5,14.364,9.738356
test,A5,14.1478815,14.063541
test,A5,13.894881,17.608784
test,A5,13.682,16.253054
test,A5,13.5041685,12.493275
test,A5,13.249168,10.57078
test,A5,12.932,11.549311
test,A5,12.812,11.13645
test,A5,12.893,7.641011
test,A5,13.066,7.077202
test,A5,13.268,9.000172
test,A5,13.451,8.447176
test,A5,13.573,8.658093
test,A5,13.538,8.321532
test,A5,13.387,11.363605
test,A5,13.182,16.41924
test,A5,13.01,13.114103
test,A5,12.797911,9.439
test,A5,12.585911,10.874748
test,A5,12.547,12.409977
test,A5,12.392,10.334242
test,A5,12.09792,8.609293
test,A5,11.917921,7.9634104
test,A5,11.874,9.258269
test,A5,11.871,8.084059
test,A5,11.778,7.227742
test,A5,11.709,8.1094055
test,A5,11.731,9.788603
test,A5,11.876,10.483284
test,A5,12.066,9.969684
test,A5,12.206,8.453066
test,A5,12.387,9.7019615
test,A5,12.538,9.521997
test,A5,12.524,7.309948
test,A5,12.37,8.720915
test,A5,12.089,8.505648
test,A5,11.687,6.673379
test,A5,11.265,6.911817
test,A5,10.687703,9.381409
test,A5,9.964703,9.905523
test,A5,9.043,8.896353
test,A5,7.8811784,8.457117
test,A5,6.5651784,8.360977
test,A5,5.549,10.28421
test,A5,4.972,9.373035
test,A5,4.5388465,6.5679255
test,A5,4.2558465,6.183633
test,A5,4.042,8.211839
test,A5,3.737,8.203249
test,A5,3.398,6.628669
test,A5,3.173,5.830122
test,A5,2.986,4.8935833
test,A5,2.801,5.54114
test,A5,2.681,5.7779026
test,A5,2.644,4.6802263
test,A5,2.547,6.5735416
test,A5,2.5009952,7.755933
test,A5,2.532995,5.3604484
test,A5,2.676,6.506816
test,A5,3.243,10.671012
test,A5,3.731,10.174242
test,A5,3.703,6.494151
test,A5,3.639,5.9496965
test,A5,3.493,6.943444
test,A5,3.101,7.3580227
test,A5,2.807,7.813764
test,A5,2.619,5.859728
test,A5,2.468,5.919199
test,A5,2.437,6.6926656
test,A5,2.426,6.3673697
test,A5,2.4429653,7.2021265
test,A5,2.5009654,8.953439
test,A5,2.543,12.949726
test,A5,2.669,12.7570095
test,A5,2.944,9.782948
test,A5,3.18,8.571859
test,A5,3.148,9.348249
test,A5,3.024,10.09529
test,A5,3.057,8.988533
test,A5,3.111,8.212814
test,A5,3.036,8.252212
test,A5,2.951,7.0444355
test,A5,2.903,7.4274855
test,A5,2.851,8.450858
test,A5,2.833,8.020059
test,A5,2.808,7.8240566
test,A5,2.7089257,8.131307
test,A5,2.5559258,8.303055
test,A5,2.401,7.233321
test,A5,2.1948762,6.727933
test,A5,1.9248762,8.338034
test,A5,1.5628169,7.4492474
test,A5,1.1908169,6.499834
test,A5,1.008,6.6645975
test,A5,0.88248515,7.4089394
test,A5,0.39248514,8.155752
test,A5,0.0,7.481709
test,A5,0.0,5.961568
test,A5,0.0,5.59995
test,A5,0.0,7.3889565
test,A5,0.0,7.574007
test,A5,0.0,7.3175125
test,A5,0.0,7.8765917
test,A5,0.0,8.053234
test,A5,0.0,6.80933
test,A5,0.0,5.9424553
test,A5,0.0,5.4781423
test,A5,0.0,6.4717574
test,A5,0.0,7.192139
test,A5,0.0,5.9816585
test,A5,0.0,6.4794073
test,A5,0.0,6.4997497
test,A5,0.0,6.7812314
test,A5,0.115,8.677767
test,A5,0.75,7.7434335
test,A5,1.569,9.532875
test,A5,2.135,12.654684
test,A5,2.547,10.175493
test,A5,2.859,12.599801
test,A5,3.371,13.530943
test,A5,3.769,7.471816
test,A5,3.801,7.4211807
test,A5,3.667,8.136713
test,A5,3.485,8.345364
test,A5,3.316,6.544749
test,A5,3.031,7.185308
test,A5,2.5416238,7.921323
test,A5,1.8435159,7.01801
test,A5,1.0128921,7.639986
test,A5,0.288,6.787949
test,A5,0.0,7.3213053
test,A5,0.0,7.514556
test,A5,0.0,6.4998026
test,A5,0.0,6.1789627
test,A5,0.0,6.490905
test,A5,0.0,7.5093336
test,A5,0.0,6.993949
test,A5,0.0,6.75563
test,A5,0.0,6.901934
test,A5,0.0,6.4684505
test,A5,0.0,6.3126903
test,A5,0.0,6.027449
test,A5,0.0,7.1093297
test,A5,0.0,7.5704737
test,A5,0.0,6.525856
test,A5,0.0,6.280802
test,A5,0.0,5.81575
test,A5,0.0,6.072794
test,A5,0.0,6.280109
test,A5,0.0,5.45461
test,A5,0.0,6.6301584
test,A5,0.0,6.477394
test,A5,0.0,5.365067
test,A5,0.0,5.997076
test,A5,0.0,7.6204257
test,A5,0.0,7.304112
test,A5,0.0,7.4060955
test,A5,0.0,6.86737
test,A5,0.0,6.1398964
test,A5,0.0,7.8369646
test,A5,0.0,8.412917
test,A5,0.0,6.679883
test,A5,0.0,5.6718025
test,A5,0.0,6.5952616
test,A5,0.0,7.163169
test,A5,0.0,7.1448483
test,A5,0.0,7.8735123
test,A5,0.0,6.7495975
test,A5,0.0,5.279932
test,A5,0.0,4.436213
test,A5,0.0,5.219455
test,A5,0.0,6.4570236
test,A5,0.0,5.6531763
test,A5,0.0,5.2962627
test,A5,0.0,4.7913313
test,A5,0.064,4.5394726
test,A5,0.403,4.9250517
test,A5,0.77,5.831209
test,A5,0.985,9.749153
test,A5,1.386,13.140077
test,A5,1.87,11.372284
test,A5,2.215,10.370364
test,A5,2.323,11.678134
test,A5,2.401,7.9289675
test,A5,2.634,7.478932
test,A5,2.897,11.760439
test,A5,3.235,11.310483
test,A5,3.583,8.711428
test,A5,3.9010248,8.3433895
test,A5,4.069926,7.2442017
test,A5,3.998901,9.767866
test,A5,3.971,11.544133
test,A5,4.043,8.0121765
test,A5,4.054,6.3203297
test,A5,3.925,7.4083934
test,A5,3.717,7.6337104
test,A5,3.586,8.207448
test,A5,3.494,7.5239353
test,A5,3.422,6.985186
test,A5,3.388,6.897464
test,A5,3.383,7.3881626
test,A5,3.37,8.397079
test,A5,3.243,7.7946997
test,A5,3.094,5.6206765
test,A5,2.8698912,6.835781
test,A5,2.5968912,6.9950237
test,A5,2.419,7.3929386
test,A5,2.201,8.374056
test,A5,2.065,7.085397
test,A5,2.068,7.5055275
test,A5,2.0770347,7.735847
test,A5,2.0690346,7.447755
test,A5,2.111,6.8193684
test,A5,2.217,7.033675
test,A5,2.239,7.0863266
test,A5,2.328,6.603561
test,A5,2.464,5.252765
test,A5,2.4561088,5.683713
test,A5,2.339109,5.75908
test,A5,2.249,5.6514473
test,A5,2.177,5.8151774
test,A5,1.902,5.7064342
test,A5,1.46,6.756364
test,A5,0.952,7.1597567
test,A5,0.61166334,5.930901
test,A5,0.27166337,5.45697
test,A5,0.0,6.96789
test,A5,0.0,6.8125725
test,A5,0.0,6.774342
test,A5,0.0,8.786514
test,A5,0.0,7.224606
test,A5,0.0,6.369525
test,A5,0.0,6.7466426
test,A5,0.0,6.274043
test,A5,0.0,6.1430445
test,A5,0.0,6.542257
test,A5,0.0,6.717513
test,A5,0.0,6.751625
test,A5,0.0,6.317649
test,A5,0.0,6.2276506
test,A5,0.0,6.4509697
test,A5,0.0,6.3555536
test,A5,0.0,7.033043
test,A5,0.0,6.419367
test,A5,0.0,5.050765
test,A5,0.0,5.8247547
test,A5,0.0,6.443396
test,A5,0.0,7.484234
test,A5,0.0,7.334997
test,A5,0.0,6.2819796
test,A5,0.0,6.566354
test,A5,0.0,6.346257
test,A5,0.0,5.8362947
test,A5,0.0,5.720751
test,A5,0.0,5.4747725
test,A5,0.0,5.9792395
test,A5,0.0,5.677
test,A5,0.0,4.9564705
test,A5,0.06,5.534191
test,A5,0.394,5.578294
test,A5,0.832,6.012389
test,A5,1.125,6.72289
test,A5,1.3339406,7.270913
test,A5,1.4849406,9.750107
test,A5,1.674,8.888451
test,A5,1.9,5.145485
test,A5,2.035,6.1462684
test,A5,2.114,6.961287
test,A5,2.209,6.096245
test,A5,2.302,6.570802
test,A5,2.376,6.8982677
test,A5,2.409,5.45974
test,A5,2.45599,5.3752317
test,A5,2.49699,5.661382
test,A5,2.479,7.2149124
test,A5,2.442,5.8574467
test,A5,2.334,6.1077375
test,A5,2.026,6.796014
test,A5,1.624,6.434002
test,A5,1.301,7.279591
test,A5,1.014,7.6527796
test,A5,0.798,5.959843
test,A5,0.762,4.7646527
test,A5,0.831,6.338644
test,A5,0.94293565,6.368088
test,A5,1.0839356,7.2613945
test,A5,1.239,9.15146
test,A5,1.447,7.957263
test,A5,1.708,6.294506
test,A5,1.945,7.233814
test,A5,2.058,6.939787
test,A5,2.145,8.858976
test,A5,2.332,11.930777
test,A5,2.5761585,9.253162
test,A5,2.8781583,6.094521
test,A5,3.292,5.600569
test,A5,3.799,6.7169538
test,A5,4.264,8.343641
test,A5,4.549,7.757131
test,A5,4.57,6.000004
test,A5,4.473,5.8255396
test,A5,4.284,6.6734476
test,A5,4.081,5.696167
test,A5,3.909,6.160227
test,A5,3.877,7.2406087
test,A5,4.012,7.8258686
test,A5,4.033,7.930911
test,A5,4.003,9.778444
test,A5,3.994,9.389116
test,A5,3.96,6.8029757
test,A5,3.736,5.8941774
test,A5,3.154,6.938051
test,A5,2.325,5.83038
test,A5,1.59,6.703426
test,A5,1.202,6.215907
test,A5,0.762,4.6684256
test,A5,0.36920297,5.8182826
test,A5,0.16420297,5.9346385
test,A5,0.0,5.87267
test,A5,0.0,6.8291507
test,A5,0.0,6.5753646
test,A5,0.0,6.3411703
test,A5,0.0,6.5985484
test,A5,0.0,6.77483
test,A5,0.0,6.389248
test,A5,0.0,7.197452
test,A5,0.0,6.220681
test,A5,0.0,5.332403
test,A5,0.0,5.784337
test,A5,0.0,5.6546345
test,A5,0.0,6.1143847
test,A5,0.0,6.7707014
test,A5,0.0,6.2349086
test,A5,0.0,5.825617
test,A5,0.0,5.731905
test,A5,0.0,7.0110335
test,A5,0.0,7.8295317
test,A5,0.0,6.4782267
test,A5,0.0,6.057643
test,A5,0.0,6.7101874
test,A5,0.0,6.3833146
test,A5,0.0,6.7076654
test,A5,0.0,6.437151
test,A5,0.0,5.632972
test,A5,0.0,6.4631166
test,A5,0.0,7.2112737
test,A5,0.0,6.684188
test,A5,0.0,7.0106764
test,A5,0.0,6.8959293
test,A5,0.0,5.4667234
test,A5,0.0,5.1363544
test,A5,0.0,5.8977633
test,A5,0.0,6.403341
test,A5,0.0,6.9830666
test,A5,0.0,5.7536135
test,A5,0.0,5.3714075
test,A5,0.113,6.961714
test,A5,0.739,5.897561
test,A5,1.542,6.3538733
test,A5,2.028,7.485239
test,A5,2.282,5.9166136
test,A5,2.386,7.746067
test,A5,2.488,12.950094
test,A5,2.716,10.070956
test,A5,3.092,7.307908
test,A5,3.45,8.453564
test,A5,3.779,8.628004
test,A5,4.011,7.5874667
test,A5,4.2108665,10.274791
test,A5,4.488733,8.871027
test,A5,4.7458663,6.868866
test,A5,4.93,8.671357
test,A5,5.014,8.56402
test,A5,5.024,8.21669
test,A5,4.994,8.476655
test,A5,4.958,7.589503
test,A5,4.897,5.7816863
test,A5,4.84,6.1696815
test,A5,4.81,6.279662
test,A5,4.766,6.155423
test,A5,4.751,7.2864723
test,A5,4.7449656,7.532218
test,A5,4.690965,6.570451
test,A5,4.6370444,7.3694134
test,A5,4.652045,10.582962
test,A5,4.691,11.255758
test,A5,4.751,8.230841
test,A5,4.855,5.1170015
test,A5,5.109,5.818062
test,A5,5.571,8.711462
test,A5,5.974,12.856762
test,A5,6.271,12.285248
test,A5,6.565901,8.745053
test,A5,6.797901,10.264393
test,A5,6.924,10.594571
test,A5,6.989,8.205542
test,A5,7.002,6.8068647
test,A5,6.872,8.723852
test,A5,6.694,9.08403
test,A5,6.576,8.812212
test,A5,6.53,7.5956497
test,A5,6.583,8.898321
test,A5,6.587,9.378969
test,A5,6.303,8.558401
test,A5,5.87,7.14104
test,A5,5.54,8.5728855
test,A5,5.16,6.925398
test,A5,4.667,5.353259
test,A5,4.247,5.6386857
test,A5,4.036,6.42185
test,A5,3.957,7.0267835
test,A5,3.941,6.067934
test,A5,3.917,5.8413963
test,A5,3.886,6.0805573
test,A5,3.8859901,7.261895
test,A5,3.8719902,7.7856236
test,A5,3.8829951,6.2266006
test,A5,3.896995,6.957749
test,A5,3.905,9.0115185
test,A5,3.9070249,8.3430195
test,A5,3.9220247,8.937288
test,A5,3.9560199,8.455706
test,A5,3.9940197,7.6364956
test,A5,4.057,6.7146463
test,A5,4.092,6.037668
test,A5,4.136,6.987957
test,A5,4.209,6.014525
test,A5,4.253,6.4657965
test,A5,4.294,7.5173206
test,A5,4.333,7.0780253
test,A5,4.359,7.455491
test,A5,4.424,7.094525
test,A5,4.454,6.4447384
test,A5,4.432,7.5770082
test,A5,4.462,8.273088
test,A5,4.59,7.9932504
test,A5,4.78,8.786282
test,A5,4.919,8.932705
test,A5,5.0179305,6.787246
test,A5,5.124931,6.5827
test,A5,5.199,8.654852
test,A5,5.287,9.405401
test,A5,5.444,8.12414
test,A5,5.608,9.455718
test,A5,5.895,8.273694
test,A5,6.372,6.5911646
test,A5,6.828,8.608996
test,A5,7.145,9.0878525
test,A5,7.356,7.8657074
test,A5,7.51,10.284561
test,A5,7.671,10.848222
test,A5,7.856,11.448355
test,A5,7.936,10.379054
test,A5,7.9,9.424507
test,A5,7.791,10.574179
test,A5,7.68,11.248373
test,A5,7.725,9.986104
test,A5,7.849931,8.695602
test,A5,7.9829307,10.471447
test,A5,8.14,10.255557
test,A5,8.225104,10.713536
test,A5,8.141104,11.469652
test,A5,8.052,8.569941
test,A5,8.11,6.790003
test,A5,8.261,8.2020645
test,A5,8.408,8.194142
test,A5,8.537,10.13637
test,A5,8.768,12.121723
test,A5,9.207,11.185141
test,A5,9.719175,10.237128
test,A5,10.112285,8.785957
test,A5,10.39411,8.461855
test,A5,10.687,8.827571
test,A5,11.060099,8.975957
test,A5,11.341099,7.992451
test,A5,11.425,7.5558414
test,A5,11.414,10.672889
test,A5,11.368,11.301001
test,A5,11.397,9.349318
test,A5,11.642,7.225204
test,A5,12.1633215,8.8332405
test,A5,12.775322,9.591292
test,A5,13.127,10.672038
test,A5,13.313,10.406279
test,A5,13.641,9.674762
test,A5,14.113,10.388922
test,A5,14.495,13.1609955
test,A5,14.619,12.863831
test,A5,14.652,7.540051
test,A5,14.776,10.081745
test,A5,15.094,12.1765995
test,A5,15.57173,8.572705
test,A5,16.087997,7.77274
test,A5,16.617268,10.679111
test,A5,17.084,10.42999
test,A5,17.469,13.6252
test,A5,17.791065,13.602182
test,A5,17.995064,6.994129
test,A5,18.112,6.8812084
test,A5,18.342,9.873646
test,A5,18.77,8.895184
test,A5,19.257,13.594669
test,A5,19.649,13.272911
test,A5,19.833,8.888441
test,A5,19.854,8.740143
test,A5,19.802,7.5777774
test,A5,19.763,13.415155
test,A5,19.723,13.8015
test,A5,19.66,9.28266
test,A5,19.572,9.933723
test,A5,19.442,8.660016
test,A5,19.358,8.530201
test,A5,19.299,10.670441
test,A5,19.23209,10.829306
test,A5,19.130089,10.591341
test,A5,19.137,11.119852
test,A5,19.392,12.414232
test,A5,19.743,14.937623
test,A5,20.22,11.893037
test,A5,20.874,8.42673
test,A5,21.166,8.500433
test,A5,21.155,11.251493
test,A5,21.184,14.46801
test,A5,21.265,11.34073
test,A5,21.451,11.394001
test,A5,21.446,11.159164
test,A5,21.324,8.780268
test,A5,21.236,13.022158
test,A5,20.996,13.72858
test,A5,21.019,10.761424
test,A5,21.194,10.41301
test,A5,21.033,9.00699
test,A5,20.649,9.963596
test,A5,20.315,11.506714
test,A5,20.125,9.250049
test,A5,19.775,12.542107
test,A5,19.456,14.054304
test,A5,19.261,12.184782
test,A5,19.09199,9.654864
test,A5,19.03199,10.6999035
test,A5,18.99,14.110317
test,A5,18.997,12.602245
test,A5,19.188238,10.482314
test,A5,19.125238,8.6096525
test,A5,18.801,10.838842
test,A5,18.681,10.284335
test,A5,18.546,8.933397
test,A5,18.36,11.9550295
test,A5,18.207,10.965801
test,A5,18.032,12.015263
test,A5,17.842,12.357914
test,A5,17.784,12.978668
test,A5,17.845,14.9245
test,A5,17.897842,11.875658
test,A5,18.081842,7.0005393
test,A5,18.331104,9.067127
test,A5,18.562103,11.04431
test,A5,18.927,11.710854
test,A5,19.404806,13.107062
test,A5,19.852045,11.801041
test,A5,20.267237,9.657824
test,A5,20.58,9.525087
test,A5,20.818,11.28862
test,A5,21.078,11.877422
test,A5,21.226,9.906984
test,A5,21.402,9.879795
test,A5,21.463,9.107154
test,A5,21.182316,9.948957
test,A5,21.192316,11.811319
test,A5,21.451921,8.73293
test,A5,21.579922,9.717279
test,A5,21.662994,14.570482
test,A5,21.662994,13.179556
test,A5,21.603,14.45783
test,A5,21.553,11.773558
test,A5,21.548,10.266743
test,A5,21.559,10.604338
test,A5,21.542,9.735732
test,A5,21.479,12.579645
test,A5,21.425,12.695505
test,A5,21.356,11.408356
test,A5,21.247,12.355334
test,A5,21.309,10.02259
test,A5,21.433,9.295675
test,A5,21.379,11.921762
test,A5,21.357044,14.793379
test,A5,21.358046,14.404123
test,A5,21.314917,12.962347
test,A5,21.227917,12.875631
test,A5,21.139,10.530703
test,A5,21.265,12.306152
test,A5,21.473,14.588936
test,A5,21.491,14.045068
test,A5,21.436,12.907419
test,A5,21.473,17.594744
test,A5,21.616,15.452049
test,A5,21.618,13.474407
test,A5,21.439,14.987307
test,A5,21.425,11.052844
test,A5,21.567,8.777245
test,A5,21.667,13.683143
test,A5,21.694,16.002419
test,A5,21.552,12.479711
test,A5,21.323,10.521739
test,A5,21.36003,10.50445
test,A5,21.44603,10.899305
test,A5,21.383005,12.535401
test,A5,21.389006,14.921021
test,A5,21.538,13.965187
test,A5,21.542,12.337918
test,A5,21.334,11.876577
test,A5,21.271,14.508772
test,A5,21.314,13.559431
test,A5,21.522,12.264422
test,A5,21.701,11.068021
test,A5,21.537,11.024569
test,A5,21.365,10.836912
test,A5,21.495,10.352677
test,A5,21.699,11.542728
test,A5,21.68791,11.185677
test,A5,21.484911,10.2020235
test,A5,21.015,14.726591
test,A5,20.624,14.367901
test,A5,20.479,11.754451
test,A5,20.318,12.6210165
test,A5,19.936,13.445708
test,A5,19.675,15.09713
test,A5,19.849743,12.734697
test,A5,19.736742,14.94244
test,A5,19.54,14.832683
test,A5,19.702,12.063463
test,A5,19.796,10.999575
test,A5,19.868,14.328968
test,A5,19.958323,16.766363
test,A5,19.416323,14.256964
test,A5,18.898827,12.724152
test,A5,19.10098,12.489439
test,A5,19.422281,16.301964
test,A5,19.78213,16.61807
test,A5,20.308535,11.913935
test,A5,20.159534,11.738226
test,A5,19.531,12.524891
test,A5,19.185,13.319485
test,A5,18.692,11.153851
test,A5,17.949,14.545284
test,A5,16.798,18.545864
test,A5,15.148763,12.90797
test,A5,12.971544,7.453924
test,A5,10.584783,7.4779644
test,A5,8.736,8.432403
test,A5,7.692,6.8901367
test,A5,7.129,9.975591
test,A5,6.472,9.422179
test,A5,5.887,7.2379785
test,A5,5.63,8.433232
test,A5,5.44,5.917158
test,A5,5.51,7.106581
test,A5,6.065,9.003479
test,A5,6.561,9.05986
test,A5,6.713,8.512081
test,A5,6.721,7.99434
test,A5,6.59,8.521384
test,A5,6.312,8.683439
test,A5,5.57,7.6195154
test,A5,4.671,7.4927416
test,A5,4.095,8.492312
test,A5,4.063,7.8982925
test,A5,4.306,5.735168
test,A5,4.679,7.965539
test,A5,5.54,8.986378
test,A5,6.333,7.717401
test,A5,6.503,7.5318007
test,A5,6.2607675,9.067148
test,A5,5.8797674,10.837608
test,A5,5.47,9.209508
test,A5,5.15,8.3467455
test,A5,4.96,7.4316096
test,A5,4.7677526,7.85511
test,A5,4.3327527,7.4332414
test,A5,3.612,5.656019
test,A5,3.046,5.73481
test,A5,2.9039605,8.192749
test,A5,2.8799603,9.302652
test,A5,2.897,9.055634
test,A5,2.949,6.829957
test,A5,2.866,7.4933424
test,A5,2.779,7.776096
test,A5,2.712,5.981415
test,A5,2.596,5.222174
test,A5,2.492,6.705373
test,A5,2.4870842,6.9511538
test,A5,2.6080842,5.6031437
test,A5,2.714,5.6891646
test,A5,3.03,6.286532
test,A5,3.445,7.3510456
test,A5,3.4438317,7.1784363
test,A5,3.1498318,5.9827843
test,A5,2.821,6.608035
test,A5,2.192,7.619056
test,A5,1.566,8.554461
test,A5,0.696,6.8802447
test,A5,0.0,5.250412
test,A5,0.0,5.050169
test,A5,0.0,5.955567
test,A5,0.0,6.406893
test,A5,0.0,7.2230706
test,A5,0.0,8.258091
test,A5,0.0,8.207022
test,A5,0.0,6.1311665
test,A5,0.10547525,5.5856705
test,A5,0.5294753,7.158536
test,A5,0.424,7.19101
test,A5,0.0,6.289063
test,A5,0.0,6.4567113
test,A5,0.0,5.4104514
test,A5,0.0,5.401558
test,A5,0.0,5.891619
test,A5,0.0,6.0963936
test,A5,0.0,6.471551
test,A5,0.0,6.2213492
test,A5,0.0,6.0228004
test,A5,0.0,7.04996
test,A5,0.0,5.966282
test,A5,0.0,5.442607
test,A5,0.152,6.0555983
test,A5,0.9040396,6.07891
test,A5,1.4660397,5.2148795
test,A5,1.439,7.7164927
test,A5,1.639,10.089521
test,A5,2.022,7.4219737
test,A5,2.189,5.800561
test,A5,2.047,7.0700226
test,A5,1.718,7.088706
test,A5,1.27,5.556309
test,A5,1.075,6.0177517
test,A5,1.348765,6.290666
test,A5,1.790765,6.515992
test,A5,2.001,6.9449263
test,A5,1.692,5.5838985
test,A5,1.33,6.775022
test,A5,1.4241188,6.3726935
test,A5,1.6651188,4.2888846
test,A5,1.784,6.126793
test,A5,1.885,11.317556
test,A5,1.99,10.087622
test,A5,2.001,5.1783895
test,A5,1.972,4.8607106
test,A5,2.015,5.21195
test,A5,2.067,5.0550203
test,A5,2.014,5.2292166
test,A5,1.892,6.1846533
test,A5,1.688,6.33496
test,A5,1.408,6.138894
test,A5,1.077,5.493519
test,A5,0.919,6.412242
test,A5,0.96,7.4526567
test,A5,0.89489603,6.6442943
test,A5,0.9108218,5.8727856
test,A5,1.0709257,5.0344486
test,A5,1.14,6.182561
test,A5,1.157,7.1686006
test,A5,1.172,5.54521
test,A5,1.352,5.9571
test,A5,1.671,8.218985
test,A5,1.804,8.433141
test,A5,1.87,7.7977734
test,A5,1.998,8.039452
test,A5,2.032,7.3147936
test,A5,2.055,5.2851496
test,A5,2.13,4.835644
test,A5,2.183,6.228596
test,A5,2.136,5.61312
test,A5,2.061,7.4096737
test,A5,2.077,10.889133
test,A5,2.137,8.93209
test,A5,2.191,5.300192
test,A5,2.207,5.137981
test,A5,2.159,7.874323
test,A5,2.089,7.543008
test,A5,2.065,8.024056
test,A5,2.057,10.074434
test,A5,2.037,7.5443516
test,A5,2.095,5.422982
test,A5,2.12,5.3273773
test,A5,2.04,6.333115
test,A5,1.948,6.2779446
test,A5,1.924,6.747554
test,A5,2.0519505,6.9154577
test,A5,2.1909504,6.1971426
test,A5,2.24,5.816393
test,A5,2.248,5.55112
test,A5,2.179,7.3758497
test,A5,2.081,7.168706
test,A5,2.029,9.828613
test,A5,2.047,9.7933235
test,A5,2.029,10.17198
test,A5,1.913,11.876072
test,A5,1.87,8.8165865
test,A5,1.898,7.6553698
test,A5,1.936,6.5545044
test,A5,1.98,7.2081203
test,A5,2.079,5.3653893
test,A5,2.146,5.127368
test,A5,2.096,7.308451
test,A5,2.023,11.373835
test,A5,1.938,10.350109
test,A5,1.855,7.1681256
test,A5,1.773,6.377489
test,A5,1.652,7.556809
test,A5,1.47,6.7657366
test,A5,1.191,6.379959
test,A5,0.826,7.9744234
test,A5,0.567,7.5047946
test,A5,0.252,5.417506
test,A5,0.0,4.9545507
test,A5,0.0,5.782255
test,A5,0.0,6.606245
test,A5,0.087,5.214919
test,A5,0.612,6.4382057
test,A5,1.411,8.296807
test,A5,1.779,9.6349535
test,A5,1.804,8.902705
test,A5,1.849,8.204834
test,A5,1.909,7.974816
test,A5,2.027,7.040317
test,A5,2.127,7.2505975
test,A5,2.1920297,6.388537
test,A5,2.2740297,7.445591
test,A5,2.329,7.876174
test,A5,2.308,6.257557
test,A5,2.225,6.3814306
test,A5,2.16,6.070626
test,A5,2.137,8.21946
test,A5,2.119,9.472493
test,A5,2.1,8.742033
test,A5,2.121,7.0778117
test,A5,2.122,6.847859
test,A5,2.102,12.255359
test,A5,2.053,13.519863
test,A5,1.984,7.432787
test,A5,1.992,7.604318
test,A5,2.039,9.420246
test,A5,2.014,7.266691
test,A5,1.916995,6.9839377
test,A5,1.862995,7.1605244
test,A5,1.85,9.711779
test,A5,1.834,10.098769
test,A5,1.867,7.811943
test,A5,1.935,5.9761105
test,A5,1.9,7.121647
test,A5,1.741,6.856702
test,A5,1.715,6.14454
test,A5,1.944,6.143565
test,A5,2.017,5.594728
test,A5,1.795,6.3738327
test,A5,1.558,5.6104994
test,A5,1.4,7.4639378
test,A5,1.396,9.872122
test,A5,1.606,7.3918877
test,A5,1.916,6.0480385
test,A5,2.109,6.1899157
test,A5,2.145,7.0473385
test,A5,2.127,7.5495305
test,A5,2.026039,6.303013
test,A5,1.9030389,9.588745
test,A5,1.873,11.703827
test,A5,1.863,6.8072214
test,A5,1.843,6.2290916
test,A5,1.791,6.3627315
test,A5,1.8262079,4.7454896
test,A5,2.115208,7.1897383
test,A5,2.524,7.041271
test,A5,2.85,6.8901625
test,A5,3.092,8.885843
test,A5,3.257,7.037673
test,A5,3.196,6.636381
test,A5,2.944,7.525703
test,A5,2.673,7.4227624
test,A5,2.447,6.6518354
test,A5,2.259,6.3909397
test,A5,2.083075,7.150444
test,A5,1.923075,7.376112
test,A5,1.779,8.159079
test,A5,1.7451435,11.364976
test,A5,1.9271436,10.212601
test,A5,2.238,7.7633944
test,A5,2.531,9.24043
test,A5,2.692,9.333005
test,A5,2.661,11.178779
test,A5,2.589,8.097107
test,A5,2.6441486,5.7769437
test,A5,2.8671484,7.630935
test,A5,3.184,7.8327603
test,A5,3.37,7.939728
test,A5,3.278,7.7694597
test,A5,3.01,7.583539
test,A5,2.72,7.052467
test,A5,2.479,6.901444
test,A5,2.287,9.094771
test,A5,2.182,8.649212
test,A5,2.315,5.0986633
test,A5,2.947599,4.630759
test,A5,3.942599,7.0318017
test,A5,4.516,8.147772
test,A5,4.374,5.277328
test,A5,3.905,5.3173504
test,A5,3.282,5.6621914
test,A5,2.71814,6.056554
test,A5,2.37314,7.036669
test,A5,2.082,7.0924354
test,A5,1.77,7.670477
test,A5,1.449,7.3885965
test,A5,1.07,7.207467
test,A5,0.765,6.8701835
test,A5,0.34,5.5916915
test,A5,0.0,4.4647183
test,A5,0.136,4.782739
test,A5,0.845,8.3223915
test,A5,1.56,8.796452
test,A5,1.805,8.263733
test,A5,1.904,9.2473345
test,A5,1.911,8.516804
test,A5,1.998,6.3414035
test,A5,2.19,5.8128734
test,A5,2.251,6.6720905
test,A5,2.164,8.001841
test,A5,2.109,7.720714
test,A5,2.058,7.2049484
test,A5,2.032,6.585042
test,A5,2.051,8.553532
test,A5,2.107,8.634249
test,A5,2.151,8.00364
test,A5,2.12,8.446876
test,A5,2.056,7.6179037
test,A5,2.042,6.466634
test,A5,2.046,5.583086
test,A5,2.071,5.3262095
test,A5,2.308,8.549583
test,A5,2.626,7.9769573
test,A5,2.705,5.8282423
test,A5,2.566,6.2156634
test,A5,2.369,6.024479
test,A5,2.202,8.134715
test,A5,2.229,9.248155
test,A5,2.388,6.4881554
test,A5,2.3631039,7.6555777
test,A5,2.1891038,8.188529
test,A5,2.08,5.921167
test,A5,2.074,8.028328
test,A5,2.158,9.335321
test,A5,2.334,6.8580084
test,A5,2.64,7.301377
test,A5,2.8259306,7.270167
test,A5,2.7409308,7.3632903
test,A5,2.573,6.3293457
test,A5,2.319,8.613853
test,A5,2.129,10.834013
test,A5,2.094,9.135906
test,A5,2.0309753,6.7209916
test,A5,1.9559753,6.851227
test,A5,1.991,6.679123
test,A5,2.172,6.54278
test,A5,2.455,9.367026
test,A5,2.685,11.1556225
test,A5,2.704,8.738377
test,A5,2.6270742,9.9789505
test,A5,2.6881633,8.684784
test,A5,2.890089,5.9044747
test,A5,3.327,5.3658648
test,A5,4.143,8.964663
test,A5,5.127,12.9559355
test,A5,6.289,12.4895115
test,A5,7.34,12.53516
test,A5,7.881,9.558944
test,A5,8.32,11.06979
test,A5,8.879,11.752662
test,A5,9.316,12.35627
test,A5,9.506,15.564272
test,A5,9.591,13.803545
test,A5,9.435,11.239728
test,A5,9.016,8.21382
test,A5,8.508,9.412029
test,A5,7.927,10.13598
test,A5,7.196,5.9188023
test,A5,6.209,8.057806
test,A5,5.31,9.475607
test,A5,4.6622176,7.012517
test,A5,4.1952176,6.3207207
test,A5,4.131,5.895926
test,A5,4.6194158,7.5216703
test,A5,5.577911,12.115999
test,A5,6.659495,11.926642
test,A5,7.682,10.397039
test,A5,8.713,12.250185
test,A5,9.838,11.096012
test,A5,10.876,7.636196
test,A5,11.306,6.9938326
test,A5,11.354,10.70125
test,A5,11.478,13.085524
test,A5,11.616,9.957375
test,A5,11.744,7.5100727
test,A5,11.862,8.308781
test,A5,11.978,9.903186
test,A5,12.110975,8.57209
test,A5,12.1539755,8.898783
test,A5,11.960079,9.285183
test,A5,11.875079,7.305892
test,A5,12.085,6.1957664
test,A5,12.438,9.529049
test,A5,12.754,8.428602
test,A5,12.784,7.3298416
test,A5,12.399,7.0250354
test,A5,11.791,7.597499
test,A5,11.205,9.152113
test,A5,10.82,8.990391
test,A5,10.752807,9.305745
test,A5,10.986807,9.948489
test,A5,11.507,10.754482
test,A5,12.032,10.215782
test,A5,12.396856,10.715143
test,A5,12.651856,10.497081
test,A5,12.692,7.92227
test,A5,12.319,8.478949
test,A5,11.865,6.6191316
test,A5,11.672,6.1676435
test,A5,11.769,8.404986
test,A5,12.143,9.083062
test,A5,12.652668,13.079648
test,A5,13.235668,12.670113
test,A5,13.83,9.625546
test,A5,14.583,11.94346
test,A5,15.29,14.06164
test,A5,15.671,12.692331
test,A5,15.577,10.300041
test,A5,15.133,8.5146885
test,A5,14.943,10.293178
test,A5,15.068,10.9742155
test,A5,15.311,8.947037
test,A5,15.439,9.176237
test,A5,15.455,9.146505
test,A5,15.496,8.051868
test,A5,15.703,7.586192
test,A5,15.881,8.108265
test,A5,15.939881,9.630468
test,A5,16.149881,9.970365
test,A5,16.508,10.407366
test,A5,16.846,10.828101
test,A5,16.983,10.200499
test,A5,17.142,10.106918
test,A5,17.23,8.708582
test,A5,17.157,8.575155
test,A5,17.21,10.777149
test,A5,17.336,10.764358
test,A5,17.425154,7.4416285
test,A5,17.310154,7.5613832
test,A5,17.078,8.049693
test,A5,17.064,8.361261
test,A5,17.216,10.255615
test,A5,17.272,8.847549
test,A5,17.227,7.748216
test,A5,17.140886,7.7038074
test,A5,16.964886,9.057189
test,A5,16.771,12.7954855
test,A5,16.608,11.304457
test,A5,16.48204,8.88711
test,A5,16.39004,10.548052
test,A5,16.289,12.371971
test,A5,16.171,10.523375
test,A5,15.995,8.923239
test,A5,15.837,10.731085
test,A5,15.878,9.9107275
test,A5,16.01,8.477527
test,A5,16.012,11.045172
test,A5,16.082,8.453321
test,A5,16.419,6.4653997
test,A5,16.831,9.528055
test,A5,17.06,11.033386
test,A5,17.069,11.015881
test,A5,17.014,11.542523
test,A5,16.986109,9.611217
test,A5,17.118109,11.826979
test,A5,17.491,15.710175
test,A5,17.972,16.382044
test,A5,18.309,13.770715
test,A5,18.458,13.043882
test,A5,18.634,11.517286
test,A5,18.834,13.544084
test,A5,18.946,13.935291
test,A5,19.024,15.260483
test,A5,19.06609,14.998262
test,A5,19.02609,15.504236
test,A5,19.11998,19.016333
test,A5,19.23198,21.339926
test,A5,19.188,19.118553
test,A5,19.112,16.411474
test,A5,18.964,13.796272
test,A5,18.79,13.399837
test,A5,18.657,13.6028595
test,A5,18.607,10.037455
test,A5,18.638,11.528971
test,A5,18.799763,15.234049
test,A5,19.157763,14.580148
test,A5,19.532,11.211433
test,A5,19.852,12.418058
test,A5,20.219,10.2986355
test,A5,20.598,10.858133
test,A5,20.884,14.348944
test,A5,20.993,14.827343
test,A5,20.838,11.143242
test,A5,20.612,13.133629
test,A5,20.437,16.07029
test,A5,20.365,12.101294
test,A5,20.519,12.253423
test,A5,20.85,15.870039
test,A5,20.949,12.835024
test,A5,20.779,12.85206
test,A5,20.765,13.550557
test,A5,20.716,10.196131
test,A5,20.263,11.860388
test,A5,19.858,13.379087
test,A5,19.76,12.086972
test,A5,19.628,13.5324135
test,A5,19.584,17.014893
test,A5,19.613,14.032032
test,A5,19.701,15.615205
test,A5,19.847,14.530054
test,A5,19.83,11.219698
test,A5,19.701,11.92555
test,A5,19.546,12.993905
test,A5,19.356,15.939523
test,A5,19.182886,10.993977
test,A5,19.006886,11.855822
test,A5,18.886986,13.344618
test,A5,18.848986,12.168259
test,A5,18.829,9.470856
test,A5,18.87,14.47801
test,A5,18.965,16.149931
test,A5,18.916,13.391132
test,A5,18.804,11.26914
test,A5,18.809,10.441498
test,A5,18.735,9.313149
test,A5,18.557,12.286486
test,A5,18.16,15.602481
test,A5,17.298,13.7160635
test,A5,16.253,12.721952
test,A5,14.983,10.479093
test,A5,13.471,9.800476
test,A5,12.469,10.497456
test,A5,11.959,9.273865
test,A5,11.589,7.031523
test,A5,11.497,9.021408
test,A5,11.533,8.811097
test,A5,11.439,6.9789543
test,A5,11.195,7.434039
test,A5,10.895,7.7937326
test,A5,10.57,8.731165
test,A5,10.078,8.030307
test,A5,9.377,7.9389505
test,A5,9.012976,6.6205864
test,A5,9.072975,5.3064623
test,A5,9.266,7.4761305
test,A5,9.66,7.1761637
test,A5,9.931,5.1666985
test,A5,9.874,5.342287
test,A5,9.82,7.9098215
test,A5,10.012,9.036753
test,A5,10.355,7.1023664
test,A5,10.559,6.2688694
test,A5,10.524,9.069227
test,A5,10.715,10.214035
test,A5,11.128,7.558463
test,A5,11.721,8.031467
test,A5,12.354,9.977029
test,A5,12.693,7.579342
test,A5,13.032,6.6566215
test,A5,13.409,7.369258
test,A5,13.549,7.4074383
test,A5,13.76,8.948897
test,A5,14.257174,10.651358
test,A5,14.358173,8.088123
test,A5,14.219,10.158983
test,A5,14.505,12.30692
test,A5,14.926,8.337351
test,A5,15.224,7.3555346
test,A5,15.532,8.133156
test,A5,16.022257,7.2750945
test,A5,16.549257,7.430602
test,A5,16.707,8.459456
test,A5,16.733015,10.413717
test,A5,16.81498,10.297974
test,A5,16.804966,7.850094
test,A5,16.528906,6.5210953
test,A5,16.162691,7.4039063
test,A5,15.907963,9.925091
test,A5,15.879178,12.073635
test,A5,15.809,12.547982
test,A5,15.42,8.702118
test,A5,14.748,7.0421476
test,A5,13.994,7.2563868
test,A5,13.711862,6.088178
test,A5,13.598862,9.224291
test,A5,13.416975,10.773968
test,A5,13.305975,11.411029
test,A5,13.07,10.273489
test,A5,12.64828,8.471265
test,A5,12.17428,10.472209
test,A5,11.894,8.352826
test,A5,11.828,10.503676
test,A5,11.854,11.094488
test,A5,12.072,6.736473
test,A5,12.432099,8.064941
test,A5,12.542099,10.39016
test,A5,12.445,9.276346
test,A5,12.291,7.997429
test,A5,12.005,9.160587
test,A5,11.661,8.581923
test,A5,11.356,7.4775715
test,A5,11.105,10.368597
test,A5,10.83,9.523744
test,A5,10.565,11.543389
test,A5,10.36,13.031862
test,A5,10.274,11.1144285
test,A5,10.388817,11.102734
test,A5,10.712817,9.761747
test,A5,11.116,9.453678
test,A5,11.359,11.096584
test,A5,11.639,11.293887
test,A5,12.231,9.060376
test,A5,12.66,9.180479
test,A5,12.781,8.508065
test,A5,12.363,7.588561
test,A5,11.441,6.0340395
test,A5,10.506,7.6515493
test,A5,9.745,8.45454
test,A5,9.114,5.3194437
test,A5,8.483,5.1195765
test,A5,7.905515,7.1750884
test,A5,7.130515,5.7029705
test,A5,6.311,5.6218405
test,A5,5.757,5.751265
test,A5,5.373,4.652629
test,A5,5.022,5.764736
test,A5,4.747,5.7788324
test,A5,4.687,5.821008
test,A5,4.908,5.443779
test,A5,5.336,6.683037
test,A5,5.560975,7.5666585
test,A5,5.501975,7.433864
test,A5,5.153,6.2388697
test,A5,4.642,4.995617
test,A5,3.961,4.815049
test,A5,3.068,5.729605
test,A5,2.488,5.204077
test,A5,2.489,4.471618
test,A5,3.207,5.334684
test,A5,4.109,6.0678587
test,A5,4.516,5.404684
test,A5,4.67,6.8191013
test,A5,4.8462276,8.3100605
test,A5,5.1952276,7.881987
test,A5,5.781,8.279691
test,A5,6.178,6.558117
test,A5,6.457,5.0015564
test,A5,6.7629156,6.1274405
test,A5,6.911916,9.006426
test,A5,6.874,10.458565
test,A5,6.741,9.850933
test,A5,6.607,8.961629
test,A5,6.505,8.98521
test,A5,6.306,8.135351
test,A5,5.911,5.3386865
test,A5,5.516,5.450527
test,A5,5.101,6.16938
test,A5,4.607,6.4685
test,A5,4.125,6.674781
test,A5,3.681,6.2328587
test,A5,3.271,6.2681475
test,A5,2.955654,6.0590196
test,A5,2.8976538,5.8337736
test,A5,2.935,6.905078
test,A5,2.765,6.856879
test,A5,2.689,4.8086414
test,A5,2.949,4.073935
test,A5,3.38,4.6945496
test,A5,3.803,7.346765
test,A5,3.973,8.54357
test,A5,3.96,6.7566466
test,A5,3.912,5.095954
test,A5,3.77,4.997651
test,A5,3.618,5.707183
test,A5,3.427,6.0596952
test,A5,3.114,7.0437355
test,A5,2.832,6.0918684
test,A5,2.65,7.647053
test,A5,2.508,8.435067
test,A5,2.4,6.0530434
test,A5,2.308,5.7210455
test,A5,2.207,6.1687613
test,A5,1.893,7.044377
test,A5,1.399,5.6263866
test,A5,1.099,5.332395
test,A5,1.3791337,7.725235
test,A5,1.8291336,8.922485
test,A5,1.945,7.867229
test,A5,1.843,7.736488
test,A5,1.805,6.105258
test,A5,2.045,6.3248672
test,A5,2.229,8.6380005
test,A5,2.334,10.975529
test,A5,2.369,9.363349
test,A5,2.371,5.2540746
test,A5,2.374,7.877433
test,A5,2.294,9.798801
test,A5,2.33,9.072235
test,A5,2.4299407,7.0792475
test,A5,2.5229406,4.8425636
test,A5,2.5478613,6.355706
test,A5,2.4248614,6.8021398
test,A5,2.4031239,5.3102303
test,A5,2.5681238,5.9083853
test,A5,2.599,7.8005724
test,A5,2.519,8.670605
test,A5,2.558,5.7318687
test,A5,2.647,6.5481634
test,A5,2.627,11.958366
test,A5,2.594,9.155704
test,A5,2.577,5.3042874
test,A5,2.501,5.084388
test,A5,2.378,4.899922
test,A5,2.241,6.381212
test,A5,2.1,8.423106
test,A5,2.014,8.277916
test,A5,2.118,9.003933
test,A5,2.335,7.727995
test,A5,2.413,5.2604985
test,A5,2.289,6.519356
test,A5,2.112,8.873436
test,A5,1.957,8.046883
test,A5,1.8311336,6.208954
test,A5,1.6141337,6.094544
test,A5,1.196,5.6410522
test,A5,0.771,6.5293016
test,A5,0.566,6.1904507
test,A5,0.543,6.0611057
test,A5,0.612,7.3443584
test,A5,0.707,7.69298
test,A5,0.87,6.956411
test,A5,1.171,6.761018
test,A5,1.582,9.249098
test,A5,1.98,8.969856
test,A5,2.158,6.2934046
test,A5,2.01411,4.991082
test,A5,1.75711,5.23258
test,A5,1.677,5.865261
test,A5,1.954,10.5016775
test,A5,2.248,13.395504
test,A5,2.326,7.8129854
test,A5,2.345,5.405013
test,A5,2.323,6.47425
test,A5,2.278,6.7251763
test,A5,2.047,5.6667967
test,A5,1.6298218,6.996024
test,A5,1.2128218,7.104761
test,A5,0.864,5.4926205
test,A5,0.7,6.604847
test,A5,0.654,8.207201
test,A5,0.424,6.720725
test,A5,0.24,5.3123255
test,A5,0.24,5.9490824
test,A5,0.24,5.86792
test,A5,0.24,6.076868
test,A5,0.216,6.37298
test,A5,0.096,5.7268276
test,A5,0.0,6.7361565
test,A5,0.0,6.8479247
test,A5,0.0,5.8924227
test,A5,0.0,4.4796286
test,A5,0.205,4.1399584
test,A5,1.277,3.9488995
test,A5,2.361,3.8178608
test,A5,2.723,5.023073
test,A5,3.006,7.4075184
test,A5,3.207,7.274046
test,A5,3.135,6.1609054
test,A5,2.843,7.2787857
test,A5,2.6030743,6.2159023
test,A5,2.4431584,4.612787
test,A5,2.278084,4.9268165
test,A5,2.102,5.2573395
test,A5,1.972,6.1187105
test,A5,1.948,5.4802313
test,A5,2.253,5.228732
test,A5,2.804,5.982109
test,A5,3.218,7.5313926
test,A5,3.204,7.8641176
test,A5,2.716416,6.254201
test,A5,1.9774158,5.400759
test,A5,1.2148465,5.4910827
test,A5,0.74384654,6.066215
test,A5,0.62,6.058439
test,A5,0.62,4.666693
test,A5,0.62,5.664115
test,A5,0.62,7.173896
test,A5,0.62,6.68879
test,A5,0.62,6.2743425
test,A5,0.62,6.741136
test,A5,0.62,5.9067054
test,A5,0.62,6.111147
test,A5,0.62,5.7405324
test,A5,0.62,5.545022
test,A5,0.558,5.9694777
test,A5,0.248,5.6862803
test,A5,0.0,6.2844687
test,A5,0.0,6.232847
test,A5,0.0,5.8018003
test,A5,0.0,6.612721
test,A5,0.0,7.5474997
test,A5,0.0,7.5182824
test,A5,0.0,7.323319
test,A5,0.0,7.023655
test,A5,0.0,6.680626
test,A5,0.0,9.153569
test,A5,0.222,14.589392
test,A5,1.3429456,14.339613
test,A5,2.2849455,7.721696
test,A5,2.318,4.8270674
test,A5,2.284,5.290657
test,A5,2.295,7.6524215
test,A5,2.447,10.644773
test,A5,2.47,8.735194
test,A5,2.37001,7.499152
test,A5,2.37001,6.7666583
test,A5,2.361,6.319358
test,A5,2.319,7.352445
test,A5,2.332,8.306157
test,A5,2.495,6.1316257
test,A5,2.536,5.2068195
test,A5,2.48,6.099837
test,A5,2.575,7.007745
test,A5,2.6249654,6.6208262
test,A5,2.5709653,5.9117794
test,A5,2.51,4.6822133
test,A5,2.479,5.6833224
test,A5,2.413,6.534202
test,A5,2.302,5.767465
test,A5,2.206,9.972626
test,A5,2.2089555,12.914439
test,A5,2.2869554,8.817745
test,A5,2.271,8.851079
test,A5,2.138,8.043458
test,A5,1.9539208,5.4392176
test,A5,1.7789208,5.5305657
test,A5,1.658,4.5607133
test,A5,1.748,3.8802226
test,A5,2.155,4.5470185
test,A5,2.589,8.281231
test,A5,2.813,8.7635565
test,A5,2.814,6.4447317
test,A5,2.656,7.0733523
test,A5,2.505,8.417336
test,A5,2.436,7.987611
test,A5,2.371,6.0414433
test,A5,2.214099,5.148847
test,A5,2.009099,5.2248526
test,A5,1.767,5.4954185
test,A5,1.391,6.164755
test,A5,1.11,7.164499
test,A5,0.985,6.9531174
test,A5,0.878,6.940776
test,A5,0.797,6.6339393
test,A5,0.532,6.5400953
test,A5,0.32,7.2598553
test,A5,0.288,6.617481
test,A5,0.128,7.1887245
test,A5,0.0,7.7001038
test,A5,0.0,6.98368
test,A5,0.0,7.939086
test,A5,0.0,7.986647
test,A5,0.0,7.724561
test,A5,0.0,7.3861837
test,A5,0.0,7.153407
test,A5,0.0,6.1601224
test,A5,0.0,6.160369
test,A5,0.0,6.321907
test,A5,0.0,5.0602746
test,A5,0.226,3.721372
test,A5,1.401,4.8032904
test,A5,2.54,7.625951
test,A5,2.77,6.7908354
test,A5,2.802965,9.318035
test,A5,2.736965,11.670265
test,A5,2.539,8.368757
test,A5,2.349,8.749921
test,A5,2.348,7.598666
test,A5,2.476,8.316282
test,A5,2.64,7.004989
test,A5,2.75,4.4466405
test,A5,2.941,4.244982
test,A5,3.283,5.107794
test,A5,3.552,5.7417583
test,A5,3.745,4.5760126
test,A5,3.97,4.909918
test,A5,4.154,5.5395813
test,A5,4.189,5.17832
test,A5,4.3020196,5.0933332
test,A5,4.46902,5.367009
test,A5,4.612,5.4981637
test,A5,4.972198,6.8847814
test,A5,5.4224057,6.3904696
test,A5,5.816208,6.47556
test,A5,6.137,8.149634
test,A5,6.447,8.018867
test,A5,6.836,6.5968065
test,A5,7.115,5.7773433
test,A5,7.316,5.617926
test,A5,7.608,5.649411
test,A5,7.813,6.9510202
test,A5,7.888,8.102396
test,A5,8.039,9.293535
test,A5,8.367,9.417953
test,A5,8.828,8.653183
test,A5,9.286,8.143261
test,A5,9.688,5.741113
test,A5,9.924,9.356514
test,A5,9.928,10.56061
test,A5,9.904,8.446651
test,A5,10.078,8.690061
test,A5,10.44,7.365985
test,A5,10.718846,10.061529
test,A5,10.690846,10.724714
test,A5,10.603243,7.200699
test,A5,10.509243,16.616796
test,A5,10.748,21.443161
test,A5,11.214,16.11757
test,A5,11.494,11.810954
test,A5,11.797911,10.765122
test,A5,12.028911,9.702769
test,A5,12.183,9.639845
test,A5,12.202,10.592285
test,A5,12.375921,8.875896
test,A5,12.67792,8.747997
test,A5,12.87986,10.92756
test,A5,13.09686,9.317402
test,A5,13.137,9.086477
test,A5,12.984,10.554986
test,A5,12.805,11.000481
test,A5,12.758,9.161706
test,A5,12.827065,6.615158
test,A5,12.904065,11.960802
test,A5,12.922,13.403377
test,A5,12.817,9.201125
test,A5,12.675,15.785137
test,A5,12.622,16.937628
test,A5,12.518,11.412386
test,A5,12.301,10.478227
test,A5,12.285,8.737055
test,A5,12.363,7.964452
test,A5,12.352,10.045124
test,A5,12.366,11.913614
test,A5,12.48,11.205208
test,A5,12.507,9.623596
test,A5,12.523,9.733774
test,A5,12.862,11.604433
test,A5,13.162,13.29598
test,A5,13.332925,10.351038
test,A5,13.543925,8.79052
test,A5,13.718,8.805222
test,A5,13.761,9.092807
test,A5,13.6,9.652626
test,A5,13.399,9.023874
test,A5,13.285,8.033637
test,A5,13.074,8.536243
test,A5,12.642,10.688124
test,A5,12.36598,9.893995
test,A5,12.392981,9.105682
test,A5,12.633,9.197061
test,A5,12.952,8.65423
test,A5,13.133,7.4228525
test,A5,13.05,7.708537
test,A5,12.779901,7.9092364
test,A5,12.597901,6.24494
test,A5,12.678,6.85178
test,A5,12.673,7.8181033
test,A5,12.426,8.323554
test,A5,11.819,9.78648
test,A5,10.795302,10.272579
test,A5,9.992302,8.824322
test,A5,9.611,6.567724
test,A5,9.368,4.8819375
test,A5,9.181,5.598647
test,A5,9.264,6.5068717
test,A5,9.651,7.029874
test,A5,9.961,8.6488
test,A5,10.187,10.632745
test,A5,10.804,9.398467
test,A5,11.35194,7.95782
test,A5,11.49894,8.472601
test,A5,11.616,8.781164
test,A5,11.724,9.799638
test,A5,11.491,8.949483
test,A5,11.494,6.4444265
test,A5,11.595,5.5117264
test,A5,11.404208,5.7063293
test,A5,11.593208,6.887173
test,A5,11.914,7.2943544
test,A5,12.031,9.7429695
test,A5,12.1,8.600858
test,A5,12.434,7.1538095
test,A5,12.802,6.7082195
test,A5,13.141045,8.323027
test,A5,13.368721,9.115424
test,A5,13.508677,6.0950828
test,A5,13.688,8.64016
test,A5,13.683,11.569153
test,A5,13.557,9.735966
test,A5,13.234,11.201004
test,A5,12.731,10.934526
test,A5,12.157,9.931225
test,A5,12.243,8.410645
test,A5,12.948,8.016735
test,A5,13.232,9.57125
test,A5,13.217901,9.1320095
test,A5,13.292901,9.360935
test,A5,13.256,9.15591
test,A5,12.931,7.5752535
test,A5,12.292,6.798396
test,A5,11.749,6.604632
test,A5,11.529,7.349621
test,A5,11.478,7.634413
test,A5,11.526,7.0249004
test,A5,11.525,5.8310766
test,A5,11.627,7.196798
test,A5,11.769,8.762742
test,A5,11.636,8.31575
test,A5,11.571,10.533284
test,A5,11.833,11.648167
test,A5,12.101,12.37697
test,A5,12.281651,13.771775
test,A5,12.5133505,10.374787
test,A5,12.9297,7.258465
test,A5,13.272,6.291668
test,A5,13.346,9.198613
test,A5,13.296,10.503529
test,A5,13.389,8.82375
test,A5,13.73,11.308496
test,A5,14.061,11.625998
test,A5,14.393,7.377883
test,A5,14.597,7.821612
test,A5,14.67195,8.505471
test,A5,14.799951,8.613951
test,A5,14.883,8.7444725
test,A5,14.912,7.7319846
test,A5,15.027,8.2479725
test,A5,15.278,9.104556
test,A5,15.593,8.741626
test,A5,15.88193,9.41343
test,A5,16.07793,7.9382334
test,A5,16.33,8.151823
test,A5,16.624,9.816616
test,A5,16.878,10.736164
test,A5,17.082,9.388458
test,A5,17.361,10.59745
test,A5,17.641,11.860537
test,A5,17.589,7.9704843
test,A5,17.452,9.550866
test,A5,17.484,13.064293
test,A5,17.528,11.273081
test,A5,17.669,9.821529
test,A5,17.79194,8.962249
test,A5,17.86194,9.643751
test,A5,18.062,12.60988
test,A5,18.15,9.652031
test,A5,17.957045,9.663406
test,A5,17.887045,11.986666
test,A5,18.221,10.39455
test,A5,18.578,10.385562
test,A5,18.657,13.052765
test,A5,18.821,10.750338
test,A5,19.073,8.893845
test,A5,19.191,8.662299
test,A5,19.272,8.004608
test,A5,19.596,8.344715
test,A5,20.013,9.42708
test,A5,20.167,9.219028
test,A5,20.26,8.47402
test,A5,20.289,9.938652
test,A5,20.352,13.270065
test,A5,20.458,14.174912
test,A5,20.461,12.979539
test,A5,20.535,17.235357
test,A5,20.688,12.07041
test,A5,20.874,17.036865
test,A5,21.102917,18.37256
test,A5,21.159916,11.463445
test,A5,21.208,11.770931
test,A5,21.313128,10.891794
test,A5,21.271128,10.115433
test,A5,21.147,12.8445215
test,A5,20.786,11.121527
test,A5,20.382875,10.266205
test,A5,20.165857,11.93716
test,A5,20.01798,11.089953
test,A5,19.85,8.163729
test,A5,19.642,9.461726
test,A5,19.317,12.295681
test,A5,18.621,12.866589
test,A5,17.809,10.229096
test,A5,17.049,13.768361
test,A5,16.416,14.282487
test,A5,15.982,8.567159
test,A5,15.602,9.915713
test,A5,15.272,12.191046
test,A5,14.969,10.216287
test,A5,14.631961,7.1612206
test,A5,14.424021,8.577992
test,A5,14.41606,11.624182
test,A5,14.273,10.767128
test,A5,14.074,9.102512
test,A5,14.005125,8.849068
test,A5,13.737125,10.608824
test,A5,12.902,10.193068
test,A5,12.235,6.2169094
test,A5,12.153,6.7110233
test,A5,12.051,5.7612867
test,A5,11.995065,6.014927
test,A5,11.989985,8.0205145
test,A5,11.9779215,7.326785
test,A5,12.011,7.8790913
test,A5,12.056,10.49609
test,A5,12.302,11.229806
test,A5,12.714,10.967387
test,A5,13.133,9.3853035
test,A5,13.517,8.665689
test,A5,13.785,9.982702
test,A5,14.022,10.638881
test,A5,13.937,8.381011
test,A5,13.61797,7.662959
test,A5,13.51997,8.04432
test,A5,13.59,10.233997
test,A5,13.735,11.7602625
test,A5,13.846,10.231093
test,A5,13.889,11.292991
test,A5,13.906,11.209209
test,A5,14.034,9.252335
test,A5,14.221,7.6099706
test,A5,14.235,7.8888326
test,A5,14.078,8.8073225
test,A5,13.905,9.547658
test,A5,13.786,10.93153
test,A5,13.698,11.541019
test,A5,13.629,9.629126
test,A5,13.516965,9.554128
test,A5,13.378965,7.687518
test,A5,13.273,9.372124
test,A5,13.284,11.924631
test,A5,13.36,10.874954
test,A5,13.375,8.546843
test,A5,13.476,7.3091116
test,A5,13.682,8.843723
test,A5,13.89,11.495913
test,A5,14.103,11.799938
test,A5,14.369,9.577842
test,A5,14.634,12.307267
test,A5,14.883,10.295843
test,A5,15.127,6.4779077
test,A5,15.259,8.439993
test,A5,15.285,8.7807865
test,A5,15.351,9.627606
test,A5,15.464,13.109612
test,A5,15.492,13.078507
test,A5,15.458,10.555204
test,A5,15.47,12.126282
test,A5,15.624,12.051493
test,A5,16.0,9.722677
test,A5,16.378,11.9656925
test,A5,16.675,12.653744
test,A5,16.97,12.922801
test,A5,17.121,11.30313
test,A5,17.122,9.960121
test,A5,16.924,10.332285
test,A5,16.852,9.699898
test,A5,17.022,9.825028
test,A5,17.21595,10.397735
test,A5,17.29595,12.450317
test,A5,17.202,13.282945
test,A5,17.231,12.725798
test,A5,17.312,10.168886
test,A5,17.212,11.169333
test,A5,16.835,10.538695
test,A5,16.8,11.205954
test,A5,17.039,14.070635
test,A5,16.949,12.144495
test,A5,16.963,11.088297
test,A5,17.158,8.98236
test,A5,17.392,8.574563
test,A5,17.678,8.732843
test,A5,17.763,10.579333
test,A5,17.349361,11.368631
test,A5,16.598362,11.443666
test,A5,15.662,12.143327
test,A5,14.399,9.831066
test,A5,13.577,12.150915
test,A5,13.275,12.648991
test,A5,12.968,10.1341715
test,A5,12.885,9.93337
test,A5,12.929,9.065963
test,A5,12.646,9.005814
test,A5,12.229,8.05606
test,A5,11.30002,6.807861
test,A5,10.39443,9.418537
test,A5,9.94141,9.989358
test,A5,9.424,9.263836
test,A5,9.056,11.215197
test,A5,8.963,12.698169
test,A5,9.366,10.805264
test,A5,9.651,9.40378
test,A5,9.67,9.233908
test,A5,9.817,10.963877
test,A5,10.273,9.493673
test,A5,10.751,8.1701145
test,A5,10.997,9.871749
test,A5,11.301,9.626535
test,A5,11.516,8.063051
test,A5,11.493,7.2803726
test,A5,11.57599,9.25906
test,A5,11.705005,10.533606
test,A5,11.712015,11.2791
test,A5,11.648,9.943831
test,A5,11.547,12.661563
test,A5,11.242,17.351648
test,A5,10.932505,15.699204
test,A5,11.282505,13.813504
test,A5,11.646,11.483698
test,A5,11.503,8.429303
test,A5,11.422866,10.062118
test,A5,11.588866,9.202869
test,A5,11.86,8.455295
test,A5,12.106,9.839541
test,A5,12.182,9.571739
test,A5,12.030069,7.9836073
test,A5,11.864069,12.301773
test,A5,11.847005,17.332645
test,A5,11.875005,11.056658
test,A5,11.877,9.769136
test,A5,11.899,13.71291
test,A5,11.999,12.271489
test,A5,12.228,9.743284
test,A5,12.45,10.365643
test,A5,12.509,12.4540415
test,A5,12.543,10.133108
test,A5,12.23,9.155313
test,A5,11.469,12.130974
test,A5,10.652,11.50799
test,A5,10.254,11.362393
test,A5,10.081,10.467745
test,A5,9.735,10.111872
test,A5,9.364,9.380709
test,A5,8.895,8.267841
test,A5,8.418,8.185872
test,A5,8.173,11.381045
test,A5,8.07,11.980191
test,A5,7.912,9.192107
test,A5,7.874,8.781323
test,A5,7.999,10.555077
test,A5,7.8881087,11.771164
test,A5,7.577109,10.415642
test,A5,7.377,6.2609606
test,A5,7.22383,8.564943
test,A5,7.05683,10.741865
test,A5,7.074,9.815112
test,A5,7.158,9.449856
test,A5,6.969,8.134973
test,A5,6.647461,7.780315
test,A5,6.2554607,6.5466194
test,A5,5.838,6.4539127
test,A5,5.352,6.8889227
test,A5,4.87,7.378495
test,A5,4.442,8.646457
test,A5,4.152,11.01554
test,A5,4.071,12.700827
test,A5,4.02,11.006689
test,A5,3.961,8.609003
test,A5,3.972,9.525068
test,A5,4.0029554,9.773346
test,A5,4.0369554,6.7644672
test,A5,4.129,5.9358435
test,A5,4.129,5.3649626
test,A5,4.052,6.092595
test,A5,3.982,7.3032403
test,A5,3.87,6.5178585
test,A5,3.679,6.167038
test,A5,3.576,5.864273
test,A5,3.712,6.8527355
test,A5,3.993,6.931407
test,A5,4.368,6.2844987
test,A5,4.767,6.380766
test,A5,5.089,7.531505
test,A5,5.348,8.631945
test,A5,5.5299606,9.619099
test,A5,5.6029606,10.967371
test,A5,5.767,12.653027
test,A5,5.824,11.936481
test,A5,5.473,8.19367
test,A5,5.188,8.122677
test,A5,5.091,9.894484
test,A5,4.97,7.9448786
test,A5,4.941104,8.71489
test,A5,4.906104,9.5949
test,A5,4.902,8.002954
test,A5,4.829,6.791725
test,A5,4.6640496,6.2460814
test,A5,4.7090497,5.9201155
test,A5,5.015,6.422246
test,A5,5.559,5.86469
test,A5,6.0532227,6.799493
test,A5,6.4342227,8.893099
test,A5,6.798,8.845163
test,A5,7.259,8.460497
test,A5,7.782,7.9363947
test,A5,8.205,7.902811
test,A5,8.552,7.784096
test,A5,8.805,10.566568
test,A5,9.134,10.87006
test,A5,9.431,10.685718
test,A5,9.613,11.467766
test,A5,10.162,13.521887
test,A5,10.914,11.705774
test,A5,11.505,7.3041816
test,A5,11.889,7.666063
test,A5,11.861,11.758099
test,A5,11.632,11.416671
test,A5,11.44,8.891152
test,A5,11.582,7.0163774
test,A5,11.84,6.552545
test,A5,11.908886,8.680954
test,A5,12.063886,10.908684
test,A5,12.305,10.377481
test,A5,12.772,10.013866
test,A5,13.392,11.630776
test,A5,13.968,10.391508
test,A5,14.595,10.56354
test,A5,15.124139,9.577379
test,A5,15.415138,10.351023
test,A5,15.483104,11.558288
test,A5,15.578891,11.558042
test,A5,15.941787,12.219538
test,A5,16.486,9.427668
test,A5,17.026,13.437371
test,A5,17.386,14.112095
test,A5,17.662,10.777996
test,A5,17.891,9.246107
test,A5,17.978985,12.407604
test,A5,17.997986,11.60275
test,A5,18.039,10.691572
test,A5,18.197,10.928658
test,A5,18.401,10.461137
test,A5,18.58,11.006889
test,A5,18.714,11.200328
test,A5,18.686,9.384272
test,A5,18.676,10.926225
test,A5,18.676,11.6933365
test,A5,18.55,12.032109
test,A5,18.373,10.194722
test,A5,18.093,8.623363
test,A5,17.852,13.871895
test,A5,17.672,13.875635
test,A5,17.428,10.41301
test,A5,17.175,10.213758
test,A5,16.965,10.9145775
test,A5,16.833,10.917671
test,A5,16.744207,9.044676
test,A5,16.506208,11.360733
test,A5,16.257,9.703308
test,A5,16.427,7.3547626
test,A5,16.222,10.287794
test,A5,15.654,9.977061
test,A5,15.474,7.233055
test,A5,15.277921,10.975228
test,A5,15.0439205,10.279421
test,A5,14.941,11.240013
test,A5,14.94,11.5510025
test,A5,14.908,11.017281
test,A5,14.874,8.570084
test,A5,14.937,5.8539
test,A5,14.963,8.155796
test,A5,14.937,10.700036
test,A5,14.8,12.196045
test,A5,14.419634,12.006077
test,A5,13.792634,10.904289
test,A5,13.116,9.061384
test,A5,12.706,6.9130154
test,A5,12.444,6.824952
test,A5,12.248,7.6660795
test,A5,12.183,6.15853
test,A5,12.098,6.522168
test,A5,11.94,10.13541
test,A5,11.446,9.643833
test,A5,10.823,7.639463
test,A5,10.385,6.6020813
test,A5,9.975,6.249633
test,A5,9.75,7.5223427
test,A5,9.584,7.9006705
test,A5,9.166,8.781061
test,A5,8.412,10.237719
test,A5,7.824,8.3358345
test,A5,7.546206,8.82729
test,A5,6.913206,7.5323205
test,A5,6.687,4.5489364
test,A5,7.443,5.416556
test,A5,8.209,7.0111346
test,A5,8.631,8.255186
test,A5,8.82,7.5602307
test,A5,8.834,7.9063807
test,A5,8.787,8.375289
test,A5,8.693,7.3795156
test,A5,8.697,6.1167974
test,A5,8.751,5.782313
test,A5,8.787,7.0112734
test,A5,8.831044,7.872298
test,A5,8.823045,6.5529346
test,A5,8.87,5.625128
test,A5,8.93198,5.765893
test,A5,8.94298,6.9514627
test,A5,8.863,9.339046
test,A5,8.346718,8.746124
test,A5,7.6707177,5.5027614
test,A5,7.288,5.2884483
test,A5,7.081005,5.953048
test,A5,7.006005,6.108821
test,A5,7.01597,6.0598183
test,A5,7.0609703,4.8945804
test,A5,7.176,4.4393997
test,A5,7.334,5.964513
test,A5,7.532,5.676774
test,A5,7.88,6.1664762
test,A5,8.352,8.176849
test,A5,8.641,8.670897
test,A5,8.667,6.3265615
test,A5,8.842748,8.015983
test,A5,9.331747,8.508589
test,A5,9.954,7.5782404
test,A5,10.284,7.702488
test,A5,10.521,5.7504845
test,A5,11.026,4.982398
test,A5,11.546,5.5392294
test,A5,12.166,5.93627
test,A5,12.86997,6.685129
test,A5,13.27597,10.102804
test,A5,13.72,12.170284
test,A5,14.152,8.148533
test,A5,14.323,7.4965887
test,A5,14.566,8.790675
test,A5,14.913,9.961485
test,A5,15.225,7.128842
test,A5,15.564748,6.5951815
test,A5,16.024748,7.7715063
test,A5,16.282,8.144289
test,A5,16.367,8.382972
test,A5,16.47,10.122686
test,A5,16.645,11.708686
test,A5,16.867,8.880696
test,A5,17.345,9.798759
test,A5,18.043,11.328283
test,A5,18.454,10.979682
test,A5,18.514,11.225751
test,A5,18.442,10.908197
test,A5,18.414,8.231201
test,A5,18.427,7.271623
test,A5,18.395094,8.090363
test,A5,18.297094,10.185316
test,A5,18.253,9.554166
test,A5,18.397,7.03758
test,A5,18.516,6.5204883
test,A5,18.48,7.266239
test,A5,18.489,7.905022
test,A5,18.463,10.629616
test,A5,18.053526,13.688309
test,A5,17.170525,15.156006
test,A5,15.976,11.854986
test,A5,14.775,11.039914
test,A5,13.913,11.261621
test,A5,13.337,14.06888
test,A5,12.943,11.834759
test,A5,12.743,7.3266187
test,A5,12.585,8.283843
test,A5,12.45,8.161433
test,A5,12.366,7.2200665
test,A5,12.232,8.089154
test,A5,12.063,7.2939086
test,A5,12.0,7.0389333
test,A5,12.035,9.411509
test,A5,12.112,9.049754
test,A5,12.216,9.698448
test,A5,12.4,12.241644
test,A5,12.568,15.876069
test,A5,12.56,14.110369
test,A5,12.284,7.3344054
test,A5,11.714,8.216824
test,A5,11.252,9.913464
test,A5,11.094,9.680291
test,A5,11.078,8.136572
test,A5,11.133,7.515578
test,A5,11.272,9.494578
test,A5,11.504,8.77046
test,A5,11.695015,11.491142
test,A5,11.742064,12.791595
test,A5,11.68405,15.345363
test,A5,11.683,15.3566065
test,A5,11.832,9.855804
test,A5,12.147,16.684496
test,A5,12.535,20.537989
test,A5,12.68,14.958004
test,A5,12.595,10.840805
test,A5,12.458,7.579734
test,A5,12.226,7.1292343
test,A5,11.759,10.472721
test,A5,11.111,11.952758
test,A5,10.484,10.255157
test,A5,9.711,9.055897
test,A5,8.373,11.713551
test,A5,6.77,10.418237
test,A5,5.717,5.6173725
test,A5,5.188,5.9100933
test,A5,4.85,5.6099043
test,A5,4.765,4.306439
test,A5,4.934,4.8468504
test,A5,5.037,6.2806315
test,A5,4.974,7.885722
test,A5,4.953,6.837638
test,A5,5.093,5.76528
test,A5,5.336,6.2786927
test,A5,5.599,7.3499384
test,A5,5.894,7.4816008
test,A5,6.220317,5.6638846
test,A5,6.693317,5.9637136
test,A5,7.244,6.3177347
test,A5,7.74,6.920452
test,A5,8.254,8.328607
test,A5,8.825,8.961155
test,A5,9.358,9.122248
test,A5,9.696118,9.963334
test,A5,9.934119,9.658613
test,A5,10.1920595,9.375085
test,A5,10.387059,11.227276
test,A5,10.527,9.311234
test,A5,10.674,7.76306
test,A5,10.738,8.087268
test,A5,10.652,9.718228
test,A5,10.447,11.632269
test,A5,10.184,10.350751
test,A5,9.953,8.001963
test,A5,9.823,8.302603
test,A5,9.717,11.425651
test,A5,9.644,11.3372555
test,A5,9.64,7.944457
test,A5,9.654,5.4543447
test,A5,9.764,5.7634945
test,A5,10.071,9.427224
test,A5,10.526,13.373938
test,A5,10.98,12.493288
test,A5,11.454,9.254799
test,A5,11.989,8.365391
test,A5,12.344,7.895899
test,A5,12.45,6.451676
test,A5,12.133,8.076856
test,A5,11.589,10.461949
test,A5,11.222,10.7272625
test,A5,10.905,10.740179
test,A5,10.605,9.5503645
test,A5,10.436,8.187263
test,A5,10.393,10.210877
test,A5,10.356976,11.181955
test,A5,10.316976,11.332134
test,A5,10.283,11.73834
test,A5,10.272,13.028663
test,A5,10.254,10.3103
test,A5,10.217,7.5923696
test,A5,10.134,7.6882353
test,A5,9.967,9.2676525
test,A5,9.76,10.131901
test,A5,9.595,8.832389
test,A5,9.470059,10.949334
test,A5,9.351059,11.799765
test,A5,9.263,8.835955
test,A5,9.202,10.299385
test,A5,9.137,8.121183
test,A5,9.093,7.6014376
test,A5,9.159104,6.7545495
test,A5,9.342104,8.531988
test,A5,9.595,10.822417
test,A5,9.94,11.245027
test,A5,10.359,10.549127
test,A5,10.732875,9.505829
test,A5,11.009875,8.848396
test,A5,11.228,12.771589
test,A5,11.416,13.080912
test,A5,11.6,7.448259
test,A5,11.799,8.398651
test,A5,11.985,10.643458
test,A5,12.128,11.394838
test,A5,12.232,13.167133
test,A5,12.289,9.889469
test,A5,12.332,9.698862
test,A5,12.371,12.527052
test,A5,12.428,9.730993
test,A5,12.481,8.285143
test,A5,12.454,6.7601604
test,A5,12.292,7.3794494
test,A5,12.139,10.562801
test,A5,12.121104,7.5821586
test,A5,12.009104,8.893921
test,A5,11.809703,11.572571
test,A5,11.972703,10.503311
test,A5,12.209,7.727295
test,A5,12.119,8.823847
test,A5,11.966,8.244474
test,A5,11.7,9.047955
test,A5,11.353,12.583265
test,A5,11.026,10.179878
test,A5,10.767,6.685886
test,A5,10.684936,9.489368
test,A5,10.736936,9.475262
test,A5,10.769,8.867967
test,A5,10.658,8.746876
test,A5,10.401,10.375364
test,A5,10.060139,11.163651
test,A5,9.748138,9.899129
test,A5,9.498,9.627018
test,A5,9.247,8.933772
test,A5,8.829,9.702363
test,A5,8.477,11.171251
test,A5,8.483,10.668682
test,A5,8.647,9.494577
test,A5,8.677,8.87305
test,A5,8.569,7.179534
test,A5,8.374099,5.72139
test,A5,8.149099,6.977952
test,A5,8.064,6.845248
test,A5,8.052,7.136504
test,A5,8.014,7.848787
test,A5,7.993,6.752121
test,A5,8.018,6.8155937
test,A5,8.076,7.825863
test,A5,8.09,7.750846
test,A5,8.022,7.5564475
test,A5,7.869,9.243017
test,A5,7.678,8.40253
test,A5,7.542,6.6978717
test,A5,7.401,6.1590123
test,A5,7.259,5.0717216
test,A5,7.127,5.074109
test,A5,6.976,6.1139746
test,A5,6.783,7.9905677
test,A5,6.581,6.913123
test,A5,6.304,7.2615833
test,A5,6.028,9.059575
test,A5,5.868,7.3291917
test,A5,5.672,5.315644
test,A5,5.262,5.0865593
test,A5,4.559,6.285289
test,A5,3.833,5.7945695
test,A5,3.25,6.285172
test,A5,2.818,7.7007685
test,A5,2.573,6.6838284
test,A5,2.385,5.8787103
test,A5,2.151,6.9236317
test,A5,1.789,6.3804636
test,A5,1.516,7.8726473
test,A5,1.507,7.623663
test,A5,1.673,7.1020904
test,A5,1.968,6.9585505
test,A5,2.306,4.5686955
test,A5,2.744,4.3133287
test,A5,3.214,3.7599046
test,A5,3.711,3.8438375
test,A5,4.331,5.3421283
test,A5,5.016,6.4923654
test,A5,5.669,7.1879463
test,A5,6.064,8.125655
test,A5,6.249,8.459311
test,A5,6.385,10.873872
test,A5,6.486,9.483883
test,A5,6.586,6.219614
test,A5,6.658,7.710747
test,A5,6.685,7.884923
test,A5,6.608,6.9775715
test,A5,6.294,7.323657
test,A5,5.87,6.9270477
test,A5,5.473,7.850261
test,A5,5.107,6.9640126
test,A5,4.825,5.8454323
test,A5,4.581,6.174118
test,A5,4.366,6.1114507
test,A5,4.174,6.8322153
test,A5,4.0109854,7.893674
test,A5,3.9649851,7.014193
test,A5,4.138,6.057248
test,A5,4.42,4.9527044
test,A5,4.772,4.21364
test,A5,5.096,4.358089
test,A5,5.32,6.306609
test,A5,5.749,7.486067
test,A5,6.282267,6.8186064
test,A5,6.767267,8.915075
test,A5,7.2318316,8.900386
test,A5,7.5978317,6.4994826
test,A5,7.88,7.665903
test,A5,8.15,8.187042
test,A5,8.492,8.735477
test,A5,8.789,7.9916587
test,A5,9.065,7.1365423
test,A5,9.477,7.455931
test,A5,9.924,8.874496
test,A5,10.328,11.092915
test,A5,10.74,11.944192
test,A5,11.000935,12.884098
test,A5,11.114935,9.357532
test,A5,11.269,7.414034
test,A5,11.449134,12.723839
test,A5,11.681133,13.321253
test,A5,11.979,13.3820915
test,A5,12.355,14.724221
test,A5,12.730896,11.998451
test,A5,12.988896,9.276936
test,A5,13.123,9.584736
test,A5,13.074,12.60294
test,A5,12.874955,15.259848
test,A5,12.735955,10.508841
test,A5,12.77,7.3747973
test,A5,12.919,12.009464
test,A5,13.052,12.788863
test,A5,13.146,13.589323
test,A5,13.301,15.845351
test,A5,13.565,13.361898
test,A5,13.849,11.137913
test,A5,14.058,9.556118
test,A5,14.14,9.167463
test,A5,13.847,11.347811
test,A5,13.42,11.030964
test,A5,13.147,8.334087
test,A5,12.884129,6.87496
test,A5,12.619129,8.131656
test,A5,12.31,6.8481345
test,A5,11.981,7.0883207
test,A5,11.635,8.787521
test,A5,11.294,10.86643
test,A5,10.986,10.119334
test,A5,10.666,7.444782
test,A5,10.344,7.6596074
test,A5,10.02,8.673605
test,A5,9.736,8.669088
test,A5,9.531,9.265948
test,A5,9.413,8.71362
test,A5,9.433,8.142536
test,A5,9.598837,7.3731117
test,A5,9.885837,8.75762
test,A5,10.235,8.907761
test,A5,10.539,10.403676
test,A5,10.757,12.46868
test,A5,10.982,11.8603325
test,A5,11.270857,11.46722
test,A5,11.575856,9.825972
test,A5,11.877,10.86584
test,A5,12.178,11.564093
test,A5,12.548,8.877075
test,A5,12.918,10.875652
test,A5,13.207,13.128008
test,A5,13.486,11.787626
test,A5,13.74,11.848964
test,A5,13.978,12.650803
test,A5,14.138,11.802311
test,A5,14.181,10.676618
test,A5,14.260886,9.084443
test,A5,14.442886,9.593981
test,A5,14.639144,11.146973
test,A5,14.870144,11.428042
test,A5,15.135,11.060335
test,A5,15.339,9.646108
test,A5,15.443,9.99466
test,A5,15.483,8.915869
test,A5,15.541,8.26548
test,A5,15.695851,9.072573
test,A5,15.952966,11.296705
test,A5,16.214113,11.371782
test,A5,16.467,10.620419
test,A5,16.728,11.628695
test,A5,16.868,11.220442
test,A5,16.921074,9.822844
test,A5,17.108751,10.215392
test,A5,17.5938,9.317797
test,A5,17.782124,13.129541
test,A5,17.42592,14.19203
test,A5,17.156921,8.824362
test,A5,17.126,11.599031
test,A5,17.241,12.897734
test,A5,17.402,11.862316
test,A5,17.591,11.229294
test,A5,17.785,11.371096
test,A5,17.921,12.976334
test,A5,18.001,9.535019
test,A5,18.08198,8.315459
test,A5,18.16798,10.270157
test,A5,18.276,8.4628
test,A5,18.460905,9.208065
test,A5,18.661905,9.664103
test,A5,18.846,9.057007
test,A5,19.01,11.396492
test,A5,19.088,11.632472
test,A5,19.077,9.292534
test,A5,19.076,8.951376
test,A5,19.138,10.761434
test,A5,19.219,9.825655
test,A5,19.266945,10.8885355
test,A5,19.329945,10.2552395
test,A5,19.402,9.0807
test,A5,19.468,9.090118
test,A5,19.582,9.063697
test,A5,19.825,11.5060425
test,A5,20.181,13.754273
test,A5,20.48,13.144386
test,A5,20.849,9.60248
test,A5,21.166,6.944734
test,A5,21.357,9.413433
test,A5,21.45999,10.374533
test,A5,21.43899,10.809317
test,A5,21.446,10.719379
test,A5,21.507,7.9453135
test,A5,21.574,8.406454
test,A5,21.576,10.972788
test,A5,21.607,10.030607
test,A5,21.606,9.396262
test,A5,21.464,10.023058
test,A5,21.361,9.598078
test,A5,21.361,11.380211
test,A5,21.337,15.344907
test,A5,21.3,11.535832
test,A5,21.262,9.938785
test,A5,21.176,10.470802
test,A5,21.125,10.6525955
test,A5,21.157,10.51015
test,A5,21.2,7.6850395
test,A5,21.177,10.173613
test,A5,21.177,11.022183
test,A5,21.232,9.355259
test,A5,21.278,10.116308
test,A5,21.356976,10.911894
test,A5,21.38694,9.146389
test,A5,21.415966,8.679821
test,A5,21.507,10.830292
test,A5,21.537,13.247726
test,A5,21.553,11.33415
test,A5,21.572,9.750034
test,A5,21.52,12.121273
test,A5,21.535,10.677716
test,A5,21.594,7.9485226
test,A5,21.579,8.700668
test,A5,21.527,14.568492
test,A5,21.491,12.039568
test,A5,21.474,9.023835
test,A5,21.473,8.153683
test,A5,21.469,8.966761
test,A5,21.372,9.853987
test,A5,21.206,8.452205
test,A5,21.04,7.9681425
test,A5,20.885,8.530558
test,A5,20.707,8.68556
test,A5,20.531044,7.3604164
test,A5,20.407045,7.405792
test,A5,20.263,9.550511
test,A5,20.106,9.612448
test,A5,19.964,10.418734
test,A5,19.847,11.897701
test,A5,19.79,11.843075
test,A5,19.759,11.264717
test,A5,19.711,11.442184
test,A5,19.702,13.472123
test,A5,19.745,13.321756
test,A5,19.84,11.036345
test,A5,20.019085,11.794731
test,A5,20.214085,10.555481
test,A5,20.401,10.260711
test,A5,20.54204,11.707903
test,A5,20.64204,11.375444
test,A5,20.801,11.608776
test,A5,20.939,11.224073
test,A5,21.003,9.734246
test,A5,21.051,9.828023
test,A5,21.14,10.4643545
test,A5,21.26,9.326639
test,A5,21.343,8.099838
test,A5,21.356,8.8779955
test,A5,21.373,9.409608
test,A5,21.424,14.491734
test,A5,21.418,16.600187
test,A5,21.413,15.469034
test,A5,21.429,17.19832
test,A5,21.442,14.197317
test,A5,21.421,9.738713
test,A5,21.386,9.172921
test,A5,21.398,10.228592
test,A5,21.442,9.454644
test,A5,21.514,13.216082
test,A5,21.621,14.454641
test,A5,21.679,10.1523
test,A5,21.733,10.2944565
test,A5,21.689,8.6141205
test,A5,21.526058,7.1315947
test,A5,21.404058,9.510556
test,A5,21.132,9.910036
test,A5,20.855,7.6190963
test,A5,21.27,7.8536205
test,A5,21.7,9.726643
test,A5,21.548,9.739483
test,A5,21.409,9.832071
test,A5,21.368,12.005148
test,A5,21.388975,10.015303
test,A5,21.422976,8.694545
test,A5,21.407,8.286215
test,A5,21.38,8.350471
test,A5,21.399,7.8316097
test,A5,21.404,10.031664
test,A5,21.45003,10.813957
test,A5,21.47003,11.839832
test,A5,21.392,11.169366
test,A5,21.408,10.726215
test,A5,21.433,10.6333275
test,A5,21.373842,10.108272
test,A5,21.251842,8.383305
test,A5,21.299,10.459311
test,A5,21.459,10.900213
test,A5,21.472,8.977764
test,A5,21.455,8.478818
test,A5,21.441,10.122232
test,A5,21.488,10.949466
test,A5,21.596,9.550447
test,A5,21.653,10.537716
test,A5,21.605,11.073633
test,A5,21.515,13.5125065
test,A5,21.475,13.12622
test,A5,21.464,9.355796
test,A5,21.411,9.707644
test,A5,21.381,10.178448
test,A5,21.419,9.80353
test,A5,21.497,8.584123
test,A5,21.598,9.794236
test,A5,21.641,10.364252
test,A5,21.596,10.57529
test,A5,21.55,9.613843
test,A5,21.493,8.557316
test,A5,21.421,10.243365
test,A5,21.416,9.35377
test,A5,21.47,9.163748
test,A5,21.512,10.211641
test,A5,21.518,9.821974
test,A5,21.507,8.8118515
test,A5,21.48,8.32437
test,A5,21.419,7.3531027
test,A5,21.422,10.220924
test,A5,21.43596,13.060784
test,A5,21.37196,13.515099
test,A5,21.341,11.3307905
test,A5,21.35,10.144193
test,A5,21.372,12.422155
test,A5,21.375015,12.934051
test,A5,21.350016,13.092106
test,A5,21.325,10.338189
test,A5,21.303,10.315323
test,A5,21.298,11.444586
test,A5,21.315,12.25815
test,A5,21.34,11.045481
test,A5,21.362,13.029634
test,A5,21.366,11.285096
test,A5,21.353,8.582773
test,A5,21.362,8.451417
test,A5,21.341,10.988621
test,A5,21.305,12.342549
test,A5,21.315,8.916338
test,A5,21.367,9.188984
test,A5,21.42,9.640852
test,A5,21.443,12.2682
test,A5,21.447,15.061253
test,A5,21.41,10.013628
test,A5,21.395,8.721415
test,A5,21.417,12.523848
test,A5,21.424,13.388304
test,A5,21.422,11.56568
test,A5,21.427,9.826546
test,A5,21.405,11.250053
test,A5,21.368,12.038414
test,A5,21.382975,11.490063
test,A5,21.387976,11.607389
test,A5,21.361,10.253441
test,A5,21.374,11.166685
test,A5,21.425,11.133118
test,A5,21.499,8.28766
test,A5,21.559,9.534062
test,A5,21.567,12.083851
test,A5,21.522,12.87666
test,A5,21.458,9.198064
test,A5,21.401,9.812844
test,A5,21.364,9.996022
test,A5,21.367,11.428277
test,A5,21.406,14.86637
test,A5,21.462,10.344833
test,A5,21.515,9.467207
test,A5,21.537,11.562219
test,A5,21.549,10.167117
test,A5,21.555,10.38855
test,A5,21.5,8.85013
test,A5,21.435,6.598876
test,A5,21.421,6.854022
test,A5,21.45002,7.6320543
test,A5,21.46002,7.4011855
test,A5,21.411,7.8221087
test,A5,21.373,13.623546
test,A5,21.364996,12.964239
test,A5,21.370995,8.579237
test,A5,21.401,9.848207
test,A5,21.421,8.487896
test,A5,21.403,9.064393
test,A5,21.4,10.735525
test,A5,21.426975,8.817673
test,A5,21.45495,10.171298
test,A5,21.451965,9.766085
test,A5,21.43899,8.710738
test,A5,21.424,10.139549
test,A5,21.369,10.553832
test,A5,21.322,10.7403965
test,A5,21.313,10.822072
test,A5,21.337,9.685221
test,A5,21.394,8.931268
test,A5,21.431,9.844155
test,A5,21.432,10.169886
test,A5,21.405,8.905015
test,A5,21.341034,9.171479
test,A5,21.327034,9.386137
test,A5,21.345,10.29797
test,A5,21.397,13.578033
test,A5,21.448,12.643066
test,A5,21.467,8.603174
test,A5,21.490059,9.312413
test,A5,21.462059,10.026634
test,A5,21.432,8.78306
test,A5,21.451,10.02647
test,A5,21.493,10.568657
test,A5,21.479,10.0294
test,A5,21.467,12.300791
test,A5,21.52201,12.242932
test,A5,21.53801,12.637138
test,A5,21.47,11.395088
test,A5,21.358,10.785058
test,A5,21.186,10.781039
test,A5,20.968,9.317778
test,A5,20.76593,8.706164
test,A5,20.585085,6.2000694
test,A5,20.356243,7.407292
test,A5,20.127089,10.090178
test,A5,19.972,12.257631
test,A5,19.869,10.948943
test,A5,19.82,11.725925
test,A5,19.794,11.248843
test,A5,19.775,8.848587
test,A5,19.798029,8.367807
test,A5,19.812029,9.273567
test,A5,19.824,10.889037
test,A5,19.838,8.594275
test,A5,19.842,9.347674
test,A5,19.893,11.426487
test,A5,19.904,10.625482
test,A5,19.884,10.949379
test,A5,19.798,9.514371
test,A5,19.719,9.832172
test,A5,19.77,9.553706
test,A5,19.829,8.556806
test,A5,19.829,9.594347
test,A5,19.849,11.306299
test,A5,19.84315,9.758332
test,A5,19.731104,9.730946
test,A5,19.616955,10.402682
test,A5,19.485,8.723687
test,A5,19.211,9.533211
test,A5,19.053,9.970178
test,A5,18.903,9.952041
test,A5,18.631,9.187147
test,A5,18.524,10.887586
test,A5,18.471,10.895696
test,A5,18.417,10.058947
test,A5,18.327,10.728618
test,A5,18.26,12.256481
test,A5,18.317,12.522451
test,A5,18.53,12.255376
test,A5,18.777,13.607649
test,A5,18.707134,14.74953
test,A5,18.676134,12.174295
test,A5,18.855,11.816977
test,A5,18.934,14.091444
test,A5,19.01996,10.747097
test,A5,19.09296,10.760557
test,A5,19.267,11.111718
test,A5,19.462,12.012288
test,A5,19.656,15.724237
test,A5,20.057,13.319838
test,A5,20.282,8.524989
test,A5,20.267,7.6403723
test,A5,20.256,7.360452
test,A5,20.265,7.804368
test,A5,20.285,11.116162
test,A5,20.292,12.6974945
test,A5,20.325,10.741699
test,A5,20.348,7.964522
test,A5,20.367,7.8015976
test,A5,20.395,10.005051
test,A5,20.403,15.011074
test,A5,20.452,18.5513
test,A5,20.529005,12.183367
test,A5,20.558004,9.719188
test,A5,20.525,11.447828
test,A5,20.502,9.337683
test,A5,20.479,14.135273
test,A5,20.433,15.914475
test,A5,20.416,18.778078
test,A5,20.341,17.838255
test,A5,20.144,13.137699
test,A5,19.97,14.970427
test,A5,19.931,12.185156
test,A5,19.924,10.143164
test,A5,19.868,15.225344
test,A5,19.798,19.77754
test,A5,19.683,17.02097
test,A5,19.57,14.245327
test,A5,19.554,16.779596
test,A5,19.550905,16.31564
test,A5,19.489906,11.251147
test,A5,19.585,9.548612
test,A5,19.731,12.743727
test,A5,19.76,12.694033
test,A5,19.774,12.128892
test,A5,19.759,14.323397
test,A5,19.837,12.029708
test,A5,20.059,11.788246
test,A5,20.29903,12.608316
test,A5,20.39703,13.675287
test,A5,20.421,12.672392
test,A5,20.504,11.801866
test,A5,20.58,11.629076
test,A5,20.56,8.98489
test,A5,20.456,8.048584
test,A5,20.33805,10.1129265
test,A5,20.26205,13.131276
test,A5,20.346,12.8168955
test,A5,20.513,13.616545
test,A5,20.622,15.779017
test,A5,20.704,11.460207
test,A5,20.766,11.563039
test,A5,20.793,11.560444
test,A5,20.837,13.630177
test,A5,20.991,14.541439
test,A5,21.094,10.247123
test,A5,21.089,14.01869
test,A5,21.082,15.431954
test,A5,21.077,14.289776
test,A5,21.161,16.828709
test,A5,21.403,15.5575075
test,A5,21.437,15.622274
test,A5,21.281,12.118886
test,A5,21.269,11.254897
test,A5,21.29,10.803638
test,A5,21.31697,13.16326
test,A5,21.34497,12.214151
test,A5,21.339,9.563166
test,A5,21.305,10.0806465
test,A5,21.247,7.417986
test,A5,21.153,8.236353
test,A5,21.048,8.68991
test,A5,20.967,8.2009115
test,A5,20.891,7.6217966
test,A5,20.738,10.04333
test,A5,20.406,11.177296
test,A5,19.888,11.88217
test,A5,19.404816,11.599918
test,A5,19.071815,10.536724
test,A5,18.957932,8.241995
test,A5,19.072931,12.074799
test,A5,19.266,13.756832
test,A5,19.325,10.971861
test,A5,19.197,12.074475
test,A5,19.151,14.691354
test,A5,19.537,15.903494
test,A5,20.107,13.702736
test,A5,20.514,14.03801
test,A5,20.899,11.444899
test,A5,21.213,11.933852
test,A5,21.38197,12.112647
test,A5,21.455969,8.842141
test,A5,21.493,8.3029175
test,A5,21.562,7.572496
test,A5,21.626,8.749432
test,A5,21.591055,8.374721
test,A5,21.482056,11.100604
test,A5,21.299,10.161367
test,A5,21.045,9.499705
test,A5,20.80591,9.784487
test,A5,20.60691,12.679777
test,A5,20.395,14.00112
test,A5,20.204,14.2174225
test,A5,20.032845,13.224624
test,A5,19.807844,11.346432
test,A5,19.632,10.162358
test,A5,19.488,8.888116
test,A5,19.343,9.543161
test,A5,19.27,8.750748
test,A5,19.251,10.164046
test,A5,19.263,11.15266
test,A5,19.31395,10.719131
test,A5,19.41595,9.074918
test,A5,19.543,10.868703
test,A5,19.599213,12.320132
test,A5,19.491213,11.168833
test,A5,19.731,11.191484
test,A5,20.137,13.49368
test,A5,20.23,13.526189
test,A5,20.225,10.167606
test,A5,20.127,11.5207615
test,A5,20.158,10.056368
test,A5,20.213,10.560783
test,A5,20.013,11.250706
test,A5,19.794,13.242544
test,A5,19.748,11.858538
test,A5,19.726,10.5426035
test,A5,19.667,12.996721
test,A5,19.652,11.389463
test,A5,19.646,10.453712
test,A5,19.659,10.015652
test,A5,19.596,12.769527
test,A5,19.523,15.0746765
test,A5,19.536,16.991707
test,A5,19.543,15.491277
test,A5,19.559,10.677187
test,A5,19.568,12.359337
test,A5,19.522,15.812161
test,A5,19.43,14.954199
test,A5,19.345,15.246706
test,A5,19.32,16.824528
test,A5,19.296,17.201387
test,A5,19.283014,18.228823
test,A5,19.280016,15.864364
test,A5,19.208,15.42729
test,A5,19.164,17.651241
test,A5,19.169,15.754284
test,A5,19.115,11.5139675
test,A5,19.088,9.441307
test,A5,19.156,11.035481
test,A5,19.234,10.688797
test,A5,19.301,11.75161
test,A5,19.357,13.26313
test,A5,19.403,10.454821
test,A5,19.391,9.338714
test,A5,19.397,12.433956
test,A5,19.514,15.298981
test,A5,19.647,12.915077
test,A5,19.741,8.951723
test,A5,19.856,14.847317
test,A5,19.914,16.046255
test,A5,19.991,10.60596
test,A5,20.08,10.847875
test,A5,20.105,12.340603
test,A5,20.16,10.132982
test,A5,20.304,10.003454
test,A5,20.276955,10.169702
test,A5,20.071836,11.726512
test,A5,19.917881,18.758226
test,A5,19.832,17.972433
test,A5,19.847,10.370917
test,A5,19.902,11.215315
test,A5,20.046,12.022457
test,A5,20.229,13.327208
test,A5,20.421,15.775764
test,A5,20.577,16.932295
test,A5,20.622,13.196826
test,A5,20.608,13.755325
test,A5,20.591,10.992065
test,A5,20.547,10.145502
test,A5,20.516,13.090688
test,A5,20.519,12.413929
test,A5,20.521034,10.145723
test,A5,20.558035,10.910862
test,A5,20.619,13.499017
test,A5,20.686,11.195286
test,A5,20.858,13.069467
test,A5,21.082,16.603258
test,A5,21.22,11.41832
test,A5,21.272,7.0185404
test,A5,21.327,12.701529
test,A5,21.351,13.516426
test,A5,21.339,11.40881
test,A5,21.368,13.278954
test,A5,21.444,9.390335
test,A5,21.524,10.083261
test,A5,21.443,9.844114
test,A5,21.385,8.41684
test,A5,21.416,8.863006
test,A5,21.401,12.788453
test,A5,21.494,11.801602
test,A5,21.487,12.017063
test,A5,21.277,14.4124975
test,A5,21.124,12.050296
test,A5,21.141,13.568459
test,A5,21.235,16.311193
test,A5,21.265,21.313074
test,A5,21.215,18.72333
test,A5,21.182,15.809618
test,A5,21.234,14.803844
test,A5,21.312,13.221298
test,A5,21.164,15.841185
test,A5,20.816,13.424284
test,A5,20.693,9.445054
test,A5,20.977,11.8752775
test,A5,21.268,12.424158
test,A5,21.256,10.958682
test,A5,21.146,10.793596
test,A5,21.103064,10.586134
test,A5,21.172064,12.329441
test,A5,21.245,14.465084
test,A5,21.259,16.227665
test,A5,21.194,16.85452
test,A5,20.981,18.173002
test,A5,20.766,11.277267
test,A5,20.669,9.072451
test,A5,20.546,10.425758
test,A5,20.37397,11.5223675
test,A5,20.29997,16.273989
test,A5,20.231,17.599577
test,A5,20.091,13.551634
test,A5,19.966,13.608774
test,A5,19.852,12.038302
test,A5,19.864,9.439833
test,A5,19.845,8.197023
test,A5,19.664,14.365122
test,A5,19.434,17.033136
test,A5,19.129,15.32244
test,A5,19.002,13.077085
test,A5,19.166,11.346369
test,A5,19.217024,13.409245
test,A5,19.211025,17.14991
test,A5,19.475,16.414204
test,A5,19.847,15.024777
test,A5,20.084,14.406694
test,A5,20.225,11.968867
test,A5,20.351,12.217358
test,A5,20.47,11.813719
test,A5,20.507,16.099625
test,A5,20.43,19.37311
test,A5,20.531,16.524504
test,A5,20.7,12.576176
test,A5,20.719,13.155964
test,A5,20.714,13.80611
test,A5,20.711,12.076792
test,A5,20.715,12.360247
test,A5,20.719,15.254354
test,A5,20.748,16.247847
test,A5,20.827,15.167384
test,A5,20.936,13.80481
test,A5,20.932,17.901102
test,A5,20.847,19.017782
test,A5,20.586,12.259754
test,A5,20.423,9.89808
test,A5,20.559,10.28775
test,A5,20.558,8.090946
test,A5,20.453,9.467226
test,A5,20.319,10.945442
test,A5,20.424,8.685966
test,A5,20.612,9.450008
test,A5,20.609,13.885483
test,A5,20.73,14.133743
test,A5,20.71,10.924145
test,A5,20.543,16.181547
test,A5,20.51998,15.116238
test,A5,20.55998,11.9249115
test,A5,20.66,13.061099
test,A5,20.767,13.571602
test,A5,20.895,13.884769
test,A5,20.973,13.550213
test,A5,21.015,13.111159
test,A5,21.224,12.386816
test,A5,21.189,13.588636
test,A5,20.913,13.3379135
test,A5,20.983,9.120587
test,A5,21.08,11.10938
test,A5,20.792,14.22414
test,A5,20.49,13.074172
test,A5,20.353,13.480964
test,A5,20.28599,15.252182
test,A5,20.28399,13.572176
test,A5,20.248,12.674928
test,A5,20.178,13.096926
test,A5,20.071,10.864424
test,A5,19.98,9.506786
test,A5,19.910975,8.086618
test,A5,19.889925,8.448898
test,A5,19.96195,10.925724
test,A5,20.033,12.178883
test,A5,20.151,13.161299
test,A5,20.217,12.1971445
test,A5,20.055,12.2186
test,A5,20.062,9.881609
test,A5,20.281,11.416742
test,A5,20.422,12.922488
test,A5,20.486,12.373657
test,A5,20.442,13.344709
test,A5,20.296,12.424982
test,A5,20.137,15.842971
test,A5,20.011,14.917203
test,A5,19.844,11.717815
test,A5,19.705,10.659373
test,A5,19.64,10.553041
test,A5,19.634,13.2668295
test,A5,19.723,13.283859
test,A5,19.893,10.935793
test,A5,20.08,9.819479
test,A5,20.262,9.220032
test,A5,20.479,10.7729
test,A5,20.711,10.8692
test,A5,20.882,9.57547
test,A5,21.026,9.830333
test,A5,21.202,12.322397
test,A5,21.347,11.978928
test,A5,21.423,14.67366
test,A5,21.46,13.934472
test,A5,21.487,13.608459
test,A5,21.519,11.643251
test,A5,21.538,10.052597
test,A5,21.557024,14.089951
test,A5,21.585,16.473734
test,A5,21.572975,13.140173
test,A5,21.501,15.380401
test,A5,21.38,14.943797
test,A5,21.265034,11.174044
test,A5,21.186035,10.0053215
test,A5,21.095,12.265102
test,A5,21.031,13.148155
test,A5,21.005,13.338555
test,A5,20.95401,11.193504
test,A5,20.91601,8.622081
test,A5,20.957,10.7136
test,A5,21.047,13.927825
test,A5,21.168,16.744614
test,A5,21.331,17.063734
test,A5,21.47,12.737461
test,A5,21.532019,13.554003
test,A5,21.53602,12.808176
test,A5,21.517,9.750984
test,A5,21.499025,9.323359
test,A5,21.466024,12.1395
test,A5,21.424,13.642132
test,A5,21.399,14.713085
test,A5,21.39,15.080187
test,A5,21.36002,14.170804
test,A5,21.31702,11.038183
test,A5,21.32,9.602687
test,A5,21.395,8.2668915
test,A5,21.448,9.804786
test,A5,21.411,9.2788515
test,A5,21.38,9.085099
test,A5,21.409,8.750157
test,A5,21.446,8.820147
test,A5,21.451,8.92039
test,A5,21.455,8.713263
test,A5,21.451,9.602406
test,A5,21.434,10.861495
test,A5,21.428,11.984087
test,A5,21.419004,8.459656
test,A5,21.420006,9.092686
test,A5,21.443,9.368666
test,A5,21.451,7.8917785
test,A5,21.436,11.1328535
test,A5,21.436,10.720044
test,A5,21.407,10.900675
test,A5,21.357,11.174386
test,A5,21.386,11.17195
test,A5,21.475044,13.895959
test,A5,21.487045,12.093523
test,A5,21.454,9.442202
test,A5,21.451015,9.106024
test,A5,21.455015,14.010813
test,A5,21.455,18.207699
test,A5,21.455,10.527172
test,A5,21.449,10.546438
test,A5,21.421,12.18251
test,A5,21.41,9.16617
test,A5,21.428,12.73209
test,A5,21.416,11.919997
test,A5,21.399,8.493861
test,A5,21.389,9.566772
test,A5,21.36,10.278965
test,A5,21.341,10.632477
test,A5,21.352,10.508809
test,A5,21.382,9.395286
test,A5,21.401,8.144413
test,A5,21.448,9.623135
test,A5,21.444,13.514105
test,A5,21.378,12.471554
test,A5,21.37,15.790664
test,A5,21.345911,13.569712
test,A5,21.243912,9.770249
test,A5,21.217,7.9839606
test,A5,21.186,7.850218
test,A5,21.097,9.196972
test,A5,21.038,7.9123616
test,A5,21.009,8.817286
test,A5,21.005,9.850218
test,A5,21.01,8.8113165
test,A5,20.997,10.693129
test,A5,20.849,9.723223
test,A5,20.808,8.955925
test,A5,20.924,9.833794
test,A5,21.034,14.658905
test,A5,21.08,14.340427
test,A5,21.043,10.563996
test,A5,21.072,12.2861
test,A5,21.16,11.213022
test,A5,21.247,11.655099
test,A5,21.256,13.934162
test,A5,21.182,13.998045
test,A5,21.212,15.521984
test,A5,21.29405,11.771298
test,A5,21.26405,7.2814465
test,A5,21.246,9.439316
test,A5,21.28,10.468512
test,A5,21.322,10.360298
test,A5,21.313,11.449561
test,A5,21.223,9.890546
test,A5,21.118,9.267149
test,A5,21.038,8.779364
test,A5,20.97,7.48244
test,A5,20.887,8.106254
test,A5,20.887005,9.575736
test,A5,20.924006,10.647411
test,A5,20.871,10.438645
test,A5,20.821,12.913643
test,A5,20.727,11.783255
test,A5,20.582,8.74388
test,A5,20.641,8.166561
test,A5,20.758,10.847929
test,A5,20.71799,12.704636
test,A5,20.68099,12.405993
test,A5,20.717,13.2248125
test,A5,20.663,12.026159
test,A5,20.557085,11.620033
test,A5,20.488085,9.569283
test,A5,20.527,7.7599134
test,A5,20.647,11.560402
test,A5,20.702,15.796846
test,A5,20.736,12.577606
test,A5,20.762,7.9968767
test,A5,20.761,8.935248
test,A5,20.713,8.483253
test,A5,20.65196,9.327987
test,A5,20.601961,9.898054
test,A5,20.627035,7.638917
test,A5,20.708035,15.426723
test,A5,20.776049,17.673447
test,A5,20.85405,11.114412
test,A5,20.915,9.543205
test,A5,20.933,10.084784
test,A5,20.912,8.795914
test,A5,20.845,9.21393
test,A5,20.778,12.95664
test,A5,20.758,13.474075
test,A5,20.82,13.872213
test,A5,20.963,12.544519
test,A5,21.068,9.583892
test,A5,21.143,10.68068
test,A5,21.262,10.290791
test,A5,21.388,10.430489
test,A5,21.461,10.192099
test,A5,21.46399,11.572734
test,A5,21.45799,11.202057
test,A5,21.443,10.9265995
test,A5,21.409,11.982348
test,A5,21.385,11.587955
test,A5,21.395,12.65885
test,A5,21.438,13.221424
test,A5,21.441,11.269048
test,A5,21.4,11.101959
test,A5,21.378,12.479278
test,A5,21.364,11.056289
test,A5,21.335,10.366959
test,A5,21.307,13.488748
test,A5,21.269,17.356491
test,A5,21.25203,15.374259
test,A5,21.28802,8.640969
test,A5,21.32399,9.477405
test,A5,21.353941,12.734964
test,A5,21.41994,11.323986
test,A5,21.46,11.840742
test,A5,21.46,11.074141
test,A5,21.454,9.704182
test,A5,21.431,10.34827
test,A5,21.438,12.767611
test,A5,21.457,12.122419
test,A5,21.484,14.8905525
test,A5,21.474,13.989516
test,A5,21.453,12.957256
test,A5,21.455,11.473847
test,A5,21.406,10.703255
test,A5,21.37603,9.660219
test,A5,21.41797,10.276293
test,A5,21.495941,10.08369
test,A5,21.517,13.033367
test,A5,21.517,16.740076
test,A5,21.567,11.279206
test,A5,21.56,9.515244
test,A5,21.486,10.790445
test,A5,21.416,13.324202
test,A5,21.346,17.61506
test,A5,21.273,12.804767
test,A5,21.186966,11.053386
test,A5,21.109976,12.333012
test,A5,21.071114,11.5995455
test,A5,20.968103,12.760103
test,A5,20.863,13.2560215
test,A5,20.881,12.257692
test,A5,20.91,10.831082
test,A5,20.947,7.2633715
test,A5,21.02201,9.674179
test,A5,21.053009,13.745187
test,A5,21.064,11.197772
test,A5,21.063,9.630151
test,A5,21.089,7.994348
test,A5,21.154976,8.864395
test,A5,21.195974,12.120994
test,A5,21.201,11.397293
test,A5,21.213,7.7597103
test,A5,21.251,9.158966
test,A5,21.299,10.467712
test,A5,21.387,9.166687
test,A5,21.326,13.621239
test,A5,21.203,12.802254
test,A5,21.178,10.8751335
test,A5,21.193,11.090014
test,A5,21.193,9.984193
test,A5,21.143,10.2098465
test,A5,21.139006,10.877752
test,A5,21.144005,10.400742
test,A5,21.079,9.090981
test,A5,20.971,9.781939
test,A5,20.872,13.21012
test,A5,20.873,15.664597
test,A5,20.909,14.267802
test,A5,20.844,11.717943
test,A5,20.863,10.540423
test,A5,20.95404,12.713636
test,A5,20.947065,15.418168
test,A5,20.958025,14.00042
test,A5,21.082,12.860523
test,A5,21.22601,10.969892
test,A5,21.30101,11.208511
test,A5,21.357,16.739092
test,A5,21.417,15.350077
test,A5,21.47,10.579777
test,A5,21.498,11.7581625
test,A5,21.53,8.083906
test,A5,21.525,8.034621
test,A5,21.506,10.175533
test,A5,21.48,11.0876465
test,A5,21.331,9.806084
test,A5,21.224,10.921076
test,A5,21.269,10.308664
test,A5,21.296,8.234304
test,A5,21.262,10.04156
test,A5,21.273,9.770926
test,A5,21.289,10.841557
test,A5,21.324,13.078217
test,A5,21.416,11.937932
test,A5,21.482,9.533138
test,A5,21.491,10.719197
test,A5,21.51,9.524609
test,A5,21.562,7.8744974
test,A5,21.509,10.838869
test,A5,21.419,10.497547
test,A5,21.384,10.759137
test,A5,21.334995,12.550054
test,A5,21.319975,11.482527
test,A5,21.34598,11.026752
test,A5,21.367,11.612793
test,A5,21.343,11.742532
test,A5,21.290985,13.01742
test,A5,21.282986,14.102232
test,A5,21.306068,12.366636
test,A5,21.257069,13.006725
test,A5,21.225,12.642315
test,A5,21.306,10.084504
test,A5,21.272,13.356699
test,A5,21.059,13.044015
test,A5,20.746866,14.932123
test,A5,20.404083,15.606759
test,A5,20.032217,14.591508
test,A5,19.602,14.214026
test,A5,19.257,10.566486
test,A5,19.122,11.612387
test,A5,19.135,10.990288
test,A5,19.281,10.595081
test,A5,19.558,11.448817
test,A5,20.077,9.937225
test,A5,20.748,12.139929
test,A5,21.079,15.724146
test,A5,20.993664,16.730818
test,A5,20.558662,13.13135
test,A5,20.017,10.171181
test,A5,19.59,8.513378
test,A5,19.388,10.448454
test,A5,19.074,12.923503
test,A5,18.857,10.650274
test,A5,19.108,9.292477
test,A5,19.445,10.9399185
test,A5,19.913,10.547889
test,A5,20.543,10.908209
test,A5,21.06,11.84338
test,A5,21.244,9.98066
test,A5,21.263,11.05953
test,A5,21.28,12.612131
test,A5,21.301,11.232826
test,A5,21.302,10.055034
test,A5,21.296,15.809265
test,A5,21.329979,15.082828
test,A5,21.37798,12.19017
test,A5,21.411,13.79756
test,A5,21.411,13.3327
test,A5,21.394,12.481668
test,A5,21.388,11.193523
test,A5,21.381,13.334885
test,A5,21.389,17.03493
test,A5,21.421,11.5926075
test,A5,21.489,9.636238
test,A5,21.492994,14.790621
test,A5,21.440994,14.9048195
test,A5,21.422,9.567664
test,A5,21.417,12.617131
test,A5,21.455,12.900247
test,A5,21.512,10.008844
test,A5,21.584,10.740595
test,A5,21.582,8.795668
test,A5,21.495,8.983763
test,A5,21.432,13.321888
test,A5,21.419,12.027234
test,A5,21.40799,9.985882
test,A5,21.384954,10.776984
test,A5,21.419886,10.146416
test,A5,21.475922,11.126059
test,A5,21.453,13.693573
test,A5,21.417065,9.921282
test,A5,21.372065,11.79191
test,A5,21.328,13.610439
test,A5,21.379,13.724803
test,A5,21.46,13.823726
test,A5,21.478,15.363229
test,A5,21.471,14.661369
test,A5,21.478,11.383673
test,A5,21.499,13.915369
test,A5,21.546,14.22526
test,A5,21.588,12.31843
test,A5,21.577,11.604696
test,A5,21.565,11.526941
test,A5,21.56,11.603632
test,A5,21.551,11.685655
test,A5,21.60002,10.569007
test,A5,21.60602,10.2105
test,A5,21.508,12.420656
test,A5,21.32,12.227167
test,A5,21.249,9.187578
test,A5,21.297,9.990937
test,A5,21.365,11.38423
test,A5,21.458,10.742857
test,A5,21.507,10.372538
test,A5,21.485,8.994434
test,A5,21.454,8.2198105
test,A5,21.498,11.393147
test,A5,21.549093,10.327431
test,A5,21.681093,7.039882
test,A5,21.965881,7.828027
test,A5,22.302881,9.143093
test,A5,22.783802,10.543062
test,A5,23.273802,11.467683
test,A5,23.506,9.505296
test,A5,23.578,9.502026
test,A5,23.624956,12.8167095
test,A5,23.695955,15.604401
test,A5,23.742,12.85437
test,A5,23.746,12.409616
test,A5,23.723,11.860157
test,A5,23.681,15.388008
test,A5,23.61,16.370464
test,A5,23.544,12.131685
test,A5,23.524,11.955809
test,A5,23.543,8.4290285
test,A5,23.548,7.4531984
test,A5,23.533,10.014545
test,A5,23.616,9.380384
test,A5,23.746,9.162678
test,A5,23.754,10.863731
test,A5,23.689035,11.1882
test,A5,23.687035,10.547153
test,A5,23.691,9.062087
test,A5,23.685,9.272122
test,A5,23.72596,13.462708
test,A5,23.71796,13.180454
test,A5,23.669,10.6203785
test,A5,23.675,12.258316
test,A5,23.707,9.897491
test,A5,23.652,10.291664
test,A5,23.562946,9.854842
test,A5,23.587946,9.949106
test,A5,23.632,10.137514
test,A5,23.606,11.341032
test,A5,23.64,10.355129
test,A5,23.673,9.403978
test,A5,23.653,11.134291
test,A5,23.714,11.289746
test,A5,23.835,10.65471
test,A5,23.833971,10.428084
test,A5,23.73697,9.1574135
test,A5,23.679,10.462184
test,A5,23.655,10.422249
test,A5,23.664,10.8593855
test,A5,23.7,13.10108
test,A5,23.676,15.518062
test,A5,23.55,11.935221
test,A5,23.404,8.709039
test,A5,23.278,8.824736
test,A5,23.166,12.6418
test,A5,23.04407,17.876787
test,A5,22.90807,15.993075
test,A5,22.746,9.851264
test,A5,22.581,11.647541
test,A5,22.436,11.227516
test,A5,22.295,9.634124
test,A5,22.181,9.381734
test,A5,22.115,11.259902
test,A5,22.065,11.726256
test,A5,22.02,11.551627
test,A5,22.012,10.022549
test,A5,22.072,7.6497507
test,A5,22.135,7.8501463
test,A5,22.222,11.416977
test,A5,22.345,10.564896
test,A5,22.431,10.768742
test,A5,22.551,13.651427
test,A5,22.644,12.216419
test,A5,22.82,10.936026
test,A5,23.09196,11.541443
test,A5,23.22396,10.170725
test,A5,23.249,11.743353
test,A5,23.298,10.732178
test,A5,23.372,10.73802
test,A5,23.485,12.6985035
test,A5,23.598,9.267778
test,A5,23.645,10.457021
test,A5,23.62281,13.651123
test,A5,23.63381,13.758171
test,A5,23.699,11.688959
test,A5,23.643,13.410967
test,A5,23.591,14.581262
test,A5,23.579,13.197312
test,A5,23.605,12.645008
test,A5,23.629,9.132139
test,A5,23.545,10.054062
test,A5,23.448,10.24209
test,A5,23.354,9.611853
test,A5,23.218,10.413376
test,A5,23.048,9.274695
test,A5,22.83,9.1598625
test,A5,22.581,8.046038
test,A5,22.324,7.395228
test,A5,22.023901,6.761654
test,A5,21.758902,9.549808
test,A5,21.573,8.510279
test,A5,21.456,8.323494
test,A5,21.165,9.411465
test,A5,20.356,8.426576
test,A5,20.031,8.661222
test,A5,20.542,8.47699
test,A5,20.796,14.651682
test,A5,20.755,14.415758
test,A5,20.83,10.876982
test,A5,20.881,12.492042
test,A5,20.84796,11.238714
test,A5,20.85202,9.329823
test,A5,20.85306,9.750078
test,A5,21.03,12.051437
test,A5,21.228,14.116945
test,A5,21.34,11.561642
test,A5,21.534,9.554253
test,A5,21.692,7.513034
test,A5,21.803,8.220243
test,A5,21.92989,7.7732706
test,A5,22.10489,8.851161
test,A5,22.277,10.33173
test,A5,22.424,12.422894
test,A5,22.52,10.314933
test,A5,22.551,8.864646
test,A5,22.351,9.337133
test,A5,22.429,8.4627
test,A5,22.838,8.201164
test,A5,22.97,9.367749
test,A5,22.957,9.723753
test,A5,22.91,8.977907
test,A5,22.93,8.393926
test,A5,22.893,10.472277
test,A5,22.716,10.568094
test,A5,22.579,9.0496435
test,A5,22.464,9.852812
test,A5,22.309,10.344925
test,A5,22.146,10.526592
test,A5,21.966,8.66602
test,A5,21.855,9.678869
test,A5,21.755,9.319647
test,A5,21.556137,11.179971
test,A5,21.382137,10.756967
test,A5,21.274,14.9705925
test,A5,21.097,14.208958
test,A5,20.96,8.888206
test,A5,20.953,7.5539765
test,A5,21.027,9.628198
test,A5,21.12398,11.589342
test,A5,21.17498,9.075335
test,A5,21.245,7.6214933
test,A5,21.295,9.112244
test,A5,21.34,10.853609
test,A5,21.359,9.882141
test,A5,21.357,10.475916
test,A5,21.36797,8.697548
test,A5,21.37391,7.5552073
test,A5,21.349941,13.166903
test,A5,21.359,13.782343
test,A5,21.409,10.354193
test,A5,21.496,7.4497423
test,A5,21.627,7.612444
test,A5,21.645,8.725979
test,A5,21.6219,10.34211
test,A5,21.7159,14.9366045
test,A5,21.825,11.901806
test,A5,21.866,8.322842
test,A5,21.983,11.89515
test,A5,22.125,11.157265
test,A5,22.166,12.115908
test,A5,22.19,11.013224
test,A5,22.288,8.072263
test,A5,22.371,9.2508
test,A5,22.421,11.735895
test,A5,22.44,10.981307
test,A5,22.41,8.079768
test,A5,22.354,7.292798
test,A5,22.256,7.3376036
test,A5,22.081,8.455444
test,A5,21.904,8.847937
test,A5,21.81,10.333188
test,A5,21.764,10.031542
test,A5,21.745,8.342826
test,A5,21.793,7.471674
test,A5,21.915,9.246913
test,A5,21.944,12.506037
test,A5,21.889034,11.118868
test,A5,21.855034,7.964516
test,A5,21.907,10.259152
test,A5,21.952,10.880819
test,A5,21.93419,6.6666236
test,A5,21.905205,7.242923
test,A5,21.890985,8.79985
test,A5,21.93897,9.891644
test,A5,22.064,12.762856
test,A5,22.197,10.244258
test,A5,22.294,7.452442
test,A5,22.404,8.85689
test,A5,22.368,8.302977
test,A5,22.348,8.074956
test,A5,22.474,9.554844
test,A5,22.531,8.544965
test,A5,22.536,9.5942135
test,A5,22.521,9.99964
test,A5,22.399,9.69025
test,A5,22.214,10.950687
test,A5,22.237,9.936967
test,A5,22.337,7.810647
test,A5,22.294,7.6360016
test,A5,22.257,11.105498
test,A5,22.288,11.9222
test,A5,22.291,9.120325
test,A5,22.251,8.420019
test,A5,22.229,11.096209
test,A5,22.204,10.890318
test,A5,22.208,10.537896
test,A5,22.247,11.73056
test,A5,22.287,10.484841
test,A5,22.346,10.1758995
test,A5,22.385,9.852449
test,A5,22.328,12.242414
test,A5,22.132,11.475539
test,A5,21.928,9.934517
test,A5,21.873,8.022893
test,A5,21.824,9.407075
test,A5,21.716,15.73309
test,A5,21.587,21.118649
test,A5,21.436995,21.489206
test,A5,21.344995,22.527386
test,A5,21.253,22.181814
test,A5,21.211,17.13516
test,A5,21.245,10.400845
test,A5,21.301,11.47452
test,A5,21.373,11.490936
test,A5,21.430885,10.082194
test,A5,21.559885,12.404217
test,A5,21.721,16.411224
test,A5,21.998,13.856661
test,A5,22.108,12.969633
test,A5,22.012945,11.852919
test,A5,21.984945,8.974964
test,A5,21.977,9.447457
test,A5,21.877,7.715542
test,A5,21.585,8.343597
test,A5,21.579,10.058675
test,A5,21.92,8.933002
test,A5,22.086,8.680106
test,A5,22.008,12.333326
test,A5,21.915014,10.978664
test,A5,21.886015,10.57873
test,A5,21.831,9.215126
test,A5,21.74,8.426434
test,A5,21.654,10.3083935
test,A5,21.529,7.82251
test,A5,21.443,9.798127
test,A5,21.438,14.539434
test,A5,21.432,13.240198
test,A5,21.34,7.605397
test,A5,21.267,9.6849785
test,A5,21.296,10.619316
test,A5,21.309,7.3019023
test,A5,21.371,8.889287
test,A5,21.486,10.665403
test,A5,21.554,9.221472
test,A5,21.668,9.544991
test,A5,21.739,9.888811
test,A5,21.73802,8.262093
test,A5,21.746021,8.341595
test,A5,21.733,8.53932
test,A5,21.76,10.594124
test,A5,21.849,9.71423
test,A5,21.974049,14.254332
test,A5,22.01605,18.897497
test,A5,22.078,13.884437
test,A5,22.262,10.701243
test,A5,22.417,8.337145
test,A5,22.533,7.00574
test,A5,22.582867,7.2753096
test,A5,22.702866,8.373812
test,A5,22.937,8.401426
test,A5,23.143,8.85178
test,A5,23.317,7.302862
test,A5,23.424,8.689452
test,A5,23.523,10.9074135
test,A5,23.64,11.273408
test,A5,23.737,10.558632
test,A5,23.706,7.8873863
test,A5,23.633,7.969555
test,A5,23.648,11.659562
test,A5,23.66201,17.7169
test,A5,23.692009,19.850685
test,A5,23.756857,12.341563
test,A5,23.583858,11.181353
test,A5,23.246,9.891822
test,A5,23.04,8.446259
test,A5,22.888,8.642274
test,A5,22.756,12.491873
test,A5,22.764,10.494984
test,A5,22.841,7.7506485
test,A5,22.748,10.2883625
test,A5,22.642,9.797899
test,A5,22.463,12.4816
test,A5,22.356,11.34738
test,A5,22.319,8.93054
test,A5,22.146946,10.528742
test,A5,22.102945,9.64361
test,A5,22.032,10.646981
test,A5,21.944,7.5781283
test,A5,21.975,8.24425
test,A5,22.041,10.795406
test,A5,22.079,11.874958
test,A5,22.171,10.990158
test,A5,22.317,10.394486
test,A5,22.329094,9.844951
test,A5,22.360113,9.7238245
test,A5,22.42302,9.833552
test,A5,22.434,8.69143
test,A5,22.429,8.282581
test,A5,22.424,9.863098
test,A5,22.412,13.151221
test,A5,22.381,11.082987
test,A5,22.398,8.783095
test,A5,22.472,8.398651
test,A5,22.56801,10.176009
test,A5,22.59901,11.663921
test,A5,22.588,13.227106
test,A5,22.548,19.795797
test,A5,22.51,23.716578
test,A5,22.541,18.100805
test,A5,22.488,19.044878
test,A5,22.422,24.48823
test,A5,22.441,18.203066
test,A5,22.465,9.090606
test,A5,22.377861,8.218443
test,A5,22.369902,7.6382627
test,A5,22.464039,8.382706
test,A5,22.499,8.274482
test,A5,22.365,7.905522
test,A5,22.146,8.583107
test,A5,22.056,9.717845
test,A5,22.003,10.275028
test,A5,22.031,9.466263
test,A5,22.076,7.928583
test,A5,21.996,8.956191
test,A5,22.00198,11.108881
test,A5,22.08799,9.34227
test,A5,22.07101,8.334045
test,A5,22.029,9.335079
test,A5,22.028,10.195713
test,A5,22.149,9.1674385
test,A5,22.283,8.129546
test,A5,22.334,9.331779
test,A5,22.267,7.446128
test,A5,22.367,7.0998726
test,A5,22.464,8.8806305
test,A5,22.321,10.340248
test,A5,22.22792,8.639498
test,A5,22.155981,9.507675
test,A5,22.160019,12.472008
test,A5,22.25196,11.774937
test,A5,22.343193,11.527519
test,A5,22.574291,9.949303
test,A5,22.858099,9.179133
test,A5,23.055,9.353162
test,A5,23.071,11.073006
test,A5,23.086,9.362015
test,A5,23.229,7.0192533
test,A5,23.30802,8.117443
test,A5,23.32702,8.796381
test,A5,23.399,10.971818
test,A5,23.609,10.871748
test,A5,23.727,7.9467793
test,A5,23.654,10.520506
test,A5,23.664,10.383937
test,A5,23.698,10.11927
test,A5,23.6119,10.850624
test,A5,23.6329,8.976599
test,A5,23.69,8.137825
test,A5,23.716,11.879759
test,A5,23.739,11.607401
test,A5,23.734358,4.846837
test,A5,23.735876,4.8227987
test,A5,23.721518,5.0322175
test,A5,23.499773,5.172947
test,A5,23.026207,5.1020107
test,A5,23.100183,5.2499256
test,A5,23.55612,5.395025
test,A5,23.597391,5.1813345
test,A5,23.550041,5.055976
test,A5,23.613758,5.199524
test,A5,23.626253,6.02431
test,A5,23.607515,5.399409
test,A5,23.497524,4.9626684
test,A5,23.338776,5.074104
test,A5,23.2225,4.7748575
test,A5,23.1375,6.458311
test,A5,23.06127,7.2449603
test,A5,22.97,5.793235
test,A5,22.892494,5.689446
test,A5,22.818766,4.976231
test,A5,22.74875,5.377093
test,A5,22.723778,5.341012
test,A5,22.686277,4.6332316
test,A5,22.60997,4.5090446
test,A5,22.527454,4.785015
test,A5,22.459986,4.97462
test,A5,22.448713,4.8574924
test,A5,22.429962,6.0117226
test,A5,22.52625,6.4592505
test,A5,22.72625,6.001499
test,A5,22.90377,5.4649267
test,A5,23.03755,4.962385
test,A5,23.07996,4.502599
test,A5,23.082531,4.532818
test,A5,23.236376,5.2059083
test,A5,23.423775,5.4453945
test,A5,23.49125,4.936538
test,A5,23.541145,3.5725873
test,A5,23.607395,3.8012965
test,A5,23.705091,3.9562757
test,A5,23.847517,4.641043
test,A5,23.832426,5.0117817
test,A5,23.7125,4.994007
test,A5,23.688763,4.812076
test,A5,23.683746,4.4547963
test,A5,23.686262,4.9274755
test,A5,23.708778,4.5230923
test,A5,23.716263,5.8685064
test,A5,23.71001,6.2194014
test,A5,23.717497,4.7553577
test,A5,23.690002,5.1968107
test,A5,23.662476,5.440789
test,A5,23.604973,5.6856756
test,A5,23.54375,4.995355
test,A5,23.56125,4.680834
test,A5,23.63625,4.432421
test,A5,23.63125,4.939434
test,A5,23.490017,5.6527634
test,A5,23.426271,4.8533487
test,A5,23.475029,5.618594
test,A5,23.53002,6.344146
test,A5,23.566244,5.5826855
test,A5,23.58373,5.115737
test,A5,23.58501,5.553278
test,A5,23.61628,6.227803
test,A5,23.647463,5.496225
test,A5,23.587484,4.9159217
test,A5,23.567505,5.2077155
test,A5,23.567486,5.966837
test,A5,23.546253,5.9385395
test,A5,23.533718,5.72493
test,A5,23.482468,5.9789853
test,A5,23.511295,5.1964636
test,A5,23.62501,5.186698
test,A5,23.594965,5.998871
test,A5,23.448814,6.121711
test,A5,23.461435,5.758376
test,A5,23.61512,7.439515
test,A5,23.6575,6.874469
test,A5,23.6925,5.54198
test,A5,23.82125,5.679553
test,A5,23.805,6.2208924
test,A5,23.751255,6.9107537
test,A5,23.762495,6.359516
test,A5,23.696163,5.254063
test,A5,23.551174,6.2597265
test,A5,23.52375,7.7562523
test,A5,23.56878,6.804308
test,A5,23.59128,5.8517485
test,A5,23.623755,6.0050454
test,A5,23.608755,5.5715456
test,A5,23.577534,5.96479
test,A5,23.595034,6.0398235
test,A5,23.576166,6.807908
test,A5,23.348284,10.064893
test,A5,22.90837,9.777037
test,A5,22.41112,8.299833
test,A5,21.943619,8.805719
test,A5,21.5475,6.8256226
test,A5,21.36625,5.424
test,A5,21.451334,6.80039
test,A5,21.808834,6.5727673
test,A5,22.46125,5.238819
test,A5,23.0475,5.187722
test,A5,23.2325,5.1258607
test,A5,23.3175,5.257943
test,A5,23.45743,5.587476
test,A5,23.437384,6.0010185
test,A5,23.42496,5.990242
test,A5,23.503757,6.0241365
test,A5,23.536293,6.5236044
test,A5,23.615526,5.6719227
test,A5,23.644236,5.519221
test,A5,23.62,5.8799486
test,A5,23.63624,6.2180824
test,A5,23.64499,6.461755
test,A5,23.66875,5.799917
test,A5,23.691256,5.3718486
test,A5,23.670034,5.7711697
test,A5,23.62752,5.4510226
test,A5,23.59249,5.463672
test,A5,23.611258,4.974392
test,A5,23.645008,8.740347
test,A5,23.628725,9.88294
test,A5,23.571232,6.142671
test,A5,23.56003,5.296035
test,A5,23.611261,7.0573053
test,A5,23.622484,6.909436
test,A5,23.603758,6.841535
test,A5,23.623762,6.6477823
test,A5,23.649996,7.0040846
test,A5,23.650005,6.320613
test,A5,23.65876,5.3181973
test,A5,23.688745,5.541743
test,A5,23.70501,5.0544343
test,A5,23.727514,5.0502687
test,A5,23.7375,5.657873
test,A5,23.68875,6.4457026
test,A5,23.65625,6.9255
test,A5,23.66501,7.6572514
test,A5,23.683758,6.859087
test,A5,23.682474,7.1660295
test,A5,23.632477,7.481468
test,A5,23.59375,6.9027643
test,A5,23.577475,7.3807225
test,A5,23.53499,6.978064
test,A5,23.536264,6.735766
test,A5,23.58874,6.74786
test,A5,23.611273,7.3709383
test,A5,23.647533,6.8828807
test,A5,23.64625,6.5218964
test,A5,23.628757,7.1555524
test,A5,23.651272,6.8568625
test,A5,23.628765,5.246438
test,A5,23.61625,6.024686
test,A5,23.74625,8.457741
test,A5,24.028835,8.855107
test,A5,24.365086,8.189642
test,A5,24.69875,8.292913
test,A5,25.0125,8.511316
test,A5,25.32,7.686803
test,A5,25.592527,7.705426
test,A5,25.743778,8.199179
test,A5,25.77,7.14456
test,A5,25.79504,7.453533
test,A5,25.89129,7.6619105
test,A5,25.955,7.371841
test,A5,25.96125,7.454561
test,A5,25.965,7.482857
test,A5,25.915035,6.7283506
test,A5,25.918787,7.1349063
test,A5,25.967503,7.1176233
test,A5,25.94627,7.518679
test,A5,25.96002,8.193747
test,A5,25.98375,7.546469
test,A5,25.95875,6.6450534
test,A5,25.941252,8.393568
test,A5,25.943748,7.696269
test,A5,25.921213,4.738729
test,A5,25.833687,4.765299
test,A5,25.71372,6.026511
test,A5,25.627508,6.2814217
test,A5,25.597507,5.9080353
test,A5,25.545,7.1351395
test,A5,25.41625,6.995374
test,A5,25.266222,5.8419933
test,A5,25.123722,7.486852
test,A5,24.98252,7.8226495
test,A5,24.91252,7.6116705
test,A5,24.83125,7.9336843
test,A5,24.741245,6.7093143
test,A5,24.722485,7.3011694
test,A5,24.687475,7.8567953
test,A5,24.639986,5.7187405
test,A5,24.60249,6.4129066
test,A5,24.57374,6.723981
test,A5,24.55125,6.468541
test,A5,24.5275,8.273752
test,A5,24.46497,8.721346
test,A5,24.382471,7.3472047
test,A5,24.376268,6.8189106
test,A5,24.421268,7.331246
test,A5,24.400005,7.214215
test,A5,24.373755,7.0163245
test,A5,24.38625,7.59649
test,A5,24.39,7.5601254
test,A5,24.38625,6.479228
test,A5,24.36875,5.7338815
test,A5,24.35375,5.7460723
test,A5,24.37875,5.0995274
test,A5,24.42875,6.1734076
test,A5,24.4625,5.460967
test,A5,24.511063,5.537554
test,A5,24.602283,7.7037134
test,A5,24.628704,7.61069
test,A5,24.58372,6.4013147
test,A5,24.54499,5.7615366
test,A5,24.526243,5.202505
test,A5,24.510242,6.157886
test,A5,24.502254,6.506979
test,A5,24.509487,6.8267007
test,A5,24.493748,7.1503086
test,A5,24.50126,6.550985
test,A5,24.52875,7.1990266
test,A5,24.496252,8.755816
test,A5,24.443752,6.966627
test,A5,24.39375,6.4702005
test,A5,24.350044,6.3645606
test,A5,24.390045,6.141988
test,A5,24.47625,7.6857715
test,A5,24.515015,7.240569
test,A5,24.55634,6.8686304
test,A5,24.646324,9.202511
test,A5,24.6735,8.386084
test,A5,24.754717,7.1594496
test,A5,24.813717,8.751084
test,A5,24.79002,7.0740786
test,A5,24.75627,5.5826435
test,A5,24.5175,5.1080275
test,A5,24.4075,5.67933
test,A5,24.540047,7.377964
test,A5,24.660065,8.239016
test,A5,24.721317,6.9598155
test,A5,24.826363,5.99747
test,A5,24.960064,7.771453
test,A5,24.76125,8.44833
test,A5,24.42625,8.6871195
test,A5,24.27493,8.248476
test,A5,24.354956,8.1393
test,A5,24.528778,7.67196
test,A5,24.613758,7.055964
test,A5,24.668756,9.545561
test,A5,24.708727,8.907331
test,A5,24.679977,6.7289042
test,A5,24.605028,6.7414837
test,A5,24.598738,7.099973
test,A5,24.559961,6.2646685
test,A5,24.513777,7.0341654
test,A5,24.555,7.55117
test,A5,24.521181,7.34964
test,A5,24.42,7.88133
test,A5,24.438791,7.698225
test,A5,24.49875,6.365612
test,A5,24.521238,6.060167
test,A5,24.568768,6.158494
test,A5,24.62753,5.521392
test,A5,24.604828,5.789764
test,A5,24.34994,5.704282
test,A5,24.332611,6.163145
test,A5,24.565,6.5722075
test,A5,24.62253,7.251546
test,A5,24.68878,7.069719
test,A5,24.76125,6.632081
test,A5,24.67375,6.8440366
test,A5,24.525017,5.474406
test,A5,24.52005,6.143738
test,A5,24.618782,8.4825115
test,A5,24.698753,9.262529
test,A5,24.728752,8.486844
test,A5,24.73,7.9843826
test,A5,24.679985,6.441184
test,A5,24.636282,5.6498585
test,A5,24.728798,6.570489
test,A5,24.865,5.9757204
test,A5,24.8225,6.37171
test,A5,24.6175,7.723995
test,A5,24.536263,7.0777464
test,A5,24.583763,6.168204
test,A5,24.54745,6.487772
test,A5,24.4837,6.541196
test,A5,24.635,5.5678596
test,A5,24.75375,6.1047306
test,A5,24.599924,6.678581
test,A5,24.414925,5.939163
test,A5,24.42749,5.174576
test,A5,24.513758,5.8196855
test,A5,24.543768,5.4181585
test,A5,24.61501,5.544328
test,A5,24.67503,5.769415
test,A5,24.75006,5.9793987
test,A5,24.84754,6.021488
test,A5,24.835045,7.755426
test,A5,24.676231,9.403732
test,A5,24.493687,7.2862506
test,A5,24.44,8.237985
test,A5,24.47875,8.710032
test,A5,24.502478,6.5834045
test,A5,24.486233,5.7287674
test,A5,24.473778,6.846387
test,A5,24.528759,6.631821
test,A5,24.544985,5.377334
test,A5,24.466297,7.6991315
test,A5,24.47263,7.9600096
test,A5,24.518831,7.8402843
test,A5,24.49,7.828717
test,A5,24.45875,6.3648973
test,A5,24.45,6.7207
test,A5,24.4225,8.304882
test,A5,24.39627,10.480007
test,A5,24.43252,9.119225
test,A5,24.426226,6.7189674
test,A5,24.380224,6.5771055
test,A5,24.3715,6.095512
test,A5,24.38375,5.6794653
test,A5,24.397497,5.7236996
test,A5,24.401257,6.6124206
test,A5,24.390009,7.2335353
test,A5,24.4025,6.3996696
test,A5,24.44499,6.2332745
test,A5,24.453737,5.732521
test,A5,24.428747,5.4789143
test,A5,24.415,8.044103
test,A5,24.43375,13.079334
test,A5,24.44125,11.917559
test,A5,24.43375,10.767591
test,A5,24.45629,10.483609
test,A5,24.49629,8.069711
test,A5,24.51125,6.585599
test,A5,24.49,9.249452
test,A5,24.46625,10.062438
test,A5,24.502502,8.382748
test,A5,24.56502,7.627815
test,A5,24.602518,6.2337713
test,A5,24.6175,5.797753
test,A5,24.58374,5.5190506
test,A5,24.538727,5.8529296
test,A5,24.507738,6.6854134
test,A5,24.556515,7.2195067
test,A5,24.652515,5.902217
test,A5,24.719969,8.0667515
test,A5,24.713737,9.51057
test,A5,24.698757,7.5164895
test,A5,24.71249,6.2089615
test,A5,24.721237,6.2183285
test,A5,24.70997,7.5553617
test,A5,24.633686,8.376896
test,A5,24.506182,8.029557
test,A5,24.412477,7.278574
test,A5,24.46125,8.587794
test,A5,24.548752,10.459864
test,A5,24.592503,8.167918
test,A5,24.658754,7.594678
test,A5,24.725004,8.02889
test,A5,24.81,7.505633
test,A5,24.814985,6.733632
test,A5,24.75002,8.166237
test,A5,24.781284,8.087885
test,A5,24.75875,7.2672143
test,A5,24.663738,7.6065507
test,A5,24.601223,7.8049498
test,A5,24.553736,7.7418327
test,A5,24.53175,7.12549
test,A5,24.49425,7.4212146
test,A5,24.4265,7.1494155
test,A5,24.4265,6.247774
test,A5,24.394997,6.597845
test,A5,24.328777,7.7271338
test,A5,24.296268,6.698818
test,A5,24.236212,4.993355
test,A5,24.188725,4.6107054
test,A5,24.3075,5.7357287
test,A5,24.588886,7.18874
test,A5,24.540152,7.2029214
test,A5,24.361252,7.3018727
test,A5,24.365,7.578924
test,A5,24.371262,6.341295
test,A5,24.39875,6.2611938
test,A5,24.44125,5.6953726
test,A5,24.493757,6.2746754
test,A5,24.501257,6.5496182
test,A5,24.48383,6.4155197
test,A5,24.45883,7.279274
test,A5,24.44501,6.2555037
test,A5,24.468767,6.2205286
test,A5,24.50502,5.9393034
test,A5,24.542515,4.270318
test,A5,24.567503,4.546569
test,A5,24.575,5.269491
test,A5,24.5725,6.24295
test,A5,24.554983,7.2838497
test,A5,24.516232,6.440715
test,A5,24.488747,6.145925
test,A5,24.486252,6.07848
test,A5,24.492504,4.8624983
test,A5,24.50375,4.527104
test,A5,24.522507,5.687561
test,A5,24.601364,6.426814
test,A5,24.775106,6.0205884
test,A5,24.73125,5.3115406
test,A5,24.545002,5.2835536
test,A5,24.512487,5.3834777
test,A5,24.538734,5.866748
test,A5,24.67,6.139065
test,A5,24.71757,5.126601
test,A5,24.54004,5.2688684
test,A5,24.39372,6.261862
test,A5,24.416265,6.9782734
test,A5,24.446259,5.321788
test,A5,24.449993,7.3243575
test,A5,24.52,11.15929
test,A5,24.623692,11.032901
test,A5,24.767527,9.292642
test,A5,25.062748,8.653088
test,A5,25.604101,8.431255
test,A5,26.30519,8.258414
test,A5,26.918724,6.926095
test,A5,27.064974,6.015168
test,A5,26.716125,9.711289
test,A5,26.218626,11.142357
test,A5,25.71,8.537121
test,A5,25.20375,6.8426647
test,A5,24.75857,8.250508
test,A5,24.38982,8.077657
test,A5,24.08625,5.377288
test,A5,23.857483,5.2874155
test,A5,23.726212,5.561482
test,A5,23.644949,6.230262
test,A5,23.57,6.5871553
test,A5,23.588787,6.209712
test,A5,23.642494,5.83331
test,A5,23.641237,6.4710293
test,A5,23.68252,7.047682
test,A5,23.772545,5.5668325
test,A5,23.885025,5.475533
test,A5,24.00375,5.8481197
test,A5,23.862589,5.203479
test,A5,23.50597,5.986513
test,A5,23.107273,7.150445
test,A5,22.643696,6.3817368
test,A5,22.230984,5.7416873
test,A5,21.91618,4.910264
test,A5,21.6775,4.554248
test,A5,21.5,4.03417
test,A5,21.36873,4.466488
test,A5,21.25998,4.918803
test,A5,21.141232,5.8326735
test,A5,21.037464,6.8076143
test,A5,20.973732,5.6029797
test,A5,20.95625,6.140158
test,A5,21.035023,6.9104967
test,A5,21.136272,5.8596344
test,A5,21.173758,4.7358747
test,A5,21.150007,5.0804076
test,A5,20.993774,6.0602965
test,A5,20.822515,5.7334776
test,A5,20.757475,5.5614023
test,A5,20.712484,5.1232
test,A5,20.661192,5.9057574
test,A5,20.528622,6.2164545
test,A5,20.35618,5.65877
test,A5,20.21875,5.7773476
test,A5,20.07875,9.661968
test,A5,19.98125,12.722015
test,A5,19.9775,9.404898
test,A5,20.03012,6.9946356
test,A5,20.15637,8.670903
test,A5,20.282522,9.14365
test,A5,20.347525,6.838538
test,A5,20.368717,6.102297
test,A5,20.316668,5.672386
test,A5,20.376738,6.4462786
test,A5,20.481192,7.055853
test,A5,20.397503,5.381793
test,A5,20.467625,4.7106967
test,A5,20.637527,4.5265565
test,A5,20.5725,4.851855
test,A5,20.54375,6.989334
test,A5,20.53125,7.413091
test,A5,20.409952,7.686875
test,A5,20.362452,8.168011
test,A5,20.298931,6.5651484
test,A5,20.497711,5.8017583
test,A5,20.78751,5.3178234
test,A5,20.74994,4.336432
test,A5,20.652485,5.975707
test,A5,20.661274,8.910766
test,A5,20.750048,8.813397
test,A5,20.701298,7.576705
test,A5,20.586243,7.47009
test,A5,20.551243,8.9953165
test,A5,20.601208,8.751853
test,A5,20.677458,8.216467
test,A5,20.6112,9.018197
test,A5,20.588688,9.045891
test,A5,20.633738,8.780703
test,A5,20.598743,6.82089
test,A5,20.608763,9.52182
test,A5,20.671309,10.137829
test,A5,20.741148,6.220416
test,A5,20.672344,7.168816
test,A5,20.612516,7.897626
test,A5,20.71762,8.104487
test,A5,20.855095,7.972163
test,A5,20.932505,8.160083
test,A5,20.9625,8.246792
test,A5,21.051247,7.165434
test,A5,21.161247,6.7860117
test,A5,21.3175,7.0614195
test,A5,21.33499,6.5195065
test,A5,21.203697,6.3497915
test,A5,21.111193,6.9009686
test,A5,21.068735,7.1555243
test,A5,21.060007,9.106962
test,A5,21.067583,9.2052765
test,A5,21.146296,7.122828
test,A5,21.174974,6.994479
test,A5,21.155005,7.2840633
test,A5,21.13125,6.3783627
test,A5,21.093729,7.633687
test,A5,21.048729,7.9962573
test,A5,21.017492,6.5189195
test,A5,21.009918,8.287716
test,A5,20.953674,8.64328
test,A5,20.93125,8.239614
test,A5,20.96374,7.487806
test,A5,20.96001,9.393898
test,A5,20.96502,9.292374
test,A5,20.98,8.144163
test,A5,20.977495,8.336627
test,A5,20.957495,8.455147
test,A5,20.8975,8.104155
test,A5,20.823763,6.6795545
test,A5,20.795012,6.7324524
test,A5,20.76,8.074648
test,A5,20.755,7.9516277
test,A5,20.805,7.3587027
test,A5,20.88,7.979201
test,A5,20.899963,8.468464
test,A5,20.79995,8.626046
test,A5,20.732515,8.040545
test,A5,20.763767,8.597702
test,A5,20.77999,7.6864533
test,A5,20.7775,6.0578938
test,A5,20.911287,7.5807133
test,A5,21.08504,7.954239
test,A5,21.163752,8.144442
test,A5,21.20989,9.813802
test,A5,21.12864,10.9007225
test,A5,20.962523,10.432486
test,A5,20.937525,7.831834
test,A5,20.976252,7.0902333
test,A5,20.965,7.109952
test,A5,20.912516,7.2848215
test,A5,20.886242,7.135908
test,A5,20.871243,7.065451
test,A5,20.870016,6.514037
test,A5,20.88625,6.8884706
test,A5,20.835,6.1037064
test,A5,20.807493,6.5631886
test,A5,20.817492,7.4859514
test,A5,20.817472,8.583073
test,A5,20.776222,9.822792
test,A5,20.707485,10.284576
test,A5,20.659985,9.059411
test,A5,20.626247,7.4417124
test,A5,20.607485,8.844209
test,A5,20.583748,9.068026
test,A5,20.57376,6.861867
test,A5,20.54875,6.313322
test,A5,20.527485,9.31237
test,A5,20.503735,10.354555
test,A5,20.433725,7.5773497
test,A5,20.381226,6.7366276
test,A5,20.445,7.1035123
test,A5,20.543755,7.833975
test,A5,20.592505,7.119827
test,A5,20.696281,6.356887
test,A5,20.826283,6.906301
test,A5,20.93,9.8934
test,A5,21.06496,11.96969
test,A5,21.10499,11.02137
test,A5,21.10253,9.990875
test,A5,21.15005,11.139435
test,A5,21.19255,11.345289
test,A5,21.225,8.034891
test,A5,21.202496,7.559836
test,A5,21.14994,9.868286
test,A5,21.041212,9.47201
test,A5,21.000017,7.7680364
test,A5,21.067566,7.230641
test,A5,21.143814,6.671115
test,A5,21.151228,4.975676
test,A5,21.081223,4.8742423
test,A5,21.044994,5.1832504
test,A5,21.078773,5.6542263
test,A5,21.150023,6.0038614
test,A5,21.196245,6.2460136
test,A5,21.215065,6.0465345
test,A5,21.27382,5.7301693
test,A5,21.30375,6.8238134
test,A5,21.27375,6.381626
test,A5,21.31125,6.644601
test,A5,21.41375,8.672003
test,A5,21.492498,7.712966
test,A5,21.536247,6.5493984
test,A5,21.596146,8.091903
test,A5,21.578646,7.4110765
test,A5,21.573774,6.5944757
test,A5,21.6213,7.6296415
test,A5,21.615025,6.7127714
test,A5,21.530056,6.9351783
test,A5,21.541334,7.8833275
test,A5,21.661242,6.7245636
test,A5,21.642504,6.4296207
test,A5,21.626274,8.091329
test,A5,21.62994,7.7924705
test,A5,21.574957,9.666237
test,A5,21.534979,10.206865
test,A5,21.472477,6.5997043
test,A5,21.35875,7.483788
test,A5,21.32001,7.197757
test,A5,21.36503,6.5911026
test,A5,21.420021,5.9512873
test,A5,21.46506,6.1038446
test,A5,21.51506,7.234087
test,A5,21.52375,8.388445
test,A5,21.4837,8.38251
test,A5,21.377449,9.2033415
test,A5,21.246277,9.43011
test,A5,21.228699,8.571198
test,A5,21.17242,8.553702
test,A5,21.06125,7.4259644
test,A5,21.100065,7.3355675
test,A5,21.197517,6.403392
test,A5,21.15997,6.80669
test,A5,21.136267,6.562256
test,A5,21.18244,7.770295
test,A5,21.107471,8.147386
test,A5,21.07514,7.947606
test,A5,21.18136,7.171384
test,A5,21.160002,5.493447
test,A5,21.084997,8.276334
test,A5,21.108746,8.462168
test,A5,21.148638,7.1663985
test,A5,21.051138,8.97708
test,A5,21.0725,8.423357
test,A5,21.14625,8.112938
test,A5,21.0575,9.336613
test,A5,20.989998,9.262384
test,A5,20.929998,10.710394
test,A5,20.85,11.402839
test,A5,20.73,9.390263
test,A5,20.725069,8.435981
test,A5,20.871304,8.596915
test,A5,20.924984,7.5616436
test,A5,20.863811,6.28478
test,A5,20.960062,5.558895
test,A5,21.139982,6.8570924
test,A5,21.172476,7.495674
test,A5,21.153788,6.608058
test,A5,21.253838,5.6850514
test,A5,21.400043,5.8483295
test,A5,21.418709,6.5517654
test,A5,21.342459,6.0502386
test,A5,21.39755,5.629653
test,A5,21.55503,4.7182074
test,A5,21.587475,5.575594
test,A5,21.548742,6.0284157
test,A5,21.558748,5.6716356
test,A5,21.6,6.364974
test,A5,21.59249,6.314415
test,A5,21.563717,6.2960887
test,A5,21.538738,5.6907134
test,A5,21.508793,5.377496
test,A5,21.45005,6.2639427
test,A5,21.353817,6.4250336
test,A5,21.273792,5.259128
test,A5,21.206213,5.0137324
test,A5,21.133717,7.347266
test,A5,21.09248,6.811411
test,A5,21.119982,3.8928723
test,A5,21.14129,3.9839013
test,A5,21.16879,5.2023435
test,A5,21.20377,5.1521864
test,A5,21.236263,5.3308134
test,A5,21.269955,5.325031
test,A5,21.336212,4.615153
test,A5,21.41252,4.4345345
test,A5,21.44377,4.4179583
test,A5,21.420023,4.4288263
test,A5,21.411272,4.659526
test,A5,21.417484,4.9508476
test,A5,21.37499,5.363185
test,A5,21.35502,6.49706
test,A5,21.341248,7.049007
test,A5,21.366257,5.5231028
test,A5,21.415026,4.6993804
test,A5,21.32375,4.876465
test,A5,21.153725,4.770107
test,A5,21.036201,4.934271
test,A5,20.947477,5.806198
test,A5,20.902472,5.4351997
test,A5,20.782473,4.8595924
test,A5,20.276407,5.5260773
test,A5,20.13394,6.179388
test,A5,20.417505,5.8328204
test,A5,20.381222,5.946662
test,A5,20.235031,6.416998
test,A5,20.232475,7.579663
test,A5,20.398672,7.0439444
test,A5,20.541227,5.9276657
test,A5,20.63625,5.698827
test,A5,20.720068,5.8996286
test,A5,20.853807,5.467373
test,A5,20.958788,6.259933
test,A5,21.023767,6.452614
test,A5,21.04752,5.7389984
test,A5,21.04255,4.399519
test,A5,21.046263,4.748949
test,A5,21.051283,6.712044
test,A5,21.061172,6.310669
test,A5,20.909931,5.0245686
test,A5,20.805,5.6562347
test,A5,20.783707,7.082859
test,A5,20.663637,6.5223536
test,A5,20.43488,5.653126
test,A5,20.243727,4.496928
test,A5,20.182444,5.1074376
test,A5,20.049944,5.8761735
test,A5,19.891277,6.6996226
test,A5,19.847466,5.69065
test,A5,19.756187,4.695307
test,A5,19.619976,4.3477306
test,A5,19.53116,4.657688
test,A5,19.447472,4.926808
test,A5,19.445038,6.430971
test,A5,19.382484,6.7871428
test,A5,19.286236,5.085521
test,A5,19.29125,5.000043
test,A5,19.292503,6.717667
test,A5,19.281242,7.2684307
test,A5,19.23749,5.9068513
test,A5,19.111248,5.050598
test,A5,19.001204,4.5407696
test,A5,18.878706,4.3549175
test,A5,18.667385,4.7208357
test,A5,18.446095,6.23154
test,A5,18.238544,6.544526
test,A5,17.990995,5.9609075
test,A5,17.7223,5.4880714
test,A5,17.40614,6.642659
test,A5,17.12125,7.303894
test,A5,17.028778,5.637712
test,A5,17.078798,4.444128
test,A5,17.163778,5.5616264
test,A5,17.230093,6.02913
test,A5,17.335102,7.9539537
test,A5,17.453728,8.968149
test,A5,17.59746,8.1465225
test,A5,17.857601,6.4762096
test,A5,18.222706,6.9003563
test,A5,18.62644,8.296991
test,A5,18.975086,8.435174
test,A5,19.201189,6.8791623
test,A5,19.368683,5.103821
test,A5,19.448734,4.821783
test,A5,19.39874,5.4726553
test,A5,19.245068,5.836317
test,A5,19.001198,5.9876127
test,A5,18.76113,5.312611
test,A5,18.573795,5.0519547
test,A5,18.408758,4.8193927
test,A5,18.261213,5.958731
test,A5,18.17125,5.7849045
test,A5,18.105007,4.672657
test,A5,18.066257,5.7468004
test,A5,18.005045,6.376754
test,A5,17.85621,5.956127
test,A5,17.696135,5.271695
test,A5,17.59497,4.6740828
test,A5,17.516197,6.5045094
test,A5,17.357386,6.809461
test,A5,17.142391,5.814335
test,A5,16.96112,5.77453
test,A5,16.743666,5.95605
test,A5,16.55875,4.822939
test,A5,16.465,4.594243
test,A5,16.231138,4.571716
test,A5,15.8573885,4.4372306
test,A5,15.616275,3.96925
test,A5,15.568708,4.0919333
test,A5,15.481203,4.809182
test,A5,15.43252,5.1154613
test,A5,15.525025,5.0235834
test,A5,15.622545,3.9661653
test,A5,15.730081,6.0545716
test,A5,15.91131,6.859222
test,A5,16.161322,5.8846874
test,A5,16.39382,4.9862146
test,A5,16.53125,4.6167893
test,A5,16.734886,5.0904446
test,A5,17.10369,5.207667
test,A5,17.411364,5.4867563
test,A5,17.652645,8.041462
test,A5,17.925085,8.27567
test,A5,18.155106,5.543461
test,A5,18.415106,4.663562
test,A5,18.64755,4.5227385
test,A5,18.772526,5.3158474
test,A5,18.807474,4.9489255
test,A5,18.791288,3.7616851
test,A5,18.733738,4.718211
test,A5,18.59739,4.7697163
test,A5,18.392345,5.370208
test,A5,18.074831,5.538891
test,A5,17.746101,5.467559
test,A5,17.458616,5.676035
test,A5,17.19501,5.556898
test,A5,16.93495,5.6454287
test,A5,16.68863,4.356028
test,A5,16.465,5.522109
test,A5,16.207504,6.1777067
test,A5,16.033754,4.2160835
test,A5,15.9012375,3.7178106
test,A5,15.787505,6.124113
test,A5,15.830018,6.8133936
test,A5,15.9925,5.4045677
test,A5,16.222553,4.956125
test,A5,16.460052,5.5225887
test,A5,16.73608,7.5419116
test,A5,17.08108,7.3832855
test,A5,17.4688,5.570669
test,A5,17.798906,4.8001676
test,A5,18.068857,5.2483516
test,A5,18.208866,5.6445227
test,A5,18.471542,5.863209
test,A5,19.053926,6.3643646
test,A5,19.56,6.785828
test,A5,19.81375,7.1758833
test,A5,19.94125,7.3496
test,A5,20.1025,5.9464583
test,A5,20.23,6.1273155
test,A5,20.30625,5.515424
test,A5,20.37741,4.9172816
test,A5,20.249851,5.837479
test,A5,20.03494,5.684626
test,A5,19.88495,5.686869
test,A5,19.712425,5.4741488
test,A5,19.606262,6.4423733
test,A5,19.663788,5.377736
test,A5,19.82,5.4498844
test,A5,19.985,5.326519
test,A5,20.167454,3.8389895
test,A5,20.33371,5.9263105
test,A5,20.41377,6.904293
test,A5,20.478828,5.3399806
test,A5,20.621304,5.665722
test,A5,20.70374,7.53242
test,A5,20.73125,9.999702
test,A5,20.79875,9.709234
test,A5,20.8537,7.754843
test,A5,20.8412,6.869009
test,A5,20.81875,8.551885
test,A5,20.85004,8.956282
test,A5,20.916262,6.5443916
test,A5,20.866222,9.177511
test,A5,20.563667,8.527922
test,A5,20.151333,6.7770443
test,A5,19.678879,6.730037
test,A5,19.311213,5.433894
test,A5,19.02625,5.481935
test,A5,18.639774,5.3984466
test,A5,18.236025,5.23068
test,A5,17.89985,6.3927407
test,A5,17.604755,6.1193914
test,A5,17.286123,6.920818
test,A5,17.051218,6.6255174
test,A5,16.848661,5.392042
test,A5,16.632412,5.396389
test,A5,16.680027,5.984626
test,A5,16.912527,6.5902214
test,A5,17.248909,5.5797763
test,A5,17.779104,6.3535404
test,A5,18.271444,7.215928
test,A5,18.65875,5.005568
test,A5,18.859966,5.7368584
test,A5,18.7949,8.828373
test,A5,18.617445,8.670853
test,A5,18.558798,6.2987604
test,A5,18.65004,5.882801
test,A5,18.726282,8.926696
test,A5,18.797564,9.987588
test,A5,18.893826,7.1078496
test,A5,19.08629,7.030515
test,A5,19.5175,6.29546
test,A5,19.895027,6.242695
test,A5,20.021278,6.9089537
test,A5,20.04875,8.444008
test,A5,20.122562,8.431263
test,A5,20.311314,7.5740647
test,A5,20.523867,6.514903
test,A5,20.806366,6.0527053
test,A5,21.00875,6.21789
test,A5,21.108805,7.4344683
test,A5,21.272564,7.0016146
test,A5,21.38002,5.8182783
test,A5,21.414263,5.974636
test,A5,21.419281,6.110404
test,A5,21.40378,6.1325884
test,A5,21.42375,6.482831
test,A5,21.44499,8.090233
test,A5,21.403698,8.945437
test,A5,21.31498,7.667103
test,A5,21.287487,8.035503
test,A5,21.304964,8.504045
test,A5,21.360012,6.7494116
test,A5,21.453787,5.9096556
test,A5,21.505026,7.778363
test,A5,21.4925,9.982201
test,A5,21.52875,8.753641
test,A5,21.61375,7.1251745
test,A5,21.608732,7.158408
test,A5,21.616232,5.806295
test,A5,21.642479,8.390937
test,A5,21.563545,10.942103
test,A5,21.348564,11.254142
test,A5,21.258846,10.48531
test,A5,21.462597,6.7423735
test,A5,21.672558,6.2690105
test,A5,21.736307,7.2469616
test,A5,21.53875,5.531319
test,A5,21.415,5.3546395
test,A5,21.515,5.233718
test,A5,21.5388,5.302411
test,A5,21.5038,6.071612
test,A5,21.45625,6.48724
test,A5,21.4675,5.964814
test,A5,21.486237,5.841102
test,A5,21.466238,5.554257
test,A5,21.4325,4.698754
test,A5,21.375,5.8224916
test,A5,21.211191,6.0709314
test,A5,20.958786,5.698723
test,A5,20.641178,5.892021
test,A5,20.305975,6.4717364
test,A5,20.01864,6.3127413
test,A5,19.67875,5.4970055
test,A5,19.32375,4.6995544
test,A5,19.087528,4.741735
test,A5,18.948753,5.33641
test,A5,18.854969,5.420117
test,A5,18.816263,4.766344
test,A5,18.851267,8.501395
test,A5,18.925,9.876059
test,A5,19.05,8.121357
test,A5,19.262383,6.6864557
test,A5,19.509823,4.9584126
test,A5,19.747496,5.613315
test,A5,19.97001,6.480288
test,A5,20.152456,6.1730623
test,A5,20.27875,5.6578183
test,A5,20.412558,5.394108
test,A5,20.610111,5.2970867
test,A5,20.813828,5.8080034
test,A5,20.968828,5.16975
test,A5,21.112803,5.5938835
test,A5,21.184,5.3318152
test,A5,21.128775,6.365976
test,A5,21.100025,7.0554047
test,A5,21.10625,6.950163
test,A5,21.06875,6.905282
test,A5,21.00119,6.658857
test,A5,20.86244,5.9619637
test,A5,20.725,5.3582773
test,A5,20.623734,6.0412216
test,A5,20.542482,7.949046
test,A5,20.5125,6.5599575
test,A5,20.4025,5.294416
test,A5,20.26626,10.84098
test,A5,20.23251,16.884808
test,A5,20.19,15.418896
test,A5,20.11375,9.253496
test,A5,20.059992,5.463869
test,A5,20.051249,5.5020256
test,A5,20.069996,5.8891115
test,A5,20.06624,5.6248198
test,A5,20.06,5.1352334
test,A5,20.069977,5.322152
test,A5,20.01492,5.1405063
test,A5,19.85993,4.309754
test,A5,19.743729,4.644782
test,A5,19.72749,5.7498994
test,A5,19.784966,5.7596903
test,A5,19.778715,6.066361
test,A5,19.695,5.413299
test,A5,19.604973,4.3807435
test,A5,19.492472,5.092498
test,A5,19.412493,7.1563845
test,A5,19.338676,9.374961
test,A5,19.172434,8.749054
test,A5,18.97575,6.6038046
test,A5,18.8845,6.6648808
test,A5,18.8375,5.642893
test,A5,18.889963,5.2916927
test,A5,18.948713,6.1283045
test,A5,19.046297,6.688616
test,A5,19.282635,7.759523
test,A5,19.547586,5.8722124
test,A5,19.75875,5.370346
test,A5,19.812456,6.6186175
test,A5,19.72493,6.7240944
test,A5,19.60497,7.140783
test,A5,19.561253,6.368556
test,A5,19.560007,5.054553
test,A5,19.52119,5.635666
test,A5,19.46994,5.734787
test,A5,19.553728,6.815696
test,A5,19.582415,6.496479
test,A5,19.447437,4.950782
test,A5,19.452507,5.2286334
test,A5,19.560007,6.4488845
test,A5,19.698835,5.929674
test,A5,19.953836,5.8856792
test,A5,20.211342,7.0760584
test,A5,20.470121,6.550383
test,A5,20.67753,5.462291
test,A5,20.800056,5.6908445
test,A5,20.983805,5.673194
test,A5,21.17,5.748519
test,A5,21.15375,8.302788
test,A5,21.178705,7.5087404
test,A5,21.218704,6.540275
test,A5,21.036268,6.583684
test,A5,20.893768,6.152471
test,A5,20.858753,5.7035522
test,A5,20.861252,5.7759104
test,A5,20.95375,6.6615086
test,A5,21.20625,6.402331
test,A5,21.270016,6.1189103
test,A5,21.193752,5.40597
test,A5,21.256237,9.1768
test,A5,21.33125,10.144355
test,A5,21.367512,6.20294
test,A5,21.379753,6.515375
test,A5,21.39349,6.431811
test,A5,21.414942,6.147622
test,A5,21.461191,5.9936094
test,A5,21.45125,6.4812126
test,A5,21.40249,7.312766
test,A5,21.38124,5.982814
test,A5,21.378729,5.639112
test,A5,21.356243,5.4092603
test,A5,21.356253,5.42465
test,A5,21.32874,5.5855503
test,A5,21.135,6.1602864
test,A5,21.16,5.6913195
test,A5,21.322504,7.028293
test,A5,21.328815,7.086034
test,A5,21.37631,5.6714487
test,A5,21.390007,5.8882246
test,A5,21.368738,5.9568996
test,A5,21.351254,5.105816
test,A5,21.356253,5.2785306
test,A5,21.363674,7.776456
test,A5,21.394932,7.140193
test,A5,21.472486,5.755303
test,A5,21.519936,4.9327602
test,A5,21.48495,4.568408
test,A5,21.435043,4.1023874
test,A5,21.475027,5.0217485
test,A5,21.48875,6.7481117
test,A5,21.43625,6.3126373
test,A5,21.42622,6.30424
test,A5,21.40744,7.165783
test,A5,21.351326,6.5549946
test,A5,21.40384,6.249382
test,A5,21.452484,6.7167253
test,A5,21.428745,6.806954
test,A5,21.423744,6.0696874
test,A5,21.411215,6.330824
test,A5,21.383715,7.632368
test,A5,21.389996,8.2655945
test,A5,21.425,7.9505486
test,A5,21.448755,6.9425726
test,A5,21.46125,6.010985
test,A5,21.41,7.327592
test,A5,21.39875,7.0104103
test,A5,21.45622,6.1698394
test,A5,21.456228,6.3555574
test,A5,21.450008,6.71377
test,A5,21.465,7.4261055
test,A5,21.46375,6.7174835
test,A5,21.46,5.8078575
test,A5,21.473778,6.392526
test,A5,21.561344,7.766178
test,A5,21.693737,6.224967
test,A5,21.721003,4.799456
test,A5,21.951082,6.8469033
test,A5,22.22875,9.049004
test,A5,22.216166,9.556097
test,A5,22.112392,7.8501797
test,A5,22.001217,7.080996
test,A5,21.96247,7.1406946
test,A5,21.96998,6.200417
test,A5,21.963745,6.1571703
test,A5,21.921246,6.1041327
test,A5,21.826248,4.9169016
test,A5,21.748747,6.510562
test,A5,21.68993,7.880826
test,A5,21.527414,7.1975174
test,A5,21.381235,6.2626305
test,A5,21.2975,5.6985035
test,A5,21.17625,6.5086794
test,A5,21.02247,7.492727
test,A5,20.881191,6.199505
test,A5,20.773722,4.9554853
test,A5,20.67875,6.707752
test,A5,20.54121,6.4718347
test,A5,20.359959,6.6613345
test,A5,20.186262,7.1911306
test,A5,20.088762,6.432558
test,A5,19.96125,5.8601856
test,A5,19.78372,6.3845997
test,A5,19.66996,5.8626456
test,A5,19.59497,6.768898
test,A5,19.52241,6.370717
test,A5,19.41618,5.5593634
test,A5,19.331234,5.439373
test,A5,19.291252,7.229765
test,A5,19.31003,6.728985
test,A5,19.396402,6.0443516
test,A5,19.57514,6.6471653
test,A5,19.785051,4.574
test,A5,19.9638,5.3175178
test,A5,20.13,6.0602922
test,A5,20.2763,5.6541996
test,A5,20.442585,5.718008
test,A5,20.592556,5.896086
test,A5,20.696333,6.194516
test,A5,20.837563,6.6274734
test,A5,20.940008,7.5049105
test,A5,20.97504,5.8115726
test,A5,21.058783,5.1836596
test,A5,21.131226,5.776723
test,A5,21.147474,5.5436726
test,A5,21.187468,5.097941
test,A5,21.172468,5.2218437
test,A5,21.0925,7.708679
test,A5,21.046246,8.595919
test,A5,21.01624,6.8212333
test,A5,21.00751,5.816336
test,A5,21.03124,6.3394136
test,A5,21.108757,7.807889
test,A5,21.207525,6.036182
test,A5,21.237494,4.917167
test,A5,21.215015,5.4942017
test,A5,21.22504,5.4680347
test,A5,21.263775,5.37811
test,A5,21.276217,7.4753656
test,A5,21.261387,6.9119606
test,A5,21.378904,4.938254
test,A5,21.484997,4.7987022
test,A5,21.455025,5.6268415
test,A5,21.456263,5.6406384
test,A5,21.46125,5.715081
test,A5,21.47125,6.4016685
test,A5,21.497484,6.232422
test,A5,21.537504,5.9460526
test,A5,21.582485,6.098333
test,A5,21.542465,6.34632
test,A5,21.47998,7.3046055
test,A5,21.428707,7.703597
test,A5,21.347477,6.5816607
test,A5,21.27375,6.38581
test,A5,21.1875,8.610612
test,A5,21.11875,9.255916
test,A5,21.135,6.110235
test,A5,21.21376,6.262347
test,A5,21.28499,8.651927
test,A5,21.353758,7.7258196
test,A5,21.436277,6.558998
test,A5,21.45875,6.2991686
test,A5,21.422525,5.44413
test,A5,21.417524,6.388588
test,A5,21.42374,7.216317
test,A5,21.42374,7.9266634
test,A5,21.45,8.954605
test,A5,21.527462,7.6371603
test,A5,21.661247,8.553952
test,A5,21.803785,8.240663
test,A5,21.930017,6.0738263
test,A5,22.022518,6.552712
test,A5,22.086254,5.8611946
test,A5,22.118748,5.302577
test,A5,22.124992,4.377474
test,A5,22.1725,5.096497
test,A5,22.22125,5.7271976
test,A5,22.2,5.259037
test,A5,22.171265,5.7969747
test,A5,22.168764,5.251185
test,A5,22.14501,5.2852964
test,A5,22.133757,6.106575
test,A5,22.13999,5.5979495
test,A5,22.121243,4.83667
test,A5,22.103737,4.5559673
test,A5,22.079987,5.3464403
test,A5,22.06,5.655292
test,A5,22.03875,6.1570253
test,A5,22.01125,7.0289373
test,A5,21.949947,6.0550404
test,A5,21.816193,5.409981
test,A5,21.713717,5.322336
test,A5,21.633722,4.14196
test,A5,21.51005,3.8603895
test,A5,21.382498,5.759489
test,A5,21.2412,6.5413904
test,A5,21.149996,6.007207
test,A5,21.127495,5.240209
test,A5,21.092487,5.844635
test,A5,21.038738,6.1536846
test,A5,20.98502,5.9606266
test,A5,20.968782,6.1243296
test,A5,20.944984,7.2424126
test,A5,20.871222,5.874585
test,A5,20.862566,5.0929585
test,A5,20.97503,5.8947277
test,A5,21.026215,6.948928
test,A5,21.092594,6.5656395
test,A5,21.280138,6.3948517
test,A5,21.437544,6.286668
test,A5,21.51623,7.423211
test,A5,21.58873,7.009221
test,A5,21.748781,6.0421915
test,A5,21.91253,5.3542657
test,A5,22.0425,5.652158
test,A5,22.161263,6.8534594
test,A5,22.236252,6.716512
test,A5,22.271233,5.6597624
test,A5,22.269993,5.3338795
test,A5,22.255,6.833912
test,A5,22.254997,5.840831
test,A5,22.253748,4.320671
test,A5,22.23998,5.0366893
test,A5,22.18495,8.273633
test,A5,22.153837,7.5293784
test,A5,22.326332,5.1169806
test,A5,22.442505,5.7099075
test,A5,22.43004,6.219172
test,A5,22.457495,7.2250013
test,A5,22.448748,5.771441
test,A5,22.445,9.094519
test,A5,22.424997,9.347642
test,A5,22.35625,8.133527
test,A5,22.33499,7.4163723
test,A5,22.352505,6.534641
test,A5,22.356266,6.8310237
test,A5,22.321224,6.1160564
test,A5,22.237474,7.433132
test,A5,22.208767,6.836136
test,A5,22.260017,5.500164
test,A5,22.309835,5.993097
test,A5,22.173586,7.8148785
test,A5,21.97,9.117483
test,A5,21.863447,10.550953
test,A5,21.800953,9.207262
test,A5,21.767506,7.2615757
test,A5,21.725,7.3741045
test,A5,21.7375,7.3360095
test,A5,21.901367,6.393582
test,A5,22.286533,7.4268312
test,A5,22.880167,7.1096687
test,A5,23.59375,6.300535
test,A5,24.40625,6.335392
test,A5,25.11504,6.9145203
test,A5,25.46507,6.7901325
test,A5,25.592531,6.243347
test,A5,25.676285,6.4060717
test,A5,25.743805,6.8524413
test,A5,25.81377,6.96511
test,A5,25.87375,6.7488832
test,A5,25.945,5.6802454
test,A5,25.998768,5.922761
test,A5,26.040018,7.692708
test,A5,26.09625,7.4128733
test,A5,26.143768,5.6371727
test,A5,26.181242,6.286868
test,A5,26.146225,6.0095463
test,A5,26.056234,4.68858
test,A5,25.98621,5.8118353
test,A5,25.942482,7.0652704
test,A5,25.935,6.1994214
test,A5,25.92999,8.177866
test,A5,25.913748,8.430769
test,A5,25.89745,5.8534865
test,A5,25.851215,5.146208
test,A5,25.83127,6.8683267
test,A5,25.836254,6.9545984
test,A5,25.78375,5.436089
test,A5,25.762486,5.607929
test,A5,25.80499,4.9020147
test,A5,25.820005,6.424473
test,A5,25.823753,8.440514
test,A5,25.837502,6.880742
test,A5,25.852526,5.9895573
test,A5,25.890024,7.57084
test,A5,25.94125,8.505127
test,A5,25.965,7.431036
test,A5,25.96125,5.747348
test,A5,25.88877,5.153967
test,A5,25.82877,5.951208
test,A5,25.74875,7.2635922
test,A5,25.600029,7.118953
test,A5,25.58378,6.0239973
test,A5,25.59375,6.1039977
test,A5,25.44625,6.830143
test,A5,25.228683,5.468831
test,A5,25.007435,4.696455
test,A5,24.804949,5.1973147
test,A5,24.644949,5.988594
test,A5,24.561232,6.146608
test,A5,24.489908,7.030433
test,A5,24.322433,6.2964478
test,A5,24.221243,5.4717207
test,A5,24.208748,5.2976
test,A5,24.206253,5.0816813
test,A5,24.19874,6.0556026
test,A5,24.1675,6.864027
test,A5,24.192535,5.749241
test,A5,24.267534,5.908619
test,A5,24.36,7.4709873
test,A5,24.463715,6.752786
test,A5,24.569965,5.236238
test,A5,24.610046,7.5939355
test,A5,24.533796,8.319906
test,A5,24.532581,6.7463946
test,A5,24.702526,6.0336313
test,A5,24.767433,5.486268
test,A5,24.699987,4.9219856
test,A5,24.667488,4.929825
test,A5,24.647505,4.955628
test,A5,24.666267,5.2739305
test,A5,24.693733,5.620984
test,A5,24.658764,6.646659
test,A5,24.602531,6.772236
test,A5,24.558706,6.1369715
test,A5,24.454958,7.269936
test,A5,24.33128,6.9540696
test,A5,24.339544,6.895962
test,A5,24.419525,6.377978
test,A5,24.478788,5.8056545
test,A5,24.538778,5.824683
test,A5,24.52375,6.898142
test,A5,24.431255,6.8374996
test,A5,24.391254,6.2677484
test,A5,24.395002,6.4406033
test,A5,24.402502,6.7262144
test,A5,24.428745,6.253523
test,A5,24.421278,5.4360247
test,A5,24.346277,5.07839
test,A5,24.294994,4.568562
test,A5,24.305,5.33593
test,A5,24.26244,5.325783
test,A5,24.192274,6.0966434
test,A5,24.247313,7.1306505
test,A5,24.28248,6.6367373
test,A5,24.23747,7.808065
test,A5,24.257505,8.488567
test,A5,24.132338,7.4275174
test,A5,23.763552,6.672538
test,A5,23.84,6.2625275
test,A5,24.2925,6.272397
test,A5,24.59375,4.7890997
test,A5,24.856298,4.567011
test,A5,25.03757,6.0164843
test,A5,25.07254,6.0387363
test,A5,25.076267,7.2038116
test,A5,25.0121,7.2578344
test,A5,24.541943,5.87842
test,A5,23.886282,6.657338
test,A5,23.41007,6.5182056
test,A5,23.003632,5.637479
test,A5,22.613916,4.646077
test,A5,22.167665,6.313695
test,A5,21.81125,6.6308827
test,A5,21.546297,6.1238136
test,A5,21.283762,5.7292213
test,A5,21.101215,5.1475887
test,A5,20.904959,6.467943
test,A5,20.854958,7.1424837
test,A5,20.857533,5.9829597
test,A5,20.765043,5.829992
test,A5,20.736263,5.5308294
test,A5,20.7425,5.8873444
test,A5,20.7825,6.2519927
test,A5,20.92875,6.028845
test,A5,21.111275,5.4351025
test,A5,21.228783,5.137956
test,A5,21.228712,5.980269
test,A5,21.096144,8.0840225
test,A5,20.874939,8.381439
test,A5,20.64629,6.6858177
test,A5,20.44254,7.492826
test,A5,20.19875,7.0303106
test,A5,19.917433,5.900038
test,A5,19.647366,6.803982
test,A5,19.386133,7.9147577
test,A5,19.14228,7.9366093
test,A5,18.85725,7.086447
test,A5,18.538671,7.4419994
test,A5,18.252419,7.590638
test,A5,17.96486,6.8968315
test,A5,17.706152,6.4180336
test,A5,17.52994,6.00146
test,A5,17.418776,5.5204663
test,A5,17.338528,7.4075575
test,A5,17.258482,8.16482
test,A5,17.16,6.5816655
test,A5,17.02875,4.845151
test,A5,16.936205,5.447198
test,A5,16.736204,6.0176725
test,A5,15.88125,5.454137
test,A5,14.339656,5.522333
test,A5,12.799656,5.721088
test,A5,11.539735,7.8136306
test,A5,10.402895,13.690804
test,A5,9.226536,19.36424
test,A5,7.8517375,18.979189
test,A5,6.538338,16.822916
test,A5,6.12396,15.194826
test,A5,6.806483,13.678976
test,A5,8.026558,13.147261
test,A5,9.294058,18.544363
test,A5,10.302634,26.676495
test,A5,10.961445,28.123537
test,A5,11.311311,28.848772
test,A5,11.575195,30.021223
test,A5,11.8677025,28.93271
test,A5,12.023747,29.985176
test,A5,12.00998,32.462772
test,A5,11.96997,32.091095
test,A5,11.95502,29.58137
test,A5,11.9411335,22.522058
test,A5,11.651094,14.69682
test,A5,11.2475,12.793669
test,A5,11.1439705,16.812525
test,A5,11.520221,21.604193
test,A5,12.02923,21.527348
test,A5,12.61048,14.796787
test,A5,13.1975,9.278359
test,A5,13.282411,14.934511
test,A5,13.033661,22.022848
test,A5,12.767488,21.68034
test,A5,12.601142,20.4253
test,A5,12.566849,17.956736
test,A5,13.224657,13.15088
test,A5,14.20905,11.012344
test,A5,14.742588,9.920896
test,A5,15.156033,12.616575
test,A5,15.738576,13.094931
test,A5,16.131292,11.4990225
test,A5,16.18875,14.257538
test,A5,16.373781,14.781996
test,A5,16.622585,11.296837
test,A5,16.847414,7.90156
test,A5,17.316109,7.422064
test,A5,17.82,8.937754
test,A5,17.615002,10.781397
test,A5,17.270002,11.602667
test,A5,17.4675,9.859988
test,A5,17.64875,11.450636
test,A5,17.64007,10.061874
test,A5,17.703821,8.170417
test,A5,17.82125,9.308325
test,A5,17.884995,9.791235
test,A5,17.939995,10.163782
test,A5,17.97749,11.229602
test,A5,18.00474,11.834921
test,A5,18.041027,11.470818
test,A5,18.001196,11.20977
test,A5,17.81242,11.650408
test,A5,17.768698,9.569463
test,A5,17.931158,10.177841
test,A5,18.112505,9.5165415
test,A5,18.326296,8.457846
test,A5,18.69975,9.079495
test,A5,19.2685,7.850018
test,A5,19.37367,7.3728647
test,A5,18.18742,7.924078
test,A5,17.2225,9.384214
test,A5,17.015295,10.220314
test,A5,16.98289,9.155737
test,A5,17.100418,8.756843
test,A5,17.300299,8.306367
test,A5,17.714973,12.1796055
test,A5,18.122301,11.64179
test,A5,18.191282,8.189817
test,A5,18.283842,9.846459
test,A5,18.34987,10.400915
test,A5,18.113573,11.199393
test,A5,17.89606,12.595694
test,A5,17.564993,9.534563
test,A5,17.382435,8.3056
test,A5,17.211103,7.533883
test,A5,17.043274,9.234182
test,A5,17.234476,11.883833
test,A5,17.286114,11.378431
test,A5,17.18875,11.493331
test,A5,17.229992,9.94072
test,A5,17.194992,7.4521246
test,A5,17.22625,9.382019
test,A5,17.138592,9.851511
test,A5,16.729616,10.168514
test,A5,16.223434,8.558262
test,A5,15.842409,9.475028
test,A5,15.488574,9.252074
test,A5,14.977441,8.750425
test,A5,14.443802,8.645599
test,A5,14.083577,10.151056
test,A5,13.695043,10.111206
test,A5,13.139976,8.954798
test,A5,12.346074,12.151249
test,A5,11.0725,13.756365
test,A5,9.62375,9.979212
test,A5,8.33625,12.355613
test,A5,7.0525,20.067575
test,A5,6.0475,23.02329
test,A5,5.26625,21.743467
test,A5,4.82474,17.341944
test,A5,5.340692,13.914883
test,A5,6.4286723,11.909491
test,A5,7.36522,18.41334
test,A5,7.910065,35.574146
test,A5,8.1250725,46.801044
test,A5,8.101084,45.694824
test,A5,7.838731,26.249664
test,A5,7.887666,14.22283
test,A5,8.240012,23.040115
test,A5,8.71125,28.602587
test,A5,9.3652525,27.635817
test,A5,10.119002,17.86638
test,A5,10.89125,7.565816
test,A5,11.64125,8.61565
test,A5,12.506418,10.954741
test,A5,13.336418,9.801462
test,A5,14.104898,6.757763
test,A5,14.2848215,5.243319
test,A5,13.991173,5.609925
test,A5,13.952536,7.4471292
test,A5,14.118889,8.044927
test,A5,14.350103,7.800803
test,A5,14.415032,6.362995
test,A5,14.406282,5.5812883
test,A5,14.492433,6.8273845
test,A5,14.622523,5.8972654
test,A5,14.836266,4.6316643
test,A5,14.939528,5.362528
test,A5,14.993889,6.9250855
test,A5,14.616965,6.5561495
test,A5,14.409057,6.442623
test,A5,14.460469,7.1269007
test,A5,14.456172,5.6766577
test,A5,14.681904,5.8912334
test,A5,14.651075,6.70249
test,A5,15.146298,5.69722
test,A5,15.785263,5.236762
test,A5,15.777698,5.864577
test,A5,15.770172,7.002277
test,A5,16.13021,7.883886
test,A5,16.432476,6.052499
test,A5,16.331121,4.557325
test,A5,16.101173,4.5807447
test,A5,15.927386,5.0343885
test,A5,15.676091,5.462533
test,A5,15.452524,5.1493745
test,A5,15.461193,4.344829
test,A5,15.299906,4.341964
test,A5,14.970027,4.5998445
test,A5,14.496117,5.3439946
test,A5,14.016372,5.4051323
test,A5,14.241505,4.4071407
test,A5,14.738262,4.7845645
test,A5,13.635762,4.6761413
test,A5,12.157495,4.025989
test,A5,11.939929,5.2981377
test,A5,12.111184,6.8064365
test,A5,12.509789,6.4009886
test,A5,13.134898,6.218758
test,A5,13.6776085,6.2571707
test,A5,13.872498,6.8907056
test,A5,13.909998,8.254324
test,A5,14.03,10.203994
test,A5,14.3388,11.158556
test,A5,14.5963,9.739143
test,A5,14.61125,8.1254635
test,A5,14.6125,8.982171
test,A5,14.6275,8.910261
test,A5,14.548767,9.716668
test,A5,14.52001,9.751787
test,A5,14.526242,7.210664
test,A5,14.482525,6.078914
test,A5,14.398738,6.3500013
test,A5,14.262416,6.2490234
test,A5,14.067539,6.768339
test,A5,13.771235,7.0317345
test,A5,13.407334,6.787828
test,A5,13.057436,7.479782
test,A5,12.592677,6.882457
test,A5,11.854825,6.6980495
test,A5,10.693398,11.802263
test,A5,9.295225,19.530827
test,A5,8.221475,27.591234
test,A5,7.6275,28.378
test,A5,7.362426,20.83479
test,A5,7.1486077,34.365234
test,A5,6.862432,56.939835
test,A5,6.548634,60.58971
test,A5,6.1259828,53.601658
test,A5,5.622402,58.66037
test,A5,5.214904,60.362534
test,A5,4.724851,37.22007
test,A5,4.5128093,11.89867
test,A5,6.1116533,9.010746
test,A5,7.801344,13.417451
test,A5,8.250023,13.227435
test,A5,8.525058,11.888819
test,A5,8.517381,9.691813
test,A5,8.178596,7.2987146
test,A5,7.7137575,5.71263
test,A5,7.4312577,4.8923197
test,A5,6.901106,4.357432
test,A5,5.800172,4.397194
test,A5,3.6575007,4.1411977
test,A5,2.016054,5.9416366
test,A5,2.0626187,20.50096
test,A5,2.562203,43.18867
test,A5,3.303508,47.47158
test,A5,3.83265,29.166866
test,A5,3.9726024,13.544401
test,A5,4.0212574,8.747503
test,A5,3.85875,7.7851005
test,A5,3.622385,11.796816
test,A5,3.3847814,15.202742
test,A5,2.9626563,12.454076
test,A5,2.19401,8.209365
test,A5,1.3247722,5.041774
test,A5,0.5635223,3.958199
test,A5,0.09375,5.974038
test,A5,0.0,7.436862
test,A5,0.0,4.817718
test,A5,0.0,2.896451
test,A5,0.0,3.1993454
test,A5,0.0,3.4314568
test,A5,0.0,3.2456367
test,A5,0.0,3.1691775
test,A5,0.0,3.816852
test,A5,0.0,4.02108
test,A5,0.0,3.9738436
test,A5,0.0,3.9781315
test,T2,0.0,2.592499
test,T2,0.0,2.4314935
test,T2,0.0,2.6718605
test,T2,0.0,2.5404203
test,T2,0.0,2.554538
test,T2,0.0,2.5740616
test,T2,0.0,2.8506615
test,T2,0.0,5.0893297
test,T2,0.0,6.515354
test,T2,0.0,5.693442
test,T2,0.0,4.1852517
test,T2,0.0,2.5769608
test,T2,0.0,2.5383346
test,T2,0.0,2.599071
test,T2,0.0,2.432188
test,T2,0.0,2.415512
test,T2,0.0,2.4329686
test,T2,0.0,2.3977153
test,T2,0.0,2.4514568
test,T2,0.0,2.4632149
test,T2,0.0,2.4540882
test,T2,0.0,2.3973553
test,T2,0.0,2.347148
test,T2,0.0,2.382679
test,T2,0.0,2.5127447
test,T2,0.0,2.4869614
test,T2,0.0,2.394182
test,T2,0.0,2.443715
test,T2,0.0,2.5255747
test,T2,0.0,2.432162
test,T2,0.0,2.345303
test,T2,0.0,3.7765472
test,T2,0.0,4.492092
test,T2,0.0,5.33064
test,T2,0.0,5.5384364
test,T2,0.0,3.7775116
test,T2,0.0,4.550302
test,T2,0.0,5.195739
test,T2,0.0,4.4277124
test,T2,0.0,4.8456182
test,T2,0.0,9.664118
test,T2,0.0,15.840894
test,T2,0.0,24.926355
test,T2,0.0,30.407007
test,T2,0.0,18.224836
test,T2,0.0,5.196859
test,T2,0.0,5.5686455
test,T2,0.0,20.277222
test,T2,0.0,34.294167
test,T2,0.0,23.86228
test,T2,0.496755,11.775662
test,T2,1.741755,19.670338
test,T2,2.49,30.377766
test,T2,2.49,34.439312
test,T2,2.49,35.087334
test,T2,2.49,29.068182
test,T2,2.49,15.898891
test,T2,2.49,9.103628
test,T2,2.49,9.637064
test,T2,3.28,9.820269
test,T2,5.255,6.690606
test,T2,6.44,8.321229
test,T2,6.44,9.1313305
test,T2,6.44,6.7813244
test,T2,6.44,8.564833
test,T2,6.44,11.3216095
test,T2,6.44,8.74094
test,T2,6.44,7.461811
test,T2,6.441995,8.540215
test,T2,6.4469953,23.126722
test,T2,6.45,39.254936
test,T2,6.45,44.08589
test,T2,6.45,48.55546
test,T2,6.45,60.387527
test,T2,6.45,49.226288
test,T2,6.45,20.972721
test,T2,6.45,12.286151
test,T2,7.02855,12.466707
test,T2,8.47855,11.256098
test,T2,9.35,10.9355955
test,T2,9.35,9.4035015
test,T2,9.35,9.976626
test,T2,9.35,10.483397
test,T2,9.35,8.653867
test,T2,9.35,7.383718
test,T2,9.35,4.919099
test,T2,7.484675,3.6468153
test,T2,2.809675,2.9725416
test,T2,0.0,3.0817971
test,T2,0.0,4.338014
test,T2,0.0,5.339392
test,T2,0.0,11.379073
test,T2,0.0,13.558929
test,T2,0.0,10.894043
test,T2,0.0,11.2391815
test,T2,1.55,14.240978
test,T2,5.425,14.198454
test,T2,7.75,8.301208
test,T2,7.75,10.912016
test,T2,7.75,11.359451
test,T2,7.75,7.687852
test,T2,7.75,7.0308685
test,T2,7.75,7.238395
test,T2,7.75,8.781799
test,T2,6.97,10.922188
test,T2,5.02,11.559434
test,T2,3.85,8.011746
test,T2,3.85,5.1836944
test,T2,3.85,3.7450283
test,T2,3.85,3.2254734
test,T2,3.85,4.1879215
test,T2,3.85,20.826239
test,T2,3.85,31.573652
test,T2,4.07,21.392262
test,T2,4.62,26.371004
test,T2,4.95,40.26956
test,T2,4.95,42.88461
test,T2,4.95,29.63782
test,T2,4.95,22.405024
test,T2,4.95,26.755117
test,T2,4.95,24.641056
test,T2,4.95,16.538315
test,T2,6.026,8.253159
test,T2,8.716,12.320632
test,T2,10.33,10.846996
test,T2,10.33,13.300223
test,T2,10.33,16.6099
test,T2,10.33,13.137268
test,T2,10.33,12.186052
test,T2,10.33,9.709239
test,T2,10.33,10.732759
test,T2,10.62,14.03812
test,T2,11.345,17.375898
test,T2,11.78,12.958781
test,T2,11.78,10.318043
test,T2,11.78,11.293071
test,T2,11.78,15.61022
test,T2,11.78,17.951735
test,T2,11.78,10.89152
test,T2,11.78,11.709567
test,T2,11.146,12.667399
test,T2,9.561,17.661839
test,T2,8.61,20.117659
test,T2,8.61,10.682116
test,T2,8.61,14.674934
test,T2,8.61,18.50781
test,T2,8.61,15.374254
test,T2,8.61,16.103493
test,T2,8.61,14.70891
test,T2,8.46,9.799242
test,T2,8.085,11.122891
test,T2,7.86,14.303377
test,T2,7.86,19.182837
test,T2,7.86,18.426256
test,T2,7.86,14.190339
test,T2,7.86,17.254263
test,T2,7.86,17.324303
test,T2,7.86,14.196001
test,T2,8.037555,13.202906
test,T2,8.482555,10.819968
test,T2,8.75,11.235392
test,T2,8.75,12.639072
test,T2,8.75,11.800242
test,T2,8.75,7.6481123
test,T2,8.75,4.035696
test,T2,8.75,6.765729
test,T2,8.75,9.1933775
test,T2,8.634287,8.304825
test,T2,8.344287,8.562061
test,T2,8.17,10.220173
test,T2,8.17,10.653748
test,T2,8.17,11.051267
test,T2,8.17,13.86092
test,T2,8.17,14.473621
test,T2,8.17,13.107073
test,T2,8.17,9.504789
test,T2,8.614896,11.273016
test,T2,9.729896,16.495518
test,T2,10.4,14.312719
test,T2,10.4,9.452098
test,T2,10.4,13.0930605
test,T2,10.4,11.277297
test,T2,10.4,9.036937
test,T2,10.4,10.520523
test,T2,10.4,9.85308
test,T2,10.186,8.483374
test,T2,9.651,7.2444053
test,T2,9.33,7.4826217
test,T2,9.33,8.216345
test,T2,9.33,8.75256
test,T2,9.33,8.124775
test,T2,9.33,11.050089
test,T2,9.33,11.898401
test,T2,9.33,8.630003
test,T2,9.84,8.442364
test,T2,11.115,10.260319
test,T2,11.88,14.904698
test,T2,11.88,12.266742
test,T2,11.88,11.296342
test,T2,11.88,10.839175
test,T2,11.88,10.221687
test,T2,11.88,14.038256
test,T2,11.88,14.099621
test,T2,12.28698,10.536009
test,T2,13.30698,11.47639
test,T2,13.92,11.547841
test,T2,13.92,9.65887
test,T2,13.92,7.986616
test,T2,13.92,7.59091
test,T2,13.92,8.237095
test,T2,13.92,9.149941
test,T2,13.92,9.216541
test,T2,12.452,7.9160237
test,T2,8.782,8.769548
test,T2,6.58,29.438366
test,T2,6.58,45.898212
test,T2,6.58,29.97347
test,T2,6.58,33.780827
test,T2,6.58,50.369347
test,T2,6.58,35.90409
test,T2,6.58,28.669497
test,T2,7.32,37.590923
test,T2,9.17,22.655184
test,T2,10.28,12.247102
test,T2,10.28,10.411866
test,T2,10.28,8.360093
test,T2,10.28,7.9166865
test,T2,10.28,10.387848
test,T2,10.28,10.86964
test,T2,10.28,11.333378
test,T2,11.312,11.02495
test,T2,13.892,9.161279
test,T2,15.44,14.748495
test,T2,15.44,14.252041
test,T2,15.44,11.464447
test,T2,15.44,13.03278
test,T2,15.44,9.717903
test,T2,15.44,5.8461275
test,T2,15.44,6.339339
test,T2,13.419015,6.4781027
test,T2,8.354014,4.648973
test,T2,5.31,8.116825
test,T2,5.31,15.842696
test,T2,5.31,16.465511
test,T2,5.31,14.271088
test,T2,5.31,12.898695
test,T2,5.31,9.924861
test,T2,5.31,8.902129
test,T2,7.045693,11.726689
test,T2,11.395693,11.392065
test,T2,14.01,7.7694283
test,T2,14.01,8.936875
test,T2,14.01,11.183632
test,T2,14.01,11.958223
test,T2,14.01,12.275009
test,T2,14.01,11.022728
test,T2,14.01,9.891405
test,T2,14.357139,11.111498
test,T2,15.2271385,9.772486
test,T2,15.75,7.1507645
test,T2,15.75,8.307696
test,T2,15.75,10.657054
test,T2,15.75,12.564634
test,T2,15.75,11.631639
test,T2,15.75,9.639202
test,T2,15.75,10.05094
test,T2,15.045765,11.580995
test,T2,13.280765,13.622627
test,T2,12.22,23.589775
test,T2,12.22,31.717216
test,T2,12.22,29.286356
test,T2,12.22,16.932426
test,T2,12.22,11.250706
test,T2,12.22,31.36537
test,T2,12.22,37.45556
test,T2,11.92474,26.302515
test,T2,11.18474,16.592676
test,T2,10.74,18.131107
test,T2,10.74,21.29362
test,T2,10.74,20.171516
test,T2,10.74,18.841372
test,T2,10.74,19.647717
test,T2,10.74,18.152788
test,T2,10.74,14.684043
test,T2,10.73202,10.316439
test,T2,10.71202,9.340662
test,T2,10.7,11.481541
test,T2,10.7,9.796511
test,T2,10.7,6.949071
test,T2,10.7,5.7766657
test,T2,10.7,5.5929027
test,T2,10.7,3.5648618
test,T2,10.7,2.9390514
test,T2,8.565297,2.842014
test,T2,3.215297,3.659815
test,T2,0.0,4.569657
test,T2,0.0,10.3181305
test,T2,0.0,38.53387
test,T2,0.0,64.46871
test,T2,0.0,66.20061
test,T2,0.0,48.789257
test,T2,0.0,19.774315
test,T2,1.921185,9.797829
test,T2,6.736185,11.755312
test,T2,9.63,9.979261
test,T2,9.63,12.6698065
test,T2,9.63,32.001167
test,T2,9.63,51.41641
test,T2,9.63,50.724396
test,T2,9.63,32.318417
test,T2,9.63,18.070923
test,T2,10.19259,15.439107
test,T2,11.60259,24.268644
test,T2,12.45,22.892773
test,T2,12.45,19.398584
test,T2,12.45,17.639666
test,T2,12.45,14.877024
test,T2,12.45,14.334366
test,T2,12.45,14.020666
test,T2,12.45,14.579459
test,T2,13.304,13.447192
test,T2,15.439,14.523251
test,T2,16.72,16.840372
test,T2,16.72,16.439955
test,T2,16.72,19.081495
test,T2,16.72,18.6661
test,T2,16.72,15.480976
test,T2,16.72,14.225095
test,T2,16.72,16.719824
test,T2,15.97387,21.03584
test,T2,14.10387,23.714746
test,T2,12.98,25.286558
test,T2,12.98,20.258776
test,T2,12.98,13.086483
test,T2,12.98,19.753233
test,T2,12.98,23.293913
test,T2,12.98,17.654959
test,T2,12.98,13.244643
test,T2,11.044,8.491854
test,T2,6.204,9.690574
test,T2,3.3,20.170446
test,T2,3.3,26.71942
test,T2,3.3,18.799553
test,T2,3.3,13.181673
test,T2,3.3,21.049553
test,T2,3.3,23.59324
test,T2,3.3,17.892052
test,T2,5.37879,13.029884
test,T2,10.58879,11.299089
test,T2,13.72,7.1396284
test,T2,13.72,6.606169
test,T2,13.72,8.057354
test,T2,13.72,8.803695
test,T2,13.72,10.032974
test,T2,13.72,11.40116
test,T2,13.72,15.963863
test,T2,13.634,18.926231
test,T2,13.419,14.9176445
test,T2,13.29,13.956442
test,T2,13.29,12.032216
test,T2,13.29,9.446374
test,T2,13.29,9.198383
test,T2,13.29,8.656105
test,T2,13.29,8.639661
test,T2,13.29,6.620258
test,T2,12.024,8.310914
test,T2,8.859,19.693268
test,T2,6.96,23.34994
test,T2,6.96,24.824648
test,T2,6.96,25.726377
test,T2,6.96,18.296719
test,T2,6.96,16.35343
test,T2,6.96,12.088631
test,T2,6.96,7.150222
test,T2,7.532565,5.3073587
test,T2,8.967565,8.183519
test,T2,9.83,9.710493
test,T2,9.83,9.50457
test,T2,9.83,8.024779
test,T2,9.83,7.6214924
test,T2,9.83,10.972551
test,T2,9.83,11.544571
test,T2,9.83,9.292032
test,T2,9.403059,9.036575
test,T2,8.333059,9.880764
test,T2,7.69,13.322023
test,T2,7.69,26.06235
test,T2,7.69,42.822773
test,T2,7.69,51.581795
test,T2,7.69,57.978626
test,T2,7.69,62.809547
test,T2,7.69,49.187332
test,T2,8.81,20.463875
test,T2,11.61,7.517385
test,T2,13.29,7.7479167
test,T2,13.29,9.267376
test,T2,13.29,9.035749
test,T2,13.29,10.561661
test,T2,13.29,12.042395
test,T2,13.29,8.394103
test,T2,13.29,8.583883
test,T2,14.040138,8.733129
test,T2,15.920138,7.8784857
test,T2,17.05,8.461367
test,T2,17.05,7.4256306
test,T2,17.05,7.9260726
test,T2,17.05,8.526738
test,T2,17.05,7.8604774
test,T2,17.05,8.005205
test,T2,17.05,8.652213
test,T2,17.186,9.295459
test,T2,17.526,9.331381
test,T2,17.73,9.83386
test,T2,17.73,9.470681
test,T2,17.73,10.73698
test,T2,17.73,10.266315
test,T2,17.73,7.7806644
test,T2,17.73,9.398272
test,T2,17.73,10.996876
test,T2,17.012,9.892105
test,T2,15.217,9.135307
test,T2,14.14,11.163458
test,T2,14.14,10.805975
test,T2,14.14,12.06366
test,T2,14.14,13.0559845
test,T2,14.14,10.251234
test,T2,14.14,8.432045
test,T2,14.14,11.514725
test,T2,12.494,25.619886
test,T2,8.379,38.113884
test,T2,5.91,25.241117
test,T2,5.91,18.629927
test,T2,5.91,32.122818
test,T2,5.91,41.7741
test,T2,5.91,39.11052
test,T2,5.91,20.967203
test,T2,5.91,17.521002
test,T2,6.884,29.325605
test,T2,9.319,28.053015
test,T2,10.78,14.22941
test,T2,10.78,6.1400056
test,T2,10.78,7.3058534
test,T2,10.78,7.5121255
test,T2,10.78,5.865402
test,T2,10.78,6.419813
test,T2,10.78,8.431134
test,T2,11.848,8.6030655
test,T2,14.518,9.069249
test,T2,16.12,10.760397
test,T2,16.12,10.403636
test,T2,16.12,8.244976
test,T2,16.12,8.298042
test,T2,16.12,10.021307
test,T2,16.12,10.246235
test,T2,16.12,8.911919
test,T2,16.318,8.62088
test,T2,16.813,7.0132837
test,T2,17.11,8.470066
test,T2,17.11,8.7170515
test,T2,17.11,8.568518
test,T2,17.11,8.345495
test,T2,17.11,8.8864765
test,T2,17.11,13.342342
test,T2,17.11,14.788998
test,T2,16.986307,13.058804
test,T2,16.676308,11.204491
test,T2,16.49,9.096432
test,T2,16.49,8.639674
test,T2,16.49,9.355892
test,T2,16.49,8.554499
test,T2,16.49,8.521978
test,T2,16.49,9.687698
test,T2,16.49,9.743373
test,T2,14.644579,7.5188646
test,T2,10.019579,6.3483214
test,T2,7.24,7.654269
test,T2,7.24,15.80701
test,T2,7.24,38.611492
test,T2,7.24,42.712055
test,T2,7.24,25.063349
test,T2,7.24,28.412989
test,T2,7.24,35.507133
test,T2,7.882,38.130077
test,T2,9.487,34.196167
test,T2,10.45,22.127317
test,T2,10.45,24.012905
test,T2,10.45,30.357006
test,T2,10.45,24.616405
test,T2,10.45,16.185574
test,T2,10.45,10.738733
test,T2,10.45,9.555661
test,T2,11.884405,10.270759
test,T2,15.479405,8.882397
test,T2,17.64,7.2122164
test,T2,17.64,8.531565
test,T2,17.64,10.7663555
test,T2,17.64,9.946726
test,T2,17.64,9.936451
test,T2,17.64,10.329786
test,T2,17.64,10.083532
test,T2,18.348,8.979662
test,T2,20.118,9.894583
test,T2,21.18,11.354995
test,T2,21.18,12.420137
test,T2,21.18,10.488506
test,T2,21.18,8.681454
test,T2,21.18,7.2659826
test,T2,21.18,9.710463
test,T2,21.18,13.817238
test,T2,21.296,12.515221
test,T2,21.586,12.371965
test,T2,21.76,17.00271
test,T2,21.76,13.07074
test,T2,21.76,9.937257
test,T2,21.76,11.092679
test,T2,21.76,11.327175
test,T2,21.76,9.243382
test,T2,21.76,9.255777
test,T2,21.25,11.978784
test,T2,19.975,15.352031
test,T2,19.21,13.993317
test,T2,19.21,8.289565
test,T2,19.21,9.085158
test,T2,19.21,9.245928
test,T2,19.21,8.298827
test,T2,19.21,12.77298
test,T2,19.21,10.451929
test,T2,19.102268,7.991919
test,T2,18.832268,8.992509
test,T2,18.67,9.019998
test,T2,18.67,9.771296
test,T2,18.67,8.434608
test,T2,18.67,8.311009
test,T2,18.67,9.621385
test,T2,18.67,9.771517
test,T2,18.67,8.390662
test,T2,18.568,6.2910795
test,T2,18.313,7.282626
test,T2,18.16,8.35515
test,T2,18.16,8.839695
test,T2,18.16,9.435848
test,T2,18.16,10.640261
test,T2,18.16,10.59
test,T2,18.16,8.610682
test,T2,18.16,8.31841
test,T2,18.704636,10.913954
test,T2,20.069635,13.01129
test,T2,20.89,10.8360195
test,T2,20.89,9.481799
test,T2,20.89,8.073877
test,T2,20.89,8.201317
test,T2,20.89,9.270809
test,T2,20.89,9.525547
test,T2,20.89,10.438274
test,T2,20.76232,10.656395
test,T2,20.44232,9.516556
test,T2,20.25,8.568359
test,T2,20.25,9.152967
test,T2,20.25,8.46869
test,T2,20.25,8.644196
test,T2,20.25,9.348903
test,T2,20.25,7.8045683
test,T2,20.25,7.5796533
test,T2,20.614,7.988555
test,T2,21.524,8.817284
test,T2,22.07,9.81684
test,T2,22.07,11.250347
test,T2,22.07,10.4474325
test,T2,22.07,9.022083
test,T2,22.07,7.8711023
test,T2,22.07,7.6615067
test,T2,22.07,7.8754864
test,T2,22.060024,8.594772
test,T2,22.035025,10.162877
test,T2,22.02,10.965231
test,T2,22.02,9.034411
test,T2,22.02,9.633802
test,T2,22.02,10.727319
test,T2,22.02,9.868836
test,T2,22.02,10.312423
test,T2,22.02,9.392784
test,T2,22.452,8.065656
test,T2,23.532,8.250597
test,T2,24.18,9.327818
test,T2,24.18,9.87257
test,T2,24.18,9.23846
test,T2,24.18,8.683662
test,T2,24.18,8.528453
test,T2,24.18,10.844896
test,T2,24.18,13.015096
test,T2,24.38,10.166575
test,T2,24.63,8.536585
test,T2,24.68,9.214772
test,T2,24.68,8.64072
test,T2,24.68,11.102602
test,T2,24.68,11.255945
test,T2,24.68,9.490612
test,T2,24.68,9.167331
test,T2,24.12737,9.594146
test,T2,22.74237,7.540046
test,T2,21.91,6.891441
test,T2,21.91,8.239327
test,T2,21.91,9.639004
test,T2,21.91,9.442281
test,T2,21.91,10.658461
test,T2,21.91,11.039343
test,T2,21.91,8.43211
test,T2,22.083569,8.168961
test,T2,22.51857,10.197301
test,T2,22.78,10.136443
test,T2,22.78,10.692644
test,T2,22.78,10.520041
test,T2,22.78,8.250998
test,T2,22.78,7.9756327
test,T2,22.78,7.9525914
test,T2,22.78,7.6325893
test,T2,22.736,7.715575
test,T2,22.626,7.2518883
test,T2,22.56,6.986834
test,T2,22.56,7.2823153
test,T2,22.56,7.9017453
test,T2,22.56,10.443462
test,T2,22.56,10.791994
test,T2,22.56,9.099392
test,T2,22.56,7.577476
test,T2,22.394415,7.370067
test,T2,21.979416,7.093907
test,T2,21.73,8.700415
test,T2,21.73,14.088137
test,T2,21.73,12.808283
test,T2,21.73,7.181872
test,T2,21.73,7.8229046
test,T2,21.73,9.068151
test,T2,21.73,11.097757
test,T2,22.039232,10.740968
test,T2,22.814232,9.064171
test,T2,23.28,8.988294
test,T2,23.28,7.663862
test,T2,23.28,7.7341585
test,T2,23.28,10.308738
test,T2,23.28,10.778824
test,T2,23.28,8.145773
test,T2,23.28,9.622003
test,T2,23.335861,9.6053505
test,T2,23.47586,8.2724285
test,T2,23.56,8.768013
test,T2,23.56,7.4861197
test,T2,23.56,6.9604683
test,T2,23.56,8.610153
test,T2,23.56,10.426042
test,T2,23.56,9.056067
test,T2,23.56,8.966223
test,T2,23.536,10.257059
test,T2,23.476,12.541872
test,T2,23.44,11.7156925
test,T2,23.44,9.332729
test,T2,23.44,8.052322
test,T2,23.44,7.7550592
test,T2,23.44,7.00214
test,T2,23.44,6.5818343
test,T2,23.44,7.7529984
test,T2,23.486,6.878929
test,T2,23.601,8.178238
test,T2,23.67,8.342077
test,T2,23.67,8.039868
test,T2,23.67,7.000049
test,T2,23.67,8.903809
test,T2,23.67,10.458356
test,T2,23.67,8.836821
test,T2,23.67,7.72215
test,T2,23.814,7.595857
test,T2,24.174,7.025395
test,T2,24.39,10.205254
test,T2,24.39,9.728191
test,T2,24.39,6.768477
test,T2,24.39,9.568111
test,T2,24.39,10.507079
test,T2,24.39,8.730244
test,T2,24.39,9.303867
test,T2,24.419926,11.173004
test,T2,24.494926,8.746605
test,T2,24.54,9.521449
test,T2,24.54,10.740343
test,T2,24.54,9.263679
test,T2,24.54,8.337833
test,T2,24.54,7.0047975
test,T2,24.54,8.243904
test,T2,24.54,9.560707
test,T2,24.45222,9.43952
test,T2,24.23222,11.490966
test,T2,24.1,13.274715
test,T2,24.1,13.150506
test,T2,24.1,13.873009
test,T2,24.1,13.435131
test,T2,24.1,12.686947
test,T2,24.1,11.426996
test,T2,24.1,9.986543
test,T2,24.212,10.546839
test,T2,24.492,10.636388
test,T2,24.66,11.820675
test,T2,24.66,16.741888
test,T2,24.66,14.56917
test,T2,24.66,8.066191
test,T2,24.66,8.3027525
test,T2,24.66,8.588597
test,T2,24.66,7.297675
test,T2,24.54,10.429171
test,T2,24.24,11.525665
test,T2,24.06,8.360084
test,T2,24.06,9.106969
test,T2,24.06,11.920462
test,T2,24.06,10.625923
test,T2,24.06,8.704344
test,T2,24.06,8.009107
test,T2,24.06,8.220412
test,T2,23.822,10.174691
test,T2,23.227,9.013231
test,T2,22.87,6.8133936
test,T2,22.87,8.444719
test,T2,22.87,10.215563
test,T2,22.87,8.910643
test,T2,22.87,7.396419
test,T2,22.87,7.0430627
test,T2,22.87,8.419162
test,T2,23.015635,8.679892
test,T2,23.380634,9.620188
test,T2,23.6,10.076417
test,T2,23.6,9.113291
test,T2,23.6,8.139971
test,T2,23.6,7.7579665
test,T2,23.6,9.880876
test,T2,23.6,10.854776
test,T2,23.6,10.391022
test,T2,23.958,8.7622795
test,T2,24.853,9.238298
test,T2,25.39,13.258876
test,T2,25.39,11.693455
test,T2,25.39,8.127663
test,T2,25.39,8.314134
test,T2,25.39,8.608375
test,T2,25.39,8.6226845
test,T2,25.39,8.620529
test,T2,25.214436,9.029545
test,T2,24.774435,11.052208
test,T2,24.51,10.495413
test,T2,24.51,7.924063
test,T2,24.51,8.311732
test,T2,24.51,8.82803
test,T2,24.51,8.499008
test,T2,24.51,8.494022
test,T2,24.51,8.531188
test,T2,24.633694,7.543889
test,T2,24.943693,9.154048
test,T2,25.13,14.803374
test,T2,25.13,14.448563
test,T2,25.13,9.249823
test,T2,25.13,8.421149
test,T2,25.13,8.527839
test,T2,25.13,9.267188
test,T2,25.13,8.1323395
test,T2,24.95,8.758259
test,T2,24.5,7.8091974
test,T2,24.23,7.3238354
test,T2,24.23,8.584786
test,T2,24.23,8.612959
test,T2,24.23,7.972763
test,T2,24.23,7.7359686
test,T2,24.23,9.003105
test,T2,24.23,10.362227
test,T2,24.231995,9.134554
test,T2,24.236996,8.618509
test,T2,24.24,9.824131
test,T2,24.24,9.46579
test,T2,24.24,10.044912
test,T2,24.24,9.008139
test,T2,24.24,7.4059305
test,T2,24.24,9.29589
test,T2,24.24,10.39333
test,T2,24.441496,9.705294
test,T2,24.946495,9.581747
test,T2,25.25,11.264719
test,T2,25.25,10.70779
test,T2,25.25,10.553726
test,T2,25.25,10.84758
test,T2,25.25,12.232111
test,T2,25.25,11.601215
test,T2,25.25,8.64143
test,T2,25.39,21.14597
test,T2,25.74,18.154846
test,T2,25.95,7.746363
test,T2,25.95,7.662366
test,T2,25.95,7.5583596
test,T2,25.95,8.664614
test,T2,25.95,7.675083
test,T2,25.95,8.474234
test,T2,25.95,9.930074
test,T2,25.642,8.730183
test,T2,24.872,8.205923
test,T2,24.41,7.591875
test,T2,24.41,8.942366
test,T2,24.41,8.946262
test,T2,24.41,8.791348
test,T2,24.41,11.437546
test,T2,24.41,11.152796
test,T2,24.41,11.4705105
test,T2,24.26,12.013836
test,T2,23.885,10.519159
test,T2,23.66,11.377523
test,T2,23.66,10.507654
test,T2,23.66,11.7435055
test,T2,23.66,16.006876
test,T2,23.66,13.285336
test,T2,23.66,9.102636
test,T2,23.66,8.255813
test,T2,23.91935,9.440839
test,T2,24.56935,10.422356
test,T2,24.96,12.850166
test,T2,24.96,12.694033
test,T2,24.96,10.393743
test,T2,24.96,11.949152
test,T2,24.96,10.606348
test,T2,24.96,7.248844
test,T2,24.96,6.878555
test,T2,24.82833,7.087132
test,T2,24.49833,8.2223625
test,T2,24.3,8.465286
test,T2,24.3,7.8687277
test,T2,24.3,8.081391
test,T2,24.3,8.5125885
test,T2,24.3,8.274464
test,T2,24.3,8.802604
test,T2,24.3,8.217232
test,T2,24.138,7.0116115
test,T2,23.733,7.853684
test,T2,23.49,8.885149
test,T2,23.49,8.976522
test,T2,23.49,9.177555
test,T2,23.49,8.927549
test,T2,23.49,9.105123
test,T2,23.49,8.805427
test,T2,23.49,9.117688
test,T2,23.639626,8.930185
test,T2,24.014626,9.841102
test,T2,24.24,9.620294
test,T2,24.24,8.639262
test,T2,24.24,9.809316
test,T2,24.24,8.786695
test,T2,24.24,9.150663
test,T2,24.24,11.109327
test,T2,24.24,10.191585
test,T2,23.970675,10.54187
test,T2,23.295675,14.904412
test,T2,22.89,16.9463
test,T2,22.89,12.224995
test,T2,22.89,11.292326
test,T2,22.89,9.926318
test,T2,22.89,9.502597
test,T2,22.89,11.516811
test,T2,22.89,11.77089
test,T2,22.674534,8.8540125
test,T2,22.134535,8.091862
test,T2,21.81,7.0309563
test,T2,21.81,7.701315
test,T2,21.81,8.400116
test,T2,21.81,8.444475
test,T2,21.81,8.364681
test,T2,21.81,9.550836
test,T2,21.81,9.868111
test,T2,21.94566,9.558876
test,T2,22.28566,9.41421
test,T2,22.49,11.182713
test,T2,22.49,12.313316
test,T2,22.49,10.156155
test,T2,22.49,12.088115
test,T2,22.49,12.409091
test,T2,22.49,7.534007
test,T2,22.49,7.6794853
test,T2,22.49,9.025623
test,T2,22.49,9.15367
test,T2,22.49,8.150391
test,T2,22.49,9.505676
test,T2,22.49,9.531702
test,T2,22.49,8.3346
test,T2,22.49,7.358576
test,T2,22.49,6.417414
test,T2,22.49,6.846735
test,T2,22.89,8.965484
test,T2,23.89,9.850991
test,T2,24.49,8.465009
test,T2,24.49,8.376237
test,T2,24.49,8.305009
test,T2,24.49,8.711811
test,T2,24.49,9.909271
test,T2,24.49,9.096746
test,T2,24.49,9.171345
test,T2,24.698,10.3317375
test,T2,25.218,9.9136305
test,T2,25.53,10.638535
test,T2,25.53,11.291417
test,T2,25.53,9.821695
test,T2,25.53,9.72106
test,T2,25.53,8.738808
test,T2,25.53,10.26256
test,T2,25.53,10.565127
test,T2,25.368,8.493733
test,T2,24.963,10.241865
test,T2,24.72,11.965386
test,T2,24.72,10.77817
test,T2,24.72,10.608368
test,T2,24.72,10.468027
test,T2,24.72,9.062368
test,T2,24.72,12.85077
test,T2,24.72,13.091419
test,T2,24.985329,8.758688
test,T2,25.650328,9.963259
test,T2,26.05,9.802652
test,T2,26.05,8.251818
test,T2,26.05,8.0306425
test,T2,26.05,8.754517
test,T2,26.05,8.674221
test,T2,26.05,6.979643
test,T2,26.05,9.665864
test,T2,26.49,12.199108
test,T2,27.59,10.882173
test,T2,28.25,10.07756
test,T2,28.25,9.029043
test,T2,28.25,7.08459
test,T2,28.25,6.682176
test,T2,28.25,7.9854484
test,T2,28.25,9.005499
test,T2,28.25,7.874901
test,T2,28.452,10.490217
test,T2,28.957,11.579569
test,T2,29.26,8.813874
test,T2,29.26,8.682343
test,T2,29.26,11.0502205
test,T2,29.26,11.601009
test,T2,29.26,11.187723
test,T2,29.26,9.694975
test,T2,29.26,10.781855
test,T2,29.418,12.479711
test,T2,29.813,10.578235
test,T2,30.05,10.242583
test,T2,30.05,10.276013
test,T2,30.05,9.144234
test,T2,30.05,9.12344
test,T2,30.05,9.984762
test,T2,30.05,11.46059
test,T2,30.05,11.085094
test,T2,30.032045,11.697847
test,T2,29.987045,12.897188
test,T2,29.96,10.389063
test,T2,29.96,10.951517
test,T2,29.96,12.896345
test,T2,29.96,13.824398
test,T2,29.96,11.66321
test,T2,29.96,10.939728
test,T2,29.96,10.53244
test,T2,29.702,9.682714
test,T2,29.057,12.17976
test,T2,28.67,10.928692
test,T2,28.67,9.909571
test,T2,28.67,6.889424
test,T2,28.67,7.7118273
test,T2,28.67,8.4585705
test,T2,28.67,9.505795
test,T2,28.67,10.627465
test,T2,28.594,8.541145
test,T2,28.404,7.5421004
test,T2,28.29,13.429352
test,T2,28.29,12.280373
test,T2,28.29,8.480286
test,T2,28.29,9.427973
test,T2,28.29,8.464687
test,T2,28.29,11.670156
test,T2,28.29,12.729275
test,T2,28.319925,9.584555
test,T2,28.394926,9.335787
test,T2,28.44,11.0579605
test,T2,28.44,11.100702
test,T2,28.44,9.282067
test,T2,28.44,11.074026
test,T2,28.44,15.711797
test,T2,28.44,16.721607
test,T2,28.44,15.88001
test,T2,28.461945,14.248104
test,T2,28.516945,9.730282
test,T2,28.55,15.2462
test,T2,28.55,17.766542
test,T2,28.55,12.5747795
test,T2,28.55,10.169584
test,T2,28.55,9.8208275
test,T2,28.55,9.194604
test,T2,28.55,10.237158
test,T2,28.714,13.162516
test,T2,29.124,13.971571
test,T2,29.37,10.4569645
test,T2,29.37,9.822044
test,T2,29.37,8.922006
test,T2,29.37,7.032878
test,T2,29.37,6.663514
test,T2,29.37,8.42384
test,T2,29.37,7.2271776
test,T2,29.53559,7.269875
test,T2,29.950588,9.486031
test,T2,30.2,9.6032095
test,T2,30.2,10.181549
test,T2,30.2,10.742817
test,T2,30.2,9.236202
test,T2,30.2,10.384299
test,T2,30.2,14.089979
test,T2,30.2,12.408045
test,T2,30.386,8.726614
test,T2,30.851,7.3684545
test,T2,31.13,8.393381
test,T2,31.13,8.435501
test,T2,31.13,10.0881195
test,T2,31.13,13.916044
test,T2,31.13,11.414707
test,T2,31.13,8.560117
test,T2,31.13,8.14464
test,T2,31.006,9.317517
test,T2,30.696,8.983993
test,T2,30.51,9.636593
test,T2,30.51,12.920094
test,T2,30.51,11.685386
test,T2,30.51,11.613447
test,T2,30.51,13.017309
test,T2,30.51,11.915394
test,T2,30.51,8.200281
test,T2,30.35,8.902767
test,T2,29.95,10.2183
test,T2,29.71,9.174338
test,T2,29.71,9.763431
test,T2,29.71,11.249401
test,T2,29.71,9.467317
test,T2,29.71,7.5454206
test,T2,29.71,7.5620785
test,T2,29.71,10.487469
test,T2,29.09,10.276924
test,T2,27.54,6.4005246
test,T2,26.61,6.444611
test,T2,26.61,7.075875
test,T2,26.61,6.9442725
test,T2,26.61,7.655586
test,T2,26.61,7.8135138
test,T2,26.61,8.485982
test,T2,26.61,8.048412
test,T2,26.156,8.375526
test,T2,25.021,8.471014
test,T2,24.34,7.7591834
test,T2,24.34,9.405615
test,T2,24.34,10.405354
test,T2,24.34,8.585993
test,T2,24.34,8.017624
test,T2,24.34,9.039167
test,T2,24.34,9.679315
test,T2,24.41182,10.715876
test,T2,24.59182,8.944623
test,T2,24.7,8.875597
test,T2,24.7,9.672607
test,T2,24.7,11.302958
test,T2,24.7,10.942097
test,T2,24.7,10.61705
test,T2,24.7,10.6292305
test,T2,24.7,9.869724
test,T2,24.77182,10.778473
test,T2,24.95182,10.041094
test,T2,25.06,10.032251
test,T2,25.06,8.900544
test,T2,25.06,8.432133
test,T2,25.06,8.388361
test,T2,25.06,7.7187324
test,T2,25.06,8.874169
test,T2,25.06,9.827756
test,T2,24.864,8.996568
test,T2,24.374,7.884658
test,T2,24.08,9.057994
test,T2,24.08,13.431588
test,T2,24.08,13.131613
test,T2,24.08,11.914286
test,T2,24.08,9.377578
test,T2,24.08,7.4827566
test,T2,24.08,8.026801
test,T2,24.254,10.567908
test,T2,24.689,10.11958
test,T2,24.95,10.558226
test,T2,24.95,10.799477
test,T2,24.95,12.139057
test,T2,24.95,12.0116825
test,T2,24.95,12.044051
test,T2,24.95,11.046185
test,T2,24.95,9.54916
test,T2,25.118,8.448355
test,T2,25.538,8.141793
test,T2,25.79,7.2236476
test,T2,25.79,9.998714
test,T2,25.79,12.181229
test,T2,25.79,8.952904
test,T2,25.79,9.134176
test,T2,25.79,8.4566
test,T2,25.79,8.123552
test,T2,25.782,9.965436
test,T2,25.762,8.437853
test,T2,25.75,6.5157213
test,T2,25.75,9.084253
test,T2,25.75,10.091606
test,T2,25.75,9.321264
test,T2,25.75,8.930269
test,T2,25.75,8.9360285
test,T2,25.75,11.136486
test,T2,26.246,10.934689
test,T2,27.486,8.582453
test,T2,28.23,9.780502
test,T2,28.23,13.228898
test,T2,28.23,14.446461
test,T2,28.23,10.311111
test,T2,28.23,8.861183
test,T2,28.23,10.8661
test,T2,28.23,13.041261
test,T2,28.574,12.767481
test,T2,29.434,9.917402
test,T2,29.95,9.900494
test,T2,29.95,11.222481
test,T2,29.95,10.772919
test,T2,29.95,10.58401
test,T2,29.95,9.311796
test,T2,29.95,9.218132
test,T2,29.95,12.592974
test,T2,30.278,12.263893
test,T2,31.098,8.229979
test,T2,31.59,10.145154
test,T2,31.59,8.481768
test,T2,31.59,6.404789
test,T2,31.59,10.009192
test,T2,31.59,10.057285
test,T2,31.59,8.201558
test,T2,31.59,8.067111
test,T2,31.498,9.491147
test,T2,31.268,8.114552
test,T2,31.13,7.6749644
test,T2,31.13,7.842515
test,T2,31.13,8.468502
test,T2,31.13,9.294306
test,T2,31.13,11.705969
test,T2,31.13,10.549562
test,T2,31.13,8.132116
test,T2,30.966,9.372094
test,T2,30.556,9.420689
test,T2,30.31,11.822725
test,T2,30.31,12.139175
test,T2,30.31,8.960632
test,T2,30.31,11.228419
test,T2,30.31,12.386129
test,T2,30.31,10.777913
test,T2,30.31,10.249157
test,T2,30.17035,9.78137
test,T2,29.82035,8.464272
test,T2,29.61,8.586558
test,T2,29.61,8.745093
test,T2,29.61,9.474574
test,T2,29.61,9.360621
test,T2,29.61,8.908964
test,T2,29.61,7.881049
test,T2,29.61,9.168946
test,T2,29.731697,9.833983
test,T2,30.036697,7.5537953
test,T2,30.22,8.131193
test,T2,30.22,11.5485525
test,T2,30.22,11.373835
test,T2,30.22,8.145487
test,T2,30.22,8.145253
test,T2,30.22,9.519621
test,T2,30.22,10.733088
test,T2,30.298,11.707984
test,T2,30.493,11.480625
test,T2,30.61,9.293274
test,T2,30.61,9.357545
test,T2,30.61,8.750639
test,T2,30.61,9.377138
test,T2,30.61,12.071389
test,T2,30.61,10.879259
test,T2,30.61,6.8954024
test,T2,30.35065,9.115915
test,T2,29.70065,11.3078985
test,T2,29.31,12.383886
test,T2,29.31,11.685574
test,T2,29.31,11.987995
test,T2,29.31,12.84119
test,T2,29.31,12.080475
test,T2,29.31,8.721339
test,T2,29.31,8.752605
test,T2,29.192291,10.359184
test,T2,28.897291,13.33507
test,T2,28.72,13.684737
test,T2,28.72,11.337166
test,T2,28.72,11.096722
test,T2,28.72,12.467855
test,T2,28.72,10.561647
test,T2,28.72,11.816778
test,T2,28.72,11.674604
test,T2,28.754,12.102161
test,T2,28.839,17.71497
test,T2,28.89,15.622195
test,T2,28.89,10.202589
test,T2,28.89,9.429678
test,T2,28.89,8.851335
test,T2,28.89,9.813698
test,T2,28.89,10.374101
test,T2,28.89,11.132362
test,T2,29.16,10.317543
test,T2,29.835,12.240812
test,T2,30.24,13.911327
test,T2,30.24,11.215041
test,T2,30.24,11.900955
test,T2,30.24,15.827541
test,T2,30.24,14.854332
test,T2,30.24,11.262033
test,T2,30.24,9.674516
test,T2,30.046486,7.8611264
test,T2,29.561485,7.9643826
test,T2,29.27,8.884029
test,T2,29.27,8.006201
test,T2,29.27,7.2288146
test,T2,29.27,9.68798
test,T2,29.27,10.67466
test,T2,29.27,8.09573
test,T2,29.27,7.8978796
test,T2,29.27399,8.585412
test,T2,29.28399,8.587799
test,T2,29.29,7.918298
test,T2,29.29,9.194287
test,T2,29.29,8.878509
test,T2,29.29,7.692684
test,T2,29.29,7.1071334
test,T2,29.29,9.350129
test,T2,29.29,9.595013
test,T2,29.328,12.130285
test,T2,29.423,13.657085
test,T2,29.48,9.202034
test,T2,29.48,7.0594244
test,T2,29.48,8.92704
test,T2,29.48,8.377571
test,T2,29.48,6.7089596
test,T2,29.48,8.062254
test,T2,29.48,9.7429
test,T2,29.65,9.137289
test,T2,30.075,9.762182
test,T2,30.33,10.455959
test,T2,30.33,10.986874
test,T2,30.33,12.65145
test,T2,30.33,10.189304
test,T2,30.33,9.984955
test,T2,30.33,10.722296
test,T2,30.33,10.022129
test,T2,30.214,11.644417
test,T2,29.924,8.854454
test,T2,29.75,6.968343
test,T2,29.75,9.06949
test,T2,29.75,8.2726345
test,T2,29.75,8.841587
test,T2,29.75,9.370824
test,T2,29.75,7.603088
test,T2,29.75,8.862706
test,T2,29.748,9.933959
test,T2,29.743,10.606773
test,T2,29.74,11.85882
test,T2,29.74,13.384747
test,T2,29.74,13.269089
test,T2,29.74,14.561525
test,T2,29.74,14.0093775
test,T2,29.74,10.394665
test,T2,29.74,8.735469
test,T2,29.54449,9.7970085
test,T2,29.05449,9.967751
test,T2,28.76,10.094364
test,T2,28.76,9.590616
test,T2,28.76,9.236492
test,T2,28.76,9.556079
test,T2,28.76,9.837973
test,T2,28.76,9.462046
test,T2,28.76,9.751235
test,T2,28.540545,11.256111
test,T2,27.990545,11.22602
test,T2,27.66,10.805536
test,T2,27.66,10.829073
test,T2,27.66,10.151868
test,T2,27.66,11.390542
test,T2,27.66,12.528724
test,T2,27.66,11.037166
test,T2,27.66,10.051458
test,T2,27.724,9.461773
test,T2,27.884,10.257927
test,T2,27.98,10.111047
test,T2,27.98,10.04187
test,T2,27.98,10.314598
test,T2,27.98,10.525581
test,T2,27.98,11.590748
test,T2,27.98,12.807173
test,T2,27.98,12.256153
test,T2,28.232,12.193615
test,T2,28.862,10.071891
test,T2,29.24,8.526327
test,T2,29.24,7.1850114
test,T2,29.24,8.375397
test,T2,29.24,11.461349
test,T2,29.24,9.880163
test,T2,29.24,10.046066
test,T2,29.24,11.510208
test,T2,29.394,12.952808
test,T2,29.779,12.007791
test,T2,30.01,9.153688
test,T2,30.01,9.765318
test,T2,30.01,11.071289
test,T2,30.01,9.618291
test,T2,30.01,9.986875
test,T2,30.01,11.704081
test,T2,30.01,12.5900345
test,T2,30.002,11.593533
test,T2,29.982,10.343258
test,T2,29.97,10.909532
test,T2,29.97,12.774289
test,T2,29.97,11.484659
test,T2,29.97,11.8964615
test,T2,29.97,10.385788
test,T2,29.97,11.248653
test,T2,29.97,11.705378
test,T2,29.948,11.784876
test,T2,29.893,9.834335
test,T2,29.86,9.176421
test,T2,29.86,12.21957
test,T2,29.86,11.900368
test,T2,29.86,12.289585
test,T2,29.86,13.83076
test,T2,29.86,12.406856
test,T2,29.86,11.501302
test,T2,29.802,10.303345
test,T2,29.657,10.551752
test,T2,29.57,13.178732
test,T2,29.57,15.51288
test,T2,29.57,14.172392
test,T2,29.57,9.895908
test,T2,29.57,11.230309
test,T2,29.57,12.3533325
test,T2,29.57,13.077124
test,T2,29.488205,13.220312
test,T2,29.283205,12.298981
test,T2,29.16,13.923943
test,T2,29.16,12.133256
test,T2,29.16,11.744013
test,T2,29.16,10.712339
test,T2,29.16,8.578129
test,T2,29.16,9.93359
test,T2,29.16,12.787432
test,T2,29.122095,15.20528
test,T2,29.027096,12.322136
test,T2,28.97,10.544844
test,T2,28.97,14.822668
test,T2,28.97,16.260427
test,T2,28.97,13.630053
test,T2,28.97,10.605194
test,T2,28.97,7.8632946
test,T2,28.97,8.764258
test,T2,29.008,11.418739
test,T2,29.103,11.255594
test,T2,29.16,9.147457
test,T2,29.16,8.745431
test,T2,29.16,9.447349
test,T2,29.16,8.829542
test,T2,29.16,8.703385
test,T2,29.16,9.28977
test,T2,29.16,9.497403
test,T2,29.4,10.145443
test,T2,30.0,11.1474905
test,T2,30.36,13.776957
test,T2,30.36,12.0928545
test,T2,30.36,11.200579
test,T2,30.36,17.948935
test,T2,30.36,16.713099
test,T2,30.36,9.97578
test,T2,30.36,9.148823
test,T2,30.08469,10.246758
test,T2,29.39469,10.641437
test,T2,28.98,10.433154
test,T2,28.98,11.35096
test,T2,28.98,10.919952
test,T2,28.98,10.117435
test,T2,28.98,7.826039
test,T2,28.98,4.7162476
test,T2,28.98,4.415907
test,T2,29.08,4.2663317
test,T2,29.33,3.987131
test,T2,29.48,5.512944
test,T2,29.48,5.8835707
test,T2,29.48,5.2187157
test,T2,29.48,7.3032556
test,T2,29.48,6.940197
test,T2,29.48,4.8752937
test,T2,29.48,5.5738096
test,T2,29.352,11.170265
test,T2,29.032,10.833036
test,T2,28.84,5.033853
test,T2,28.84,6.8444347
test,T2,28.84,7.5209026
test,T2,28.84,6.240375
test,T2,28.84,7.231415
test,T2,28.84,7.630477
test,T2,28.84,8.290033
test,T2,29.001595,9.785635
test,T2,29.406595,7.8124766
test,T2,29.65,5.731028
test,T2,29.65,6.38395
test,T2,29.65,6.3336334
test,T2,29.65,6.63557
test,T2,29.65,7.3679457
test,T2,29.65,7.603238
test,T2,29.65,6.2918806
test,T2,29.598,5.626485
test,T2,29.468,6.4471197
test,T2,29.39,6.412538
test,T2,29.39,7.8818054
test,T2,29.39,7.0093184
test,T2,29.39,9.300951
test,T2,29.39,10.130051
test,T2,29.39,7.070591
test,T2,29.39,6.324487
test,T2,29.502,6.337196
test,T2,29.782,6.1391716
test,T2,29.95,6.3573093
test,T2,29.95,8.466235
test,T2,29.95,7.573638
test,T2,29.95,5.772951
test,T2,29.95,6.221452
test,T2,29.95,5.8266125
test,T2,29.95,7.886945
test,T2,29.692,8.650327
test,T2,29.047,6.329921
test,T2,28.66,6.4978576
test,T2,28.66,6.082724
test,T2,28.66,9.455254
test,T2,28.66,10.386557
test,T2,28.66,7.742114
test,T2,28.66,7.2476597
test,T2,28.66,8.085313
test,T2,28.766,7.336384
test,T2,29.031,7.3662786
test,T2,29.19,7.290563
test,T2,29.19,6.1508837
test,T2,29.19,6.472287
test,T2,29.19,7.3699183
test,T2,29.19,7.0280566
test,T2,29.19,7.1543775
test,T2,29.19,7.271392
test,T2,29.172,8.056498
test,T2,29.127,6.9321012
test,T2,29.1,6.6892376
test,T2,29.1,6.515128
test,T2,29.1,6.3307896
test,T2,29.1,6.684665
test,T2,29.1,7.5362134
test,T2,29.1,9.315739
test,T2,29.1,12.187006
test,T2,29.114,10.636121
test,T2,29.149,6.5409775
test,T2,29.17,6.520959
test,T2,29.17,6.8855257
test,T2,29.17,8.53503
test,T2,29.17,6.89966
test,T2,29.17,6.683592
test,T2,29.17,6.8897157
test,T2,29.17,7.797944
test,T2,29.209902,6.8614683
test,T2,29.3099,4.931643
test,T2,29.37,5.2477436
test,T2,29.37,5.062747
test,T2,29.37,6.541987
test,T2,29.37,6.4578333
test,T2,29.37,7.5192833
test,T2,29.37,8.599985
test,T2,29.37,6.6780186
test,T2,29.528,6.6728683
test,T2,29.923,5.664072
test,T2,30.16,4.9919124
test,T2,30.16,5.3975587
test,T2,30.16,5.5105877
test,T2,30.16,5.3115945
test,T2,30.16,6.2957954
test,T2,30.16,8.404116
test,T2,30.16,9.04755
test,T2,30.376,7.1863127
test,T2,30.916,7.080801
test,T2,31.24,7.6677594
test,T2,31.24,9.905904
test,T2,31.24,12.904337
test,T2,31.24,12.66795
test,T2,31.24,10.752231
test,T2,31.24,8.900412
test,T2,31.24,7.821121
test,T2,31.276,8.001316
test,T2,31.366,7.5485883
test,T2,31.42,7.2353477
test,T2,31.42,7.650571
test,T2,31.42,7.1054564
test,T2,31.42,6.69596
test,T2,31.42,7.3463078
test,T2,31.42,6.3825502
test,T2,31.42,6.582755
test,T2,30.422476,7.8575077
test,T2,27.922476,8.261677
test,T2,26.42,9.205518
test,T2,26.42,9.944414
test,T2,26.42,8.644146
test,T2,26.42,9.573034
test,T2,26.42,8.960876
test,T2,26.42,7.2957797
test,T2,26.42,7.358468
test,T2,25.9655,7.4826794
test,T2,24.4505,8.459886
test,T2,23.39,8.55563
test,T2,23.39,10.743323
test,T2,23.39,10.943056
test,T2,23.39,8.513605
test,T2,23.39,8.6420965
test,T2,23.39,9.719269
test,T2,23.39,8.281032
test,T2,23.312,7.962404
test,T2,23.117,7.5428114
test,T2,23.0,6.457817
test,T2,23.0,7.36732
test,T2,23.0,7.6512394
test,T2,23.0,6.80268
test,T2,23.0,8.154503
test,T2,23.0,7.668558
test,T2,23.0,8.780462
test,T2,23.104,9.418075
test,T2,23.364,9.28053
test,T2,23.52,7.4798346
test,T2,23.52,6.402486
test,T2,23.52,8.927738
test,T2,23.52,9.016223
test,T2,23.52,8.148952
test,T2,23.52,9.521828
test,T2,23.52,9.500771
test,T2,23.390335,8.686401
test,T2,23.065334,8.964328
test,T2,22.87,8.428287
test,T2,22.87,8.432871
test,T2,22.87,8.545788
test,T2,22.87,9.782099
test,T2,22.87,9.400223
test,T2,22.87,8.391099
test,T2,22.87,11.207403
test,T2,22.812,11.17058
test,T2,22.667,8.564843
test,T2,22.58,8.060246
test,T2,22.58,9.616362
test,T2,22.58,10.597265
test,T2,22.58,10.7167225
test,T2,22.58,9.41066
test,T2,22.58,10.29474
test,T2,22.58,10.4485
test,T2,22.592,13.081356
test,T2,22.622,19.21505
test,T2,22.64,14.893676
test,T2,22.64,10.63302
test,T2,22.64,10.140851
test,T2,22.64,10.431505
test,T2,22.64,13.253955
test,T2,22.64,11.867214
test,T2,22.64,8.153717
test,T2,23.03501,8.522547
test,T2,24.02501,7.8052864
test,T2,24.62,7.6866207
test,T2,24.62,8.486855
test,T2,24.62,9.603177
test,T2,24.62,11.076895
test,T2,24.62,10.941554
test,T2,24.62,9.133379
test,T2,24.62,8.490187
test,T2,25.023,9.749851
test,T2,26.033,9.202866
test,T2,26.64,8.7365465
test,T2,26.64,8.662071
test,T2,26.64,7.572985
test,T2,26.64,10.380155
test,T2,26.64,10.578096
test,T2,26.64,7.1051655
test,T2,26.64,6.75302
test,T2,26.734,8.286436
test,T2,26.969,8.228447
test,T2,27.11,7.87766
test,T2,27.11,9.592038
test,T2,27.11,10.261763
test,T2,27.11,8.63799
test,T2,27.11,7.774066
test,T2,27.11,9.546985
test,T2,27.11,12.735849
test,T2,27.22172,10.2259445
test,T2,27.50172,8.155804
test,T2,27.67,8.701773
test,T2,27.67,6.7305284
test,T2,27.67,7.517291
test,T2,27.67,8.181946
test,T2,27.67,7.7025394
test,T2,27.67,9.735302
test,T2,27.67,9.242744
test,T2,26.904,9.345266
test,T2,24.989,10.607761
test,T2,23.84,11.187049
test,T2,23.84,11.979644
test,T2,23.84,9.894117
test,T2,23.84,11.322266
test,T2,23.84,10.550087
test,T2,23.84,7.6654644
test,T2,23.84,6.9153986
test,T2,23.588,7.2812696
test,T2,22.958,7.9852314
test,T2,22.58,9.120931
test,T2,22.58,10.9525585
test,T2,22.58,10.255947
test,T2,22.58,7.146228
test,T2,22.58,6.779261
test,T2,22.58,7.70811
test,T2,22.58,7.9901915
test,T2,23.503708,8.628232
test,T2,25.818708,8.574396
test,T2,27.21,10.855301
test,T2,27.21,11.980516
test,T2,27.21,9.085501
test,T2,27.21,11.028265
test,T2,27.21,11.344346
test,T2,27.21,8.986134
test,T2,27.21,10.99491
test,T2,27.736,11.588514
test,T2,29.051,12.59676
test,T2,29.84,13.190011
test,T2,29.84,8.487703
test,T2,29.84,10.658318
test,T2,29.84,13.466177
test,T2,29.84,11.601053
test,T2,29.84,10.715605
test,T2,29.84,10.602755
test,T2,29.598604,12.100057
test,T2,28.993605,11.86981
test,T2,28.63,11.362883
test,T2,28.63,14.242032
test,T2,28.63,15.154543
test,T2,28.63,13.302786
test,T2,28.63,14.133598
test,T2,28.63,14.843397
test,T2,28.63,11.600904
test,T2,28.612,8.595453
test,T2,28.567,8.287193
test,T2,28.54,8.702173
test,T2,28.54,10.864845
test,T2,28.54,13.127404
test,T2,28.54,13.466499
test,T2,28.54,10.056881
test,T2,28.54,10.668766
test,T2,28.54,12.395116
test,T2,28.606,14.7769575
test,T2,28.771,12.277901
test,T2,28.87,8.729933
test,T2,28.87,8.908656
test,T2,28.87,9.969014
test,T2,28.87,9.581606
test,T2,28.87,10.022388
test,T2,28.87,9.387318
test,T2,28.87,10.466711
test,T2,28.987707,12.02505
test,T2,29.282707,11.665764
test,T2,29.46,10.898272
test,T2,29.46,9.672491
test,T2,29.46,10.368746
test,T2,29.46,12.3518
test,T2,29.46,14.460789
test,T2,29.46,14.038269
test,T2,29.46,10.967731
test,T2,29.658,11.63711
test,T2,30.153,12.004278
test,T2,30.45,10.22914
test,T2,30.45,10.818094
test,T2,30.45,14.234165
test,T2,30.45,14.055949
test,T2,30.45,9.330848
test,T2,30.45,7.692149
test,T2,30.45,12.40955
test,T2,30.368,17.530806
test,T2,30.163,13.748331
test,T2,30.04,10.20554
test,T2,30.04,11.047101
test,T2,30.04,9.6640625
test,T2,30.04,8.091429
test,T2,30.04,8.827574
test,T2,30.04,10.647434
test,T2,30.04,13.857241
test,T2,30.09,15.0129795
test,T2,30.215,14.1862545
test,T2,30.29,10.927525
test,T2,30.29,9.946699
test,T2,30.29,11.891977
test,T2,30.29,11.352564
test,T2,30.29,9.6360855
test,T2,30.29,8.845188
test,T2,30.29,10.063957
test,T2,30.35,9.112945
test,T2,30.5,9.57744
test,T2,30.59,9.459821
test,T2,30.59,10.390587
test,T2,30.59,12.022484
test,T2,30.59,11.492138
test,T2,30.59,10.13669
test,T2,30.59,11.630339
test,T2,30.59,11.671598
test,T2,30.596,12.716325
test,T2,30.611,12.974992
test,T2,30.62,10.851883
test,T2,30.62,9.863722
test,T2,30.62,9.069096
test,T2,30.62,10.8297615
test,T2,30.62,13.376164
test,T2,30.62,13.479622
test,T2,30.62,12.770718
test,T2,30.598,10.115104
test,T2,30.543,8.883382
test,T2,30.51,8.079778
test,T2,30.51,8.813649
test,T2,30.51,12.643986
test,T2,30.51,12.380688
test,T2,30.51,9.863571
test,T2,30.51,10.165963
test,T2,30.51,9.225154
test,T2,30.432,10.991414
test,T2,30.237,11.684802
test,T2,30.12,11.4128065
test,T2,30.12,12.996451
test,T2,30.12,11.830628
test,T2,30.12,11.613837
test,T2,30.12,16.436653
test,T2,30.12,10.591487
test,T2,30.12,7.3992915
test,T2,29.984,7.9185877
test,T2,29.644,8.59811
test,T2,29.44,9.052131
test,T2,29.44,9.220583
test,T2,29.44,8.575027
test,T2,29.44,7.99039
test,T2,29.44,7.6049566
test,T2,29.44,7.392195
test,T2,29.44,9.329442
test,T2,29.312,9.277388
test,T2,28.992,10.745408
test,T2,28.8,10.51272
test,T2,28.8,10.426178
test,T2,28.8,9.659338
test,T2,28.8,7.846439
test,T2,28.8,8.467356
test,T2,28.8,8.0450535
test,T2,28.8,8.89183
test,T2,28.7,8.800579
test,T2,28.45,9.420853
test,T2,28.3,8.739832
test,T2,28.3,8.611063
test,T2,28.3,8.496061
test,T2,28.3,10.474005
test,T2,28.3,10.015151
test,T2,28.3,11.100201
test,T2,28.3,10.288863
test,T2,28.398,8.02997
test,T2,28.643,8.875723
test,T2,28.79,9.151032
test,T2,28.79,10.173474
test,T2,28.79,8.719994
test,T2,28.79,6.9862003
test,T2,28.79,7.2368793
test,T2,28.79,7.0020857
test,T2,28.79,7.5722513
test,T2,28.858,8.814749
test,T2,29.028,10.150339
test,T2,29.13,10.132356
test,T2,29.13,9.252543
test,T2,29.13,10.01747
test,T2,29.13,8.68269
test,T2,29.13,8.398598
test,T2,29.13,10.604397
test,T2,29.13,11.279335
test,T2,28.768906,9.278481
test,T2,27.863905,8.229862
test,T2,27.32,9.520349
test,T2,27.32,11.828602
test,T2,27.32,11.423543
test,T2,27.32,10.291738
test,T2,27.32,10.398198
test,T2,27.32,9.939665
test,T2,27.32,9.4779625
test,T2,27.136,8.801502
test,T2,26.676,8.518446
test,T2,26.4,8.824501
test,T2,26.4,7.1393495
test,T2,26.4,6.5948052
test,T2,26.4,7.380266
test,T2,26.4,7.219242
test,T2,26.4,8.65071
test,T2,26.4,9.5228615
test,T2,26.585539,8.173318
test,T2,27.050539,6.764813
test,T2,27.33,7.323064
test,T2,27.33,9.433125
test,T2,27.33,8.310526
test,T2,27.33,7.4813247
test,T2,27.33,8.386572
test,T2,27.33,8.333132
test,T2,27.33,8.779902
test,T2,27.416,8.967218
test,T2,27.631,7.324321
test,T2,27.76,7.5142303
test,T2,27.76,8.792633
test,T2,27.76,8.128002
test,T2,27.76,9.056339
test,T2,27.76,10.068764
test,T2,27.76,12.565063
test,T2,27.76,12.047445
test,T2,27.95352,11.01324
test,T2,28.43852,9.304116
test,T2,28.73,8.443343
test,T2,28.73,9.562966
test,T2,28.73,10.533829
test,T2,28.73,10.124813
test,T2,28.73,8.499319
test,T2,28.73,7.1766434
test,T2,28.73,7.0231705
test,T2,28.85768,7.629711
test,T2,29.17768,7.3644657
test,T2,29.37,8.664057
test,T2,29.37,7.3208103
test,T2,29.37,6.5010705
test,T2,29.37,6.476578
test,T2,29.37,6.9690824
test,T2,29.37,7.171758
test,T2,29.37,7.786029
test,T2,29.502,10.433459
test,T2,29.832,10.234466
test,T2,30.03,10.229454
test,T2,30.03,8.865074
test,T2,30.03,8.54096
test,T2,30.03,7.5265336
test,T2,30.03,7.4180264
test,T2,30.03,8.363414
test,T2,30.03,7.8951244
test,T2,30.05394,6.934435
test,T2,30.11394,5.3953533
test,T2,30.15,6.092168
test,T2,30.15,7.770367
test,T2,30.15,7.0092382
test,T2,30.15,5.7623987
test,T2,30.15,5.8149548
test,T2,30.15,7.2935133
test,T2,30.15,6.673299
test,T2,29.83,5.899872
test,T2,29.03,8.181587
test,T2,28.55,8.087374
test,T2,28.55,5.069233
test,T2,28.55,6.8752136
test,T2,28.55,8.454386
test,T2,28.55,8.0100565
test,T2,28.55,9.487383
test,T2,28.55,9.343203
test,T2,28.292,8.222839
test,T2,27.647,8.912573
test,T2,27.26,9.647703
test,T2,27.26,8.791425
test,T2,27.26,9.635586
test,T2,27.26,9.70376
test,T2,27.26,7.9950843
test,T2,27.26,7.838873
test,T2,27.26,9.114295
test,T2,27.1024,8.997925
test,T2,26.7074,8.364592
test,T2,26.47,8.647225
test,T2,26.47,9.967537
test,T2,26.47,10.150599
test,T2,26.47,8.89588
test,T2,26.47,7.5741606
test,T2,26.47,7.498454
test,T2,26.47,8.587454
test,T2,26.518,8.841669
test,T2,26.638,7.5060754
test,T2,26.71,8.448077
test,T2,26.71,7.293029
test,T2,26.71,7.2574797
test,T2,26.71,7.958586
test,T2,26.71,7.7516522
test,T2,26.71,8.789294
test,T2,26.71,8.152624
test,T2,26.834,7.11384
test,T2,27.144,7.4942226
test,T2,27.33,7.6780825
test,T2,27.33,7.493375
test,T2,27.33,7.4167795
test,T2,27.33,6.3640666
test,T2,27.33,6.685466
test,T2,27.33,7.8795595
test,T2,27.33,7.8812113
test,T2,27.368,6.40749
test,T2,27.463,4.952984
test,T2,27.52,7.5352306
test,T2,27.52,9.687244
test,T2,27.52,9.617298
test,T2,27.52,8.491169
test,T2,27.52,6.8212237
test,T2,27.52,6.773747
test,T2,27.52,7.126383
test,T2,27.38,7.710241
test,T2,27.03,9.905237
test,T2,26.82,9.833087
test,T2,26.82,7.812962
test,T2,26.82,7.6332016
test,T2,26.82,8.684821
test,T2,26.82,9.849329
test,T2,26.82,10.442514
test,T2,26.82,8.073804
test,T2,27.057405,6.334527
test,T2,27.652405,7.367878
test,T2,28.01,8.168457
test,T2,28.01,8.031711
test,T2,28.01,9.048575
test,T2,28.01,9.487247
test,T2,28.01,7.4789844
test,T2,28.01,6.288528
test,T2,28.01,8.501544
test,T2,28.195536,10.795395
test,T2,28.660536,9.203373
test,T2,28.94,6.592162
test,T2,28.94,6.651535
test,T2,28.94,8.183803
test,T2,28.94,9.118634
test,T2,28.94,7.7168407
test,T2,28.94,7.4513087
test,T2,28.94,7.810747
test,T2,28.966,7.3651767
test,T2,29.031,7.6006823
test,T2,29.07,7.7147126
test,T2,29.07,7.8085675
test,T2,29.07,11.132341
test,T2,29.07,12.068141
test,T2,29.07,8.661094
test,T2,29.07,7.4890766
test,T2,29.07,8.140379
test,T2,28.95,7.94242
test,T2,28.65,7.8214455
test,T2,28.47,8.561057
test,T2,28.47,8.808565
test,T2,28.47,7.590274
test,T2,28.47,9.346851
test,T2,28.47,10.809733
test,T2,28.47,12.646554
test,T2,28.47,14.28051
test,T2,28.491945,10.540491
test,T2,28.546946,9.621084
test,T2,28.58,9.105094
test,T2,28.58,6.9409328
test,T2,28.58,9.688673
test,T2,28.58,11.661902
test,T2,28.58,10.849295
test,T2,28.58,8.6338
test,T2,28.58,8.819373
test,T2,28.304,7.509789
test,T2,27.614,7.820667
test,T2,27.2,8.139869
test,T2,27.2,7.4505205
test,T2,27.2,7.755015
test,T2,27.2,6.881701
test,T2,27.2,7.9247456
test,T2,27.2,10.018023
test,T2,27.2,9.266017
test,T2,26.976,7.368358
test,T2,26.416,8.279756
test,T2,26.08,8.011876
test,T2,26.08,6.93336
test,T2,26.08,6.696973
test,T2,26.08,8.723289
test,T2,26.08,8.794407
test,T2,26.08,7.135006
test,T2,26.08,7.922372
test,T2,25.876,8.396224
test,T2,25.366,8.685642
test,T2,25.06,8.565094
test,T2,25.06,9.041496
test,T2,25.06,8.838682
test,T2,25.06,10.223557
test,T2,25.06,10.4126835
test,T2,25.06,9.2680025
test,T2,25.06,11.580914
test,T2,25.177708,11.7639675
test,T2,25.472708,10.377863
test,T2,25.65,7.7974796
test,T2,25.65,8.592039
test,T2,25.65,8.879552
test,T2,25.65,9.570425
test,T2,25.65,10.49568
test,T2,25.65,9.699372
test,T2,25.65,9.913305
test,T2,25.99,9.082385
test,T2,26.84,6.934124
test,T2,27.35,7.0271745
test,T2,27.35,8.243319
test,T2,27.35,8.113734
test,T2,27.35,7.969263
test,T2,27.35,8.188586
test,T2,27.35,7.143456
test,T2,27.35,7.2178164
test,T2,27.546,8.565567
test,T2,28.036,10.179119
test,T2,28.33,9.429928
test,T2,28.33,8.527058
test,T2,28.33,8.519393
test,T2,28.33,9.332148
test,T2,28.33,9.587355
test,T2,28.33,8.112128
test,T2,28.33,7.7508144
test,T2,28.19434,8.083736
test,T2,27.85434,8.243051
test,T2,27.65,7.1671305
test,T2,27.65,7.713873
test,T2,27.65,9.435457
test,T2,27.65,9.545153
test,T2,27.65,9.193395
test,T2,27.65,9.920976
test,T2,27.65,8.545167
test,T2,27.492,8.087987
test,T2,27.097,9.860981
test,T2,26.86,9.6434965
test,T2,26.86,8.163559
test,T2,26.86,6.90823
test,T2,26.86,6.275565
test,T2,26.86,7.0863624
test,T2,26.86,8.53266
test,T2,26.86,9.704919
test,T2,27.128,8.9586525
test,T2,27.798,9.864733
test,T2,28.2,9.016609
test,T2,28.2,9.037057
test,T2,28.2,10.76165
test,T2,28.2,14.01728
test,T2,28.2,12.011109
test,T2,28.2,11.468412
test,T2,28.2,9.930361
test,T2,28.46,8.734006
test,T2,29.11,8.304603
test,T2,29.5,9.470589
test,T2,29.5,8.710883
test,T2,29.5,7.4460626
test,T2,29.5,8.375804
test,T2,29.5,7.3671093
test,T2,29.5,7.426486
test,T2,29.5,8.159988
test,T2,29.505985,6.422494
test,T2,29.520985,8.296427
test,T2,29.53,9.587732
test,T2,29.53,8.428628
test,T2,29.53,9.03691
test,T2,29.53,6.7440295
test,T2,29.53,5.184673
test,T2,29.53,8.618924
test,T2,29.53,11.095041
test,T2,29.398,10.117814
test,T2,29.068,9.665282
test,T2,28.87,7.7460747
test,T2,28.87,7.741596
test,T2,28.87,6.7263117
test,T2,28.87,8.886535
test,T2,28.87,10.368685
test,T2,28.87,9.2353325
test,T2,28.87,8.31802
test,T2,28.946,7.6850944
test,T2,29.136,8.13466
test,T2,29.25,8.686162
test,T2,29.25,6.8094916
test,T2,29.25,6.2306166
test,T2,29.25,7.3769155
test,T2,29.25,7.071928
test,T2,29.25,6.536957
test,T2,29.25,6.3289037
test,T2,29.176,6.828551
test,T2,28.991,7.481515
test,T2,28.88,9.833069
test,T2,28.88,10.925892
test,T2,28.88,10.177708
test,T2,28.88,8.913066
test,T2,28.88,8.348684
test,T2,28.88,9.102535
test,T2,28.88,8.544813
test,T2,27.768757,7.8435607
test,T2,24.983757,8.708836
test,T2,23.31,9.567751
test,T2,23.31,8.358597
test,T2,23.31,7.739602
test,T2,23.31,8.652056
test,T2,23.31,6.9730196
test,T2,23.31,7.000078
test,T2,23.31,9.821316
test,T2,23.05863,11.508881
test,T2,22.42863,10.842132
test,T2,22.05,8.548292
test,T2,22.05,9.252026
test,T2,22.05,9.771694
test,T2,22.05,8.274206
test,T2,22.05,7.2370424
test,T2,22.05,7.5429487
test,T2,22.05,7.6348257
test,T2,21.99813,8.421977
test,T2,21.86813,8.358613
test,T2,21.79,7.8486576
test,T2,21.79,7.632898
test,T2,21.79,8.814348
test,T2,21.79,8.8370495
test,T2,21.79,7.1585693
test,T2,21.79,7.6710453
test,T2,21.79,7.0647616
test,T2,22.79,7.19874
test,T2,25.29,7.0435877
test,T2,26.79,6.0976214
test,T2,26.79,8.132312
test,T2,26.79,9.03388
test,T2,26.79,8.661901
test,T2,26.79,9.917968
test,T2,26.79,9.800772
test,T2,26.79,9.270809
test,T2,27.516197,8.800528
test,T2,29.336199,8.848841
test,T2,30.43,9.620659
test,T2,30.43,8.774569
test,T2,30.43,9.189383
test,T2,30.43,9.667672
test,T2,30.43,9.709866
test,T2,30.43,9.468091
test,T2,30.43,8.271873
test,T2,30.33025,9.065223
test,T2,30.08025,8.766632
test,T2,29.93,9.240855
test,T2,29.93,10.106092
test,T2,29.93,10.381504
test,T2,29.93,9.652201
test,T2,29.93,8.722563
test,T2,29.93,10.448639
test,T2,29.93,12.820664
test,T2,29.72451,13.202099
test,T2,29.20951,9.280518
test,T2,28.9,7.763356
test,T2,28.9,9.598911
test,T2,28.9,11.241777
test,T2,28.9,10.217795
test,T2,28.9,10.009201
test,T2,28.9,9.990638
test,T2,28.9,7.588642
test,T2,28.752,10.056305
test,T2,28.382,9.695895
test,T2,28.16,7.774064
test,T2,28.16,7.527921
test,T2,28.16,6.697762
test,T2,28.16,7.8309793
test,T2,28.16,8.095737
test,T2,28.16,7.5953536
test,T2,28.16,7.956181
test,T2,28.192,7.165719
test,T2,28.272,7.1589413
test,T2,28.32,7.6535583
test,T2,28.32,7.478979
test,T2,28.32,9.16259
test,T2,28.32,9.222402
test,T2,28.32,9.328252
test,T2,28.32,9.233939
test,T2,28.32,8.392396
test,T2,28.018,8.472391
test,T2,27.263,9.409929
test,T2,26.81,12.1327
test,T2,26.81,11.302549
test,T2,26.81,8.802789
test,T2,26.81,8.236752
test,T2,26.81,8.163524
test,T2,26.81,7.6298275
test,T2,26.81,8.211067
test,T2,26.732,8.295929
test,T2,26.537,6.2750587
test,T2,26.42,6.132713
test,T2,26.42,5.88086
test,T2,26.42,9.692537
test,T2,26.42,11.112467
test,T2,26.42,8.815844
test,T2,26.42,8.628206
test,T2,26.42,7.1576695
test,T2,26.52,6.2152667
test,T2,26.77,6.7093606
test,T2,26.92,10.27498
test,T2,26.92,10.833003
test,T2,26.92,7.243647
test,T2,26.92,7.41466
test,T2,26.92,8.472216
test,T2,26.92,7.933905
test,T2,26.92,8.156055
test,T2,27.112,8.495627
test,T2,27.592,10.673122
test,T2,27.88,9.9494295
test,T2,27.88,8.026059
test,T2,27.88,9.009523
test,T2,27.88,7.900467
test,T2,27.88,6.6158648
test,T2,27.88,6.6171446
test,T2,27.88,7.1913085
test,T2,27.79,10.004741
test,T2,27.565,10.300085
test,T2,27.43,8.387822
test,T2,27.43,7.9868402
test,T2,27.43,9.171675
test,T2,27.43,10.315313
test,T2,27.43,8.85095
test,T2,27.43,9.996498
test,T2,27.43,11.716055
test,T2,27.346209,10.804813
test,T2,27.136208,13.004902
test,T2,27.01,14.13686
test,T2,27.01,13.220178
test,T2,27.01,13.570127
test,T2,27.01,15.429901
test,T2,27.01,13.216675
test,T2,27.01,16.079218
test,T2,27.01,17.354471
test,T2,27.378,13.454649
test,T2,28.298,15.414806
test,T2,28.85,13.966975
test,T2,28.85,11.627096
test,T2,28.85,14.157736
test,T2,28.85,14.857105
test,T2,28.85,13.076258
test,T2,28.85,13.527829
test,T2,28.85,13.598689
test,T2,29.382,13.337385
test,T2,30.712,11.942196
test,T2,31.51,9.934702
test,T2,31.51,8.381575
test,T2,31.51,7.636084
test,T2,31.51,10.523281
test,T2,31.51,13.420536
test,T2,31.51,10.609169
test,T2,31.51,9.799422
test,T2,31.162,9.860867
test,T2,30.292,13.623206
test,T2,29.77,14.854062
test,T2,29.77,13.290453
test,T2,29.77,11.853336
test,T2,29.77,10.598424
test,T2,29.77,10.771238
test,T2,29.77,12.856783
test,T2,29.77,11.938599
test,T2,29.859777,10.740544
test,T2,30.084778,12.828335
test,T2,30.22,12.4279995
test,T2,30.22,10.482354
test,T2,30.22,9.060282
test,T2,30.22,11.123598
test,T2,30.22,11.177147
test,T2,30.22,10.833832
test,T2,30.22,13.45673
test,T2,30.528,12.123519
test,T2,31.298,8.902454
test,T2,31.76,9.046553
test,T2,31.76,10.204235
test,T2,31.76,9.560139
test,T2,31.76,11.933952
test,T2,31.76,13.583213
test,T2,31.76,12.83272
test,T2,31.76,15.690214
test,T2,31.7,18.905169
test,T2,31.55,15.929787
test,T2,31.46,14.150545
test,T2,31.46,14.204225
test,T2,31.46,11.3097
test,T2,31.46,12.585445
test,T2,31.46,11.224238
test,T2,31.46,9.982377
test,T2,31.46,11.920958
test,T2,31.444,11.963291
test,T2,31.404,10.757909
test,T2,31.38,11.321217
test,T2,31.38,10.566766
test,T2,31.38,14.669259
test,T2,31.38,15.077526
test,T2,31.38,9.071884
test,T2,31.38,10.479916
test,T2,31.38,11.353104
test,T2,31.178,9.998085
test,T2,30.673,7.7113466
test,T2,30.37,7.126299
test,T2,30.37,9.231487
test,T2,30.37,10.346921
test,T2,30.37,9.666991
test,T2,30.37,9.253269
test,T2,30.37,8.761527
test,T2,30.37,8.55467
test,T2,30.25429,8.61378
test,T2,29.96429,9.41012
test,T2,29.79,10.469116
test,T2,29.79,10.195258
test,T2,29.79,9.071028
test,T2,29.79,8.958953
test,T2,29.79,8.19528
test,T2,29.79,9.583646
test,T2,29.79,12.383515
test,T2,29.78202,11.51815
test,T2,29.76202,14.100103
test,T2,29.75,14.734299
test,T2,29.75,9.779659
test,T2,29.75,10.857449
test,T2,29.75,10.952097
test,T2,29.75,9.350613
test,T2,29.75,9.15594
test,T2,29.75,8.63562
test,T2,29.50262,9.583481
test,T2,28.88262,10.613013
test,T2,28.51,10.226125
test,T2,28.51,9.810796
test,T2,28.51,9.982155
test,T2,28.51,8.383934
test,T2,28.51,8.835865
test,T2,28.51,9.034754
test,T2,28.51,9.805964
test,T2,28.516,10.415103
test,T2,28.531,9.414251
test,T2,28.54,10.146267
test,T2,28.54,11.410459
test,T2,28.54,11.385064
test,T2,28.54,11.513955
test,T2,28.54,12.473624
test,T2,28.54,11.878637
test,T2,28.54,10.581786
test,T2,28.722,10.058039
test,T2,29.177,7.9419713
test,T2,29.45,8.846165
test,T2,29.45,11.627169
test,T2,29.45,11.337662
test,T2,29.45,9.613741
test,T2,29.45,9.326248
test,T2,29.45,9.6148615
test,T2,29.45,9.237613
test,T2,29.495886,9.445424
test,T2,29.610886,8.86042
test,T2,29.68,7.7059526
test,T2,29.68,6.515647
test,T2,29.68,6.903854
test,T2,29.68,8.540809
test,T2,29.68,10.323957
test,T2,29.68,12.61982
test,T2,29.68,10.185797
test,T2,29.568277,9.164932
test,T2,29.288277,10.727737
test,T2,29.12,10.8840065
test,T2,29.12,11.419326
test,T2,29.12,11.896034
test,T2,29.12,10.904277
test,T2,29.12,9.521026
test,T2,29.12,8.16582
test,T2,29.12,9.326315
test,T2,28.786835,10.069504
test,T2,27.951836,11.690369
test,T2,27.45,10.439816
test,T2,27.45,7.876077
test,T2,27.45,8.857569
test,T2,27.45,9.340855
test,T2,27.45,9.344247
test,T2,27.45,8.723938
test,T2,27.45,7.6829834
test,T2,26.89938,7.159069
test,T2,25.51938,9.21917
test,T2,24.69,10.461437
test,T2,24.69,9.551858
test,T2,24.69,9.949444
test,T2,24.69,10.752703
test,T2,24.69,10.945705
test,T2,24.69,10.3651905
test,T2,24.69,9.318406
test,T2,24.676,9.654276
test,T2,24.641,10.947318
test,T2,24.62,13.931334
test,T2,24.62,13.128752
test,T2,24.62,10.043862
test,T2,24.62,9.006457
test,T2,24.62,8.139816
test,T2,24.62,7.6950374
test,T2,24.62,9.562422
test,T2,24.48,11.526143
test,T2,24.13,11.194117
test,T2,23.92,9.60037
test,T2,23.92,9.821015
test,T2,23.92,9.362872
test,T2,23.92,7.582704
test,T2,23.92,7.570304
test,T2,23.92,8.088701
test,T2,23.92,9.292641
test,T2,23.56,9.409986
test,T2,22.66,9.983969
test,T2,22.12,10.807865
test,T2,22.12,9.142529
test,T2,22.12,8.559973
test,T2,22.12,9.310368
test,T2,22.12,8.06161
test,T2,22.12,11.079136
test,T2,22.12,13.8967
test,T2,22.102,11.800868
test,T2,22.057,11.477953
test,T2,22.03,10.338473
test,T2,22.03,9.573456
test,T2,22.03,10.207426
test,T2,22.03,12.800297
test,T2,22.03,14.442495
test,T2,22.03,12.755581
test,T2,22.03,10.333033
test,T2,21.906,10.368965
test,T2,21.596,10.371895
test,T2,21.41,9.053717
test,T2,21.41,11.996965
test,T2,21.41,12.2523155
test,T2,21.41,9.218233
test,T2,21.41,11.588503
test,T2,21.41,12.930225
test,T2,21.41,10.229887
test,T2,21.004,8.543998
test,T2,19.989,13.052559
test,T2,19.38,14.19022
test,T2,19.38,10.465199
test,T2,19.38,9.219969
test,T2,19.38,9.623367
test,T2,19.38,10.5899935
test,T2,19.38,12.078039
test,T2,19.38,11.938932
test,T2,19.429876,10.5333605
test,T2,19.554876,13.495289
test,T2,19.63,15.072115
test,T2,19.63,12.378101
test,T2,19.63,12.686472
test,T2,19.63,13.844023
test,T2,19.63,14.735893
test,T2,19.63,14.285549
test,T2,19.63,13.360556
test,T2,19.126,13.985717
test,T2,17.866,15.966822
test,T2,17.11,16.475824
test,T2,17.11,13.72587
test,T2,17.11,14.219812
test,T2,17.11,14.05444
test,T2,17.11,11.453506
test,T2,17.11,11.122498
test,T2,17.11,11.656224
test,T2,17.376,9.618742
test,T2,18.041,11.52474
test,T2,18.44,14.733474
test,T2,18.44,13.23499
test,T2,18.44,9.125826
test,T2,18.44,9.573509
test,T2,18.44,10.705107
test,T2,18.44,9.659245
test,T2,18.44,8.582424
test,T2,18.964,10.02746
test,T2,20.274,9.958874
test,T2,21.06,9.391134
test,T2,21.06,8.412366
test,T2,21.06,6.7381
test,T2,21.06,9.613817
test,T2,21.06,9.361428
test,T2,21.06,6.839122
test,T2,21.06,8.3745365
test,T2,21.121847,10.096211
test,T2,21.276846,9.390597
test,T2,21.37,7.398558
test,T2,21.37,5.816757
test,T2,21.37,8.236928
test,T2,21.37,9.226842
test,T2,21.37,7.8022985
test,T2,21.37,7.2312527
test,T2,21.37,7.4686575
test,T2,21.516,8.066897
test,T2,21.881,9.992725
test,T2,22.1,8.778816
test,T2,22.1,8.365438
test,T2,22.1,8.53125
test,T2,22.1,7.075904
test,T2,22.1,7.974372
test,T2,22.1,7.609351
test,T2,22.1,8.107352
test,T2,22.149876,8.229357
test,T2,22.274876,8.310302
test,T2,22.35,7.7891817
test,T2,22.35,6.8302984
test,T2,22.35,7.311723
test,T2,22.35,6.8312263
test,T2,22.35,6.7771053
test,T2,22.35,6.9851646
test,T2,22.35,7.169052
test,T2,22.24227,8.93819
test,T2,21.97227,9.814448
test,T2,21.81,9.029907
test,T2,21.81,8.558271
test,T2,21.81,8.168804
test,T2,21.81,8.91092
test,T2,21.81,10.617422
test,T2,21.81,10.941292
test,T2,21.81,10.197622
test,T2,22.001524,10.582518
test,T2,22.481525,9.771203
test,T2,22.77,10.527367
test,T2,22.77,8.941334
test,T2,22.77,10.321913
test,T2,22.77,12.2259865
test,T2,22.77,11.958267
test,T2,22.77,11.616362
test,T2,22.77,12.233778
test,T2,22.67,11.819859
test,T2,22.42,11.401493
test,T2,22.27,11.155188
test,T2,22.27,9.975124
test,T2,22.27,9.864064
test,T2,22.27,10.726032
test,T2,22.27,10.882616
test,T2,22.27,10.263961
test,T2,22.27,9.011935
test,T2,21.746,9.269649
test,T2,20.436,10.763136
test,T2,19.65,9.796131
test,T2,19.65,8.839989
test,T2,19.65,8.895267
test,T2,19.65,9.214726
test,T2,19.65,9.522091
test,T2,19.65,8.850697
test,T2,19.65,8.920665
test,T2,19.388,10.23978
test,T2,18.733,10.496061
test,T2,18.34,9.00341
test,T2,18.34,8.608737
test,T2,18.34,9.000755
test,T2,18.34,8.816866
test,T2,18.34,7.140473
test,T2,18.34,7.862448
test,T2,18.34,10.569833
test,T2,18.21,10.298184
test,T2,17.885,10.642319
test,T2,17.69,11.329352
test,T2,17.69,11.577034
test,T2,17.69,10.971914
test,T2,17.69,10.443087
test,T2,17.69,9.431563
test,T2,17.69,9.003916
test,T2,17.69,10.116459
test,T2,17.892,9.440539
test,T2,18.397,9.136582
test,T2,18.7,8.178121
test,T2,18.7,7.7832103
test,T2,18.7,9.404091
test,T2,18.7,8.3466425
test,T2,18.7,6.750617
test,T2,18.7,9.378241
test,T2,18.7,10.416783
test,T2,18.614,9.064992
test,T2,18.399,7.6847363
test,T2,18.27,8.307476
test,T2,18.27,9.59402
test,T2,18.27,8.542912
test,T2,18.27,7.420353
test,T2,18.27,8.915262
test,T2,18.27,9.280696
test,T2,18.27,8.2613735
test,T2,18.307463,10.315275
test,T2,18.402462,11.520077
test,T2,18.46,9.660165
test,T2,18.46,9.252811
test,T2,18.46,9.973639
test,T2,18.46,10.429123
test,T2,18.46,11.293597
test,T2,18.46,11.312269
test,T2,18.46,9.903742
test,T2,18.62559,10.138786
test,T2,19.040588,18.22583
test,T2,19.29,17.933573
test,T2,19.29,10.778489
test,T2,19.29,9.449905
test,T2,19.29,9.344467
test,T2,19.29,8.970088
test,T2,19.29,8.659545
test,T2,19.29,14.4548435
test,T2,19.06257,17.995153
test,T2,18.49257,11.825769
test,T2,18.15,8.6912565
test,T2,18.15,9.848162
test,T2,18.15,9.743983
test,T2,18.15,9.230894
test,T2,18.15,10.074172
test,T2,18.15,11.424391
test,T2,18.15,13.970239
test,T2,18.516,13.9096985
test,T2,19.431,10.848486
test,T2,19.98,11.1193075
test,T2,19.98,11.583605
test,T2,19.98,10.401107
test,T2,19.98,9.681138
test,T2,19.98,10.616586
test,T2,19.98,11.066782
test,T2,19.98,11.095963
test,T2,19.475252,10.644291
test,T2,18.210253,13.57272
test,T2,17.45,12.251026
test,T2,17.45,7.961898
test,T2,17.45,10.296785
test,T2,17.45,10.889702
test,T2,17.45,9.325579
test,T2,17.45,8.478676
test,T2,17.45,9.156723
test,T2,17.308355,8.257412
test,T2,16.953356,7.806828
test,T2,16.74,9.882363
test,T2,16.74,9.888779
test,T2,16.74,7.605675
test,T2,16.74,7.9347076
test,T2,16.74,9.526033
test,T2,16.74,14.513429
test,T2,16.74,13.342991
test,T2,17.146,9.158545
test,T2,18.161,8.865986
test,T2,18.77,8.748795
test,T2,18.77,6.76783
test,T2,18.77,5.6516485
test,T2,18.77,6.9237347
test,T2,18.77,8.305703
test,T2,18.77,8.901382
test,T2,18.77,8.211437
test,T2,19.095184,7.5658526
test,T2,19.910185,9.022584
test,T2,20.4,8.532938
test,T2,20.4,9.403215
test,T2,20.4,9.323891
test,T2,20.4,8.609146
test,T2,20.4,14.246713
test,T2,20.4,13.552027
test,T2,20.4,8.517686
test,T2,20.824,9.157176
test,T2,21.884,10.132317
test,T2,22.52,12.640514
test,T2,22.52,12.228074
test,T2,22.52,10.752563
test,T2,22.52,14.547992
test,T2,22.52,12.777191
test,T2,22.52,10.519617
test,T2,22.52,10.462812
test,T2,22.268,8.043514
test,T2,21.638,6.948343
test,T2,21.26,7.703662
test,T2,21.26,8.734165
test,T2,21.26,8.531876
test,T2,21.26,7.488924
test,T2,21.26,7.5728765
test,T2,21.26,8.644583
test,T2,21.26,11.388636
test,T2,21.154,14.449374
test,T2,20.889,11.236404
test,T2,20.73,13.736563
test,T2,20.73,21.004305
test,T2,20.73,14.699275
test,T2,20.73,6.960037
test,T2,20.73,6.9625063
test,T2,20.73,6.3206673
test,T2,20.73,9.219947
test,T2,21.124,10.888355
test,T2,22.109,8.19855
test,T2,22.7,5.9898033
test,T2,22.7,6.410309
test,T2,22.7,8.173599
test,T2,22.7,9.363276
test,T2,22.7,8.192818
test,T2,22.7,6.2891493
test,T2,22.7,7.914019
test,T2,22.654,10.187305
test,T2,22.539,9.628288
test,T2,22.47,8.078839
test,T2,22.47,9.135149
test,T2,22.47,9.630269
test,T2,22.47,10.443426
test,T2,22.47,10.960482
test,T2,22.47,8.18279
test,T2,22.47,7.6114187
test,T2,22.186,8.306016
test,T2,21.476,10.3927555
test,T2,21.05,11.516804
test,T2,21.05,10.341879
test,T2,21.05,11.418842
test,T2,21.05,11.686197
test,T2,21.05,11.819403
test,T2,21.05,10.884044
test,T2,21.05,10.760828
test,T2,20.44,10.912245
test,T2,18.915,10.478426
test,T2,18.0,10.262341
test,T2,18.0,10.787017
test,T2,18.0,10.296631
test,T2,18.0,10.145822
test,T2,18.0,10.597709
test,T2,18.0,10.004006
test,T2,18.0,11.4602785
test,T2,18.064,10.824449
test,T2,18.224,9.199966
test,T2,18.32,10.569124
test,T2,18.32,11.725927
test,T2,18.32,12.230927
test,T2,18.32,13.431682
test,T2,18.32,13.020884
test,T2,18.32,12.278693
test,T2,18.32,10.384277
test,T2,18.16,10.145687
test,T2,17.76,9.634363
test,T2,17.52,8.007362
test,T2,17.52,7.548374
test,T2,17.52,7.0777187
test,T2,17.52,6.8964844
test,T2,17.52,7.062652
test,T2,17.52,7.2475886
test,T2,17.52,8.189458
test,T2,17.788015,10.438917
test,T2,18.463015,11.846491
test,T2,18.87,12.239719
test,T2,18.87,11.266161
test,T2,18.87,12.514148
test,T2,18.87,11.591299
test,T2,18.87,8.916261
test,T2,18.87,9.614807
test,T2,18.87,9.167864
test,T2,19.434,12.25974
test,T2,20.844,11.914161
test,T2,21.69,10.529102
test,T2,21.69,12.508102
test,T2,21.69,12.069123
test,T2,21.69,9.682056
test,T2,21.69,7.4124546
test,T2,21.69,7.153556
test,T2,21.69,8.720389
test,T2,21.759657,8.2971115
test,T2,21.934656,8.54888
test,T2,22.04,8.664331
test,T2,22.04,8.186604
test,T2,22.04,6.9130845
test,T2,22.04,5.8104424
test,T2,22.04,5.734975
test,T2,22.04,6.71492
test,T2,22.04,7.414219
test,T2,22.234,6.5365515
test,T2,22.719,7.193862
test,T2,23.01,9.982171
test,T2,23.01,9.820748
test,T2,23.01,7.5656257
test,T2,23.01,7.3210483
test,T2,23.01,7.5021696
test,T2,23.01,7.420046
test,T2,23.01,8.419508
test,T2,23.092,8.564067
test,T2,23.297,8.118737
test,T2,23.42,6.9851274
test,T2,23.42,6.3948793
test,T2,23.42,6.85159
test,T2,23.42,9.262556
test,T2,23.42,9.2244215
test,T2,23.42,7.773037
test,T2,23.42,7.7423263
test,T2,23.451921,7.836934
test,T2,23.531921,7.804139
test,T2,23.58,7.806299
test,T2,23.58,9.068218
test,T2,23.58,9.965101
test,T2,23.58,9.540476
test,T2,23.58,10.011868
test,T2,23.58,9.713551
test,T2,23.58,11.241997
test,T2,23.374,10.018209
test,T2,22.859,9.17284
test,T2,22.55,10.212432
test,T2,22.55,9.951956
test,T2,22.55,11.4893465
test,T2,22.55,10.307909
test,T2,22.55,9.007811
test,T2,22.55,10.701245
test,T2,22.55,10.515052
test,T2,22.49813,9.988833
test,T2,22.36813,10.194998
test,T2,22.29,11.350109
test,T2,22.29,11.531922
test,T2,22.29,9.86763
test,T2,22.29,8.001651
test,T2,22.29,8.174581
test,T2,22.29,9.9460335
test,T2,22.29,10.083709
test,T2,22.491495,11.9952545
test,T2,22.996494,10.882823
test,T2,23.3,10.806998
test,T2,23.3,9.954731
test,T2,23.3,9.368686
test,T2,23.3,10.23688
test,T2,23.3,10.638403
test,T2,23.3,9.838026
test,T2,23.3,10.279084
test,T2,23.234634,10.784231
test,T2,23.069635,9.921182
test,T2,22.97,11.778347
test,T2,22.97,12.499202
test,T2,22.97,10.4875345
test,T2,22.97,9.643087
test,T2,22.97,9.817597
test,T2,22.97,12.326447
test,T2,22.97,12.868412
test,T2,23.011896,10.749622
test,T2,23.116896,9.535565
test,T2,23.18,8.82088
test,T2,23.18,10.009919
test,T2,23.18,9.955178
test,T2,23.18,8.491875
test,T2,23.18,8.677081
test,T2,23.18,9.959719
test,T2,23.18,11.869806
test,T2,23.204,10.685137
test,T2,23.264,9.734768
test,T2,23.3,8.863332
test,T2,23.3,9.161976
test,T2,23.3,9.222195
test,T2,23.3,9.559237
test,T2,23.3,9.726421
test,T2,23.3,9.45438
test,T2,23.3,9.848114
test,T2,23.266,8.986766
test,T2,23.181,8.983484
test,T2,23.13,9.075707
test,T2,23.13,8.9060135
test,T2,23.13,9.349955
test,T2,23.13,9.815801
test,T2,23.13,9.041145
test,T2,23.13,9.4089575
test,T2,23.13,11.841581
test,T2,23.258,12.811193
test,T2,23.578,10.60744
test,T2,23.77,10.204711
test,T2,23.77,10.708828
test,T2,23.77,8.745429
test,T2,23.77,9.239529
test,T2,23.77,9.375241
test,T2,23.77,9.255937
test,T2,23.77,9.540362
test,T2,23.732,10.038505
test,T2,23.637,13.500948
test,T2,23.58,12.982532
test,T2,23.58,10.822071
test,T2,23.58,10.117204
test,T2,23.58,11.525296
test,T2,23.58,12.20014
test,T2,23.58,9.676045
test,T2,23.58,10.210665
test,T2,23.516,9.6441965
test,T2,23.356,8.690585
test,T2,23.26,10.181347
test,T2,23.26,13.845446
test,T2,23.26,10.693514
test,T2,23.26,11.198738
test,T2,23.26,10.710191
test,T2,23.26,14.663201
test,T2,23.26,16.112448
test,T2,23.706,10.94559
test,T2,24.821,9.453906
test,T2,25.49,8.113555
test,T2,25.49,9.049313
test,T2,25.49,8.630075
test,T2,25.49,8.42713
test,T2,25.49,11.690475
test,T2,25.49,13.074831
test,T2,25.49,12.40709
test,T2,25.512,10.027737
test,T2,25.567,9.08618
test,T2,25.6,7.166697
test,T2,25.6,7.702662
test,T2,25.6,8.587021
test,T2,25.6,7.318639
test,T2,25.6,7.6463065
test,T2,25.6,7.042681
test,T2,25.6,7.7323112
test,T2,25.474,8.995842
test,T2,25.159,7.405678
test,T2,24.97,8.612554
test,T2,24.97,13.712585
test,T2,24.97,13.489611
test,T2,24.97,8.915703
test,T2,24.97,7.3545103
test,T2,24.97,6.9672246
test,T2,24.97,6.1355352
test,T2,24.828356,6.71412
test,T2,24.473354,6.9126577
test,T2,24.26,7.2119455
test,T2,24.26,6.717041
test,T2,24.26,7.0070577
test,T2,24.26,6.847595
test,T2,24.26,6.1405163
test,T2,24.26,6.0058985
test,T2,24.26,7.5494866
test,T2,24.836,6.674368
test,T2,26.276,6.178028
test,T2,27.14,7.8109865
test,T2,27.14,7.3299346
test,T2,27.14,6.504299
test,T2,27.14,6.2105126
test,T2,27.14,6.510592
test,T2,27.14,6.636392
test,T2,27.14,7.9062853
test,T2,27.225784,8.094366
test,T2,27.440784,6.8172154
test,T2,27.57,6.6524963
test,T2,27.57,7.655127
test,T2,27.57,8.473361
test,T2,27.57,7.1249566
test,T2,27.57,7.17692
test,T2,27.57,6.7036552
test,T2,27.57,6.5113287
test,T2,27.540075,7.219284
test,T2,27.465075,7.341445
test,T2,27.42,7.6593137
test,T2,27.42,7.8450456
test,T2,27.42,6.9290824
test,T2,27.42,5.8647594
test,T2,27.42,6.8944674
test,T2,27.42,8.866892
test,T2,27.42,9.069792
test,T2,27.60354,7.448702
test,T2,28.06354,8.022798
test,T2,28.34,7.771638
test,T2,28.34,6.9180355
test,T2,28.34,8.843319
test,T2,28.34,8.629185
test,T2,28.34,7.544962
test,T2,28.34,8.35702
test,T2,28.34,7.916828
test,T2,27.801336,8.186135
test,T2,26.451336,8.136052
test,T2,25.64,7.2345695
test,T2,25.64,8.605685
test,T2,25.64,10.011693
test,T2,25.64,7.6146183
test,T2,25.64,8.333287
test,T2,25.64,8.508884
test,T2,25.64,9.7728615
test,T2,25.363363,9.454122
test,T2,24.668364,8.719841
test,T2,24.25,9.556931
test,T2,24.25,8.134586
test,T2,24.25,7.331236
test,T2,24.25,8.660866
test,T2,24.25,8.413447
test,T2,24.25,7.4276404
test,T2,24.25,9.941687
test,T2,24.140272,11.182152
test,T2,23.865273,9.244309
test,T2,23.7,7.843492
test,T2,23.7,9.509635
test,T2,23.7,8.552625
test,T2,23.7,7.8502965
test,T2,23.7,8.201872
test,T2,23.7,7.992631
test,T2,23.7,7.227624
test,T2,23.736,8.504015
test,T2,23.826,9.439873
test,T2,23.88,7.570996
test,T2,23.88,6.774274
test,T2,23.88,7.2995353
test,T2,23.88,6.816879
test,T2,23.88,7.2904816
test,T2,23.88,7.4736013
test,T2,23.88,7.306408
test,T2,23.612,8.484709
test,T2,22.942,9.307762
test,T2,22.54,7.3348527
test,T2,22.54,9.070949
test,T2,22.54,9.352066
test,T2,22.54,7.3681087
test,T2,22.54,7.2790647
test,T2,22.54,8.253134
test,T2,22.54,10.5667
test,T2,22.798,12.05508
test,T2,23.443,8.926907
test,T2,23.83,6.055511
test,T2,23.83,6.1191893
test,T2,23.83,7.7056856
test,T2,23.83,8.848684
test,T2,23.83,8.340996
test,T2,23.83,5.7736607
test,T2,23.83,8.066901
test,T2,23.836,8.233671
test,T2,23.851,7.2012234
test,T2,23.86,7.713599
test,T2,23.86,7.335373
test,T2,23.86,7.2632008
test,T2,23.86,6.5671864
test,T2,23.86,7.887432
test,T2,23.86,9.275843
test,T2,23.86,9.350936
test,T2,24.103395,9.679739
test,T2,24.713396,10.151232
test,T2,25.08,8.812996
test,T2,25.08,8.254257
test,T2,25.08,7.003561
test,T2,25.08,6.680228
test,T2,25.08,6.9692907
test,T2,25.08,8.459597
test,T2,25.08,9.636882
test,T2,25.19,7.6006403
test,T2,25.465,6.252827
test,T2,25.63,9.78254
test,T2,25.63,9.086273
test,T2,25.63,7.010349
test,T2,25.63,9.012767
test,T2,25.63,9.246754
test,T2,25.63,6.7306924
test,T2,25.63,6.6543245
test,T2,25.192158,6.958765
test,T2,24.092157,7.755916
test,T2,23.43,8.874105
test,T2,23.43,9.603335
test,T2,23.43,8.289099
test,T2,23.43,7.2925615
test,T2,23.43,6.906007
test,T2,23.43,7.5869265
test,T2,23.43,7.3611355
test,T2,22.848,6.394536
test,T2,21.393,6.8664603
test,T2,20.52,9.123859
test,T2,20.52,9.574965
test,T2,20.52,6.860224
test,T2,20.52,8.3326235
test,T2,20.52,10.294051
test,T2,20.52,9.772874
test,T2,20.52,8.342274
test,T2,20.833216,7.7758856
test,T2,21.618216,7.4490376
test,T2,22.09,8.508101
test,T2,22.09,8.899788
test,T2,22.09,11.04966
test,T2,22.09,14.051871
test,T2,22.09,9.718486
test,T2,22.09,7.7044706
test,T2,22.09,6.781619
test,T2,22.149563,10.482603
test,T2,22.299562,11.636211
test,T2,22.39,9.12513
test,T2,22.39,9.743266
test,T2,22.39,11.694725
test,T2,22.39,10.783545
test,T2,22.39,9.07664
test,T2,22.39,7.925854
test,T2,22.39,7.035567
test,T2,21.734,8.629311
test,T2,20.094,9.313735
test,T2,19.11,8.943108
test,T2,19.11,8.378487
test,T2,19.11,8.254599
test,T2,19.11,10.979486
test,T2,19.11,21.312174
test,T2,19.11,28.19299
test,T2,19.11,26.137934
test,T2,18.663109,22.98915
test,T2,17.543108,21.416483
test,T2,16.87,20.539175
test,T2,16.87,16.937935
test,T2,16.87,14.108873
test,T2,16.87,11.199941
test,T2,16.87,7.3609133
test,T2,16.87,6.737498
test,T2,16.87,6.953948
test,T2,16.02412,8.988258
test,T2,13.90412,10.789724
test,T2,12.63,12.488504
test,T2,12.63,12.332547
test,T2,12.63,11.526144
test,T2,12.63,14.654451
test,T2,12.63,18.94626
test,T2,12.63,19.053709
test,T2,12.63,18.275393
test,T2,13.09,17.174105
test,T2,14.24,12.651837
test,T2,14.93,11.021078
test,T2,14.93,10.512726
test,T2,14.93,10.22696
test,T2,14.93,8.439801
test,T2,14.93,8.62096
test,T2,14.93,8.80403
test,T2,14.93,11.349968
test,T2,16.026,11.576245
test,T2,18.766,8.248937
test,T2,20.41,10.3088255
test,T2,20.41,10.0603
test,T2,20.41,7.4802184
test,T2,20.41,8.258831
test,T2,20.41,8.907794
test,T2,20.41,9.072513
test,T2,20.41,7.3328485
test,T2,20.98,9.158009
test,T2,22.405,11.062979
test,T2,23.26,11.1269455
test,T2,23.26,9.929651
test,T2,23.26,8.355388
test,T2,23.26,9.0294895
test,T2,23.26,8.011538
test,T2,23.26,9.042842
test,T2,23.26,10.933495
test,T2,23.58,10.403555
test,T2,24.38,8.860953
test,T2,24.86,6.927829
test,T2,24.86,7.4012346
test,T2,24.86,8.734351
test,T2,24.86,9.164031
test,T2,24.86,9.954739
test,T2,24.86,9.168243
test,T2,24.86,7.7384157
test,T2,24.096,8.864885
test,T2,22.186,9.238212
test,T2,21.04,7.625798
test,T2,21.04,8.799896
test,T2,21.04,10.364777
test,T2,21.04,15.972803
test,T2,21.04,21.979723
test,T2,21.04,19.359278
test,T2,21.04,16.342306
test,T2,18.362,20.336279
test,T2,11.667,18.196985
test,T2,7.65,15.699056
test,T2,7.65,26.220636
test,T2,7.65,27.772223
test,T2,7.65,19.248178
test,T2,7.65,23.830301
test,T2,7.65,30.684507
test,T2,7.65,21.839508
test,T2,6.632525,11.128786
test,T2,4.082525,6.5302687
test,T2,2.55,5.67294
test,T2,2.55,4.846915
test,T2,2.55,5.270403
test,T2,2.55,4.718837
test,T2,2.55,4.3987446
test,T2,2.55,4.472869
test,T2,2.55,3.2508924
test,T2,2.55,2.4472678
test,T2,2.55,2.5584
test,T2,2.55,2.8498304
test,T2,2.55,2.868481
test,T2,2.55,2.5102594
test,T2,2.55,2.3887143
test,T2,2.55,2.4713292
test,T2,2.55,2.8613193
test,T2,2.55,2.5071442
test,T2,2.55,2.2937863
test,T2,2.55,2.2911522
test,T2,2.55,2.2728393
test,T2,2.55,2.2682164
test,T2,2.55,2.2675197
test,T2,2.55,2.275418
test,T2,2.55,2.2858331
test,T2,2.55,2.2841473
test,T2,2.55,2.2782536
test,T2,2.55,2.2788854
test,T2,2.55,2.270728
test,T2,2.55,2.269501
test,T2,2.55,2.273527
test,T2,2.55,2.2760851
test,T2,2.55,2.2801118
test,T2,2.55,2.2861967
test,T2,2.55,2.2909467
test,T2,2.55,2.297786
test,T2,2.55,2.2881377
test,T2,2.55,2.2900374
test,T2,2.55,2.2822177
test,T2,2.55,2.273791
test,T2,2.55,2.2791297
test,T2,2.55,2.2884622
test,T2,2.55,2.2795208
test,T2,2.55,2.2724183
test,T2,2.55,2.2786396
test,T2,2.55,2.288459
test,T2,2.55,2.2730358
test,T2,2.55,2.2719412
test,T2,2.55,2.285259
test,T2,2.55,2.2754307
test,T2,2.55,2.2866623
test,T2,2.55,2.2946286
test,T2,2.55,2.2893326
test,T2,2.55,2.2776494
test,T2,2.55,2.2800968
test,T2,2.55,2.2851093
test,T2,2.55,2.2888184
test,T2,2.55,2.2752078
test,T2,2.55,2.2765117
test,T2,2.55,2.2623854
test,T2,2.55,2.2672865
test,T2,2.55,2.2638621
test,T2,2.55,2.2577305
test,T2,2.55,2.262129
test,T2,2.55,2.2795212
test,T2,2.55,2.2697003
test,T2,2.55,2.2662394
test,T2,2.55,2.2776244
test,T2,2.55,2.2756803
test,T2,2.55,2.2835243
test,T2,2.55,2.277846
test,T2,2.55,2.268286
test,T2,2.55,2.2668958
test,T2,2.55,2.2757387
test,T2,2.55,2.2818682
test,T2,2.55,2.2937198
test,T2,2.55,2.2803068
test,T2,2.55,2.2748125
test,T2,2.55,2.2790632
test,T2,2.55,2.2792022
test,T2,2.55,2.2966392
test,T2,2.55,2.2976425
test,T2,2.55,2.283954
test,T2,2.55,2.2782958
test,T2,2.55,2.2781231
test,T2,2.55,2.2806852
test,T2,2.55,2.2933798
test,T2,2.55,2.2853167
test,T2,2.55,2.2860267
test,T2,2.55,2.2953534
test,T2,2.55,2.2748604
test,T2,2.55,2.2675118
test,T2,2.55,2.268143
test,T2,2.55,2.2725716
test,T2,2.55,2.2750342
test,T2,2.55,2.2919295
test,T2,2.55,2.2848835
test,T2,2.55,2.26858
test,T2,2.55,2.2742507
test,T2,2.55,2.2702415
test,T2,2.55,2.2621534
test,T2,2.55,2.2879865
test,T2,1.913775,2.2919009
test,T2,0.638775,2.2653008
test,T2,0.0,2.2707138
test,T2,0.0,2.2815182
test,T2,0.0,2.296718
test,T2,0.0,2.2826746
test,T2,0.0,2.2696943
test,T2,0.0,2.2621171
test,T2,0.0,2.2698143
test,T2,0.0,2.2676837
test,T2,0.0,2.2645857
test,T2,0.0,2.2781496
test,T2,0.0,2.2777722
test,T2,0.0,2.2945592
test,T2,0.0,2.3126175
test,T2,0.0,2.2844882
test,T2,0.0,2.279976
test,T2,0.0,2.5272834
test,T2,0.0,2.721364
test,T2,0.0,2.3337142
test,T2,0.0,2.2804315
test,T2,0.0,2.2738888
test,T2,0.0,2.2681482
test,T2,0.0,2.2717876
test,T2,0.0,2.2927885
test,T2,0.0,2.2893908
test,T2,0.0,2.2880795
test,T2,0.0,2.2825196
test,T2,0.0,2.2882268
test,T2,0.0,2.2744532
test,T2,0.0,2.275654
test,T2,0.0,2.2702463
test,T2,0.0,2.2651372
test,T2,0.0,2.2646997
test,T2,0.0,2.26303
test,T2,0.0,2.2585154
test,T2,0.0,2.2756119
test,T2,0.0,2.283806
test,T2,0.0,2.2722414
test,T2,0.0,2.266721
test,T2,0.0,2.2844594
test,T2,0.0,2.2820585
test,T2,0.0,2.2736123
test,T2,0.0,2.2620912
test,T2,0.0,2.2727468
test,T2,0.0,2.278712
test,T2,0.0,2.2815607
test,T2,0.0,2.288736
test,T2,0.0,2.2899787
test,T2,0.0,2.2834585
test,T2,0.0,2.2938857
test,T2,0.0,2.289437
test,T2,0.0,2.280763
test,T2,0.0,2.275654
test,T2,0.0,2.287404
test,T2,0.0,2.2835062
test,T2,0.0,2.2806747
test,T2,0.0,2.2929053
test,T2,0.0,2.2773745
test,T2,0.0,2.2623508
test,T2,0.0,2.263657
test,T2,0.0,2.277767
test,T2,0.0,2.2910056
test,T2,0.0,2.2901716
test,T2,0.0,2.2892582
test,T2,0.0,2.2801487
test,T2,0.0,2.2797222
test,T2,0.0,2.2681258
test,T2,0.0,2.2766917
test,T2,0.0,2.2850487
test,T2,0.0,2.2798717
test,T2,0.0,2.2775345
test,T2,0.0,2.275358
test,T2,0.0,2.2753088
test,T2,0.0,2.285642
test,T2,0.0,2.282935
test,T2,0.0,2.2883315
test,T2,0.0,2.2788866
test,T2,0.0,2.2721663
test,T2,0.0,2.2783926
test,T2,0.0,2.276982
test,T2,0.0,2.269962
test,T2,0.0,2.2727666
test,T2,0.0,2.282294
test,T2,0.0,2.2809947
test,T2,0.0,2.2712095
test,T2,0.0,2.2805927
test,T2,0.0,2.2751486
test,T2,0.0,2.267937
test,T2,0.0,2.2813294
test,T2,0.0,2.2870576
test,T2,0.0,2.2755682
test,T2,0.0,2.2644105
test,T2,0.0,2.2665684
test,T2,0.0,2.272409
test,T2,0.0,2.2825358
test,T2,0.0,2.2861362
test,T2,0.0,2.2716196
test,T2,0.0,2.2746165
test,T2,0.0,2.2770932
test,T2,0.0,2.2651696
test,T2,0.0,2.272755
test,T2,0.0,2.2644925
test,T2,0.0,2.2631469
test,T2,0.0,2.2801292
test,T2,0.0,2.2706046
test,T2,0.0,2.2682865
test,T2,0.0,2.2624512
test,T2,0.0,2.2749326
test,T2,0.0,2.2790544
test,T2,0.0,2.2679267
test,T2,0.0,2.2735188
test,T2,0.0,2.2748587
test,T2,0.0,2.284258
test,T2,0.0,2.2825086
test,T2,0.0,2.2704933
test,T2,0.0,2.270488
test,T2,0.0,2.2757127
test,T2,0.0,2.2760437
test,T2,0.0,2.2598956
test,T2,0.0,2.2753558
test,T2,0.0,2.278528
test,T2,0.0,2.2737925
test,T2,0.0,2.27733
test,T2,0.0,2.2736514
test,T2,0.0,2.252511
test,T2,0.0,2.2545695
test,T2,0.0,2.268947
test,T2,0.0,2.279679
test,T2,0.0,2.2836192
test,T2,0.0,2.2722614
test,T2,0.0,2.2662964
test,T2,0.0,2.2638428
test,T2,0.0,2.269727
test,T2,0.0,2.2702618
test,T2,0.0,2.2677786
test,T2,0.0,2.2672913
test,T2,0.0,2.2702944
test,T2,0.0,2.2947543
test,T2,0.0,2.304862
test,T2,0.0,2.2884805
test,T2,0.0,2.2678235
test,T2,0.0,2.268936
test,T2,0.0,2.2770321
test,T2,0.0,2.2859306
test,T2,0.0,2.2842164
test,T2,0.0,2.2812445
test,T2,0.0,2.281234
test,T2,0.0,2.2748287
test,T2,0.0,2.2727835
test,T2,0.0,2.2783468
test,T2,0.0,2.2807877
test,T2,0.0,2.2706466
test,T2,0.0,2.2704165
test,T2,0.0,2.284683
test,T2,0.0,2.2669804
test,T2,0.0,2.274278
test,T2,0.0,2.2856112
test,T2,0.0,2.2759802
test,T2,0.0,2.2696702
test,T2,0.0,2.2688134
test,T2,0.0,2.2634642
test,T2,0.0,2.2797697
test,T2,0.0,2.289314
test,T2,0.0,2.2863553
test,T2,0.0,2.2815635
test,T2,0.0,2.2913063
test,T2,0.0,2.2831116
test,T2,0.0,2.2661388
test,T2,0.0,2.2767806
test,T2,0.0,2.274986
test,T2,0.0,2.270668
test,T2,0.0,2.2708046
test,T2,0.0,2.2703965
test,T2,0.0,2.2936835
test,T2,0.0,2.2959783
test,T2,0.0,2.2696273
test,T2,0.0,2.2835047
test,T2,0.0,2.2727354
test,T2,0.0,2.2782028
test,T2,0.0,2.2866662
test,T2,0.0,2.2859344
test,T2,0.0,2.2944078
test,T2,0.0,2.292463
test,T2,0.0,2.2847102
test,T2,0.0,2.2782118
test,T2,0.0,2.2798967
test,T2,0.0,2.2719772
test,T2,0.0,2.2714946
test,T2,0.0,2.2653904
test,T2,0.0,2.2662146
test,T2,0.0,2.280272
test,T2,0.0,2.2759445
test,T2,0.0,2.2755897
test,T2,0.0,2.2764325
test,T2,0.0,2.2776022
test,T2,0.0,2.2780964
test,T2,0.0,2.2696974
test,T2,0.0,2.2646365
test,T2,0.0,2.2740767
test,T2,0.0,2.2791927
test,T2,0.0,2.28001
test,T2,0.0,2.2811177
test,T2,0.0,2.2652895
test,T2,0.0,2.2715414
test,T2,0.0,2.2738612
test,T2,0.0,2.2714446
test,T2,0.0,2.283889
test,T2,0.0,2.281298
test,T2,0.0,2.285663
test,T2,0.0,2.2889085
test,T2,0.0,2.3012705
test,T2,0.0,2.2961776
test,T2,0.0,2.2880628
test,T2,0.0,2.28313
test,T2,0.0,2.2786505
test,T2,0.0,2.2741907
test,T2,0.0,2.2660592
test,T2,0.0,2.2781126
test,T2,0.0,2.2950566
test,T2,0.0,2.292323
test,T2,0.0,2.2708714
test,T2,0.0,2.2823112
test,T2,0.0,2.29823
test,T2,0.0,2.2977023
test,T2,0.0,2.3002088
test,T2,0.0,2.2953238
test,T2,0.0,2.2654276
test,T2,0.0,2.2622364
test,T2,0.0,2.2798512
test,T2,0.0,2.303331
test,T2,0.0,2.2857864
test,T2,0.0,2.2868583
test,T2,0.0,2.2745721
test,T2,0.0,2.2680624
test,T2,0.0,2.2896287
test,T2,0.0,2.2993753
test,T2,0.0,2.2827213
test,T2,0.0,2.2739997
test,T2,0.0,2.2848432
test,T2,0.0,2.2804692
test,T2,0.0,2.2789252
test,T2,0.0,2.2816093
test,T2,0.0,2.2928555
test,T2,0.0,2.2841394
test,T2,0.0,2.2809496
test,T2,0.0,2.2747235
test,T2,0.0,2.257861
test,T2,0.0,2.2774599
test,T2,0.0,2.2815287
test,T2,0.0,2.2760062
test,T2,0.0,2.276048
test,T2,0.0,2.2779603
test,T2,0.0,2.2750762
test,T2,0.0,2.282164
test,T2,0.0,2.2858038
test,T2,0.0,2.4044974
test,T2,0.0,2.399661
test,T2,0.0,2.3587039
test,T2,0.0,2.3003502
test,T2,0.0,2.2930233
test,T2,0.0,2.2936487
test,T2,0.0,2.2934153
test,T2,0.0,2.2894866
test,T2,0.0,2.2979546
test,T2,0.0,2.2898262
test,T2,0.0,2.2729046
test,T2,0.0,2.2618067
test,T2,0.0,2.2744
test,T2,0.0,2.267787
test,T2,0.0,2.2684846
test,T2,0.0,2.2881656
test,T2,0.0,2.2846172
test,T2,0.0,2.2931607
test,T2,0.0,2.31481
test,T2,0.0,2.2928116
test,T2,0.0,2.2979782
test,T2,0.0,2.2938626
test,T2,0.0,2.2803102
test,T2,0.0,2.2652671
test,T2,0.0,2.268966
test,T2,0.0,2.2964118
test,T2,0.0,2.3049133
test,T2,0.0,2.2967684
test,T2,0.0,2.2846415
test,T2,0.0,2.2894566
test,T2,0.0,2.286254
test,T2,0.0,2.2820714
test,T2,0.0,2.2805035
test,T2,0.0,2.2842305
test,T2,0.0,2.277311
test,T2,0.0,2.2803934
test,T2,0.0,2.274943
test,T2,0.0,2.2801206
test,T2,0.0,2.2713146
test,T2,0.0,2.283298
test,T2,0.0,2.3136609
test,T2,0.0,2.3138878
test,T2,0.0,2.2982745
test,T2,0.0,2.2927365
test,T2,0.0,2.2878025
test,T2,0.0,2.2900121
test,T2,0.0,2.2784545
test,T2,0.0,2.2879465
test,T2,0.0,2.2782986
test,T2,0.0,2.2725
test,T2,0.0,2.273886
test,T2,0.0,2.271217
test,T2,0.0,2.2775164
test,T2,0.0,2.277418
test,T2,0.0,2.2736218
test,T2,0.0,2.2812252
test,T2,0.0,2.2820773
test,T2,0.0,2.2838697
test,T2,0.0,2.281091
test,T2,0.0,2.2847164
test,T2,0.0,2.2818172
test,T2,0.0,2.2758565
test,T2,0.0,2.2902608
test,T2,0.0,2.2885687
test,T2,0.0,2.2725587
test,T2,0.0,2.2786262
test,T2,0.0,2.2736516
test,T2,0.0,2.2584012
test,T2,0.0,2.2658844
test,T2,0.0,2.2721055
test,T2,0.0,2.2826657
test,T2,0.0,2.2690656
test,T2,0.0,2.2855036
test,T2,0.0,2.2812183
test,T2,0.0,2.2782605
test,T2,0.0,2.2911246
test,T2,0.0,2.2826195
test,T2,0.0,2.284264
test,T2,0.0,2.2904446
test,T2,0.0,2.288605
test,T2,0.0,2.2884033
test,T2,0.0,2.2805889
test,T2,0.0,2.284133
test,T2,0.0,2.291653
test,T2,0.0,2.2945478
test,T2,0.0,2.278401
test,T2,0.0,2.2798035
test,T2,0.0,2.285976
test,T2,0.0,2.2730904
test,T2,0.0,2.271629
test,T2,0.0,2.284809
test,T2,0.0,2.2923934
test,T2,0.0,2.280169
test,T2,0.0,2.2718754
test,T2,0.0,2.275239
test,T2,0.0,2.2679832
test,T2,0.0,2.2732651
test,T2,0.0,2.281998
test,T2,0.0,2.2723558
test,T2,0.0,2.2810967
test,T2,0.0,2.28155
test,T2,0.0,2.2802045
test,T2,0.0,2.2967546
test,T2,0.0,2.2932956
test,T2,0.0,2.2940881
test,T2,0.0,2.2863376
test,T2,0.0,2.2790818
test,T2,0.0,2.281174
test,T2,0.0,2.2937136
test,T2,0.0,2.2915778
test,T2,0.0,2.2747352
test,T2,0.0,2.266424
test,T2,0.0,2.277026
test,T2,0.0,2.2812057
test,T2,0.0,2.2735717
test,T2,0.0,2.2771046
test,T2,0.0,2.287888
test,T2,0.0,2.2758982
test,T2,0.0,2.2758284
test,T2,0.0,2.275259
test,T2,0.0,2.2639463
test,T2,0.0,2.2680814
test,T2,0.0,2.2658987
test,T2,0.0,2.2847273
test,T2,0.0,2.2905529
test,T2,0.0,2.2786357
test,T2,0.0,2.2911842
test,T2,0.0,2.3049302
test,T2,0.0,2.2851262
test,T2,0.0,2.2714536
test,T2,0.0,2.2676861
test,T2,0.0,2.2679975
test,T2,0.0,2.270249
test,T2,0.0,2.2601674
test,T2,0.0,2.2553127
test,T2,0.0,2.263738
test,T2,0.0,2.2670276
test,T2,0.0,2.2731667
test,T2,0.0,2.2715619
test,T2,0.0,2.2684076
test,T2,0.0,2.2574217
test,T2,0.0,2.3243182
test,T2,0.0,2.3961642
test,T2,0.0,4.135031
test,T2,0.0,5.067964
test,T2,0.0,3.7152073
test,T2,0.0,2.8972142
test,T2,0.0,2.5374596
test,T2,0.0,2.3779566
test,T2,0.0,2.3713002
test,T2,0.0,2.4142501
test,T2,0.0,2.955224
test,T2,0.0,4.953182
test,T2,0.0,4.3785963
test,T2,0.0,5.7996917
test,T2,0.40499505,19.958473
test,T2,1.4199951,39.601517
test,T2,2.03,46.34571
test,T2,2.03,27.182405
test,T2,2.03,16.176348
test,T2,2.03,23.675863
test,T2,2.03,29.202906
test,T2,2.03,32.779583
test,T2,2.03,32.04534
test,T2,2.574,30.722319
test,T2,3.934,23.574165
test,T2,4.75,22.1452
test,T2,4.75,23.871595
test,T2,4.75,13.105312
test,T2,4.75,11.548786
test,T2,4.75,18.577711
test,T2,4.75,25.688356
test,T2,4.75,24.994402
test,T2,7.048,15.405792
test,T2,12.793,10.782846
test,T2,16.24,7.434936
test,T2,16.24,7.0491924
test,T2,16.24,8.033416
test,T2,16.24,7.884495
test,T2,16.24,7.238837
test,T2,16.24,9.910504
test,T2,16.24,10.139535
test,T2,18.32278,9.14916
test,T2,23.54278,10.276269
test,T2,26.68,9.361673
test,T2,26.68,9.749754
test,T2,26.68,11.856388
test,T2,26.68,11.130463
test,T2,26.68,15.956209
test,T2,26.68,17.949934
test,T2,26.68,13.546345
test,T2,27.116,10.819281
test,T2,28.206,9.830147
test,T2,28.86,9.993319
test,T2,28.86,11.032234
test,T2,28.86,10.910989
test,T2,28.86,8.355196
test,T2,28.86,8.695385
test,T2,28.86,9.6947565
test,T2,28.86,10.261185
test,T2,29.124,10.579216
test,T2,29.784,9.871025
test,T2,30.18,9.360866
test,T2,30.18,9.22118
test,T2,30.18,9.409714
test,T2,30.18,7.2826357
test,T2,30.18,6.7760735
test,T2,30.18,6.548251
test,T2,30.18,7.509204
test,T2,30.176,9.87845
test,T2,30.166,9.072088
test,T2,30.16,11.69665
test,T2,30.16,13.876146
test,T2,30.16,11.330145
test,T2,30.16,9.630579
test,T2,30.16,11.719303
test,T2,30.16,10.734791
test,T2,30.16,8.062468
test,T2,30.161995,9.223183
test,T2,30.166996,8.848991
test,T2,30.17,7.53971
test,T2,30.17,8.736088
test,T2,30.17,9.463458
test,T2,30.17,9.738613
test,T2,30.17,10.684137
test,T2,30.17,11.789789
test,T2,30.17,9.921688
test,T2,30.32,8.368043
test,T2,30.695,8.356319
test,T2,30.92,9.160599
test,T2,30.92,9.331112
test,T2,30.92,8.566765
test,T2,30.92,9.671855
test,T2,30.92,9.848709
test,T2,30.92,9.981436
test,T2,30.92,9.28823
test,T2,30.77,8.213928
test,T2,30.395,10.536116
test,T2,30.17,12.662188
test,T2,30.17,11.272172
test,T2,30.17,9.619371
test,T2,30.17,10.990736
test,T2,30.17,13.069909
test,T2,30.17,13.420425
test,T2,30.17,11.489043
test,T2,29.932,9.66131
test,T2,29.337,8.9528475
test,T2,28.98,9.145294
test,T2,28.98,10.277544
test,T2,28.98,9.5707855
test,T2,28.98,10.156321
test,T2,28.98,9.939598
test,T2,28.98,11.19416
test,T2,28.98,13.3694515
test,T2,29.298431,13.637815
test,T2,30.09843,13.631395
test,T2,30.58,10.94388
test,T2,30.58,10.840305
test,T2,30.58,11.158312
test,T2,30.58,10.459141
test,T2,30.58,10.111604
test,T2,30.58,10.391711
test,T2,30.58,8.801516
test,T2,30.62389,8.284072
test,T2,30.73389,10.677057
test,T2,30.8,10.931211
test,T2,30.8,9.588564
test,T2,30.8,7.4574194
test,T2,30.8,10.224733
test,T2,30.8,10.895643
test,T2,30.8,9.9504795
test,T2,30.8,9.22636
test,T2,30.841894,13.727086
test,T2,30.946896,13.836378
test,T2,31.01,9.834605
test,T2,31.01,10.283417
test,T2,31.01,12.594445
test,T2,31.01,11.158009
test,T2,31.01,10.659065
test,T2,31.01,11.542902
test,T2,31.01,13.074487
test,T2,30.826,11.916186
test,T2,30.366,8.925297
test,T2,30.09,8.865753
test,T2,30.09,10.363294
test,T2,30.09,13.23401
test,T2,30.09,15.804513
test,T2,30.09,15.393389
test,T2,30.09,11.729366
test,T2,30.09,11.462918
test,T2,30.44,9.217519
test,T2,31.315,8.486326
test,T2,31.84,11.014261
test,T2,31.84,13.354874
test,T2,31.84,12.625137
test,T2,31.84,10.962082
test,T2,31.84,9.798556
test,T2,31.84,9.669905
test,T2,31.84,9.407471
test,T2,31.932,9.627186
test,T2,32.162,10.624187
test,T2,32.3,13.912529
test,T2,32.3,13.129702
test,T2,32.3,10.152484
test,T2,32.3,10.954716
test,T2,32.3,10.154411
test,T2,32.3,10.193865
test,T2,32.3,12.59479
test,T2,32.558,12.387398
test,T2,33.203,10.713677
test,T2,33.59,9.657914
test,T2,33.59,9.255818
test,T2,33.59,9.602467
test,T2,33.59,9.068379
test,T2,33.59,10.287645
test,T2,33.59,12.345377
test,T2,33.59,11.594823
test,T2,33.248,9.557426
test,T2,32.393,8.905624
test,T2,31.88,9.815202
test,T2,31.88,10.558712
test,T2,31.88,8.506604
test,T2,31.88,9.10789
test,T2,31.88,11.383308
test,T2,31.88,11.347612
test,T2,31.88,10.44281
test,T2,31.588,9.660285
test,T2,30.858,10.0299835
test,T2,30.42,11.147147
test,T2,30.42,9.012024
test,T2,30.42,11.129214
test,T2,30.42,11.440935
test,T2,30.42,9.779091
test,T2,30.42,10.929266
test,T2,30.42,11.457523
test,T2,29.762,10.997652
test,T2,28.117,10.850334
test,T2,27.13,9.988366
test,T2,27.13,9.094199
test,T2,27.13,10.552893
test,T2,27.13,11.24121
test,T2,27.13,8.81037
test,T2,27.13,7.94474
test,T2,27.13,6.507849
test,T2,26.236,6.8831663
test,T2,24.001,10.255533
test,T2,22.66,10.495354
test,T2,22.66,9.233204
test,T2,22.66,9.857493
test,T2,22.66,9.758766
test,T2,22.66,9.54184
test,T2,22.66,8.545467
test,T2,22.66,6.927698
test,T2,22.052,7.61532
test,T2,20.532,8.348
test,T2,19.62,8.307369
test,T2,19.62,8.375078
test,T2,19.62,8.170687
test,T2,19.62,7.4398007
test,T2,19.62,8.660647
test,T2,19.62,8.272533
test,T2,19.62,9.588604
test,T2,18.698,9.3608055
test,T2,16.393,6.99253
test,T2,15.01,7.720397
test,T2,15.01,8.481591
test,T2,15.01,10.130564
test,T2,15.01,9.065338
test,T2,15.01,8.01204
test,T2,15.01,14.2697115
test,T2,15.01,14.359328
test,T2,12.937195,11.844198
test,T2,7.742195,10.473372
test,T2,4.62,7.646313
test,T2,4.62,6.2513466
test,T2,4.62,5.5878005
test,T2,4.62,4.406002
test,T2,4.62,4.52479
test,T2,4.62,6.364088
test,T2,4.62,6.848674
test,T2,3.838,3.4226096
test,T2,1.883,5.195412
test,T2,0.71,11.814672
test,T2,0.71,12.760332
test,T2,0.71,17.79011
test,T2,0.71,15.584148
test,T2,0.71,8.738409
test,T2,0.71,8.79972
test,T2,0.71,7.001136
test,T2,4.582,7.294734
test,T2,14.262,9.601641
test,T2,20.07,10.751304
test,T2,20.07,9.460972
test,T2,20.07,9.1830015
test,T2,20.07,10.127011
test,T2,20.07,10.476022
test,T2,20.07,10.710112
test,T2,20.07,10.481386
test,T2,21.917416,7.2834935
test,T2,26.547417,8.145483
test,T2,29.33,12.475214
test,T2,29.33,12.544884
test,T2,29.33,10.395784
test,T2,29.33,10.323057
test,T2,29.33,10.644776
test,T2,29.33,11.62285
test,T2,29.33,8.790929
test,T2,30.014,7.5603867
test,T2,31.724,8.915976
test,T2,32.75,9.345531
test,T2,32.75,9.416392
test,T2,32.75,9.621533
test,T2,32.75,8.308285
test,T2,32.75,7.435812
test,T2,32.75,7.82547
test,T2,32.75,10.025532
test,T2,32.942,10.096178
test,T2,33.422,7.9504166
test,T2,33.71,8.038595
test,T2,33.71,8.852115
test,T2,33.71,7.7888165
test,T2,33.71,8.402203
test,T2,33.71,9.502269
test,T2,33.71,8.770431
test,T2,33.71,7.5878906
test,T2,33.735935,8.122516
test,T2,33.800934,9.386419
test,T2,33.84,11.855136
test,T2,33.84,12.155983
test,T2,33.84,10.05121
test,T2,33.84,8.680775
test,T2,33.84,9.761881
test,T2,33.84,9.695425
test,T2,33.84,10.517181
test,T2,33.972,12.0763035
test,T2,34.302,10.109555
test,T2,34.5,7.8091006
test,T2,34.5,8.493516
test,T2,34.5,10.403974
test,T2,34.5,9.717257
test,T2,34.5,10.555944
test,T2,34.5,10.66326
test,T2,34.5,11.9140415
test,T2,34.642,10.598752
test,T2,34.997,9.453066
test,T2,35.21,10.400032
test,T2,35.21,7.895987
test,T2,35.21,8.62645
test,T2,35.21,8.890469
test,T2,35.21,7.967122
test,T2,35.21,7.608716
test,T2,35.21,10.344198
test,T2,35.297783,10.743181
test,T2,35.51778,7.50661
test,T2,35.65,7.5765014
test,T2,35.65,9.175058
test,T2,35.65,10.840115
test,T2,35.65,9.381008
test,T2,35.65,9.851622
test,T2,35.65,11.719249
test,T2,35.65,10.573178
test,T2,35.65399,8.682602
test,T2,35.66399,8.546479
test,T2,35.67,7.9861345
test,T2,35.67,6.9053545
test,T2,35.67,7.4856305
test,T2,35.67,7.913662
test,T2,35.67,8.774374
test,T2,35.67,9.997337
test,T2,35.67,9.891223
test,T2,35.89,8.531987
test,T2,36.44,7.9695435
test,T2,36.77,7.788932
test,T2,36.77,9.447588
test,T2,36.77,9.970556
test,T2,36.77,9.643104
test,T2,36.77,13.214779
test,T2,36.77,11.2831955
test,T2,36.77,8.438897
test,T2,36.726,9.093327
test,T2,36.616,9.255275
test,T2,36.55,10.742507
test,T2,36.55,11.175678
test,T2,36.55,10.496672
test,T2,36.55,10.001096
test,T2,36.55,10.387896
test,T2,36.55,11.909121
test,T2,36.55,10.030523
test,T2,36.502,8.861604
test,T2,36.382,9.702008
test,T2,36.31,9.522492
test,T2,36.31,8.414994
test,T2,36.31,7.801691
test,T2,36.31,8.221474
test,T2,36.31,7.8799267
test,T2,36.31,7.9601254
test,T2,36.31,8.357901
test,T2,36.492,7.9681997
test,T2,36.947,9.992117
test,T2,37.22,13.834122
test,T2,37.22,11.936011
test,T2,37.22,8.468629
test,T2,37.22,8.074971
test,T2,37.22,7.5878625
test,T2,37.22,6.974451
test,T2,37.22,8.642914
test,T2,37.4,8.600764
test,T2,37.85,7.3933744
test,T2,38.12,8.490683
test,T2,38.12,9.313871
test,T2,38.12,10.256581
test,T2,38.12,11.156006
test,T2,38.12,8.748555
test,T2,38.12,8.916427
test,T2,38.12,9.739869
test,T2,38.054165,8.01708
test,T2,37.889164,9.294807
test,T2,37.79,7.985037
test,T2,37.79,6.4070964
test,T2,37.79,10.190957
test,T2,37.79,10.586888
test,T2,37.79,8.630808
test,T2,37.79,7.800333
test,T2,37.79,9.478302
test,T2,37.356,10.949776
test,T2,36.271,11.648159
test,T2,35.62,10.199797
test,T2,35.62,7.8237314
test,T2,35.62,8.241384
test,T2,35.62,8.588579
test,T2,35.62,8.282047
test,T2,35.62,8.589397
test,T2,35.62,10.220641
test,T2,35.408,9.845915
test,T2,34.878,12.502083
test,T2,34.56,12.527586
test,T2,34.56,12.065364
test,T2,34.56,11.096001
test,T2,34.56,11.846827
test,T2,34.56,11.472864
test,T2,34.56,10.800436
test,T2,34.56,11.441982
test,T2,34.594,10.552623
test,T2,34.679,12.504918
test,T2,34.73,13.252661
test,T2,34.73,12.338507
test,T2,34.73,12.117958
test,T2,34.73,9.523922
test,T2,34.73,8.365147
test,T2,34.73,8.630903
test,T2,34.73,6.9762487
test,T2,34.85,7.420766
test,T2,35.15,9.24247
test,T2,35.33,10.168347
test,T2,35.33,9.59068
test,T2,35.33,10.851156
test,T2,35.33,12.954664
test,T2,35.33,10.692074
test,T2,35.33,10.9327545
test,T2,35.33,10.211134
test,T2,35.586,10.076278
test,T2,36.226,11.123316
test,T2,36.61,13.244343
test,T2,36.61,11.598852
test,T2,36.61,8.463343
test,T2,36.61,11.097353
test,T2,36.61,11.663399
test,T2,36.61,9.70207
test,T2,36.61,9.372986
test,T2,36.528,9.676632
test,T2,36.323,7.856268
test,T2,36.2,8.261872
test,T2,36.2,10.5270405
test,T2,36.2,9.910217
test,T2,36.2,9.32576
test,T2,36.2,11.621073
test,T2,36.2,12.852333
test,T2,36.2,11.745377
test,T2,36.126,9.473956
test,T2,35.941,10.477001
test,T2,35.83,16.08343
test,T2,35.83,17.938438
test,T2,35.83,12.235536
test,T2,35.83,7.2556906
test,T2,35.83,6.76685
test,T2,35.83,6.923275
test,T2,35.83,7.8910437
test,T2,35.79,13.884268
test,T2,35.69,15.810592
test,T2,35.63,13.7624855
test,T2,35.63,10.9468975
test,T2,35.63,10.799986
test,T2,35.63,12.752253
test,T2,35.63,10.909704
test,T2,35.63,10.838334
test,T2,35.63,10.6382265
test,T2,35.728,8.887377
test,T2,35.973,11.208865
test,T2,36.12,10.819993
test,T2,36.12,8.981462
test,T2,36.12,10.9249525
test,T2,36.12,10.464508
test,T2,36.12,7.522346
test,T2,36.12,7.396373
test,T2,36.12,7.414814
test,T2,36.324,8.123922
test,T2,36.834,9.343203
test,T2,37.14,10.691407
test,T2,37.14,11.277145
test,T2,37.14,11.78159
test,T2,37.14,10.079971
test,T2,37.14,7.263495
test,T2,37.14,8.797418
test,T2,37.14,7.737985
test,T2,37.23975,6.56367
test,T2,37.48975,11.098827
test,T2,37.64,11.887035
test,T2,37.64,9.803115
test,T2,37.64,10.370193
test,T2,37.64,10.818172
test,T2,37.64,8.207685
test,T2,37.64,7.7650776
test,T2,37.64,9.345024
test,T2,37.488,10.899864
test,T2,37.108,10.026371
test,T2,36.88,9.282505
test,T2,36.88,10.185489
test,T2,36.88,10.584215
test,T2,36.88,10.858974
test,T2,36.88,11.644311
test,T2,36.88,8.765623
test,T2,36.88,8.507532
test,T2,36.953815,9.930619
test,T2,37.138817,10.209169
test,T2,37.25,10.953756
test,T2,37.25,14.524813
test,T2,37.25,14.902271
test,T2,37.25,13.298382
test,T2,37.25,13.329468
test,T2,37.25,14.079972
test,T2,37.25,13.890155
test,T2,37.004,12.007133
test,T2,36.389,10.450367
test,T2,36.02,12.339824
test,T2,36.02,9.794919
test,T2,36.02,11.713258
test,T2,36.02,12.801422
test,T2,36.02,10.558388
test,T2,36.02,9.92299
test,T2,36.02,9.051224
test,T2,36.016,9.453846
test,T2,36.006,10.480628
test,T2,36.0,11.651125
test,T2,36.0,12.011845
test,T2,36.0,13.004563
test,T2,36.0,14.277317
test,T2,36.0,15.025749
test,T2,36.0,13.3114395
test,T2,36.0,12.74606
test,T2,36.364,12.563691
test,T2,37.274,11.550025
test,T2,37.82,11.099543
test,T2,37.82,12.00387
test,T2,37.82,11.614132
test,T2,37.82,9.5776005
test,T2,37.82,9.704128
test,T2,37.82,10.556889
test,T2,37.82,11.072629
test,T2,37.915524,12.092623
test,T2,38.155525,8.682495
test,T2,38.3,8.210485
test,T2,38.3,11.013927
test,T2,38.3,11.046837
test,T2,38.3,11.592846
test,T2,38.3,8.891753
test,T2,38.3,7.721034
test,T2,38.3,11.244537
test,T2,38.036,12.905002
test,T2,37.376,11.757794
test,T2,36.98,10.411752
test,T2,36.98,8.44729
test,T2,36.98,9.602736
test,T2,36.98,8.8586855
test,T2,36.98,8.883822
test,T2,36.98,8.935322
test,T2,36.98,6.445238
test,T2,36.84,5.9194236
test,T2,36.49,7.7266407
test,T2,36.28,9.036696
test,T2,36.28,8.485876
test,T2,36.28,7.3374906
test,T2,36.28,9.025651
test,T2,36.28,10.226416
test,T2,36.28,11.815449
test,T2,36.28,13.636869
test,T2,36.499,12.530759
test,T2,36.864,9.710186
test,T2,37.01,10.454038
test,T2,37.01,11.251818
test,T2,37.01,10.5139475
test,T2,37.01,10.586156
test,T2,37.01,12.16814
test,T2,37.01,10.227022
test,T2,36.980076,10.569759
test,T2,36.905075,11.264862
test,T2,36.86,8.556317
test,T2,36.86,8.880033
test,T2,36.86,10.780338
test,T2,36.86,9.071271
test,T2,36.86,8.084026
test,T2,36.86,9.967023
test,T2,36.86,10.992071
test,T2,36.869976,12.309505
test,T2,36.894974,9.085742
test,T2,36.91,9.16857
test,T2,36.91,9.385144
test,T2,36.91,9.490381
test,T2,36.91,9.025999
test,T2,36.91,9.195835
test,T2,36.91,10.138578
test,T2,36.91,9.830657
test,T2,36.812,11.786728
test,T2,36.567,10.67082
test,T2,36.42,9.819144
test,T2,36.42,10.232098
test,T2,36.42,10.797634
test,T2,36.42,9.761827
test,T2,36.42,10.347011
test,T2,36.42,11.367121
test,T2,36.42,12.184414
test,T2,36.344,11.867008
test,T2,36.154,10.467927
test,T2,36.04,11.979048
test,T2,36.04,13.271599
test,T2,36.04,12.70166
test,T2,36.04,10.111379
test,T2,36.04,7.3654814
test,T2,36.04,6.6577344
test,T2,36.04,8.553801
test,T2,35.954,11.605287
test,T2,35.739,13.569907
test,T2,35.61,12.280303
test,T2,35.61,11.828045
test,T2,35.61,11.148396
test,T2,35.61,8.588521
test,T2,35.61,8.545472
test,T2,35.61,9.591359
test,T2,35.61,16.47736
test,T2,35.041412,16.16522
test,T2,33.61641,12.319332
test,T2,32.76,12.191231
test,T2,32.76,11.654375
test,T2,32.76,12.344329
test,T2,32.76,14.152443
test,T2,32.76,12.684168
test,T2,32.76,9.599371
test,T2,32.76,8.037314
test,T2,32.448,13.774528
test,T2,31.668,15.974853
test,T2,31.2,12.389454
test,T2,31.2,10.624855
test,T2,31.2,11.847939
test,T2,31.2,14.069237
test,T2,31.2,12.764141
test,T2,31.2,13.751396
test,T2,31.2,13.756439
test,T2,31.478,10.566284
test,T2,32.173,11.85004
test,T2,32.59,12.686514
test,T2,32.59,9.213121
test,T2,32.59,8.309031
test,T2,32.59,9.836266
test,T2,32.59,10.18264
test,T2,32.59,9.327388
test,T2,32.59,11.336276
test,T2,32.914,11.589916
test,T2,33.724,9.841197
test,T2,34.21,9.344523
test,T2,34.21,8.30324
test,T2,34.21,8.851457
test,T2,34.21,9.759533
test,T2,34.21,11.617837
test,T2,34.21,11.121155
test,T2,34.21,8.091323
test,T2,34.473347,8.753174
test,T2,35.133347,9.896519
test,T2,35.53,9.653589
test,T2,35.53,9.4807
test,T2,35.53,10.999731
test,T2,35.53,10.388707
test,T2,35.53,10.354741
test,T2,35.53,11.203367
test,T2,35.53,10.309927
test,T2,35.528,11.847563
test,T2,35.523,9.08836
test,T2,35.52,7.9464917
test,T2,35.52,10.419561
test,T2,35.52,11.358866
test,T2,35.52,11.592869
test,T2,35.52,10.461775
test,T2,35.52,7.5185947
test,T2,35.52,8.159513
test,T2,35.52,8.806638
test,T2,35.52,8.4516115
test,T2,35.52,9.11368
test,T2,35.52,11.526524
test,T2,35.52,12.464609
test,T2,35.52,9.295702
test,T2,35.52,10.08812
test,T2,35.52,10.406166
test,T2,35.52,10.9793415
test,T2,35.577854,12.515289
test,T2,35.722855,11.796507
test,T2,35.81,9.287642
test,T2,35.81,7.659022
test,T2,35.81,9.910671
test,T2,35.81,10.770712
test,T2,35.81,9.645414
test,T2,35.81,10.317793
test,T2,35.81,13.658855
test,T2,35.582565,14.096041
test,T2,35.012566,12.303386
test,T2,34.67,11.606053
test,T2,34.67,13.595741
test,T2,34.67,14.622228
test,T2,34.67,12.728256
test,T2,34.67,12.479951
test,T2,34.67,14.965149
test,T2,34.67,15.8161545
test,T2,34.83758,13.521986
test,T2,35.25758,9.49024
test,T2,35.51,11.28475
test,T2,35.51,10.044197
test,T2,35.51,9.650482
test,T2,35.51,10.153585
test,T2,35.51,10.485122
test,T2,35.51,13.3842945
test,T2,35.51,12.588527
test,T2,35.514,10.064329
test,T2,35.524,10.005701
test,T2,35.53,8.711281
test,T2,35.53,9.381527
test,T2,35.53,9.743272
test,T2,35.53,9.433821
test,T2,35.53,10.010971
test,T2,35.53,9.702309
test,T2,35.53,8.344201
test,T2,35.862,7.225436
test,T2,36.692,9.389872
test,T2,37.19,10.847101
test,T2,37.19,10.495262
test,T2,37.19,12.213616
test,T2,37.19,9.796017
test,T2,37.19,10.743366
test,T2,37.19,10.239007
test,T2,37.19,8.843337
test,T2,37.02,8.844723
test,T2,36.595,9.266189
test,T2,36.34,12.713415
test,T2,36.34,15.298316
test,T2,36.34,15.438957
test,T2,36.34,15.222719
test,T2,36.34,11.904005
test,T2,36.34,8.491644
test,T2,36.34,9.905569
test,T2,36.22,10.506194
test,T2,35.92,11.808245
test,T2,35.74,10.1203
test,T2,35.74,6.4960947
test,T2,35.74,7.9206367
test,T2,35.74,11.22889
test,T2,35.74,12.900436
test,T2,35.74,14.256102
test,T2,35.74,8.965596
test,T2,35.816,10.785097
test,T2,36.006,10.255821
test,T2,36.12,8.399179
test,T2,36.12,8.839208
test,T2,36.12,9.529516
test,T2,36.12,9.544048
test,T2,36.12,12.492374
test,T2,36.12,14.144099
test,T2,36.12,12.779064
test,T2,36.012,10.867666
test,T2,35.742,9.76782
test,T2,35.58,10.099112
test,T2,35.58,7.7277145
test,T2,35.58,7.7970405
test,T2,35.58,9.850711
test,T2,35.58,11.047476
test,T2,35.58,9.583513
test,T2,35.58,9.593658
test,T2,35.759556,11.412453
test,T2,36.209553,10.658917
test,T2,36.48,9.084599
test,T2,36.48,9.544159
test,T2,36.48,9.916199
test,T2,36.48,9.663603
test,T2,36.48,8.816263
test,T2,36.48,9.195462
test,T2,36.48,9.871265
test,T2,36.488,9.702853
test,T2,36.508,10.608938
test,T2,36.52,10.844625
test,T2,36.52,9.646215
test,T2,36.52,10.434392
test,T2,36.52,9.726715
test,T2,36.52,9.725525
test,T2,36.52,10.0510235
test,T2,36.52,9.479721
test,T2,36.518,10.670412
test,T2,36.513,10.483387
test,T2,36.51,9.412638
test,T2,36.51,8.945937
test,T2,36.51,9.297511
test,T2,36.51,10.4733925
test,T2,36.51,10.779648
test,T2,36.51,9.293249
test,T2,36.51,8.917508
test,T2,36.631695,9.6927
test,T2,36.936695,10.477298
test,T2,37.12,9.8174925
test,T2,37.12,8.185403
test,T2,37.12,9.818143
test,T2,37.12,10.12015
test,T2,37.12,8.786333
test,T2,37.12,10.781677
test,T2,37.12,12.821283
test,T2,37.096058,11.074226
test,T2,37.03606,7.9610744
test,T2,37.0,10.037966
test,T2,37.0,11.291037
test,T2,37.0,10.219175
test,T2,37.0,9.393281
test,T2,37.0,8.873617
test,T2,37.0,9.053923
test,T2,37.0,9.118542
test,T2,36.83441,9.32431
test,T2,36.41941,9.102985
test,T2,36.17,8.22377
test,T2,36.17,9.125067
test,T2,36.17,10.825148
test,T2,36.17,10.706851
test,T2,36.17,9.028824
test,T2,36.17,9.38407
test,T2,36.17,10.163242
test,T2,35.98,9.041149
test,T2,35.505,9.180159
test,T2,35.22,9.5276375
test,T2,35.22,9.042942
test,T2,35.22,9.1952
test,T2,35.22,7.464849
test,T2,35.22,7.9220695
test,T2,35.22,9.305406
test,T2,35.22,8.369099
test,T2,35.146,7.9665055
test,T2,34.961,8.519046
test,T2,34.85,9.054245
test,T2,34.85,10.516048
test,T2,34.85,8.578516
test,T2,34.85,8.564932
test,T2,34.85,9.4794
test,T2,34.85,8.250919
test,T2,34.85,7.8639884
test,T2,34.832,7.165142
test,T2,34.787,7.976598
test,T2,34.76,9.240568
test,T2,34.76,8.74704
test,T2,34.76,9.814966
test,T2,34.76,8.885481
test,T2,34.76,8.075491
test,T2,34.76,8.414673
test,T2,34.76,10.31767
test,T2,34.746,10.022503
test,T2,34.711,8.108633
test,T2,34.69,8.514551
test,T2,34.69,7.924448
test,T2,34.69,8.669725
test,T2,34.69,8.9183655
test,T2,34.69,7.9037113
test,T2,34.69,10.869638
test,T2,34.69,11.270209
test,T2,34.739876,9.166804
test,T2,34.864876,9.173222
test,T2,34.94,7.8527875
test,T2,34.94,8.217878
test,T2,34.94,7.3861365
test,T2,34.94,6.7252994
test,T2,34.94,8.598364
test,T2,34.94,9.149209
test,T2,34.94,7.9824686
test,T2,34.644,6.9164944
test,T2,33.904,7.3734097
test,T2,33.46,6.4878626
test,T2,33.46,8.384359
test,T2,33.46,10.145254
test,T2,33.46,7.7919846
test,T2,33.46,7.6613517
test,T2,33.46,9.683976
test,T2,33.46,8.407654
test,T2,33.266483,7.95341
test,T2,32.781487,8.664326
test,T2,32.49,8.718647
test,T2,32.49,9.852136
test,T2,32.49,10.009537
test,T2,32.49,9.378477
test,T2,32.49,9.273669
test,T2,32.49,10.043359
test,T2,32.49,9.736427
test,T2,32.432,9.689192
test,T2,32.287,8.651619
test,T2,32.2,6.6514964
test,T2,32.2,6.530486
test,T2,32.2,7.8043838
test,T2,32.2,8.210318
test,T2,32.2,8.579793
test,T2,32.2,7.7172394
test,T2,32.2,6.34427
test,T2,32.27182,6.704027
test,T2,32.45182,6.5417457
test,T2,32.56,8.306863
test,T2,32.56,8.315395
test,T2,32.56,8.694159
test,T2,32.56,7.982399
test,T2,32.56,6.469212
test,T2,32.56,8.34456
test,T2,32.56,9.360905
test,T2,32.701645,8.306149
test,T2,33.056644,6.9205894
test,T2,33.27,5.304541
test,T2,33.27,5.780863
test,T2,33.27,6.7641315
test,T2,33.27,6.7732873
test,T2,33.27,6.333345
test,T2,33.27,8.581166
test,T2,33.27,9.3745165
test,T2,33.274,6.7575583
test,T2,33.284,7.5094624
test,T2,33.29,8.524903
test,T2,33.29,7.697356
test,T2,33.29,7.180002
test,T2,33.29,10.689097
test,T2,33.29,11.540818
test,T2,33.29,11.986457
test,T2,33.29,10.020771
test,T2,33.43,7.179363
test,T2,33.78,6.3667507
test,T2,33.99,7.2353997
test,T2,33.99,7.5963607
test,T2,33.99,6.875902
test,T2,33.99,6.912196
test,T2,33.99,8.923933
test,T2,33.99,7.8144636
test,T2,33.99,5.919975
test,T2,34.056,8.285155
test,T2,34.221,9.467617
test,T2,34.32,8.266591
test,T2,34.32,6.8935876
test,T2,34.32,5.955913
test,T2,34.32,8.179293
test,T2,34.32,9.627911
test,T2,34.32,9.543919
test,T2,34.32,9.082832
test,T2,34.316,7.0983005
test,T2,34.306,6.4761953
test,T2,34.3,8.513758
test,T2,34.3,7.7368
test,T2,34.3,7.411849
test,T2,34.3,7.9047513
test,T2,34.3,9.798111
test,T2,34.3,10.538408
test,T2,34.3,8.375842
test,T2,34.416,7.706432
test,T2,34.706,8.00502
test,T2,34.88,7.767459
test,T2,34.88,6.4600716
test,T2,34.88,7.369589
test,T2,34.88,7.2858725
test,T2,34.88,7.145281
test,T2,34.88,8.069711
test,T2,34.88,8.653212
test,T2,34.728,8.520214
test,T2,34.348,8.086665
test,T2,34.12,6.81477
test,T2,34.12,7.520235
test,T2,34.12,8.341787
test,T2,34.12,8.205617
test,T2,34.12,8.067079
test,T2,34.12,8.330146
test,T2,34.12,8.648149
test,T2,34.278,8.432188
test,T2,34.673,9.294784
test,T2,34.91,10.4867
test,T2,34.91,9.869937
test,T2,34.91,8.539175
test,T2,34.91,7.235694
test,T2,34.91,8.360462
test,T2,34.91,8.9713125
test,T2,34.91,9.970536
test,T2,35.016,8.944015
test,T2,35.281,8.519503
test,T2,35.44,7.963731
test,T2,35.44,8.50995
test,T2,35.44,9.069099
test,T2,35.44,9.903704
test,T2,35.44,8.830843
test,T2,35.44,7.823061
test,T2,35.44,7.40782
test,T2,35.61,6.634863
test,T2,36.035,6.1783514
test,T2,36.29,7.4255376
test,T2,36.29,10.121334
test,T2,36.29,10.140127
test,T2,36.29,8.859976
test,T2,36.29,8.227539
test,T2,36.29,8.056518
test,T2,36.29,7.515306
test,T2,36.356,7.387424
test,T2,36.521,7.9537816
test,T2,36.62,7.919628
test,T2,36.62,7.8629375
test,T2,36.62,8.294583
test,T2,36.62,7.8261113
test,T2,36.62,7.140479
test,T2,36.62,8.406218
test,T2,36.62,8.100751
test,T2,36.518,6.0077605
test,T2,36.263,7.0964756
test,T2,36.11,10.1308
test,T2,36.11,10.039845
test,T2,36.11,7.6129665
test,T2,36.11,7.2147746
test,T2,36.11,6.919793
test,T2,36.11,7.995712
test,T2,36.11,8.076117
test,T2,35.976,7.3130884
test,T2,35.641,7.2163467
test,T2,35.44,8.240596
test,T2,35.44,7.524011
test,T2,35.44,6.3438883
test,T2,35.44,8.300961
test,T2,35.44,7.913948
test,T2,35.44,7.45274
test,T2,35.44,7.6951227
test,T2,35.37616,7.8490043
test,T2,35.21616,7.9495425
test,T2,35.12,6.240637
test,T2,35.12,6.4869957
test,T2,35.12,7.922546
test,T2,35.12,8.454374
test,T2,35.12,7.544856
test,T2,35.12,8.36162
test,T2,35.12,9.521902
test,T2,35.110023,8.633877
test,T2,35.085026,8.880077
test,T2,35.07,6.775739
test,T2,35.07,6.6708746
test,T2,35.07,9.791689
test,T2,35.07,10.230083
test,T2,35.07,7.7298393
test,T2,35.07,6.2490544
test,T2,35.07,6.1078167
test,T2,35.13384,7.835807
test,T2,35.29384,8.020733
test,T2,35.39,6.8216143
test,T2,35.39,6.9049187
test,T2,35.39,7.1076794
test,T2,35.39,7.8663297
test,T2,35.39,8.248756
test,T2,35.39,7.1531534
test,T2,35.39,7.4644117
test,T2,35.342,7.6609325
test,T2,35.222,6.3373833
test,T2,35.15,7.5182114
test,T2,35.15,7.799245
test,T2,35.15,6.715296
test,T2,35.15,7.7755446
test,T2,35.15,6.989338
test,T2,35.15,5.96859
test,T2,35.15,8.448183
test,T2,35.174,8.264196
test,T2,35.234,7.7091513
test,T2,35.27,7.8384886
test,T2,35.27,7.3479357
test,T2,35.27,7.2685595
test,T2,35.27,7.208096
test,T2,35.27,6.680717
test,T2,35.27,6.629906
test,T2,35.27,7.6837063
test,T2,35.226,7.1134405
test,T2,35.116,7.380589
test,T2,35.05,8.185655
test,T2,35.05,8.760811
test,T2,35.05,9.406391
test,T2,35.05,9.294319
test,T2,35.05,8.216428
test,T2,35.05,7.152941
test,T2,35.05,7.64663
test,T2,35.036034,9.0611
test,T2,35.001034,8.736931
test,T2,34.98,9.6402
test,T2,34.98,9.585018
test,T2,34.98,6.505557
test,T2,34.98,6.2011924
test,T2,34.98,7.0015063
test,T2,34.98,7.549213
test,T2,34.98,8.591876
test,T2,35.09372,8.225575
test,T2,35.37872,6.895896
test,T2,35.55,6.346344
test,T2,35.55,6.8339314
test,T2,35.55,7.844165
test,T2,35.55,7.630745
test,T2,35.55,6.3161297
test,T2,35.55,6.8999043
test,T2,35.55,9.70855
test,T2,35.5101,11.390583
test,T2,35.4101,7.95747
test,T2,35.35,6.758898
test,T2,35.35,7.6847973
test,T2,35.35,7.6841207
test,T2,35.35,6.7774067
test,T2,35.35,6.9584846
test,T2,35.35,7.7462463
test,T2,35.35,7.1353354
test,T2,35.256,8.558839
test,T2,35.021,8.119684
test,T2,34.88,7.1220856
test,T2,34.88,12.983228
test,T2,34.88,13.922975
test,T2,34.88,9.474358
test,T2,34.88,9.023935
test,T2,34.88,8.484087
test,T2,34.88,6.949545
test,T2,34.796,5.8789945
test,T2,34.586,6.080575
test,T2,34.46,7.500104
test,T2,34.46,9.378689
test,T2,34.46,7.7808094
test,T2,34.46,7.1492615
test,T2,34.46,7.0192432
test,T2,34.46,7.835482
test,T2,34.46,9.41358
test,T2,34.392,9.3523445
test,T2,34.222,10.453256
test,T2,34.12,10.422871
test,T2,34.12,10.70289
test,T2,34.12,9.738209
test,T2,34.12,7.591423
test,T2,34.12,7.235783
test,T2,34.12,7.7956023
test,T2,34.12,8.79212
test,T2,34.166,9.594355
test,T2,34.281,10.636135
test,T2,34.35,12.162906
test,T2,34.35,10.471573
test,T2,34.35,7.238488
test,T2,34.35,7.4673557
test,T2,34.35,7.3228426
test,T2,34.35,8.270936
test,T2,34.35,7.805065
test,T2,34.40586,7.0222416
test,T2,34.54586,7.014723
test,T2,34.63,8.584562
test,T2,34.63,9.449456
test,T2,34.63,9.145037
test,T2,34.63,9.156635
test,T2,34.63,10.126953
test,T2,34.63,9.272046
test,T2,34.63,12.444944
test,T2,34.666,14.055637
test,T2,34.756,9.439205
test,T2,34.81,8.626974
test,T2,34.81,9.28729
test,T2,34.81,9.08648
test,T2,34.81,8.559706
test,T2,34.81,8.921381
test,T2,34.81,9.285042
test,T2,34.81,11.084228
test,T2,34.878,10.866842
test,T2,35.048,8.446245
test,T2,35.15,7.138162
test,T2,35.15,6.190099
test,T2,35.15,6.2584887
test,T2,35.15,7.958855
test,T2,35.15,10.179336
test,T2,35.15,9.312641
test,T2,35.15,8.136282
test,T2,35.21384,10.13859
test,T2,35.37384,8.62488
test,T2,35.47,8.47567
test,T2,35.47,8.520095
test,T2,35.47,10.39404
test,T2,35.47,11.332691
test,T2,35.47,8.894524
test,T2,35.47,7.7926507
test,T2,35.47,7.3226423
test,T2,35.534,7.9303026
test,T2,35.694,9.083241
test,T2,35.79,8.061239
test,T2,35.79,9.056967
test,T2,35.79,9.216072
test,T2,35.79,9.492997
test,T2,35.79,9.01861
test,T2,35.79,8.275397
test,T2,35.79,10.851548
test,T2,35.866,10.8587265
test,T2,36.056,8.3820915
test,T2,36.17,7.577207
test,T2,36.17,6.959258
test,T2,36.17,7.4162316
test,T2,36.17,8.613312
test,T2,36.17,7.5949483
test,T2,36.17,7.9711075
test,T2,36.17,9.860562
test,T2,36.09818,8.31816
test,T2,35.91818,8.714091
test,T2,35.81,9.372213
test,T2,35.81,8.160044
test,T2,35.81,7.8309407
test,T2,35.81,9.314724
test,T2,35.81,9.012978
test,T2,35.81,7.562395
test,T2,35.81,7.390079
test,T2,35.808006,8.338596
test,T2,35.803005,8.30429
test,T2,35.8,7.426624
test,T2,35.8,8.156532
test,T2,35.8,10.725717
test,T2,35.8,10.436967
test,T2,35.8,8.80447
test,T2,35.8,7.608904
test,T2,35.8,7.6266756
test,T2,35.656,8.755806
test,T2,35.296,9.119482
test,T2,35.08,9.010632
test,T2,35.08,8.915504
test,T2,35.08,9.919423
test,T2,35.08,9.177953
test,T2,35.08,9.654536
test,T2,35.08,12.19174
test,T2,35.08,10.354607
test,T2,35.188,8.869871
test,T2,35.458,10.043171
test,T2,35.62,9.795583
test,T2,35.62,8.224718
test,T2,35.62,6.855626
test,T2,35.62,6.9364576
test,T2,35.62,7.68062
test,T2,35.62,9.798696
test,T2,35.62,8.868303
test,T2,35.612,7.890941
test,T2,35.592,8.405124
test,T2,35.58,8.063906
test,T2,35.58,7.5918875
test,T2,35.58,7.248846
test,T2,35.58,6.9736185
test,T2,35.58,7.7318993
test,T2,35.58,7.9389215
test,T2,35.58,7.2926545
test,T2,35.648,8.499857
test,T2,35.818,7.6094484
test,T2,35.92,7.42193
test,T2,35.92,8.512104
test,T2,35.92,9.62575
test,T2,35.92,9.763311
test,T2,35.92,9.245291
test,T2,35.92,8.616097
test,T2,35.92,9.991101
test,T2,35.928,9.353073
test,T2,35.948,8.552057
test,T2,35.96,9.615261
test,T2,35.96,7.6226315
test,T2,35.96,6.8099585
test,T2,35.96,7.2881994
test,T2,35.96,7.45837
test,T2,35.96,7.991631
test,T2,35.96,8.065529
test,T2,36.094,7.1294856
test,T2,36.429,6.703539
test,T2,36.63,7.9492993
test,T2,36.63,7.9098263
test,T2,36.63,7.1826296
test,T2,36.63,6.5863614
test,T2,36.63,7.3283453
test,T2,36.63,11.734732
test,T2,36.63,14.2425585
test,T2,36.584,14.390121
test,T2,36.469,12.913014
test,T2,36.4,8.147745
test,T2,36.4,6.7567306
test,T2,36.4,7.428242
test,T2,36.4,7.4404707
test,T2,36.4,7.2703094
test,T2,36.4,7.59192
test,T2,36.4,7.989599
test,T2,36.272,7.3659215
test,T2,35.952,7.6220303
test,T2,35.76,7.331582
test,T2,35.76,8.485905
test,T2,35.76,9.675894
test,T2,35.76,8.500941
test,T2,35.76,7.276857
test,T2,35.76,7.211715
test,T2,35.76,8.980774
test,T2,35.61835,9.058535
test,T2,35.26335,8.085769
test,T2,35.05,7.4797087
test,T2,35.05,7.0303426
test,T2,35.05,6.8789
test,T2,35.05,6.8052697
test,T2,35.05,7.970688
test,T2,35.05,9.077608
test,T2,35.05,7.8310404
test,T2,34.96,8.087422
test,T2,34.735,7.3062105
test,T2,34.6,7.6943254
test,T2,34.6,8.848
test,T2,34.6,7.31061
test,T2,34.6,6.934195
test,T2,34.6,8.097341
test,T2,34.6,8.558479
test,T2,34.6,8.317499
test,T2,34.35661,9.030985
test,T2,33.74661,9.2709
test,T2,33.38,8.851314
test,T2,33.38,8.917566
test,T2,33.38,8.297035
test,T2,33.38,7.8350754
test,T2,33.38,7.631378
test,T2,33.38,8.317533
test,T2,33.38,9.477007
test,T2,33.356,10.158202
test,T2,33.296,10.412371
test,T2,33.26,8.962434
test,T2,33.26,8.486767
test,T2,33.26,8.640905
test,T2,33.26,8.724108
test,T2,33.26,8.273416
test,T2,33.26,6.3119435
test,T2,33.26,6.662622
test,T2,33.326,8.188006
test,T2,33.491,9.900917
test,T2,33.59,9.674798
test,T2,33.59,7.7130737
test,T2,33.59,7.3412523
test,T2,33.59,9.285395
test,T2,33.59,10.34078
test,T2,33.59,10.1668825
test,T2,33.59,8.738591
test,T2,33.574,7.060375
test,T2,33.534,5.8158503
test,T2,33.51,7.277384
test,T2,33.51,8.075655
test,T2,33.51,8.029664
test,T2,33.51,7.1230416
test,T2,33.51,6.8516035
test,T2,33.51,7.3770657
test,T2,33.51,7.204049
test,T2,33.58182,6.8577366
test,T2,33.76182,6.271913
test,T2,33.87,7.203189
test,T2,33.87,8.16058
test,T2,33.87,7.265059
test,T2,33.87,7.782578
test,T2,33.87,8.149798
test,T2,33.87,6.7392635
test,T2,33.87,6.0385957
test,T2,33.716,7.200733
test,T2,33.331,7.443012
test,T2,33.1,7.155422
test,T2,33.1,7.3238096
test,T2,33.1,7.866603
test,T2,33.1,9.194265
test,T2,33.1,9.138874
test,T2,33.1,7.879952
test,T2,33.1,8.156187
test,T2,32.914467,7.911704
test,T2,32.449467,7.4701443
test,T2,32.17,6.842203
test,T2,32.17,7.041876
test,T2,32.17,6.550621
test,T2,32.17,6.013041
test,T2,32.17,7.177082
test,T2,32.17,7.3841677
test,T2,32.17,7.1661086
test,T2,32.14,7.339937
test,T2,32.065,7.320231
test,T2,32.02,7.2005987
test,T2,32.02,7.1874743
test,T2,32.02,7.347748
test,T2,32.02,7.759972
test,T2,32.02,7.0584793
test,T2,32.02,6.946369
test,T2,32.02,6.3380795
test,T2,32.006,6.716469
test,T2,31.971,7.8170376
test,T2,31.95,7.6835513
test,T2,31.95,6.9175625
test,T2,31.95,9.259468
test,T2,31.95,9.430804
test,T2,31.95,6.727625
test,T2,31.95,6.5810633
test,T2,31.95,6.7710643
test,T2,32.006,6.2990923
test,T2,32.146,6.671958
test,T2,32.23,6.3389606
test,T2,32.23,6.361903
test,T2,32.23,6.680518
test,T2,32.23,6.5834904
test,T2,32.23,7.8218412
test,T2,32.23,7.954664
test,T2,32.23,7.159251
test,T2,32.22202,9.233938
test,T2,32.20202,10.791591
test,T2,32.19,10.037081
test,T2,32.19,7.499903
test,T2,32.19,8.620457
test,T2,32.19,10.135733
test,T2,32.19,8.4628315
test,T2,32.19,8.276735
test,T2,32.19,9.138941
test,T2,32.19,7.6959867
test,T2,32.19,6.073107
test,T2,32.19,8.371899
test,T2,32.19,9.476936
test,T2,32.19,7.5566874
test,T2,32.19,7.879345
test,T2,32.19,9.015622
test,T2,32.19,8.423096
test,T2,32.19,8.4544525
test,T2,32.09424,8.686268
test,T2,31.854239,8.861921
test,T2,31.71,9.064781
test,T2,31.71,8.311549
test,T2,31.71,6.8860664
test,T2,31.71,7.520009
test,T2,31.71,7.0636415
test,T2,31.71,7.110982
test,T2,31.71,9.961398
test,T2,31.618,9.967675
test,T2,31.388,10.210584
test,T2,31.25,10.152673
test,T2,31.25,9.998522
test,T2,31.25,8.833237
test,T2,31.25,8.941906
test,T2,31.25,8.606072
test,T2,31.25,10.633712
test,T2,31.25,10.49564
test,T2,31.426,7.224046
test,T2,31.866,6.935742
test,T2,32.13,8.695141
test,T2,32.13,8.964587
test,T2,32.13,10.781134
test,T2,32.13,13.111602
test,T2,32.13,11.681872
test,T2,32.13,9.904435
test,T2,32.13,9.43106
test,T2,32.351444,9.712451
test,T2,32.906445,9.202253
test,T2,33.24,10.309837
test,T2,33.24,8.45479
test,T2,33.24,5.858426
test,T2,33.24,6.8152695
test,T2,33.24,8.455687
test,T2,33.24,8.147051
test,T2,33.24,7.615582
test,T2,33.354,7.6056657
test,T2,33.639,9.065748
test,T2,33.81,9.303223
test,T2,33.81,9.774141
test,T2,33.81,11.26134
test,T2,33.81,10.269373
test,T2,33.81,8.564766
test,T2,33.81,7.6077805
test,T2,33.81,8.475195
test,T2,33.994,9.206927
test,T2,34.454,8.889125
test,T2,34.73,9.43969
test,T2,34.73,10.582353
test,T2,34.73,10.713725
test,T2,34.73,9.532246
test,T2,34.73,7.5974255
test,T2,34.73,6.6755733
test,T2,34.73,6.341552
test,T2,34.598328,7.3513336
test,T2,34.268326,9.764236
test,T2,34.07,8.944834
test,T2,34.07,10.310974
test,T2,34.07,9.31613
test,T2,34.07,8.215971
test,T2,34.07,9.189006
test,T2,34.07,9.486519
test,T2,34.07,9.953736
test,T2,34.108,11.226617
test,T2,34.203,9.152009
test,T2,34.26,7.3631034
test,T2,34.26,8.354298
test,T2,34.26,7.351575
test,T2,34.26,8.25717
test,T2,34.26,9.779516
test,T2,34.26,9.543156
test,T2,34.26,10.386089
test,T2,34.352,11.499311
test,T2,34.582,11.984554
test,T2,34.72,10.898351
test,T2,34.72,10.880026
test,T2,34.72,8.805244
test,T2,34.72,7.1003375
test,T2,34.72,6.9124937
test,T2,34.72,7.346835
test,T2,34.72,8.248332
test,T2,34.76389,8.792413
test,T2,34.87389,9.513506
test,T2,34.94,9.498491
test,T2,34.94,8.590651
test,T2,34.94,8.402671
test,T2,34.94,10.492331
test,T2,34.94,10.082905
test,T2,34.94,10.656008
test,T2,34.94,9.028299
test,T2,34.98,6.273649
test,T2,35.08,10.570759
test,T2,35.14,10.695929
test,T2,35.14,8.558885
test,T2,35.14,9.643673
test,T2,35.14,10.246924
test,T2,35.14,12.1376
test,T2,35.14,10.344464
test,T2,35.14,9.615921
test,T2,35.138,11.216555
test,T2,35.133,11.994419
test,T2,35.13,11.007114
test,T2,35.13,9.342932
test,T2,35.13,9.846383
test,T2,35.13,9.750782
test,T2,35.13,10.596962
test,T2,35.13,10.238845
test,T2,35.13,10.079164
test,T2,35.166,10.116758
test,T2,35.256,9.81685
test,T2,35.31,10.27495
test,T2,35.31,10.753624
test,T2,35.31,10.484323
test,T2,35.31,8.175734
test,T2,35.31,7.627815
test,T2,35.31,8.476952
test,T2,35.31,7.793068
test,T2,35.302,8.922403
test,T2,35.282,8.968878
test,T2,35.27,8.331978
test,T2,35.27,8.231318
test,T2,35.27,8.505485
test,T2,35.27,9.375692
test,T2,35.27,8.541581
test,T2,35.27,8.572204
test,T2,35.27,9.099854
test,T2,35.352,8.926039
test,T2,35.557,8.146919
test,T2,35.68,7.5939074
test,T2,35.68,6.814908
test,T2,35.68,7.1476946
test,T2,35.68,8.05818
test,T2,35.68,9.558929
test,T2,35.68,8.878766
test,T2,35.68,6.4431877
test,T2,35.848,7.166194
test,T2,36.268,8.840492
test,T2,36.52,7.875444
test,T2,36.52,7.084143
test,T2,36.52,8.496942
test,T2,36.52,7.850978
test,T2,36.52,8.564911
test,T2,36.52,9.868718
test,T2,36.52,8.190521
test,T2,36.591824,8.046841
test,T2,36.77182,8.642864
test,T2,36.88,7.5458584
test,T2,36.88,10.277969
test,T2,36.88,10.050709
test,T2,36.88,8.324632
test,T2,36.88,7.201844
test,T2,36.88,6.5776405
test,T2,36.88,6.5642896
test,T2,36.836,7.428645
test,T2,36.726,7.265123
test,T2,36.66,8.147839
test,T2,36.66,8.655945
test,T2,36.66,8.30804
test,T2,36.66,7.2400246
test,T2,36.66,7.0577383
test,T2,36.66,9.642523
test,T2,36.66,11.442002
test,T2,36.654,9.157405
test,T2,36.639,7.470404
test,T2,36.63,7.303091
test,T2,36.63,6.315326
test,T2,36.63,6.6050606
test,T2,36.63,5.1915226
test,T2,36.63,6.5827827
test,T2,36.63,8.641522
test,T2,36.63,6.662429
test,T2,36.52,5.1125317
test,T2,36.245,5.905637
test,T2,36.08,6.5254335
test,T2,36.08,6.3936787
test,T2,36.08,5.8654704
test,T2,36.08,6.8301687
test,T2,36.08,7.639765
test,T2,36.08,6.7554116
test,T2,36.08,7.915514
test,T2,35.848,7.2883997
test,T2,35.268,6.04025
test,T2,34.92,6.461127
test,T2,34.92,6.4951134
test,T2,34.92,6.7820206
test,T2,34.92,6.2929983
test,T2,34.92,6.8779607
test,T2,34.92,7.2166834
test,T2,34.92,6.388136
test,T2,34.712,5.968931
test,T2,34.192,8.355934
test,T2,33.88,8.583849
test,T2,33.88,6.2291393
test,T2,33.88,5.430331
test,T2,33.88,5.2466626
test,T2,33.88,5.0964565
test,T2,33.88,6.05727
test,T2,33.88,6.5380254
test,T2,33.94,7.7049522
test,T2,34.09,8.780225
test,T2,34.18,9.917098
test,T2,34.18,12.466494
test,T2,34.18,12.436691
test,T2,34.18,11.083003
test,T2,34.18,8.260459
test,T2,34.18,7.167285
test,T2,34.18,7.15015
test,T2,34.186,7.3984523
test,T2,34.201,7.258824
test,T2,34.21,8.076707
test,T2,34.21,8.233165
test,T2,34.21,6.7953095
test,T2,34.21,7.3002863
test,T2,34.21,7.4690666
test,T2,34.21,7.3110685
test,T2,34.21,6.920171
test,T2,34.434,7.3367734
test,T2,34.994,7.3222847
test,T2,35.33,7.07215
test,T2,35.33,7.2042074
test,T2,35.33,5.6556873
test,T2,35.33,6.380945
test,T2,35.33,6.0443835
test,T2,35.33,5.6123486
test,T2,35.33,7.7096143
test,T2,35.656,8.654926
test,T2,36.471,7.4655857
test,T2,36.96,6.5016384
test,T2,36.96,6.9835367
test,T2,36.96,7.2109942
test,T2,36.96,6.4843645
test,T2,36.96,6.801159
test,T2,36.96,6.553861
test,T2,36.96,6.873383
test,T2,37.022,6.136591
test,T2,37.177,7.2271366
test,T2,37.27,7.3078117
test,T2,37.27,6.332868
test,T2,37.27,6.439887
test,T2,37.27,6.0738134
test,T2,37.27,8.185141
test,T2,37.27,8.714619
test,T2,37.27,9.807964
test,T2,37.20217,8.708702
test,T2,37.03217,7.076987
test,T2,36.93,6.683449
test,T2,36.93,6.252719
test,T2,36.93,6.3508024
test,T2,36.93,6.947014
test,T2,36.93,6.8159723
test,T2,36.93,7.285301
test,T2,36.93,7.325752
test,T2,36.792343,6.8237076
test,T2,36.447346,7.1539197
test,T2,36.24,7.428491
test,T2,36.24,7.355136
test,T2,36.24,7.785672
test,T2,36.24,7.7901196
test,T2,36.24,7.626646
test,T2,36.24,6.9542923
test,T2,36.24,6.419514
test,T2,36.142,8.705476
test,T2,35.897,8.604213
test,T2,35.75,7.065321
test,T2,35.75,6.8989534
test,T2,35.75,7.089308
test,T2,35.75,8.951178
test,T2,35.75,6.534832
test,T2,35.75,6.4205723
test,T2,35.75,6.604826
test,T2,35.72207,6.185645
test,T2,35.65207,13.017515
test,T2,35.61,10.96333
test,T2,35.61,5.268702
test,T2,35.61,5.4002895
test,T2,35.61,6.81533
test,T2,35.61,7.2255306
test,T2,35.61,6.7676716
test,T2,35.61,5.9039116
test,T2,35.41249,5.45144
test,T2,34.917492,5.667964
test,T2,34.62,7.3393483
test,T2,34.62,7.092907
test,T2,34.62,6.029806
test,T2,34.62,6.9577494
test,T2,34.62,6.5719337
test,T2,34.62,6.564806
test,T2,34.62,6.7052565
test,T2,34.628,5.397391
test,T2,34.648,4.5621996
test,T2,34.66,6.652781
test,T2,34.66,8.271979
test,T2,34.66,7.9494047
test,T2,34.66,7.5601406
test,T2,34.66,7.935275
test,T2,34.66,9.42796
test,T2,34.66,9.77343
test,T2,34.75776,7.8644896
test,T2,35.002758,8.2345295
test,T2,35.15,8.732534
test,T2,35.15,8.659624
test,T2,35.15,8.0478115
test,T2,35.15,6.769019
test,T2,35.15,6.0586996
test,T2,35.15,6.3097973
test,T2,35.15,6.838661
test,T2,35.204,8.036043
test,T2,35.339,8.104448
test,T2,35.42,8.754055
test,T2,35.42,8.29502
test,T2,35.42,7.3054686
test,T2,35.42,7.8129997
test,T2,35.42,7.760892
test,T2,35.42,7.084772
test,T2,35.42,7.3429174
test,T2,35.326233,8.457827
test,T2,35.091232,8.495966
test,T2,34.95,7.528534
test,T2,34.95,7.3258486
test,T2,34.95,7.0063734
test,T2,34.95,7.124646
test,T2,34.95,7.2214193
test,T2,34.95,6.8754644
test,T2,34.95,7.9837484
test,T2,35.00985,8.951042
test,T2,35.15985,8.66279
test,T2,35.25,6.725322
test,T2,35.25,6.769126
test,T2,35.25,9.258056
test,T2,35.25,8.922615
test,T2,35.25,7.1811733
test,T2,35.25,8.559541
test,T2,35.25,8.69185
test,T2,35.344,7.5547915
test,T2,35.579,8.0598135
test,T2,35.72,9.10301
test,T2,35.72,7.6037116
test,T2,35.72,6.1720867
test,T2,35.72,6.2519197
test,T2,35.72,5.937796
test,T2,35.72,6.9501343
test,T2,35.72,6.1238627
test,T2,35.63,6.0797243
test,T2,35.405,7.2128067
test,T2,35.27,7.167022
test,T2,35.27,8.252876
test,T2,35.27,8.703023
test,T2,35.27,6.6805897
test,T2,35.27,6.56584
test,T2,35.27,7.9051914
test,T2,35.27,9.33622
test,T2,35.164,9.277964
test,T2,34.899,8.361271
test,T2,34.74,7.230978
test,T2,34.74,6.2350082
test,T2,34.74,6.6222963
test,T2,34.74,7.5289536
test,T2,34.74,7.4096456
test,T2,34.74,6.0031548
test,T2,34.74,5.2934604
test,T2,34.75197,6.141382
test,T2,34.78197,7.8435607
test,T2,34.8,6.958948
test,T2,34.8,5.385883
test,T2,34.8,5.7838793
test,T2,34.8,6.8631067
test,T2,34.8,6.407679
test,T2,34.8,6.3504753
test,T2,34.8,7.754745
test,T2,35.03142,8.09348
test,T2,35.61142,9.139393
test,T2,35.96,7.637609
test,T2,35.96,7.4367347
test,T2,35.96,7.2699103
test,T2,35.96,5.6089487
test,T2,35.96,6.708322
test,T2,35.96,6.629609
test,T2,35.96,6.7945437
test,T2,35.938,7.2350664
test,T2,35.883,7.118572
test,T2,35.85,9.170599
test,T2,35.85,9.001217
test,T2,35.85,8.313055
test,T2,35.85,8.184411
test,T2,35.85,8.472344
test,T2,35.85,9.2951565
test,T2,35.85,7.6978893
test,T2,35.899876,8.006457
test,T2,36.024876,7.4049664
test,T2,36.1,6.9186163
test,T2,36.1,7.493327
test,T2,36.1,6.5976896
test,T2,36.1,6.178423
test,T2,36.1,7.5342865
test,T2,36.1,8.010396
test,T2,36.1,6.857249
test,T2,36.032,6.8192577
test,T2,35.862,7.4678755
test,T2,35.76,8.473549
test,T2,35.76,8.057009
test,T2,35.76,9.220264
test,T2,35.76,9.729563
test,T2,35.76,7.8773584
test,T2,35.76,8.337043
test,T2,35.76,12.199387
test,T2,35.868,11.52128
test,T2,36.138,8.730473
test,T2,36.3,9.707055
test,T2,36.3,9.464473
test,T2,36.3,7.57566
test,T2,36.3,10.950436
test,T2,36.3,14.857212
test,T2,36.3,12.237461
test,T2,36.3,17.117044
test,T2,36.23,17.441786
test,T2,36.055,10.830788
test,T2,35.95,11.245875
test,T2,35.95,9.867455
test,T2,35.95,12.228642
test,T2,35.95,12.696695
test,T2,35.95,10.8600025
test,T2,35.95,16.41271
test,T2,35.95,14.61907
test,T2,36.0295,9.679146
test,T2,36.2945,11.519638
test,T2,36.48,12.715607
test,T2,36.48,10.211637
test,T2,36.48,9.283895
test,T2,36.48,10.435148
test,T2,36.48,10.507396
test,T2,36.48,9.982374
test,T2,36.48,8.753013
test,T2,36.556,9.651528
test,T2,36.746,8.542662
test,T2,36.86,8.131193
test,T2,36.86,9.239963
test,T2,36.86,10.017628
test,T2,36.86,10.959871
test,T2,36.86,12.147631
test,T2,36.86,11.324375
test,T2,36.86,11.055991
test,T2,37.002,10.653671
test,T2,37.357,10.163456
test,T2,37.57,10.225811
test,T2,37.57,9.090878
test,T2,37.57,7.835683
test,T2,37.57,8.274143
test,T2,37.57,9.375933
test,T2,37.57,10.24877
test,T2,37.57,10.554898
test,T2,37.26875,8.310074
test,T2,36.51375,7.9804673
test,T2,36.06,8.536806
test,T2,36.06,7.519311
test,T2,36.06,7.5300083
test,T2,36.06,7.7117662
test,T2,36.06,8.801391
test,T2,36.06,9.968694
test,T2,36.06,9.829842
test,T2,36.022095,8.194145
test,T2,35.927094,8.0173025
test,T2,35.87,9.646119
test,T2,35.87,8.135674
test,T2,35.87,8.984717
test,T2,35.87,9.551975
test,T2,35.87,8.559547
test,T2,35.87,8.463367
test,T2,35.87,10.019532
test,T2,35.888,10.088783
test,T2,35.933,10.892069
test,T2,35.96,12.195034
test,T2,35.96,11.235367
test,T2,35.96,12.4031725
test,T2,35.96,11.085081
test,T2,35.96,10.539196
test,T2,35.96,9.289552
test,T2,35.96,7.7516603
test,T2,35.896,9.114821
test,T2,35.736,10.637184
test,T2,35.64,9.106014
test,T2,35.64,7.2175426
test,T2,35.64,8.27061
test,T2,35.64,7.021467
test,T2,35.64,6.870022
test,T2,35.64,8.503033
test,T2,35.64,10.069874
test,T2,35.62803,9.150019
test,T2,35.59803,7.2048492
test,T2,35.58,7.568202
test,T2,35.58,6.755305
test,T2,35.58,7.355341
test,T2,35.58,7.2871494
test,T2,35.58,7.2766933
test,T2,35.58,8.015154
test,T2,35.58,7.4148073
test,T2,35.538,7.939522
test,T2,35.433,9.162526
test,T2,35.37,8.781709
test,T2,35.37,8.713947
test,T2,35.37,8.340277
test,T2,35.37,6.650639
test,T2,35.37,6.6653233
test,T2,35.37,8.660208
test,T2,35.37,8.021685
test,T2,35.511646,6.228153
test,T2,35.866646,7.9196506
test,T2,36.08,8.48674
test,T2,36.08,8.351833
test,T2,36.08,7.9807825
test,T2,36.08,7.5735188
test,T2,36.08,6.7306943
test,T2,36.08,6.2793207
test,T2,36.08,6.829851
test,T2,36.192,7.672939
test,T2,36.472,6.3092957
test,T2,36.64,6.015073
test,T2,36.64,8.2318
test,T2,36.64,9.8910675
test,T2,36.64,9.603832
test,T2,36.64,8.824562
test,T2,36.64,16.73345
test,T2,36.64,15.791906
test,T2,36.56,6.9472427
test,T2,36.36,7.1680927
test,T2,36.24,8.496302
test,T2,36.24,12.620999
test,T2,36.24,13.663673
test,T2,36.24,9.255233
test,T2,36.24,7.8169565
test,T2,36.24,7.9269257
test,T2,36.24,9.305011
test,T2,36.337753,9.370895
test,T2,36.582756,7.167158
test,T2,36.73,5.6680264
test,T2,36.73,5.6505356
test,T2,36.73,6.3172045
test,T2,36.73,7.5450115
test,T2,36.73,7.3887806
test,T2,36.73,8.014864
test,T2,36.73,8.454375
test,T2,36.35892,6.1250267
test,T2,35.42892,6.3333445
test,T2,34.87,7.7904525
test,T2,34.87,8.2627735
test,T2,34.87,8.643713
test,T2,34.87,9.140442
test,T2,34.87,6.9820833
test,T2,34.87,7.442228
test,T2,34.87,8.473106
test,T2,34.91,7.5503626
test,T2,35.01,7.472155
test,T2,35.07,6.169025
test,T2,35.07,5.853611
test,T2,35.07,7.0035152
test,T2,35.07,7.234875
test,T2,35.07,6.7722225
test,T2,35.07,6.5906153
test,T2,35.07,6.697958
test,T2,34.78,6.1537704
test,T2,34.055,6.292427
test,T2,33.62,7.2085037
test,T2,33.62,6.523712
test,T2,33.62,7.2659245
test,T2,33.62,7.2959776
test,T2,33.62,6.5978804
test,T2,33.62,5.9037943
test,T2,33.62,7.2096157
test,T2,33.51,7.2184277
test,T2,33.235,8.421977
test,T2,33.07,9.914373
test,T2,33.07,8.814074
test,T2,33.07,6.743012
test,T2,33.07,6.0746465
test,T2,33.07,7.447344
test,T2,33.07,7.8487644
test,T2,33.07,8.000086
test,T2,32.914387,6.7663355
test,T2,32.524387,5.107137
test,T2,32.29,5.1409597
test,T2,32.29,6.080453
test,T2,32.29,6.940651
test,T2,32.29,7.157685
test,T2,32.29,6.4763308
test,T2,32.29,5.794091
test,T2,32.29,6.2148356
test,T2,32.428,7.3304214
test,T2,32.773,7.8618355
test,T2,32.98,7.757236
test,T2,32.98,7.314905
test,T2,32.98,7.0911484
test,T2,32.98,6.4485736
test,T2,32.98,7.6785493
test,T2,32.98,8.226124
test,T2,32.98,7.268485
test,T2,33.062,8.83275
test,T2,33.267,8.640652
test,T2,33.39,6.6685038
test,T2,33.39,6.846657
test,T2,33.39,8.123429
test,T2,33.39,9.459104
test,T2,33.39,9.738831
test,T2,33.39,8.012723
test,T2,33.39,5.9391384
test,T2,33.467804,6.9464407
test,T2,33.662804,6.7353497
test,T2,33.78,5.5854006
test,T2,33.78,7.3157864
test,T2,33.78,8.156174
test,T2,33.78,6.741466
test,T2,33.78,5.6397905
test,T2,33.78,6.59587
test,T2,33.78,9.133178
test,T2,34.01,9.164519
test,T2,34.585,6.464473
test,T2,34.93,6.618716
test,T2,34.93,7.379842
test,T2,34.93,8.265324
test,T2,34.93,8.817165
test,T2,34.93,8.109041
test,T2,34.93,7.717095
test,T2,34.93,9.075655
test,T2,34.948,7.7267046
test,T2,34.993,6.03116
test,T2,35.02,6.250725
test,T2,35.02,7.07648
test,T2,35.02,7.274907
test,T2,35.02,7.004445
test,T2,35.02,7.766859
test,T2,35.02,8.219922
test,T2,35.02,7.101817
test,T2,34.97,7.401251
test,T2,34.845,9.111465
test,T2,34.77,9.378624
test,T2,34.77,8.838287
test,T2,34.77,9.88304
test,T2,34.77,10.625913
test,T2,34.77,9.026561
test,T2,34.77,6.5560055
test,T2,34.77,6.0018625
test,T2,34.67,8.682428
test,T2,34.42,9.650604
test,T2,34.27,9.989888
test,T2,34.27,8.958221
test,T2,34.27,8.1633
test,T2,34.27,7.5067472
test,T2,34.27,8.766958
test,T2,34.27,9.939695
test,T2,34.27,9.900579
test,T2,34.424,9.917379
test,T2,34.809,8.195475
test,T2,35.04,6.7444572
test,T2,35.04,6.954381
test,T2,35.04,7.042618
test,T2,35.04,7.75426
test,T2,35.04,6.7603025
test,T2,35.04,7.0869856
test,T2,35.04,7.319362
test,T2,35.540756,7.5543175
test,T2,36.795757,8.2042465
test,T2,37.55,9.473486
test,T2,37.55,9.16095
test,T2,37.55,6.0323086
test,T2,37.55,5.89046
test,T2,37.55,5.962056
test,T2,37.55,5.3122654
test,T2,37.55,5.3509536
test,T2,37.396,5.353979
test,T2,37.011,5.8243823
test,T2,36.78,6.4063296
test,T2,36.78,7.4841805
test,T2,36.78,6.723131
test,T2,36.78,6.038417
test,T2,36.78,6.610794
test,T2,36.78,7.2950125
test,T2,36.78,7.724365
test,T2,36.684,6.662977
test,T2,36.444,6.230302
test,T2,36.3,6.033599
test,T2,36.3,6.334946
test,T2,36.3,8.406999
test,T2,36.3,8.977945
test,T2,36.3,9.796284
test,T2,36.3,9.497331
test,T2,36.3,6.487553
test,T2,36.18,6.0018554
test,T2,35.88,6.1119432
test,T2,35.7,6.573867
test,T2,35.7,5.580516
test,T2,35.7,6.2551336
test,T2,35.7,8.7763405
test,T2,35.7,7.98004
test,T2,35.7,7.3109903
test,T2,35.7,7.5954366
test,T2,35.612,6.4660892
test,T2,35.392,6.186721
test,T2,35.26,6.52374
test,T2,35.26,6.3616304
test,T2,35.26,6.6507006
test,T2,35.26,7.129081
test,T2,35.26,6.948672
test,T2,35.26,5.723985
test,T2,35.26,5.491552
test,T2,35.278,5.7873087
test,T2,35.323,7.2709246
test,T2,35.35,8.534477
test,T2,35.35,7.6383257
test,T2,35.35,5.9969625
test,T2,35.35,7.256403
test,T2,35.35,7.158291
test,T2,35.35,8.09976
test,T2,35.35,9.649614
test,T2,35.114,7.9473495
test,T2,34.524,7.917346
test,T2,34.17,8.4629
test,T2,34.17,8.6631
test,T2,34.17,8.487292
test,T2,34.17,7.9870415
test,T2,34.17,10.0494175
test,T2,34.17,10.38583
test,T2,34.17,7.867817
test,T2,34.108,7.2311087
test,T2,33.953,8.306465
test,T2,33.86,8.256725
test,T2,33.86,6.9062834
test,T2,33.86,8.795801
test,T2,33.86,10.013241
test,T2,33.86,10.850435
test,T2,33.86,11.155546
test,T2,33.86,9.910629
test,T2,33.912,7.859015
test,T2,34.042,8.982192
test,T2,34.12,9.800325
test,T2,34.12,9.3502865
test,T2,34.12,8.5466
test,T2,34.12,8.816576
test,T2,34.12,8.799168
test,T2,34.12,8.5097475
test,T2,34.12,9.397646
test,T2,33.988,8.905577
test,T2,33.658,8.01405
test,T2,33.46,8.718874
test,T2,33.46,8.798328
test,T2,33.46,7.6428776
test,T2,33.46,9.363935
test,T2,33.46,9.627136
test,T2,33.46,10.551028
test,T2,33.46,12.133835
test,T2,33.40015,9.880671
test,T2,33.25015,8.045636
test,T2,33.16,7.158846
test,T2,33.16,7.017933
test,T2,33.16,8.404064
test,T2,33.16,7.8441353
test,T2,33.16,7.0284204
test,T2,33.16,6.8196793
test,T2,33.16,6.9654694
test,T2,33.064,7.582726
test,T2,32.824,8.32867
test,T2,32.68,7.836546
test,T2,32.68,7.1119695
test,T2,32.68,6.490728
test,T2,32.68,7.8923397
test,T2,32.68,9.017362
test,T2,32.68,7.091465
test,T2,32.68,5.1743393
test,T2,32.99122,6.349983
test,T2,33.77122,8.828817
test,T2,34.24,8.245157
test,T2,34.24,6.8987374
test,T2,34.24,8.583214
test,T2,34.24,8.864335
test,T2,34.24,8.917918
test,T2,34.24,7.798421
test,T2,34.24,7.4472065
test,T2,34.372,8.329138
test,T2,34.702,8.018599
test,T2,34.9,8.920244
test,T2,34.9,9.360748
test,T2,34.9,8.843762
test,T2,34.9,12.206577
test,T2,34.9,10.783165
test,T2,34.9,9.18418
test,T2,34.9,10.519714
test,T2,34.906,10.409021
test,T2,34.921,7.017511
test,T2,34.93,7.0712824
test,T2,34.93,7.7107863
test,T2,34.93,6.4629188
test,T2,34.93,5.866309
test,T2,34.93,6.9389143
test,T2,34.93,7.568904
test,T2,34.93,5.9697876
test,T2,34.716,5.669385
test,T2,34.181,6.00327
test,T2,33.86,6.811376
test,T2,33.86,6.2202535
test,T2,33.86,5.3799143
test,T2,33.86,6.3560658
test,T2,33.86,6.6090527
test,T2,33.86,6.6348944
test,T2,33.86,6.0817695
test,T2,33.638,6.3169756
test,T2,33.083,7.3925514
test,T2,32.75,6.815954
test,T2,32.75,7.236675
test,T2,32.75,7.102567
test,T2,32.75,7.6994467
test,T2,32.75,7.054203
test,T2,32.75,8.370134
test,T2,32.75,8.821467
test,T2,32.819828,7.402196
test,T2,32.994827,6.3088098
test,T2,33.1,5.0124855
test,T2,33.1,5.14955
test,T2,33.1,6.7227135
test,T2,33.1,6.3878555
test,T2,33.1,5.108327
test,T2,33.1,5.233171
test,T2,33.1,6.9042645
test,T2,33.248,7.7674303
test,T2,33.618,7.2572546
test,T2,33.84,5.6486225
test,T2,33.84,6.1308136
test,T2,33.84,9.431172
test,T2,33.84,10.328045
test,T2,33.84,8.153418
test,T2,33.84,6.8452578
test,T2,33.84,7.747187
test,T2,33.706,7.414398
test,T2,33.371,5.7828712
test,T2,33.17,6.478636
test,T2,33.17,6.950115
test,T2,33.17,6.477853
test,T2,33.17,6.304372
test,T2,33.17,7.1019173
test,T2,33.17,8.022299
test,T2,33.17,8.241811
test,T2,33.05,8.206288
test,T2,32.75,7.8421154
test,T2,32.57,10.9551935
test,T2,32.57,12.534323
test,T2,32.57,11.629394
test,T2,32.57,10.568938
test,T2,32.57,8.278532
test,T2,32.57,8.663876
test,T2,32.57,6.5711203
test,T2,32.57199,6.2638865
test,T2,32.576992,6.115682
test,T2,32.58,7.3169236
test,T2,32.58,6.968113
test,T2,32.58,6.8333664
test,T2,32.58,10.100645
test,T2,32.58,10.188995
test,T2,32.58,8.273774
test,T2,32.58,10.533689
test,T2,32.666,12.836697
test,T2,32.881,12.874758
test,T2,33.01,13.060922
test,T2,33.01,11.233244
test,T2,33.01,7.3457136
test,T2,33.01,6.5809298
test,T2,33.01,6.643201
test,T2,33.01,7.9433966
test,T2,33.01,7.1205053
test,T2,33.04192,7.822775
test,T2,33.12192,8.781857
test,T2,33.17,8.837747
test,T2,33.17,8.142057
test,T2,33.17,7.949655
test,T2,33.17,8.05955
test,T2,33.17,7.7581906
test,T2,33.17,9.167807
test,T2,33.17,8.459673
test,T2,33.262,7.861154
test,T2,33.492,9.676405
test,T2,33.63,9.4065695
test,T2,33.63,8.422575
test,T2,33.63,8.746712
test,T2,33.63,9.242977
test,T2,33.63,10.374316
test,T2,33.63,9.989587
test,T2,33.63,9.000019
test,T2,33.776,9.060295
test,T2,34.141,10.260086
test,T2,34.36,9.467147
test,T2,34.36,8.906021
test,T2,34.36,9.370432
test,T2,34.36,7.80877
test,T2,34.36,8.863211
test,T2,34.36,8.423429
test,T2,34.36,9.155701
test,T2,34.428,9.3623905
test,T2,34.598,8.968395
test,T2,34.7,10.375977
test,T2,34.7,8.875601
test,T2,34.7,7.4033885
test,T2,34.7,8.075262
test,T2,34.7,8.129082
test,T2,34.7,6.5726438
test,T2,34.7,7.818306
test,T2,34.713966,8.799294
test,T2,34.748966,9.123948
test,T2,34.77,8.719657
test,T2,34.77,8.279786
test,T2,34.77,8.490803
test,T2,34.77,9.0210495
test,T2,34.77,9.448957
test,T2,34.77,8.18008
test,T2,34.77,7.500731
test,T2,34.836,5.7557106
test,T2,35.001,8.36355
test,T2,35.1,9.116763
test,T2,35.1,8.720822
test,T2,35.1,9.056837
test,T2,35.1,7.8065605
test,T2,35.1,8.785366
test,T2,35.1,8.66365
test,T2,35.1,7.650139
test,T2,35.084,7.2245283
test,T2,35.044,7.655177
test,T2,35.02,9.063381
test,T2,35.02,11.334236
test,T2,35.02,11.700136
test,T2,35.02,10.569987
test,T2,35.02,9.323002
test,T2,35.02,8.852314
test,T2,35.02,8.685558
test,T2,35.10778,8.43456
test,T2,35.32778,8.713688
test,T2,35.46,8.102889
test,T2,35.46,8.954944
test,T2,35.46,10.764502
test,T2,35.46,9.9633045
test,T2,35.46,7.6325464
test,T2,35.46,7.911751
test,T2,35.46,8.627521
test,T2,35.284,8.396923
test,T2,34.844,8.8356905
test,T2,34.58,9.302242
test,T2,34.58,9.125813
test,T2,34.58,9.77543
test,T2,34.58,10.768863
test,T2,34.58,8.897089
test,T2,34.58,8.84065
test,T2,34.58,9.984305
test,T2,34.33262,9.617952
test,T2,33.71262,11.797895
test,T2,33.34,11.0872
test,T2,33.34,11.334151
test,T2,33.34,11.467193
test,T2,33.34,9.045988
test,T2,33.34,9.668181
test,T2,33.34,11.116903
test,T2,33.34,10.687494
test,T2,33.114,10.082634
test,T2,32.549,9.035594
test,T2,32.21,9.064077
test,T2,32.21,8.846069
test,T2,32.21,9.868946
test,T2,32.21,9.692085
test,T2,32.21,10.146616
test,T2,32.21,10.919218
test,T2,32.21,9.950379
test,T2,31.934,8.681849
test,T2,31.244,8.594826
test,T2,30.83,10.148308
test,T2,30.83,10.718544
test,T2,30.83,10.430485
test,T2,30.83,11.579283
test,T2,30.83,10.549051
test,T2,30.83,9.557671
test,T2,30.83,8.972885
test,T2,30.5507,9.491534
test,T2,29.8507,10.111062
test,T2,29.43,10.682703
test,T2,29.43,11.96045
test,T2,29.43,10.91128
test,T2,29.43,9.301901
test,T2,29.43,8.506462
test,T2,29.43,9.065113
test,T2,29.43,8.539749
test,T2,29.69334,7.7943077
test,T2,30.35334,9.937655
test,T2,30.75,9.805401
test,T2,30.75,9.243986
test,T2,30.75,9.174456
test,T2,30.75,10.152641
test,T2,30.75,11.966503
test,T2,30.75,11.447319
test,T2,30.75,10.582651
test,T2,30.922,9.584364
test,T2,31.352,9.211822
test,T2,31.61,10.666599
test,T2,31.61,10.680427
test,T2,31.61,11.514122
test,T2,31.61,10.516649
test,T2,31.61,9.150028
test,T2,31.61,9.211256
test,T2,31.61,10.475879
test,T2,31.39653,11.925905
test,T2,30.86153,11.89893
test,T2,30.54,10.751415
test,T2,30.54,8.63409
test,T2,30.54,7.0639286
test,T2,30.54,6.4561815
test,T2,30.54,5.697109
test,T2,30.54,7.096427
test,T2,30.54,7.0676403
test,T2,30.626,8.8434105
test,T2,30.841,9.833129
test,T2,30.97,7.974634
test,T2,30.97,6.558689
test,T2,30.97,5.554319
test,T2,30.97,5.450903
test,T2,30.97,5.3940535
test,T2,30.97,5.3558717
test,T2,30.97,6.6706214
test,T2,31.183464,6.943906
test,T2,31.718466,8.242695
test,T2,32.04,9.938915
test,T2,32.04,8.554041
test,T2,32.04,7.661561
test,T2,32.04,7.6985245
test,T2,32.04,6.4489584
test,T2,32.04,6.410858
test,T2,32.04,6.085367
test,T2,32.12,5.882495
test,T2,32.32,6.046135
test,T2,32.44,6.0284758
test,T2,32.44,7.445279
test,T2,32.44,7.2191944
test,T2,32.44,8.072688
test,T2,32.44,8.337663
test,T2,32.44,7.7202797
test,T2,32.44,8.830214
test,T2,32.49,8.13891
test,T2,32.615,7.056313
test,T2,32.69,6.3893466
test,T2,32.69,6.7029524
test,T2,32.69,6.8215456
test,T2,32.69,6.4906316
test,T2,32.69,7.863287
test,T2,32.69,8.325909
test,T2,32.69,7.910213
test,T2,32.674,6.950213
test,T2,32.634,6.367674
test,T2,32.61,7.373863
test,T2,32.61,9.500489
test,T2,32.61,10.116297
test,T2,32.61,7.6205997
test,T2,32.61,7.853562
test,T2,32.61,8.983843
test,T2,32.61,9.028088
test,T2,32.722,8.176597
test,T2,33.002,7.5517797
test,T2,33.17,8.312452
test,T2,33.17,7.738185
test,T2,33.17,6.301429
test,T2,33.17,7.3126335
test,T2,33.17,6.5908585
test,T2,33.17,5.3857
test,T2,33.17,7.7358217
test,T2,33.223866,8.528066
test,T2,33.358868,8.354884
test,T2,33.44,7.7045894
test,T2,33.44,5.8598766
test,T2,33.44,7.243321
test,T2,33.44,7.1032343
test,T2,33.44,7.769044
test,T2,33.44,8.853088
test,T2,33.44,9.455236
test,T2,33.664,9.334532
test,T2,34.224,9.445793
test,T2,34.56,8.627861
test,T2,34.56,9.600666
test,T2,34.56,10.024963
test,T2,34.56,7.4940414
test,T2,34.56,8.778436
test,T2,34.56,7.32376
test,T2,34.56,7.1799617
test,T2,34.49,8.444274
test,T2,34.315,9.036634
test,T2,34.21,8.864314
test,T2,34.21,7.7869034
test,T2,34.21,7.934083
test,T2,34.21,8.076732
test,T2,34.21,6.5903726
test,T2,34.21,7.167153
test,T2,34.21,7.5350595
test,T2,34.438,6.7250953
test,T2,35.008,7.1912
test,T2,35.35,6.187356
test,T2,35.35,6.152772
test,T2,35.35,6.9802
test,T2,35.35,6.904334
test,T2,35.35,6.9924264
test,T2,35.35,8.386929
test,T2,35.35,7.145591
test,T2,35.474,6.4366674
test,T2,35.784,7.803493
test,T2,35.97,7.3500357
test,T2,35.97,6.855667
test,T2,35.97,6.33809
test,T2,35.97,6.6612377
test,T2,35.97,6.990854
test,T2,35.97,6.8016386
test,T2,35.97,6.847393
test,T2,35.78247,7.4375343
test,T2,35.31247,9.38319
test,T2,35.03,7.938406
test,T2,35.03,10.037334
test,T2,35.03,11.857328
test,T2,35.03,9.813097
test,T2,35.03,9.23972
test,T2,35.03,8.696515
test,T2,35.03,8.38163
test,T2,35.072,8.275511
test,T2,35.177,7.2825937
test,T2,35.24,7.0720077
test,T2,35.24,7.289891
test,T2,35.24,7.6890764
test,T2,35.24,7.636148
test,T2,35.24,7.473224
test,T2,35.24,6.8430796
test,T2,35.24,7.3926487
test,T2,35.068,7.925827
test,T2,34.638,9.825998
test,T2,34.38,11.386869
test,T2,34.38,8.362862
test,T2,34.38,6.14023
test,T2,34.38,6.950613
test,T2,34.38,6.6064367
test,T2,34.38,7.386054
test,T2,34.38,7.460391
test,T2,34.22838,5.728674
test,T2,33.84838,6.5590496
test,T2,33.62,7.587737
test,T2,33.62,6.64017
test,T2,33.62,7.9941654
test,T2,33.62,7.521067
test,T2,33.62,5.8939524
test,T2,33.62,6.9894304
test,T2,33.62,6.864513
test,T2,33.472,6.90321
test,T2,33.102,6.4369392
test,T2,32.88,6.3103924
test,T2,32.88,7.0670757
test,T2,32.88,8.111978
test,T2,32.88,7.6758337
test,T2,32.88,6.761944
test,T2,32.88,7.7782288
test,T2,32.88,7.0416327
test,T2,33.168,6.564211
test,T2,33.888,6.812456
test,T2,34.32,6.1206136
test,T2,34.32,7.580647
test,T2,34.32,8.27141
test,T2,34.32,6.4048223
test,T2,34.32,6.1358013
test,T2,34.32,7.315895
test,T2,34.32,9.3627615
test,T2,34.53147,8.169418
test,T2,35.06147,6.3849373
test,T2,35.38,5.8860636
test,T2,35.38,5.9684534
test,T2,35.38,5.604183
test,T2,35.38,6.25
test,T2,35.38,7.750256
test,T2,35.38,8.287321
test,T2,35.38,7.667426
test,T2,35.602,6.8281374
test,T2,36.157,7.7943997
test,T2,36.49,10.768991
test,T2,36.49,9.273375
test,T2,36.49,8.427792
test,T2,36.49,7.1650205
test,T2,36.49,7.3009377
test,T2,36.49,9.158987
test,T2,36.49,9.168789
test,T2,36.531895,7.745915
test,T2,36.636894,8.404019
test,T2,36.7,8.391603
test,T2,36.7,8.342821
test,T2,36.7,7.6980734
test,T2,36.7,7.3353276
test,T2,36.7,8.546776
test,T2,36.7,7.694687
test,T2,36.7,7.4457803
test,T2,36.788,8.121889
test,T2,37.008,8.494407
test,T2,37.14,8.612655
test,T2,37.14,7.451537
test,T2,37.14,8.39258
test,T2,37.14,10.445282
test,T2,37.14,7.9726863
test,T2,37.14,7.4557843
test,T2,37.14,8.27965
test,T2,36.876,7.2158747
test,T2,36.216,6.9163547
test,T2,35.82,6.969056
test,T2,35.82,7.935011
test,T2,35.82,8.444868
test,T2,35.82,8.777508
test,T2,35.82,9.438282
test,T2,35.82,11.13689
test,T2,35.82,10.425771
test,T2,35.949677,8.576198
test,T2,36.274673,9.07977
test,T2,36.47,8.91717
test,T2,36.47,6.9459224
test,T2,36.47,7.0751286
test,T2,36.47,8.137678
test,T2,36.47,8.460148
test,T2,36.47,8.885599
test,T2,36.47,9.051466
test,T2,36.676,7.759324
test,T2,37.191,6.88691
test,T2,37.5,6.990054
test,T2,37.5,8.381754
test,T2,37.5,8.735561
test,T2,37.5,8.08156
test,T2,37.5,6.657029
test,T2,37.5,6.1690645
test,T2,37.5,6.3490267
test,T2,37.38,6.273176
test,T2,37.08,7.195403
test,T2,36.9,7.1685443
test,T2,36.9,7.507704
test,T2,36.9,7.9983606
test,T2,36.9,7.387653
test,T2,36.9,7.720026
test,T2,36.9,7.1334987
test,T2,36.9,7.7669654
test,T2,36.856,7.456485
test,T2,36.746,7.3598466
test,T2,36.68,8.584405
test,T2,36.68,8.75745
test,T2,36.68,8.5856285
test,T2,36.68,7.936035
test,T2,36.68,6.3121047
test,T2,36.68,5.8504767
test,T2,36.68,6.2734785
test,T2,36.406685,6.6433787
test,T2,35.721684,6.55877
test,T2,35.31,5.8774843
test,T2,35.31,6.420521
test,T2,35.31,7.897252
test,T2,35.31,8.668992
test,T2,35.31,6.7280827
test,T2,35.31,6.309724
test,T2,35.31,7.4409566
test,T2,35.5,7.4270372
test,T2,35.975,8.638846
test,T2,36.26,9.643483
test,T2,36.26,8.366568
test,T2,36.26,8.411937
test,T2,36.26,9.379564
test,T2,36.26,7.7319517
test,T2,36.26,7.008644
test,T2,36.26,8.02319
test,T2,36.098,8.247416
test,T2,35.693,8.793465
test,T2,35.45,10.309126
test,T2,35.45,8.79119
test,T2,35.45,7.903233
test,T2,35.45,9.446666
test,T2,35.45,8.786078
test,T2,35.45,7.6469727
test,T2,35.45,9.857574
test,T2,35.408,9.365804
test,T2,35.303,5.851247
test,T2,35.24,5.45772
test,T2,35.24,7.790383
test,T2,35.24,9.167625
test,T2,35.24,8.73725
test,T2,35.24,8.550984
test,T2,35.24,7.764921
test,T2,35.24,6.657404
test,T2,35.08,5.768174
test,T2,34.68,6.495941
test,T2,34.44,7.8892384
test,T2,34.44,10.074014
test,T2,34.44,9.841971
test,T2,34.44,7.64942
test,T2,34.44,5.952159
test,T2,34.44,5.5133414
test,T2,34.44,8.18268
test,T2,34.384,9.787127
test,T2,34.244,10.900134
test,T2,34.16,11.013411
test,T2,34.16,9.250928
test,T2,34.16,7.787674
test,T2,34.16,6.9638004
test,T2,34.16,7.366848
test,T2,34.16,8.0535965
test,T2,34.16,7.7711916
test,T2,34.044,6.303028
test,T2,33.754,6.545726
test,T2,33.58,7.2926435
test,T2,33.58,7.594698
test,T2,33.58,8.446053
test,T2,33.58,6.759706
test,T2,33.58,6.560739
test,T2,33.58,7.265671
test,T2,33.58,6.16542
test,T2,33.709675,5.6436586
test,T2,34.034676,7.083007
test,T2,34.23,7.5415044
test,T2,34.23,10.721783
test,T2,34.23,8.527941
test,T2,34.23,7.4050617
test,T2,34.23,8.727926
test,T2,34.23,8.624959
test,T2,34.23,9.05752
test,T2,34.02,9.736391
test,T2,33.495,9.373419
test,T2,33.18,9.427333
test,T2,33.18,10.037426
test,T2,33.18,8.3343725
test,T2,33.18,8.660585
test,T2,33.18,8.49781
test,T2,33.18,8.24934
test,T2,33.18,7.7661357
test,T2,32.768,9.047932
test,T2,31.738,8.961545
test,T2,31.12,8.190321
test,T2,31.12,10.127464
test,T2,31.12,8.691505
test,T2,31.12,7.2788844
test,T2,31.12,8.2496195
test,T2,31.12,8.71192
test,T2,31.12,7.279431
test,T2,30.948,6.978582
test,T2,30.518,6.9708223
test,T2,30.26,5.3440566
test,T2,30.26,6.1114693
test,T2,30.26,7.288169
test,T2,30.26,8.600719
test,T2,30.26,8.514228
test,T2,30.26,6.7703204
test,T2,30.26,7.628634
test,T2,29.836,7.719451
test,T2,28.776,7.086098
test,T2,28.14,6.4720006
test,T2,28.14,7.2829876
test,T2,28.14,6.9755683
test,T2,28.14,6.8163886
test,T2,28.14,7.024006
test,T2,28.14,7.5010233
test,T2,28.14,6.3439646
test,T2,28.704,6.6623516
test,T2,30.114,7.2057457
test,T2,30.96,8.138922
test,T2,30.96,9.714489
test,T2,30.96,9.6034
test,T2,30.96,6.993521
test,T2,30.96,5.7893143
test,T2,30.96,7.201536
test,T2,30.96,9.039662
test,T2,31.158,8.390881
test,T2,31.653,7.8784175
test,T2,31.95,7.5583344
test,T2,31.95,6.9299474
test,T2,31.95,7.8750525
test,T2,31.95,11.014807
test,T2,31.95,10.293421
test,T2,31.95,6.4227486
test,T2,31.95,6.7263646
test,T2,32.188,6.858485
test,T2,32.783,7.5980005
test,T2,33.14,9.713323
test,T2,33.14,8.276797
test,T2,33.14,5.8224363
test,T2,33.14,6.704334
test,T2,33.14,6.9665103
test,T2,33.14,6.1793776
test,T2,33.14,8.7698145
test,T2,33.138,9.122728
test,T2,33.133,6.9902573
test,T2,33.13,7.6645226
test,T2,33.13,7.547421
test,T2,33.13,7.082446
test,T2,33.13,8.701231
test,T2,33.13,8.073089
test,T2,33.13,6.8959484
test,T2,33.13,7.1337643
test,T2,33.06,6.341502
test,T2,32.885,5.67808
test,T2,32.78,6.631322
test,T2,32.78,8.583795
test,T2,32.78,7.9100847
test,T2,32.78,8.118789
test,T2,32.78,7.6841474
test,T2,32.78,7.794911
test,T2,32.78,7.1987247
test,T2,32.793964,7.1527405
test,T2,32.828964,9.5144615
test,T2,32.85,12.298208
test,T2,32.85,14.515165
test,T2,32.85,13.660898
test,T2,32.85,10.45504
test,T2,32.85,10.428978
test,T2,32.85,12.893877
test,T2,32.85,11.186928
test,T2,32.997635,11.091724
test,T2,33.367634,11.535324
test,T2,33.59,10.353071
test,T2,33.59,10.60838
test,T2,33.59,7.5921555
test,T2,33.59,6.688851
test,T2,33.59,6.6901627
test,T2,33.59,7.5037584
test,T2,33.59,8.794065
test,T2,33.71369,7.983237
test,T2,34.023693,6.761728
test,T2,34.21,6.9393263
test,T2,34.21,6.9906526
test,T2,34.21,9.458124
test,T2,34.21,9.350549
test,T2,34.21,7.7572775
test,T2,34.21,8.752829
test,T2,34.21,9.057243
test,T2,34.07,7.420764
test,T2,33.72,6.2668004
test,T2,33.51,6.400893
test,T2,33.51,5.817815
test,T2,33.51,6.821756
test,T2,33.51,8.06528
test,T2,33.51,7.248586
test,T2,33.51,6.7989736
test,T2,33.51,7.996567
test,T2,33.314,7.5141516
test,T2,32.824,6.092967
test,T2,32.53,7.1441483
test,T2,32.53,7.9598584
test,T2,32.53,7.3237185
test,T2,32.53,6.025193
test,T2,32.53,5.990012
test,T2,32.53,8.645155
test,T2,32.53,8.463497
test,T2,32.78337,7.564414
test,T2,33.418373,6.805063
test,T2,33.8,6.173252
test,T2,33.8,6.887109
test,T2,33.8,7.875998
test,T2,33.8,7.2365503
test,T2,33.8,7.3466187
test,T2,33.8,8.559273
test,T2,33.8,13.628336
test,T2,34.198,14.098955
test,T2,35.193,8.509444
test,T2,35.79,8.757553
test,T2,35.79,8.307503
test,T2,35.79,9.126912
test,T2,35.79,11.002788
test,T2,35.79,10.24939
test,T2,35.79,7.3858767
test,T2,35.79,6.9003487
test,T2,35.664,7.440483
test,T2,35.349,7.298651
test,T2,35.16,8.259996
test,T2,35.16,8.384352
test,T2,35.16,7.442429
test,T2,35.16,8.383696
test,T2,35.16,9.50422
test,T2,35.16,9.524941
test,T2,35.16,9.110021
test,T2,35.132,8.9146595
test,T2,35.062,8.510161
test,T2,35.02,8.510328
test,T2,35.02,8.954441
test,T2,35.02,8.2628
test,T2,35.02,8.664753
test,T2,35.02,9.1666355
test,T2,35.02,9.266722
test,T2,35.02,8.977935
test,T2,34.459393,7.541397
test,T2,33.05439,7.072712
test,T2,32.21,7.8425446
test,T2,32.21,8.139929
test,T2,32.21,8.285495
test,T2,32.21,9.310581
test,T2,32.21,8.531453
test,T2,32.21,7.2070932
test,T2,32.21,7.417375
test,T2,32.15,8.338594
test,T2,32.0,7.506352
test,T2,31.91,7.773582
test,T2,31.91,8.333573
test,T2,31.91,7.465314
test,T2,31.91,7.614116
test,T2,31.91,8.189917
test,T2,31.91,9.469562
test,T2,31.91,7.817564
test,T2,31.628704,6.7163525
test,T2,30.923704,8.107136
test,T2,30.5,7.7914
test,T2,30.5,7.821111
test,T2,30.5,7.793939
test,T2,30.5,7.4060187
test,T2,30.5,8.926443
test,T2,30.5,8.880041
test,T2,30.5,7.4157314
test,T2,30.470074,7.267151
test,T2,30.395075,7.315489
test,T2,30.35,7.325798
test,T2,30.35,6.654554
test,T2,30.35,6.187901
test,T2,30.35,6.6718407
test,T2,30.35,8.214525
test,T2,30.35,7.5075293
test,T2,30.35,7.8889
test,T2,30.214,7.39431
test,T2,29.874,7.4978933
test,T2,29.67,7.9377975
test,T2,29.67,6.857211
test,T2,29.67,5.759802
test,T2,29.67,5.674386
test,T2,29.67,5.696603
test,T2,29.67,5.177143
test,T2,29.67,5.168435
test,T2,30.1386,4.9033446
test,T2,31.4586,4.9721828
test,T2,32.31,5.1354837
test,T2,32.31,5.899473
test,T2,32.31,4.959832
test,T2,32.31,4.643547
test,T2,32.31,5.490005
test,T2,32.31,5.2082224
test,T2,32.31,4.7438164
test,T2,32.22125,5.0940084
test,T2,31.97125,4.852146
test,T2,31.81,5.414859
test,T2,31.81,6.660833
test,T2,31.81,7.353014
test,T2,31.81,6.7148705
test,T2,31.81,6.0622883
test,T2,31.81,4.6578703
test,T2,31.81,4.9062967
test,T2,31.747875,4.9600983
test,T2,31.572874,5.2126064
test,T2,31.46,4.843951
test,T2,31.46,4.7634506
test,T2,31.46,4.479899
test,T2,31.46,3.6589377
test,T2,31.46,4.025254
test,T2,31.46,5.4480696
test,T2,31.46,5.826812
test,T2,31.52745,6.0599937
test,T2,31.71745,5.4766693
test,T2,31.84,5.4820786
test,T2,31.84,4.9519205
test,T2,31.84,5.359308
test,T2,31.84,5.06292
test,T2,31.84,4.4074745
test,T2,31.84,4.151992
test,T2,31.84,5.4861903
test,T2,31.975111,5.5237517
test,T2,32.35511,4.905234
test,T2,32.6,5.0921745
test,T2,32.6,5.024596
test,T2,32.6,5.085561
test,T2,32.6,4.8151913
test,T2,32.6,4.865883
test,T2,32.6,5.5281553
test,T2,32.6,5.1862764
test,T2,32.399426,4.987752
test,T2,31.834425,5.6087255
test,T2,31.47,5.6454735
test,T2,31.47,5.112844
test,T2,31.47,4.4906015
test,T2,31.47,4.7355165
test,T2,31.47,4.4607573
test,T2,31.47,3.8402762
test,T2,31.47,4.137586
test,T2,31.695425,5.2722926
test,T2,32.330425,5.8356094
test,T2,32.74,5.9522066
test,T2,32.74,5.81077
test,T2,32.74,5.2300982
test,T2,32.74,5.3429637
test,T2,32.74,5.408498
test,T2,32.74,5.617017
test,T2,32.74,5.428377
test,T2,32.738224,5.631426
test,T2,32.733227,6.8741
test,T2,32.73,6.4083276
test,T2,32.73,4.926193
test,T2,32.73,5.038371
test,T2,32.73,5.1115837
test,T2,32.73,5.1535454
test,T2,32.73,5.113807
test,T2,32.73,5.4045815
test,T2,32.9785,5.8176622
test,T2,33.6785,4.4233975
test,T2,34.13,5.3363624
test,T2,34.13,5.4362407
test,T2,34.13,4.372414
test,T2,34.13,5.1342535
test,T2,34.13,6.57477
test,T2,34.13,6.619831
test,T2,34.13,7.857956
test,T2,34.15311,8.048211
test,T2,34.218113,6.817529
test,T2,34.26,6.52982
test,T2,34.26,6.1247654
test,T2,34.26,6.4658356
test,T2,34.26,6.404834
test,T2,34.26,6.2662077
test,T2,34.26,6.1982346
test,T2,34.26,6.0437417
test,T2,34.123325,10.714188
test,T2,33.738323,11.0572195
test,T2,33.49,6.9383383
test,T2,33.49,4.9763536
test,T2,33.49,4.6952133
test,T2,33.49,4.7985272
test,T2,33.49,5.5904646
test,T2,33.49,5.1814876
test,T2,33.49,4.611311
test,T2,33.299778,6.136464
test,T2,32.76478,5.7590065
test,T2,32.42,4.980153
test,T2,32.42,5.898673
test,T2,32.42,7.465546
test,T2,32.42,7.2301707
test,T2,32.42,5.8691654
test,T2,32.42,6.045226
test,T2,32.42,5.857414
test,T2,32.45905,5.903779
test,T2,32.56905,5.806031
test,T2,32.64,6.605152
test,T2,32.64,7.0576963
test,T2,32.64,8.49874
test,T2,32.64,9.964005
test,T2,32.64,7.6474648
test,T2,32.64,7.3946533
test,T2,32.64,8.231433
test,T2,32.521076,7.687193
test,T2,32.186073,6.673293
test,T2,31.97,7.3426113
test,T2,31.97,8.751874
test,T2,31.97,6.406415
test,T2,31.97,5.72206
test,T2,31.97,5.9779997
test,T2,31.97,6.3047714
test,T2,31.97,7.085813
test,T2,32.13528,5.800285
test,T2,32.60028,6.102097
test,T2,32.9,6.3196936
test,T2,32.9,6.260444
test,T2,32.9,6.299926
test,T2,32.9,6.714485
test,T2,32.9,6.5069103
test,T2,32.9,5.659865
test,T2,32.9,6.1506786
test,T2,33.1272,5.79917
test,T2,33.7672,5.612998
test,T2,34.18,4.736075
test,T2,34.18,5.20073
test,T2,34.18,5.9086823
test,T2,34.18,5.963521
test,T2,34.18,6.498495
test,T2,34.18,6.076886
test,T2,34.18,5.219563
test,T2,33.862274,5.722522
test,T2,32.967274,6.2818785
test,T2,32.39,6.2816076
test,T2,32.39,7.039475
test,T2,32.39,6.221311
test,T2,32.39,6.35507
test,T2,32.39,6.227865
test,T2,32.39,5.3751693
test,T2,32.39,5.364212
test,T2,32.5675,4.755698
test,T2,33.0675,4.5089536
test,T2,33.39,5.0981503
test,T2,33.39,5.020131
test,T2,33.39,4.8013806
test,T2,33.39,5.658531
test,T2,33.39,5.4851637
test,T2,33.39,5.7142806
test,T2,33.39,5.669069
test,T2,33.38645,5.652994
test,T2,33.37645,5.925097
test,T2,33.37,5.550579
test,T2,33.37,5.8189754
test,T2,33.37,5.922407
test,T2,33.37,6.3571033
test,T2,33.37,5.8780932
test,T2,33.37,6.131997
test,T2,33.37,6.6089625
test,T2,33.471176,5.4692407
test,T2,33.756176,5.3148794
test,T2,33.94,5.4391117
test,T2,33.94,5.0371304
test,T2,33.94,4.4484587
test,T2,33.94,4.7818003
test,T2,33.94,4.652563
test,T2,33.94,4.8550725
test,T2,33.94,4.9268622
test,T2,33.85835,4.828495
test,T2,33.62835,4.525865
test,T2,33.48,4.564609
test,T2,33.48,5.780846
test,T2,33.48,5.6113772
test,T2,33.48,4.0806336
test,T2,33.48,6.203248
test,T2,33.48,7.335363
test,T2,33.48,5.3067884
test,T2,33.67046,4.7302957
test,T2,34.20546,4.257324
test,T2,34.55,4.3445063
test,T2,34.55,4.417073
test,T2,34.55,4.670871
test,T2,34.55,5.1449037
test,T2,34.55,6.3279347
test,T2,34.55,5.9256773
test,T2,34.55,6.2815137
test,T2,34.558876,5.686207
test,T2,34.583874,8.468317
test,T2,34.6,9.098929
test,T2,34.6,5.797146
test,T2,34.6,6.204706
test,T2,34.6,5.4402914
test,T2,34.6,5.34846
test,T2,34.6,5.208537
test,T2,34.6,5.323606
test,T2,34.655094,4.6806345
test,T2,34.810093,4.408515
test,T2,34.91,4.565302
test,T2,34.91,5.368783
test,T2,34.91,5.9766703
test,T2,34.91,4.8950014
test,T2,34.91,4.53579
test,T2,34.91,5.5399466
test,T2,34.91,6.0338345
test,T2,35.02005,5.2964706
test,T2,35.33005,5.8421593
test,T2,35.53,5.2438464
test,T2,35.53,5.7290144
test,T2,35.53,5.833622
test,T2,35.53,4.9108477
test,T2,35.53,4.9041796
test,T2,35.53,6.0154653
test,T2,35.53,5.8541493
test,T2,35.76289,5.0301566
test,T2,36.41789,5.4064035
test,T2,36.84,5.4961905
test,T2,36.84,6.2260504
test,T2,36.84,6.745832
test,T2,36.84,5.895271
test,T2,36.84,5.5043783
test,T2,36.84,4.5891943
test,T2,36.84,5.156245
test,T2,36.948444,5.80897
test,T2,37.253445,6.3264503
test,T2,37.45,8.420185
test,T2,37.45,8.043206
test,T2,37.45,6.860173
test,T2,37.45,6.2381926
test,T2,37.45,5.6469398
test,T2,37.45,5.733553
test,T2,37.45,5.6661215
test,T2,37.432228,5.8296623
test,T2,37.38223,5.6701875
test,T2,37.35,5.1276555
test,T2,37.35,5.406747
test,T2,37.35,6.206913
test,T2,37.35,6.43626
test,T2,37.35,6.173599
test,T2,37.35,5.45438
test,T2,37.35,4.0786986
test,T2,37.700115,4.8312144
test,T2,38.685112,5.9614954
test,T2,39.32,6.286549
test,T2,39.32,5.611699
test,T2,39.32,4.999527
test,T2,39.32,4.5865183
test,T2,39.32,4.897311
test,T2,39.32,5.6044574
test,T2,39.32,5.8941197
test,T2,38.847256,6.308159
test,T2,37.517258,6.914618
test,T2,36.66,5.852219
test,T2,36.66,5.268819
test,T2,36.66,5.948503
test,T2,36.66,6.3959074
test,T2,36.66,5.158058
test,T2,36.66,4.9087973
test,T2,36.66,5.20061
test,T2,36.228676,4.4825516
test,T2,35.013676,5.263072
test,T2,34.23,6.4241
test,T2,34.23,6.6443796
test,T2,34.23,7.446707
test,T2,34.23,6.6854653
test,T2,34.23,4.5414495
test,T2,34.23,4.7723064
test,T2,34.23,5.701043
test,T2,33.9176,5.8538985
test,T2,33.0376,5.9746275
test,T2,32.47,6.114736
test,T2,32.47,6.2509966
test,T2,32.47,6.7779016
test,T2,32.47,6.5229816
test,T2,32.47,5.21646
test,T2,32.47,5.253268
test,T2,32.47,5.548166
test,T2,32.23925,5.172482
test,T2,31.58925,4.5587893
test,T2,31.17,4.966016
test,T2,31.17,5.922442
test,T2,31.17,5.5817547
test,T2,31.17,5.83017
test,T2,31.17,5.2557425
test,T2,31.17,5.0425925
test,T2,31.17,5.67272
test,T2,31.08125,5.9667416
test,T2,30.83125,6.0326233
test,T2,30.67,5.437373
test,T2,30.67,4.878932
test,T2,30.67,4.0897465
test,T2,30.67,4.678299
test,T2,30.67,5.1958566
test,T2,30.67,5.68779
test,T2,30.67,5.1647635
test,T2,30.95747,4.105785
test,T2,31.767471,4.1371894
test,T2,32.29,5.2252197
test,T2,32.29,5.504822
test,T2,32.29,5.6585855
test,T2,32.29,6.1680317
test,T2,32.29,6.204625
test,T2,32.29,6.294755
test,T2,32.29,5.6890264
test,T2,32.369877,5.0426416
test,T2,32.594875,5.8336544
test,T2,32.74,6.0490055
test,T2,32.74,5.1019125
test,T2,32.74,5.1309457
test,T2,32.74,6.0675507
test,T2,32.74,5.3313413
test,T2,32.74,6.042732
test,T2,32.74,6.634179
test,T2,32.82165,5.753678
test,T2,33.05165,5.5563793
test,T2,33.2,5.6033354
test,T2,33.2,6.6783633
test,T2,33.2,7.259769
test,T2,33.2,7.029702
test,T2,33.2,7.4960847
test,T2,33.2,7.8060265
test,T2,33.2,7.0709167
test,T2,33.3775,5.5511684
test,T2,33.8775,4.9966984
test,T2,34.2,4.9036694
test,T2,34.2,4.8964996
test,T2,34.2,5.0655966
test,T2,34.2,4.7901773
test,T2,34.2,4.9154434
test,T2,34.2,5.9507217
test,T2,34.2,5.3020678
test,T2,34.425426,5.8470902
test,T2,35.060425,7.1480937
test,T2,35.47,6.6587944
test,T2,35.47,6.236908
test,T2,35.47,6.9518456
test,T2,35.47,7.2068825
test,T2,35.47,7.098799
test,T2,35.47,7.125949
test,T2,35.47,6.9777393
test,T2,35.493076,6.3104663
test,T2,35.558075,5.909381
test,T2,35.6,6.293581
test,T2,35.6,6.1295385
test,T2,35.6,5.477558
test,T2,35.6,5.191782
test,T2,35.6,4.8907957
test,T2,35.6,5.233003
test,T2,35.6,5.558758
test,T2,35.623074,6.75678
test,T2,35.688076,8.597112
test,T2,35.73,7.7776976
test,T2,35.73,7.9591866
test,T2,35.73,7.4073243
test,T2,35.73,5.500884
test,T2,35.73,4.9046683
test,T2,35.73,4.46181
test,T2,35.73,6.848749
test,T2,35.842,7.5517025
test,T2,36.157,8.859417
test,T2,36.36,7.5897055
test,T2,36.36,4.8106174
test,T2,36.36,5.0256324
test,T2,36.36,4.483384
test,T2,36.36,4.7917404
test,T2,36.36,5.18322
test,T2,36.36,5.240608
test,T2,36.38485,4.5423527
test,T2,36.45485,4.7773924
test,T2,36.5,4.2692575
test,T2,36.5,4.4473677
test,T2,36.5,5.3875027
test,T2,36.5,5.161251
test,T2,36.5,4.9138927
test,T2,36.5,4.6987896
test,T2,36.5,4.752178
test,T2,36.288776,4.8760824
test,T2,35.693775,4.048148
test,T2,35.31,4.4117336
test,T2,35.31,4.6850014
test,T2,35.31,4.609111
test,T2,35.31,4.4698563
test,T2,35.31,5.391764
test,T2,35.31,5.40057
test,T2,35.31,5.1550198
test,T2,35.27805,5.6189137
test,T2,35.18805,5.085431
test,T2,35.13,4.9716997
test,T2,35.13,5.542374
test,T2,35.13,6.3999157
test,T2,35.13,8.392106
test,T2,35.13,8.695734
test,T2,35.13,7.3489366
test,T2,35.13,8.346626
test,T2,35.25229,8.067614
test,T2,35.597286,6.196959
test,T2,35.82,5.208897
test,T2,35.82,5.213887
test,T2,35.82,5.729719
test,T2,35.82,5.811739
test,T2,35.82,5.327233
test,T2,35.82,4.747816
test,T2,35.82,4.507521
test,T2,35.6851,4.2490273
test,T2,35.3051,4.9120927
test,T2,35.06,5.5532618
test,T2,35.06,5.0917015
test,T2,35.06,5.083969
test,T2,35.06,4.824176
test,T2,35.06,5.716283
test,T2,35.06,6.7214217
test,T2,35.06,6.299738
test,T2,34.941074,5.9530473
test,T2,34.606075,5.4784465
test,T2,34.39,4.742647
test,T2,34.39,4.8185844
test,T2,34.39,5.109918
test,T2,34.39,5.325061
test,T2,34.39,5.6162367
test,T2,34.39,5.7736483
test,T2,34.39,4.835259
test,T2,34.41825,5.031973
test,T2,34.49825,5.14624
test,T2,34.55,4.696195
test,T2,34.55,5.3203077
test,T2,34.55,5.4170747
test,T2,34.55,5.9469757
test,T2,34.55,7.3752975
test,T2,34.55,6.7353096
test,T2,34.55,5.620694
test,T2,34.47524,6.070166
test,T2,34.26524,7.530507
test,T2,34.13,10.778319
test,T2,34.13,10.523241
test,T2,34.13,7.033554
test,T2,34.13,5.9956417
test,T2,34.13,6.159164
test,T2,34.13,5.896879
test,T2,34.13,5.9356775
test,T2,33.893925,7.105361
test,T2,33.228924,6.886966
test,T2,32.8,10.674133
test,T2,32.8,11.650764
test,T2,32.8,9.60994
test,T2,32.8,8.089862
test,T2,32.8,5.681436
test,T2,32.8,6.5042763
test,T2,32.8,6.346209
test,T2,33.025425,4.434312
test,T2,33.660423,4.9702253
test,T2,34.07,4.7756433
test,T2,34.07,4.519523
test,T2,34.07,5.371194
test,T2,34.07,6.2114296
test,T2,34.07,7.2849855
test,T2,34.07,7.580274
test,T2,34.07,7.180252
test,T2,34.0132,6.192897
test,T2,33.8532,6.0221577
test,T2,33.75,4.847879
test,T2,33.75,3.9791532
test,T2,33.75,5.0596175
test,T2,33.75,5.4113655
test,T2,33.75,5.2519712
test,T2,33.75,5.187451
test,T2,33.75,5.2112675
test,T2,33.89555,6.0060825
test,T2,34.30555,6.1788445
test,T2,34.57,5.318718
test,T2,34.57,4.963689
test,T2,34.57,5.7044897
test,T2,34.57,5.531282
test,T2,34.57,5.5816793
test,T2,34.57,5.637886
test,T2,34.57,5.0591154
test,T2,34.5274,4.7439356
test,T2,34.4074,5.7390347
test,T2,34.33,5.910928
test,T2,34.33,5.9207954
test,T2,34.33,6.210784
test,T2,34.33,6.26368
test,T2,34.33,5.67272
test,T2,34.33,5.265746
test,T2,34.33,4.9684944
test,T2,34.44005,5.678886
test,T2,34.75005,5.5399036
test,T2,34.95,5.982337
test,T2,34.95,6.0064
test,T2,34.95,4.4871693
test,T2,34.95,4.7227535
test,T2,34.95,5.137804
test,T2,34.95,5.351833
test,T2,34.95,5.80707
test,T2,34.823975,6.103155
test,T2,34.468975,7.884503
test,T2,34.24,8.520935
test,T2,34.24,5.6422863
test,T2,34.24,6.142683
test,T2,34.24,6.332578
test,T2,34.24,6.6142464
test,T2,34.24,7.0542293
test,T2,34.24,8.008459
test,T2,34.08735,7.744555
test,T2,33.65735,6.3110285
test,T2,33.38,5.976796
test,T2,33.38,7.557997
test,T2,33.38,7.521063
test,T2,33.38,6.533561
test,T2,33.38,6.840186
test,T2,33.38,8.138391
test,T2,33.38,7.9258423
test,T2,33.0321,7.418539
test,T2,32.0521,7.304531
test,T2,31.42,6.86773
test,T2,31.42,7.041148
test,T2,31.42,7.2301955
test,T2,31.42,6.9113836
test,T2,31.42,6.510654
test,T2,31.42,6.6673217
test,T2,31.42,6.6857033
test,T2,31.27445,6.1244884
test,T2,30.86445,5.886734
test,T2,30.6,7.0015197
test,T2,30.6,7.2142878
test,T2,30.6,6.022881
test,T2,30.6,6.7888784
test,T2,30.6,6.6156673
test,T2,30.6,6.0837927
test,T2,30.6,6.486368
test,T2,30.477371,6.859926
test,T2,30.132372,6.8057857
test,T2,29.91,7.099188
test,T2,29.91,7.1011453
test,T2,29.91,7.030882
test,T2,29.91,7.293393
test,T2,29.91,7.0390544
test,T2,29.91,5.711317
test,T2,29.91,5.2887535
test,T2,29.475124,6.2797585
test,T2,28.250126,6.900367
test,T2,27.46,5.61687
test,T2,27.46,5.4145737
test,T2,27.46,6.3358893
test,T2,27.46,4.995387
test,T2,27.46,5.3592434
test,T2,27.46,5.65434
test,T2,27.46,5.103386
test,T2,27.5949,6.390292
test,T2,27.9749,6.5662427
test,T2,28.22,5.75418
test,T2,28.22,5.5189056
test,T2,28.22,5.957815
test,T2,28.22,6.1752625
test,T2,28.22,5.598499
test,T2,28.22,5.2346516
test,T2,28.22,4.903634
test,T2,28.2271,6.014352
test,T2,28.2471,7.5090365
test,T2,28.26,6.2242274
test,T2,28.26,6.3393292
test,T2,28.26,6.009506
test,T2,28.26,6.057701
test,T2,28.26,6.0705357
test,T2,28.26,5.467815
test,T2,28.26,6.0611515
test,T2,28.313316,6.556512
test,T2,28.463316,6.0315313
test,T2,28.56,5.6603928
test,T2,28.56,7.054059
test,T2,28.56,7.02074
test,T2,28.56,6.434697
test,T2,28.56,6.452211
test,T2,28.56,6.5799837
test,T2,28.56,5.7838902
test,T2,28.707325,5.5422745
test,T2,29.122326,6.664818
test,T2,29.39,6.042171
test,T2,29.39,5.060332
test,T2,29.39,5.325353
test,T2,29.39,6.26972
test,T2,29.39,6.3367863
test,T2,29.39,7.842109
test,T2,29.39,8.342037
test,T2,29.4326,6.915776
test,T2,29.5526,6.384691
test,T2,29.63,5.8020926
test,T2,29.63,5.801441
test,T2,29.63,6.0936584
test,T2,29.63,6.0648103
test,T2,29.63,7.045897
test,T2,29.63,7.669091
test,T2,29.63,7.398082
test,T2,29.7365,5.498118
test,T2,30.0365,5.1097765
test,T2,30.23,7.314537
test,T2,30.23,7.3862486
test,T2,30.23,5.838297
test,T2,30.23,5.574174
test,T2,30.23,6.092847
test,T2,30.23,5.576745
test,T2,30.23,6.059417
test,T2,29.958426,6.2765937
test,T2,29.193424,4.14242
test,T2,28.7,4.281191
test,T2,28.7,5.07205
test,T2,28.7,6.0696964
test,T2,28.7,6.415457
test,T2,28.7,5.8717995
test,T2,28.7,5.2246027
test,T2,28.7,5.383558
test,T2,28.8775,6.151241
test,T2,29.3775,5.507708
test,T2,29.7,4.8622475
test,T2,29.7,6.318414
test,T2,29.7,6.57454
test,T2,29.7,5.285047
test,T2,29.7,5.5272274
test,T2,29.7,5.6257043
test,T2,29.7,5.086534
test,T2,29.8775,5.7582684
test,T2,30.3775,6.4554434
test,T2,30.7,5.9438696
test,T2,30.7,5.368028
test,T2,30.7,5.0643067
test,T2,30.7,5.849863
test,T2,30.7,5.770899
test,T2,30.7,5.4033666
test,T2,30.7,5.698559
test,T2,30.8633,5.3700547
test,T2,31.3233,6.557019
test,T2,31.62,6.8843613
test,T2,31.62,4.9138756
test,T2,31.62,4.515133
test,T2,31.62,4.7841234
test,T2,31.62,5.1336794
test,T2,31.62,5.3282714
test,T2,31.62,6.30863
test,T2,31.8543,6.2942343
test,T2,32.5143,6.3964643
test,T2,32.94,6.4913564
test,T2,32.94,6.436611
test,T2,32.94,6.8377028
test,T2,32.94,6.2053947
test,T2,32.94,5.77386
test,T2,32.94,5.7468066
test,T2,32.94,5.5805297
test,T2,32.69897,4.8640356
test,T2,32.01897,5.2008386
test,T2,31.58,5.2305613
test,T2,31.58,4.7670913
test,T2,31.58,5.72935
test,T2,31.58,5.4310164
test,T2,31.58,4.085883
test,T2,31.58,4.3741965
test,T2,31.58,5.040598
test,T2,31.500126,5.444393
test,T2,31.275126,5.6537476
test,T2,31.13,6.130643
test,T2,31.13,5.5733404
test,T2,31.13,5.102524
test,T2,31.13,5.70129
test,T2,31.13,6.0809402
test,T2,31.13,6.4105825
test,T2,31.13,6.4293184
test,T2,31.145975,5.9902306
test,T2,31.190975,6.2956476
test,T2,31.22,6.122632
test,T2,31.22,5.074828
test,T2,31.22,4.853166
test,T2,31.22,5.1245184
test,T2,31.22,5.202193
test,T2,31.22,5.89765
test,T2,31.22,6.3862543
test,T2,30.96795,5.9796877
test,T2,30.25795,6.66402
test,T2,29.8,6.614206
test,T2,29.8,5.799726
test,T2,29.8,5.5416727
test,T2,29.8,5.210714
test,T2,29.8,4.8300734
test,T2,29.8,4.6708555
test,T2,29.8,5.9411774
test,T2,29.842545,5.446434
test,T2,29.962545,4.937493
test,T2,30.04,4.9621863
test,T2,30.04,4.7351656
test,T2,30.04,5.202175
test,T2,30.04,5.065196
test,T2,30.04,4.991377
test,T2,30.04,5.165737
test,T2,30.04,6.085595
test,T2,30.027575,6.0068913
test,T2,29.992575,5.5482106
test,T2,29.97,5.2215414
test,T2,29.97,5.3052735
test,T2,29.97,5.8448257
test,T2,29.97,4.7441616
test,T2,29.97,4.166008
test,T2,29.97,4.735222
test,T2,29.97,5.193925
test,T2,29.886576,5.1008325
test,T2,29.651575,4.826087
test,T2,29.5,4.866384
test,T2,29.5,5.31223
test,T2,29.5,5.4113812
test,T2,29.5,5.654209
test,T2,29.5,5.2957134
test,T2,29.5,5.696642
test,T2,29.5,6.3761725
test,T2,29.63135,6.0339565
test,T2,30.00135,5.919542
test,T2,30.24,6.3181086
test,T2,30.24,5.853075
test,T2,30.24,4.8562126
test,T2,30.24,5.3487787
test,T2,30.24,5.152725
test,T2,30.24,5.652969
test,T2,30.24,5.1805944
test,T2,30.337626,5.7140408
test,T2,30.612625,5.3541946
test,T2,30.79,4.692071
test,T2,30.79,5.254122
test,T2,30.79,4.982473
test,T2,30.79,5.8586135
test,T2,30.79,6.524742
test,T2,30.79,6.6307554
test,T2,30.79,6.685427
test,T2,30.86455,6.7498603
test,T2,31.07455,7.285133
test,T2,31.21,7.4931536
test,T2,31.21,7.0639224
test,T2,31.21,6.3369274
test,T2,31.21,6.121147
test,T2,31.21,6.272815
test,T2,31.21,5.466514
test,T2,31.21,6.1449366
test,T2,31.135334,6.6293836
test,T2,30.925333,6.0869484
test,T2,30.79,5.4431214
test,T2,30.79,5.913982
test,T2,30.79,6.206383
test,T2,30.79,5.881386
test,T2,30.79,6.2136264
test,T2,30.79,6.2738004
test,T2,30.79,6.661902
test,T2,30.8681,6.0891943
test,T2,31.0881,5.518052
test,T2,31.23,5.1536045
test,T2,31.23,5.159004
test,T2,31.23,5.201311
test,T2,31.23,5.9884863
test,T2,31.23,5.6710787
test,T2,31.23,6.032431
test,T2,31.23,5.7808123
test,T2,31.329556,6.114957
test,T2,31.609556,7.1559796
test,T2,31.79,6.7978168
test,T2,31.79,7.012024
test,T2,31.79,6.900529
test,T2,31.79,6.973196
test,T2,31.79,6.810225
test,T2,31.79,6.4889174
test,T2,31.79,5.952586
test,T2,31.433226,4.552342
test,T2,30.428225,5.179924
test,T2,29.78,5.5527105
test,T2,29.78,5.40629
test,T2,29.78,6.323424
test,T2,29.78,6.1212144
test,T2,29.78,5.8524537
test,T2,29.78,5.939882
test,T2,29.78,6.465988
test,T2,29.76225,5.475846
test,T2,29.71225,5.5042
test,T2,29.68,6.1711745
test,T2,29.68,6.2402687
test,T2,29.68,5.6206207
test,T2,29.68,5.0787883
test,T2,29.68,6.2819333
test,T2,29.68,6.9517446
test,T2,29.68,5.9108944
test,T2,29.4883,4.5608053
test,T2,28.9483,4.7997007
test,T2,28.6,5.676005
test,T2,28.6,5.7181764
test,T2,28.6,5.18559
test,T2,28.6,5.3383923
test,T2,28.6,5.6340914
test,T2,28.6,6.3042765
test,T2,28.6,7.107813
test,T2,28.708275,5.7523603
test,T2,29.013275,4.718604
test,T2,29.21,4.9894123
test,T2,29.21,5.042374
test,T2,29.21,6.029745
test,T2,29.21,6.357294
test,T2,29.21,5.45896
test,T2,29.21,4.886252
test,T2,29.21,5.071927
test,T2,29.263334,4.7715726
test,T2,29.413334,5.6532
test,T2,29.51,6.0887756
test,T2,29.51,5.424471
test,T2,29.51,5.9815974
test,T2,29.51,5.824242
test,T2,29.51,5.8064966
test,T2,29.51,5.620387
test,T2,29.51,4.94048
test,T2,29.45846,5.2354774
test,T2,29.313461,5.668383
test,T2,29.22,5.46459
test,T2,29.22,5.909075
test,T2,29.22,5.156171
test,T2,29.22,5.0026174
test,T2,29.22,5.41729
test,T2,29.22,5.2011485
test,T2,29.22,4.7573614
test,T2,29.360226,4.8359904
test,T2,29.755224,6.02621
test,T2,30.01,6.3124027
test,T2,30.01,5.735116
test,T2,30.01,6.426867
test,T2,30.01,7.7547736
test,T2,30.01,6.7359324
test,T2,30.01,6.388572
test,T2,30.01,6.7197647
test,T2,30.164425,6.3811636
test,T2,30.599424,6.034753
test,T2,30.88,4.9965377
test,T2,30.88,5.520354
test,T2,30.88,5.6486607
test,T2,30.88,4.8823104
test,T2,30.88,5.5829973
test,T2,30.88,6.817568
test,T2,30.88,6.888908
test,T2,30.99715,6.081213
test,T2,31.32715,5.9072027
test,T2,31.54,5.6950974
test,T2,31.54,5.9388227
test,T2,31.54,6.889045
test,T2,31.54,6.692484
test,T2,31.54,7.2607107
test,T2,31.54,6.7351193
test,T2,31.54,6.5063086
test,T2,31.52225,6.153881
test,T2,31.47225,5.634183
test,T2,31.44,5.886321
test,T2,31.44,7.373808
test,T2,31.44,8.864462
test,T2,31.44,6.9377
test,T2,31.44,5.473441
test,T2,31.44,5.363981
test,T2,31.44,6.0695
test,T2,31.4897,6.1154776
test,T2,31.6297,5.0472884
test,T2,31.72,5.01665
test,T2,31.72,5.612604
test,T2,31.72,5.23139
test,T2,31.72,5.921979
test,T2,31.72,5.5534496
test,T2,31.72,5.8024225
test,T2,31.72,5.511837
test,T2,31.563604,4.668695
test,T2,31.123604,5.6235533
test,T2,30.84,6.1052127
test,T2,30.84,5.791296
test,T2,30.84,5.4578843
test,T2,30.84,4.8419733
test,T2,30.84,5.3908606
test,T2,30.84,6.768984
test,T2,30.84,5.8647833
test,T2,30.7903,5.7079687
test,T2,30.6503,5.619184
test,T2,30.56,5.823253
test,T2,30.56,6.9416018
test,T2,30.56,6.966176
test,T2,30.56,6.0584316
test,T2,30.56,6.076002
test,T2,30.56,6.236972
test,T2,30.56,6.03961
test,T2,30.504974,6.161211
test,T2,30.349976,6.266995
test,T2,30.25,6.40675
test,T2,30.25,6.1935854
test,T2,30.25,5.9529915
test,T2,30.25,5.924094
test,T2,30.25,5.1893024
test,T2,30.25,5.759324
test,T2,30.25,5.784512
test,T2,30.400875,6.0803356
test,T2,30.825874,5.602233
test,T2,31.1,6.0562515
test,T2,31.1,5.8047123
test,T2,31.1,5.5234723
test,T2,31.1,5.5971327
test,T2,31.1,6.15083
test,T2,31.1,5.839931
test,T2,31.1,4.9231453
test,T2,31.194075,4.9261866
test,T2,31.459076,4.8256817
test,T2,31.63,4.679928
test,T2,31.63,4.775896
test,T2,31.63,4.4799113
test,T2,31.63,4.8351135
test,T2,31.63,5.6588655
test,T2,31.63,5.541132
test,T2,31.63,5.6231093
test,T2,31.59095,5.2117114
test,T2,31.48095,5.917104
test,T2,31.41,6.627405
test,T2,31.41,5.34202
test,T2,31.41,4.9849567
test,T2,31.41,6.429221
test,T2,31.41,6.3651905
test,T2,31.41,6.018651
test,T2,31.41,5.2442803
test,T2,31.230724,4.5966883
test,T2,30.725725,4.9394846
test,T2,30.4,5.317622
test,T2,30.4,4.7151
test,T2,30.4,4.9486628
test,T2,30.4,5.3280005
test,T2,30.4,4.753865
test,T2,30.4,4.7149677
test,T2,30.4,4.86613
test,T2,30.1089,5.2032847
test,T2,29.2889,5.606411
test,T2,28.76,4.9100523
test,T2,28.76,4.4823465
test,T2,28.76,5.0597343
test,T2,28.76,6.673204
test,T2,28.76,7.2991533
test,T2,28.76,6.8005543
test,T2,28.76,5.493791
test,T2,28.57895,5.3031244
test,T2,28.06895,6.0419645
test,T2,27.74,6.646902
test,T2,27.74,7.1408234
test,T2,27.74,5.885548
test,T2,27.74,6.2732024
test,T2,27.74,6.1276994
test,T2,27.74,5.855014
test,T2,27.74,5.217207
test,T2,27.4489,4.8536005
test,T2,26.6289,4.609411
test,T2,26.1,4.847731
test,T2,26.1,6.3627167
test,T2,26.1,6.1517825
test,T2,26.1,5.4374423
test,T2,26.1,5.387694
test,T2,26.1,7.6267176
test,T2,26.1,7.3486547
test,T2,25.459225,5.7945943
test,T2,23.654224,5.6820736
test,T2,22.49,5.7150574
test,T2,22.49,6.924101
test,T2,22.49,11.392296
test,T2,22.49,14.656805
test,T2,22.49,16.521585
test,T2,22.49,17.205645
test,T2,22.49,10.966946
test,T2,21.082424,6.8276386
test,T2,17.117426,7.1775637
test,T2,14.56,6.631521
test,T2,14.56,5.6527534
test,T2,14.56,8.862753
test,T2,14.56,14.420869
test,T2,14.56,16.772657
test,T2,14.56,11.412592
test,T2,14.56,9.650902
test,T2,13.7861,8.721142
test,T2,11.6061,6.640985
test,T2,10.2,7.430942
test,T2,10.2,9.494795
test,T2,10.2,10.904175
test,T2,10.2,8.115984
test,T2,10.2,10.5025625
test,T2,10.2,16.932653
test,T2,10.2,17.50469
test,T2,9.221975,15.874445
test,T2,6.466975,8.722194
test,T2,4.69,5.4626064
test,T2,4.69,5.7082233
test,T2,4.69,6.3254585
test,T2,4.69,11.11853
test,T2,4.69,11.309353
test,T2,4.69,7.8918986
test,T2,4.69,6.7369175
test,T2,3.95664,5.2153816
test,T2,1.89664,4.755048
test,T2,0.57,3.731453
test,T2,0.57,5.445774
test,T2,0.57,6.9704895
test,T2,0.57,4.9838367
test,T2,0.57,3.9062006
test,T2,0.57,3.8174224
