split,trip_id,reference_velocity,predicted_velocity
val,M,6.0703335,6.690058
val,M,6.7109585,4.2086415
val,M,7.3174305,2.7964787
val,M,7.5235972,2.70082
val,M,7.2462363,2.8469813
val,M,6.970097,3.0615
val,M,6.8616943,2.6026978
val,M,6.6521387,2.6784763
val,M,6.6161942,2.6251137
val,M,6.784986,2.625654
val,M,6.8515697,2.6507597
val,M,7.039639,2.5902526
val,M,7.260736,2.8134775
val,M,7.349292,2.7009869
val,M,7.603597,2.6670682
val,M,7.9375415,2.641428
val,M,8.047681,2.6618392
val,M,7.8522224,2.6146505
val,M,7.0657363,2.6627197
val,M,6.0894165,2.672256
val,M,6.005722,2.6889794
val,M,6.793514,2.6766062
val,M,7.593,2.6774411
val,M,7.7328057,2.6764107
val,M,7.2499304,2.6329436
val,M,6.72675,2.6851106
val,M,6.568028,2.6783507
val,M,6.6511526,2.735719
val,M,6.5866666,2.7019641
val,M,6.5392637,2.706292
val,M,6.7968473,2.7117171
val,M,7.103236,2.7371707
val,M,7.1275973,2.7294402
val,M,6.999944,2.7244835
val,M,6.9460278,2.7302058
val,M,6.898667,2.7742581
val,M,6.8617363,2.7548838
val,M,6.929,2.704459
val,M,7.1562777,2.6242995
val,M,7.3714585,2.7546957
val,M,7.423236,2.7854798
val,M,7.4088473,2.8325355
val,M,7.423625,3.0066547
val,M,7.42175,4.5788546
val,M,7.3674026,3.3557758
val,M,7.401653,7.656562
val,M,7.572361,8.42096
val,M,7.7030973,3.9484644
val,M,7.7068887,3.5270164
val,M,7.6562085,3.7952838
val,M,7.618236,3.5111535
val,M,7.5151944,3.4944224
val,M,7.376042,3.3712697
val,M,7.3910418,4.1768765
val,M,7.524889,3.5837355
val,M,7.6019583,3.7629507
val,M,7.5846806,3.4846265
val,M,7.544028,3.4368427
val,M,7.558986,3.3641768
val,M,7.6483335,4.0170283
val,M,7.76675,3.8232377
val,M,7.864403,3.6406438
val,M,7.829375,3.4483871
val,M,7.6944304,3.6128256
val,M,7.5975,3.2612152
val,M,7.5680137,3.4733682
val,M,7.6216526,3.3710182
val,M,7.646347,3.7420938
val,M,7.501167,3.9789042
val,M,7.347708,4.168032
val,M,7.365097,4.8363185
val,M,7.500819,4.0190644
val,M,7.485653,3.7941713
val,M,7.0660415,4.760228
val,M,6.430222,5.1777263
val,M,5.841264,3.3746877
val,M,5.51575,3.402205
val,M,5.5750833,3.1011186
val,M,5.7949443,3.4609756
val,M,5.9516387,3.7536144
val,M,6.0114307,3.967511
val,M,6.008333,3.2057467
val,M,5.9445834,3.6287937
val,M,5.8428054,3.6175733
val,M,5.779986,4.3654428
val,M,5.7314444,6.4289165
val,M,5.7198195,4.672426
val,M,5.8374863,3.3997412
val,M,6.023361,3.6641004
val,M,6.138278,3.7439308
val,M,6.178389,3.425303
val,M,6.2146945,3.172658
val,M,6.2291527,7.1903157
val,M,6.2021666,7.910559
val,M,6.167514,3.7465618
val,M,6.1445556,2.998897
val,M,6.137653,3.0002422
val,M,6.1894584,3.0543783
val,M,6.362861,3.2256885
val,M,6.600097,3.840346
val,M,6.764472,4.261843
val,M,6.828597,5.5516567
val,M,6.815986,3.7688708
val,M,6.7727637,3.3267236
val,M,6.715,3.4865692
val,M,6.6276946,2.8307192
val,M,6.5151944,3.0870733
val,M,6.45775,3.389162
val,M,6.537431,4.3953433
val,M,6.6519723,3.743029
val,M,6.6969028,4.1163697
val,M,6.6808195,5.495175
val,M,6.6135416,4.2080584
val,M,6.5228333,3.6265645
val,M,6.41525,3.294283
val,M,6.3055553,4.2059474
val,M,6.231403,5.5566945
val,M,6.248833,5.562186
val,M,6.380139,3.282167
val,M,6.419194,3.370655
val,M,6.346375,3.3963623
val,M,6.306139,3.4485033
val,M,6.2817082,3.3213115
val,M,6.252042,2.9020102
val,M,6.1973333,3.4631722
val,M,6.145986,3.4870753
val,M,6.0269723,3.7315083
val,M,5.7917776,3.0976615
val,M,5.591347,3.2533097
val,M,5.504778,5.676348
val,M,5.535903,5.608125
val,M,5.681875,4.6742706
val,M,5.8428473,3.0064545
val,M,5.9125,4.318798
val,M,5.9149027,3.824152
val,M,5.931361,3.3983552
val,M,5.9694304,3.1898103
val,M,5.973111,3.743782
val,M,5.9650974,2.9870138
val,M,6.0078053,3.7106733
val,M,6.046403,4.1510878
val,M,6.03925,3.943434
val,M,5.991903,3.4727418
val,M,5.9480696,3.275446
val,M,5.9158473,4.2337527
val,M,5.847736,3.2208781
val,M,5.774847,3.0796225
val,M,5.7268887,3.016252
val,M,5.7595835,3.139125
val,M,5.918097,2.964398
val,M,6.118014,2.9425726
val,M,6.263875,2.9662051
val,M,6.3367224,3.0528016
val,M,6.3209305,2.433982
val,M,6.249181,1.9661486
val,M,6.1495557,2.068388
val,M,6.0310974,2.535596
val,M,5.9286113,2.6962643
val,M,5.8925695,2.8708813
val,M,5.994583,2.7473001
val,M,6.1756945,2.7413876
val,M,6.3184724,2.8264122
val,M,6.373903,2.9089015
val,M,6.3435974,2.919314
val,M,6.280486,2.7886941
val,M,6.2354026,2.8178895
val,M,6.192375,2.7337189
val,M,6.134111,2.8008654
val,M,6.1038613,2.6408613
val,M,6.1032085,2.7420435
val,M,6.1344166,2.8355432
val,M,6.1795278,2.7961292
val,M,6.181514,2.8279276
val,M,6.1356945,2.890286
val,M,6.0442085,2.8072243
val,M,5.9365554,2.760622
val,M,5.82625,2.7559981
val,M,5.712,2.7673686
val,M,5.6378613,2.7796173
val,M,5.6675835,2.7883372
val,M,5.800958,2.8208427
val,M,5.958847,2.833698
val,M,6.0654583,2.8414366
val,M,6.087847,2.7367506
val,M,6.0438333,2.7614193
val,M,5.97675,2.7765908
val,M,5.8957086,3.0533743
val,M,5.8118887,2.9687247
val,M,5.7591805,2.9338899
val,M,5.7840695,2.8415322
val,M,5.9061804,2.800541
val,M,6.042444,2.8439708
val,M,6.081153,2.8348327
val,M,6.02375,2.7067509
val,M,5.933639,2.6352978
val,M,5.834486,2.8493903
val,M,5.7360697,3.329683
val,M,5.553736,3.6712604
val,M,5.245403,3.6431217
val,M,5.001361,4.509781
val,M,4.968222,5.2683697
val,M,5.072625,7.076722
val,M,5.2260137,4.4448047
val,M,5.382639,3.3168015
val,M,5.4933333,2.7345588
val,M,5.535139,4.0116897
val,M,5.4915695,4.45729
val,M,5.4010277,3.7414494
val,M,5.3548055,5.0984855
val,M,5.4083195,6.342572
val,M,5.517208,9.490285
val,M,5.6165833,8.46363
val,M,5.553889,7.3927236
val,M,5.247889,4.330962
val,M,4.791625,3.6054325
val,M,4.2602777,4.0134754
val,M,3.7624862,3.74938
val,M,3.2339306,5.358124
val,M,2.5491529,5.3839
val,M,1.8040138,3.9739687
val,M,1.1694584,3.6513228
val,M,0.90225,3.6949887
val,M,1.2493472,3.5338433
val,M,2.6253471,3.056625
val,M,3.7244444,3.0682604
val,M,3.1518888,3.0332346
val,M,1.571875,3.3331206
val,M,0.32988888,3.0958323
val,M,0.8100972,3.3227959
val,M,1.4272083,3.2820697
val,M,0.87831944,3.6846142
val,M,1.6795695,4.2662234
val,M,4.684222,3.7997565
val,M,8.196362,5.238683
val,M,10.453903,4.5115285
val,M,10.9065,3.255551
val,M,10.705444,3.7141569
val,M,10.393888,4.7631955
val,M,9.976611,7.010581
val,M,9.56768,5.0307283
val,M,9.244638,3.3150349
val,M,9.1125,3.2266483
val,M,9.079264,5.425497
val,M,9.123847,5.7465563
val,M,9.372848,4.171141
val,M,9.852195,4.900947
val,M,10.544097,4.388292
val,M,11.3295,3.6087382
val,M,11.855097,4.540878
val,M,12.169903,3.8341644
val,M,12.554694,4.1346827
val,M,12.919736,4.032128
val,M,13.08275,5.0592585
val,M,12.902403,3.9318519
val,M,12.3371525,2.92234
val,M,11.668639,3.9920235
val,M,11.161056,3.9066133
val,M,11.115806,2.96688
val,M,11.600639,3.110955
val,M,12.17325,3.0654724
val,M,12.485736,4.0632486
val,M,12.45925,3.499648
val,M,12.42382,3.7834525
val,M,12.691153,2.9819431
val,M,12.994638,3.0261085
val,M,13.091945,3.4886541
val,M,13.151389,3.4703374
val,M,13.440778,3.19802
val,M,13.953486,3.7795231
val,M,14.719625,3.9037642
val,M,15.813945,4.3008246
val,M,17.017958,3.7962778
val,M,18.113111,3.5155914
val,M,18.65175,5.19708
val,M,18.62461,4.9182167
val,M,18.44411,3.8421316
val,M,18.216042,3.5062654
val,M,18.11282,3.1809444
val,M,18.159014,3.4398284
val,M,18.147736,4.2946477
val,M,17.986944,3.3828151
val,M,17.618763,3.4984636
val,M,17.421778,3.7763114
val,M,17.604458,5.8857627
val,M,17.790333,7.76527
val,M,17.867598,3.4323196
val,M,17.489292,3.1404572
val,M,17.354626,2.9112997
val,M,17.670584,3.4605205
val,M,17.60275,3.0651464
val,M,17.543028,3.0246317
val,M,17.231777,2.9344325
val,M,17.118723,3.5669267
val,M,17.42786,3.8375897
val,M,17.489779,4.1752796
val,M,17.527819,3.8132844
val,M,17.598846,3.202363
val,M,17.672709,3.2962708
val,M,17.819902,3.4401376
val,M,18.048166,4.255646
val,M,18.238861,5.6613903
val,M,18.390541,4.575128
val,M,18.43593,4.260594
val,M,18.504486,3.7530222
val,M,18.545444,3.0933046
val,M,18.471277,3.1619382
val,M,18.37439,3.0699525
val,M,18.22332,3.5577831
val,M,18.071806,3.6996872
val,M,17.795958,3.2430182
val,M,16.82386,3.212901
val,M,14.948903,3.9654183
val,M,13.436944,3.1250887
val,M,6.5112915,3.1047032
val,M,0.0,3.9387884
val,M,1.032087e-11,4.0691457
val,M,7.5595,3.3580112
val,M,16.036596,2.930512
val,M,16.971737,2.9665833
val,M,17.027945,3.4085624
val,M,17.139957,3.1104984
val,M,17.31479,3.3130445
val,M,17.536346,3.1272635
val,M,17.745764,4.4772387
val,M,17.89782,5.0518975
val,M,17.944014,3.418903
val,M,17.870235,4.2287292
val,M,17.729097,5.09422
val,M,17.551708,3.5918274
val,M,17.408958,4.244769
val,M,17.363472,3.3162231
val,M,17.391459,3.844587
val,M,17.449514,5.4550424
val,M,17.512028,4.212419
val,M,17.547209,4.328269
val,M,17.434694,4.447566
val,M,17.308487,6.911122
val,M,17.348278,6.243051
val,M,17.301653,4.338081
val,M,17.039362,4.4262104
val,M,16.640583,3.9964442
val,M,15.851944,4.7090597
val,M,15.18968,4.3301578
val,M,15.274208,3.955049
val,M,15.639903,4.291058
val,M,15.906097,5.5048203
val,M,16.060236,5.2142587
val,M,16.193832,3.9789085
val,M,16.299652,2.862593
val,M,16.35257,3.631441
val,M,16.277458,3.7165356
val,M,15.849195,4.2884054
val,M,15.043222,3.1425428
val,M,14.419458,3.8258467
val,M,14.287111,4.839392
val,M,14.467847,4.9130206
val,M,14.961847,5.213186
val,M,15.467459,6.844911
val,M,15.78975,3.6403508
val,M,16.119541,3.9984863
val,M,16.450708,5.157932
val,M,16.624445,7.0555577
val,M,16.682096,5.9730678
val,M,16.791374,4.148393
val,M,16.903723,3.5952199
val,M,16.834362,3.4025261
val,M,16.946861,3.4916549
val,M,17.111458,5.7146745
val,M,11.9215555,4.117269
val,M,9.341,6.3568354
val,M,14.285556,5.1287932
val,M,16.567194,4.014569
val,M,16.306486,3.3609924
val,M,16.157,3.1447458
val,M,16.06479,3.2918968
val,M,15.889639,3.189268
val,M,15.612597,3.062181
val,M,15.185083,2.9004683
val,M,14.708583,2.9460793
val,M,14.146875,2.8503394
val,M,13.526278,2.1447551
val,M,12.906709,2.117993
val,M,12.403722,2.2956603
val,M,12.09157,3.09686
val,M,11.809611,2.870361
val,M,11.226264,2.861028
val,M,10.369736,2.8412662
val,M,9.588722,2.8112156
val,M,8.919236,2.8267915
val,M,8.636778,2.8104043
val,M,9.018056,2.748889
val,M,9.820723,2.765046
val,M,10.509694,2.7693872
val,M,10.769347,2.7989006
val,M,10.962209,2.804129
val,M,11.366639,2.779429
val,M,11.755834,2.7705564
val,M,12.333208,2.748458
val,M,12.875334,2.8476791
val,M,13.095667,2.8128195
val,M,13.254598,2.8207505
val,M,13.320153,2.8506374
val,M,13.326819,2.791958
val,M,13.292931,2.8125005
val,M,13.423458,2.7970934
val,M,13.60225,2.7996514
val,M,13.7688055,2.8290088
val,M,14.084556,4.2046175
val,M,14.285209,8.208047
val,M,14.316264,2.7992923
val,M,14.151958,2.8579805
val,M,13.68575,3.5788703
val,M,13.0627365,3.6057692
val,M,12.494125,4.3075747
val,M,12.014986,3.8660798
val,M,11.602639,3.741355
val,M,11.368153,2.7283258
val,M,11.347139,3.1112664
val,M,11.450723,3.1774502
val,M,11.594861,2.927081
val,M,11.770875,2.8610268
val,M,12.0859165,3.2083526
val,M,12.40625,3.1489406
val,M,12.503986,3.4496796
val,M,12.463208,3.031163
val,M,12.411764,3.141367
val,M,12.317862,3.5419018
val,M,12.274764,4.490321
val,M,12.301291,5.9367833
val,M,12.256736,5.14468
val,M,12.162833,4.5616984
val,M,12.183792,4.3825984
val,M,12.257709,5.955156
val,M,12.281709,4.3658957
val,M,12.246458,3.8365824
val,M,12.152667,4.1934123
val,M,12.162569,4.8672786
val,M,12.190861,3.7884574
val,M,12.219848,3.7133398
val,M,12.262042,4.1856523
val,M,12.230972,5.0565734
val,M,12.303528,3.9934149
val,M,12.516306,5.597333
val,M,12.6900835,6.3403435
val,M,12.749042,5.9690313
val,M,12.713902,6.12727
val,M,12.657444,4.843947
val,M,12.6045,5.178185
val,M,12.570389,3.84185
val,M,12.5541115,6.9891033
val,M,12.535819,8.767255
val,M,12.535903,4.8555818
val,M,12.534361,4.587567
val,M,12.521459,4.5336366
val,M,12.509681,4.171418
val,M,12.487431,4.7352777
val,M,12.42775,4.513593
val,M,12.355348,4.165937
val,M,12.27093,4.552975
val,M,12.184569,4.130246
val,M,12.1125,3.598694
val,M,12.098375,3.1703625
val,M,12.124958,4.013521
val,M,12.115861,5.1036315
val,M,12.028125,4.0067816
val,M,11.857542,4.1041465
val,M,11.624291,4.574226
val,M,11.0929165,5.437865
val,M,10.187458,3.1907647
val,M,9.270389,5.1481824
val,M,8.627264,4.015144
val,M,8.23757,7.570022
val,M,7.989139,4.159494
val,M,7.8688474,4.7658496
val,M,7.969097,5.2280383
val,M,8.367194,4.8335485
val,M,8.882584,5.4499736
val,M,9.400666,8.784716
val,M,9.97593,5.6986814
val,M,10.395445,4.078182
val,M,10.530306,4.8930583
val,M,10.514764,4.6298795
val,M,10.378542,3.7525976
val,M,10.161,3.322115
val,M,10.029208,4.037213
val,M,9.952389,3.0735393
val,M,9.829833,3.7733586
val,M,9.337334,4.4214854
val,M,8.096736,4.398464
val,M,6.080097,5.6639953
val,M,3.890736,5.407502
val,M,2.9166806,5.1554027
val,M,3.7055,5.5618196
val,M,5.4900694,5.6574864
val,M,7.413889,4.409742
val,M,8.939917,3.8577118
val,M,9.850458,4.3861856
val,M,10.305667,5.312471
val,M,10.527069,5.8483152
val,M,10.635403,6.1654463
val,M,10.70282,5.103056
val,M,10.69,5.8114233
val,M,10.584473,4.595017
val,M,10.506375,3.122258
val,M,10.462222,4.3263826
val,M,10.389402,4.266228
val,M,10.434014,5.085258
val,M,10.693764,5.524364
val,M,10.933847,5.917347
val,M,11.075042,5.674313
val,M,11.240986,5.1454883
val,M,11.389347,4.5903263
val,M,11.564389,4.7169433
val,M,11.588875,5.9982686
val,M,11.33375,6.94694
val,M,10.944041,6.7356586
val,M,10.482458,5.9868336
val,M,10.011653,5.5503726
val,M,9.563972,4.34463
val,M,9.120791,3.509161
val,M,8.660958,3.163025
val,M,8.220014,3.54345
val,M,7.7595835,4.1906886
val,M,7.0981946,5.5950756
val,M,6.1411667,5.7731447
val,M,5.1089444,4.4146028
val,M,4.114972,6.4326954
val,M,3.09125,5.6521626
val,M,2.115986,5.5128107
val,M,1.2150834,4.042873
val,M,0.433125,3.5546675
val,M,0.05525,4.0618796
val,M,0.01575,7.2784824
val,M,0.012986111,4.315239
val,M,0.013930555,4.5642323
val,M,0.017541667,8.1246195
val,M,0.018847222,6.28167
val,M,0.022944445,6.1558375
val,M,0.02738889,4.174377
val,M,0.024916667,5.0234575
val,M,0.022666667,6.080254
val,M,0.021694444,4.6571097
val,M,0.021930555,4.1359673
val,M,0.022388889,4.349917
val,M,0.020972222,4.441261
val,M,0.013305555,7.4040785
val,M,0.011638889,8.24828
val,M,0.013833334,3.5908442
val,M,0.013791666,3.9362054
val,M,0.013972222,5.719286
val,M,0.011305556,7.12608
val,M,0.009736111,6.9924755
val,M,0.041666668,7.6949606
val,M,0.92845833,7.3013773
val,M,3.0058334,6.4993744
val,M,5.132764,7.259398
val,M,6.7466664,8.540402
val,M,8.021319,6.059574
val,M,9.009222,7.172054
val,M,9.902861,5.4469466
val,M,10.812959,7.4960847
val,M,11.709639,6.0099587
val,M,12.328847,6.4711213
val,M,12.3509445,7.282002
val,M,12.095708,7.538494
val,M,11.900945,7.5874352
val,M,12.126416,6.9252124
val,M,12.561889,7.0607996
val,M,12.742111,7.352366
val,M,12.815056,6.752415
val,M,12.979889,8.420497
val,M,13.21918,11.037939
val,M,13.328777,6.2676425
val,M,13.393986,6.340897
val,M,13.451583,6.5669875
val,M,13.5448475,6.606976
val,M,13.778209,6.984758
val,M,14.080861,6.849726
val,M,14.365708,7.1754446
val,M,14.631986,7.053348
val,M,14.954431,6.6892056
val,M,15.415139,6.6212344
val,M,16.050486,6.2745166
val,M,16.604403,6.003185
val,M,17.007555,6.7342114
val,M,17.364,7.223514
val,M,17.640152,5.0969553
val,M,17.840334,5.267523
val,M,18.059431,8.653906
val,M,18.227,8.164704
val,M,18.247736,7.058213
val,M,18.196014,6.8860526
val,M,17.851444,6.161324
val,M,17.22725,5.9773397
val,M,16.627388,5.5025525
val,M,16.03739,4.933887
val,M,15.422639,3.6576805
val,M,14.790459,3.8971548
val,M,14.040097,4.7376256
val,M,12.945194,4.6839237
val,M,11.344848,5.9557776
val,M,9.611806,4.85904
val,M,8.500014,4.898316
val,M,7.9166946,6.229935
val,M,7.46375,5.637303
val,M,7.1917915,6.3577347
val,M,7.0600834,7.3816824
val,M,7.0824585,8.757586
val,M,7.5445137,9.741014
val,M,8.587472,7.6230807
val,M,9.67425,7.276323
val,M,10.528084,6.3400717
val,M,11.307083,6.0877743
val,M,12.080722,5.8226156
val,M,12.737083,4.341826
val,M,13.099861,4.1415896
val,M,13.220612,7.7177567
val,M,13.278722,5.927773
val,M,13.302139,5.337893
val,M,13.13975,4.554278
val,M,12.873042,4.3876953
val,M,12.694056,3.646401
val,M,12.540958,3.792864
val,M,12.403958,4.2553134
val,M,12.158083,5.4616942
val,M,11.742986,5.851931
val,M,11.29668,6.0018225
val,M,10.747903,4.4423747
val,M,9.87693,3.9445305
val,M,8.834347,4.761122
val,M,8.006583,6.102221
val,M,7.4991946,6.334394
val,M,7.363458,4.079491
val,M,7.657111,5.7286963
val,M,8.1149025,6.8672457
val,M,8.796111,4.8116336
val,M,9.791862,3.2624674
val,M,10.745486,4.5322375
val,M,11.605583,7.38583
val,M,12.440653,7.8125935
val,M,13.070666,4.521219
val,M,13.2097225,3.3569055
val,M,13.091473,3.860312
val,M,13.081805,5.3902106
val,M,13.116014,6.5467
val,M,13.118667,8.48987
val,M,13.132764,10.766452
val,M,13.151361,13.481984
val,M,13.201263,9.79966
val,M,13.2583885,7.580254
val,M,13.278584,8.116752
val,M,13.283417,7.7866054
val,M,13.289264,7.016268
val,M,13.27275,5.255966
val,M,13.244542,6.813356
val,M,13.246347,10.750972
val,M,13.249792,9.774332
val,M,13.242708,7.717041
val,M,13.245431,4.3274975
val,M,13.196236,4.560593
val,M,13.151652,7.8504934
val,M,13.165667,7.1587043
val,M,13.171375,3.7364187
val,M,13.139444,4.0085073
val,M,13.027847,5.443976
val,M,13.034194,7.319035
val,M,13.117695,4.360151
val,M,12.958917,4.951929
val,M,12.922472,6.874705
val,M,13.045139,5.4445577
val,M,13.0485,4.987672
val,M,13.082209,5.632592
val,M,13.034917,6.0253053
val,M,12.593153,4.867391
val,M,11.293931,5.366611
val,M,9.744,3.930591
val,M,9.015917,3.412497
val,M,8.898861,3.3356018
val,M,8.666805,3.51507
val,M,8.035139,3.2443607
val,M,7.333542,2.6184916
val,M,6.898361,2.4805238
val,M,6.919014,2.6583862
val,M,7.0721664,2.8817685
val,M,7.1728473,3.2157426
val,M,7.4852085,3.2456868
val,M,7.9712777,2.8343196
val,M,8.643416,3.2121787
val,M,9.466097,5.677487
val,M,10.270139,6.101246
val,M,10.907458,3.4119692
val,M,11.010667,3.4482872
val,M,10.521402,3.7778096
val,M,9.80725,4.4081945
val,M,8.994208,5.576546
val,M,8.423597,4.1451197
val,M,8.582639,4.9292336
val,M,9.198833,2.9887378
val,M,10.092472,4.131287
val,M,11.249458,6.5967054
val,M,12.262764,7.0810924
val,M,12.883014,6.5269556
val,M,13.10757,5.5376534
val,M,13.066028,4.164909
val,M,12.734528,5.064129
val,M,12.510041,5.062721
val,M,12.625736,3.6489794
val,M,12.734208,3.5432084
val,M,12.70282,6.3466387
val,M,12.522458,7.1344123
val,M,12.486944,5.1655707
val,M,12.674556,3.858779
val,M,12.773708,3.2972088
val,M,12.613889,5.926121
val,M,12.308416,8.0952835
val,M,12.060375,6.6027455
val,M,11.846264,4.03612
val,M,11.726653,7.1864715
val,M,11.755889,9.33243
val,M,11.852305,5.2135067
val,M,11.817361,4.49606
val,M,11.570806,4.599154
val,M,11.304209,6.4101415
val,M,11.110917,9.627146
val,M,10.913417,7.4526305
val,M,10.735945,6.9606595
val,M,10.635834,5.500765
val,M,10.5778055,7.655055
val,M,10.725306,7.734835
val,M,11.2387085,6.4728603
val,M,11.845014,9.285623
val,M,12.6145,7.17364
val,M,13.399597,5.882364
val,M,13.648903,3.6096244
val,M,13.569305,5.233812
val,M,13.551403,5.7159653
val,M,13.636791,5.6678004
val,M,13.769722,4.444803
val,M,13.929542,5.497337
val,M,14.104417,6.3289666
val,M,14.112445,8.225623
val,M,13.697667,3.4985442
val,M,12.984083,3.755169
val,M,12.131153,4.868853
val,M,11.177819,4.5452714
val,M,9.981958,5.032308
val,M,8.731389,7.188477
val,M,7.826611,6.35994
val,M,7.439375,4.6039615
val,M,7.652972,3.8014808
val,M,8.002,4.624704
val,M,8.384597,4.0461884
val,M,8.817111,3.782475
val,M,9.196083,3.2304792
val,M,9.436097,2.9116142
val,M,9.449625,3.5883784
val,M,9.571903,4.2400274
val,M,9.7545,7.701859
val,M,9.695653,6.0335593
val,M,9.5365,5.639136
val,M,9.646264,5.7279673
val,M,10.172014,5.346746
val,M,10.890653,5.1424537
val,M,11.5911665,5.4841347
val,M,12.263445,5.345488
val,M,12.855917,4.990246
val,M,13.284625,5.153943
val,M,13.55025,5.3433895
val,M,13.570153,4.0844274
val,M,13.37025,4.5033784
val,M,13.017125,5.730034
val,M,12.623764,6.498591
val,M,12.366944,6.103743
val,M,12.217806,7.9642954
val,M,12.243611,6.7489433
val,M,12.408861,5.3955536
val,M,12.584458,5.334247
val,M,12.71275,5.275679
val,M,12.712264,5.2089586
val,M,12.6762085,4.8299255
val,M,12.728583,4.841956
val,M,12.7490835,3.4055517
val,M,12.46718,3.687894
val,M,12.058333,3.3578959
val,M,12.12193,3.0500884
val,M,12.416195,4.383783
val,M,12.631861,3.5876584
val,M,12.845098,3.5652392
val,M,12.991528,3.7100298
val,M,13.131014,7.6632624
val,M,13.347139,6.7326026
val,M,13.535292,10.900414
val,M,13.539653,13.155739
val,M,13.530361,9.566466
val,M,13.618764,5.949073
val,M,13.724584,8.525246
val,M,13.936375,8.788331
val,M,14.221458,8.690472
val,M,14.327236,5.2225842
val,M,14.317833,7.855565
val,M,14.298195,4.6432047
val,M,14.266152,3.7188163
val,M,14.221264,6.485887
val,M,14.172722,8.356573
val,M,14.119125,8.545284
val,M,13.970417,10.771281
val,M,13.830764,13.059766
val,M,13.714084,8.795371
val,M,13.653292,5.638652
val,M,13.802264,6.5901213
val,M,14.04875,7.1687903
val,M,14.316083,5.2783675
val,M,14.621972,5.5679474
val,M,14.930792,7.8474374
val,M,15.17693,4.5479994
val,M,15.325931,4.0705805
val,M,15.408931,3.4874594
val,M,15.323264,3.3178592
val,M,15.00543,5.6765513
val,M,14.609902,6.636896
val,M,13.999653,3.5362287
val,M,12.908042,4.6429257
val,M,11.335903,4.634871
val,M,9.4314165,5.671751
val,M,7.455167,3.069239
val,M,5.719681,5.086633
val,M,4.8331113,5.214704
val,M,5.2732363,6.406867
val,M,6.402458,6.765509
val,M,7.411014,7.879174
val,M,8.2930975,6.389357
val,M,9.105695,3.304083
val,M,9.824306,5.4677005
val,M,10.349361,5.4709315
val,M,10.761472,3.3908494
val,M,11.2734165,3.5102782
val,M,11.727792,5.4669347
val,M,12.040986,5.8149486
val,M,12.310625,6.8603964
val,M,12.524361,5.0231414
val,M,12.821875,2.7189598
val,M,13.160931,3.7710128
val,M,13.361931,4.616417
val,M,13.576736,4.303604
val,M,13.606556,4.2053914
val,M,13.524111,4.4231467
val,M,13.355903,6.548456
val,M,13.23068,5.2236047
val,M,13.411056,5.8157163
val,M,13.565278,5.3120394
val,M,13.4846945,4.4276433
val,M,12.913806,3.9114172
val,M,12.087514,3.6235638
val,M,11.509736,2.944858
val,M,11.317069,2.9666967
val,M,11.488334,3.4314775
val,M,11.813181,3.8826306
val,M,12.045777,5.3558764
val,M,12.143486,3.1049733
val,M,12.148556,3.5168457
val,M,12.074208,4.1813045
val,M,11.95775,3.4235544
val,M,11.803389,3.2659955
val,M,11.636264,3.3936276
val,M,11.492986,3.9966555
val,M,11.307195,3.9482212
val,M,10.966,4.6017528
val,M,10.489917,5.2867055
val,M,10.031834,3.578598
val,M,9.686194,3.8035555
val,M,9.418263,4.572684
val,M,9.23457,3.0868583
val,M,9.200084,3.6271155
val,M,9.28818,4.547405
val,M,9.370764,6.286987
val,M,9.464791,5.9235764
val,M,9.726681,4.2266717
val,M,10.10443,6.4046254
val,M,10.28325,3.2478404
val,M,9.872778,4.0738997
val,M,8.727083,4.2266784
val,M,7.0597224,4.393761
val,M,5.7261944,8.517309
val,M,5.202139,6.1255174
val,M,5.2154584,3.9155312
val,M,5.731458,5.0353746
val,M,6.5550556,5.5382423
val,M,7.306,5.503231
val,M,7.888708,3.7903242
val,M,8.350708,3.607069
val,M,8.597597,3.6156673
val,M,8.348444,4.7914143
val,M,7.509847,6.337296
val,M,6.452778,6.596765
val,M,5.782778,4.1721196
val,M,5.8272915,3.6309586
val,M,6.4237084,3.2995844
val,M,7.249417,3.5376363
val,M,8.020875,6.1342063
val,M,8.727944,3.6971471
val,M,9.375417,4.933578
val,M,9.873944,3.6761055
val,M,10.213653,3.298665
val,M,10.3052225,4.171158
val,M,10.237445,8.363442
val,M,10.147611,6.250424
val,M,10.054167,3.4201121
val,M,9.942208,6.111893
val,M,9.797889,6.8385124
val,M,9.661305,3.421031
val,M,9.61225,3.589522
val,M,9.622833,3.6824203
val,M,9.565486,4.7801976
val,M,9.519278,5.482266
val,M,9.490167,5.7484975
val,M,9.420709,3.6077666
val,M,9.363167,3.2342181
val,M,9.308278,2.7760549
val,M,9.143056,3.910051
val,M,8.920208,3.7490253
val,M,8.766861,3.4748182
val,M,8.756667,4.5650754
val,M,8.853681,4.740474
val,M,8.9565,5.1879416
val,M,9.058888,3.1272745
val,M,9.141375,3.5311255
val,M,9.152792,5.955571
val,M,8.884222,7.474642
val,M,8.16075,6.7688737
val,M,7.028028,3.4064918
val,M,5.6285834,2.4868498
val,M,4.1473475,2.883359
val,M,3.0473611,3.2667272
val,M,2.9498055,4.0693073
val,M,3.9101388,3.629263
val,M,5.274889,3.3501625
val,M,6.501097,9.5158615
val,M,7.4614444,8.911219
val,M,8.142389,9.371648
val,M,8.632222,8.875712
val,M,8.962431,8.604648
val,M,9.161417,8.814347
val,M,9.330361,8.97767
val,M,9.494805,9.125343
val,M,9.643319,6.0200305
val,M,9.776639,3.5751467
val,M,9.926598,3.837087
val,M,10.102917,7.611449
val,M,10.3272085,3.465816
val,M,10.542889,3.1488621
val,M,10.753417,3.3462324
val,M,10.972709,5.3387556
val,M,11.117473,6.636867
val,M,11.115875,5.441213
val,M,10.888528,5.35387
val,M,10.505861,8.682864
val,M,10.043777,6.523992
val,M,9.39032,5.8717985
val,M,8.501667,10.864256
val,M,7.524375,13.038687
val,M,6.333736,9.884586
val,M,4.7514167,9.49219
val,M,3.1163473,8.821684
val,M,2.3985417,8.6891165
val,M,2.799125,5.90902
val,M,3.6536806,4.775599
val,M,4.641736,4.4643703
val,M,5.3365,4.0543303
val,M,5.5774026,3.8166902
val,M,6.020111,4.509629
val,M,6.5247083,4.571199
val,M,6.576208,3.7929907
val,M,6.6509724,5.8178577
val,M,7.006625,4.8603063
val,M,7.478125,3.5279179
val,M,7.862486,6.513354
val,M,7.9862638,4.9784293
val,M,7.871639,3.390417
val,M,7.64525,3.557788
val,M,7.4155,3.292264
val,M,7.1655974,2.9898167
val,M,6.8049583,3.3499088
val,M,6.246014,3.8949897
val,M,5.4650693,3.509717
val,M,4.648139,3.428738
val,M,3.8901112,3.6928844
val,M,3.1437361,4.4235826
val,M,2.3159723,4.7907724
val,M,1.2767361,6.6030316
val,M,0.36895832,5.8023396
val,M,0.030805556,6.068377
val,M,0.013611111,6.920878
val,M,0.08020833,6.0624647
val,M,0.3075,3.0284505
val,M,0.523875,3.991538
val,M,0.6679861,5.3559775
val,M,0.77915275,4.8555164
val,M,0.84705555,4.2745357
val,M,0.73581946,3.9680314
val,M,0.50091666,3.6551013
val,M,0.38805556,3.749094
val,M,0.21284722,3.3813927
val,M,0.08133333,3.7311373
val,M,0.114,3.3633246
val,M,0.20120834,3.2496257
val,M,0.14998612,3.2120743
val,M,0.023736112,2.9126554
val,M,0.014972222,3.0159087
val,M,0.012444444,4.801109
val,M,0.021916667,5.005166
val,M,0.13968055,3.1633017
val,M,0.32468057,3.3247645
val,M,0.44077778,3.9248166
val,M,0.33366665,2.9091086
val,M,0.17133333,3.4019074
val,M,0.117194444,3.858698
val,M,0.047152776,3.7918074
val,M,0.015819445,3.3545692
val,M,0.117916666,3.5312262
val,M,0.38876387,3.534083
val,M,0.3513472,3.5682895
val,M,0.14738889,3.5759563
val,M,0.30291668,4.5965176
val,M,0.25331944,4.8268037
val,M,0.04936111,3.10215
val,M,0.21741667,3.3175683
val,M,1.0060139,3.1204503
val,M,2.4023473,2.9526596
val,M,3.7850833,3.6198306
val,M,4.8691525,3.8069282
val,M,5.5986667,2.8384778
val,M,5.9801526,3.5201876
val,M,6.232111,4.0687623
val,M,6.445958,3.375244
val,M,6.611778,3.0818362
val,M,6.7617083,3.3947623
val,M,6.9486666,2.9760265
val,M,7.1877637,2.6980915
val,M,7.4174724,2.5766783
val,M,7.578528,2.4012856
val,M,7.7064724,3.236985
val,M,7.6319585,4.0907025
val,M,6.8019586,3.905577
val,M,5.319208,3.3830848
val,M,3.6888888,3.051565
val,M,1.6516111,3.9782505
val,M,0.23343055,4.4447956
val,M,0.012597222,6.3218417
val,M,0.01025,4.9808187
val,M,0.15956944,3.4768872
val,M,0.35072222,3.1238217
val,M,0.20665278,3.235994
val,M,0.016819444,4.0181537
val,M,0.017416667,4.9184194
val,M,0.20801389,5.2901692
val,M,1.0405972,6.271574
val,M,2.4561944,6.4257746
val,M,3.9648333,3.1180155
val,M,5.387833,2.8118725
val,M,6.628972,3.4959931
val,M,7.473764,3.3852944
val,M,7.822889,3.2028837
val,M,7.6733193,3.5628278
val,M,6.9796667,3.0349061
val,M,5.8080277,3.026136
val,M,4.2749305,3.2406373
val,M,2.5984306,3.4381328
val,M,1.4140278,3.639375
val,M,1.6688889,2.961423
val,M,3.0384445,3.6395216
val,M,4.479361,3.4906895
val,M,5.6018057,3.7428012
val,M,6.467486,4.848351
val,M,7.4430556,3.5620747
val,M,8.127875,3.664496
val,M,8.10257,3.5691373
val,M,7.65775,3.7294564
val,M,7.028611,3.6680303
val,M,6.6187778,3.8070529
val,M,6.743708,3.247163
val,M,7.262639,3.4603817
val,M,8.015542,3.5470243
val,M,8.627778,4.521708
val,M,8.842375,4.0590653
val,M,8.843445,3.6304293
val,M,8.833347,5.367576
val,M,8.793528,6.320069
val,M,8.756667,7.3852882
val,M,8.788847,6.1586432
val,M,8.771167,6.3106933
val,M,8.7255,4.4939213
val,M,8.677139,3.5484934
val,M,8.697416,4.6834397
val,M,8.737375,3.822212
val,M,8.706737,4.615812
val,M,8.5071945,3.949111
val,M,8.231653,4.262115
val,M,8.159486,5.40342
val,M,8.256042,4.739602
val,M,8.406236,4.151178
val,M,8.567139,5.99241
val,M,8.678097,6.5761557
val,M,8.563639,6.450541
val,M,8.176556,5.7977777
val,M,7.716472,5.16184
val,M,7.5539165,4.9498725
val,M,7.7555695,4.056352
val,M,8.201056,3.041687
val,M,8.785666,3.3301454
val,M,9.325292,3.5977588
val,M,9.714833,3.1073523
val,M,9.838583,3.2981615
val,M,9.791153,3.5533605
val,M,9.752417,3.811832
val,M,9.74293,4.231035
val,M,9.701111,5.0374475
val,M,9.696403,3.432767
val,M,9.755944,3.0607328
val,M,9.806347,3.544702
val,M,9.907014,3.8489099
val,M,10.00307,3.8437047
val,M,10.075292,3.5678895
val,M,10.159695,3.8208525
val,M,10.159597,3.2171988
val,M,10.063681,4.2165194
val,M,9.983791,3.188861
val,M,9.991487,4.1522427
val,M,9.947028,3.5272887
val,M,9.763889,3.4716153
val,M,9.477736,3.235056
val,M,9.215709,3.122091
val,M,9.135263,2.8967772
val,M,9.184542,3.4254491
val,M,9.280403,3.5448792
val,M,9.413097,3.6683464
val,M,9.600695,3.347299
val,M,9.838764,3.7353942
val,M,10.06643,3.745861
val,M,10.322222,3.7776718
val,M,10.600805,3.2651176
val,M,10.810166,3.9441473
val,M,10.813916,4.3184714
val,M,10.501611,3.9845867
val,M,9.749792,4.20711
val,M,8.617361,3.3708134
val,M,7.393028,4.718736
val,M,6.33575,4.309009
val,M,5.890111,4.3173065
val,M,6.298111,5.2142224
val,M,7.175597,4.831992
val,M,7.8669443,5.344921
val,M,8.061347,6.1734433
val,M,8.01,5.789985
val,M,7.897486,6.7299204
val,M,7.6969304,6.870763
val,M,7.6394863,6.97821
val,M,7.530139,6.647712
val,M,7.155028,6.010572
val,M,6.688861,4.049851
val,M,6.0659447,4.318826
val,M,5.0334306,3.7458253
val,M,4.066528,4.3145814
val,M,4.04675,5.840115
val,M,4.908389,5.6339955
val,M,5.9035974,6.441458
val,M,6.5519586,6.1885967
val,M,7.056736,5.466265
val,M,7.5375695,3.4407482
val,M,7.7839026,4.5364375
val,M,7.768139,4.399863
val,M,7.614486,3.6588087
val,M,7.4053054,3.564291
val,M,7.2473054,3.3498473
val,M,7.3678055,3.5330586
val,M,7.6468334,3.4195995
val,M,7.6642776,3.4344397
val,M,7.4844027,3.9746463
val,M,7.227792,3.55026
val,M,6.539889,2.9978285
val,M,5.257347,3.3235576
val,M,3.99225,3.259033
val,M,3.47225,3.3891997
val,M,3.9784443,4.0029
val,M,5.1781526,3.8355484
val,M,6.36025,3.0302217
val,M,7.2394443,3.3965535
val,M,7.900764,3.8471987
val,M,8.474569,3.8791184
val,M,8.987361,3.518046
val,M,9.173361,3.21353
val,M,8.959611,3.843951
val,M,8.723514,3.9190133
val,M,8.707653,3.7722442
val,M,8.72207,3.7039351
val,M,8.682931,3.893922
val,M,8.682959,3.5098782
val,M,8.732847,5.3812475
val,M,8.71675,5.7508287
val,M,8.66125,6.616854
val,M,8.684139,5.476298
val,M,8.586375,5.4575343
val,M,7.8718333,4.4351106
val,M,6.581097,3.5059419
val,M,5.420639,3.888453
val,M,4.819,3.5100937
val,M,4.444375,4.3303866
val,M,3.5075,4.296171
val,M,1.9814167,4.50401
val,M,0.7899028,4.4423113
val,M,0.7822222,4.336592
val,M,1.8429583,4.84393
val,M,3.1580138,3.9564433
val,M,4.449375,2.4133115
val,M,5.629375,2.8411512
val,M,6.2857637,2.930091
val,M,6.4721527,2.4360766
val,M,6.5908194,2.4988875
val,M,7.000653,2.3911886
val,M,7.440403,2.5516727
val,M,7.5262084,2.7352455
val,M,7.3024445,2.6228254
val,M,6.8754168,2.6470876
val,M,6.1737223,3.102269
val,M,5.5249166,3.0763881
val,M,5.4174304,8.699024
val,M,5.8581805,8.148719
val,M,6.534153,4.6686845
val,M,6.973889,5.004087
val,M,7.144403,3.9917254
val,M,7.241958,4.390943
val,M,7.2753887,4.717497
val,M,7.207486,2.924584
val,M,6.953361,2.8784585
val,M,6.6658473,3.0381362
val,M,6.7784443,4.101671
val,M,7.1916666,3.3982306
val,M,7.5241113,4.884522
val,M,7.683,5.757533
val,M,7.732625,5.474381
val,M,7.706236,4.853921
val,M,7.258264,5.273297
val,M,6.3769584,5.2927175
val,M,5.932264,4.7389197
val,M,6.377972,2.5276766
val,M,7.1918197,2.56688
val,M,7.74825,2.9785407
val,M,7.7999306,3.1986165
val,M,7.4843054,2.9540522
val,M,7.194375,2.866087
val,M,6.9498057,3.3151922
val,M,6.678125,3.6300838
val,M,6.27,3.8810573
val,M,5.5333195,3.1317835
val,M,4.951014,2.6360006
val,M,4.4054165,5.1602507
val,M,3.415875,4.8760457
val,M,2.9200695,3.8327484
val,M,3.5490556,3.4800768
val,M,4.6345835,3.0733783
val,M,5.6694307,3.2424436
val,M,6.5248055,2.9293084
val,M,7.1170974,2.778907
val,M,7.402097,2.7313488
val,M,7.421597,2.9274292
val,M,7.2606807,3.2232013
val,M,7.224528,3.3980608
val,M,7.623889,3.6495771
val,M,8.06125,3.2390327
val,M,8.115139,2.9465446
val,M,7.970375,3.3867002
val,M,7.7470417,3.2588816
val,M,7.402111,3.3434322
val,M,6.8745,3.3723133
val,M,6.1649723,3.1807477
val,M,5.6053333,3.1638293
val,M,5.7924166,2.788684
val,M,6.406361,2.6241212
val,M,6.7125,2.679059
val,M,6.810458,2.6289062
val,M,6.9126387,2.5960584
val,M,6.9854026,2.5983028
val,M,6.819389,2.6091008
val,M,6.5002084,2.614512
val,M,6.2706804,2.6320786
val,M,6.2726946,2.642653
val,M,6.454861,2.6180937
val,M,6.87,2.6484299
val,M,7.5801806,2.6572726
val,M,8.036458,2.624384
val,M,7.9040556,2.646727
val,M,7.4359446,2.6261644
val,M,6.842708,2.6204534
val,M,6.2125974,2.605659
val,M,5.91775,2.6660357
val,M,6.2844305,2.5841475
val,M,6.9923196,2.684926
val,M,7.5173054,2.6466172
val,M,7.6920557,2.5860286
val,M,7.67325,2.643657
val,M,7.5227222,2.6011784
val,M,7.127972,2.6462963
val,M,6.8778057,2.6192849
val,M,7.202597,2.7376413
val,M,7.7085137,2.698781
val,M,8.005944,3.10972
val,M,8.091986,3.205432
val,M,8.043403,3.7589595
val,M,7.9477777,3.9191723
val,M,7.8072915,3.6190166
val,M,7.8046527,3.2080908
val,M,8.07268,3.4555197
val,M,8.3573475,3.052145
val,M,8.47025,2.9640784
val,M,8.366,3.0701184
val,M,7.981375,3.8034573
val,M,7.4824443,3.4241161
val,M,7.0255556,2.6945486
val,M,6.4344306,2.5061555
val,M,5.7016945,2.9946985
val,M,5.3943334,3.1625865
val,M,5.8187084,3.2684264
val,M,6.5945973,3.2977965
val,M,7.2806807,2.8586638
val,M,7.5844445,3.2993422
val,M,7.530597,4.6584926
val,M,7.4195833,2.9803088
val,M,7.392208,2.8785403
val,M,7.412722,3.920658
val,M,7.737889,4.057181
val,M,8.289486,4.383302
val,M,8.613681,4.232119
val,M,8.7306385,4.0930977
val,M,8.699166,3.8884006
val,M,8.4770975,3.8780682
val,M,7.7198887,2.9005451
val,M,6.7305417,3.295483
val,M,6.357042,4.394383
val,M,6.5290556,4.253203
val,M,6.93525,4.654708
val,M,7.378,3.6838062
val,M,7.55425,2.6936831
val,M,7.4096527,2.8157394
val,M,7.1902223,3.0061426
val,M,6.983208,3.4968448
val,M,6.693153,2.3625612
val,M,5.9773054,2.4964466
val,M,5.0154443,3.0919175
val,M,4.4602222,2.9982681
val,M,4.0770693,2.5578418
val,M,3.1169028,2.6891155
val,M,2.0333612,2.403979
val,M,2.1897223,3.0961256
val,M,3.250264,2.9639554
val,M,4.489153,3.218484
val,M,5.8403473,2.7284546
val,M,6.677292,2.907497
val,M,6.9321804,3.2049184
val,M,7.2645416,3.261775
val,M,8.004111,3.3629456
val,M,8.714111,3.257291
val,M,9.016361,2.8936582
val,M,9.104055,2.8580918
val,M,9.146542,2.9566543
val,M,9.17325,3.1467957
val,M,9.140695,3.3192177
val,M,8.79168,3.23183
val,M,7.8233333,2.9415488
val,M,6.7924585,2.8262768
val,M,6.192611,2.87654
val,M,5.7184863,3.1356914
val,M,5.291139,2.8512537
val,M,5.014042,2.8374064
val,M,5.1875973,3.2404587
val,M,5.8685555,3.6709614
val,M,6.4375696,3.4096508
val,M,6.5964584,3.2897236
val,M,6.9660835,2.6119118
val,M,7.4902363,3.3306196
val,M,7.8013334,3.401859
val,M,7.981986,2.7388592
val,M,7.929347,2.6516097
val,M,7.760597,2.7985153
val,M,7.525597,3.7511897
val,M,7.419597,8.420136
val,M,7.472597,8.742907
val,M,7.5124445,7.616078
val,M,7.706389,9.9970045
val,M,7.840903,7.614162
val,M,7.665403,3.2868574
val,M,7.3323054,2.7830691
val,M,7.033056,3.106482
val,M,7.00375,3.1724606
val,M,7.1938057,3.2525682
val,M,7.4241943,3.1447499
val,M,7.6628056,3.078254
val,M,7.8263474,3.0607882
val,M,7.8663054,2.8443184
val,M,7.855222,2.7451644
val,M,7.840528,2.7259808
val,M,7.7670693,2.7364817
val,M,7.689,2.7528813
val,M,7.697403,2.6854777
val,M,7.7724166,2.673903
val,M,7.8404584,2.724502
val,M,7.9036946,2.7135677
val,M,7.9803195,2.6852736
val,M,7.9793057,2.7469559
val,M,7.904111,2.7324438
val,M,7.8515415,2.6797996
val,M,7.831972,2.6672177
val,M,7.793514,2.6974692
val,M,7.6101804,2.6884155
val,M,7.0814304,2.7293122
val,M,6.20675,3.9901347
val,M,5.3505836,3.7636652
val,M,4.478625,2.3789592
val,M,3.3405278,3.362543
val,M,2.8305278,4.6102567
val,M,3.5081944,5.042274
val,M,4.711472,4.171125
val,M,6.0147085,3.9259539
val,M,7.122958,3.1734967
val,M,7.767097,2.7372491
val,M,8.094486,3.1017966
val,M,8.3095,2.8048735
val,M,8.430236,2.9389007
val,M,8.19775,2.735268
val,M,7.115847,4.5244904
val,M,5.224056,6.4929433
val,M,3.1131806,3.5424144
val,M,1.1831388,2.973084
val,M,0.15104167,2.4038978
val,M,0.07227778,2.6518064
val,M,0.46716666,3.3659549
val,M,1.4098473,3.3024614
val,M,2.537625,2.9879084
val,M,3.6023889,2.739134
val,M,4.8240137,2.9033828
val,M,6.2522917,2.9088106
val,M,7.523153,3.2558985
val,M,8.388278,3.1717794
val,M,9.039473,3.0288408
val,M,9.414653,3.5682988
val,M,9.4525,3.3574302
val,M,9.382347,3.5057425
val,M,9.306209,3.7942677
val,M,9.261778,3.44955
val,M,9.160361,2.8142676
val,M,9.1380415,3.1331816
val,M,9.237611,3.3271675
val,M,9.29693,2.882427
val,M,9.368264,4.3133454
val,M,9.440097,5.009302
val,M,9.481472,4.761147
val,M,9.499194,4.881683
val,M,9.514361,4.585364
val,M,9.529,2.6974123
val,M,9.539708,3.2067215
val,M,9.5419445,3.5602102
val,M,9.543528,3.313704
val,M,9.478431,3.380404
val,M,9.312417,3.3412094
val,M,9.106916,3.425845
val,M,8.926181,2.968912
val,M,8.850875,2.3910306
val,M,8.875889,2.536756
val,M,8.952486,2.7502387
val,M,9.070084,2.8490136
val,M,9.187098,2.7107248
val,M,9.276556,2.9162283
val,M,9.35025,2.9970899
val,M,9.438084,2.821
val,M,9.520319,2.946597
val,M,9.583944,2.448669
val,M,9.641931,2.8552532
val,M,9.619181,2.5773854
val,M,9.492611,2.5413754
val,M,9.309931,2.489948
val,M,9.013278,3.4098506
val,M,8.8095,5.1745944
val,M,8.84775,4.6969485
val,M,8.9665,4.7933655
val,M,9.087,3.1179998
val,M,9.119,2.8797345
val,M,9.008083,3.4565115
val,M,8.88368,3.9870725
val,M,8.808986,4.471661
val,M,8.735389,5.03756
val,M,8.491902,3.6128702
val,M,7.7441387,3.1004174
val,M,6.5620556,3.0367126
val,M,5.3648195,3.1073298
val,M,4.589653,2.937034
val,M,4.634986,3.0823548
val,M,5.649236,2.9020429
val,M,6.885486,4.120093
val,M,7.5472918,3.1776304
val,M,7.79875,3.4678464
val,M,7.9525137,2.7369256
val,M,7.9791665,3.0663803
val,M,7.783,2.997489
val,M,7.460653,2.9974809
val,M,7.113972,2.8023028
val,M,6.4615693,2.788487
val,M,5.3665695,3.4396014
val,M,4.246611,3.9791017
val,M,3.7230418,3.6030116
val,M,4.2370834,2.6511765
val,M,5.4361944,2.7783885
val,M,6.613333,2.9294245
val,M,7.4761806,3.1018572
val,M,7.9686527,2.805316
val,M,8.126597,3.2768207
val,M,8.113958,2.7378056
val,M,8.077972,2.9795766
val,M,8.059361,3.3795645
val,M,8.098805,2.8988853
val,M,8.210584,2.729742
val,M,8.360681,2.7708166
val,M,8.490611,2.8061304
val,M,8.521973,2.737249
val,M,8.43707,2.8720846
val,M,8.2340975,2.7651896
val,M,7.9747086,3.01112
val,M,7.8003473,2.9611325
val,M,7.7845974,2.7896914
val,M,7.8191113,2.6607103
val,M,7.714139,2.6499577
val,M,7.433542,2.6844842
val,M,7.018083,2.5937114
val,M,6.2435417,2.6266623
val,M,4.7514167,2.736968
val,M,2.9565556,2.6642396
val,M,1.96375,3.4178932
val,M,2.2164445,4.1567283
val,M,3.2007084,3.8439817
val,M,4.4388194,2.6738877
val,M,5.6645,2.7488472
val,M,6.672694,2.8236375
val,M,7.4893475,2.8569381
val,M,7.9713335,2.8612652
val,M,8.175222,2.7630084
val,M,8.330389,2.7662416
val,M,8.408055,2.7809608
val,M,8.385472,2.8425999
val,M,8.2849865,2.6975813
val,M,7.939833,2.6856635
val,M,7.1786666,2.7191074
val,M,6.1448054,2.7600791
val,M,4.8181806,2.7229538
val,M,3.0858195,2.6987514
val,M,1.4056945,2.666565
val,M,0.4100972,2.6278746
val,M,0.0785,2.5423439
val,M,0.016305555,2.5789886
val,M,0.013097222,2.549255
val,M,0.0109583335,2.6666822
val,M,0.010305556,2.7237535
val,M,0.009986111,2.7850974
val,M,0.011083334,2.6677425
val,M,0.013597222,2.7332902
val,M,0.014,2.72259
val,M,0.014041667,2.7358675
val,M,0.013819444,2.837892
val,M,0.013625,2.7633612
val,M,0.01761111,2.6159241
val,M,0.020402778,4.829387
val,M,0.017013889,3.8973708
val,M,0.016375,2.6355455
val,M,0.023569444,2.742929
val,M,0.18595834,2.550323
val,M,0.8161944,2.709794
val,M,2.317486,2.738996
val,M,4.5279307,2.9964752
val,M,7.010847,3.427507
val,M,9.4858055,2.9017859
val,M,11.05325,2.952222
val,M,11.537139,3.8191772
val,M,11.596986,3.3213615
val,M,11.016347,2.813888
val,M,9.645139,2.9224129
val,M,7.921403,3.0640342
val,M,6.711583,3.6143827
val,M,6.2792363,4.2313137
val,M,6.4852223,2.843787
val,M,7.1535,2.9812107
val,M,7.6980834,3.3106046
val,M,8.134791,3.2463298
val,M,8.651167,3.039426
val,M,9.184014,3.2888994
val,M,9.590722,3.215117
val,M,9.755222,3.2084246
val,M,9.669444,3.162277
val,M,9.525056,3.041865
val,M,9.436389,2.9327364
val,M,9.450167,2.8683186
val,M,9.551625,2.781829
val,M,9.60975,2.7779117
val,M,9.513014,2.766792
val,M,9.267292,2.7347083
val,M,8.860403,2.648234
val,M,8.310111,2.8496895
val,M,7.8503613,3.4862115
val,M,7.624181,3.8686445
val,M,7.3686666,3.1783233
val,M,6.6246667,2.6516972
val,M,5.6760554,2.2941315
val,M,5.2679863,2.6581628
val,M,5.5075555,2.4405317
val,M,6.031264,2.5559657
val,M,6.6866527,2.7261243
val,M,7.2676945,2.751478
val,M,7.499292,2.7343357
val,M,7.505736,2.7933464
val,M,7.4990277,4.28182
val,M,7.7046943,4.566736
val,M,8.126778,4.18027
val,M,8.372097,4.3281446
val,M,8.170472,3.6924748
val,M,7.543208,3.0596702
val,M,6.4261527,2.8121867
val,M,5.0735974,3.1129906
val,M,3.99,3.5935307
val,M,3.6665,2.8157678
val,M,4.3815,2.7334976
val,M,5.511139,3.0413108
val,M,6.468,3.5400238
val,M,7.228611,4.2176867
val,M,7.7884307,3.812872
val,M,8.102028,3.1155272
val,M,8.303111,3.1647868
val,M,8.463458,3.606817
val,M,8.488361,3.3384886
val,M,8.471708,3.2705946
val,M,8.466042,2.775535
val,M,8.444292,2.8214636
val,M,8.43032,2.7370582
val,M,8.471861,2.9959173
val,M,8.558986,2.8914917
val,M,8.622541,2.965591
val,M,8.659236,3.1309016
val,M,8.734347,3.0781333
val,M,8.862208,3.2132633
val,M,8.935236,2.829225
val,M,8.8769865,2.5003557
val,M,8.7095,2.9952602
val,M,8.61925,3.5823889
val,M,8.613875,3.9389095
val,M,8.635195,3.7915814
val,M,8.735111,3.3799903
val,M,8.920569,2.9105842
val,M,9.160861,3.122097
val,M,9.277638,3.1213536
val,M,9.221097,2.9427934
val,M,9.116834,3.681302
val,M,9.050487,2.981094
val,M,9.074041,3.09155
val,M,9.152291,3.6174042
val,M,9.079348,4.175815
val,M,8.438708,3.438239
val,M,7.045528,2.9603584
val,M,5.395347,2.9064817
val,M,4.354139,3.062265
val,M,4.5051665,3.918364
val,M,5.4050417,2.9598753
val,M,6.264389,2.973372
val,M,6.568403,3.1410556
val,M,6.2882915,3.0641315
val,M,5.400764,3.799457
val,M,3.6575277,5.5234895
val,M,2.2045,2.7315478
val,M,2.1069028,3.0499768
val,M,2.827625,3.0581102
val,M,3.8459582,3.2557294
val,M,5.115111,3.1401536
val,M,6.123764,2.8941994
val,M,6.517097,2.8719926
val,M,6.5980554,4.820768
val,M,6.4128056,4.014049
val,M,5.519111,5.3402963
val,M,3.9838471,5.0248265
val,M,2.6726806,4.3745794
val,M,1.5850278,2.7644286
val,M,0.58608335,2.7907622
val,M,0.17130555,2.854845
val,M,0.29240277,2.8872201
val,M,0.55344445,3.0170472
val,M,0.70929164,3.0146418
val,M,0.7973889,3.3845994
val,M,0.73909724,2.75705
val,M,0.55205554,4.1170692
val,M,0.39894444,3.4505258
val,M,0.2561389,2.6343086
val,M,0.10547222,2.7387445
val,M,0.091569446,3.212616
val,M,0.29934722,3.6622286
val,M,0.6792361,3.4880617
val,M,1.2844445,3.2686818
val,M,2.1145418,3.481152
val,M,2.9322777,2.9909825
val,M,3.6950972,2.9395843
val,M,4.573125,3.3482466
val,M,5.425875,4.8760753
val,M,6.073,3.9386752
val,M,6.247958,2.8288703
val,M,5.861,2.8992052
val,M,4.9880137,3.5254674
val,M,4.1650696,4.492025
val,M,4.0520415,3.7317667
val,M,4.677403,3.3303804
val,M,5.56875,2.908503
val,M,6.117236,2.8308268
val,M,6.1208057,2.777462
val,M,5.41275,3.04748
val,M,4.125875,2.9909735
val,M,2.484986,3.2630582
val,M,0.8510278,3.0828016
val,M,0.07473611,2.9969068
val,M,0.012166667,2.96973
val,M,0.023125,2.7544913
val,M,0.17904167,2.6174767
val,M,0.4222361,2.8545775
val,M,0.65509725,2.8702912
val,M,1.3134028,2.9816353
val,M,2.5309584,2.9488516
val,M,4.045833,3.0702689
val,M,5.628625,3.4185424
val,M,6.9654584,3.7486577
val,M,7.9646807,4.486962
val,M,8.6090975,3.55128
val,M,8.805403,3.695643
val,M,8.7086115,2.919855
val,M,8.566083,3.5518057
val,M,8.402625,3.7640457
val,M,7.875,2.9511409
val,M,7.007,3.3346298
val,M,6.457889,3.1376853
val,M,6.373764,3.2031968
val,M,6.5785832,3.3765883
val,M,7.155958,3.0731654
val,M,7.837736,2.719419
val,M,8.382639,2.8046045
val,M,8.722652,2.904945
val,M,8.79657,2.8263273
val,M,8.824458,2.6554518
val,M,8.945639,2.605535
val,M,9.165611,2.6604242
val,M,9.490084,2.631041
val,M,9.811152,2.601074
val,M,9.93475,2.5913725
val,M,9.883597,2.573894
val,M,9.694445,2.5966897
val,M,9.474778,2.6903706
val,M,9.335292,2.6249428
val,M,9.251069,2.6451464
val,M,9.259361,2.619645
val,M,9.389986,2.6265154
val,M,9.595222,2.648559
val,M,9.817306,2.5937471
val,M,9.969209,2.625739
val,M,10.236555,2.653002
val,M,10.690639,2.644678
val,M,11.031375,2.603497
val,M,11.129903,2.6071596
val,M,11.088708,2.6039484
val,M,11.036403,2.6187685
val,M,10.964222,2.6298492
val,M,10.888917,2.650654
val,M,10.814,2.6555245
val,M,10.722917,2.6620998
val,M,10.654542,2.6174045
val,M,10.608139,2.6689367
val,M,10.528028,2.6529803
val,M,10.36257,2.6096044
val,M,10.016861,2.5976717
val,M,9.236153,2.6316886
val,M,8.052889,2.609697
val,M,6.860014,2.6851032
val,M,5.880014,2.6591196
val,M,5.341639,2.612081
val,M,5.5424724,2.6993446
val,M,6.2964306,2.6265578
val,M,6.9945,2.6480742
val,M,7.488639,2.6599274
val,M,7.6113057,2.6361568
val,M,7.1604304,2.600638
val,M,6.4085555,2.6242533
val,M,5.3081803,2.6391242
val,M,3.9014444,5.7499146
val,M,2.7396944,6.8815007
val,M,2.2240834,6.9201655
val,M,2.185986,4.136949
val,M,2.0126944,3.6288605
val,M,1.3004861,2.96276
val,M,0.43658334,3.4878855
val,M,0.12970833,3.242066
val,M,0.56470835,3.9765618
val,M,0.9900278,3.4534411
val,M,1.1983056,6.8378835
val,M,1.3998333,4.2753754
val,M,1.2782084,3.7416
val,M,0.82725,3.6353388
val,M,0.3378889,3.890623
val,M,0.39991668,4.0083613
val,M,1.1755834,3.6063404
val,M,2.230986,3.4700925
val,M,3.5508332,3.4292712
val,M,5.1087084,2.8504043
val,M,6.3750696,4.155656
val,M,7.1323195,4.6336884
val,M,7.5504723,3.6066918
val,M,7.671764,3.8426685
val,M,7.2368054,3.736252
val,M,6.3061943,3.94033
val,M,5.1036806,4.1649427
val,M,3.594,3.6981735
val,M,1.9577639,4.014004
val,M,0.626,4.0829577
val,M,0.21931945,3.4579802
val,M,0.59781945,3.5755074
val,M,1.1495694,3.8841457
val,M,2.1202638,2.8993044
val,M,3.4806528,3.1086738
val,M,5.005764,3.7695446
val,M,6.498653,2.9692624
val,M,7.6320972,3.0972257
val,M,8.408195,3.074408
val,M,8.746486,2.8919468
val,M,8.823916,2.7869394
val,M,8.945125,2.8005304
val,M,9.049903,3.0090175
val,M,9.123055,3.126689
val,M,9.301333,3.055736
val,M,9.524583,2.819636
val,M,9.6975975,2.8012438
val,M,9.759,4.3071175
val,M,9.697403,4.633232
val,M,9.538514,3.6393907
val,M,9.342417,2.8806162
val,M,9.169194,2.9150314
val,M,9.067,2.9818466
val,M,9.060028,3.5887623
val,M,9.097777,3.5232272
val,M,9.147056,3.3366213
val,M,9.1965,3.64088
val,M,9.279403,3.5825968
val,M,9.380639,3.397746
val,M,9.452153,3.0505815
val,M,9.393264,3.3594654
val,M,9.2884865,3.6357768
val,M,9.233681,3.2938523
val,M,9.172042,3.4250104
val,M,9.1245,3.244782
val,M,9.088153,3.0236287
val,M,9.048333,3.117134
val,M,9.023361,3.1035664
val,M,9.053972,3.1157355
val,M,9.126847,3.7152834
val,M,9.1775,3.4420447
val,M,9.178403,3.1740048
val,M,9.136416,3.4786444
val,M,9.115723,3.6370597
val,M,9.025639,3.0555232
val,M,8.674681,2.7194312
val,M,8.011945,2.5392787
val,M,7.154736,3.0486243
val,M,6.191361,3.3714435
val,M,4.945375,3.7305174
val,M,3.572639,4.51856
val,M,2.9865556,5.779476
val,M,3.7415695,4.088186
val,M,5.175875,8.307876
val,M,6.4806805,5.8232174
val,M,7.3973613,2.9980538
val,M,8.00175,3.2886257
val,M,8.488889,4.463465
val,M,8.597569,3.7429123
val,M,7.4766946,3.833686
val,M,5.107375,2.981581
val,M,2.2410972,2.9340596
val,M,0.38466668,2.7217383
val,M,0.016347222,4.202265
val,M,0.014986111,2.9468346
val,M,0.016361112,2.747964
val,M,0.016305555,2.8986964
val,M,0.0165,2.799598
val,M,0.023402778,2.8026214
val,M,0.04826389,2.7914882
val,M,0.05666667,2.9231386
val,M,0.033291668,3.0821478
val,M,0.023611112,3.1379435
val,M,0.023277778,3.4666462
val,M,0.022166668,3.252912
val,M,0.025375,3.254904
val,M,0.022444444,3.1625292
val,M,0.021583334,3.7103724
val,M,0.019347223,3.4715834
val,M,0.016680555,3.1876519
val,M,0.019541666,3.1446657
val,M,0.01661111,3.0158248
val,M,0.013694445,2.8597264
val,M,0.015194444,2.9731066
val,M,0.022194445,2.8004947
val,M,0.21222222,2.9624987
val,M,1.1478056,3.0990636
val,M,2.9156806,2.9126258
val,M,4.7905416,2.7333555
val,M,6.315653,2.8423252
val,M,7.401528,3.0289571
val,M,8.220612,2.8859215
val,M,8.804402,3.8011937
val,M,9.076361,3.95782
val,M,9.260403,2.8285475
val,M,9.52925,2.8226376
val,M,9.856542,2.8393168
val,M,10.151694,3.1429176
val,M,10.441042,3.0379314
val,M,10.68218,3.059803
val,M,10.876403,3.5125923
val,M,11.024875,3.3995612
val,M,11.0587225,3.4915328
val,M,11.076305,3.779268
val,M,11.0992365,5.2745833
val,M,11.086291,6.2644777
val,M,11.091861,5.0252323
val,M,11.103278,5.0569296
val,M,11.159862,4.3774486
val,M,11.250375,4.2007585
val,M,11.216625,4.114591
val,M,11.120361,4.1258826
val,M,11.08182,4.3050575
val,M,11.065861,4.664409
val,M,11.049319,4.872495
val,M,11.02625,4.687227
val,M,11.084833,3.4018724
val,M,11.242778,3.4652119
val,M,11.402611,3.2738104
val,M,11.515917,2.7676315
val,M,11.5761385,2.5486622
val,M,11.573806,2.637464
val,M,11.508958,2.7922633
val,M,11.4025,2.6945615
val,M,11.153556,3.049891
val,M,10.804528,2.7507071
val,M,10.276514,3.300436
val,M,9.344264,3.3064086
val,M,8.179625,3.941666
val,M,7.024389,3.3488774
val,M,6.0179305,3.4464731
val,M,5.3833055,4.4295993
val,M,5.562861,4.899138
val,M,6.402889,4.6113153
val,M,7.365972,3.871499
val,M,8.230445,3.449112
val,M,8.744333,3.7260537
val,M,8.948334,3.4134989
val,M,9.07875,3.3184237
val,M,9.168236,4.399217
val,M,9.210486,4.038489
val,M,9.262959,4.6201377
val,M,9.306056,4.236383
val,M,9.266292,3.3225148
val,M,9.180458,3.783193
val,M,9.094209,4.7069793
val,M,8.954945,4.414017
val,M,8.643598,3.5008705
val,M,8.015708,3.35677
val,M,7.172458,3.4239879
val,M,6.251167,4.87852
val,M,5.5090833,4.4002547
val,M,5.318125,3.579294
val,M,5.813542,4.552245
val,M,6.6850557,4.101439
val,M,7.462222,4.6996107
val,M,7.9895554,3.4329169
val,M,8.284403,3.7669861
val,M,8.414763,4.143677
val,M,8.519903,3.4549026
val,M,8.489625,3.6404076
val,M,8.15268,4.7181277
val,M,7.558542,5.841381
val,M,6.76475,6.5605516
val,M,5.537264,3.143793
val,M,4.2958474,4.2473288
val,M,4.387764,4.868715
val,M,5.564708,3.912003
val,M,6.5411944,3.8298106
val,M,7.093972,2.7983737
val,M,7.484139,3.5899088
val,M,7.780972,3.7039707
val,M,8.008278,3.3328128
val,M,8.234278,4.0613303
val,M,8.425333,4.2038646
val,M,8.5135975,4.3588023
val,M,8.568444,4.0504694
val,M,8.614486,4.491944
val,M,8.615861,5.4646935
val,M,8.580222,4.017492
val,M,8.442625,4.0434527
val,M,8.108764,3.7445447
val,M,7.774139,3.72768
val,M,7.589778,4.218472
val,M,7.3380556,3.1925027
val,M,6.984125,3.6280859
val,M,6.8565693,3.7230816
val,M,7.085889,3.3614316
val,M,7.337125,3.7846162
val,M,7.1278334,3.274963
val,M,6.144639,3.4541354
val,M,4.666403,4.68582
val,M,3.3567917,4.4028926
val,M,2.9878612,3.027287
val,M,3.6715555,4.1798625
val,M,4.765986,3.8406777
val,M,5.7710557,3.405973
val,M,6.558264,3.2758322
val,M,7.108556,2.950811
val,M,7.341236,3.361846
val,M,7.4251804,4.2461367
val,M,7.477125,6.2731776
val,M,7.39375,6.553511
val,M,7.234125,5.8115473
val,M,7.1213193,3.2561033
val,M,7.087861,2.9025846
val,M,7.2691946,3.0839777
val,M,7.660028,3.003605
val,M,8.034528,3.0076385
val,M,8.182847,3.0996447
val,M,8.118278,3.252169
val,M,8.034778,3.08876
val,M,8.019889,3.6711397
val,M,8.041041,3.648739
val,M,8.031806,4.3944774
val,M,7.9343057,4.5010004
val,M,7.8069167,4.4866414
val,M,7.690861,3.2495654
val,M,7.5235276,3.2306867
val,M,7.3452363,3.0886848
val,M,7.1335692,5.1073003
val,M,7.1157637,5.957148
val,M,7.324139,4.6379714
val,M,7.5521946,3.2601893
val,M,7.805611,3.3833003
val,M,7.988153,3.3265934
val,M,8.182806,3.18425
val,M,8.339861,3.0529487
val,M,8.394597,3.0866742
val,M,8.417139,3.4507287
val,M,8.475417,3.0212746
val,M,8.429361,3.391413
val,M,8.310389,3.7065516
val,M,8.333458,3.1324701
val,M,8.30243,3.378166
val,M,8.141125,3.7530613
val,M,7.8543057,2.9331756
val,M,7.196014,2.93001
val,M,5.8125415,3.904882
val,M,4.0930696,3.2636223
val,M,2.749389,3.2705429
val,M,1.7598472,3.352116
val,M,0.91205555,3.1691446
val,M,0.30104166,3.2100992
val,M,0.08234722,3.4085054
val,M,0.042930555,3.3620155
val,M,0.10051389,2.8539088
val,M,0.70579165,2.7937398
val,M,1.8578889,2.6025124
val,M,3.0719721,2.4983947
val,M,4.3850417,2.5073638
val,M,5.922042,2.7519784
val,M,7.3203473,2.704823
val,M,8.144903,2.8367603
val,M,8.522181,3.1572974
val,M,8.733833,2.8597102
val,M,8.632431,2.9303353
val,M,8.278597,3.108107
val,M,7.9209027,3.0314848
val,M,7.6352224,2.7295375
val,M,7.405972,2.6827846
val,M,7.129611,2.7345982
val,M,6.6242085,2.6544192
val,M,5.7755,2.6423023
val,M,4.663111,2.7554045
val,M,3.650889,2.709338
val,M,3.6319723,2.7597866
val,M,4.6376944,2.756877
val,M,5.7510834,2.670515
val,M,6.6968193,2.7014704
val,M,7.3668194,2.7032983
val,M,7.7001805,2.7061064
val,M,7.905972,2.6666436
val,M,8.136167,2.7070682
val,M,8.318,2.665529
val,M,8.201861,2.6504197
val,M,7.812847,2.619264
val,M,7.430125,2.6632688
val,M,7.050764,2.6177764
val,M,6.379903,2.6487207
val,M,5.625167,2.6259704
val,M,5.332986,2.6350358
val,M,5.633236,3.2831404
val,M,6.3290973,2.7354646
val,M,6.816361,2.4872563
val,M,6.8749166,2.4725952
val,M,7.0012918,3.479243
val,M,7.3793335,3.5933619
val,M,7.560403,3.0333474
val,M,7.023389,2.71067
val,M,6.1523056,2.6286407
val,M,5.4262915,2.7082055
val,M,4.632361,2.9416142
val,M,3.7331667,3.4372833
val,M,2.8780694,3.2538686
val,M,2.088625,2.6756597
val,M,1.4080139,2.5391626
val,M,0.7966528,2.920478
val,M,0.30991668,2.9294338
val,M,0.072402775,3.0884593
val,M,0.017444445,3.4630775
val,M,0.15118055,3.3327851
val,M,0.55472225,3.6107838
val,M,1.0019306,3.790792
val,M,1.1824583,3.6865878
val,M,1.1873194,2.9038768
val,M,1.1669861,2.9138157
val,M,1.1067083,2.7893214
val,M,0.8769583,2.742284
val,M,0.36019444,2.7058623
val,M,0.023388889,2.4946446
val,M,0.011652778,2.743474
val,M,0.013875,2.6576085
val,M,0.015291667,3.0103402
val,M,0.015402778,2.7405348
val,M,0.017444445,2.5620708
val,M,0.015486111,2.623978
val,M,0.013166667,2.679862
val,M,0.081375,2.716886
val,M,0.61215276,2.953004
val,M,1.9022917,3.098753
val,M,3.4877777,2.9897938
val,M,5.098514,2.810557
val,M,6.660486,2.9297733
val,M,7.734,3.2207224
val,M,8.177347,3.2630503
val,M,8.248972,3.328003
val,M,8.174861,2.8529267
val,M,8.060181,2.7299933
val,M,8.095583,2.6695614
val,M,8.190792,2.7441895
val,M,8.251375,2.863715
val,M,8.382139,2.7747226
val,M,8.513389,2.8289323
val,M,8.578278,3.152794
val,M,8.4829445,2.978014
val,M,7.8090973,2.8466234
val,M,6.561458,2.7625356
val,M,5.582625,2.7523193
val,M,5.3625555,2.6185832
val,M,5.7920556,2.512916
val,M,6.573111,2.6688757
val,M,7.296597,2.6574726
val,M,8.041862,2.67336
val,M,8.815473,2.8100731
val,M,9.180764,2.8453536
val,M,9.060264,2.7367442
val,M,8.626722,2.7521968
val,M,8.0072365,2.7704546
val,M,7.152097,2.7931476
val,M,6.034347,2.741188
val,M,5.2506804,2.7543635
val,M,5.669889,2.7105699
val,M,6.9049306,2.7039843
val,M,7.887542,2.7052078
val,M,8.349736,2.7414489
val,M,8.424833,2.6613064
val,M,8.291959,2.7074132
val,M,8.03818,2.692706
val,M,7.688542,2.6587632
val,M,7.363764,2.705953
val,M,6.973111,2.6568043
val,M,6.440236,2.6424391
val,M,6.2629304,3.1793084
val,M,6.620264,5.6838713
val,M,7.121611,5.7391334
val,M,7.5575275,4.69397
val,M,7.9135,4.3380575
val,M,8.219055,5.1962223
val,M,8.454264,4.7237897
val,M,8.492903,2.8455505
val,M,8.391903,2.6016965
val,M,8.36625,2.5378642
val,M,8.395736,2.6965861
val,M,8.420875,2.951127
val,M,8.410973,2.959739
val,M,8.365292,2.4875083
val,M,8.137362,2.547784
val,M,7.339958,2.7687905
val,M,5.8263474,3.3757286
val,M,3.988,3.6062021
val,M,2.3055,3.4778354
val,M,1.325875,3.260015
val,M,1.791861,4.0547667
val,M,3.1524584,4.974853
val,M,4.6414723,5.7654743
val,M,6.1950974,5.8112683
val,M,7.5866666,3.8546758
val,M,8.603598,3.0285468
val,M,9.022695,3.742043
val,M,9.118305,3.3814845
val,M,9.383361,3.6787891
val,M,9.933888,3.3677416
val,M,10.608,3.0359035
val,M,11.239278,2.967879
val,M,11.794583,2.9260254
val,M,12.212931,3.7415652
val,M,12.299945,3.4257848
val,M,12.1095,2.9948645
val,M,11.842972,3.1887214
val,M,11.576263,3.078111
val,M,11.322847,3.6431167
val,M,11.082653,2.483684
val,M,10.796861,2.5826554
val,M,10.518403,2.7430959
val,M,10.424541,3.1317124
val,M,10.410486,3.5799215
val,M,10.275097,2.8983889
val,M,9.983014,3.677915
val,M,9.648666,2.6897728
val,M,9.300292,2.759344
val,M,8.679139,2.782105
val,M,8.773861,2.6521513
val,M,9.361611,3.3399382
val,M,9.572653,2.6925285
val,M,9.871458,2.318791
val,M,10.082152,2.4779668
val,M,10.171987,2.5260746
val,M,10.160347,2.7840977
val,M,10.110444,3.8092043
val,M,10.092722,3.9728804
val,M,10.075764,4.286898
val,M,10.088611,3.197011
val,M,10.106625,2.6544418
val,M,10.063806,2.785239
val,M,10.048805,2.7522097
val,M,10.158028,3.2197814
val,M,10.280097,3.6390793
val,M,10.361625,3.6456766
val,M,10.443097,2.9488235
val,M,10.497027,2.8551407
val,M,10.453819,2.942452
val,M,10.242583,2.9862828
val,M,9.852208,3.2442503
val,M,9.30375,2.9905531
val,M,8.515805,3.0824223
val,M,7.5610695,3.2853982
val,M,6.5168056,2.6015
val,M,5.4019446,2.6229987
val,M,4.2610974,2.9038372
val,M,3.0380416,2.884902
val,M,2.5851943,2.8805447
val,M,3.5503888,2.7983224
val,M,5.1541667,3.316257
val,M,6.2765694,3.4205313
val,M,6.709417,2.9779196
val,M,6.856347,3.256625
val,M,6.862056,2.8133955
val,M,6.515681,3.0938418
val,M,5.8840833,3.0731115
val,M,5.739097,3.1330857
val,M,6.4270835,2.9202611
val,M,7.585986,2.8395052
val,M,8.900875,2.9189487
val,M,10.261416,3.1283083
val,M,11.629153,3.5437734
val,M,12.914056,2.9184327
val,M,13.842597,2.8479228
val,M,14.411195,3.88726
val,M,14.782945,2.9332278
val,M,14.791833,2.7527914
val,M,14.367778,2.874995
val,M,13.838166,3.0548928
val,M,13.41518,2.7956576
val,M,13.082292,2.9214413
val,M,12.800487,3.0166216
val,M,12.540334,2.7267444
val,M,12.568139,2.7096875
val,M,12.4805,2.947529
val,M,12.211,3.6972685
val,M,12.257097,2.9821513
val,M,12.488597,2.775421
val,M,12.811542,3.1905951
val,M,13.143791,2.9094157
val,M,13.426361,2.7676811
val,M,13.538362,2.9177084
val,M,13.333555,2.920229
val,M,12.865472,2.6518164
val,M,12.448319,2.7173417
val,M,12.347055,2.7086964
val,M,12.447958,2.8120341
val,M,12.591278,2.772452
val,M,12.693431,2.770825
val,M,12.73257,2.7894742
val,M,12.7439165,2.7746751
val,M,12.6333885,2.7535596
val,M,12.534306,2.7794366
val,M,12.56475,2.889557
val,M,12.5951805,2.739945
val,M,12.624945,2.833222
val,M,12.6495,2.9697227
val,M,12.659805,2.756483
val,M,12.67175,2.7929726
val,M,12.640833,3.1478815
val,M,12.634945,3.4048867
val,M,12.6721945,3.4283788
val,M,12.666195,3.5693042
val,M,12.678667,3.136726
val,M,12.686861,2.8036976
val,M,12.665806,4.5302386
val,M,12.695639,4.53015
val,M,12.701597,3.4617093
val,M,12.703222,2.7746606
val,M,12.712708,2.7589347
val,M,12.716486,2.7153893
val,M,12.708931,2.7588122
val,M,12.71568,2.9597402
val,M,12.720861,2.655332
val,M,12.701472,2.6682563
val,M,12.683153,2.976842
val,M,12.505944,3.0768735
val,M,12.501333,3.257418
val,M,12.668153,2.9098895
val,M,12.728444,2.8090134
val,M,12.732417,2.9437778
val,M,12.703639,3.307803
val,M,12.694041,3.7894359
val,M,12.633736,3.9610062
val,M,12.630013,3.3073
val,M,12.676528,2.762537
val,M,12.695653,2.7352078
val,M,12.690875,2.684308
val,M,12.678416,2.7156823
val,M,12.662222,2.5769854
val,M,12.643319,2.4769917
val,M,12.622222,2.3510737
val,M,12.587,2.335176
val,M,12.561791,2.397779
val,M,12.526111,2.399219
val,M,12.5009165,2.4554706
val,M,12.532598,2.5384912
val,M,12.565763,2.9643009
val,M,12.577958,2.9578333
val,M,12.554402,5.139088
val,M,12.535944,6.2401385
val,M,12.576083,4.478996
val,M,12.599792,4.4695563
val,M,12.590611,4.8102407
val,M,12.605208,4.8462434
val,M,12.649542,4.6348586
val,M,12.712639,3.794994
val,M,12.723194,2.6654363
val,M,12.722625,4.6041913
val,M,12.736986,4.8880377
val,M,12.736917,3.9733782
val,M,12.727305,5.4536996
val,M,12.715138,4.118253
val,M,12.73575,2.8664222
val,M,12.691305,2.8206894
val,M,12.338278,2.728972
val,M,11.614611,2.7095428
val,M,10.513945,2.7442827
val,M,9.133014,2.6816053
val,M,7.8049445,2.6385307
val,M,6.757639,2.71433
val,M,6.2150416,3.1006417
val,M,6.453889,2.802943
val,M,7.304639,2.7938175
val,M,8.564806,2.796331
val,M,9.959778,2.832235
val,M,11.050167,2.787995
val,M,11.71875,2.8133407
val,M,12.000112,2.818062
val,M,12.071806,2.5616977
val,M,12.237833,2.5452955
val,M,12.9007225,2.573317
val,M,13.884375,2.5874295
val,M,14.6055,2.6389718
val,M,14.887875,2.6684496
val,M,14.834833,2.790296
val,M,14.856736,2.9531221
val,M,14.96175,2.7196448
val,M,15.109,2.593331
val,M,15.414361,2.7129517
val,M,15.795278,2.9210334
val,M,16.121166,2.4897034
val,M,16.187195,2.6959467
val,M,16.209625,2.6349325
val,M,16.267597,2.7619643
val,M,16.305222,2.7007332
val,M,16.528097,2.5917473
val,M,16.959959,2.884451
val,M,17.325514,2.9708767
val,M,17.467348,3.1176286
val,M,17.482931,3.0600538
val,M,17.473846,3.0983934
val,M,17.468027,3.4188604
val,M,17.456903,2.5329206
val,M,17.387403,2.051093
val,M,17.230541,2.0587637
val,M,17.161152,2.0356915
val,M,17.230888,2.0665007
val,M,17.106056,2.6067023
val,M,16.524542,2.6018324
val,M,15.646569,2.296667
val,M,14.635625,2.4532218
val,M,13.52225,2.5293827
val,M,12.326403,2.3177369
val,M,11.104847,2.5976853
val,M,9.915472,2.5396366
val,M,8.699778,2.539497
val,M,7.63775,2.4520023
val,M,6.6166945,2.3805647
val,M,5.885208,2.6896477
val,M,5.850264,2.8663201
val,M,6.3443613,2.84597
val,M,6.978,2.844941
val,M,7.249403,3.1793556
val,M,7.1690555,3.4783337
val,M,7.159986,3.6107554
val,M,7.3893332,3.0386796
val,M,7.8178887,2.9290695
val,M,8.347292,3.075431
val,M,8.667389,2.982251
val,M,8.844084,3.1711469
val,M,9.1115,3.0670614
val,M,9.542486,2.8443336
val,M,10.075375,2.9237988
val,M,10.718153,3.028483
val,M,11.417431,3.2048762
val,M,11.841653,2.960839
val,M,11.985791,2.8733313
val,M,11.98625,2.9242475
val,M,11.915694,3.0992365
val,M,11.902917,3.1855116
val,M,11.972167,2.879696
val,M,12.146903,3.0407338
val,M,12.429375,2.8404322
val,M,12.615375,2.8192797
val,M,12.658972,2.6379719
val,M,12.605833,2.6461625
val,M,12.475625,2.6293201
val,M,12.213514,3.018928
val,M,11.785139,2.9386473
val,M,11.341194,2.7733688
val,M,10.900403,2.8501165
val,M,10.281458,2.6968856
val,M,9.379125,2.5205398
val,M,8.185041,2.4332242
val,M,7.0351667,2.5788188
val,M,6.2725973,2.5685797
val,M,6.0100694,2.6389608
val,M,6.3480277,3.1078916
val,M,6.860306,2.964282
val,M,7.1842084,2.769308
val,M,7.542778,2.9000607
val,M,8.047055,2.8665967
val,M,8.549889,2.8723674
val,M,8.794139,2.8235986
val,M,8.729097,2.5011525
val,M,8.627375,2.4714637
val,M,8.644611,2.3521757
val,M,8.7236805,4.051025
val,M,8.67857,4.6136994
val,M,8.654667,5.1534524
val,M,9.143945,4.774907
val,M,10.252236,3.3834002
val,M,11.466181,3.7710743
val,M,12.291041,2.968948
val,M,12.502736,2.9338822
val,M,12.257139,4.1737027
val,M,11.938431,3.243493
val,M,11.663597,2.749537
val,M,11.417556,3.496891
val,M,11.213847,3.3672276
val,M,11.2636385,2.8051264
val,M,11.728986,2.7386022
val,M,12.284041,3.149516
val,M,12.659028,3.1819153
val,M,12.975486,3.3144627
val,M,13.3891115,3.0416503
val,M,13.916903,2.6476507
val,M,14.384152,2.7907543
val,M,14.6165,3.0902672
val,M,14.528861,3.1111052
val,M,14.232041,2.7501144
val,M,13.745958,3.1838567
val,M,13.019931,2.7193248
val,M,12.540847,2.5852907
val,M,12.573764,2.7133877
val,M,13.025611,2.8053374
val,M,13.721264,2.8039212
val,M,14.393194,2.7133255
val,M,14.8619585,2.759286
val,M,15.015625,2.7541418
val,M,15.114639,2.8034854
val,M,15.234389,2.9420543
val,M,15.158986,2.8222508
val,M,14.895194,2.895045
val,M,14.571111,2.7584915
val,M,14.327958,3.0520554
val,M,14.124125,3.0771046
val,M,13.89082,3.5163906
val,M,13.785097,3.0200396
val,M,13.707778,3.0827343
val,M,13.564986,2.9382575
val,M,13.542791,3.0258968
val,M,13.473708,2.8606904
val,M,13.26057,2.799709
val,M,13.0512085,3.7999763
val,M,12.831083,3.5250254
val,M,12.28457,3.404853
val,M,11.268,3.3803937
val,M,9.800195,3.2378924
val,M,8.4123335,2.906405
val,M,7.443,3.1240015
val,M,6.399611,2.9853153
val,M,5.641972,2.7212296
val,M,5.7129025,3.2511268
val,M,6.5661387,2.9185383
val,M,7.791042,2.8453224
val,M,8.98757,2.7704854
val,M,9.935875,3.1231337
val,M,10.366458,3.0581956
val,M,10.505222,3.138071
val,M,10.722986,2.8261733
val,M,10.866944,2.6310701
val,M,10.95825,2.6460922
val,M,11.145847,3.1319046
val,M,11.365209,2.6868558
val,M,11.420819,2.705085
val,M,11.395403,2.6330237
val,M,11.609847,2.838889
val,M,12.049681,3.1226568
val,M,12.424528,3.4795527
val,M,12.612514,3.5212817
val,M,13.144459,3.2518597
val,M,14.59332,2.7665844
val,M,16.67289,2.6825924
val,M,18.51782,3.045691
val,M,19.319,2.8946967
val,M,18.905,2.8107748
val,M,17.608583,3.0413308
val,M,15.889833,3.010961
val,M,13.98268,3.0905895
val,M,12.046445,3.1573195
val,M,10.77525,2.8560386
val,M,10.648014,2.6565602
val,M,11.547014,2.6993375
val,M,13.271986,2.5391695
val,M,15.352986,2.6874838
val,M,16.988111,2.7473137
val,M,17.796223,2.6977415
val,M,18.11425,2.9713678
val,M,18.283445,2.9790087
val,M,17.640638,2.8755283
val,M,15.731431,3.0146885
val,M,13.124945,2.9627907
val,M,10.372694,2.6753159
val,M,8.407598,2.7805278
val,M,8.026444,2.8307772
val,M,9.203972,2.8882675
val,M,11.216639,4.126598
val,M,13.312056,5.5243
val,M,15.199417,4.485008
val,M,16.664347,4.52656
val,M,17.805084,5.2835684
val,M,18.383667,3.7321253
val,M,18.344723,2.8323267
val,M,18.11618,2.8325994
val,M,17.8645,2.820148
val,M,17.510471,3.3416004
val,M,17.072624,3.2787833
val,M,16.7545,3.189756
val,M,16.564611,3.4015636
val,M,16.411444,2.8774934
val,M,16.530083,2.9903345
val,M,17.005917,2.8692064
val,M,17.577042,3.016941
val,M,18.130875,3.0046144
val,M,18.628819,2.8989086
val,M,19.067778,2.959303
val,M,19.49457,2.8592873
val,M,19.849485,2.9287603
val,M,20.152973,2.935347
val,M,20.942486,3.2468305
val,M,22.215097,2.751132
val,M,23.423277,2.6804094
val,M,23.219084,2.7533412
val,M,18.30961,2.6382337
val,M,10.316361,2.6244473
val,M,6.0251946,2.8857656
val,M,6.5980554,2.7993164
val,M,9.078667,2.908028
val,M,11.715875,2.9229903
val,M,13.93932,2.8778505
val,M,16.06046,2.7717276
val,M,17.975111,2.6816955
val,M,19.61632,2.8373864
val,M,21.178305,3.2812111
val,M,22.668306,3.09335
val,M,22.521402,2.932749
val,M,17.664486,2.8843212
val,M,10.297597,2.9643705
val,M,6.611514,2.9122462
val,M,7.092167,2.8185372
val,M,8.231389,2.7829728
val,M,8.157403,3.0736876
val,M,7.091486,2.9822285
val,M,6.0053196,3.1606288
val,M,5.4912915,2.8162394
val,M,6.1050835,2.8667514
val,M,7.666611,3.4764476
val,M,9.233152,3.0072496
val,M,11.022695,2.7374907
val,M,13.49457,2.9359636
val,M,15.818653,2.9638221
val,M,17.73889,2.6998026
val,M,19.44182,2.8093808
val,M,20.726723,2.9643815
val,M,21.1475,2.6888127
val,M,19.173084,2.6075568
val,M,17.181194,2.774085
val,M,17.717709,2.6589823
val,M,19.15875,2.5521672
val,M,20.455055,2.4754858
val,M,21.656666,2.401338
val,M,22.274014,2.3729832
val,M,19.773945,2.3475246
val,M,15.761764,2.3644419
val,M,14.419389,2.4237022
val,M,14.604264,2.452536
val,M,14.730778,2.467479
val,M,14.644222,2.4897203
val,M,14.175583,2.5169885
val,M,13.4725,2.5112004
val,M,12.562166,2.5316741
val,M,12.351403,2.5432086
val,M,13.039708,2.555313
val,M,14.068167,2.5618868
val,M,15.093,2.6001678
val,M,15.868639,2.5044353
val,M,16.634903,2.5904152
val,M,17.729597,2.6069326
val,M,18.743,2.6309757
val,M,19.067041,2.5840209
val,M,18.740875,2.5859036
val,M,16.874971,2.5667536
val,M,13.371514,2.5925984
val,M,11.348139,2.5914626
val,M,11.978042,2.588626
val,M,13.491806,2.5815752
val,M,15.028625,2.6008496
val,M,16.408264,2.610405
val,M,17.30325,2.5852237
val,M,17.891834,2.6148272
val,M,18.557888,2.558332
val,M,19.312916,2.5902128
val,M,20.158194,2.584294
val,M,21.067291,2.5648541
val,M,21.900597,2.600716
val,M,22.331528,2.5888875
val,M,22.405987,2.5575943
val,M,21.335209,2.525732
val,M,19.651709,2.5701644
val,M,19.409472,2.5565457
val,M,20.294611,2.6308544
val,M,21.332695,2.9259171
val,M,22.294403,2.986063
val,M,22.259293,2.96216
val,M,18.737055,2.732233
val,M,12.089292,2.7818918
val,M,7.835486,2.9088664
val,M,7.4033613,3.1446671
val,M,7.992722,3.4421928
val,M,8.609167,3.379928
val,M,9.180959,3.2969651
val,M,9.559417,2.578803
val,M,9.684097,3.0622962
val,M,9.999291,2.93394
val,M,10.449195,3.0694227
val,M,10.861861,3.9802337
val,M,11.276347,3.5106282
val,M,11.664278,3.1004956
val,M,11.865583,3.4929962
val,M,11.944639,3.6209676
val,M,11.976084,3.8809013
val,M,11.938042,3.9192812
val,M,11.759958,4.1570115
val,M,11.145097,3.336818
val,M,10.163681,2.9199166
val,M,9.504431,3.237181
val,M,9.51775,3.1914897
val,M,10.033319,2.9972942
val,M,10.856334,2.794797
val,M,11.743597,3.6794796
val,M,12.5830555,3.4065773
val,M,13.426639,3.2846575
val,M,14.317875,3.1103272
val,M,15.17,3.0896869
val,M,16.013195,3.3600183
val,M,16.920652,3.40323
val,M,17.8905,3.2545474
val,M,18.903084,2.8227
val,M,19.669527,2.857841
val,M,20.339931,2.664082
val,M,21.070375,2.7213247
val,M,21.61193,3.3318455
val,M,22.145,3.1555142
val,M,22.795778,2.6846223
val,M,23.487028,2.8004472
val,M,24.049944,2.886806
val,M,23.650152,2.7502246
val,M,19.419834,2.7449412
val,M,12.505972,2.750115
val,M,8.981527,2.7273128
val,M,9.150181,2.7101226
val,M,10.047055,2.651161
val,M,10.95725,2.6925302
val,M,11.6675415,2.671011
val,M,12.180708,2.7289834
val,M,12.546348,2.674274
val,M,12.900556,2.6849666
val,M,13.384819,2.6125147
val,M,13.918014,2.6262302
val,M,14.358514,2.6123824
val,M,14.6484165,2.7093844
val,M,14.680986,2.659683
val,M,14.176681,2.5672197
val,M,13.337528,2.638734
val,M,12.6855,2.6825137
val,M,12.263014,2.692409
val,M,11.764264,2.6259217
val,M,11.394389,2.6223898
val,M,11.28343,2.8028708
val,M,11.117028,2.5790617
val,M,10.741806,2.6576903
val,M,10.316347,2.5234447
val,M,10.318222,2.5659325
val,M,10.779139,2.5867405
val,M,11.423944,2.5387864
val,M,11.999291,2.7539682
val,M,12.494348,2.6029727
val,M,13.032556,2.7402744
val,M,13.436528,2.7226124
val,M,13.494069,2.7992547
val,M,13.328486,2.7010837
val,M,13.187041,2.7007043
val,M,13.046403,2.813981
val,M,12.591236,2.7904081
val,M,12.003902,2.6576996
val,M,11.852486,2.6071463
val,M,12.324639,2.6104498
val,M,13.188569,2.642094
val,M,14.071861,2.5872493
val,M,14.988459,2.6706886
val,M,15.810458,2.6575897
val,M,16.349041,2.7242198
val,M,16.711042,2.767409
val,M,17.089209,2.7108583
val,M,17.56975,2.7018332
val,M,18.046083,2.6062527
val,M,18.266987,2.6588824
val,M,18.18025,2.6331487
val,M,18.305292,2.6190772
val,M,18.586487,2.6035538
val,M,18.831583,2.6472511
val,M,19.05975,2.631328
val,M,19.051819,2.6354742
val,M,18.386457,2.614376
val,M,16.803375,2.5977254
val,M,14.559819,2.5956914
val,M,12.252194,2.618372
val,M,9.884139,2.602528
val,M,7.1963334,2.5845337
val,M,4.818847,2.6258788
val,M,3.1925557,2.6198559
val,M,2.0750833,2.6356957
val,M,1.1251528,2.6000042
val,M,0.37656945,2.6219091
val,M,0.044152778,2.6401978
val,M,0.1898611,2.6740308
val,M,0.67334723,2.5930932
val,M,1.1180416,2.579314
val,M,1.1055417,2.6520934
val,M,0.8045833,3.1108906
val,M,0.59348613,2.739327
val,M,0.9334861,2.7172322
val,M,2.6682084,2.7158718
val,M,5.168486,2.775144
val,M,7.337278,2.6050649
val,M,9.402903,2.8558512
val,M,11.558888,2.8720765
val,M,13.712903,2.7344666
val,M,15.784416,3.0499868
val,M,17.62175,2.8433747
val,M,19.207695,2.8458796
val,M,20.681902,2.8273125
val,M,22.170597,2.7010453
val,M,23.571598,2.8570924
val,M,24.773903,2.8545055
val,M,25.580458,2.6739736
val,M,22.8515,2.9530573
val,M,16.024153,2.73098
val,M,11.048403,2.739503
val,M,9.969277,2.668034
val,M,10.4331665,2.659639
val,M,11.186375,2.7407773
val,M,11.699889,2.804546
val,M,12.11675,2.721511
val,M,12.574236,2.7255845
val,M,13.060847,2.697467
val,M,14.186778,2.8479373
val,M,16.17125,2.6709237
val,M,18.26968,2.7066236
val,M,19.792278,2.7475064
val,M,19.592028,2.736528
val,M,15.977555,2.7843685
val,M,10.961319,2.6854432
val,M,8.70875,2.677062
val,M,8.533903,2.6825151
val,M,8.766889,2.688658
val,M,9.518375,2.6545677
val,M,10.348139,2.7073715
val,M,11.0471525,2.6501915
val,M,11.633111,2.680145
val,M,12.206,2.6148515
val,M,12.883278,2.586157
val,M,13.459167,2.4716358
val,M,13.83543,2.5660508
val,M,14.135167,2.7655344
val,M,14.488556,2.609357
val,M,14.837028,2.7580583
val,M,15.197291,2.634994
val,M,15.559569,2.7995877
val,M,15.776667,2.9147768
val,M,15.818791,2.787319
val,M,15.759264,2.781384
val,M,15.671361,2.805523
val,M,15.574361,2.7457495
val,M,15.782458,2.8717153
val,M,16.54693,2.98049
val,M,17.865236,2.897223
val,M,19.456097,2.6688752
val,M,21.0755,2.6815438
val,M,22.668945,2.6850348
val,M,23.621027,2.6978128
val,M,24.087957,2.7029967
val,M,23.739069,2.6918344
val,M,19.381306,2.7303064
val,M,12.115528,2.6680646
val,M,8.320569,2.6698084
val,M,8.816653,2.64272
val,M,10.252694,2.6354275
val,M,11.562708,2.6742277
val,M,12.700556,2.6689897
val,M,13.483277,2.6741202
val,M,13.725375,2.5829525
val,M,13.621722,2.7138746
val,M,13.502055,2.747026
val,M,13.535708,2.7614503
val,M,13.763625,2.6965756
val,M,14.132958,2.66639
val,M,14.485014,2.8750997
val,M,14.780236,2.6570885
val,M,14.862541,2.516383
val,M,14.201361,2.5545921
val,M,12.632972,2.7216403
val,M,10.545028,2.6926918
val,M,8.873528,2.8014102
val,M,8.514389,2.9473307
val,M,9.301014,2.820342
val,M,10.406597,2.8691835
val,M,11.497361,2.7956405
val,M,12.466403,2.7292047
val,M,13.279305,2.9173293
val,M,14.189931,2.7253246
val,M,15.208972,2.839574
val,M,16.276236,3.449009
val,M,17.292347,3.4647653
val,M,18.352861,3.5604355
val,M,19.141834,3.98454
val,M,19.166487,3.9407327
val,M,17.385263,3.0811148
val,M,11.5205,3.3466625
val,M,3.8918056,4.3139763
val,M,0.2745,3.620823
val,M,0.019833334,3.6017
val,M,0.009916667,3.8225837
val,M,0.008736111,3.7844334
val,M,0.018708333,3.1339273
val,M,0.39918056,3.052147
val,M,2.3195417,3.3894453
val,M,4.9936666,3.4545696
val,M,7.097847,2.8144178
val,M,8.841375,2.8304403
val,M,10.0784445,4.004799
val,M,10.834708,4.7735167
val,M,11.287209,4.9638624
val,M,11.562,5.3624845
val,M,11.712209,4.7855287
val,M,11.731431,4.7760577
val,M,11.683069,5.1311207
val,M,11.675208,4.808415
val,M,11.80425,4.664682
val,M,12.0225,5.568327
val,M,12.181097,4.4802523
val,M,12.287458,2.5267274
val,M,12.362972,3.8464074
val,M,12.39925,2.7378588
val,M,12.412778,2.514986
val,M,12.420834,2.583455
val,M,12.424514,3.286764
val,M,12.395097,3.22659
val,M,12.319861,3.2147036
val,M,12.219889,3.1124675
val,M,12.423347,3.4162002
val,M,13.134597,3.142064
val,M,13.910931,3.2701917
val,M,14.521916,3.1674252
val,M,15.10075,2.8460155
val,M,15.857,3.0255187
val,M,17.159195,3.4220057
val,M,18.716806,4.208017
val,M,20.0215,5.112487
val,M,21.133444,4.3798704
val,M,22.075916,4.964629
val,M,20.849403,4.4660144
val,M,14.819597,3.339012
val,M,6.2393475,3.2246275
val,M,1.0453612,4.8422656
val,M,0.07605556,3.3822079
val,M,0.37808332,3.5096803
val,M,0.9266389,4.002758
val,M,1.7283472,3.4372468
val,M,2.9669027,3.08756
val,M,4.7223887,3.1562927
val,M,6.859875,3.3619976
val,M,8.893042,3.2959437
val,M,10.436167,3.086286
val,M,11.401736,3.076035
val,M,11.730333,3.6794968
val,M,11.50168,3.4903922
val,M,10.933111,3.2288902
val,M,10.4375,3.46549
val,M,10.486195,3.2184021
val,M,10.894736,3.351344
val,M,11.248806,3.3709545
val,M,11.461403,3.3897958
val,M,11.702791,3.131095
val,M,11.743667,3.2525096
val,M,11.620833,3.1094856
val,M,11.558653,3.309267
val,M,11.643403,3.5698311
val,M,11.90582,3.1404142
val,M,12.019611,3.3192348
val,M,12.077861,3.2016125
val,M,12.293959,3.0870216
val,M,12.565291,2.7947142
val,M,12.746708,2.8470316
val,M,12.827625,2.751332
val,M,12.845875,2.7682772
val,M,12.864,2.7657552
val,M,12.895528,2.785215
val,M,12.906902,2.829699
val,M,12.848181,2.8305473
val,M,12.751722,2.772552
val,M,12.728833,2.814256
val,M,12.567778,2.776943
val,M,11.959014,2.77838
val,M,11.543028,2.7973697
val,M,11.827084,2.760723
val,M,12.295,2.7317836
val,M,12.672125,2.7047136
val,M,12.870055,2.6857462
val,M,12.917167,2.6911845
val,M,12.941778,2.7253304
val,M,12.930722,2.6893222
val,M,12.894139,2.7132394
val,M,12.74125,2.6277294
val,M,12.460305,2.6215422
val,M,12.163652,2.601515
val,M,11.872056,2.6105087
val,M,11.601347,2.612105
val,M,11.137362,2.6046739
val,M,10.269903,2.6290383
val,M,9.492333,2.669474
val,M,9.315889,2.6313906
val,M,9.592792,2.649588
val,M,9.979681,2.9976275
val,M,10.331639,2.9385915
val,M,10.5899725,3.0762815
val,M,10.497569,3.0430155
val,M,9.644569,2.867905
val,M,8.164667,3.0167315
val,M,6.4251804,3.355213
val,M,4.523486,2.5880642
val,M,2.886486,2.9754527
val,M,2.6282916,3.7315364
val,M,3.572264,3.7499232
val,M,4.091542,2.818972
val,M,3.6913195,2.8746815
val,M,2.8400834,3.3228598
val,M,2.621764,3.547289
val,M,3.8046668,3.1034727
val,M,5.482847,2.8350377
val,M,6.885875,2.9690838
val,M,7.988514,2.9075885
val,M,8.80625,3.1914566
val,M,9.551764,3.3465867
val,M,10.072986,2.9342263
val,M,10.294583,3.277463
val,M,10.431027,3.0230255
val,M,10.56293,3.3373938
val,M,10.696458,3.161891
val,M,10.819667,3.131207
val,M,10.919917,3.1003282
val,M,11.042319,2.8712692
val,M,11.167431,2.8156047
val,M,11.242028,2.9171884
val,M,11.248347,3.1286101
val,M,11.198277,3.3112938
val,M,11.115111,2.7750373
val,M,11.012417,2.697854
val,M,10.907528,2.6606083
val,M,10.7884865,2.646223
val,M,10.706639,2.5468602
val,M,10.715292,2.6623693
val,M,10.7583475,2.6755514
val,M,10.794375,2.668043
val,M,10.81875,2.6242337
val,M,10.857513,2.6601799
val,M,10.854236,2.6936846
val,M,10.87657,2.6581628
val,M,10.988,2.5887148
val,M,11.034333,2.6789074
val,M,10.983236,2.6296363
val,M,10.848763,2.3450303
val,M,10.743486,2.4940615
val,M,10.793653,2.5658214
val,M,11.059736,2.5223114
val,M,11.443639,2.493201
val,M,11.599459,3.8866706
val,M,11.558847,3.7385516
val,M,11.556833,3.7624006
val,M,11.325403,4.628258
val,M,11.223458,4.775843
val,M,11.332583,3.2019367
val,M,11.248834,2.4730155
val,M,11.207486,3.0502477
val,M,11.097097,3.1573946
val,M,10.930375,2.8945584
val,M,11.076777,2.681003
val,M,11.251764,2.875808
val,M,11.01075,3.0130756
val,M,10.596167,2.9919922
val,M,10.296763,2.8451707
val,M,10.123694,2.809431
val,M,10.117486,2.8117204
val,M,10.257444,2.8099556
val,M,10.394709,2.781617
val,M,10.508639,2.770691
val,M,10.665653,2.6919928
val,M,10.843958,2.6939635
val,M,10.9805,2.6843867
val,M,10.90625,2.622491
val,M,10.31257,2.6096053
val,M,9.392736,2.5889082
val,M,8.797277,2.6082911
val,M,8.690014,2.6118307
val,M,8.8573475,2.5191658
val,M,9.140458,2.6032376
val,M,9.187056,2.5308568
val,M,9.0836525,2.5920768
val,M,9.144555,2.5401387
val,M,9.012042,2.5757408
val,M,8.250195,2.5603728
val,M,7.5740557,2.4952016
val,M,7.6276526,2.5347033
val,M,7.585639,2.5596642
val,M,6.7378054,3.0174623
val,M,5.34725,3.49958
val,M,3.8657777,3.4902892
val,M,2.4410417,4.0226064
val,M,1.0668056,3.199697
val,M,0.19959722,2.604279
val,M,0.0155,2.5863001
val,M,0.015027778,2.865487
val,M,0.014472222,3.294467
val,M,0.013180556,4.0404835
val,M,0.015152778,4.397101
val,M,0.0144305555,3.9371443
val,M,0.009972222,3.3857617
val,M,0.010347222,3.6430516
val,M,0.012083333,3.8116984
val,M,0.012,3.4061003
val,M,0.013555556,3.101073
val,M,0.015763888,3.0656037
val,M,0.014347223,2.7576845
val,M,0.013083333,2.910883
val,M,0.014847222,3.133648
val,M,0.015694445,3.010407
val,M,0.012,2.8880348
val,M,0.008444444,3.140814
val,M,0.010430556,3.2486224
val,M,0.010847222,4.3231444
val,M,0.011444445,4.506179
val,M,0.011944445,6.239843
val,M,0.011375,5.057423
val,M,0.010819444,3.2468834
val,M,0.010861111,3.841035
val,M,0.011944445,3.758274
val,M,0.013361111,3.0064652
val,M,0.014277778,3.0813391
val,M,0.012,2.875401
val,M,0.012097222,3.067864
val,M,0.014375,3.0349333
val,M,0.015194444,3.5435748
val,M,0.014819444,3.0758798
val,M,0.011763889,5.1373153
val,M,0.010458333,6.396587
val,M,0.011013889,4.390919
val,M,0.010805556,2.7826984
val,M,0.012847222,3.5963058
val,M,0.011791667,3.4316893
val,M,0.009652778,3.8672304
val,M,0.011763889,3.9623413
val,M,0.0119027775,3.2163553
val,M,0.009013888,5.699168
val,M,0.010208333,5.791434
val,M,0.012305556,6.1287704
val,M,0.012152778,6.6609025
val,M,0.012027778,6.757849
val,M,0.011430556,5.8340626
val,M,0.012,5.3047547
val,M,0.012402778,4.9682903
val,M,0.011555555,5.0957065
val,M,0.010458333,6.263082
val,M,0.010263889,4.0903554
val,M,0.013666667,3.1918676
val,M,0.013861111,3.6794143
val,M,0.0137083335,4.3638406
val,M,0.012527778,4.507343
val,M,0.011180555,4.5462723
val,M,0.010069445,3.6176796
val,M,0.0077222222,3.7260072
val,M,0.009458333,3.778368
val,M,0.012569444,3.4974852
val,M,0.0113194445,2.9842362
val,M,0.009652778,3.148192
val,M,0.014972222,3.0293903
val,M,0.016069444,2.9685087
val,M,0.011125,3.196412
val,M,0.008833333,3.1771493
val,M,0.009861111,3.0695095
val,M,0.011347222,3.060861
val,M,0.015583334,3.0250564
val,M,0.028458333,2.6969142
val,M,0.11677778,2.484434
val,M,0.101902775,2.9128232
val,M,0.010194444,3.7289186
val,M,0.011625,4.5766115
val,M,0.011541666,3.805102
val,M,0.012305556,3.8938274
val,M,0.009861111,3.2623148
val,M,0.0076666665,2.5745482
val,M,0.011597223,3.342032
val,M,0.012194444,4.1503606
val,M,0.008847223,9.046708
val,M,0.008652777,4.109361
val,M,0.0105,3.7220306
val,M,0.016069444,3.255955
val,M,0.015986111,3.2618284
val,M,0.016930556,4.144748
val,M,0.016347222,4.6030464
val,M,0.015902778,4.9149733
val,M,0.0165,3.621698
val,M,0.0105,3.5594482
val,M,0.008277778,3.5316424
val,M,0.008111111,3.0544596
val,M,0.011194444,2.642931
val,M,0.016652778,2.6739597
val,M,0.015180555,2.6538649
val,M,0.010930556,2.575262
val,M,0.009777778,2.745797
val,M,0.009847222,2.4086378
val,M,0.012569444,2.1180308
val,M,0.013805555,2.126005
val,M,0.013916667,2.1420248
val,M,0.013444444,2.130345
val,M,0.0119027775,2.1469626
val,M,0.011055555,2.1469429
val,M,0.014416667,2.1154716
val,M,0.013027778,2.097776
val,M,0.009611111,2.0845401
val,M,0.010708333,2.0159779
val,M,0.008930556,2.1159947
val,M,0.011625,2.1561952
val,M,0.014541667,2.2617698
val,M,0.012166667,2.34041
val,M,0.010972222,2.4240923
val,M,0.013402778,3.0802677
val,M,0.012722222,2.7483504
val,M,0.009930556,2.8274734
val,M,0.010819444,4.3574414
val,M,0.011597223,3.7511692
val,M,0.011736111,4.7515497
val,M,0.011166667,5.0267625
val,M,0.008986111,3.9953444
val,M,0.034319445,3.1237617
val,M,0.041444443,3.2553685
val,M,0.051152777,2.6365957
val,M,0.33938888,2.682512
val,M,1.2380694,2.8932827
val,M,2.6830833,2.9465716
val,M,4.276,3.6271942
val,M,5.8887916,2.3941133
val,M,6.90075,3.0242872
val,M,6.9468193,2.2877824
val,M,6.3334584,2.0454705
val,M,5.4825,2.2542067
val,M,4.6190834,2.3066316
val,M,3.8669305,2.765324
val,M,3.6826806,2.6011147
val,M,3.7598472,2.230636
val,M,4.1911387,5.351462
val,M,5.2915277,4.8314166
val,M,6.500736,2.6057076
val,M,7.1683474,2.4854803
val,M,7.7435417,2.5188286
val,M,8.749111,2.436572
val,M,9.907598,2.3257976
val,M,11.1135,2.5188632
val,M,12.227375,2.9262023
val,M,12.781292,2.8121405
val,M,12.461917,2.9188473
val,M,11.3694725,2.8964634
val,M,9.810597,2.8105044
val,M,8.352,2.771265
val,M,7.209111,2.5838428
val,M,6.4177084,2.8356926
val,M,6.3333054,2.6492138
val,M,7.0693192,3.8357513
val,M,8.416278,2.6949098
val,M,10.079458,2.683661
val,M,11.694375,2.6872964
val,M,12.869236,2.7481842
val,M,13.418959,2.9936395
val,M,13.586416,3.2628226
val,M,13.659166,3.7987132
val,M,13.721791,2.8815808
val,M,13.788986,3.2348604
val,M,13.854792,4.30205
val,M,13.934986,2.9730935
val,M,14.020889,2.978557
val,M,14.114458,4.259173
val,M,14.190792,3.1625204
val,M,14.213889,2.8561127
val,M,14.228958,2.6938796
val,M,14.219778,3.0998993
val,M,14.233986,3.3169994
val,M,14.358514,2.92845
val,M,14.5425,2.6194801
val,M,14.745028,2.7394447
val,M,14.92543,2.8422766
val,M,14.854917,3.4773166
val,M,14.286166,3.3273304
val,M,13.2225,2.981934
val,M,12.189458,2.8491116
val,M,11.576653,3.7147176
val,M,11.397125,3.5299592
val,M,11.424736,3.3730462
val,M,11.265361,3.4250574
val,M,10.750861,3.0813913
val,M,9.854709,3.2532618
val,M,8.883555,3.146858
val,M,8.376416,2.8878186
val,M,8.366528,2.5219898
val,M,8.122084,2.576664
val,M,7.109125,2.6072125
val,M,5.7390556,2.6713874
val,M,4.4643054,2.6314988
val,M,3.249,2.6134286
val,M,2.3164723,2.641693
val,M,1.5674722,2.6560946
val,M,1.0972639,2.6184385
val,M,1.8867639,2.6189497
val,M,3.4847777,2.6396687
val,M,5.0348196,2.6389217
val,M,6.2852917,2.6422024
val,M,6.9285555,2.6618285
val,M,7.2728195,2.6763885
val,M,7.771514,2.6770542
val,M,8.525945,2.6726093
val,M,9.14575,2.6738117
val,M,9.4215,2.68335
val,M,9.640805,2.6869466
val,M,9.869597,2.7038898
val,M,9.735791,2.6868932
val,M,8.825097,2.695626
val,M,7.507125,2.6932812
val,M,6.2291527,2.6915622
val,M,5.3299723,2.6953084
val,M,4.1760974,2.7147572
val,M,4.2265415,2.7158732
val,M,5.992597,2.6254447
val,M,7.3816667,2.5743442
val,M,8.3565,4.5896835
val,M,8.886681,7.0970883
val,M,9.022653,7.298801
val,M,9.059569,5.039047
val,M,9.148848,2.7772212
val,M,9.277805,2.487185
val,M,9.382417,2.893597
val,M,9.443833,2.8672009
val,M,9.512736,2.8751755
val,M,9.582209,2.9757638
val,M,9.695431,2.9245028
val,M,9.943264,2.9748275
val,M,10.35782,3.1487825
val,M,10.674222,3.0725727
val,M,10.664903,2.8222468
val,M,10.471861,2.8422313
val,M,10.262042,2.697329
val,M,10.115152,2.9705043
val,M,9.924528,3.3418596
val,M,9.565403,3.0721571
val,M,8.779778,3.1200914
val,M,7.570653,3.1809988
val,M,6.304403,3.1937356
val,M,5.531194,3.1163673
val,M,5.660875,2.8891616
val,M,6.279667,3.2562103
val,M,6.7908335,2.833521
val,M,6.8274307,3.0759163
val,M,6.704639,3.4667196
val,M,7.079528,3.5813055
val,M,7.8009167,3.3201394
val,M,8.216125,3.599217
val,M,8.243611,3.2783942
val,M,7.9966946,2.9289641
val,M,7.505139,2.8630233
val,M,7.072889,3.2601814
val,M,7.2013474,3.5865755
val,M,7.7142224,3.0844302
val,M,7.86625,3.1084332
val,M,7.7820554,3.0874004
val,M,7.8610554,3.2499607
val,M,8.020319,3.1072326
val,M,8.184611,3.3859668
val,M,8.356569,3.483551
val,M,8.408125,3.7960262
val,M,8.404625,3.136995
val,M,8.316916,2.776482
val,M,8.48818,2.7207816
val,M,9.0969305,2.8678923
val,M,9.79668,2.9196062
val,M,10.565375,3.002427
val,M,11.100528,3.316956
val,M,11.051583,4.505901
val,M,10.635639,4.7017636
val,M,10.172305,5.072769
val,M,9.822945,4.006944
val,M,9.848014,3.3973904
val,M,10.163917,4.004945
val,M,10.53982,4.7771497
val,M,10.790833,3.299601
val,M,10.740278,3.3117337
val,M,10.49643,3.1614692
val,M,10.096014,2.7539873
val,M,9.249153,2.9189975
val,M,8.273431,2.8498769
val,M,8.033264,3.093483
val,M,8.435431,3.5754657
val,M,8.954597,3.4090586
val,M,9.389444,3.6972451
val,M,9.63332,3.8395638
val,M,9.466778,3.6325457
val,M,8.607611,3.56292
val,M,7.7093472,3.170134
val,M,7.655028,3.4160542
val,M,8.247486,3.595333
val,M,8.90275,3.6775537
val,M,9.333667,3.5628781
val,M,9.294042,3.1126027
val,M,8.741333,2.5085344
val,M,7.949861,2.7384248
val,M,7.2665,2.5982401
val,M,7.221236,2.5139143
val,M,8.022737,2.5501244
val,M,9.129514,2.5875394
val,M,9.868347,2.5116096
val,M,9.969194,2.4747062
val,M,9.30425,2.5046377
val,M,8.108111,2.509531
val,M,7.1642222,2.484448
val,M,6.7119308,2.5362544
val,M,6.283931,2.5659122
val,M,5.731403,2.556651
val,M,4.820542,2.5630593
val,M,3.784486,2.5481935
val,M,3.4703333,2.5885003
val,M,4.2327085,2.5902386
val,M,5.763417,2.6115217
val,M,7.5448613,2.6089678
val,M,9.12307,2.5684862
val,M,10.07525,2.5679767
val,M,10.29675,2.5820208
val,M,10.12725,4.056771
val,M,9.946736,7.8498693
val,M,9.760555,7.8210435
val,M,9.545834,5.6023874
val,M,9.3347225,3.1044555
val,M,9.298195,2.8060322
val,M,9.474042,3.180997
val,M,9.716917,2.810111
val,M,9.986709,2.9244285
val,M,10.162194,3.1350412
val,M,10.1265,2.825848
val,M,10.041056,3.336245
val,M,9.781347,3.5871098
val,M,8.834431,3.7509751
val,M,7.8528333,3.8296773
val,M,7.756292,3.9107165
val,M,8.381042,2.9241576
val,M,9.083208,3.869874
val,M,9.115042,3.8711686
val,M,8.616777,3.7002573
val,M,8.323722,4.0069327
val,M,8.490069,3.6639752
val,M,9.246098,3.7971117
val,M,10.42743,3.879103
val,M,11.428375,3.9678454
val,M,12.008041,3.6519723
val,M,12.30418,3.4345846
val,M,12.273375,3.1464436
val,M,12.080791,3.0017328
val,M,12.209042,3.1411576
val,M,12.508972,2.6793408
val,M,12.493875,3.3639905
val,M,12.259,3.227612
val,M,12.051347,3.7241673
val,M,11.872347,3.7368958
val,M,11.88882,4.8089933
val,M,12.066139,3.9960284
val,M,12.249986,3.8594086
val,M,12.481375,4.205071
val,M,12.668472,3.5332668
val,M,12.297681,3.4346528
val,M,11.558611,3.256971
val,M,11.401958,2.8977942
val,M,11.904375,3.3655019
val,M,12.514319,5.4790254
val,M,12.892625,4.809844
val,M,13.048125,6.342625
val,M,13.075319,4.9479814
val,M,13.014153,4.5671625
val,M,12.869348,5.0223794
val,M,12.698542,3.0775375
val,M,12.552237,3.5847764
val,M,12.414153,3.2933948
val,M,12.330319,3.2662702
val,M,12.261084,3.4455676
val,M,12.133764,3.5428655
val,M,12.104042,3.5365987
val,M,12.024764,3.4206424
val,M,11.86782,3.1169899
val,M,11.779445,2.8358777
val,M,11.69143,5.6062593
val,M,11.666597,6.8397784
val,M,11.755555,6.217254
val,M,11.935778,4.193749
val,M,12.172667,3.18823
val,M,12.462681,3.8202288
val,M,12.916153,3.5961866
val,M,13.455791,3.3441718
val,M,13.747014,3.235956
val,M,13.861042,3.4638674
val,M,13.972083,3.5276327
val,M,14.044625,3.2966206
val,M,14.05125,4.936709
val,M,14.071736,5.9571676
val,M,14.170111,4.8919797
val,M,14.299111,4.4084134
val,M,14.353444,4.09537
val,M,14.337958,6.2038946
val,M,14.317889,3.791568
val,M,14.135292,3.9851284
val,M,13.570625,3.94974
val,M,12.920417,4.8378425
val,M,12.646264,4.281652
val,M,12.731417,4.2784247
val,M,12.825958,5.0746417
val,M,12.697166,4.8564014
val,M,12.296291,3.5068257
val,M,11.487722,3.8595402
val,M,10.335139,3.677658
val,M,9.008764,5.077573
val,M,7.6361804,5.1330333
val,M,6.178361,3.6484318
val,M,4.641972,3.1809082
val,M,3.0624166,3.3218243
val,M,1.7090417,3.4214535
val,M,0.93780553,3.0426593
val,M,0.40495834,2.977697
val,M,0.06575,3.135418
val,M,0.016777778,2.7032888
val,M,0.014486111,3.126699
val,M,0.015513889,3.2325373
val,M,0.3214028,2.9905798
val,M,1.8005,2.6936543
val,M,4.5201526,2.6620097
val,M,7.5354443,6.5344615
val,M,10.373097,8.664731
val,M,12.482986,7.1889434
val,M,13.202278,3.3887708
val,M,13.043167,3.2977085
val,M,12.658042,4.486748
val,M,12.1545,3.8921573
val,M,11.826736,3.1502748
val,M,11.777555,3.544923
val,M,11.882153,4.1903386
val,M,12.062528,4.3728957
val,M,12.264139,4.3779063
val,M,12.487611,4.313664
val,M,12.696208,2.9938982
val,M,12.582431,3.0868096
val,M,12.019514,3.6354778
val,M,11.291083,3.2561476
val,M,10.517555,3.1744006
val,M,9.892597,2.9669602
val,M,9.553264,3.1353288
val,M,8.988931,2.7283072
val,M,7.8755555,3.2753286
val,M,6.5272083,2.8627522
val,M,5.3364167,2.8230834
val,M,4.7618055,2.904703
val,M,4.6883054,2.7891524
val,M,4.6473613,2.5209813
val,M,4.5757637,3.002006
val,M,4.2579026,3.4005013
val,M,3.405639,4.4036484
val,M,2.777639,3.1867595
val,M,2.8284721,3.1008961
val,M,3.3189027,2.9725103
val,M,4.2821946,4.2548075
val,M,5.420361,4.6965575
val,M,6.5190835,3.6200645
val,M,7.2562084,3.8766031
val,M,7.832625,3.7135806
val,M,8.594264,5.5220876
val,M,9.100194,4.753942
val,M,9.275639,2.9628682
val,M,9.43325,2.977757
val,M,9.6617365,3.0399973
val,M,9.859792,3.5846066
val,M,10.11175,4.2965026
val,M,10.493931,3.1476197
val,M,10.825486,3.5672379
val,M,10.805361,3.7627504
val,M,10.464319,3.227782
val,M,10.007709,3.4451096
val,M,9.55825,4.28719
val,M,9.292514,3.392918
val,M,9.380806,3.6748066
val,M,9.731236,4.205361
val,M,10.001014,4.6525292
val,M,10.012305,3.8733866
val,M,9.815028,2.9394429
val,M,9.632903,3.1244462
val,M,9.487278,2.9842699
val,M,9.3504305,2.991212
val,M,9.200791,3.9349
val,M,8.98782,3.2762768
val,M,8.666306,2.9717827
val,M,8.284695,3.2933347
val,M,7.901014,3.0113492
val,M,7.534639,3.2204769
val,M,7.138764,2.869821
val,M,6.518847,3.0784233
val,M,5.6324863,3.4138148
val,M,4.595389,2.9466798
val,M,3.5172918,2.7240677
val,M,2.5802083,2.8282366
val,M,1.7834584,2.928543
val,M,0.8011389,2.8965645
val,M,0.115430556,2.8183374
val,M,0.013472222,2.8330615
val,M,0.013375,2.8324978
val,M,0.041125,2.6949158
val,M,0.22708334,2.4948483
val,M,0.53184724,2.5884569
val,M,0.7586389,2.6670177
val,M,0.8238056,2.588166
val,M,0.8702639,4.435056
val,M,0.85084724,5.7229905
val,M,0.50363886,6.663959
val,M,0.12568055,5.9871154
val,M,0.041055556,4.510567
val,M,0.216,5.6648097
val,M,0.7919722,5.927093
val,M,1.9872084,5.606826
val,M,3.5033195,5.588953
val,M,5.273958,10.483782
val,M,6.8814445,5.3517714
val,M,7.467583,3.325603
val,M,7.385514,3.243581
val,M,7.1916943,5.8067713
val,M,6.9366665,4.2855687
val,M,6.6778193,3.836105
val,M,6.3369308,3.1791246
val,M,5.485597,3.1231542
val,M,4.2019444,3.184947
val,M,2.9080138,2.4365537
val,M,1.6403055,2.0787067
val,M,0.57994443,2.0646064
val,M,0.11044444,2.0637352
val,M,0.054555554,2.0698075
val,M,0.030111112,2.0585027
val,M,0.25809723,2.0706244
val,M,1.6318195,2.0409923
val,M,3.5589027,2.060258
val,M,5.131986,2.0444603
val,M,6.6303334,2.0432262
val,M,7.5471945,2.064563
val,M,7.808611,2.0356636
val,M,8.320306,2.0605917
val,M,9.140917,2.0422993
val,M,9.080625,2.096618
val,M,8.283334,2.070377
val,M,7.6147776,2.0756755
val,M,7.2247224,2.1081538
val,M,7.0223193,2.7358558
val,M,6.5891805,2.2205837
val,M,6.703722,2.814271
val,M,7.4295,3.6540775
val,M,8.02618,4.6242843
val,M,8.445541,3.1314015
val,M,8.589167,3.7791448
val,M,8.757611,3.290683
val,M,8.953153,3.315511
val,M,8.905945,4.8045826
val,M,8.766861,4.9015155
val,M,8.550597,3.6729403
val,M,8.133792,9.215972
val,M,7.390847,7.6614532
val,M,6.268639,3.1563346
val,M,5.042153,3.690155
val,M,3.5916667,3.6953757
val,M,1.9415555,3.048264
val,M,0.60475,3.4730809
val,M,0.047916666,6.294709
val,M,0.013847223,3.8777897
val,M,0.029986111,3.355781
val,M,0.21495834,3.0232844
val,M,0.82505554,2.892192
val,M,2.2783473,3.0631785
val,M,4.1325974,2.775366
val,M,5.773153,3.071784
val,M,7.4520555,2.8613634
val,M,8.59543,2.853405
val,M,8.876041,3.7317028
val,M,8.431361,5.3318596
val,M,7.1408057,5.564517
val,M,5.5266943,5.6710763
val,M,4.4351807,5.1814704
val,M,3.924236,4.3448987
val,M,2.9564166,3.9525633
val,M,1.7966111,4.7332397
val,M,2.294889,3.693222
val,M,4.2833195,3.4207292
val,M,6.4957085,3.4659586
val,M,8.655181,4.2615676
val,M,9.854222,4.3504167
val,M,10.045639,5.3201394
val,M,9.813778,3.604948
val,M,9.0575695,3.4573815
val,M,8.111264,4.0884843
val,M,7.5919585,5.5835347
val,M,7.6825557,3.3305602
val,M,8.188723,3.91732
val,M,8.770958,3.8818836
val,M,9.144237,3.463216
val,M,9.315431,3.2725825
val,M,9.366777,4.680021
val,M,9.487181,3.4674747
val,M,9.593041,3.656413
val,M,9.677931,5.71989
val,M,10.054472,4.176412
val,M,10.02257,3.5590837
val,M,9.650903,3.7023783
val,M,9.520625,3.402966
val,M,9.280694,3.91607
val,M,8.918041,3.7348418
val,M,8.499111,3.4520042
val,M,8.13907,3.6219182
val,M,7.8474307,3.1685317
val,M,7.3212223,3.2613878
val,M,7.034042,3.4753597
val,M,7.849653,4.4321475
val,M,9.115723,3.9680014
val,M,9.860833,3.2771173
val,M,10.24993,3.0021496
val,M,10.573527,3.3203561
val,M,10.550834,3.054222
val,M,10.592305,3.8683305
val,M,10.898861,3.5243924
val,M,11.0610695,3.3541021
val,M,11.1657915,3.475824
val,M,11.291236,3.8728633
val,M,11.414181,2.9452324
val,M,11.474527,3.874762
val,M,11.494792,3.1422865
val,M,11.4274025,2.9757726
val,M,10.629708,3.2607973
val,M,9.063444,3.1733065
val,M,7.872625,2.9030185
val,M,7.668667,2.8077478
val,M,8.156292,2.900119
val,M,8.864472,2.7075255
val,M,9.231569,2.521708
val,M,9.276694,2.5734515
val,M,9.332848,2.5236344
val,M,9.469417,2.614517
val,M,9.700694,2.6323514
val,M,9.737486,2.5760818
val,M,9.2334585,2.632007
val,M,7.9844165,2.6370635
val,M,6.54175,3.7550364
val,M,5.8619447,3.9576657
val,M,6.167611,3.1109426
val,M,7.021389,3.2752647
val,M,7.9920416,2.8852649
val,M,8.490681,2.9786196
val,M,7.9784026,3.3617465
val,M,6.7734027,3.7248924
val,M,5.6160417,3.5737936
val,M,5.062389,3.2395017
val,M,5.093264,3.7616
val,M,5.344097,3.6920679
val,M,5.0832915,3.2749352
val,M,4.2896943,2.918648
val,M,3.3862362,2.874298
val,M,2.640889,3.003299
val,M,1.6980833,2.990193
val,M,0.51027775,2.8440518
val,M,0.113916665,2.8895829
val,M,0.484375,2.8510582
val,M,1.0329167,2.6215127
val,M,1.1214583,2.7119966
val,M,0.9480139,2.6598663
val,M,1.0282639,2.791996
val,M,0.89695835,4.64946
val,M,0.48481944,5.064915
val,M,0.38825,5.277021
val,M,1.0220555,3.406269
val,M,2.3593612,2.8788314
val,M,3.9508333,3.0715282
val,M,5.405097,2.7816734
val,M,6.1418195,3.1869872
val,M,5.927514,3.2260728
val,M,4.7830973,3.0132666
val,M,3.1042082,3.0388725
val,M,2.6360278,3.0913174
val,M,3.73975,3.7597973
val,M,5.338125,2.8564887
val,M,6.72675,2.8890166
val,M,7.350111,3.1565874
val,M,7.2455,3.3113983
val,M,6.8116946,3.1170015
val,M,6.6837363,3.3361268
val,M,7.515861,2.870554
val,M,8.770111,2.9512405
val,M,9.546278,3.0202274
val,M,9.787264,2.9815474
val,M,9.627402,3.037457
val,M,9.323514,3.3101587
val,M,9.024611,3.1589727
val,M,8.68907,4.331581
val,M,8.231653,4.263296
val,M,7.714028,3.1861258
val,M,7.190597,3.8484316
val,M,6.2901807,3.1238918
val,M,5.1363053,2.9178355
val,M,4.7109723,2.84739
val,M,5.3870974,3.0835767
val,M,6.664764,3.2967298
val,M,7.9928193,2.885309
val,M,9.137527,3.23178
val,M,9.940917,2.8089252
val,M,10.317153,2.9843464
val,M,10.409695,2.825096
val,M,10.393653,2.9592814
val,M,10.403055,2.8637838
val,M,10.358778,2.8436475
val,M,10.216917,2.8242128
val,M,9.634181,3.1188915
val,M,8.500195,2.9370239
val,M,7.536014,2.7674596
val,M,7.456208,2.7126658
val,M,8.261333,2.8710837
val,M,9.206737,2.918438
val,M,9.582431,3.1004977
val,M,9.4713335,2.8690014
val,M,9.193916,2.7298548
val,M,8.93207,2.6111631
val,M,8.674264,2.5534475
val,M,8.287236,4.3813925
val,M,8.505153,4.1649146
val,M,9.508695,2.5932684
val,M,10.136541,3.157663
val,M,10.0541115,3.1625726
val,M,9.76525,3.1601844
val,M,9.435139,2.9634764
val,M,8.996737,3.0321372
val,M,8.216319,2.9180973
val,M,7.027972,2.7749076
val,M,5.6439443,2.9022183
val,M,4.300597,3.1382318
val,M,3.7277915,3.4532745
val,M,4.424875,4.0046015
val,M,5.8039026,3.0449185
val,M,7.206861,3.8580873
val,M,8.345195,3.7303653
val,M,8.944861,5.998777
val,M,9.124792,5.123106
val,M,9.133306,4.228937
val,M,8.833625,2.9192035
val,M,8.2010975,3.5874586
val,M,7.8537083,3.7571201
val,M,8.204445,3.2115817
val,M,8.506028,2.8403592
val,M,8.500847,2.9763117
val,M,8.415208,3.1558857
val,M,8.306,2.8949604
val,M,8.154847,3.5462625
val,M,7.956986,3.025806
val,M,7.845736,2.9760773
val,M,7.912778,3.663904
val,M,8.576125,3.3482537
val,M,9.217153,2.9301224
val,M,9.729875,3.1129827
val,M,10.286111,3.2179713
val,M,10.124972,4.613002
val,M,9.296,2.7503455
val,M,8.221097,2.5909038
val,M,7.5154305,2.671246
val,M,7.6673474,2.6832273
val,M,8.587042,2.7645388
val,M,9.326083,2.8641708
val,M,9.371639,2.8330479
val,M,9.219542,2.4642425
val,M,9.004986,2.564081
val,M,8.756236,3.668964
val,M,8.538931,2.7453768
val,M,8.21168,2.651907
val,M,7.439125,3.2359233
val,M,6.104111,3.0783396
val,M,4.369236,2.7579823
val,M,2.434111,3.2377315
val,M,1.2661945,3.8159475
val,M,1.686375,2.804391
val,M,3.0836945,2.7237282
val,M,4.5548887,2.8137965
val,M,6.006528,2.6463509
val,M,7.345083,2.7518022
val,M,8.212277,2.6782656
val,M,8.602986,2.7130492
val,M,8.73943,2.7240407
val,M,8.721389,2.41156
val,M,8.495708,2.6306615
val,M,7.962111,2.993909
val,M,6.8291388,2.5742798
val,M,5.045236,3.2264047
val,M,2.9516807,3.2014208
val,M,1.049625,2.7171474
val,M,0.11844444,3.2733197
val,M,0.0109583335,4.0394015
val,M,0.010291667,3.8016706
val,M,0.011222222,3.1128647
val,M,0.013416667,2.9871447
val,M,0.029027779,2.920308
val,M,0.0365,2.8662586
val,M,0.0195,2.9578578
val,M,0.031055555,3.1161103
val,M,0.582,3.4892776
val,M,1.9629444,3.0997756
val,M,3.6456528,5.604317
val,M,5.4426947,6.971595
val,M,7.2126527,7.2099338
val,M,8.632431,7.736578
val,M,9.769819,8.3882265
val,M,10.5055,6.637601
val,M,10.814959,3.3923502
val,M,10.926056,2.8019829
val,M,10.824653,2.703596
val,M,10.628764,2.9647298
val,M,10.422222,2.8835
val,M,10.162514,3.2180407
val,M,10.068806,3.1586938
val,M,9.948,3.3822308
val,M,9.976042,3.1772285
val,M,10.215847,3.241918
val,M,10.299139,3.1426625
val,M,10.377222,3.3293257
val,M,10.46218,2.9626706
val,M,10.528694,2.977116
val,M,10.571764,3.1856751
val,M,10.527,3.309473
val,M,10.251375,3.153831
val,M,9.486625,4.028255
val,M,8.313292,3.8335085
val,M,7.052375,3.765466
val,M,5.706903,3.4430175
val,M,4.2505417,3.169702
val,M,2.7518473,3.2039838
val,M,1.4342917,3.059958
val,M,0.46320835,3.3743298
val,M,0.036944445,3.373962
val,M,0.015833333,3.8837967
val,M,0.01525,4.8773255
val,M,0.013944444,4.310838
val,M,0.013680556,4.0264144
val,M,0.01775,3.7091978
val,M,0.017652778,3.3854365
val,M,0.016180556,3.519362
val,M,0.017166667,3.174113
val,M,0.037875,4.169126
val,M,0.069569446,3.5472875
val,M,0.07429167,4.06177
val,M,0.04170833,3.4549255
val,M,0.015097222,3.1601279
val,M,0.015555556,2.7780628
val,M,0.01575,3.593908
val,M,0.024888888,5.606172
val,M,0.027097221,6.008061
val,M,0.017416667,2.8013148
val,M,0.015208334,3.894761
val,M,0.013847223,3.3827276
val,M,0.014111111,2.6336007
val,M,0.017527778,3.946055
val,M,0.2820139,7.190705
val,M,1.6329445,6.688647
val,M,3.6394305,2.984299
val,M,5.116125,3.0182
val,M,5.825611,3.073775
val,M,6.4090834,2.930302
val,M,7.385264,3.1786633
val,M,8.497125,3.0188694
val,M,9.598333,3.174975
val,M,10.691819,3.3790672
val,M,11.774278,3.1529305
val,M,12.678972,3.0535617
val,M,13.292889,3.2809243
val,M,13.581597,3.079877
val,M,13.394514,2.9119906
val,M,12.950389,4.152905
val,M,12.699083,4.0910907
val,M,12.161333,3.7116072
val,M,11.192833,4.7186713
val,M,9.766833,3.458635
val,M,8.060667,3.556983
val,M,6.852792,4.2700534
val,M,6.584,5.054672
val,M,7.2369585,5.621391
val,M,8.182028,6.1319556
val,M,9.185972,6.0200486
val,M,10.217931,6.1890483
val,M,11.342305,5.7537456
val,M,12.492833,4.2560573
val,M,13.416695,8.613137
val,M,14.349639,5.316524
val,M,15.177125,4.9918275
val,M,15.662084,2.8059857
val,M,15.728389,5.8255343
val,M,15.465222,10.214152
val,M,15.146528,12.602431
val,M,14.88275,10.498153
val,M,14.677889,8.156137
val,M,14.416862,10.333028
val,M,14.152416,12.508454
val,M,13.906055,4.9337296
val,M,13.663472,8.664738
val,M,13.428264,10.452113
val,M,13.265625,7.665314
val,M,13.253722,5.789019
val,M,13.361555,3.41575
val,M,13.478361,2.9642887
val,M,13.43268,2.616672
val,M,12.824458,3.1039677
val,M,11.697972,3.1876183
val,M,10.619348,3.2405257
val,M,9.795111,3.035492
val,M,9.061694,4.8523903
val,M,8.429292,8.123837
val,M,8.188541,2.6538563
val,M,8.323083,3.2831893
val,M,8.586625,2.9682426
val,M,8.88568,2.4143932
val,M,9.171291,2.7751102
val,M,9.283417,3.3882084
val,M,9.0523615,4.3196025
val,M,8.797292,4.6743536
val,M,8.8104725,2.78297
val,M,8.945236,2.4644487
val,M,9.13718,6.0833306
val,M,9.380222,5.3838377
val,M,9.699417,4.4312377
val,M,10.246125,2.8283901
val,M,11.061319,2.2729986
val,M,11.954473,2.5191543
val,M,12.822403,2.7423344
val,M,13.638223,2.5662286
val,M,14.368986,2.6088183
val,M,14.919903,2.9624848
val,M,15.245903,2.448277
val,M,15.455042,2.718989
val,M,15.6465,3.7569795
val,M,15.718862,3.3695087
val,M,15.636264,3.0063524
val,M,15.477597,6.5646663
val,M,15.228541,4.098892
val,M,14.923583,3.2677116
val,M,14.611597,3.7913365
val,M,14.427764,3.3300197
val,M,14.396597,3.7331698
val,M,14.42275,4.31632
val,M,14.551598,3.3033276
val,M,14.724639,2.9403503
val,M,14.803972,3.984881
val,M,14.811097,4.17306
val,M,14.774222,3.7270062
val,M,14.659958,3.7738156
val,M,14.509,4.2594147
val,M,14.3278475,4.9785132
val,M,14.044194,7.782189
val,M,13.705097,4.9637513
val,M,13.37175,3.4345827
val,M,13.048014,6.3643575
val,M,12.844722,4.0181403
val,M,12.764653,4.3512945
val,M,12.739597,3.2977686
val,M,12.798069,4.588426
val,M,12.964056,4.8751454
val,M,13.228139,4.8254232
val,M,13.528944,3.9203587
val,M,13.778708,3.4272637
val,M,13.90807,3.8982308
val,M,13.9829445,5.3577447
val,M,14.043263,6.659636
val,M,14.074375,6.0652413
val,M,14.145056,4.9087462
val,M,14.256264,4.260836
val,M,14.375944,2.9075408
val,M,14.366806,3.107294
val,M,14.149458,3.1242054
val,M,13.868834,4.000007
val,M,13.604847,3.4397466
val,M,13.373458,4.082228
val,M,13.278125,4.6520214
val,M,13.363791,3.1844842
val,M,13.507722,3.0116324
val,M,13.629403,3.2189345
val,M,13.735,3.3792696
val,M,13.811708,3.8500981
val,M,13.780222,3.3986757
val,M,13.6438055,3.876865
val,M,13.390625,3.3857214
val,M,12.316861,3.7039762
val,M,9.564639,3.5250487
val,M,5.391153,4.8045335
val,M,1.7259861,3.9225469
val,M,0.19926389,3.1280873
val,M,0.014055556,3.8557925
val,M,0.011527778,5.8154554
val,M,0.0122638885,4.2077312
val,M,0.015458333,4.1630645
val,M,0.015722223,3.3092654
val,M,0.016180556,6.0329804
val,M,0.019111112,5.749461
val,M,0.023847222,4.4776745
val,M,0.021708334,3.9917307
val,M,0.01761111,4.380093
val,M,0.01725,4.13972
val,M,0.016708333,3.3281257
val,M,0.01838889,3.2260885
val,M,0.019291667,3.5498724
val,M,0.017708333,4.618295
val,M,0.015361111,3.7678797
val,M,0.012819445,2.9139397
val,M,0.013069444,3.1945462
val,M,0.015458333,3.2562032
val,M,0.013916667,3.3449695
val,M,0.012902778,3.1794267
val,M,0.012,4.1505184
val,M,0.011208333,3.3539023
val,M,0.012486111,3.499095
val,M,0.012888889,4.131693
val,M,0.014958333,3.4751287
val,M,0.014652777,5.4816585
val,M,0.015138889,5.6937666
val,M,0.018555555,3.5577605
val,M,0.016708333,4.1845727
val,M,0.014972222,3.1263716
val,M,0.015680555,2.8217735
val,M,0.015125,3.029512
val,M,0.012041667,3.5848048
val,M,0.012375,3.0016246
val,M,0.014472222,2.9686377
val,M,0.0136388885,2.8119686
val,M,0.013736111,3.0050673
val,M,0.013138889,3.5898993
val,M,0.013791666,3.2603538
val,M,0.012625,3.443142
val,M,0.011875,3.663424
val,M,0.011527778,2.931999
val,M,0.011125,4.5517344
val,M,0.011166667,4.3254848
val,M,0.013083333,3.2006035
val,M,0.014819444,3.360594
val,M,0.0119027775,3.7051978
val,M,0.010791667,3.594104
val,M,0.011166667,2.9883792
val,M,0.009375,3.5310366
val,M,0.007930555,2.9643674
val,M,0.009430556,2.8663414
val,M,0.010222223,3.314269
val,M,0.009708334,2.9913688
val,M,0.01025,3.5423057
val,M,0.011666667,3.0997639
val,M,0.0115,3.1021132
val,M,0.011541666,3.4125633
val,M,0.012083333,3.2851815
val,M,0.010097222,3.5626018
val,M,0.010111111,3.1823802
val,M,0.011083334,4.2005773
val,M,0.007486111,4.137569
val,M,0.008347223,3.1850157
val,M,0.09109722,3.5097005
val,M,1.3062084,3.2841396
val,M,3.6242917,3.700081
val,M,5.772139,3.930828
val,M,7.5389442,3.2139
val,M,8.467305,3.7287378
val,M,8.583347,4.742247
val,M,8.477805,3.7148585
val,M,8.288764,3.1847122
val,M,8.011806,3.6868205
val,M,7.46175,3.2168717
val,M,6.6844444,2.953401
val,M,5.8403473,2.955497
val,M,4.996222,2.818523
val,M,4.2117915,3.1172209
val,M,3.4648333,3.022005
val,M,2.7067084,3.2646947
val,M,1.91975,2.828809
val,M,1.1200973,3.0058239
val,M,0.39754167,2.8138862
val,M,0.04538889,3.2253356
val,M,0.018652778,4.0874596
val,M,0.019652778,2.7752006
val,M,0.020125,2.8493745
val,M,0.020319445,2.4379382
val,M,0.023444444,3.4800434
val,M,0.024125,4.268117
val,M,0.018194444,3.865939
val,M,0.014694445,4.880616
val,M,0.063194446,3.8718848
val,M,0.22631945,3.7907777
val,M,0.48020834,3.7239556
val,M,1.1596806,3.2486467
val,M,2.605236,3.240407
val,M,4.1380277,3.5526218
val,M,5.3241806,3.7239213
val,M,6.320014,4.0522485
val,M,7.101792,3.5112884
val,M,7.625403,3.3152406
val,M,7.633236,3.6716585
val,M,7.174389,3.1817088
val,M,6.4060693,3.186647
val,M,5.3251805,3.0245821
val,M,3.9960418,2.9064364
val,M,2.3093889,2.9651117
val,M,0.70330554,2.987769
val,M,0.037527777,2.8889394
val,M,0.016986111,2.9480927
val,M,0.0154444445,2.7369285
val,M,0.022833332,2.784382
val,M,0.14154166,2.77077
val,M,0.5550417,2.8198352
val,M,1.3810278,2.7485318
val,M,2.743625,2.7512298
val,M,4.235306,2.7175946
val,M,5.4856944,2.9943452
val,M,6.5052776,3.6174383
val,M,7.2620974,3.4348178
val,M,7.9095554,3.0282733
val,M,8.554611,2.8319511
val,M,9.258708,3.0668342
val,M,9.819139,2.8897014
val,M,10.0813055,2.840794
val,M,10.220445,2.7521372
val,M,10.262208,3.0673885
val,M,10.10525,3.5083044
val,M,9.950708,2.8032002
val,M,10.263264,2.8109198
val,M,10.750264,3.1782575
val,M,10.9765,5.7844863
val,M,11.279417,6.394423
val,M,11.6796665,3.5796528
val,M,11.803014,3.248067
val,M,11.502264,3.1684
val,M,10.717597,3.6728566
val,M,9.489181,4.452349
val,M,8.228986,4.0245233
val,M,7.1399584,3.036242
val,M,6.0875,3.0519705
val,M,5.066597,3.5473003
val,M,4.0616527,3.4094186
val,M,3.02625,3.1182115
val,M,1.9364166,3.509407
val,M,0.8219444,2.6875288
val,M,0.14031945,2.8699985
val,M,0.010833333,2.8957815
val,M,0.01175,2.9017482
val,M,0.0102361115,2.9073277
val,M,0.009,2.7933078
val,M,0.010083334,2.846311
val,M,0.010861111,2.823958
val,M,0.010055556,3.423417
val,M,0.012319445,3.1517315
val,M,0.015347222,3.2550292
val,M,0.01826389,5.1587253
val,M,0.019069444,5.611826
val,M,0.015708333,5.6182976
val,M,0.013916667,3.4130766
val,M,0.013958333,2.6790385
val,M,0.013861111,3.2137346
val,M,0.016763888,3.836829
val,M,0.015763888,3.816084
val,M,0.0122638885,5.56572
val,M,0.011583333,4.1422057
val,M,0.0116805555,3.6231232
val,M,0.012208333,3.5641527
val,M,0.009611111,3.5702477
val,M,0.0101666665,3.6725738
val,M,0.013763889,3.6735146
val,M,0.014805555,3.4995322
val,M,0.05536111,3.6785054
val,M,0.93406945,3.8328433
val,M,3.0021667,4.4891324
val,M,5.311264,3.81653
val,M,7.3330975,3.6815023
val,M,8.844152,3.2130916
val,M,10.024111,2.7708848
val,M,11.267445,2.8757343
val,M,12.520847,2.7599196
val,M,13.6958885,2.6983957
val,M,14.797167,2.6557825
val,M,15.798625,2.5629225
val,M,16.702902,2.762395
val,M,17.447916,4.013782
val,M,17.823708,6.4826226
val,M,17.944319,7.361899
val,M,17.98804,7.927222
val,M,17.964167,5.8846545
val,M,17.92614,3.6877959
val,M,17.868973,3.653216
val,M,17.77668,4.5752654
val,M,17.717598,5.383166
val,M,17.67625,3.942882
val,M,17.610264,3.1511235
val,M,17.53925,3.2140398
val,M,17.549583,3.4598968
val,M,17.544556,3.0920346
val,M,17.420013,2.912169
val,M,17.30225,3.1818383
val,M,17.236431,3.1244187
val,M,17.22025,4.7196813
val,M,17.177639,4.2529244
val,M,17.13693,3.7607002
val,M,17.181347,2.965554
val,M,17.275223,2.6728134
val,M,17.448875,2.761117
val,M,17.724792,2.8729327
val,M,18.038237,2.962912
val,M,18.250944,2.9760406
val,M,18.34811,3.0475223
val,M,18.427805,3.772854
val,M,18.502417,3.8120408
val,M,18.138319,3.4445148
val,M,17.107681,2.9592693
val,M,16.510014,2.905765
val,M,16.575445,2.8688662
val,M,16.694708,3.0880237
val,M,16.91932,3.2388456
val,M,17.172167,2.8256636
val,M,17.375208,2.6220767
val,M,17.500555,2.8122165
val,M,17.559542,2.6722999
val,M,17.586042,2.855962
val,M,17.618708,2.847302
val,M,17.600416,3.4432786
val,M,17.52775,3.8970568
val,M,17.399069,3.0208964
val,M,17.204264,2.6982489
val,M,17.06193,2.5885844
val,M,16.954958,2.9898157
val,M,16.85918,2.8521965
val,M,16.842833,2.774775
val,M,16.875334,2.9819674
val,M,16.914042,2.8742204
val,M,16.960194,2.7574363
val,M,16.978416,2.7650137
val,M,16.858847,2.8110394
val,M,16.535765,2.8510041
val,M,15.900917,4.4861894
val,M,14.994597,3.6272259
val,M,14.050709,3.7302246
val,M,12.945194,2.8843293
val,M,11.523027,2.7690468
val,M,9.917945,2.828755
val,M,8.42343,2.9155622
val,M,7.595986,2.851934
val,M,7.582014,2.8452802
val,M,7.9838333,2.635531
val,M,8.513181,2.7184217
val,M,9.050542,3.1712372
val,M,9.592042,3.4331555
val,M,10.291458,2.8301535
val,M,11.13775,2.7432003
val,M,11.786361,2.7799132
val,M,12.179167,2.7042613
val,M,12.530444,2.883762
val,M,12.884889,2.7701902
val,M,13.0644865,2.718742
val,M,13.027945,2.8413224
val,M,12.979013,3.9669905
val,M,13.200778,3.8690677
val,M,13.811402,3.0018415
val,M,14.597347,2.8174345
val,M,15.388445,2.8460805
val,M,16.15854,2.867904
val,M,16.72661,2.7981105
val,M,16.905653,2.8019843
val,M,16.861292,2.9483526
val,M,16.816042,2.9793546
val,M,16.788305,2.9459493
val,M,16.76343,2.7438602
val,M,16.741417,2.5902388
val,M,16.720833,2.7500854
val,M,16.71082,2.982191
val,M,16.716862,3.0390263
val,M,16.723375,2.7906637
val,M,16.736889,3.0156562
val,M,16.780903,2.9291182
val,M,16.842861,3.0883465
val,M,16.901848,3.1710591
val,M,16.95718,2.885369
val,M,16.995667,2.8546686
val,M,16.999958,2.8109715
val,M,16.988987,3.0120602
val,M,16.971111,2.8533323
val,M,16.92875,3.300201
val,M,16.881153,3.556424
val,M,16.84521,2.8622363
val,M,16.794043,2.9211478
val,M,16.737444,3.083024
val,M,16.680721,3.5733733
val,M,16.595736,3.1190443
val,M,16.511013,2.9540677
val,M,16.478806,2.8963537
val,M,16.493042,2.9803545
val,M,16.513792,2.6741571
val,M,16.522362,2.5960755
val,M,16.530458,2.6402302
val,M,16.56675,3.421483
val,M,16.591612,3.8317652
val,M,16.59432,3.7979674
val,M,16.600445,3.174881
val,M,16.59289,3.2139308
val,M,16.573486,4.0095487
val,M,16.541931,5.1473956
val,M,16.536528,5.4521956
val,M,16.54136,4.467157
val,M,16.570541,3.7465026
val,M,16.580902,4.801673
val,M,16.557722,4.012754
val,M,16.541513,3.0788012
val,M,16.540083,2.8865068
val,M,16.566402,3.2694457
val,M,16.566597,2.9714608
val,M,16.5525,4.389968
val,M,16.546223,4.52871
val,M,16.526764,3.6247678
val,M,16.505598,3.7490363
val,M,16.4905,2.9170039
val,M,16.467653,3.0233831
val,M,16.460236,3.6479921
val,M,16.464582,3.261901
val,M,16.446598,2.929678
val,M,16.328793,4.140083
val,M,15.93943,3.6463404
val,M,15.269514,3.0437806
val,M,14.491667,2.9487753
val,M,13.49325,2.9482949
val,M,12.171125,2.9483538
val,M,10.728736,3.1542807
val,M,9.322403,2.7252553
val,M,7.93,3.0347855
val,M,6.2762637,2.833026
val,M,4.2605834,2.9333751
val,M,2.313875,2.7773585
val,M,0.80756944,2.9694753
val,M,0.09686111,2.800687
val,M,0.016791666,3.0699964
val,M,0.017958334,3.0641217
val,M,0.014736111,3.0646918
val,M,0.013402778,3.411131
val,M,0.013930555,3.3813596
val,M,0.018472223,3.376501
val,M,0.022444444,3.3785944
val,M,0.022569444,3.9821448
val,M,0.019444445,5.2461247
val,M,0.016833333,3.7739058
val,M,0.015569445,3.1601171
val,M,0.012569444,2.973949
val,M,0.013125,6.0365562
val,M,0.014138889,4.271582
val,M,0.012819445,3.9128528
val,M,0.012819445,3.0225043
val,M,0.012722222,2.955886
val,M,0.013194445,4.1224313
val,M,0.013666667,4.191159
val,M,0.013805555,2.8215322
val,M,0.014847222,3.6364927
val,M,0.014125,3.4705625
val,M,0.020777779,3.2315924
val,M,0.023319444,3.3436701
val,M,0.015805556,3.3538752
val,M,0.013041667,3.4806633
val,M,0.014097222,2.8525026
val,M,0.015652778,3.2517989
val,M,0.013111111,3.4182205
val,M,0.011472222,4.688767
val,M,0.011569444,5.5335236
val,M,0.013861111,4.763119
val,M,0.01626389,3.482531
val,M,0.015416667,3.6572657
val,M,0.015847223,2.9721677
val,M,0.014680555,3.278858
val,M,0.017125,3.1984406
val,M,0.023597222,3.943981
val,M,0.020166667,3.7897692
val,M,0.014888889,3.2898707
val,M,0.018305555,4.001264
val,M,0.017916666,3.2766147
val,M,0.03375,2.7882423
val,M,0.18644445,3.4509587
val,M,1.1711944,3.2083142
val,M,3.1200554,2.786289
val,M,4.798861,2.8768623
val,M,6.1864166,3.67801
val,M,7.66575,5.4438314
val,M,8.828611,3.021093
val,M,9.724931,2.7811706
val,M,10.542139,3.618773
val,M,11.391417,3.0204802
val,M,12.293653,3.919882
val,M,13.245319,3.2609859
val,M,13.952403,3.7912066
val,M,14.259903,4.0358377
val,M,14.3006115,3.8160968
val,M,14.293389,4.0026774
val,M,14.402722,2.8663116
val,M,14.544945,3.052256
val,M,14.679625,4.524983
val,M,14.7765,4.612715
val,M,14.832027,4.401985
val,M,14.901097,2.8449702
val,M,14.976848,4.266325
val,M,14.93375,4.7100883
val,M,14.738778,3.4699981
val,M,14.506264,4.5466895
val,M,14.2907915,5.600075
val,M,14.057125,6.865469
val,M,13.811833,3.5183535
val,M,13.624666,3.0839612
val,M,13.501653,4.327992
val,M,13.392347,3.4836204
val,M,13.3375,3.823624
val,M,13.432555,3.4716585
val,M,13.5853195,4.588141
val,M,13.710459,5.3163733
val,M,13.85775,4.0384474
val,M,14.044111,3.3119903
val,M,14.259167,2.9624114
val,M,14.400958,2.9483213
val,M,14.443611,3.5368009
val,M,14.546361,3.5645921
val,M,14.726361,4.9184723
val,M,14.797305,2.8874636
val,M,14.619805,2.8948307
val,M,14.33132,3.0154338
val,M,14.110473,3.0734787
val,M,13.902223,2.9948735
val,M,13.710806,3.157599
val,M,13.602389,3.0866003
val,M,13.659014,2.8000908
val,M,13.806958,4.0883713
val,M,13.958292,3.9042282
val,M,14.123055,4.898848
val,M,14.295611,3.6007261
val,M,14.470597,3.2805603
val,M,14.6310835,2.867537
val,M,14.815917,4.240586
val,M,15.01893,4.0875154
val,M,15.20832,5.026735
val,M,15.318375,5.7440133
val,M,15.279778,3.0483792
val,M,15.233014,3.3529487
val,M,15.273056,3.064324
val,M,15.375055,2.814518
val,M,15.520541,2.8701417
val,M,15.639153,3.2407951
val,M,15.708,3.0247717
val,M,15.647653,2.6856549
val,M,15.516486,2.765336
val,M,15.390555,2.6916585
val,M,15.252597,2.9894319
val,M,15.1327915,2.8836107
val,M,15.028125,2.903252
val,M,15.025444,2.98805
val,M,15.137681,4.0347342
val,M,15.282486,4.601726
val,M,15.452361,3.9617248
val,M,15.605097,5.6783757
val,M,15.707444,3.5961552
val,M,15.764861,3.5968764
val,M,15.768473,3.4424734
val,M,15.780569,4.0598645
val,M,15.841611,2.8989086
val,M,15.895667,3.0381033
val,M,15.951361,2.9563909
val,M,15.97875,2.8170974
val,M,15.973306,3.0055304
val,M,16.001806,3.0179036
val,M,16.014902,2.938048
val,M,15.922542,2.635407
val,M,15.751653,2.8359325
val,M,15.579375,3.059516
val,M,15.415264,2.968009
val,M,15.265458,2.6913805
val,M,15.143139,2.9868355
val,M,15.0344305,4.055728
val,M,14.935555,2.8230982
val,M,14.827875,2.8504834
val,M,14.544375,2.9282024
val,M,13.918347,2.6847458
val,M,12.936819,3.0700514
val,M,11.715834,2.9949188
val,M,10.362638,3.3091562
val,M,9.007292,3.687394
val,M,7.7078056,6.2018857
val,M,6.330403,4.25944
val,M,4.9010415,3.8367631
val,M,3.5788195,3.0977287
val,M,2.3464723,3.3780198
val,M,1.2927083,4.3524804
val,M,0.72326386,4.412721
val,M,0.8344028,3.100815
val,M,1.4597361,2.8823433
val,M,1.9432778,3.3973722
val,M,1.8557084,3.1838021
val,M,1.5934722,2.7572455
val,M,1.6203055,3.1062121
val,M,1.7715833,3.3236752
val,M,1.6165138,3.1498427
val,M,0.9850278,2.9584842
val,M,0.30659723,3.147206
val,M,0.034583334,3.0138626
val,M,0.032583334,2.939317
val,M,0.17569445,2.8698325
val,M,0.35294443,3.9839244
val,M,0.8155,3.0835938
val,M,1.3287916,2.7756827
val,M,1.2962639,2.6725962
val,M,1.0143194,2.4370306
val,M,0.6666806,2.6334362
val,M,0.2949861,2.7812686
val,M,0.08015278,2.8937001
val,M,0.023194445,3.0998154
val,M,0.011666667,3.0234792
val,M,0.011180555,2.9093013
val,M,0.011652778,5.4691024
val,M,0.010847222,6.253613
val,M,0.008194445,4.428221
val,M,0.00825,3.0062156
val,M,0.010555555,3.2304392
val,M,0.012708333,3.0582092
val,M,0.015916666,2.80269
val,M,0.019597223,2.9978774
val,M,0.14254166,3.1755996
val,M,1.0175834,3.7633975
val,M,2.0227084,3.6508684
val,M,1.9349444,3.3415318
val,M,1.2629583,4.7213864
val,M,0.70825,4.241656
val,M,0.2838611,3.9310722
val,M,0.08280556,3.5677202
val,M,0.30793056,3.2893505
val,M,1.3488333,4.2104697
val,M,3.0318055,3.4211311
val,M,4.6124167,3.2868848
val,M,6.220611,4.025389
val,M,7.4197917,5.475421
val,M,7.771167,4.2845654
val,M,7.997861,3.6021652
val,M,8.567542,3.5853524
val,M,9.408153,3.7991097
val,M,10.251348,3.555464
val,M,10.966403,3.5293226
val,M,11.582708,3.4037528
val,M,12.302861,3.1230593
val,M,13.227458,2.8845558
val,M,14.227292,3.0332341
val,M,15.240903,2.990097
val,M,16.245167,4.0609126
val,M,17.19282,3.3827045
val,M,18.10125,2.8327541
val,M,18.996902,3.4193285
val,M,19.859653,3.283545
val,M,20.60157,4.936163
val,M,21.138222,5.1822915
val,M,21.515944,5.749311
val,M,21.693598,6.476989
val,M,21.70993,4.986602
val,M,21.7125,3.3940856
val,M,21.713806,3.7814212
val,M,21.694431,3.593042
val,M,21.676098,3.1450024
val,M,21.658777,2.870576
val,M,21.640764,3.192256
val,M,21.621098,2.8034742
val,M,21.601694,3.21285
val,M,21.598152,3.096589
val,M,21.585945,3.848743
val,M,21.545555,3.9861608
val,M,21.506708,3.2161098
val,M,21.499598,3.0646384
val,M,21.505861,3.2352426
val,M,21.528694,3.1558073
val,M,21.555779,3.0876975
val,M,21.567291,3.1685634
val,M,21.553015,3.4818258
val,M,21.521791,3.917241
val,M,21.47093,3.5234532
val,M,21.402792,2.8647985
val,M,21.331596,3.4623916
val,M,21.264458,4.334315
val,M,21.216888,3.8039575
val,M,21.194292,3.4585574
val,M,21.217861,3.4615653
val,M,21.280111,3.840757
val,M,21.347876,2.8277023
val,M,21.409681,3.448494
val,M,21.465166,3.314727
val,M,21.498833,3.255135
val,M,21.475584,3.0199919
val,M,21.234112,3.1276236
val,M,20.791416,3.6520605
val,M,20.33239,3.706323
val,M,19.877874,3.414641
val,M,19.54443,3.0356948
val,M,19.48925,3.6715446
val,M,19.588654,3.3888175
val,M,19.680542,3.243907
val,M,19.754805,3.291133
val,M,19.83375,3.0194817
val,M,19.905083,3.1552696
val,M,19.958195,3.609338
val,M,19.988445,4.0851727
val,M,19.9885,4.13904
val,M,20.004597,3.5803885
val,M,20.006222,3.333656
val,M,19.995848,5.72415
val,M,20.021723,8.233837
val,M,20.084736,7.6743197
val,M,20.15168,4.0492525
val,M,20.178736,3.3192542
val,M,20.156042,3.058135
val,M,20.095654,3.4582102
val,M,20.018084,4.216394
val,M,19.925764,2.993299
val,M,19.837418,3.1423802
val,M,19.8085,3.3340964
val,M,19.856764,3.2350109
val,M,19.934652,3.0920877
val,M,20.000708,3.6503859
val,M,20.025278,3.4953632
val,M,20.029362,3.6508477
val,M,20.039515,3.6503654
val,M,20.040806,3.4739873
val,M,20.021778,3.588673
val,M,20.066084,2.9497466
val,M,20.212166,3.5010386
val,M,20.393986,2.9859507
val,M,20.56007,3.438067
val,M,20.705305,3.6380253
val,M,20.85475,4.1710486
val,M,20.957333,5.189906
val,M,21.026278,4.7419415
val,M,21.093431,4.0290956
val,M,21.160181,3.7220736
val,M,21.222473,3.3304083
val,M,21.279152,4.225611
val,M,21.365583,3.9441109
val,M,21.468208,3.8494759
val,M,21.556152,3.6941905
val,M,21.63925,4.240292
val,M,21.722584,3.4568076
val,M,21.783056,3.845519
val,M,21.83157,4.09199
val,M,21.844334,4.49552
val,M,21.828611,4.8966465
val,M,21.81325,3.679896
val,M,21.775097,3.7949123
val,M,21.71564,4.519095
val,M,21.62057,4.6166296
val,M,21.489986,4.3590508
val,M,21.37582,5.352497
val,M,21.296541,6.166124
val,M,21.24589,4.4061704
val,M,21.220778,3.0760202
val,M,21.193598,3.0029607
val,M,21.156902,2.855394
val,M,21.12557,3.129332
val,M,21.09443,3.3350992
val,M,21.055403,3.3541284
val,M,21.012348,3.029399
val,M,20.965042,4.5353656
val,M,20.932985,5.3610377
val,M,20.916529,5.137835
val,M,20.89514,3.8812816
val,M,20.880404,3.4141965
val,M,20.87296,3.5650644
val,M,20.870375,3.0006511
val,M,20.88618,3.371264
val,M,20.926819,3.187058
val,M,20.953861,3.4415772
val,M,20.988388,3.414427
val,M,21.033209,3.3121734
val,M,21.031918,3.1784654
val,M,21.034082,3.8043523
val,M,21.049347,5.1151643
val,M,21.05161,6.641851
val,M,21.047611,8.346524
val,M,21.010834,7.6258397
val,M,20.96368,3.7203462
val,M,20.912098,3.3707268
val,M,20.860834,5.0114613
val,M,20.8325,3.953325
val,M,20.830833,5.028649
val,M,20.876722,5.488376
val,M,20.942528,3.46908
val,M,21.016277,3.2922187
val,M,21.078096,3.5277553
val,M,21.126667,4.121224
val,M,21.172222,3.8477287
val,M,21.205736,4.4507217
val,M,21.265888,3.925456
val,M,21.307291,4.252808
val,M,21.27464,4.282374
val,M,21.158041,4.017076
val,M,20.831041,5.2041287
val,M,20.23421,4.2763186
val,M,19.54925,4.906877
val,M,18.92232,4.68766
val,M,18.365376,4.9017625
val,M,17.892195,4.1503596
val,M,17.497555,4.4844913
val,M,17.168222,4.6260138
val,M,16.894459,3.5634298
val,M,16.663069,4.1062627
val,M,16.278723,3.9181776
val,M,15.421945,5.11584
val,M,14.067903,4.441998
val,M,12.234917,5.6668534
val,M,9.995806,3.9005268
val,M,7.3604584,5.021382
val,M,4.2386947,6.074427
val,M,1.6613195,6.9762635
val,M,0.39545834,7.6636715
val,M,0.026847223,5.6119375
val,M,0.01325,4.481273
val,M,0.011277778,4.728065
val,M,0.008708334,7.9488807
val,M,0.009277778,6.4898486
val,M,0.012486111,5.098869
val,M,0.014666666,8.033674
val,M,0.0145,7.4611125
val,M,0.012847222,3.6229331
val,M,0.0115,4.612061
val,M,0.011361111,5.953531
val,M,0.014611111,8.264567
val,M,0.018555555,3.3877504
val,M,0.021486111,3.0827146
val,M,0.019430555,4.0828958
val,M,0.018180555,3.9108372
val,M,0.018277777,4.2079177
val,M,0.024097223,4.1249604
val,M,0.024333334,8.121902
val,M,0.014680555,6.7116694
val,M,0.013291666,9.433515
val,M,0.013958333,6.9387555
val,M,0.0119027775,2.7396092
val,M,0.012138889,2.6319299
val,M,0.019347223,3.4912772
val,M,0.02113889,7.854668
val,M,0.014236111,7.7872405
val,M,0.00925,5.5248494
val,M,0.011958334,3.989315
val,M,0.021861112,5.326146
val,M,0.16397223,3.3968496
val,M,1.3103611,6.1324496
val,M,3.2619722,7.558782
val,M,4.9726806,6.9146876
val,M,6.3317637,4.3164372
val,M,7.3123193,3.6742668
val,M,8.05,4.872425
val,M,8.700139,8.091582
val,M,9.325264,5.0865135
val,M,9.918875,4.3649306
val,M,10.394292,4.927351
val,M,10.700958,3.8665974
val,M,10.898653,4.6675224
val,M,11.087236,5.1273956
val,M,11.253445,4.5067024
val,M,11.384236,6.9653068
val,M,11.508875,5.544233
val,M,11.670542,3.4451814
val,M,11.935348,4.437122
val,M,12.235125,4.1740294
val,M,12.435625,3.0817275
val,M,12.66818,2.8905823
val,M,13.123278,5.968552
val,M,13.845944,5.977211
val,M,14.85443,5.338549
val,M,16.049473,3.919516
val,M,17.280458,3.8982992
val,M,18.367971,4.0668592
val,M,19.195723,7.167779
val,M,19.841904,7.263399
val,M,20.336971,6.0747066
val,M,20.742458,4.844667
val,M,20.911125,3.3065739
val,M,20.863832,2.9395664
val,M,20.894056,3.099425
val,M,20.9955,3.3630974
val,M,21.105097,3.211015
val,M,21.252167,3.4521005
val,M,21.453598,3.7834144
val,M,21.555416,4.412451
val,M,21.565834,3.2969165
val,M,21.62064,3.462473
val,M,21.706778,3.6749446
val,M,21.805529,3.2889194
val,M,21.894125,5.9651313
val,M,21.898987,7.3491244
val,M,21.82796,4.941277
val,M,21.770708,4.3010554
val,M,21.77279,3.2607644
val,M,21.861652,3.2733943
val,M,22.008638,3.2697887
val,M,22.15989,4.3482695
val,M,22.29207,3.8877542
val,M,22.384293,8.038008
val,M,22.354221,8.506962
val,M,22.069458,3.348135
val,M,21.64082,4.0691905
val,M,21.381237,3.538804
val,M,21.297028,3.5475888
val,M,21.24011,2.8571444
val,M,21.188223,3.4304945
val,M,21.163181,5.262447
val,M,21.067333,3.8265529
val,M,20.966,3.7892494
val,M,21.069916,4.074135
val,M,21.305695,3.664395
val,M,21.54332,3.4722989
val,M,21.650444,3.6998863
val,M,21.46486,3.6842551
val,M,21.00182,3.142132
val,M,20.180458,2.7514656
val,M,18.496723,3.0254447
val,M,16.210583,2.7549708
val,M,13.874319,4.790255
val,M,11.782416,3.7141614
val,M,10.446777,2.0809932
val,M,10.272917,2.110027
val,M,10.944792,2.0295181
val,M,11.742833,2.0383887
val,M,12.416264,2.0395505
val,M,12.709181,2.1014905
val,M,12.544264,2.6476376
val,M,12.22275,3.0582135
val,M,12.150014,2.6987338
val,M,12.229028,5.122989
val,M,12.138223,6.3837337
val,M,11.98607,5.7183003
val,M,11.904014,3.0545397
val,M,12.040139,3.5578933
val,M,12.452042,3.7656548
val,M,12.753514,3.5103981
val,M,12.745167,3.1606436
val,M,12.523222,4.345057
val,M,12.189777,4.292127
val,M,11.985473,3.6232266
val,M,12.106305,4.064349
val,M,12.488444,4.0034537
val,M,12.964486,3.9038796
val,M,13.171486,4.1844816
val,M,13.026889,4.4610467
val,M,13.070764,5.16933
val,M,13.172584,4.1114073
val,M,13.210055,6.1954226
val,M,13.362778,7.629704
val,M,13.591945,5.6115546
val,M,14.097875,3.9594474
val,M,14.568055,3.9710438
val,M,14.565708,3.3122563
val,M,14.226361,4.070373
val,M,13.7175,3.754844
val,M,13.307111,3.658616
val,M,13.34207,4.6656327
val,M,13.954903,5.6696925
val,M,14.588778,4.3700166
val,M,14.874194,3.228812
val,M,15.327056,3.2911339
val,M,16.089348,3.0478997
val,M,16.605652,3.5836356
val,M,16.63957,3.704737
val,M,16.5865,4.102903
val,M,16.663652,2.9048367
val,M,16.861084,3.1041584
val,M,17.16882,3.1604338
val,M,17.617903,3.2538579
val,M,18.054125,4.3501806
val,M,18.467735,5.120597
val,M,18.905514,3.819151
val,M,19.203709,3.4120996
val,M,19.38057,3.4918573
val,M,19.496805,4.0634294
val,M,19.5925,5.238498
val,M,19.683847,3.722445
val,M,19.819084,4.2741456
val,M,19.965847,2.903117
val,M,20.008556,4.047738
val,M,19.939598,4.93055
val,M,19.731112,3.3083887
val,M,19.534819,3.450185
val,M,19.275944,3.9981992
val,M,18.968334,3.5671318
val,M,18.699306,3.3204923
val,M,18.395014,2.9720035
val,M,18.072445,4.214973
val,M,17.706778,3.962112
val,M,17.338028,4.127131
val,M,17.01025,4.016062
val,M,16.70089,4.225715
val,M,16.35525,9.98537
val,M,15.920125,6.5986056
val,M,15.051598,6.559163
val,M,13.788903,4.451053
val,M,12.4522085,3.7048006
val,M,11.315514,4.702623
val,M,10.508278,3.9673176
val,M,9.812889,5.828363
val,M,9.2132635,10.016625
val,M,8.851944,8.370679
val,M,8.922347,5.8571687
val,M,9.216958,3.589634
val,M,9.351319,3.1376061
val,M,9.435708,2.9648118
val,M,9.543764,3.0077462
val,M,9.5286665,3.3260677
val,M,9.511111,3.0203223
val,M,9.528055,3.2486343
val,M,9.411458,2.983567
val,M,9.324403,3.5718126
val,M,9.303847,3.011917
val,M,9.230708,3.1247497
val,M,9.23793,4.424792
val,M,9.383375,7.5947385
val,M,9.411805,9.39114
val,M,9.289972,8.791901
val,M,9.24632,9.808398
val,M,9.320347,8.580991
val,M,9.413819,11.146798
val,M,9.5385,11.500846
val,M,9.956347,5.5590386
val,M,10.827486,4.8872046
val,M,11.892819,5.1115737
val,M,12.876486,7.872821
val,M,13.786695,11.984689
val,M,14.672778,8.273115
val,M,15.4956665,4.654421
val,M,16.248735,3.101214
val,M,16.80054,3.0742939
val,M,17.17957,3.537094
val,M,17.526735,3.1432755
val,M,17.795334,3.6425977
val,M,17.985111,3.4057298
val,M,18.097958,10.454254
val,M,18.25411,14.069003
val,M,18.511597,8.10991
val,M,18.81275,3.4283228
val,M,19.069195,6.102065
val,M,19.192083,7.128673
val,M,19.139334,11.415249
val,M,19.038431,9.532417
val,M,19.058681,8.033422
val,M,19.225695,11.974144
val,M,19.492834,9.423784
val,M,19.76643,13.099002
val,M,19.957458,10.144372
val,M,20.122402,7.1573777
val,M,20.399584,5.965488
val,M,20.695223,6.29684
val,M,20.914833,4.7985563
val,M,21.046986,10.614256
val,M,21.022486,9.425526
val,M,21.04043,3.87913
val,M,21.121973,3.0607681
val,M,21.160597,7.8816547
val,M,21.157791,10.529048
val,M,21.125237,7.456543
val,M,21.121334,10.444102
val,M,21.05957,6.9651866
val,M,20.994152,6.0476375
val,M,20.965736,9.856179
val,M,20.95443,4.122141
val,M,20.96836,4.7981696
val,M,20.97939,4.6581864
val,M,20.98964,3.7796383
val,M,20.907515,3.330926
val,M,20.553112,2.8028536
val,M,19.995543,3.208434
val,M,19.272097,3.6060658
val,M,18.267319,3.1939845
val,M,16.954847,3.9232996
val,M,15.341736,3.493885
val,M,13.725513,4.30487
val,M,12.392292,3.7723665
val,M,10.857737,5.298463
val,M,8.715944,10.461244
val,M,6.844,7.903133
val,M,6.447875,6.69809
val,M,7.709875,6.9934506
val,M,9.298695,5.393523
val,M,9.988083,9.671121
val,M,10.063278,9.460436
val,M,10.148583,9.968077
val,M,10.541555,5.063642
val,M,10.87982,3.5457232
val,M,10.806042,4.16571
val,M,10.546278,5.913962
val,M,10.217389,8.098907
val,M,9.958083,3.4852588
val,M,10.153653,7.1752944
val,M,10.883917,6.8053117
val,M,11.689055,5.517388
val,M,12.037056,5.1839337
val,M,11.940972,4.329079
val,M,11.961667,5.1899524
val,M,12.278597,6.9908032
val,M,12.697194,7.4469075
val,M,13.1496525,6.1092
val,M,13.385195,11.316356
val,M,13.360111,7.377151
val,M,13.426958,3.3629584
val,M,13.663652,3.9441757
val,M,13.94925,3.8687224
val,M,14.141791,4.5218563
val,M,14.165709,5.000032
val,M,14.052459,5.1802387
val,M,13.859292,8.108851
val,M,13.617194,6.4004927
val,M,13.341805,5.5229135
val,M,12.831944,8.090024
val,M,11.891848,7.6783295
val,M,10.6355,5.4358974
val,M,9.133083,4.462475
val,M,7.453,4.309565
val,M,5.7881665,5.6609225
val,M,4.4390974,4.7865453
val,M,4.036861,5.7331185
val,M,4.8436666,15.118511
val,M,6.098597,19.477795
val,M,7.146278,5.249108
val,M,7.9564724,3.6181006
val,M,8.559834,4.4090877
val,M,8.9990835,8.259833
val,M,9.421458,9.887692
val,M,9.936431,4.689493
val,M,10.476569,4.3321047
val,M,10.908806,3.5360126
val,M,11.302806,4.0115294
val,M,11.505403,4.049532
val,M,11.574792,4.260223
val,M,11.733958,5.852057
val,M,11.912027,4.04093
val,M,12.080916,5.3063006
val,M,12.207264,7.2403874
val,M,12.29132,4.81416
val,M,12.324667,3.020277
val,M,12.314847,2.5746002
val,M,12.27293,3.2845755
val,M,11.865236,4.203707
val,M,10.886681,5.009162
val,M,9.582653,3.7855043
val,M,8.263861,4.1635776
val,M,7.1867223,5.847198
val,M,6.7117777,4.475826
val,M,6.875764,3.7477686
val,M,7.3106666,4.3278375
val,M,7.7801666,3.7011201
val,M,8.345708,6.0611696
val,M,8.97275,7.458974
val,M,9.351611,6.0361485
val,M,9.611028,7.6233897
val,M,10.193111,4.2045846
val,M,10.940583,3.6978335
val,M,11.46743,3.8869264
val,M,11.854792,4.681596
val,M,12.200666,4.2544665
val,M,12.476958,5.062219
val,M,12.682305,7.8519726
val,M,12.856667,7.3861966
val,M,12.977902,3.2484639
val,M,13.07825,3.4450808
val,M,13.213028,2.9902182
val,M,13.422055,3.5752165
val,M,13.647028,3.4449217
val,M,13.79857,5.5798397
val,M,13.856819,9.404944
val,M,13.819153,6.515953
val,M,13.836805,7.2662086
val,M,14.020041,6.843117
val,M,14.318444,5.0186167
val,M,14.668333,4.1043253
val,M,15.027125,5.1317
val,M,15.282528,5.3230844
val,M,15.422847,3.701179
val,M,15.393306,4.343539
val,M,15.293486,5.8699837
val,M,15.262264,4.4820857
val,M,15.355667,7.652219
val,M,15.561944,5.9302573
val,M,15.8284025,4.6585336
val,M,16.061306,3.9081364
val,M,16.021418,4.9170213
val,M,15.383764,4.273332
val,M,13.987097,3.8792953
val,M,12.247194,5.0013366
val,M,10.575666,4.8363743
val,M,8.76768,3.9254699
val,M,6.592653,3.8214
val,M,4.4032917,3.5584705
val,M,2.3800972,6.0413117
val,M,0.9235139,5.854166
val,M,1.6021111,4.1717777
val,M,4.157528,2.8720388
val,M,6.679639,2.6437676
val,M,8.729917,3.3435566
val,M,10.290112,3.4842038
val,M,11.191319,3.829862
val,M,11.650347,2.8287146
val,M,11.690375,3.2615337
val,M,11.450444,2.6050143
val,M,11.301028,2.6976328
val,M,11.047014,3.7605267
val,M,10.863569,4.152142
val,M,11.184889,4.808007
val,M,11.702653,5.560037
val,M,12.044209,3.5050335
val,M,12.022514,2.8336382
val,M,11.457819,4.526749
val,M,10.744125,3.9726372
val,M,10.57975,4.191394
val,M,10.966403,4.0443254
val,M,11.456458,3.5124083
val,M,11.437944,3.0842273
val,M,10.952458,2.847927
val,M,10.691292,2.8659296
val,M,10.636236,2.9800851
val,M,10.503542,3.1224833
val,M,10.657194,4.16567
val,M,11.511528,4.181381
val,M,12.598486,4.802735
val,M,13.179167,4.328641
val,M,13.207111,4.6964693
val,M,13.132514,4.1002593
val,M,13.24132,3.4007037
val,M,13.507167,2.9849658
val,M,13.847972,3.4097483
val,M,14.141292,3.1821485
val,M,14.232111,2.9756677
val,M,14.037583,3.885363
val,M,13.78625,3.0907173
val,M,13.753805,3.3786287
val,M,13.778958,5.2738323
val,M,13.806097,5.0614824
val,M,13.936556,2.6357617
val,M,14.197528,2.662867
val,M,14.447917,2.7007132
val,M,14.41332,2.8132815
val,M,14.144834,2.7253346
val,M,13.928166,3.214916
val,M,13.782236,3.1866493
val,M,13.687,2.8335402
val,M,13.661208,3.0289054
val,M,13.641791,3.6611307
val,M,13.596486,3.1757464
val,M,13.542,2.6114864
val,M,13.504861,2.6580265
val,M,13.532583,3.589447
val,M,13.564375,2.5568666
val,M,13.585208,2.5582402
val,M,13.57618,2.8779116
val,M,13.550528,3.1501603
val,M,13.563472,4.1424785
val,M,13.480361,4.465943
val,M,13.2075,2.529837
val,M,12.829847,2.585411
val,M,12.438583,7.9456134
val,M,12.027291,8.582061
val,M,11.46225,2.556909
val,M,10.728319,2.3466578
val,M,9.950848,2.3468437
val,M,9.131111,2.6961374
val,M,8.4082365,2.5900683
val,M,7.849375,2.5543656
val,M,7.2664165,3.4628534
val,M,6.644653,5.9188204
val,M,6.4241943,4.346229
val,M,7.0207915,3.2693336
val,M,8.040806,3.0626097
val,M,8.696792,3.877433
val,M,8.831195,3.463085
val,M,8.391,3.1907725
val,M,7.375347,2.9210427
val,M,6.3524585,5.5794873
val,M,5.7890973,7.8222623
val,M,5.8272223,5.347476
val,M,6.6780415,9.044383
val,M,7.9505415,5.647552
val,M,8.703764,3.7200222
val,M,8.42732,5.9180174
val,M,7.4190555,8.48787
val,M,6.5823054,9.205869
val,M,6.3927083,13.768941
val,M,6.759375,9.362491
val,M,6.7565417,6.4998493
val,M,5.887139,2.6823597
val,M,5.50125,4.072313
val,M,6.270639,4.442597
val,M,7.455333,4.969604
val,M,8.55218,3.6402826
val,M,9.143056,3.8422492
val,M,9.114653,8.030189
val,M,8.852,8.323766
val,M,8.248611,4.467036
val,M,7.5680556,8.028604
val,M,7.6075974,5.6159763
val,M,8.275333,6.7092557
val,M,8.934722,6.4344053
val,M,9.307806,3.5542338
val,M,9.219375,5.2591667
val,M,8.328097,5.490269
val,M,6.947764,4.2372527
val,M,5.9416113,6.0110316
val,M,5.988347,10.4747305
val,M,7.0989027,6.893854
val,M,8.444111,6.783668
val,M,9.301056,3.98917
val,M,9.596694,3.0627568
val,M,9.61807,4.9145565
val,M,9.599472,4.3067303
val,M,9.576653,3.6839957
val,M,9.572291,3.512131
val,M,9.562333,3.4495213
val,M,9.66668,3.2437768
val,M,9.777653,3.4694386
val,M,9.43393,4.6677203
val,M,8.234875,3.4170477
val,M,6.7205415,5.445539
val,M,6.1787777,3.73252
val,M,6.8368473,4.71564
val,M,7.9526668,5.1573234
val,M,8.655611,3.729511
val,M,8.751,2.708091
val,M,8.961805,2.729466
val,M,9.640403,2.5813043
val,M,10.380959,2.160431
val,M,10.702514,2.0821958
val,M,10.452903,2.1235256
val,M,9.484528,2.87633
val,M,8.047584,2.7228332
val,M,7.161667,4.0453086
val,M,7.314903,4.174386
val,M,7.9143887,2.3580046
val,M,7.9047084,2.426894
val,M,7.2892084,3.049341
val,M,7.376528,2.126082
val,M,8.281125,2.272271
val,M,9.126375,2.5975463
val,M,9.572917,2.9344354
val,M,9.7195,2.6460395
val,M,9.804472,2.7435036
val,M,9.82225,2.3458796
val,M,9.8226385,4.041841
val,M,9.858375,4.7296605
val,M,9.896889,5.69509
val,M,9.935611,5.55359
val,M,9.935111,5.6355553
val,M,9.685306,3.9206629
val,M,8.7495,2.9153445
val,M,7.4289722,2.9424853
val,M,6.674556,2.8722115
val,M,6.826125,2.88795
val,M,7.522403,3.7035458
val,M,8.299875,3.7728739
val,M,8.914056,2.7834864
val,M,9.220944,2.8625128
val,M,9.260612,2.956263
val,M,8.808805,3.1654668
val,M,7.9351387,3.2536356
val,M,7.29,3.2885098
val,M,6.982264,3.1339285
val,M,6.368403,3.5716717
val,M,4.8298473,3.3364108
val,M,3.4507916,2.8913493
val,M,3.5329583,3.0509617
val,M,4.6506944,2.8822212
val,M,6.290403,2.8044205
val,M,7.8766804,2.6046433
val,M,8.451041,2.563683
val,M,8.284486,2.7706068
val,M,7.818625,2.8329577
val,M,6.7333474,2.8756049
val,M,6.148972,2.7853103
val,M,6.613625,2.68995
val,M,6.5861526,2.742726
val,M,6.0724306,2.7343383
val,M,5.9261527,2.8707285
val,M,5.7783613,2.7017453
val,M,5.7919025,2.647717
val,M,5.932486,2.6837344
val,M,6.2401943,2.8988407
val,M,7.3403053,3.0800385
val,M,8.863125,2.9957638
val,M,10.429569,2.926675
val,M,11.816139,2.8671417
val,M,12.608986,2.898787
val,M,12.785236,2.921955
val,M,12.696694,2.8913069
val,M,12.584291,2.8936284
val,M,12.53025,2.9227138
val,M,12.613667,2.8199952
val,M,12.831625,2.758202
val,M,13.126722,2.8417418
val,M,13.4233055,2.7681828
val,M,13.744333,2.7445993
val,M,13.975847,2.7652538
val,M,14.086903,2.8143005
val,M,14.189902,2.7716203
val,M,14.285569,2.7822227
val,M,14.404361,2.7149358
val,M,14.502944,2.6592429
val,M,14.626056,2.6573844
val,M,14.810638,2.6746888
val,M,15.042569,2.6433454
val,M,15.298041,2.6378818
val,M,15.563972,2.6515179
val,M,15.823014,2.5956542
val,M,15.936152,2.694849
val,M,15.78493,2.9186077
val,M,15.4528055,2.7107294
val,M,15.106986,2.8451695
val,M,14.80418,2.526012
val,M,14.556875,2.7295349
val,M,14.356694,2.8090034
val,M,14.16875,2.5499938
val,M,13.877069,2.6366298
val,M,13.238611,2.7063184
val,M,12.268681,2.6558855
val,M,11.164653,2.6628036
val,M,10.348181,2.704812
val,M,10.06432,2.7628906
val,M,10.122014,2.685474
val,M,10.222375,2.7017896
val,M,10.061973,2.6935158
val,M,9.796014,2.7170792
val,M,9.651639,2.631419
val,M,9.687472,2.6153586
val,M,9.966375,2.5330863
val,M,10.388611,2.6061807
val,M,10.90582,2.6442633
val,M,11.631653,2.6247625
val,M,12.542194,2.9367075
val,M,13.436084,2.862125
val,M,14.254791,2.595606
val,M,15.032598,2.598633
val,M,15.752694,2.5030346
val,M,16.29211,2.861128
val,M,16.759459,2.845979
val,M,17.332945,2.7072752
val,M,17.863583,2.6269708
val,M,18.43871,2.640818
val,M,19.132626,2.91515
val,M,19.916708,2.6999526
val,M,21.157888,2.7852693
val,M,22.789375,2.6789522
val,M,24.40525,2.4373562
val,M,25.919624,2.6338782
val,M,27.193277,3.4894347
val,M,27.70486,4.2570696
val,M,27.420416,4.5276804
val,M,26.930708,3.6144056
val,M,26.435236,3.4440155
val,M,25.897709,3.08982
val,M,25.333263,3.2677855
val,M,24.778805,2.7449164
val,M,24.154444,2.6925592
val,M,23.640541,2.765801
val,M,23.378416,3.000351
val,M,23.194555,3.4335833
val,M,23.0475,4.7948565
val,M,22.71511,5.4203057
val,M,22.170918,4.214104
val,M,21.696806,3.5290844
val,M,21.269417,4.557092
val,M,20.83011,3.1627603
val,M,20.405556,2.9259112
val,M,19.970917,3.2006824
val,M,19.556612,2.8522635
val,M,19.196611,2.893106
val,M,18.8755,3.1055229
val,M,18.602806,2.9987943
val,M,18.344418,3.196757
val,M,18.085667,3.1487718
val,M,17.895458,3.0138402
val,M,17.593082,2.9380121
val,M,17.04175,3.1881022
val,M,16.347694,3.3873289
val,M,15.496486,3.1687677
val,M,14.373806,3.0596678
val,M,12.944458,3.3735695
val,M,11.380972,2.9037821
val,M,9.947833,2.8464062
val,M,8.960597,2.5526645
val,M,8.665569,3.6455398
val,M,9.03275,4.8614645
val,M,9.629084,4.853905
val,M,10.280458,5.783638
val,M,11.386972,5.5014796
val,M,12.908055,3.8169546
val,M,14.504611,3.0309124
val,M,16.080042,3.0426526
val,M,17.587889,3.0977192
val,M,18.862236,2.919808
val,M,19.903097,3.1273832
val,M,20.804861,3.0369978
val,M,21.453472,2.7716942
val,M,21.866472,3.1878686
val,M,22.239902,2.8986669
val,M,22.688444,3.132443
val,M,23.231792,2.536018
val,M,23.760736,2.1940923
val,M,24.248459,2.4341981
val,M,24.367834,2.5365877
val,M,24.016819,2.7180302
val,M,23.575764,2.966635
val,M,23.17182,2.9975462
val,M,22.78186,4.7885165
val,M,22.338444,4.3207746
val,M,21.920042,4.497457
val,M,21.477736,5.391192
val,M,20.968695,3.256263
val,M,20.436666,3.2822855
val,M,19.880972,3.04272
val,M,19.310472,2.3705723
val,M,18.770876,2.4845343
val,M,18.273403,3.3954353
val,M,17.766222,2.4484043
val,M,17.141987,2.5027964
val,M,16.241806,2.8180876
val,M,15.101916,3.038995
val,M,14.212611,3.3157454
val,M,13.68725,3.269732
val,M,13.233736,3.506898
val,M,13.044389,4.6758385
val,M,13.256361,3.8101993
val,M,13.563598,4.2833576
val,M,13.734208,3.0648196
val,M,13.646903,2.3458416
val,M,13.68768,2.9886308
val,M,14.131166,3.070764
val,M,14.111417,5.282668
val,M,13.582986,4.040194
val,M,13.299389,3.4454505
val,M,13.5135975,3.0743613
val,M,13.900333,2.837287
val,M,14.320389,3.9404008
val,M,15.206764,4.2191887
val,M,15.8799305,3.0444312
val,M,15.512013,2.5917768
val,M,14.5805,4.599551
val,M,13.898681,4.9258075
val,M,13.823944,3.227426
val,M,14.205931,2.4298143
val,M,14.707152,2.5285666
val,M,15.230319,2.3634794
val,M,15.525333,2.3507476
val,M,15.778111,1.9860864
val,M,16.261486,1.964402
val,M,16.488667,1.9958119
val,M,16.465847,1.9739475
val,M,16.46175,1.9846056
val,M,16.453583,1.982742
val,M,16.464306,1.984596
val,M,16.577862,1.9861214
val,M,16.77571,1.9818733
val,M,16.880959,1.9905422
val,M,16.77825,1.9903085
val,M,16.613306,2.0028636
val,M,16.507055,2.005884
val,M,16.470152,2.004692
val,M,16.575806,1.9996743
val,M,16.791958,2.0081058
val,M,17.024471,2.0424867
val,M,17.238222,2.0500052
val,M,17.474388,2.0226395
val,M,17.678041,2.012166
val,M,17.744194,2.068869
val,M,17.793375,2.0650847
val,M,17.852,2.0611296
val,M,17.867222,2.053037
val,M,17.813,2.1096687
val,M,17.675236,2.091627
val,M,17.55643,2.0814276
val,M,17.409695,2.032845
val,M,17.109764,2.0677576
val,M,16.662722,2.068056
val,M,16.219973,2.049119
val,M,15.864458,2.0158386
val,M,15.500208,2.0584164
val,M,15.142389,2.0940442
val,M,14.758695,2.1004968
val,M,14.4065,2.0448363
val,M,13.994653,2.0778303
val,M,13.239361,2.0620527
val,M,12.204208,2.0998666
val,M,11.226306,2.074307
val,M,10.605708,4.2312074
val,M,10.2346945,2.9743314
val,M,9.900194,2.570302
val,M,9.490666,3.3192735
val,M,9.154847,2.9210982
val,M,9.060014,3.4295664
val,M,9.035833,3.4686522
val,M,9.147583,3.075384
val,M,9.521097,2.8527875
val,M,10.166889,2.949803
val,M,11.117875,2.824903
val,M,12.167069,4.5545278
val,M,13.175902,3.6386259
val,M,14.197236,3.546008
val,M,15.23432,4.6328316
val,M,16.284082,4.5415387
val,M,17.249792,3.1164393
val,M,18.281208,2.981644
val,M,19.333723,4.029145
val,M,20.160652,4.511231
val,M,20.785042,4.42866
val,M,21.214874,4.7696567
val,M,21.566833,5.1230574
val,M,21.676083,4.318459
val,M,21.676348,4.2165017
val,M,21.762459,4.4484363
val,M,21.79307,3.1593184
val,M,21.939028,3.4504528
val,M,22.236166,3.6230366
val,M,22.441723,3.3451567
val,M,22.297611,3.543336
val,M,21.908096,3.26632
val,M,21.498112,3.3558965
val,M,21.09457,3.1566076
val,M,20.72293,3.2684493
val,M,20.472305,3.0140998
val,M,20.36654,3.6733792
val,M,20.113222,3.5281227
val,M,19.641235,3.4743435
val,M,19.136833,3.3645043
val,M,18.650875,3.568367
val,M,18.18711,3.649214
val,M,17.554598,3.8428411
val,M,16.394833,3.1306233
val,M,14.756792,3.4406419
val,M,13.423041,3.8133206
val,M,12.897875,4.2314124
val,M,12.815833,6.54746
val,M,12.652638,7.764436
val,M,12.293834,7.985186
val,M,11.853181,4.3463674
val,M,11.523347,3.66044
val,M,11.492903,3.9014096
val,M,11.847625,3.9290123
val,M,12.325889,4.2269917
val,M,12.457958,3.435737
val,M,12.273084,4.198805
val,M,12.044444,4.8448577
val,M,11.777264,4.0118814
val,M,11.463555,3.2012591
val,M,11.333389,2.7306786
val,M,11.465333,4.001592
val,M,11.870236,3.0100863
val,M,12.661695,4.292907
val,M,13.691459,4.4502187
val,M,14.760236,4.0540514
val,M,15.775639,3.8307629
val,M,16.799597,3.66538
val,M,17.761986,2.5635293
val,M,18.61182,2.5284553
val,M,19.554167,4.124145
val,M,20.704945,4.8795867
val,M,21.907541,3.198672
val,M,22.542555,3.0855923
val,M,22.58957,3.2865787
val,M,22.372028,3.1421962
val,M,21.549597,3.3468552
val,M,20.035223,3.3208447
val,M,18.662987,3.1296718
val,M,18.287598,3.5508838
val,M,18.735653,3.615086
val,M,19.52632,3.9777336
val,M,20.499,3.0543256
val,M,21.507181,3.0279706
val,M,22.087292,3.2091603
val,M,22.024763,3.0989566
val,M,21.636944,3.0266788
val,M,21.203959,3.0353863
val,M,20.814096,3.0885215
val,M,20.427763,3.2333536
val,M,20.156,3.1384325
val,M,20.027847,3.1747751
val,M,19.915361,3.3145444
val,M,19.755306,3.012794
val,M,19.573055,2.9498181
val,M,19.35836,3.7540324
val,M,19.111626,4.1732802
val,M,18.840723,3.6611602
val,M,18.55007,3.0456924
val,M,18.32068,4.311721
val,M,18.175112,4.083912
val,M,18.131916,4.1042447
val,M,18.211166,4.516028
val,M,18.360458,4.2223287
val,M,18.502306,3.7386675
val,M,18.725124,3.5958118
val,M,18.82082,3.2863855
val,M,18.475306,4.5445027
val,M,17.90068,4.9354157
val,M,17.370861,4.6067357
val,M,16.924778,3.4652858
val,M,16.413834,3.099379
val,M,15.999888,3.8911936
val,M,15.725695,4.116031
val,M,15.567945,3.5906367
val,M,15.277208,4.219147
val,M,14.826639,4.186896
val,M,14.510028,3.865142
val,M,14.18925,4.263931
val,M,13.715652,3.459758
val,M,12.621445,3.8179026
val,M,10.956181,4.5208755
val,M,9.139514,3.7368045
val,M,7.1300416,3.579401
val,M,4.6519303,3.5751293
val,M,2.0417082,3.7607656
val,M,0.43429166,3.2539287
val,M,0.020652778,4.3393555
val,M,0.012916666,4.387981
val,M,0.016652778,4.3794346
val,M,0.0265,3.5316815
val,M,0.03488889,3.1788602
val,M,0.02425,3.9530683
val,M,0.018208334,3.004628
val,M,0.019722221,2.8156679
val,M,0.015819445,5.0137324
val,M,0.018569445,5.6861687
val,M,0.017083334,3.7971182
val,M,0.015027778,3.6809788
val,M,0.017430555,3.22041
val,M,0.018597223,2.540275
val,M,0.020791667,2.9235842
val,M,0.020583333,2.7812471
val,M,0.033486113,6.3270946
val,M,0.037722223,7.067879
val,M,0.027069444,4.0011196
val,M,0.023138888,2.8915641
val,M,0.018236112,3.2692313
val,M,0.014902778,2.9525611
val,M,0.013888889,3.062731
val,M,0.15858333,3.6159258
val,M,0.7968889,3.9261644
val,M,1.8556389,3.1883364
val,M,3.0205,3.2303672
val,M,3.7404583,3.7294855
val,M,4.3950834,4.312333
val,M,5.7363334,4.3818517
val,M,7.29475,4.295898
val,M,8.312195,4.1272902
val,M,8.759736,2.9490833
val,M,9.205375,4.1911907
val,M,9.531445,3.7071548
val,M,9.683444,3.6338344
val,M,9.953722,3.9880552
val,M,10.365639,3.626799
val,M,10.805098,3.796704
val,M,11.205958,4.5307517
val,M,11.526417,4.5391707
val,M,11.529861,4.168752
val,M,11.154388,2.9970276
val,M,10.682652,3.4524531
val,M,10.314777,4.322759
val,M,10.291208,4.08742
val,M,10.513805,3.9186523
val,M,10.555764,3.9193807
val,M,10.600513,3.866973
val,M,10.8359585,4.239591
val,M,10.914208,3.2847087
val,M,10.755861,3.9127846
val,M,10.626445,3.2067938
val,M,10.756986,3.9752884
val,M,11.099153,3.6669974
val,M,11.287084,3.2731693
val,M,11.238097,3.1775146
val,M,11.001056,2.9031909
val,M,10.371347,2.9899216
val,M,9.332653,2.8206348
val,M,7.7765417,2.8345215
val,M,6.8183055,2.768861
val,M,7.4838195,2.763598
val,M,8.708375,2.7542028
val,M,9.755042,2.6228516
val,M,10.694583,2.65371
val,M,11.516806,2.6305416
val,M,12.126653,2.6310835
val,M,12.518653,2.621178
val,M,12.72275,2.6141
val,M,12.782888,2.5667756
val,M,12.788875,2.5581856
val,M,12.805139,2.5629048
val,M,12.885764,2.5735602
val,M,13.041695,2.5991445
val,M,13.382931,2.5753841
val,M,13.968,2.5363872
val,M,14.498694,2.5318356
val,M,14.803583,2.528463
val,M,14.821153,3.0043125
val,M,14.603972,2.6910152
val,M,14.306014,3.0415428
val,M,14.126153,3.25341
val,M,14.078834,2.630715
val,M,14.009973,2.697206
val,M,13.895291,2.6635656
val,M,13.773986,3.0665336
val,M,13.598666,2.8562934
val,M,13.34743,2.6757336
val,M,13.027597,2.6895313
val,M,12.711736,2.755992
val,M,12.555388,2.7412233
val,M,12.536597,3.1941013
val,M,12.629541,2.815496
val,M,12.779959,2.9277012
val,M,12.863973,2.9481285
val,M,12.809375,3.0387552
val,M,12.740194,2.975754
val,M,12.702139,3.319442
val,M,12.653486,3.0520246
val,M,12.652638,3.3052902
val,M,12.616709,3.8630428
val,M,12.16425,2.9993806
val,M,11.257055,2.9156017
val,M,10.290944,3.1241236
val,M,9.440486,3.2021828
val,M,8.328278,3.2850611
val,M,6.47575,3.1328917
val,M,4.516444,3.0188866
val,M,3.099625,3.4036093
val,M,2.0770416,4.0983653
val,M,2.4265,3.9241936
val,M,3.984347,3.953743
val,M,5.4409165,4.097258
val,M,5.9260974,4.094194
val,M,5.452472,4.3031116
val,M,4.649542,4.7845197
val,M,3.4120696,3.449318
val,M,1.9689167,2.9751692
val,M,0.7140833,3.4835076
val,M,0.118152775,4.362061
val,M,0.059166666,2.866993
val,M,0.04140278,3.688924
val,M,0.022097223,3.3230329
val,M,0.018347222,3.15403
val,M,0.015111111,3.1444712
val,M,0.017347222,2.7914076
val,M,0.017375,2.8850965
val,M,0.0185,2.8838031
val,M,0.017888889,3.049986
val,M,0.016430555,3.5537817
val,M,0.016430555,4.3713355
val,M,0.019819444,3.1361527
val,M,0.022083333,3.5053225
val,M,0.021333333,3.4118395
val,M,0.020680556,3.2373335
val,M,0.017638888,2.907476
val,M,0.55775,2.8559399
val,M,2.2165139,2.9134479
val,M,4.027361,2.9668365
val,M,5.3090973,3.7727516
val,M,6.051639,3.525151
val,M,6.342014,3.4258876
val,M,6.7797637,3.6828806
val,M,7.559597,4.007459
val,M,8.459153,3.3487976
val,M,9.226694,2.8665743
val,M,9.693973,3.6517215
val,M,9.74825,4.1721387
val,M,9.6166115,4.4680657
val,M,9.657833,4.6247625
val,M,10.00675,4.682691
val,M,10.511056,4.8650303
val,M,10.990528,4.086937
val,M,11.456583,3.9577074
val,M,11.983556,3.7493057
val,M,12.377014,3.7752364
val,M,12.503125,3.3900561
val,M,12.492319,3.0480828
val,M,12.373375,3.3986511
val,M,12.147889,4.237175
val,M,11.938375,4.2519374
val,M,11.77875,3.9884036
val,M,11.577389,4.086983
val,M,11.431848,4.324942
val,M,11.506763,4.2311935
val,M,11.697166,4.903788
val,M,11.815153,4.8095427
val,M,11.75275,4.6381907
val,M,11.640513,4.5671353
val,M,11.652181,4.2468543
val,M,11.72932,4.04531
val,M,11.732125,4.4262786
val,M,11.52093,5.106963
val,M,11.204861,4.124859
val,M,11.025903,2.9077415
val,M,11.047778,3.0741205
val,M,11.182236,2.9316745
val,M,11.343764,3.0677414
val,M,11.538819,3.0638218
val,M,11.706069,2.60974
val,M,11.727153,3.5092087
val,M,11.240444,3.0749457
val,M,9.810098,3.2258897
val,M,7.5894446,6.758821
val,M,5.2159305,3.9725223
val,M,4.187,7.036949
val,M,5.258111,4.0484815
val,M,7.318681,3.4776273
val,M,9.365556,3.2042332
val,M,10.972736,3.4900315
val,M,12.002209,3.9554634
val,M,12.6281805,3.178571
val,M,13.06225,3.037364
val,M,13.345278,3.169703
val,M,13.457181,5.3627634
val,M,13.386764,5.594779
val,M,13.213708,3.0739183
val,M,13.079181,3.1132932
val,M,12.96743,3.563314
val,M,12.859487,3.3238056
val,M,12.758417,4.413734
val,M,12.339986,3.0687544
val,M,11.991305,3.19454
val,M,11.744861,3.4703784
val,M,11.326167,3.102622
val,M,11.266472,3.037313
val,M,11.707472,3.16538
val,M,12.031597,2.9282978
val,M,11.895541,3.4242835
val,M,11.6889305,2.540973
val,M,11.533153,2.884694
val,M,11.323625,2.5689497
val,M,10.739583,2.7281466
val,M,9.911597,3.4653165
val,M,9.165931,3.7143416
val,M,8.670111,2.862848
val,M,8.647264,2.9288046
val,M,8.887875,2.8161492
val,M,9.151709,3.7827888
val,M,9.572903,3.6634183
val,M,10.0720415,3.1654272
val,M,10.46693,3.3173933
val,M,10.725667,2.922523
val,M,10.633111,2.7863486
val,M,10.167167,2.9973378
val,M,9.586875,4.8002677
val,M,9.195736,5.3719687
val,M,9.058153,6.6700444
val,M,9.271222,5.036683
val,M,9.740916,2.9321861
val,M,10.094347,3.661893
val,M,10.162292,3.413346
val,M,9.915236,3.2633228
val,M,9.497042,3.0270026
val,M,9.178889,4.467978
val,M,9.274792,4.0072064
val,M,9.617986,2.9968936
val,M,9.705347,5.0635405
val,M,9.582027,5.21146
val,M,9.488861,3.0449204
val,M,9.4192915,3.6351156
val,M,9.216945,3.694164
val,M,8.829958,3.2367258
val,M,8.188541,3.2016196
val,M,7.3359027,3.2051687
val,M,6.6282363,3.0476525
val,M,6.172611,2.8608484
val,M,5.812278,2.7389483
val,M,5.4670973,2.8519976
val,M,5.4444165,2.8823397
val,M,5.6745834,2.7498226
val,M,5.8766527,2.7419388
val,M,6.062667,2.9605856
val,M,6.08325,2.6994324
val,M,6.161139,2.5671763
val,M,6.3532915,2.7299309
val,M,6.0297084,2.777761
val,M,5.5534167,3.859994
val,M,5.4835277,2.9484463
val,M,5.3509445,2.5329437
val,M,5.0252776,2.9402
val,M,4.366625,3.02951
val,M,3.4171388,3.0695915
val,M,2.4957778,3.1954517
val,M,1.7630278,2.81445
val,M,1.2670972,2.8292336
val,M,0.79693055,3.213791
val,M,0.30094445,4.5734744
val,M,0.033708334,3.3553467
val,M,0.016555555,3.7376056
val,M,0.015236111,3.1623044
val,M,0.017597223,3.0826156
val,M,0.023791667,3.1033502
val,M,0.024833333,3.2680635
val,M,0.030402778,3.2897053
val,M,0.24213889,3.317696
val,M,0.88925,3.6009984
val,M,1.8893472,3.4097247
val,M,2.8378055,3.8066885
val,M,3.6270833,3.260293
val,M,4.226097,2.8526325
val,M,4.4582915,3.5466375
val,M,4.477361,3.3332076
val,M,4.4579444,2.6308928
val,M,4.456111,2.4230733
val,M,4.471264,3.057117
val,M,4.5370555,4.5787435
val,M,4.6056666,4.8541417
val,M,4.825847,2.7478304
val,M,5.209903,2.423915
val,M,5.5603056,2.7108755
val,M,5.98,2.6777496
val,M,6.5319443,2.6684432
val,M,7.251639,2.8948452
val,M,8.038195,2.7006764
val,M,8.610431,2.690161
val,M,8.759389,2.9705703
val,M,8.626153,2.6917186
val,M,8.28225,3.8832865
val,M,7.618486,4.3585134
val,M,7.342389,2.8550777
val,M,7.9739585,2.9616156
val,M,9.0065975,2.5564625
val,M,9.888125,2.6548967
val,M,10.218736,2.8551245
val,M,10.072889,2.8962085
val,M,9.804625,2.9644573
val,M,9.69993,2.9380713
val,M,9.9354725,3.0448885
val,M,10.33668,2.9344244
val,M,10.695764,2.997343
val,M,10.851556,2.8980265
val,M,10.747889,2.9420114
val,M,10.4245,2.8352907
val,M,9.815042,2.7239642
val,M,8.961847,2.7765493
val,M,8.0035,2.3835423
val,M,7.04225,2.7066302
val,M,6.3031945,2.813942
val,M,5.8453193,2.7579927
val,M,5.359486,2.7615027
val,M,4.851792,2.751349
val,M,4.535681,2.532566
val,M,4.4545417,2.464027
val,M,4.741389,2.462954
val,M,4.97575,2.4683025
val,M,4.931972,2.5032835
val,M,5.1109166,2.6259344
val,M,5.5512223,2.8483472
val,M,5.9645414,4.299007
val,M,6.3129168,4.661164
val,M,6.596236,3.165607
val,M,6.787667,2.7935123
val,M,6.8942637,3.0030248
val,M,6.960111,3.3002896
val,M,6.9998193,3.173853
val,M,6.9077916,3.2956004
val,M,6.566583,3.332551
val,M,6.1571665,3.6157537
val,M,5.958153,3.8577747
val,M,6.1900415,2.8423643
val,M,6.937903,3.0433462
val,M,7.6959305,2.9127865
val,M,8.237987,3.1438098
val,M,8.732403,3.6413603
val,M,9.095403,3.3697834
val,M,9.385417,3.469147
val,M,9.747958,2.8876848
val,M,10.23575,3.410462
val,M,10.702361,3.2147002
val,M,11.101277,4.030649
val,M,11.641666,3.8144848
val,M,12.1409445,3.389277
val,M,12.4625,3.5183938
val,M,12.662861,3.9917617
val,M,12.650458,5.3692575
val,M,12.450236,5.200269
val,M,12.257055,3.1641212
val,M,12.18775,2.9171486
val,M,12.20025,3.0054183
val,M,12.225847,2.831674
val,M,12.216181,3.3061914
val,M,12.100486,3.290659
val,M,11.870611,3.7327363
val,M,11.633805,3.682914
val,M,11.3504305,2.9023714
val,M,10.942139,3.3345823
val,M,10.639556,3.0052886
val,M,10.718458,3.1774197
val,M,11.047694,2.9776244
val,M,11.394542,2.9705606
val,M,11.707694,3.0000713
val,M,12.006708,3.0087047
val,M,12.268666,2.9793134
val,M,12.437041,3.0097618
val,M,12.432292,3.0357928
val,M,12.2265415,2.9188566
val,M,12.062875,2.809263
val,M,12.135445,3.118472
val,M,12.346639,2.6122653
val,M,12.591084,2.634437
val,M,12.828347,2.714408
val,M,13.040903,2.793152
val,M,13.346056,2.8176453
val,M,13.7450695,2.762125
val,M,13.987722,2.721858
val,M,13.967597,2.7283406
val,M,13.771139,2.7319875
val,M,13.51068,2.7242985
val,M,13.25218,2.7015107
val,M,13.0037365,2.707751
val,M,12.860598,2.7009249
val,M,12.819195,2.7130272
val,M,12.793875,2.7249799
val,M,12.752542,2.723827
val,M,12.414763,2.7219858
val,M,11.504306,2.7348332
val,M,10.204166,2.7605715
val,M,9.089681,2.9217248
val,M,8.611459,2.607882
val,M,8.707152,2.648221
val,M,9.235139,2.707992
val,M,9.94818,2.715985
val,M,10.326555,3.460553
val,M,10.408083,4.6280966
val,M,10.647458,5.164318
val,M,10.972195,4.2201533
val,M,11.063736,2.471243
val,M,10.886389,2.479251
val,M,10.685445,3.7910738
val,M,10.610583,3.0558417
val,M,10.570514,4.777974
val,M,10.567028,5.482986
val,M,10.636528,4.45569
val,M,10.727111,4.4754086
val,M,10.834861,3.4276762
val,M,10.977917,2.4513946
val,M,11.122528,3.1565256
val,M,11.238958,2.8473012
val,M,11.330459,2.778079
val,M,11.356556,2.6644683
val,M,11.220125,2.775433
val,M,10.829458,2.8803382
val,M,10.356653,2.877738
val,M,9.831986,3.0105338
val,M,9.286597,4.31317
val,M,9.057083,6.3560214
val,M,9.31475,5.722963
val,M,9.868292,3.1162739
val,M,10.404639,3.274444
val,M,10.798264,3.428009
val,M,11.054764,3.1191492
val,M,11.260486,3.0981853
val,M,11.446139,2.9928408
val,M,11.6218195,2.7724278
val,M,11.781944,2.7621899
val,M,11.788333,2.6361656
val,M,11.643431,2.7082028
val,M,11.512667,2.714409
val,M,11.426736,2.733862
val,M,11.3705,2.735005
val,M,11.351597,2.7095642
val,M,11.373889,2.7333694
val,M,11.426139,2.6926045
val,M,11.412472,2.666754
val,M,11.416903,3.0341306
val,M,11.771584,3.263947
val,M,12.436597,2.7980695
val,M,13.121083,2.7899365
val,M,13.719973,2.749759
val,M,14.104875,2.7085648
val,M,14.206944,2.6788597
val,M,14.120611,2.7010977
val,M,13.9094305,2.6785414
val,M,13.690875,2.6917293
val,M,13.45168,2.6303763
val,M,13.059028,2.6582198
val,M,12.417347,2.81354
val,M,11.348945,2.7269506
val,M,9.77475,2.5568635
val,M,7.975611,2.6485505
val,M,6.0570693,2.6259973
val,M,4.2860694,2.70807
val,M,3.0922084,2.618451
val,M,2.259625,2.7527924
val,M,1.350125,2.6917067
val,M,0.47354168,2.56517
val,M,0.074194446,2.6054246
val,M,0.025041666,2.6647706
val,M,0.020027777,2.5378575
val,M,0.015875,2.6695843
val,M,0.019222222,2.6150284
val,M,0.025263889,2.6054883
val,Y1,3.2724721,2.6935315
val,Y1,4.0361667,2.9343867
val,Y1,4.66575,2.6121316
val,Y1,4.9021945,2.598328
val,Y1,4.8931527,2.2124882
val,Y1,4.866847,2.2480507
val,Y1,4.827389,2.6122842
val,Y1,4.7208056,2.1988137
val,Y1,4.527625,2.7801807
val,Y1,4.21025,2.7636008
val,Y1,3.5333471,2.576442
val,Y1,2.6105695,2.573393
val,Y1,1.7118889,3.3049436
val,Y1,0.91593057,3.3072367
val,Y1,0.35043055,5.1785555
val,Y1,0.086125,6.474219
val,Y1,0.024972223,6.054176
val,Y1,0.021833334,10.281409
val,Y1,0.024166666,4.566626
val,Y1,0.024847222,4.9098115
val,Y1,0.02575,4.5576625
val,Y1,0.042166665,5.659057
val,Y1,0.284,3.4224718
val,Y1,0.7812222,2.9445887
val,Y1,1.3260417,2.4570403
val,Y1,1.9125278,2.4604633
val,Y1,2.4304583,3.3035336
val,Y1,2.6381388,4.094685
val,Y1,2.25425,4.6768947
val,Y1,1.4279306,6.116877
val,Y1,0.55043054,5.7381825
val,Y1,0.06620833,5.0905147
val,Y1,0.01586111,4.676348
val,Y1,0.014652777,2.864276
val,Y1,0.017444445,3.8560538
val,Y1,0.019458333,5.2005405
val,Y1,0.016555555,7.2352543
val,Y1,0.01761111,7.939118
val,Y1,0.019111112,3.9656732
val,Y1,0.013611111,3.8480663
val,Y1,0.012430555,3.9260402
val,Y1,0.017888889,4.6024537
val,Y1,0.020069445,2.987668
val,Y1,0.022041667,5.2755585
val,Y1,0.022930555,4.2095976
val,Y1,0.01825,3.4526067
val,Y1,0.0150138885,4.945193
val,Y1,0.017361112,4.499388
val,Y1,0.017152777,3.072536
val,Y1,0.01675,4.658273
val,Y1,0.016541667,3.4219332
val,Y1,0.014375,2.519568
val,Y1,0.014402778,2.242703
val,Y1,0.015583334,2.2624204
val,Y1,0.017013889,2.7126846
val,Y1,0.015027778,4.280881
val,Y1,0.0136388885,5.99278
val,Y1,0.017,6.350254
val,Y1,0.015791666,6.596334
val,Y1,0.014777778,7.2206836
val,Y1,0.024388889,9.596813
val,Y1,0.029972222,8.243978
val,Y1,0.02476389,7.8700843
val,Y1,0.021625,9.313081
val,Y1,0.020569444,13.241818
val,Y1,0.018791666,14.326243
val,Y1,0.017583333,8.541066
val,Y1,0.016097222,7.2920537
val,Y1,0.018680556,8.038799
val,Y1,0.018069444,5.695353
val,Y1,0.015,10.208322
val,Y1,0.016402777,13.48616
val,Y1,0.017319445,9.864978
val,Y1,0.015819445,3.6205134
val,Y1,0.015791666,5.2171555
val,Y1,0.016625,11.5887575
val,Y1,0.012888889,9.394462
val,Y1,0.012361111,6.341351
val,Y1,0.01375,7.565858
val,Y1,0.015888888,8.140714
val,Y1,0.016972221,5.687802
val,Y1,0.014777778,6.4367204
val,Y1,0.01673611,6.4404836
val,Y1,0.02136111,3.1460216
val,Y1,0.021875,5.1682105
val,Y1,0.016652778,4.0392365
val,Y1,0.011888889,3.178339
val,Y1,0.0133472225,4.1406703
val,Y1,0.015402778,4.4955807
val,Y1,0.011833333,6.3774447
val,Y1,0.013041667,4.1508217
val,Y1,0.016458333,6.419894
val,Y1,0.016597223,5.653804
val,Y1,0.016847223,3.4919229
val,Y1,0.016347222,2.8994205
val,Y1,0.015152778,2.9803228
val,Y1,0.016402777,2.3851514
val,Y1,0.01625,2.4347765
val,Y1,0.016472222,2.5341628
val,Y1,0.016791666,2.129323
val,Y1,0.013236111,2.1218019
val,Y1,0.014652777,2.1345325
val,Y1,0.017347222,2.641453
val,Y1,0.01726389,2.363635
val,Y1,0.013958333,2.210908
val,Y1,0.0145,2.1243002
val,Y1,0.016458333,2.2457995
val,Y1,0.014569445,2.3060136
val,Y1,0.015305555,2.315825
val,Y1,0.015180555,2.161211
val,Y1,0.01913889,2.922665
val,Y1,0.017277777,3.9889414
val,Y1,0.01225,3.438918
val,Y1,0.013569444,4.9069
val,Y1,0.014347223,6.2758307
val,Y1,0.012708333,5.3997207
val,Y1,0.010513889,8.213032
val,Y1,0.012861111,15.539826
val,Y1,0.015291667,15.063339
val,Y1,0.016027778,9.756898
val,Y1,0.017291667,5.294281
val,Y1,0.020986112,7.7547317
val,Y1,0.018402778,4.03402
val,Y1,0.012819445,3.5782604
val,Y1,0.014319444,4.268659
val,Y1,0.015944444,3.9799004
val,Y1,0.014166667,3.8607652
val,Y1,0.013930555,6.4675665
val,Y1,0.012805556,7.1828
val,Y1,0.013625,4.8749347
val,Y1,0.020055555,8.835889
val,Y1,0.022458334,9.798205
val,Y1,0.018583333,9.493463
val,Y1,0.016361112,8.643596
val,Y1,0.018652778,3.4154954
val,Y1,0.020625,3.4641685
val,Y1,0.020861112,4.889568
val,Y1,0.017333332,3.497435
val,Y1,0.018291667,3.4530394
val,Y1,0.018194444,3.9963708
val,Y1,0.015152778,3.7651136
val,Y1,0.015569445,7.1191
val,Y1,0.0144305555,6.3302035
val,Y1,0.014611111,3.511716
val,Y1,0.017944444,3.4597893
val,Y1,0.018791666,3.0308862
val,Y1,0.015888888,3.932491
val,Y1,0.013736111,4.0546217
val,Y1,0.014736111,4.615544
val,Y1,0.014541667,3.5734696
val,Y1,0.010916667,3.1509826
val,Y1,0.012180556,4.571488
val,Y1,0.014958333,5.102739
val,Y1,0.014652777,6.326631
val,Y1,0.0154444445,9.503998
val,Y1,0.015138889,14.525488
val,Y1,0.016208334,18.703531
val,Y1,0.17445834,16.039536
val,Y1,0.40859723,4.607246
val,Y1,0.55690277,4.3520846
val,Y1,0.8831667,8.355039
val,Y1,1.1673194,6.5211635
val,Y1,1.0764722,9.639375
val,Y1,0.7220278,10.586093
val,Y1,0.38090277,12.048421
val,Y1,0.23219444,5.404676
val,Y1,0.14141667,8.424079
val,Y1,0.052875,9.947877
val,Y1,0.011569444,6.729199
val,Y1,0.01573611,8.103837
val,Y1,0.037458334,11.646998
val,Y1,0.3263889,3.8926344
val,Y1,0.8349444,5.519171
val,Y1,1.0287639,6.653585
val,Y1,0.58241665,9.166142
val,Y1,0.09847222,10.766301
val,Y1,0.08195833,6.062075
val,Y1,0.15783334,4.89883
val,Y1,0.109513886,5.238707
val,Y1,0.106458336,5.784402
val,Y1,0.9366111,6.997405
val,Y1,2.3517084,10.719358
val,Y1,3.4503472,11.507261
val,Y1,4.33025,5.8775997
val,Y1,4.928403,9.151692
val,Y1,5.2175694,8.179959
val,Y1,5.698125,8.328692
val,Y1,6.286556,6.8129396
val,Y1,6.555639,8.133994
val,Y1,6.6921387,6.2435603
val,Y1,6.889694,6.803902
val,Y1,7.073167,14.088634
val,Y1,6.8265557,7.3953753
val,Y1,6.1151805,12.228051
val,Y1,5.071625,17.161589
val,Y1,3.626375,7.815415
val,Y1,2.1644444,7.9453697
val,Y1,1.0835278,5.6938205
val,Y1,0.5215833,6.734384
val,Y1,0.31561112,5.5579367
val,Y1,0.14980556,7.2948823
val,Y1,0.029291667,4.6040087
val,Y1,0.020055555,3.9072356
val,Y1,0.019208333,4.7560105
val,Y1,0.018986112,5.657376
val,Y1,0.017236112,4.8174415
val,Y1,0.018375,7.585489
val,Y1,0.07238889,6.5634246
val,Y1,0.6625417,4.2250004
val,Y1,1.8485,4.6051087
val,Y1,2.7335835,5.3012867
val,Y1,3.2072778,5.5236564
val,Y1,4.1391807,5.016252
val,Y1,4.971375,4.726031
val,Y1,5.0848055,5.7638373
val,Y1,4.9367223,5.2569985
val,Y1,4.640625,6.0324483
val,Y1,4.3145137,8.571748
val,Y1,3.929,4.995712
val,Y1,3.4380417,12.870637
val,Y1,3.2117639,15.735803
val,Y1,3.917361,10.766038
val,Y1,4.7901945,11.199487
val,Y1,5.278514,10.8763075
val,Y1,5.9398193,7.019112
val,Y1,6.647,6.9232316
val,Y1,7.2645,5.5457373
val,Y1,7.9140835,10.028169
val,Y1,8.659513,7.35941
val,Y1,9.37982,4.568007
val,Y1,10.074695,7.3997464
val,Y1,10.597417,14.7619505
val,Y1,10.861195,3.703936
val,Y1,11.224195,3.9109032
val,Y1,11.7699585,8.32772
val,Y1,12.298195,18.135597
val,Y1,12.764042,10.453744
val,Y1,13.279458,6.046687
val,Y1,13.804611,9.954543
val,Y1,14.016848,3.771765
val,Y1,13.850472,2.7280133
val,Y1,13.757916,5.64544
val,Y1,14.014472,9.57023
val,Y1,14.342944,9.66244
val,Y1,14.741722,7.0447116
val,Y1,15.393389,9.514971
val,Y1,16.10279,21.474985
val,Y1,16.692305,21.76066
val,Y1,17.145416,15.560745
val,Y1,17.576653,13.39889
val,Y1,18.009972,12.976672
val,Y1,18.44464,8.169961
val,Y1,18.931889,10.59599
val,Y1,19.217154,9.762487
val,Y1,19.249666,9.997278
val,Y1,19.183666,5.636971
val,Y1,20.147,6.8094683
val,Y1,20.67904,7.1407747
val,Y1,20.33336,8.091597
val,Y1,20.230556,8.211902
val,Y1,20.010292,10.331639
val,Y1,19.830236,17.11581
val,Y1,19.478083,9.810973
val,Y1,19.323584,10.959413
val,Y1,19.323944,10.780791
val,Y1,19.274763,9.550641
val,Y1,19.232111,6.0982594
val,Y1,19.407291,6.9968696
val,Y1,19.512793,5.943723
val,Y1,19.22725,9.027096
val,Y1,18.865208,11.750308
val,Y1,18.533625,9.577519
val,Y1,18.21404,11.141725
val,Y1,18.197763,15.786241
val,Y1,18.38293,11.687127
val,Y1,18.400625,10.843257
val,Y1,18.215569,11.089622
val,Y1,17.849264,10.963761
val,Y1,15.528736,8.787328
val,Y1,10.505472,11.436238
val,Y1,6.945903,9.886065
val,Y1,6.6250696,10.528652
val,Y1,7.6330557,8.23588
val,Y1,10.197166,5.823508
val,Y1,14.880083,5.057297
val,Y1,17.60132,8.870136
val,Y1,17.459097,7.860226
val,Y1,17.433971,7.2367682
val,Y1,17.368986,4.759992
val,Y1,17.247375,6.3188562
val,Y1,17.22368,12.769214
val,Y1,17.363792,10.577952
val,Y1,17.474,7.623321
val,Y1,17.168417,10.251676
val,Y1,16.481375,7.970555
val,Y1,15.852153,7.764403
val,Y1,15.462916,9.18356
val,Y1,15.399487,8.873796
val,Y1,15.599264,9.156892
val,Y1,15.876805,8.367322
val,Y1,16.197666,8.177718
val,Y1,16.542347,6.4056544
val,Y1,16.911625,5.667713
val,Y1,17.303194,6.909044
val,Y1,17.722416,7.0026927
val,Y1,18.063972,6.858896
val,Y1,18.130985,10.279739
val,Y1,18.01668,10.461163
val,Y1,17.946514,10.341956
val,Y1,17.947111,6.3355794
val,Y1,17.939264,11.136193
val,Y1,17.936111,17.529345
val,Y1,17.95561,15.285225
val,Y1,17.96089,13.131701
val,Y1,17.98543,9.790727
val,Y1,18.053389,4.838811
val,Y1,17.994736,9.429915
val,Y1,17.959625,10.274938
val,Y1,17.972279,6.3258643
val,Y1,17.936861,11.335562
val,Y1,17.905598,11.314365
val,Y1,17.828222,6.5473194
val,Y1,17.521791,4.34362
val,Y1,17.505556,4.36228
val,Y1,17.654417,3.9492576
val,Y1,17.514875,5.5677485
val,Y1,17.521166,6.2038865
val,Y1,17.622139,5.7077227
val,Y1,17.777472,7.027851
val,Y1,17.958347,7.0548797
val,Y1,18.166666,10.0845995
val,Y1,18.259874,10.127068
val,Y1,18.320765,9.244288
val,Y1,18.403486,6.431644
val,Y1,18.429375,5.8875847
val,Y1,18.246305,4.532864
val,Y1,17.864319,3.4296074
val,Y1,17.491459,3.097905
val,Y1,17.0625,2.8745182
val,Y1,16.828028,2.8304105
val,Y1,16.736431,2.9085362
val,Y1,16.610374,2.812218
val,Y1,16.498514,2.8754458
val,Y1,16.375292,2.7098033
val,Y1,16.284555,2.6906075
val,Y1,16.333,2.8548641
val,Y1,16.406403,2.8796723
val,Y1,16.600973,3.0975509
val,Y1,16.943472,2.88094
val,Y1,17.140194,2.8377295
val,Y1,17.262388,2.8178735
val,Y1,17.362,2.8683076
val,Y1,17.45836,2.862796
val,Y1,17.46107,2.8361373
val,Y1,17.376625,2.754764
val,Y1,17.299917,2.7267356
val,Y1,17.230347,2.7426326
val,Y1,17.15071,2.747047
val,Y1,17.001583,2.7737436
val,Y1,16.745125,2.783197
val,Y1,16.371098,2.7838166
val,Y1,15.884848,2.7396202
val,Y1,15.227597,2.7600222
val,Y1,14.467389,2.717639
val,Y1,13.912389,2.741083
val,Y1,13.5477915,2.757244
val,Y1,13.13325,2.7595258
val,Y1,12.735473,2.7484205
val,Y1,12.301431,2.7473845
val,Y1,12.051306,2.6899786
val,Y1,12.163889,2.8193681
val,Y1,12.404347,2.691062
val,Y1,12.730306,2.7023234
val,Y1,13.097153,2.9031973
val,Y1,13.375139,2.9762568
val,Y1,13.394444,3.260651
val,Y1,13.100166,3.0053449
val,Y1,12.041708,2.9469798
val,Y1,10.301139,3.4809756
val,Y1,9.568375,4.3735147
val,Y1,9.640667,2.2412865
val,Y1,9.274777,2.5403676
val,Y1,9.511945,2.7033637
val,Y1,10.182472,2.648854
val,Y1,10.268222,2.6483521
val,Y1,10.024917,2.6868954
val,Y1,9.810875,2.7073328
val,Y1,9.756708,2.775417
val,Y1,9.860042,2.702314
val,Y1,10.142097,2.7093396
val,Y1,10.527014,2.7192245
val,Y1,10.8805,2.7707114
val,Y1,11.2034025,2.6353893
val,Y1,11.534653,2.933909
val,Y1,11.828042,2.8744795
val,Y1,11.961667,2.991802
val,Y1,11.976722,2.8420656
val,Y1,11.93557,2.7826517
val,Y1,11.9064865,2.7381976
val,Y1,11.896264,3.0913248
val,Y1,11.507903,2.1736078
val,Y1,10.652903,2.3075492
val,Y1,9.487597,2.8253088
val,Y1,8.215083,2.7228885
val,Y1,7.389375,2.7529955
val,Y1,7.3343472,2.8349605
val,Y1,7.834361,2.7939668
val,Y1,8.550361,2.698295
val,Y1,9.259973,2.71973
val,Y1,9.774195,2.771169
val,Y1,9.996764,2.8544638
val,Y1,10.094014,2.7204237
val,Y1,10.072473,2.7889242
val,Y1,9.943306,3.0203724
val,Y1,10.022889,2.832342
val,Y1,10.348722,2.751699
val,Y1,10.684875,2.9091916
val,Y1,10.914319,2.8241706
val,Y1,10.932028,2.791476
val,Y1,10.772611,2.8890831
val,Y1,10.579708,2.7486253
val,Y1,10.375986,2.6769161
val,Y1,10.158597,3.0705342
val,Y1,9.228861,3.2933881
val,Y1,7.792028,3.9935856
val,Y1,6.659236,4.851502
val,Y1,5.6275554,5.052198
val,Y1,5.0069165,5.0964227
val,Y1,4.8743057,3.8189538
val,Y1,5.2215695,3.1887577
val,Y1,5.7111526,2.9431586
val,Y1,5.8811946,4.2026477
val,Y1,5.9721947,4.667504
val,Y1,5.8419166,2.919035
val,Y1,5.325,2.6156669
val,Y1,4.404139,2.5815904
val,Y1,3.5350277,2.6145399
val,Y1,2.7463195,2.9005487
val,Y1,1.734125,3.2323737
val,Y1,0.84033334,4.4778624
val,Y1,0.2518889,4.5477624
val,Y1,0.029625,6.3969064
val,Y1,0.018888889,6.4075923
val,Y1,0.017111111,9.328143
val,Y1,0.021638889,8.76171
val,Y1,0.021291668,11.414275
val,Y1,0.020541666,9.007244
val,Y1,0.018902779,7.9439273
val,Y1,0.016208334,7.1003985
val,Y1,0.019194445,5.6989694
val,Y1,0.018847222,6.2410293
val,Y1,0.015486111,6.895842
val,Y1,0.02088889,3.40974
val,Y1,0.024236111,2.6092277
val,Y1,0.020361455,2.3212757
val,Y1,0.017849453,2.0826917
val,Y1,0.01806097,2.1239738
val,Y1,0.01806425,2.1282337
val,Y1,0.018067531,2.0716743
val,Y1,0.018070811,2.1911297
val,Y1,0.018074092,2.1121216
val,Y1,0.018077374,2.0900273
val,Y1,0.018080654,2.08934
val,Y1,0.018083936,2.1685581
val,Y1,0.018087216,2.1097484
val,Y1,0.018090496,2.102529
val,Y1,0.018093778,2.0795884
val,Y1,0.018097058,2.1325436
val,Y1,0.01810034,2.150617
val,Y1,0.01810362,2.140757
val,Y1,0.0181069,2.1450324
val,Y1,0.018110182,2.1578193
val,Y1,0.018113462,2.0790138
val,Y1,0.018116742,2.1210313
val,Y1,0.018120024,2.1375966
val,Y1,0.018123304,2.0736709
val,Y1,0.018126586,2.1816568
val,Y1,0.018129867,2.963513
val,Y1,0.018133147,4.247051
val,Y1,0.018136429,4.9442444
val,Y1,0.018139709,5.150215
val,Y1,0.01814299,4.8555646
val,Y1,0.01814627,10.926745
val,Y1,0.018149551,6.483676
val,Y1,0.018152833,5.356555
val,Y1,0.018156113,4.009584
val,Y1,0.018159393,4.94428
val,Y1,0.018162675,4.5218463
val,Y1,0.018165955,2.7253885
val,Y1,0.018169237,2.5669942
val,Y1,0.018172517,2.1488454
val,Y1,0.018175798,2.087231
val,Y1,0.01817908,2.2320747
val,Y1,0.01818236,2.2888775
val,Y1,0.018185642,2.5690346
val,Y1,0.018188922,2.5355015
val,Y1,0.018192202,2.4392567
val,Y1,0.018195484,2.60231
val,Y1,0.018198764,2.292137
val,Y1,0.018202046,2.297431
val,Y1,0.018205326,2.6860135
val,Y1,0.018208606,2.608993
val,Y1,0.018211888,2.2272525
val,Y1,0.018215168,2.2564242
val,Y1,0.018218448,2.3798866
val,Y1,0.01822173,2.3232675
val,Y1,0.01822501,2.1674767
val,Y1,0.018228292,2.2674143
val,Y1,0.018231573,2.7319856
val,Y1,0.018234853,2.7520137
val,Y1,0.018238135,2.233711
val,Y1,0.018241415,2.5375164
val,Y1,0.018244697,2.7224722
val,Y1,0.018247977,2.3058333
val,Y1,0.018251257,2.5650325
val,Y1,0.018254539,2.7524266
val,Y1,0.01825782,2.4806933
val,Y1,0.018261101,2.3949373
val,Y1,0.018264381,2.482115
val,Y1,0.018267661,2.5517893
val,Y1,0.018270943,2.3070643
val,Y1,0.018274223,2.3076944
val,Y1,0.018277504,3.8372512
val,Y1,0.018280786,7.237529
val,Y1,0.018284066,9.097472
val,Y1,0.018287348,8.5426445
val,Y1,0.018290628,8.028885
val,Y1,0.018293908,3.9255605
val,Y1,0.01829719,4.1825633
val,Y1,0.01830047,4.7630043
val,Y1,0.018303752,5.890989
val,Y1,0.018307032,6.2514353
val,Y1,0.018310312,4.6153865
val,Y1,0.018313594,4.785234
val,Y1,0.018316874,5.378985
val,Y1,0.018320154,5.3947177
val,Y1,0.018323436,6.411641
val,Y1,0.018326716,9.19761
val,Y1,0.018329998,7.632216
val,Y1,0.018333279,8.376564
val,Y1,0.018336559,12.816544
val,Y1,0.01833984,6.6618657
val,Y1,0.01834312,7.908951
val,Y1,0.018346403,9.56492
val,Y1,0.018349683,11.018775
val,Y1,0.018352963,5.544502
val,Y1,0.018356245,6.6638055
val,Y1,0.018359525,4.3188767
val,Y1,0.018362807,10.620125
val,Y1,0.018366087,13.415386
val,Y1,0.018369367,6.9094806
val,Y1,0.01837265,13.352576
val,Y1,0.01837593,7.369527
val,Y1,0.01837921,9.214048
val,Y1,0.018382492,5.866789
val,Y1,0.018385772,7.1629534
val,Y1,0.018389054,9.2921
val,Y1,0.018392334,6.9231925
val,Y1,0.018395614,7.8590517
val,Y1,0.018398896,7.4622617
val,Y1,0.018402176,7.0909734
val,Y1,0.018405458,6.746449
val,Y1,0.018408738,10.609455
val,Y1,0.018412018,7.860382
val,Y1,0.0184153,6.581114
val,Y1,0.01841858,10.656201
val,Y1,0.01842186,9.997373
val,Y1,0.018425142,7.636788
val,Y1,0.018428423,7.489169
val,Y1,0.018431704,6.6246114
val,Y1,0.018434985,5.9668727
val,Y1,0.018438265,6.797174
val,Y1,0.018441547,4.799751
val,Y1,0.018444827,7.873481
val,Y1,0.018448109,5.9814935
val,Y1,0.018451389,4.26668
val,Y1,0.018454669,5.056852
val,Y1,0.018457951,4.582395
val,Y1,0.018461231,4.387611
val,Y1,0.018464513,7.478308
val,Y1,0.018467793,10.026552
val,Y1,0.018471073,7.309721
val,Y1,0.018474355,6.179954
val,Y1,0.018477635,9.914569
val,Y1,0.018480916,4.69091
val,Y1,0.018484198,3.234787
val,Y1,0.018487478,3.6336012
val,Y1,0.01849076,2.5719051
val,Y1,0.01849404,2.8819761
val,Y1,0.01849732,3.4908528
val,Y1,0.018500602,3.923483
val,Y1,0.018503882,4.034407
val,Y1,0.018507164,3.9304373
val,Y1,0.018510444,3.2389586
val,Y1,0.018513724,4.041268
val,Y1,0.018517006,4.192982
val,Y1,0.018520286,3.0550528
val,Y1,0.018523568,2.8810139
val,Y1,0.018526848,2.5038567
val,Y1,0.018530129,2.513845
val,Y1,0.01853341,2.1880662
val,Y1,0.01853669,2.4185073
val,Y1,0.01853997,2.3342957
val,Y1,0.018543253,2.1533835
val,Y1,0.018546533,2.1525123
val,Y1,0.018549815,2.1409967
val,Y1,0.018553095,2.0888784
val,Y1,0.018556375,2.1271288
val,Y1,0.018559657,2.8527222
val,Y1,0.018562937,2.8518841
val,Y1,0.01856622,2.9447608
val,Y1,0.0185695,3.116243
val,Y1,0.01857278,2.9074368
val,Y1,0.018576061,3.2344582
val,Y1,0.018579341,3.8585362
val,Y1,0.018582622,3.603642
val,Y1,0.018585904,4.6168976
val,Y1,0.018589184,8.510918
val,Y1,0.018592466,4.697447
val,Y1,0.018595746,7.9057117
val,Y1,0.018599026,10.783973
val,Y1,0.018602308,6.649079
val,Y1,0.018605588,5.055489
val,Y1,0.01860887,3.7699409
val,Y1,0.01861215,3.2560058
val,Y1,0.01861543,4.616736
val,Y1,0.018618712,4.831063
val,Y1,0.018621992,4.651154
val,Y1,0.018625274,7.837341
val,Y1,0.018628554,8.070035
val,Y1,0.018631835,15.819946
val,Y1,0.018635117,17.38575
val,Y1,0.018638397,6.162194
val,Y1,0.018641677,9.262287
val,Y1,0.018644959,9.683436
val,Y1,0.018648239,9.174272
val,Y1,0.01865152,8.178443
val,Y1,0.018654801,11.283452
val,Y1,0.018658081,9.549761
val,Y1,0.018661363,8.099736
val,Y1,0.018664643,9.161931
val,Y1,0.018667925,5.6846995
val,Y1,0.018671205,7.511859
val,Y1,0.018674485,6.8776727
val,Y1,0.018677767,11.664509
val,Y1,0.018681047,8.148591
val,Y1,0.018684328,9.814788
val,Y1,0.01868761,8.462264
val,Y1,0.01869089,9.554154
val,Y1,0.018694172,3.9765384
val,Y1,0.018697452,3.9025822
val,Y1,0.018700732,3.892283
val,Y1,0.018704014,5.3967996
val,Y1,0.018707294,4.296139
val,Y1,0.018710576,5.493357
val,Y1,0.018713856,7.8073735
val,Y1,0.018717136,6.047979
val,Y1,0.018720418,7.822833
val,Y1,0.018723698,10.882627
val,Y1,0.01872698,13.879701
val,Y1,0.01873026,4.8397646
val,Y1,0.01873354,4.359417
val,Y1,0.018736823,5.9502096
val,Y1,0.018740103,8.081109
val,Y1,0.018743383,4.7673154
val,Y1,0.018746665,4.257525
val,Y1,0.018749945,4.771982
val,Y1,0.018753227,2.7341604
val,Y1,0.018756507,2.4732335
val,Y1,0.018759787,2.3452892
val,Y1,0.018763069,2.1901588
val,Y1,0.01876635,2.405706
val,Y1,0.018769631,2.1874115
val,Y1,0.018772911,2.169209
val,Y1,0.018776191,2.3878746
val,Y1,0.018779473,2.160033
val,Y1,0.018782753,2.3408225
val,Y1,0.018786035,2.136124
val,Y1,0.018789316,2.2517881
val,Y1,0.018792596,2.3720872
val,Y1,0.018795878,2.1956396
val,Y1,0.018799158,2.4021795
val,Y1,0.018802438,2.248089
val,Y1,0.01880572,2.197177
val,Y1,0.018809,2.3990061
val,Y1,0.018812282,2.465386
val,Y1,0.018815562,2.1867886
val,Y1,0.018818842,2.175343
val,Y1,0.018822124,2.357114
val,Y1,0.018825404,2.4320612
val,Y1,0.018828686,2.3803062
val,Y1,0.018831966,2.1784272
val,Y1,0.018835247,2.2323744
val,Y1,0.018838529,2.2759042
val,Y1,0.018841809,2.2224617
val,Y1,0.018845089,2.4169865
val,Y1,0.01884837,2.2289243
val,Y1,0.01885165,2.1947403
val,Y1,0.018854933,2.3395405
val,Y1,0.018858213,2.258907
val,Y1,0.018861493,3.9834385
val,Y1,0.018864775,3.9855738
val,Y1,0.018868055,6.079581
val,Y1,0.018871337,7.0519543
val,Y1,0.018874617,11.625395
val,Y1,0.018877897,9.922866
val,Y1,0.01888118,13.722711
val,Y1,0.01888446,8.304104
val,Y1,0.016512396,15.90802
val,Y1,0.012819346,11.30454
val,Y1,0.009847222,16.129105
val,Y1,0.011777778,15.674176
val,Y1,0.013375,16.025011
val,Y1,0.011930555,15.169186
val,Y1,0.012986111,16.00771
val,Y1,0.013652778,12.487893
val,Y1,0.013402778,9.669032
val,Y1,0.05226389,9.622862
val,Y1,0.27926388,11.537118
val,Y1,0.6620139,10.10407
val,Y1,1.1225694,17.06677
val,Y1,1.5672916,18.84462
val,Y1,1.8522917,10.664887
val,Y1,2.0977917,12.714146
val,Y1,2.516528,10.516463
val,Y1,2.9073195,11.016845
val,Y1,3.0822778,8.439301
val,Y1,3.123,12.62212
val,Y1,2.988875,9.1133995
val,Y1,2.400861,5.4386773
val,Y1,1.23775,5.454245
val,Y1,0.35059723,11.970587
val,Y1,0.41793054,10.407681
val,Y1,0.90434724,11.212012
val,Y1,1.1666944,7.4226394
val,Y1,1.2451528,14.352759
val,Y1,1.2584862,13.341102
val,Y1,1.2060833,18.227894
val,Y1,0.9236111,15.866956
val,Y1,0.36070833,8.763024
val,Y1,0.049694445,13.996825
val,Y1,0.29043055,13.381537
val,Y1,0.8336389,10.842355
val,Y1,1.5254444,7.448
val,Y1,2.165111,16.182749
val,Y1,2.592264,14.15331
val,Y1,2.9049582,10.786218
val,Y1,3.099347,5.7158055
val,Y1,3.3400555,7.969824
val,Y1,3.8719306,10.466601
val,Y1,4.633861,10.927534
val,Y1,5.4003887,6.4158835
val,Y1,5.9755,7.3967032
val,Y1,6.205097,11.822742
val,Y1,6.202083,10.251082
val,Y1,6.1430693,5.469314
val,Y1,5.6445417,5.168202
val,Y1,4.4175835,8.322914
val,Y1,2.9714305,7.333485
val,Y1,1.8333611,7.5213976
val,Y1,0.97920835,7.50738
val,Y1,0.7131111,6.9823766
val,Y1,1.14525,7.4709945
val,Y1,1.9634861,11.736779
val,Y1,2.911,14.065307
val,Y1,3.8950694,13.979177
val,Y1,4.9987917,22.06222
val,Y1,6.056847,15.226914
val,Y1,6.92075,11.504693
val,Y1,7.6780415,15.07244
val,Y1,8.555166,17.000664
val,Y1,9.535708,12.0629225
val,Y1,10.455778,8.507561
val,Y1,11.2295,13.740296
val,Y1,11.838514,8.745574
val,Y1,12.065348,6.6337833
val,Y1,12.080292,4.325187
val,Y1,12.256541,8.183334
val,Y1,12.463305,10.983978
val,Y1,12.484153,9.765918
val,Y1,12.363833,10.23446
val,Y1,12.377277,12.742862
val,Y1,12.587569,8.312645
val,Y1,12.894111,7.524812
val,Y1,13.342875,7.7480464
val,Y1,13.910403,11.844559
val,Y1,14.289,8.571697
val,Y1,14.349764,4.9014764
val,Y1,14.23793,8.910805
val,Y1,14.056916,19.388733
val,Y1,13.9235,17.305792
val,Y1,13.912945,6.8647327
val,Y1,13.929861,3.9850173
val,Y1,13.819639,8.005944
val,Y1,13.481944,7.840816
val,Y1,12.911153,4.036574
val,Y1,12.06768,7.7855964
val,Y1,10.977597,10.703802
val,Y1,9.694208,15.419164
val,Y1,8.247458,14.345388
val,Y1,6.721208,12.094468
val,Y1,5.1430974,7.493473
val,Y1,3.770347,3.5381408
val,Y1,2.8632638,4.9066157
val,Y1,2.2451944,5.334068
val,Y1,1.6204306,3.9282932
val,Y1,0.9358472,3.439426
val,Y1,0.34590277,4.6344767
val,Y1,0.05976389,10.998935
val,Y1,0.015722223,10.107636
val,Y1,0.016763888,7.231936
val,Y1,0.023055555,5.026137
val,Y1,0.019694444,5.0652995
val,Y1,0.01625,4.2981772
val,Y1,0.016819444,4.417462
val,Y1,0.015611111,4.780225
val,Y1,0.027055556,3.972223
val,Y1,0.27958333,5.842253
val,Y1,1.1204584,7.191471
val,Y1,2.5385833,7.1716523
val,Y1,4.137,7.498469
val,Y1,5.582556,7.1457934
val,Y1,6.626764,8.327379
val,Y1,7.448111,7.588385
val,Y1,8.34182,11.587471
val,Y1,9.253695,7.225215
val,Y1,10.030736,6.081205
val,Y1,10.548708,6.713921
val,Y1,10.908389,4.6019425
val,Y1,11.162403,8.674945
val,Y1,11.2381525,13.020396
val,Y1,11.214486,18.192812
val,Y1,11.2583475,16.652449
val,Y1,11.380764,20.354387
val,Y1,11.549069,12.667254
val,Y1,11.627264,11.509851
val,Y1,11.690625,14.364987
val,Y1,11.998278,15.882329
val,Y1,12.446569,6.2925363
val,Y1,12.832861,8.066039
val,Y1,12.906555,7.3242226
val,Y1,12.604611,5.277719
val,Y1,12.208777,4.622952
val,Y1,11.819458,5.811665
val,Y1,11.562695,9.378145
val,Y1,11.497347,6.0156674
val,Y1,11.592292,6.1256785
val,Y1,11.844736,12.685927
val,Y1,12.197611,11.723472
val,Y1,12.646055,5.7695794
val,Y1,13.136541,10.539931
val,Y1,13.635959,9.08814
val,Y1,14.11307,11.40915
val,Y1,14.524972,11.284561
val,Y1,14.891111,9.997182
val,Y1,15.283556,10.289968
val,Y1,15.6895,15.0121565
val,Y1,16.079153,15.030245
val,Y1,16.435097,10.121043
val,Y1,16.510445,9.764424
val,Y1,16.312374,5.959554
val,Y1,16.082624,9.001148
val,Y1,15.7925,6.5648704
val,Y1,15.525431,6.9163804
val,Y1,15.364264,6.0128894
val,Y1,15.29718,3.882937
val,Y1,15.331889,3.7555017
val,Y1,15.437083,4.0036383
val,Y1,15.630931,4.7584414
val,Y1,15.872945,7.3124433
val,Y1,16.082111,8.136113
val,Y1,16.317959,9.681212
val,Y1,16.56143,7.5760975
val,Y1,16.804235,4.7782073
val,Y1,16.988806,9.752472
val,Y1,16.940416,7.047438
val,Y1,16.799791,4.881375
val,Y1,16.709515,6.202113
val,Y1,16.630598,4.823567
val,Y1,16.607098,3.6672194
val,Y1,16.627832,3.146119
val,Y1,16.653473,3.0651317
val,Y1,16.57868,3.523769
val,Y1,16.313652,4.123354
val,Y1,16.071583,3.6734335
val,Y1,15.952917,4.4601736
val,Y1,15.895486,5.3275943
val,Y1,15.885612,5.64356
val,Y1,15.966625,6.140261
val,Y1,16.159737,8.123517
val,Y1,16.42125,5.6214013
val,Y1,16.705805,5.653062
val,Y1,16.945333,7.2794547
val,Y1,17.098667,6.661459
val,Y1,17.167236,3.4720912
val,Y1,17.073889,3.6794264
val,Y1,16.726875,4.8333955
val,Y1,16.441236,9.293424
val,Y1,16.27557,9.344502
val,Y1,16.052055,10.87391
val,Y1,15.857653,9.996578
val,Y1,15.649611,5.9541707
val,Y1,15.458333,6.4696975
val,Y1,15.470278,4.647368
val,Y1,15.5842085,3.9846365
val,Y1,15.671958,4.408192
val,Y1,15.92857,7.935026
val,Y1,16.2835,9.243132
val,Y1,16.604347,6.9893527
val,Y1,16.764668,5.2876797
val,Y1,16.61789,6.158783
val,Y1,16.411985,5.96353
val,Y1,16.44318,7.5709805
val,Y1,16.545458,7.7396007
val,Y1,16.59143,6.0083704
val,Y1,16.688055,5.004742
val,Y1,16.914625,4.9945865
val,Y1,17.325945,4.573062
val,Y1,17.533138,5.4762664
val,Y1,17.588041,7.048841
val,Y1,17.688765,6.3403225
val,Y1,17.78814,4.925061
val,Y1,18.01582,4.887975
val,Y1,15.839056,5.25284
val,Y1,13.06975,4.1893716
val,Y1,15.074513,6.972672
val,Y1,16.851902,7.9718146
val,Y1,16.834139,5.500049
val,Y1,16.396444,8.236144
val,Y1,16.172348,9.726283
val,Y1,17.030987,5.6989026
val,Y1,17.049765,7.0144777
val,Y1,17.15157,5.4691243
val,Y1,17.264833,7.484969
val,Y1,17.388708,7.0907407
val,Y1,17.613972,5.3369064
val,Y1,17.924862,6.9678535
val,Y1,18.118166,4.147981
val,Y1,18.042418,4.4001627
val,Y1,17.829348,3.098753
val,Y1,17.694986,5.406076
val,Y1,17.438972,5.271185
val,Y1,17.35868,10.150195
val,Y1,17.422361,12.076791
val,Y1,17.213015,11.016099
val,Y1,16.877972,10.679982
val,Y1,16.497194,10.49936
val,Y1,14.653625,9.201316
val,Y1,11.107986,9.279924
val,Y1,9.679402,8.543843
val,Y1,10.669209,5.9244614
val,Y1,13.229139,6.2947
val,Y1,17.254055,8.172628
val,Y1,18.730694,8.832173
val,Y1,15.910986,4.4103255
val,Y1,14.774458,4.226012
val,Y1,15.639806,4.613562
val,Y1,15.150069,5.475099
val,Y1,14.81932,14.8855715
val,Y1,14.599305,12.771104
val,Y1,14.439445,9.948762
val,Y1,14.37975,11.781579
val,Y1,14.466695,15.419499
val,Y1,14.660403,4.6807866
val,Y1,14.927097,3.9550836
val,Y1,15.255542,5.4102397
val,Y1,15.603472,5.4770503
val,Y1,15.894764,6.855042
val,Y1,16.031403,7.100724
val,Y1,16.035069,10.709735
val,Y1,15.958514,8.479255
val,Y1,15.795806,8.712071
val,Y1,15.670167,5.72675
val,Y1,15.586708,5.65985
val,Y1,15.487111,3.3643026
val,Y1,15.4928055,3.436617
val,Y1,15.613847,13.335251
val,Y1,15.790944,13.611104
val,Y1,16.003736,5.9770093
val,Y1,16.208847,7.1500235
val,Y1,16.425306,4.573449
val,Y1,16.680792,3.427517
val,Y1,16.94293,2.9088452
val,Y1,17.042973,3.8929787
val,Y1,17.007181,4.3786383
val,Y1,16.985374,4.151944
val,Y1,17.008278,3.4149745
val,Y1,17.032402,3.3027089
val,Y1,16.965763,3.8040125
val,Y1,16.847458,3.987742
val,Y1,16.70932,3.8555942
val,Y1,16.526806,4.3476424
val,Y1,16.304264,3.9391263
val,Y1,16.014639,4.191435
val,Y1,15.652833,6.686981
val,Y1,15.421833,6.239401
val,Y1,15.83075,3.3951435
val,Y1,16.38975,3.8872828
val,Y1,16.132153,3.7659974
val,Y1,15.701361,5.053764
val,Y1,15.939764,5.0776772
val,Y1,16.322195,3.5088058
val,Y1,16.597084,4.154206
val,Y1,17.053375,3.6970456
val,Y1,17.541973,3.1404638
val,Y1,17.782833,2.8171806
val,Y1,18.050264,2.9480634
val,Y1,18.380556,2.6963112
val,Y1,18.719389,2.787361
val,Y1,18.743181,3.6213546
val,Y1,18.442833,3.8695273
val,Y1,18.419737,3.8355484
val,Y1,18.479986,4.1721635
val,Y1,18.562445,4.873939
val,Y1,18.631569,9.935975
val,Y1,18.63707,14.657759
val,Y1,18.584986,15.512682
val,Y1,18.483236,10.060055
val,Y1,18.450903,12.251846
val,Y1,18.659708,14.073117
val,Y1,18.975348,15.460089
val,Y1,19.208208,9.054194
val,Y1,19.260666,14.286922
val,Y1,18.989153,8.453956
val,Y1,18.58364,13.556066
val,Y1,18.240389,14.67274
val,Y1,17.957916,9.217006
val,Y1,17.743792,10.414464
val,Y1,17.578167,12.589908
val,Y1,17.387875,13.587016
val,Y1,17.162264,6.288985
val,Y1,16.94243,4.342324
val,Y1,16.732056,2.74375
val,Y1,16.532694,2.4126184
val,Y1,16.338028,3.7053852
val,Y1,16.169542,3.539341
val,Y1,15.968792,2.1309576
val,Y1,15.3355,2.1451826
val,Y1,14.033806,2.2086387
val,Y1,12.2346945,2.1882381
val,Y1,10.1695,2.1234586
val,Y1,8.185264,2.0572114
val,Y1,6.4142637,2.153789
val,Y1,4.717417,2.171156
val,Y1,3.4129722,2.1055841
val,Y1,2.7464583,2.1095495
val,Y1,2.4036806,2.1237857
val,Y1,2.1443195,2.206438
val,Y1,1.8995972,2.1733165
val,Y1,1.6124306,2.1483479
val,Y1,1.383875,2.1538997
val,Y1,1.3812778,2.119339
val,Y1,1.5410694,2.257461
val,Y1,1.7668889,2.3966851
val,Y1,1.9334167,3.7583506
val,Y1,1.9510139,3.3075016
val,Y1,1.854125,7.899688
val,Y1,1.6579722,16.589087
val,Y1,1.4030555,12.206356
val,Y1,1.1552222,8.049935
val,Y1,0.9692639,6.98947
val,Y1,0.82773614,10.658281
val,Y1,0.66823614,9.016511
val,Y1,0.48170835,10.54984
val,Y1,0.31780556,15.275184
val,Y1,0.22226389,6.9897017
val,Y1,0.17743056,7.8117876
val,Y1,0.16455555,6.943432
val,Y1,0.14258334,8.9178705
val,Y1,0.09009722,6.906218
val,Y1,0.09144445,9.984614
val,Y1,0.12488889,10.4691515
val,Y1,0.112833336,7.6940436
val,Y1,0.06834722,9.684218
val,Y1,0.033444446,9.528277
val,Y1,0.053847224,10.155383
val,Y1,0.18452778,9.987593
val,Y1,0.3794028,6.904485
val,Y1,0.7252361,10.669131
val,Y1,1.5228611,11.486997
val,Y1,2.652,10.073254
val,Y1,3.7925,15.261399
val,Y1,4.6092224,14.639075
val,Y1,4.815875,11.579498
val,Y1,4.579167,7.519007
val,Y1,4.084528,3.9058971
val,Y1,3.0785832,3.9657338
val,Y1,1.9010694,4.7700214
val,Y1,1.064861,4.15297
val,Y1,0.4745139,2.5796494
val,Y1,0.15147223,2.277472
val,Y1,0.045763887,2.2551963
val,Y1,0.029680556,2.2235055
val,Y1,0.03426389,2.2277133
val,Y1,0.12241667,2.368871
val,Y1,0.46229166,2.1898084
val,Y1,1.005014,2.110271
val,Y1,1.8157083,2.2322948
val,Y1,2.898764,2.5164125
val,Y1,3.825361,2.1658587
val,Y1,4.2579165,2.1647346
val,Y1,4.2684584,2.3845773
val,Y1,4.024903,2.1755023
val,Y1,3.5425277,2.8359566
val,Y1,3.0542917,5.4956756
val,Y1,2.3909721,7.160769
val,Y1,1.5666945,7.744915
val,Y1,0.83252776,16.79539
val,Y1,0.26934722,11.6471
val,Y1,0.062416665,10.066346
val,Y1,0.025138889,10.113051
val,Y1,0.0165,11.934659
val,Y1,0.027027778,9.713901
val,Y1,0.029166667,13.016862
val,Y1,0.031597223,8.969672
val,Y1,0.027902778,5.9694967
val,Y1,0.015125,11.8434305
val,Y1,0.016375,9.609689
val,Y1,0.01825,7.6819205
val,Y1,0.020680556,13.854216
val,Y1,0.022472221,14.580843
val,Y1,0.022277778,14.086149
val,Y1,0.019472223,14.039775
val,Y1,0.019277778,15.272901
val,Y1,0.02,18.469122
val,Y1,0.017833333,12.806865
val,Y1,0.04822222,7.151957
val,Y1,0.32258335,7.9572444
val,Y1,1.1243056,9.774432
val,Y1,2.2275555,7.888245
val,Y1,3.1209862,7.5726075
val,Y1,4.085292,10.290993
val,Y1,4.7805557,5.3809943
val,Y1,5.0184584,4.3653946
val,Y1,5.0344443,8.532535
val,Y1,4.7767363,13.361817
val,Y1,4.30475,11.025371
val,Y1,3.4813888,8.791886
val,Y1,2.5087361,9.302062
val,Y1,1.4741806,10.397122
val,Y1,0.6822639,8.649784
val,Y1,0.323125,11.294705
val,Y1,0.25893056,17.326908
val,Y1,0.45469445,11.65047
val,Y1,1.0789584,7.031999
val,Y1,2.1722083,12.451685
val,Y1,3.3327222,14.504467
val,Y1,4.297,9.686247
val,Y1,5.1312776,14.01973
val,Y1,5.7576528,15.818268
val,Y1,6.110708,11.389704
val,Y1,6.39275,6.386255
val,Y1,6.7356944,6.7407975
val,Y1,6.938597,12.417138
val,Y1,6.9790554,13.307118
val,Y1,7.0875416,11.859322
val,Y1,6.808486,9.075125
val,Y1,5.799097,7.1036677
val,Y1,4.462111,14.783001
val,Y1,3.090111,16.035614
val,Y1,1.8565,3.857369
val,Y1,0.93875,3.8908195
val,Y1,0.3333889,2.5047622
val,Y1,0.06675,2.3226223
val,Y1,0.03286111,2.362332
val,Y1,0.03811111,2.9713867
val,Y1,0.03636111,2.8313107
val,Y1,0.025319444,2.7982259
val,Y1,0.029472223,2.7311873
val,Y1,0.02576389,2.720689
val,Y1,0.024430556,2.9211483
val,Y1,0.022263888,2.715341
val,Y1,0.019444445,2.8539815
val,Y1,0.02725,3.0051231
val,Y1,0.030736111,2.8091865
val,Y1,0.024944445,2.7954607
val,Y1,0.022652777,2.920586
val,Y1,0.020513888,2.8257256
val,Y1,0.021222223,2.7925584
val,Y1,0.019694444,3.0034711
val,Y1,0.019055555,2.7638645
val,Y1,0.019916667,2.9019942
val,Y1,0.017791666,2.9154732
val,Y1,0.052930556,2.7445042
val,Y1,0.6020278,2.890248
val,Y1,1.8913472,2.765226
val,Y1,3.2699027,2.7166748
val,Y1,4.5096807,2.6886125
val,Y1,5.342347,2.921265
val,Y1,5.715653,3.604529
val,Y1,6.1309724,3.4641585
val,Y1,6.4310417,3.7286673
val,Y1,6.1889305,4.839964
val,Y1,5.248,4.732861
val,Y1,3.9620833,4.2480264
val,Y1,2.7592223,3.9857156
val,Y1,1.7597222,4.2160397
val,Y1,0.91154164,5.297914
val,Y1,0.27481943,10.325816
val,Y1,0.033625,9.113212
val,Y1,0.028097222,9.99027
val,Y1,0.034986112,15.851962
val,Y1,0.030277777,12.158029
val,Y1,0.03158333,12.050032
val,Y1,0.043583333,3.8478594
val,Y1,0.049111113,3.606607
val,Y1,0.04238889,4.6303678
val,Y1,0.032680556,4.0205197
val,Y1,0.03075,3.4462888
val,Y1,0.029888889,3.8273582
val,Y1,0.032541666,3.1552567
val,Y1,0.030888889,3.2498333
val,Y1,0.025888888,4.0138383
val,Y1,0.025777778,3.9258797
val,Y1,0.031027777,5.329577
val,Y1,0.028652778,3.9540415
val,Y1,0.02576389,4.7577386
val,Y1,0.031444445,5.077616
val,Y1,0.032375,3.5371003
val,Y1,0.025944445,3.6065938
val,Y1,0.026972223,3.430779
val,Y1,0.029152777,3.797456
val,Y1,0.030694444,6.4857183
val,Y1,0.028944444,9.177756
val,Y1,0.025888888,3.58248
val,Y1,0.03784722,7.149007
val,Y1,0.038444445,5.9886446
val,Y1,0.024305556,3.917327
val,Y1,0.022513889,5.989149
val,Y1,0.16751389,4.8926125
val,Y1,1.2986667,6.1524415
val,Y1,3.2073195,7.3832974
val,Y1,4.856736,5.980018
val,Y1,6.137486,7.1241293
val,Y1,7.0616665,7.866591
val,Y1,7.5787363,4.904287
val,Y1,7.897861,4.4644103
val,Y1,8.487875,3.9081426
val,Y1,9.438444,3.4901295
val,Y1,10.49293,3.4787316
val,Y1,11.203195,4.1021957
val,Y1,11.801125,5.4193697
val,Y1,12.680986,4.665112
val,Y1,12.98175,4.65463
val,Y1,12.603069,5.245994
val,Y1,12.293125,5.3942065
val,Y1,12.110625,4.339976
val,Y1,12.095834,5.715431
val,Y1,12.240181,5.7018323
val,Y1,12.413736,6.534969
val,Y1,12.568264,14.525292
val,Y1,12.545208,16.268957
val,Y1,12.432208,9.363492
val,Y1,12.436402,9.012746
val,Y1,12.5431385,10.241104
val,Y1,12.757639,7.44859
val,Y1,13.067639,6.3101234
val,Y1,13.294791,5.7145677
val,Y1,13.348778,4.3047323
val,Y1,13.362958,4.2672067
val,Y1,13.439236,4.324081
val,Y1,13.611167,5.840198
val,Y1,13.869722,5.7380767
val,Y1,14.167625,12.028661
val,Y1,14.372097,13.980759
val,Y1,14.379889,5.4637647
val,Y1,14.255222,5.9215894
val,Y1,14.090389,13.336057
val,Y1,13.911847,14.853887
val,Y1,13.703195,14.765163
val,Y1,13.467097,9.209727
val,Y1,13.248264,13.977114
val,Y1,13.032028,14.814376
val,Y1,12.788931,6.724224
val,Y1,12.582681,9.904861
val,Y1,12.432597,9.579952
val,Y1,12.278097,10.088941
val,Y1,12.106209,19.346727
val,Y1,11.938347,9.997485
val,Y1,11.785486,10.686927
val,Y1,11.650778,13.279431
val,Y1,11.559028,9.85864
val,Y1,11.564986,12.497742
val,Y1,11.655292,13.677514
val,Y1,11.844055,9.582929
val,Y1,11.974361,16.122776
val,Y1,11.804694,16.067087
val,Y1,11.466681,10.057588
val,Y1,11.127236,7.906779
val,Y1,10.7428055,10.618949
val,Y1,10.372209,14.553432
val,Y1,9.901694,14.075725
val,Y1,9.205722,17.10154
val,Y1,8.426861,14.102268
val,Y1,7.8103194,9.9171
val,Y1,7.4270835,16.859396
val,Y1,7.119236,15.606444
val,Y1,6.873264,10.947172
val,Y1,6.701375,12.882016
val,Y1,6.5811806,13.736208
val,Y1,6.4774723,8.166919
val,Y1,6.3001943,6.7828565
val,Y1,6.0127363,10.833493
val,Y1,5.632347,10.974055
val,Y1,5.1944723,8.6705065
val,Y1,4.8055415,17.517908
val,Y1,4.359319,21.225958
val,Y1,3.836,12.462211
val,Y1,3.3341527,11.180861
val,Y1,2.780639,10.86023
val,Y1,2.2051806,10.374951
val,Y1,1.6672223,12.651254
val,Y1,1.0773473,10.856983
val,Y1,0.5314861,9.5300255
val,Y1,0.18808334,13.191239
val,Y1,0.22229166,11.438558
val,Y1,0.8146389,13.160184
val,Y1,1.8855417,11.336558
val,Y1,2.9524305,8.399402
val,Y1,3.78925,9.45766
val,Y1,4.6214166,10.729264
val,Y1,5.400069,11.464332
val,Y1,6.079639,9.349719
val,Y1,6.7278333,8.948313
val,Y1,7.372611,12.553629
val,Y1,7.8132224,7.9682636
val,Y1,8.131778,11.2738285
val,Y1,8.320778,9.710658
val,Y1,9.116944,16.309427
val,Y1,10.052917,13.719083
val,Y1,10.363931,15.381097
val,Y1,10.779236,11.764682
val,Y1,11.233903,6.5775037
val,Y1,11.625055,9.090952
val,Y1,11.955444,10.594231
val,Y1,12.411028,14.837037
val,Y1,12.862473,6.611321
val,Y1,13.026292,10.198544
val,Y1,12.967055,14.615594
val,Y1,12.787639,13.452008
val,Y1,12.609583,16.406206
val,Y1,12.644139,16.136051
val,Y1,13.013403,19.396622
val,Y1,13.368764,9.505545
val,Y1,13.347042,14.002311
val,Y1,13.241542,20.472387
val,Y1,13.22525,24.611822
val,Y1,13.22175,18.455618
val,Y1,13.342944,13.910634
val,Y1,13.5309305,18.559788
val,Y1,13.419639,13.408042
val,Y1,12.735695,5.853158
val,Y1,11.796458,7.9071884
val,Y1,11.068722,11.320149
val,Y1,10.766097,14.337399
val,Y1,10.873902,12.888586
val,Y1,11.163681,12.806031
val,Y1,11.305708,9.178548
val,Y1,11.250139,7.8508773
val,Y1,11.252486,7.301905
val,Y1,11.415264,4.87682
val,Y1,11.634236,7.4940457
val,Y1,11.755445,10.056561
val,Y1,11.748472,18.647127
val,Y1,11.646791,14.930748
val,Y1,11.503375,5.994165
val,Y1,11.390403,6.4090395
val,Y1,11.247444,4.1126246
val,Y1,10.866514,5.590448
val,Y1,10.137167,8.207971
val,Y1,9.386167,8.72296
val,Y1,8.703097,9.360553
val,Y1,7.6638055,14.341668
val,Y1,6.078,13.8566885
val,Y1,4.2617083,13.921079
val,Y1,2.6107361,12.266402
val,Y1,1.1735139,14.980735
val,Y1,0.26620832,13.6199255
val,Y1,0.034319445,10.943391
val,Y1,0.037861113,10.772265
val,Y1,0.044069443,8.922892
val,Y1,0.05666667,12.59799
val,Y1,0.06861111,6.645487
val,Y1,0.05475,4.8499475
val,Y1,0.030986112,7.944746
val,Y1,0.024097223,3.4998891
val,Y1,0.02738889,5.750669
val,Y1,0.027930556,4.964769
val,Y1,0.031680554,3.7208424
val,Y1,0.035819445,3.7235816
val,Y1,0.03259722,4.706694
val,Y1,0.035875,3.999686
val,Y1,0.041666668,3.2447593
val,Y1,0.03445833,6.462642
val,Y1,0.024944445,7.724155
val,Y1,0.023611112,5.422439
val,Y1,0.030083334,12.133599
val,Y1,0.026305556,11.099244
val,Y1,0.019180555,5.238155
val,Y1,0.018902779,5.783676
val,Y1,0.018930556,6.10109
val,Y1,0.021986112,4.8692627
val,Y1,0.018125,7.363978
val,Y1,0.015375,4.8768377
val,Y1,0.019763889,5.832043
val,Y1,0.023458334,6.251208
val,Y1,0.03711111,5.3839936
val,Y1,0.5696389,7.6990976
val,Y1,1.6920834,7.899366
val,Y1,2.8692918,7.1929574
val,Y1,3.9260416,6.513526
val,Y1,4.9853334,4.9818573
val,Y1,6.155958,13.033883
val,Y1,7.140875,12.575203
val,Y1,7.909111,8.341857
val,Y1,8.628417,7.9489822
val,Y1,9.312667,5.0916243
val,Y1,9.965959,9.60127
val,Y1,10.5534725,11.008462
val,Y1,11.008014,5.0716605
val,Y1,11.215347,6.881541
val,Y1,11.252264,6.2536235
val,Y1,11.239403,5.1254992
val,Y1,11.314792,5.848486
val,Y1,11.492778,4.6154323
val,Y1,11.670681,8.483125
val,Y1,11.850041,6.288635
val,Y1,12.0367365,6.300077
val,Y1,12.3041525,5.9878244
val,Y1,12.6184025,7.766849
val,Y1,12.902695,3.7343936
val,Y1,13.198958,4.6894913
val,Y1,13.475223,4.2890153
val,Y1,13.606806,7.59195
val,Y1,13.565014,10.643945
val,Y1,13.720722,12.850526
val,Y1,13.84368,9.217336
val,Y1,13.642375,9.231218
val,Y1,13.457639,15.281788
val,Y1,13.280541,12.2756605
val,Y1,13.137347,11.771228
val,Y1,13.101055,5.0877175
val,Y1,13.1617775,5.941278
val,Y1,13.298972,4.8972626
val,Y1,13.462417,6.7734194
val,Y1,13.609361,6.3520846
val,Y1,13.672305,4.7118382
val,Y1,13.615444,3.795271
val,Y1,13.504278,3.2638302
val,Y1,13.378528,3.5151737
val,Y1,13.144,2.7631822
val,Y1,12.757847,2.9966125
val,Y1,12.562361,7.478267
val,Y1,12.6455555,7.18754
val,Y1,12.757055,8.206946
val,Y1,12.764931,8.605634
val,Y1,12.593764,8.632892
val,Y1,12.353611,9.5299635
val,Y1,12.131166,5.083551
val,Y1,11.91282,4.504311
val,Y1,11.703611,8.124612
val,Y1,11.580903,7.777118
val,Y1,11.666098,9.638236
val,Y1,12.00332,7.268251
val,Y1,12.449472,5.3466935
val,Y1,12.892764,4.7857833
val,Y1,13.258764,10.817404
val,Y1,13.342139,11.631148
val,Y1,13.090931,12.7505865
val,Y1,12.659722,14.890943
val,Y1,12.417681,13.94018
val,Y1,12.420527,9.8211775
val,Y1,12.491264,11.775815
val,Y1,12.602445,9.988263
val,Y1,12.7086115,8.970302
val,Y1,12.784555,6.212646
val,Y1,12.883695,6.726937
val,Y1,13.027889,10.732349
val,Y1,12.962389,10.88512
val,Y1,12.616292,8.143077
val,Y1,12.303861,11.170187
val,Y1,12.1987915,11.644717
val,Y1,12.280027,7.911562
val,Y1,12.6750555,3.3759637
val,Y1,13.248944,7.5372267
val,Y1,13.626028,7.578881
val,Y1,13.849083,5.564201
val,Y1,14.006722,7.7411838
val,Y1,14.100028,10.719537
val,Y1,14.20307,8.804542
val,Y1,14.250208,8.553931
val,Y1,14.247569,15.043862
val,Y1,14.125667,16.130108
val,Y1,13.685917,13.427423
val,Y1,12.843125,10.70543
val,Y1,11.821389,16.133383
val,Y1,11.008111,12.078094
val,Y1,10.459014,5.9244866
val,Y1,9.944403,6.460988
val,Y1,9.365167,9.150735
val,Y1,8.706333,7.8100486
val,Y1,8.075472,6.8912926
val,Y1,7.6665277,4.1365557
val,Y1,7.3553195,5.415684
val,Y1,7.114736,3.925887
val,Y1,7.2050276,3.8770232
val,Y1,7.6310415,4.000715
val,Y1,7.8661804,3.815371
val,Y1,7.5404305,6.062395
val,Y1,6.7666807,9.553337
val,Y1,5.8487916,11.690456
val,Y1,5.531736,10.06732
val,Y1,6.1335416,9.065224
val,Y1,7.1531944,8.481374
val,Y1,8.037666,6.8238606
val,Y1,8.3385,4.8682466
val,Y1,8.042889,6.7498193
val,Y1,7.443236,7.4353642
val,Y1,7.073,7.461599
val,Y1,7.2997084,8.157238
val,Y1,7.737347,5.701031
val,Y1,7.969097,5.0234528
val,Y1,8.098431,4.47825
val,Y1,8.384181,6.1011033
val,Y1,8.843111,9.876954
val,Y1,9.281125,14.2039175
val,Y1,9.330584,15.160435
val,Y1,8.782431,9.174485
val,Y1,8.122375,4.9177723
val,Y1,7.755306,3.9313564
val,Y1,7.7984166,4.156014
val,Y1,8.300264,4.379763
val,Y1,8.9563055,4.8023396
val,Y1,9.537611,11.544428
val,Y1,9.98125,15.504304
val,Y1,10.410861,11.304141
val,Y1,10.90407,15.8994055
val,Y1,11.408417,12.753583
val,Y1,11.868806,10.6733
val,Y1,12.067333,10.7065935
val,Y1,11.945583,13.730028
val,Y1,11.916847,17.46732
val,Y1,11.957848,17.837332
val,Y1,11.868237,11.9440775
val,Y1,11.932902,4.281748
val,Y1,12.138667,7.068168
val,Y1,12.275778,11.779023
val,Y1,12.2537775,12.543326
val,Y1,12.157598,4.732521
val,Y1,12.185291,8.688643
val,Y1,12.309042,11.112967
val,Y1,12.484,7.632145
val,Y1,12.793195,9.921884
val,Y1,13.11525,6.7269087
val,Y1,13.178458,4.7269197
val,Y1,13.011791,4.268372
val,Y1,12.872931,2.8396919
val,Y1,12.809486,2.2908428
val,Y1,12.784972,2.1881595
val,Y1,12.751667,2.084918
val,Y1,12.580444,2.1582608
val,Y1,12.335208,2.2271209
val,Y1,12.138166,2.2847786
val,Y1,12.013778,2.2650666
val,Y1,11.933958,2.77665
val,Y1,11.880972,3.3164282
val,Y1,11.7884865,4.244243
val,Y1,11.526639,4.1390853
val,Y1,10.998777,4.0431285
val,Y1,9.837277,4.689652
val,Y1,8.323459,4.553361
val,Y1,6.842625,5.979472
val,Y1,5.5920973,6.721885
val,Y1,5.112486,5.281998
val,Y1,5.4615417,4.862686
val,Y1,6.34775,5.6770625
val,Y1,7.3200417,4.9514217
val,Y1,8.175138,5.6166306
val,Y1,8.835305,9.193624
val,Y1,9.074417,8.084245
val,Y1,9.219542,8.056884
val,Y1,9.537084,5.2730646
val,Y1,9.744653,5.4371114
val,Y1,9.702791,5.523432
val,Y1,9.549848,5.4397492
val,Y1,9.226528,3.4084778
val,Y1,8.121764,3.5213969
val,Y1,6.2005835,2.9397717
val,Y1,4.200861,2.3162477
val,Y1,3.193375,2.2210722
val,Y1,3.4598196,2.3759508
val,Y1,4.2849584,2.491374
val,Y1,5.3470974,2.1400213
val,Y1,6.2960696,2.0579648
val,Y1,6.880528,2.0960295
val,Y1,7.231292,2.2388577
val,Y1,7.5233474,2.1754146
val,Y1,7.8535695,2.3922293
val,Y1,8.12425,2.1143765
val,Y1,8.4985,2.132514
val,Y1,9.040556,2.1653721
val,Y1,9.412403,2.0998292
val,Y1,9.534014,2.1247213
val,Y1,9.561569,2.124712
val,Y1,9.706291,2.1980243
val,Y1,10.055139,2.3240857
val,Y1,10.436111,2.1130638
val,Y1,10.781153,2.169527
val,Y1,11.084444,2.1950145
val,Y1,11.312708,2.1216905
val,Y1,11.362514,2.130565
val,Y1,11.298098,2.1124246
val,Y1,11.286292,2.4030757
val,Y1,11.32475,2.1849034
val,Y1,11.410597,2.1876972
val,Y1,11.499945,2.5883498
val,Y1,11.452681,2.3638186
val,Y1,11.249778,2.16027
val,Y1,11.034695,2.2776356
val,Y1,10.923625,2.2708
val,Y1,10.989333,2.2100303
val,Y1,11.163792,2.1918297
val,Y1,11.338486,2.418871
val,Y1,11.403306,2.9702592
val,Y1,11.441472,2.8430943
val,Y1,11.451902,3.0500627
val,Y1,11.391986,3.5363052
val,Y1,11.428653,3.9987404
val,Y1,11.548445,2.3466768
val,Y1,11.697972,2.2005358
val,Y1,11.790014,3.4276175
val,Y1,11.686916,6.850567
val,Y1,11.386598,5.475684
val,Y1,11.017125,6.256668
val,Y1,10.65057,6.671084
val,Y1,10.262208,8.849317
val,Y1,9.343153,13.077587
val,Y1,7.907625,7.91741
val,Y1,7.0531945,15.650042
val,Y1,7.097236,8.588938
val,Y1,7.4956527,11.962311
val,Y1,7.932625,15.793246
val,Y1,8.225486,10.986924
val,Y1,8.304833,4.3627515
val,Y1,8.443277,5.522097
val,Y1,8.632819,10.069707
val,Y1,8.4724865,14.817788
val,Y1,8.061764,11.484414
val,Y1,7.7206945,5.935218
val,Y1,7.5399446,6.2584915
val,Y1,7.8669724,11.999555
val,Y1,8.61925,6.3072267
val,Y1,9.370542,11.47928
val,Y1,9.955305,10.161996
val,Y1,10.326889,14.160063
val,Y1,10.559111,13.202852
val,Y1,10.603764,6.4344883
val,Y1,10.519139,11.4352665
val,Y1,10.507986,9.42537
val,Y1,10.621764,6.0158734
val,Y1,10.811139,8.744564
val,Y1,11.042209,8.197083
val,Y1,11.300445,7.410256
val,Y1,11.584598,7.527642
val,Y1,11.847777,9.645965
val,Y1,12.028292,7.031677
val,Y1,12.185361,5.893368
val,Y1,12.43225,6.6687374
val,Y1,12.560708,9.707584
val,Y1,12.532778,10.616377
val,Y1,12.533764,5.799955
val,Y1,12.513736,8.284001
val,Y1,12.490486,8.140132
val,Y1,12.538417,6.5867805
val,Y1,12.649959,7.7948084
val,Y1,12.741125,4.3043165
val,Y1,12.68407,4.1849804
val,Y1,12.5054865,4.507847
val,Y1,12.17693,3.7504737
val,Y1,11.511389,5.7450767
val,Y1,10.921903,8.278207
val,Y1,10.753472,5.5263977
val,Y1,10.843611,9.082364
val,Y1,11.084541,8.953659
val,Y1,11.240778,12.184105
val,Y1,11.145291,11.638047
val,Y1,10.735125,12.449028
val,Y1,9.761389,15.302677
val,Y1,8.64943,14.38198
val,Y1,7.8524446,10.786236
val,Y1,7.18225,10.131145
val,Y1,6.718639,16.207663
val,Y1,6.3775835,19.794348
val,Y1,5.9646387,13.645589
val,Y1,5.5468473,14.784458
val,Y1,5.4295,9.452403
val,Y1,5.8251944,11.137219
val,Y1,6.5990973,13.7906
val,Y1,7.518653,6.919349
val,Y1,8.366861,9.359365
val,Y1,8.978666,13.837244
val,Y1,9.319389,11.767262
val,Y1,9.554722,12.799004
val,Y1,9.800487,10.928953
val,Y1,9.957264,4.202316
val,Y1,9.945111,4.208757
val,Y1,9.592681,3.9469743
val,Y1,8.612041,4.2945504
val,Y1,7.1164584,4.970877
val,Y1,5.337861,5.2330513
val,Y1,3.4239306,5.8539
val,Y1,1.7383333,6.68622
val,Y1,0.67486113,6.745269
val,Y1,0.25879166,3.7525597
val,Y1,0.26069444,6.1990314
val,Y1,0.66154164,6.1181417
val,Y1,1.5620139,5.065162
val,Y1,2.601014,6.363494
val,Y1,3.4989305,3.954224
val,Y1,4.502347,6.624675
val,Y1,5.5442915,8.502055
val,Y1,6.2116804,9.259446
val,Y1,6.902292,5.5336785
val,Y1,7.728083,5.656175
val,Y1,8.489056,10.627421
val,Y1,9.278708,15.0156145
val,Y1,9.954486,10.483708
val,Y1,10.574959,7.3466573
val,Y1,11.158167,11.378142
val,Y1,11.698319,6.3510585
val,Y1,12.191875,4.558016
val,Y1,12.593361,7.366484
val,Y1,12.743847,5.692329
val,Y1,12.616959,5.5908084
val,Y1,12.344639,13.454238
val,Y1,11.861625,11.76088
val,Y1,10.470305,9.798869
val,Y1,8.220056,8.57158
val,Y1,5.845208,11.692008
val,Y1,3.7887778,7.9132752
val,Y1,2.4291666,5.145869
val,Y1,1.6012639,6.687654
val,Y1,0.94429165,6.883975
val,Y1,0.37283334,7.3787026
val,Y1,0.07045833,4.9965234
val,Y1,0.017555555,4.120725
val,Y1,0.01573611,4.1484756
val,Y1,0.01375,3.9869404
val,Y1,0.013944444,5.1898417
val,Y1,0.014819444,6.228253
val,Y1,0.013541667,2.923159
val,Y1,0.01675,3.317471
val,Y1,0.020166667,2.733547
val,Y1,0.01726389,2.3767087
val,Y1,0.013,2.7062852
val,Y1,0.014916667,3.6724305
val,Y1,0.016958334,4.1030946
val,Y1,0.0154444445,3.5646749
val,Y1,0.014652777,4.9693537
val,Y1,0.019027777,8.42073
val,Y1,0.056361113,3.6335516
val,Y1,0.7811528,3.9693918
val,Y1,2.435875,3.573303
val,Y1,4.0727363,3.6636024
val,Y1,5.419472,3.5676732
val,Y1,6.630236,3.9821315
val,Y1,7.6622915,2.7155333
val,Y1,8.6385,2.7261522
val,Y1,9.508792,2.812448
val,Y1,10.121195,3.2239802
val,Y1,10.525291,4.340817
val,Y1,10.872806,3.8202305
val,Y1,11.096958,3.4603748
val,Y1,11.191347,3.0523348
val,Y1,11.301639,2.8030941
val,Y1,11.443791,2.762796
val,Y1,11.63825,2.71975
val,Y1,11.803486,2.7282505
val,Y1,11.739944,3.6740603
val,Y1,11.610416,4.848869
val,Y1,11.552472,4.021347
val,Y1,11.420111,4.173018
val,Y1,11.229389,4.71709
val,Y1,11.028055,5.0701833
val,Y1,10.82643,3.4210253
val,Y1,10.611514,2.4413607
val,Y1,10.470959,2.4429512
val,Y1,10.466,2.7535415
val,Y1,10.461139,2.7672257
val,Y1,10.337042,2.7262592
val,Y1,9.8903055,2.8342347
val,Y1,9.114,2.6881037
val,Y1,8.048653,2.8220315
val,Y1,6.7633195,2.7223535
val,Y1,5.5289583,2.6730711
val,Y1,4.432903,2.7962337
val,Y1,3.2502222,2.7374
val,Y1,1.9075834,2.7247317
val,Y1,0.754875,2.8309462
val,Y1,0.15055555,2.6745977
val,Y1,0.020041667,2.7733617
val,Y1,0.016819444,13.219399
val,Y1,0.017458333,13.915929
val,Y1,0.019347223,2.8081822
val,Y1,0.018583333,2.7976942
val,Y1,0.015375,3.208541
val,Y1,0.016194444,3.2462068
val,Y1,0.026805555,2.8966527
val,Y1,0.033013888,2.792813
val,Y1,0.046861112,2.7418237
val,Y1,0.3937639,2.7508178
val,Y1,1.4839722,2.7292528
val,Y1,2.9900138,2.882697
val,Y1,4.3885555,2.857967
val,Y1,5.6371527,3.8845267
val,Y1,6.7300415,6.409311
val,Y1,7.566861,7.339429
val,Y1,8.231569,8.201414
val,Y1,8.842611,11.145934
val,Y1,9.4665,9.874632
val,Y1,10.1045,2.8387585
val,Y1,10.685389,3.0542612
val,Y1,11.027945,3.7993195
val,Y1,10.962431,9.573618
val,Y1,10.677972,7.800399
val,Y1,10.439153,7.0314374
val,Y1,10.343139,7.4494376
val,Y1,10.438389,10.605013
val,Y1,10.70175,16.528511
val,Y1,11.10475,13.833746
val,Y1,11.505847,9.490642
val,Y1,11.719903,8.529481
val,Y1,11.929958,9.635323
val,Y1,12.172806,18.560389
val,Y1,12.516528,9.5998335
val,Y1,12.79893,7.299646
val,Y1,12.795597,7.724195
val,Y1,12.784542,9.777898
val,Y1,12.939445,9.818867
val,Y1,13.196,7.515449
val,Y1,13.401944,7.059772
val,Y1,13.56725,7.1331754
val,Y1,13.7236805,6.0608735
val,Y1,13.835527,7.1182466
val,Y1,13.8915415,9.4048
val,Y1,13.875931,7.862362
val,Y1,13.7693615,10.07842
val,Y1,13.606167,8.001383
val,Y1,13.517709,11.926176
val,Y1,13.335819,13.959027
val,Y1,13.111083,15.576197
val,Y1,12.962806,7.262202
val,Y1,12.726556,12.858529
val,Y1,12.487972,11.204846
val,Y1,12.234583,7.3156867
val,Y1,11.876375,8.898361
val,Y1,10.928778,6.8314457
val,Y1,10.00868,6.69383
val,Y1,9.849347,9.354399
val,Y1,10.092195,7.4873934
val,Y1,10.594806,6.231628
val,Y1,11.012875,9.443516
val,Y1,10.985861,13.188806
val,Y1,10.542486,5.8743854
val,Y1,10.019444,5.671823
val,Y1,9.293417,6.6231318
val,Y1,8.196555,6.162357
val,Y1,6.831903,5.2273846
val,Y1,5.1320972,4.380977
val,Y1,3.3185418,4.30598
val,Y1,1.7746667,3.4643707
val,Y1,0.7766111,8.416088
val,Y1,0.38183334,9.204714
val,Y1,0.20993055,9.659755
val,Y1,0.06344444,12.651887
val,Y1,0.018152777,11.86315
val,Y1,0.021694444,15.25269
val,Y1,0.018375,12.150157
val,Y1,0.012944444,9.71189
val,Y1,0.013736111,7.2757115
val,Y1,0.012277778,9.184387
val,Y1,0.012111112,9.510606
val,Y1,0.014652777,13.261514
val,Y1,0.014291666,6.386514
val,Y1,0.0150138885,8.515764
val,Y1,0.016541667,16.895712
val,Y1,0.015722223,12.656122
val,Y1,0.012,13.349113
val,Y1,0.0101666665,10.339414
val,Y1,0.013388889,8.637742
val,Y1,0.018986112,11.159965
val,Y1,0.017305555,10.903199
val,Y1,0.12938888,11.4094
val,Y1,0.5969028,7.5846753
val,Y1,1.368375,6.092071
val,Y1,2.289764,4.7790437
val,Y1,3.139139,5.123732
val,Y1,3.8893056,5.505734
val,Y1,4.714611,3.9518452
val,Y1,5.5045276,4.6586432
val,Y1,6.193486,4.16609
val,Y1,6.767361,4.853742
val,Y1,7.2444444,4.2396703
val,Y1,7.6994863,4.5280576
val,Y1,8.103153,4.6465034
val,Y1,8.442361,4.378039
val,Y1,8.823514,4.9753356
val,Y1,9.288111,4.8178062
val,Y1,9.766945,4.26299
val,Y1,10.1733885,3.9787827
val,Y1,10.592639,5.847585
val,Y1,11.068694,10.801841
val,Y1,11.509514,7.072659
val,Y1,11.823402,4.819443
val,Y1,12.018153,4.8031907
val,Y1,12.262875,4.5833006
val,Y1,12.490125,7.1980677
val,Y1,12.5795555,9.548846
val,Y1,12.579097,4.423431
val,Y1,12.47925,5.7407413
val,Y1,12.347445,8.4904785
val,Y1,12.325681,4.4444833
val,Y1,12.428041,5.838224
val,Y1,12.640708,7.196692
val,Y1,12.9305,4.6050735
val,Y1,13.252973,2.915705
val,Y1,13.607056,3.0780926
val,Y1,13.859278,8.238582
val,Y1,13.972834,7.3745165
val,Y1,14.103042,4.494796
val,Y1,14.214597,5.16735
val,Y1,14.168347,6.7852
val,Y1,13.9858055,5.3275733
val,Y1,13.795597,5.573641
val,Y1,13.6545,4.7485223
val,Y1,13.477361,5.5508924
val,Y1,13.287666,6.2952604
val,Y1,13.192472,4.44365
val,Y1,13.156722,3.4661055
val,Y1,13.070014,3.6325629
val,Y1,12.899611,8.407595
val,Y1,12.711403,7.806973
val,Y1,12.573014,3.3020532
val,Y1,12.559569,3.915255
val,Y1,12.653236,3.7225552
val,Y1,12.781959,5.720049
val,Y1,12.894931,7.498508
val,Y1,12.895736,7.5131373
val,Y1,12.810611,3.8016398
val,Y1,12.839486,3.5427995
val,Y1,12.970792,4.21295
val,Y1,13.084291,5.7287493
val,Y1,13.180792,3.4724576
val,Y1,13.272236,3.2745497
val,Y1,13.238305,3.2481542
val,Y1,13.138208,4.6103697
val,Y1,13.1397915,5.383729
val,Y1,13.162236,9.302003
val,Y1,13.184736,10.592763
val,Y1,13.255931,5.4114532
val,Y1,13.404041,9.267808
val,Y1,13.579014,7.794221
val,Y1,13.641403,5.0249786
val,Y1,13.56268,4.6523376
val,Y1,13.373375,3.526644
val,Y1,13.082833,2.3310738
val,Y1,12.748861,2.1930559
val,Y1,12.5257225,3.2675307
val,Y1,12.5709305,5.8495235
val,Y1,12.718764,3.6223269
val,Y1,12.7885,3.9036396
val,Y1,12.787778,4.9837904
val,Y1,12.767208,5.0491257
val,Y1,12.782486,4.3162875
val,Y1,12.858209,4.9546022
val,Y1,13.025306,5.069417
val,Y1,13.215083,7.8371487
val,Y1,13.305986,5.378863
val,Y1,13.3575,8.806402
val,Y1,13.460195,8.93093
val,Y1,13.624,4.4952154
val,Y1,13.814709,2.9549358
val,Y1,13.947264,4.0022006
val,Y1,13.916959,4.196628
val,Y1,13.775945,3.89648
val,Y1,13.638194,5.6840925
val,Y1,13.493944,5.561569
val,Y1,13.342958,5.2480407
val,Y1,13.156403,3.1998136
val,Y1,12.899125,3.896576
val,Y1,12.610097,7.0240006
val,Y1,12.441153,7.193528
val,Y1,12.433639,6.016831
val,Y1,12.531902,4.1278415
val,Y1,12.618527,3.43965
val,Y1,12.587014,4.085221
val,Y1,12.509597,6.7886596
val,Y1,12.411014,6.6673107
val,Y1,12.272805,5.041128
val,Y1,12.1704445,6.1688285
val,Y1,12.193347,8.40085
val,Y1,12.321611,8.041369
val,Y1,12.426653,10.32351
val,Y1,12.55425,8.248944
val,Y1,12.78518,8.373906
val,Y1,13.050028,5.4411225
val,Y1,13.301945,6.123075
val,Y1,13.42875,5.921413
val,Y1,13.406986,6.306615
val,Y1,13.300445,11.293775
val,Y1,13.137959,10.000703
val,Y1,13.004708,9.362986
val,Y1,13.000652,11.127945
val,Y1,13.042431,12.542543
val,Y1,12.9586525,8.35642
val,Y1,12.756917,4.339937
val,Y1,12.520708,7.283112
val,Y1,12.252459,4.674336
val,Y1,12.063139,5.3661222
val,Y1,12.130195,6.547181
val,Y1,12.38007,8.265328
val,Y1,12.632916,8.01107
val,Y1,12.772347,6.8734336
val,Y1,12.89725,9.2784395
val,Y1,13.174306,8.965812
val,Y1,13.527097,9.135537
val,Y1,13.880013,11.284066
val,Y1,14.266292,5.508339
val,Y1,14.583292,5.584835
val,Y1,14.662653,10.40342
val,Y1,14.559652,6.567303
val,Y1,14.412972,3.7117772
val,Y1,14.286028,7.63354
val,Y1,14.176875,7.073756
val,Y1,13.978625,5.092527
val,Y1,13.7270975,10.571239
val,Y1,13.499541,10.719731
val,Y1,13.43593,11.199573
val,Y1,13.495347,4.498193
val,Y1,13.383472,10.719869
val,Y1,13.223847,11.615371
val,Y1,13.192708,8.9564085
val,Y1,13.193361,6.036695
val,Y1,13.176069,7.229981
val,Y1,13.174791,15.97057
val,Y1,13.18068,15.144959
val,Y1,13.227612,8.427004
val,Y1,13.325472,9.4135
val,Y1,13.364833,11.26904
val,Y1,13.257861,8.196603
val,Y1,13.082236,8.351693
val,Y1,12.962139,6.964821
val,Y1,13.029111,7.9551225
val,Y1,13.221916,6.898878
val,Y1,13.204695,7.214222
val,Y1,12.924945,9.078503
val,Y1,12.661111,7.5417943
val,Y1,12.554361,11.711846
val,Y1,12.550667,16.005602
val,Y1,12.568347,8.034309
val,Y1,12.427584,8.779846
val,Y1,12.207361,6.4910126
val,Y1,12.139222,7.293715
val,Y1,12.203153,10.1215105
val,Y1,12.342472,11.508905
val,Y1,12.442069,6.1987777
val,Y1,12.407028,7.834958
val,Y1,12.371778,6.2875786
val,Y1,12.44425,11.194581
val,Y1,12.502319,10.586312
val,Y1,12.5002775,18.158579
val,Y1,12.6321945,13.278443
val,Y1,12.838889,5.9304895
val,Y1,12.840667,6.779469
val,Y1,12.666862,10.450065
val,Y1,12.452556,13.259311
val,Y1,12.255139,8.673011
val,Y1,12.148889,8.2968645
val,Y1,12.169625,8.252578
val,Y1,12.408195,7.6900377
val,Y1,12.823527,7.8797536
val,Y1,13.234917,6.0615544
val,Y1,13.465403,3.9715798
val,Y1,13.452917,5.8021874
val,Y1,13.321806,7.347132
val,Y1,13.17207,12.071979
val,Y1,13.020722,10.685184
val,Y1,12.91675,9.941566
val,Y1,12.902431,10.164992
val,Y1,12.914444,8.496734
val,Y1,12.938528,11.576016
val,Y1,12.949445,5.8527875
val,Y1,12.926569,5.464318
val,Y1,12.971625,3.9687595
val,Y1,13.081458,4.0975413
val,Y1,13.139847,3.520121
val,Y1,13.114737,3.8792667
val,Y1,13.061973,4.2216396
val,Y1,13.009681,3.6050358
val,Y1,12.939917,3.211037
val,Y1,12.851791,3.3211153
val,Y1,12.750722,9.177952
val,Y1,12.692528,9.84816
val,Y1,12.713292,4.5639706
val,Y1,12.688194,4.8842316
val,Y1,12.595098,3.5251927
val,Y1,12.610278,5.8584037
val,Y1,12.742306,6.214324
val,Y1,12.889847,4.655683
val,Y1,13.057292,4.3332467
val,Y1,13.219528,3.6784866
val,Y1,13.255652,3.94287
val,Y1,13.106556,3.849436
val,Y1,12.859458,3.490047
val,Y1,12.647986,5.0357137
val,Y1,12.540597,10.53001
val,Y1,12.472555,9.304773
val,Y1,12.39932,8.132679
val,Y1,12.35968,3.535993
val,Y1,12.39407,5.7417674
val,Y1,12.507139,8.286417
val,Y1,12.662027,9.077502
val,Y1,12.813209,10.303264
val,Y1,12.989361,6.032764
val,Y1,13.284972,5.1820664
val,Y1,13.603222,5.739539
val,Y1,13.7265,4.3522058
val,Y1,13.719042,5.467314
val,Y1,13.750292,5.120086
val,Y1,13.808306,4.706167
val,Y1,13.827486,7.645553
val,Y1,13.800528,9.995528
val,Y1,13.764667,6.8511705
val,Y1,13.736542,7.110764
val,Y1,13.732639,4.687503
val,Y1,13.769527,3.0907536
val,Y1,13.847111,3.9990401
val,Y1,14.001236,7.388576
val,Y1,14.174097,8.146787
val,Y1,14.176473,11.37199
val,Y1,13.967264,17.857897
val,Y1,13.688347,13.029332
val,Y1,13.487194,14.318691
val,Y1,13.380639,10.986164
val,Y1,13.283792,5.366816
val,Y1,13.212875,7.2890525
val,Y1,13.150833,4.33596
val,Y1,12.991597,6.6535306
val,Y1,12.625112,7.923482
val,Y1,11.967,6.460708
val,Y1,10.969084,6.5175915
val,Y1,9.709347,4.6260786
val,Y1,8.245236,10.105468
val,Y1,6.594028,17.03221
val,Y1,5.211736,8.083451
val,Y1,4.589792,6.2559075
val,Y1,4.483847,4.6941056
val,Y1,4.584722,6.292977
val,Y1,4.701625,3.3633404
val,Y1,4.520236,4.781627
val,Y1,4.138819,4.5861235
val,Y1,4.1416807,7.337358
val,Y1,4.917097,8.38564
val,Y1,5.944875,3.2691667
val,Y1,6.7268057,3.7587337
val,Y1,7.2470694,4.5445
val,Y1,7.5066805,4.047031
val,Y1,7.9370418,4.028916
val,Y1,8.70868,4.6538367
val,Y1,9.449486,4.357426
val,Y1,9.916778,8.85239
val,Y1,10.184542,11.098794
val,Y1,10.472903,11.187954
val,Y1,10.717334,12.787692
val,Y1,10.950486,14.103237
val,Y1,11.279125,11.617405
val,Y1,11.770139,16.976706
val,Y1,12.388166,5.1526623
val,Y1,12.865055,4.779841
val,Y1,13.132486,6.82278
val,Y1,13.234153,8.71663
val,Y1,13.174125,11.726544
val,Y1,13.061097,10.302464
val,Y1,13.0182085,6.2851243
val,Y1,13.23725,5.151712
val,Y1,13.524458,5.949353
val,Y1,13.786986,5.257795
val,Y1,14.066681,6.2141957
val,Y1,14.2271805,5.960345
val,Y1,14.23175,7.471047
val,Y1,13.941153,9.033166
val,Y1,13.669306,6.104724
val,Y1,13.825014,8.322114
val,Y1,14.061431,5.077936
val,Y1,14.17532,7.9962735
val,Y1,14.332903,7.53535
val,Y1,14.432597,10.908305
val,Y1,14.493208,5.5256915
val,Y1,14.392792,3.6684928
val,Y1,14.264736,9.596396
val,Y1,14.347111,14.05197
val,Y1,14.460444,14.193299
val,Y1,14.515486,7.7211547
val,Y1,14.438903,4.956832
val,Y1,14.240791,7.7334614
val,Y1,13.808847,5.762857
val,Y1,12.97068,5.1854753
val,Y1,11.856112,5.059441
val,Y1,10.419306,4.150802
val,Y1,8.773056,4.088392
val,Y1,7.679,4.2567635
val,Y1,7.2834167,4.333024
val,Y1,7.236014,4.1938343
val,Y1,7.67025,4.204817
val,Y1,8.505959,3.9017246
val,Y1,9.621902,3.8280666
val,Y1,10.947778,4.2853327
val,Y1,12.221889,4.0281544
val,Y1,13.131194,4.114774
val,Y1,13.616236,3.6286829
val,Y1,13.991389,3.8875494
val,Y1,14.389973,4.526959
val,Y1,14.757527,3.6684842
val,Y1,15.04625,4.7931714
val,Y1,15.174361,8.810079
val,Y1,15.242416,8.262077
val,Y1,15.4545555,8.685569
val,Y1,15.757903,10.847701
val,Y1,16.008362,7.719527
val,Y1,16.229792,3.9882045
val,Y1,16.452042,4.742461
val,Y1,16.42725,5.9816895
val,Y1,16.063639,8.592624
val,Y1,15.635777,5.04034
val,Y1,15.391194,6.1933346
val,Y1,15.34568,6.299521
val,Y1,15.376264,7.235558
val,Y1,15.391903,8.686725
val,Y1,15.348,6.3104634
val,Y1,15.305292,4.351009
val,Y1,15.271944,5.6541786
val,Y1,15.198806,12.113297
val,Y1,14.967014,5.5291595
val,Y1,14.476639,4.4199386
val,Y1,13.896194,4.7177444
val,Y1,13.321362,2.8768878
val,Y1,12.846556,3.6446607
val,Y1,12.5280695,9.815513
val,Y1,12.338667,11.171206
val,Y1,12.402264,37.90075
val,Y1,12.679014,25.499327
val,Y1,12.832514,43.016407
val,Y1,12.872666,39.49308
val,Y1,13.018222,43.500626
val,Y1,13.239972,37.085052
val,Y1,13.484528,40.662773
val,Y1,13.692625,34.20668
val,Y1,13.707681,23.164972
val,Y1,13.286612,22.537056
val,Y1,11.817028,21.090235
val,Y1,9.381042,16.192749
val,Y1,6.9244304,13.298791
val,Y1,4.836528,12.258622
val,Y1,3.108875,15.126409
val,Y1,1.8253194,21.464125
val,Y1,1.0052639,15.525953
val,Y1,0.524125,13.168908
val,Y1,0.29569444,12.985818
val,Y1,0.12988889,15.378261
val,Y1,0.021736111,19.698671
val,Y1,0.016138889,8.963102
val,Y1,0.014944444,5.9320817
val,Y1,0.32309723,13.151898
val,Y1,1.5149167,14.565794
val,Y1,3.0666666,12.755256
val,Y1,4.372764,12.398614
val,Y1,5.5924306,9.618726
val,Y1,6.580236,7.1794167
val,Y1,7.2439585,6.9174237
val,Y1,8.019681,10.682567
val,Y1,8.942041,7.5780463
val,Y1,9.672958,4.815783
val,Y1,10.361459,11.326379
val,Y1,11.010361,13.104333
val,Y1,11.389944,4.895041
val,Y1,11.534125,5.0033975
val,Y1,11.51975,5.3636575
val,Y1,11.279764,3.822267
val,Y1,10.811486,4.7968583
val,Y1,10.042084,4.654364
val,Y1,9.083555,3.782011
val,Y1,8.047347,3.543247
val,Y1,6.8575974,3.2908826
val,Y1,5.577597,3.5235777
val,Y1,4.44875,3.8816912
val,Y1,3.5278473,4.113862
val,Y1,2.7990417,4.1153045
val,Y1,2.1505,4.139464
val,Y1,1.4211806,4.698489
val,Y1,0.6860694,3.3884468
val,Y1,0.17688888,5.062036
val,Y1,0.023513889,3.5128112
val,Y1,0.017111111,4.3042865
val,Y1,0.01686111,4.372792
val,Y1,0.015388889,4.1951594
val,Y1,0.013430555,4.041391
val,Y1,0.017819444,4.088246
val,Y1,0.021708334,4.019357
val,Y1,0.018847222,3.837455
val,Y1,0.016972221,4.1575656
val,Y1,0.020097222,4.2823887
val,Y1,0.020152777,4.153664
val,Y1,0.020277778,4.06736
val,Y1,0.018055556,3.9724634
val,Y1,0.018972222,4.0879097
val,Y1,0.025777778,4.1964555
val,Y1,0.023055555,3.9831722
val,Y1,0.01961111,4.0798388
val,Y1,0.022805555,4.6717534
val,Y1,0.02125,4.0573115
val,Y1,0.017847221,4.109099
val,Y1,0.018777778,7.0315638
val,Y1,0.021486111,7.703488
val,Y1,0.02913889,4.2941813
val,Y1,0.025930556,4.0004196
val,Y1,0.019291667,3.961478
val,Y1,0.018277777,3.9177742
val,Y1,0.019375,3.9189343
val,Y1,0.022722222,4.037505
val,Y1,0.10213889,3.9805794
val,Y1,0.49391666,4.1141973
val,Y1,1.3821111,4.1029496
val,Y1,2.829111,3.9569466
val,Y1,4.3591113,3.8884807
val,Y1,4.5657916,4.1374536
val,Y1,3.6575418,3.9218874
val,Y1,2.9983194,4.124297
val,Y1,2.9489305,4.0697036
val,Y1,3.4590971,4.0659013
val,Y1,4.2269444,4.1130166
val,Y1,5.070361,4.1552024
val,Y1,5.86475,4.01189
val,Y1,6.157403,4.0719795
val,Y1,7.066986,4.0971904
val,Y1,8.466389,4.002983
val,Y1,9.258153,4.0288577
val,Y1,9.937166,4.042615
val,Y1,10.517153,3.9130805
val,Y1,10.972167,4.1354957
val,Y1,11.228139,4.019123
val,Y1,11.377347,3.9056392
val,Y1,11.586875,4.1087894
val,Y1,11.682847,3.9123428
val,Y1,11.446375,4.011411
val,Y1,10.865069,4.107166
val,Y1,10.361597,5.124995
val,Y1,10.408931,5.9489837
val,Y1,10.914722,3.8462973
val,Y1,11.71125,4.9996405
val,Y1,12.462722,6.276668
val,Y1,13.034403,7.413242
val,Y1,13.541361,9.441414
val,Y1,14.104486,9.201951
val,Y1,14.550222,8.920089
val,Y1,14.727236,3.9167209
val,Y1,14.823986,5.6016307
val,Y1,14.802709,5.8566594
val,Y1,14.663458,6.417713
val,Y1,14.526459,5.204405
val,Y1,14.339222,6.1339235
val,Y1,14.089486,9.497405
val,Y1,13.888208,14.948036
val,Y1,13.7259865,11.438404
val,Y1,13.580861,4.9465933
val,Y1,13.514569,4.122098
val,Y1,13.658903,4.3756595
val,Y1,13.946347,4.6131186
val,Y1,14.182236,4.5663424
val,Y1,14.203639,6.365482
val,Y1,13.785152,5.858616
val,Y1,12.632597,4.9120946
val,Y1,11.680292,4.702689
val,Y1,11.220764,5.757555
val,Y1,10.332264,4.73496
val,Y1,9.559305,4.2505364
val,Y1,9.384264,4.514407
val,Y1,9.540944,5.0218883
val,Y1,9.870639,3.371483
val,Y1,10.153431,6.2733874
val,Y1,10.413625,7.469583
val,Y1,10.669875,5.586392
val,Y1,10.857792,4.896869
val,Y1,10.94175,4.9910474
val,Y1,10.930847,4.0420165
val,Y1,10.9893055,3.4602141
val,Y1,11.11125,4.000369
val,Y1,11.268347,3.8054752
val,Y1,11.399889,3.7262456
val,Y1,11.47568,4.391351
val,Y1,11.572514,4.692347
val,Y1,11.66457,1.9977763
val,Y1,11.576375,2.0120895
val,Y1,11.199125,2.016192
val,Y1,10.747653,2.0787077
val,Y1,10.488097,2.1382987
val,Y1,10.408292,2.4537168
val,Y1,10.449041,2.445323
val,Y1,10.617639,2.4332666
val,Y1,10.857555,2.3642488
val,Y1,11.0547085,2.1997385
val,Y1,11.068708,2.1867483
val,Y1,10.991417,2.1574347
val,Y1,11.045847,2.2772415
val,Y1,11.322403,2.2279677
val,Y1,11.88543,2.2060535
val,Y1,12.994889,2.1344626
val,Y1,14.458138,2.1893435
val,Y1,14.187889,2.236267
val,Y1,13.27275,2.1864142
val,Y1,13.436264,2.1178803
val,Y1,13.579333,2.0854514
val,Y1,13.5945,2.0875194
val,Y1,13.587028,2.1843476
val,Y1,13.695903,2.1832926
val,Y1,13.924139,2.2272687
val,Y1,14.190431,2.0989718
val,Y1,14.417973,2.3012161
val,Y1,14.541166,2.1671424
val,Y1,14.570181,2.3522775
val,Y1,14.613334,2.2283373
val,Y1,14.52593,2.396358
val,Y1,14.320403,2.1775198
val,Y1,13.989445,2.2667704
val,Y1,13.701639,3.1586077
val,Y1,13.555195,4.148305
val,Y1,13.294556,6.535022
val,Y1,13.112875,5.2570844
val,Y1,13.148069,4.4056106
val,Y1,13.310597,7.490294
val,Y1,13.447556,8.405948
val,Y1,13.527987,5.4606705
val,Y1,13.658195,4.5843444
val,Y1,13.713708,4.489455
val,Y1,13.498208,4.0878215
val,Y1,13.042986,6.1963696
val,Y1,12.4320135,5.323958
val,Y1,11.798445,5.69461
val,Y1,11.244945,3.1148071
val,Y1,10.67868,6.354286
val,Y1,9.934153,5.2778487
val,Y1,8.78825,3.7210698
val,Y1,7.6200275,4.9221225
val,Y1,6.974486,6.847987
val,Y1,6.7037363,3.9110036
val,Y1,6.6305,5.0517197
val,Y1,6.777264,4.7501435
val,Y1,7.02275,5.685506
val,Y1,6.888139,7.4622197
val,Y1,6.1486807,7.50565
val,Y1,5.1691804,4.0518184
val,Y1,4.047986,6.3528886
val,Y1,2.8373055,4.8904366
val,Y1,2.0291111,4.1498103
val,Y1,1.8969028,3.9949281
val,Y1,2.38075,3.8535278
val,Y1,2.9458334,3.747516
val,Y1,3.215861,3.7412121
val,Y1,3.2313473,4.0039124
val,Y1,2.976625,3.768412
val,Y1,2.5691946,3.836257
val,Y1,2.1675556,3.840215
val,Y1,1.7170972,3.9670272
val,Y1,0.95531946,3.9132965
val,Y1,0.25195834,4.071958
val,Y1,0.07086111,4.180658
val,Y1,0.32304168,4.2718377
val,Y1,0.8061111,4.222377
val,Y1,1.1095694,4.225637
val,Y1,0.9800139,4.126864
val,Y1,0.5633472,4.0645313
val,Y1,0.18025,4.1188455
val,Y1,0.037902776,4.182266
val,Y1,0.022291666,6.834291
val,Y1,0.06330556,9.09991
val,Y1,0.30930555,8.080409
val,Y1,0.93929166,7.3671165
val,Y1,1.825125,8.484469
val,Y1,2.6368334,6.460173
val,Y1,3.0004027,4.1908116
val,Y1,2.8928611,4.5901313
val,Y1,2.4461527,9.222485
val,Y1,1.5610417,10.508561
val,Y1,0.5701111,8.533887
val,Y1,0.07541667,3.5376537
val,Y1,0.025805555,4.7991242
val,Y1,0.03940278,6.1722465
val,Y1,0.033569444,8.81936
val,Y1,0.019916667,10.280757
val,Y1,0.023194445,13.772841
val,Y1,0.041138887,8.326159
val,Y1,0.0495,12.097379
val,Y1,0.05834722,9.1983795
val,Y1,0.054305557,5.5784965
val,Y1,0.036708333,5.723711
val,Y1,0.038944446,8.141198
val,Y1,0.04559722,6.164596
val,Y1,0.036944445,5.051759
val,Y1,0.029958334,5.363336
val,Y1,0.031319443,4.889832
val,Y1,0.03372222,5.1981416
val,Y1,0.04876389,3.842492
val,Y1,0.04559722,4.34451
val,Y1,0.05013889,4.1800075
val,Y1,0.05848611,8.907092
val,Y1,0.073194444,5.9835973
val,Y1,0.058208335,5.0220785
val,Y1,0.037305556,5.087284
val,Y1,0.041722223,7.295422
val,Y1,0.026472222,11.930682
val,Y1,0.024388889,13.359265
val,Y1,0.3258472,6.351713
val,Y1,1.2585417,5.417663
val,Y1,2.4185693,4.5253396
val,Y1,3.429278,4.1887383
val,Y1,4.47475,6.4923277
val,Y1,5.5121527,3.914931
val,Y1,6.28,5.2504325
val,Y1,6.7575974,4.7490535
val,Y1,7.008986,5.0447516
val,Y1,7.0951805,4.7477775
val,Y1,7.0194583,4.4417033
val,Y1,6.7813196,5.2471185
val,Y1,6.54125,5.431286
val,Y1,6.710361,4.7495413
val,Y1,7.403792,4.8543506
val,Y1,8.396402,4.9713445
val,Y1,9.260583,4.7534704
val,Y1,9.901014,3.5201583
val,Y1,10.543542,2.8549185
val,Y1,10.920125,3.0317883
val,Y1,11.028944,6.1806216
val,Y1,11.124208,6.3838882
val,Y1,11.264903,5.0747113
val,Y1,11.455139,5.016314
val,Y1,11.655723,4.8237166
val,Y1,11.7734585,5.826548
val,Y1,11.8376665,5.240145
val,Y1,11.946944,4.198191
val,Y1,12.145917,3.3766937
val,Y1,12.499473,3.3551264
val,Y1,12.932333,3.3393843
val,Y1,13.252347,3.101241
val,Y1,13.441819,4.093171
val,Y1,13.758223,4.618148
val,Y1,14.115069,3.9586291
val,Y1,14.325861,4.017799
val,Y1,14.496111,4.960711
val,Y1,14.57975,5.967081
val,Y1,14.652153,3.1357694
val,Y1,14.691806,6.066095
val,Y1,14.668486,5.5323567
val,Y1,14.765125,4.7111163
val,Y1,14.852583,4.790102
val,Y1,14.7270975,5.5679383
val,Y1,14.555195,4.7087197
val,Y1,14.509194,6.1210356
val,Y1,14.591556,5.5448637
val,Y1,14.69793,5.2509427
val,Y1,14.630819,4.7575192
val,Y1,14.361917,4.43286
val,Y1,13.742431,4.3601203
val,Y1,12.967709,3.824152
val,Y1,12.157945,4.4457526
val,Y1,11.047028,4.5285687
val,Y1,9.584792,4.49914
val,Y1,8.563,4.105855
val,Y1,8.480695,3.8033252
val,Y1,8.989805,4.589062
val,Y1,9.813,7.7236495
val,Y1,10.589403,9.773697
val,Y1,11.170237,4.988552
val,Y1,11.415916,5.5388203
val,Y1,11.440153,5.1623836
val,Y1,11.438209,5.125465
val,Y1,11.469597,4.9538283
val,Y1,11.530209,4.2611527
val,Y1,11.445556,4.240414
val,Y1,11.104694,4.2341814
val,Y1,10.845889,4.410484
val,Y1,10.970375,5.1118712
val,Y1,11.368278,3.6411142
val,Y1,11.762777,4.087848
val,Y1,12.025583,4.7225237
val,Y1,12.213347,7.044304
val,Y1,12.2875,5.3100634
val,Y1,12.209084,3.4709392
val,Y1,12.039945,4.4233
val,Y1,12.029,9.719306
val,Y1,12.229389,14.000101
val,Y1,12.501139,7.6073384
val,Y1,12.672986,13.143706
val,Y1,12.590264,8.928229
val,Y1,12.406709,7.5222297
val,Y1,12.301458,13.573663
val,Y1,12.266389,18.569704
val,Y1,12.223348,13.666995
val,Y1,12.182959,10.02489
val,Y1,12.161195,15.14244
val,Y1,12.145097,5.9587884
val,Y1,12.073944,3.6753302
val,Y1,11.954333,7.3589964
val,Y1,11.850889,8.646458
val,Y1,11.467264,6.013142
val,Y1,10.636598,7.5693746
val,Y1,9.894847,12.268691
val,Y1,9.725041,17.398005
val,Y1,10.106444,13.482469
val,Y1,10.714458,12.660886
val,Y1,11.28075,12.882758
val,Y1,11.690333,9.982467
val,Y1,11.821236,8.166045
val,Y1,11.986903,6.4592175
val,Y1,12.279667,5.962942
val,Y1,12.355278,5.176008
val,Y1,12.285444,4.900745
val,Y1,12.248222,5.5558805
val,Y1,12.021305,5.444616
val,Y1,11.092028,5.7476783
val,Y1,9.541917,6.6849036
val,Y1,8.0731945,10.706412
val,Y1,7.110653,10.117061
val,Y1,6.5145,8.486612
val,Y1,6.028792,8.546452
val,Y1,6.021639,5.3624053
val,Y1,6.7922916,7.0887074
val,Y1,7.8776946,4.6381683
val,Y1,8.67893,3.843354
val,Y1,9.121986,4.416408
val,Y1,9.440805,4.0248995
val,Y1,9.764277,5.0556464
val,Y1,10.082027,4.584645
val,Y1,10.3445,4.644774
val,Y1,10.572348,4.6847363
val,Y1,10.702306,4.6703653
val,Y1,10.686944,5.9479384
val,Y1,10.587653,6.073802
val,Y1,10.534194,5.597859
val,Y1,10.554639,4.6511316
val,Y1,10.564944,4.976551
val,Y1,10.435945,4.790339
val,Y1,9.893389,5.3100996
val,Y1,8.929847,6.617764
val,Y1,7.819264,4.9421196
val,Y1,6.8775973,4.4068604
val,Y1,6.394403,3.9984927
val,Y1,6.3183055,4.0646014
val,Y1,6.6319447,4.5012965
val,Y1,7.371153,5.0824327
val,Y1,8.197403,4.445929
val,Y1,8.910736,3.3985488
val,Y1,9.525861,4.5252547
val,Y1,9.954958,6.6284685
val,Y1,10.229459,5.9959326
val,Y1,10.449778,7.137179
val,Y1,10.6796665,8.486964
val,Y1,10.953986,8.909408
val,Y1,11.017403,7.3391747
val,Y1,10.150333,8.415194
val,Y1,8.359959,12.83986
val,Y1,6.3051667,12.641811
val,Y1,4.2572083,11.123075
val,Y1,2.530125,10.365892
val,Y1,1.4676389,13.938447
val,Y1,1.0780417,18.254513
val,Y1,1.4804862,10.124082
val,Y1,2.6315,7.556293
val,Y1,3.9021945,9.976082
val,Y1,5.027389,8.009709
val,Y1,6.0475974,7.929185
val,Y1,6.950611,7.4772267
val,Y1,7.801486,7.047541
val,Y1,8.596403,10.951658
val,Y1,9.225403,16.044243
val,Y1,9.621125,11.709329
val,Y1,9.510847,11.01913
val,Y1,8.999598,11.585985
val,Y1,8.011806,15.503903
val,Y1,6.2517085,7.5279956
val,Y1,4.6256943,8.411846
val,Y1,4.0854583,10.501025
val,Y1,4.673111,4.9877353
val,Y1,5.736236,5.2191586
val,Y1,6.8205276,5.4465837
val,Y1,7.7439446,5.4218574
val,Y1,8.218028,4.8226414
val,Y1,8.178056,4.6698995
val,Y1,7.9718056,3.8620186
val,Y1,8.148597,4.3436685
val,Y1,8.711083,4.6347013
val,Y1,9.333347,3.7051606
val,Y1,9.958722,5.793225
val,Y1,10.632,6.331441
val,Y1,11.333777,6.110008
val,Y1,12.026417,5.710346
val,Y1,12.515959,5.5025177
val,Y1,12.652056,6.8799243
val,Y1,12.574653,6.6797523
val,Y1,12.553236,4.398865
val,Y1,12.477167,6.368043
val,Y1,12.137611,5.754595
val,Y1,11.687361,3.9148026
val,Y1,10.911889,4.869555
val,Y1,9.802889,3.7743545
val,Y1,8.568639,3.513123
val,Y1,7.0930557,3.058014
val,Y1,6.1124444,3.1540563
val,Y1,5.935694,3.8810122
val,Y1,6.3685,7.6865573
val,Y1,7.340778,9.688838
val,Y1,8.47918,4.8131113
val,Y1,9.561861,9.5071745
val,Y1,10.493264,9.789909
val,Y1,11.352972,4.411349
val,Y1,11.98475,4.5759883
val,Y1,12.216945,4.627664
val,Y1,12.166805,5.3184457
val,Y1,12.008722,4.2823973
val,Y1,11.720236,3.7425637
val,Y1,11.2051115,3.6777885
val,Y1,10.943653,3.7229097
val,Y1,11.437542,3.4751453
val,Y1,12.143681,3.3176553
val,Y1,12.588792,3.7399278
val,Y1,12.831445,3.6889715
val,Y1,12.866292,3.7277098
val,Y1,12.825903,3.9563994
val,Y1,12.7585,4.0167804
val,Y1,12.640333,4.106267
val,Y1,12.533722,4.095056
val,Y1,12.495889,4.1452823
val,Y1,12.521042,4.1422443
val,Y1,12.549861,4.710648
val,Y1,12.604278,5.315113
val,Y1,12.664166,5.1692815
val,Y1,12.700319,5.0694017
val,Y1,12.709416,4.735325
val,Y1,12.713708,4.0735297
val,Y1,12.741889,4.653763
val,Y1,12.796278,5.1686144
val,Y1,12.877402,4.2289643
val,Y1,13.006306,3.734047
val,Y1,13.08825,3.8393025
val,Y1,13.163097,3.7223902
val,Y1,13.357306,3.881815
val,Y1,13.573097,4.215084
val,Y1,13.756264,4.3401265
val,Y1,13.872889,4.870267
val,Y1,13.931556,4.7177005
val,Y1,13.881736,3.7634387
val,Y1,13.669375,3.7358902
val,Y1,13.418486,3.8681037
val,Y1,13.249695,4.9955945
val,Y1,13.168014,7.855193
val,Y1,13.183153,9.187754
val,Y1,13.312486,10.175317
val,Y1,13.470292,12.349336
val,Y1,13.652139,11.012773
val,Y1,13.923875,8.890377
val,Y1,14.27775,5.1963253
val,Y1,14.620625,5.0295663
val,Y1,14.848028,5.269846
val,Y1,14.870986,6.2602363
val,Y1,14.79707,8.797304
val,Y1,14.731709,11.34879
val,Y1,14.653194,5.6451554
val,Y1,14.586833,5.3640532
val,Y1,14.510153,5.551555
val,Y1,14.386764,5.6727343
val,Y1,14.244597,6.4747024
val,Y1,14.1403475,6.332129
val,Y1,14.009931,3.5872204
val,Y1,13.863681,4.184288
val,Y1,13.76425,4.4924273
val,Y1,13.718041,5.444615
val,Y1,13.805528,4.8144813
val,Y1,13.964583,5.027866
val,Y1,14.074597,5.548507
val,Y1,14.069959,4.2768345
val,Y1,14.010972,5.959512
val,Y1,14.016819,5.2117286
val,Y1,14.069722,4.6074047
val,Y1,14.094222,5.1161823
val,Y1,13.960931,5.242183
val,Y1,13.694445,5.0064883
val,Y1,13.275306,4.951876
val,Y1,12.510805,6.7231054
val,Y1,11.421111,8.098688
val,Y1,10.030528,4.1884947
val,Y1,8.482528,3.8280025
val,Y1,6.902736,4.236361
val,Y1,5.4862223,4.0318108
val,Y1,4.657778,5.1277432
val,Y1,4.519583,4.702026
val,Y1,5.0946946,5.1533294
val,Y1,6.041875,5.7800584
val,Y1,6.863111,6.2203803
val,Y1,7.458361,5.0840545
val,Y1,8.142153,4.5657706
val,Y1,8.932931,4.778909
val,Y1,9.735097,5.16986
val,Y1,10.526361,4.2194266
val,Y1,11.219597,4.0587835
val,Y1,11.748694,3.9985442
val,Y1,11.994458,3.4788527
val,Y1,12.15025,4.000881
val,Y1,12.237166,4.2831025
val,Y1,12.179625,4.345462
val,Y1,12.058361,3.263411
val,Y1,12.006903,2.9422445
val,Y1,12.105291,3.7913435
val,Y1,12.288042,5.647429
val,Y1,12.4070835,5.510057
val,Y1,12.4540415,5.964289
val,Y1,12.586361,4.858477
val,Y1,12.83325,5.30428
val,Y1,13.119458,7.696303
val,Y1,13.328584,6.7320213
val,Y1,13.337819,9.07875
val,Y1,13.233764,10.457664
val,Y1,13.125986,7.671633
val,Y1,13.036792,8.899249
val,Y1,12.95668,10.721477
val,Y1,12.856722,10.757176
val,Y1,12.793361,11.066747
val,Y1,12.827403,9.293909
val,Y1,12.987833,9.130473
val,Y1,13.175014,10.088786
val,Y1,13.148139,12.225982
val,Y1,12.790542,14.953701
val,Y1,11.2491665,7.3725467
val,Y1,8.137042,5.194498
val,Y1,4.7432775,3.797473
val,Y1,2.267236,4.838991
val,Y1,1.3426944,4.8817883
val,Y1,1.9418612,7.1965156
val,Y1,2.9953194,9.33698
val,Y1,4.1180553,6.1257234
val,Y1,5.345958,4.9122567
val,Y1,6.3238196,4.5989695
val,Y1,7.251375,4.73531
val,Y1,8.216695,3.96274
val,Y1,9.087569,4.1529408
val,Y1,9.630417,6.744249
val,Y1,9.873959,6.473649
val,Y1,10.03782,5.2102337
val,Y1,9.6078615,4.694938
val,Y1,8.677736,3.3558145
val,Y1,8.207889,4.1267843
val,Y1,8.276292,4.0568237
val,Y1,8.506236,6.7417736
val,Y1,8.751223,7.5178504
val,Y1,8.83225,3.0144486
val,Y1,8.753486,2.944199
val,Y1,8.633805,2.9694035
val,Y1,8.492431,3.3483672
val,Y1,8.3825,12.512445
val,Y1,8.262278,7.4790254
val,Y1,7.8836665,3.642861
val,Y1,7.0093613,3.8424926
val,Y1,5.6554585,3.6686132
val,Y1,4.030542,4.3261323
val,Y1,2.8188472,2.6592808
val,Y1,2.7126527,12.637159
val,Y1,3.482597,10.35761
val,Y1,4.476,3.1830678
val,Y1,5.335583,3.0849123
val,Y1,5.785681,3.4635897
val,Y1,5.8242083,3.6936347
val,Y1,5.8506947,3.0375736
val,Y1,6.062778,3.1629238
val,Y1,6.4275556,4.310819
val,Y1,6.8550696,5.9372034
val,Y1,7.2798333,11.767447
val,Y1,7.6565557,10.321121
val,Y1,7.7977223,6.0415664
val,Y1,7.692111,5.200729
val,Y1,7.548486,4.5465693
val,Y1,7.3945694,4.1168475
val,Y1,7.1983333,2.9450192
val,Y1,7.206972,3.8118658
val,Y1,7.606347,3.9131584
val,Y1,8.033042,5.2790537
val,Y1,8.293389,3.946609
val,Y1,8.505013,3.5361853
val,Y1,8.624291,3.4553838
val,Y1,8.59975,8.466922
val,Y1,8.53275,13.340899
val,Y1,8.497736,6.2903123
val,Y1,8.092556,6.4908834
val,Y1,7.365264,5.0848
val,Y1,6.809889,8.619317
val,Y1,6.493014,12.125527
val,Y1,6.5018888,2.8742528
val,Y1,6.886361,4.0009627
val,Y1,7.2853193,3.3762193
val,Y1,7.577306,6.440411
val,Y1,7.978139,4.110269
val,Y1,8.414583,4.183398
val,Y1,8.852222,10.606428
val,Y1,9.22057,7.9158697
val,Y1,9.334111,7.614979
val,Y1,9.035042,10.497758
val,Y1,8.495861,4.6414537
val,Y1,8.188097,7.392499
val,Y1,8.203111,6.1345105
val,Y1,8.379167,6.1934547
val,Y1,8.588875,2.503682
val,Y1,8.777014,3.5799384
val,Y1,8.979959,9.322302
val,Y1,9.077958,7.9908853
val,Y1,8.959139,4.541145
val,Y1,8.741403,8.565784
val,Y1,8.557236,7.503835
val,Y1,8.417583,6.3152885
val,Y1,8.304556,5.2715216
val,Y1,8.3115,8.693908
val,Y1,8.453111,6.376135
val,Y1,8.539416,6.9803443
val,Y1,8.332306,5.5158772
val,Y1,7.606458,5.6412487
val,Y1,6.3209863,6.3212585
val,Y1,5.1671667,6.9762125
val,Y1,4.7849445,9.347974
val,Y1,5.357792,8.094722
val,Y1,6.50375,7.745151
val,Y1,7.4983053,11.232974
val,Y1,8.345417,6.6215224
val,Y1,9.129945,7.089655
val,Y1,9.658819,6.596172
val,Y1,9.892931,4.6755834
val,Y1,9.926541,8.371798
val,Y1,9.946458,7.263029
val,Y1,10.083264,7.2860446
val,Y1,10.313556,7.1170783
val,Y1,10.562098,7.279979
val,Y1,10.628834,5.2134843
val,Y1,10.332764,10.516787
val,Y1,9.664722,17.672705
val,Y1,8.487541,5.798857
val,Y1,6.8358054,6.9340253
val,Y1,5.013597,3.5214472
val,Y1,3.2919445,3.3251195
val,Y1,1.8607917,3.5207806
val,Y1,0.9257361,3.0022054
val,Y1,1.5811944,6.486005
val,Y1,3.5356529,15.385332
val,Y1,5.3333473,8.740192
val,Y1,6.597486,8.640988
val,Y1,7.1567082,6.6199617
val,Y1,7.399764,4.333072
val,Y1,7.8040137,8.802493
val,Y1,8.292569,8.2303295
val,Y1,8.6774025,5.212746
val,Y1,9.036139,4.0741134
val,Y1,9.5864725,3.7128744
val,Y1,10.263333,5.0541253
val,Y1,10.932375,4.5646563
val,Y1,11.50625,3.6462266
val,Y1,11.843083,3.5802171
val,Y1,12.020264,3.6067307
val,Y1,12.2,3.5717654
val,Y1,12.518861,3.8041878
val,Y1,12.888361,4.272957
val,Y1,12.991694,4.827589
val,Y1,12.86132,4.870874
val,Y1,12.750764,5.1288953
val,Y1,12.846889,5.5775237
val,Y1,13.220583,5.785853
val,Y1,13.743333,6.1221414
val,Y1,14.095098,5.832741
val,Y1,14.177208,6.5275054
val,Y1,14.179097,7.4195733
val,Y1,14.178348,7.5834155
val,Y1,14.241361,6.8405795
val,Y1,14.341972,5.847329
val,Y1,14.4516945,5.7341
val,Y1,14.502236,6.004569
val,Y1,14.410097,5.1489167
val,Y1,14.15757,4.7420793
val,Y1,13.833028,5.492444
val,Y1,13.449403,7.1721654
val,Y1,12.970153,5.7400274
val,Y1,12.416695,5.5569563
val,Y1,11.698389,4.880905
val,Y1,10.847847,5.324326
val,Y1,9.788042,5.6975374
val,Y1,8.4525,4.261764
val,Y1,7.059361,7.2365866
val,Y1,5.732042,11.416583
val,Y1,4.549986,3.0844789
val,Y1,3.672014,2.5252233
val,Y1,2.987375,2.7858846
val,Y1,2.4803889,3.4005153
val,Y1,2.0979445,5.440306
val,Y1,1.6320555,7.7199264
val,Y1,1.0074445,6.114638
val,Y1,0.40058333,4.5201144
val,Y1,0.087458335,5.324714
val,Y1,0.017777778,9.166669
val,Y1,0.014652777,2.8278565
val,Y1,0.014041667,3.5546038
val,Y1,0.016597223,4.1500235
val,Y1,0.014555556,5.3719773
val,Y1,0.012930555,6.8532677
val,Y1,0.013458333,8.549887
val,Y1,0.013916667,8.947118
val,Y1,0.017972222,4.5901127
val,Y1,0.02913889,6.0740137
val,Y1,0.028902778,13.648153
val,Y1,0.024875,15.536228
val,Y1,0.025444444,8.281831
val,Y1,0.023208333,5.3126936
val,Y1,0.023027778,4.7579603
val,Y1,0.02325,4.2807164
val,Y1,0.030319445,3.6766734
val,Y1,0.03101389,3.0183463
val,Y1,0.020555556,4.1874986
val,Y1,0.014833333,4.7162967
val,Y1,0.013861111,4.9004874
val,Y1,0.013083333,4.9877696
val,Y1,0.017791666,4.9793515
val,Y1,0.017652778,4.761557
val,Y1,0.014388889,4.992748
val,Y1,0.015111111,4.9548116
val,Y1,0.015625,4.782198
val,Y1,0.014527778,5.0395513
val,Y1,0.013138889,4.983854
val,Y1,0.015944444,5.1121793
val,Y1,0.015833333,6.479498
val,Y1,0.014708334,7.062148
val,Y1,0.014694445,4.9245276
val,Y1,0.01626389,5.622173
val,Y1,0.021513889,6.0158815
val,Y1,0.017375,4.2930646
val,Y1,0.012277778,4.0349092
val,Y1,0.012555555,4.1550403
val,Y1,0.013333334,5.3788376
val,Y1,0.014,5.680816
val,Y1,0.013611111,5.389339
val,Y1,0.011583333,8.753877
val,Y1,0.012569444,12.265331
val,Y1,0.015541667,14.103747
val,Y1,0.013541667,11.5807085
val,Y1,0.012763889,6.4761233
val,Y1,0.013513889,5.6087303
val,Y1,0.011416666,6.909531
val,Y1,0.012847222,6.68171
val,Y1,0.014777778,5.951096
val,Y1,0.013263889,4.174766
val,Y1,0.010819444,4.241835
val,Y1,0.014152777,5.0931287
val,Y1,0.03584722,5.248623
val,Y1,0.45379168,2.89042
val,Y1,1.7478472,2.353415
val,Y1,3.2493472,2.9426847
val,Y1,4.2894444,5.2405925
val,Y1,4.9304304,4.0559115
val,Y1,5.3754306,5.3674216
val,Y1,5.9311943,4.3236246
val,Y1,6.7438474,4.8576226
val,Y1,7.738458,5.521066
val,Y1,8.529805,6.3526044
val,Y1,8.946959,5.0305724
val,Y1,9.296805,5.217918
val,Y1,9.503986,5.1875567
val,Y1,9.524819,4.8414454
val,Y1,9.954653,4.833534
val,Y1,10.844764,4.8152366
val,Y1,11.679292,4.9411316
val,Y1,12.1380415,5.6129584
val,Y1,12.290334,4.828746
val,Y1,12.348194,4.503692
val,Y1,12.470056,4.810475
val,Y1,12.738459,5.2906504
val,Y1,13.104403,4.872147
val,Y1,13.309667,5.0415874
val,Y1,13.024208,5.7415056
val,Y1,12.608681,5.743609
val,Y1,12.548223,5.2611027
val,Y1,12.563069,5.158065
val,Y1,12.551222,6.9659643
val,Y1,12.704889,9.355189
val,Y1,12.964167,7.4094267
val,Y1,13.074139,5.002754
val,Y1,13.079333,5.470732
val,Y1,13.09675,5.181887
val,Y1,13.070347,4.9286294
val,Y1,12.99,5.503223
val,Y1,12.51,4.382868
val,Y1,11.3359165,3.7880907
val,Y1,9.681569,4.2145743
val,Y1,8.020695,4.8720403
val,Y1,6.5626388,4.908441
val,Y1,5.154736,4.339979
val,Y1,3.8559027,4.7973166
val,Y1,2.806764,5.380839
val,Y1,1.9401945,3.5147982
val,Y1,1.25825,5.1517773
val,Y1,0.7391667,3.7003999
val,Y1,0.28220832,3.852118
val,Y1,0.03748611,6.446893
val,Y1,0.017569445,4.8034797
val,Y1,0.017791666,7.003874
val,Y1,0.02376389,4.8286333
val,Y1,0.027347222,8.548547
val,Y1,0.01813889,5.420944
val,Y1,0.013986111,7.068007
val,Y1,0.015388889,7.505349
val,Y1,0.014138889,4.9493084
val,Y1,0.016291667,5.999972
val,Y1,0.018652778,6.4280996
val,Y1,0.018694444,4.4360905
val,Y1,0.018944444,3.0403323
val,Y1,0.023902778,2.081617
val,Y1,0.026888888,1.9550164
val,Y1,0.019555556,1.998776
val,Y1,0.019472223,2.0114644
val,Y1,0.01836111,2.023314
val,Y1,0.013361111,2.0200076
val,Y1,0.015305555,2.0140247
val,Y1,0.02,1.9948591
val,Y1,0.016777778,1.9767172
val,Y1,0.013819444,1.9731183
val,Y1,0.014152777,1.9745324
val,Y1,0.021152778,1.9816214
val,Y1,0.029694444,2.0134258
val,Y1,0.030430555,2.0193653
val,Y1,0.026833333,2.0262332
val,Y1,0.023652777,2.0118966
val,Y1,0.11134722,2.0322216
val,Y1,0.5525972,11.643924
val,Y1,1.2731806,10.355677
val,Y1,2.1009722,8.427394
val,Y1,2.8903055,6.974422
val,Y1,3.2896528,4.003914
val,Y1,3.6653473,3.3428683
val,Y1,4.4222083,4.0123477
val,Y1,5.2317085,4.3904166
val,Y1,5.710528,4.273126
val,Y1,5.797111,4.6242485
val,Y1,5.8056808,4.810412
val,Y1,6.094236,4.253856
val,Y1,6.6154027,4.6586933
val,Y1,7.1190414,6.0394998
val,Y1,7.552236,5.912748
val,Y1,7.967347,4.3768325
val,Y1,8.3683195,5.4921103
val,Y1,8.757931,6.09638
val,Y1,9.141611,5.152376
val,Y1,9.5772915,5.4746366
val,Y1,10.1322775,5.0213
val,Y1,10.752681,4.4076943
val,Y1,11.210542,4.1842027
val,Y1,11.342292,4.2148666
val,Y1,11.241709,4.448229
val,Y1,10.94407,3.5364456
val,Y1,10.446097,3.5248895
val,Y1,9.8243475,3.6952326
val,Y1,9.016583,3.979694
val,Y1,7.987236,4.3480253
val,Y1,6.775472,4.7125244
val,Y1,5.4339166,4.574888
val,Y1,4.128792,4.668944
val,Y1,3.1153333,4.603831
val,Y1,2.4153612,4.5066686
val,Y1,1.7512778,4.363565
val,Y1,1.1932639,4.4898725
val,Y1,0.7968472,5.2448545
val,Y1,0.37779167,5.7903
val,Y1,0.11055555,4.3686953
val,Y1,0.13522223,6.464647
val,Y1,0.27466667,4.309382
val,Y1,0.3171111,5.547152
val,Y1,0.26580554,6.8335547
val,Y1,0.19640277,5.383976
val,Y1,0.08786111,3.6887212
val,Y1,0.028430555,2.4913287
val,Y1,0.034833334,4.1006784
val,Y1,0.099,3.4996958
val,Y1,0.597375,5.0552564
val,Y1,2.179,7.0656695
val,Y1,4.0376806,7.466321
val,Y1,5.3860693,5.903462
val,Y1,6.561847,5.4133563
val,Y1,7.527125,4.5170407
val,Y1,8.352528,3.7939873
val,Y1,9.1796665,4.076803
val,Y1,10.011389,4.12069
val,Y1,10.692111,4.2406926
val,Y1,10.888695,4.988768
val,Y1,10.562764,5.752602
val,Y1,10.395903,6.369714
val,Y1,10.820778,4.48392
val,Y1,11.682487,6.398738
val,Y1,12.577084,5.5835295
val,Y1,13.082597,4.1183543
val,Y1,13.208208,6.0093713
val,Y1,13.211528,5.588572
val,Y1,13.238625,4.685817
val,Y1,13.341431,4.639134
val,Y1,13.537791,5.739061
val,Y1,13.763917,5.1694903
val,Y1,13.908,4.2762504
val,Y1,13.946917,7.8156314
val,Y1,13.945111,6.205303
val,Y1,13.940056,4.5100355
val,Y1,13.908611,6.81378
val,Y1,13.851375,5.805095
val,Y1,13.695056,5.6542926
val,Y1,13.3666115,5.1668663
val,Y1,12.933875,5.469897
val,Y1,12.392889,5.9583473
val,Y1,12.045305,4.76704
val,Y1,12.053139,2.96179
val,Y1,12.192945,3.204866
val,Y1,12.234514,3.9130192
val,Y1,12.0555,2.9123664
val,Y1,11.761639,4.0809216
val,Y1,11.468236,5.8512816
val,Y1,11.385625,7.7313437
val,Y1,11.604792,9.326953
val,Y1,11.876792,4.77315
val,Y1,11.858903,4.159461
val,Y1,11.576819,4.7623625
val,Y1,11.282306,4.7923884
val,Y1,11.044556,4.4536347
val,Y1,10.893403,4.396211
val,Y1,10.924236,3.9069195
val,Y1,11.103583,4.8310485
val,Y1,11.3584585,4.455112
val,Y1,11.680458,5.616816
val,Y1,11.868139,4.6296
val,Y1,11.97557,4.8233967
val,Y1,12.186319,4.8565445
val,Y1,12.264389,4.7210507
val,Y1,12.22893,6.041469
val,Y1,12.377569,6.3498664
val,Y1,12.698167,5.9049134
val,Y1,12.934083,6.1231318
val,Y1,12.8095,7.923943
val,Y1,12.2971525,6.068238
val,Y1,11.512764,6.1545763
val,Y1,10.543764,5.6792607
val,Y1,9.235306,8.676801
val,Y1,7.528278,12.4134245
val,Y1,5.69425,5.940427
val,Y1,3.8550694,7.189135
val,Y1,2.1597917,7.0534883
val,Y1,0.89970833,4.676199
val,Y1,0.7534722,5.5667033
val,Y1,1.9440138,6.8215327
val,Y1,3.3753471,3.448352
val,Y1,4.726736,5.108122
val,Y1,6.144,5.322165
val,Y1,7.2336526,5.431996
val,Y1,8.058236,5.0394855
val,Y1,8.773097,4.2815766
val,Y1,9.44275,4.670419
val,Y1,9.992486,4.3775225
val,Y1,10.229555,3.8172493
val,Y1,10.266,4.575632
val,Y1,10.251555,4.9565845
val,Y1,10.173972,4.9173217
val,Y1,10.069834,5.3376822
val,Y1,10.045875,4.926887
val,Y1,10.291458,5.2591624
val,Y1,10.637459,5.198486
val,Y1,10.862792,4.7725625
val,Y1,11.035542,5.0342097
val,Y1,11.076292,5.195451
val,Y1,11.182264,5.215181
val,Y1,11.384069,4.547504
val,Y1,11.484667,6.3495636
val,Y1,11.561125,3.4006948
val,Y1,11.693209,3.2712607
val,Y1,11.883236,6.1064587
val,Y1,12.025945,5.0159326
val,Y1,11.989847,2.7484736
val,Y1,11.823931,2.907977
val,Y1,11.741445,3.7988594
val,Y1,11.754236,5.3556304
val,Y1,11.802625,4.86945
val,Y1,11.966153,4.9470224
val,Y1,12.329805,4.951201
val,Y1,12.784917,4.5403175
val,Y1,13.120778,5.7390747
val,Y1,13.253722,5.2497096
val,Y1,13.28375,5.5965605
val,Y1,13.343778,5.4238963
val,Y1,13.478431,3.926773
val,Y1,13.646791,4.271958
val,Y1,13.74275,4.558163
val,Y1,13.6449585,7.106406
val,Y1,13.364917,5.4606094
val,Y1,12.932652,9.284205
val,Y1,12.397403,14.321877
val,Y1,11.8619585,9.622809
val,Y1,11.482458,3.1386743
val,Y1,11.35725,5.115606
val,Y1,11.348514,4.7197814
val,Y1,11.536458,4.452328
val,Y1,11.967625,5.2573357
val,Y1,12.297459,5.515285
val,Y1,12.484375,4.257089
val,Y1,12.609861,5.538362
val,Y1,12.579875,5.9122233
val,Y1,12.1715555,4.7833037
val,Y1,11.434028,4.4054523
val,Y1,10.883028,4.478476
val,Y1,10.846084,5.0829425
val,Y1,11.316153,5.6967134
val,Y1,11.953222,5.479473
val,Y1,12.549597,5.728363
val,Y1,13.129569,5.449081
val,Y1,13.623403,5.670387
val,Y1,13.758125,6.3460608
val,Y1,13.6177225,4.8388624
val,Y1,13.447958,5.0456314
val,Y1,12.680708,6.4323525
val,Y1,11.432125,6.91065
val,Y1,10.854555,4.698853
val,Y1,11.15825,5.310839
val,Y1,11.644792,11.062488
val,Y1,11.958487,11.92642
val,Y1,12.182764,5.187684
val,Y1,12.247209,6.854681
val,Y1,12.195778,5.3238206
val,Y1,12.092861,6.0790977
val,Y1,11.851222,3.164829
val,Y1,11.531792,3.7052379
val,Y1,11.042403,4.7255034
val,Y1,10.027194,7.041669
val,Y1,8.528389,4.0658193
val,Y1,7.2113333,3.6617265
val,Y1,6.5474443,3.81457
val,Y1,6.723653,3.754726
val,Y1,7.5316806,4.5065947
val,Y1,8.400486,6.5178437
val,Y1,9.17018,4.059395
val,Y1,9.907181,4.820846
val,Y1,10.642639,5.660266
val,Y1,11.39032,6.287292
val,Y1,12.010667,4.590535
val,Y1,12.552237,4.0240846
val,Y1,13.106819,4.8188806
val,Y1,13.528014,7.335922
val,Y1,13.573653,5.809526
val,Y1,13.22875,6.908326
val,Y1,12.714334,5.8225317
val,Y1,12.201889,5.1020074
val,Y1,11.770889,5.676948
val,Y1,11.404792,4.890511
val,Y1,11.112583,4.536426
val,Y1,10.578792,4.7667274
val,Y1,8.989472,4.6825423
val,Y1,6.718514,3.4020705
val,Y1,5.5645695,4.140597
val,Y1,6.2266808,3.5010934
val,Y1,7.561903,3.3016827
val,Y1,8.550709,3.483514
val,Y1,9.117556,5.9167128
val,Y1,9.392417,5.9508767
val,Y1,9.513917,4.929853
val,Y1,9.580277,4.285097
val,Y1,9.696042,4.718613
val,Y1,9.906959,5.5733895
val,Y1,10.155958,5.212972
val,Y1,10.396444,5.1035423
val,Y1,10.485778,4.8552833
val,Y1,10.245681,4.909803
val,Y1,9.817041,5.5201836
val,Y1,9.46825,6.022874
val,Y1,9.194639,5.0498805
val,Y1,8.930833,6.8677177
val,Y1,8.787084,8.858133
val,Y1,8.769931,5.835977
val,Y1,8.695125,4.440232
val,Y1,8.562445,4.615542
val,Y1,8.601653,4.3754916
val,Y1,8.943861,3.6071033
val,Y1,9.459028,3.5406535
val,Y1,10.007861,3.6934223
val,Y1,10.6695,3.669674
val,Y1,11.224861,3.606175
val,Y1,11.364264,3.6744156
val,Y1,11.401931,3.8348675
val,Y1,11.810028,3.892279
val,Y1,12.626236,3.8913665
val,Y1,13.638708,3.9982858
val,Y1,14.718764,3.9459486
val,Y1,15.784792,3.8291998
val,Y1,16.70643,4.0120835
val,Y1,17.365583,4.043437
val,Y1,17.790709,3.7494893
val,Y1,18.12382,4.0138164
val,Y1,18.447695,3.9768302
val,Y1,18.77007,3.9484603
val,Y1,19.085806,3.9742155
val,Y1,19.427973,3.8936248
val,Y1,19.796194,3.9048886
val,Y1,20.180084,3.9896243
val,Y1,20.615055,4.1727924
val,Y1,21.105862,5.6218333
val,Y1,21.511278,5.8478017
val,Y1,21.590376,5.1143756
val,Y1,21.4365,4.7076373
val,Y1,21.372652,4.616179
val,Y1,21.441668,4.4132833
val,Y1,21.56586,4.1321115
val,Y1,21.701597,3.7677207
val,Y1,21.715847,3.7804284
val,Y1,21.598291,3.6654527
val,Y1,21.360847,3.9509158
val,Y1,21.031626,3.7323456
val,Y1,20.688944,3.701026
val,Y1,20.305084,3.6881351
val,Y1,19.698208,3.874827
val,Y1,18.781986,4.045942
val,Y1,17.653639,3.9218826
val,Y1,16.397985,3.9853911
val,Y1,14.995903,3.9821808
val,Y1,13.470125,4.0533643
val,Y1,12.023666,3.9876683
val,Y1,10.489153,4.111513
val,Y1,8.741458,4.1248946
val,Y1,7.03325,4.1923966
val,Y1,5.5117917,4.119925
val,Y1,4.166264,4.0512176
val,Y1,3.0303195,4.428045
val,Y1,2.1042638,4.7568326
val,Y1,1.2831944,4.843393
val,Y1,0.6576528,5.220599
val,Y1,0.25679168,5.236091
val,Y1,0.053069446,5.1441517
val,Y1,0.0154444445,5.9615946
val,Y1,0.019944444,5.5628934
val,Y1,0.044597223,4.2836747
val,Y1,0.31454167,5.048849
val,Y1,0.963875,6.6283326
val,Y1,1.881875,6.2495766
val,Y1,2.9245834,7.1032386
val,Y1,3.9344168,6.885196
val,Y1,4.6772776,7.4779863
val,Y1,5.1407084,7.1758704
val,Y1,5.219611,6.571704
val,Y1,4.7928195,4.0636563
val,Y1,4.189111,3.8154774
val,Y1,3.6133611,4.3304496
val,Y1,2.9597085,4.6261897
val,Y1,2.31525,4.8382945
val,Y1,1.8958056,4.7241526
val,Y1,1.6089028,4.885428
val,Y1,1.6165416,4.5803847
val,Y1,2.2912083,4.6579823
val,Y1,3.3685417,5.167212
val,Y1,4.438625,4.8376307
val,Y1,5.423917,5.1942983
val,Y1,6.271986,5.7058697
val,Y1,6.966472,4.609284
val,Y1,7.6947083,5.206017
val,Y1,8.518791,4.708175
val,Y1,9.248986,4.6692376
val,Y1,9.838555,4.1528583
val,Y1,10.371917,4.4915085
val,Y1,10.887709,5.2792344
val,Y1,11.305847,4.4498496
val,Y1,11.697695,4.262937
val,Y1,12.334139,4.7069983
val,Y1,13.275917,4.7690053
val,Y1,14.385931,4.7770553
val,Y1,15.575736,4.7780066
val,Y1,16.751265,4.6448674
val,Y1,17.897194,4.5708976
val,Y1,19.023,4.595529
val,Y1,19.885431,4.3800397
val,Y1,20.310097,4.8944716
val,Y1,20.681263,5.5569696
val,Y1,21.17607,7.9328785
val,Y1,21.419903,7.896162
val,Y1,21.247223,5.555819
val,Y1,20.877277,5.5561833
val,Y1,20.45243,5.9837513
val,Y1,19.993431,5.0488524
val,Y1,19.556013,3.6844687
val,Y1,19.284624,3.501431
val,Y1,19.231653,5.529069
val,Y1,19.202847,4.078174
val,Y1,19.060194,4.4301353
val,Y1,18.764833,3.695935
val,Y1,18.351473,3.6720338
val,Y1,17.9465,4.8505464
val,Y1,17.723515,4.4308295
val,Y1,17.740847,4.8217344
val,Y1,17.900347,5.097407
val,Y1,18.083597,4.656739
val,Y1,17.993973,4.241594
val,Y1,17.604319,4.325588
val,Y1,17.210096,3.9469056
val,Y1,16.934834,4.578552
val,Y1,16.659292,6.369418
val,Y1,16.478945,4.890766
val,Y1,16.369486,4.296044
val,Y1,16.111431,4.619427
val,Y1,15.754764,4.812423
val,Y1,15.368542,4.5631166
val,Y1,14.978125,4.799565
val,Y1,14.278542,4.9950786
val,Y1,13.100639,4.50504
val,Y1,11.655431,4.161611
val,Y1,10.207306,4.7379217
val,Y1,9.016945,4.4869266
val,Y1,8.0680275,5.35074
val,Y1,7.0527363,4.8674107
val,Y1,5.430722,4.8591123
val,Y1,3.3707917,4.087207
val,Y1,1.7575834,3.5681486
val,Y1,1.3042917,3.0901806
val,Y1,2.3367083,3.2634766
val,Y1,4.061972,4.4638963
val,Y1,5.6159306,4.6196547
val,Y1,6.8376946,4.4226947
val,Y1,7.5934167,5.1077776
val,Y1,8.110306,3.7197216
val,Y1,8.664625,3.4473314
val,Y1,9.059486,4.0196147
val,Y1,9.256917,4.1697087
val,Y1,9.342542,3.5542421
val,Y1,9.408556,3.2973762
val,Y1,9.440861,3.0528982
val,Y1,9.268847,3.0686276
val,Y1,9.204333,3.4635243
val,Y1,9.402542,3.7035956
val,Y1,9.58025,3.9424524
val,Y1,9.678445,3.9087982
val,Y1,9.756945,3.9903126
val,Y1,9.573597,4.614353
val,Y1,8.360097,4.9800863
val,Y1,6.6310415,4.7361336
val,Y1,6.264889,4.6848
val,Y1,7.326389,4.3395996
val,Y1,8.308556,4.298339
val,Y1,8.560194,4.2093773
val,Y1,8.681639,4.3421235
val,Y1,9.207597,4.6248856
val,Y1,9.756667,4.7856164
val,Y1,10.038264,4.422276
val,Y1,10.128542,4.564381
val,Y1,9.790459,6.141719
val,Y1,9.196362,6.114384
val,Y1,8.731694,5.990467
val,Y1,8.61932,7.197085
val,Y1,8.951125,6.143768
val,Y1,9.43032,3.576026
val,Y1,9.557806,3.5886488
val,Y1,8.73075,5.1214514
val,Y1,7.0555973,4.220055
val,Y1,5.924125,5.1153483
val,Y1,6.285347,4.5742
val,Y1,7.3986807,5.039681
val,Y1,8.237111,5.125198
val,Y1,8.445681,5.253799
val,Y1,7.8484306,3.639514
val,Y1,7.030083,5.73176
val,Y1,6.9148335,4.37115
val,Y1,7.579583,4.456031
val,Y1,8.489959,3.8920121
val,Y1,8.823305,3.8520386
val,Y1,8.388958,5.0328913
val,Y1,7.3293056,3.85961
val,Y1,6.349236,3.3227642
val,Y1,6.271389,3.8555963
val,Y1,7.0395,4.009484
val,Y1,8.045111,5.341224
val,Y1,8.5228195,6.6512017
val,Y1,8.409764,3.4127212
val,Y1,8.094306,7.6761374
val,Y1,7.588792,9.167835
val,Y1,6.468694,4.927263
val,Y1,5.199333,5.248321
val,Y1,4.689236,4.0587163
val,Y1,5.035,5.121104
val,Y1,5.6824026,5.319999
val,Y1,6.1189585,5.955795
val,Y1,6.6200695,4.1190615
val,Y1,7.3910556,3.1563287
val,Y1,8.179042,4.646768
val,Y1,8.694333,3.6479607
val,Y1,8.913875,3.1270244
val,Y1,9.096598,5.7180243
val,Y1,9.292611,5.9692197
val,Y1,8.823958,3.9587543
val,Y1,7.33425,3.509679
val,Y1,5.833139,4.7637105
val,Y1,5.290528,5.2054143
val,Y1,5.7850833,5.5777707
val,Y1,6.880528,5.5910707
val,Y1,8.001389,5.062529
val,Y1,8.904445,3.1079385
val,Y1,9.537375,4.617758
val,Y1,9.87375,3.9572482
val,Y1,9.970222,3.6605172
val,Y1,9.879306,3.7813087
val,Y1,9.437361,3.5444407
val,Y1,8.334778,4.724005
val,Y1,6.8540554,5.256256
val,Y1,5.907139,5.33396
val,Y1,5.8725557,4.9773393
val,Y1,6.6448054,4.902056
val,Y1,7.855986,5.0536895
val,Y1,8.8325,3.940769
val,Y1,9.301306,4.600808
val,Y1,9.365486,4.144671
val,Y1,8.869528,6.160071
val,Y1,7.675889,4.867807
val,Y1,6.0789723,9.790557
val,Y1,4.7359443,16.35878
val,Y1,3.9923334,9.353511
val,Y1,3.7796946,12.280709
val,Y1,4.4894443,17.288198
val,Y1,5.7780137,10.692765
val,Y1,6.9159164,5.318518
val,Y1,7.8401113,6.9496217
val,Y1,8.526722,5.959843
val,Y1,8.787903,5.428045
val,Y1,8.586736,5.3326354
val,Y1,8.1940975,4.965737
val,Y1,7.751764,5.0852914
val,Y1,7.398958,5.2151704
val,Y1,7.4384584,4.6474032
val,Y1,7.7354026,4.697145
val,Y1,7.8937917,4.5889754
val,Y1,8.163875,3.3423374
val,Y1,8.754069,4.0815086
val,Y1,9.376722,4.9328294
val,Y1,9.972013,4.8908706
val,Y1,10.575361,5.816466
val,Y1,11.148931,8.02192
val,Y1,11.612181,4.3624616
val,Y1,11.744208,4.948924
val,Y1,11.61143,8.183032
val,Y1,11.465834,8.870545
val,Y1,11.367306,9.202939
val,Y1,11.373777,9.633954
val,Y1,11.409513,9.687491
val,Y1,10.911667,7.839429
val,Y1,9.679083,10.911057
val,Y1,8.308903,4.96729
val,Y1,6.8554444,4.3793707
val,Y1,5.0970554,5.0468135
val,Y1,3.3248472,4.9821596
val,Y1,1.8579028,5.158463
val,Y1,1.1403472,4.872687
val,Y1,1.9761667,5.166471
val,Y1,3.6972778,4.5734363
val,Y1,5.1090693,9.179477
val,Y1,6.1534724,4.7192445
val,Y1,6.960125,4.3909783
val,Y1,7.730875,3.5036983
val,Y1,8.3965,4.935454
val,Y1,8.644861,6.960532
val,Y1,8.280152,7.6869674
val,Y1,7.4302917,3.5399697
val,Y1,6.1899724,3.1676388
val,Y1,4.7194166,2.9125447
val,Y1,3.32175,5.830583
val,Y1,2.1649444,10.326074
val,Y1,1.2886388,5.427563
val,Y1,0.7342917,5.1394053
val,Y1,0.38525,4.1135674
val,Y1,0.16075,4.422272
val,Y1,0.14475,4.3494077
val,Y1,0.30656946,4.362693
val,Y1,0.85494447,5.2060256
val,Y1,1.7842778,4.90822
val,Y1,2.94475,5.517672
val,Y1,4.2191944,4.6853757
val,Y1,5.2746944,5.6042285
val,Y1,6.117542,5.3247275
val,Y1,6.96975,5.2084146
val,Y1,7.9430556,6.302419
val,Y1,8.954958,6.9402375
val,Y1,9.8908615,3.8559904
val,Y1,10.714292,4.8502135
val,Y1,11.184569,10.049044
val,Y1,11.122236,5.653277
val,Y1,11.064111,6.6753683
val,Y1,11.432944,7.6546173
val,Y1,12.024487,4.6248527
val,Y1,12.636666,4.032574
val,Y1,13.165736,4.6476655
val,Y1,13.55375,7.365646
val,Y1,13.848264,8.897128
val,Y1,13.984487,4.5812902
val,Y1,13.9785,4.8808846
val,Y1,14.146305,5.1462
val,Y1,14.401153,5.3142
val,Y1,14.360986,4.7252455
val,Y1,14.089458,4.217565
val,Y1,13.871083,3.3553643
val,Y1,13.67368,4.235773
val,Y1,13.42382,4.767425
val,Y1,12.981639,5.2340617
val,Y1,11.915764,3.7187452
val,Y1,10.658944,3.6220937
val,Y1,10.206458,3.1370175
val,Y1,10.512139,3.2936397
val,Y1,11.045083,3.9944606
val,Y1,11.525333,3.9679828
val,Y1,11.799,4.1772313
val,Y1,11.948847,4.8316255
val,Y1,12.080444,5.00203
val,Y1,12.215931,4.8513527
val,Y1,12.31057,4.332785
val,Y1,12.31975,4.89518
val,Y1,12.30368,4.881915
val,Y1,12.223166,4.4966493
val,Y1,11.990875,5.084902
val,Y1,11.340111,5.434625
val,Y1,9.723125,4.9409013
val,Y1,7.414417,7.4363513
val,Y1,4.9553056,10.219274
val,Y1,2.645375,15.233202
val,Y1,1.0794028,4.7025123
val,Y1,0.32505557,4.871511
val,Y1,0.06148611,5.094131
val,Y1,0.012097222,4.039936
val,Y1,0.018805556,3.6066256
val,Y1,0.022277778,3.3350348
val,Y1,0.018861111,3.2688036
val,Y1,0.016236112,3.4682016
val,Y1,0.016083334,3.9574223
val,Y1,0.016930556,5.0354056
val,Y1,0.015833333,5.5793595
val,Y1,0.01761111,5.2105837
val,Y1,0.048875,4.974342
val,Y1,0.51295835,4.9483304
val,Y1,1.6396667,6.1993957
val,Y1,2.8268611,5.0022793
val,Y1,3.8477082,3.4353337
val,Y1,4.904875,4.582071
val,Y1,5.781653,4.775125
val,Y1,6.5236945,3.4741597
val,Y1,7.638361,4.410665
val,Y1,9.042209,4.936739
val,Y1,10.338333,4.3861027
val,Y1,11.510931,4.571305
val,Y1,12.320861,4.9335713
val,Y1,12.53525,4.71576
val,Y1,12.46275,4.511488
val,Y1,12.318444,4.687595
val,Y1,11.988736,4.535728
val,Y1,11.259569,3.8588374
val,Y1,10.286555,3.8166802
val,Y1,9.726764,3.9090872
val,Y1,9.641097,3.10847
val,Y1,9.518764,3.9740608
val,Y1,9.370028,5.2557693
val,Y1,9.313027,5.874577
val,Y1,9.230458,6.124404
val,Y1,9.169778,7.7920036
val,Y1,9.267694,8.197682
val,Y1,9.569,8.521927
val,Y1,9.938209,8.035077
val,Y1,10.305528,8.246418
val,Y1,10.6328335,7.00045
val,Y1,10.966042,4.3147545
val,Y1,11.331445,4.070434
val,Y1,11.6709585,4.4709334
val,Y1,11.974055,3.7265177
val,Y1,12.259194,7.048728
val,Y1,12.565,6.0283904
val,Y1,12.884639,6.6617007
val,Y1,13.213583,4.924251
val,Y1,13.516444,3.7883966
val,Y1,13.662639,4.0294147
val,Y1,13.541,4.7309113
val,Y1,13.269555,5.318687
val,Y1,13.0425,4.6402526
val,Y1,12.912097,4.6568747
val,Y1,12.842514,4.3930435
val,Y1,12.850486,4.0616593
val,Y1,12.963028,4.120528
val,Y1,13.1485,4.551231
val,Y1,13.387889,6.2115808
val,Y1,13.625792,5.646929
val,Y1,13.768444,4.955692
val,Y1,13.744528,5.086076
val,Y1,13.645139,5.1766534
val,Y1,13.575111,4.842554
val,Y1,13.457347,5.0553403
val,Y1,13.111055,5.597543
val,Y1,12.621597,5.377816
val,Y1,12.203389,5.1436386
val,Y1,11.665889,3.764863
val,Y1,10.697416,3.5710182
val,Y1,9.27432,3.9793744
val,Y1,7.956736,6.2046185
val,Y1,7.220028,4.9691615
val,Y1,6.895472,6.45637
val,Y1,6.7089725,7.3481407
val,Y1,6.550903,7.9053907
val,Y1,6.5465,8.548442
val,Y1,6.8734446,10.595337
val,Y1,7.3827085,5.0522094
val,Y1,7.90725,4.8915486
val,Y1,8.277291,4.705072
val,Y1,8.440639,5.318545
val,Y1,8.494805,4.967178
val,Y1,8.523597,4.950434
val,Y1,8.637722,4.9636717
val,Y1,8.838195,4.619587
val,Y1,9.202917,4.253321
val,Y1,9.610458,3.8919678
val,Y1,9.914153,4.1368775
val,Y1,10.059556,3.9466395
val,Y1,9.733764,3.8855834
val,Y1,8.174723,4.036962
val,Y1,5.388875,4.605294
val,Y1,2.6244862,4.0610147
val,Y1,1.0094723,4.098965
val,Y1,0.44020835,4.5702186
val,Y1,0.19697222,4.721196
val,Y1,0.088083334,5.6620297
val,Y1,0.05827778,3.96612
val,Y1,0.04009722,3.3687582
val,Y1,0.03488889,3.442246
val,Y1,0.032555554,3.3740344
val,Y1,0.026458334,3.0424433
val,Y1,0.035708334,3.525937
val,Y1,0.0405,2.614605
val,Y1,0.042097222,2.7691154
val,Y1,0.036,8.217153
val,Y1,0.022541666,6.620257
val,Y1,0.019430555,5.4384065
val,Y1,0.026111111,3.1575851
val,Y1,0.030736111,2.9464116
val,Y1,0.06876389,3.8980398
val,Y1,0.6900139,4.7985606
val,Y1,2.3540695,4.1569037
val,Y1,4.21425,3.6199265
val,Y1,5.59925,3.4762623
val,Y1,6.527125,2.7866037
val,Y1,7.101847,2.7295382
val,Y1,7.446528,4.1622186
val,Y1,7.428764,4.4117694
val,Y1,7.325278,4.2355595
val,Y1,7.512139,4.1989217
val,Y1,8.029792,4.408668
val,Y1,8.245556,3.560484
val,Y1,8.194834,3.7121718
val,Y1,8.195084,2.5420752
val,Y1,8.5483885,2.6423454
val,Y1,8.580209,2.633994
val,Y1,8.911098,2.7108238
val,Y1,9.682138,2.6842809
val,Y1,9.725056,2.6451511
val,Y1,9.721723,2.8327627
val,Y1,9.600041,2.6472533
val,Y1,9.144028,2.7027924
val,Y1,8.314236,2.6347327
val,Y1,7.1183887,2.7938428
val,Y1,5.6396527,3.925038
val,Y1,4.1050553,9.163597
val,Y1,2.731111,4.1353626
val,Y1,1.9261528,4.4108415
val,Y1,1.7860972,4.5213585
val,Y1,2.2482917,4.9405837
val,Y1,3.1184862,5.7517676
val,Y1,3.9520555,4.916612
val,Y1,4.657778,5.9898314
val,Y1,5.185361,5.341341
val,Y1,5.653403,5.0595613
val,Y1,6.150653,5.250236
val,Y1,6.6040554,5.0942426
val,Y1,6.8699584,4.6854444
val,Y1,6.997903,4.7922015
val,Y1,7.13825,4.6396146
val,Y1,7.049889,5.157966
val,Y1,6.7747917,4.489576
val,Y1,6.5076528,5.4440923
val,Y1,6.307667,5.2099566
val,Y1,6.2171946,5.0211062
val,Y1,6.183069,4.3799744
val,Y1,6.125653,5.1408815
val,Y1,5.9285,4.089538
val,Y1,5.638389,4.3919206
val,Y1,5.4215,5.4975057
val,Y1,5.5259304,10.70298
val,Y1,6.049847,9.899165
val,Y1,6.511389,7.2124305
val,Y1,6.5696807,5.7813115
val,Y1,6.4413195,4.993759
val,Y1,6.352264,4.308797
val,Y1,6.5224586,5.6190557
val,Y1,7.0827084,4.1734247
val,Y1,7.8334584,3.8205543
val,Y1,8.80893,7.136035
val,Y1,10.025347,5.581382
val,Y1,11.2098055,3.6284175
val,Y1,12.343695,7.543354
val,Y1,13.39382,10.402268
val,Y1,14.235306,4.8147464
val,Y1,14.738847,3.6323256
val,Y1,14.650333,5.1361523
val,Y1,14.08157,5.111325
val,Y1,13.514014,4.24325
val,Y1,13.146973,6.0842423
val,Y1,13.011306,5.4725146
val,Y1,13.008917,4.03437
val,Y1,12.962875,4.689053
val,Y1,12.835889,4.1687255
val,Y1,12.672055,4.374678
val,Y1,12.730667,4.4191666
val,Y1,13.314403,4.0903487
val,Y1,14.231028,5.845141
val,Y1,15.124416,7.0050874
val,Y1,15.931069,8.190075
val,Y1,16.349167,8.438756
val,Y1,16.34604,6.6439962
val,Y1,16.379292,5.202272
val,Y1,16.508333,4.416133
val,Y1,16.841305,4.385447
val,Y1,17.27693,4.4562697
val,Y1,17.530153,4.3440905
val,Y1,17.66386,4.660238
val,Y1,17.696667,4.455756
val,Y1,17.681707,4.2573495
val,Y1,17.6245,2.8949661
val,Y1,17.430902,4.072456
val,Y1,17.224792,4.384329
val,Y1,17.155333,3.8410378
val,Y1,17.180695,2.9199514
val,Y1,17.06975,3.3409111
val,Y1,16.777014,4.735348
val,Y1,16.480291,4.7327104
val,Y1,16.177528,4.5540037
val,Y1,15.871445,4.5100746
val,Y1,15.655278,4.1144323
val,Y1,15.613125,4.166333
val,Y1,15.803416,3.799014
val,Y1,16.202028,3.2493834
val,Y1,16.669306,3.1700768
val,Y1,17.0745,3.641406
val,Y1,17.396486,3.9191444
val,Y1,17.641235,3.8513126
val,Y1,17.821985,3.9608135
val,Y1,17.95393,4.252178
val,Y1,17.822874,4.5949025
val,Y1,17.35968,4.6731935
val,Y1,16.899584,4.168176
val,Y1,16.455166,4.228131
val,Y1,16.06825,4.230817
val,Y1,15.924973,4.2316155
val,Y1,16.018291,4.363959
val,Y1,16.350876,4.091041
val,Y1,16.849625,4.4796724
val,Y1,17.372139,4.239672
val,Y1,17.77375,4.685
val,Y1,18.009903,6.320357
val,Y1,18.09496,3.5863845
val,Y1,18.058916,2.825575
val,Y1,17.939764,2.6767516
val,Y1,17.822556,3.222014
val,Y1,17.779152,3.5783734
val,Y1,17.837889,4.307695
val,Y1,17.934166,4.6617026
val,Y1,18.06132,4.0730085
val,Y1,18.25793,3.2862449
val,Y1,18.467556,6.550593
val,Y1,18.431805,7.8300357
val,Y1,18.961124,3.7715602
val,Y1,19.956486,4.149583
val,Y1,19.987444,3.5306964
val,Y1,20.764334,4.065353
val,Y1,21.014292,5.0786853
val,Y1,20.048626,5.6889195
val,Y1,19.41125,3.5879605
val,Y1,18.806625,3.6534023
val,Y1,18.528084,4.027308
val,Y1,18.252403,7.3170104
val,Y1,18.060556,3.503964
val,Y1,17.949306,4.2283173
val,Y1,17.95957,5.2917304
val,Y1,18.045626,3.6637042
val,Y1,18.190361,3.1451163
val,Y1,18.20704,4.2518616
val,Y1,18.07914,3.2966948
val,Y1,18.035278,3.1112103
val,Y1,18.115389,2.6412816
val,Y1,18.377306,3.4054177
val,Y1,18.737015,3.303483
val,Y1,19.142876,4.3109136
val,Y1,19.530653,4.7476873
val,Y1,19.560333,3.319674
val,Y1,18.540056,4.1316576
val,Y1,13.07318,5.5429473
val,Y1,6.9635415,4.129804
val,Y1,5.0189166,4.2063174
val,Y1,4.6032085,4.510374
val,Y1,10.18775,5.8433084
val,Y1,17.738945,3.6263907
val,Y1,19.00093,4.073904
val,Y1,18.312584,6.0863843
val,Y1,18.182417,4.734957
val,Y1,17.975763,3.0512035
val,Y1,17.878458,2.1658185
val,Y1,17.92193,4.7135878
val,Y1,18.100069,9.567923
val,Y1,18.211319,9.354152
val,Y1,18.143347,7.7558646
val,Y1,17.986597,6.483397
val,Y1,17.746222,6.488092
val,Y1,17.230791,5.0073733
val,Y1,17.06214,4.5263424
val,Y1,17.222555,7.152456
val,Y1,17.160973,3.7936778
val,Y1,17.16475,4.1833534
val,Y1,17.326834,3.6892743
val,Y1,17.617043,3.7249417
val,Y1,17.901209,3.7984924
val,Y1,18.08825,4.2655253
val,Y1,18.279444,9.183938
val,Y1,18.5435,8.3433275
val,Y1,18.77582,8.205188
val,Y1,18.959473,8.428784
val,Y1,19.115402,8.4371
val,Y1,19.185486,9.267721
val,Y1,19.114902,9.244238
val,Y1,19.007473,11.29561
val,Y1,19.028917,10.521869
val,Y1,19.19246,10.151453
val,Y1,19.327013,9.58742
val,Y1,19.314848,13.235463
val,Y1,19.34639,19.380436
val,Y1,19.661152,18.60913
val,Y1,20.059597,6.1088653
val,Y1,20.170124,4.982557
val,Y1,19.990791,7.6121583
val,Y1,19.711721,10.973484
val,Y1,19.4535,7.0381265
val,Y1,19.149834,5.314736
val,Y1,18.961082,7.211962
val,Y1,18.97825,5.365968
val,Y1,19.058195,4.6072264
val,Y1,19.133486,6.0265546
val,Y1,19.155792,7.7532544
val,Y1,19.286667,8.117326
val,Y1,12.631861,7.6674213
val,Y1,11.336445,8.646781
val,Y1,18.147459,3.9592075
val,Y1,17.437471,6.45241
val,Y1,7.698014,10.488087
val,Y1,2.765597,10.378589
val,Y1,12.086223,11.275516
val,Y1,18.637917,9.671995
val,Y1,18.510597,9.414332
val,Y1,18.362194,10.76316
val,Y1,18.343277,10.214707
val,Y1,18.387625,13.838026
val,Y1,18.51168,11.939908
val,Y1,18.676903,10.730408
val,Y1,18.8695,12.126367
val,Y1,18.984194,5.7433496
val,Y1,19.013208,6.203965
val,Y1,19.091265,8.128477
val,Y1,19.135056,5.01422
val,Y1,19.021,4.8956404
val,Y1,18.783667,5.5115314
val,Y1,18.497458,5.4820676
val,Y1,18.225208,5.3304224
val,Y1,17.95511,5.141956
val,Y1,17.64864,5.578419
val,Y1,17.38114,4.2029347
val,Y1,17.14164,6.7291465
val,Y1,16.915236,5.5241456
val,Y1,16.708902,5.856378
val,Y1,16.474112,5.9977427
val,Y1,16.142666,6.5798755
val,Y1,15.465208,6.415898
val,Y1,14.457556,5.815808
val,Y1,13.418736,5.5195823
val,Y1,12.314889,5.151211
val,Y1,11.10125,5.864387
val,Y1,9.857153,6.546962
val,Y1,8.533264,5.1503
val,Y1,7.1223474,3.8356516
val,Y1,5.669847,4.163713
val,Y1,4.211986,8.84056
val,Y1,2.8093472,6.2088933
val,Y1,1.6840278,5.065844
val,Y1,0.94295835,6.086886
val,Y1,0.48105556,5.8838525
val,Y1,0.280375,3.9216623
val,Y1,0.14731945,4.5203447
val,Y1,0.042166665,4.3610625
val,Y1,0.025041666,4.135489
val,Y1,0.020194445,4.5534344
val,Y1,0.024805555,4.3075404
val,Y1,0.027652778,4.3274145
val,Y1,0.021958333,5.1022067
val,Y1,0.016777778,4.876984
val,Y1,0.022972222,6.50927
val,Y1,0.02913889,8.6158085
val,Y1,0.024041668,11.580365
val,Y1,0.018111112,9.451842
val,Y1,0.020708334,6.3344274
val,Y1,0.026944444,5.233967
val,Y1,0.024097223,4.974981
val,Y1,0.15626389,4.6262465
val,Y1,1.1192778,4.2008934
val,Y1,2.9645555,3.6766644
val,Y1,4.7500973,4.7406936
val,Y1,5.667917,5.233585
val,Y1,5.795361,4.4384856
val,Y1,5.6416807,3.619799
val,Y1,5.197986,3.4001265
val,Y1,4.4289026,4.3798347
val,Y1,3.6823888,5.385238
val,Y1,3.1419306,11.814184
val,Y1,2.588889,13.678081
val,Y1,2.0117083,4.5092735
val,Y1,1.5050555,5.2331414
val,Y1,1.0873473,4.7882357
val,Y1,0.7880972,4.6651073
val,Y1,0.5573611,4.544041
val,Y1,0.31431943,7.10426
val,Y1,0.10415278,5.8470454
val,Y1,0.02225,5.6705565
val,Y1,0.022194445,5.973781
val,Y1,0.021305555,5.5109076
val,Y1,0.021125,3.037296
val,Y1,0.020763889,3.9213076
val,Y1,0.013847223,3.665893
val,Y1,0.0165,3.289744
val,Y1,0.072569445,4.1753874
val,Y1,0.58356947,4.1480117
val,Y1,1.2863195,7.5545096
val,Y1,2.1324723,5.3617964
val,Y1,3.348389,7.1218753
val,Y1,4.6125417,8.250931
val,Y1,5.7233334,7.9761972
val,Y1,6.3879585,8.486542
val,Y1,6.746389,8.525293
val,Y1,6.8730693,8.46659
val,Y1,6.8468056,8.482785
val,Y1,6.9645,8.354594
val,Y1,7.2818613,8.518237
val,Y1,7.7564445,8.237267
val,Y1,8.353764,7.5547576
val,Y1,9.069972,4.7598624
val,Y1,9.879916,7.772884
val,Y1,10.646944,4.8892646
val,Y1,11.3255415,5.222581
val,Y1,11.96193,6.0025816
val,Y1,12.281264,6.0400186
val,Y1,12.325055,3.3370042
val,Y1,12.523,3.9206538
val,Y1,12.850194,3.6240888
val,Y1,13.079653,3.03649
val,Y1,13.189584,3.7005146
val,Y1,13.334792,4.1687207
val,Y1,13.597264,6.72621
val,Y1,13.930611,7.7199264
val,Y1,14.207958,7.5007586
val,Y1,14.287653,8.260395
val,Y1,14.355486,9.306413
val,Y1,14.628944,8.928043
val,Y1,14.842556,13.290017
val,Y1,14.912806,7.9377475
val,Y1,14.91868,8.97879
val,Y1,14.885944,4.9863133
val,Y1,14.835556,5.3269362
val,Y1,14.793667,4.969561
val,Y1,14.870139,4.4408073
val,Y1,14.969152,4.2401166
val,Y1,15.028028,4.5793595
val,Y1,15.1159725,4.272012
val,Y1,15.269764,4.694004
val,Y1,15.49657,5.01017
val,Y1,15.737403,4.742985
val,Y1,15.7427225,5.663013
val,Y1,15.379264,4.3616414
val,Y1,14.836653,5.0674143
val,Y1,14.73125,5.3733287
val,Y1,15.1096525,4.8546834
val,Y1,15.604875,4.694487
val,Y1,16.20514,4.7208786
val,Y1,16.764416,4.2411304
val,Y1,17.207598,4.7240295
val,Y1,17.535694,4.4084992
val,Y1,17.80186,3.685215
val,Y1,18.130695,4.1056066
val,Y1,18.501694,5.0399137
val,Y1,18.73525,7.797212
val,Y1,18.882153,9.210906
val,Y1,18.968292,10.786425
val,Y1,19.004139,14.129779
val,Y1,19.09432,21.103745
val,Y1,19.213486,9.796831
val,Y1,19.182138,4.745
val,Y1,18.909597,5.1393514
val,Y1,18.566902,5.07562
val,Y1,18.214083,4.508532
val,Y1,17.777431,3.1766882
val,Y1,17.267626,3.2786367
val,Y1,16.673708,4.453242
val,Y1,15.913903,5.16594
val,Y1,15.116458,4.2069354
val,Y1,14.575139,4.8684998
val,Y1,14.333861,5.1054783
val,Y1,14.264292,4.715821
val,Y1,14.301833,5.0833106
val,Y1,14.348111,4.738016
val,Y1,14.353861,4.332686
val,Y1,14.25875,5.4734864
val,Y1,14.027736,5.2863193
val,Y1,13.889153,3.944984
val,Y1,13.662569,4.6457205
val,Y1,12.651652,5.238308
val,Y1,10.949903,5.50216
val,Y1,9.035722,4.9323688
val,Y1,7.2168055,5.064275
val,Y1,5.447764,4.979711
val,Y1,3.7421112,4.410811
val,Y1,2.5470695,5.571544
val,Y1,2.5704722,5.4264274
val,Y1,3.8773472,4.407348
val,Y1,5.38575,5.171345
val,Y1,6.558361,5.846166
val,Y1,7.4518194,6.77611
val,Y1,8.028097,4.9878254
val,Y1,7.9174166,4.484229
val,Y1,6.800542,10.040913
val,Y1,5.156014,8.800898
val,Y1,3.6040416,7.466327
val,Y1,2.3567917,4.0297914
val,Y1,1.4816389,4.669376
val,Y1,0.9105694,4.431894
val,Y1,0.58025,5.0281796
val,Y1,0.3247639,5.6979966
val,Y1,0.09986111,4.0757155
val,Y1,0.17975,3.7325273
val,Y1,1.10475,6.4838166
val,Y1,2.8563056,5.0348334
val,Y1,4.699569,5.8503013
val,Y1,6.3093057,5.2618604
val,Y1,7.579125,4.1986156
val,Y1,8.545986,5.1703906
val,Y1,9.2734165,4.7672095
val,Y1,10.068139,3.2638488
val,Y1,10.839569,3.07809
val,Y1,11.0640135,2.867786
val,Y1,11.082903,3.3945537
val,Y1,11.227708,3.3566813
val,Y1,11.309972,2.0069056
val,Y1,10.891222,1.9630575
val,Y1,9.852722,1.9811177
val,Y1,8.644389,1.9800723
val,Y1,7.428528,1.9806963
val,Y1,6.287083,2.016792
val,Y1,5.6293473,2.0226083
val,Y1,5.800861,2.1410031
val,Y1,6.799778,2.7510488
val,Y1,8.095528,3.7649636
val,Y1,9.2583885,6.5202146
val,Y1,10.131166,6.5160694
val,Y1,10.644931,5.7312264
val,Y1,10.955472,7.691287
val,Y1,11.241764,5.4713054
val,Y1,11.570653,6.8957095
val,Y1,11.895056,5.8953075
val,Y1,12.196736,4.2288666
val,Y1,12.454611,3.6932988
val,Y1,12.612348,3.4697218
val,Y1,12.616292,3.3646684
val,Y1,12.363028,3.8031964
val,Y1,12.305597,4.1691313
val,Y1,12.507083,4.681056
val,Y1,12.609736,5.0790334
val,Y1,12.554944,6.7930403
val,Y1,12.248153,7.042326
val,Y1,11.936306,10.918813
val,Y1,11.702361,10.354108
val,Y1,11.432625,6.4512296
val,Y1,11.171181,8.797935
val,Y1,11.159223,10.684285
val,Y1,11.476514,10.234338
val,Y1,11.90125,8.895421
val,Y1,12.300944,9.7662525
val,Y1,12.630709,9.755702
val,Y1,12.756847,7.3976016
val,Y1,12.79843,5.7471814
val,Y1,12.902041,5.713561
val,Y1,12.947847,9.112662
val,Y1,12.931986,11.817816
val,Y1,12.973958,13.033544
val,Y1,13.072792,6.475968
val,Y1,13.052806,3.4468324
val,Y1,12.793583,3.746857
val,Y1,12.391334,4.4995494
val,Y1,12.057584,4.571998
val,Y1,11.850695,4.312554
val,Y1,11.795667,4.0958867
val,Y1,11.783139,4.2371926
val,Y1,11.527416,4.8038263
val,Y1,10.682917,5.062773
val,Y1,9.234972,4.6678395
val,Y1,7.6632085,4.8159804
val,Y1,6.190347,4.6038947
val,Y1,5.3815694,4.1029563
val,Y1,5.7324305,4.231911
val,Y1,6.7945137,4.001281
val,Y1,7.934764,4.4414477
val,Y1,8.79882,4.7087054
val,Y1,9.437555,4.9024534
val,Y1,9.919528,5.2614202
val,Y1,10.143167,4.1341863
val,Y1,10.242111,4.0919375
val,Y1,10.240833,4.7471223
val,Y1,9.813042,5.1525893
val,Y1,9.032014,4.9881053
val,Y1,8.497569,5.521799
val,Y1,8.52725,5.2736974
val,Y1,8.899153,4.683185
val,Y1,9.516848,5.2972646
val,Y1,10.309847,4.3767896
val,Y1,11.07,4.414314
val,Y1,11.74475,4.559776
val,Y1,12.318944,4.319465
val,Y1,12.719973,3.8845797
val,Y1,13.025875,3.53726
val,Y1,13.205944,3.4180558
val,Y1,13.030681,3.7763157
val,Y1,12.362889,3.6508665
val,Y1,11.385709,3.2761598
val,Y1,10.202791,3.7852647
val,Y1,8.688027,5.2485795
val,Y1,6.897486,6.5529747
val,Y1,5.189736,7.5900116
val,Y1,4.7834306,7.6349063
val,Y1,5.941292,7.3917665
val,Y1,7.5060973,7.037331
val,Y1,8.802,5.179581
val,Y1,9.715208,4.945502
val,Y1,10.0813055,7.0431237
val,Y1,10.029195,12.79576
val,Y1,10.027,5.481404
val,Y1,10.22932,2.8724875
val,Y1,10.514055,4.640399
val,Y1,10.587931,5.789286
val,Y1,10.621388,5.6875463
val,Y1,10.878166,4.572261
val,Y1,11.091611,4.3489065
val,Y1,11.035861,4.844155
val,Y1,10.832778,5.023192
val,Y1,10.704625,5.3879747
val,Y1,10.93882,4.8432746
val,Y1,11.593542,6.789903
val,Y1,12.346278,7.819195
val,Y1,12.906389,8.3853
val,Y1,13.279875,11.320417
val,Y1,13.65957,12.433513
val,Y1,14.030541,5.2384257
val,Y1,14.165402,4.485207
val,Y1,14.160556,3.7940865
val,Y1,14.299848,4.820714
val,Y1,14.554778,5.4450517
val,Y1,14.826333,5.8174105
val,Y1,15.037139,5.5447655
val,Y1,15.086486,4.095942
val,Y1,14.8631525,3.4165192
val,Y1,14.617903,4.7301445
val,Y1,14.554653,4.1282077
val,Y1,14.456333,4.7850327
val,Y1,14.273666,5.169456
val,Y1,14.029764,5.2810364
val,Y1,13.688139,4.203136
val,Y1,13.334458,5.1294646
val,Y1,13.055111,3.9346235
val,Y1,12.859472,5.0154524
val,Y1,12.688375,3.4329255
val,Y1,12.514334,3.5889266
val,Y1,12.377444,5.6990275
val,Y1,12.246944,7.1976986
val,Y1,12.07143,5.320703
val,Y1,11.925111,2.959189
val,Y1,11.674361,4.258167
val,Y1,11.283472,8.381638
val,Y1,10.97907,7.573379
val,Y1,10.976139,6.250926
val,Y1,11.378333,4.017657
val,Y1,11.940708,4.4496226
val,Y1,12.489847,5.4603753
val,Y1,13.050889,4.9513206
val,Y1,13.482764,7.0058084
val,Y1,13.769278,5.7934465
val,Y1,14.08175,4.800199
val,Y1,14.37982,6.1066194
val,Y1,14.614333,3.872613
val,Y1,14.642,5.814842
val,Y1,14.31757,6.9929056
val,Y1,13.511653,5.760641
val,Y1,12.296083,5.2305727
val,Y1,10.873445,6.2459426
val,Y1,9.40575,6.285808
val,Y1,8.254,4.7934155
val,Y1,7.3936806,5.0150743
val,Y1,6.5563474,5.715368
val,Y1,5.726486,5.981997
val,Y1,4.925764,6.2799487
val,Y1,3.9677083,6.041578
val,Y1,2.9754305,5.2312083
val,Y1,2.7922084,5.8815284
val,Y1,3.8110833,5.9456787
val,Y1,5.268236,5.9562716
val,Y1,6.5198474,5.55804
val,Y1,7.536486,5.536055
val,Y1,8.446667,5.0266204
val,Y1,9.389347,4.2971683
val,Y1,10.266,9.253311
val,Y1,10.818819,12.662645
val,Y1,11.040806,3.1197672
val,Y1,11.269292,5.011749
val,Y1,11.475972,6.630239
val,Y1,11.401792,6.202316
val,Y1,11.009111,5.040105
val,Y1,10.613653,5.341413
val,Y1,10.59125,5.051741
val,Y1,10.71375,5.7594347
val,Y1,10.526944,6.257368
val,Y1,9.558888,6.5786967
val,Y1,7.821264,5.519924
val,Y1,5.6870832,5.423077
val,Y1,3.4626527,5.438107
val,Y1,1.6803056,4.4027143
val,Y1,0.5636111,4.1412244
val,Y1,0.10268056,5.083311
val,Y1,0.28702778,5.162334
val,Y1,1.3361388,2.6948235
val,Y1,2.9627361,3.1757736
val,Y1,4.4617777,2.916628
val,Y1,5.7917914,1.9844958
val,Y1,7.1480556,2.0195413
val,Y1,8.384042,2.0432239
val,Y1,9.36075,2.0602877
val,Y1,9.905528,2.094802
val,Y1,9.756291,2.0678906
val,Y1,8.894889,2.05729
val,Y1,7.9719167,2.1134222
val,Y1,7.780958,2.0631385
val,Y1,8.269694,2.0751486
val,Y1,9.092278,5.356551
val,Y1,9.91193,17.195368
val,Y1,10.37575,10.957585
val,Y1,10.48982,5.519876
val,Y1,10.420514,7.527232
val,Y1,9.846986,6.2711973
val,Y1,8.706639,6.395847
val,Y1,7.3516665,6.1111345
val,Y1,6.0378613,3.752139
val,Y1,4.2726526,3.5040417
val,Y1,2.4436529,4.5060973
val,Y1,2.152111,3.7348
val,Y1,3.203264,5.083671
val,Y1,4.483222,4.8825707
val,Y1,5.3531113,5.8785744
val,Y1,5.7714443,9.468556
val,Y1,6.1262083,12.052127
val,Y1,6.335111,5.5888705
val,Y1,6.4543056,3.755041
val,Y1,6.8278055,4.358012
val,Y1,7.214736,4.8121915
val,Y1,7.356889,4.679132
val,Y1,7.034111,3.6632814
val,Y1,6.0537086,3.4870234
val,Y1,4.799278,4.138946
val,Y1,3.5889723,11.352752
val,Y1,2.6167638,5.5898604
val,Y1,1.8851666,4.523537
val,Y1,0.9970972,4.7437253
val,Y1,0.24025,4.5418935
val,Y1,0.123333335,4.4179006
val,Y1,0.45820832,4.2371945
val,Y1,0.7695278,4.5292573
val,Y1,0.69244444,4.5734963
val,Y1,0.41418055,5.2641006
val,Y1,0.21248612,4.8884664
val,Y1,0.078041665,3.7061677
val,Y1,0.04586111,3.373809
val,Y1,0.29644445,3.785057
val,Y1,0.77641666,4.0004706
val,Y1,1.0954862,4.0221243
val,Y1,1.0964305,4.572251
val,Y1,0.99602777,5.257957
val,Y1,1.3830833,7.0169997
val,Y1,2.2950416,5.8402953
val,Y1,3.2164445,4.508043
val,Y1,4.0637083,5.3791766
val,Y1,4.5789723,5.5109744
val,Y1,4.144181,9.547257
val,Y1,3.4034028,4.9033637
val,Y1,3.7075279,5.627876
val,Y1,4.721097,4.6117954
val,Y1,5.3982778,4.6069074
val,Y1,5.5469723,4.3910513
val,Y1,5.5661526,5.34484
val,Y1,5.777528,4.858279
val,Y1,6.128861,6.416601
val,Y1,6.5948887,4.890457
val,Y1,7.300597,4.275145
val,Y1,8.083834,5.510784
val,Y1,8.804528,5.670532
val,Y1,9.537833,4.520907
val,Y1,10.270778,5.57689
val,Y1,10.94275,8.382178
val,Y1,11.435208,5.148088
val,Y1,11.78118,7.0074677
val,Y1,11.8793335,5.651748
val,Y1,11.5818615,4.956725
val,Y1,11.047722,4.2011685
val,Y1,10.06125,5.3418317
val,Y1,8.607792,5.033202
val,Y1,7.2013054,4.272631
val,Y1,6.469,3.7440193
val,Y1,6.6376805,3.7196631
val,Y1,7.242375,4.291
val,Y1,7.831486,4.296473
val,Y1,8.314458,4.1616726
val,Y1,8.669416,4.2488055
val,Y1,8.616042,4.3040395
val,Y1,7.9634304,4.1832685
val,Y1,6.693486,4.093401
val,Y1,4.9490833,3.9417076
val,Y1,3.08525,3.898224
val,Y1,1.6693333,3.8080544
val,Y1,0.92906946,3.9556725
val,Y1,0.6345556,3.8471694
val,Y1,0.76125,3.831129
val,Y1,1.5855973,3.9213285
val,Y1,2.8794584,3.8498116
val,Y1,4.2095,3.8834252
val,Y1,5.476222,3.8479881
val,Y1,6.483514,3.94214
val,Y1,7.044,3.9453888
val,Y1,6.9396667,3.9818072
val,Y1,6.172694,3.9642484
val,Y1,4.952542,4.0303893
val,Y1,3.5160556,4.049837
val,Y1,2.107014,5.5263267
val,Y1,1.3073194,7.0094943
val,Y1,1.8473195,6.551641
val,Y1,3.2703195,5.701122
val,Y1,4.667486,5.925096
val,Y1,5.404667,6.245761
val,Y1,4.7906666,5.463427
val,Y1,3.3434584,5.1099043
val,Y1,2.2633333,4.061447
val,Y1,1.4943889,5.509487
val,Y1,0.7514028,5.393963
val,Y1,0.33891666,5.758475
val,Y1,0.13076389,5.100742
val,Y1,0.016291667,5.3376613
val,Y1,0.015472222,4.642518
val,Y1,0.014027778,4.502488
val,Y1,0.014138889,4.683369
val,Y1,0.019888889,4.194487
val,Y1,0.017416667,4.773653
val,Y1,0.014180556,4.5225167
val,Y1,0.30480555,4.511927
val,Y1,1.3355973,3.6188903
val,Y1,2.6990416,4.188632
val,Y1,3.86875,4.8185024
val,Y1,4.957111,4.676146
val,Y1,5.6825137,4.7904224
val,Y1,6.041347,5.6241603
val,Y1,6.4203334,6.165922
val,Y1,6.908111,5.21995
val,Y1,7.4765277,6.9318447
val,Y1,8.039389,7.9716487
val,Y1,8.592625,5.741449
val,Y1,9.063681,5.753846
val,Y1,9.334056,5.5814147
val,Y1,9.391111,4.987927
val,Y1,9.343653,4.6720533
val,Y1,9.333222,4.472586
val,Y1,9.386264,4.7150087
val,Y1,9.451195,5.848121
val,Y1,9.318848,5.6563306
val,Y1,8.823486,5.063441
val,Y1,8.098056,4.9673495
val,Y1,7.483722,4.9361553
val,Y1,7.032403,7.0797234
val,Y1,6.455222,5.0038624
val,Y1,5.754611,4.3389044
val,Y1,5.2944584,4.451611
val,Y1,5.3229303,5.6656213
val,Y1,5.8199167,7.5439286
val,Y1,6.5533056,6.1950893
val,Y1,7.204472,8.948174
val,Y1,7.8012223,10.940726
val,Y1,8.405444,9.142612
val,Y1,8.965153,10.5133295
val,Y1,9.477236,5.502712
val,Y1,9.748959,4.8974533
val,Y1,9.690763,5.351605
val,Y1,9.490055,6.528992
val,Y1,9.435722,7.6892686
val,Y1,9.70375,6.4312224
val,Y1,10.151208,6.0443463
val,Y1,10.462014,4.8378615
val,Y1,10.4835,6.497132
val,Y1,10.240875,6.5974784
val,Y1,9.823083,6.0076003
val,Y1,9.444639,4.6218705
val,Y1,9.321555,5.1815076
val,Y1,9.282875,4.9554143
val,Y1,8.507459,4.9978156
val,Y1,7.10625,4.8859143
val,Y1,5.8966804,4.9702015
val,Y1,5.116486,4.985732
val,Y1,4.813319,4.996237
val,Y1,4.684625,5.004217
val,Y1,4.3175416,4.585837
val,Y1,3.97225,4.324201
val,Y1,4.302375,4.265677
val,Y1,4.903764,3.4318018
val,Y1,5.288653,3.0347893
val,Y1,5.73075,4.3905854
val,Y1,6.193514,5.117957
val,Y1,6.600917,5.0419416
val,Y1,7.1738195,5.1772013
val,Y1,7.650014,5.100875
val,Y1,7.7013474,7.6966844
val,Y1,7.5938196,5.2522583
val,Y1,7.358736,7.6696553
val,Y1,6.7125,10.374901
val,Y1,5.6707363,7.88164
val,Y1,5.1731944,13.613357
val,Y1,5.8904443,8.83142
val,Y1,7.0198474,7.7653027
val,Y1,7.918097,8.026996
val,Y1,8.638153,8.403045
val,Y1,9.0014305,5.5325313
val,Y1,8.922055,6.507176
val,Y1,8.45518,4.526837
val,Y1,7.540514,7.8471518
val,Y1,6.174389,5.169844
val,Y1,4.632167,5.265609
val,Y1,3.6543334,4.705834
val,Y1,3.692,5.0277534
val,Y1,4.2836113,4.8100324
val,Y1,4.997208,4.3400254
val,Y1,5.7934165,4.7591157
val,Y1,6.8084307,4.7438836
val,Y1,7.8044724,5.120263
val,Y1,8.4395,4.6108985
val,Y1,8.964306,4.384276
val,Y1,9.453153,5.315182
val,Y1,9.729514,6.630876
val,Y1,9.871528,6.910113
val,Y1,10.036292,5.5834045
val,Y1,10.214042,4.935327
val,Y1,10.391625,5.1725235
val,Y1,10.547527,4.9821453
val,Y1,10.594542,4.770088
val,Y1,10.047347,5.899896
val,Y1,9.245514,5.2793727
val,Y1,8.67875,4.3936677
val,Y1,8.185958,6.7029853
val,Y1,8.114639,7.76339
val,Y1,8.46675,4.7656507
val,Y1,8.935458,3.71143
val,Y1,9.420459,5.6441545
val,Y1,9.686014,4.2956705
val,Y1,9.597944,4.514363
val,Y1,9.516486,4.4932513
val,Y1,9.7080555,4.6662135
val,Y1,10.046431,4.9736457
val,Y1,10.379611,4.9918714
val,Y1,10.687695,5.3950057
val,Y1,10.931306,5.010902
val,Y1,10.443334,5.7713227
val,Y1,8.943931,7.085648
val,Y1,7.8152223,7.0074525
val,Y1,7.8729305,5.2310567
val,Y1,8.570403,9.374274
val,Y1,9.321597,7.3234477
val,Y1,9.757361,16.555807
val,Y1,10.0217085,15.905833
val,Y1,10.245708,12.5101595
val,Y1,10.382861,7.5413785
val,Y1,10.5565,5.1440215
val,Y1,10.734542,4.228193
val,Y1,10.838708,4.078201
val,Y1,10.921416,4.4840775
val,Y1,10.837819,5.6971126
val,Y1,10.516306,6.13206
val,Y1,10.133597,5.3594894
val,Y1,9.631695,6.069711
val,Y1,8.999473,4.968907
val,Y1,8.627084,4.7548933
val,Y1,8.722125,4.3785763
val,Y1,9.140208,4.9911947
val,Y1,9.547973,5.3721213
val,Y1,9.657945,5.123363
val,Y1,9.79375,5.8842587
val,Y1,10.040597,5.7786746
val,Y1,9.907736,6.352556
val,Y1,9.239139,6.034468
val,Y1,8.1235,4.7924457
val,Y1,6.344333,5.9036455
val,Y1,4.363278,7.919721
val,Y1,2.7966805,10.508512
val,Y1,2.0047917,8.999726
val,Y1,2.6270278,7.339292
val,Y1,3.9324443,6.482916
val,Y1,5.174722,6.436052
val,Y1,6.396375,3.4513125
val,Y1,7.396528,5.1640744
val,Y1,8.260014,5.8500624
val,Y1,8.982542,6.4178734
val,Y1,9.230222,4.44915
val,Y1,8.855194,5.0069118
val,Y1,7.9448195,5.9394
val,Y1,6.8896527,10.492101
val,Y1,6.3030696,9.250289
val,Y1,6.218514,4.9069633
val,Y1,6.262,4.7853255
val,Y1,6.2519584,3.6938243
val,Y1,6.183361,4.354922
val,Y1,6.073514,5.147177
val,Y1,5.8427777,5.2832417
val,Y1,5.7865415,5.1249957
val,Y1,6.0929165,4.38185
val,Y1,6.359847,4.7025995
val,Y1,6.3297915,5.7852335
val,Y1,6.1750555,4.3999867
val,Y1,6.1379027,4.457005
val,Y1,6.406778,4.3362594
val,Y1,7.004097,5.068268
val,Y1,8.124917,4.5692563
val,Y1,9.725361,4.709251
val,Y1,10.571195,6.621275
val,Y1,10.81268,5.665208
val,Y1,11.51,5.5944867
val,Y1,11.137806,4.749303
val,Y1,9.436292,2.8684928
val,Y1,8.276764,3.608384
val,Y1,7.794528,6.434299
val,Y1,7.378667,4.671766
val,Y1,6.7367363,4.2068734
val,Y1,5.855222,3.3575199
val,Y1,5.3119445,5.8863444
val,Y1,5.5244584,15.446256
val,Y1,6.2731113,9.169462
val,Y1,7.1788054,6.743557
val,Y1,7.984361,3.8431637
val,Y1,8.428306,2.9030535
val,Y1,8.346139,5.5906806
val,Y1,7.6271806,5.7131863
val,Y1,6.4892917,5.3179655
val,Y1,5.4959445,5.7148705
val,Y1,5.174667,6.3491454
val,Y1,5.6270137,7.1289086
val,Y1,6.3873334,5.6971245
val,Y1,7.2393475,7.026563
val,Y1,8.051708,9.220362
val,Y1,8.543959,5.1834598
val,Y1,8.671611,6.233279
val,Y1,8.480416,2.710412
val,Y1,8.27175,3.3927689
val,Y1,8.177,3.1408224
val,Y1,8.200139,3.6264055
val,Y1,8.592889,5.095836
val,Y1,9.234361,7.598811
val,Y1,9.628111,5.6183333
val,Y1,9.453917,3.690329
val,Y1,8.94932,5.085745
val,Y1,8.510528,5.3746734
val,Y1,8.45807,7.319507
val,Y1,8.981903,6.800185
val,Y1,9.831264,5.659031
val,Y1,10.5599165,4.4104304
val,Y1,10.828847,7.099374
val,Y1,10.85825,7.052165
val,Y1,11.058291,5.4666142
val,Y1,11.403042,5.357747
val,Y1,11.73257,4.128756
val,Y1,11.791889,3.5413876
val,Y1,11.609417,4.373844
val,Y1,11.429889,6.728318
val,Y1,11.394444,6.4437175
val,Y1,11.399153,8.59154
val,Y1,11.251555,11.006437
val,Y1,11.188292,13.505294
val,Y1,11.493931,15.058653
val,Y1,11.804542,5.432246
val,Y1,11.965097,6.042263
val,Y1,12.21725,5.0104914
val,Y1,12.425,5.8551726
val,Y1,12.4042635,5.2648635
val,Y1,12.115111,5.3420587
val,Y1,12.084653,8.318992
val,Y1,12.379416,5.9375114
val,Y1,12.581708,3.2941542
val,Y1,12.701292,3.3799064
val,Y1,12.17775,8.434283
val,Y1,11.080264,7.3619885
val,Y1,10.610389,6.182718
val,Y1,11.169181,5.6303086
val,Y1,12.144097,5.634872
val,Y1,13.1135,7.6659675
val,Y1,13.837791,3.227046
val,Y1,14.065028,8.31322
val,Y1,13.624181,12.263076
val,Y1,12.5715,6.5389
val,Y1,11.384958,4.80569
val,Y1,10.354959,4.861607
val,Y1,9.4753475,4.2906175
val,Y1,8.581555,4.1837115
val,Y1,7.367708,4.532315
val,Y1,6.0530276,3.3441694
val,Y1,5.5513196,3.067432
val,Y1,6.0247917,4.2227445
val,Y1,6.8366528,6.3488293
val,Y1,7.785875,6.3994136
val,Y1,8.646611,5.2117763
val,Y1,9.189931,6.3277726
val,Y1,9.586847,5.7452316
val,Y1,9.968903,7.0773425
val,Y1,10.4745,6.468691
val,Y1,11.079348,6.4264283
val,Y1,11.571736,5.6001515
val,Y1,11.852333,4.4956727
val,Y1,12.007347,5.0139556
val,Y1,12.058958,3.0735202
val,Y1,11.853639,3.993401
val,Y1,11.405889,3.7525535
val,Y1,10.5495,4.6095505
val,Y1,9.152889,4.5951734
val,Y1,8.003902,4.064543
val,Y1,7.468514,4.8109007
val,Y1,7.083653,4.752088
val,Y1,6.669903,4.507985
val,Y1,6.3295417,4.4088264
val,Y1,6.1235557,4.7377152
val,Y1,6.047861,3.428479
val,Y1,6.1945,4.313381
val,Y1,6.479111,3.586271
val,Y1,6.640792,4.543141
val,Y1,6.574236,5.020298
val,Y1,6.3449306,4.4988256
val,Y1,6.0844445,4.808889
val,Y1,5.9905,4.889227
val,Y1,6.076208,4.7487397
val,Y1,6.486778,5.0037284
val,Y1,7.2105694,4.469576
val,Y1,7.784,3.5189736
val,Y1,8.153222,3.7368228
val,Y1,8.654028,5.1405735
val,Y1,9.1443615,3.2112646
val,Y1,9.170417,3.1536307
val,Y1,8.356806,3.4679303
val,Y1,6.7456527,3.2039442
val,Y1,5.0780416,4.4482503
val,Y1,4.246208,3.8159964
val,Y1,4.6895556,4.856462
val,Y1,5.8115835,4.712951
val,Y1,6.8775415,5.525261
val,Y1,7.5945,4.139617
val,Y1,7.92825,5.3485036
val,Y1,8.120556,4.796786
val,Y1,8.169723,3.9840288
val,Y1,8.2135,2.3793056
val,Y1,8.687236,3.8569663
val,Y1,9.510208,5.5486283
val,Y1,10.315361,4.061338
val,Y1,10.974139,3.6438472
val,Y1,11.4777775,5.0529366
val,Y1,11.897695,5.2060304
val,Y1,12.330375,5.2972574
val,Y1,12.611736,5.2333865
val,Y1,12.615958,5.3356524
val,Y1,12.430472,11.991225
val,Y1,12.282416,9.265431
val,Y1,12.254556,5.6524053
val,Y1,12.317542,3.8126404
val,Y1,12.523639,3.909264
val,Y1,12.766306,4.7142797
val,Y1,12.999444,3.5438967
val,Y1,13.1554165,4.0662866
val,Y1,13.037,4.2319374
val,Y1,12.589833,4.3194075
val,Y1,11.837014,4.370169
val,Y1,10.770708,3.8543134
val,Y1,9.61318,3.9836602
val,Y1,8.533958,4.027001
val,Y1,7.7819166,3.8217351
val,Y1,7.438597,4.500025
val,Y1,7.389917,2.4343708
val,Y1,7.46825,2.88072
val,Y1,7.4518056,4.0368867
val,Y1,7.6160417,9.656171
val,Y1,8.133986,5.952377
val,Y1,8.830722,5.537948
val,Y1,9.534403,4.9731736
val,Y1,10.183736,4.930278
val,Y1,10.760236,4.798441
val,Y1,11.371098,4.078258
val,Y1,12.037,3.5849075
val,Y1,12.566986,3.918161
val,Y1,13.00532,4.316836
val,Y1,13.296987,3.8686042
val,Y1,13.223069,5.008136
val,Y1,12.944708,2.7130532
val,Y1,12.7711525,2.253302
val,Y1,12.7375555,2.2719479
val,Y1,12.73525,2.3725686
val,Y1,12.5090275,2.400149
val,Y1,12.029333,2.1097188
val,Y1,11.556556,2.0552373
val,Y1,11.180041,2.038342
val,Y1,10.855056,2.0192518
val,Y1,10.714236,2.071725
val,Y1,10.764264,2.043957
val,Y1,10.804528,2.0350204
val,Y1,10.800236,2.0356293
val,Y1,10.736652,2.0387442
val,Y1,10.639209,2.0845475
val,Y1,10.662209,2.4672205
val,Y1,10.7381525,5.2543044
val,Y1,10.628917,4.5641875
val,Y1,10.512611,3.541418
val,Y1,10.646986,3.5302079
val,Y1,10.764639,4.466903
val,Y1,10.574833,3.891603
val,Y1,10.42625,6.2127624
val,Y1,10.525653,7.9591665
val,Y1,10.767236,10.303853
val,Y1,11.118305,9.93353
val,Y1,11.59475,8.107036
val,Y1,12.294875,4.204709
val,Y1,12.857291,4.5368657
val,Y1,13.104777,8.293343
val,Y1,13.34857,8.132586
val,Y1,13.675555,7.1017575
val,Y1,14.02475,4.6456995
val,Y1,14.331403,4.043851
val,Y1,14.469569,3.9280314
val,Y1,14.297778,4.004587
val,Y1,13.930528,4.3208528
val,Y1,13.536917,5.2019153
val,Y1,13.074917,5.262711
val,Y1,12.282222,3.356423
val,Y1,10.859263,2.8180218
val,Y1,8.962556,2.9889023
val,Y1,7.0099583,3.1780727
val,Y1,5.2885556,4.01702
val,Y1,3.8741388,3.5717928
val,Y1,2.784139,3.935739
val,Y1,1.9112362,6.296746
val,Y1,1.2749444,7.926992
val,Y1,0.9671528,10.906538
val,Y1,0.7550833,15.45438
val,Y1,0.49694446,16.68921
val,Y1,0.32893056,7.840912
val,Y1,0.31898612,5.2557397
val,Y1,0.5114722,5.2765245
val,Y1,1.0520694,7.7429514
val,Y1,1.9235139,8.833479
val,Y1,3.0012777,6.0712337
val,Y1,4.268125,5.437864
val,Y1,5.4688473,6.9370027
val,Y1,6.2735415,6.3304043
val,Y1,6.967375,5.9721403
val,Y1,7.7557917,5.3408513
val,Y1,8.286764,9.332478
val,Y1,8.229292,6.2372885
val,Y1,7.4937916,5.765205
val,Y1,6.1081944,10.139954
val,Y1,4.8375835,4.1787324
val,Y1,4.6415415,4.4810834
val,Y1,5.3678193,3.3822074
val,Y1,6.4281526,4.2859178
val,Y1,7.3855696,2.2343366
val,Y1,7.888597,2.2391093
val,Y1,8.237958,5.1941986
val,Y1,8.802792,8.292572
val,Y1,9.264847,8.062542
val,Y1,9.457958,8.204152
val,Y1,9.711,8.195256
val,Y1,10.018222,7.985121
val,Y1,10.094791,3.5293581
val,Y1,9.955764,3.9481246
val,Y1,9.787681,3.5225425
val,Y1,9.8411665,2.5932193
val,Y1,10.0935,3.908999
val,Y1,10.330028,6.304198
val,Y1,10.269681,9.265661
val,Y1,9.918028,3.755364
val,Y1,9.738569,4.3689456
val,Y1,10.009722,4.4742565
val,Y1,10.67718,5.8709474
val,Y1,11.211764,10.932019
val,Y1,11.171611,13.816002
val,Y1,10.840819,11.512064
val,Y1,10.515986,7.764291
val,Y1,10.216028,5.4146857
val,Y1,9.940792,4.9708886
val,Y1,9.757083,6.180235
val,Y1,9.921695,6.06369
val,Y1,10.597445,6.6539025
val,Y1,11.556069,6.684553
val,Y1,12.529486,6.072128
val,Y1,13.165611,4.2969823
val,Y1,13.407805,3.923877
val,Y1,13.682611,3.983582
val,Y1,13.965902,3.7397566
val,Y1,14.031097,6.922859
val,Y1,14.109,8.600646
val,Y1,14.295652,10.633336
val,Y1,14.3455,17.366312
val,Y1,14.175902,5.9084167
val,Y1,14.053,3.83743
val,Y1,14.069819,5.751905
val,Y1,14.246083,8.66916
val,Y1,14.46718,13.213595
val,Y1,14.446458,7.128082
val,Y1,14.434042,10.311854
val,Y1,14.627625,18.350697
val,Y1,14.697416,13.708101
val,Y1,14.483097,7.964461
val,Y1,14.19,7.198723
val,Y1,13.8909445,6.4472218
val,Y1,13.179931,7.081547
val,Y1,11.770361,7.741174
val,Y1,10.14557,6.674208
val,Y1,8.580361,6.5406165
val,Y1,6.920125,5.844156
val,Y1,5.268472,8.869809
val,Y1,3.764889,13.022812
val,Y1,2.5080833,10.047666
val,Y1,1.6809444,18.964245
val,Y1,1.5399584,7.830374
val,Y1,2.427625,5.917586
val,Y1,3.832611,5.9768195
val,Y1,5.1118054,3.608642
val,Y1,6.1113057,4.582908
val,Y1,6.7523613,4.447371
val,Y1,7.0770416,3.934062
val,Y1,6.818333,4.9382825
val,Y1,6.152694,4.2551103
val,Y1,5.772861,5.074426
val,Y1,6.115361,5.2349024
val,Y1,6.9515834,5.7979617
val,Y1,7.767778,6.1505084
val,Y1,8.198986,6.106188
val,Y1,8.15582,4.3663692
val,Y1,7.603889,4.700962
val,Y1,6.3596945,3.827505
val,Y1,4.7854304,3.861838
val,Y1,3.665514,3.7636068
val,Y1,3.4839168,3.4344046
val,Y1,4.380736,3.422671
val,Y1,5.769,3.713324
val,Y1,6.8717637,3.7301624
val,Y1,7.653167,4.7327466
val,Y1,8.325569,7.033093
val,Y1,8.818694,7.565581
val,Y1,8.311292,7.7089424
val,Y1,6.7419443,8.06845
val,Y1,5.297389,8.484134
val,Y1,4.2206945,7.5270457
val,Y1,3.8877084,6.3283167
val,Y1,4.8306665,3.5138154
val,Y1,6.1944447,6.6562505
val,Y1,6.9535418,9.187518
val,Y1,7.2248054,7.983588
val,Y1,6.985653,4.8844085
val,Y1,6.108264,5.9404163
val,Y1,5.4131665,3.1253662
val,Y1,5.322389,3.4449153
val,Y1,5.966264,4.5865808
val,Y1,7.0292363,4.53266
val,Y1,7.8930974,3.353884
val,Y1,8.623652,9.267552
val,Y1,9.261903,11.870909
val,Y1,9.717542,15.076927
val,Y1,9.824403,10.141103
val,Y1,9.37682,5.7028084
val,Y1,8.192264,7.4591737
val,Y1,6.8055973,13.1293955
val,Y1,5.7778473,10.817955
val,Y1,4.934347,8.323007
val,Y1,4.5625415,7.1457295
val,Y1,5.0404444,6.267053
val,Y1,6.0643473,6.427998
val,Y1,7.00575,6.928945
val,Y1,7.494972,6.909922
val,Y1,7.6164165,6.267578
val,Y1,7.871986,6.340384
val,Y1,8.101292,6.865092
val,Y1,8.139402,9.754896
val,Y1,8.272347,11.449336
val,Y1,8.285431,5.29717
val,Y1,7.5816665,4.5047617
val,Y1,6.735736,5.1375585
val,Y1,6.6753473,4.087248
val,Y1,7.1870418,5.1137414
val,Y1,7.8631945,4.2556963
val,Y1,8.503195,4.5717797
val,Y1,8.881736,5.889215
val,Y1,9.080639,4.238564
val,Y1,9.35475,4.944313
val,Y1,9.510263,5.7137465
val,Y1,9.497806,4.5388956
val,Y1,9.486931,3.6949723
val,Y1,9.604777,5.443998
val,Y1,9.788292,4.871115
val,Y1,9.93232,9.408657
val,Y1,10.130347,10.1638775
val,Y1,10.253834,5.696619
val,Y1,10.094014,8.168859
val,Y1,9.746805,4.6293354
val,Y1,9.445723,5.565593
val,Y1,9.328514,7.7094417
val,Y1,9.38525,3.2365441
val,Y1,9.656875,2.7402673
val,Y1,10.103125,4.1028457
val,Y1,10.442945,3.8949528
val,Y1,10.511416,9.531804
val,Y1,10.31068,9.2775
val,Y1,10.002319,10.388358
val,Y1,9.780666,16.096043
val,Y1,9.708487,6.070931
val,Y1,9.780903,7.782233
val,Y1,9.914473,9.136109
val,Y1,10.041306,3.8736057
val,Y1,9.949041,4.72914
val,Y1,9.56925,6.1550574
val,Y1,9.152306,7.1878543
val,Y1,8.628861,5.1060953
val,Y1,7.900708,4.713237
val,Y1,7.0094028,5.3453555
val,Y1,5.6217084,4.5521417
val,Y1,3.7362084,4.7897706
val,Y1,1.8579445,7.885781
val,Y1,0.5517361,9.847189
val,Y1,0.06994444,5.8486223
val,Y1,0.016958334,3.9864655
val,Y1,0.019,5.842852
val,Y1,0.016152779,13.154977
val,Y1,0.013666667,4.6924872
val,Y1,0.014166667,10.415961
val,Y1,0.014444444,6.826778
val,Y1,0.013944444,4.8107777
val,Y1,0.013791666,4.0399165
val,Y1,0.015263889,5.45456
val,Y1,0.15093055,7.8679614
val,Y1,1.4246111,9.426034
val,Y1,3.3236806,14.34192
val,Y1,4.475514,13.492444
val,Y1,5.232764,5.465278
val,Y1,5.826125,6.4201303
val,Y1,5.910681,5.545795
val,Y1,4.9584723,5.7290044
val,Y1,3.6599445,7.108926
val,Y1,3.728111,7.2906575
val,Y1,5.109625,8.618577
val,Y1,6.5880556,4.7055917
val,Y1,7.820653,5.095721
val,Y1,8.946264,4.3638644
val,Y1,10.039153,4.440152
val,Y1,10.932236,4.840798
val,Y1,11.572194,4.4461036
val,Y1,12.198986,4.2590704
val,Y1,12.692125,4.63563
val,Y1,12.919375,2.9853668
val,Y1,13.156944,5.5842776
val,Y1,13.5305,7.2174616
val,Y1,13.952,7.8091693
val,Y1,14.2786665,5.892273
val,Y1,14.341708,5.392551
val,Y1,14.189847,5.0258865
val,Y1,14.010805,5.2495747
val,Y1,13.825097,5.827957
val,Y1,13.674556,5.193876
val,Y1,13.599514,4.2834907
val,Y1,13.471986,5.0062723
val,Y1,13.270987,5.542503
val,Y1,13.09625,4.5757594
val,Y1,12.884653,5.227546
val,Y1,12.17475,7.445704
val,Y1,10.915639,4.564491
val,Y1,9.471583,4.909587
val,Y1,8.421097,4.5333695
val,Y1,8.054194,3.8979855
val,Y1,7.9469585,3.4884355
val,Y1,7.8769307,3.5729527
val,Y1,8.040028,8.619693
val,Y1,8.669014,8.523184
val,Y1,9.465639,10.288651
val,Y1,9.942792,10.242023
val,Y1,9.96825,5.6874003
val,Y1,9.793597,4.7363243
val,Y1,9.6872225,4.9491596
val,Y1,9.696875,5.4066663
val,Y1,9.8943615,4.765781
val,Y1,10.219277,5.462421
val,Y1,10.549236,4.51849
val,Y1,10.914125,5.6562495
val,Y1,11.420625,5.9179444
val,Y1,12.055098,9.218682
val,Y1,12.527445,5.328686
val,Y1,12.478375,6.1917562
val,Y1,11.9650135,4.9515805
val,Y1,11.259722,5.5683603
val,Y1,10.522014,4.3079715
val,Y1,9.974958,3.9865015
val,Y1,9.5662775,4.548238
val,Y1,9.15607,2.425143
val,Y1,8.795222,3.1874533
val,Y1,8.486972,2.8891215
val,Y1,8.234389,2.8002849
val,Y1,8.087931,2.6139352
val,Y1,7.925,2.0489726
val,Y1,7.612597,2.1011014
val,Y1,7.3160973,2.2388942
val,Y1,6.907722,2.9036007
val,Y1,6.129236,6.627867
val,Y1,5.254736,7.9500566
val,Y1,4.627278,5.3153853
val,Y1,4.232389,4.551831
val,Y1,3.9676666,5.1741624
val,Y1,3.8123333,5.62233
val,Y1,3.6999445,4.992068
val,Y1,3.570639,5.6314983
val,Y1,3.3685973,5.34609
val,Y1,3.0442083,5.3253446
val,Y1,2.6058333,5.2163405
val,Y1,2.140486,4.9039006
val,Y1,1.7741805,3.8516922
val,Y1,1.5194305,4.426362
val,Y1,1.29125,5.634601
val,Y1,1.0527084,10.584997
val,Y1,0.79581946,15.3306875
val,Y1,0.5155,13.153727
val,Y1,0.22565278,5.779153
val,Y1,0.06566667,4.8450584
val,Y1,0.0355,4.278697
val,Y1,0.014277778,4.054175
val,Y1,0.012180556,4.179462
val,Y1,0.019541666,4.565447
val,Y1,0.029347222,4.724197
val,Y1,0.14825,5.9575186
val,Y1,0.82131946,5.649903
val,Y1,2.2251666,5.814851
val,Y1,3.7625418,6.24513
val,Y1,4.9899445,7.1589
val,Y1,5.936153,6.9418616
val,Y1,6.610708,5.8022256
val,Y1,7.1205835,5.094074
val,Y1,7.6245694,5.269678
val,Y1,8.134181,3.8263528
val,Y1,8.602445,5.28033
val,Y1,8.885805,6.6360373
val,Y1,9.031042,4.728864
val,Y1,9.256291,4.950213
val,Y1,9.733306,4.9990325
val,Y1,10.290889,5.245922
val,Y1,10.596194,4.735851
val,Y1,10.7915,5.1688256
val,Y1,11.081278,4.672857
val,Y1,11.5975,6.7169433
val,Y1,12.309806,9.3023405
val,Y1,12.648486,7.678041
val,Y1,12.511431,10.70931
val,Y1,12.219194,16.742193
val,Y1,11.887208,5.352843
val,Y1,11.628847,6.5655932
val,Y1,11.608736,5.569361
val,Y1,12.005542,4.0636525
val,Y1,12.665722,5.7004924
val,Y1,13.403028,7.952866
val,Y1,14.097222,3.7706718
val,Y1,14.5616665,4.2685843
val,Y1,14.837973,3.1783986
val,Y1,15.099222,3.4775298
val,Y1,15.294209,3.3060577
val,Y1,15.275556,2.7230797
val,Y1,15.086833,4.1747394
val,Y1,14.872791,2.7633386
val,Y1,14.567111,5.126261
val,Y1,13.901709,4.662271
val,Y1,12.9013195,4.024386
val,Y1,12.077736,3.9838433
val,Y1,11.584611,4.330984
val,Y1,11.077791,4.4508133
val,Y1,9.715347,4.671552
val,Y1,8.268458,4.3543587
val,Y1,8.065181,5.665173
val,Y1,8.546875,9.981743
val,Y1,8.844347,4.0392375
val,Y1,8.648181,3.775187
val,Y1,8.439097,5.290649
val,Y1,8.481042,4.3978233
val,Y1,8.748625,3.819573
val,Y1,9.250944,4.5633874
val,Y1,9.898152,3.9896367
val,Y1,10.562278,4.1882906
val,Y1,10.778861,6.2997556
val,Y1,10.574333,6.696172
val,Y1,10.53,6.4169726
val,Y1,10.228125,6.1883707
val,Y1,9.819375,7.8644676
val,Y1,10.097736,5.2679305
val,Y1,10.804139,4.834729
val,Y1,11.611097,5.274591
val,Y1,12.286,5.3674264
val,Y1,12.819125,4.542815
val,Y1,13.26068,5.271638
val,Y1,13.5292635,5.167813
val,Y1,13.769139,5.029624
val,Y1,13.788903,4.6230826
val,Y1,13.836111,4.9405255
val,Y1,14.132125,3.8919053
val,Y1,14.396,3.6115437
val,Y1,14.666667,3.7095714
val,Y1,14.994792,3.9733622
val,Y1,15.383445,4.1398997
val,Y1,15.578195,4.180577
val,Y1,15.77875,4.118316
val,Y1,15.952681,4.0808883
val,Y1,15.997528,4.8496494
val,Y1,16.396458,7.40389
val,Y1,17.025764,7.5083284
val,Y1,17.7525,9.227116
val,Y1,18.416931,14.732186
val,Y1,18.548277,10.865144
val,Y1,18.179083,3.5734305
val,Y1,17.81129,5.5044303
val,Y1,17.680487,7.6981425
val,Y1,17.703917,5.5232024
val,Y1,17.674347,3.9156249
val,Y1,17.47961,3.9200425
val,Y1,17.363903,3.997275
val,Y1,17.45232,5.754762
val,Y1,17.535402,4.3872046
val,Y1,17.496513,4.7913756
val,Y1,17.45621,4.211197
val,Y1,17.485043,3.8611603
val,Y1,17.496181,4.364035
val,Y1,17.572971,4.9012923
val,Y1,17.812347,4.37741
val,Y1,17.98818,4.468316
val,Y1,17.999487,4.295047
val,Y1,18.018847,4.220605
val,Y1,18.26843,4.164182
val,Y1,18.73018,4.095581
val,Y1,19.01036,4.603315
val,Y1,19.026527,5.742822
val,Y1,18.86825,6.0234466
val,Y1,18.651154,6.1735024
val,Y1,18.690416,8.673782
val,Y1,18.888042,4.303159
val,Y1,18.89632,4.1070595
val,Y1,19.812431,3.9314332
val,Y1,20.336834,3.6258483
val,Y1,19.693542,3.6383543
val,Y1,19.449848,3.6282477
val,Y1,19.401598,3.844145
val,Y1,19.103514,3.6843257
val,Y1,18.570847,3.21111
val,Y1,18.373041,3.4083037
val,Y1,18.521444,3.8881955
val,Y1,18.7305,3.8371532
val,Y1,18.932167,4.0468397
val,Y1,19.125805,4.126657
val,Y1,19.082125,3.916635
val,Y1,18.817305,3.675638
val,Y1,18.517263,3.8371322
val,Y1,18.238832,3.5552857
val,Y1,18.202986,4.423319
val,Y1,18.478777,4.7808633
val,Y1,18.808098,4.407773
val,Y1,19.16096,4.1370463
val,Y1,19.315166,3.8333316
val,Y1,18.092361,4.6101317
val,Y1,13.028014,6.6211257
val,Y1,7.4779167,6.7726154
val,Y1,4.6311665,7.2564673
val,Y1,1.7205695,7.147348
val,Y1,0.031805556,6.41635
val,Y1,4.6162224,5.8149056
val,Y1,13.97407,4.941976
val,Y1,18.886152,4.5100236
val,Y1,18.827305,4.9233747
val,Y1,18.438667,4.361116
val,Y1,17.955805,4.7495255
val,Y1,17.439959,6.30714
val,Y1,16.99943,3.276848
val,Y1,16.776861,3.0710142
val,Y1,16.888653,4.363417
val,Y1,17.280792,4.197973
val,Y1,17.722986,3.710793
val,Y1,17.913805,3.7910373
val,Y1,17.836111,3.5969598
val,Y1,17.736319,3.4849327
val,Y1,17.777653,4.1199527
val,Y1,17.997,3.9499674
val,Y1,18.299944,3.8395786
val,Y1,18.614681,3.742997
val,Y1,18.969084,4.235678
val,Y1,19.361237,2.6763117
val,Y1,19.637486,2.19734
val,Y1,19.600222,2.6003537
val,Y1,19.38457,2.7292418
val,Y1,19.249277,7.2230897
val,Y1,19.21743,7.227958
val,Y1,19.232944,10.766422
val,Y1,19.301111,17.04744
val,Y1,19.453056,7.990935
val,Y1,19.666597,7.384525
val,Y1,19.500195,11.665614
val,Y1,18.646597,10.677354
val,Y1,17.423403,5.292781
val,Y1,16.299583,7.5225825
val,Y1,15.453305,12.84642
val,Y1,15.113778,15.542898
val,Y1,15.453709,16.685535
val,Y1,15.92918,18.183825
val,Y1,16.196486,8.86971
val,Y1,16.48307,8.602454
val,Y1,16.867208,10.159612
val,Y1,17.001833,5.193854
val,Y1,16.59175,5.7489724
val,Y1,15.674916,7.6878905
val,Y1,14.400139,6.434523
val,Y1,12.54875,4.861742
val,Y1,10.23,3.4705005
val,Y1,7.8965836,3.2696524
val,Y1,6.094375,3.5571675
val,Y1,5.5223475,6.8220534
val,Y1,6.2752776,5.8881583
val,Y1,7.691,9.682307
val,Y1,8.65607,8.519388
val,Y1,8.704972,6.174292
val,Y1,8.437041,3.874514
val,Y1,8.545847,3.5307455
val,Y1,9.119792,4.0980616
val,Y1,9.876348,5.0211234
val,Y1,10.622541,3.99659
val,Y1,11.309097,4.210524
val,Y1,11.532111,3.4627836
val,Y1,11.229722,2.246193
val,Y1,10.868722,2.0643501
val,Y1,10.705653,2.1151078
val,Y1,10.686402,2.0988345
val,Y1,10.534708,2.3052697
val,Y1,10.426666,2.673856
val,Y1,10.812667,2.867839
val,Y1,11.343458,4.9891634
val,Y1,11.45775,5.0267878
val,Y1,11.334611,5.1768966
val,Y1,11.404972,8.088822
val,Y1,11.79532,5.604475
val,Y1,12.320111,5.601996
val,Y1,12.874514,6.407346
val,Y1,13.2977085,5.488027
val,Y1,13.366902,4.8754635
val,Y1,13.18757,5.1244636
val,Y1,13.057236,8.329029
val,Y1,13.029486,9.422479
val,Y1,13.017764,5.0097094
val,Y1,13.056666,8.022176
val,Y1,12.940291,10.065428
val,Y1,12.559722,16.249994
val,Y1,12.216291,9.39617
val,Y1,12.019903,4.664166
val,Y1,11.881695,5.2258286
val,Y1,11.811806,4.8103824
val,Y1,11.906542,5.6959105
val,Y1,12.120694,5.0065103
val,Y1,12.421625,4.1849504
val,Y1,12.829111,4.295341
val,Y1,13.2931385,4.523361
val,Y1,13.710569,4.3512354
val,Y1,13.815889,2.6015491
val,Y1,13.797444,2.6583877
val,Y1,12.706139,2.741725
val,Y1,11.456375,4.112996
val,Y1,10.798708,3.858928
val,Y1,9.970819,3.9868584
val,Y1,9.380389,4.214915
val,Y1,8.7355,4.668491
val,Y1,8.32443,5.6288357
val,Y1,8.610778,3.493402
val,Y1,9.358694,3.0519996
val,Y1,9.670333,4.8168945
val,Y1,9.431125,4.2991414
val,Y1,9.496445,5.762195
val,Y1,10.216361,5.873729
val,Y1,11.323611,6.8546166
val,Y1,12.800514,8.839455
val,Y1,14.405097,12.774877
val,Y1,15.510944,14.972254
val,Y1,15.344916,4.8950534
val,Y1,14.340042,5.484073
val,Y1,13.655694,6.7919817
val,Y1,13.256986,6.133303
val,Y1,13.006611,5.5806384
val,Y1,12.964778,4.905006
val,Y1,13.045819,5.041223
val,Y1,13.259459,5.4196324
val,Y1,13.639736,4.9037924
val,Y1,14.011139,4.83892
val,Y1,14.099444,5.151748
val,Y1,13.852014,7.0004797
val,Y1,13.46682,6.1955075
val,Y1,13.184264,4.7358193
val,Y1,13.085861,4.425465
val,Y1,13.053319,4.3302197
val,Y1,12.8041115,4.2084126
val,Y1,12.258653,4.1758037
val,Y1,11.385986,3.7820837
val,Y1,10.029333,3.4921968
val,Y1,8.382709,3.8294866
val,Y1,6.5167084,3.8479052
val,Y1,4.6683054,3.9424677
val,Y1,3.4912221,3.9307046
val,Y1,3.1468472,3.8801303
val,Y1,3.6240277,4.009135
val,Y1,4.6351805,3.89133
val,Y1,5.602847,4.088371
val,Y1,6.2208056,3.9880383
val,Y1,6.333597,4.4911065
val,Y1,6.2540555,4.609648
val,Y1,6.3594584,3.9935358
val,Y1,6.687208,3.733078
val,Y1,7.2673473,4.5507646
val,Y1,8.062764,8.624427
val,Y1,9.0853615,8.727122
val,Y1,10.324513,9.538357
val,Y1,11.513028,8.022236
val,Y1,12.12693,5.708427
val,Y1,12.148125,4.3235083
val,Y1,12.188056,4.7234564
val,Y1,12.519125,5.0870194
val,Y1,13.015111,4.851824
val,Y1,13.5355,4.953093
val,Y1,13.871542,4.444959
val,Y1,13.986305,4.148664
val,Y1,14.0853615,4.1800876
val,Y1,14.125334,4.445361
val,Y1,14.027833,4.039675
val,Y1,13.932777,4.380427
val,Y1,13.815444,4.747394
val,Y1,13.549819,5.2691264
val,Y1,13.231806,5.883147
val,Y1,12.90582,5.130441
val,Y1,12.347305,4.994658
val,Y1,11.331083,6.285087
val,Y1,9.752236,5.8801665
val,Y1,7.836347,6.457026
val,Y1,6.383264,6.4771776
val,Y1,6.2092915,6.1415896
val,Y1,7.1378613,5.172906
val,Y1,8.386431,4.7937856
val,Y1,9.116694,5.4030976
val,Y1,8.3769865,6.3416314
val,Y1,6.7972083,5.03081
val,Y1,5.680139,4.8255353
val,Y1,5.475153,7.041536
val,Y1,6.184375,8.166171
val,Y1,7.1709585,5.457712
val,Y1,7.7794166,5.3308997
val,Y1,7.7153473,5.6398196
val,Y1,7.3850694,7.1272254
val,Y1,7.061792,6.401199
val,Y1,6.62475,5.2731442
val,Y1,6.0758195,5.141205
val,Y1,5.1088333,5.1312866
val,Y1,3.3771527,7.6872983
val,Y1,1.3994861,6.8674912
val,Y1,0.26580554,5.1931167
val,Y1,0.017972222,4.0956693
val,Y1,0.012708333,4.1628137
val,Y1,0.012902778,3.7487807
val,Y1,0.0125,4.2581973
val,Y1,0.023597222,4.4328084
val,Y1,0.4846389,3.5066118
val,Y1,1.6383889,4.473433
val,Y1,2.8186111,4.5068474
val,Y1,3.6372082,4.4332128
val,Y1,4.327764,3.9524255
val,Y1,4.9754167,3.9971595
val,Y1,5.3672915,4.13829
val,Y1,5.506,3.6823578
val,Y1,5.5941668,4.472914
val,Y1,5.6720276,4.2748637
val,Y1,5.9073887,4.5455747
val,Y1,6.1086807,4.3961143
val,Y1,6.0241528,4.388408
val,Y1,5.828986,7.1733947
val,Y1,5.5504584,9.608846
val,Y1,5.0782223,10.56619
val,Y1,4.3071527,5.7860293
val,Y1,3.4510138,6.36022
val,Y1,3.4584029,6.6387124
val,Y1,4.3564863,7.382794
val,Y1,5.257292,8.415032
val,Y1,6.0035276,9.718987
val,Y1,6.430264,8.689863
val,Y1,6.3949723,6.11651
val,Y1,6.1130276,8.470496
val,Y1,5.8170276,10.2552595
val,Y1,5.6458473,9.826473
val,Y1,5.5817084,10.555106
val,Y1,5.448583,12.4639845
val,Y1,5.0887775,7.2598023
val,Y1,4.530653,5.3049245
val,Y1,3.755125,5.2957788
val,Y1,2.952389,5.568979
val,Y1,2.4236667,5.2228446
val,Y1,1.8808334,6.484472
val,Y1,1.1940556,4.6533375
val,Y1,0.5950278,4.316919
val,Y1,0.17825,4.356353
val,Y1,0.022541666,5.715446
val,Y1,0.018291667,3.193634
val,Y1,0.016138889,5.3033404
val,Y1,0.013652778,4.052201
val,Y1,0.013833334,3.9930997
val,Y1,0.011513889,4.0359006
val,Y1,0.009638889,3.9614048
val,Y1,0.045041665,3.91055
val,Y1,0.32740277,4.1107273
val,Y1,1.0325139,3.9551282
val,Y1,1.8671666,3.8738284
val,Y1,2.5290556,4.183177
val,Y1,3.3919444,4.314548
val,Y1,4.55825,3.7986586
val,Y1,5.4325137,3.9508119
val,Y1,5.6436667,7.485835
val,Y1,5.513653,5.7560077
val,Y1,5.930875,5.288873
val,Y1,6.976111,7.013451
val,Y1,7.7174444,9.530788
val,Y1,7.912736,5.7626243
val,Y1,8.026486,6.7028275
val,Y1,8.154805,8.164817
val,Y1,7.7082086,6.1048255
val,Y1,6.5971947,5.1461616
val,Y1,5.4902916,5.2474556
val,Y1,4.645236,4.765471
val,Y1,4.514583,3.9748235
val,Y1,5.15225,3.6116285
val,Y1,6.0007224,4.18876
val,Y1,6.7655835,4.512618
val,Y1,7.350458,3.63758
val,Y1,7.87225,6.600667
val,Y1,8.24118,8.226851
val,Y1,8.446792,9.231292
val,Y1,8.564709,5.6401324
val,Y1,8.128486,4.544851
val,Y1,7.1004305,5.139508
val,Y1,5.889236,5.2222943
val,Y1,4.879597,5.022233
val,Y1,4.916403,4.2874713
val,Y1,5.800361,4.665583
val,Y1,6.5556526,4.5938635
val,Y1,6.910847,3.8102188
val,Y1,6.9521112,3.9966745
val,Y1,6.883764,3.6519096
val,Y1,6.8813057,3.1975574
val,Y1,6.931847,3.3932087
val,Y1,6.9495277,3.7461352
val,Y1,6.966111,4.4305744
val,Y1,7.0360417,4.25468
val,Y1,7.155875,3.9791574
val,Y1,7.2660556,4.224065
val,Y1,7.2445555,5.1518197
val,Y1,7.0374165,9.190519
val,Y1,6.8254304,10.374249
val,Y1,6.7656946,5.148274
val,Y1,7.042514,3.846744
val,Y1,7.4970417,3.6126802
val,Y1,7.0705137,5.718216
val,Y1,5.491,6.0096703
val,Y1,3.799625,4.8751936
val,Y1,2.5924306,6.202411
val,Y1,1.8162639,6.7665477
val,Y1,1.2056806,7.0735283
val,Y1,0.96875,11.3034315
val,Y1,1.7510834,5.1891117
val,Y1,2.9090416,4.4861856
val,Y1,4.043125,5.6441464
val,Y1,5.3235693,4.746015
val,Y1,6.3858056,5.599496
val,Y1,7.033653,5.224993
val,Y1,7.107611,5.6474547
val,Y1,6.522875,6.0511756
val,Y1,5.267208,9.893109
val,Y1,4.112472,11.103786
val,Y1,3.5805833,5.937015
val,Y1,3.933,5.532252
val,Y1,4.8906527,3.219829
val,Y1,5.3005276,4.9672437
val,Y1,5.425736,4.410786
val,Y1,6.036722,4.507186
val,Y1,6.7844443,4.6561766
val,Y1,7.6060834,4.6056685
val,Y1,8.898278,3.582025
val,Y1,9.973028,3.1912525
val,Y1,10.187458,3.335505
val,Y1,9.922875,4.8052173
val,Y1,9.5413475,6.4215317
val,Y1,9.119903,8.212719
val,Y1,8.221375,8.227218
val,Y1,6.6527224,9.449375
val,Y1,5.142611,4.8915977
val,Y1,4.288889,4.266456
val,Y1,3.5728471,4.0137157
val,Y1,2.4968472,3.7486963
val,Y1,1.5884722,3.9935515
val,Y1,1.5570278,3.6256075
val,Y1,3.255014,3.84164
val,Y1,6.033472,4.4401584
val,Y1,8.657361,4.839888
val,Y1,10.59625,5.676975
val,Y1,11.281042,5.721123
val,Y1,10.612306,3.8308706
val,Y1,8.42425,5.079684
val,Y1,4.8617916,5.3430915
val,Y1,3.453861,5.822043
val,Y1,5.3210974,6.5580583
val,Y1,7.529972,5.2990956
val,Y1,8.60625,4.8194637
val,Y1,8.812555,4.3079076
val,Y1,8.896611,5.711374
val,Y1,8.892861,7.337248
val,Y1,8.980153,9.370852
val,Y1,9.216514,11.843896
val,Y1,9.509167,3.8691394
val,Y1,9.436708,4.313508
val,Y1,8.97268,4.4786487
val,Y1,8.820278,4.29538
val,Y1,9.265708,4.2392225
val,Y1,9.827333,4.149053
val,Y1,9.257472,4.1872873
val,Y1,7.5491943,4.0548406
val,Y1,5.7865276,4.839125
val,Y1,3.9804583,5.4222856
val,Y1,2.5320277,5.8762755
val,Y1,2.95125,4.305699
val,Y1,4.6464305,4.9167724
val,Y1,6.190347,5.634086
val,Y1,7.463153,5.543776
val,Y1,8.394444,4.762556
val,Y1,8.907695,5.1545854
val,Y1,8.8081665,4.7642064
val,Y1,7.8583193,4.385225
val,Y1,5.88,5.222814
val,Y1,4.29575,6.134388
val,Y1,3.9909444,5.6038384
val,Y1,4.0711803,4.597512
val,Y1,4.078833,4.867805
val,Y1,3.5340555,4.877749
val,Y1,2.3802361,4.6450953
val,Y1,1.3234028,4.3444085
val,Y1,0.5819861,4.933022
val,Y1,0.14870833,5.358982
val,Y1,0.034444444,4.4175797
val,Y1,0.29941666,3.9389443
val,Y1,1.1557778,4.7944727
val,Y1,2.1196527,4.4054866
val,Y1,2.7386527,2.7803247
val,Y1,3.34025,3.2377076
val,Y1,4.026292,4.0744195
val,Y1,4.7793474,4.087272
val,Y1,5.3185415,4.1465554
val,Y1,5.1369724,4.6549387
val,Y1,4.5295835,5.44706
val,Y1,4.5035973,3.8439498
val,Y1,5.080583,5.114029
val,Y1,5.7301807,4.40871
val,Y1,6.290111,3.4234776
val,Y1,6.475972,5.38427
val,Y1,6.2959304,7.8021054
val,Y1,6.0136943,9.055328
val,Y1,5.9705696,14.512388
val,Y1,6.3619723,6.404633
val,Y1,6.8584304,4.2807612
val,Y1,7.4416666,6.462418
val,Y1,8.578486,5.814395
val,Y1,9.221097,6.14381
val,Y1,8.865292,5.2260933
val,Y1,8.485764,4.801889
val,Y1,8.037598,4.745492
val,Y1,7.580764,4.667649
val,Y1,7.5888057,4.5305758
val,Y1,8.002611,4.9707103
val,Y1,8.388416,5.249487
val,Y1,8.391319,4.59682
val,Y1,8.3053055,4.1177087
val,Y1,8.418305,5.3173127
val,Y1,8.450708,5.1184936
val,Y1,8.256361,5.1192794
val,Y1,7.999361,8.909381
val,Y1,7.588847,10.109894
val,Y1,6.1174445,9.792129
val,Y1,3.8294444,13.799751
val,Y1,2.1379445,17.597113
val,Y1,2.066236,13.264676
val,Y1,3.4682777,3.880539
val,Y1,5.287736,4.767884
val,Y1,7.0856805,4.8203387
val,Y1,8.609487,4.3078976
val,Y1,9.366905,4.1846175
val,Y1,9.180988,4.036577
val,Y1,8.133375,4.9915414
val,Y1,6.7256804,4.6284184
val,Y1,5.756583,4.6140423
val,Y1,5.461458,4.529789
val,Y1,6.1548195,4.8712535
val,Y1,7.4844446,4.6326833
val,Y1,8.793597,5.331587
val,Y1,9.578792,5.2146773
val,Y1,9.550236,5.5874867
val,Y1,9.189986,5.147861
val,Y1,8.718862,7.4038987
val,Y1,8.086542,6.7411094
val,Y1,7.4973335,8.309056
val,Y1,6.7447777,11.050488
val,Y1,5.267764,12.221215
val,Y1,3.2222917,12.223977
val,Y1,1.7565694,6.11642
val,Y1,2.077861,10.384576
val,Y1,3.6757638,9.559529
val,Y1,5.396375,4.806387
val,Y1,7.2045555,5.130482
val,Y1,8.490264,6.996333
val,Y1,6.926708,6.22701
val,Y1,3.6680138,7.408008
val,Y1,2.2246666,6.402644
val,Y1,2.6752222,5.1962523
val,Y1,3.3656666,4.8735595
val,Y1,4.2188888,5.432199
val,Y1,5.4276667,5.6744456
val,Y1,6.2626944,6.20713
val,Y1,6.8356113,5.7821355
val,Y1,7.217639,6.41377
val,Y1,7.126347,5.6549478
val,Y1,6.708542,5.9481573
val,Y1,6.358444,4.8587375
val,Y1,5.9294167,4.717384
val,Y1,6.0547085,4.8847413
val,Y1,7.268361,5.4361014
val,Y1,8.484458,4.285587
val,Y1,9.145514,4.2127967
val,Y1,9.3289585,4.7349105
val,Y1,9.227208,4.9196067
val,Y1,9.044528,4.103598
val,Y1,8.259973,5.829587
val,Y1,6.497625,5.4245586
val,Y1,4.841625,4.569139
val,Y1,4.7620554,5.6173663
val,Y1,6.292,5.6786914
val,Y1,8.314847,4.8429146
val,Y1,9.376847,4.799016
val,Y1,9.32632,4.5805583
val,Y1,9.078472,4.7907863
val,Y1,8.9858885,4.3355956
val,Y1,9.213764,7.302133
val,Y1,9.693292,7.2287784
val,Y1,10.213375,8.309596
val,Y1,10.566667,10.057028
val,Y1,10.46225,7.9499683
val,Y1,9.9916525,4.614396
val,Y1,9.635612,4.5744867
val,Y1,9.112208,4.9837894
val,Y1,8.055861,5.7598886
val,Y1,6.5961113,5.718443
val,Y1,4.411667,5.1921287
val,Y1,2.3116806,4.778548
val,Y1,1.4220694,4.4928617
val,Y1,2.6291945,4.7378917
val,Y1,5.546708,5.1693883
val,Y1,8.526709,5.2570896
val,Y1,10.002236,5.159136
val,Y1,10.126083,5.3403897
val,Y1,10.3175,4.9647193
val,Y1,10.415125,4.727593
val,Y1,10.28307,4.627312
val,Y1,10.170555,4.7452226
val,Y1,10.139778,5.4594073
val,Y1,10.248709,5.4978337
val,Y1,10.618208,3.3900619
val,Y1,10.881736,4.65617
val,Y1,10.801361,3.8437817
val,Y1,10.314847,3.6395974
val,Y1,9.203986,3.5471854
val,Y1,7.579986,4.009148
val,Y1,5.6214304,2.8798504
val,Y1,3.7272916,3.9306524
val,Y1,2.2680416,3.2278423
val,Y1,2.0897222,3.860002
val,Y1,3.630375,4.4256396
val,Y1,5.6134443,4.7690997
val,Y1,7.2576113,4.1765847
val,Y1,8.294153,4.9534717
val,Y1,8.686097,5.41788
val,Y1,8.991305,4.4996057
val,Y1,9.102653,3.9393396
val,Y1,8.715542,4.672954
val,Y1,8.29475,7.856053
val,Y1,8.083,6.0178657
val,Y1,8.141736,5.2071214
val,Y1,8.588972,5.549023
val,Y1,9.164473,5.5673976
val,Y1,9.689445,6.8667827
val,Y1,9.964306,9.204143
val,Y1,9.671625,7.201564
val,Y1,8.913986,6.175461
val,Y1,7.942,4.339993
val,Y1,6.886389,5.3345137
val,Y1,5.6980414,4.449269
val,Y1,4.552125,4.7043333
val,Y1,4.1057916,6.9766927
val,Y1,3.5151112,5.9460883
val,Y1,2.040611,6.280084
val,Y1,0.6628611,5.5189624
val,Y1,0.08016667,5.163216
val,Y1,0.012902778,4.613371
val,Y1,0.012875,4.4038243
val,Y1,0.016375,4.109052
val,Y1,0.60444444,3.383851
val,Y1,2.1439583,3.1262624
val,Y1,3.8338056,4.0766816
val,Y1,5.3035555,4.146707
val,Y1,6.7145557,3.830537
val,Y1,7.9555,4.1242023
val,Y1,8.767111,4.6893554
val,Y1,8.919528,4.5958633
val,Y1,8.56082,4.959787
val,Y1,7.990361,5.186692
val,Y1,7.292861,3.8158517
val,Y1,6.409972,4.802154
val,Y1,5.630778,5.1980743
val,Y1,5.2115693,3.928102
val,Y1,5.1511526,4.276977
val,Y1,5.505597,4.5389624
val,Y1,6.258736,4.8465695
val,Y1,7.0810695,4.4057865
val,Y1,7.117542,3.758123
val,Y1,5.9835973,3.4818847
val,Y1,4.475097,4.112617
val,Y1,3.6280417,3.8431928
val,Y1,3.8899446,4.1451283
val,Y1,4.9297915,4.433249
val,Y1,6.003097,4.9855237
val,Y1,6.900653,5.206635
val,Y1,7.9548473,8.783958
val,Y1,9.063653,8.302128
val,Y1,9.663944,5.695163
val,Y1,9.59507,6.1689267
val,Y1,9.186875,6.2090335
val,Y1,8.580556,8.134097
val,Y1,7.7035694,7.965366
val,Y1,7.164875,5.473431
val,Y1,7.4751806,4.5898404
val,Y1,8.14925,6.8996453
val,Y1,8.684361,7.847548
val,Y1,8.877653,4.342574
val,Y1,8.720388,4.8800716
val,Y1,8.550972,5.2957664
val,Y1,8.558069,5.163156
val,Y1,8.598666,4.4918265
val,Y1,8.420944,4.317245
val,Y1,7.7574306,4.338619
val,Y1,6.645931,3.9946923
val,Y1,5.596861,4.712258
val,Y1,5.086639,3.7259126
val,Y1,5.605375,3.395161
val,Y1,7.167111,4.481112
val,Y1,8.783667,7.5928955
val,Y1,9.579861,7.8802495
val,Y1,9.457973,7.84259
val,Y1,8.587514,6.390967
val,Y1,6.802639,8.136824
val,Y1,4.058,6.770939
val,Y1,2.2890139,5.6540484
val,Y1,2.1679027,5.7626762
val,Y1,2.063625,5.9596105
val,Y1,1.5796388,4.8508496
val,Y1,1.0368333,5.4264083
val,Y1,0.6012361,3.6651616
val,Y1,0.35744444,4.8829656
val,Y1,0.36847222,6.7120867
val,Y1,0.80130553,4.6696987
val,Y1,1.8200139,5.1526937
val,Y1,3.0833611,5.054245
val,Y1,4.2797637,5.046824
val,Y1,5.3079305,5.6254334
val,Y1,6.1802917,4.106438
val,Y1,6.8145,4.666818
val,Y1,7.1171803,4.8389316
val,Y1,6.434597,4.7346787
val,Y1,3.850222,4.573953
val,Y1,2.0677779,3.8779294
val,Y1,2.513625,3.7931516
val,Y1,3.1035416,4.336615
val,Y1,3.4111388,4.127225
val,Y1,3.5244443,4.5303793
val,Y1,3.8984723,5.037512
val,Y1,4.8915834,4.9512625
val,Y1,5.96825,5.0198245
val,Y1,6.7274446,3.8758717
val,Y1,7.1612363,4.197018
val,Y1,7.4181113,4.8645935
val,Y1,7.5504165,4.070243
val,Y1,7.5984583,4.59075
val,Y1,7.680264,3.1419005
val,Y1,7.777111,4.691163
val,Y1,7.8619585,5.7900453
val,Y1,7.8684444,7.866839
val,Y1,7.9028335,4.2067065
val,Y1,8.04018,4.0989394
val,Y1,8.14382,3.9603357
val,Y1,8.102875,3.8986506
val,Y1,7.7716527,4.1634965
val,Y1,6.592292,4.1971235
val,Y1,4.493514,4.3074727
val,Y1,2.4871805,4.2390327
val,Y1,1.2323195,4.3638196
val,Y1,0.651375,6.613977
val,Y1,0.484,11.949317
val,Y1,0.43779168,7.471764
val,Y1,0.22404167,4.872001
val,Y1,0.028208334,4.824453
val,Y1,0.16136111,4.9597793
val,Y1,1.21175,5.333687
val,Y1,3.2288334,5.5263133
val,Y1,5.4761806,7.174932
val,Y1,7.7732916,7.5195746
val,Y1,9.855264,4.3282356
val,Y1,10.627819,4.9705515
val,Y1,9.391681,5.495628
val,Y1,6.9301667,4.6238713
val,Y1,4.7960835,2.5941992
val,Y1,4.1065,4.2613225
val,Y1,4.3643613,5.8412147
val,Y1,5.116653,5.199232
val,Y1,6.2850556,6.514569
val,Y1,6.4520555,8.174627
val,Y1,5.324986,8.999508
val,Y1,4.5240693,7.9720793
val,Y1,4.9217916,8.34578
val,Y1,5.874472,12.752088
val,Y1,6.4488473,7.85189
val,Y1,6.465236,4.258441
val,Y1,6.011653,4.049582
val,Y1,5.1103473,4.54682
val,Y1,4.0731945,4.7603045
val,Y1,3.460264,5.7427287
val,Y1,3.2941527,6.0752797
val,Y1,3.737111,5.5459495
val,Y1,4.4884305,5.318646
val,Y1,4.466722,5.0733104
val,Y1,3.7379723,5.4654803
val,Y1,2.899,6.208879
val,Y1,2.1954305,4.3865905
val,Y1,1.7643472,7.615615
val,Y1,1.7338889,6.1371703
val,Y1,1.6670834,2.977374
val,Y1,1.0980139,4.14518
val,Y1,0.37986112,6.070182
val,Y1,0.15084723,6.4633117
val,Y1,0.5538889,3.965186
val,Y1,0.98868054,3.5588675
val,Y1,1.0402361,3.9186568
val,Y1,0.679875,6.4020314
val,Y1,0.206875,8.230979
val,Y1,0.017777778,8.703134
val,Y1,0.048527777,11.173398
val,Y1,0.35470834,10.430613
val,Y1,0.91979164,9.179797
val,Y1,1.4037083,7.1279364
val,Y1,1.7140417,6.4403796
val,Y1,1.9495555,6.227836
val,Y1,2.1525416,6.0074725
val,Y1,2.24875,7.8270936
val,Y1,2.4151666,9.734876
val,Y1,2.6450555,5.3548465
val,Y1,2.6539166,6.341356
val,Y1,2.5308332,5.7938247
val,Y1,2.7266111,5.7096305
val,Y1,3.0509443,5.1041236
val,Y1,3.353889,6.277995
val,Y1,3.6819167,5.484926
val,Y1,3.810875,6.526468
val,Y1,3.876861,5.456005
val,Y1,4.302403,4.03019
val,Y1,5.2370415,4.208662
val,Y1,6.0342917,6.110271
val,Y1,6.1026945,8.249326
val,Y1,5.4842224,6.022623
val,Y1,4.9504585,5.339135
val,Y1,4.7263193,6.710857
val,Y1,4.5189304,4.7212524
val,Y1,4.3575416,5.485081
val,Y1,4.129778,9.600233
val,Y1,3.6175277,5.5338874
val,Y1,2.8419862,4.62985
val,Y1,1.9980416,4.464046
val,Y1,1.4014028,4.4849043
val,Y1,1.7795556,3.8911004
val,Y1,2.483736,2.2501445
val,Y1,2.6342778,2.3109324
val,Y1,2.45725,3.190539
val,Y1,1.9588194,2.6824427
val,Y1,1.1512778,2.2785888
val,Y1,0.4017639,2.39046
val,Y1,0.28880554,4.5221767
val,Y1,1.2418611,9.224078
val,Y1,2.98425,17.716743
val,Y1,4.5073195,16.94521
val,Y1,5.5835,14.997668
val,Y1,6.2738333,11.316945
val,Y1,6.555153,11.277205
val,Y1,6.668597,14.5457735
val,Y1,6.8013473,6.904074
val,Y1,7.131181,7.1657047
val,Y1,7.517,7.200576
val,Y1,7.8050556,4.8558927
val,Y1,8.028306,4.8020277
val,Y1,8.225611,4.2010365
val,Y1,8.200556,4.7409534
val,Y1,7.617361,4.0827804
val,Y1,6.971653,5.4107914
val,Y1,6.7754307,4.238175
val,Y1,6.7527776,4.5448756
val,Y1,6.4677362,5.4441333
val,Y1,5.436278,4.1832204
val,Y1,3.9760695,4.5483
val,Y1,2.8960972,4.973685
val,Y1,2.1580138,3.785209
val,Y1,1.5249584,3.7887864
val,Y1,1.4499583,4.8062425
val,Y1,2.2474027,5.9010997
val,Y1,3.3909583,5.3413324
val,Y1,4.465875,4.7921815
val,Y1,5.4000835,4.1345587
val,Y1,6.018611,4.230354
val,Y1,6.3274026,3.90394
val,Y1,6.458778,4.5602026
val,Y1,6.494736,4.3101454
val,Y1,5.954389,4.4797783
val,Y1,4.5786667,4.2588563
val,Y1,2.9179168,4.333557
val,Y1,1.6724305,4.405111
val,Y1,1.0736111,4.634277
val,Y1,0.74669445,4.688359
val,Y1,0.59369445,4.9171405
val,Y1,0.46504167,4.414676
val,Y1,0.4107361,4.0051775
val,Y1,0.6613472,4.2156987
val,Y1,1.1383473,4.115824
val,Y1,1.9084584,4.431085
val,Y1,2.9375138,3.95168
val,Y1,3.9446666,4.137653
val,Y1,5.00175,5.035097
val,Y1,5.8846526,3.157544
val,Y1,6.418264,5.099933
val,Y1,6.9134445,4.7908416
val,Y1,7.174514,7.234463
val,Y1,7.19525,8.557163
val,Y1,7.3135695,7.640195
val,Y1,7.6961946,5.7082443
val,Y1,8.165736,5.667289
val,Y1,8.365027,6.4542527
val,Y1,8.217764,5.4853005
val,Y1,8.157125,5.2421155
val,Y1,8.450389,4.510952
val,Y1,8.976986,5.749123
val,Y1,9.462819,10.100493
val,Y1,9.637819,9.28618
val,Y1,9.537403,3.3676562
val,Y1,8.873902,4.113146
val,Y1,7.6603613,4.2094994
val,Y1,6.3655696,4.48661
val,Y1,5.2064304,4.7189593
val,Y1,4.4989862,5.0180583
val,Y1,4.092236,5.916438
val,Y1,3.5057082,6.8509264
val,Y1,2.3967638,7.5634627
val,Y1,1.5710695,9.212773
val,Y1,2.2643611,10.221774
val,Y1,3.6169167,5.209049
val,Y1,4.854347,4.432999
val,Y1,6.1612225,5.381182
val,Y1,7.3564863,5.623216
val,Y1,8.331264,5.283888
val,Y1,8.932028,4.9783463
val,Y1,9.219625,4.5957
val,Y1,9.202639,7.4474406
val,Y1,8.577389,6.959432
val,Y1,7.301,3.7067332
val,Y1,5.8648887,3.6335902
val,Y1,5.2048054,2.1346815
val,Y1,5.527514,2.1212819
val,Y1,6.370458,2.6322036
val,Y1,7.254014,2.321449
val,Y1,7.8268194,2.0324197
val,Y1,7.9580555,2.055306
val,Y1,7.764042,2.1260285
val,Y1,7.6260695,2.4448903
val,Y1,7.719222,2.2944505
val,Y1,8.030209,3.3052306
val,Y1,8.528819,2.173766
val,Y1,8.984,2.786418
val,Y1,9.117986,6.312715
val,Y1,9.080209,7.966614
val,Y1,9.041903,8.515968
val,Y1,8.953625,6.4358664
val,Y1,8.588125,4.096741
val,Y1,7.853194,5.331989
val,Y1,6.8205276,5.2201576
val,Y1,5.439236,4.9971566
val,Y1,3.7241945,5.8717875
val,Y1,2.0245695,4.888751
val,Y1,0.75711113,4.8824134
val,Y1,0.15594445,4.7517333
val,Y1,0.039819445,4.5721226
val,Y1,0.026666667,4.753662
val,Y1,0.019458333,5.594012
val,Y1,0.018305555,4.89335
val,Y1,0.01626389,4.5192847
val,Y1,0.017152777,5.3171296
val,Y1,0.026,5.018237
val,Y1,0.22718056,4.936546
val,Y1,0.78469443,5.400586
val,Y1,1.5963194,5.161213
val,Y1,2.4309027,4.3126206
val,Y1,3.2852917,3.890038
val,Y1,4.182028,3.941553
val,Y1,5.1470833,4.4947815
val,Y1,5.871486,3.2832274
val,Y1,5.9615693,3.9719229
val,Y1,5.8039584,4.158961
val,Y1,5.870875,4.447761
val,Y1,6.264375,5.1610994
val,Y1,6.717403,5.283426
val,Y1,7.1790557,5.2848463
val,Y1,7.6820693,5.311888
val,Y1,8.049403,4.9369946
val,Y1,8.286819,4.8379254
val,Y1,8.048764,4.4714675
val,Y1,7.1479583,4.4508023
val,Y1,6.149764,5.8163815
val,Y1,5.3543057,6.1145334
val,Y1,5.0772223,6.566851
val,Y1,5.551472,5.3632574
val,Y1,6.4091387,4.7184234
val,Y1,7.308375,5.183939
val,Y1,7.9825835,6.332948
val,Y1,8.367042,3.8964465
val,Y1,8.5315,4.083528
val,Y1,8.476152,5.6082997
val,Y1,8.389736,7.678023
val,Y1,8.405861,4.8416886
val,Y1,8.507584,6.266892
val,Y1,8.705569,6.719683
val,Y1,8.917167,4.726542
val,Y1,9.077306,6.5141563
val,Y1,9.252889,5.265121
val,Y1,9.473361,4.5623136
val,Y1,9.732278,4.197528
val,Y1,9.923223,4.440656
val,Y1,10.021514,4.4228206
val,Y1,10.157014,4.610696
val,Y1,10.290611,4.3506675
val,Y1,10.343153,4.10894
val,Y1,10.262403,4.637737
val,Y1,10.064639,5.0149503
val,Y1,9.7415,6.691728
val,Y1,9.304764,6.2960725
val,Y1,8.806069,4.467625
val,Y1,8.260292,5.132154
val,Y1,7.419014,4.7694936
val,Y1,6.202139,5.579685
val,Y1,5.0944304,5.7024875
val,Y1,4.3318195,8.976764
val,Y1,3.4098334,8.005026
val,Y1,2.2748473,6.297613
val,Y1,1.5033473,6.1857705
val,Y1,0.97313887,4.9960217
val,Y1,0.50690275,4.279163
val,Y1,0.1921389,5.0994635
val,Y1,0.13079166,4.6269946
val,Y1,0.31620833,4.2641664
val,Y1,0.5239722,4.8710785
val,Y1,0.8767083,9.167623
val,Y1,1.1160278,8.468158
val,Y1,0.67204165,8.565728
val,Y1,0.14068055,8.174144
val,Y1,0.092430554,6.7127633
val,Y1,0.638375,5.427185
val,Y1,1.9277222,4.8004704
val,Y1,3.4474862,4.2543664
val,Y1,4.55425,4.193215
val,Y1,5.303875,3.9950938
val,Y1,5.9906387,4.325065
val,Y1,6.467583,4.137439
val,Y1,6.5508194,4.3488398
val,Y1,6.6209307,4.1958675
val,Y1,6.7563195,3.9929402
val,Y1,6.9203887,3.3371768
val,Y1,7.252042,2.6774404
val,Y1,7.606153,2.7505765
val,Y1,7.9464583,2.7941625
val,Y1,8.258166,2.689761
val,Y1,8.372598,2.6320949
val,Y1,8.285459,2.744505
val,Y1,8.347362,3.0491345
val,Y1,8.556875,4.398195
val,Y1,8.757292,2.966078
val,Y1,8.961695,2.9309423
val,Y1,9.165639,4.4371552
val,Y1,9.270056,4.2595572
val,Y1,9.085944,4.391831
val,Y1,8.234889,8.215213
val,Y1,6.6256666,6.85157
val,Y1,4.835347,4.322726
val,Y1,3.2109444,4.145784
val,Y1,2.1211529,6.117004
val,Y1,1.7362916,4.95134
val,Y1,1.3434583,5.618509
val,Y1,0.7504306,5.6397634
val,Y1,0.28952777,4.7615438
val,Y1,0.060805555,5.046237
val,Y1,0.017138889,4.708429
val,Y1,0.01375,4.9100146
val,Y1,0.012027778,4.644265
val,Y1,0.016638888,4.8897004
val,Y1,0.019069444,3.9589667
val,Y1,0.016152779,4.262069
val,Y1,0.017666666,3.7171195
val,Y1,0.016847223,3.3599634
val,Y1,0.05615278,3.8835704
val,Y1,0.6242222,3.165155
val,Y1,1.9268055,3.7362394
val,Y1,3.330139,5.1238804
val,Y1,4.5069447,5.2260485
val,Y1,5.4857917,5.859112
val,Y1,6.1942916,3.2060654
val,Y1,6.6679444,3.9924083
val,Y1,6.887986,9.486803
val,Y1,6.9365,11.665471
val,Y1,6.9236665,3.7799854
val,Y1,6.5690556,4.353812
val,Y1,5.5781527,5.6573977
val,Y1,4.2443056,5.3182106
val,Y1,3.137972,4.9855833
val,Y1,2.3512778,3.6991682
val,Y1,1.8068612,5.3577843
val,Y1,1.7478334,5.871467
val,Y1,2.4570832,5.606335
val,Y1,3.5266528,3.6303837
val,Y1,4.787667,4.9742503
val,Y1,6.192111,5.8083396
val,Y1,7.3098335,2.2910113
val,Y1,7.959,2.889658
val,Y1,8.3225975,2.975452
val,Y1,8.621403,2.9293165
val,Y1,8.521472,2.6519728
val,Y1,7.8472085,2.7039428
val,Y1,6.832861,2.7038822
val,Y1,5.6343193,2.6649685
val,Y1,4.288361,2.7594447
val,Y1,2.9048057,2.7052248
val,Y1,1.58675,2.6641717
val,Y1,0.7442222,2.8161545
val,Y1,0.44006944,2.7401757
val,Y1,0.8560972,2.5882854
val,Y1,2.003,2.805816
val,Y1,3.118264,2.7010713
val,Y1,4.25725,2.9635758
val,Y1,5.5917916,3.118122
val,Y1,7.0648193,3.9669585
val,Y1,8.633223,5.170701
val,Y1,9.948236,4.100558
val,Y1,11.039278,5.0661564
val,Y1,12.040806,6.3716054
val,Y1,12.618597,5.453816
val,Y1,12.739333,4.87004
val,Y1,12.908986,4.8300853
val,Y1,13.172542,5.8451304
val,Y1,13.225833,5.0987525
val,Y1,13.167819,5.10747
val,Y1,13.16775,5.599738
val,Y1,13.199917,4.977325
val,Y1,13.188708,3.8135424
val,Y1,13.157097,3.304049
val,Y1,13.158112,4.575744
val,Y1,13.238764,5.3745856
val,Y1,13.426306,4.4237943
val,Y1,13.63032,6.0548935
val,Y1,13.739667,4.1786733
val,Y1,13.688347,5.2225327
val,Y1,13.531736,6.347303
val,Y1,13.352041,5.1387553
val,Y1,13.177778,4.4809003
val,Y1,12.885361,5.7074323
val,Y1,12.297861,8.749705
val,Y1,11.527625,10.850728
val,Y1,10.464653,4.858617
val,Y1,8.9586115,6.309889
val,Y1,7.3210554,9.32359
val,Y1,5.79325,10.009421
val,Y1,4.454486,5.7485194
val,Y1,3.1124861,7.98039
val,Y1,2.24025,6.8550687
val,Y1,3.0425138,6.977342
val,Y1,4.8963194,4.359017
val,Y1,5.973417,4.526233
val,Y1,5.6684027,4.878464
val,Y1,4.227153,4.3510594
val,Y1,2.8902917,4.1924458
val,Y1,2.6121528,3.9503198
val,Y1,2.8052223,3.865119
val,Y1,2.7914584,3.6397367
val,Y1,2.4704444,3.7580462
val,Y1,2.2561944,3.719986
val,Y1,2.2335556,4.1789603
val,Y1,2.50375,4.243083
val,Y1,3.466764,4.3812995
val,Y1,4.865208,4.5717645
val,Y1,6.1232085,4.1283183
val,Y1,7.1477222,4.002642
val,Y1,8.041014,3.8507829
val,Y1,8.543125,3.7335536
val,Y1,8.5882635,3.7909515
val,Y1,8.346209,3.9275684
val,Y1,7.5419583,4.008446
val,Y1,6.146389,4.1538367
val,Y1,4.987125,3.9739993
val,Y1,4.8259306,3.7313528
val,Y1,5.641264,3.759151
val,Y1,6.645014,4.047474
val,Y1,7.1275415,4.073725
val,Y1,7.2341943,3.960127
val,Y1,6.9724584,3.7514849
val,Y1,6.432139,3.8702378
val,Y1,5.930097,3.9907274
val,Y1,5.6214304,3.932108
val,Y1,5.656958,3.939767
val,Y1,6.210625,4.0962863
val,Y1,7.158889,3.9638054
val,Y1,7.8573613,3.735705
val,Y1,8.14068,3.9192224
val,Y1,8.390889,4.0327973
val,Y1,8.708264,4.0224247
val,Y1,8.808,4.0189567
val,Y1,8.690389,3.9672313
val,Y1,8.562361,3.9672859
val,Y1,8.442069,4.062092
val,Y1,8.357875,4.036637
val,Y1,8.382167,4.033284
val,Y1,8.716333,4.1979914
val,Y1,9.270264,4.0174513
val,Y1,9.619278,3.953975
val,Y1,9.628653,3.8494668
val,Y1,9.400958,4.093236
val,Y1,9.129319,4.443813
val,Y1,8.929958,4.5460043
val,Y1,8.730917,4.0640893
val,Y1,8.4690275,3.7267892
val,Y1,8.172014,4.065019
val,Y1,7.9107084,4.190036
val,Y1,7.6281943,4.0006146
val,Y1,6.7817917,3.8393674
val,Y1,5.5341387,3.838666
val,Y1,4.325639,4.247784
val,Y1,3.32925,4.5968823
val,Y1,3.5251389,4.1637645
val,Y1,4.870569,3.782693
val,Y1,6.2203474,4.2389894
val,Y1,7.1759305,4.0312977
val,Y1,7.4002776,4.0046453
val,Y1,6.6009583,4.0087996
val,Y1,5.2181387,3.8731132
val,Y1,3.5795972,4.19311
val,Y1,2.3997223,3.8720078
val,Y1,2.7340417,3.908216
val,Y1,3.845264,4.3169227
val,Y1,5.0544305,4.045743
val,Y1,6.4091806,3.943835
val,Y1,7.2138057,3.9609408
val,Y1,7.637375,3.9199288
val,Y1,8.324486,4.2397795
val,Y1,9.06593,3.8919668
val,Y1,9.587611,4.174535
val,Y1,9.991472,4.130489
val,Y1,10.320875,4.0472517
val,Y1,10.473097,4.1593785
val,Y1,10.523292,3.9722302
val,Y1,10.662097,3.9300048
val,Y1,10.832723,4.3263345
val,Y1,10.957583,4.2703333
val,Y1,10.886444,3.949821
val,Y1,10.461,4.4068522
val,Y1,9.851916,3.9888234
val,Y1,9.165334,4.0472283
val,Y1,8.260917,4.323207
val,Y1,7.3030696,3.904244
val,Y1,6.7074165,4.116839
val,Y1,6.717931,3.98224
val,Y1,7.2729583,4.1391983
val,Y1,8.029056,4.5791216
val,Y1,8.692194,4.227085
val,Y1,8.99125,3.9224606
val,Y1,8.629958,4.2914085
val,Y1,7.944208,4.0391583
val,Y1,7.437972,3.7451706
val,Y1,7.044125,3.920535
val,Y1,6.4060974,4.0575128
val,Y1,5.360111,3.7934904
val,Y1,4.5867915,4.15155
val,Y1,4.7606387,4.116445
val,Y1,5.4747086,4.0564637
val,Y1,6.3377085,4.0308948
val,Y1,7.226917,4.2305903
val,Y1,7.865389,3.8618352
val,Y1,8.090625,4.051991
val,Y1,7.6993194,3.9590716
val,Y1,6.6894445,4.2117505
val,Y1,5.3211665,4.227656
val,Y1,4.223014,3.8600483
val,Y1,4.1317916,4.2426553
val,Y1,4.9126945,4.1431212
val,Y1,5.8822637,3.829965
val,Y1,6.781014,4.1743884
val,Y1,7.46325,4.328219
val,Y1,7.9312916,4.3046374
val,Y1,8.266931,3.8701177
val,Y1,8.480083,3.8618722
val,Y1,8.655861,3.888811
val,Y1,8.775514,3.8537517
val,Y1,8.831625,3.8323073
val,Y1,8.699778,3.8411686
val,Y1,8.59157,3.8546445
val,Y1,8.668555,3.8346334
val,Y1,8.721611,3.8457527
val,Y1,8.758972,3.854868
val,Y1,8.903556,3.9108987
val,Y1,9.062041,3.8852062
val,Y1,9.117611,3.891772
val,Y1,9.169473,3.966627
val,Y1,9.302347,3.9154055
val,Y1,9.388695,3.8744144
val,Y1,9.234263,3.8594604
val,Y1,8.815389,3.870705
val,Y1,8.076472,3.9706893
val,Y1,6.8577776,3.9529238
val,Y1,5.4626527,3.9299192
val,Y1,4.543375,4.5540705
val,Y1,4.5765,4.2845483
val,Y1,5.3633056,4.0165257
val,Y1,6.2986665,4.017589
val,Y1,7.1325417,4.0095716
val,Y1,7.6924167,3.9935126
val,Y1,8.106236,4.13147
val,Y1,8.512806,4.2187705
val,Y1,8.789,4.131794
val,Y1,8.91343,4.1022778
val,Y1,8.796014,3.979435
val,Y1,8.472569,4.034615
val,Y1,7.7364583,4.066317
val,Y1,6.440722,4.575292
val,Y1,5.265347,5.2499337
val,Y1,4.8310556,4.8919787
val,Y1,5.3767223,5.0246844
val,Y1,6.5405693,5.363463
val,Y1,7.5640416,5.039494
val,Y1,8.114417,7.4098287
val,Y1,8.243597,5.823012
val,Y1,8.059472,4.6036463
val,Y1,7.68275,3.723517
val,Y1,7.1094446,3.1673775
val,Y1,6.3679585,3.8022704
val,Y1,5.957903,3.597452
val,Y1,6.1361666,2.9436026
val,Y1,6.7254725,3.402273
val,Y1,7.530958,4.0800977
val,Y1,8.125459,4.038841
val,Y1,7.935639,4.1958103
val,Y1,6.9710555,4.090533
val,Y1,6.0965137,4.0739975
val,Y1,5.788708,4.291137
val,Y1,5.733667,4.342675
val,Y1,5.4884863,4.345072
val,Y1,4.874375,4.41488
val,Y1,4.2233057,4.25411
val,Y1,3.7685277,4.2184157
val,Y1,3.2863612,4.3232956
val,Y1,2.7357361,4.3957324
val,Y1,2.315,4.333177
val,Y1,1.5912361,4.9703746
val,Y1,0.6112361,4.8337407
val,Y1,0.10661111,4.079592
val,Y1,0.2572778,4.3975735
val,Y1,0.65772223,4.7622433
val,Y1,0.7999028,3.9944313
val,Y1,0.8848611,5.1780434
val,Y1,0.80811113,6.9724765
val,Y1,0.3274722,7.052857
val,Y1,0.1324861,5.582194
val,Y1,0.8290833,5.691561
val,Y1,2.1803195,5.163057
val,Y1,3.4994028,5.531153
val,Y1,4.6033335,4.4986496
val,Y1,5.498875,5.31071
val,Y1,5.955333,5.161716
val,Y1,5.7766943,3.5901423
val,Y1,5.384847,4.037481
val,Y1,5.446,4.7083535
val,Y1,6.040292,3.7324653
val,Y1,6.94475,3.6955323
val,Y1,7.681,5.7874427
val,Y1,7.528875,6.3039546
val,Y1,6.7359304,5.506071
val,Y1,6.2495418,7.132696
val,Y1,6.1047363,4.7748466
val,Y1,6.269486,5.693316
val,Y1,6.8700833,4.2684216
val,Y1,7.4885974,4.8849773
val,Y1,7.8158193,7.994675
val,Y1,7.8385415,9.375137
val,Y1,7.5045695,8.435005
val,Y1,6.7773333,9.323098
val,Y1,5.5658474,5.7227654
val,Y1,4.0275555,3.8560436
val,Y1,2.8154721,4.126923
val,Y1,2.2244167,5.4557137
val,Y1,2.1582084,8.744009
val,Y1,2.6561666,6.3042197
val,Y1,3.541278,8.423667
val,Y1,4.596722,8.888831
val,Y1,5.7596664,9.998964
val,Y1,6.9001665,12.550773
val,Y1,7.949111,10.7978325
val,Y1,8.867598,5.136907
val,Y1,9.439458,3.9663138
val,Y1,9.517389,4.7587543
val,Y1,8.881111,4.620511
val,Y1,7.7065973,4.3459635
val,Y1,6.9142637,4.4787316
val,Y1,6.520403,4.8976865
val,Y1,5.6589446,4.21945
val,Y1,4.314653,3.8973253
val,Y1,3.1041112,3.7735455
val,Y1,2.6585834,3.3463173
val,Y1,3.0145278,2.976277
val,Y1,3.8524027,2.0702596
val,Y1,4.7002916,1.9790552
val,Y1,4.9684443,1.9877341
val,Y1,4.681264,2.0046072
val,Y1,4.4977083,2.0234373
val,Y1,5.077833,2.0453944
val,Y1,6.119514,2.1188982
val,Y1,7.145528,2.162238
val,Y1,7.81975,2.092137
val,Y1,8.044319,1.9939647
val,Y1,8.232833,2.0333507
val,Y1,8.333847,2.0447419
val,Y1,7.9862223,2.1003642
val,Y1,7.2809443,2.0245004
val,Y1,6.389,2.0366907
test,A5,0.0,31.72675
test,A5,0.0,31.695818
test,A5,0.0,31.722725
test,A5,0.0,31.932314
test,A5,0.0,31.739716
test,A5,0.0,32.222256
test,A5,0.0,31.900723
test,A5,0.0,31.706816
test,A5,0.0,32.2855
test,A5,0.0,31.75553
test,A5,0.0,31.505125
test,A5,0.0,31.417517
test,A5,0.0,31.639105
test,A5,0.0,31.619932
test,A5,0.0,31.813398
test,A5,0.0,31.99503
test,A5,0.0,31.494333
test,A5,0.0,31.900255
test,A5,0.0,31.520094
test,A5,0.0,31.813147
test,A5,0.0,31.660368
test,A5,0.0,32.075558
test,A5,0.0,31.622295
test,A5,0.0,31.862879
test,A5,0.0,31.901834
test,A5,0.0,31.789892
test,A5,0.0,31.760504
test,A5,0.0,31.663435
test,A5,0.0,31.546598
test,A5,0.0,31.713305
test,A5,0.0,31.946903
test,A5,0.0,30.743196
test,A5,0.0,29.359995
test,A5,0.0,29.700214
test,A5,0.0,28.590624
test,A5,0.0,27.9869
test,A5,0.0,26.752838
test,A5,0.238,25.983187
test,A5,1.41594,25.789005
test,A5,2.31294,32.617115
test,A5,2.311891,30.490057
test,A5,2.4458911,29.093708
test,A5,2.486,28.61235
test,A5,2.074,30.259867
test,A5,1.299,31.409237
test,A5,0.63300496,31.777882
test,A5,0.34700495,31.268402
test,A5,0.156,31.281284
test,A5,0.063,31.135262
test,A5,0.444,29.8151
test,A5,1.106,25.086744
test,A5,1.7860792,23.655064
test,A5,2.2021585,21.748331
test,A5,2.379079,11.091691
test,A5,2.766,6.577333
test,A5,3.695,6.7908096
test,A5,4.362,12.71672
test,A5,4.341,28.760027
test,A5,4.163,31.204916
test,A5,4.322,31.40697
test,A5,4.771,31.642939
test,A5,5.283,31.425196
test,A5,5.731,31.227125
test,A5,5.7920394,31.435251
test,A5,5.9000397,31.573862
test,A5,6.416629,31.68708
test,A5,6.6116285,31.407093
test,A5,6.942,31.601585
test,A5,7.548,31.576118
test,A5,7.739,31.63854
test,A5,7.9329157,31.85389
test,A5,8.094915,30.926493
test,A5,8.145,31.463121
test,A5,8.204,31.615591
test,A5,8.289,31.882814
test,A5,8.434,31.542997
test,A5,8.956,32.145622
test,A5,9.208629,32.531963
test,A5,8.781629,30.950136
test,A5,8.574,29.44879
test,A5,8.807745,29.956726
test,A5,9.073706,30.832024
test,A5,9.175961,31.093508
test,A5,9.053,31.37316
test,A5,9.26,30.759722
test,A5,9.850643,30.948427
test,A5,9.622535,30.753168
test,A5,9.174891,31.540318
test,A5,9.054,31.49439
test,A5,8.78,31.559637
test,A5,8.675,31.84645
test,A5,8.738,31.956436
test,A5,8.796,31.85672
test,A5,9.0,31.847754
test,A5,9.052,31.593851
test,A5,8.878,30.687267
test,A5,8.556,28.872885
test,A5,8.258,30.316324
test,A5,8.261,30.04547
test,A5,8.328,11.448495
test,A5,8.42,13.839541
test,A5,8.388,27.950129
test,A5,8.32746,30.398382
test,A5,8.835461,30.015806
test,A5,9.946,29.656078
test,A5,10.554,30.06436
test,A5,10.55198,29.5972
test,A5,10.61298,30.007772
test,A5,11.173,30.971857
test,A5,12.335,31.1172
test,A5,13.328,31.056952
test,A5,14.271,30.706013
test,A5,16.035,30.584436
test,A5,18.17,30.690321
test,A5,19.866,31.188128
test,A5,20.601,31.186749
test,A5,20.413,31.504429
test,A5,20.611,31.293474
test,A5,21.289,31.227222
test,A5,21.313,31.44752
test,A5,21.027,31.435492
test,A5,20.382,31.584631
test,A5,20.621435,30.859838
test,A5,21.927435,31.51209
test,A5,22.57937,32.142754
test,A5,22.932371,31.160334
test,A5,22.656,31.206736
test,A5,22.298,31.267391
test,A5,22.618,31.69826
test,A5,22.805,31.78387
test,A5,21.879,31.615183
test,A5,20.891,30.479921
test,A5,21.242,30.643757
test,A5,21.467,32.219196
test,A5,21.789,30.99848
test,A5,22.572,30.964869
test,A5,22.902739,31.27733
test,A5,22.856737,31.449621
test,A5,23.106,31.076635
test,A5,23.829,30.969528
test,A5,24.267,31.304415
test,A5,24.838,31.313631
test,A5,25.273,31.093113
test,A5,25.683,32.391937
test,A5,25.6245,31.124395
test,A5,25.6975,31.806957
test,A5,26.964,31.076868
test,A5,27.5,31.345291
test,A5,26.76,30.60271
test,A5,26.416029,31.197687
test,A5,26.52903,31.864988
test,A5,26.064,31.831236
test,A5,25.908,31.519724
test,A5,25.599,31.286482
test,A5,25.624,31.239069
test,A5,25.943,30.993929
test,A5,25.482,31.489553
test,A5,25.604,31.012918
test,A5,25.983,30.872887
test,A5,26.014,30.259415
test,A5,26.157,31.577757
test,A5,26.543,31.055315
test,A5,26.980486,30.647974
test,A5,26.713486,31.339785
test,A5,26.193,31.471315
test,A5,26.007,31.270609
test,A5,25.298,31.041538
test,A5,24.947,31.664469
test,A5,26.132,31.609926
test,A5,26.226946,31.25759
test,A5,25.347944,30.977507
test,A5,25.202108,31.553835
test,A5,25.073109,31.349363
test,A5,25.299,31.460236
test,A5,25.945,32.023758
test,A5,26.374,31.752996
test,A5,26.305,31.202644
test,A5,26.215,30.898888
test,A5,26.245,31.23704
test,A5,26.235,30.83441
test,A5,26.345,30.927225
test,A5,26.252,31.442425
test,A5,26.047,31.28605
test,A5,26.066,30.977879
test,A5,26.01,31.797375
test,A5,25.899,31.65666
test,A5,25.777,31.084585
test,A5,25.826,31.480158
test,A5,26.03,31.048738
test,A5,26.174,31.335896
test,A5,26.058,31.059862
test,A5,25.821,30.836424
test,A5,25.696,30.9333
test,A5,25.678,31.264475
test,A5,25.708,30.989563
test,A5,25.517,31.05432
test,A5,25.47,31.53843
test,A5,25.643,31.568361
test,A5,25.629,31.3738
test,A5,25.729,31.48485
test,A5,25.903,31.36795
test,A5,25.877,31.207346
test,A5,25.802,31.628593
test,A5,25.864,30.87626
test,A5,26.22,31.242697
test,A5,26.463,31.73543
test,A5,26.468,31.290636
test,A5,26.42,31.234495
test,A5,26.354,32.06073
test,A5,26.351,31.661041
test,A5,26.025,31.501293
test,A5,25.675,30.827806
test,A5,25.703,30.920897
test,A5,25.671,31.191679
test,A5,25.795,31.794054
test,A5,26.021,31.200827
test,A5,25.926,31.145973
test,A5,25.761,31.02071
test,A5,25.713,31.384312
test,A5,25.612,31.543953
test,A5,25.285,31.721718
test,A5,24.714,31.507826
test,A5,24.213,31.34418
test,A5,23.96,31.382826
test,A5,23.804,31.52249
test,A5,23.49,30.981947
test,A5,23.087,31.77883
test,A5,22.896,31.776402
test,A5,22.766218,31.456774
test,A5,22.470219,31.591078
test,A5,22.034,31.26724
test,A5,21.425,31.29835
test,A5,20.719,31.689144
test,A5,20.153,31.114443
test,A5,19.884,31.604227
test,A5,19.841,31.196861
test,A5,20.086,30.48276
test,A5,20.507,30.667706
test,A5,20.983,30.822998
test,A5,21.327,30.907352
test,A5,21.274,31.097996
test,A5,21.23,31.66213
test,A5,21.404,31.125608
test,A5,21.472,31.86659
test,A5,21.499,31.133514
test,A5,21.384,31.561571
test,A5,21.294,31.155972
test,A5,21.429,31.482763
test,A5,21.44,31.899418
test,A5,21.514,30.599659
test,A5,21.556,31.211908
test,A5,21.493,31.227547
test,A5,21.474,31.265522
test,A5,21.527,31.244339
test,A5,21.583,31.231647
test,A5,21.488255,31.33585
test,A5,21.304255,31.129835
test,A5,21.342,31.593573
test,A5,21.439,30.794308
test,A5,21.452806,31.856123
test,A5,21.317806,31.702625
test,A5,21.162,31.380432
test,A5,21.339,31.187742
test,A5,21.556,31.287142
test,A5,21.634,30.967749
test,A5,21.599,31.314455
test,A5,21.525,30.788216
test,A5,21.43,31.325687
test,A5,21.546,31.74804
test,A5,21.577,31.293741
test,A5,21.461,31.686848
test,A5,21.535,31.325066
test,A5,21.564,31.641722
test,A5,21.517,31.649143
test,A5,21.51397,30.932945
test,A5,21.52397,31.180119
test,A5,21.38,30.794092
test,A5,21.209,31.357935
test,A5,21.194,31.548056
test,A5,21.352,31.211
test,A5,21.561,31.617744
test,A5,21.717,31.123322
test,A5,21.693172,31.06869
test,A5,21.747173,31.025606
test,A5,21.811,31.317343
test,A5,21.668,32.01046
test,A5,21.444,31.27844
test,A5,21.28,31.118238
test,A5,21.121,32.199448
test,A5,20.759,32.00575
test,A5,20.593,32.015854
test,A5,20.647,31.976648
test,A5,20.509792,31.674662
test,A5,20.155054,31.458412
test,A5,19.786263,31.678104
test,A5,19.863,31.843077
test,A5,19.789,31.06471
test,A5,18.912,31.2759
test,A5,18.904,31.39235
test,A5,19.938,31.203516
test,A5,21.001,31.756983
test,A5,21.865,31.646845
test,A5,22.306,31.869574
test,A5,22.434,31.50192
test,A5,22.296,31.382288
test,A5,22.23,31.932322
test,A5,21.618614,31.280209
test,A5,20.551615,31.882624
test,A5,20.403,32.067608
test,A5,20.823,31.68762
test,A5,21.132,32.07689
test,A5,21.315,31.729448
test,A5,21.385,31.845686
test,A5,21.095,31.480902
test,A5,21.223,31.323536
test,A5,21.951,32.052002
test,A5,22.173,31.97431
test,A5,22.096,31.971449
test,A5,21.723,31.82088
test,A5,21.342,31.739374
test,A5,21.451,31.50424
test,A5,21.785,31.681078
test,A5,21.769,32.160393
test,A5,21.52,32.303394
test,A5,21.401,31.918524
test,A5,21.336,31.661375
test,A5,21.391,31.333532
test,A5,21.407,31.609158
test,A5,21.317,31.716286
test,A5,21.441,31.830923
test,A5,21.619,31.849657
test,A5,21.808,32.32668
test,A5,21.928,31.166548
test,A5,21.461,31.89147
test,A5,21.076,31.714598
test,A5,21.112,31.885818
test,A5,21.068,31.8563
test,A5,21.016,31.489014
test,A5,20.989025,32.032036
test,A5,20.937025,31.546007
test,A5,20.854239,31.64269
test,A5,20.569237,31.53677
test,A5,20.22,32.042538
test,A5,20.14,31.726377
test,A5,20.234,31.582497
test,A5,20.268,31.740839
test,A5,20.186,31.458979
test,A5,20.225,31.9977
test,A5,20.269,31.687063
test,A5,20.117,31.698137
test,A5,19.718,31.851755
test,A5,19.515,32.058422
test,A5,19.4,31.949316
test,A5,19.179,32.45112
test,A5,19.171,32.111885
test,A5,19.137,31.383379
test,A5,19.072,31.38754
test,A5,19.074238,31.587782
test,A5,18.925238,31.72074
test,A5,18.803,31.641256
test,A5,19.108,31.65503
test,A5,19.334,31.655909
test,A5,18.988,31.758759
test,A5,18.684,31.811182
test,A5,18.701,31.328976
test,A5,18.306,32.03746
test,A5,18.039,31.673855
test,A5,18.236,32.133904
test,A5,18.217,31.864828
test,A5,18.132,31.445585
test,A5,18.205,31.81038
test,A5,18.456,31.650738
test,A5,18.84,31.74433
test,A5,19.201,31.389444
test,A5,18.9,30.996859
test,A5,18.285,31.739893
test,A5,18.146,32.20145
test,A5,18.152,31.765932
test,A5,18.139114,32.22284
test,A5,18.043169,32.352077
test,A5,18.042055,31.570604
test,A5,18.259,32.07319
test,A5,18.396,31.203686
test,A5,18.531,31.88814
test,A5,18.763,32.412006
test,A5,18.868946,31.531895
test,A5,18.778946,31.139387
test,A5,18.479,31.82754
test,A5,18.407263,32.481834
test,A5,18.709263,32.036194
test,A5,18.669,31.54051
test,A5,18.255,31.84777
test,A5,18.164,31.443855
test,A5,18.272955,31.263718
test,A5,18.248955,31.221289
test,A5,18.368,31.853682
test,A5,18.927,31.361197
test,A5,19.554916,31.498549
test,A5,19.691916,32.207542
test,A5,19.599,31.879028
test,A5,19.543,32.00393
test,A5,19.284,31.72619
test,A5,19.162,31.540363
test,A5,19.551,31.732819
test,A5,19.742,31.975428
test,A5,19.453,31.60125
test,A5,19.091,31.72027
test,A5,18.905,32.344795
test,A5,19.11,32.14207
test,A5,19.465,31.69789
test,A5,19.446,31.650766
test,A5,19.107,31.550528
test,A5,19.049,31.354902
test,A5,19.243,31.169876
test,A5,19.512,31.784334
test,A5,19.637,31.610138
test,A5,19.584778,31.851616
test,A5,19.807688,31.428942
test,A5,20.073912,32.260494
test,A5,20.123991,31.916273
test,A5,20.13799,31.85002
test,A5,20.313,31.951132
test,A5,20.392,31.726795
test,A5,20.357,31.305117
test,A5,20.361,31.831247
test,A5,20.035,31.541521
test,A5,19.775064,32.072952
test,A5,19.853064,31.778494
test,A5,19.907,32.147568
test,A5,20.168,31.922094
test,A5,20.221321,32.151474
test,A5,20.260323,31.759607
test,A5,20.487415,31.727613
test,A5,20.909416,32.101032
test,A5,21.129,31.976156
test,A5,20.794,31.776335
test,A5,20.346,31.860838
test,A5,20.04,31.726755
test,A5,20.178,31.731035
test,A5,20.205,31.994286
test,A5,20.070639,31.789818
test,A5,20.30864,31.790726
test,A5,20.496,31.687525
test,A5,20.286589,31.803495
test,A5,19.76459,32.441772
test,A5,19.121,32.325592
test,A5,18.940866,31.903746
test,A5,18.933867,31.548288
test,A5,19.077,31.65204
test,A5,19.604,32.179836
test,A5,20.097,31.427279
test,A5,20.614,31.74916
test,A5,21.151,31.759703
test,A5,20.973,31.563847
test,A5,19.602,31.225363
test,A5,18.266,31.577974
test,A5,18.241,31.908226
test,A5,18.949,31.667076
test,A5,19.358925,31.938667
test,A5,19.415926,32.0606
test,A5,19.812,32.32565
test,A5,20.06796,32.37037
test,A5,19.95396,31.81355
test,A5,19.96,31.349905
test,A5,19.646797,31.948933
test,A5,19.194798,31.567396
test,A5,19.205,31.688107
test,A5,19.304,31.64733
test,A5,19.52448,31.99513
test,A5,19.39748,31.874403
test,A5,19.158955,32.09974
test,A5,19.263956,31.6448
test,A5,19.244,31.651615
test,A5,19.363,31.680666
test,A5,19.322,31.804972
test,A5,19.258,31.404287
test,A5,19.135,32.084534
test,A5,18.804,31.641626
test,A5,18.686,31.137556
test,A5,18.772,31.267424
test,A5,19.078,31.667864
test,A5,19.313,31.737944
test,A5,19.265,31.23282
test,A5,19.209,31.607714
test,A5,19.045,31.761782
test,A5,19.190456,31.785233
test,A5,19.909456,31.84328
test,A5,20.575312,32.19443
test,A5,21.05231,31.932186
test,A5,21.307,31.787554
test,A5,21.961,31.63672
test,A5,22.847,31.848257
test,A5,22.62,31.431421
test,A5,21.886658,31.774675
test,A5,21.22066,30.982832
test,A5,20.338,31.410028
test,A5,20.285,31.577738
test,A5,20.388737,31.057467
test,A5,19.944738,31.692316
test,A5,20.119104,31.576097
test,A5,20.498104,31.326603
test,A5,20.562,31.50019
test,A5,20.978,31.98651
test,A5,21.825396,31.75122
test,A5,21.615396,32.105103
test,A5,20.494,32.00979
test,A5,20.604,31.429605
test,A5,21.615,32.017265
test,A5,22.364,31.789515
test,A5,23.01,31.569895
test,A5,23.514,31.699442
test,A5,23.34212,31.772036
test,A5,22.903118,31.973043
test,A5,22.829,31.522203
test,A5,22.566925,31.985266
test,A5,22.252926,31.963964
test,A5,22.326,31.77471
test,A5,22.74,31.889427
test,A5,23.141,30.973747
test,A5,23.268,31.712917
test,A5,23.089,32.18012
test,A5,23.008,31.978659
test,A5,23.27,32.16739
test,A5,23.718,31.553837
test,A5,24.083,32.114586
test,A5,24.021,31.982857
test,A5,23.467,32.24926
test,A5,23.0815,32.069572
test,A5,23.0525,32.21125
test,A5,22.964,31.383749
test,A5,23.081663,31.674265
test,A5,22.902664,32.51488
test,A5,22.448,32.01893
test,A5,22.419,31.855717
test,A5,22.79205,31.19948
test,A5,23.06005,31.667665
test,A5,23.235,32.061676
test,A5,23.204,31.744202
test,A5,22.83,31.364141
test,A5,22.85,31.539427
test,A5,23.103,31.945242
test,A5,23.165,32.154655
test,A5,23.237783,31.470089
test,A5,23.386784,31.874321
test,A5,23.412,31.591257
test,A5,23.229,31.83977
test,A5,23.275312,31.615343
test,A5,23.660124,31.420618
test,A5,23.702812,32.56948
test,A5,23.495,31.536346
test,A5,23.549683,31.449003
test,A5,23.410683,32.305973
test,A5,23.313,31.727346
test,A5,23.519,31.48599
test,A5,23.399,31.898531
test,A5,23.369,32.157143
test,A5,23.524,31.466873
test,A5,23.654,31.614492
test,A5,23.843,32.00998
test,A5,23.739,31.90212
test,A5,23.834,32.00202
test,A5,24.194,31.726831
test,A5,24.394,31.578726
test,A5,24.49,31.98309
test,A5,24.46,31.652102
test,A5,24.297,32.352776
test,A5,24.152,31.836134
test,A5,24.287,31.379297
test,A5,24.362,31.774477
test,A5,24.233,31.696701
test,A5,24.245,31.71709
test,A5,24.252,31.830286
test,A5,24.276,32.023567
test,A5,24.25,31.917242
test,A5,24.24,31.764252
test,A5,24.344,32.317013
test,A5,24.216,31.516802
test,A5,23.882,31.426472
test,A5,23.476,31.806025
test,A5,23.058,31.929035
test,A5,22.89,31.65177
test,A5,22.941,31.59253
test,A5,23.194,31.84691
test,A5,23.396109,31.361792
test,A5,23.46111,30.856234
test,A5,23.674,31.16963
test,A5,23.935,31.371725
test,A5,24.274,31.608332
test,A5,24.625,31.365507
test,A5,24.715,31.750452
test,A5,24.453,31.562567
test,A5,24.218,31.577211
test,A5,24.38,31.872114
test,A5,24.806,31.882475
test,A5,24.66,32.351265
test,A5,24.273,31.856123
test,A5,24.167,31.709152
test,A5,24.155,31.636755
test,A5,23.964,31.85896
test,A5,23.406,31.889622
test,A5,22.97,32.16188
test,A5,23.153,31.880714
test,A5,23.659683,31.482052
test,A5,24.085684,31.982712
test,A5,24.261,32.027725
test,A5,24.135,32.07186
test,A5,23.711,32.11675
test,A5,23.528,31.758657
test,A5,23.782,31.37978
test,A5,23.519833,31.583591
test,A5,23.169832,32.105198
test,A5,23.666,31.704159
test,A5,24.289,31.96425
test,A5,24.523,31.720238
test,A5,24.190712,31.488754
test,A5,24.585712,31.574324
test,A5,26.26,32.015125
test,A5,26.124,31.557852
test,A5,25.377113,32.51152
test,A5,25.501114,32.203964
test,A5,25.278381,32.25901
test,A5,24.64738,31.751585
test,A5,24.174816,31.606173
test,A5,24.407816,32.02457
test,A5,24.765,32.172546
test,A5,24.651,32.44475
test,A5,24.451,31.743662
test,A5,24.483,32.07943
test,A5,24.369,31.849041
test,A5,24.492,31.795702
test,A5,24.881,32.290905
test,A5,25.409273,31.776655
test,A5,25.512272,32.025944
test,A5,25.128,31.740223
test,A5,24.653,31.96276
test,A5,24.199,32.011368
test,A5,24.1,31.89683
test,A5,24.11197,31.658699
test,A5,24.06397,32.237015
test,A5,24.006,31.602758
test,A5,24.046,32.00432
test,A5,24.105,32.009926
test,A5,24.075,31.485361
test,A5,24.043,32.01303
test,A5,24.138,32.158287
test,A5,24.332,32.41767
test,A5,23.972,31.779184
test,A5,23.442,32.155495
test,A5,23.375,31.97849
test,A5,23.46,32.18194
test,A5,23.772,32.150036
test,A5,24.054,31.927069
test,A5,24.374,31.42106
test,A5,24.43786,31.522032
test,A5,24.268862,31.739939
test,A5,24.099,31.59322
test,A5,23.999317,31.473866
test,A5,23.568317,31.222143
test,A5,23.18,31.838823
test,A5,23.841,31.759966
test,A5,24.416,32.245758
test,A5,24.91183,31.960749
test,A5,25.475832,31.950132
test,A5,25.684,32.418705
test,A5,25.923,32.287743
test,A5,25.763,31.833838
test,A5,25.454,31.809477
test,A5,25.753,31.695145
test,A5,25.958,31.970621
test,A5,25.748,31.935324
test,A5,25.664,31.550728
test,A5,25.696138,31.992174
test,A5,25.783138,32.125206
test,A5,25.858,31.960579
test,A5,25.775,31.916344
test,A5,25.707,31.504734
test,A5,25.659,32.006023
test,A5,25.62,32.047997
test,A5,25.755,31.991636
test,A5,25.853,32.409058
test,A5,25.674,32.02587
test,A5,25.715,32.063248
test,A5,26.098,31.561846
test,A5,26.259005,32.24241
test,A5,26.057005,31.677643
test,A5,25.319,32.323692
test,A5,24.893272,31.503471
test,A5,24.773272,32.461094
test,A5,24.313223,31.809252
test,A5,24.312223,31.020483
test,A5,24.522,31.434048
test,A5,24.65,32.385647
test,A5,24.838,32.27136
test,A5,24.948,31.637205
test,A5,24.92,31.55782
test,A5,24.791811,32.065727
test,A5,24.639812,31.399342
test,A5,24.84,31.868357
test,A5,24.926,31.42228
test,A5,24.619745,31.909866
test,A5,24.629745,31.6023
test,A5,24.847,31.570215
test,A5,24.93,32.622276
test,A5,25.199,32.085793
test,A5,25.761,31.455692
test,A5,26.499,31.86159
test,A5,27.196,32.544518
test,A5,27.6,31.820183
test,A5,27.742,31.589754
test,A5,26.76,32.358326
test,A5,25.591753,32.24548
test,A5,25.225752,31.953535
test,A5,25.218,32.334045
test,A5,25.428,31.739347
test,A5,25.458,31.56775
test,A5,25.236,31.722612
test,A5,25.043,31.733349
test,A5,25.31,31.866882
test,A5,26.105,31.887741
test,A5,26.386238,31.761904
test,A5,25.955238,31.575113
test,A5,25.777,32.26728
test,A5,25.575,32.12618
test,A5,25.415,31.644
test,A5,25.562,32.128883
test,A5,25.465,32.337414
test,A5,25.267,31.185293
test,A5,25.16,31.093565
test,A5,25.057,31.43246
test,A5,25.34,31.44578
test,A5,26.032,32.12382
test,A5,26.69,31.467426
test,A5,26.808,31.126192
test,A5,26.344,31.67243
test,A5,25.585,31.791086
test,A5,24.485,31.530441
test,A5,23.505362,31.340214
test,A5,23.403362,31.59613
test,A5,23.274,32.175858
test,A5,23.186,31.57197
test,A5,23.696,31.7727
test,A5,24.73,31.827833
test,A5,25.537,31.805971
test,A5,25.49,31.919872
test,A5,25.925,31.479383
test,A5,26.102,31.26271
test,A5,25.217,32.552193
test,A5,25.106,30.810478
test,A5,25.969,31.865637
test,A5,26.406,31.258978
test,A5,25.803,31.483477
test,A5,25.332,31.477882
test,A5,25.608,31.388844
test,A5,26.196,31.840307
test,A5,26.29,31.73815
test,A5,25.406,30.792442
test,A5,25.36,31.144659
test,A5,25.772,31.319025
test,A5,24.905605,31.460697
test,A5,22.852606,31.53274
test,A5,21.738,31.257662
test,A5,22.525,31.032915
test,A5,23.874,31.366854
test,A5,24.657,30.905409
test,A5,24.953,32.112206
test,A5,24.223,31.912891
test,A5,23.617237,32.121544
test,A5,24.005238,32.31677
test,A5,21.851,31.639315
test,A5,20.547,31.607529
test,A5,23.446,31.637331
test,A5,27.153,31.742601
test,A5,29.854,31.870577
test,A5,30.283,31.60351
test,A5,28.377,31.439426
test,A5,27.377,31.421114
test,A5,27.87,30.999224
test,A5,27.828135,31.647833
test,A5,26.601614,31.634287
test,A5,25.164505,31.785975
test,A5,24.834024,31.179201
test,A5,25.119,31.046036
test,A5,24.937,31.353497
test,A5,23.774372,31.65675
test,A5,22.556372,32.20572
test,A5,22.423,31.123453
test,A5,22.788,31.539476
test,A5,22.608,31.733301
test,A5,22.323,31.479868
test,A5,22.5,31.591234
test,A5,23.304,30.790033
test,A5,23.909,32.501003
test,A5,24.054,32.24475
test,A5,24.178,30.623304
test,A5,24.21,31.463366
test,A5,24.175,31.542418
test,A5,23.928398,31.695536
test,A5,23.515398,32.140907
test,A5,23.598,32.089466
test,A5,23.653,31.86778
test,A5,23.531,30.658873
test,A5,23.692,31.333305
test,A5,24.003,31.313297
test,A5,24.358,31.69766
test,A5,24.470936,31.79162
test,A5,24.552862,31.485666
test,A5,24.563925,31.557161
test,A5,24.697882,31.142271
test,A5,24.937881,31.290121
test,A5,25.006,31.512964
test,A5,25.217,31.824583
test,A5,25.472,32.128883
test,A5,25.36185,31.427114
test,A5,25.192852,32.058655
test,A5,25.627,32.3432
test,A5,26.413,31.091795
test,A5,26.574,31.252798
test,A5,26.228,31.880278
test,A5,25.977,32.422356
test,A5,25.928,31.901033
test,A5,25.717,32.324715
test,A5,25.455,31.91672
test,A5,25.443,31.746939
test,A5,25.624,31.028728
test,A5,25.934,31.812887
test,A5,26.026,32.232246
test,A5,25.82,32.17274
test,A5,25.757,31.32045
test,A5,25.985,31.94705
test,A5,25.682,31.209654
test,A5,24.299,31.324833
test,A5,23.796,31.32699
test,A5,24.652817,31.98515
test,A5,25.348816,31.531172
test,A5,26.172,30.877176
test,A5,26.797,31.586817
test,A5,26.551,31.478567
test,A5,26.291,31.886045
test,A5,26.427,31.647945
test,A5,26.334,31.811926
test,A5,26.057,31.646198
test,A5,25.908,32.074253
test,A5,25.839,31.539104
test,A5,25.876,31.613737
test,A5,26.04016,31.213835
test,A5,26.031158,31.825947
test,A5,25.996,31.870853
test,A5,25.926,31.790659
test,A5,25.626,32.641056
test,A5,25.659,32.09799
test,A5,25.893,31.345682
test,A5,26.081,31.633192
test,A5,26.29962,32.193787
test,A5,26.62962,32.177685
test,A5,26.592,31.040361
test,A5,25.804,31.82559
test,A5,25.192719,32.136375
test,A5,25.209263,32.108883
test,A5,24.828545,32.587326
test,A5,23.575,31.855587
test,A5,22.454,31.506987
test,A5,22.776,31.606966
test,A5,23.592,31.713955
test,A5,24.443,31.717005
test,A5,25.634,31.499783
test,A5,26.733,31.327606
test,A5,27.552,31.401838
test,A5,27.117,31.533825
test,A5,26.475603,31.502813
test,A5,26.056604,31.003912
test,A5,25.378218,31.290363
test,A5,24.808218,31.310308
test,A5,24.136,31.24257
test,A5,23.705,31.386805
test,A5,23.742,30.90484
test,A5,24.295,31.886194
test,A5,25.018974,31.245073
test,A5,25.243975,32.049988
test,A5,25.08599,30.9111
test,A5,24.93399,31.864794
test,A5,24.865,31.87188
test,A5,24.557,31.3594
test,A5,23.201,31.478659
test,A5,22.708,31.380964
test,A5,24.294,31.821186
test,A5,25.589,31.014956
test,A5,26.031,31.601019
test,A5,25.754,31.809385
test,A5,25.103,32.124737
test,A5,24.549,32.289383
test,A5,23.669407,31.403538
test,A5,23.658405,32.17416
test,A5,24.515,31.794582
test,A5,24.572,31.750109
test,A5,24.546,31.693705
test,A5,24.863,31.888632
test,A5,25.037,31.861479
test,A5,24.733,32.070732
test,A5,24.04997,31.633688
test,A5,23.798971,31.755175
test,A5,24.069153,31.590332
test,A5,24.375153,31.81553
test,A5,24.312,32.1466
test,A5,23.909,31.139761
test,A5,24.041,31.527605
test,A5,24.557,32.019684
test,A5,25.13,32.284634
test,A5,25.304,31.516752
test,A5,25.357004,31.191082
test,A5,25.698006,31.76541
test,A5,25.862,31.786226
test,A5,25.941,31.445292
test,A5,25.686,31.98262
test,A5,25.463,31.801134
test,A5,25.561,31.608034
test,A5,25.722,31.85816
test,A5,25.613,31.87498
test,A5,25.594,31.862593
test,A5,25.79,31.708923
test,A5,25.795,31.686743
test,A5,25.825,31.899733
test,A5,25.88,31.964363
test,A5,25.936,31.255415
test,A5,25.9,31.89122
test,A5,25.79,31.68784
test,A5,25.589,31.910192
test,A5,25.189,32.12828
test,A5,24.896,31.398687
test,A5,25.027,32.006325
test,A5,25.444,31.868032
test,A5,25.798227,31.839535
test,A5,26.134336,31.417065
test,A5,26.16511,31.579296
test,A5,25.897,31.45461
test,A5,25.871,31.349314
test,A5,25.87,31.442976
test,A5,25.79,31.573547
test,A5,25.933,32.257397
test,A5,26.176277,31.771814
test,A5,26.162277,32.16028
test,A5,26.262674,31.36634
test,A5,26.402676,31.883911
test,A5,26.958,32.166317
test,A5,27.827,31.857897
test,A5,28.129,32.184456
test,A5,28.241,32.044807
test,A5,27.188679,31.598303
test,A5,25.969679,31.421457
test,A5,26.343,32.15112
test,A5,26.886,31.608212
test,A5,25.514,31.840754
test,A5,23.509,31.397463
test,A5,22.866,31.761642
test,A5,23.353,31.145641
test,A5,24.139,31.794
test,A5,24.738,32.221596
test,A5,25.04339,31.827065
test,A5,25.453796,32.033737
test,A5,26.577406,31.966959
test,A5,28.046,31.70496
test,A5,28.492,31.654333
test,A5,27.544,31.418022
test,A5,26.531,31.813227
test,A5,26.297,31.598652
test,A5,26.406,32.163837
test,A5,26.119,32.708244
test,A5,25.933,32.252373
test,A5,26.012995,31.889381
test,A5,26.047995,31.508823
test,A5,26.035,31.770048
test,A5,25.952,31.760313
test,A5,26.051,31.794474
test,A5,26.057,31.911589
test,A5,25.353,32.81606
test,A5,24.235,32.13381
test,A5,23.59,31.839231
test,A5,24.29,31.656075
test,A5,25.30405,32.030323
test,A5,25.54605,31.989613
test,A5,25.659,32.298214
test,A5,25.708,32.449013
test,A5,25.822,32.0695
test,A5,26.071,31.911625
test,A5,26.016,31.327337
test,A5,25.771,32.040546
test,A5,25.764,32.078445
test,A5,25.843,31.695211
test,A5,25.744,31.41593
test,A5,26.032,32.113186
test,A5,26.177,32.336277
test,A5,25.168,31.832985
test,A5,24.938,31.580187
test,A5,26.003,31.840233
test,A5,26.435,31.958529
test,A5,26.279,32.228848
test,A5,25.878,32.263023
test,A5,25.509,32.21175
test,A5,25.678,32.376854
test,A5,26.072886,32.3474
test,A5,26.049885,31.589579
test,A5,25.368,31.378897
test,A5,24.247,31.587025
test,A5,23.389,31.70471
test,A5,24.013,31.750917
test,A5,25.732,31.698908
test,A5,27.399,31.783716
test,A5,27.325941,31.544798
test,A5,26.335941,31.570528
test,A5,25.916307,32.50193
test,A5,25.424633,32.07036
test,A5,25.489326,31.566214
test,A5,25.718,31.7954
test,A5,25.912,31.55381
test,A5,26.177,31.752075
test,A5,26.216,31.572012
test,A5,26.077,32.399734
test,A5,25.967,31.71401
test,A5,25.88,32.304977
test,A5,25.787233,31.637753
test,A5,25.580372,32.07352
test,A5,25.374138,32.350296
test,A5,25.757,31.433847
test,A5,25.61,31.385899
test,A5,24.937,31.826366
test,A5,25.102,32.523506
test,A5,25.386,32.452766
test,A5,25.644,31.423502
test,A5,25.691,31.22485
test,A5,25.386,31.751148
test,A5,25.605,31.73717
test,A5,25.521,31.829645
test,A5,24.945,31.658834
test,A5,25.031,32.238075
test,A5,25.512604,30.929434
test,A5,26.128605,31.87846
test,A5,26.387,31.865667
test,A5,26.374,32.077576
test,A5,26.54,31.481443
test,A5,26.591,32.047607
test,A5,26.56,31.738134
test,A5,26.221,31.3691
test,A5,26.061,31.422647
test,A5,25.994,31.44377
test,A5,25.788,31.979256
test,A5,25.786,31.800123
test,A5,25.803,31.15879
test,A5,25.794,31.77534
test,A5,25.934,31.85489
test,A5,26.256,32.254925
test,A5,26.509,31.348013
test,A5,26.498,31.298813
test,A5,26.703,31.605787
test,A5,27.085,32.00055
test,A5,27.368,32.03651
test,A5,26.88,31.505747
test,A5,26.182,31.537592
test,A5,26.302,30.973938
test,A5,26.376,31.653555
test,A5,26.043,32.706554
test,A5,25.497,30.990837
test,A5,25.175,32.13222
test,A5,25.126,32.123158
test,A5,25.093,32.001957
test,A5,25.178,31.898237
test,A5,25.481,31.46844
test,A5,25.424,31.542162
test,A5,24.824,32.100475
test,A5,24.00154,31.55269
test,A5,23.90454,32.42041
test,A5,24.122,31.91308
test,A5,24.08,31.44611
test,A5,24.16,31.857527
test,A5,24.029,31.229925
test,A5,24.216,31.534634
test,A5,24.566,30.880762
test,A5,24.931,31.11995
test,A5,25.371,31.711992
test,A5,25.513004,31.943407
test,A5,25.527004,31.074953
test,A5,25.614,31.610914
test,A5,25.56589,32.03337
test,A5,25.34789,32.049717
test,A5,25.199,31.554289
test,A5,25.308,31.468504
test,A5,25.456,31.421753
test,A5,25.481,31.419409
test,A5,25.131,31.724026
test,A5,24.327,31.75627
test,A5,24.286,31.892946
test,A5,24.641,31.934694
test,A5,25.156,31.527275
test,A5,26.267,31.756231
test,A5,27.209,31.447426
test,A5,27.93912,31.23991
test,A5,27.660118,31.618565
test,A5,27.196,31.640474
test,A5,26.643639,31.85388
test,A5,25.428638,31.762682
test,A5,25.191,31.524296
test,A5,25.97,32.268593
test,A5,25.957,31.898237
test,A5,25.781,31.92914
test,A5,26.17,31.686941
test,A5,25.784,32.263214
test,A5,25.501,31.43947
test,A5,25.767,31.258696
test,A5,25.856,31.750154
test,A5,25.861,32.6119
test,A5,25.86,31.757273
test,A5,25.835,31.876034
test,A5,25.814,32.188316
test,A5,25.828,31.734003
test,A5,25.842,31.73395
test,A5,25.55001,32.37342
test,A5,25.35201,31.32103
test,A5,25.626,31.712835
test,A5,26.116,31.31269
test,A5,26.387,32.410492
test,A5,26.275,31.544977
test,A5,25.597,31.971548
test,A5,25.134,31.231369
test,A5,25.111,31.469542
test,A5,24.896,31.411959
test,A5,25.024,31.609926
test,A5,25.172,31.589733
test,A5,24.955,31.187677
test,A5,24.488,31.80734
test,A5,24.45,31.82916
test,A5,25.183,31.951904
test,A5,25.705,31.451761
test,A5,25.595,31.35036
test,A5,25.163,31.4298
test,A5,24.593,31.676954
test,A5,24.717,31.86394
test,A5,24.584,31.67465
test,A5,24.591,31.416996
test,A5,25.05,31.024393
test,A5,25.775,31.259651
test,A5,27.297,32.10937
test,A5,27.866,31.879927
test,A5,27.856,31.980425
test,A5,27.716,31.497704
test,A5,27.323,31.35812
test,A5,27.139673,31.753557
test,A5,27.534674,31.819944
test,A5,28.482698,31.911259
test,A5,28.626968,31.075148
test,A5,27.79327,31.882484
test,A5,27.638,31.789324
test,A5,26.833,31.985655
test,A5,25.652,31.417873
test,A5,25.346,31.341454
test,A5,25.471,31.942598
test,A5,26.202,31.20791
test,A5,26.116966,31.835085
test,A5,25.717966,31.201366
test,A5,25.974,31.282574
test,A5,26.237,31.663704
test,A5,26.56848,32.232735
test,A5,26.37248,31.851978
test,A5,25.867,31.776373
test,A5,25.906,31.924906
test,A5,25.663,31.629313
test,A5,25.442,31.378517
test,A5,25.288,31.649206
test,A5,25.129658,31.654398
test,A5,24.723658,31.424854
test,A5,24.347,31.585035
test,A5,24.944,31.762602
test,A5,25.373,31.46388
test,A5,24.655,31.668776
test,A5,24.642,31.302675
test,A5,25.433,31.87443
test,A5,25.665,31.942122
test,A5,25.988,30.972418
test,A5,26.337,31.05842
test,A5,26.329,31.614742
test,A5,25.889,32.24369
test,A5,25.301,32.482273
test,A5,25.186,31.76261
test,A5,25.469,31.520807
test,A5,25.689213,31.607567
test,A5,25.937212,32.025948
test,A5,25.802748,31.720827
test,A5,25.293747,31.579405
test,A5,24.782,32.244797
test,A5,24.24,31.698883
test,A5,23.73,32.104446
test,A5,23.259,31.756887
test,A5,22.214,31.98911
test,A5,20.942,32.323963
test,A5,20.229,32.451756
test,A5,19.585,32.362114
test,A5,18.813,31.868946
test,A5,18.256,31.670942
test,A5,17.926,32.254566
test,A5,16.757,32.176304
test,A5,15.422,31.540045
test,A5,15.043,31.799152
test,A5,14.79,31.826824
test,A5,14.494,32.198822
test,A5,14.261,31.920832
test,A5,13.66,31.947115
test,A5,12.412,32.829998
test,A5,11.157,32.78112
test,A5,10.239,32.34147
test,A5,9.444,32.89494
test,A5,9.186,32.544502
test,A5,8.836,32.30179
test,A5,8.222,31.937063
test,A5,7.78,31.865383
test,A5,7.117,31.96298
test,A5,6.466,32.11136
test,A5,6.027,32.12194
test,A5,5.305,32.25475
test,A5,4.264,32.376427
test,A5,3.78,32.39105
test,A5,3.467,32.19016
test,A5,1.8678317,31.47675
test,A5,0.4458317,31.54886
test,A5,0.31,31.62958
test,A5,0.279,31.53586
test,A5,0.124,31.719091
test,A5,0.031,31.17361
test,A5,0.27,31.144575
test,A5,0.728,30.682356
test,A5,0.699,30.602648
test,A5,0.927,30.872252
test,A5,2.501,31.16781
test,A5,4.010371,30.52548
test,A5,4.9943714,31.489065
test,A5,5.643,31.74026
test,A5,5.628,31.550875
test,A5,5.374,31.533094
test,A5,5.037,32.05524
test,A5,4.698,31.842508
test,A5,4.483,31.841415
test,A5,4.386,31.619562
test,A5,4.434,31.496511
test,A5,4.39,31.628641
test,A5,4.106,31.622099
test,A5,3.929,31.342237
test,A5,3.922995,31.610975
test,A5,3.913995,31.230606
test,A5,3.913,31.42516
test,A5,3.928,31.700258
test,A5,3.912,32.160683
test,A5,3.795,31.722029
test,A5,3.783,31.475792
test,A5,3.786,31.22275
test,A5,3.62,32.07718
test,A5,3.381,31.91538
test,A5,3.26,31.746532
test,A5,3.452,31.96017
test,A5,3.672,31.506475
test,A5,3.779,31.542274
test,A5,4.066,31.691225
test,A5,4.1826186,31.466322
test,A5,3.7736187,31.463854
test,A5,3.538,31.64746
test,A5,3.5780792,31.606695
test,A5,3.5760791,31.624842
test,A5,3.357,31.887156
test,A5,2.977,31.616947
test,A5,2.782,31.749725
test,A5,2.768,33.489998
test,A5,2.786,31.262875
test,A5,2.887,31.638233
test,A5,2.893,31.96692
test,A5,3.066,31.925669
test,A5,3.556,31.7358
test,A5,3.952,31.604591
test,A5,4.142,31.511755
test,A5,4.034,31.650782
test,A5,3.88,31.843714
test,A5,3.862,32.030968
test,A5,3.994,31.764057
test,A5,4.189,31.55491
test,A5,4.2450743,31.51146
test,A5,4.1830745,31.475187
test,A5,4.244,32.133896
test,A5,4.165,31.945686
test,A5,4.033,31.80661
test,A5,4.048,31.665382
test,A5,3.931,32.10636
test,A5,3.735,31.854406
test,A5,3.708297,31.891314
test,A5,3.595297,31.675344
test,A5,3.629,31.134645
test,A5,3.887,31.70064
test,A5,4.135,31.683123
test,A5,4.551703,31.023436
test,A5,5.135703,31.160448
test,A5,6.125,31.574423
test,A5,7.047,31.458181
test,A5,7.509,31.926107
test,A5,7.751,31.94135
test,A5,7.938,32.074417
test,A5,8.41,31.647339
test,A5,8.986,31.45926
test,A5,8.984,31.28573
test,A5,8.74,31.478329
test,A5,9.039,31.934967
test,A5,10.117,31.989038
test,A5,10.962,31.557968
test,A5,11.144,31.884954
test,A5,11.324,32.367558
test,A5,11.519,31.566578
test,A5,11.59402,31.435663
test,A5,11.60502,31.763443
test,A5,11.694,31.864132
test,A5,11.863,31.376223
test,A5,12.106,31.676111
test,A5,12.239,32.28077
test,A5,12.276,32.293713
test,A5,12.282,32.469257
test,A5,12.293,31.666052
test,A5,12.278,31.887314
test,A5,12.162,31.760292
test,A5,12.150935,31.518373
test,A5,12.255936,31.80337
test,A5,12.306,32.162376
test,A5,12.143074,31.770327
test,A5,12.034074,31.806818
test,A5,12.002,32.163727
test,A5,11.877,31.815287
test,A5,11.837,31.779806
test,A5,11.894,31.740673
test,A5,11.957153,31.688032
test,A5,12.0731535,31.6499
test,A5,12.072,31.793737
test,A5,11.931,31.545782
test,A5,11.887,31.861326
test,A5,11.903,32.07017
test,A5,12.181851,32.12129
test,A5,12.571852,31.632296
test,A5,12.771094,31.279867
test,A5,12.966094,31.843266
test,A5,13.303,32.118896
test,A5,13.517,31.701292
test,A5,13.523,31.7186
test,A5,13.498,32.266758
test,A5,13.416,32.256348
test,A5,13.398,31.775742
test,A5,13.601,31.064745
test,A5,13.814,31.2965
test,A5,13.818139,31.336191
test,A5,13.685139,32.105175
test,A5,13.736,31.645996
test,A5,14.037,31.969442
test,A5,14.082,32.413136
test,A5,14.033,32.255753
test,A5,14.232,31.545698
test,A5,14.393,32.18866
test,A5,14.699163,32.19856
test,A5,15.177163,31.214684
test,A5,15.625144,31.998642
test,A5,15.778253,31.772303
test,A5,15.750109,31.456665
test,A5,15.782,32.103676
test,A5,15.822,32.007877
test,A5,15.329,32.30917
test,A5,14.837,31.655817
test,A5,15.209,31.78893
test,A5,15.612,31.810492
test,A5,15.958,32.377625
test,A5,16.309,32.277645
test,A5,16.544,32.95711
test,A5,16.919,32.221375
test,A5,17.177135,31.840254
test,A5,17.237135,32.371475
test,A5,17.149,31.674507
test,A5,17.376,31.250383
test,A5,17.925,31.011957
test,A5,17.998,32.20221
test,A5,17.967,32.327293
test,A5,18.289694,32.777054
test,A5,18.308693,32.003162
test,A5,18.271475,30.856068
test,A5,18.912476,31.363249
test,A5,19.434,31.54638
test,A5,19.305,31.950954
test,A5,18.965,31.750246
test,A5,19.111,32.106247
test,A5,19.816887,31.416115
test,A5,20.242886,31.598497
test,A5,20.08,31.594328
test,A5,20.606,31.07954
test,A5,21.442,31.883493
test,A5,21.953,31.784971
test,A5,22.413118,32.234306
test,A5,21.986149,32.177494
test,A5,22.46403,30.763208
test,A5,24.227673,31.511782
test,A5,24.697495,31.499426
test,A5,24.258821,32.403347
test,A5,24.131,32.05493
test,A5,24.006,32.095478
test,A5,23.489,31.320704
test,A5,23.195,32.483532
test,A5,23.213,31.552277
test,A5,22.486,31.821423
test,A5,21.09,31.924662
test,A5,20.862,31.515306
test,A5,22.126,31.658781
test,A5,23.21,31.872683
test,A5,23.436,31.700533
test,A5,23.411,32.06759
test,A5,23.814,32.7173
test,A5,25.145,31.761892
test,A5,26.055,30.957792
test,A5,26.418,31.29076
test,A5,27.096,31.619837
test,A5,27.173054,31.66263
test,A5,27.149054,31.445723
test,A5,27.424,32.190315
test,A5,27.055,32.36834
test,A5,26.536,31.440485
test,A5,26.352,32.347908
test,A5,25.854925,32.339264
test,A5,25.443926,31.370993
test,A5,24.803,32.091396
test,A5,24.897436,31.777803
test,A5,25.993484,32.73687
test,A5,26.41664,32.81385
test,A5,25.994589,32.080204
test,A5,25.517,31.5963
test,A5,25.686,31.904482
test,A5,25.665,31.725348
test,A5,25.611,32.045864
test,A5,25.756,32.11183
test,A5,25.651,31.99733
test,A5,25.882,31.866228
test,A5,25.887281,32.767017
test,A5,25.482283,32.078808
test,A5,25.429,31.769138
test,A5,24.894678,31.649511
test,A5,23.802618,32.28591
test,A5,22.63494,32.292126
test,A5,22.359564,32.337143
test,A5,24.089565,32.58049
test,A5,25.507,32.01947
test,A5,25.881,32.494884
test,A5,26.404,32.120586
test,A5,26.867,31.962559
test,A5,27.173,31.662596
test,A5,27.423,32.21756
test,A5,27.94,31.68355
test,A5,28.241,31.34298
test,A5,27.211,31.187609
test,A5,26.262,31.665663
test,A5,26.145,31.952845
test,A5,25.775,31.921041
test,A5,25.333,32.147118
test,A5,25.382996,31.705465
test,A5,25.591995,31.69845
test,A5,25.489,31.426416
test,A5,25.468,31.649195
test,A5,25.541,31.910477
test,A5,25.402,31.55632
test,A5,25.095,31.690214
test,A5,24.84998,31.70536
test,A5,24.83198,32.13433
test,A5,25.255,31.170057
test,A5,25.668,30.58974
test,A5,25.841,31.320532
test,A5,26.047,31.014784
test,A5,26.255,31.409819
test,A5,26.456,31.787905
test,A5,26.665,31.622055
test,A5,26.855,31.585266
test,A5,26.943,31.2366
test,A5,27.197,31.715036
test,A5,27.439,31.405209
test,A5,27.329,31.14404
test,A5,26.902,31.627293
test,A5,26.534866,31.622879
test,A5,26.467867,31.677336
test,A5,26.779,31.519169
test,A5,26.786,31.867281
test,A5,26.524,31.42972
test,A5,26.542,31.723665
test,A5,26.313,31.59825
test,A5,25.97,31.506838
test,A5,25.838,31.514765
test,A5,25.846,31.597466
test,A5,25.688,31.845657
test,A5,25.389912,33.392666
test,A5,25.186836,31.998808
test,A5,25.246925,31.27161
test,A5,25.605,32.167725
test,A5,25.901014,31.33152
test,A5,26.014015,31.178444
test,A5,26.258,31.754347
test,A5,26.448,31.884222
test,A5,26.386,31.650301
test,A5,26.05066,31.129248
test,A5,25.455658,31.915339
test,A5,25.053,32.152576
test,A5,25.512777,32.43943
test,A5,26.320778,32.318893
test,A5,26.714,32.1901
test,A5,25.712,32.22858
test,A5,24.107,31.796103
test,A5,24.367,32.132828
test,A5,25.814,32.20886
test,A5,26.65407,32.05253
test,A5,26.747068,30.948074
test,A5,26.351,31.086481
test,A5,26.122,31.901669
test,A5,26.202,31.912184
test,A5,26.085,31.489132
test,A5,26.109,31.691381
test,A5,26.341,32.361794
test,A5,26.61,31.799107
test,A5,26.82,31.38664
test,A5,26.96807,31.805885
test,A5,27.115068,31.577929
test,A5,27.272,31.51203
test,A5,27.347,30.88596
test,A5,27.397055,32.10076
test,A5,27.500055,31.797838
test,A5,27.588,31.86901
test,A5,27.682,32.11768
test,A5,27.507,32.28673
test,A5,27.003307,31.698511
test,A5,26.625307,31.975721
test,A5,26.636,31.893454
test,A5,26.87,31.64528
test,A5,27.01595,31.773645
test,A5,26.90395,31.740545
test,A5,26.708,30.757494
test,A5,27.102,32.13012
test,A5,27.642,32.13388
test,A5,27.861,31.219461
test,A5,27.906149,31.48358
test,A5,27.936148,31.049364
test,A5,28.016,32.006474
test,A5,27.836628,32.388584
test,A5,27.428627,32.39753
test,A5,27.096,31.66937
test,A5,26.883,32.377205
test,A5,26.704,31.73306
test,A5,26.586,31.566866
test,A5,26.625,32.336666
test,A5,26.67196,32.431232
test,A5,26.61996,31.761202
test,A5,26.626,32.63793
test,A5,26.68,32.005783
test,A5,26.82197,31.91788
test,A5,26.94097,31.231943
test,A5,27.09,31.316118
test,A5,27.199,32.038258
test,A5,27.25,32.58715
test,A5,27.316,31.79989
test,A5,27.348,31.749954
test,A5,27.401,32.72896
test,A5,27.479912,32.495975
test,A5,27.44091,31.825087
test,A5,27.36,32.30027
test,A5,27.336,31.581236
test,A5,27.338,31.077011
test,A5,27.46,31.22314
test,A5,27.722,32.133198
test,A5,28.006,30.995255
test,A5,28.178886,32.190533
test,A5,28.322886,31.51306
test,A5,28.457,31.24646
test,A5,28.535,31.244596
test,A5,28.45,31.645311
test,A5,28.242,32.053944
test,A5,28.111,32.284775
test,A5,28.041843,31.995785
test,A5,28.059843,31.519056
test,A5,27.984,31.533428
test,A5,27.828,32.178665
test,A5,27.775,31.955881
test,A5,27.738,31.961126
test,A5,27.655,32.019344
test,A5,27.588,31.913198
test,A5,27.544,32.15994
test,A5,27.458,31.854086
test,A5,27.372,32.035027
test,A5,27.416,31.474787
test,A5,27.594,31.727919
test,A5,27.753056,31.727636
test,A5,27.857056,32.23799
test,A5,27.904,32.330345
test,A5,27.895,32.62742
test,A5,27.878965,31.44151
test,A5,27.908964,31.770472
test,A5,27.967,32.153362
test,A5,27.954,32.207726
test,A5,27.867064,31.787603
test,A5,27.889065,31.433588
test,A5,28.049,31.825632
test,A5,28.135,31.30106
test,A5,28.103,31.031834
test,A5,28.199781,32.06173
test,A5,28.496782,31.907888
test,A5,28.605,31.822424
test,A5,28.435,32.015713
test,A5,28.403,31.091848
test,A5,28.397,32.251976
test,A5,28.222,31.503992
test,A5,28.106,31.482792
test,A5,27.98,31.932192
test,A5,27.874,32.3218
test,A5,27.981,31.954287
test,A5,28.232,31.880621
test,A5,28.435,31.80594
test,A5,28.517115,32.206657
test,A5,28.531115,32.076134
test,A5,28.08,31.591604
test,A5,27.413,31.89088
test,A5,27.199,31.96013
test,A5,27.016,32.315876
test,A5,26.603,32.4037
test,A5,26.143,32.069286
test,A5,25.805,31.431973
test,A5,25.564,32.093964
test,A5,25.401,32.82959
test,A5,25.354,32.611713
test,A5,25.049,32.121593
test,A5,24.583,31.55033
test,A5,24.279,32.688084
test,A5,23.983,32.24003
test,A5,23.62383,32.460785
test,A5,23.280832,32.29408
test,A5,22.974,32.85285
test,A5,22.604,31.718271
test,A5,22.197,32.022522
test,A5,21.876,31.64526
test,A5,21.525,31.65827
test,A5,21.129,31.890144
test,A5,20.601,32.371696
test,A5,19.939,31.715693
test,A5,19.561,31.97486
test,A5,19.364826,32.23508
test,A5,19.032827,32.277313
test,A5,18.579,31.859655
test,A5,18.102,32.225433
test,A5,17.295,32.79959
test,A5,15.928,32.63628
test,A5,14.7,31.685123
test,A5,13.961,31.85879
test,A5,13.470708,31.8016
test,A5,13.003708,32.445915
test,A5,12.485,32.162148
test,A5,11.587,32.04182
test,A5,10.239,32.618507
test,A5,9.110515,32.609825
test,A5,8.128515,32.14636
test,A5,6.948,32.349106
test,A5,5.985,32.03664
test,A5,5.432,32.34359
test,A5,4.938,31.796072
test,A5,4.331,31.624384
test,A5,3.657,31.63496
test,A5,2.716,32.131554
test,A5,1.908,32.325653
test,A5,0.877,32.027958
test,A5,0.14485644,32.032646
test,A5,0.11585644,32.020966
test,A5,0.0,31.584295
test,A5,0.0,31.8071
test,A5,0.0,31.598314
test,A5,0.0,31.31051
test,A5,0.209,30.86012
test,A5,1.342,31.123686
test,A5,2.636,31.106232
test,A5,3.103,31.641285
test,A5,3.343,31.55285
test,A5,3.716,31.500471
test,A5,4.201,31.489473
test,A5,4.532,31.729181
test,A5,4.522,31.862513
test,A5,4.302,31.903658
test,A5,3.938,31.883133
test,A5,3.482,31.952496
test,A5,3.0750644,32.30339
test,A5,2.8350644,32.03918
test,A5,2.749,31.697872
test,A5,2.71,31.701498
test,A5,2.644,31.77746
test,A5,2.643,31.986465
test,A5,2.762312,31.54527
test,A5,2.902312,31.431175
test,A5,3.045,31.715763
test,A5,3.1950643,31.709063
test,A5,3.3539357,31.875706
test,A5,3.5468712,31.520977
test,A5,3.745,31.470175
test,A5,3.939,31.706367
test,A5,3.877,32.125507
test,A5,3.709,32.09471
test,A5,3.62,31.869951
test,A5,3.502,31.88854
test,A5,3.36,31.82347
test,A5,3.006,32.215843
test,A5,2.669,32.02814
test,A5,2.483005,31.689152
test,A5,2.403005,31.690285
test,A5,2.479,31.75099
test,A5,2.698,31.562765
test,A5,2.86,31.61321
test,A5,2.7688367,32.027195
test,A5,2.5278366,31.75604
test,A5,2.3710248,31.728914
test,A5,2.3030248,31.847075
test,A5,2.122,32.17826
test,A5,1.876965,31.947544
test,A5,1.752965,31.634293
test,A5,1.81,31.784853
test,A5,1.961,31.937647
test,A5,2.222,31.463549
test,A5,2.46,31.758318
test,A5,2.506,31.23748
test,A5,2.5339603,31.703772
test,A5,2.4909604,31.769556
test,A5,2.207,32.05768
test,A5,1.999,31.932222
test,A5,1.837,31.423546
test,A5,1.366,32.01689
test,A5,1.05,32.064293
test,A5,1.05,32.14422
test,A5,1.05,31.755472
test,A5,1.05,31.461023
test,A5,1.05,31.878645
test,A5,0.945,31.733543
test,A5,0.42,31.587624
test,A5,0.0,31.946682
test,A5,0.0,31.81885
test,A5,0.0,31.630653
test,A5,0.0,31.76897
test,A5,0.0,31.615637
test,A5,0.0,31.6801
test,A5,0.0,31.874554
test,A5,0.0,31.486483
test,A5,0.136,31.536346
test,A5,0.839,31.585743
test,A5,1.499005,31.704058
test,A5,1.625005,31.783459
test,A5,1.784,31.87433
test,A5,1.969,31.920479
test,A5,2.1547475,31.770338
test,A5,2.5577476,31.457796
test,A5,3.203,31.657425
test,A5,3.966,31.386475
test,A5,4.691,31.509527
test,A5,5.216,31.395626
test,A5,5.347,31.85287
test,A5,5.182,31.906668
test,A5,5.023,31.69339
test,A5,4.883075,31.581656
test,A5,4.728075,32.240196
test,A5,4.601,32.29349
test,A5,4.495,32.292545
test,A5,4.363,31.9877
test,A5,4.32799,31.856462
test,A5,4.39899,32.00051
test,A5,4.523,31.586168
test,A5,4.822,31.46951
test,A5,5.401,31.434004
test,A5,6.121,31.13277
test,A5,6.646,31.688803
test,A5,6.922,31.364334
test,A5,7.066,31.817268
test,A5,7.124,31.49075
test,A5,7.077,32.106804
test,A5,6.962,31.774717
test,A5,6.851,31.578959
test,A5,6.732,32.025326
test,A5,6.485,31.812067
test,A5,6.137,32.036053
test,A5,5.913,32.038784
test,A5,5.754,31.701218
test,A5,5.62,31.717302
test,A5,5.585,31.672209
test,A5,5.601,31.862232
test,A5,5.569,32.013466
test,A5,5.499,32.048088
test,A5,5.468,31.660603
test,A5,5.456,31.744932
test,A5,5.553,31.569061
test,A5,5.6829257,31.584764
test,A5,5.6919255,31.97836
test,A5,5.834,31.700073
test,A5,6.201,31.73416
test,A5,6.516,32.05983
test,A5,6.663,31.529749
test,A5,6.763,31.880428
test,A5,6.769,32.022903
test,A5,6.661,31.900503
test,A5,6.637,32.38555
test,A5,6.535,32.061073
test,A5,6.165,31.767202
test,A5,5.753,31.860092
test,A5,5.53,31.690693
test,A5,5.435,31.905584
test,A5,5.248,31.62592
test,A5,5.039,32.218018
test,A5,4.933,31.816595
test,A5,4.847,32.012924
test,A5,4.889,31.528984
test,A5,5.072,31.46366
test,A5,5.273,31.56561
test,A5,5.3149753,31.853409
test,A5,5.307109,31.13486
test,A5,5.4861336,31.99197
test,A5,5.733,31.722075
test,A5,5.921,31.734018
test,A5,6.011,32.055046
test,A5,6.131,31.955637
test,A5,6.222,32.029
test,A5,6.341,32.021606
test,A5,6.365,31.743967
test,A5,6.311,31.959816
test,A5,6.436,31.60013
test,A5,6.504,31.556376
test,A5,6.406,31.682749
test,A5,6.253015,31.907438
test,A5,6.177015,31.7905
test,A5,6.1349754,31.940348
test,A5,6.1159754,31.796743
test,A5,6.2360497,31.894054
test,A5,6.4100494,31.344973
test,A5,6.5258813,31.935572
test,A5,6.585881,32.014427
test,A5,7.029,31.768417
test,A5,7.628,31.64857
test,A5,7.786089,31.826038
test,A5,7.754089,32.14319
test,A5,7.89,31.596703
test,A5,8.05,31.978426
test,A5,8.039,31.73246
test,A5,7.974,32.140568
test,A5,7.875,32.066296
test,A5,7.799,32.020004
test,A5,7.713,31.9916
test,A5,7.563,32.099552
test,A5,7.255,32.303246
test,A5,7.009,32.119637
test,A5,6.944,31.977423
test,A5,6.712,32.24069
test,A5,6.399,32.07838
test,A5,6.2,31.781912
test,A5,6.022,31.633528
test,A5,5.864,31.926025
test,A5,5.824,31.938269
test,A5,5.714,32.269306
test,A5,5.523,31.79775
test,A5,5.504,31.675013
test,A5,5.572,32.121784
test,A5,5.743,31.312754
test,A5,5.908906,31.76824
test,A5,5.928906,31.595213
test,A5,6.192,31.623405
test,A5,6.58,31.886114
test,A5,6.825,32.138817
test,A5,7.28,31.798012
test,A5,7.785,32.198387
test,A5,7.947,31.847437
test,A5,7.8261585,32.057903
test,A5,7.5461583,31.719591
test,A5,7.116,31.905369
test,A5,6.645,31.693357
test,A5,6.186,31.7735
test,A5,5.825911,31.9885
test,A5,5.614911,31.893173
test,A5,5.45,31.967196
test,A5,5.333,31.351038
test,A5,5.25,31.67656
test,A5,5.164,31.814585
test,A5,4.996,32.02498
test,A5,4.625,31.784613
test,A5,4.066,32.091553
test,A5,3.609,31.902937
test,A5,3.327,32.260174
test,A5,3.163,31.758873
test,A5,3.104,31.74918
test,A5,3.058,31.883356
test,A5,3.051,32.03208
test,A5,3.068,31.776077
test,A5,3.1767871,31.47383
test,A5,3.523787,31.630713
test,A5,4.123,31.167898
test,A5,4.664,31.478136
test,A5,4.876,32.06488
test,A5,4.949,32.026867
test,A5,4.965,31.66834
test,A5,4.863,31.94896
test,A5,4.766,31.797441
test,A5,4.707901,31.72723
test,A5,4.594901,31.875467
test,A5,4.482,32.40841
test,A5,4.41,32.41928
test,A5,4.313,31.890577
test,A5,4.2280593,31.562357
test,A5,4.1320596,32.027065
test,A5,4.01,31.937815
test,A5,3.991,31.734152
test,A5,4.102,31.656849
test,A5,4.237,31.820742
test,A5,4.376,31.813885
test,A5,4.512,31.68767
test,A5,4.573,31.592607
test,A5,4.664,31.593676
test,A5,4.835035,31.728647
test,A5,4.8780346,31.694971
test,A5,4.816,31.24152
test,A5,4.891,31.258213
test,A5,5.117,31.330473
test,A5,5.202,31.658344
test,A5,5.2241187,31.941317
test,A5,5.3701186,31.869066
test,A5,5.394,32.464188
test,A5,5.348,32.161568
test,A5,5.463,31.879143
test,A5,5.674915,32.28481
test,A5,5.873915,32.118114
test,A5,6.054,32.04365
test,A5,6.157,31.860611
test,A5,6.192985,32.065514
test,A5,6.2029853,32.043526
test,A5,6.0106087,32.075592
test,A5,5.4330196,32.182404
test,A5,4.631411,32.30424
test,A5,3.922,32.297764
test,A5,3.54,31.88544
test,A5,3.564,31.946037
test,A5,3.948,31.481531
test,A5,4.547,31.46723
test,A5,5.124,31.316679
test,A5,6.36,31.279423
test,A5,7.806,32.01301
test,A5,8.585,31.558414
test,A5,9.111,31.435488
test,A5,9.466,32.067726
test,A5,9.902986,32.062233
test,A5,10.177985,32.412537
test,A5,10.023,32.64673
test,A5,9.668,31.811787
test,A5,9.801,31.212015
test,A5,10.642505,31.484781
test,A5,11.645505,30.89017
test,A5,12.679,31.592417
test,A5,13.45,31.386887
test,A5,13.74,31.76592
test,A5,13.652,32.032402
test,A5,13.407,32.80906
test,A5,13.135,32.01833
test,A5,12.837136,31.836487
test,A5,12.582116,32.004723
test,A5,12.540748,32.003723
test,A5,12.8327675,32.039314
test,A5,13.299,31.441328
test,A5,13.901,31.367628
test,A5,14.662,31.337234
test,A5,15.55,31.579378
test,A5,16.379164,32.069115
test,A5,16.908163,31.737196
test,A5,17.355,31.118887
test,A5,17.698,31.773363
test,A5,17.914,32.129246
test,A5,18.106,32.127354
test,A5,18.155931,31.764061
test,A5,18.051931,32.251575
test,A5,17.798,31.581697
test,A5,17.459,32.1176
test,A5,16.952,32.604992
test,A5,16.229,31.596151
test,A5,15.48,32.544357
test,A5,14.769,32.147552
test,A5,14.145,32.879555
test,A5,13.69,32.256596
test,A5,13.476,32.05602
test,A5,13.55,32.195396
test,A5,13.815,31.767658
test,A5,14.144,31.761728
test,A5,14.494,31.582067
test,A5,14.848,32.35874
test,A5,15.088,32.374596
test,A5,15.12609,32.10679
test,A5,15.22809,32.324783
test,A5,15.61,32.2281
test,A5,15.924,32.378433
test,A5,16.088,31.923426
test,A5,16.238,31.839548
test,A5,16.405,31.80539
test,A5,16.452,32.664062
test,A5,16.398,32.451008
test,A5,16.382,31.557657
test,A5,16.367,31.649649
test,A5,16.43,32.710712
test,A5,16.422,32.10224
test,A5,16.557734,32.480858
test,A5,17.005733,31.853428
test,A5,17.457,31.801624
test,A5,17.724,31.853987
test,A5,17.738,32.570744
test,A5,17.848,31.875027
test,A5,18.005,31.957857
test,A5,18.037,32.57993
test,A5,18.097,32.649117
test,A5,18.17,32.061127
test,A5,18.293,31.612831
test,A5,18.404049,31.685213
test,A5,18.50205,32.496193
test,A5,18.61,31.108204
test,A5,18.71,31.837406
test,A5,18.805,31.85518
test,A5,18.86,31.85389
test,A5,18.847,32.833504
test,A5,18.885,31.631376
test,A5,18.918,31.75086
test,A5,18.869095,32.06989
test,A5,18.763094,31.828548
test,A5,18.692099,32.041813
test,A5,18.7911,31.85106
test,A5,18.934,31.522429
test,A5,19.012,32.04046
test,A5,19.004,32.170334
test,A5,18.924,32.043888
test,A5,18.842,32.35013
test,A5,18.745,31.631662
test,A5,18.637,32.312332
test,A5,18.62,31.30727
test,A5,18.7,32.023293
test,A5,18.76,31.865053
test,A5,18.601,32.005642
test,A5,18.188,32.332897
test,A5,17.723,31.634363
test,A5,17.348,31.846712
test,A5,17.009,32.15741
test,A5,16.604,31.963633
test,A5,15.907,32.46254
test,A5,14.79,32.421467
test,A5,13.47,32.313244
test,A5,12.259,32.546516
test,A5,11.443,31.712666
test,A5,10.801,32.161777
test,A5,10.248,31.93583
test,A5,9.765,31.902317
test,A5,9.346,32.377594
test,A5,9.175,31.519835
test,A5,9.06,31.4523
test,A5,8.816,32.09826
test,A5,8.771,31.80382
test,A5,8.954,31.545395
test,A5,8.75,31.811178
test,A5,8.176,32.025936
test,A5,7.7659407,31.985128
test,A5,7.6089406,31.932201
test,A5,7.51799,32.06223
test,A5,7.5148764,31.664824
test,A5,7.664886,31.508963
test,A5,7.935,31.881496
test,A5,8.292,31.45505
test,A5,8.647,31.246954
test,A5,8.893,31.695091
test,A5,9.185921,31.854984
test,A5,9.469921,31.463858
test,A5,9.68,31.632772
test,A5,9.923,31.759882
test,A5,10.142,31.794306
test,A5,10.378,31.21191
test,A5,10.613,31.383196
test,A5,10.822,31.606106
test,A5,10.983,32.20956
test,A5,11.039,32.05745
test,A5,11.011,31.949478
test,A5,10.767,31.799196
test,A5,10.461,31.48852
test,A5,10.312,31.827114
test,A5,10.281,32.12774
test,A5,10.405901,31.62686
test,A5,10.602901,31.062918
test,A5,10.769,31.382719
test,A5,10.959,31.732698
test,A5,11.262,31.328848
test,A5,11.739,31.282274
test,A5,12.4305,31.461945
test,A5,13.3165,31.226088
test,A5,14.168,30.78782
test,A5,14.723,30.99441
test,A5,14.975,31.810505
test,A5,14.91,31.678354
test,A5,14.527,32.210163
test,A5,13.8,31.865225
test,A5,12.449,31.661108
test,A5,10.365,32.11792
test,A5,8.317,32.133564
test,A5,6.988,32.320103
test,A5,6.164797,31.659399
test,A5,5.596797,31.708775
test,A5,5.03,31.739824
test,A5,4.3794217,31.860989
test,A5,3.9044216,31.415983
test,A5,3.859,31.705835
test,A5,4.31,31.177126
test,A5,4.944,30.997927
test,A5,5.362,30.797049
test,A5,5.538,31.284912
test,A5,5.566,31.308846
test,A5,5.553,31.453463
test,A5,5.559,31.703325
test,A5,5.444,31.51275
test,A5,4.891,31.806133
test,A5,3.898,32.08951
test,A5,2.703,32.544186
test,A5,1.602,32.239124
test,A5,1.072,32.024185
test,A5,0.682,31.891394
test,A5,0.37,31.528011
test,A5,0.389,31.540981
test,A5,0.484,31.361319
test,A5,0.678,30.987955
test,A5,1.412,30.87773
test,A5,2.692,28.881712
test,A5,3.851,27.767694
test,A5,5.03,29.773958
test,A5,6.262,29.622725
test,A5,7.303,29.774149
test,A5,8.235,30.182627
test,A5,8.978,30.596827
test,A5,9.44,30.98187
test,A5,9.64,31.078455
test,A5,9.64,31.62464
test,A5,9.516,31.83241
test,A5,8.74,32.173126
test,A5,7.384,32.233326
test,A5,6.289,32.068317
test,A5,5.636,32.02566
test,A5,5.476856,31.790724
test,A5,5.7148566,31.287441
test,A5,6.193,31.224192
test,A5,6.765,31.133884
test,A5,7.268,30.990133
test,A5,7.784,31.403784
test,A5,8.285,31.091555
test,A5,8.685,31.430153
test,A5,8.96,31.894667
test,A5,9.103,31.322046
test,A5,9.067,31.163702
test,A5,8.815,31.515081
test,A5,8.521,32.08655
test,A5,8.221,31.917196
test,A5,7.804,31.918648
test,A5,7.414,31.568949
test,A5,7.083,31.869303
test,A5,6.773,31.615473
test,A5,6.569,31.397936
test,A5,6.373,31.549425
test,A5,6.1249557,31.694498
test,A5,5.9499555,31.51359
test,A5,5.891,31.80645
test,A5,5.923,31.660357
test,A5,6.074,31.49508
test,A5,6.255,31.042152
test,A5,6.354,31.412142
test,A5,6.330175,31.687572
test,A5,6.2251096,31.71083
test,A5,6.096935,31.554852
test,A5,5.942,31.942831
test,A5,5.686,32.59459
test,A5,5.278,31.57767
test,A5,4.968,31.598257
test,A5,4.859,31.898252
test,A5,4.737,31.657366
test,A5,4.543,32.025036
test,A5,4.348,32.19273
test,A5,4.223,31.606749
test,A5,4.145,31.550747
test,A5,4.106,31.765417
test,A5,4.115,31.54319
test,A5,4.127,31.275282
test,A5,4.077,31.848848
test,A5,3.976,31.70989
test,A5,3.844,31.527033
test,A5,3.7839901,31.783207
test,A5,3.82099,31.316702
test,A5,3.943,31.377665
test,A5,4.143,31.050896
test,A5,4.413,31.086077
test,A5,4.828,31.284344
test,A5,5.336,30.95885
test,A5,5.811,31.076193
test,A5,6.269203,31.121819
test,A5,6.697203,31.19196
test,A5,6.944,31.595356
test,A5,7.16,31.751953
test,A5,7.438,31.146317
test,A5,7.618,31.50143
test,A5,7.746,31.44882
test,A5,7.815,31.199163
test,A5,7.867,31.594528
test,A5,8.061,31.631863
test,A5,8.396867,32.261555
test,A5,8.719867,32.154114
test,A5,8.77,31.422682
test,A5,8.268,31.73797
test,A5,7.682,31.65568
test,A5,7.636,31.562607
test,A5,7.74,31.721613
test,A5,7.74,32.382545
test,A5,7.7138715,32.408363
test,A5,7.5547276,31.877302
test,A5,7.2628565,31.894512
test,A5,6.895,31.925573
test,A5,6.492,31.343458
test,A5,6.031,31.588427
test,A5,5.332,31.939146
test,A5,4.4266386,32.029747
test,A5,3.6116385,32.074028
test,A5,3.026,31.57379
test,A5,2.577,31.582888
test,A5,2.233,31.724054
test,A5,1.96,31.8738
test,A5,1.646,32.069855
test,A5,1.425,31.494305
test,A5,1.435,31.541517
test,A5,1.614,31.355957
test,A5,1.911,30.84519
test,A5,2.214,31.703918
test,A5,2.494,30.901062
test,A5,2.697,31.599682
test,A5,2.855,31.19879
test,A5,3.094,31.768845
test,A5,3.264,31.380579
test,A5,3.327,31.894192
test,A5,3.354,31.731735
test,A5,3.36,32.010406
test,A5,3.4,31.320078
test,A5,3.416,31.599188
test,A5,3.53,31.475252
test,A5,3.772,31.354223
test,A5,3.946,31.326326
test,A5,3.949,31.445139
test,A5,3.8328862,31.759968
test,A5,3.666886,31.972128
test,A5,3.491,31.429451
test,A5,3.3538415,31.561167
test,A5,3.1488416,31.859268
test,A5,2.9659505,31.381447
test,A5,2.8919506,31.86384
test,A5,2.916,31.029917
test,A5,2.988,31.462215
test,A5,3.0379307,31.340986
test,A5,3.1329308,31.21542
test,A5,3.245,31.155071
test,A5,3.358,31.201239
test,A5,3.547,31.645348
test,A5,3.826,31.174723
test,A5,4.05,31.52463
test,A5,4.1290493,31.62552
test,A5,4.1250496,31.375162
test,A5,4.15,31.066431
test,A5,4.316,31.386145
test,A5,4.665,31.630894
test,A5,5.0661087,31.108992
test,A5,5.337109,31.264902
test,A5,5.471105,31.505507
test,A5,5.649105,31.037863
test,A5,6.015,31.074324
test,A5,6.322,30.745089
test,A5,6.4138713,31.20687
test,A5,6.2958713,31.756014
test,A5,6.007,31.983244
test,A5,5.617,31.974981
test,A5,5.14,31.65418
test,A5,4.73,31.85803
test,A5,4.3466783,31.740002
test,A5,3.8296783,31.292288
test,A5,3.348,31.74397
test,A5,3.082,31.609032
test,A5,3.03,30.919699
test,A5,3.161,31.166555
test,A5,3.4160793,31.1454
test,A5,3.6560793,30.924871
test,A5,3.842,31.40788
test,A5,4.049,31.18843
test,A5,4.243,31.36336
test,A5,4.425,31.399952
test,A5,4.597,31.247765
test,A5,4.868,30.955793
test,A5,5.176,31.614965
test,A5,5.467,31.953634
test,A5,5.779,31.547232
test,A5,5.97,31.49942
test,A5,6.013911,31.704018
test,A5,5.9178414,31.808279
test,A5,5.7669306,31.712225
test,A5,5.698,31.580185
test,A5,5.834,31.507357
test,A5,6.04986,31.514368
test,A5,6.2557707,31.131407
test,A5,6.4889107,31.20999
test,A5,6.683,31.393555
test,A5,6.658916,31.640285
test,A5,6.579916,31.843687
test,A5,6.449,31.767809
test,A5,6.106,31.684546
test,A5,5.796,32.052753
test,A5,5.4,32.12957
test,A5,4.9359107,31.94929
test,A5,4.6529107,32.052097
test,A5,4.563,31.718393
test,A5,4.681094,31.582785
test,A5,4.928094,31.067541
test,A5,5.263,31.070494
test,A5,5.669,31.33338
test,A5,6.042,30.870504
test,A5,6.429,31.287214
test,A5,6.798,31.039324
test,A5,7.0667973,30.982367
test,A5,7.333797,30.890343
test,A5,7.466,31.324419
test,A5,7.351,31.453493
test,A5,7.2840295,31.440681
test,A5,7.3230295,31.449053
test,A5,7.336,31.539186
test,A5,7.341,31.711653
test,A5,7.39,31.48176
test,A5,7.637,31.359617
test,A5,7.9517255,31.556002
test,A5,8.196726,31.505812
test,A5,8.466,31.442987
test,A5,8.649921,31.781694
test,A5,8.763922,31.543005
test,A5,8.974,31.397564
test,A5,9.324,31.35264
test,A5,9.548,31.685257
test,A5,9.528,31.8748
test,A5,9.215,32.022804
test,A5,8.705,31.964792
test,A5,8.259,31.623583
test,A5,7.855,32.012863
test,A5,7.588,31.890802
test,A5,7.451,31.115568
test,A5,7.304,31.48258
test,A5,7.111,31.482067
test,A5,6.738,31.85921
test,A5,6.264,31.920662
test,A5,5.878,31.889795
test,A5,5.7039704,31.37186
test,A5,5.7059703,31.509047
test,A5,5.855,31.468456
test,A5,6.081,31.531746
test,A5,6.319,31.312216
test,A5,6.607,31.150242
test,A5,7.0093117,30.997206
test,A5,7.5813117,31.471937
test,A5,8.161,31.233555
test,A5,8.765614,31.097788
test,A5,9.508614,31.094591
test,A5,10.413,31.189709
test,A5,11.353,31.062752
test,A5,12.308,30.518906
test,A5,13.319,31.465965
test,A5,14.278,31.02816
test,A5,14.978,31.707884
test,A5,15.196,31.583525
test,A5,15.342,31.29579
test,A5,15.519,31.205635
test,A5,15.586,32.589966
test,A5,15.736,31.901989
test,A5,15.832,30.979322
test,A5,15.730728,31.961214
test,A5,15.283728,31.921185
test,A5,14.309,32.464287
test,A5,12.848,32.703926
test,A5,11.4,32.72582
test,A5,10.079,32.40205
test,A5,8.724872,32.669212
test,A5,7.659144,32.21371
test,A5,7.0142727,31.6317
test,A5,6.652827,31.404222
test,A5,6.3718266,31.420643
test,A5,6.113,31.680899
test,A5,5.8691335,31.51882
test,A5,5.6251335,31.59667
test,A5,5.566,31.48284
test,A5,5.689,31.619669
test,A5,5.851,30.708609
test,A5,5.875,31.171518
test,A5,5.915,31.533974
test,A5,6.077,31.822588
test,A5,6.101,31.389944
test,A5,6.271,31.127607
test,A5,6.838,31.834427
test,A5,7.542,31.391737
test,A5,8.209,31.422583
test,A5,8.929,31.130796
test,A5,9.719,32.295155
test,A5,10.394445,30.448235
test,A5,11.124446,32.236076
test,A5,11.969,31.716599
test,A5,12.695,31.439474
test,A5,13.316,31.40367
test,A5,13.765,31.85098
test,A5,13.922,31.303492
test,A5,13.759,31.597385
test,A5,13.428,32.44259
test,A5,13.2108965,32.172546
test,A5,12.989896,31.913076
test,A5,12.351655,32.22934
test,A5,11.230656,31.944464
test,A5,9.993728,32.36636
test,A5,8.667727,32.34514
test,A5,7.247624,32.76707
test,A5,6.229624,32.574123
test,A5,5.722,32.146156
test,A5,5.385,31.580862
test,A5,5.07,31.635977
test,A5,4.822,31.603773
test,A5,4.689,31.69457
test,A5,4.571,31.10128
test,A5,4.397104,31.351809
test,A5,4.202104,31.464714
test,A5,4.006,31.393919
test,A5,3.984,31.713129
test,A5,4.436,31.222502
test,A5,5.173,31.453547
test,A5,5.669,31.339378
test,A5,5.857,31.67709
test,A5,5.91,31.42509
test,A5,5.883,31.931103
test,A5,5.6927576,31.812016
test,A5,5.6827574,31.810942
test,A5,5.619,31.62248
test,A5,5.379,31.589937
test,A5,5.29,31.67064
test,A5,5.193,31.740553
test,A5,5.233,31.267504
test,A5,5.383,31.632563
test,A5,5.623,32.043682
test,A5,6.089,31.404848
test,A5,6.65,31.235752
test,A5,7.176,31.601667
test,A5,7.714,31.203016
test,A5,8.314,31.224932
test,A5,9.059,31.26684
test,A5,9.912,31.75253
test,A5,10.783,31.078306
test,A5,11.518,31.519236
test,A5,11.867,31.786608
test,A5,11.918,31.942192
test,A5,11.768,31.42623
test,A5,11.261,31.793524
test,A5,10.291,32.30345
test,A5,9.031,32.52998
test,A5,7.885,32.627796
test,A5,7.119,32.172585
test,A5,6.72,31.936996
test,A5,6.482,31.65965
test,A5,6.467,31.558601
test,A5,6.765,31.407286
test,A5,7.0917845,31.595057
test,A5,7.3407845,31.074327
test,A5,7.691,30.815393
test,A5,8.215,31.391953
test,A5,8.73,31.482195
test,A5,9.331,31.127459
test,A5,10.027,30.983187
test,A5,10.704,30.628557
test,A5,11.422,30.875517
test,A5,12.019,31.014933
test,A5,12.554,31.838066
test,A5,13.031,31.726599
test,A5,13.435,30.95527
test,A5,13.868,31.390564
test,A5,14.508,30.891731
test,A5,15.439,31.275866
test,A5,16.208,32.04303
test,A5,16.386,32.629555
test,A5,16.243,32.566734
test,A5,16.239,31.51557
test,A5,16.354,31.57768
test,A5,16.411,32.773594
test,A5,16.308,32.025703
test,A5,16.2,31.692389
test,A5,16.221,32.049824
test,A5,16.357,31.930187
test,A5,16.637,32.052666
test,A5,16.995,31.74204
test,A5,17.339,31.632536
test,A5,17.61393,31.413565
test,A5,17.66789,31.793278
test,A5,17.55796,32.670288
test,A5,17.463,31.593962
test,A5,17.456,31.401552
test,A5,17.562,31.330492
test,A5,17.665,32.190147
test,A5,17.744,31.651506
test,A5,17.841,31.504232
test,A5,17.942,32.309273
test,A5,18.025,32.315445
test,A5,18.085,32.02613
test,A5,18.05,31.782526
test,A5,17.788,32.15158
test,A5,17.285,31.638079
test,A5,17.144,32.155132
test,A5,16.737,31.925367
test,A5,16.441,32.10452
test,A5,16.518877,31.84728
test,A5,16.175877,31.801111
test,A5,15.813,31.686392
test,A5,15.593,31.657705
test,A5,15.408,32.21838
test,A5,15.135,31.93439
test,A5,14.927,31.844715
test,A5,14.825,31.863403
test,A5,14.879,32.017815
test,A5,14.918,31.918999
test,A5,14.835,31.588781
test,A5,14.766,32.13939
test,A5,14.682,32.38799
test,A5,14.448,32.147896
test,A5,14.236,32.13076
test,A5,14.005,31.762419
test,A5,13.77,32.360275
test,A5,13.72,32.038387
test,A5,13.769,32.005295
test,A5,13.811015,31.59255
test,A5,13.837015,31.45306
test,A5,13.865,31.69362
test,A5,13.957,31.452116
test,A5,14.041,31.411402
test,A5,14.233,31.636255
test,A5,14.483,31.528898
test,A5,14.764,32.032715
test,A5,14.987,31.64182
test,A5,15.118,31.998384
test,A5,15.139,31.86514
test,A5,14.783,31.4162
test,A5,14.501911,32.0466
test,A5,14.504698,32.22062
test,A5,14.341787,32.243984
test,A5,14.028,32.515034
test,A5,13.73,31.831465
test,A5,13.516,31.867943
test,A5,13.455,32.061996
test,A5,13.364,32.4138
test,A5,12.991,31.881565
test,A5,12.503,31.635633
test,A5,11.805,31.992037
test,A5,11.033,32.602097
test,A5,10.593,31.790356
test,A5,10.235,32.083054
test,A5,9.961,32.10097
test,A5,9.822,32.046417
test,A5,8.892,32.37485
test,A5,7.681,32.11082
test,A5,7.275,31.765429
test,A5,7.265,31.571081
test,A5,7.4,32.14843
test,A5,7.455,31.735233
test,A5,7.413,31.87113
test,A5,7.28,32.110092
test,A5,7.07,31.70584
test,A5,6.944985,31.505705
test,A5,6.91502,31.544174
test,A5,6.875035,32.097504
test,A5,6.861,31.71044
test,A5,6.778,31.563799
test,A5,6.669,31.765812
test,A5,6.683,31.599869
test,A5,6.799,31.937925
test,A5,7.009,31.230143
test,A5,7.148,31.907143
test,A5,7.144,31.304424
test,A5,7.053,31.72896
test,A5,6.899,31.391237
test,A5,6.603,32.21427
test,A5,6.056,32.158943
test,A5,5.597203,32.058445
test,A5,5.3212028,32.20872
test,A5,5.229,31.775272
test,A5,5.261,31.510761
test,A5,5.386,31.766462
test,A5,5.685114,31.590708
test,A5,5.929109,31.562471
test,A5,6.046995,31.58824
test,A5,6.131,31.768171
test,A5,6.087,31.864885
test,A5,5.989,32.078014
test,A5,6.039,31.818472
test,A5,5.982,32.12151
test,A5,5.836,31.79434
test,A5,5.749,31.879618
test,A5,5.53,31.867382
test,A5,5.055,32.029266
test,A5,4.6,32.57539
test,A5,4.23,32.135487
test,A5,3.923,31.895481
test,A5,3.850198,32.028717
test,A5,4.078198,31.823547
test,A5,4.496,31.727245
test,A5,4.784,31.81627
test,A5,4.89595,31.670557
test,A5,4.96095,31.596294
test,A5,4.994,32.204773
test,A5,5.134936,32.13286
test,A5,5.2329354,31.339437
test,A5,5.27,31.440176
test,A5,5.482,31.600029
test,A5,5.617,31.821253
test,A5,5.672,31.34741
test,A5,5.777,31.413725
test,A5,5.693,31.554667
test,A5,5.253,32.016415
test,A5,4.461,32.198616
test,A5,3.632,32.371273
test,A5,3.239,32.00868
test,A5,3.12,31.685583
test,A5,2.9301288,31.79122
test,A5,2.6671288,31.729753
test,A5,2.366,32.01017
test,A5,2.149,31.697868
test,A5,2.065,31.876764
test,A5,2.118,31.638264
test,A5,2.431,31.5911
test,A5,2.936,31.516127
test,A5,3.393,31.599236
test,A5,3.683,31.402441
test,A5,4.115,31.118814
test,A5,4.690218,31.47318
test,A5,5.1482177,31.588974
test,A5,5.522,31.580597
test,A5,5.765,32.019794
test,A5,5.71,31.890768
test,A5,5.5750346,31.969131
test,A5,5.545035,32.29743
test,A5,5.188,31.77544
test,A5,4.397693,32.251644
test,A5,3.671693,31.863611
test,A5,3.348,31.922804
test,A5,3.31,32.04271
test,A5,3.366,31.741209
test,A5,3.457,31.891138
test,A5,3.605,31.336838
test,A5,3.755,31.536547
test,A5,3.699,31.976542
test,A5,3.675,31.655909
test,A5,3.846,31.821518
test,A5,3.884,31.775564
test,A5,3.89,31.445951
test,A5,4.027,31.695333
test,A5,4.063,31.56145
test,A5,3.915,31.85467
test,A5,3.846,31.790466
test,A5,3.8688664,31.639954
test,A5,3.7388663,32.271606
test,A5,3.529,32.190353
test,A5,3.408,32.076233
test,A5,3.328,31.692354
test,A5,3.266,31.797766
test,A5,3.141,31.724874
test,A5,2.754,31.920395
test,A5,2.2208266,32.414722
test,A5,1.8388268,32.355125
test,A5,1.734,31.730856
test,A5,1.703,31.69451
test,A5,1.569,31.73984
test,A5,1.465,31.64478
test,A5,1.481,31.432959
test,A5,1.548,31.621363
test,A5,1.546,31.804714
test,A5,1.487,31.779734
test,A5,1.492,31.71548
test,A5,1.606,31.70937
test,A5,1.848,31.072222
test,A5,2.149,31.817392
test,A5,2.517,31.504604
test,A5,2.924,31.723467
test,A5,3.02425,31.990269
test,A5,2.72325,31.680546
test,A5,2.397,31.556637
test,A5,2.387,32.029118
test,A5,2.661,31.960567
test,A5,2.749,31.835196
test,A5,2.693,31.931068
test,A5,2.72,32.01709
test,A5,2.691,31.776329
test,A5,2.658,31.75517
test,A5,2.685,31.81843
test,A5,2.813,31.274607
test,A5,3.227,31.564322
test,A5,3.948,31.570398
test,A5,4.69,31.118242
test,A5,5.2941384,31.198053
test,A5,5.683139,31.417555
test,A5,5.926,31.669924
test,A5,6.059,31.839144
test,A5,6.116,31.936687
test,A5,6.218,32.04151
test,A5,6.287,31.684776
test,A5,6.255084,31.750647
test,A5,6.134084,31.946796
test,A5,5.901,31.8422
test,A5,5.566,32.1212
test,A5,5.284,31.62941
test,A5,5.048906,31.743101
test,A5,4.810906,31.841022
test,A5,4.6449256,31.747868
test,A5,4.5149503,32.018444
test,A5,4.459025,31.517023
test,A5,4.38,31.589289
test,A5,4.315,32.096893
test,A5,4.364,31.441671
test,A5,4.827,31.415308
test,A5,5.765,31.66786
test,A5,6.694,30.77572
test,A5,7.512,31.3356
test,A5,8.164,31.09886
test,A5,8.516946,32.095554
test,A5,8.553846,31.937881
test,A5,8.415901,32.11319
test,A5,8.35,32.23362
test,A5,8.278,31.887505
test,A5,8.094,32.049374
test,A5,7.804,32.20367
test,A5,7.523,32.009117
test,A5,7.474,31.779257
test,A5,7.517,31.777573
test,A5,7.316,31.811514
test,A5,6.985,31.949873
test,A5,6.722,31.765278
test,A5,6.517,31.970732
test,A5,6.36198,31.539145
test,A5,6.27398,32.00077
test,A5,6.302,31.437862
test,A5,6.367,31.952255
test,A5,6.42,31.238432
test,A5,6.36,31.28274
test,A5,6.39,31.368896
test,A5,6.508,31.317701
test,A5,6.457195,31.640589
test,A5,6.172195,31.98689
test,A5,5.53,31.871384
test,A5,4.556,32.019672
test,A5,3.541703,32.523823
test,A5,2.837703,32.8183
test,A5,2.544,32.14791
test,A5,2.523,31.733027
test,A5,2.552,31.782583
test,A5,2.637,31.345428
test,A5,2.68,31.956968
test,A5,2.508,32.065605
test,A5,2.145,32.064713
test,A5,1.823,31.946856
test,A5,1.74,31.423704
test,A5,1.769,31.513384
test,A5,1.813,31.668211
test,A5,1.854,31.754934
test,A5,1.906,32.183266
test,A5,1.995,31.672771
test,A5,2.14,31.330317
test,A5,2.346,31.250555
test,A5,2.461065,31.74553
test,A5,2.532065,31.223215
test,A5,2.669,31.301044
test,A5,2.805,31.632126
test,A5,2.897,31.976957
test,A5,2.957,31.824095
test,A5,3.014,31.720531
test,A5,3.07,31.685797
test,A5,3.159,31.992949
test,A5,3.145,31.624804
test,A5,2.91,32.03814
test,A5,2.763,31.700895
test,A5,2.731,32.008533
test,A5,2.707,31.848623
test,A5,2.6469555,31.774689
test,A5,2.5179555,31.877016
test,A5,2.395,31.790682
test,A5,2.099,31.803545
test,A5,1.71,32.021225
test,A5,1.287,31.670588
test,A5,0.928,32.325638
test,A5,0.82,32.08175
test,A5,0.738,31.895899
test,A5,0.328,32.015617
test,A5,0.0,31.640715
test,A5,0.0,31.486485
test,A5,0.0,31.615854
test,A5,0.0,31.450853
test,A5,0.0,31.513805
test,A5,0.0,31.994162
test,A5,0.0,31.948534
test,A5,0.0,31.570578
test,A5,0.0,31.695326
test,A5,0.0,31.460129
test,A5,0.0,32.108734
test,A5,0.0,31.607796
test,A5,0.0,31.71432
test,A5,0.0,31.677692
test,A5,0.0,31.958208
test,A5,0.0,31.670828
test,A5,0.0,31.846832
test,A5,0.0,31.618242
test,A5,0.0,32.024845
test,A5,0.0,31.457521
test,A5,0.0,31.891073
test,A5,0.0,31.698729
test,A5,0.0,31.535913
test,A5,0.0,31.437847
test,A5,0.0,31.4453
test,A5,0.0,31.758257
test,A5,0.0,31.93091
test,A5,0.0,31.389894
test,A5,0.0,31.747377
test,A5,0.0,31.738863
test,A5,0.0,31.709692
test,A5,0.0,31.443968
test,A5,0.0,32.11828
test,A5,0.0,31.672888
test,A5,0.0,31.67956
test,A5,0.0,31.489712
test,A5,0.0,31.73889
test,A5,0.0,32.035187
test,A5,0.0,31.903732
test,A5,0.0,31.639154
test,A5,0.0,31.30275
test,A5,0.0,31.48414
test,A5,0.0,31.91194
test,A5,0.0,31.77862
test,A5,0.0,31.722853
test,A5,0.0,31.605637
test,A5,0.0,31.921595
test,A5,0.071,31.757883
test,A5,0.517,31.210777
test,A5,1.35451,31.283077
test,A5,2.251698,31.158918
test,A5,2.9241881,31.115782
test,A5,3.523,31.763483
test,A5,3.951,31.40571
test,A5,3.9990742,31.804995
test,A5,3.8720744,32.03929
test,A5,3.5242376,32.165413
test,A5,3.0652375,32.363953
test,A5,2.72,31.736704
test,A5,2.5,31.790327
test,A5,2.275,31.515678
test,A5,1.935,31.638971
test,A5,1.531,32.00154
test,A5,1.109,31.739492
test,A5,0.669,32.18313
test,A5,0.228,31.828766
test,A5,0.0,31.97174
test,A5,0.0,32.033752
test,A5,0.0,31.828045
test,A5,0.0,31.60923
test,A5,0.0,31.484259
test,A5,0.0,31.793415
test,A5,0.0,31.636091
test,A5,0.0,31.94491
test,A5,0.0,31.679688
test,A5,0.0,31.26488
test,A5,0.0,31.468096
test,A5,0.0,32.01776
test,A5,0.0,31.823977
test,A5,0.0,31.779
test,A5,0.0,31.924093
test,A5,0.0,31.64369
test,A5,0.0,31.48104
test,A5,0.0,31.785292
test,A5,0.0,31.716228
test,A5,0.0,31.890394
test,A5,0.0,31.637442
test,A5,0.0,31.59252
test,A5,0.0,31.692219
test,A5,0.0,31.950617
test,A5,0.052,31.742357
test,A5,0.398,31.562885
test,A5,1.128,31.150587
test,A5,2.012,30.994797
test,A5,2.835,31.298395
test,A5,3.454,31.378561
test,A5,3.908,31.293337
test,A5,4.561,31.245043
test,A5,4.96,31.75783
test,A5,4.943,31.830975
test,A5,4.932,32.137405
test,A5,4.795,31.850569
test,A5,4.55,32.034576
test,A5,4.213,32.06534
test,A5,3.826,32.450924
test,A5,3.432,32.711876
test,A5,3.071,31.895252
test,A5,2.859,32.18967
test,A5,2.7920098,31.728048
test,A5,2.7909653,31.486042
test,A5,2.8339555,31.648458
test,A5,2.819,31.770103
test,A5,2.781,31.543734
test,A5,2.812,32.019493
test,A5,2.8360384,31.90951
test,A5,2.8150384,31.793802
test,A5,2.791,31.523989
test,A5,2.773,31.707893
test,A5,2.774,31.871271
test,A5,2.814,31.79529
test,A5,2.823,31.585447
test,A5,2.792,31.918268
test,A5,2.783,31.829412
test,A5,2.801,31.600363
test,A5,2.838,31.914507
test,A5,2.9311535,31.806305
test,A5,3.1811535,31.704285
test,A5,3.626,31.819859
test,A5,4.132,31.303001
test,A5,4.676,30.854105
test,A5,5.335,31.508844
test,A5,5.864,30.952124
test,A5,6.181,32.01831
test,A5,6.348,32.485382
test,A5,6.359,31.952623
test,A5,6.361,31.52314
test,A5,6.402,31.778463
test,A5,6.494,31.778254
test,A5,6.612,31.79659
test,A5,6.72,31.093279
test,A5,6.814,31.806864
test,A5,6.871,31.428656
test,A5,6.855931,31.75771
test,A5,6.7589655,31.8299
test,A5,6.665035,32.11998
test,A5,6.6541586,31.30364
test,A5,6.824158,31.67213
test,A5,7.11,31.803476
test,A5,7.467,32.038757
test,A5,7.758,31.76583
test,A5,7.759,31.410503
test,A5,8.181,31.09617
test,A5,8.807,31.430696
test,A5,8.997,31.127754
test,A5,9.124,31.720594
test,A5,9.343,31.479599
test,A5,9.652,31.754545
test,A5,9.948,31.607962
test,A5,10.312,30.63304
test,A5,10.783,31.044811
test,A5,11.281,30.764973
test,A5,11.696,30.754707
test,A5,12.037,31.472223
test,A5,12.271,31.656693
test,A5,12.273,32.003586
test,A5,12.179,31.456131
test,A5,12.159,31.765734
test,A5,12.129,30.983995
test,A5,11.884,31.299627
test,A5,11.575,31.800676
test,A5,11.203,31.256136
test,A5,10.664,31.690226
test,A5,10.225,31.832468
test,A5,9.871,31.776054
test,A5,9.656,31.877735
test,A5,9.665,31.470865
test,A5,9.675,31.679869
test,A5,9.593,31.505491
test,A5,9.356,31.932611
test,A5,9.029,31.690527
test,A5,8.793,31.815268
test,A5,8.589713,31.530533
test,A5,8.220713,31.937487
test,A5,7.926965,31.813768
test,A5,7.835965,31.439692
test,A5,7.758,31.634748
test,A5,7.763,31.049623
test,A5,7.821,31.527744
test,A5,7.853,31.49218
test,A5,7.873,32.20309
test,A5,7.772,31.776411
test,A5,7.497,31.41577
test,A5,7.19,31.345125
test,A5,6.93,32.579315
test,A5,6.737,31.777502
test,A5,6.558,31.557676
test,A5,6.324,32.030724
test,A5,6.1,31.709213
test,A5,5.926,31.393044
test,A5,5.874,31.297132
test,A5,5.867,31.266392
test,A5,5.734,31.980398
test,A5,5.545,31.778824
test,A5,5.437015,31.589212
test,A5,5.4090147,31.900019
test,A5,5.463,31.41078
test,A5,5.663,31.30546
test,A5,5.89,31.118237
test,A5,6.077,31.252504
test,A5,6.319,31.431982
test,A5,6.575,31.448088
test,A5,6.762,31.72346
test,A5,6.905,31.562994
test,A5,7.046,31.572958
test,A5,7.015,31.375925
test,A5,6.8529553,32.038654
test,A5,6.7529554,31.952784
test,A5,6.692,32.097958
test,A5,6.627,32.241257
test,A5,6.5629554,31.798475
test,A5,6.5039554,31.65478
test,A5,6.4520297,31.744059
test,A5,6.4070296,31.64137
test,A5,6.344,31.338411
test,A5,6.274,31.52893
test,A5,6.137,31.71046
test,A5,5.972,31.84932
test,A5,5.807,31.666477
test,A5,5.649,31.742176
test,A5,5.5380397,31.563866
test,A5,5.52304,31.90254
test,A5,5.582,31.373688
test,A5,5.608,31.583538
test,A5,5.587,31.362318
test,A5,5.523,31.365591
test,A5,5.478,31.877474
test,A5,5.502,31.060143
test,A5,5.579,31.96705
test,A5,5.743,31.595629
test,A5,5.961,31.593653
test,A5,6.0599704,31.487167
test,A5,6.01797,31.623676
test,A5,5.901,31.675531
test,A5,5.749,31.185728
test,A5,5.481,31.311415
test,A5,4.774,31.673443
test,A5,3.755,32.4713
test,A5,2.972,32.34893
test,A5,2.6210098,32.12243
test,A5,2.5808265,31.766352
test,A5,2.788817,31.186092
test,A5,3.11,31.907175
test,A5,3.413,31.492987
test,A5,3.644,31.199183
test,A5,3.989,31.385103
test,A5,4.492,31.057718
test,A5,4.767,31.295958
test,A5,4.8030643,32.04692
test,A5,4.8830643,31.625494
test,A5,5.122936,31.468294
test,A5,5.3469357,31.519587
test,A5,5.525,31.476551
test,A5,5.831,31.906775
test,A5,6.423,31.153551
test,A5,7.23,30.967459
test,A5,7.847,31.500483
test,A5,8.156,31.552563
test,A5,8.117,31.493204
test,A5,7.941,31.273142
test,A5,7.944,31.333889
test,A5,8.063,31.358944
test,A5,8.297,32.011143
test,A5,8.57,31.816986
test,A5,8.667,31.618525
test,A5,8.668956,31.667015
test,A5,8.780955,31.651464
test,A5,9.073,31.207851
test,A5,9.374,31.230055
test,A5,9.521,31.616774
test,A5,9.691,31.773287
test,A5,9.919,31.91366
test,A5,10.190629,32.025253
test,A5,10.702629,31.038042
test,A5,11.320257,31.868433
test,A5,11.825257,31.878138
test,A5,12.224,31.498222
test,A5,12.509881,31.537268
test,A5,12.738881,31.441559
test,A5,12.883,31.019281
test,A5,13.048,31.805288
test,A5,13.304,31.62295
test,A5,13.552,31.614134
test,A5,13.901015,31.69425
test,A5,14.148015,31.870413
test,A5,14.191,32.08745
test,A5,14.333,31.867867
test,A5,14.364,31.574976
test,A5,14.1478815,31.40189
test,A5,13.894881,32.375412
test,A5,13.682,32.234016
test,A5,13.5041685,31.630371
test,A5,13.249168,32.375008
test,A5,12.932,31.89715
test,A5,12.812,31.554281
test,A5,12.893,31.698822
test,A5,13.066,31.332226
test,A5,13.268,31.34184
test,A5,13.451,31.314093
test,A5,13.573,31.87646
test,A5,13.538,31.80719
test,A5,13.387,32.009396
test,A5,13.182,31.999643
test,A5,13.01,32.253708
test,A5,12.797911,32.005573
test,A5,12.585911,31.381868
test,A5,12.547,31.784176
test,A5,12.392,32.278687
test,A5,12.09792,32.121033
test,A5,11.917921,31.684643
test,A5,11.874,31.814964
test,A5,11.871,32.0203
test,A5,11.778,31.922564
test,A5,11.709,32.08001
test,A5,11.731,30.734028
test,A5,11.876,31.55228
test,A5,12.066,31.968866
test,A5,12.206,31.440884
test,A5,12.387,31.02707
test,A5,12.538,31.655397
test,A5,12.524,31.712643
test,A5,12.37,32.016
test,A5,12.089,32.071182
test,A5,11.687,31.619535
test,A5,11.265,32.08387
test,A5,10.687703,32.20691
test,A5,9.964703,32.149784
test,A5,9.043,31.611212
test,A5,7.8811784,32.620125
test,A5,6.5651784,32.065243
test,A5,5.549,32.270992
test,A5,4.972,32.0785
test,A5,4.5388465,31.730352
test,A5,4.2558465,31.904516
test,A5,4.042,31.582354
test,A5,3.737,31.796791
test,A5,3.398,31.462389
test,A5,3.173,31.791992
test,A5,2.986,31.944986
test,A5,2.801,31.680487
test,A5,2.681,31.409088
test,A5,2.644,31.965683
test,A5,2.547,31.645483
test,A5,2.5009952,31.589659
test,A5,2.532995,31.423258
test,A5,2.676,31.306704
test,A5,3.243,31.415499
test,A5,3.731,31.263195
test,A5,3.703,31.328737
test,A5,3.639,31.510298
test,A5,3.493,31.842958
test,A5,3.101,32.130215
test,A5,2.807,32.061794
test,A5,2.619,31.482847
test,A5,2.468,31.808052
test,A5,2.437,31.863785
test,A5,2.426,31.789953
test,A5,2.4429653,31.83452
test,A5,2.5009654,32.072598
test,A5,2.543,31.66636
test,A5,2.669,31.667425
test,A5,2.944,31.34819
test,A5,3.18,31.341425
test,A5,3.148,31.483288
test,A5,3.024,32.154648
test,A5,3.057,31.88208
test,A5,3.111,31.679686
test,A5,3.036,31.384039
test,A5,2.951,31.614464
test,A5,2.903,31.736708
test,A5,2.851,31.644209
test,A5,2.833,31.60592
test,A5,2.808,31.626368
test,A5,2.7089257,31.947958
test,A5,2.5559258,31.997932
test,A5,2.401,31.353159
test,A5,2.1948762,31.941404
test,A5,1.9248762,31.957285
test,A5,1.5628169,31.736315
test,A5,1.1908169,31.997221
test,A5,1.008,32.12416
test,A5,0.88248515,32.013603
test,A5,0.39248514,32.04625
test,A5,0.0,31.743208
test,A5,0.0,31.502157
test,A5,0.0,31.590193
test,A5,0.0,31.383558
test,A5,0.0,31.605911
test,A5,0.0,31.690607
test,A5,0.0,31.499298
test,A5,0.0,31.690512
test,A5,0.0,31.885996
test,A5,0.0,31.473513
test,A5,0.0,31.468832
test,A5,0.0,31.65513
test,A5,0.0,31.644117
test,A5,0.0,31.857443
test,A5,0.0,31.70623
test,A5,0.0,31.777037
test,A5,0.0,31.680204
test,A5,0.115,31.306438
test,A5,0.75,31.72711
test,A5,1.569,31.41453
test,A5,2.135,31.52456
test,A5,2.547,31.571814
test,A5,2.859,31.485172
test,A5,3.371,31.571901
test,A5,3.769,31.649454
test,A5,3.801,31.56481
test,A5,3.667,31.924345
test,A5,3.485,31.516485
test,A5,3.316,31.624758
test,A5,3.031,32.161457
test,A5,2.5416238,32.192337
test,A5,1.8435159,32.17825
test,A5,1.0128921,32.404263
test,A5,0.288,31.501947
test,A5,0.0,31.721354
test,A5,0.0,31.623327
test,A5,0.0,31.985216
test,A5,0.0,31.50384
test,A5,0.0,31.54087
test,A5,0.0,31.859907
test,A5,0.0,31.805038
test,A5,0.0,31.566181
test,A5,0.0,31.816015
test,A5,0.0,31.877163
test,A5,0.0,31.428967
test,A5,0.0,31.43305
test,A5,0.0,31.762405
test,A5,0.0,31.76642
test,A5,0.0,31.478832
test,A5,0.0,31.475267
test,A5,0.0,31.52764
test,A5,0.0,31.672451
test,A5,0.0,31.879896
test,A5,0.0,31.708094
test,A5,0.0,31.646914
test,A5,0.0,31.52279
test,A5,0.0,31.554094
test,A5,0.0,31.598343
test,A5,0.0,31.97421
test,A5,0.0,31.61748
test,A5,0.0,31.757654
test,A5,0.0,31.347837
test,A5,0.0,31.478283
test,A5,0.0,31.717268
test,A5,0.0,32.035194
test,A5,0.0,31.42593
test,A5,0.0,31.872683
test,A5,0.0,31.481714
test,A5,0.0,31.871641
test,A5,0.0,31.831
test,A5,0.0,31.483858
test,A5,0.0,31.619886
test,A5,0.0,31.83395
test,A5,0.0,31.497448
test,A5,0.0,31.54504
test,A5,0.0,31.728745
test,A5,0.0,31.832376
test,A5,0.0,31.471899
test,A5,0.0,32.13887
test,A5,0.064,31.48026
test,A5,0.403,31.380693
test,A5,0.77,31.447163
test,A5,0.985,31.323057
test,A5,1.386,31.541712
test,A5,1.87,31.940397
test,A5,2.215,31.673452
test,A5,2.323,31.804552
test,A5,2.401,31.450808
test,A5,2.634,31.576885
test,A5,2.897,31.566936
test,A5,3.235,31.92578
test,A5,3.583,31.581198
test,A5,3.9010248,31.471025
test,A5,4.069926,31.447989
test,A5,3.998901,31.533646
test,A5,3.971,31.646301
test,A5,4.043,31.953733
test,A5,4.054,31.861776
test,A5,3.925,31.746876
test,A5,3.717,31.845661
test,A5,3.586,32.09952
test,A5,3.494,31.599995
test,A5,3.422,31.689503
test,A5,3.388,32.07291
test,A5,3.383,31.875263
test,A5,3.37,31.435041
test,A5,3.243,31.818216
test,A5,3.094,31.940355
test,A5,2.8698912,31.930431
test,A5,2.5968912,32.12298
test,A5,2.419,31.679335
test,A5,2.201,31.744694
test,A5,2.065,31.860756
test,A5,2.068,31.66188
test,A5,2.0770347,32.093403
test,A5,2.0690346,31.76503
test,A5,2.111,31.362934
test,A5,2.217,31.568144
test,A5,2.239,31.832972
test,A5,2.328,31.593632
test,A5,2.464,31.517202
test,A5,2.4561088,31.566874
test,A5,2.339109,31.847334
test,A5,2.249,31.674124
test,A5,2.177,31.85483
test,A5,1.902,31.88732
test,A5,1.46,32.095818
test,A5,0.952,32.281593
test,A5,0.61166334,32.22473
test,A5,0.27166337,31.775318
test,A5,0.0,31.484644
test,A5,0.0,31.926472
test,A5,0.0,31.431593
test,A5,0.0,31.883905
test,A5,0.0,31.635118
test,A5,0.0,31.33851
test,A5,0.0,31.933277
test,A5,0.0,32.048588
test,A5,0.0,31.824919
test,A5,0.0,31.81582
test,A5,0.0,31.592695
test,A5,0.0,31.780535
test,A5,0.0,31.53631
test,A5,0.0,31.549906
test,A5,0.0,31.873999
test,A5,0.0,31.995695
test,A5,0.0,32.064014
test,A5,0.0,31.662504
test,A5,0.0,31.559935
test,A5,0.0,31.678911
test,A5,0.0,31.652027
test,A5,0.0,31.728048
test,A5,0.0,31.555517
test,A5,0.0,31.84078
test,A5,0.0,31.532885
test,A5,0.0,31.729128
test,A5,0.0,31.47941
test,A5,0.0,31.826056
test,A5,0.0,31.824774
test,A5,0.0,31.54482
test,A5,0.0,31.88191
test,A5,0.0,31.613985
test,A5,0.06,31.788662
test,A5,0.394,31.021875
test,A5,0.832,31.53783
test,A5,1.125,31.431938
test,A5,1.3339406,31.438631
test,A5,1.4849406,31.52259
test,A5,1.674,31.94628
test,A5,1.9,31.691767
test,A5,2.035,31.73883
test,A5,2.114,31.630629
test,A5,2.209,31.598722
test,A5,2.302,31.952555
test,A5,2.376,31.783022
test,A5,2.409,31.935728
test,A5,2.45599,31.59575
test,A5,2.49699,31.419096
test,A5,2.479,31.660189
test,A5,2.442,31.426023
test,A5,2.334,32.03878
test,A5,2.026,31.957344
test,A5,1.624,32.071396
test,A5,1.301,32.091713
test,A5,1.014,31.984472
test,A5,0.798,31.64411
test,A5,0.762,31.499468
test,A5,0.831,31.823586
test,A5,0.94293565,31.603113
test,A5,1.0839356,31.739761
test,A5,1.239,31.491144
test,A5,1.447,31.66549
test,A5,1.708,31.549292
test,A5,1.945,32.086197
test,A5,2.058,31.51691
test,A5,2.145,31.867868
test,A5,2.332,31.742414
test,A5,2.5761585,31.321348
test,A5,2.8781583,31.764793
test,A5,3.292,31.857706
test,A5,3.799,31.696531
test,A5,4.264,31.428473
test,A5,4.549,31.660799
test,A5,4.57,31.858526
test,A5,4.473,31.875477
test,A5,4.284,32.046314
test,A5,4.081,32.108627
test,A5,3.909,31.647396
test,A5,3.877,31.861193
test,A5,4.012,31.668472
test,A5,4.033,31.813856
test,A5,4.003,31.846283
test,A5,3.994,31.772667
test,A5,3.96,31.981356
test,A5,3.736,31.54281
test,A5,3.154,31.834381
test,A5,2.325,32.123924
test,A5,1.59,31.94509
test,A5,1.202,32.282776
test,A5,0.762,31.743563
test,A5,0.36920297,31.925436
test,A5,0.16420297,31.99465
test,A5,0.0,31.443651
test,A5,0.0,31.812645
test,A5,0.0,31.548975
test,A5,0.0,31.705359
test,A5,0.0,31.497044
test,A5,0.0,31.919777
test,A5,0.0,31.406145
test,A5,0.0,31.782366
test,A5,0.0,31.924519
test,A5,0.0,31.491243
test,A5,0.0,31.641472
test,A5,0.0,31.786638
test,A5,0.0,32.04546
test,A5,0.0,31.946363
test,A5,0.0,31.878588
test,A5,0.0,31.522587
test,A5,0.0,31.986355
test,A5,0.0,31.80174
test,A5,0.0,31.926043
test,A5,0.0,31.468782
test,A5,0.0,31.70609
test,A5,0.0,31.617281
test,A5,0.0,31.915014
test,A5,0.0,32.018375
test,A5,0.0,31.469954
test,A5,0.0,31.899534
test,A5,0.0,31.650133
test,A5,0.0,31.816057
test,A5,0.0,31.802855
test,A5,0.0,31.432512
test,A5,0.0,32.020966
test,A5,0.0,31.987986
test,A5,0.0,31.749403
test,A5,0.0,31.630686
test,A5,0.0,31.898909
test,A5,0.0,31.760513
test,A5,0.0,31.44047
test,A5,0.0,31.653898
test,A5,0.113,31.640505
test,A5,0.739,31.073202
test,A5,1.542,31.42692
test,A5,2.028,31.620848
test,A5,2.282,31.482073
test,A5,2.386,31.785126
test,A5,2.488,31.90318
test,A5,2.716,31.97325
test,A5,3.092,31.473696
test,A5,3.45,31.07385
test,A5,3.779,31.919378
test,A5,4.011,31.462217
test,A5,4.2108665,31.842287
test,A5,4.488733,31.798695
test,A5,4.7458663,31.861647
test,A5,4.93,31.410707
test,A5,5.014,31.756987
test,A5,5.024,31.849865
test,A5,4.994,31.704224
test,A5,4.958,31.421976
test,A5,4.897,31.610746
test,A5,4.84,32.034637
test,A5,4.81,31.798574
test,A5,4.766,31.722532
test,A5,4.751,31.77326
test,A5,4.7449656,32.0504
test,A5,4.690965,31.972305
test,A5,4.6370444,31.62797
test,A5,4.652045,32.295734
test,A5,4.691,31.829924
test,A5,4.751,32.193146
test,A5,4.855,31.377424
test,A5,5.109,31.704126
test,A5,5.571,31.686281
test,A5,5.974,31.67784
test,A5,6.271,31.418089
test,A5,6.565901,31.677032
test,A5,6.797901,31.588686
test,A5,6.924,31.588213
test,A5,6.989,31.490908
test,A5,7.002,31.780266
test,A5,6.872,32.348335
test,A5,6.694,32.20178
test,A5,6.576,32.14853
test,A5,6.53,32.212093
test,A5,6.583,32.109955
test,A5,6.587,31.580729
test,A5,6.303,31.793394
test,A5,5.87,31.841188
test,A5,5.54,32.274254
test,A5,5.16,31.99754
test,A5,4.667,32.218445
test,A5,4.247,32.370422
test,A5,4.036,31.885141
test,A5,3.957,32.07322
test,A5,3.941,31.70975
test,A5,3.917,31.66408
test,A5,3.886,31.303663
test,A5,3.8859901,31.53318
test,A5,3.8719902,31.442877
test,A5,3.8829951,31.806345
test,A5,3.896995,31.513365
test,A5,3.905,31.98697
test,A5,3.9070249,32.292747
test,A5,3.9220247,32.117485
test,A5,3.9560199,31.768057
test,A5,3.9940197,31.935339
test,A5,4.057,31.793184
test,A5,4.092,31.747244
test,A5,4.136,31.576529
test,A5,4.209,31.48362
test,A5,4.253,31.61101
test,A5,4.294,31.699366
test,A5,4.333,31.638937
test,A5,4.359,31.67494
test,A5,4.424,31.547136
test,A5,4.454,31.625034
test,A5,4.432,31.790749
test,A5,4.462,32.12553
test,A5,4.59,31.321241
test,A5,4.78,31.511814
test,A5,4.919,31.432283
test,A5,5.0179305,31.434021
test,A5,5.124931,31.778902
test,A5,5.199,31.853308
test,A5,5.287,31.57698
test,A5,5.444,31.88722
test,A5,5.608,31.72111
test,A5,5.895,32.011784
test,A5,6.372,30.986252
test,A5,6.828,31.56167
test,A5,7.145,31.837723
test,A5,7.356,31.722143
test,A5,7.51,32.149055
test,A5,7.671,31.885736
test,A5,7.856,31.870096
test,A5,7.936,31.776808
test,A5,7.9,31.699411
test,A5,7.791,32.25772
test,A5,7.68,31.95796
test,A5,7.725,32.534714
test,A5,7.849931,31.514029
test,A5,7.9829307,31.690615
test,A5,8.14,32.003254
test,A5,8.225104,31.99154
test,A5,8.141104,31.546034
test,A5,8.052,32.235214
test,A5,8.11,31.786488
test,A5,8.261,31.46771
test,A5,8.408,32.10714
test,A5,8.537,31.884874
test,A5,8.768,31.667412
test,A5,9.207,31.36403
test,A5,9.719175,31.028955
test,A5,10.112285,32.03685
test,A5,10.39411,31.8002
test,A5,10.687,31.919594
test,A5,11.060099,31.751429
test,A5,11.341099,32.134697
test,A5,11.425,31.731003
test,A5,11.414,31.256685
test,A5,11.368,31.524393
test,A5,11.397,31.832905
test,A5,11.642,31.785492
test,A5,12.1633215,31.250185
test,A5,12.775322,31.117628
test,A5,13.127,31.557611
test,A5,13.313,31.79155
test,A5,13.641,31.282452
test,A5,14.113,32.157684
test,A5,14.495,32.111565
test,A5,14.619,32.139885
test,A5,14.652,31.719297
test,A5,14.776,31.922342
test,A5,15.094,32.27106
test,A5,15.57173,31.716276
test,A5,16.087997,31.603703
test,A5,16.617268,31.833158
test,A5,17.084,31.415586
test,A5,17.469,31.157637
test,A5,17.791065,32.675957
test,A5,17.995064,31.969606
test,A5,18.112,31.754652
test,A5,18.342,32.05193
test,A5,18.77,31.437578
test,A5,19.257,31.709877
test,A5,19.649,31.513773
test,A5,19.833,31.920097
test,A5,19.854,31.548529
test,A5,19.802,31.489378
test,A5,19.763,31.824087
test,A5,19.723,31.384165
test,A5,19.66,32.177917
test,A5,19.572,31.494452
test,A5,19.442,31.36458
test,A5,19.358,31.610407
test,A5,19.299,31.71715
test,A5,19.23209,31.831291
test,A5,19.130089,32.02034
test,A5,19.137,31.50477
test,A5,19.392,31.68486
test,A5,19.743,32.451477
test,A5,20.22,32.35246
test,A5,20.874,31.388754
test,A5,21.166,31.515272
test,A5,21.155,32.29452
test,A5,21.184,31.648293
test,A5,21.265,31.801405
test,A5,21.451,31.933321
test,A5,21.446,32.316284
test,A5,21.324,31.63798
test,A5,21.236,32.310097
test,A5,20.996,31.358091
test,A5,21.019,31.96916
test,A5,21.194,32.699127
test,A5,21.033,31.885233
test,A5,20.649,31.816927
test,A5,20.315,31.942202
test,A5,20.125,31.41981
test,A5,19.775,31.90003
test,A5,19.456,32.786118
test,A5,19.261,32.05243
test,A5,19.09199,32.025036
test,A5,19.03199,31.479755
test,A5,18.99,31.928965
test,A5,18.997,31.84402
test,A5,19.188238,31.414892
test,A5,19.125238,31.41042
test,A5,18.801,32.020294
test,A5,18.681,32.65058
test,A5,18.546,30.929438
test,A5,18.36,31.816792
test,A5,18.207,31.85593
test,A5,18.032,31.96475
test,A5,17.842,32.210606
test,A5,17.784,31.457277
test,A5,17.845,32.67115
test,A5,17.897842,31.374546
test,A5,18.081842,32.05609
test,A5,18.331104,31.710842
test,A5,18.562103,31.366102
test,A5,18.927,31.22874
test,A5,19.404806,31.531118
test,A5,19.852045,31.87879
test,A5,20.267237,31.732508
test,A5,20.58,31.984852
test,A5,20.818,31.209927
test,A5,21.078,31.755537
test,A5,21.226,32.026527
test,A5,21.402,31.598236
test,A5,21.463,31.590343
test,A5,21.182316,32.07933
test,A5,21.192316,31.8471
test,A5,21.451921,32.08889
test,A5,21.579922,31.709127
test,A5,21.662994,31.769295
test,A5,21.662994,31.953018
test,A5,21.603,31.658968
test,A5,21.553,31.471916
test,A5,21.548,31.678968
test,A5,21.559,31.548548
test,A5,21.542,31.361511
test,A5,21.479,32.34162
test,A5,21.425,31.717363
test,A5,21.356,31.38852
test,A5,21.247,31.648596
test,A5,21.309,31.246778
test,A5,21.433,31.28843
test,A5,21.379,32.19771
test,A5,21.357044,31.863317
test,A5,21.358046,31.783674
test,A5,21.314917,31.936842
test,A5,21.227917,31.72052
test,A5,21.139,31.170874
test,A5,21.265,32.06139
test,A5,21.473,31.783918
test,A5,21.491,31.506914
test,A5,21.436,31.44021
test,A5,21.473,32.296707
test,A5,21.616,32.64134
test,A5,21.618,31.187117
test,A5,21.439,31.816545
test,A5,21.425,32.02359
test,A5,21.567,31.910175
test,A5,21.667,32.140766
test,A5,21.694,31.801153
test,A5,21.552,32.537876
test,A5,21.323,31.674276
test,A5,21.36003,32.12948
test,A5,21.44603,31.690626
test,A5,21.383005,31.469027
test,A5,21.389006,32.284973
test,A5,21.538,31.730421
test,A5,21.542,31.938026
test,A5,21.334,31.912563
test,A5,21.271,32.08231
test,A5,21.314,31.304974
test,A5,21.522,31.46832
test,A5,21.701,31.113115
test,A5,21.537,31.741253
test,A5,21.365,31.368345
test,A5,21.495,31.848528
test,A5,21.699,31.414804
test,A5,21.68791,31.561075
test,A5,21.484911,31.923132
test,A5,21.015,32.429554
test,A5,20.624,31.655022
test,A5,20.479,31.955034
test,A5,20.318,32.230408
test,A5,19.936,31.60272
test,A5,19.675,32.177242
test,A5,19.849743,31.980116
test,A5,19.736742,32.093132
test,A5,19.54,31.980879
test,A5,19.702,31.902214
test,A5,19.796,31.809376
test,A5,19.868,31.63687
test,A5,19.958323,32.469414
test,A5,19.416323,31.552431
test,A5,18.898827,31.58586
test,A5,19.10098,31.24209
test,A5,19.422281,31.604744
test,A5,19.78213,31.420046
test,A5,20.308535,31.923937
test,A5,20.159534,31.702297
test,A5,19.531,31.468607
test,A5,19.185,33.004128
test,A5,18.692,32.385284
test,A5,17.949,32.02314
test,A5,16.798,33.336205
test,A5,15.148763,32.795357
test,A5,12.971544,33.50631
test,A5,10.584783,33.25895
test,A5,8.736,32.661896
test,A5,7.692,31.790249
test,A5,7.129,31.897133
test,A5,6.472,31.746042
test,A5,5.887,32.090904
test,A5,5.63,31.688993
test,A5,5.44,31.338099
test,A5,5.51,30.862652
test,A5,6.065,31.52112
test,A5,6.561,30.569315
test,A5,6.713,31.706425
test,A5,6.721,31.86371
test,A5,6.59,32.070583
test,A5,6.312,32.57922
test,A5,5.57,32.42172
test,A5,4.671,31.583725
test,A5,4.095,32.195133
test,A5,4.063,31.531918
test,A5,4.306,31.75192
test,A5,4.679,31.721066
test,A5,5.54,30.80696
test,A5,6.333,31.42116
test,A5,6.503,31.356335
test,A5,6.2607675,31.721834
test,A5,5.8797674,32.227505
test,A5,5.47,32.14946
test,A5,5.15,32.044666
test,A5,4.96,31.6582
test,A5,4.7677526,32.034615
test,A5,4.3327527,31.771893
test,A5,3.612,32.16811
test,A5,3.046,32.155827
test,A5,2.9039605,31.92943
test,A5,2.8799603,32.335747
test,A5,2.897,32.00215
test,A5,2.949,32.060406
test,A5,2.866,31.626143
test,A5,2.779,31.761545
test,A5,2.712,31.635477
test,A5,2.596,31.725
test,A5,2.492,31.602013
test,A5,2.4870842,31.54496
test,A5,2.6080842,31.719154
test,A5,2.714,31.351488
test,A5,3.03,31.594984
test,A5,3.445,31.624046
test,A5,3.4438317,31.915842
test,A5,3.1498318,31.825468
test,A5,2.821,32.133553
test,A5,2.192,31.931152
test,A5,1.566,32.171818
test,A5,0.696,32.438263
test,A5,0.0,31.973007
test,A5,0.0,31.92167
test,A5,0.0,31.545744
test,A5,0.0,31.611397
test,A5,0.0,31.367903
test,A5,0.0,31.39044
test,A5,0.0,30.94159
test,A5,0.0,31.24353
test,A5,0.10547525,31.709455
test,A5,0.5294753,31.802534
test,A5,0.424,31.957663
test,A5,0.0,32.159153
test,A5,0.0,31.679392
test,A5,0.0,31.599142
test,A5,0.0,31.718012
test,A5,0.0,31.572157
test,A5,0.0,31.338018
test,A5,0.0,31.266298
test,A5,0.0,31.421936
test,A5,0.0,31.830101
test,A5,0.0,31.709543
test,A5,0.0,31.66025
test,A5,0.0,31.194752
test,A5,0.152,31.144556
test,A5,0.9040396,31.413635
test,A5,1.4660397,31.567614
test,A5,1.439,31.84218
test,A5,1.639,31.648226
test,A5,2.022,31.272139
test,A5,2.189,31.371855
test,A5,2.047,32.125694
test,A5,1.718,31.798191
test,A5,1.27,31.92111
test,A5,1.075,31.659794
test,A5,1.348765,31.49138
test,A5,1.790765,31.14866
test,A5,2.001,31.787445
test,A5,1.692,31.807875
test,A5,1.33,31.569578
test,A5,1.4241188,31.250042
test,A5,1.6651188,31.537329
test,A5,1.784,31.579386
test,A5,1.885,31.894619
test,A5,1.99,31.448393
test,A5,2.001,31.87815
test,A5,1.972,31.24043
test,A5,2.015,31.763575
test,A5,2.067,31.721516
test,A5,2.014,31.759003
test,A5,1.892,32.124863
test,A5,1.688,31.866737
test,A5,1.408,31.946863
test,A5,1.077,31.923231
test,A5,0.919,31.760553
test,A5,0.96,31.774168
test,A5,0.89489603,31.671766
test,A5,0.9108218,31.609783
test,A5,1.0709257,31.457355
test,A5,1.14,31.578913
test,A5,1.157,31.295422
test,A5,1.172,31.162626
test,A5,1.352,31.572504
test,A5,1.671,31.523333
test,A5,1.804,31.704443
test,A5,1.87,31.75368
test,A5,1.998,31.64846
test,A5,2.032,31.48485
test,A5,2.055,31.55691
test,A5,2.13,31.295605
test,A5,2.183,31.457151
test,A5,2.136,31.588224
test,A5,2.061,31.629957
test,A5,2.077,31.509192
test,A5,2.137,31.809229
test,A5,2.191,31.456747
test,A5,2.207,31.539762
test,A5,2.159,31.546768
test,A5,2.089,31.514442
test,A5,2.065,31.792921
test,A5,2.057,31.654886
test,A5,2.037,31.432974
test,A5,2.095,31.776281
test,A5,2.12,31.203436
test,A5,2.04,31.621132
test,A5,1.948,31.863867
test,A5,1.924,31.763718
test,A5,2.0519505,31.27593
test,A5,2.1909504,31.607023
test,A5,2.24,31.462698
test,A5,2.248,31.83879
test,A5,2.179,31.915655
test,A5,2.081,31.479277
test,A5,2.029,31.945398
test,A5,2.047,32.218895
test,A5,2.029,31.849009
test,A5,1.913,31.993399
test,A5,1.87,32.029816
test,A5,1.898,31.36667
test,A5,1.936,31.615982
test,A5,1.98,31.60629
test,A5,2.079,31.611258
test,A5,2.146,31.858763
test,A5,2.096,31.436407
test,A5,2.023,31.845272
test,A5,1.938,31.665434
test,A5,1.855,32.00663
test,A5,1.773,31.159506
test,A5,1.652,31.781996
test,A5,1.47,32.094116
test,A5,1.191,31.74484
test,A5,0.826,31.770933
test,A5,0.567,32.06174
test,A5,0.252,31.769537
test,A5,0.0,31.893679
test,A5,0.0,31.721922
test,A5,0.0,32.050835
test,A5,0.087,31.445467
test,A5,0.612,30.93231
test,A5,1.411,31.455868
test,A5,1.779,32.158955
test,A5,1.804,31.936975
test,A5,1.849,31.37235
test,A5,1.909,31.74196
test,A5,2.027,31.795633
test,A5,2.127,31.789654
test,A5,2.1920297,30.933163
test,A5,2.2740297,31.456957
test,A5,2.329,32.01247
test,A5,2.308,31.367361
test,A5,2.225,31.466906
test,A5,2.16,31.751905
test,A5,2.137,31.474504
test,A5,2.119,32.071022
test,A5,2.1,31.44372
test,A5,2.121,31.441341
test,A5,2.122,31.837019
test,A5,2.102,32.247574
test,A5,2.053,31.866564
test,A5,1.984,31.736454
test,A5,1.992,31.762869
test,A5,2.039,31.955072
test,A5,2.014,31.707876
test,A5,1.916995,31.608717
test,A5,1.862995,32.164375
test,A5,1.85,31.997171
test,A5,1.834,31.749624
test,A5,1.867,31.543974
test,A5,1.935,31.65384
test,A5,1.9,31.767935
test,A5,1.741,31.714436
test,A5,1.715,31.796347
test,A5,1.944,31.5757
test,A5,2.017,31.55004
test,A5,1.795,31.688343
test,A5,1.558,31.810617
test,A5,1.4,31.939129
test,A5,1.396,31.761
test,A5,1.606,31.57698
test,A5,1.916,31.530539
test,A5,2.109,31.628988
test,A5,2.145,31.833681
test,A5,2.127,31.571493
test,A5,2.026039,31.829454
test,A5,1.9030389,31.735975
test,A5,1.873,31.537682
test,A5,1.863,31.857794
test,A5,1.843,31.720015
test,A5,1.791,31.554817
test,A5,1.8262079,31.512606
test,A5,2.115208,30.96171
test,A5,2.524,31.144499
test,A5,2.85,31.180378
test,A5,3.092,31.424429
test,A5,3.257,31.591986
test,A5,3.196,31.772264
test,A5,2.944,31.913893
test,A5,2.673,32.005306
test,A5,2.447,32.11112
test,A5,2.259,31.802456
test,A5,2.083075,31.636879
test,A5,1.923075,31.728176
test,A5,1.779,31.603045
test,A5,1.7451435,31.722689
test,A5,1.9271436,31.922995
test,A5,2.238,30.989763
test,A5,2.531,31.452246
test,A5,2.692,31.179642
test,A5,2.661,31.73868
test,A5,2.589,31.484505
test,A5,2.6441486,31.22006
test,A5,2.8671484,31.020674
test,A5,3.184,31.328712
test,A5,3.37,31.777533
test,A5,3.278,32.11558
test,A5,3.01,31.798458
test,A5,2.72,31.960081
test,A5,2.479,31.683092
test,A5,2.287,31.908962
test,A5,2.182,31.940567
test,A5,2.315,31.447943
test,A5,2.947599,30.851507
test,A5,3.942599,31.195269
test,A5,4.516,31.582104
test,A5,4.374,31.216177
test,A5,3.905,31.750422
test,A5,3.282,31.76991
test,A5,2.71814,32.22085
test,A5,2.37314,31.991234
test,A5,2.082,31.780733
test,A5,1.77,31.843147
test,A5,1.449,31.641817
test,A5,1.07,31.776026
test,A5,0.765,32.354347
test,A5,0.34,32.13448
test,A5,0.0,31.246014
test,A5,0.136,31.186611
test,A5,0.845,31.283762
test,A5,1.56,31.324577
test,A5,1.805,31.99072
test,A5,1.904,31.570768
test,A5,1.911,31.6966
test,A5,1.998,31.960768
test,A5,2.19,31.887386
test,A5,2.251,31.831144
test,A5,2.164,31.752625
test,A5,2.109,31.594454
test,A5,2.058,31.729095
test,A5,2.032,31.647205
test,A5,2.051,31.97314
test,A5,2.107,31.040846
test,A5,2.151,31.57266
test,A5,2.12,31.60286
test,A5,2.056,31.55281
test,A5,2.042,31.500525
test,A5,2.046,31.942924
test,A5,2.071,31.887426
test,A5,2.308,31.768095
test,A5,2.626,31.552515
test,A5,2.705,31.647879
test,A5,2.566,31.803688
test,A5,2.369,31.71041
test,A5,2.202,31.698137
test,A5,2.229,30.936071
test,A5,2.388,31.93115
test,A5,2.3631039,32.035294
test,A5,2.1891038,31.969532
test,A5,2.08,32.026245
test,A5,2.074,31.658857
test,A5,2.158,31.84814
test,A5,2.334,31.127848
test,A5,2.64,31.34368
test,A5,2.8259306,32.06681
test,A5,2.7409308,31.703707
test,A5,2.573,31.39274
test,A5,2.319,31.725248
test,A5,2.129,31.754208
test,A5,2.094,32.08516
test,A5,2.0309753,31.651724
test,A5,1.9559753,31.484234
test,A5,1.991,31.503305
test,A5,2.172,31.6177
test,A5,2.455,31.673182
test,A5,2.685,31.636494
test,A5,2.704,31.30965
test,A5,2.6270742,31.264997
test,A5,2.6881633,31.620176
test,A5,2.890089,31.483107
test,A5,3.327,31.234093
test,A5,4.143,30.913029
test,A5,5.127,30.590256
test,A5,6.289,30.785425
test,A5,7.34,31.216282
test,A5,7.881,31.165403
test,A5,8.32,31.631243
test,A5,8.879,31.650705
test,A5,9.316,31.988573
test,A5,9.506,31.69058
test,A5,9.591,32.099735
test,A5,9.435,32.41604
test,A5,9.016,31.573477
test,A5,8.508,32.074173
test,A5,7.927,32.552994
test,A5,7.196,31.947077
test,A5,6.209,32.315884
test,A5,5.31,31.65322
test,A5,4.6622176,31.474485
test,A5,4.1952176,31.965002
test,A5,4.131,31.218466
test,A5,4.6194158,31.26058
test,A5,5.577911,30.97778
test,A5,6.659495,30.730238
test,A5,7.682,31.041376
test,A5,8.713,32.40622
test,A5,9.838,31.792902
test,A5,10.876,31.804636
test,A5,11.306,31.564367
test,A5,11.354,32.08409
test,A5,11.478,32.00325
test,A5,11.616,31.821169
test,A5,11.744,31.591513
test,A5,11.862,31.772516
test,A5,11.978,31.33977
test,A5,12.110975,31.971735
test,A5,12.1539755,32.0391
test,A5,11.960079,31.447039
test,A5,11.875079,31.488333
test,A5,12.085,31.79302
test,A5,12.438,31.447126
test,A5,12.754,31.953215
test,A5,12.784,31.468897
test,A5,12.399,31.451029
test,A5,11.791,31.827173
test,A5,11.205,31.62757
test,A5,10.82,32.248398
test,A5,10.752807,31.687298
test,A5,10.986807,31.413618
test,A5,11.507,31.294641
test,A5,12.032,32.084118
test,A5,12.396856,32.03205
test,A5,12.651856,31.65085
test,A5,12.692,31.123884
test,A5,12.319,31.800692
test,A5,11.865,32.099133
test,A5,11.672,31.637213
test,A5,11.769,31.736906
test,A5,12.143,31.113167
test,A5,12.652668,31.571482
test,A5,13.235668,30.80546
test,A5,13.83,31.516703
test,A5,14.583,31.561075
test,A5,15.29,32.12919
test,A5,15.671,32.13606
test,A5,15.577,32.377743
test,A5,15.133,31.879536
test,A5,14.943,31.79822
test,A5,15.068,31.631744
test,A5,15.311,32.700493
test,A5,15.439,32.286377
test,A5,15.455,31.94343
test,A5,15.496,32.179054
test,A5,15.703,32.223488
test,A5,15.881,32.566025
test,A5,15.939881,31.2788
test,A5,16.149881,32.033104
test,A5,16.508,32.19249
test,A5,16.846,32.092426
test,A5,16.983,32.29338
test,A5,17.142,32.47026
test,A5,17.23,31.749598
test,A5,17.157,32.101864
test,A5,17.21,32.369076
test,A5,17.336,32.216618
test,A5,17.425154,31.468992
test,A5,17.310154,32.46552
test,A5,17.078,31.884691
test,A5,17.064,31.841501
test,A5,17.216,32.21563
test,A5,17.272,31.785711
test,A5,17.227,32.557663
test,A5,17.140886,31.608501
test,A5,16.964886,31.939972
test,A5,16.771,32.066177
test,A5,16.608,32.149525
test,A5,16.48204,32.32852
test,A5,16.39004,32.396904
test,A5,16.289,31.464834
test,A5,16.171,31.947031
test,A5,15.995,32.118256
test,A5,15.837,32.126358
test,A5,15.878,32.024826
test,A5,16.01,31.95423
test,A5,16.012,31.708498
test,A5,16.082,31.592613
test,A5,16.419,31.47139
test,A5,16.831,31.884449
test,A5,17.06,32.122074
test,A5,17.069,31.631338
test,A5,17.014,31.318233
test,A5,16.986109,31.80229
test,A5,17.118109,32.245186
test,A5,17.491,32.53479
test,A5,17.972,32.826378
test,A5,18.309,31.60756
test,A5,18.458,32.384796
test,A5,18.634,31.995684
test,A5,18.834,32.117256
test,A5,18.946,32.243896
test,A5,19.024,32.214516
test,A5,19.06609,31.134832
test,A5,19.02609,32.155407
test,A5,19.11998,32.54348
test,A5,19.23198,31.632566
test,A5,19.188,31.695301
test,A5,19.112,31.8142
test,A5,18.964,31.989998
test,A5,18.79,31.838785
test,A5,18.657,32.387558
test,A5,18.607,31.222467
test,A5,18.638,31.848867
test,A5,18.799763,32.471767
test,A5,19.157763,31.957184
test,A5,19.532,31.43252
test,A5,19.852,30.873255
test,A5,20.219,31.38487
test,A5,20.598,31.254713
test,A5,20.884,32.718666
test,A5,20.993,32.50554
test,A5,20.838,31.644575
test,A5,20.612,31.658737
test,A5,20.437,32.14792
test,A5,20.365,32.34075
test,A5,20.519,31.522821
test,A5,20.85,31.394327
test,A5,20.949,31.570108
test,A5,20.779,31.23197
test,A5,20.765,31.912619
test,A5,20.716,31.37272
test,A5,20.263,31.555412
test,A5,19.858,32.05731
test,A5,19.76,31.708944
test,A5,19.628,31.020727
test,A5,19.584,30.670515
test,A5,19.613,31.70738
test,A5,19.701,32.332546
test,A5,19.847,31.86221
test,A5,19.83,32.540302
test,A5,19.701,31.524393
test,A5,19.546,31.546112
test,A5,19.356,32.09576
test,A5,19.182886,31.199474
test,A5,19.006886,32.431202
test,A5,18.886986,32.439972
test,A5,18.848986,31.794308
test,A5,18.829,32.133987
test,A5,18.87,30.921957
test,A5,18.965,31.236242
test,A5,18.916,31.405218
test,A5,18.804,31.719326
test,A5,18.809,32.088608
test,A5,18.735,32.209946
test,A5,18.557,31.205923
test,A5,18.16,32.214176
test,A5,17.298,31.709412
test,A5,16.253,33.09191
test,A5,14.983,31.84598
test,A5,13.471,32.359905
test,A5,12.469,32.530853
test,A5,11.959,32.180878
test,A5,11.589,31.477043
test,A5,11.497,32.060383
test,A5,11.533,31.317036
test,A5,11.439,31.435598
test,A5,11.195,31.878927
test,A5,10.895,32.014664
test,A5,10.57,32.121605
test,A5,10.078,32.024803
test,A5,9.377,31.443453
test,A5,9.012976,31.524225
test,A5,9.072975,31.32451
test,A5,9.266,31.156103
test,A5,9.66,31.31447
test,A5,9.931,31.209677
test,A5,9.874,31.238752
test,A5,9.82,31.32748
test,A5,10.012,31.632597
test,A5,10.355,31.29305
test,A5,10.559,30.913902
test,A5,10.524,31.313585
test,A5,10.715,31.581638
test,A5,11.128,31.490627
test,A5,11.721,31.244108
test,A5,12.354,31.461878
test,A5,12.693,31.668957
test,A5,13.032,31.73208
test,A5,13.409,31.754292
test,A5,13.549,31.1533
test,A5,13.76,31.933466
test,A5,14.257174,31.809584
test,A5,14.358173,31.790146
test,A5,14.219,31.256208
test,A5,14.505,31.315882
test,A5,14.926,31.423616
test,A5,15.224,31.313879
test,A5,15.532,30.552073
test,A5,16.022257,31.517519
test,A5,16.549257,30.862015
test,A5,16.707,31.791155
test,A5,16.733015,32.355927
test,A5,16.81498,31.69607
test,A5,16.804966,30.99733
test,A5,16.528906,31.582417
test,A5,16.162691,32.11857
test,A5,15.907963,31.843748
test,A5,15.879178,32.244587
test,A5,15.809,31.361448
test,A5,15.42,31.140463
test,A5,14.748,31.868034
test,A5,13.994,31.666338
test,A5,13.711862,31.764141
test,A5,13.598862,31.725561
test,A5,13.416975,31.741306
test,A5,13.305975,31.902264
test,A5,13.07,31.861052
test,A5,12.64828,31.989641
test,A5,12.17428,32.072105
test,A5,11.894,31.531994
test,A5,11.828,31.201189
test,A5,11.854,30.332556
test,A5,12.072,30.917273
test,A5,12.432099,31.330729
test,A5,12.542099,30.955935
test,A5,12.445,31.517529
test,A5,12.291,31.624681
test,A5,12.005,31.547832
test,A5,11.661,31.441347
test,A5,11.356,31.896223
test,A5,11.105,31.914331
test,A5,10.83,31.885504
test,A5,10.565,32.159218
test,A5,10.36,31.71523
test,A5,10.274,31.30964
test,A5,10.388817,31.296236
test,A5,10.712817,31.154352
test,A5,11.116,31.789907
test,A5,11.359,31.48147
test,A5,11.639,31.238113
test,A5,12.231,31.059042
test,A5,12.66,31.604471
test,A5,12.781,31.269964
test,A5,12.363,31.471376
test,A5,11.441,31.910452
test,A5,10.506,32.05641
test,A5,9.745,32.137714
test,A5,9.114,32.174915
test,A5,8.483,31.744505
test,A5,7.905515,31.975046
test,A5,7.130515,32.139214
test,A5,6.311,32.296707
test,A5,5.757,31.458223
test,A5,5.373,31.671478
test,A5,5.022,31.691626
test,A5,4.747,31.608824
test,A5,4.687,31.837004
test,A5,4.908,31.230875
test,A5,5.336,31.33672
test,A5,5.560975,30.994661
test,A5,5.501975,31.674683
test,A5,5.153,31.38997
test,A5,4.642,31.941057
test,A5,3.961,31.821966
test,A5,3.068,32.222206
test,A5,2.488,31.82149
test,A5,2.489,31.52218
test,A5,3.207,30.969385
test,A5,4.109,30.615374
test,A5,4.516,31.375778
test,A5,4.67,31.553566
test,A5,4.8462276,31.399641
test,A5,5.1952276,31.249632
test,A5,5.781,31.492949
test,A5,6.178,31.909348
test,A5,6.457,31.228064
test,A5,6.7629156,31.447367
test,A5,6.911916,31.409836
test,A5,6.874,31.602015
test,A5,6.741,31.554228
test,A5,6.607,31.610483
test,A5,6.505,31.64814
test,A5,6.306,32.19452
test,A5,5.911,31.92877
test,A5,5.516,31.839302
test,A5,5.101,31.713404
test,A5,4.607,31.823359
test,A5,4.125,31.792685
test,A5,3.681,32.225666
test,A5,3.271,31.813063
test,A5,2.955654,31.844343
test,A5,2.8976538,31.507452
test,A5,2.935,31.71295
test,A5,2.765,31.66517
test,A5,2.689,31.174433
test,A5,2.949,31.579008
test,A5,3.38,31.114376
test,A5,3.803,31.489336
test,A5,3.973,31.729284
test,A5,3.96,31.666964
test,A5,3.912,31.491488
test,A5,3.77,31.630915
test,A5,3.618,31.739956
test,A5,3.427,32.161423
test,A5,3.114,32.19102
test,A5,2.832,31.823156
test,A5,2.65,31.956165
test,A5,2.508,32.16588
test,A5,2.4,31.807177
test,A5,2.308,31.897356
test,A5,2.207,31.511896
test,A5,1.893,31.839924
test,A5,1.399,32.014683
test,A5,1.099,31.607317
test,A5,1.3791337,31.618876
test,A5,1.8291336,31.547531
test,A5,1.945,31.37739
test,A5,1.843,31.361708
test,A5,1.805,31.169287
test,A5,2.045,31.715565
test,A5,2.229,31.933504
test,A5,2.334,31.131784
test,A5,2.369,31.599485
test,A5,2.371,31.6139
test,A5,2.374,31.834146
test,A5,2.294,31.805
test,A5,2.33,31.898685
test,A5,2.4299407,31.27085
test,A5,2.5229406,31.270912
test,A5,2.5478613,31.690912
test,A5,2.4248614,31.609873
test,A5,2.4031239,31.5706
test,A5,2.5681238,31.360657
test,A5,2.599,31.527662
test,A5,2.519,32.147957
test,A5,2.558,31.566628
test,A5,2.647,31.343573
test,A5,2.627,32.145416
test,A5,2.594,31.560543
test,A5,2.577,31.447104
test,A5,2.501,31.412294
test,A5,2.378,31.4787
test,A5,2.241,31.612997
test,A5,2.1,31.919878
test,A5,2.014,32.14842
test,A5,2.118,31.903376
test,A5,2.335,31.347097
test,A5,2.413,31.292665
test,A5,2.289,31.79272
test,A5,2.112,31.933367
test,A5,1.957,31.707865
test,A5,1.8311336,31.777067
test,A5,1.6141337,32.08568
test,A5,1.196,31.910563
test,A5,0.771,31.917881
test,A5,0.566,31.986666
test,A5,0.543,31.799688
test,A5,0.612,31.674824
test,A5,0.707,31.52059
test,A5,0.87,31.445377
test,A5,1.171,31.351084
test,A5,1.582,31.043547
test,A5,1.98,31.470118
test,A5,2.158,31.7894
test,A5,2.01411,31.734556
test,A5,1.75711,31.845398
test,A5,1.677,31.622503
test,A5,1.954,31.44812
test,A5,2.248,31.50284
test,A5,2.326,31.322424
test,A5,2.345,31.70032
test,A5,2.323,31.65231
test,A5,2.278,31.347591
test,A5,2.047,31.87447
test,A5,1.6298218,32.09705
test,A5,1.2128218,31.868013
test,A5,0.864,31.796043
test,A5,0.7,32.045372
test,A5,0.654,31.926401
test,A5,0.424,32.097023
test,A5,0.24,31.593214
test,A5,0.24,31.4932
test,A5,0.24,31.725359
test,A5,0.24,31.344437
test,A5,0.216,31.509314
test,A5,0.096,31.316992
test,A5,0.0,31.76647
test,A5,0.0,31.963583
test,A5,0.0,31.352184
test,A5,0.0,31.320131
test,A5,0.205,31.00644
test,A5,1.277,31.017382
test,A5,2.361,30.985212
test,A5,2.723,30.854391
test,A5,3.006,31.470186
test,A5,3.207,31.493567
test,A5,3.135,31.612951
test,A5,2.843,31.754217
test,A5,2.6030743,31.440344
test,A5,2.4431584,31.845037
test,A5,2.278084,31.62844
test,A5,2.102,31.70545
test,A5,1.972,31.70445
test,A5,1.948,31.787008
test,A5,2.253,31.368435
test,A5,2.804,30.86573
test,A5,3.218,31.3105
test,A5,3.204,31.47752
test,A5,2.716416,31.753557
test,A5,1.9774158,31.872797
test,A5,1.2148465,32.05835
test,A5,0.74384654,31.706457
test,A5,0.62,31.650236
test,A5,0.62,31.669321
test,A5,0.62,31.623817
test,A5,0.62,31.691685
test,A5,0.62,31.661465
test,A5,0.62,31.58837
test,A5,0.62,31.44335
test,A5,0.62,31.482744
test,A5,0.62,31.361385
test,A5,0.62,31.77006
test,A5,0.62,31.517874
test,A5,0.558,31.732706
test,A5,0.248,31.843664
test,A5,0.0,31.771585
test,A5,0.0,31.803938
test,A5,0.0,30.897974
test,A5,0.0,31.400736
test,A5,0.0,31.03155
test,A5,0.0,30.881727
test,A5,0.0,30.824537
test,A5,0.0,31.437906
test,A5,0.0,31.397179
test,A5,0.0,31.675426
test,A5,0.222,31.396645
test,A5,1.3429456,31.829737
test,A5,2.2849455,31.529612
test,A5,2.318,31.695639
test,A5,2.284,31.486456
test,A5,2.295,31.656096
test,A5,2.447,31.514668
test,A5,2.47,31.957119
test,A5,2.37001,31.715952
test,A5,2.37001,31.736408
test,A5,2.361,31.462917
test,A5,2.319,31.538427
test,A5,2.332,31.258158
test,A5,2.495,31.380533
test,A5,2.536,31.415808
test,A5,2.48,31.595491
test,A5,2.575,31.82411
test,A5,2.6249654,31.77123
test,A5,2.5709653,31.712645
test,A5,2.51,31.51954
test,A5,2.479,31.483936
test,A5,2.413,31.627594
test,A5,2.302,31.695608
test,A5,2.206,31.823479
test,A5,2.2089555,31.60497
test,A5,2.2869554,31.28132
test,A5,2.271,31.614576
test,A5,2.138,31.992968
test,A5,1.9539208,31.708902
test,A5,1.7789208,31.655401
test,A5,1.658,31.97083
test,A5,1.748,31.19604
test,A5,2.155,31.36913
test,A5,2.589,31.165075
test,A5,2.813,31.713606
test,A5,2.814,31.291006
test,A5,2.656,31.723364
test,A5,2.505,32.236572
test,A5,2.436,31.759842
test,A5,2.371,31.723982
test,A5,2.214099,31.515156
test,A5,2.009099,31.787554
test,A5,1.767,31.685066
test,A5,1.391,31.898798
test,A5,1.11,31.474007
test,A5,0.985,31.671345
test,A5,0.878,31.742
test,A5,0.797,31.424309
test,A5,0.532,31.875818
test,A5,0.32,31.827837
test,A5,0.288,31.835405
test,A5,0.128,31.419237
test,A5,0.0,31.593538
test,A5,0.0,31.41528
test,A5,0.0,31.517467
test,A5,0.0,32.01687
test,A5,0.0,31.956238
test,A5,0.0,31.82038
test,A5,0.0,31.789755
test,A5,0.0,31.228476
test,A5,0.0,31.508799
test,A5,0.0,31.56516
test,A5,0.0,31.360308
test,A5,0.226,30.832342
test,A5,1.401,30.840471
test,A5,2.54,31.105228
test,A5,2.77,30.878906
test,A5,2.802965,31.539621
test,A5,2.736965,32.093914
test,A5,2.539,31.6846
test,A5,2.349,31.464817
test,A5,2.348,31.408857
test,A5,2.476,31.580961
test,A5,2.64,31.155687
test,A5,2.75,31.439178
test,A5,2.941,31.323301
test,A5,3.283,31.413382
test,A5,3.552,31.469471
test,A5,3.745,31.261839
test,A5,3.97,31.418623
test,A5,4.154,31.26583
test,A5,4.189,31.457264
test,A5,4.3020196,31.631857
test,A5,4.46902,31.623533
test,A5,4.612,31.612532
test,A5,4.972198,31.297514
test,A5,5.4224057,31.236763
test,A5,5.816208,31.998953
test,A5,6.137,31.849043
test,A5,6.447,31.635572
test,A5,6.836,31.667719
test,A5,7.115,31.50184
test,A5,7.316,31.55119
test,A5,7.608,31.40787
test,A5,7.813,31.68476
test,A5,7.888,31.600191
test,A5,8.039,31.442362
test,A5,8.367,31.438612
test,A5,8.828,31.464811
test,A5,9.286,31.459143
test,A5,9.688,31.135677
test,A5,9.924,31.760386
test,A5,9.928,32.188274
test,A5,9.904,31.615286
test,A5,10.078,31.824121
test,A5,10.44,31.622763
test,A5,10.718846,31.448908
test,A5,10.690846,31.674417
test,A5,10.603243,31.515123
test,A5,10.509243,31.522928
test,A5,10.748,31.723864
test,A5,11.214,31.35436
test,A5,11.494,31.198912
test,A5,11.797911,31.233908
test,A5,12.028911,31.846926
test,A5,12.183,31.669903
test,A5,12.202,32.059616
test,A5,12.375921,31.708603
test,A5,12.67792,31.834223
test,A5,12.87986,32.208466
test,A5,13.09686,31.412134
test,A5,13.137,31.524233
test,A5,12.984,31.57379
test,A5,12.805,31.631498
test,A5,12.758,31.178717
test,A5,12.827065,31.29706
test,A5,12.904065,31.78675
test,A5,12.922,32.052464
test,A5,12.817,31.860115
test,A5,12.675,32.000042
test,A5,12.622,31.55602
test,A5,12.518,32.639194
test,A5,12.301,32.5894
test,A5,12.285,32.108536
test,A5,12.363,31.524603
test,A5,12.352,31.52197
test,A5,12.366,31.594778
test,A5,12.48,31.767485
test,A5,12.507,32.065453
test,A5,12.523,30.591341
test,A5,12.862,31.571608
test,A5,13.162,32.024162
test,A5,13.332925,31.636164
test,A5,13.543925,31.952747
test,A5,13.718,31.964006
test,A5,13.761,31.519312
test,A5,13.6,31.453024
test,A5,13.399,31.391102
test,A5,13.285,31.830381
test,A5,13.074,31.947859
test,A5,12.642,32.102783
test,A5,12.36598,31.850023
test,A5,12.392981,31.917582
test,A5,12.633,31.516508
test,A5,12.952,31.602736
test,A5,13.133,31.605598
test,A5,13.05,31.879377
test,A5,12.779901,31.330189
test,A5,12.597901,31.42644
test,A5,12.678,31.466097
test,A5,12.673,31.730331
test,A5,12.426,31.424704
test,A5,11.819,31.756735
test,A5,10.795302,32.244766
test,A5,9.992302,32.01845
test,A5,9.611,31.645748
test,A5,9.368,31.733068
test,A5,9.181,31.469805
test,A5,9.264,31.637735
test,A5,9.651,31.210386
test,A5,9.961,31.519758
test,A5,10.187,31.731174
test,A5,10.804,31.201674
test,A5,11.35194,31.868616
test,A5,11.49894,32.006428
test,A5,11.616,31.549953
test,A5,11.724,31.833506
test,A5,11.491,31.762758
test,A5,11.494,32.03423
test,A5,11.595,31.702251
test,A5,11.404208,31.120848
test,A5,11.593208,31.38877
test,A5,11.914,31.397556
test,A5,12.031,31.442558
test,A5,12.1,31.522316
test,A5,12.434,31.429918
test,A5,12.802,31.144445
test,A5,13.141045,31.171995
test,A5,13.368721,31.891428
test,A5,13.508677,32.04957
test,A5,13.688,31.649189
test,A5,13.683,31.953007
test,A5,13.557,32.283573
test,A5,13.234,32.366302
test,A5,12.731,31.723986
test,A5,12.157,32.10533
test,A5,12.243,30.915937
test,A5,12.948,31.27549
test,A5,13.232,31.90458
test,A5,13.217901,31.523539
test,A5,13.292901,32.05739
test,A5,13.256,32.05884
test,A5,12.931,32.73198
test,A5,12.292,31.948639
test,A5,11.749,31.400595
test,A5,11.529,31.794958
test,A5,11.478,31.75417
test,A5,11.526,31.696829
test,A5,11.525,31.406096
test,A5,11.627,31.27578
test,A5,11.769,31.58503
test,A5,11.636,32.31643
test,A5,11.571,31.368223
test,A5,11.833,31.772858
test,A5,12.101,31.784847
test,A5,12.281651,31.268694
test,A5,12.5133505,31.00109
test,A5,12.9297,31.87302
test,A5,13.272,31.270966
test,A5,13.346,31.840239
test,A5,13.296,31.421263
test,A5,13.389,31.79576
test,A5,13.73,31.222818
test,A5,14.061,32.001194
test,A5,14.393,31.447449
test,A5,14.597,31.767427
test,A5,14.67195,31.93495
test,A5,14.799951,31.445395
test,A5,14.883,31.491713
test,A5,14.912,32.166065
test,A5,15.027,31.390165
test,A5,15.278,31.540941
test,A5,15.593,31.527306
test,A5,15.88193,30.85853
test,A5,16.07793,31.431166
test,A5,16.33,31.085123
test,A5,16.624,31.4662
test,A5,16.878,31.809559
test,A5,17.082,31.676088
test,A5,17.361,31.84158
test,A5,17.641,32.50173
test,A5,17.589,32.012455
test,A5,17.452,31.591223
test,A5,17.484,31.842257
test,A5,17.528,31.910295
test,A5,17.669,31.740536
test,A5,17.79194,31.055338
test,A5,17.86194,31.1977
test,A5,18.062,31.328434
test,A5,18.15,31.254282
test,A5,17.957045,31.172903
test,A5,17.887045,32.234478
test,A5,18.221,32.057114
test,A5,18.578,32.30392
test,A5,18.657,31.681677
test,A5,18.821,31.64328
test,A5,19.073,32.06215
test,A5,19.191,32.508354
test,A5,19.272,31.909235
test,A5,19.596,31.601267
test,A5,20.013,31.460693
test,A5,20.167,30.995
test,A5,20.26,31.452751
test,A5,20.289,31.061033
test,A5,20.352,32.16586
test,A5,20.458,31.908497
test,A5,20.461,32.02024
test,A5,20.535,32.956062
test,A5,20.688,32.204506
test,A5,20.874,32.770866
test,A5,21.102917,30.617785
test,A5,21.159916,31.779324
test,A5,21.208,31.872847
test,A5,21.313128,31.653124
test,A5,21.271128,31.754753
test,A5,21.147,32.069412
test,A5,20.786,31.657648
test,A5,20.382875,31.048948
test,A5,20.165857,31.69783
test,A5,20.01798,31.680683
test,A5,19.85,31.377811
test,A5,19.642,31.71469
test,A5,19.317,32.184982
test,A5,18.621,32.310722
test,A5,17.809,32.24889
test,A5,17.049,32.20653
test,A5,16.416,32.17813
test,A5,15.982,31.67915
test,A5,15.602,31.801054
test,A5,15.272,32.158615
test,A5,14.969,32.072395
test,A5,14.631961,31.372585
test,A5,14.424021,31.526312
test,A5,14.41606,31.503708
test,A5,14.273,31.673239
test,A5,14.074,31.91051
test,A5,14.005125,31.90911
test,A5,13.737125,31.860388
test,A5,12.902,32.074875
test,A5,12.235,31.81007
test,A5,12.153,32.14062
test,A5,12.051,31.263054
test,A5,11.995065,31.765331
test,A5,11.989985,31.828882
test,A5,11.9779215,31.677004
test,A5,12.011,31.576876
test,A5,12.056,31.228678
test,A5,12.302,31.699362
test,A5,12.714,31.62501
test,A5,13.133,31.699486
test,A5,13.517,31.734213
test,A5,13.785,31.682634
test,A5,14.022,31.610893
test,A5,13.937,31.579628
test,A5,13.61797,32.031612
test,A5,13.51997,31.576172
test,A5,13.59,31.471064
test,A5,13.735,31.923082
test,A5,13.846,31.089703
test,A5,13.889,31.934904
test,A5,13.906,31.32862
test,A5,14.034,31.496199
test,A5,14.221,31.153316
test,A5,14.235,31.695774
test,A5,14.078,31.448658
test,A5,13.905,31.590565
test,A5,13.786,31.835018
test,A5,13.698,32.01757
test,A5,13.629,31.743078
test,A5,13.516965,31.476433
test,A5,13.378965,31.763428
test,A5,13.273,31.543423
test,A5,13.284,31.871807
test,A5,13.36,31.272367
test,A5,13.375,31.70107
test,A5,13.476,31.080841
test,A5,13.682,31.711237
test,A5,13.89,31.014612
test,A5,14.103,31.44062
test,A5,14.369,31.077974
test,A5,14.634,31.345251
test,A5,14.883,31.72758
test,A5,15.127,30.876165
test,A5,15.259,31.570116
test,A5,15.285,31.436285
test,A5,15.351,31.366972
test,A5,15.464,32.16334
test,A5,15.492,31.243406
test,A5,15.458,31.502157
test,A5,15.47,31.848345
test,A5,15.624,30.976137
test,A5,16.0,31.97634
test,A5,16.378,31.966612
test,A5,16.675,30.305092
test,A5,16.97,31.540016
test,A5,17.121,31.746195
test,A5,17.122,31.37726
test,A5,16.924,31.69497
test,A5,16.852,31.78336
test,A5,17.022,31.525835
test,A5,17.21595,31.380953
test,A5,17.29595,31.835747
test,A5,17.202,31.793606
test,A5,17.231,31.500528
test,A5,17.312,31.543087
test,A5,17.212,31.36384
test,A5,16.835,31.130112
test,A5,16.8,31.942688
test,A5,17.039,31.688704
test,A5,16.949,31.715979
test,A5,16.963,31.130033
test,A5,17.158,31.900517
test,A5,17.392,31.60042
test,A5,17.678,31.699133
test,A5,17.763,31.620243
test,A5,17.349361,31.4592
test,A5,16.598362,31.773964
test,A5,15.662,31.650476
test,A5,14.399,32.887436
test,A5,13.577,32.123535
test,A5,13.275,32.30258
test,A5,12.968,31.648111
test,A5,12.885,31.286074
test,A5,12.929,32.076775
test,A5,12.646,31.420927
test,A5,12.229,31.52286
test,A5,11.30002,31.602457
test,A5,10.39443,31.677866
test,A5,9.94141,31.85838
test,A5,9.424,32.131874
test,A5,9.056,31.164171
test,A5,8.963,31.632992
test,A5,9.366,31.589415
test,A5,9.651,31.47672
test,A5,9.67,31.225248
test,A5,9.817,31.393484
test,A5,10.273,31.948648
test,A5,10.751,31.118916
test,A5,10.997,31.392632
test,A5,11.301,31.685877
test,A5,11.516,30.939188
test,A5,11.493,32.13302
test,A5,11.57599,31.940573
test,A5,11.705005,31.58844
test,A5,11.712015,31.286549
test,A5,11.648,31.988218
test,A5,11.547,31.944841
test,A5,11.242,32.123924
test,A5,10.932505,32.57084
test,A5,11.282505,31.759645
test,A5,11.646,31.436916
test,A5,11.503,31.811106
test,A5,11.422866,32.313644
test,A5,11.588866,32.96745
test,A5,11.86,31.995195
test,A5,12.106,32.006905
test,A5,12.182,31.699251
test,A5,12.030069,31.129374
test,A5,11.864069,31.819235
test,A5,11.847005,31.893236
test,A5,11.875005,32.72168
test,A5,11.877,31.873789
test,A5,11.899,32.117233
test,A5,11.999,31.939993
test,A5,12.228,32.275124
test,A5,12.45,31.842928
test,A5,12.509,32.73104
test,A5,12.543,32.19107
test,A5,12.23,31.751966
test,A5,11.469,32.534157
test,A5,10.652,31.813124
test,A5,10.254,31.733238
test,A5,10.081,31.881626
test,A5,9.735,31.70247
test,A5,9.364,32.196404
test,A5,8.895,32.046394
test,A5,8.418,32.01272
test,A5,8.173,31.97855
test,A5,8.07,31.77703
test,A5,7.912,33.002045
test,A5,7.874,32.036808
test,A5,7.999,31.81555
test,A5,7.8881087,32.497166
test,A5,7.577109,31.617352
test,A5,7.377,32.58943
test,A5,7.22383,31.093649
test,A5,7.05683,32.293495
test,A5,7.074,32.516365
test,A5,7.158,32.621017
test,A5,6.969,31.348581
test,A5,6.647461,31.990553
test,A5,6.2554607,32.442513
test,A5,5.838,32.376648
test,A5,5.352,32.47757
test,A5,4.87,32.421112
test,A5,4.442,32.302513
test,A5,4.152,32.294483
test,A5,4.071,32.77167
test,A5,4.02,32.76496
test,A5,3.961,32.740135
test,A5,3.972,32.028072
test,A5,4.0029554,32.26777
test,A5,4.0369554,32.23917
test,A5,4.129,32.051697
test,A5,4.129,32.230476
test,A5,4.052,32.362038
test,A5,3.982,32.36576
test,A5,3.87,32.52471
test,A5,3.679,32.01808
test,A5,3.576,31.916735
test,A5,3.712,31.70123
test,A5,3.993,31.809912
test,A5,4.368,31.826769
test,A5,4.767,31.7629
test,A5,5.089,31.600607
test,A5,5.348,30.876291
test,A5,5.5299606,31.945414
test,A5,5.6029606,31.669838
test,A5,5.767,31.891409
test,A5,5.824,32.618107
test,A5,5.473,31.652412
test,A5,5.188,32.50908
test,A5,5.091,31.739851
test,A5,4.97,31.509077
test,A5,4.941104,32.0013
test,A5,4.906104,31.78694
test,A5,4.902,31.833275
test,A5,4.829,31.423574
test,A5,4.6640496,31.660872
test,A5,4.7090497,31.362547
test,A5,5.015,31.372847
test,A5,5.559,31.048597
test,A5,6.0532227,31.250536
test,A5,6.4342227,31.140118
test,A5,6.798,31.579836
test,A5,7.259,30.929165
test,A5,7.782,30.84976
test,A5,8.205,31.443285
test,A5,8.552,31.441507
test,A5,8.805,32.398746
test,A5,9.134,31.910894
test,A5,9.431,31.873829
test,A5,9.613,30.902092
test,A5,10.162,31.216845
test,A5,10.914,31.526735
test,A5,11.505,31.013746
test,A5,11.889,31.139557
test,A5,11.861,31.74756
test,A5,11.632,32.41436
test,A5,11.44,32.350388
test,A5,11.582,32.012974
test,A5,11.84,31.36424
test,A5,11.908886,31.843771
test,A5,12.063886,32.10883
test,A5,12.305,31.751562
test,A5,12.772,30.989973
test,A5,13.392,30.87931
test,A5,13.968,31.644125
test,A5,14.595,31.354473
test,A5,15.124139,31.001116
test,A5,15.415138,31.5007
test,A5,15.483104,31.671297
test,A5,15.578891,31.414026
test,A5,15.941787,31.873724
test,A5,16.486,30.9815
test,A5,17.026,32.090305
test,A5,17.386,31.264858
test,A5,17.662,31.55902
test,A5,17.891,31.563637
test,A5,17.978985,32.432236
test,A5,17.997986,31.149904
test,A5,18.039,32.397385
test,A5,18.197,31.51268
test,A5,18.401,31.90462
test,A5,18.58,31.93397
test,A5,18.714,31.95915
test,A5,18.686,31.311222
test,A5,18.676,31.937883
test,A5,18.676,32.0614
test,A5,18.55,31.623884
test,A5,18.373,31.842445
test,A5,18.093,31.785728
test,A5,17.852,32.048737
test,A5,17.672,32.466274
test,A5,17.428,32.51564
test,A5,17.175,31.960133
test,A5,16.965,31.715761
test,A5,16.833,31.785366
test,A5,16.744207,31.799372
test,A5,16.506208,31.607967
test,A5,16.257,31.58761
test,A5,16.427,31.96116
test,A5,16.222,31.949219
test,A5,15.654,31.599174
test,A5,15.474,32.710003
test,A5,15.277921,32.13082
test,A5,15.0439205,31.898417
test,A5,14.941,32.02537
test,A5,14.94,31.92324
test,A5,14.908,31.509844
test,A5,14.874,31.561575
test,A5,14.937,31.777342
test,A5,14.963,31.893427
test,A5,14.937,31.530527
test,A5,14.8,32.308437
test,A5,14.419634,32.97744
test,A5,13.792634,32.404297
test,A5,13.116,32.305946
test,A5,12.706,32.195683
test,A5,12.444,31.81005
test,A5,12.248,31.572298
test,A5,12.183,32.11572
test,A5,12.098,31.691645
test,A5,11.94,31.153757
test,A5,11.446,31.524576
test,A5,10.823,32.12553
test,A5,10.385,31.829027
test,A5,9.975,32.054276
test,A5,9.75,31.597372
test,A5,9.584,32.304367
test,A5,9.166,31.763662
test,A5,8.412,32.37421
test,A5,7.824,32.294556
test,A5,7.546206,32.44007
test,A5,6.913206,32.57777
test,A5,6.687,31.7372
test,A5,7.443,31.69734
test,A5,8.209,31.278603
test,A5,8.631,31.503656
test,A5,8.82,31.562292
test,A5,8.834,31.770525
test,A5,8.787,32.03727
test,A5,8.693,31.756052
test,A5,8.697,31.98181
test,A5,8.751,31.74969
test,A5,8.787,32.047302
test,A5,8.831044,31.927103
test,A5,8.823045,31.606596
test,A5,8.87,32.021667
test,A5,8.93198,31.630737
test,A5,8.94298,32.153942
test,A5,8.863,31.957174
test,A5,8.346718,32.583923
test,A5,7.6707177,32.028015
test,A5,7.288,32.33576
test,A5,7.081005,32.06612
test,A5,7.006005,31.765434
test,A5,7.01597,31.698458
test,A5,7.0609703,31.891603
test,A5,7.176,31.935987
test,A5,7.334,31.857344
test,A5,7.532,31.608713
test,A5,7.88,31.597439
test,A5,8.352,31.31619
test,A5,8.641,31.724344
test,A5,8.667,31.776587
test,A5,8.842748,31.768934
test,A5,9.331747,31.521986
test,A5,9.954,32.025505
test,A5,10.284,31.94825
test,A5,10.521,31.341015
test,A5,11.026,31.31336
test,A5,11.546,31.110441
test,A5,12.166,31.538904
test,A5,12.86997,31.507746
test,A5,13.27597,31.930796
test,A5,13.72,32.12259
test,A5,14.152,31.693289
test,A5,14.323,32.212303
test,A5,14.566,31.810816
test,A5,14.913,32.270214
test,A5,15.225,31.969141
test,A5,15.564748,31.689074
test,A5,16.024748,31.536213
test,A5,16.282,31.618408
test,A5,16.367,32.07284
test,A5,16.47,32.29956
test,A5,16.645,31.799742
test,A5,16.867,31.188099
test,A5,17.345,31.034288
test,A5,18.043,31.15781
test,A5,18.454,32.0562
test,A5,18.514,31.919647
test,A5,18.442,31.765358
test,A5,18.414,31.534948
test,A5,18.427,31.907436
test,A5,18.395094,31.932718
test,A5,18.297094,31.934965
test,A5,18.253,31.66104
test,A5,18.397,31.587187
test,A5,18.516,31.850895
test,A5,18.48,31.863798
test,A5,18.489,31.526896
test,A5,18.463,31.484861
test,A5,18.053526,31.996244
test,A5,17.170525,32.86055
test,A5,15.976,32.773247
test,A5,14.775,32.466072
test,A5,13.913,33.002563
test,A5,13.337,32.461086
test,A5,12.943,32.25107
test,A5,12.743,31.37081
test,A5,12.585,32.256294
test,A5,12.45,31.78976
test,A5,12.366,32.076885
test,A5,12.232,32.169067
test,A5,12.063,32.063065
test,A5,12.0,31.813103
test,A5,12.035,31.67792
test,A5,12.112,32.060326
test,A5,12.216,31.194782
test,A5,12.4,32.157764
test,A5,12.568,32.295425
test,A5,12.56,32.045998
test,A5,12.284,31.773293
test,A5,11.714,32.266953
test,A5,11.252,32.135597
test,A5,11.094,32.026608
test,A5,11.078,31.82752
test,A5,11.133,31.878168
test,A5,11.272,31.848433
test,A5,11.504,31.905443
test,A5,11.695015,32.12354
test,A5,11.742064,32.488686
test,A5,11.68405,32.692863
test,A5,11.683,32.102303
test,A5,11.832,32.05851
test,A5,12.147,31.854687
test,A5,12.535,32.312576
test,A5,12.68,32.26997
test,A5,12.595,32.178734
test,A5,12.458,31.872072
test,A5,12.226,32.00077
test,A5,11.759,33.004055
test,A5,11.111,32.4238
test,A5,10.484,32.44785
test,A5,9.711,32.169415
test,A5,8.373,32.723885
test,A5,6.77,32.566887
test,A5,5.717,32.42059
test,A5,5.188,32.169456
test,A5,4.85,31.850794
test,A5,4.765,31.9867
test,A5,4.934,31.633085
test,A5,5.037,32.09655
test,A5,4.974,31.903078
test,A5,4.953,31.771055
test,A5,5.093,31.299246
test,A5,5.336,31.524405
test,A5,5.599,31.723879
test,A5,5.894,32.23472
test,A5,6.220317,31.262934
test,A5,6.693317,31.905104
test,A5,7.244,31.407118
test,A5,7.74,31.499155
test,A5,8.254,31.629522
test,A5,8.825,31.730629
test,A5,9.358,31.411493
test,A5,9.696118,31.54654
test,A5,9.934119,32.04965
test,A5,10.1920595,31.5177
test,A5,10.387059,32.015083
test,A5,10.527,31.804281
test,A5,10.674,31.446112
test,A5,10.738,31.692472
test,A5,10.652,32.25969
test,A5,10.447,31.909456
test,A5,10.184,31.97824
test,A5,9.953,31.917082
test,A5,9.823,31.90866
test,A5,9.717,32.178074
test,A5,9.644,31.833689
test,A5,9.64,31.691458
test,A5,9.654,31.883429
test,A5,9.764,31.753412
test,A5,10.071,31.836864
test,A5,10.526,31.697752
test,A5,10.98,31.940527
test,A5,11.454,31.340937
test,A5,11.989,31.270567
test,A5,12.344,31.797672
test,A5,12.45,31.83343
test,A5,12.133,32.01873
test,A5,11.589,31.799545
test,A5,11.222,32.709724
test,A5,10.905,32.41679
test,A5,10.605,31.874617
test,A5,10.436,32.28234
test,A5,10.393,32.04741
test,A5,10.356976,31.926062
test,A5,10.316976,31.882639
test,A5,10.283,31.11291
test,A5,10.272,31.826258
test,A5,10.254,32.191742
test,A5,10.217,31.894318
test,A5,10.134,31.854082
test,A5,9.967,32.01788
test,A5,9.76,31.662302
test,A5,9.595,31.926079
test,A5,9.470059,31.807528
test,A5,9.351059,32.306507
test,A5,9.263,31.45995
test,A5,9.202,32.0205
test,A5,9.137,31.736095
test,A5,9.093,31.841623
test,A5,9.159104,31.414698
test,A5,9.342104,31.389091
test,A5,9.595,31.735125
test,A5,9.94,32.174187
test,A5,10.359,31.481825
test,A5,10.732875,31.664293
test,A5,11.009875,31.43955
test,A5,11.228,32.285576
test,A5,11.416,31.82461
test,A5,11.6,31.74726
test,A5,11.799,32.122993
test,A5,11.985,31.758667
test,A5,12.128,32.073418
test,A5,12.232,32.441963
test,A5,12.289,31.756586
test,A5,12.332,31.501696
test,A5,12.371,31.924364
test,A5,12.428,31.674603
test,A5,12.481,32.06427
test,A5,12.454,32.219913
test,A5,12.292,31.908384
test,A5,12.139,32.36364
test,A5,12.121104,31.9992
test,A5,12.009104,32.23024
test,A5,11.809703,32.02975
test,A5,11.972703,32.496986
test,A5,12.209,31.735422
test,A5,12.119,31.853151
test,A5,11.966,32.281357
test,A5,11.7,32.218243
test,A5,11.353,31.984283
test,A5,11.026,32.088036
test,A5,10.767,32.196423
test,A5,10.684936,31.825552
test,A5,10.736936,32.26484
test,A5,10.769,31.831287
test,A5,10.658,32.141052
test,A5,10.401,32.267635
test,A5,10.060139,32.253708
test,A5,9.748138,31.99671
test,A5,9.498,31.959644
test,A5,9.247,31.94303
test,A5,8.829,31.924591
test,A5,8.477,32.38449
test,A5,8.483,31.91136
test,A5,8.647,32.27881
test,A5,8.677,32.144638
test,A5,8.569,31.670033
test,A5,8.374099,31.92967
test,A5,8.149099,31.944256
test,A5,8.064,31.998783
test,A5,8.052,31.635492
test,A5,8.014,31.768673
test,A5,7.993,31.468353
test,A5,8.018,31.509651
test,A5,8.076,31.882256
test,A5,8.09,32.21333
test,A5,8.022,32.23658
test,A5,7.869,32.203598
test,A5,7.678,31.917921
test,A5,7.542,32.15519
test,A5,7.401,32.325096
test,A5,7.259,32.10956
test,A5,7.127,31.928274
test,A5,6.976,32.1986
test,A5,6.783,32.061066
test,A5,6.581,32.405777
test,A5,6.304,32.305706
test,A5,6.028,31.986921
test,A5,5.868,32.08297
test,A5,5.672,32.20256
test,A5,5.262,32.271027
test,A5,4.559,32.078144
test,A5,3.833,32.576973
test,A5,3.25,32.093
test,A5,2.818,32.059406
test,A5,2.573,31.861523
test,A5,2.385,31.964918
test,A5,2.151,32.17302
test,A5,1.789,31.98438
test,A5,1.516,32.057785
test,A5,1.507,31.86497
test,A5,1.673,31.707165
test,A5,1.968,31.974989
test,A5,2.306,31.355207
test,A5,2.744,31.191347
test,A5,3.214,31.484875
test,A5,3.711,31.362526
test,A5,4.331,31.60286
test,A5,5.016,31.613499
test,A5,5.669,31.554522
test,A5,6.064,32.026726
test,A5,6.249,31.979265
test,A5,6.385,31.48554
test,A5,6.486,32.23395
test,A5,6.586,32.015915
test,A5,6.658,31.774693
test,A5,6.685,32.28643
test,A5,6.608,32.21524
test,A5,6.294,32.698933
test,A5,5.87,32.332817
test,A5,5.473,32.011528
test,A5,5.107,31.927343
test,A5,4.825,31.928312
test,A5,4.581,32.010246
test,A5,4.366,32.336254
test,A5,4.174,31.889189
test,A5,4.0109854,31.800386
test,A5,3.9649851,32.116096
test,A5,4.138,32.052628
test,A5,4.42,31.50702
test,A5,4.772,31.73955
test,A5,5.096,31.470951
test,A5,5.32,31.76739
test,A5,5.749,31.494621
test,A5,6.282267,31.76722
test,A5,6.767267,31.938204
test,A5,7.2318316,31.768307
test,A5,7.5978317,31.379923
test,A5,7.88,32.189
test,A5,8.15,31.85534
test,A5,8.492,31.60388
test,A5,8.789,31.697798
test,A5,9.065,31.536139
test,A5,9.477,31.9632
test,A5,9.924,32.10111
test,A5,10.328,31.81458
test,A5,10.74,31.986988
test,A5,11.000935,31.847813
test,A5,11.114935,31.733408
test,A5,11.269,31.58268
test,A5,11.449134,31.775564
test,A5,11.681133,31.750761
test,A5,11.979,32.157074
test,A5,12.355,31.518108
test,A5,12.730896,32.009857
test,A5,12.988896,31.881084
test,A5,13.123,32.351803
test,A5,13.074,32.48994
test,A5,12.874955,33.20142
test,A5,12.735955,32.176395
test,A5,12.77,32.26879
test,A5,12.919,32.018055
test,A5,13.052,31.92029
test,A5,13.146,32.584404
test,A5,13.301,32.45671
test,A5,13.565,32.405785
test,A5,13.849,32.162544
test,A5,14.058,32.202835
test,A5,14.14,32.460835
test,A5,13.847,32.247303
test,A5,13.42,32.391438
test,A5,13.147,31.80358
test,A5,12.884129,31.664446
test,A5,12.619129,32.211967
test,A5,12.31,31.937323
test,A5,11.981,32.3499
test,A5,11.635,31.874641
test,A5,11.294,32.012283
test,A5,10.986,32.529198
test,A5,10.666,32.106262
test,A5,10.344,32.422276
test,A5,10.02,32.03749
test,A5,9.736,32.625816
test,A5,9.531,32.329765
test,A5,9.413,32.186394
test,A5,9.433,31.825964
test,A5,9.598837,31.83321
test,A5,9.885837,31.86418
test,A5,10.235,32.002773
test,A5,10.539,31.959356
test,A5,10.757,31.39097
test,A5,10.982,32.055355
test,A5,11.270857,32.158615
test,A5,11.575856,31.818827
test,A5,11.877,32.064224
test,A5,12.178,32.534714
test,A5,12.548,32.03215
test,A5,12.918,32.085716
test,A5,13.207,32.402233
test,A5,13.486,31.524153
test,A5,13.74,31.877188
test,A5,13.978,32.415154
test,A5,14.138,32.355576
test,A5,14.181,32.06618
test,A5,14.260886,31.94112
test,A5,14.442886,32.20487
test,A5,14.639144,32.344482
test,A5,14.870144,31.986292
test,A5,15.135,32.067192
test,A5,15.339,32.318558
test,A5,15.443,32.120888
test,A5,15.483,31.395594
test,A5,15.541,32.0579
test,A5,15.695851,31.97901
test,A5,15.952966,31.959625
test,A5,16.214113,32.037304
test,A5,16.467,31.81099
test,A5,16.728,31.819122
test,A5,16.868,32.582672
test,A5,16.921074,32.152397
test,A5,17.108751,31.49771
test,A5,17.5938,31.80795
test,A5,17.782124,31.842012
test,A5,17.42592,32.938316
test,A5,17.156921,32.307392
test,A5,17.126,32.03913
test,A5,17.241,32.141666
test,A5,17.402,31.79664
test,A5,17.591,32.171062
test,A5,17.785,32.653934
test,A5,17.921,31.88206
test,A5,18.001,32.603325
test,A5,18.08198,32.155987
test,A5,18.16798,32.000263
test,A5,18.276,31.648956
test,A5,18.460905,32.09435
test,A5,18.661905,32.04573
test,A5,18.846,31.831728
test,A5,19.01,32.146523
test,A5,19.088,31.795668
test,A5,19.077,31.272131
test,A5,19.076,32.66078
test,A5,19.138,32.638023
test,A5,19.219,32.029232
test,A5,19.266945,32.24775
test,A5,19.329945,32.38172
test,A5,19.402,32.014435
test,A5,19.468,32.587833
test,A5,19.582,31.97791
test,A5,19.825,32.03746
test,A5,20.181,31.162004
test,A5,20.48,32.045822
test,A5,20.849,31.908041
test,A5,21.166,31.568659
test,A5,21.357,31.746267
test,A5,21.45999,32.44273
test,A5,21.43899,31.796345
test,A5,21.446,32.489388
test,A5,21.507,32.35827
test,A5,21.574,31.569597
test,A5,21.576,32.618454
test,A5,21.607,32.03414
test,A5,21.606,32.040962
test,A5,21.464,32.1443
test,A5,21.361,31.92757
test,A5,21.361,32.545723
test,A5,21.337,32.57229
test,A5,21.3,31.830387
test,A5,21.262,32.06107
test,A5,21.176,32.17064
test,A5,21.125,32.168007
test,A5,21.157,31.810827
test,A5,21.2,32.617435
test,A5,21.177,32.354733
test,A5,21.177,31.895746
test,A5,21.232,32.20047
test,A5,21.278,32.1173
test,A5,21.356976,32.087414
test,A5,21.38694,32.2461
test,A5,21.415966,32.315502
test,A5,21.507,32.00836
test,A5,21.537,32.0313
test,A5,21.553,32.125954
test,A5,21.572,31.71363
test,A5,21.52,32.539818
test,A5,21.535,32.21001
test,A5,21.594,32.73529
test,A5,21.579,31.85006
test,A5,21.527,32.01583
test,A5,21.491,32.798164
test,A5,21.474,31.975708
test,A5,21.473,31.847235
test,A5,21.469,32.54212
test,A5,21.372,31.812363
test,A5,21.206,32.393745
test,A5,21.04,32.229774
test,A5,20.885,32.267006
test,A5,20.707,32.110012
test,A5,20.531044,32.204517
test,A5,20.407045,32.436043
test,A5,20.263,32.555786
test,A5,20.106,32.268124
test,A5,19.964,32.200703
test,A5,19.847,32.12354
test,A5,19.79,32.19465
test,A5,19.759,32.44559
test,A5,19.711,32.48343
test,A5,19.702,31.910044
test,A5,19.745,32.666603
test,A5,19.84,32.171066
test,A5,20.019085,32.1782
test,A5,20.214085,31.746407
test,A5,20.401,32.574093
test,A5,20.54204,31.918394
test,A5,20.64204,32.072403
test,A5,20.801,32.008747
test,A5,20.939,32.626076
test,A5,21.003,32.513496
test,A5,21.051,32.08532
test,A5,21.14,31.89696
test,A5,21.26,32.1823
test,A5,21.343,31.399714
test,A5,21.356,32.495193
test,A5,21.373,32.142555
test,A5,21.424,32.653355
test,A5,21.418,32.38217
test,A5,21.413,32.34864
test,A5,21.429,32.211403
test,A5,21.442,31.777164
test,A5,21.421,31.898523
test,A5,21.386,32.20482
test,A5,21.398,32.08728
test,A5,21.442,32.659664
test,A5,21.514,32.405907
test,A5,21.621,32.369324
test,A5,21.679,32.31992
test,A5,21.733,32.256382
test,A5,21.689,31.705893
test,A5,21.526058,32.186214
test,A5,21.404058,31.914137
test,A5,21.132,32.19778
test,A5,20.855,32.055805
test,A5,21.27,31.572432
test,A5,21.7,31.9181
test,A5,21.548,32.00809
test,A5,21.409,31.920649
test,A5,21.368,32.71466
test,A5,21.388975,32.059868
test,A5,21.422976,31.911453
test,A5,21.407,32.30233
test,A5,21.38,31.916185
test,A5,21.399,32.085434
test,A5,21.404,31.971548
test,A5,21.45003,32.19322
test,A5,21.47003,32.273617
test,A5,21.392,31.66417
test,A5,21.408,31.884743
test,A5,21.433,32.428944
test,A5,21.373842,32.36921
test,A5,21.251842,32.059784
test,A5,21.299,32.237816
test,A5,21.459,32.48772
test,A5,21.472,32.70687
test,A5,21.455,32.26667
test,A5,21.441,31.88685
test,A5,21.488,32.229336
test,A5,21.596,32.18111
test,A5,21.653,31.976952
test,A5,21.605,31.921465
test,A5,21.515,31.884941
test,A5,21.475,31.929943
test,A5,21.464,32.36605
test,A5,21.411,31.707361
test,A5,21.381,32.20784
test,A5,21.419,31.985811
test,A5,21.497,32.241993
test,A5,21.598,32.21808
test,A5,21.641,31.993723
test,A5,21.596,31.711016
test,A5,21.55,32.186382
test,A5,21.493,31.821535
test,A5,21.421,31.873444
test,A5,21.416,31.83067
test,A5,21.47,32.525307
test,A5,21.512,31.629225
test,A5,21.518,32.037083
test,A5,21.507,32.03002
test,A5,21.48,32.080658
test,A5,21.419,32.306618
test,A5,21.422,32.36324
test,A5,21.43596,31.704887
test,A5,21.37196,31.92497
test,A5,21.341,32.37535
test,A5,21.35,32.054268
test,A5,21.372,31.955313
test,A5,21.375015,32.3196
test,A5,21.350016,32.07191
test,A5,21.325,31.875439
test,A5,21.303,32.048
test,A5,21.298,32.168705
test,A5,21.315,31.880287
test,A5,21.34,32.458786
test,A5,21.362,32.788086
test,A5,21.366,32.76494
test,A5,21.353,32.1175
test,A5,21.362,32.180473
test,A5,21.341,31.9135
test,A5,21.305,32.688675
test,A5,21.315,32.405876
test,A5,21.367,32.074802
test,A5,21.42,32.22692
test,A5,21.443,31.79745
test,A5,21.447,31.93771
test,A5,21.41,32.03813
test,A5,21.395,32.549908
test,A5,21.417,32.211273
test,A5,21.424,32.109562
test,A5,21.422,32.291832
test,A5,21.427,31.844954
test,A5,21.405,31.591702
test,A5,21.368,32.16721
test,A5,21.382975,31.736036
test,A5,21.387976,32.792168
test,A5,21.361,31.914116
test,A5,21.374,31.726553
test,A5,21.425,31.673088
test,A5,21.499,32.045784
test,A5,21.559,31.538517
test,A5,21.567,32.396862
test,A5,21.522,32.72306
test,A5,21.458,32.374554
test,A5,21.401,32.03464
test,A5,21.364,32.373154
test,A5,21.367,32.035606
test,A5,21.406,32.43947
test,A5,21.462,31.966318
test,A5,21.515,32.075287
test,A5,21.537,31.644686
test,A5,21.549,31.880648
test,A5,21.555,31.57199
test,A5,21.5,31.48187
test,A5,21.435,31.939344
test,A5,21.421,32.03495
test,A5,21.45002,31.538881
test,A5,21.46002,31.672052
test,A5,21.411,31.5694
test,A5,21.373,32.228973
test,A5,21.364996,32.09988
test,A5,21.370995,31.92905
test,A5,21.401,32.11494
test,A5,21.421,32.14864
test,A5,21.403,32.06082
test,A5,21.4,31.75892
test,A5,21.426975,31.443789
test,A5,21.45495,32.247902
test,A5,21.451965,32.110207
test,A5,21.43899,31.933512
test,A5,21.424,31.68543
test,A5,21.369,31.719376
test,A5,21.322,32.046085
test,A5,21.313,32.315613
test,A5,21.337,31.957933
test,A5,21.394,31.881857
test,A5,21.431,31.552317
test,A5,21.432,32.537178
test,A5,21.405,32.01675
test,A5,21.341034,32.230827
test,A5,21.327034,32.271225
test,A5,21.345,31.418169
test,A5,21.397,32.26745
test,A5,21.448,32.43909
test,A5,21.467,31.8507
test,A5,21.490059,32.034214
test,A5,21.462059,32.331257
test,A5,21.432,32.398216
test,A5,21.451,32.14363
test,A5,21.493,32.156376
test,A5,21.479,31.890627
test,A5,21.467,32.071384
test,A5,21.52201,31.724972
test,A5,21.53801,32.46331
test,A5,21.47,32.706398
test,A5,21.358,32.073803
test,A5,21.186,32.19004
test,A5,20.968,31.96578
test,A5,20.76593,32.08
test,A5,20.585085,31.866049
test,A5,20.356243,32.198456
test,A5,20.127089,32.243515
test,A5,19.972,32.51595
test,A5,19.869,31.872179
test,A5,19.82,32.406414
test,A5,19.794,31.966753
test,A5,19.775,31.998045
test,A5,19.798029,32.084953
test,A5,19.812029,31.778507
test,A5,19.824,32.02286
test,A5,19.838,32.14245
test,A5,19.842,32.0989
test,A5,19.893,31.992744
test,A5,19.904,31.595541
test,A5,19.884,31.878555
test,A5,19.798,32.180004
test,A5,19.719,32.134556
test,A5,19.77,32.540783
test,A5,19.829,32.337524
test,A5,19.829,32.310955
test,A5,19.849,32.019924
test,A5,19.84315,31.587317
test,A5,19.731104,31.82369
test,A5,19.616955,32.22728
test,A5,19.485,32.060135
test,A5,19.211,32.11174
test,A5,19.053,31.461
test,A5,18.903,31.514248
test,A5,18.631,31.545847
test,A5,18.524,30.84836
test,A5,18.471,32.12043
test,A5,18.417,32.26058
test,A5,18.327,31.286898
test,A5,18.26,30.967438
test,A5,18.317,32.311142
test,A5,18.53,31.513102
test,A5,18.777,31.89276
test,A5,18.707134,31.733072
test,A5,18.676134,31.467224
test,A5,18.855,31.268995
test,A5,18.934,32.451317
test,A5,19.01996,32.08462
test,A5,19.09296,32.104687
test,A5,19.267,31.67717
test,A5,19.462,32.180134
test,A5,19.656,32.316048
test,A5,20.057,32.12844
test,A5,20.282,31.687815
test,A5,20.267,32.26317
test,A5,20.256,31.698902
test,A5,20.265,31.662577
test,A5,20.285,32.014595
test,A5,20.292,31.84507
test,A5,20.325,31.904737
test,A5,20.348,32.063793
test,A5,20.367,31.663054
test,A5,20.395,32.398804
test,A5,20.403,32.410595
test,A5,20.452,31.757563
test,A5,20.529005,32.01253
test,A5,20.558004,31.619654
test,A5,20.525,32.341816
test,A5,20.502,32.00415
test,A5,20.479,33.01815
test,A5,20.433,31.939375
test,A5,20.416,32.033875
test,A5,20.341,31.226965
test,A5,20.144,31.836733
test,A5,19.97,32.353294
test,A5,19.931,32.90468
test,A5,19.924,32.47902
test,A5,19.868,32.675446
test,A5,19.798,32.326286
test,A5,19.683,32.62981
test,A5,19.57,32.49302
test,A5,19.554,32.36722
test,A5,19.550905,32.132183
test,A5,19.489906,32.433556
test,A5,19.585,32.682983
test,A5,19.731,32.495827
test,A5,19.76,31.734722
test,A5,19.774,32.567497
test,A5,19.759,32.166603
test,A5,19.837,32.16822
test,A5,20.059,32.415062
test,A5,20.29903,32.392494
test,A5,20.39703,31.57054
test,A5,20.421,32.340683
test,A5,20.504,32.25067
test,A5,20.58,32.405193
test,A5,20.56,32.343487
test,A5,20.456,32.34152
test,A5,20.33805,32.45262
test,A5,20.26205,32.289505
test,A5,20.346,32.466015
test,A5,20.513,32.64393
test,A5,20.622,32.526764
test,A5,20.704,31.761421
test,A5,20.766,31.86815
test,A5,20.793,31.975008
test,A5,20.837,32.12742
test,A5,20.991,31.540552
test,A5,21.094,31.48178
test,A5,21.089,32.305603
test,A5,21.082,32.42872
test,A5,21.077,32.891228
test,A5,21.161,32.296272
test,A5,21.403,32.554554
test,A5,21.437,32.196358
test,A5,21.281,32.43205
test,A5,21.269,32.47251
test,A5,21.29,31.982729
test,A5,21.31697,31.67188
test,A5,21.34497,32.030163
test,A5,21.339,32.516445
test,A5,21.305,31.876549
test,A5,21.247,31.93355
test,A5,21.153,32.539116
test,A5,21.048,32.13776
test,A5,20.967,31.472574
test,A5,20.891,32.102962
test,A5,20.738,32.36351
test,A5,20.406,32.124584
test,A5,19.888,32.280903
test,A5,19.404816,32.482433
test,A5,19.071815,32.659637
test,A5,18.957932,32.259136
test,A5,19.072931,32.796444
test,A5,19.266,32.191284
test,A5,19.325,32.43022
test,A5,19.197,32.667953
test,A5,19.151,32.004658
test,A5,19.537,32.76601
test,A5,20.107,32.072704
test,A5,20.514,31.882992
test,A5,20.899,32.489834
test,A5,21.213,32.7813
test,A5,21.38197,32.47255
test,A5,21.455969,31.77
test,A5,21.493,31.940557
test,A5,21.562,31.63286
test,A5,21.626,32.16789
test,A5,21.591055,32.311485
test,A5,21.482056,32.37863
test,A5,21.299,32.1967
test,A5,21.045,32.12346
test,A5,20.80591,31.747269
test,A5,20.60691,32.757324
test,A5,20.395,32.303745
test,A5,20.204,32.41356
test,A5,20.032845,32.761593
test,A5,19.807844,32.764748
test,A5,19.632,32.426533
test,A5,19.488,32.34085
test,A5,19.343,32.23678
test,A5,19.27,32.02616
test,A5,19.251,32.02987
test,A5,19.263,32.223957
test,A5,19.31395,31.947693
test,A5,19.41595,32.09941
test,A5,19.543,32.643684
test,A5,19.599213,32.35685
test,A5,19.491213,32.08652
test,A5,19.731,31.910656
test,A5,20.137,32.11094
test,A5,20.23,32.268303
test,A5,20.225,32.26547
test,A5,20.127,32.459442
test,A5,20.158,32.37984
test,A5,20.213,32.59641
test,A5,20.013,32.06566
test,A5,19.794,32.03875
test,A5,19.748,31.998148
test,A5,19.726,32.476852
test,A5,19.667,33.094147
test,A5,19.652,32.100166
test,A5,19.646,32.3777
test,A5,19.659,31.903452
test,A5,19.596,32.054764
test,A5,19.523,31.937363
test,A5,19.536,32.981968
test,A5,19.543,32.24598
test,A5,19.559,32.45127
test,A5,19.568,32.205257
test,A5,19.522,32.562344
test,A5,19.43,32.359806
test,A5,19.345,32.58293
test,A5,19.32,32.599625
test,A5,19.296,32.731346
test,A5,19.283014,32.50986
test,A5,19.280016,33.111202
test,A5,19.208,32.80566
test,A5,19.164,31.733053
test,A5,19.169,32.609562
test,A5,19.115,32.920242
test,A5,19.088,32.329773
test,A5,19.156,32.152878
test,A5,19.234,31.725958
test,A5,19.301,31.982101
test,A5,19.357,32.264587
test,A5,19.403,32.616043
test,A5,19.391,32.85344
test,A5,19.397,32.113224
test,A5,19.514,32.066574
test,A5,19.647,32.474567
test,A5,19.741,32.70063
test,A5,19.856,32.70624
test,A5,19.914,32.563942
test,A5,19.991,32.562614
test,A5,20.08,32.36715
test,A5,20.105,32.99958
test,A5,20.16,32.236137
test,A5,20.304,32.163654
test,A5,20.276955,32.619324
test,A5,20.071836,33.038906
test,A5,19.917881,32.492207
test,A5,19.832,32.718594
test,A5,19.847,32.073456
test,A5,19.902,32.26776
test,A5,20.046,32.527927
test,A5,20.229,32.745693
test,A5,20.421,32.664234
test,A5,20.577,32.569458
test,A5,20.622,32.33931
test,A5,20.608,32.73087
test,A5,20.591,31.949778
test,A5,20.547,31.913177
test,A5,20.516,32.04211
test,A5,20.519,32.547417
test,A5,20.521034,31.971292
test,A5,20.558035,32.38582
test,A5,20.619,32.220703
test,A5,20.686,32.614357
test,A5,20.858,32.224575
test,A5,21.082,32.07935
test,A5,21.22,32.388668
test,A5,21.272,32.42137
test,A5,21.327,32.201256
test,A5,21.351,31.903696
test,A5,21.339,31.532179
test,A5,21.368,32.910362
test,A5,21.444,32.406116
test,A5,21.524,32.418755
test,A5,21.443,32.412292
test,A5,21.385,32.25363
test,A5,21.416,33.01114
test,A5,21.401,32.27406
test,A5,21.494,32.37879
test,A5,21.487,32.113903
test,A5,21.277,32.667572
test,A5,21.124,32.465622
test,A5,21.141,31.999256
test,A5,21.235,32.67494
test,A5,21.265,33.444946
test,A5,21.215,33.458637
test,A5,21.182,32.791584
test,A5,21.234,31.913568
test,A5,21.312,31.719759
test,A5,21.164,32.41323
test,A5,20.816,32.219765
test,A5,20.693,32.139297
test,A5,20.977,31.832094
test,A5,21.268,32.25598
test,A5,21.256,32.050053
test,A5,21.146,32.068993
test,A5,21.103064,32.103054
test,A5,21.172064,32.39413
test,A5,21.245,32.077206
test,A5,21.259,32.270836
test,A5,21.194,31.726307
test,A5,20.981,31.823406
test,A5,20.766,32.19666
test,A5,20.669,32.395977
test,A5,20.546,32.130035
test,A5,20.37397,32.96496
test,A5,20.29997,32.58084
test,A5,20.231,33.14998
test,A5,20.091,32.01791
test,A5,19.966,32.36281
test,A5,19.852,32.051147
test,A5,19.864,32.29488
test,A5,19.845,32.547405
test,A5,19.664,32.21527
test,A5,19.434,32.268738
test,A5,19.129,32.868774
test,A5,19.002,31.99317
test,A5,19.166,32.320984
test,A5,19.217024,32.259308
test,A5,19.211025,32.038387
test,A5,19.475,31.980463
test,A5,19.847,32.315098
test,A5,20.084,32.44668
test,A5,20.225,32.399086
test,A5,20.351,32.038143
test,A5,20.47,31.329117
test,A5,20.507,32.65309
test,A5,20.43,32.727848
test,A5,20.531,32.54729
test,A5,20.7,32.55887
test,A5,20.719,32.289043
test,A5,20.714,32.11803
test,A5,20.711,32.015457
test,A5,20.715,33.10126
test,A5,20.719,32.6595
test,A5,20.748,32.475525
test,A5,20.827,32.65477
test,A5,20.936,33.03217
test,A5,20.932,32.496475
test,A5,20.847,33.375603
test,A5,20.586,32.223312
test,A5,20.423,32.846718
test,A5,20.559,32.764923
test,A5,20.558,32.42492
test,A5,20.453,32.94157
test,A5,20.319,32.34912
test,A5,20.424,32.562145
test,A5,20.612,32.47386
test,A5,20.609,32.678635
test,A5,20.73,31.746798
test,A5,20.71,32.58194
test,A5,20.543,32.78458
test,A5,20.51998,32.63236
test,A5,20.55998,32.804703
test,A5,20.66,32.64908
test,A5,20.767,33.06218
test,A5,20.895,32.841938
test,A5,20.973,32.472946
test,A5,21.015,32.274723
test,A5,21.224,32.629295
test,A5,21.189,32.72167
test,A5,20.913,32.701412
test,A5,20.983,32.250237
test,A5,21.08,32.301548
test,A5,20.792,32.759724
test,A5,20.49,32.155838
test,A5,20.353,32.66928
test,A5,20.28599,32.622963
test,A5,20.28399,33.04573
test,A5,20.248,32.413445
test,A5,20.178,32.256443
test,A5,20.071,32.484703
test,A5,19.98,32.475346
test,A5,19.910975,32.360554
test,A5,19.889925,32.242687
test,A5,19.96195,32.39518
test,A5,20.033,32.466118
test,A5,20.151,32.028107
test,A5,20.217,32.599865
test,A5,20.055,32.462868
test,A5,20.062,31.893744
test,A5,20.281,32.777428
test,A5,20.422,31.991423
test,A5,20.486,32.13582
test,A5,20.442,31.880346
test,A5,20.296,32.918842
test,A5,20.137,32.78682
test,A5,20.011,31.850744
test,A5,19.844,32.81612
test,A5,19.705,32.394115
test,A5,19.64,32.014328
test,A5,19.634,32.06528
test,A5,19.723,32.383984
test,A5,19.893,32.144165
test,A5,20.08,31.793234
test,A5,20.262,32.02948
test,A5,20.479,31.87292
test,A5,20.711,31.959366
test,A5,20.882,31.730848
test,A5,21.026,32.75177
test,A5,21.202,32.871494
test,A5,21.347,31.773323
test,A5,21.423,32.372803
test,A5,21.46,32.37625
test,A5,21.487,32.552746
test,A5,21.519,32.28936
test,A5,21.538,32.232986
test,A5,21.557024,32.45246
test,A5,21.585,32.836613
test,A5,21.572975,32.664536
test,A5,21.501,32.192368
test,A5,21.38,32.100887
test,A5,21.265034,32.131897
test,A5,21.186035,32.296375
test,A5,21.095,31.966314
test,A5,21.031,33.003265
test,A5,21.005,32.44594
test,A5,20.95401,32.21691
test,A5,20.91601,31.699951
test,A5,20.957,32.62974
test,A5,21.047,32.626835
test,A5,21.168,32.200775
test,A5,21.331,31.912642
test,A5,21.47,32.21059
test,A5,21.532019,32.065414
test,A5,21.53602,32.207146
test,A5,21.517,32.072914
test,A5,21.499025,32.267143
test,A5,21.466024,32.000874
test,A5,21.424,32.773106
test,A5,21.399,32.49603
test,A5,21.39,32.27442
test,A5,21.36002,32.281185
test,A5,21.31702,31.933033
test,A5,21.32,32.709236
test,A5,21.395,31.903975
test,A5,21.448,31.500206
test,A5,21.411,32.02426
test,A5,21.38,32.304688
test,A5,21.409,32.183586
test,A5,21.446,32.47978
test,A5,21.451,31.87813
test,A5,21.455,31.924273
test,A5,21.451,31.70067
test,A5,21.434,31.97216
test,A5,21.428,32.261375
test,A5,21.419004,31.951214
test,A5,21.420006,31.629007
test,A5,21.443,31.891739
test,A5,21.451,32.619312
test,A5,21.436,32.64114
test,A5,21.436,32.158165
test,A5,21.407,32.266617
test,A5,21.357,31.720667
test,A5,21.386,32.203926
test,A5,21.475044,31.870493
test,A5,21.487045,32.287415
test,A5,21.454,32.220016
test,A5,21.451015,32.16672
test,A5,21.455015,32.068344
test,A5,21.455,32.014893
test,A5,21.455,32.846134
test,A5,21.449,32.8183
test,A5,21.421,32.30777
test,A5,21.41,32.267643
test,A5,21.428,32.825085
test,A5,21.416,32.326088
test,A5,21.399,31.820066
test,A5,21.389,32.604004
test,A5,21.36,32.235214
test,A5,21.341,31.877039
test,A5,21.352,32.221962
test,A5,21.382,32.140007
test,A5,21.401,32.762337
test,A5,21.448,32.06393
test,A5,21.444,32.487656
test,A5,21.378,32.658485
test,A5,21.37,32.394005
test,A5,21.345911,32.06235
test,A5,21.243912,31.731386
test,A5,21.217,31.675581
test,A5,21.186,31.845427
test,A5,21.097,32.225304
test,A5,21.038,31.815449
test,A5,21.009,31.952509
test,A5,21.005,32.025528
test,A5,21.01,31.819796
test,A5,20.997,32.52696
test,A5,20.849,31.629967
test,A5,20.808,32.23607
test,A5,20.924,32.160225
test,A5,21.034,32.290237
test,A5,21.08,32.256123
test,A5,21.043,31.656088
test,A5,21.072,32.293503
test,A5,21.16,32.326233
test,A5,21.247,31.884062
test,A5,21.256,31.890045
test,A5,21.182,32.904198
test,A5,21.212,31.79291
test,A5,21.29405,32.23725
test,A5,21.26405,31.843786
test,A5,21.246,32.214016
test,A5,21.28,32.09607
test,A5,21.322,32.210648
test,A5,21.313,32.38035
test,A5,21.223,32.34983
test,A5,21.118,32.552567
test,A5,21.038,31.783888
test,A5,20.97,32.170303
test,A5,20.887,32.117348
test,A5,20.887005,31.939035
test,A5,20.924006,32.222397
test,A5,20.871,31.9729
test,A5,20.821,32.403812
test,A5,20.727,33.01
test,A5,20.582,31.773201
test,A5,20.641,32.089302
test,A5,20.758,31.89755
test,A5,20.71799,31.598448
test,A5,20.68099,32.240623
test,A5,20.717,32.09229
test,A5,20.663,32.47104
test,A5,20.557085,31.94798
test,A5,20.488085,31.7245
test,A5,20.527,31.350073
test,A5,20.647,32.516464
test,A5,20.702,32.600307
test,A5,20.736,32.08374
test,A5,20.762,31.504885
test,A5,20.761,32.01264
test,A5,20.713,31.532488
test,A5,20.65196,31.631262
test,A5,20.601961,32.359722
test,A5,20.627035,31.3049
test,A5,20.708035,32.46984
test,A5,20.776049,30.991508
test,A5,20.85405,31.664968
test,A5,20.915,31.719309
test,A5,20.933,31.705294
test,A5,20.912,31.948944
test,A5,20.845,31.870909
test,A5,20.778,31.999525
test,A5,20.758,31.97662
test,A5,20.82,31.70302
test,A5,20.963,31.863058
test,A5,21.068,31.929909
test,A5,21.143,31.799421
test,A5,21.262,31.82418
test,A5,21.388,32.116856
test,A5,21.461,31.73414
test,A5,21.46399,32.1003
test,A5,21.45799,32.225792
test,A5,21.443,31.999046
test,A5,21.409,31.886028
test,A5,21.385,32.49417
test,A5,21.395,32.448853
test,A5,21.438,32.08185
test,A5,21.441,31.631872
test,A5,21.4,31.590021
test,A5,21.378,31.338339
test,A5,21.364,31.811834
test,A5,21.335,31.961351
test,A5,21.307,32.16366
test,A5,21.269,31.917053
test,A5,21.25203,32.62052
test,A5,21.28802,31.804562
test,A5,21.32399,31.326708
test,A5,21.353941,31.888977
test,A5,21.41994,32.17508
test,A5,21.46,32.039352
test,A5,21.46,31.83725
test,A5,21.454,31.989418
test,A5,21.431,31.871872
test,A5,21.438,32.24997
test,A5,21.457,32.042194
test,A5,21.484,31.950552
test,A5,21.474,32.814312
test,A5,21.453,32.531998
test,A5,21.455,32.413506
test,A5,21.406,31.848215
test,A5,21.37603,31.7627
test,A5,21.41797,31.991367
test,A5,21.495941,32.23826
test,A5,21.517,31.921501
test,A5,21.517,32.181633
test,A5,21.567,31.734941
test,A5,21.56,31.825241
test,A5,21.486,31.516464
test,A5,21.416,32.102127
test,A5,21.346,32.163326
test,A5,21.273,32.17572
test,A5,21.186966,31.877575
test,A5,21.109976,31.98636
test,A5,21.071114,32.20112
test,A5,20.968103,31.85453
test,A5,20.863,32.0005
test,A5,20.881,31.872835
test,A5,20.91,31.928999
test,A5,20.947,32.12377
test,A5,21.02201,31.64393
test,A5,21.053009,32.087482
test,A5,21.064,31.653683
test,A5,21.063,31.770475
test,A5,21.089,31.676157
test,A5,21.154976,32.06366
test,A5,21.195974,31.941097
test,A5,21.201,31.613375
test,A5,21.213,31.99127
test,A5,21.251,31.606846
test,A5,21.299,31.210722
test,A5,21.387,31.855284
test,A5,21.326,32.37629
test,A5,21.203,32.008904
test,A5,21.178,32.06048
test,A5,21.193,32.315487
test,A5,21.193,32.401047
test,A5,21.143,32.185524
test,A5,21.139006,31.301971
test,A5,21.144005,32.44101
test,A5,21.079,31.917997
test,A5,20.971,32.0633
test,A5,20.872,31.799414
test,A5,20.873,31.566023
test,A5,20.909,31.873209
test,A5,20.844,31.992764
test,A5,20.863,31.99663
test,A5,20.95404,32.310177
test,A5,20.947065,32.02292
test,A5,20.958025,31.962214
test,A5,21.082,32.227943
test,A5,21.22601,31.479643
test,A5,21.30101,32.499104
test,A5,21.357,31.730486
test,A5,21.417,31.577915
test,A5,21.47,31.275976
test,A5,21.498,32.12818
test,A5,21.53,32.027645
test,A5,21.525,32.151566
test,A5,21.506,32.406166
test,A5,21.48,32.12117
test,A5,21.331,31.558996
test,A5,21.224,31.56504
test,A5,21.269,31.912401
test,A5,21.296,31.751333
test,A5,21.262,31.792307
test,A5,21.273,31.544416
test,A5,21.289,31.855928
test,A5,21.324,31.283792
test,A5,21.416,31.670416
test,A5,21.482,32.115868
test,A5,21.491,32.049667
test,A5,21.51,31.309635
test,A5,21.562,31.83249
test,A5,21.509,32.314095
test,A5,21.419,31.954245
test,A5,21.384,32.049118
test,A5,21.334995,31.928028
test,A5,21.319975,32.696808
test,A5,21.34598,30.921711
test,A5,21.367,30.90312
test,A5,21.343,31.68929
test,A5,21.290985,32.51882
test,A5,21.282986,32.695023
test,A5,21.306068,32.393284
test,A5,21.257069,32.02671
test,A5,21.225,32.2775
test,A5,21.306,31.549612
test,A5,21.272,32.615414
test,A5,21.059,32.58215
test,A5,20.746866,32.648483
test,A5,20.404083,32.73885
test,A5,20.032217,32.700222
test,A5,19.602,32.829006
test,A5,19.257,32.054245
test,A5,19.122,31.373053
test,A5,19.135,31.786375
test,A5,19.281,31.971266
test,A5,19.558,31.614435
test,A5,20.077,32.00775
test,A5,20.748,32.56488
test,A5,21.079,32.216976
test,A5,20.993664,32.370358
test,A5,20.558662,31.962559
test,A5,20.017,31.882904
test,A5,19.59,32.27072
test,A5,19.388,31.310276
test,A5,19.074,32.770184
test,A5,18.857,32.674236
test,A5,19.108,31.865225
test,A5,19.445,32.28419
test,A5,19.913,31.922045
test,A5,20.543,32.155552
test,A5,21.06,32.068325
test,A5,21.244,32.236183
test,A5,21.263,32.194447
test,A5,21.28,32.21084
test,A5,21.301,31.819456
test,A5,21.302,32.071922
test,A5,21.296,32.20746
test,A5,21.329979,32.484814
test,A5,21.37798,32.445988
test,A5,21.411,32.382774
test,A5,21.411,32.593002
test,A5,21.394,32.77375
test,A5,21.388,32.05342
test,A5,21.381,32.465973
test,A5,21.389,31.898409
test,A5,21.421,32.627636
test,A5,21.489,33.087624
test,A5,21.492994,32.672268
test,A5,21.440994,32.44232
test,A5,21.422,31.602322
test,A5,21.417,32.51095
test,A5,21.455,32.121502
test,A5,21.512,32.314335
test,A5,21.584,32.406765
test,A5,21.582,31.597004
test,A5,21.495,32.064278
test,A5,21.432,31.775356
test,A5,21.419,32.132328
test,A5,21.40799,31.790106
test,A5,21.384954,32.41257
test,A5,21.419886,32.46437
test,A5,21.475922,31.724756
test,A5,21.453,31.835682
test,A5,21.417065,31.91543
test,A5,21.372065,32.108948
test,A5,21.328,31.882524
test,A5,21.379,32.305717
test,A5,21.46,32.308933
test,A5,21.478,32.38186
test,A5,21.471,31.921545
test,A5,21.478,31.851414
test,A5,21.499,32.420197
test,A5,21.546,32.092194
test,A5,21.588,32.340343
test,A5,21.577,31.624912
test,A5,21.565,31.75324
test,A5,21.56,32.045
test,A5,21.551,31.815008
test,A5,21.60002,32.17917
test,A5,21.60602,31.767538
test,A5,21.508,32.34152
test,A5,21.32,31.796076
test,A5,21.249,32.286472
test,A5,21.297,32.110508
test,A5,21.365,31.47207
test,A5,21.458,31.93776
test,A5,21.507,31.527132
test,A5,21.485,31.315857
test,A5,21.454,31.865555
test,A5,21.498,31.589724
test,A5,21.549093,31.70305
test,A5,21.681093,31.67948
test,A5,21.965881,31.98099
test,A5,22.302881,31.332674
test,A5,22.783802,31.442049
test,A5,23.273802,31.491299
test,A5,23.506,31.207705
test,A5,23.578,31.679016
test,A5,23.624956,31.401793
test,A5,23.695955,31.837313
test,A5,23.742,31.762005
test,A5,23.746,31.765148
test,A5,23.723,31.879549
test,A5,23.681,31.642675
test,A5,23.61,31.75052
test,A5,23.544,30.913984
test,A5,23.524,31.897253
test,A5,23.543,32.001125
test,A5,23.548,32.168003
test,A5,23.533,31.84139
test,A5,23.616,31.370811
test,A5,23.746,31.274258
test,A5,23.754,31.521719
test,A5,23.689035,31.927526
test,A5,23.687035,31.707289
test,A5,23.691,31.737806
test,A5,23.685,31.88247
test,A5,23.72596,31.416025
test,A5,23.71796,32.295998
test,A5,23.669,31.933086
test,A5,23.675,31.901693
test,A5,23.707,32.385582
test,A5,23.652,31.758276
test,A5,23.562946,31.713469
test,A5,23.587946,31.48799
test,A5,23.632,31.179058
test,A5,23.606,31.844336
test,A5,23.64,30.612196
test,A5,23.673,31.716646
test,A5,23.653,31.895178
test,A5,23.714,32.283157
test,A5,23.835,31.471071
test,A5,23.833971,31.904959
test,A5,23.73697,31.741545
test,A5,23.679,32.1524
test,A5,23.655,32.241455
test,A5,23.664,32.303703
test,A5,23.7,31.650162
test,A5,23.676,32.188736
test,A5,23.55,32.34626
test,A5,23.404,31.550615
test,A5,23.278,31.028282
test,A5,23.166,31.59542
test,A5,23.04407,31.779299
test,A5,22.90807,31.045897
test,A5,22.746,32.073402
test,A5,22.581,31.696104
test,A5,22.436,31.920422
test,A5,22.295,31.953808
test,A5,22.181,31.482195
test,A5,22.115,31.692495
test,A5,22.065,31.540274
test,A5,22.02,32.12698
test,A5,22.012,31.318987
test,A5,22.072,31.809828
test,A5,22.135,31.836544
test,A5,22.222,31.957932
test,A5,22.345,32.18426
test,A5,22.431,31.999405
test,A5,22.551,31.986658
test,A5,22.644,32.346195
test,A5,22.82,31.93587
test,A5,23.09196,31.192966
test,A5,23.22396,31.854876
test,A5,23.249,32.31432
test,A5,23.298,32.014076
test,A5,23.372,32.24467
test,A5,23.485,31.88421
test,A5,23.598,32.519318
test,A5,23.645,32.327957
test,A5,23.62281,32.352154
test,A5,23.63381,31.733469
test,A5,23.699,31.608366
test,A5,23.643,32.137695
test,A5,23.591,32.02198
test,A5,23.579,31.852594
test,A5,23.605,32.17457
test,A5,23.629,32.01001
test,A5,23.545,32.054962
test,A5,23.448,32.53705
test,A5,23.354,32.774826
test,A5,23.218,32.31723
test,A5,23.048,32.162277
test,A5,22.83,32.166737
test,A5,22.581,31.873083
test,A5,22.324,32.200714
test,A5,22.023901,31.999144
test,A5,21.758902,32.1733
test,A5,21.573,32.141914
test,A5,21.456,32.038322
test,A5,21.165,31.813005
test,A5,20.356,32.08911
test,A5,20.031,31.93565
test,A5,20.542,32.321003
test,A5,20.796,32.02654
test,A5,20.755,32.067448
test,A5,20.83,32.1196
test,A5,20.881,32.44037
test,A5,20.84796,31.845924
test,A5,20.85202,31.595156
test,A5,20.85306,32.012375
test,A5,21.03,31.73216
test,A5,21.228,31.949883
test,A5,21.34,32.065536
test,A5,21.534,31.602903
test,A5,21.692,32.06009
test,A5,21.803,31.76235
test,A5,21.92989,31.974886
test,A5,22.10489,32.116714
test,A5,22.277,31.287844
test,A5,22.424,32.086563
test,A5,22.52,32.108044
test,A5,22.551,31.870382
test,A5,22.351,31.96498
test,A5,22.429,31.803833
test,A5,22.838,32.427986
test,A5,22.97,31.999544
test,A5,22.957,31.827156
test,A5,22.91,32.05256
test,A5,22.93,31.706524
test,A5,22.893,31.853601
test,A5,22.716,32.479767
test,A5,22.579,32.112793
test,A5,22.464,32.001575
test,A5,22.309,31.847898
test,A5,22.146,32.211185
test,A5,21.966,32.378754
test,A5,21.855,32.479774
test,A5,21.755,32.448097
test,A5,21.556137,32.43753
test,A5,21.382137,31.79221
test,A5,21.274,32.208336
test,A5,21.097,32.121838
test,A5,20.96,32.15268
test,A5,20.953,32.276154
test,A5,21.027,31.438774
test,A5,21.12398,32.37435
test,A5,21.17498,31.956676
test,A5,21.245,31.619879
test,A5,21.295,32.046036
test,A5,21.34,32.136864
test,A5,21.359,32.108063
test,A5,21.357,31.401318
test,A5,21.36797,32.095245
test,A5,21.37391,31.933844
test,A5,21.349941,31.580086
test,A5,21.359,31.89828
test,A5,21.409,31.9695
test,A5,21.496,32.079144
test,A5,21.627,32.04484
test,A5,21.645,32.115288
test,A5,21.6219,32.169533
test,A5,21.7159,32.34822
test,A5,21.825,31.705523
test,A5,21.866,31.414783
test,A5,21.983,32.6425
test,A5,22.125,32.138123
test,A5,22.166,31.827988
test,A5,22.19,31.934814
test,A5,22.288,32.5247
test,A5,22.371,31.886812
test,A5,22.421,32.140156
test,A5,22.44,32.36078
test,A5,22.41,31.947456
test,A5,22.354,31.846636
test,A5,22.256,31.816204
test,A5,22.081,31.8034
test,A5,21.904,31.770763
test,A5,21.81,31.913872
test,A5,21.764,31.86617
test,A5,21.745,32.04294
test,A5,21.793,31.333303
test,A5,21.915,31.951357
test,A5,21.944,31.874252
test,A5,21.889034,32.320473
test,A5,21.855034,31.768442
test,A5,21.907,31.731327
test,A5,21.952,31.651049
test,A5,21.93419,31.80279
test,A5,21.905205,31.704199
test,A5,21.890985,32.03628
test,A5,21.93897,31.31195
test,A5,22.064,31.930439
test,A5,22.197,31.51475
test,A5,22.294,32.14583
test,A5,22.404,31.761473
test,A5,22.368,31.843855
test,A5,22.348,32.344738
test,A5,22.474,32.212208
test,A5,22.531,32.313385
test,A5,22.536,31.962355
test,A5,22.521,32.334446
test,A5,22.399,32.49195
test,A5,22.214,32.157673
test,A5,22.237,32.316692
test,A5,22.337,31.803259
test,A5,22.294,31.541918
test,A5,22.257,31.641909
test,A5,22.288,32.1129
test,A5,22.291,31.87056
test,A5,22.251,31.414537
test,A5,22.229,31.473383
test,A5,22.204,31.61709
test,A5,22.208,31.466534
test,A5,22.247,31.814215
test,A5,22.287,32.041954
test,A5,22.346,31.689499
test,A5,22.385,31.349838
test,A5,22.328,32.361603
test,A5,22.132,32.814
test,A5,21.928,31.979883
test,A5,21.873,31.48953
test,A5,21.824,32.174953
test,A5,21.716,32.432487
test,A5,21.587,32.36526
test,A5,21.436995,33.084866
test,A5,21.344995,31.601957
test,A5,21.253,33.12635
test,A5,21.211,32.53643
test,A5,21.245,31.972546
test,A5,21.301,31.779716
test,A5,21.373,32.649555
test,A5,21.430885,31.39174
test,A5,21.559885,31.139706
test,A5,21.721,32.397865
test,A5,21.998,31.330378
test,A5,22.108,32.306
test,A5,22.012945,32.316372
test,A5,21.984945,32.094826
test,A5,21.977,31.923384
test,A5,21.877,31.460072
test,A5,21.585,32.285625
test,A5,21.579,32.641598
test,A5,21.92,32.425953
test,A5,22.086,31.968393
test,A5,22.008,31.716303
test,A5,21.915014,31.50521
test,A5,21.886015,32.36476
test,A5,21.831,32.65554
test,A5,21.74,32.321793
test,A5,21.654,31.946642
test,A5,21.529,31.593834
test,A5,21.443,32.407574
test,A5,21.438,32.230507
test,A5,21.432,31.896734
test,A5,21.34,32.202393
test,A5,21.267,32.442024
test,A5,21.296,32.174477
test,A5,21.309,31.789827
test,A5,21.371,31.639378
test,A5,21.486,32.421608
test,A5,21.554,32.037636
test,A5,21.668,31.999228
test,A5,21.739,31.789602
test,A5,21.73802,32.17421
test,A5,21.746021,32.015865
test,A5,21.733,31.326105
test,A5,21.76,32.059326
test,A5,21.849,31.600433
test,A5,21.974049,32.84337
test,A5,22.01605,31.608252
test,A5,22.078,32.48025
test,A5,22.262,32.443653
test,A5,22.417,31.455877
test,A5,22.533,31.831093
test,A5,22.582867,31.62869
test,A5,22.702866,31.687338
test,A5,22.937,31.4834
test,A5,23.143,31.971756
test,A5,23.317,32.12606
test,A5,23.424,31.65084
test,A5,23.523,32.210255
test,A5,23.64,32.32047
test,A5,23.737,32.657177
test,A5,23.706,31.845379
test,A5,23.633,31.797709
test,A5,23.648,31.583433
test,A5,23.66201,32.406597
test,A5,23.692009,31.17428
test,A5,23.756857,31.892105
test,A5,23.583858,32.06261
test,A5,23.246,31.924273
test,A5,23.04,32.22138
test,A5,22.888,32.31205
test,A5,22.756,31.99753
test,A5,22.764,31.884195
test,A5,22.841,31.81236
test,A5,22.748,31.901075
test,A5,22.642,32.636765
test,A5,22.463,32.86232
test,A5,22.356,32.142582
test,A5,22.319,32.374634
test,A5,22.146946,32.489048
test,A5,22.102945,31.849005
test,A5,22.032,32.845932
test,A5,21.944,31.90096
test,A5,21.975,31.962336
test,A5,22.041,31.657614
test,A5,22.079,31.788107
test,A5,22.171,31.679255
test,A5,22.317,31.387674
test,A5,22.329094,31.786118
test,A5,22.360113,32.142662
test,A5,22.42302,32.450638
test,A5,22.434,31.863087
test,A5,22.429,31.832634
test,A5,22.424,31.93817
test,A5,22.412,31.845617
test,A5,22.381,32.04567
test,A5,22.398,32.09774
test,A5,22.472,32.261364
test,A5,22.56801,31.722067
test,A5,22.59901,32.2803
test,A5,22.588,32.311028
test,A5,22.548,31.172354
test,A5,22.51,32.466324
test,A5,22.541,32.607563
test,A5,22.488,31.334291
test,A5,22.422,31.814537
test,A5,22.441,31.557428
test,A5,22.465,31.96839
test,A5,22.377861,31.644983
test,A5,22.369902,31.71533
test,A5,22.464039,31.903303
test,A5,22.499,31.668642
test,A5,22.365,31.804516
test,A5,22.146,31.41979
test,A5,22.056,32.152893
test,A5,22.003,31.908459
test,A5,22.031,31.901575
test,A5,22.076,32.289913
test,A5,21.996,32.10479
test,A5,22.00198,32.364807
test,A5,22.08799,32.579586
test,A5,22.07101,32.14634
test,A5,22.029,32.022263
test,A5,22.028,32.018036
test,A5,22.149,31.771687
test,A5,22.283,32.04509
test,A5,22.334,31.55486
test,A5,22.267,32.2435
test,A5,22.367,31.881868
test,A5,22.464,32.2922
test,A5,22.321,32.12545
test,A5,22.22792,32.108624
test,A5,22.155981,31.88258
test,A5,22.160019,31.854223
test,A5,22.25196,31.833471
test,A5,22.343193,31.775795
test,A5,22.574291,31.91288
test,A5,22.858099,31.670692
test,A5,23.055,31.730776
test,A5,23.071,32.08057
test,A5,23.086,31.886562
test,A5,23.229,31.83597
test,A5,23.30802,31.821955
test,A5,23.32702,32.510223
test,A5,23.399,32.08902
test,A5,23.609,31.873316
test,A5,23.727,31.429422
test,A5,23.654,32.083218
test,A5,23.664,31.443079
test,A5,23.698,31.844156
test,A5,23.6119,32.367836
test,A5,23.6329,31.982885
test,A5,23.69,31.799967
test,A5,23.716,32.104424
test,A5,23.739,31.993261
test,A5,23.734358,31.755484
test,A5,23.735876,31.748516
test,A5,23.721518,31.635218
test,A5,23.499773,31.688982
test,A5,23.026207,31.787622
test,A5,23.100183,31.319468
test,A5,23.55612,31.263765
test,A5,23.597391,31.964571
test,A5,23.550041,32.110977
test,A5,23.613758,31.642416
test,A5,23.626253,31.154463
test,A5,23.607515,31.868856
test,A5,23.497524,32.009365
test,A5,23.338776,31.450113
test,A5,23.2225,31.770384
test,A5,23.1375,32.460373
test,A5,23.06127,32.068863
test,A5,22.97,31.539509
test,A5,22.892494,32.226406
test,A5,22.818766,32.311596
test,A5,22.74875,32.043377
test,A5,22.723778,31.875233
test,A5,22.686277,31.953527
test,A5,22.60997,31.781622
test,A5,22.527454,32.246037
test,A5,22.459986,31.83034
test,A5,22.448713,31.391546
test,A5,22.429962,32.2631
test,A5,22.52625,32.35197
test,A5,22.72625,31.84036
test,A5,22.90377,31.873976
test,A5,23.03755,32.12811
test,A5,23.07996,31.630243
test,A5,23.082531,31.65234
test,A5,23.236376,31.839287
test,A5,23.423775,31.446688
test,A5,23.49125,31.491
test,A5,23.541145,31.74251
test,A5,23.607395,31.80887
test,A5,23.705091,31.891788
test,A5,23.847517,31.84423
test,A5,23.832426,31.937943
test,A5,23.7125,31.82372
test,A5,23.688763,31.728502
test,A5,23.683746,31.858595
test,A5,23.686262,32.01502
test,A5,23.708778,32.322987
test,A5,23.716263,32.032104
test,A5,23.71001,31.655727
test,A5,23.717497,31.952963
test,A5,23.690002,31.490969
test,A5,23.662476,31.031336
test,A5,23.604973,31.60754
test,A5,23.54375,31.50941
test,A5,23.56125,31.951979
test,A5,23.63625,31.618086
test,A5,23.63125,31.576197
test,A5,23.490017,31.886208
test,A5,23.426271,31.553267
test,A5,23.475029,31.79955
test,A5,23.53002,32.03317
test,A5,23.566244,32.36357
test,A5,23.58373,31.848234
test,A5,23.58501,31.372183
test,A5,23.61628,32.115494
test,A5,23.647463,31.873335
test,A5,23.587484,31.821453
test,A5,23.567505,31.95421
test,A5,23.567486,32.01973
test,A5,23.546253,31.979132
test,A5,23.533718,31.58007
test,A5,23.482468,31.975718
test,A5,23.511295,32.530388
test,A5,23.62501,31.963861
test,A5,23.594965,31.579063
test,A5,23.448814,32.01147
test,A5,23.461435,32.580452
test,A5,23.61512,32.186523
test,A5,23.6575,32.121845
test,A5,23.6925,31.666002
test,A5,23.82125,31.864025
test,A5,23.805,32.931755
test,A5,23.751255,32.247482
test,A5,23.762495,31.939524
test,A5,23.696163,32.160294
test,A5,23.551174,32.23224
test,A5,23.52375,32.054977
test,A5,23.56878,31.962656
test,A5,23.59128,32.41255
test,A5,23.623755,32.00495
test,A5,23.608755,31.8971
test,A5,23.577534,31.952082
test,A5,23.595034,32.36116
test,A5,23.576166,32.25593
test,A5,23.348284,32.295967
test,A5,22.90837,33.022465
test,A5,22.41112,32.226414
test,A5,21.943619,32.613655
test,A5,21.5475,31.677202
test,A5,21.36625,31.860895
test,A5,21.451334,31.912455
test,A5,21.808834,31.365873
test,A5,22.46125,31.614437
test,A5,23.0475,31.062014
test,A5,23.2325,31.603867
test,A5,23.3175,31.700396
test,A5,23.45743,31.496836
test,A5,23.437384,31.754896
test,A5,23.42496,31.568554
test,A5,23.503757,31.881964
test,A5,23.536293,31.594873
test,A5,23.615526,32.00371
test,A5,23.644236,32.300632
test,A5,23.62,32.009983
test,A5,23.63624,31.638678
test,A5,23.64499,31.353254
test,A5,23.66875,30.84884
test,A5,23.691256,32.2607
test,A5,23.670034,32.142815
test,A5,23.62752,31.737299
test,A5,23.59249,31.876162
test,A5,23.611258,32.24232
test,A5,23.645008,32.572304
test,A5,23.628725,32.447838
test,A5,23.571232,31.988676
test,A5,23.56003,32.225204
test,A5,23.611261,32.087776
test,A5,23.622484,31.919256
test,A5,23.603758,32.08446
test,A5,23.623762,32.236305
test,A5,23.649996,31.748487
test,A5,23.650005,31.339027
test,A5,23.65876,32.011265
test,A5,23.688745,31.621912
test,A5,23.70501,32.052307
test,A5,23.727514,31.36733
test,A5,23.7375,31.889044
test,A5,23.68875,32.052948
test,A5,23.65625,32.44311
test,A5,23.66501,32.809124
test,A5,23.683758,32.59885
test,A5,23.682474,31.532951
test,A5,23.632477,31.72987
test,A5,23.59375,32.851173
test,A5,23.577475,32.26246
test,A5,23.53499,31.989275
test,A5,23.536264,32.134293
test,A5,23.58874,32.16771
test,A5,23.611273,32.798187
test,A5,23.647533,31.924067
test,A5,23.64625,32.292313
test,A5,23.628757,31.878603
test,A5,23.651272,32.370182
test,A5,23.628765,31.912676
test,A5,23.61625,31.936321
test,A5,23.74625,32.37938
test,A5,24.028835,31.610909
test,A5,24.365086,31.421234
test,A5,24.69875,31.78257
test,A5,25.0125,32.10439
test,A5,25.32,31.88925
test,A5,25.592527,31.655348
test,A5,25.743778,32.290703
test,A5,25.77,31.719236
test,A5,25.79504,32.3468
test,A5,25.89129,32.13968
test,A5,25.955,31.873148
test,A5,25.96125,32.17897
test,A5,25.965,32.052376
test,A5,25.915035,31.987314
test,A5,25.918787,32.303795
test,A5,25.967503,31.865776
test,A5,25.94627,31.773088
test,A5,25.96002,31.277847
test,A5,25.98375,31.885454
test,A5,25.95875,32.750217
test,A5,25.941252,32.392525
test,A5,25.943748,31.590246
test,A5,25.921213,32.200058
test,A5,25.833687,32.378487
test,A5,25.71372,32.29155
test,A5,25.627508,32.936768
test,A5,25.597507,31.609884
test,A5,25.545,32.05774
test,A5,25.41625,32.456306
test,A5,25.266222,32.355267
test,A5,25.123722,32.36949
test,A5,24.98252,31.738382
test,A5,24.91252,31.86135
test,A5,24.83125,32.54138
test,A5,24.741245,32.140667
test,A5,24.722485,32.82138
test,A5,24.687475,32.638733
test,A5,24.639986,32.66146
test,A5,24.60249,31.577717
test,A5,24.57374,32.5064
test,A5,24.55125,32.757
test,A5,24.5275,32.66168
test,A5,24.46497,31.950722
test,A5,24.382471,31.472902
test,A5,24.376268,31.60427
test,A5,24.421268,31.661554
test,A5,24.400005,32.62692
test,A5,24.373755,31.615217
test,A5,24.38625,31.69015
test,A5,24.39,31.68242
test,A5,24.38625,31.953432
test,A5,24.36875,32.22686
test,A5,24.35375,32.32582
test,A5,24.37875,32.035686
test,A5,24.42875,32.230316
test,A5,24.4625,32.149178
test,A5,24.511063,32.364635
test,A5,24.602283,32.217598
test,A5,24.628704,31.350845
test,A5,24.58372,32.17681
test,A5,24.54499,32.153347
test,A5,24.526243,32.703182
test,A5,24.510242,32.440826
test,A5,24.502254,32.89775
test,A5,24.509487,31.76005
test,A5,24.493748,32.361767
test,A5,24.50126,32.768463
test,A5,24.52875,32.179886
test,A5,24.496252,31.852192
test,A5,24.443752,31.34508
test,A5,24.39375,32.414
test,A5,24.350044,32.256126
test,A5,24.390045,32.227062
test,A5,24.47625,32.32843
test,A5,24.515015,31.9385
test,A5,24.55634,31.603369
test,A5,24.646324,32.401558
test,A5,24.6735,32.021095
test,A5,24.754717,32.100407
test,A5,24.813717,32.414146
test,A5,24.79002,32.13143
test,A5,24.75627,31.796263
test,A5,24.5175,32.34813
test,A5,24.4075,32.276054
test,A5,24.540047,31.913195
test,A5,24.660065,31.155632
test,A5,24.721317,32.150665
test,A5,24.826363,32.21428
test,A5,24.960064,32.411217
test,A5,24.76125,32.271236
test,A5,24.42625,32.06078
test,A5,24.27493,32.238495
test,A5,24.354956,31.096657
test,A5,24.528778,31.074774
test,A5,24.613758,31.84188
test,A5,24.668756,31.950895
test,A5,24.708727,31.763227
test,A5,24.679977,31.687004
test,A5,24.605028,31.675024
test,A5,24.598738,31.842308
test,A5,24.559961,31.258127
test,A5,24.513777,32.024452
test,A5,24.555,32.379494
test,A5,24.521181,31.738577
test,A5,24.42,32.147923
test,A5,24.438791,31.93986
test,A5,24.49875,32.114494
test,A5,24.521238,31.553648
test,A5,24.568768,31.632183
test,A5,24.62753,31.903763
test,A5,24.604828,31.966127
test,A5,24.34994,31.539568
test,A5,24.332611,31.971045
test,A5,24.565,31.257092
test,A5,24.62253,32.03588
test,A5,24.68878,31.525705
test,A5,24.76125,31.404081
test,A5,24.67375,31.913952
test,A5,24.525017,31.748587
test,A5,24.52005,31.996561
test,A5,24.618782,32.44532
test,A5,24.698753,31.2555
test,A5,24.728752,31.721588
test,A5,24.73,31.988573
test,A5,24.679985,31.489758
test,A5,24.636282,31.426327
test,A5,24.728798,32.13012
test,A5,24.865,31.266054
test,A5,24.8225,32.12302
test,A5,24.6175,31.757776
test,A5,24.536263,31.392157
test,A5,24.583763,31.219694
test,A5,24.54745,31.055792
test,A5,24.4837,32.128887
test,A5,24.635,31.35603
test,A5,24.75375,31.91823
test,A5,24.599924,31.619532
test,A5,24.414925,31.716574
test,A5,24.42749,31.475157
test,A5,24.513758,31.830622
test,A5,24.543768,32.22067
test,A5,24.61501,32.022736
test,A5,24.67503,32.034843
test,A5,24.75006,32.123558
test,A5,24.84754,32.277527
test,A5,24.835045,32.021347
test,A5,24.676231,31.913208
test,A5,24.493687,31.44652
test,A5,24.44,31.4327
test,A5,24.47875,31.83035
test,A5,24.502478,31.862146
test,A5,24.486233,31.454393
test,A5,24.473778,31.225622
test,A5,24.528759,31.783257
test,A5,24.544985,31.83028
test,A5,24.466297,31.437414
test,A5,24.47263,31.835108
test,A5,24.518831,31.867813
test,A5,24.49,31.677954
test,A5,24.45875,31.868494
test,A5,24.45,32.271538
test,A5,24.4225,32.434277
test,A5,24.39627,31.77057
test,A5,24.43252,32.404785
test,A5,24.426226,31.549644
test,A5,24.380224,31.687712
test,A5,24.3715,31.791304
test,A5,24.38375,31.852053
test,A5,24.397497,31.382593
test,A5,24.401257,31.354033
test,A5,24.390009,31.780008
test,A5,24.4025,31.846575
test,A5,24.44499,31.115067
test,A5,24.453737,31.246866
test,A5,24.428747,31.771593
test,A5,24.415,32.357487
test,A5,24.43375,30.663578
test,A5,24.44125,31.467615
test,A5,24.43375,31.793697
test,A5,24.45629,30.853151
test,A5,24.49629,32.099567
test,A5,24.51125,31.687971
test,A5,24.49,31.898863
test,A5,24.46625,31.142061
test,A5,24.502502,31.521467
test,A5,24.56502,31.52757
test,A5,24.602518,31.755487
test,A5,24.6175,31.984377
test,A5,24.58374,31.926935
test,A5,24.538727,31.988085
test,A5,24.507738,32.712303
test,A5,24.556515,32.742756
test,A5,24.652515,32.111336
test,A5,24.719969,32.280922
test,A5,24.713737,33.00425
test,A5,24.698757,31.244482
test,A5,24.71249,31.09008
test,A5,24.721237,31.900614
test,A5,24.70997,32.113754
test,A5,24.633686,31.31978
test,A5,24.506182,31.347387
test,A5,24.412477,32.0636
test,A5,24.46125,32.329453
test,A5,24.548752,31.590311
test,A5,24.592503,31.753574
test,A5,24.658754,32.194637
test,A5,24.725004,32.26394
test,A5,24.81,32.404663
test,A5,24.814985,32.635532
test,A5,24.75002,32.37775
test,A5,24.781284,31.544281
test,A5,24.75875,31.9396
test,A5,24.663738,31.698168
test,A5,24.601223,31.8579
test,A5,24.553736,31.517544
test,A5,24.53175,31.549635
test,A5,24.49425,31.425547
test,A5,24.4265,31.949116
test,A5,24.4265,31.712067
test,A5,24.394997,31.456133
test,A5,24.328777,31.31749
test,A5,24.296268,31.273415
test,A5,24.236212,31.758114
test,A5,24.188725,31.658007
test,A5,24.3075,31.386827
test,A5,24.588886,30.951365
test,A5,24.540152,31.394953
test,A5,24.361252,31.383183
test,A5,24.365,32.138992
test,A5,24.371262,31.729986
test,A5,24.39875,31.55894
test,A5,24.44125,32.321045
test,A5,24.493757,32.11711
test,A5,24.501257,31.342995
test,A5,24.48383,31.790941
test,A5,24.45883,31.342909
test,A5,24.44501,31.935127
test,A5,24.468767,31.869947
test,A5,24.50502,31.454535
test,A5,24.542515,31.63545
test,A5,24.567503,31.61775
test,A5,24.575,31.412321
test,A5,24.5725,31.19585
test,A5,24.554983,31.06327
test,A5,24.516232,31.152597
test,A5,24.488747,32.33199
test,A5,24.486252,31.467611
test,A5,24.492504,32.293114
test,A5,24.50375,31.791637
test,A5,24.522507,31.561163
test,A5,24.601364,31.613966
test,A5,24.775106,31.81068
test,A5,24.73125,31.84443
test,A5,24.545002,31.452019
test,A5,24.512487,31.610846
test,A5,24.538734,31.975973
test,A5,24.67,31.240736
test,A5,24.71757,30.900547
test,A5,24.54004,31.685537
test,A5,24.39372,31.523573
test,A5,24.416265,31.714285
test,A5,24.446259,31.61877
test,A5,24.449993,31.740711
test,A5,24.52,32.335
test,A5,24.623692,31.961622
test,A5,24.767527,31.707733
test,A5,25.062748,31.684492
test,A5,25.604101,31.450209
test,A5,26.30519,31.753763
test,A5,26.918724,31.795177
test,A5,27.064974,31.518267
test,A5,26.716125,33.01293
test,A5,26.218626,33.326057
test,A5,25.71,32.380714
test,A5,25.20375,32.563087
test,A5,24.75857,32.118942
test,A5,24.38982,31.981539
test,A5,24.08625,32.11773
test,A5,23.857483,31.471724
test,A5,23.726212,31.579498
test,A5,23.644949,31.72492
test,A5,23.57,31.864717
test,A5,23.588787,31.682806
test,A5,23.642494,31.628952
test,A5,23.641237,31.589918
test,A5,23.68252,30.86847
test,A5,23.772545,31.656055
test,A5,23.885025,31.731848
test,A5,24.00375,31.428743
test,A5,23.862589,32.03479
test,A5,23.50597,31.838354
test,A5,23.107273,31.68617
test,A5,22.643696,32.479538
test,A5,22.230984,32.321236
test,A5,21.91618,31.909546
test,A5,21.6775,31.924047
test,A5,21.5,31.966635
test,A5,21.36873,32.03034
test,A5,21.25998,31.750296
test,A5,21.141232,31.70611
test,A5,21.037464,31.774282
test,A5,20.973732,31.548445
test,A5,20.95625,31.161736
test,A5,21.035023,31.351479
test,A5,21.136272,31.487844
test,A5,21.173758,31.24034
test,A5,21.150007,31.67435
test,A5,20.993774,31.813856
test,A5,20.822515,31.65199
test,A5,20.757475,32.17671
test,A5,20.712484,31.933498
test,A5,20.661192,31.621971
test,A5,20.528622,31.90973
test,A5,20.35618,31.848383
test,A5,20.21875,32.041393
test,A5,20.07875,32.156227
test,A5,19.98125,31.715921
test,A5,19.9775,30.8874
test,A5,20.03012,31.928858
test,A5,20.15637,32.428802
test,A5,20.282522,31.604187
test,A5,20.347525,32.090263
test,A5,20.368717,31.805513
test,A5,20.316668,31.426065
test,A5,20.376738,31.87472
test,A5,20.481192,31.920355
test,A5,20.397503,31.961336
test,A5,20.467625,31.420668
test,A5,20.637527,31.80468
test,A5,20.5725,31.622553
test,A5,20.54375,31.485392
test,A5,20.53125,31.814663
test,A5,20.409952,32.127666
test,A5,20.362452,31.326334
test,A5,20.298931,31.502516
test,A5,20.497711,32.13602
test,A5,20.78751,31.859015
test,A5,20.74994,31.916887
test,A5,20.652485,31.897896
test,A5,20.661274,32.021835
test,A5,20.750048,31.756676
test,A5,20.701298,31.975653
test,A5,20.586243,31.564035
test,A5,20.551243,32.103195
test,A5,20.601208,32.089657
test,A5,20.677458,32.3937
test,A5,20.6112,32.617996
test,A5,20.588688,33.0531
test,A5,20.633738,32.08846
test,A5,20.598743,31.583933
test,A5,20.608763,31.51618
test,A5,20.671309,31.67491
test,A5,20.741148,32.073997
test,A5,20.672344,32.20284
test,A5,20.612516,31.885517
test,A5,20.71762,31.84839
test,A5,20.855095,31.965727
test,A5,20.932505,31.903364
test,A5,20.9625,31.636646
test,A5,21.051247,31.881119
test,A5,21.161247,32.677177
test,A5,21.3175,31.3804
test,A5,21.33499,31.456903
test,A5,21.203697,31.820446
test,A5,21.111193,31.885115
test,A5,21.068735,31.76841
test,A5,21.060007,31.678349
test,A5,21.067583,31.295774
test,A5,21.146296,32.082245
test,A5,21.174974,31.980978
test,A5,21.155005,31.77212
test,A5,21.13125,31.784918
test,A5,21.093729,32.180782
test,A5,21.048729,30.822903
test,A5,21.017492,31.908146
test,A5,21.009918,32.17933
test,A5,20.953674,31.59231
test,A5,20.93125,31.790955
test,A5,20.96374,31.314768
test,A5,20.96001,31.660007
test,A5,20.96502,32.313007
test,A5,20.98,31.385881
test,A5,20.977495,32.259224
test,A5,20.957495,31.614048
test,A5,20.8975,31.622963
test,A5,20.823763,32.030106
test,A5,20.795012,31.930532
test,A5,20.76,32.068993
test,A5,20.755,31.23724
test,A5,20.805,31.439825
test,A5,20.88,32.14981
test,A5,20.899963,31.10862
test,A5,20.79995,31.47445
test,A5,20.732515,31.627647
test,A5,20.763767,32.314743
test,A5,20.77999,32.12658
test,A5,20.7775,31.931911
test,A5,20.911287,31.967983
test,A5,21.08504,31.69599
test,A5,21.163752,31.823109
test,A5,21.20989,32.007122
test,A5,21.12864,32.604694
test,A5,20.962523,32.216854
test,A5,20.937525,31.600796
test,A5,20.976252,31.521904
test,A5,20.965,31.160614
test,A5,20.912516,31.785961
test,A5,20.886242,31.541885
test,A5,20.871243,31.149597
test,A5,20.870016,31.904799
test,A5,20.88625,31.482508
test,A5,20.835,32.273796
test,A5,20.807493,31.650585
test,A5,20.817492,31.774332
test,A5,20.817472,31.854952
test,A5,20.776222,31.441278
test,A5,20.707485,32.388786
test,A5,20.659985,32.27384
test,A5,20.626247,31.738771
test,A5,20.607485,32.560684
test,A5,20.583748,32.75994
test,A5,20.57376,31.558155
test,A5,20.54875,32.173553
test,A5,20.527485,31.662369
test,A5,20.503735,32.52011
test,A5,20.433725,31.611013
test,A5,20.381226,31.051424
test,A5,20.445,31.530046
test,A5,20.543755,32.06818
test,A5,20.592505,31.043402
test,A5,20.696281,31.48672
test,A5,20.826283,31.711145
test,A5,20.93,32.061203
test,A5,21.06496,32.37309
test,A5,21.10499,31.516584
test,A5,21.10253,32.23684
test,A5,21.15005,32.103848
test,A5,21.19255,32.230995
test,A5,21.225,32.182755
test,A5,21.202496,31.43333
test,A5,21.14994,32.55591
test,A5,21.041212,31.701456
test,A5,21.000017,32.042297
test,A5,21.067566,31.58827
test,A5,21.143814,32.012814
test,A5,21.151228,32.182877
test,A5,21.081223,31.337526
test,A5,21.044994,31.321789
test,A5,21.078773,31.338705
test,A5,21.150023,31.933498
test,A5,21.196245,31.955956
test,A5,21.215065,32.074688
test,A5,21.27382,32.118645
test,A5,21.30375,32.629616
test,A5,21.27375,32.396626
test,A5,21.31125,31.757036
test,A5,21.41375,31.393738
test,A5,21.492498,32.04585
test,A5,21.536247,32.40457
test,A5,21.596146,31.785788
test,A5,21.578646,31.778196
test,A5,21.573774,31.685038
test,A5,21.6213,31.324244
test,A5,21.615025,32.085846
test,A5,21.530056,31.537306
test,A5,21.541334,32.52305
test,A5,21.661242,32.62651
test,A5,21.642504,31.623087
test,A5,21.626274,31.561152
test,A5,21.62994,31.686964
test,A5,21.574957,32.124893
test,A5,21.534979,31.79709
test,A5,21.472477,31.88215
test,A5,21.35875,32.306644
test,A5,21.32001,32.057182
test,A5,21.36503,31.824026
test,A5,21.420021,31.766254
test,A5,21.46506,31.809153
test,A5,21.51506,31.718058
test,A5,21.52375,31.959332
test,A5,21.4837,31.697117
test,A5,21.377449,31.29141
test,A5,21.246277,31.487885
test,A5,21.228699,31.652723
test,A5,21.17242,31.920458
test,A5,21.06125,31.813868
test,A5,21.100065,32.169434
test,A5,21.197517,32.203537
test,A5,21.15997,31.559391
test,A5,21.136267,32.2174
test,A5,21.18244,31.965265
test,A5,21.107471,31.887682
test,A5,21.07514,32.341026
test,A5,21.18136,32.15544
test,A5,21.160002,31.835428
test,A5,21.084997,31.886059
test,A5,21.108746,30.924894
test,A5,21.148638,31.546541
test,A5,21.051138,32.068806
test,A5,21.0725,31.951698
test,A5,21.14625,31.5166
test,A5,21.0575,32.034454
test,A5,20.989998,32.611115
test,A5,20.929998,32.10773
test,A5,20.85,32.151703
test,A5,20.73,32.032234
test,A5,20.725069,31.438581
test,A5,20.871304,31.738867
test,A5,20.924984,31.248072
test,A5,20.863811,31.892012
test,A5,20.960062,31.668797
test,A5,21.139982,31.659267
test,A5,21.172476,31.354113
test,A5,21.153788,31.698616
test,A5,21.253838,31.411942
test,A5,21.400043,31.873789
test,A5,21.418709,31.785095
test,A5,21.342459,31.682756
test,A5,21.39755,31.84136
test,A5,21.55503,31.71319
test,A5,21.587475,31.856642
test,A5,21.548742,32.023163
test,A5,21.558748,31.983469
test,A5,21.6,31.589737
test,A5,21.59249,31.986137
test,A5,21.563717,31.9173
test,A5,21.538738,31.932955
test,A5,21.508793,32.207783
test,A5,21.45005,31.803785
test,A5,21.353817,31.584852
test,A5,21.273792,32.488094
test,A5,21.206213,31.655174
test,A5,21.133717,32.164684
test,A5,21.09248,32.57325
test,A5,21.119982,31.732254
test,A5,21.14129,31.59961
test,A5,21.16879,31.827942
test,A5,21.20377,31.808912
test,A5,21.236263,32.162327
test,A5,21.269955,31.616518
test,A5,21.336212,31.758196
test,A5,21.41252,31.26629
test,A5,21.44377,31.74679
test,A5,21.420023,31.798243
test,A5,21.411272,31.866983
test,A5,21.417484,31.152754
test,A5,21.37499,31.592398
test,A5,21.35502,32.018898
test,A5,21.341248,32.415245
test,A5,21.366257,31.546854
test,A5,21.415026,31.875753
test,A5,21.32375,32.124573
test,A5,21.153725,32.259987
test,A5,21.036201,32.275326
test,A5,20.947477,31.573145
test,A5,20.902472,31.588774
test,A5,20.782473,32.13041
test,A5,20.276407,32.043808
test,A5,20.13394,31.702969
test,A5,20.417505,31.942545
test,A5,20.381222,32.09909
test,A5,20.235031,31.901978
test,A5,20.232475,32.632263
test,A5,20.398672,32.162857
test,A5,20.541227,31.400284
test,A5,20.63625,31.885786
test,A5,20.720068,31.60602
test,A5,20.853807,31.646166
test,A5,20.958788,31.824518
test,A5,21.023767,31.773233
test,A5,21.04752,31.579803
test,A5,21.04255,31.75952
test,A5,21.046263,31.856863
test,A5,21.051283,31.784897
test,A5,21.061172,31.723768
test,A5,20.909931,31.825014
test,A5,20.805,31.979988
test,A5,20.783707,31.48001
test,A5,20.663637,31.921686
test,A5,20.43488,32.16651
test,A5,20.243727,31.784327
test,A5,20.182444,31.539787
test,A5,20.049944,31.434332
test,A5,19.891277,31.92909
test,A5,19.847466,31.949362
test,A5,19.756187,31.86966
test,A5,19.619976,31.841562
test,A5,19.53116,31.71705
test,A5,19.447472,31.624554
test,A5,19.445038,31.244673
test,A5,19.382484,32.484825
test,A5,19.286236,31.555504
test,A5,19.29125,31.91762
test,A5,19.292503,32.11525
test,A5,19.281242,32.384354
test,A5,19.23749,32.256508
test,A5,19.111248,31.76068
test,A5,19.001204,31.730326
test,A5,18.878706,31.794739
test,A5,18.667385,31.538214
test,A5,18.446095,31.907263
test,A5,18.238544,32.468765
test,A5,17.990995,31.74916
test,A5,17.7223,32.17074
test,A5,17.40614,32.195644
test,A5,17.12125,32.372017
test,A5,17.028778,31.897331
test,A5,17.078798,31.489237
test,A5,17.163778,31.482748
test,A5,17.230093,31.246561
test,A5,17.335102,31.732946
test,A5,17.453728,32.449043
test,A5,17.59746,31.03045
test,A5,17.857601,31.93181
test,A5,18.222706,31.944433
test,A5,18.62644,32.02436
test,A5,18.975086,31.26446
test,A5,19.201189,31.528383
test,A5,19.368683,31.45433
test,A5,19.448734,31.496572
test,A5,19.39874,31.594296
test,A5,19.245068,31.742107
test,A5,19.001198,32.04229
test,A5,18.76113,32.102966
test,A5,18.573795,32.024696
test,A5,18.408758,32.2488
test,A5,18.261213,32.130234
test,A5,18.17125,32.129868
test,A5,18.105007,31.43564
test,A5,18.066257,32.021423
test,A5,18.005045,31.495525
test,A5,17.85621,31.40279
test,A5,17.696135,31.576082
test,A5,17.59497,31.878904
test,A5,17.516197,31.92681
test,A5,17.357386,31.331347
test,A5,17.142391,31.42629
test,A5,16.96112,31.759598
test,A5,16.743666,31.69116
test,A5,16.55875,31.265226
test,A5,16.465,31.636545
test,A5,16.231138,31.699501
test,A5,15.8573885,31.706215
test,A5,15.616275,31.920916
test,A5,15.568708,31.970573
test,A5,15.481203,31.871044
test,A5,15.43252,31.911121
test,A5,15.525025,31.618093
test,A5,15.622545,31.466368
test,A5,15.730081,31.590355
test,A5,15.91131,32.369263
test,A5,16.161322,32.00349
test,A5,16.39382,31.522238
test,A5,16.53125,31.295557
test,A5,16.734886,31.471228
test,A5,17.10369,32.01452
test,A5,17.411364,32.224617
test,A5,17.652645,31.931383
test,A5,17.925085,31.672728
test,A5,18.155106,31.223341
test,A5,18.415106,31.735447
test,A5,18.64755,31.459682
test,A5,18.772526,31.880587
test,A5,18.807474,32.149723
test,A5,18.791288,31.531122
test,A5,18.733738,31.81584
test,A5,18.59739,31.822924
test,A5,18.392345,32.014145
test,A5,18.074831,31.901741
test,A5,17.746101,31.706446
test,A5,17.458616,32.373505
test,A5,17.19501,31.81827
test,A5,16.93495,31.711681
test,A5,16.68863,31.94702
test,A5,16.465,32.116825
test,A5,16.207504,31.57207
test,A5,16.033754,32.306343
test,A5,15.9012375,31.949099
test,A5,15.787505,31.893648
test,A5,15.830018,32.011524
test,A5,15.9925,31.040417
test,A5,16.222553,31.51797
test,A5,16.460052,31.693554
test,A5,16.73608,31.49051
test,A5,17.08108,31.100908
test,A5,17.4688,31.185751
test,A5,17.798906,30.966364
test,A5,18.068857,31.178831
test,A5,18.208866,31.315676
test,A5,18.471542,31.192614
test,A5,19.053926,31.145144
test,A5,19.56,31.047989
test,A5,19.81375,31.6378
test,A5,19.94125,31.5978
test,A5,20.1025,31.200897
test,A5,20.23,31.45721
test,A5,20.30625,31.58527
test,A5,20.37741,31.953856
test,A5,20.249851,31.847713
test,A5,20.03494,31.753857
test,A5,19.88495,32.172142
test,A5,19.712425,32.068886
test,A5,19.606262,32.1525
test,A5,19.663788,31.077421
test,A5,19.82,31.500597
test,A5,19.985,31.450037
test,A5,20.167454,32.093575
test,A5,20.33371,31.76264
test,A5,20.41377,31.557558
test,A5,20.478828,31.611116
test,A5,20.621304,31.683397
test,A5,20.70374,31.611078
test,A5,20.73125,32.014782
test,A5,20.79875,31.824903
test,A5,20.8537,31.967234
test,A5,20.8412,32.384727
test,A5,20.81875,31.260214
test,A5,20.85004,32.216476
test,A5,20.916262,31.914694
test,A5,20.866222,31.75804
test,A5,20.563667,32.30279
test,A5,20.151333,32.1389
test,A5,19.678879,32.27749
test,A5,19.311213,31.751657
test,A5,19.02625,31.740673
test,A5,18.639774,31.501299
test,A5,18.236025,31.578897
test,A5,17.89985,31.995378
test,A5,17.604755,32.479546
test,A5,17.286123,32.06199
test,A5,17.051218,31.734903
test,A5,16.848661,32.14113
test,A5,16.632412,31.982677
test,A5,16.680027,31.587196
test,A5,16.912527,31.36979
test,A5,17.248909,31.22092
test,A5,17.779104,31.183928
test,A5,18.271444,31.271173
test,A5,18.65875,31.685898
test,A5,18.859966,31.46591
test,A5,18.7949,31.116295
test,A5,18.617445,32.456398
test,A5,18.558798,31.785435
test,A5,18.65004,31.791166
test,A5,18.726282,32.37733
test,A5,18.797564,32.400856
test,A5,18.893826,31.394777
test,A5,19.08629,31.619726
test,A5,19.5175,31.495958
test,A5,19.895027,31.905027
test,A5,20.021278,31.658634
test,A5,20.04875,32.264515
test,A5,20.122562,31.135864
test,A5,20.311314,31.466923
test,A5,20.523867,31.146975
test,A5,20.806366,31.755842
test,A5,21.00875,31.22434
test,A5,21.108805,31.523449
test,A5,21.272564,31.35657
test,A5,21.38002,31.38085
test,A5,21.414263,31.49164
test,A5,21.419281,31.324266
test,A5,21.40378,31.377028
test,A5,21.42375,32.025436
test,A5,21.44499,31.912397
test,A5,21.403698,31.54669
test,A5,21.31498,31.502378
test,A5,21.287487,31.896887
test,A5,21.304964,31.88658
test,A5,21.360012,32.56185
test,A5,21.453787,31.494843
test,A5,21.505026,31.693846
test,A5,21.4925,32.406925
test,A5,21.52875,32.461815
test,A5,21.61375,32.010124
test,A5,21.608732,31.36086
test,A5,21.616232,31.758642
test,A5,21.642479,31.520262
test,A5,21.563545,31.728418
test,A5,21.348564,32.078842
test,A5,21.258846,32.517025
test,A5,21.462597,31.6662
test,A5,21.672558,31.991497
test,A5,21.736307,31.564045
test,A5,21.53875,31.971922
test,A5,21.415,31.58301
test,A5,21.515,31.853096
test,A5,21.5388,31.97257
test,A5,21.5038,31.609133
test,A5,21.45625,31.71462
test,A5,21.4675,31.809858
test,A5,21.486237,31.701777
test,A5,21.466238,31.634354
test,A5,21.4325,31.732527
test,A5,21.375,31.725012
test,A5,21.211191,31.57767
test,A5,20.958786,32.30331
test,A5,20.641178,31.751467
test,A5,20.305975,32.05281
test,A5,20.01864,31.957724
test,A5,19.67875,31.672235
test,A5,19.32375,32.13367
test,A5,19.087528,31.995264
test,A5,18.948753,32.087204
test,A5,18.854969,31.702478
test,A5,18.816263,31.562712
test,A5,18.851267,32.083256
test,A5,18.925,31.398363
test,A5,19.05,31.490334
test,A5,19.262383,31.764505
test,A5,19.509823,31.679714
test,A5,19.747496,31.70184
test,A5,19.97001,31.498442
test,A5,20.152456,31.635355
test,A5,20.27875,31.639772
test,A5,20.412558,32.035767
test,A5,20.610111,31.387516
test,A5,20.813828,31.653013
test,A5,20.968828,31.118917
test,A5,21.112803,31.120031
test,A5,21.184,31.55744
test,A5,21.128775,32.020874
test,A5,21.100025,31.436852
test,A5,21.10625,32.138874
test,A5,21.06875,31.794138
test,A5,21.00119,31.370626
test,A5,20.86244,31.974272
test,A5,20.725,31.901957
test,A5,20.623734,31.892483
test,A5,20.542482,31.640701
test,A5,20.5125,31.682405
test,A5,20.4025,32.107338
test,A5,20.26626,32.012146
test,A5,20.23251,31.663465
test,A5,20.19,32.114246
test,A5,20.11375,31.675507
test,A5,20.059992,31.743267
test,A5,20.051249,31.42824
test,A5,20.069996,31.58703
test,A5,20.06624,31.730587
test,A5,20.06,31.735209
test,A5,20.069977,31.661
test,A5,20.01492,31.741674
test,A5,19.85993,31.75012
test,A5,19.743729,31.478174
test,A5,19.72749,31.428507
test,A5,19.784966,32.123257
test,A5,19.778715,31.742353
test,A5,19.695,31.666798
test,A5,19.604973,32.345394
test,A5,19.492472,31.720114
test,A5,19.412493,31.413235
test,A5,19.338676,31.721357
test,A5,19.172434,31.605394
test,A5,18.97575,31.868095
test,A5,18.8845,31.600164
test,A5,18.8375,31.341522
test,A5,18.889963,31.366013
test,A5,18.948713,31.575388
test,A5,19.046297,31.663801
test,A5,19.282635,30.856205
test,A5,19.547586,31.844925
test,A5,19.75875,31.58097
test,A5,19.812456,31.596025
test,A5,19.72493,31.322554
test,A5,19.60497,31.519403
test,A5,19.561253,31.789911
test,A5,19.560007,31.806614
test,A5,19.52119,31.680773
test,A5,19.46994,31.488344
test,A5,19.553728,31.824432
test,A5,19.582415,31.992304
test,A5,19.447437,32.112885
test,A5,19.452507,31.593927
test,A5,19.560007,31.373163
test,A5,19.698835,31.360653
test,A5,19.953836,31.27427
test,A5,20.211342,31.961458
test,A5,20.470121,31.617983
test,A5,20.67753,31.247427
test,A5,20.800056,31.311268
test,A5,20.983805,31.150066
test,A5,21.17,31.68445
test,A5,21.15375,31.558172
test,A5,21.178705,31.70923
test,A5,21.218704,31.472092
test,A5,21.036268,31.623924
test,A5,20.893768,31.62552
test,A5,20.858753,31.812513
test,A5,20.861252,31.732649
test,A5,20.95375,31.555351
test,A5,21.20625,31.86126
test,A5,21.270016,31.600122
test,A5,21.193752,31.52954
test,A5,21.256237,31.382004
test,A5,21.33125,32.187973
test,A5,21.367512,31.41979
test,A5,21.379753,31.146845
test,A5,21.39349,31.200232
test,A5,21.414942,31.28393
test,A5,21.461191,31.134052
test,A5,21.45125,31.125895
test,A5,21.40249,31.284992
test,A5,21.38124,32.1698
test,A5,21.378729,31.084024
test,A5,21.356243,31.911524
test,A5,21.356253,31.487246
test,A5,21.32874,31.714727
test,A5,21.135,31.9801
test,A5,21.16,31.384197
test,A5,21.322504,31.776068
test,A5,21.328815,31.66202
test,A5,21.37631,31.539072
test,A5,21.390007,31.640602
test,A5,21.368738,31.317215
test,A5,21.351254,31.36723
test,A5,21.356253,31.544336
test,A5,21.363674,31.158936
test,A5,21.394932,31.229963
test,A5,21.472486,31.477333
test,A5,21.519936,31.382286
test,A5,21.48495,31.522905
test,A5,21.435043,31.746462
test,A5,21.475027,31.996552
test,A5,21.48875,31.600868
test,A5,21.43625,31.640097
test,A5,21.42622,31.594114
test,A5,21.40744,31.31112
test,A5,21.351326,31.086695
test,A5,21.40384,31.476707
test,A5,21.452484,30.976072
test,A5,21.428745,31.59619
test,A5,21.423744,32.44208
test,A5,21.411215,32.18251
test,A5,21.383715,31.201845
test,A5,21.389996,31.492535
test,A5,21.425,31.624365
test,A5,21.448755,31.37158
test,A5,21.46125,31.858587
test,A5,21.41,31.626783
test,A5,21.39875,31.113958
test,A5,21.45622,31.208706
test,A5,21.456228,31.901043
test,A5,21.450008,31.386557
test,A5,21.465,31.434553
test,A5,21.46375,31.503557
test,A5,21.46,31.175806
test,A5,21.473778,31.368948
test,A5,21.561344,31.548393
test,A5,21.693737,31.65221
test,A5,21.721003,30.832563
test,A5,21.951082,31.376982
test,A5,22.22875,32.01138
test,A5,22.216166,31.791712
test,A5,22.112392,31.596432
test,A5,22.001217,32.049488
test,A5,21.96247,31.647587
test,A5,21.96998,31.725214
test,A5,21.963745,31.468067
test,A5,21.921246,31.353834
test,A5,21.826248,31.701443
test,A5,21.748747,31.592632
test,A5,21.68993,31.94832
test,A5,21.527414,32.047104
test,A5,21.381235,31.684174
test,A5,21.2975,31.419302
test,A5,21.17625,31.242363
test,A5,21.02247,31.810709
test,A5,20.881191,31.703096
test,A5,20.773722,31.878279
test,A5,20.67875,31.911661
test,A5,20.54121,32.13508
test,A5,20.359959,31.302486
test,A5,20.186262,32.03257
test,A5,20.088762,31.533104
test,A5,19.96125,31.239744
test,A5,19.78372,31.31164
test,A5,19.66996,31.825281
test,A5,19.59497,30.93167
test,A5,19.52241,30.799177
test,A5,19.41618,31.611881
test,A5,19.331234,31.572447
test,A5,19.291252,31.648325
test,A5,19.31003,31.264513
test,A5,19.396402,31.37428
test,A5,19.57514,31.193304
test,A5,19.785051,31.329058
test,A5,19.9638,31.345224
test,A5,20.13,31.21301
test,A5,20.2763,31.053202
test,A5,20.442585,31.414997
test,A5,20.592556,31.0981
test,A5,20.696333,31.821217
test,A5,20.837563,31.923876
test,A5,20.940008,31.748072
test,A5,20.97504,31.526926
test,A5,21.058783,31.671488
test,A5,21.131226,31.285448
test,A5,21.147474,31.748102
test,A5,21.187468,31.484121
test,A5,21.172468,30.977324
test,A5,21.0925,31.427835
test,A5,21.046246,31.90275
test,A5,21.01624,31.760687
test,A5,21.00751,31.823284
test,A5,21.03124,31.943258
test,A5,21.108757,32.150112
test,A5,21.207525,32.087536
test,A5,21.237494,31.232477
test,A5,21.215015,31.625303
test,A5,21.22504,31.799488
test,A5,21.263775,31.222557
test,A5,21.276217,31.130938
test,A5,21.261387,32.183796
test,A5,21.378904,31.245226
test,A5,21.484997,31.71018
test,A5,21.455025,31.588747
test,A5,21.456263,31.707342
test,A5,21.46125,31.390987
test,A5,21.47125,32.117012
test,A5,21.497484,31.82077
test,A5,21.537504,31.42979
test,A5,21.582485,31.806707
test,A5,21.542465,31.50683
test,A5,21.47998,31.855951
test,A5,21.428707,32.487144
test,A5,21.347477,31.898958
test,A5,21.27375,31.406
test,A5,21.1875,31.542257
test,A5,21.11875,31.487818
test,A5,21.135,31.918512
test,A5,21.21376,31.66906
test,A5,21.28499,31.26604
test,A5,21.353758,31.909079
test,A5,21.436277,31.411638
test,A5,21.45875,31.30984
test,A5,21.422525,31.51302
test,A5,21.417524,31.143507
test,A5,21.42374,30.74341
test,A5,21.42374,30.652578
test,A5,21.45,31.651182
test,A5,21.527462,31.79531
test,A5,21.661247,31.890638
test,A5,21.803785,31.71133
test,A5,21.930017,31.307135
test,A5,22.022518,30.876505
test,A5,22.086254,31.576996
test,A5,22.118748,31.671125
test,A5,22.124992,31.635324
test,A5,22.1725,31.096552
test,A5,22.22125,31.383272
test,A5,22.2,31.402527
test,A5,22.171265,31.069166
test,A5,22.168764,31.719147
test,A5,22.14501,31.63574
test,A5,22.133757,31.442566
test,A5,22.13999,31.030052
test,A5,22.121243,32.022774
test,A5,22.103737,31.278477
test,A5,22.079987,31.365211
test,A5,22.06,31.421518
test,A5,22.03875,32.16264
test,A5,22.01125,30.848108
test,A5,21.949947,30.734636
test,A5,21.816193,31.49296
test,A5,21.713717,31.04548
test,A5,21.633722,31.585148
test,A5,21.51005,31.444962
test,A5,21.382498,31.62765
test,A5,21.2412,31.266314
test,A5,21.149996,31.55022
test,A5,21.127495,31.306694
test,A5,21.092487,31.262798
test,A5,21.038738,31.302208
test,A5,20.98502,31.514988
test,A5,20.968782,31.33853
test,A5,20.944984,31.672361
test,A5,20.871222,31.56593
test,A5,20.862566,30.817698
test,A5,20.97503,31.225237
test,A5,21.026215,31.296555
test,A5,21.092594,30.637354
test,A5,21.280138,31.384943
test,A5,21.437544,31.130594
test,A5,21.51623,31.694885
test,A5,21.58873,31.979265
test,A5,21.748781,30.426802
test,A5,21.91253,32.25461
test,A5,22.0425,31.877413
test,A5,22.161263,31.39443
test,A5,22.236252,31.121994
test,A5,22.271233,31.527937
test,A5,22.269993,30.923395
test,A5,22.255,31.156664
test,A5,22.254997,31.251314
test,A5,22.253748,31.4819
test,A5,22.23998,31.267656
test,A5,22.18495,30.977201
test,A5,22.153837,30.904758
test,A5,22.326332,31.521126
test,A5,22.442505,31.318228
test,A5,22.43004,31.180254
test,A5,22.457495,30.98808
test,A5,22.448748,31.429846
test,A5,22.445,31.517796
test,A5,22.424997,31.45187
test,A5,22.35625,31.9952
test,A5,22.33499,31.586954
test,A5,22.352505,31.626343
test,A5,22.356266,31.077494
test,A5,22.321224,30.878296
test,A5,22.237474,31.8155
test,A5,22.208767,31.107359
test,A5,22.260017,31.142752
test,A5,22.309835,31.4357
test,A5,22.173586,31.527315
test,A5,21.97,31.955614
test,A5,21.863447,32.85322
test,A5,21.800953,31.310068
test,A5,21.767506,31.296877
test,A5,21.725,31.28917
test,A5,21.7375,31.902279
test,A5,21.901367,31.621714
test,A5,22.286533,31.301435
test,A5,22.880167,31.377434
test,A5,23.59375,31.256578
test,A5,24.40625,31.174477
test,A5,25.11504,31.027636
test,A5,25.46507,31.26238
test,A5,25.592531,31.659517
test,A5,25.676285,31.208796
test,A5,25.743805,31.503555
test,A5,25.81377,31.837023
test,A5,25.87375,31.330603
test,A5,25.945,31.240923
test,A5,25.998768,31.59026
test,A5,26.040018,31.191757
test,A5,26.09625,30.855799
test,A5,26.143768,31.380175
test,A5,26.181242,31.34881
test,A5,26.146225,31.795458
test,A5,26.056234,31.265322
test,A5,25.98621,31.479565
test,A5,25.942482,31.711285
test,A5,25.935,30.855341
test,A5,25.92999,31.900757
test,A5,25.913748,31.120844
test,A5,25.89745,31.012403
test,A5,25.851215,31.520395
test,A5,25.83127,32.081676
test,A5,25.836254,32.207695
test,A5,25.78375,32.042786
test,A5,25.762486,31.963766
test,A5,25.80499,31.58304
test,A5,25.820005,31.530794
test,A5,25.823753,31.992937
test,A5,25.837502,31.615847
test,A5,25.852526,31.12336
test,A5,25.890024,31.433023
test,A5,25.94125,31.764406
test,A5,25.965,31.359596
test,A5,25.96125,30.972773
test,A5,25.88877,31.583843
test,A5,25.82877,31.9917
test,A5,25.74875,31.015537
test,A5,25.600029,31.247885
test,A5,25.58378,31.10593
test,A5,25.59375,31.601744
test,A5,25.44625,31.611834
test,A5,25.228683,31.699171
test,A5,25.007435,32.240356
test,A5,24.804949,31.630537
test,A5,24.644949,31.189634
test,A5,24.561232,31.416203
test,A5,24.489908,31.403818
test,A5,24.322433,31.859575
test,A5,24.221243,31.46404
test,A5,24.208748,31.87176
test,A5,24.206253,31.623396
test,A5,24.19874,32.22115
test,A5,24.1675,32.34611
test,A5,24.192535,32.563423
test,A5,24.267534,31.648031
test,A5,24.36,32.063297
test,A5,24.463715,31.912916
test,A5,24.569965,31.795767
test,A5,24.610046,31.188858
test,A5,24.533796,32.002136
test,A5,24.532581,31.573494
test,A5,24.702526,31.206078
test,A5,24.767433,31.862482
test,A5,24.699987,31.894207
test,A5,24.667488,31.348217
test,A5,24.647505,31.862204
test,A5,24.666267,31.399506
test,A5,24.693733,31.05203
test,A5,24.658764,31.793907
test,A5,24.602531,31.96025
test,A5,24.558706,31.929382
test,A5,24.454958,30.945375
test,A5,24.33128,31.644491
test,A5,24.339544,31.01342
test,A5,24.419525,31.421122
test,A5,24.478788,31.753536
test,A5,24.538778,31.794975
test,A5,24.52375,31.927977
test,A5,24.431255,31.806753
test,A5,24.391254,31.717497
test,A5,24.395002,31.196762
test,A5,24.402502,32.0344
test,A5,24.428745,31.348341
test,A5,24.421278,31.414
test,A5,24.346277,31.778996
test,A5,24.294994,30.849403
test,A5,24.305,31.00622
test,A5,24.26244,31.504717
test,A5,24.192274,31.435436
test,A5,24.247313,31.658697
test,A5,24.28248,31.571203
test,A5,24.23747,31.132982
test,A5,24.257505,31.37546
test,A5,24.132338,31.253832
test,A5,23.763552,31.650225
test,A5,23.84,30.620993
test,A5,24.2925,32.035904
test,A5,24.59375,31.827307
test,A5,24.856298,31.014997
test,A5,25.03757,30.739912
test,A5,25.07254,31.84987
test,A5,25.076267,31.812744
test,A5,25.0121,31.804678
test,A5,24.541943,31.755043
test,A5,23.886282,31.697996
test,A5,23.41007,31.773664
test,A5,23.003632,31.350107
test,A5,22.613916,31.800179
test,A5,22.167665,31.680183
test,A5,21.81125,32.37434
test,A5,21.546297,31.664225
test,A5,21.283762,31.836235
test,A5,21.101215,32.054634
test,A5,20.904959,32.03424
test,A5,20.854958,31.544676
test,A5,20.857533,31.421423
test,A5,20.765043,31.156557
test,A5,20.736263,31.549362
test,A5,20.7425,31.32833
test,A5,20.7825,31.386955
test,A5,20.92875,31.795855
test,A5,21.111275,31.571924
test,A5,21.228783,31.25493
test,A5,21.228712,31.348227
test,A5,21.096144,31.970179
test,A5,20.874939,31.634514
test,A5,20.64629,31.326849
test,A5,20.44254,31.625877
test,A5,20.19875,32.088863
test,A5,19.917433,31.738466
test,A5,19.647366,31.62432
test,A5,19.386133,31.68696
test,A5,19.14228,31.861752
test,A5,18.85725,31.512102
test,A5,18.538671,32.04382
test,A5,18.252419,31.832462
test,A5,17.96486,31.51663
test,A5,17.706152,31.671577
test,A5,17.52994,31.892904
test,A5,17.418776,31.871687
test,A5,17.338528,31.637415
test,A5,17.258482,32.251244
test,A5,17.16,31.40819
test,A5,17.02875,31.606607
test,A5,16.936205,31.53731
test,A5,16.736204,31.27918
test,A5,15.88125,31.562578
test,A5,14.339656,31.954556
test,A5,12.799656,32.546474
test,A5,11.539735,31.84862
test,A5,10.402895,31.364986
test,A5,9.226536,30.355011
test,A5,7.8517375,30.872007
test,A5,6.538338,31.785322
test,A5,6.12396,30.612736
test,A5,6.806483,30.977682
test,A5,8.026558,31.118277
test,A5,9.294058,30.555122
test,A5,10.302634,27.11291
test,A5,10.961445,26.158072
test,A5,11.311311,27.95369
test,A5,11.575195,26.662464
test,A5,11.8677025,25.810896
test,A5,12.023747,25.748362
test,A5,12.00998,26.432041
test,A5,11.96997,25.674372
test,A5,11.95502,26.426125
test,A5,11.9411335,25.543718
test,A5,11.651094,29.267262
test,A5,11.2475,30.667469
test,A5,11.1439705,30.17649
test,A5,11.520221,28.133162
test,A5,12.02923,26.82507
test,A5,12.61048,31.655828
test,A5,13.1975,33.7834
test,A5,13.282411,32.44064
test,A5,13.033661,27.953625
test,A5,12.767488,22.927916
test,A5,12.601142,24.599771
test,A5,12.566849,27.315117
test,A5,13.224657,30.22502
test,A5,14.20905,31.195307
test,A5,14.742588,29.138765
test,A5,15.156033,30.510721
test,A5,15.738576,31.3826
test,A5,16.131292,31.236103
test,A5,16.18875,31.707697
test,A5,16.373781,30.883091
test,A5,16.622585,31.02392
test,A5,16.847414,32.22895
test,A5,17.316109,31.538584
test,A5,17.82,30.675663
test,A5,17.615002,31.138182
test,A5,17.270002,31.18518
test,A5,17.4675,31.226938
test,A5,17.64875,30.432209
test,A5,17.64007,31.370592
test,A5,17.703821,31.705503
test,A5,17.82125,31.552359
test,A5,17.884995,31.227533
test,A5,17.939995,30.614588
test,A5,17.97749,29.717243
test,A5,18.00474,31.870419
test,A5,18.041027,31.89079
test,A5,18.001196,30.915922
test,A5,17.81242,32.43181
test,A5,17.768698,30.919931
test,A5,17.931158,30.882257
test,A5,18.112505,29.385242
test,A5,18.326296,29.920763
test,A5,18.69975,31.06949
test,A5,19.2685,31.560865
test,A5,19.37367,30.979158
test,A5,18.18742,31.266214
test,A5,17.2225,31.01953
test,A5,17.015295,31.31134
test,A5,16.98289,31.342024
test,A5,17.100418,30.908697
test,A5,17.300299,31.140074
test,A5,17.714973,31.17559
test,A5,18.122301,30.71244
test,A5,18.191282,31.152058
test,A5,18.283842,31.52227
test,A5,18.34987,31.67362
test,A5,18.113573,32.12377
test,A5,17.89606,31.393148
test,A5,17.564993,31.2735
test,A5,17.382435,30.981968
test,A5,17.211103,31.64971
test,A5,17.043274,30.959307
test,A5,17.234476,32.683655
test,A5,17.286114,31.95107
test,A5,17.18875,30.657257
test,A5,17.229992,31.648659
test,A5,17.194992,31.548004
test,A5,17.22625,32.011425
test,A5,17.138592,31.314425
test,A5,16.729616,31.439177
test,A5,16.223434,31.565147
test,A5,15.842409,30.879047
test,A5,15.488574,31.44673
test,A5,14.977441,31.115591
test,A5,14.443802,31.472763
test,A5,14.083577,31.737864
test,A5,13.695043,31.402971
test,A5,13.139976,31.665888
test,A5,12.346074,31.081598
test,A5,11.0725,32.087784
test,A5,9.62375,32.401947
test,A5,8.33625,32.06947
test,A5,7.0525,31.206429
test,A5,6.0475,27.620657
test,A5,5.26625,28.043753
test,A5,4.82474,29.095156
test,A5,5.340692,29.366158
test,A5,6.4286723,27.647186
test,A5,7.36522,29.276806
test,A5,7.910065,28.918768
test,A5,8.1250725,27.5276
test,A5,8.101084,26.16968
test,A5,7.838731,23.969604
test,A5,7.887666,28.073029
test,A5,8.240012,24.21804
test,A5,8.71125,12.402297
test,A5,9.3652525,9.631949
test,A5,10.119002,20.48983
test,A5,10.89125,29.513542
test,A5,11.64125,30.061205
test,A5,12.506418,29.898855
test,A5,13.336418,28.778505
test,A5,14.104898,32.467903
test,A5,14.2848215,31.660337
test,A5,13.991173,31.401249
test,A5,13.952536,31.228512
test,A5,14.118889,31.59225
test,A5,14.350103,31.391806
test,A5,14.415032,31.311995
test,A5,14.406282,31.612677
test,A5,14.492433,31.587852
test,A5,14.622523,31.098375
test,A5,14.836266,30.908243
test,A5,14.939528,31.294123
test,A5,14.993889,30.656841
test,A5,14.616965,31.59335
test,A5,14.409057,31.527037
test,A5,14.460469,31.057718
test,A5,14.456172,31.251732
test,A5,14.681904,31.479809
test,A5,14.651075,31.668343
test,A5,15.146298,30.726141
test,A5,15.785263,30.829706
test,A5,15.777698,30.631037
test,A5,15.770172,31.404188
test,A5,16.13021,31.330973
test,A5,16.432476,31.605415
test,A5,16.331121,31.296553
test,A5,16.101173,31.159199
test,A5,15.927386,31.069082
test,A5,15.676091,30.74223
test,A5,15.452524,30.990335
test,A5,15.461193,30.830704
test,A5,15.299906,31.201246
test,A5,14.970027,30.868372
test,A5,14.496117,31.266092
test,A5,14.016372,31.325838
test,A5,14.241505,31.959677
test,A5,14.738262,31.464245
test,A5,13.635762,31.66463
test,A5,12.157495,31.812681
test,A5,11.939929,31.124187
test,A5,12.111184,30.664865
test,A5,12.509789,30.410662
test,A5,13.134898,30.901037
test,A5,13.6776085,31.155222
test,A5,13.872498,31.414568
test,A5,13.909998,30.900366
test,A5,14.03,31.552538
test,A5,14.3388,30.266544
test,A5,14.5963,30.237926
test,A5,14.61125,30.66495
test,A5,14.6125,30.931856
test,A5,14.6275,31.323973
test,A5,14.548767,32.076717
test,A5,14.52001,32.226604
test,A5,14.526242,31.359777
test,A5,14.482525,31.023859
test,A5,14.398738,31.788485
test,A5,14.262416,31.293947
test,A5,14.067539,31.460152
test,A5,13.771235,31.468725
test,A5,13.407334,31.98917
test,A5,13.057436,32.239372
test,A5,12.592677,31.917206
test,A5,11.854825,31.625021
test,A5,10.693398,31.50974
test,A5,9.295225,31.3061
test,A5,8.221475,25.421059
test,A5,7.6275,15.968223
test,A5,7.362426,30.063478
test,A5,7.1486077,32.57762
test,A5,6.862432,29.363087
test,A5,6.548634,27.258743
test,A5,6.1259828,26.062805
test,A5,5.622402,28.008074
test,A5,5.214904,26.075375
test,A5,4.724851,25.334295
test,A5,4.5128093,31.755117
test,A5,6.1116533,33.85472
test,A5,7.801344,31.748476
test,A5,8.250023,31.74398
test,A5,8.525058,31.86011
test,A5,8.517381,32.11194
test,A5,8.178596,32.49733
test,A5,7.7137575,32.809258
test,A5,7.4312577,32.614853
test,A5,6.901106,33.147755
test,A5,5.800172,33.223145
test,A5,3.6575007,32.535484
test,A5,2.016054,32.43641
test,A5,2.0626187,31.144918
test,A5,2.562203,29.822023
test,A5,3.303508,28.370045
test,A5,3.83265,28.341288
test,A5,3.9726024,32.026993
test,A5,4.0212574,32.47634
test,A5,3.85875,32.16985
test,A5,3.622385,32.007614
test,A5,3.3847814,31.909723
test,A5,2.9626563,31.625612
test,A5,2.19401,32.500824
test,A5,1.3247722,32.843193
test,A5,0.5635223,31.762161
test,A5,0.09375,31.763826
test,A5,0.0,32.908012
test,A5,0.0,30.131388
test,A5,0.0,30.976282
test,A5,0.0,31.047663
test,A5,0.0,30.88266
test,A5,0.0,30.948736
test,A5,0.0,31.151207
test,A5,0.0,30.914566
test,A5,0.0,30.902662
test,A5,0.0,31.463583
test,A5,0.0,31.28531
test,T2,0.0,31.438524
test,T2,0.0,31.404318
test,T2,0.0,31.403751
test,T2,0.0,31.428984
test,T2,0.0,31.473558
test,T2,0.0,31.446959
test,T2,0.0,31.474054
test,T2,0.0,31.495947
test,T2,0.0,31.530056
test,T2,0.0,31.865046
test,T2,0.0,31.466507
test,T2,0.0,31.492125
test,T2,0.0,31.441277
test,T2,0.0,31.444891
test,T2,0.0,31.448477
test,T2,0.0,31.481749
test,T2,0.0,31.449587
test,T2,0.0,31.517344
test,T2,0.0,31.494678
test,T2,0.0,31.46987
test,T2,0.0,31.43824
test,T2,0.0,31.439573
test,T2,0.0,31.469599
test,T2,0.0,31.441652
test,T2,0.0,31.47548
test,T2,0.0,31.493906
test,T2,0.0,31.499897
test,T2,0.0,31.430754
test,T2,0.0,31.388155
test,T2,0.0,31.50664
test,T2,0.0,31.442867
test,T2,0.0,31.386316
test,T2,0.0,31.38246
test,T2,0.0,31.646362
test,T2,0.0,31.663605
test,T2,0.0,31.525602
test,T2,0.0,31.463121
test,T2,0.0,31.852753
test,T2,0.0,31.532454
test,T2,0.0,31.317015
test,T2,0.0,31.260569
test,T2,0.0,30.935188
test,T2,0.0,26.128927
test,T2,0.0,12.719274
test,T2,0.0,24.49178
test,T2,0.0,31.870344
test,T2,0.0,31.683706
test,T2,0.0,28.892214
test,T2,0.0,9.471383
test,T2,0.0,20.347511
test,T2,0.496755,32.490295
test,T2,1.741755,31.816723
test,T2,2.49,29.654276
test,T2,2.49,27.5782
test,T2,2.49,28.312914
test,T2,2.49,27.882685
test,T2,2.49,32.448284
test,T2,2.49,32.62492
test,T2,2.49,32.740532
test,T2,3.28,32.974472
test,T2,5.255,32.588696
test,T2,6.44,32.543457
test,T2,6.44,32.597145
test,T2,6.44,32.150036
test,T2,6.44,32.68775
test,T2,6.44,32.571526
test,T2,6.44,32.849426
test,T2,6.44,31.706196
test,T2,6.441995,32.146862
test,T2,6.4469953,31.970549
test,T2,6.45,28.362457
test,T2,6.45,27.482576
test,T2,6.45,28.583973
test,T2,6.45,29.056662
test,T2,6.45,26.754824
test,T2,6.45,30.752459
test,T2,6.45,33.195843
test,T2,7.02855,33.22225
test,T2,8.47855,32.408756
test,T2,9.35,32.659462
test,T2,9.35,32.32534
test,T2,9.35,31.94369
test,T2,9.35,31.0261
test,T2,9.35,31.430458
test,T2,9.35,31.287899
test,T2,9.35,32.08338
test,T2,7.484675,32.66249
test,T2,2.809675,32.575085
test,T2,0.0,32.16829
test,T2,0.0,31.361593
test,T2,0.0,31.835176
test,T2,0.0,33.019367
test,T2,0.0,32.830147
test,T2,0.0,31.359846
test,T2,0.0,32.737732
test,T2,1.55,33.096657
test,T2,5.425,32.674557
test,T2,7.75,32.448544
test,T2,7.75,31.90382
test,T2,7.75,31.27217
test,T2,7.75,32.056084
test,T2,7.75,31.193703
test,T2,7.75,30.898548
test,T2,7.75,31.735495
test,T2,6.97,31.348202
test,T2,5.02,32.59386
test,T2,3.85,32.741493
test,T2,3.85,32.97532
test,T2,3.85,32.752476
test,T2,3.85,32.535706
test,T2,3.85,31.62755
test,T2,3.85,32.893776
test,T2,3.85,31.284824
test,T2,4.07,32.565964
test,T2,4.62,26.061556
test,T2,4.95,8.70092
test,T2,4.95,9.005949
test,T2,4.95,15.359075
test,T2,4.95,31.279161
test,T2,4.95,31.85344
test,T2,4.95,32.52047
test,T2,4.95,32.274033
test,T2,6.026,32.42395
test,T2,8.716,32.61001
test,T2,10.33,32.91835
test,T2,10.33,32.485424
test,T2,10.33,31.139128
test,T2,10.33,31.377428
test,T2,10.33,31.650251
test,T2,10.33,30.922482
test,T2,10.33,31.244776
test,T2,10.62,30.737333
test,T2,11.345,32.710526
test,T2,11.78,33.01053
test,T2,11.78,31.53454
test,T2,11.78,30.80329
test,T2,11.78,31.712175
test,T2,11.78,30.866903
test,T2,11.78,31.338923
test,T2,11.78,31.802376
test,T2,11.146,32.539036
test,T2,9.561,32.90035
test,T2,8.61,32.237827
test,T2,8.61,31.209314
test,T2,8.61,31.548521
test,T2,8.61,31.10518
test,T2,8.61,31.898859
test,T2,8.61,31.06981
test,T2,8.61,32.995667
test,T2,8.46,31.51671
test,T2,8.085,31.857378
test,T2,7.86,31.252687
test,T2,7.86,33.975876
test,T2,7.86,31.918726
test,T2,7.86,30.105831
test,T2,7.86,31.552977
test,T2,7.86,31.621328
test,T2,7.86,32.257313
test,T2,8.037555,31.764658
test,T2,8.482555,31.417583
test,T2,8.75,31.424309
test,T2,8.75,31.787859
test,T2,8.75,32.682262
test,T2,8.75,31.448652
test,T2,8.75,31.052439
test,T2,8.75,32.476727
test,T2,8.75,31.897501
test,T2,8.634287,32.70819
test,T2,8.344287,33.148228
test,T2,8.17,33.15897
test,T2,8.17,32.226845
test,T2,8.17,32.797028
test,T2,8.17,32.56428
test,T2,8.17,32.114906
test,T2,8.17,32.942596
test,T2,8.17,30.881594
test,T2,8.614896,31.650505
test,T2,9.729896,32.13409
test,T2,10.4,32.050438
test,T2,10.4,30.849012
test,T2,10.4,31.619814
test,T2,10.4,31.586956
test,T2,10.4,31.158289
test,T2,10.4,31.294245
test,T2,10.4,31.996502
test,T2,10.186,31.329985
test,T2,9.651,31.396776
test,T2,9.33,31.963522
test,T2,9.33,31.512823
test,T2,9.33,31.389704
test,T2,9.33,31.525667
test,T2,9.33,31.958706
test,T2,9.33,32.01895
test,T2,9.33,31.829699
test,T2,9.84,31.705301
test,T2,11.115,32.36118
test,T2,11.88,32.23531
test,T2,11.88,32.483776
test,T2,11.88,31.954018
test,T2,11.88,30.894083
test,T2,11.88,32.007706
test,T2,11.88,31.736385
test,T2,11.88,31.214952
test,T2,12.28698,30.958271
test,T2,13.30698,31.670298
test,T2,13.92,31.168488
test,T2,13.92,30.716515
test,T2,13.92,30.996462
test,T2,13.92,31.090149
test,T2,13.92,30.979563
test,T2,13.92,31.279337
test,T2,13.92,31.518286
test,T2,12.452,31.81152
test,T2,8.782,32.743473
test,T2,6.58,31.347128
test,T2,6.58,25.6113
test,T2,6.58,31.362959
test,T2,6.58,15.916026
test,T2,6.58,9.869653
test,T2,6.58,16.799025
test,T2,6.58,31.449127
test,T2,7.32,29.02542
test,T2,9.17,31.104204
test,T2,10.28,32.95887
test,T2,10.28,32.63997
test,T2,10.28,32.70582
test,T2,10.28,32.841248
test,T2,10.28,33.1753
test,T2,10.28,33.00659
test,T2,10.28,32.354126
test,T2,11.312,31.508762
test,T2,13.892,31.516397
test,T2,15.44,32.598267
test,T2,15.44,32.415497
test,T2,15.44,31.362036
test,T2,15.44,31.743876
test,T2,15.44,32.418476
test,T2,15.44,32.46126
test,T2,15.44,32.470913
test,T2,13.419015,32.599556
test,T2,8.354014,31.666538
test,T2,5.31,31.43852
test,T2,5.31,31.2595
test,T2,5.31,31.033432
test,T2,5.31,32.187424
test,T2,5.31,32.34192
test,T2,5.31,32.43186
test,T2,5.31,31.892286
test,T2,7.045693,32.186264
test,T2,11.395693,31.82687
test,T2,14.01,31.956251
test,T2,14.01,31.946314
test,T2,14.01,31.258142
test,T2,14.01,31.702948
test,T2,14.01,31.934092
test,T2,14.01,31.036184
test,T2,14.01,31.773726
test,T2,14.357139,32.114536
test,T2,15.2271385,32.42408
test,T2,15.75,31.394028
test,T2,15.75,31.534327
test,T2,15.75,31.519924
test,T2,15.75,31.140621
test,T2,15.75,31.880451
test,T2,15.75,30.903757
test,T2,15.75,31.488485
test,T2,15.045765,30.94164
test,T2,13.280765,30.83998
test,T2,12.22,23.592468
test,T2,12.22,11.831321
test,T2,12.22,11.615079
test,T2,12.22,23.801416
test,T2,12.22,31.702583
test,T2,12.22,33.75368
test,T2,12.22,33.591095
test,T2,11.92474,32.793793
test,T2,11.18474,31.024624
test,T2,10.74,31.901264
test,T2,10.74,30.09345
test,T2,10.74,30.69754
test,T2,10.74,31.457949
test,T2,10.74,31.95769
test,T2,10.74,32.111153
test,T2,10.74,32.582184
test,T2,10.73202,32.64746
test,T2,10.71202,32.903664
test,T2,10.7,32.72279
test,T2,10.7,32.505688
test,T2,10.7,32.22623
test,T2,10.7,32.81699
test,T2,10.7,33.161873
test,T2,10.7,32.845154
test,T2,10.7,32.49247
test,T2,8.565297,31.962889
test,T2,3.215297,31.298897
test,T2,0.0,31.384878
test,T2,0.0,31.996523
test,T2,0.0,32.32834
test,T2,0.0,29.329268
test,T2,0.0,29.368683
test,T2,0.0,27.198559
test,T2,0.0,31.929564
test,T2,1.921185,33.189865
test,T2,6.736185,32.537025
test,T2,9.63,32.603817
test,T2,9.63,31.840706
test,T2,9.63,22.959997
test,T2,9.63,10.93621
test,T2,9.63,10.54785
test,T2,9.63,14.140987
test,T2,9.63,25.373934
test,T2,10.19259,30.305084
test,T2,11.60259,32.421032
test,T2,12.45,31.702864
test,T2,12.45,32.91398
test,T2,12.45,32.531403
test,T2,12.45,32.286526
test,T2,12.45,32.24395
test,T2,12.45,32.102116
test,T2,12.45,32.86519
test,T2,13.304,31.635363
test,T2,15.439,31.330278
test,T2,16.72,31.279654
test,T2,16.72,31.465631
test,T2,16.72,31.708755
test,T2,16.72,30.575548
test,T2,16.72,31.829897
test,T2,16.72,31.41514
test,T2,16.72,32.575592
test,T2,15.97387,30.052649
test,T2,14.10387,23.092588
test,T2,12.98,17.592001
test,T2,12.98,26.577469
test,T2,12.98,31.84102
test,T2,12.98,30.295126
test,T2,12.98,20.44932
test,T2,12.98,23.75598
test,T2,12.98,29.772194
test,T2,11.044,30.850798
test,T2,6.204,30.635939
test,T2,3.3,25.054462
test,T2,3.3,10.757114
test,T2,3.3,23.116901
test,T2,3.3,31.78879
test,T2,3.3,31.232065
test,T2,3.3,31.474215
test,T2,3.3,32.277523
test,T2,5.37879,32.383698
test,T2,10.58879,31.895182
test,T2,13.72,32.22829
test,T2,13.72,31.342075
test,T2,13.72,31.318338
test,T2,13.72,31.206278
test,T2,13.72,31.23272
test,T2,13.72,31.270657
test,T2,13.72,29.028337
test,T2,13.634,27.416258
test,T2,13.419,30.336145
test,T2,13.29,30.630575
test,T2,13.29,30.692575
test,T2,13.29,30.84601
test,T2,13.29,30.613129
test,T2,13.29,30.394316
test,T2,13.29,30.60818
test,T2,13.29,31.081781
test,T2,12.024,31.276783
test,T2,8.859,30.321707
test,T2,6.96,30.566065
test,T2,6.96,28.844778
test,T2,6.96,14.823428
test,T2,6.96,27.22444
test,T2,6.96,30.733248
test,T2,6.96,32.344223
test,T2,6.96,31.411142
test,T2,7.532565,31.279804
test,T2,8.967565,31.351889
test,T2,9.83,31.013647
test,T2,9.83,30.941908
test,T2,9.83,31.373072
test,T2,9.83,31.282536
test,T2,9.83,31.627838
test,T2,9.83,30.95276
test,T2,9.83,31.222828
test,T2,9.403059,31.186447
test,T2,8.333059,31.475767
test,T2,7.69,31.408667
test,T2,7.69,29.89779
test,T2,7.69,27.590055
test,T2,7.69,27.424059
test,T2,7.69,28.041655
test,T2,7.69,28.502066
test,T2,7.69,26.524729
test,T2,8.81,31.1559
test,T2,11.61,32.069748
test,T2,13.29,33.02788
test,T2,13.29,32.443798
test,T2,13.29,32.76763
test,T2,13.29,32.561485
test,T2,13.29,32.98255
test,T2,13.29,32.613014
test,T2,13.29,32.332546
test,T2,14.040138,31.842472
test,T2,15.920138,31.541668
test,T2,17.05,31.798567
test,T2,17.05,31.748053
test,T2,17.05,31.638592
test,T2,17.05,31.702389
test,T2,17.05,31.211435
test,T2,17.05,31.276606
test,T2,17.05,31.73383
test,T2,17.186,31.431063
test,T2,17.526,31.36139
test,T2,17.73,30.896833
test,T2,17.73,30.643227
test,T2,17.73,31.103735
test,T2,17.73,31.929794
test,T2,17.73,31.208216
test,T2,17.73,31.685415
test,T2,17.73,31.19255
test,T2,17.012,31.017864
test,T2,15.217,31.367193
test,T2,14.14,31.2462
test,T2,14.14,31.733934
test,T2,14.14,31.457335
test,T2,14.14,31.845144
test,T2,14.14,32.331814
test,T2,14.14,32.80232
test,T2,14.14,32.96306
test,T2,12.494,31.018946
test,T2,8.379,26.44593
test,T2,5.91,28.287544
test,T2,5.91,32.859474
test,T2,5.91,14.105682
test,T2,5.91,8.948443
test,T2,5.91,10.038886
test,T2,5.91,22.718958
test,T2,5.91,31.755554
test,T2,6.884,30.167166
test,T2,9.319,29.031998
test,T2,10.78,31.11633
test,T2,10.78,32.834667
test,T2,10.78,32.870087
test,T2,10.78,32.534748
test,T2,10.78,33.029503
test,T2,10.78,32.487602
test,T2,10.78,32.023308
test,T2,11.848,31.46652
test,T2,14.518,32.06005
test,T2,16.12,31.850216
test,T2,16.12,31.44662
test,T2,16.12,31.537405
test,T2,16.12,31.812517
test,T2,16.12,31.435102
test,T2,16.12,30.76658
test,T2,16.12,31.054903
test,T2,16.318,31.456495
test,T2,16.813,31.42164
test,T2,17.11,31.741928
test,T2,17.11,31.857111
test,T2,17.11,31.01649
test,T2,17.11,31.20063
test,T2,17.11,31.48482
test,T2,17.11,30.921045
test,T2,17.11,32.01693
test,T2,16.986307,31.779036
test,T2,16.676308,30.978497
test,T2,16.49,32.014786
test,T2,16.49,32.033684
test,T2,16.49,32.602993
test,T2,16.49,32.363064
test,T2,16.49,32.43054
test,T2,16.49,33.049553
test,T2,16.49,32.85347
test,T2,14.644579,32.974026
test,T2,10.019579,32.19869
test,T2,7.24,32.307236
test,T2,7.24,32.68827
test,T2,7.24,30.385948
test,T2,7.24,25.606245
test,T2,7.24,32.404755
test,T2,7.24,16.809195
test,T2,7.24,8.368165
test,T2,7.882,9.239995
test,T2,9.487,10.319135
test,T2,10.45,26.073294
test,T2,10.45,32.020027
test,T2,10.45,29.716532
test,T2,10.45,30.29205
test,T2,10.45,32.14044
test,T2,10.45,32.43319
test,T2,10.45,32.536438
test,T2,11.884405,32.275253
test,T2,15.479405,32.734917
test,T2,17.64,32.948074
test,T2,17.64,32.540375
test,T2,17.64,32.040867
test,T2,17.64,32.308857
test,T2,17.64,31.93255
test,T2,17.64,32.148026
test,T2,17.64,31.481108
test,T2,18.348,31.719267
test,T2,20.118,31.294134
test,T2,21.18,31.326712
test,T2,21.18,31.936928
test,T2,21.18,32.017136
test,T2,21.18,30.68144
test,T2,21.18,31.254536
test,T2,21.18,32.155052
test,T2,21.18,31.966105
test,T2,21.296,31.805616
test,T2,21.586,31.616598
test,T2,21.76,31.775854
test,T2,21.76,30.855274
test,T2,21.76,31.523016
test,T2,21.76,32.288063
test,T2,21.76,32.010742
test,T2,21.76,31.584215
test,T2,21.76,31.601124
test,T2,21.25,31.851267
test,T2,19.975,32.16721
test,T2,19.21,32.53302
test,T2,19.21,31.346392
test,T2,19.21,31.157227
test,T2,19.21,31.485212
test,T2,19.21,31.84033
test,T2,19.21,32.144997
test,T2,19.21,31.939188
test,T2,19.102268,31.304274
test,T2,18.832268,31.478369
test,T2,18.67,31.262562
test,T2,18.67,31.1331
test,T2,18.67,31.643679
test,T2,18.67,31.177874
test,T2,18.67,31.650043
test,T2,18.67,31.63128
test,T2,18.67,31.462666
test,T2,18.568,31.119772
test,T2,18.313,31.267694
test,T2,18.16,31.086512
test,T2,18.16,31.699331
test,T2,18.16,32.080082
test,T2,18.16,31.821491
test,T2,18.16,32.257317
test,T2,18.16,31.643719
test,T2,18.16,31.538881
test,T2,18.704636,32.501423
test,T2,20.069635,31.64315
test,T2,20.89,32.451813
test,T2,20.89,31.439024
test,T2,20.89,31.331831
test,T2,20.89,31.454199
test,T2,20.89,30.914034
test,T2,20.89,31.656458
test,T2,20.89,31.653543
test,T2,20.76232,30.828642
test,T2,20.44232,31.245573
test,T2,20.25,31.726149
test,T2,20.25,31.475706
test,T2,20.25,31.804163
test,T2,20.25,31.319448
test,T2,20.25,31.508158
test,T2,20.25,31.239958
test,T2,20.25,30.890446
test,T2,20.614,31.252886
test,T2,21.524,31.733603
test,T2,22.07,31.581661
test,T2,22.07,31.698473
test,T2,22.07,32.02487
test,T2,22.07,31.506962
test,T2,22.07,31.249224
test,T2,22.07,31.570272
test,T2,22.07,31.211922
test,T2,22.060024,31.468369
test,T2,22.035025,31.75084
test,T2,22.02,31.991625
test,T2,22.02,32.012684
test,T2,22.02,31.718534
test,T2,22.02,31.462217
test,T2,22.02,31.563284
test,T2,22.02,31.742119
test,T2,22.02,30.973503
test,T2,22.452,31.390482
test,T2,23.532,30.908136
test,T2,24.18,30.696964
test,T2,24.18,30.973476
test,T2,24.18,31.264856
test,T2,24.18,32.145943
test,T2,24.18,31.893496
test,T2,24.18,32.695377
test,T2,24.18,32.477993
test,T2,24.38,31.001223
test,T2,24.63,32.1223
test,T2,24.68,32.822388
test,T2,24.68,32.15586
test,T2,24.68,32.438038
test,T2,24.68,32.746227
test,T2,24.68,33.559387
test,T2,24.68,32.589527
test,T2,24.12737,32.79768
test,T2,22.74237,32.794987
test,T2,21.91,32.70047
test,T2,21.91,32.487495
test,T2,21.91,32.449944
test,T2,21.91,32.649673
test,T2,21.91,32.649773
test,T2,21.91,32.846767
test,T2,21.91,31.791956
test,T2,22.083569,32.447697
test,T2,22.51857,31.993546
test,T2,22.78,32.27545
test,T2,22.78,31.429565
test,T2,22.78,31.203856
test,T2,22.78,31.377962
test,T2,22.78,31.48171
test,T2,22.78,31.97752
test,T2,22.78,31.623884
test,T2,22.736,31.874954
test,T2,22.626,31.655252
test,T2,22.56,31.31869
test,T2,22.56,31.43654
test,T2,22.56,30.511026
test,T2,22.56,31.881834
test,T2,22.56,31.154068
test,T2,22.56,31.236994
test,T2,22.56,31.400114
test,T2,22.394415,31.098642
test,T2,21.979416,31.425077
test,T2,21.73,31.281971
test,T2,21.73,32.000717
test,T2,21.73,32.215233
test,T2,21.73,31.280159
test,T2,21.73,31.389015
test,T2,21.73,31.569727
test,T2,21.73,31.437483
test,T2,22.039232,31.788992
test,T2,22.814232,32.474636
test,T2,23.28,31.99798
test,T2,23.28,32.295998
test,T2,23.28,31.843885
test,T2,23.28,32.111427
test,T2,23.28,32.385002
test,T2,23.28,31.895166
test,T2,23.28,31.489252
test,T2,23.335861,31.779053
test,T2,23.47586,31.935366
test,T2,23.56,32.28828
test,T2,23.56,31.909487
test,T2,23.56,32.15586
test,T2,23.56,32.108284
test,T2,23.56,32.30635
test,T2,23.56,31.932217
test,T2,23.56,32.450924
test,T2,23.536,33.274963
test,T2,23.476,31.843134
test,T2,23.44,32.56019
test,T2,23.44,32.210167
test,T2,23.44,31.675072
test,T2,23.44,32.043484
test,T2,23.44,31.757658
test,T2,23.44,32.258152
test,T2,23.44,32.132286
test,T2,23.486,32.111084
test,T2,23.601,32.112507
test,T2,23.67,32.061222
test,T2,23.67,31.957384
test,T2,23.67,32.04614
test,T2,23.67,31.662172
test,T2,23.67,30.983856
test,T2,23.67,31.29875
test,T2,23.67,31.730341
test,T2,23.814,31.34089
test,T2,24.174,31.441923
test,T2,24.39,32.006798
test,T2,24.39,31.306902
test,T2,24.39,31.207752
test,T2,24.39,31.155611
test,T2,24.39,31.19034
test,T2,24.39,31.946394
test,T2,24.39,31.765963
test,T2,24.419926,31.67407
test,T2,24.494926,31.073729
test,T2,24.54,31.437975
test,T2,24.54,31.754404
test,T2,24.54,31.788872
test,T2,24.54,31.602428
test,T2,24.54,31.469511
test,T2,24.54,31.63754
test,T2,24.54,31.903875
test,T2,24.45222,31.697958
test,T2,24.23222,31.72865
test,T2,24.1,31.79836
test,T2,24.1,31.629488
test,T2,24.1,31.518852
test,T2,24.1,30.882906
test,T2,24.1,31.845573
test,T2,24.1,31.257877
test,T2,24.1,31.404215
test,T2,24.212,31.44156
test,T2,24.492,31.034687
test,T2,24.66,31.374697
test,T2,24.66,31.797102
test,T2,24.66,31.446249
test,T2,24.66,31.398375
test,T2,24.66,31.890001
test,T2,24.66,31.973408
test,T2,24.66,31.55812
test,T2,24.54,31.649328
test,T2,24.24,32.385075
test,T2,24.06,31.66892
test,T2,24.06,31.481161
test,T2,24.06,31.380865
test,T2,24.06,31.8254
test,T2,24.06,31.696966
test,T2,24.06,32.14106
test,T2,24.06,32.315266
test,T2,23.822,31.651125
test,T2,23.227,31.437155
test,T2,22.87,31.19047
test,T2,22.87,31.099663
test,T2,22.87,31.119688
test,T2,22.87,31.264906
test,T2,22.87,31.240875
test,T2,22.87,31.601906
test,T2,22.87,31.654518
test,T2,23.015635,31.918242
test,T2,23.380634,31.385126
test,T2,23.6,31.948078
test,T2,23.6,31.539753
test,T2,23.6,30.934452
test,T2,23.6,31.47683
test,T2,23.6,31.317705
test,T2,23.6,31.479876
test,T2,23.6,30.841967
test,T2,23.958,31.614714
test,T2,24.853,30.945086
test,T2,25.39,31.456465
test,T2,25.39,30.91857
test,T2,25.39,30.94137
test,T2,25.39,31.013681
test,T2,25.39,31.508867
test,T2,25.39,31.054922
test,T2,25.39,31.038115
test,T2,25.214436,31.138035
test,T2,24.774435,31.489193
test,T2,24.51,32.70748
test,T2,24.51,32.431843
test,T2,24.51,31.79695
test,T2,24.51,31.876343
test,T2,24.51,32.459682
test,T2,24.51,32.336384
test,T2,24.51,32.483116
test,T2,24.633694,32.176098
test,T2,24.943693,32.043926
test,T2,25.13,32.6111
test,T2,25.13,32.7726
test,T2,25.13,32.027287
test,T2,25.13,31.900787
test,T2,25.13,31.300947
test,T2,25.13,31.34322
test,T2,25.13,31.68502
test,T2,24.95,31.428
test,T2,24.5,31.835878
test,T2,24.23,31.515133
test,T2,24.23,31.157015
test,T2,24.23,31.48762
test,T2,24.23,31.451277
test,T2,24.23,31.564943
test,T2,24.23,31.693676
test,T2,24.23,31.500841
test,T2,24.231995,31.536222
test,T2,24.236996,32.130493
test,T2,24.24,31.507353
test,T2,24.24,31.418123
test,T2,24.24,31.1444
test,T2,24.24,31.26317
test,T2,24.24,31.731451
test,T2,24.24,32.10571
test,T2,24.24,31.85105
test,T2,24.441496,32.417843
test,T2,24.946495,33.17926
test,T2,25.25,33.03768
test,T2,25.25,33.294853
test,T2,25.25,33.018852
test,T2,25.25,32.63526
test,T2,25.25,32.19198
test,T2,25.25,31.955841
test,T2,25.25,32.11122
test,T2,25.39,32.728054
test,T2,25.74,33.198563
test,T2,25.95,31.458555
test,T2,25.95,31.926783
test,T2,25.95,32.269745
test,T2,25.95,32.33453
test,T2,25.95,32.7429
test,T2,25.95,32.781937
test,T2,25.95,32.406418
test,T2,25.642,31.479202
test,T2,24.872,32.35443
test,T2,24.41,31.890394
test,T2,24.41,31.633917
test,T2,24.41,32.36648
test,T2,24.41,32.70482
test,T2,24.41,33.00753
test,T2,24.41,32.294415
test,T2,24.41,32.022247
test,T2,24.26,31.688051
test,T2,23.885,31.496271
test,T2,23.66,31.73503
test,T2,23.66,32.64907
test,T2,23.66,31.89746
test,T2,23.66,31.562647
test,T2,23.66,31.532536
test,T2,23.66,31.102861
test,T2,23.66,31.803537
test,T2,23.91935,31.47939
test,T2,24.56935,31.37586
test,T2,24.96,30.811827
test,T2,24.96,30.985886
test,T2,24.96,31.481222
test,T2,24.96,31.167202
test,T2,24.96,31.006577
test,T2,24.96,30.966219
test,T2,24.96,31.265322
test,T2,24.82833,31.329762
test,T2,24.49833,30.967997
test,T2,24.3,30.903986
test,T2,24.3,31.134897
test,T2,24.3,31.007557
test,T2,24.3,31.158993
test,T2,24.3,31.19083
test,T2,24.3,31.391497
test,T2,24.3,31.40389
test,T2,24.138,31.260668
test,T2,23.733,31.81836
test,T2,23.49,31.49691
test,T2,23.49,31.396622
test,T2,23.49,31.568045
test,T2,23.49,31.625217
test,T2,23.49,31.711344
test,T2,23.49,31.88307
test,T2,23.49,31.535654
test,T2,23.639626,31.33269
test,T2,24.014626,31.534771
test,T2,24.24,31.02019
test,T2,24.24,31.620111
test,T2,24.24,31.469053
test,T2,24.24,31.294304
test,T2,24.24,30.938295
test,T2,24.24,31.17451
test,T2,24.24,31.629877
test,T2,23.970675,30.59754
test,T2,23.295675,30.8855
test,T2,22.89,33.353622
test,T2,22.89,31.159445
test,T2,22.89,32.004463
test,T2,22.89,30.83528
test,T2,22.89,30.587759
test,T2,22.89,31.4778
test,T2,22.89,30.904497
test,T2,22.674534,31.382929
test,T2,22.134535,31.541965
test,T2,21.81,32.172115
test,T2,21.81,30.973768
test,T2,21.81,31.19089
test,T2,21.81,30.763021
test,T2,21.81,31.271654
test,T2,21.81,31.782547
test,T2,21.81,32.27758
test,T2,21.94566,31.941835
test,T2,22.28566,32.22535
test,T2,22.49,32.14476
test,T2,22.49,32.19406
test,T2,22.49,32.496365
test,T2,22.49,31.787546
test,T2,22.49,31.97064
test,T2,22.49,31.86504
test,T2,22.49,31.89157
test,T2,22.49,32.286808
test,T2,22.49,32.78109
test,T2,22.49,32.05745
test,T2,22.49,32.55655
test,T2,22.49,31.649523
test,T2,22.49,32.216873
test,T2,22.49,31.538881
test,T2,22.49,31.160887
test,T2,22.49,31.580538
test,T2,22.89,31.64847
test,T2,23.89,31.548311
test,T2,24.49,31.935835
test,T2,24.49,31.330873
test,T2,24.49,31.651903
test,T2,24.49,31.846294
test,T2,24.49,31.684828
test,T2,24.49,31.434069
test,T2,24.49,31.77243
test,T2,24.698,31.367388
test,T2,25.218,31.789482
test,T2,25.53,31.288076
test,T2,25.53,31.547884
test,T2,25.53,31.574423
test,T2,25.53,31.487852
test,T2,25.53,30.870962
test,T2,25.53,31.542658
test,T2,25.53,31.729176
test,T2,25.368,31.446932
test,T2,24.963,31.554758
test,T2,24.72,31.622286
test,T2,24.72,30.942017
test,T2,24.72,31.462833
test,T2,24.72,32.022743
test,T2,24.72,31.393953
test,T2,24.72,31.310196
test,T2,24.72,31.737156
test,T2,24.985329,31.571571
test,T2,25.650328,31.81944
test,T2,26.05,31.06372
test,T2,26.05,30.990479
test,T2,26.05,31.963057
test,T2,26.05,31.447992
test,T2,26.05,31.554955
test,T2,26.05,31.046694
test,T2,26.05,31.11331
test,T2,26.49,31.206522
test,T2,27.59,31.059242
test,T2,28.25,31.174072
test,T2,28.25,31.490435
test,T2,28.25,31.356163
test,T2,28.25,31.440584
test,T2,28.25,31.230307
test,T2,28.25,31.252918
test,T2,28.25,31.36801
test,T2,28.452,31.425505
test,T2,28.957,31.501806
test,T2,29.26,31.3492
test,T2,29.26,31.085657
test,T2,29.26,31.690626
test,T2,29.26,31.694433
test,T2,29.26,31.860853
test,T2,29.26,32.103065
test,T2,29.26,31.488503
test,T2,29.418,31.658361
test,T2,29.813,32.265984
test,T2,30.05,31.748686
test,T2,30.05,30.971964
test,T2,30.05,31.32849
test,T2,30.05,31.195005
test,T2,30.05,31.468061
test,T2,30.05,31.707453
test,T2,30.05,31.666086
test,T2,30.032045,31.30226
test,T2,29.987045,31.529327
test,T2,29.96,31.635761
test,T2,29.96,31.782053
test,T2,29.96,31.39079
test,T2,29.96,31.06124
test,T2,29.96,31.162792
test,T2,29.96,31.325623
test,T2,29.96,31.177483
test,T2,29.702,30.959333
test,T2,29.057,31.633928
test,T2,28.67,28.981758
test,T2,28.67,33.475143
test,T2,28.67,31.4739
test,T2,28.67,31.33161
test,T2,28.67,31.147734
test,T2,28.67,31.748465
test,T2,28.67,31.4073
test,T2,28.594,31.673697
test,T2,28.404,31.118147
test,T2,28.29,31.466967
test,T2,28.29,31.659952
test,T2,28.29,30.74072
test,T2,28.29,31.326927
test,T2,28.29,31.277122
test,T2,28.29,31.612055
test,T2,28.29,30.929138
test,T2,28.319925,31.6454
test,T2,28.394926,31.491438
test,T2,28.44,31.242224
test,T2,28.44,31.744719
test,T2,28.44,31.169601
test,T2,28.44,30.756659
test,T2,28.44,31.912218
test,T2,28.44,31.994585
test,T2,28.44,32.025566
test,T2,28.461945,31.900904
test,T2,28.516945,31.954649
test,T2,28.55,32.132343
test,T2,28.55,31.684149
test,T2,28.55,31.49914
test,T2,28.55,30.54268
test,T2,28.55,30.801256
test,T2,28.55,31.239786
test,T2,28.55,31.799814
test,T2,28.714,31.018805
test,T2,29.124,30.135588
test,T2,29.37,30.797928
test,T2,29.37,30.991392
test,T2,29.37,30.903784
test,T2,29.37,30.883188
test,T2,29.37,31.17007
test,T2,29.37,31.011965
test,T2,29.37,31.000885
test,T2,29.53559,31.256056
test,T2,29.950588,31.289806
test,T2,30.2,31.012463
test,T2,30.2,31.129011
test,T2,30.2,31.72902
test,T2,30.2,32.053688
test,T2,30.2,31.911045
test,T2,30.2,31.792341
test,T2,30.2,31.564358
test,T2,30.386,31.876165
test,T2,30.851,31.467354
test,T2,31.13,31.375324
test,T2,31.13,32.04425
test,T2,31.13,31.169277
test,T2,31.13,31.88579
test,T2,31.13,31.359661
test,T2,31.13,31.708244
test,T2,31.13,32.298508
test,T2,31.006,31.766329
test,T2,30.696,31.657999
test,T2,30.51,31.310707
test,T2,30.51,32.366386
test,T2,30.51,31.142103
test,T2,30.51,31.083605
test,T2,30.51,30.803995
test,T2,30.51,31.798517
test,T2,30.51,31.355967
test,T2,30.35,30.841234
test,T2,29.95,31.456398
test,T2,29.71,31.562555
test,T2,29.71,30.88805
test,T2,29.71,31.31619
test,T2,29.71,31.682756
test,T2,29.71,31.424574
test,T2,29.71,31.986494
test,T2,29.71,31.891708
test,T2,29.09,31.440792
test,T2,27.54,31.060257
test,T2,26.61,30.962534
test,T2,26.61,31.117884
test,T2,26.61,31.595781
test,T2,26.61,31.683361
test,T2,26.61,31.595377
test,T2,26.61,31.490988
test,T2,26.61,31.55564
test,T2,26.156,31.704441
test,T2,25.021,31.521322
test,T2,24.34,31.670069
test,T2,24.34,31.996962
test,T2,24.34,32.073326
test,T2,24.34,32.43407
test,T2,24.34,32.282284
test,T2,24.34,31.971075
test,T2,24.34,32.20999
test,T2,24.41182,32.71436
test,T2,24.59182,32.47928
test,T2,24.7,32.921738
test,T2,24.7,32.337204
test,T2,24.7,32.761333
test,T2,24.7,32.154293
test,T2,24.7,32.0642
test,T2,24.7,32.261288
test,T2,24.7,32.112442
test,T2,24.77182,32.319366
test,T2,24.95182,32.702217
test,T2,25.06,32.790474
test,T2,25.06,33.062756
test,T2,25.06,33.08177
test,T2,25.06,32.74859
test,T2,25.06,33.11599
test,T2,25.06,32.590836
test,T2,25.06,32.55637
test,T2,24.864,32.6349
test,T2,24.374,32.909775
test,T2,24.08,32.30955
test,T2,24.08,31.936928
test,T2,24.08,32.6276
test,T2,24.08,32.434322
test,T2,24.08,33.031235
test,T2,24.08,32.868614
test,T2,24.08,32.60672
test,T2,24.254,32.522804
test,T2,24.689,32.056892
test,T2,24.95,32.033855
test,T2,24.95,31.832516
test,T2,24.95,32.75975
test,T2,24.95,31.977215
test,T2,24.95,31.674038
test,T2,24.95,31.829666
test,T2,24.95,31.3915
test,T2,25.118,30.963982
test,T2,25.538,31.462225
test,T2,25.79,31.337559
test,T2,25.79,31.705606
test,T2,25.79,31.95567
test,T2,25.79,32.12568
test,T2,25.79,31.260117
test,T2,25.79,31.484272
test,T2,25.79,31.463636
test,T2,25.782,31.258293
test,T2,25.762,32.21112
test,T2,25.75,31.889635
test,T2,25.75,31.426748
test,T2,25.75,31.982166
test,T2,25.75,31.671926
test,T2,25.75,31.449593
test,T2,25.75,31.335098
test,T2,25.75,32.050407
test,T2,26.246,32.0019
test,T2,27.486,31.528685
test,T2,28.23,32.113464
test,T2,28.23,32.08397
test,T2,28.23,30.645967
test,T2,28.23,31.074617
test,T2,28.23,31.025223
test,T2,28.23,30.804924
test,T2,28.23,31.389536
test,T2,28.574,31.950583
test,T2,29.434,32.067764
test,T2,29.95,31.048891
test,T2,29.95,31.416208
test,T2,29.95,31.753653
test,T2,29.95,31.904608
test,T2,29.95,31.4816
test,T2,29.95,31.462683
test,T2,29.95,31.481699
test,T2,30.278,31.962137
test,T2,31.098,31.235285
test,T2,31.59,31.503063
test,T2,31.59,31.262224
test,T2,31.59,30.872858
test,T2,31.59,31.374342
test,T2,31.59,31.490793
test,T2,31.59,31.30867
test,T2,31.59,30.889898
test,T2,31.498,31.393068
test,T2,31.268,31.094988
test,T2,31.13,30.73616
test,T2,31.13,30.836123
test,T2,31.13,30.93225
test,T2,31.13,31.261732
test,T2,31.13,31.837212
test,T2,31.13,31.62582
test,T2,31.13,31.64451
test,T2,30.966,31.345276
test,T2,30.556,31.109491
test,T2,30.31,31.116726
test,T2,30.31,31.35396
test,T2,30.31,30.696293
test,T2,30.31,31.529842
test,T2,30.31,31.464233
test,T2,30.31,31.63819
test,T2,30.31,31.713312
test,T2,30.17035,31.615816
test,T2,29.82035,31.670832
test,T2,29.61,31.195217
test,T2,29.61,31.356268
test,T2,29.61,31.699043
test,T2,29.61,31.61092
test,T2,29.61,31.522463
test,T2,29.61,31.466555
test,T2,29.61,31.535898
test,T2,29.731697,32.626564
test,T2,30.036697,31.52475
test,T2,30.22,32.0188
test,T2,30.22,31.532127
test,T2,30.22,31.909464
test,T2,30.22,32.258038
test,T2,30.22,31.72256
test,T2,30.22,31.665735
test,T2,30.22,31.619387
test,T2,30.298,31.87095
test,T2,30.493,32.01012
test,T2,30.61,31.733555
test,T2,30.61,31.633474
test,T2,30.61,31.909727
test,T2,30.61,32.276176
test,T2,30.61,32.26563
test,T2,30.61,31.887161
test,T2,30.61,31.699404
test,T2,30.35065,31.268381
test,T2,29.70065,31.751032
test,T2,29.31,31.674295
test,T2,29.31,31.966768
test,T2,29.31,31.279802
test,T2,29.31,31.800756
test,T2,29.31,32.0879
test,T2,29.31,32.54937
test,T2,29.31,31.491705
test,T2,29.192291,31.642107
test,T2,28.897291,31.147247
test,T2,28.72,31.573486
test,T2,28.72,31.860918
test,T2,28.72,31.323093
test,T2,28.72,31.68206
test,T2,28.72,31.548548
test,T2,28.72,31.550804
test,T2,28.72,32.374332
test,T2,28.754,31.756958
test,T2,28.839,33.30591
test,T2,28.89,31.712008
test,T2,28.89,31.310923
test,T2,28.89,31.646177
test,T2,28.89,31.039713
test,T2,28.89,31.467373
test,T2,28.89,31.563503
test,T2,28.89,31.593012
test,T2,29.16,31.058512
test,T2,29.835,31.108292
test,T2,30.24,30.804695
test,T2,30.24,31.518663
test,T2,30.24,31.21364
test,T2,30.24,31.444826
test,T2,30.24,31.1192
test,T2,30.24,31.227777
test,T2,30.24,30.855288
test,T2,30.046486,30.701437
test,T2,29.561485,31.135052
test,T2,29.27,31.24657
test,T2,29.27,30.857553
test,T2,29.27,31.1483
test,T2,29.27,31.514002
test,T2,29.27,30.092926
test,T2,29.27,31.034016
test,T2,29.27,31.212229
test,T2,29.27399,31.637678
test,T2,29.28399,31.932516
test,T2,29.29,30.79706
test,T2,29.29,30.986399
test,T2,29.29,31.54099
test,T2,29.29,31.060446
test,T2,29.29,31.176329
test,T2,29.29,31.485735
test,T2,29.29,31.382069
test,T2,29.328,31.225954
test,T2,29.423,31.754772
test,T2,29.48,30.996206
test,T2,29.48,31.20818
test,T2,29.48,31.30699
test,T2,29.48,31.301447
test,T2,29.48,30.86159
test,T2,29.48,31.157015
test,T2,29.48,31.290045
test,T2,29.65,31.363329
test,T2,30.075,31.057476
test,T2,30.33,31.118849
test,T2,30.33,31.346033
test,T2,30.33,31.284672
test,T2,30.33,32.09105
test,T2,30.33,32.43573
test,T2,30.33,31.449167
test,T2,30.33,31.491037
test,T2,30.214,31.6901
test,T2,29.924,32.006054
test,T2,29.75,31.023481
test,T2,29.75,31.052225
test,T2,29.75,30.868086
test,T2,29.75,30.984701
test,T2,29.75,31.283514
test,T2,29.75,31.384443
test,T2,29.75,31.134348
test,T2,29.748,31.691227
test,T2,29.743,31.689734
test,T2,29.74,30.899704
test,T2,29.74,30.477167
test,T2,29.74,31.272116
test,T2,29.74,31.729984
test,T2,29.74,31.10573
test,T2,29.74,31.646025
test,T2,29.74,30.662292
test,T2,29.54449,31.266773
test,T2,29.05449,30.880648
test,T2,28.76,31.618208
test,T2,28.76,32.097565
test,T2,28.76,31.720747
test,T2,28.76,31.15886
test,T2,28.76,32.229618
test,T2,28.76,32.082317
test,T2,28.76,31.846615
test,T2,28.540545,31.941545
test,T2,27.990545,31.770199
test,T2,27.66,31.765867
test,T2,27.66,31.757944
test,T2,27.66,31.99624
test,T2,27.66,31.870733
test,T2,27.66,32.23717
test,T2,27.66,31.462465
test,T2,27.66,32.263126
test,T2,27.724,31.548136
test,T2,27.884,31.404755
test,T2,27.98,31.818657
test,T2,27.98,31.42903
test,T2,27.98,31.660345
test,T2,27.98,32.115036
test,T2,27.98,31.734356
test,T2,27.98,32.257927
test,T2,27.98,31.61436
test,T2,28.232,31.016432
test,T2,28.862,32.18959
test,T2,29.24,32.609917
test,T2,29.24,31.623243
test,T2,29.24,31.939604
test,T2,29.24,32.152874
test,T2,29.24,32.46865
test,T2,29.24,31.811441
test,T2,29.24,32.129395
test,T2,29.394,32.109833
test,T2,29.779,32.779686
test,T2,30.01,32.504303
test,T2,30.01,32.018166
test,T2,30.01,31.836285
test,T2,30.01,32.22904
test,T2,30.01,32.209366
test,T2,30.01,32.28945
test,T2,30.01,32.45448
test,T2,30.002,31.983046
test,T2,29.982,31.629404
test,T2,29.97,32.138622
test,T2,29.97,31.469969
test,T2,29.97,31.719252
test,T2,29.97,31.48676
test,T2,29.97,31.593914
test,T2,29.97,31.237555
test,T2,29.97,30.89922
test,T2,29.948,31.25703
test,T2,29.893,30.948986
test,T2,29.86,31.463663
test,T2,29.86,31.910915
test,T2,29.86,31.43734
test,T2,29.86,32.01171
test,T2,29.86,31.179077
test,T2,29.86,31.95678
test,T2,29.86,31.503752
test,T2,29.802,31.19628
test,T2,29.657,31.764238
test,T2,29.57,31.897497
test,T2,29.57,31.384207
test,T2,29.57,31.412271
test,T2,29.57,31.306324
test,T2,29.57,31.324335
test,T2,29.57,30.866266
test,T2,29.57,31.700098
test,T2,29.488205,32.019897
test,T2,29.283205,31.752337
test,T2,29.16,31.196875
test,T2,29.16,31.567205
test,T2,29.16,30.918148
test,T2,29.16,30.437143
test,T2,29.16,31.27468
test,T2,29.16,31.293938
test,T2,29.16,31.01177
test,T2,29.122095,31.528059
test,T2,29.027096,31.667027
test,T2,28.97,32.1983
test,T2,28.97,30.840036
test,T2,28.97,31.38193
test,T2,28.97,31.829096
test,T2,28.97,31.910074
test,T2,28.97,31.121445
test,T2,28.97,32.310043
test,T2,29.008,32.440598
test,T2,29.103,32.3448
test,T2,29.16,32.797256
test,T2,29.16,33.44665
test,T2,29.16,32.962894
test,T2,29.16,32.94435
test,T2,29.16,32.940937
test,T2,29.16,33.232887
test,T2,29.16,32.59075
test,T2,29.4,32.715683
test,T2,30.0,32.15242
test,T2,30.36,32.611736
test,T2,30.36,32.483887
test,T2,30.36,33.600742
test,T2,30.36,34.060326
test,T2,30.36,30.89803
test,T2,30.36,33.820045
test,T2,30.36,33.84857
test,T2,30.08469,34.1453
test,T2,29.39469,33.760685
test,T2,28.98,34.110886
test,T2,28.98,33.902626
test,T2,28.98,33.817406
test,T2,28.98,34.013744
test,T2,28.98,33.716938
test,T2,28.98,33.73806
test,T2,28.98,33.363472
test,T2,29.08,32.5827
test,T2,29.33,32.39167
test,T2,29.48,31.882551
test,T2,29.48,31.913326
test,T2,29.48,31.632423
test,T2,29.48,31.574547
test,T2,29.48,31.069258
test,T2,29.48,31.28896
test,T2,29.48,31.299612
test,T2,29.352,31.348806
test,T2,29.032,31.310827
test,T2,28.84,31.103233
test,T2,28.84,31.394835
test,T2,28.84,31.361206
test,T2,28.84,31.499586
test,T2,28.84,31.11675
test,T2,28.84,31.548466
test,T2,28.84,31.457857
test,T2,29.001595,31.384796
test,T2,29.406595,31.448526
test,T2,29.65,31.326029
test,T2,29.65,31.07476
test,T2,29.65,31.226976
test,T2,29.65,31.116215
test,T2,29.65,31.168076
test,T2,29.65,31.245539
test,T2,29.65,30.95855
test,T2,29.598,31.060146
test,T2,29.468,31.20932
test,T2,29.39,31.273596
test,T2,29.39,31.612978
test,T2,29.39,31.56881
test,T2,29.39,31.422546
test,T2,29.39,32.38867
test,T2,29.39,32.519253
test,T2,29.39,32.568764
test,T2,29.502,32.502754
test,T2,29.782,32.739853
test,T2,29.95,32.550476
test,T2,29.95,32.885788
test,T2,29.95,32.683136
test,T2,29.95,32.673237
test,T2,29.95,32.904945
test,T2,29.95,32.942337
test,T2,29.95,33.057114
test,T2,29.692,33.16106
test,T2,29.047,33.247288
test,T2,28.66,32.952953
test,T2,28.66,32.9235
test,T2,28.66,32.816544
test,T2,28.66,32.872734
test,T2,28.66,32.525066
test,T2,28.66,32.18915
test,T2,28.66,32.31074
test,T2,28.766,32.35073
test,T2,29.031,31.73707
test,T2,29.19,31.609512
test,T2,29.19,31.911726
test,T2,29.19,31.614904
test,T2,29.19,31.267126
test,T2,29.19,31.320276
test,T2,29.19,31.345715
test,T2,29.19,30.94953
test,T2,29.172,31.05219
test,T2,29.127,30.898508
test,T2,29.1,30.9087
test,T2,29.1,31.063204
test,T2,29.1,30.726751
test,T2,29.1,31.156424
test,T2,29.1,31.063288
test,T2,29.1,31.143957
test,T2,29.1,31.013186
test,T2,29.114,30.872663
test,T2,29.149,31.631104
test,T2,29.17,32.075504
test,T2,29.17,31.964289
test,T2,29.17,32.307247
test,T2,29.17,31.266565
test,T2,29.17,31.61056
test,T2,29.17,31.246477
test,T2,29.17,31.421919
test,T2,29.209902,31.756754
test,T2,29.3099,31.427652
test,T2,29.37,31.245169
test,T2,29.37,31.543653
test,T2,29.37,31.50884
test,T2,29.37,31.44236
test,T2,29.37,31.411436
test,T2,29.37,31.106432
test,T2,29.37,31.165949
test,T2,29.528,31.27984
test,T2,29.923,31.266624
test,T2,30.16,31.268827
test,T2,30.16,31.219297
test,T2,30.16,31.467941
test,T2,30.16,31.307495
test,T2,30.16,31.426567
test,T2,30.16,31.174213
test,T2,30.16,31.188993
test,T2,30.376,31.736446
test,T2,30.916,32.204216
test,T2,31.24,31.401499
test,T2,31.24,31.59808
test,T2,31.24,31.734255
test,T2,31.24,31.322805
test,T2,31.24,31.793835
test,T2,31.24,31.564976
test,T2,31.24,31.63716
test,T2,31.276,31.053246
test,T2,31.366,31.0938
test,T2,31.42,30.974932
test,T2,31.42,31.233675
test,T2,31.42,31.089651
test,T2,31.42,30.854223
test,T2,31.42,31.235958
test,T2,31.42,31.436296
test,T2,31.42,31.085762
test,T2,30.422476,31.31452
test,T2,27.922476,31.994387
test,T2,26.42,31.749609
test,T2,26.42,31.619488
test,T2,26.42,31.309608
test,T2,26.42,31.154577
test,T2,26.42,31.260931
test,T2,26.42,31.073835
test,T2,26.42,31.11365
test,T2,25.9655,31.643005
test,T2,24.4505,30.932745
test,T2,23.39,31.134485
test,T2,23.39,31.035662
test,T2,23.39,31.113655
test,T2,23.39,31.20949
test,T2,23.39,31.43833
test,T2,23.39,31.041723
test,T2,23.39,31.125021
test,T2,23.312,30.96258
test,T2,23.117,30.705431
test,T2,23.0,31.05758
test,T2,23.0,31.174047
test,T2,23.0,31.05564
test,T2,23.0,31.18641
test,T2,23.0,31.20639
test,T2,23.0,31.299807
test,T2,23.0,31.077919
test,T2,23.104,31.13355
test,T2,23.364,31.006914
test,T2,23.52,31.850063
test,T2,23.52,31.659422
test,T2,23.52,31.07807
test,T2,23.52,31.44885
test,T2,23.52,31.041758
test,T2,23.52,31.484018
test,T2,23.52,30.934183
test,T2,23.390335,30.83727
test,T2,23.065334,31.033957
test,T2,22.87,31.297853
test,T2,22.87,31.845844
test,T2,22.87,31.316133
test,T2,22.87,31.597174
test,T2,22.87,31.498762
test,T2,22.87,30.990065
test,T2,22.87,31.39461
test,T2,22.812,31.455286
test,T2,22.667,31.150124
test,T2,22.58,31.087881
test,T2,22.58,31.431757
test,T2,22.58,31.472528
test,T2,22.58,31.261915
test,T2,22.58,31.096596
test,T2,22.58,31.64936
test,T2,22.58,31.606657
test,T2,22.592,31.153421
test,T2,22.622,30.124683
test,T2,22.64,29.456047
test,T2,22.64,31.186115
test,T2,22.64,31.525454
test,T2,22.64,31.847618
test,T2,22.64,32.567657
test,T2,22.64,32.243427
test,T2,22.64,32.415432
test,T2,23.03501,31.851036
test,T2,24.02501,31.792002
test,T2,24.62,31.853209
test,T2,24.62,31.68702
test,T2,24.62,31.746378
test,T2,24.62,32.004337
test,T2,24.62,31.717947
test,T2,24.62,31.826935
test,T2,24.62,31.683222
test,T2,25.023,31.62916
test,T2,26.033,31.83126
test,T2,26.64,31.49407
test,T2,26.64,31.26378
test,T2,26.64,31.247158
test,T2,26.64,31.237303
test,T2,26.64,30.904158
test,T2,26.64,31.496836
test,T2,26.64,31.10693
test,T2,26.734,31.063627
test,T2,26.969,31.115366
test,T2,27.11,31.865803
test,T2,27.11,31.84751
test,T2,27.11,32.048744
test,T2,27.11,31.59744
test,T2,27.11,31.531687
test,T2,27.11,31.717724
test,T2,27.11,31.756798
test,T2,27.22172,31.316298
test,T2,27.50172,31.08579
test,T2,27.67,31.32533
test,T2,27.67,31.18429
test,T2,27.67,31.57925
test,T2,27.67,31.563593
test,T2,27.67,31.54504
test,T2,27.67,31.36255
test,T2,27.67,31.744316
test,T2,26.904,31.36297
test,T2,24.989,31.060152
test,T2,23.84,31.194025
test,T2,23.84,31.654299
test,T2,23.84,30.858839
test,T2,23.84,31.883738
test,T2,23.84,31.016973
test,T2,23.84,30.899433
test,T2,23.84,30.717821
test,T2,23.588,30.810244
test,T2,22.958,31.384802
test,T2,22.58,31.624748
test,T2,22.58,31.940416
test,T2,22.58,31.638859
test,T2,22.58,31.523077
test,T2,22.58,31.749933
test,T2,22.58,31.723103
test,T2,22.58,32.616863
test,T2,23.503708,32.63353
test,T2,25.818708,32.89856
test,T2,27.21,32.79809
test,T2,27.21,32.31364
test,T2,27.21,32.314285
test,T2,27.21,32.126442
test,T2,27.21,32.60815
test,T2,27.21,32.56151
test,T2,27.21,32.773956
test,T2,27.736,32.12687
test,T2,29.051,32.42402
test,T2,29.84,31.718416
test,T2,29.84,32.55208
test,T2,29.84,31.055449
test,T2,29.84,30.78721
test,T2,29.84,32.0662
test,T2,29.84,31.76868
test,T2,29.84,31.88369
test,T2,29.598604,31.275644
test,T2,28.993605,31.180635
test,T2,28.63,31.788427
test,T2,28.63,31.404009
test,T2,28.63,32.183346
test,T2,28.63,32.816986
test,T2,28.63,32.559395
test,T2,28.63,31.826956
test,T2,28.63,30.722244
test,T2,28.612,31.775902
test,T2,28.567,31.095957
test,T2,28.54,31.72043
test,T2,28.54,31.711262
test,T2,28.54,31.802916
test,T2,28.54,31.417643
test,T2,28.54,31.503202
test,T2,28.54,31.422422
test,T2,28.54,31.930958
test,T2,28.606,30.83655
test,T2,28.771,31.32207
test,T2,28.87,31.01415
test,T2,28.87,31.231447
test,T2,28.87,31.723026
test,T2,28.87,32.1285
test,T2,28.87,31.651114
test,T2,28.87,30.954275
test,T2,28.87,31.14473
test,T2,28.987707,31.444918
test,T2,29.282707,31.295898
test,T2,29.46,31.360424
test,T2,29.46,31.225784
test,T2,29.46,31.254725
test,T2,29.46,32.18219
test,T2,29.46,30.943117
test,T2,29.46,31.438597
test,T2,29.46,30.969328
test,T2,29.658,31.81366
test,T2,30.153,31.436428
test,T2,30.45,32.293636
test,T2,30.45,31.92654
test,T2,30.45,31.970625
test,T2,30.45,31.933187
test,T2,30.45,31.190979
test,T2,30.45,31.642511
test,T2,30.45,32.02404
test,T2,30.368,32.062027
test,T2,30.163,31.98894
test,T2,30.04,31.749802
test,T2,30.04,31.858477
test,T2,30.04,30.738108
test,T2,30.04,31.341597
test,T2,30.04,31.730408
test,T2,30.04,31.732244
test,T2,30.04,31.628824
test,T2,30.09,31.452166
test,T2,30.215,30.782305
test,T2,30.29,31.464909
test,T2,30.29,31.035666
test,T2,30.29,30.490206
test,T2,30.29,31.999628
test,T2,30.29,31.402935
test,T2,30.29,30.671064
test,T2,30.29,31.511068
test,T2,30.35,30.869955
test,T2,30.5,31.500181
test,T2,30.59,31.56613
test,T2,30.59,31.786503
test,T2,30.59,31.210484
test,T2,30.59,31.138147
test,T2,30.59,31.416925
test,T2,30.59,31.31437
test,T2,30.59,31.914003
test,T2,30.596,31.701515
test,T2,30.611,31.703325
test,T2,30.62,31.168629
test,T2,30.62,31.398159
test,T2,30.62,31.548918
test,T2,30.62,31.523218
test,T2,30.62,31.24717
test,T2,30.62,31.147497
test,T2,30.62,32.51244
test,T2,30.598,31.455996
test,T2,30.543,31.656996
test,T2,30.51,31.755758
test,T2,30.51,31.462461
test,T2,30.51,31.785107
test,T2,30.51,31.303873
test,T2,30.51,31.70191
test,T2,30.51,32.370346
test,T2,30.51,31.846827
test,T2,30.432,31.14509
test,T2,30.237,31.416601
test,T2,30.12,31.338213
test,T2,30.12,30.785524
test,T2,30.12,31.299952
test,T2,30.12,31.380775
test,T2,30.12,31.288292
test,T2,30.12,31.394505
test,T2,30.12,31.117508
test,T2,29.984,31.35521
test,T2,29.644,31.776873
test,T2,29.44,31.576342
test,T2,29.44,31.183489
test,T2,29.44,31.745644
test,T2,29.44,31.316868
test,T2,29.44,31.192345
test,T2,29.44,31.56071
test,T2,29.44,31.573427
test,T2,29.312,31.625574
test,T2,28.992,31.381582
test,T2,28.8,30.920958
test,T2,28.8,31.03879
test,T2,28.8,31.320854
test,T2,28.8,31.64811
test,T2,28.8,31.399475
test,T2,28.8,31.623959
test,T2,28.8,31.616749
test,T2,28.7,31.634642
test,T2,28.45,31.731695
test,T2,28.3,31.56106
test,T2,28.3,32.396294
test,T2,28.3,31.593454
test,T2,28.3,31.256433
test,T2,28.3,31.862759
test,T2,28.3,31.158426
test,T2,28.3,30.928839
test,T2,28.398,31.237268
test,T2,28.643,31.673382
test,T2,28.79,30.843111
test,T2,28.79,31.778975
test,T2,28.79,32.019608
test,T2,28.79,31.356949
test,T2,28.79,31.648779
test,T2,28.79,31.550186
test,T2,28.79,32.009304
test,T2,28.858,31.288038
test,T2,29.028,31.936787
test,T2,29.13,31.487207
test,T2,29.13,31.619844
test,T2,29.13,32.151276
test,T2,29.13,31.720888
test,T2,29.13,31.503443
test,T2,29.13,31.677477
test,T2,29.13,32.12202
test,T2,28.768906,31.951979
test,T2,27.863905,32.07856
test,T2,27.32,32.05922
test,T2,27.32,31.810469
test,T2,27.32,31.56943
test,T2,27.32,31.848072
test,T2,27.32,31.96522
test,T2,27.32,31.753866
test,T2,27.32,32.17541
test,T2,27.136,31.943638
test,T2,26.676,31.94584
test,T2,26.4,31.371359
test,T2,26.4,30.939035
test,T2,26.4,30.996367
test,T2,26.4,31.361526
test,T2,26.4,31.669619
test,T2,26.4,31.55485
test,T2,26.4,31.879519
test,T2,26.585539,31.69995
test,T2,27.050539,31.542658
test,T2,27.33,31.730177
test,T2,27.33,31.403011
test,T2,27.33,31.54752
test,T2,27.33,32.02559
test,T2,27.33,31.407852
test,T2,27.33,32.255478
test,T2,27.33,31.610374
test,T2,27.416,31.633057
test,T2,27.631,31.733116
test,T2,27.76,31.506023
test,T2,27.76,32.0207
test,T2,27.76,31.703703
test,T2,27.76,31.909163
test,T2,27.76,32.208984
test,T2,27.76,31.676249
test,T2,27.76,31.682158
test,T2,27.95352,32.115562
test,T2,28.43852,31.88295
test,T2,28.73,32.071762
test,T2,28.73,31.907156
test,T2,28.73,31.278759
test,T2,28.73,31.960321
test,T2,28.73,31.180807
test,T2,28.73,32.339508
test,T2,28.73,31.387693
test,T2,28.85768,31.744902
test,T2,29.17768,31.450333
test,T2,29.37,31.335129
test,T2,29.37,31.485312
test,T2,29.37,31.322588
test,T2,29.37,31.611692
test,T2,29.37,31.48327
test,T2,29.37,31.75182
test,T2,29.37,31.579468
test,T2,29.502,31.663864
test,T2,29.832,30.659517
test,T2,30.03,31.807453
test,T2,30.03,31.05839
test,T2,30.03,32.104343
test,T2,30.03,31.821033
test,T2,30.03,31.323385
test,T2,30.03,31.80749
test,T2,30.03,31.47616
test,T2,30.05394,31.43805
test,T2,30.11394,30.84671
test,T2,30.15,31.139051
test,T2,30.15,31.232996
test,T2,30.15,31.317238
test,T2,30.15,31.473007
test,T2,30.15,31.161749
test,T2,30.15,31.362093
test,T2,30.15,31.46301
test,T2,29.83,30.619112
test,T2,29.03,31.360033
test,T2,28.55,31.430609
test,T2,28.55,31.095163
test,T2,28.55,31.204077
test,T2,28.55,31.419378
test,T2,28.55,31.243296
test,T2,28.55,31.136894
test,T2,28.55,31.262423
test,T2,28.292,30.876654
test,T2,27.647,31.286665
test,T2,27.26,31.195404
test,T2,27.26,31.519789
test,T2,27.26,31.129547
test,T2,27.26,31.175406
test,T2,27.26,31.49764
test,T2,27.26,31.196611
test,T2,27.26,31.339033
test,T2,27.1024,30.710976
test,T2,26.7074,31.311064
test,T2,26.47,31.449713
test,T2,26.47,31.141264
test,T2,26.47,31.746695
test,T2,26.47,31.197914
test,T2,26.47,31.343746
test,T2,26.47,31.220743
test,T2,26.47,31.292103
test,T2,26.518,31.393793
test,T2,26.638,31.115452
test,T2,26.71,31.538012
test,T2,26.71,31.057323
test,T2,26.71,31.324757
test,T2,26.71,31.415524
test,T2,26.71,31.352919
test,T2,26.71,31.674982
test,T2,26.71,32.13015
test,T2,26.834,31.497114
test,T2,27.144,31.6072
test,T2,27.33,31.568249
test,T2,27.33,31.241505
test,T2,27.33,31.292437
test,T2,27.33,30.872803
test,T2,27.33,30.97817
test,T2,27.33,31.05264
test,T2,27.33,31.205996
test,T2,27.368,31.5382
test,T2,27.463,31.165903
test,T2,27.52,31.20043
test,T2,27.52,31.544018
test,T2,27.52,31.375944
test,T2,27.52,31.240835
test,T2,27.52,31.01657
test,T2,27.52,31.01374
test,T2,27.52,31.166397
test,T2,27.38,30.859594
test,T2,27.03,31.136837
test,T2,26.82,31.244455
test,T2,26.82,31.29055
test,T2,26.82,31.371952
test,T2,26.82,31.753717
test,T2,26.82,31.630817
test,T2,26.82,31.60001
test,T2,26.82,31.854742
test,T2,27.057405,31.170828
test,T2,27.652405,31.081198
test,T2,28.01,31.451632
test,T2,28.01,31.36073
test,T2,28.01,31.540804
test,T2,28.01,31.250252
test,T2,28.01,30.85192
test,T2,28.01,31.274632
test,T2,28.01,31.307182
test,T2,28.195536,30.817724
test,T2,28.660536,31.295273
test,T2,28.94,31.221899
test,T2,28.94,31.319342
test,T2,28.94,30.981962
test,T2,28.94,31.311464
test,T2,28.94,31.643255
test,T2,28.94,31.772724
test,T2,28.94,31.869867
test,T2,28.966,31.818325
test,T2,29.031,32.057907
test,T2,29.07,31.336466
test,T2,29.07,31.943068
test,T2,29.07,31.334026
test,T2,29.07,31.889786
test,T2,29.07,32.081085
test,T2,29.07,31.162518
test,T2,29.07,31.480227
test,T2,28.95,31.379766
test,T2,28.65,31.309183
test,T2,28.47,30.930079
test,T2,28.47,31.00842
test,T2,28.47,30.88296
test,T2,28.47,30.946188
test,T2,28.47,31.004297
test,T2,28.47,31.216385
test,T2,28.47,30.91287
test,T2,28.491945,30.721754
test,T2,28.546946,31.256298
test,T2,28.58,31.267199
test,T2,28.58,31.435335
test,T2,28.58,31.116934
test,T2,28.58,31.062334
test,T2,28.58,31.408205
test,T2,28.58,31.376001
test,T2,28.58,31.205505
test,T2,28.304,31.032854
test,T2,27.614,31.016418
test,T2,27.2,31.565329
test,T2,27.2,31.995901
test,T2,27.2,31.749891
test,T2,27.2,31.652151
test,T2,27.2,31.581137
test,T2,27.2,31.410376
test,T2,27.2,31.44667
test,T2,26.976,31.09769
test,T2,26.416,30.998678
test,T2,26.08,31.39163
test,T2,26.08,30.857405
test,T2,26.08,30.972586
test,T2,26.08,30.912766
test,T2,26.08,30.888155
test,T2,26.08,31.503302
test,T2,26.08,31.120491
test,T2,25.876,31.37152
test,T2,25.366,31.20862
test,T2,25.06,31.498892
test,T2,25.06,31.425049
test,T2,25.06,31.471037
test,T2,25.06,31.494703
test,T2,25.06,31.309511
test,T2,25.06,31.225374
test,T2,25.06,31.541079
test,T2,25.177708,31.593847
test,T2,25.472708,32.04782
test,T2,25.65,31.54422
test,T2,25.65,31.155138
test,T2,25.65,30.47052
test,T2,25.65,31.394083
test,T2,25.65,31.297531
test,T2,25.65,31.639776
test,T2,25.65,31.73845
test,T2,25.99,30.963747
test,T2,26.84,31.509325
test,T2,27.35,31.118399
test,T2,27.35,31.244972
test,T2,27.35,31.487234
test,T2,27.35,31.145662
test,T2,27.35,30.767048
test,T2,27.35,31.223856
test,T2,27.35,31.323145
test,T2,27.546,31.070623
test,T2,28.036,31.657717
test,T2,28.33,31.36819
test,T2,28.33,31.411936
test,T2,28.33,31.465464
test,T2,28.33,31.827845
test,T2,28.33,31.290466
test,T2,28.33,31.055632
test,T2,28.33,31.440447
test,T2,28.19434,31.934132
test,T2,27.85434,32.12176
test,T2,27.65,31.111267
test,T2,27.65,31.268978
test,T2,27.65,31.422855
test,T2,27.65,32.132454
test,T2,27.65,32.171745
test,T2,27.65,32.10114
test,T2,27.65,31.479132
test,T2,27.492,31.96067
test,T2,27.097,31.00443
test,T2,26.86,31.216497
test,T2,26.86,31.542063
test,T2,26.86,31.431734
test,T2,26.86,31.285818
test,T2,26.86,31.576468
test,T2,26.86,31.414383
test,T2,26.86,31.233568
test,T2,27.128,31.14816
test,T2,27.798,31.42541
test,T2,28.2,31.719316
test,T2,28.2,31.363558
test,T2,28.2,31.466276
test,T2,28.2,32.016
test,T2,28.2,31.970995
test,T2,28.2,31.475225
test,T2,28.2,32.127567
test,T2,28.46,31.78686
test,T2,29.11,31.47217
test,T2,29.5,31.125349
test,T2,29.5,31.498781
test,T2,29.5,31.355867
test,T2,29.5,31.274984
test,T2,29.5,31.12565
test,T2,29.5,31.17753
test,T2,29.5,31.10824
test,T2,29.505985,30.995583
test,T2,29.520985,30.946154
test,T2,29.53,31.374369
test,T2,29.53,31.05064
test,T2,29.53,31.195673
test,T2,29.53,30.828499
test,T2,29.53,31.280542
test,T2,29.53,31.218182
test,T2,29.53,31.275606
test,T2,29.398,31.129433
test,T2,29.068,31.186062
test,T2,28.87,31.330479
test,T2,28.87,31.236921
test,T2,28.87,31.017218
test,T2,28.87,31.138372
test,T2,28.87,31.179304
test,T2,28.87,31.493574
test,T2,28.87,31.20799
test,T2,28.946,31.289978
test,T2,29.136,31.568882
test,T2,29.25,31.587215
test,T2,29.25,31.023676
test,T2,29.25,31.132957
test,T2,29.25,31.280613
test,T2,29.25,31.173832
test,T2,29.25,31.261183
test,T2,29.25,31.421093
test,T2,29.176,31.158304
test,T2,28.991,31.342264
test,T2,28.88,32.104427
test,T2,28.88,31.945004
test,T2,28.88,31.900763
test,T2,28.88,31.380901
test,T2,28.88,31.95088
test,T2,28.88,31.367443
test,T2,28.88,32.134514
test,T2,27.768757,31.884151
test,T2,24.983757,32.070065
test,T2,23.31,32.35954
test,T2,23.31,31.88693
test,T2,23.31,31.426891
test,T2,23.31,31.4245
test,T2,23.31,31.526335
test,T2,23.31,31.498201
test,T2,23.31,31.222239
test,T2,23.05863,31.722017
test,T2,22.42863,31.42718
test,T2,22.05,31.04432
test,T2,22.05,30.991003
test,T2,22.05,31.498112
test,T2,22.05,31.161201
test,T2,22.05,31.160168
test,T2,22.05,31.10478
test,T2,22.05,31.190552
test,T2,21.99813,31.144674
test,T2,21.86813,31.14128
test,T2,21.79,31.181143
test,T2,21.79,31.310448
test,T2,21.79,31.228462
test,T2,21.79,31.578253
test,T2,21.79,31.751623
test,T2,21.79,32.082867
test,T2,21.79,32.377533
test,T2,22.79,32.2042
test,T2,25.29,32.38928
test,T2,26.79,32.45585
test,T2,26.79,32.87126
test,T2,26.79,31.646986
test,T2,26.79,31.902094
test,T2,26.79,32.234344
test,T2,26.79,31.847359
test,T2,26.79,32.070953
test,T2,27.516197,31.53662
test,T2,29.336199,31.709566
test,T2,30.43,31.16585
test,T2,30.43,31.376047
test,T2,30.43,31.230341
test,T2,30.43,31.287956
test,T2,30.43,31.113552
test,T2,30.43,31.300783
test,T2,30.43,30.9195
test,T2,30.33025,31.14909
test,T2,30.08025,31.273436
test,T2,29.93,31.242586
test,T2,29.93,30.792013
test,T2,29.93,31.155283
test,T2,29.93,31.172276
test,T2,29.93,31.305267
test,T2,29.93,31.373983
test,T2,29.93,31.38
test,T2,29.72451,31.615622
test,T2,29.20951,31.19203
test,T2,28.9,30.891771
test,T2,28.9,31.016321
test,T2,28.9,31.673838
test,T2,28.9,31.554277
test,T2,28.9,31.481665
test,T2,28.9,31.08108
test,T2,28.9,31.083021
test,T2,28.752,31.122185
test,T2,28.382,31.264568
test,T2,28.16,31.308674
test,T2,28.16,31.503834
test,T2,28.16,30.93508
test,T2,28.16,31.702074
test,T2,28.16,31.247288
test,T2,28.16,30.65376
test,T2,28.16,30.698221
test,T2,28.192,30.886211
test,T2,28.272,30.81141
test,T2,28.32,31.36046
test,T2,28.32,31.24827
test,T2,28.32,31.10509
test,T2,28.32,31.004492
test,T2,28.32,31.433079
test,T2,28.32,31.13044
test,T2,28.32,30.810347
test,T2,28.018,31.187376
test,T2,27.263,31.16926
test,T2,26.81,31.073437
test,T2,26.81,31.25955
test,T2,26.81,31.78821
test,T2,26.81,30.877193
test,T2,26.81,30.984669
test,T2,26.81,31.121614
test,T2,26.81,30.948786
test,T2,26.732,31.647802
test,T2,26.537,30.95143
test,T2,26.42,31.065105
test,T2,26.42,30.938671
test,T2,26.42,31.202158
test,T2,26.42,31.522236
test,T2,26.42,31.267252
test,T2,26.42,31.35996
test,T2,26.42,31.380407
test,T2,26.52,31.19423
test,T2,26.77,31.356127
test,T2,26.92,31.929972
test,T2,26.92,31.70405
test,T2,26.92,31.357864
test,T2,26.92,31.672358
test,T2,26.92,31.091452
test,T2,26.92,30.87711
test,T2,26.92,31.273645
test,T2,27.112,31.343906
test,T2,27.592,31.271832
test,T2,27.88,31.158247
test,T2,27.88,31.023901
test,T2,27.88,31.249434
test,T2,27.88,31.190947
test,T2,27.88,31.254187
test,T2,27.88,31.148798
test,T2,27.88,30.950209
test,T2,27.79,31.652697
test,T2,27.565,30.727198
test,T2,27.43,30.848389
test,T2,27.43,31.411068
test,T2,27.43,31.46756
test,T2,27.43,31.339342
test,T2,27.43,31.050207
test,T2,27.43,30.716986
test,T2,27.43,31.717318
test,T2,27.346209,31.450697
test,T2,27.136208,31.321213
test,T2,27.01,31.068884
test,T2,27.01,31.306124
test,T2,27.01,31.307676
test,T2,27.01,31.112925
test,T2,27.01,31.22687
test,T2,27.01,31.712412
test,T2,27.01,31.164257
test,T2,27.378,31.505812
test,T2,28.298,32.300777
test,T2,28.85,32.053017
test,T2,28.85,32.521957
test,T2,28.85,32.539383
test,T2,28.85,32.762405
test,T2,28.85,33.28491
test,T2,28.85,33.271362
test,T2,28.85,33.371716
test,T2,29.382,33.2491
test,T2,30.712,33.447212
test,T2,31.51,33.56362
test,T2,31.51,34.261837
test,T2,31.51,33.788322
test,T2,31.51,32.800274
test,T2,31.51,31.813421
test,T2,31.51,31.044395
test,T2,31.51,32.168644
test,T2,31.162,31.591532
test,T2,30.292,31.671045
test,T2,29.77,31.229116
test,T2,29.77,31.632233
test,T2,29.77,31.107246
test,T2,29.77,31.869696
test,T2,29.77,32.234722
test,T2,29.77,32.475906
test,T2,29.77,33.179657
test,T2,29.859777,31.603025
test,T2,30.084778,31.241179
test,T2,30.22,33.016365
test,T2,30.22,32.348835
test,T2,30.22,32.390003
test,T2,30.22,31.804678
test,T2,30.22,30.802618
test,T2,30.22,31.809301
test,T2,30.22,31.837667
test,T2,30.528,31.990656
test,T2,31.298,31.517889
test,T2,31.76,31.298098
test,T2,31.76,32.061848
test,T2,31.76,32.035854
test,T2,31.76,31.76327
test,T2,31.76,31.894066
test,T2,31.76,32.044685
test,T2,31.76,32.051163
test,T2,31.7,31.899971
test,T2,31.55,30.739584
test,T2,31.46,31.846117
test,T2,31.46,32.632927
test,T2,31.46,31.354288
test,T2,31.46,31.577501
test,T2,31.46,32.548424
test,T2,31.46,31.956064
test,T2,31.46,32.111908
test,T2,31.444,31.577509
test,T2,31.404,32.396614
test,T2,31.38,31.928022
test,T2,31.38,31.077736
test,T2,31.38,31.746237
test,T2,31.38,32.03828
test,T2,31.38,31.095613
test,T2,31.38,31.524427
test,T2,31.38,31.69702
test,T2,31.178,31.205088
test,T2,30.673,31.194351
test,T2,30.37,31.367949
test,T2,30.37,31.509817
test,T2,30.37,31.558216
test,T2,30.37,31.22695
test,T2,30.37,32.133835
test,T2,30.37,31.572008
test,T2,30.37,31.487036
test,T2,30.25429,31.548965
test,T2,29.96429,31.15664
test,T2,29.79,31.608213
test,T2,29.79,31.715734
test,T2,29.79,31.531229
test,T2,29.79,31.375568
test,T2,29.79,30.89874
test,T2,29.79,31.100536
test,T2,29.79,31.192379
test,T2,29.78202,31.29873
test,T2,29.76202,31.467072
test,T2,29.75,31.974783
test,T2,29.75,31.144304
test,T2,29.75,31.973532
test,T2,29.75,31.78253
test,T2,29.75,31.309114
test,T2,29.75,31.19528
test,T2,29.75,31.395468
test,T2,29.50262,31.622395
test,T2,28.88262,31.878393
test,T2,28.51,30.858398
test,T2,28.51,30.906357
test,T2,28.51,31.621355
test,T2,28.51,31.670424
test,T2,28.51,30.838232
test,T2,28.51,31.304327
test,T2,28.51,31.288193
test,T2,28.516,31.611067
test,T2,28.531,31.377668
test,T2,28.54,31.79629
test,T2,28.54,31.319033
test,T2,28.54,31.740702
test,T2,28.54,31.565845
test,T2,28.54,31.73931
test,T2,28.54,31.489592
test,T2,28.54,31.799463
test,T2,28.722,31.73963
test,T2,29.177,31.051516
test,T2,29.45,31.293402
test,T2,29.45,31.505558
test,T2,29.45,31.61725
test,T2,29.45,31.963676
test,T2,29.45,31.450449
test,T2,29.45,31.56587
test,T2,29.45,31.612253
test,T2,29.495886,32.083584
test,T2,29.610886,31.754433
test,T2,29.68,31.972885
test,T2,29.68,31.886705
test,T2,29.68,32.52738
test,T2,29.68,32.498966
test,T2,29.68,32.879402
test,T2,29.68,32.108845
test,T2,29.68,31.570913
test,T2,29.568277,31.590017
test,T2,29.288277,31.685884
test,T2,29.12,31.574785
test,T2,29.12,32.018513
test,T2,29.12,32.099564
test,T2,29.12,30.887667
test,T2,29.12,31.656479
test,T2,29.12,31.686249
test,T2,29.12,31.124441
test,T2,28.786835,31.518684
test,T2,27.951836,32.51048
test,T2,27.45,31.38937
test,T2,27.45,31.512209
test,T2,27.45,30.958124
test,T2,27.45,30.942972
test,T2,27.45,31.036287
test,T2,27.45,30.987265
test,T2,27.45,31.463722
test,T2,26.89938,31.872297
test,T2,25.51938,32.02056
test,T2,24.69,32.77695
test,T2,24.69,32.519165
test,T2,24.69,32.45076
test,T2,24.69,32.722473
test,T2,24.69,32.571617
test,T2,24.69,32.18648
test,T2,24.69,31.928211
test,T2,24.676,31.499695
test,T2,24.641,31.618853
test,T2,24.62,30.622961
test,T2,24.62,31.201643
test,T2,24.62,31.213573
test,T2,24.62,31.199919
test,T2,24.62,32.279133
test,T2,24.62,31.236198
test,T2,24.62,31.659964
test,T2,24.48,31.02101
test,T2,24.13,31.85713
test,T2,23.92,31.208418
test,T2,23.92,30.93761
test,T2,23.92,30.09382
test,T2,23.92,30.545877
test,T2,23.92,31.26771
test,T2,23.92,31.302837
test,T2,23.92,31.417078
test,T2,23.56,31.415339
test,T2,22.66,31.136753
test,T2,22.12,31.199572
test,T2,22.12,31.16546
test,T2,22.12,31.540476
test,T2,22.12,31.394743
test,T2,22.12,30.979475
test,T2,22.12,31.394932
test,T2,22.12,32.15467
test,T2,22.102,31.69945
test,T2,22.057,31.679659
test,T2,22.03,31.226435
test,T2,22.03,31.439882
test,T2,22.03,31.235212
test,T2,22.03,31.877226
test,T2,22.03,31.655184
test,T2,22.03,30.898619
test,T2,22.03,31.191023
test,T2,21.906,31.961863
test,T2,21.596,31.068638
test,T2,21.41,31.106186
test,T2,21.41,30.845833
test,T2,21.41,31.732607
test,T2,21.41,31.67034
test,T2,21.41,31.248514
test,T2,21.41,31.004725
test,T2,21.41,31.154604
test,T2,21.004,30.862991
test,T2,19.989,31.223606
test,T2,19.38,31.203648
test,T2,19.38,31.677816
test,T2,19.38,31.556585
test,T2,19.38,30.952785
test,T2,19.38,30.944193
test,T2,19.38,31.148256
test,T2,19.38,32.08911
test,T2,19.429876,31.06106
test,T2,19.554876,30.844421
test,T2,19.63,30.841112
test,T2,19.63,31.56608
test,T2,19.63,32.728504
test,T2,19.63,32.616932
test,T2,19.63,32.86219
test,T2,19.63,33.1519
test,T2,19.63,33.053333
test,T2,19.126,33.654217
test,T2,17.866,33.069286
test,T2,17.11,32.984833
test,T2,17.11,32.882954
test,T2,17.11,32.997383
test,T2,17.11,32.664948
test,T2,17.11,32.506516
test,T2,17.11,33.894035
test,T2,17.11,33.4863
test,T2,17.376,33.722256
test,T2,18.041,33.77485
test,T2,18.44,33.26968
test,T2,18.44,33.115334
test,T2,18.44,32.802475
test,T2,18.44,33.519524
test,T2,18.44,32.502544
test,T2,18.44,32.52662
test,T2,18.44,32.303555
test,T2,18.964,32.191746
test,T2,20.274,32.219826
test,T2,21.06,32.032955
test,T2,21.06,32.191822
test,T2,21.06,31.95161
test,T2,21.06,32.16855
test,T2,21.06,32.1069
test,T2,21.06,32.336746
test,T2,21.06,31.50797
test,T2,21.121847,31.851593
test,T2,21.276846,31.74902
test,T2,21.37,31.536404
test,T2,21.37,32.052452
test,T2,21.37,32.04443
test,T2,21.37,32.357178
test,T2,21.37,31.878016
test,T2,21.37,31.831177
test,T2,21.37,31.624441
test,T2,21.516,31.025988
test,T2,21.881,31.468088
test,T2,22.1,32.209225
test,T2,22.1,31.529224
test,T2,22.1,31.910658
test,T2,22.1,31.325216
test,T2,22.1,31.39371
test,T2,22.1,31.120472
test,T2,22.1,31.11069
test,T2,22.149876,31.151936
test,T2,22.274876,31.005003
test,T2,22.35,31.434135
test,T2,22.35,31.201712
test,T2,22.35,31.407866
test,T2,22.35,30.974396
test,T2,22.35,31.13238
test,T2,22.35,30.84984
test,T2,22.35,31.021324
test,T2,22.24227,30.788433
test,T2,21.97227,31.132132
test,T2,21.81,31.141388
test,T2,21.81,31.518227
test,T2,21.81,31.519777
test,T2,21.81,31.264545
test,T2,21.81,31.17031
test,T2,21.81,31.411345
test,T2,21.81,31.272097
test,T2,22.001524,31.018684
test,T2,22.481525,31.243572
test,T2,22.77,31.374105
test,T2,22.77,31.195116
test,T2,22.77,31.27236
test,T2,22.77,31.412916
test,T2,22.77,31.420168
test,T2,22.77,31.306807
test,T2,22.77,31.342855
test,T2,22.67,31.12367
test,T2,22.42,31.312708
test,T2,22.27,30.814734
test,T2,22.27,30.650595
test,T2,22.27,31.073423
test,T2,22.27,30.990267
test,T2,22.27,30.762629
test,T2,22.27,30.917963
test,T2,22.27,31.288849
test,T2,21.746,30.944529
test,T2,20.436,30.768476
test,T2,19.65,30.935743
test,T2,19.65,30.858519
test,T2,19.65,30.849936
test,T2,19.65,30.904314
test,T2,19.65,30.620066
test,T2,19.65,30.799477
test,T2,19.65,31.037682
test,T2,19.388,30.843721
test,T2,18.733,30.868105
test,T2,18.34,31.097383
test,T2,18.34,31.147388
test,T2,18.34,30.837244
test,T2,18.34,31.176321
test,T2,18.34,31.159422
test,T2,18.34,31.148794
test,T2,18.34,31.52556
test,T2,18.21,31.141684
test,T2,17.885,30.976812
test,T2,17.69,31.047567
test,T2,17.69,31.191027
test,T2,17.69,30.896343
test,T2,17.69,31.099888
test,T2,17.69,30.785679
test,T2,17.69,31.103682
test,T2,17.69,31.410173
test,T2,17.892,31.107275
test,T2,18.397,31.09074
test,T2,18.7,31.332773
test,T2,18.7,30.90864
test,T2,18.7,31.424149
test,T2,18.7,31.079512
test,T2,18.7,30.99946
test,T2,18.7,31.03823
test,T2,18.7,31.382896
test,T2,18.614,31.187458
test,T2,18.399,31.274183
test,T2,18.27,31.339117
test,T2,18.27,31.45994
test,T2,18.27,31.194166
test,T2,18.27,31.159653
test,T2,18.27,31.669554
test,T2,18.27,31.059504
test,T2,18.27,31.323938
test,T2,18.307463,31.263952
test,T2,18.402462,30.991257
test,T2,18.46,31.276934
test,T2,18.46,31.23763
test,T2,18.46,30.974339
test,T2,18.46,31.48242
test,T2,18.46,31.476624
test,T2,18.46,30.64335
test,T2,18.46,31.208296
test,T2,18.62559,30.84139
test,T2,19.040588,31.575659
test,T2,19.29,31.156446
test,T2,19.29,31.195631
test,T2,19.29,31.088099
test,T2,19.29,31.26521
test,T2,19.29,30.989145
test,T2,19.29,31.13796
test,T2,19.29,31.575804
test,T2,19.06257,31.323763
test,T2,18.49257,32.236954
test,T2,18.15,31.328836
test,T2,18.15,31.531633
test,T2,18.15,31.525394
test,T2,18.15,31.919584
test,T2,18.15,32.16175
test,T2,18.15,32.199097
test,T2,18.15,32.124702
test,T2,18.516,31.87552
test,T2,19.431,31.854822
test,T2,19.98,31.447023
test,T2,19.98,31.53979
test,T2,19.98,31.346584
test,T2,19.98,31.166597
test,T2,19.98,31.252829
test,T2,19.98,31.759031
test,T2,19.98,32.084347
test,T2,19.475252,31.841982
test,T2,18.210253,31.728533
test,T2,17.45,31.810625
test,T2,17.45,31.898481
test,T2,17.45,32.14505
test,T2,17.45,31.951517
test,T2,17.45,32.21151
test,T2,17.45,32.14703
test,T2,17.45,32.353424
test,T2,17.308355,32.83568
test,T2,16.953356,32.715637
test,T2,16.74,32.619976
test,T2,16.74,32.4174
test,T2,16.74,32.57155
test,T2,16.74,32.674713
test,T2,16.74,33.03414
test,T2,16.74,32.977825
test,T2,16.74,32.765114
test,T2,17.146,32.700134
test,T2,18.161,32.725018
test,T2,18.77,32.699234
test,T2,18.77,32.980694
test,T2,18.77,33.094395
test,T2,18.77,33.105385
test,T2,18.77,33.013718
test,T2,18.77,33.121048
test,T2,18.77,32.757683
test,T2,19.095184,33.23564
test,T2,19.910185,32.758152
test,T2,20.4,33.21068
test,T2,20.4,32.281765
test,T2,20.4,32.668407
test,T2,20.4,32.558983
test,T2,20.4,32.404495
test,T2,20.4,31.85282
test,T2,20.4,32.274918
test,T2,20.824,32.212387
test,T2,21.884,32.296158
test,T2,22.52,31.658873
test,T2,22.52,31.587042
test,T2,22.52,31.123163
test,T2,22.52,31.783075
test,T2,22.52,32.221115
test,T2,22.52,31.789345
test,T2,22.52,31.746601
test,T2,22.268,32.129574
test,T2,21.638,31.980291
test,T2,21.26,31.706266
test,T2,21.26,32.54655
test,T2,21.26,31.702494
test,T2,21.26,32.314953
test,T2,21.26,32.07125
test,T2,21.26,31.218586
test,T2,21.26,31.860987
test,T2,21.154,31.24095
test,T2,20.889,31.747284
test,T2,20.73,31.987192
test,T2,20.73,32.010117
test,T2,20.73,30.476488
test,T2,20.73,31.758898
test,T2,20.73,31.222662
test,T2,20.73,31.526695
test,T2,20.73,31.685465
test,T2,21.124,31.565853
test,T2,22.109,31.53493
test,T2,22.7,30.953707
test,T2,22.7,31.135632
test,T2,22.7,32.18418
test,T2,22.7,32.165108
test,T2,22.7,32.3892
test,T2,22.7,31.45178
test,T2,22.7,31.688162
test,T2,22.654,32.065125
test,T2,22.539,31.93744
test,T2,22.47,31.924576
test,T2,22.47,31.749182
test,T2,22.47,31.230505
test,T2,22.47,31.869268
test,T2,22.47,31.84622
test,T2,22.47,31.340677
test,T2,22.47,31.195728
test,T2,22.186,31.453327
test,T2,21.476,31.580416
test,T2,21.05,30.702604
test,T2,21.05,30.772413
test,T2,21.05,30.926311
test,T2,21.05,30.801706
test,T2,21.05,30.698645
test,T2,21.05,30.013403
test,T2,21.05,30.425322
test,T2,20.44,30.813454
test,T2,18.915,31.440279
test,T2,18.0,31.389994
test,T2,18.0,30.955072
test,T2,18.0,30.852804
test,T2,18.0,30.857073
test,T2,18.0,30.472952
test,T2,18.0,30.920053
test,T2,18.0,31.261393
test,T2,18.064,31.392214
test,T2,18.224,30.935781
test,T2,18.32,31.29499
test,T2,18.32,31.27713
test,T2,18.32,31.19329
test,T2,18.32,31.34379
test,T2,18.32,30.45423
test,T2,18.32,30.309843
test,T2,18.32,30.850677
test,T2,18.16,31.656273
test,T2,17.76,30.96506
test,T2,17.52,31.132994
test,T2,17.52,31.013384
test,T2,17.52,31.538353
test,T2,17.52,31.38483
test,T2,17.52,30.767408
test,T2,17.52,31.613626
test,T2,17.52,31.519766
test,T2,17.788015,31.169678
test,T2,18.463015,32.43964
test,T2,18.87,32.437622
test,T2,18.87,32.547714
test,T2,18.87,32.058483
test,T2,18.87,32.10689
test,T2,18.87,31.455473
test,T2,18.87,31.946245
test,T2,18.87,31.150244
test,T2,19.434,30.850737
test,T2,20.844,31.39698
test,T2,21.69,30.902071
test,T2,21.69,31.719868
test,T2,21.69,32.02151
test,T2,21.69,32.271755
test,T2,21.69,31.510012
test,T2,21.69,31.74707
test,T2,21.69,31.610785
test,T2,21.759657,31.644514
test,T2,21.934656,31.781443
test,T2,22.04,32.092476
test,T2,22.04,31.819086
test,T2,22.04,31.632372
test,T2,22.04,31.44145
test,T2,22.04,31.458597
test,T2,22.04,31.993484
test,T2,22.04,31.886686
test,T2,22.234,31.8443
test,T2,22.719,31.811258
test,T2,23.01,32.22939
test,T2,23.01,32.067917
test,T2,23.01,32.049797
test,T2,23.01,31.91863
test,T2,23.01,31.504583
test,T2,23.01,31.887325
test,T2,23.01,31.726278
test,T2,23.092,31.522081
test,T2,23.297,31.777592
test,T2,23.42,31.756382
test,T2,23.42,31.871264
test,T2,23.42,31.462173
test,T2,23.42,31.629435
test,T2,23.42,31.746515
test,T2,23.42,31.367535
test,T2,23.42,31.607994
test,T2,23.451921,31.289618
test,T2,23.531921,30.90232
test,T2,23.58,31.166044
test,T2,23.58,31.566782
test,T2,23.58,31.938168
test,T2,23.58,31.42187
test,T2,23.58,31.458628
test,T2,23.58,31.913477
test,T2,23.58,31.391745
test,T2,23.374,31.25566
test,T2,22.859,31.30409
test,T2,22.55,31.267908
test,T2,22.55,31.637648
test,T2,22.55,31.39792
test,T2,22.55,32.05684
test,T2,22.55,30.930098
test,T2,22.55,30.858877
test,T2,22.55,31.273962
test,T2,22.49813,31.591803
test,T2,22.36813,31.927412
test,T2,22.29,31.719942
test,T2,22.29,31.538101
test,T2,22.29,30.887125
test,T2,22.29,31.220327
test,T2,22.29,31.358362
test,T2,22.29,31.71282
test,T2,22.29,32.018932
test,T2,22.491495,31.726023
test,T2,22.996494,31.81554
test,T2,23.3,31.513058
test,T2,23.3,32.065613
test,T2,23.3,32.262955
test,T2,23.3,31.750505
test,T2,23.3,31.808966
test,T2,23.3,31.376118
test,T2,23.3,31.16702
test,T2,23.234634,31.616488
test,T2,23.069635,31.156492
test,T2,22.97,31.498495
test,T2,22.97,31.29964
test,T2,22.97,31.325226
test,T2,22.97,31.821827
test,T2,22.97,31.663153
test,T2,22.97,32.04153
test,T2,22.97,31.713863
test,T2,23.011896,31.151474
test,T2,23.116896,31.808092
test,T2,23.18,31.51444
test,T2,23.18,31.193209
test,T2,23.18,31.4642
test,T2,23.18,31.687178
test,T2,23.18,31.28727
test,T2,23.18,31.518425
test,T2,23.18,31.616434
test,T2,23.204,31.409378
test,T2,23.264,31.484747
test,T2,23.3,31.409855
test,T2,23.3,31.276041
test,T2,23.3,31.537668
test,T2,23.3,31.253197
test,T2,23.3,31.351908
test,T2,23.3,31.24653
test,T2,23.3,31.207272
test,T2,23.266,31.602009
test,T2,23.181,31.272535
test,T2,23.13,31.452106
test,T2,23.13,32.008358
test,T2,23.13,31.840101
test,T2,23.13,31.635044
test,T2,23.13,31.653028
test,T2,23.13,31.675825
test,T2,23.13,32.49565
test,T2,23.258,32.6808
test,T2,23.578,32.381264
test,T2,23.77,31.528631
test,T2,23.77,32.060513
test,T2,23.77,32.347984
test,T2,23.77,31.757242
test,T2,23.77,31.1361
test,T2,23.77,32.521435
test,T2,23.77,32.02546
test,T2,23.732,32.23149
test,T2,23.637,32.359375
test,T2,23.58,31.829035
test,T2,23.58,31.316744
test,T2,23.58,31.723139
test,T2,23.58,31.248703
test,T2,23.58,30.99402
test,T2,23.58,31.403511
test,T2,23.58,31.58951
test,T2,23.516,31.315214
test,T2,23.356,31.39717
test,T2,23.26,31.887701
test,T2,23.26,31.121277
test,T2,23.26,31.338968
test,T2,23.26,31.489565
test,T2,23.26,31.117254
test,T2,23.26,32.014435
test,T2,23.26,31.452559
test,T2,23.706,31.310556
test,T2,24.821,31.82458
test,T2,25.49,31.365599
test,T2,25.49,31.648014
test,T2,25.49,31.666012
test,T2,25.49,30.977327
test,T2,25.49,31.047972
test,T2,25.49,31.052177
test,T2,25.49,31.031351
test,T2,25.512,31.917759
test,T2,25.567,31.647913
test,T2,25.6,31.162533
test,T2,25.6,31.306929
test,T2,25.6,31.699099
test,T2,25.6,31.190111
test,T2,25.6,31.066544
test,T2,25.6,31.032928
test,T2,25.6,30.754236
test,T2,25.474,31.417849
test,T2,25.159,30.858496
test,T2,24.97,31.290432
test,T2,24.97,31.744467
test,T2,24.97,31.88671
test,T2,24.97,31.208212
test,T2,24.97,30.804882
test,T2,24.97,31.201284
test,T2,24.97,31.32858
test,T2,24.828356,31.351
test,T2,24.473354,31.431454
test,T2,24.26,31.080023
test,T2,24.26,31.197763
test,T2,24.26,31.098276
test,T2,24.26,31.509954
test,T2,24.26,31.656252
test,T2,24.26,31.35025
test,T2,24.26,31.833363
test,T2,24.836,31.998608
test,T2,26.276,31.511358
test,T2,27.14,31.598103
test,T2,27.14,31.270205
test,T2,27.14,31.419107
test,T2,27.14,31.279789
test,T2,27.14,31.453556
test,T2,27.14,31.48076
test,T2,27.14,31.331373
test,T2,27.225784,31.418722
test,T2,27.440784,31.424711
test,T2,27.57,31.282
test,T2,27.57,31.529978
test,T2,27.57,31.398916
test,T2,27.57,31.371405
test,T2,27.57,31.114103
test,T2,27.57,31.619417
test,T2,27.57,31.29448
test,T2,27.540075,31.505102
test,T2,27.465075,31.484228
test,T2,27.42,31.117796
test,T2,27.42,31.068975
test,T2,27.42,31.323732
test,T2,27.42,31.287716
test,T2,27.42,31.235643
test,T2,27.42,31.370575
test,T2,27.42,31.461496
test,T2,27.60354,31.234634
test,T2,28.06354,31.399595
test,T2,28.34,30.927488
test,T2,28.34,31.01858
test,T2,28.34,31.231432
test,T2,28.34,31.014568
test,T2,28.34,31.3416
test,T2,28.34,31.240885
test,T2,28.34,30.967344
test,T2,27.801336,31.085823
test,T2,26.451336,31.253935
test,T2,25.64,30.87587
test,T2,25.64,31.130648
test,T2,25.64,30.74508
test,T2,25.64,30.780558
test,T2,25.64,31.257494
test,T2,25.64,31.39776
test,T2,25.64,31.161066
test,T2,25.363363,31.363607
test,T2,24.668364,31.023233
test,T2,24.25,31.36149
test,T2,24.25,30.992085
test,T2,24.25,31.412172
test,T2,24.25,31.21795
test,T2,24.25,31.22333
test,T2,24.25,31.00572
test,T2,24.25,31.421717
test,T2,24.140272,30.727192
test,T2,23.865273,31.023441
test,T2,23.7,31.407066
test,T2,23.7,31.24898
test,T2,23.7,31.050241
test,T2,23.7,30.874374
test,T2,23.7,31.311615
test,T2,23.7,31.205515
test,T2,23.7,30.73044
test,T2,23.736,30.932203
test,T2,23.826,31.209576
test,T2,23.88,31.005003
test,T2,23.88,30.797533
test,T2,23.88,31.213524
test,T2,23.88,30.779322
test,T2,23.88,30.896425
test,T2,23.88,31.162586
test,T2,23.88,31.058771
test,T2,23.612,31.171862
test,T2,22.942,31.28522
test,T2,22.54,30.782694
test,T2,22.54,31.132519
test,T2,22.54,31.008371
test,T2,22.54,31.042978
test,T2,22.54,31.059114
test,T2,22.54,31.20901
test,T2,22.54,31.50655
test,T2,22.798,31.479069
test,T2,23.443,31.078112
test,T2,23.83,31.271793
test,T2,23.83,31.014631
test,T2,23.83,31.319918
test,T2,23.83,31.043596
test,T2,23.83,31.358744
test,T2,23.83,30.848177
test,T2,23.83,30.858564
test,T2,23.836,30.898209
test,T2,23.851,31.2063
test,T2,23.86,30.997704
test,T2,23.86,30.815647
test,T2,23.86,31.468103
test,T2,23.86,30.931688
test,T2,23.86,31.104898
test,T2,23.86,31.283556
test,T2,23.86,31.290844
test,T2,24.103395,31.26436
test,T2,24.713396,31.409369
test,T2,25.08,30.966078
test,T2,25.08,31.368967
test,T2,25.08,30.901617
test,T2,25.08,30.924984
test,T2,25.08,31.349018
test,T2,25.08,31.131939
test,T2,25.08,31.037489
test,T2,25.19,30.986628
test,T2,25.465,30.833017
test,T2,25.63,30.707867
test,T2,25.63,31.003141
test,T2,25.63,30.991888
test,T2,25.63,31.013052
test,T2,25.63,31.078224
test,T2,25.63,30.866507
test,T2,25.63,31.127253
test,T2,25.192158,31.026022
test,T2,24.092157,31.107077
test,T2,23.43,31.201874
test,T2,23.43,31.565979
test,T2,23.43,31.00964
test,T2,23.43,31.302778
test,T2,23.43,31.07082
test,T2,23.43,31.298733
test,T2,23.43,31.151117
test,T2,22.848,30.724562
test,T2,21.393,31.00345
test,T2,20.52,30.950594
test,T2,20.52,30.983358
test,T2,20.52,30.805967
test,T2,20.52,31.12129
test,T2,20.52,31.292551
test,T2,20.52,31.149824
test,T2,20.52,31.107288
test,T2,20.833216,30.755217
test,T2,21.618216,31.172922
test,T2,22.09,31.069796
test,T2,22.09,30.99956
test,T2,22.09,31.042017
test,T2,22.09,30.231121
test,T2,22.09,31.52504
test,T2,22.09,31.57015
test,T2,22.09,31.041075
test,T2,22.149563,31.470472
test,T2,22.299562,32.221443
test,T2,22.39,31.268036
test,T2,22.39,31.122519
test,T2,22.39,31.534998
test,T2,22.39,31.379416
test,T2,22.39,31.450989
test,T2,22.39,32.211338
test,T2,22.39,31.397379
test,T2,21.734,31.372192
test,T2,20.094,31.321337
test,T2,19.11,31.845251
test,T2,19.11,31.456205
test,T2,19.11,31.665651
test,T2,19.11,32.06553
test,T2,19.11,30.983791
test,T2,19.11,28.90058
test,T2,19.11,29.092579
test,T2,18.663109,30.371183
test,T2,17.543108,31.082851
test,T2,16.87,31.417025
test,T2,16.87,32.228485
test,T2,16.87,33.16288
test,T2,16.87,33.513588
test,T2,16.87,33.998478
test,T2,16.87,34.421013
test,T2,16.87,33.928165
test,T2,16.02412,33.51741
test,T2,13.90412,33.609745
test,T2,12.63,32.856956
test,T2,12.63,33.102776
test,T2,12.63,33.42106
test,T2,12.63,33.200104
test,T2,12.63,32.0328
test,T2,12.63,32.763535
test,T2,12.63,32.961647
test,T2,13.09,32.98479
test,T2,14.24,33.12044
test,T2,14.93,33.195286
test,T2,14.93,33.581818
test,T2,14.93,33.43267
test,T2,14.93,33.18822
test,T2,14.93,33.267464
test,T2,14.93,32.979313
test,T2,14.93,32.7556
test,T2,16.026,32.77118
test,T2,18.766,32.59322
test,T2,20.41,31.934616
test,T2,20.41,32.6032
test,T2,20.41,31.5796
test,T2,20.41,31.563433
test,T2,20.41,31.922195
test,T2,20.41,31.686996
test,T2,20.41,31.63214
test,T2,20.98,31.934175
test,T2,22.405,31.813318
test,T2,23.26,31.235754
test,T2,23.26,31.622446
test,T2,23.26,31.560423
test,T2,23.26,31.837252
test,T2,23.26,31.599516
test,T2,23.26,31.649157
test,T2,23.26,31.523043
test,T2,23.58,31.914427
test,T2,24.38,31.791323
test,T2,24.86,32.0071
test,T2,24.86,32.136852
test,T2,24.86,31.794447
test,T2,24.86,32.115795
test,T2,24.86,32.197514
test,T2,24.86,32.436142
test,T2,24.86,32.242794
test,T2,24.096,32.429985
test,T2,22.186,32.07981
test,T2,21.04,32.63459
test,T2,21.04,32.829872
test,T2,21.04,32.741947
test,T2,21.04,32.655434
test,T2,21.04,30.4713
test,T2,21.04,29.248648
test,T2,21.04,33.492245
test,T2,18.362,29.417383
test,T2,11.667,29.163366
test,T2,7.65,31.929579
test,T2,7.65,30.667036
test,T2,7.65,29.509459
test,T2,7.65,32.13842
test,T2,7.65,27.657728
test,T2,7.65,17.044636
test,T2,7.65,23.59514
test,T2,6.632525,31.392267
test,T2,4.082525,31.906343
test,T2,2.55,32.443092
test,T2,2.55,32.264977
test,T2,2.55,32.39342
test,T2,2.55,32.329556
test,T2,2.55,32.058144
test,T2,2.55,32.009117
test,T2,2.55,32.12367
test,T2,2.55,31.952614
test,T2,2.55,31.896461
test,T2,2.55,31.87441
test,T2,2.55,31.778452
test,T2,2.55,31.906855
test,T2,2.55,31.83348
test,T2,2.55,31.80021
test,T2,2.55,31.796112
test,T2,2.55,31.80282
test,T2,2.55,31.800577
test,T2,2.55,31.791296
test,T2,2.55,31.775595
test,T2,2.55,31.774984
test,T2,2.55,31.791843
test,T2,2.55,31.7783
test,T2,2.55,31.790043
test,T2,2.55,31.760157
test,T2,2.55,31.767992
test,T2,2.55,31.77979
test,T2,2.55,31.779379
test,T2,2.55,31.774906
test,T2,2.55,31.788694
test,T2,2.55,31.797348
test,T2,2.55,31.788721
test,T2,2.55,31.782104
test,T2,2.55,31.788538
test,T2,2.55,31.775557
test,T2,2.55,31.780169
test,T2,2.55,31.795801
test,T2,2.55,31.781725
test,T2,2.55,31.793709
test,T2,2.55,31.794357
test,T2,2.55,31.790426
test,T2,2.55,31.786322
test,T2,2.55,31.773178
test,T2,2.55,31.775042
test,T2,2.55,31.76333
test,T2,2.55,31.77574
test,T2,2.55,31.79835
test,T2,2.55,31.797985
test,T2,2.55,31.797144
test,T2,2.55,31.78657
test,T2,2.55,31.77568
test,T2,2.55,31.797798
test,T2,2.55,31.79596
test,T2,2.55,31.779669
test,T2,2.55,31.78103
test,T2,2.55,31.779589
test,T2,2.55,31.78596
test,T2,2.55,31.760025
test,T2,2.55,31.767149
test,T2,2.55,31.759998
test,T2,2.55,31.774805
test,T2,2.55,31.774017
test,T2,2.55,31.764814
test,T2,2.55,31.78015
test,T2,2.55,31.782621
test,T2,2.55,31.781961
test,T2,2.55,31.772526
test,T2,2.55,31.763468
test,T2,2.55,31.765072
test,T2,2.55,31.770819
test,T2,2.55,31.773466
test,T2,2.55,31.77667
test,T2,2.55,31.767305
test,T2,2.55,31.773264
test,T2,2.55,31.779827
test,T2,2.55,31.778969
test,T2,2.55,31.776575
test,T2,2.55,31.783403
test,T2,2.55,31.781988
test,T2,2.55,31.779108
test,T2,2.55,31.783772
test,T2,2.55,31.773653
test,T2,2.55,31.750465
test,T2,2.55,31.761625
test,T2,2.55,31.756899
test,T2,2.55,31.766165
test,T2,2.55,31.777975
test,T2,2.55,31.769346
test,T2,2.55,31.785715
test,T2,2.55,31.772573
test,T2,2.55,31.774702
test,T2,2.55,31.760479
test,T2,2.55,31.76142
test,T2,2.55,31.75652
test,T2,2.55,31.763727
test,T2,2.55,31.747698
test,T2,2.55,31.773376
test,T2,2.55,31.756666
test,T2,2.55,31.769453
test,T2,2.55,31.772535
test,T2,2.55,31.750635
test,T2,1.913775,31.758162
test,T2,0.638775,31.772697
test,T2,0.0,31.747042
test,T2,0.0,31.769045
test,T2,0.0,31.750994
test,T2,0.0,31.768908
test,T2,0.0,31.753794
test,T2,0.0,31.75234
test,T2,0.0,31.767483
test,T2,0.0,31.783785
test,T2,0.0,31.753572
test,T2,0.0,31.764376
test,T2,0.0,31.76224
test,T2,0.0,31.755579
test,T2,0.0,31.7042
test,T2,0.0,31.75923
test,T2,0.0,31.76028
test,T2,0.0,31.798601
test,T2,0.0,31.821337
test,T2,0.0,31.855875
test,T2,0.0,31.773176
test,T2,0.0,31.769701
test,T2,0.0,31.746431
test,T2,0.0,31.752964
test,T2,0.0,31.760298
test,T2,0.0,31.770615
test,T2,0.0,31.745958
test,T2,0.0,31.747648
test,T2,0.0,31.75214
test,T2,0.0,31.75985
test,T2,0.0,31.753656
test,T2,0.0,31.7539
test,T2,0.0,31.748783
test,T2,0.0,31.755367
test,T2,0.0,31.744339
test,T2,0.0,31.75537
test,T2,0.0,31.750288
test,T2,0.0,31.746109
test,T2,0.0,31.744389
test,T2,0.0,31.751928
test,T2,0.0,31.742704
test,T2,0.0,31.750181
test,T2,0.0,31.753504
test,T2,0.0,31.751322
test,T2,0.0,31.751703
test,T2,0.0,31.761106
test,T2,0.0,31.752062
test,T2,0.0,31.751537
test,T2,0.0,31.753527
test,T2,0.0,31.748228
test,T2,0.0,31.75168
test,T2,0.0,31.749002
test,T2,0.0,31.745703
test,T2,0.0,31.768654
test,T2,0.0,31.764368
test,T2,0.0,31.763166
test,T2,0.0,31.75957
test,T2,0.0,31.75123
test,T2,0.0,31.761248
test,T2,0.0,31.743221
test,T2,0.0,31.753859
test,T2,0.0,31.770536
test,T2,0.0,31.747175
test,T2,0.0,31.763746
test,T2,0.0,31.743818
test,T2,0.0,31.736952
test,T2,0.0,31.742922
test,T2,0.0,31.75333
test,T2,0.0,31.760632
test,T2,0.0,31.772718
test,T2,0.0,31.77258
test,T2,0.0,31.778591
test,T2,0.0,31.773773
test,T2,0.0,31.759586
test,T2,0.0,31.777285
test,T2,0.0,31.76287
test,T2,0.0,31.757788
test,T2,0.0,31.760576
test,T2,0.0,31.76325
test,T2,0.0,31.755726
test,T2,0.0,31.757828
test,T2,0.0,31.763918
test,T2,0.0,31.762564
test,T2,0.0,31.769718
test,T2,0.0,31.758999
test,T2,0.0,31.751173
test,T2,0.0,31.756678
test,T2,0.0,31.751595
test,T2,0.0,31.763197
test,T2,0.0,31.75841
test,T2,0.0,31.755621
test,T2,0.0,31.757465
test,T2,0.0,31.740278
test,T2,0.0,31.743362
test,T2,0.0,31.742847
test,T2,0.0,31.747187
test,T2,0.0,31.759869
test,T2,0.0,31.759869
test,T2,0.0,31.739065
test,T2,0.0,31.75136
test,T2,0.0,31.742933
test,T2,0.0,31.752438
test,T2,0.0,31.755098
test,T2,0.0,31.723589
test,T2,0.0,31.7414
test,T2,0.0,31.748446
test,T2,0.0,31.733967
test,T2,0.0,31.740911
test,T2,0.0,31.715124
test,T2,0.0,31.723858
test,T2,0.0,31.728794
test,T2,0.0,31.730192
test,T2,0.0,31.744093
test,T2,0.0,31.75159
test,T2,0.0,31.752539
test,T2,0.0,31.753239
test,T2,0.0,31.746504
test,T2,0.0,31.750992
test,T2,0.0,31.755375
test,T2,0.0,31.761288
test,T2,0.0,31.749842
test,T2,0.0,31.74132
test,T2,0.0,31.7594
test,T2,0.0,31.753199
test,T2,0.0,31.747715
test,T2,0.0,31.728264
test,T2,0.0,31.725986
test,T2,0.0,31.755817
test,T2,0.0,31.759014
test,T2,0.0,31.756172
test,T2,0.0,31.748377
test,T2,0.0,31.75202
test,T2,0.0,31.740374
test,T2,0.0,31.756313
test,T2,0.0,31.750387
test,T2,0.0,31.72957
test,T2,0.0,31.740458
test,T2,0.0,31.765188
test,T2,0.0,31.739084
test,T2,0.0,31.755972
test,T2,0.0,31.769028
test,T2,0.0,31.760862
test,T2,0.0,31.743021
test,T2,0.0,31.763521
test,T2,0.0,31.767437
test,T2,0.0,31.761198
test,T2,0.0,31.74471
test,T2,0.0,31.763634
test,T2,0.0,31.767189
test,T2,0.0,31.759684
test,T2,0.0,31.766817
test,T2,0.0,31.75669
test,T2,0.0,31.760952
test,T2,0.0,31.75168
test,T2,0.0,31.75464
test,T2,0.0,31.763018
test,T2,0.0,31.744526
test,T2,0.0,31.741638
test,T2,0.0,31.74372
test,T2,0.0,31.741459
test,T2,0.0,31.738867
test,T2,0.0,31.752754
test,T2,0.0,31.740763
test,T2,0.0,31.768518
test,T2,0.0,31.761332
test,T2,0.0,31.758097
test,T2,0.0,31.748854
test,T2,0.0,31.75986
test,T2,0.0,31.739264
test,T2,0.0,31.741726
test,T2,0.0,31.74114
test,T2,0.0,31.73773
test,T2,0.0,31.731817
test,T2,0.0,31.740944
test,T2,0.0,31.75535
test,T2,0.0,31.753721
test,T2,0.0,31.753
test,T2,0.0,31.732988
test,T2,0.0,31.749533
test,T2,0.0,31.729353
test,T2,0.0,31.736387
test,T2,0.0,31.746405
test,T2,0.0,31.730547
test,T2,0.0,31.728022
test,T2,0.0,31.735815
test,T2,0.0,31.740522
test,T2,0.0,31.736847
test,T2,0.0,31.743032
test,T2,0.0,31.72783
test,T2,0.0,31.741194
test,T2,0.0,31.737906
test,T2,0.0,31.760492
test,T2,0.0,31.760992
test,T2,0.0,31.733088
test,T2,0.0,31.750874
test,T2,0.0,31.747091
test,T2,0.0,31.74333
test,T2,0.0,31.745836
test,T2,0.0,31.742218
test,T2,0.0,31.73857
test,T2,0.0,31.746561
test,T2,0.0,31.75488
test,T2,0.0,31.763905
test,T2,0.0,31.751286
test,T2,0.0,31.7428
test,T2,0.0,31.74962
test,T2,0.0,31.760534
test,T2,0.0,31.753134
test,T2,0.0,31.761372
test,T2,0.0,31.755749
test,T2,0.0,31.767052
test,T2,0.0,31.749453
test,T2,0.0,31.768305
test,T2,0.0,31.756006
test,T2,0.0,31.752647
test,T2,0.0,31.736246
test,T2,0.0,31.74436
test,T2,0.0,31.734491
test,T2,0.0,31.752111
test,T2,0.0,31.757124
test,T2,0.0,31.752895
test,T2,0.0,31.751057
test,T2,0.0,31.75844
test,T2,0.0,31.777088
test,T2,0.0,31.76529
test,T2,0.0,31.756575
test,T2,0.0,31.747828
test,T2,0.0,31.75041
test,T2,0.0,31.74277
test,T2,0.0,31.740881
test,T2,0.0,31.736055
test,T2,0.0,31.744043
test,T2,0.0,31.728138
test,T2,0.0,31.754152
test,T2,0.0,31.746782
test,T2,0.0,31.74155
test,T2,0.0,31.740847
test,T2,0.0,31.74055
test,T2,0.0,31.74853
test,T2,0.0,31.752295
test,T2,0.0,31.75986
test,T2,0.0,31.757921
test,T2,0.0,31.75325
test,T2,0.0,31.751053
test,T2,0.0,31.742113
test,T2,0.0,31.741537
test,T2,0.0,31.733616
test,T2,0.0,31.74793
test,T2,0.0,31.757399
test,T2,0.0,31.764767
test,T2,0.0,31.767342
test,T2,0.0,31.760643
test,T2,0.0,31.734125
test,T2,0.0,31.750898
test,T2,0.0,31.764463
test,T2,0.0,31.759726
test,T2,0.0,31.76341
test,T2,0.0,31.792574
test,T2,0.0,31.756958
test,T2,0.0,31.77452
test,T2,0.0,31.740644
test,T2,0.0,31.750458
test,T2,0.0,31.765673
test,T2,0.0,31.778627
test,T2,0.0,31.747892
test,T2,0.0,31.75685
test,T2,0.0,31.74346
test,T2,0.0,31.728134
test,T2,0.0,31.757383
test,T2,0.0,31.752378
test,T2,0.0,31.747183
test,T2,0.0,31.757845
test,T2,0.0,31.75863
test,T2,0.0,31.730078
test,T2,0.0,31.770103
test,T2,0.0,31.77064
test,T2,0.0,31.734913
test,T2,0.0,31.761087
test,T2,0.0,31.745924
test,T2,0.0,31.731718
test,T2,0.0,31.7178
test,T2,0.0,31.74018
test,T2,0.0,31.753004
test,T2,0.0,31.733469
test,T2,0.0,31.745735
test,T2,0.0,31.73202
test,T2,0.0,31.732176
test,T2,0.0,31.71955
test,T2,0.0,31.733175
test,T2,0.0,31.73669
test,T2,0.0,31.739115
test,T2,0.0,31.738228
test,T2,0.0,31.725195
test,T2,0.0,31.719313
test,T2,0.0,31.721949
test,T2,0.0,31.741138
test,T2,0.0,31.746454
test,T2,0.0,31.748552
test,T2,0.0,31.737247
test,T2,0.0,31.732336
test,T2,0.0,31.745058
test,T2,0.0,31.7381
test,T2,0.0,31.72392
test,T2,0.0,31.736753
test,T2,0.0,31.73119
test,T2,0.0,31.723036
test,T2,0.0,31.743992
test,T2,0.0,31.741621
test,T2,0.0,31.746788
test,T2,0.0,31.727098
test,T2,0.0,31.734446
test,T2,0.0,31.728922
test,T2,0.0,31.737877
test,T2,0.0,31.743273
test,T2,0.0,31.748007
test,T2,0.0,31.741404
test,T2,0.0,31.745123
test,T2,0.0,31.740564
test,T2,0.0,31.741749
test,T2,0.0,31.744402
test,T2,0.0,31.74183
test,T2,0.0,31.738934
test,T2,0.0,31.746645
test,T2,0.0,31.72922
test,T2,0.0,31.728933
test,T2,0.0,31.75052
test,T2,0.0,31.745756
test,T2,0.0,31.746712
test,T2,0.0,31.740023
test,T2,0.0,31.76654
test,T2,0.0,31.757883
test,T2,0.0,31.764456
test,T2,0.0,31.75585
test,T2,0.0,31.759468
test,T2,0.0,31.76378
test,T2,0.0,31.738932
test,T2,0.0,31.732706
test,T2,0.0,31.748072
test,T2,0.0,31.746893
test,T2,0.0,31.754007
test,T2,0.0,31.742775
test,T2,0.0,31.734087
test,T2,0.0,31.738184
test,T2,0.0,31.746649
test,T2,0.0,31.746801
test,T2,0.0,31.736618
test,T2,0.0,31.763144
test,T2,0.0,31.7531
test,T2,0.0,31.746145
test,T2,0.0,31.74407
test,T2,0.0,31.733643
test,T2,0.0,31.753382
test,T2,0.0,31.740774
test,T2,0.0,31.736652
test,T2,0.0,31.748743
test,T2,0.0,31.737928
test,T2,0.0,31.734138
test,T2,0.0,31.739115
test,T2,0.0,31.737879
test,T2,0.0,31.741205
test,T2,0.0,31.73443
test,T2,0.0,31.742392
test,T2,0.0,31.74911
test,T2,0.0,31.739298
test,T2,0.0,31.735083
test,T2,0.0,31.751669
test,T2,0.0,31.759981
test,T2,0.0,31.743784
test,T2,0.0,31.735842
test,T2,0.0,31.74687
test,T2,0.0,31.748217
test,T2,0.0,31.726383
test,T2,0.0,31.752966
test,T2,0.0,31.75289
test,T2,0.0,31.757725
test,T2,0.0,31.759506
test,T2,0.0,31.747974
test,T2,0.0,31.737272
test,T2,0.0,31.748634
test,T2,0.0,31.74119
test,T2,0.0,31.753952
test,T2,0.0,31.759598
test,T2,0.0,31.751682
test,T2,0.0,31.757486
test,T2,0.0,31.773111
test,T2,0.0,31.751204
test,T2,0.0,31.745405
test,T2,0.0,31.736397
test,T2,0.0,31.748755
test,T2,0.0,31.751333
test,T2,0.0,31.724678
test,T2,0.0,31.752817
test,T2,0.0,31.751965
test,T2,0.0,31.738943
test,T2,0.0,31.7452
test,T2,0.0,31.736261
test,T2,0.0,31.73847
test,T2,0.0,31.72289
test,T2,0.0,31.766548
test,T2,0.0,31.752897
test,T2,0.0,31.873796
test,T2,0.0,31.708126
test,T2,0.0,31.856247
test,T2,0.0,31.76423
test,T2,0.0,31.769236
test,T2,0.0,31.765907
test,T2,0.0,31.74995
test,T2,0.0,31.772114
test,T2,0.0,31.742212
test,T2,0.0,31.897316
test,T2,0.0,32.232403
test,T2,0.40499505,32.185802
test,T2,1.4199951,30.03748
test,T2,2.03,28.489801
test,T2,2.03,30.263327
test,T2,2.03,31.436655
test,T2,2.03,23.602875
test,T2,2.03,17.159204
test,T2,2.03,11.659901
test,T2,2.03,11.931872
test,T2,2.574,10.153133
test,T2,3.934,17.987898
test,T2,4.75,32.059757
test,T2,4.75,30.191702
test,T2,4.75,32.391357
test,T2,4.75,32.400543
test,T2,4.75,31.518755
test,T2,4.75,32.06337
test,T2,4.75,29.55102
test,T2,7.048,33.170563
test,T2,12.793,32.40534
test,T2,16.24,33.202328
test,T2,16.24,32.986443
test,T2,16.24,33.122475
test,T2,16.24,32.935966
test,T2,16.24,33.240925
test,T2,16.24,32.795406
test,T2,16.24,32.68599
test,T2,18.32278,32.83852
test,T2,23.54278,32.466476
test,T2,26.68,32.62333
test,T2,26.68,32.75988
test,T2,26.68,32.6193
test,T2,26.68,32.568016
test,T2,26.68,32.258537
test,T2,26.68,32.138897
test,T2,26.68,31.050203
test,T2,27.116,32.029247
test,T2,28.206,31.442091
test,T2,28.86,31.381088
test,T2,28.86,31.12966
test,T2,28.86,32.202618
test,T2,28.86,31.589045
test,T2,28.86,31.960455
test,T2,28.86,31.746124
test,T2,28.86,31.870382
test,T2,29.124,31.176249
test,T2,29.784,31.043104
test,T2,30.18,31.779573
test,T2,30.18,31.563402
test,T2,30.18,31.150948
test,T2,30.18,31.215849
test,T2,30.18,31.194952
test,T2,30.18,31.514133
test,T2,30.18,31.621675
test,T2,30.176,31.476732
test,T2,30.166,31.501501
test,T2,30.16,31.285175
test,T2,30.16,31.675583
test,T2,30.16,32.257492
test,T2,30.16,31.493093
test,T2,30.16,31.520987
test,T2,30.16,31.508585
test,T2,30.16,31.566023
test,T2,30.161995,31.659204
test,T2,30.166996,31.389284
test,T2,30.17,31.596102
test,T2,30.17,31.477804
test,T2,30.17,31.452305
test,T2,30.17,32.328796
test,T2,30.17,31.802362
test,T2,30.17,32.068916
test,T2,30.17,31.958742
test,T2,30.32,31.90677
test,T2,30.695,31.73678
test,T2,30.92,31.531078
test,T2,30.92,31.68444
test,T2,30.92,31.846727
test,T2,30.92,31.425795
test,T2,30.92,31.650837
test,T2,30.92,32.07615
test,T2,30.92,31.731339
test,T2,30.77,32.03534
test,T2,30.395,31.215324
test,T2,30.17,32.078537
test,T2,30.17,31.491346
test,T2,30.17,31.67367
test,T2,30.17,31.418398
test,T2,30.17,31.665348
test,T2,30.17,31.773077
test,T2,30.17,31.368631
test,T2,29.932,31.6852
test,T2,29.337,31.886358
test,T2,28.98,31.513697
test,T2,28.98,31.75871
test,T2,28.98,31.952093
test,T2,28.98,31.723228
test,T2,28.98,31.48229
test,T2,28.98,31.423616
test,T2,28.98,31.975674
test,T2,29.298431,31.742144
test,T2,30.09843,31.140265
test,T2,30.58,31.27008
test,T2,30.58,31.447645
test,T2,30.58,31.460857
test,T2,30.58,31.367117
test,T2,30.58,31.497362
test,T2,30.58,31.645594
test,T2,30.58,31.759283
test,T2,30.62389,31.50836
test,T2,30.73389,31.70826
test,T2,30.8,32.242462
test,T2,30.8,32.31887
test,T2,30.8,31.168173
test,T2,30.8,31.556662
test,T2,30.8,31.182081
test,T2,30.8,31.040459
test,T2,30.8,31.755058
test,T2,30.841894,32.08457
test,T2,30.946896,31.3083
test,T2,31.01,30.977068
test,T2,31.01,31.298117
test,T2,31.01,31.641611
test,T2,31.01,31.070356
test,T2,31.01,31.260752
test,T2,31.01,31.722818
test,T2,31.01,31.808678
test,T2,30.826,31.22155
test,T2,30.366,31.04733
test,T2,30.09,31.509558
test,T2,30.09,31.264591
test,T2,30.09,31.442263
test,T2,30.09,31.037323
test,T2,30.09,30.666025
test,T2,30.09,30.815321
test,T2,30.09,31.610468
test,T2,30.44,31.847101
test,T2,31.315,31.440634
test,T2,31.84,31.611559
test,T2,31.84,32.135048
test,T2,31.84,30.947096
test,T2,31.84,31.354689
test,T2,31.84,30.78623
test,T2,31.84,31.017809
test,T2,31.84,31.509384
test,T2,31.932,31.73039
test,T2,32.162,31.464388
test,T2,32.3,31.520681
test,T2,32.3,31.751951
test,T2,32.3,31.570108
test,T2,32.3,32.280273
test,T2,32.3,32.18668
test,T2,32.3,31.676958
test,T2,32.3,31.776218
test,T2,32.558,31.322851
test,T2,33.203,31.009388
test,T2,33.59,31.344778
test,T2,33.59,31.07173
test,T2,33.59,31.658394
test,T2,33.59,32.017635
test,T2,33.59,31.611273
test,T2,33.59,31.885443
test,T2,33.59,31.66417
test,T2,33.248,31.002474
test,T2,32.393,31.625744
test,T2,31.88,31.361446
test,T2,31.88,31.22759
test,T2,31.88,31.823784
test,T2,31.88,31.505638
test,T2,31.88,31.679651
test,T2,31.88,31.500725
test,T2,31.88,31.701214
test,T2,31.588,30.994246
test,T2,30.858,31.925032
test,T2,30.42,32.082947
test,T2,30.42,31.466976
test,T2,30.42,31.545074
test,T2,30.42,31.718193
test,T2,30.42,32.0969
test,T2,30.42,32.046337
test,T2,30.42,32.254738
test,T2,29.762,32.062584
test,T2,28.117,31.833597
test,T2,27.13,31.903402
test,T2,27.13,31.869596
test,T2,27.13,31.458635
test,T2,27.13,31.865225
test,T2,27.13,32.32051
test,T2,27.13,32.04174
test,T2,27.13,31.594479
test,T2,26.236,31.57053
test,T2,24.001,31.516432
test,T2,22.66,31.686338
test,T2,22.66,31.356688
test,T2,22.66,31.531265
test,T2,22.66,31.545832
test,T2,22.66,31.677248
test,T2,22.66,31.412687
test,T2,22.66,31.598421
test,T2,22.052,31.804096
test,T2,20.532,31.476942
test,T2,19.62,31.437357
test,T2,19.62,31.505816
test,T2,19.62,31.813452
test,T2,19.62,31.272362
test,T2,19.62,31.54608
test,T2,19.62,31.586256
test,T2,19.62,31.381062
test,T2,18.698,31.922058
test,T2,16.393,31.985392
test,T2,15.01,31.698965
test,T2,15.01,32.16478
test,T2,15.01,33.02324
test,T2,15.01,33.423935
test,T2,15.01,33.229156
test,T2,15.01,33.666073
test,T2,15.01,32.657494
test,T2,12.937195,33.167183
test,T2,7.742195,33.23501
test,T2,4.62,33.257126
test,T2,4.62,32.779
test,T2,4.62,33.06524
test,T2,4.62,32.81575
test,T2,4.62,32.783962
test,T2,4.62,32.689808
test,T2,4.62,32.263977
test,T2,3.838,32.1128
test,T2,1.883,32.287132
test,T2,0.71,32.66313
test,T2,0.71,32.16881
test,T2,0.71,32.177322
test,T2,0.71,30.716028
test,T2,0.71,32.57209
test,T2,0.71,32.118156
test,T2,0.71,32.807457
test,T2,4.582,32.525517
test,T2,14.262,32.260796
test,T2,20.07,32.310776
test,T2,20.07,32.400043
test,T2,20.07,32.43858
test,T2,20.07,32.57402
test,T2,20.07,32.215065
test,T2,20.07,32.837246
test,T2,20.07,33.005577
test,T2,21.917416,32.528805
test,T2,26.547417,32.582123
test,T2,29.33,32.567844
test,T2,29.33,31.940475
test,T2,29.33,32.321243
test,T2,29.33,32.28616
test,T2,29.33,32.56975
test,T2,29.33,32.395943
test,T2,29.33,32.137825
test,T2,30.014,32.249374
test,T2,31.724,32.054306
test,T2,32.75,31.83736
test,T2,32.75,31.431976
test,T2,32.75,31.647448
test,T2,32.75,31.2618
test,T2,32.75,31.677473
test,T2,32.75,31.21692
test,T2,32.75,31.380999
test,T2,32.942,31.356215
test,T2,33.422,31.48187
test,T2,33.71,31.226887
test,T2,33.71,31.04081
test,T2,33.71,31.304955
test,T2,33.71,31.470034
test,T2,33.71,31.269243
test,T2,33.71,31.008778
test,T2,33.71,31.102423
test,T2,33.735935,31.33361
test,T2,33.800934,31.668325
test,T2,33.84,30.580433
test,T2,33.84,31.554605
test,T2,33.84,31.581512
test,T2,33.84,31.630226
test,T2,33.84,31.76562
test,T2,33.84,31.294104
test,T2,33.84,31.203707
test,T2,33.972,31.315525
test,T2,34.302,31.34622
test,T2,34.5,31.06398
test,T2,34.5,31.729092
test,T2,34.5,31.803095
test,T2,34.5,31.933035
test,T2,34.5,30.652462
test,T2,34.5,31.391764
test,T2,34.5,31.1012
test,T2,34.642,31.43284
test,T2,34.997,30.999283
test,T2,35.21,31.541407
test,T2,35.21,31.04886
test,T2,35.21,31.45213
test,T2,35.21,31.28635
test,T2,35.21,31.419285
test,T2,35.21,31.04398
test,T2,35.21,31.210468
test,T2,35.297783,31.901281
test,T2,35.51778,31.279121
test,T2,35.65,30.972162
test,T2,35.65,31.315823
test,T2,35.65,31.187504
test,T2,35.65,31.08255
test,T2,35.65,31.809475
test,T2,35.65,31.54032
test,T2,35.65,31.579454
test,T2,35.65399,31.155859
test,T2,35.66399,31.72511
test,T2,35.67,31.400572
test,T2,35.67,31.271967
test,T2,35.67,31.002647
test,T2,35.67,31.468105
test,T2,35.67,31.203299
test,T2,35.67,31.93698
test,T2,35.67,31.787195
test,T2,35.89,31.710283
test,T2,36.44,31.808138
test,T2,36.77,31.567194
test,T2,36.77,31.57186
test,T2,36.77,31.620863
test,T2,36.77,31.409876
test,T2,36.77,31.882854
test,T2,36.77,31.68572
test,T2,36.77,31.445377
test,T2,36.726,31.182154
test,T2,36.616,31.826338
test,T2,36.55,31.522692
test,T2,36.55,31.81906
test,T2,36.55,31.68412
test,T2,36.55,31.684763
test,T2,36.55,31.40636
test,T2,36.55,31.4628
test,T2,36.55,31.237577
test,T2,36.502,31.433142
test,T2,36.382,31.673717
test,T2,36.31,31.440962
test,T2,36.31,31.850632
test,T2,36.31,31.288065
test,T2,36.31,31.34873
test,T2,36.31,31.361265
test,T2,36.31,31.158152
test,T2,36.31,31.675829
test,T2,36.492,31.23206
test,T2,36.947,31.627676
test,T2,37.22,31.740892
test,T2,37.22,32.066162
test,T2,37.22,31.555117
test,T2,37.22,31.592764
test,T2,37.22,31.155989
test,T2,37.22,30.906645
test,T2,37.22,31.49894
test,T2,37.4,31.284975
test,T2,37.85,31.150688
test,T2,38.12,31.35841
test,T2,38.12,31.219904
test,T2,38.12,31.276003
test,T2,38.12,31.630423
test,T2,38.12,31.53542
test,T2,38.12,31.40876
test,T2,38.12,31.609901
test,T2,38.054165,31.402025
test,T2,37.889164,31.391726
test,T2,37.79,31.567526
test,T2,37.79,31.31539
test,T2,37.79,31.448881
test,T2,37.79,31.58258
test,T2,37.79,31.238867
test,T2,37.79,31.039396
test,T2,37.79,31.489553
test,T2,37.356,31.74275
test,T2,36.271,31.864101
test,T2,35.62,31.712875
test,T2,35.62,30.987162
test,T2,35.62,30.797237
test,T2,35.62,31.421894
test,T2,35.62,31.3436
test,T2,35.62,31.425055
test,T2,35.62,31.720448
test,T2,35.408,31.529184
test,T2,34.878,31.268045
test,T2,34.56,31.524714
test,T2,34.56,32.12686
test,T2,34.56,31.925163
test,T2,34.56,32.14725
test,T2,34.56,32.368275
test,T2,34.56,31.71876
test,T2,34.56,31.696083
test,T2,34.594,31.888498
test,T2,34.679,31.765568
test,T2,34.73,31.77815
test,T2,34.73,31.684942
test,T2,34.73,32.02239
test,T2,34.73,32.50778
test,T2,34.73,31.726622
test,T2,34.73,31.681973
test,T2,34.73,31.87911
test,T2,34.85,32.012997
test,T2,35.15,31.747625
test,T2,35.33,31.733248
test,T2,35.33,32.41519
test,T2,35.33,32.00703
test,T2,35.33,32.284832
test,T2,35.33,32.6185
test,T2,35.33,31.931234
test,T2,35.33,31.485046
test,T2,35.586,31.483606
test,T2,36.226,31.469595
test,T2,36.61,31.731873
test,T2,36.61,31.896074
test,T2,36.61,31.702625
test,T2,36.61,31.23479
test,T2,36.61,31.536045
test,T2,36.61,31.578676
test,T2,36.61,31.409904
test,T2,36.528,31.039936
test,T2,36.323,31.181215
test,T2,36.2,31.367697
test,T2,36.2,31.578226
test,T2,36.2,31.767405
test,T2,36.2,31.616953
test,T2,36.2,31.505207
test,T2,36.2,31.709986
test,T2,36.2,31.69132
test,T2,36.126,31.739885
test,T2,35.941,31.731916
test,T2,35.83,31.289808
test,T2,35.83,31.478447
test,T2,35.83,31.783308
test,T2,35.83,31.204771
test,T2,35.83,31.22906
test,T2,35.83,31.13191
test,T2,35.83,31.163914
test,T2,35.79,31.57884
test,T2,35.69,32.470917
test,T2,35.63,31.018652
test,T2,35.63,31.607473
test,T2,35.63,31.082525
test,T2,35.63,31.41216
test,T2,35.63,31.613901
test,T2,35.63,31.538727
test,T2,35.63,31.791368
test,T2,35.728,31.348934
test,T2,35.973,31.78159
test,T2,36.12,31.863207
test,T2,36.12,31.053537
test,T2,36.12,31.831295
test,T2,36.12,31.477938
test,T2,36.12,31.779318
test,T2,36.12,31.265432
test,T2,36.12,31.19515
test,T2,36.324,31.495378
test,T2,36.834,31.205572
test,T2,37.14,31.65099
test,T2,37.14,31.529501
test,T2,37.14,31.928114
test,T2,37.14,31.147211
test,T2,37.14,31.02268
test,T2,37.14,31.225716
test,T2,37.14,31.008923
test,T2,37.23975,30.89445
test,T2,37.48975,31.124275
test,T2,37.64,31.663797
test,T2,37.64,31.384533
test,T2,37.64,31.439781
test,T2,37.64,31.379728
test,T2,37.64,31.126064
test,T2,37.64,31.070803
test,T2,37.64,31.920013
test,T2,37.488,31.915134
test,T2,37.108,31.538076
test,T2,36.88,32.120064
test,T2,36.88,32.09646
test,T2,36.88,32.510597
test,T2,36.88,31.682318
test,T2,36.88,32.26965
test,T2,36.88,32.06835
test,T2,36.88,31.578207
test,T2,36.953815,31.814253
test,T2,37.138817,31.73366
test,T2,37.25,31.620283
test,T2,37.25,32.601616
test,T2,37.25,32.642273
test,T2,37.25,32.503426
test,T2,37.25,32.36518
test,T2,37.25,32.46734
test,T2,37.25,32.810467
test,T2,37.004,32.782852
test,T2,36.389,32.33265
test,T2,36.02,31.999174
test,T2,36.02,31.848494
test,T2,36.02,32.086548
test,T2,36.02,33.57028
test,T2,36.02,32.335613
test,T2,36.02,32.7288
test,T2,36.02,31.950735
test,T2,36.016,31.914194
test,T2,36.006,32.04361
test,T2,36.0,31.922712
test,T2,36.0,31.543488
test,T2,36.0,31.900255
test,T2,36.0,31.923254
test,T2,36.0,31.40567
test,T2,36.0,31.903795
test,T2,36.0,32.317154
test,T2,36.364,32.604366
test,T2,37.274,32.14944
test,T2,37.82,32.20478
test,T2,37.82,32.78624
test,T2,37.82,32.371506
test,T2,37.82,31.383701
test,T2,37.82,31.832434
test,T2,37.82,32.507298
test,T2,37.82,31.776697
test,T2,37.915524,32.032963
test,T2,38.155525,32.31961
test,T2,38.3,32.028873
test,T2,38.3,32.23299
test,T2,38.3,32.009613
test,T2,38.3,32.437675
test,T2,38.3,32.47559
test,T2,38.3,31.753103
test,T2,38.3,32.00847
test,T2,38.036,32.108704
test,T2,37.376,31.634312
test,T2,36.98,32.252903
test,T2,36.98,32.165802
test,T2,36.98,32.344387
test,T2,36.98,31.940565
test,T2,36.98,31.634905
test,T2,36.98,31.49636
test,T2,36.98,31.157366
test,T2,36.84,30.941236
test,T2,36.49,31.254095
test,T2,36.28,31.071104
test,T2,36.28,31.51079
test,T2,36.28,30.956938
test,T2,36.28,31.506655
test,T2,36.28,31.510368
test,T2,36.28,31.521215
test,T2,36.28,32.21517
test,T2,36.499,31.540207
test,T2,36.864,31.351076
test,T2,37.01,31.418608
test,T2,37.01,31.188131
test,T2,37.01,31.074162
test,T2,37.01,30.819921
test,T2,37.01,31.030172
test,T2,37.01,30.965055
test,T2,36.980076,31.519035
test,T2,36.905075,31.578442
test,T2,36.86,30.937359
test,T2,36.86,31.658632
test,T2,36.86,30.822918
test,T2,36.86,31.076162
test,T2,36.86,31.138191
test,T2,36.86,31.473057
test,T2,36.86,31.33748
test,T2,36.869976,30.988451
test,T2,36.894974,30.92438
test,T2,36.91,31.16876
test,T2,36.91,30.60915
test,T2,36.91,30.71551
test,T2,36.91,31.097658
test,T2,36.91,30.833227
test,T2,36.91,31.810556
test,T2,36.91,31.222221
test,T2,36.812,31.3029
test,T2,36.567,31.659626
test,T2,36.42,31.384579
test,T2,36.42,31.254686
test,T2,36.42,31.15894
test,T2,36.42,31.341478
test,T2,36.42,31.243776
test,T2,36.42,31.367079
test,T2,36.42,31.276882
test,T2,36.344,31.246605
test,T2,36.154,31.594635
test,T2,36.04,31.513796
test,T2,36.04,30.972956
test,T2,36.04,31.784159
test,T2,36.04,31.003832
test,T2,36.04,30.825766
test,T2,36.04,30.742105
test,T2,36.04,31.007378
test,T2,35.954,31.503622
test,T2,35.739,31.755169
test,T2,35.61,30.796673
test,T2,35.61,31.213022
test,T2,35.61,31.38814
test,T2,35.61,31.428572
test,T2,35.61,31.43133
test,T2,35.61,31.61801
test,T2,35.61,31.918049
test,T2,35.041412,31.8972
test,T2,33.61641,31.40999
test,T2,32.76,31.99192
test,T2,32.76,32.008774
test,T2,32.76,32.129887
test,T2,32.76,31.540834
test,T2,32.76,31.644417
test,T2,32.76,31.361586
test,T2,32.76,31.173807
test,T2,32.448,31.210127
test,T2,31.668,31.195452
test,T2,31.2,31.729486
test,T2,31.2,31.995
test,T2,31.2,32.106735
test,T2,31.2,32.326427
test,T2,31.2,32.193317
test,T2,31.2,32.3703
test,T2,31.2,31.552158
test,T2,31.478,32.084354
test,T2,32.173,32.120003
test,T2,32.59,31.33928
test,T2,32.59,32.508762
test,T2,32.59,31.824646
test,T2,32.59,31.478823
test,T2,32.59,31.958584
test,T2,32.59,31.966398
test,T2,32.59,32.139477
test,T2,32.914,31.717558
test,T2,33.724,31.839865
test,T2,34.21,31.4075
test,T2,34.21,31.604752
test,T2,34.21,31.454176
test,T2,34.21,31.14286
test,T2,34.21,31.75706
test,T2,34.21,31.957159
test,T2,34.21,31.74944
test,T2,34.473347,31.430182
test,T2,35.133347,31.623127
test,T2,35.53,31.493982
test,T2,35.53,31.301716
test,T2,35.53,31.705378
test,T2,35.53,31.555073
test,T2,35.53,32.121563
test,T2,35.53,31.942501
test,T2,35.53,32.152718
test,T2,35.528,31.848299
test,T2,35.523,31.544096
test,T2,35.52,31.91521
test,T2,35.52,32.03238
test,T2,35.52,32.081627
test,T2,35.52,32.030052
test,T2,35.52,32.714966
test,T2,35.52,32.023006
test,T2,35.52,31.892551
test,T2,35.52,32.000866
test,T2,35.52,31.713795
test,T2,35.52,32.427353
test,T2,35.52,32.16159
test,T2,35.52,31.876194
test,T2,35.52,31.846306
test,T2,35.52,31.79247
test,T2,35.52,31.855215
test,T2,35.52,31.995255
test,T2,35.577854,31.731573
test,T2,35.722855,31.505327
test,T2,35.81,31.931223
test,T2,35.81,32.18814
test,T2,35.81,32.095634
test,T2,35.81,32.438274
test,T2,35.81,32.256363
test,T2,35.81,32.10912
test,T2,35.81,31.645391
test,T2,35.582565,32.567833
test,T2,35.012566,32.175503
test,T2,34.67,31.809187
test,T2,34.67,31.903109
test,T2,34.67,31.968483
test,T2,34.67,31.659561
test,T2,34.67,31.689285
test,T2,34.67,31.929365
test,T2,34.67,31.778765
test,T2,34.83758,31.880522
test,T2,35.25758,31.930643
test,T2,35.51,32.302814
test,T2,35.51,31.099329
test,T2,35.51,31.408585
test,T2,35.51,31.600992
test,T2,35.51,31.371632
test,T2,35.51,31.52741
test,T2,35.51,31.856823
test,T2,35.514,31.654678
test,T2,35.524,31.544016
test,T2,35.53,31.467272
test,T2,35.53,31.239431
test,T2,35.53,31.754011
test,T2,35.53,30.712929
test,T2,35.53,31.407892
test,T2,35.53,31.588905
test,T2,35.53,31.510588
test,T2,35.862,31.448284
test,T2,36.692,31.158945
test,T2,37.19,30.877012
test,T2,37.19,30.821747
test,T2,37.19,30.88163
test,T2,37.19,30.992159
test,T2,37.19,30.951399
test,T2,37.19,31.01913
test,T2,37.19,31.577236
test,T2,37.02,31.326237
test,T2,36.595,31.470945
test,T2,36.34,31.252066
test,T2,36.34,31.13122
test,T2,36.34,31.32
test,T2,36.34,31.416945
test,T2,36.34,31.867872
test,T2,36.34,30.770348
test,T2,36.34,31.44076
test,T2,36.22,31.235987
test,T2,35.92,31.303595
test,T2,35.74,31.492235
test,T2,35.74,30.917902
test,T2,35.74,31.27679
test,T2,35.74,31.544796
test,T2,35.74,31.284552
test,T2,35.74,30.912394
test,T2,35.74,31.235264
test,T2,35.816,30.81727
test,T2,36.006,31.44435
test,T2,36.12,31.626137
test,T2,36.12,31.495764
test,T2,36.12,31.138832
test,T2,36.12,31.244633
test,T2,36.12,30.944628
test,T2,36.12,30.862825
test,T2,36.12,32.076225
test,T2,36.012,31.267473
test,T2,35.742,31.018843
test,T2,35.58,31.753187
test,T2,35.58,30.716486
test,T2,35.58,30.961905
test,T2,35.58,31.140457
test,T2,35.58,31.31936
test,T2,35.58,31.424006
test,T2,35.58,31.650194
test,T2,35.759556,31.659359
test,T2,36.209553,31.650455
test,T2,36.48,30.938387
test,T2,36.48,31.020044
test,T2,36.48,31.33159
test,T2,36.48,31.280802
test,T2,36.48,31.218676
test,T2,36.48,31.408476
test,T2,36.48,31.411568
test,T2,36.488,31.408453
test,T2,36.508,31.35499
test,T2,36.52,31.174543
test,T2,36.52,31.36143
test,T2,36.52,31.475134
test,T2,36.52,31.42251
test,T2,36.52,31.068865
test,T2,36.52,31.237402
test,T2,36.52,31.484478
test,T2,36.518,31.112513
test,T2,36.513,31.693766
test,T2,36.51,31.322603
test,T2,36.51,31.203901
test,T2,36.51,31.62415
test,T2,36.51,31.71704
test,T2,36.51,31.814009
test,T2,36.51,31.09429
test,T2,36.51,31.438213
test,T2,36.631695,31.313051
test,T2,36.936695,31.74547
test,T2,37.12,31.782263
test,T2,37.12,31.349733
test,T2,37.12,31.372938
test,T2,37.12,31.469046
test,T2,37.12,31.396727
test,T2,37.12,31.297144
test,T2,37.12,31.322931
test,T2,37.096058,31.441034
test,T2,37.03606,30.963402
test,T2,37.0,31.50453
test,T2,37.0,31.46132
test,T2,37.0,31.59186
test,T2,37.0,31.503489
test,T2,37.0,31.886778
test,T2,37.0,32.332203
test,T2,37.0,32.84769
test,T2,36.83441,33.02755
test,T2,36.41941,32.587845
test,T2,36.17,33.21911
test,T2,36.17,32.95309
test,T2,36.17,33.156155
test,T2,36.17,33.01095
test,T2,36.17,32.354
test,T2,36.17,32.522633
test,T2,36.17,32.469482
test,T2,35.98,32.892838
test,T2,35.505,33.371475
test,T2,35.22,33.172073
test,T2,35.22,32.823822
test,T2,35.22,33.12057
test,T2,35.22,33.15972
test,T2,35.22,32.860165
test,T2,35.22,32.400703
test,T2,35.22,32.45906
test,T2,35.146,31.719587
test,T2,34.961,31.745417
test,T2,34.85,31.653696
test,T2,34.85,31.65863
test,T2,34.85,31.727365
test,T2,34.85,31.099659
test,T2,34.85,31.481096
test,T2,34.85,31.32047
test,T2,34.85,31.007051
test,T2,34.832,31.161648
test,T2,34.787,31.764988
test,T2,34.76,31.610804
test,T2,34.76,31.390718
test,T2,34.76,31.531126
test,T2,34.76,31.21736
test,T2,34.76,31.301613
test,T2,34.76,31.062117
test,T2,34.76,31.266975
test,T2,34.746,31.630339
test,T2,34.711,31.388502
test,T2,34.69,31.504755
test,T2,34.69,31.6766
test,T2,34.69,31.509512
test,T2,34.69,31.58031
test,T2,34.69,31.03871
test,T2,34.69,31.541183
test,T2,34.69,31.343534
test,T2,34.739876,31.17237
test,T2,34.864876,31.35166
test,T2,34.94,31.440222
test,T2,34.94,31.37792
test,T2,34.94,31.318909
test,T2,34.94,31.031717
test,T2,34.94,31.544754
test,T2,34.94,31.682907
test,T2,34.94,31.174091
test,T2,34.644,31.194233
test,T2,33.904,31.24996
test,T2,33.46,31.08732
test,T2,33.46,31.143541
test,T2,33.46,30.996523
test,T2,33.46,31.107489
test,T2,33.46,31.049719
test,T2,33.46,31.911829
test,T2,33.46,31.150888
test,T2,33.266483,31.274887
test,T2,32.781487,31.345842
test,T2,32.49,31.111656
test,T2,32.49,31.42797
test,T2,32.49,31.087786
test,T2,32.49,31.518497
test,T2,32.49,31.288883
test,T2,32.49,31.736252
test,T2,32.49,31.516878
test,T2,32.432,31.398071
test,T2,32.287,31.336178
test,T2,32.2,31.525398
test,T2,32.2,31.43862
test,T2,32.2,31.429964
test,T2,32.2,31.352188
test,T2,32.2,31.92811
test,T2,32.2,31.418503
test,T2,32.2,31.550547
test,T2,32.27182,31.897556
test,T2,32.45182,31.339657
test,T2,32.56,31.536898
test,T2,32.56,31.390207
test,T2,32.56,31.15507
test,T2,32.56,31.397245
test,T2,32.56,31.338663
test,T2,32.56,31.40629
test,T2,32.56,31.12039
test,T2,32.701645,31.569326
test,T2,33.056644,31.516424
test,T2,33.27,31.05299
test,T2,33.27,31.117973
test,T2,33.27,31.2692
test,T2,33.27,31.309858
test,T2,33.27,31.198927
test,T2,33.27,31.313742
test,T2,33.27,31.749971
test,T2,33.274,31.584227
test,T2,33.284,31.207117
test,T2,33.29,31.480825
test,T2,33.29,31.373152
test,T2,33.29,31.49491
test,T2,33.29,30.975344
test,T2,33.29,31.66353
test,T2,33.29,31.211124
test,T2,33.29,31.143583
test,T2,33.43,31.44854
test,T2,33.78,31.401583
test,T2,33.99,31.514435
test,T2,33.99,31.314003
test,T2,33.99,31.238718
test,T2,33.99,31.345715
test,T2,33.99,31.566683
test,T2,33.99,31.193008
test,T2,33.99,31.242254
test,T2,34.056,31.396748
test,T2,34.221,31.239267
test,T2,34.32,31.42866
test,T2,34.32,31.615198
test,T2,34.32,31.509731
test,T2,34.32,31.37992
test,T2,34.32,31.085573
test,T2,34.32,31.315765
test,T2,34.32,31.343792
test,T2,34.316,31.28024
test,T2,34.306,31.308067
test,T2,34.3,31.399788
test,T2,34.3,31.583134
test,T2,34.3,31.311897
test,T2,34.3,31.526012
test,T2,34.3,31.414118
test,T2,34.3,30.893993
test,T2,34.3,31.554281
test,T2,34.416,31.280722
test,T2,34.706,31.362642
test,T2,34.88,31.404072
test,T2,34.88,31.09287
test,T2,34.88,31.216127
test,T2,34.88,31.045801
test,T2,34.88,30.967062
test,T2,34.88,31.332935
test,T2,34.88,30.942999
test,T2,34.728,31.466967
test,T2,34.348,31.366018
test,T2,34.12,31.289175
test,T2,34.12,30.954067
test,T2,34.12,31.155611
test,T2,34.12,31.06698
test,T2,34.12,30.991625
test,T2,34.12,31.244593
test,T2,34.12,31.372883
test,T2,34.278,31.658403
test,T2,34.673,31.450144
test,T2,34.91,31.58647
test,T2,34.91,30.96714
test,T2,34.91,31.585241
test,T2,34.91,31.409075
test,T2,34.91,31.0772
test,T2,34.91,31.472244
test,T2,34.91,31.802612
test,T2,35.016,31.171522
test,T2,35.281,31.381899
test,T2,35.44,31.528986
test,T2,35.44,31.630188
test,T2,35.44,31.451767
test,T2,35.44,31.662394
test,T2,35.44,31.271824
test,T2,35.44,31.976885
test,T2,35.44,31.433332
test,T2,35.61,31.327208
test,T2,36.035,31.201323
test,T2,36.29,31.26378
test,T2,36.29,31.419077
test,T2,36.29,31.280882
test,T2,36.29,31.263138
test,T2,36.29,31.330132
test,T2,36.29,31.247614
test,T2,36.29,31.298489
test,T2,36.356,31.150501
test,T2,36.521,31.411285
test,T2,36.62,31.481874
test,T2,36.62,31.267754
test,T2,36.62,31.07541
test,T2,36.62,30.9407
test,T2,36.62,30.999086
test,T2,36.62,30.743341
test,T2,36.62,30.506117
test,T2,36.518,30.917015
test,T2,36.263,31.347721
test,T2,36.11,30.917236
test,T2,36.11,31.027401
test,T2,36.11,31.210634
test,T2,36.11,31.576498
test,T2,36.11,31.665977
test,T2,36.11,31.437809
test,T2,36.11,31.031277
test,T2,35.976,31.209139
test,T2,35.641,30.95664
test,T2,35.44,31.17929
test,T2,35.44,31.087576
test,T2,35.44,31.239592
test,T2,35.44,31.225328
test,T2,35.44,31.089361
test,T2,35.44,31.05081
test,T2,35.44,31.256607
test,T2,35.37616,31.2296
test,T2,35.21616,31.090384
test,T2,35.12,31.313608
test,T2,35.12,31.437866
test,T2,35.12,31.33586
test,T2,35.12,31.459785
test,T2,35.12,31.06865
test,T2,35.12,31.107168
test,T2,35.12,31.30268
test,T2,35.110023,31.192553
test,T2,35.085026,31.546843
test,T2,35.07,31.82341
test,T2,35.07,31.47476
test,T2,35.07,31.637638
test,T2,35.07,30.984957
test,T2,35.07,31.95648
test,T2,35.07,31.216656
test,T2,35.07,30.920595
test,T2,35.13384,31.245766
test,T2,35.29384,31.454443
test,T2,35.39,31.381302
test,T2,35.39,31.444658
test,T2,35.39,31.421001
test,T2,35.39,31.051489
test,T2,35.39,31.199598
test,T2,35.39,31.250132
test,T2,35.39,31.395988
test,T2,35.342,31.4242
test,T2,35.222,31.058657
test,T2,35.15,31.096994
test,T2,35.15,31.25075
test,T2,35.15,31.282835
test,T2,35.15,31.013762
test,T2,35.15,31.196703
test,T2,35.15,31.290916
test,T2,35.15,31.402357
test,T2,35.174,31.341757
test,T2,35.234,31.816423
test,T2,35.27,31.659077
test,T2,35.27,31.479292
test,T2,35.27,31.779673
test,T2,35.27,31.403059
test,T2,35.27,31.906391
test,T2,35.27,31.711054
test,T2,35.27,31.599215
test,T2,35.226,32.259064
test,T2,35.116,31.740313
test,T2,35.05,31.664843
test,T2,35.05,32.006775
test,T2,35.05,31.487999
test,T2,35.05,31.650503
test,T2,35.05,31.9057
test,T2,35.05,31.698914
test,T2,35.05,32.04998
test,T2,35.036034,32.01717
test,T2,35.001034,32.176113
test,T2,34.98,32.216675
test,T2,34.98,31.848083
test,T2,34.98,32.08569
test,T2,34.98,31.682901
test,T2,34.98,31.801102
test,T2,34.98,31.573164
test,T2,34.98,31.321905
test,T2,35.09372,31.506006
test,T2,35.37872,31.773443
test,T2,35.55,31.713795
test,T2,35.55,31.849642
test,T2,35.55,31.867725
test,T2,35.55,31.265402
test,T2,35.55,31.835073
test,T2,35.55,31.548038
test,T2,35.55,31.773493
test,T2,35.5101,32.106808
test,T2,35.4101,32.53753
test,T2,35.35,31.862295
test,T2,35.35,31.97142
test,T2,35.35,31.546276
test,T2,35.35,31.792
test,T2,35.35,31.728916
test,T2,35.35,31.3458
test,T2,35.35,31.426626
test,T2,35.256,31.440779
test,T2,35.021,31.387096
test,T2,34.88,31.754148
test,T2,34.88,31.722448
test,T2,34.88,31.418697
test,T2,34.88,31.000196
test,T2,34.88,31.566622
test,T2,34.88,31.278933
test,T2,34.88,31.0678
test,T2,34.796,31.251516
test,T2,34.586,31.439161
test,T2,34.46,31.331537
test,T2,34.46,31.273388
test,T2,34.46,31.19403
test,T2,34.46,31.461
test,T2,34.46,31.489922
test,T2,34.46,31.262232
test,T2,34.46,31.980967
test,T2,34.392,31.275536
test,T2,34.222,31.293058
test,T2,34.12,31.303413
test,T2,34.12,31.757582
test,T2,34.12,31.679956
test,T2,34.12,31.625467
test,T2,34.12,30.99007
test,T2,34.12,31.634441
test,T2,34.12,31.763239
test,T2,34.166,31.154758
test,T2,34.281,31.307665
test,T2,34.35,31.833124
test,T2,34.35,31.94165
test,T2,34.35,31.653095
test,T2,34.35,31.662483
test,T2,34.35,32.480556
test,T2,34.35,31.285608
test,T2,34.35,31.118391
test,T2,34.40586,31.655489
test,T2,34.54586,32.242302
test,T2,34.63,31.883541
test,T2,34.63,31.791288
test,T2,34.63,32.000816
test,T2,34.63,31.999971
test,T2,34.63,32.019432
test,T2,34.63,32.18132
test,T2,34.63,31.627298
test,T2,34.666,31.986822
test,T2,34.756,31.811836
test,T2,34.81,31.787819
test,T2,34.81,31.737555
test,T2,34.81,31.920732
test,T2,34.81,31.798254
test,T2,34.81,31.732172
test,T2,34.81,31.407187
test,T2,34.81,31.740088
test,T2,34.878,31.888575
test,T2,35.048,31.927813
test,T2,35.15,31.868752
test,T2,35.15,31.633352
test,T2,35.15,31.710516
test,T2,35.15,31.947214
test,T2,35.15,32.55725
test,T2,35.15,31.604553
test,T2,35.15,31.682825
test,T2,35.21384,32.49623
test,T2,35.37384,31.761755
test,T2,35.47,31.625162
test,T2,35.47,31.856083
test,T2,35.47,31.87919
test,T2,35.47,31.62992
test,T2,35.47,31.633907
test,T2,35.47,31.354465
test,T2,35.47,31.84575
test,T2,35.534,31.47592
test,T2,35.694,31.504316
test,T2,35.79,31.714705
test,T2,35.79,31.455084
test,T2,35.79,31.586073
test,T2,35.79,31.333681
test,T2,35.79,31.331715
test,T2,35.79,31.50895
test,T2,35.79,31.236135
test,T2,35.866,31.290415
test,T2,36.056,30.887041
test,T2,36.17,30.91711
test,T2,36.17,30.971617
test,T2,36.17,30.878365
test,T2,36.17,31.197546
test,T2,36.17,31.558985
test,T2,36.17,31.212093
test,T2,36.17,31.169676
test,T2,36.09818,31.349417
test,T2,35.91818,31.29741
test,T2,35.81,31.279024
test,T2,35.81,31.273739
test,T2,35.81,31.402811
test,T2,35.81,31.045826
test,T2,35.81,31.40904
test,T2,35.81,31.565708
test,T2,35.81,31.220224
test,T2,35.808006,31.624393
test,T2,35.803005,31.123741
test,T2,35.8,31.453709
test,T2,35.8,31.590086
test,T2,35.8,31.851658
test,T2,35.8,31.640455
test,T2,35.8,31.006563
test,T2,35.8,31.402214
test,T2,35.8,31.074606
test,T2,35.656,31.02787
test,T2,35.296,31.23417
test,T2,35.08,30.51706
test,T2,35.08,31.020529
test,T2,35.08,31.898144
test,T2,35.08,31.865452
test,T2,35.08,31.15457
test,T2,35.08,31.186886
test,T2,35.08,31.381397
test,T2,35.188,31.801828
test,T2,35.458,31.813608
test,T2,35.62,31.52246
test,T2,35.62,31.443098
test,T2,35.62,31.177498
test,T2,35.62,31.17456
test,T2,35.62,31.843178
test,T2,35.62,31.466942
test,T2,35.62,30.948458
test,T2,35.612,31.388899
test,T2,35.592,31.474222
test,T2,35.58,31.53174
test,T2,35.58,31.323332
test,T2,35.58,31.319914
test,T2,35.58,31.515837
test,T2,35.58,31.738997
test,T2,35.58,31.33743
test,T2,35.58,31.238934
test,T2,35.648,31.444326
test,T2,35.818,31.006567
test,T2,35.92,31.107527
test,T2,35.92,31.397985
test,T2,35.92,31.31377
test,T2,35.92,31.46897
test,T2,35.92,31.364786
test,T2,35.92,31.58198
test,T2,35.92,31.680882
test,T2,35.928,31.210583
test,T2,35.948,31.099321
test,T2,35.96,31.463295
test,T2,35.96,31.032755
test,T2,35.96,31.559582
test,T2,35.96,31.067438
test,T2,35.96,31.223066
test,T2,35.96,31.174572
test,T2,35.96,31.400198
test,T2,36.094,31.234299
test,T2,36.429,31.110674
test,T2,36.63,31.037325
test,T2,36.63,31.426409
test,T2,36.63,31.698374
test,T2,36.63,30.82257
test,T2,36.63,31.21069
test,T2,36.63,31.654676
test,T2,36.63,31.593914
test,T2,36.584,31.83349
test,T2,36.469,30.909624
test,T2,36.4,31.162062
test,T2,36.4,31.360186
test,T2,36.4,31.003616
test,T2,36.4,31.017523
test,T2,36.4,30.839808
test,T2,36.4,31.186798
test,T2,36.4,31.151197
test,T2,36.272,31.13223
test,T2,35.952,30.72402
test,T2,35.76,31.135218
test,T2,35.76,31.24283
test,T2,35.76,31.360855
test,T2,35.76,31.14554
test,T2,35.76,31.592628
test,T2,35.76,31.166708
test,T2,35.76,31.466835
test,T2,35.61835,31.834385
test,T2,35.26335,31.075201
test,T2,35.05,31.196787
test,T2,35.05,31.228441
test,T2,35.05,31.241293
test,T2,35.05,31.433231
test,T2,35.05,31.155254
test,T2,35.05,31.702164
test,T2,35.05,31.379995
test,T2,34.96,31.483612
test,T2,34.735,31.193266
test,T2,34.6,31.343023
test,T2,34.6,31.462177
test,T2,34.6,31.359379
test,T2,34.6,31.318346
test,T2,34.6,31.46926
test,T2,34.6,31.739054
test,T2,34.6,31.412386
test,T2,34.35661,31.959852
test,T2,33.74661,31.984457
test,T2,33.38,32.506577
test,T2,33.38,32.035156
test,T2,33.38,32.037537
test,T2,33.38,32.21525
test,T2,33.38,31.98735
test,T2,33.38,32.077827
test,T2,33.38,32.26909
test,T2,33.356,32.22641
test,T2,33.296,32.422836
test,T2,33.26,32.213844
test,T2,33.26,32.58756
test,T2,33.26,31.747099
test,T2,33.26,32.004425
test,T2,33.26,32.260437
test,T2,33.26,31.897215
test,T2,33.26,32.087345
test,T2,33.326,32.161453
test,T2,33.491,32.57094
test,T2,33.59,32.002625
test,T2,33.59,32.548206
test,T2,33.59,31.83515
test,T2,33.59,32.264915
test,T2,33.59,32.277576
test,T2,33.59,32.37143
test,T2,33.59,31.80334
test,T2,33.574,32.61238
test,T2,33.534,32.199272
test,T2,33.51,32.260666
test,T2,33.51,32.249454
test,T2,33.51,32.32292
test,T2,33.51,32.619667
test,T2,33.51,31.824196
test,T2,33.51,32.327377
test,T2,33.51,32.276573
test,T2,33.58182,32.243996
test,T2,33.76182,32.484283
test,T2,33.87,32.245895
test,T2,33.87,31.961756
test,T2,33.87,32.55772
test,T2,33.87,32.21798
test,T2,33.87,32.15785
test,T2,33.87,32.44015
test,T2,33.87,32.53263
test,T2,33.716,31.705246
test,T2,33.331,31.825317
test,T2,33.1,32.105312
test,T2,33.1,32.64414
test,T2,33.1,32.60308
test,T2,33.1,32.426193
test,T2,33.1,32.634907
test,T2,33.1,32.40526
test,T2,33.1,32.349197
test,T2,32.914467,32.787228
test,T2,32.449467,31.997692
test,T2,32.17,32.37594
test,T2,32.17,32.22726
test,T2,32.17,32.399372
test,T2,32.17,32.18042
test,T2,32.17,31.916628
test,T2,32.17,31.850416
test,T2,32.17,32.633423
test,T2,32.14,31.84303
test,T2,32.065,32.138176
test,T2,32.02,31.869257
test,T2,32.02,32.19339
test,T2,32.02,31.995329
test,T2,32.02,32.0466
test,T2,32.02,32.241547
test,T2,32.02,31.74676
test,T2,32.02,31.888803
test,T2,32.006,31.936666
test,T2,31.971,31.446012
test,T2,31.95,31.787008
test,T2,31.95,31.622316
test,T2,31.95,31.71596
test,T2,31.95,31.528543
test,T2,31.95,31.693457
test,T2,31.95,31.399334
test,T2,31.95,31.529968
test,T2,32.006,31.691748
test,T2,32.146,31.112759
test,T2,32.23,31.435326
test,T2,32.23,31.691008
test,T2,32.23,31.709726
test,T2,32.23,31.27661
test,T2,32.23,31.364143
test,T2,32.23,31.400724
test,T2,32.23,31.11992
test,T2,32.22202,31.42685
test,T2,32.20202,31.265867
test,T2,32.19,31.114618
test,T2,32.19,31.264627
test,T2,32.19,31.45063
test,T2,32.19,31.655945
test,T2,32.19,31.46359
test,T2,32.19,31.554796
test,T2,32.19,31.46146
test,T2,32.19,31.121641
test,T2,32.19,31.214502
test,T2,32.19,31.31935
test,T2,32.19,31.432177
test,T2,32.19,31.546015
test,T2,32.19,31.21055
test,T2,32.19,31.4695
test,T2,32.19,31.286547
test,T2,32.19,31.143301
test,T2,32.09424,31.300833
test,T2,31.854239,31.49763
test,T2,31.71,31.334898
test,T2,31.71,31.424452
test,T2,31.71,31.255213
test,T2,31.71,30.78903
test,T2,31.71,30.984545
test,T2,31.71,31.016909
test,T2,31.71,31.566883
test,T2,31.618,31.373669
test,T2,31.388,31.03988
test,T2,31.25,31.392162
test,T2,31.25,31.661596
test,T2,31.25,31.187021
test,T2,31.25,31.2865
test,T2,31.25,31.461058
test,T2,31.25,31.365229
test,T2,31.25,31.52234
test,T2,31.426,31.390968
test,T2,31.866,31.333424
test,T2,32.13,31.728834
test,T2,32.13,31.372217
test,T2,32.13,31.450657
test,T2,32.13,31.3714
test,T2,32.13,31.515797
test,T2,32.13,31.726631
test,T2,32.13,32.147995
test,T2,32.351444,31.61958
test,T2,32.906445,31.18115
test,T2,33.24,31.29193
test,T2,33.24,31.348442
test,T2,33.24,31.213572
test,T2,33.24,31.232492
test,T2,33.24,31.537409
test,T2,33.24,31.36775
test,T2,33.24,31.706902
test,T2,33.354,31.423365
test,T2,33.639,31.227085
test,T2,33.81,31.250444
test,T2,33.81,31.826597
test,T2,33.81,31.44607
test,T2,33.81,30.995945
test,T2,33.81,31.361456
test,T2,33.81,31.34538
test,T2,33.81,31.13855
test,T2,33.994,31.369093
test,T2,34.454,31.135695
test,T2,34.73,31.105494
test,T2,34.73,31.87393
test,T2,34.73,31.550282
test,T2,34.73,31.449923
test,T2,34.73,31.211702
test,T2,34.73,31.433798
test,T2,34.73,31.34891
test,T2,34.598328,31.547905
test,T2,34.268326,31.760874
test,T2,34.07,31.33018
test,T2,34.07,31.884321
test,T2,34.07,32.034073
test,T2,34.07,31.673956
test,T2,34.07,31.632051
test,T2,34.07,31.486727
test,T2,34.07,31.919247
test,T2,34.108,31.467505
test,T2,34.203,31.840046
test,T2,34.26,31.448393
test,T2,34.26,31.24839
test,T2,34.26,31.924526
test,T2,34.26,31.980463
test,T2,34.26,32.03478
test,T2,34.26,31.604864
test,T2,34.26,31.895908
test,T2,34.352,31.703836
test,T2,34.582,31.181602
test,T2,34.72,31.356558
test,T2,34.72,31.789652
test,T2,34.72,31.299595
test,T2,34.72,31.369593
test,T2,34.72,31.57807
test,T2,34.72,31.530407
test,T2,34.72,31.68203
test,T2,34.76389,31.857813
test,T2,34.87389,31.534513
test,T2,34.94,31.83846
test,T2,34.94,31.52817
test,T2,34.94,31.387999
test,T2,34.94,31.734241
test,T2,34.94,31.770718
test,T2,34.94,31.33342
test,T2,34.94,31.727785
test,T2,34.98,31.611635
test,T2,35.08,31.527775
test,T2,35.14,31.24013
test,T2,35.14,31.467592
test,T2,35.14,31.106985
test,T2,35.14,31.566359
test,T2,35.14,31.553396
test,T2,35.14,31.546705
test,T2,35.14,31.287815
test,T2,35.138,31.369215
test,T2,35.133,31.46242
test,T2,35.13,31.654676
test,T2,35.13,30.941824
test,T2,35.13,31.624575
test,T2,35.13,31.279226
test,T2,35.13,31.501665
test,T2,35.13,31.29601
test,T2,35.13,31.50014
test,T2,35.166,30.975134
test,T2,35.256,31.538462
test,T2,35.31,31.221966
test,T2,35.31,30.77812
test,T2,35.31,31.177063
test,T2,35.31,30.668394
test,T2,35.31,31.23516
test,T2,35.31,30.83046
test,T2,35.31,31.295904
test,T2,35.302,31.499392
test,T2,35.282,31.765316
test,T2,35.27,31.374739
test,T2,35.27,31.56236
test,T2,35.27,31.140238
test,T2,35.27,31.265078
test,T2,35.27,31.83155
test,T2,35.27,31.475199
test,T2,35.27,31.540247
test,T2,35.352,31.719799
test,T2,35.557,31.599718
test,T2,35.68,31.646658
test,T2,35.68,31.757933
test,T2,35.68,31.703592
test,T2,35.68,31.950914
test,T2,35.68,31.974012
test,T2,35.68,32.741676
test,T2,35.68,32.25317
test,T2,35.848,32.05066
test,T2,36.268,32.119003
test,T2,36.52,31.661285
test,T2,36.52,31.699783
test,T2,36.52,31.710596
test,T2,36.52,31.696568
test,T2,36.52,31.431368
test,T2,36.52,32.17681
test,T2,36.52,31.751041
test,T2,36.591824,31.426382
test,T2,36.77182,31.748945
test,T2,36.88,31.371668
test,T2,36.88,31.868559
test,T2,36.88,31.477896
test,T2,36.88,31.400331
test,T2,36.88,31.498941
test,T2,36.88,31.118214
test,T2,36.88,31.19513
test,T2,36.836,30.861994
test,T2,36.726,31.027708
test,T2,36.66,31.147734
test,T2,36.66,31.331068
test,T2,36.66,30.815176
test,T2,36.66,31.277472
test,T2,36.66,31.053719
test,T2,36.66,30.9434
test,T2,36.66,31.215948
test,T2,36.654,31.022406
test,T2,36.639,30.763147
test,T2,36.63,31.023575
test,T2,36.63,31.124834
test,T2,36.63,31.20782
test,T2,36.63,30.986631
test,T2,36.63,31.041212
test,T2,36.63,31.309055
test,T2,36.63,31.626768
test,T2,36.52,31.317398
test,T2,36.245,31.48234
test,T2,36.08,31.686026
test,T2,36.08,31.714436
test,T2,36.08,32.003674
test,T2,36.08,32.10137
test,T2,36.08,32.321827
test,T2,36.08,32.619495
test,T2,36.08,32.241077
test,T2,35.848,32.26557
test,T2,35.268,32.348835
test,T2,34.92,32.509537
test,T2,34.92,32.47425
test,T2,34.92,32.242336
test,T2,34.92,32.360893
test,T2,34.92,32.363995
test,T2,34.92,32.051556
test,T2,34.92,32.170124
test,T2,34.712,32.122894
test,T2,34.192,32.24284
test,T2,33.88,31.871134
test,T2,33.88,31.585491
test,T2,33.88,31.448225
test,T2,33.88,31.020958
test,T2,33.88,31.272194
test,T2,33.88,31.112915
test,T2,33.88,31.020956
test,T2,33.94,31.631691
test,T2,34.09,31.172056
test,T2,34.18,31.099585
test,T2,34.18,31.423008
test,T2,34.18,31.549402
test,T2,34.18,31.346365
test,T2,34.18,31.39071
test,T2,34.18,31.314861
test,T2,34.18,31.091776
test,T2,34.186,31.186232
test,T2,34.201,31.3958
test,T2,34.21,31.251926
test,T2,34.21,31.311575
test,T2,34.21,31.473433
test,T2,34.21,31.369764
test,T2,34.21,31.324034
test,T2,34.21,31.500402
test,T2,34.21,31.453815
test,T2,34.434,31.302261
test,T2,34.994,31.412004
test,T2,35.33,31.6074
test,T2,35.33,31.06007
test,T2,35.33,31.057615
test,T2,35.33,31.25775
test,T2,35.33,31.43571
test,T2,35.33,31.172655
test,T2,35.33,30.961252
test,T2,35.656,31.426832
test,T2,36.471,31.440252
test,T2,36.96,31.3411
test,T2,36.96,31.326895
test,T2,36.96,31.10052
test,T2,36.96,31.085302
test,T2,36.96,31.357784
test,T2,36.96,31.205076
test,T2,36.96,31.403097
test,T2,37.022,31.269266
test,T2,37.177,31.136038
test,T2,37.27,31.034739
test,T2,37.27,31.3254
test,T2,37.27,31.21897
test,T2,37.27,31.34947
test,T2,37.27,31.297411
test,T2,37.27,31.853601
test,T2,37.27,31.763796
test,T2,37.20217,32.777473
test,T2,37.03217,31.355492
test,T2,36.93,31.549482
test,T2,36.93,31.319128
test,T2,36.93,31.90772
test,T2,36.93,31.997675
test,T2,36.93,31.617186
test,T2,36.93,31.948229
test,T2,36.93,31.8045
test,T2,36.792343,31.820704
test,T2,36.447346,32.057274
test,T2,36.24,32.168236
test,T2,36.24,32.050896
test,T2,36.24,31.751017
test,T2,36.24,32.137184
test,T2,36.24,32.0181
test,T2,36.24,31.364271
test,T2,36.24,31.465044
test,T2,36.142,31.369951
test,T2,35.897,31.458012
test,T2,35.75,31.429033
test,T2,35.75,31.316057
test,T2,35.75,31.403454
test,T2,35.75,31.199738
test,T2,35.75,31.381765
test,T2,35.75,31.052425
test,T2,35.75,31.443455
test,T2,35.72207,30.964668
test,T2,35.65207,31.600191
test,T2,35.61,31.981527
test,T2,35.61,31.160517
test,T2,35.61,30.97587
test,T2,35.61,31.205713
test,T2,35.61,30.865894
test,T2,35.61,31.05219
test,T2,35.61,31.223902
test,T2,35.41249,31.245247
test,T2,34.917492,31.219595
test,T2,34.62,31.24757
test,T2,34.62,31.199934
test,T2,34.62,31.479464
test,T2,34.62,31.618784
test,T2,34.62,31.546995
test,T2,34.62,31.594694
test,T2,34.62,31.78517
test,T2,34.628,31.53131
test,T2,34.648,31.372402
test,T2,34.66,31.539663
test,T2,34.66,31.866356
test,T2,34.66,31.649496
test,T2,34.66,31.366833
test,T2,34.66,31.59031
test,T2,34.66,31.990257
test,T2,34.66,31.961432
test,T2,34.75776,31.841475
test,T2,35.002758,31.804407
test,T2,35.15,31.879648
test,T2,35.15,31.77477
test,T2,35.15,32.083683
test,T2,35.15,31.623827
test,T2,35.15,31.550085
test,T2,35.15,31.848614
test,T2,35.15,31.721006
test,T2,35.204,31.697317
test,T2,35.339,31.498308
test,T2,35.42,31.706882
test,T2,35.42,31.520433
test,T2,35.42,31.483614
test,T2,35.42,31.461533
test,T2,35.42,31.264666
test,T2,35.42,31.431849
test,T2,35.42,31.181017
test,T2,35.326233,31.305298
test,T2,35.091232,31.390848
test,T2,34.95,31.00662
test,T2,34.95,31.038465
test,T2,34.95,31.368593
test,T2,34.95,31.042166
test,T2,34.95,31.35539
test,T2,34.95,31.544855
test,T2,34.95,31.649523
test,T2,35.00985,31.725206
test,T2,35.15985,31.479528
test,T2,35.25,31.409319
test,T2,35.25,31.300701
test,T2,35.25,31.756096
test,T2,35.25,31.834398
test,T2,35.25,32.11263
test,T2,35.25,32.34741
test,T2,35.25,31.920702
test,T2,35.344,31.823326
test,T2,35.579,31.431839
test,T2,35.72,31.494465
test,T2,35.72,31.613201
test,T2,35.72,31.648659
test,T2,35.72,31.705465
test,T2,35.72,31.726446
test,T2,35.72,31.698315
test,T2,35.72,31.721863
test,T2,35.63,31.389181
test,T2,35.405,31.848864
test,T2,35.27,31.741789
test,T2,35.27,31.751406
test,T2,35.27,31.77971
test,T2,35.27,31.502474
test,T2,35.27,31.094763
test,T2,35.27,31.385458
test,T2,35.27,31.277954
test,T2,35.164,31.579782
test,T2,34.899,31.393702
test,T2,34.74,31.379713
test,T2,34.74,30.994923
test,T2,34.74,31.349714
test,T2,34.74,31.06399
test,T2,34.74,30.927088
test,T2,34.74,31.009142
test,T2,34.74,31.16548
test,T2,34.75197,31.447105
test,T2,34.78197,31.572554
test,T2,34.8,31.397795
test,T2,34.8,31.190132
test,T2,34.8,31.032942
test,T2,34.8,30.908968
test,T2,34.8,31.174557
test,T2,34.8,31.23571
test,T2,34.8,31.068155
test,T2,35.03142,31.26628
test,T2,35.61142,31.253185
test,T2,35.96,31.074703
test,T2,35.96,30.984339
test,T2,35.96,31.072615
test,T2,35.96,30.90217
test,T2,35.96,31.432055
test,T2,35.96,31.22481
test,T2,35.96,30.918745
test,T2,35.938,31.07747
test,T2,35.883,31.140945
test,T2,35.85,31.041561
test,T2,35.85,31.286034
test,T2,35.85,31.19953
test,T2,35.85,31.45556
test,T2,35.85,31.237776
test,T2,35.85,31.093954
test,T2,35.85,31.246
test,T2,35.899876,31.290274
test,T2,36.024876,31.486383
test,T2,36.1,31.217287
test,T2,36.1,31.566057
test,T2,36.1,31.171938
test,T2,36.1,31.332626
test,T2,36.1,31.720331
test,T2,36.1,31.30759
test,T2,36.1,31.261131
test,T2,36.032,31.627298
test,T2,35.862,31.387325
test,T2,35.76,31.73734
test,T2,35.76,31.2645
test,T2,35.76,31.525194
test,T2,35.76,31.476938
test,T2,35.76,31.329317
test,T2,35.76,31.189617
test,T2,35.76,31.733107
test,T2,35.868,31.509384
test,T2,36.138,31.872557
test,T2,36.3,31.778976
test,T2,36.3,31.825998
test,T2,36.3,31.40398
test,T2,36.3,31.780247
test,T2,36.3,31.458086
test,T2,36.3,32.126686
test,T2,36.3,32.06803
test,T2,36.23,31.546942
test,T2,36.055,31.983366
test,T2,35.95,31.569557
test,T2,35.95,31.444843
test,T2,35.95,31.66741
test,T2,35.95,31.95935
test,T2,35.95,31.472776
test,T2,35.95,31.320402
test,T2,35.95,31.864616
test,T2,36.0295,31.771929
test,T2,36.2945,31.740396
test,T2,36.48,31.749285
test,T2,36.48,32.14086
test,T2,36.48,31.598478
test,T2,36.48,31.073034
test,T2,36.48,31.263283
test,T2,36.48,31.41416
test,T2,36.48,31.375443
test,T2,36.556,31.638401
test,T2,36.746,31.36192
test,T2,36.86,31.520025
test,T2,36.86,31.67665
test,T2,36.86,31.10502
test,T2,36.86,31.636564
test,T2,36.86,32.103096
test,T2,36.86,31.49761
test,T2,36.86,31.875021
test,T2,37.002,31.448427
test,T2,37.357,31.377165
test,T2,37.57,32.01276
test,T2,37.57,31.299417
test,T2,37.57,31.369717
test,T2,37.57,31.46055
test,T2,37.57,31.536877
test,T2,37.57,31.375368
test,T2,37.57,31.109022
test,T2,37.26875,31.262114
test,T2,36.51375,31.385212
test,T2,36.06,31.39769
test,T2,36.06,31.00871
test,T2,36.06,30.924887
test,T2,36.06,31.184893
test,T2,36.06,31.071304
test,T2,36.06,31.55506
test,T2,36.06,31.968212
test,T2,36.022095,31.566011
test,T2,35.927094,31.350227
test,T2,35.87,31.206213
test,T2,35.87,31.411474
test,T2,35.87,31.644331
test,T2,35.87,31.468517
test,T2,35.87,31.450533
test,T2,35.87,31.228315
test,T2,35.87,31.058672
test,T2,35.888,31.498491
test,T2,35.933,31.435787
test,T2,35.96,31.808382
test,T2,35.96,31.458265
test,T2,35.96,31.586775
test,T2,35.96,31.31502
test,T2,35.96,31.658941
test,T2,35.96,31.608582
test,T2,35.96,31.635939
test,T2,35.896,31.978718
test,T2,35.736,32.086304
test,T2,35.64,31.991886
test,T2,35.64,31.965963
test,T2,35.64,31.879053
test,T2,35.64,31.998718
test,T2,35.64,31.628721
test,T2,35.64,31.867292
test,T2,35.64,32.192585
test,T2,35.62803,31.369272
test,T2,35.59803,32.17193
test,T2,35.58,31.932453
test,T2,35.58,32.22774
test,T2,35.58,31.95941
test,T2,35.58,32.016266
test,T2,35.58,31.764137
test,T2,35.58,31.61247
test,T2,35.58,31.967579
test,T2,35.538,31.84167
test,T2,35.433,31.71356
test,T2,35.37,31.854248
test,T2,35.37,31.533876
test,T2,35.37,31.425758
test,T2,35.37,31.528408
test,T2,35.37,31.189129
test,T2,35.37,31.318542
test,T2,35.37,31.207071
test,T2,35.511646,31.56516
test,T2,35.866646,31.171415
test,T2,36.08,31.118536
test,T2,36.08,31.200455
test,T2,36.08,31.315199
test,T2,36.08,31.213787
test,T2,36.08,31.052505
test,T2,36.08,31.376745
test,T2,36.08,31.27317
test,T2,36.192,31.248005
test,T2,36.472,31.653702
test,T2,36.64,31.126402
test,T2,36.64,31.14783
test,T2,36.64,31.093353
test,T2,36.64,31.180433
test,T2,36.64,31.132801
test,T2,36.64,31.384184
test,T2,36.64,31.279413
test,T2,36.56,31.004343
test,T2,36.36,31.198328
test,T2,36.24,30.99214
test,T2,36.24,31.61039
test,T2,36.24,31.766346
test,T2,36.24,31.307886
test,T2,36.24,31.099285
test,T2,36.24,31.032621
test,T2,36.24,31.321215
test,T2,36.337753,30.840464
test,T2,36.582756,30.905828
test,T2,36.73,30.898815
test,T2,36.73,30.871183
test,T2,36.73,31.171774
test,T2,36.73,30.769014
test,T2,36.73,31.10724
test,T2,36.73,31.429827
test,T2,36.73,31.116743
test,T2,36.35892,31.171648
test,T2,35.42892,31.462782
test,T2,34.87,31.779285
test,T2,34.87,31.79582
test,T2,34.87,31.289215
test,T2,34.87,31.842638
test,T2,34.87,31.714054
test,T2,34.87,31.94117
test,T2,34.87,31.54189
test,T2,34.91,31.779753
test,T2,35.01,31.33975
test,T2,35.07,31.135069
test,T2,35.07,31.226187
test,T2,35.07,30.868202
test,T2,35.07,31.158632
test,T2,35.07,30.992395
test,T2,35.07,31.33108
test,T2,35.07,31.422243
test,T2,34.78,31.5829
test,T2,34.055,31.738615
test,T2,33.62,32.134315
test,T2,33.62,31.855919
test,T2,33.62,32.14222
test,T2,33.62,32.165756
test,T2,33.62,31.921059
test,T2,33.62,32.04022
test,T2,33.62,31.747168
test,T2,33.51,31.666346
test,T2,33.235,32.10043
test,T2,33.07,32.292
test,T2,33.07,32.59144
test,T2,33.07,32.271675
test,T2,33.07,31.788527
test,T2,33.07,31.74657
test,T2,33.07,31.920595
test,T2,33.07,31.81615
test,T2,32.914387,32.159843
test,T2,32.524387,31.782793
test,T2,32.29,31.625273
test,T2,32.29,31.574898
test,T2,32.29,31.629677
test,T2,32.29,31.643873
test,T2,32.29,31.816862
test,T2,32.29,31.346186
test,T2,32.29,31.668276
test,T2,32.428,31.682049
test,T2,32.773,31.513401
test,T2,32.98,31.610828
test,T2,32.98,31.353373
test,T2,32.98,31.532679
test,T2,32.98,31.379156
test,T2,32.98,31.44977
test,T2,32.98,31.591333
test,T2,32.98,31.858704
test,T2,33.062,31.683062
test,T2,33.267,31.659472
test,T2,33.39,31.345253
test,T2,33.39,31.75869
test,T2,33.39,31.770468
test,T2,33.39,30.77114
test,T2,33.39,30.991743
test,T2,33.39,31.33518
test,T2,33.39,31.089216
test,T2,33.467804,31.156876
test,T2,33.662804,31.237951
test,T2,33.78,31.356367
test,T2,33.78,31.35691
test,T2,33.78,31.66463
test,T2,33.78,31.7769
test,T2,33.78,31.156023
test,T2,33.78,31.26541
test,T2,33.78,31.38349
test,T2,34.01,31.43131
test,T2,34.585,31.468916
test,T2,34.93,31.111498
test,T2,34.93,31.284374
test,T2,34.93,31.044497
test,T2,34.93,30.772926
test,T2,34.93,31.356455
test,T2,34.93,31.472588
test,T2,34.93,31.459774
test,T2,34.948,31.35412
test,T2,34.993,31.090242
test,T2,35.02,31.204927
test,T2,35.02,30.991646
test,T2,35.02,31.220785
test,T2,35.02,31.075434
test,T2,35.02,31.376274
test,T2,35.02,31.221292
test,T2,35.02,30.952093
test,T2,34.97,31.046297
test,T2,34.845,31.050093
test,T2,34.77,31.148626
test,T2,34.77,31.291536
test,T2,34.77,31.104486
test,T2,34.77,30.709929
test,T2,34.77,31.144077
test,T2,34.77,30.861982
test,T2,34.77,31.033293
test,T2,34.67,30.970377
test,T2,34.42,31.25199
test,T2,34.27,31.63743
test,T2,34.27,31.38275
test,T2,34.27,31.00332
test,T2,34.27,31.296347
test,T2,34.27,31.395464
test,T2,34.27,30.97875
test,T2,34.27,31.261187
test,T2,34.424,31.284468
test,T2,34.809,30.918417
test,T2,35.04,31.137121
test,T2,35.04,31.198067
test,T2,35.04,31.203321
test,T2,35.04,31.3864
test,T2,35.04,31.478415
test,T2,35.04,31.319868
test,T2,35.04,30.95927
test,T2,35.540756,31.246653
test,T2,36.795757,31.062872
test,T2,37.55,31.29279
test,T2,37.55,31.472357
test,T2,37.55,31.468742
test,T2,37.55,30.98739
test,T2,37.55,31.364042
test,T2,37.55,30.86017
test,T2,37.55,31.265139
test,T2,37.396,31.506323
test,T2,37.011,31.18456
test,T2,36.78,31.421337
test,T2,36.78,31.279072
test,T2,36.78,31.177118
test,T2,36.78,31.254265
test,T2,36.78,31.254278
test,T2,36.78,31.13205
test,T2,36.78,31.051924
test,T2,36.684,31.147757
test,T2,36.444,30.990656
test,T2,36.3,31.148634
test,T2,36.3,31.650331
test,T2,36.3,31.65074
test,T2,36.3,31.853352
test,T2,36.3,32.48548
test,T2,36.3,32.57786
test,T2,36.3,31.90145
test,T2,36.18,32.079426
test,T2,35.88,32.00923
test,T2,35.7,32.154873
test,T2,35.7,32.285492
test,T2,35.7,32.710022
test,T2,35.7,32.42209
test,T2,35.7,32.55603
test,T2,35.7,32.37306
test,T2,35.7,32.598164
test,T2,35.612,32.35842
test,T2,35.392,32.92605
test,T2,35.26,32.575733
test,T2,35.26,32.550705
test,T2,35.26,32.270706
test,T2,35.26,32.414124
test,T2,35.26,31.972824
test,T2,35.26,31.668627
test,T2,35.26,31.896225
test,T2,35.278,32.174156
test,T2,35.323,31.756538
test,T2,35.35,31.333849
test,T2,35.35,31.277567
test,T2,35.35,31.374094
test,T2,35.35,31.796587
test,T2,35.35,31.80478
test,T2,35.35,31.390638
test,T2,35.35,31.227259
test,T2,35.114,31.4069
test,T2,34.524,31.275528
test,T2,34.17,31.225859
test,T2,34.17,31.0917
test,T2,34.17,31.552052
test,T2,34.17,30.93967
test,T2,34.17,31.678133
test,T2,34.17,31.696243
test,T2,34.17,31.333277
test,T2,34.108,31.175371
test,T2,33.953,31.204405
test,T2,33.86,31.29051
test,T2,33.86,31.728334
test,T2,33.86,31.109118
test,T2,33.86,31.943016
test,T2,33.86,31.550234
test,T2,33.86,31.534346
test,T2,33.86,31.217932
test,T2,33.912,31.257568
test,T2,34.042,31.693499
test,T2,34.12,31.178978
test,T2,34.12,31.415144
test,T2,34.12,31.220903
test,T2,34.12,31.075094
test,T2,34.12,31.220173
test,T2,34.12,31.704182
test,T2,34.12,31.312471
test,T2,33.988,31.460386
test,T2,33.658,31.231266
test,T2,33.46,31.485493
test,T2,33.46,31.162203
test,T2,33.46,31.144064
test,T2,33.46,31.227875
test,T2,33.46,31.48781
test,T2,33.46,31.299944
test,T2,33.46,31.529707
test,T2,33.40015,31.693293
test,T2,33.25015,31.16862
test,T2,33.16,31.461138
test,T2,33.16,31.174212
test,T2,33.16,31.108124
test,T2,33.16,31.306578
test,T2,33.16,31.559637
test,T2,33.16,31.36071
test,T2,33.16,31.025854
test,T2,33.064,31.067472
test,T2,32.824,30.8352
test,T2,32.68,31.164827
test,T2,32.68,31.495518
test,T2,32.68,31.328894
test,T2,32.68,31.360828
test,T2,32.68,31.89995
test,T2,32.68,31.631845
test,T2,32.68,32.030792
test,T2,32.99122,32.087315
test,T2,33.77122,32.47035
test,T2,34.24,32.19102
test,T2,34.24,32.146477
test,T2,34.24,32.34827
test,T2,34.24,32.336987
test,T2,34.24,32.446636
test,T2,34.24,32.640343
test,T2,34.24,32.573723
test,T2,34.372,32.85359
test,T2,34.702,32.663147
test,T2,34.9,32.39432
test,T2,34.9,32.331955
test,T2,34.9,32.420235
test,T2,34.9,32.203735
test,T2,34.9,31.427206
test,T2,34.9,31.521482
test,T2,34.9,31.83474
test,T2,34.906,32.14851
test,T2,34.921,32.345318
test,T2,34.93,32.181164
test,T2,34.93,32.322205
test,T2,34.93,31.63714
test,T2,34.93,31.740011
test,T2,34.93,31.875471
test,T2,34.93,31.665888
test,T2,34.93,31.79167
test,T2,34.716,31.364996
test,T2,34.181,31.318087
test,T2,33.86,31.317055
test,T2,33.86,31.699621
test,T2,33.86,31.04283
test,T2,33.86,31.373266
test,T2,33.86,31.582914
test,T2,33.86,31.565432
test,T2,33.86,31.768175
test,T2,33.638,31.291063
test,T2,33.083,31.24729
test,T2,32.75,31.216486
test,T2,32.75,31.310303
test,T2,32.75,31.400229
test,T2,32.75,31.570982
test,T2,32.75,31.750334
test,T2,32.75,31.33175
test,T2,32.75,31.884672
test,T2,32.819828,31.520859
test,T2,32.994827,31.572046
test,T2,33.1,31.576279
test,T2,33.1,31.67467
test,T2,33.1,31.51071
test,T2,33.1,31.80561
test,T2,33.1,31.6015
test,T2,33.1,31.13442
test,T2,33.1,31.189308
test,T2,33.248,31.55033
test,T2,33.618,31.25361
test,T2,33.84,31.64379
test,T2,33.84,31.394579
test,T2,33.84,31.77796
test,T2,33.84,31.52704
test,T2,33.84,31.042868
test,T2,33.84,31.196901
test,T2,33.84,31.28218
test,T2,33.706,31.445328
test,T2,33.371,30.930643
test,T2,33.17,31.460985
test,T2,33.17,31.159773
test,T2,33.17,31.526651
test,T2,33.17,31.376505
test,T2,33.17,31.310919
test,T2,33.17,31.755777
test,T2,33.17,31.585348
test,T2,33.05,31.260782
test,T2,32.75,31.363302
test,T2,32.57,31.211523
test,T2,32.57,31.53377
test,T2,32.57,31.100143
test,T2,32.57,31.736372
test,T2,32.57,31.94806
test,T2,32.57,31.720491
test,T2,32.57,31.240755
test,T2,32.57199,31.44862
test,T2,32.576992,31.374533
test,T2,32.58,30.93768
test,T2,32.58,30.958677
test,T2,32.58,31.313168
test,T2,32.58,31.809874
test,T2,32.58,31.72947
test,T2,32.58,31.452072
test,T2,32.58,32.049698
test,T2,32.666,31.69206
test,T2,32.881,31.823776
test,T2,33.01,32.398796
test,T2,33.01,31.721308
test,T2,33.01,31.674074
test,T2,33.01,31.175623
test,T2,33.01,31.672441
test,T2,33.01,31.610638
test,T2,33.01,31.752783
test,T2,33.04192,31.613672
test,T2,33.12192,31.356598
test,T2,33.17,31.199549
test,T2,33.17,31.135332
test,T2,33.17,31.45785
test,T2,33.17,31.552519
test,T2,33.17,31.36057
test,T2,33.17,31.371466
test,T2,33.17,31.27321
test,T2,33.262,31.259247
test,T2,33.492,31.299196
test,T2,33.63,31.06848
test,T2,33.63,31.25179
test,T2,33.63,31.49676
test,T2,33.63,31.738165
test,T2,33.63,31.350718
test,T2,33.63,31.34617
test,T2,33.63,31.321383
test,T2,33.776,31.113619
test,T2,34.141,31.143044
test,T2,34.36,31.392796
test,T2,34.36,31.091068
test,T2,34.36,31.203392
test,T2,34.36,31.035149
test,T2,34.36,30.960047
test,T2,34.36,31.334686
test,T2,34.36,31.119678
test,T2,34.428,31.39474
test,T2,34.598,30.977055
test,T2,34.7,30.673506
test,T2,34.7,30.881725
test,T2,34.7,30.708979
test,T2,34.7,30.890707
test,T2,34.7,31.121302
test,T2,34.7,31.130724
test,T2,34.7,31.087107
test,T2,34.713966,30.925966
test,T2,34.748966,31.665495
test,T2,34.77,30.97656
test,T2,34.77,31.285057
test,T2,34.77,31.259165
test,T2,34.77,31.486443
test,T2,34.77,31.548744
test,T2,34.77,31.375204
test,T2,34.77,31.521564
test,T2,34.836,31.150005
test,T2,35.001,31.5111
test,T2,35.1,31.129017
test,T2,35.1,31.00468
test,T2,35.1,31.207281
test,T2,35.1,31.049364
test,T2,35.1,31.635954
test,T2,35.1,31.36961
test,T2,35.1,31.243038
test,T2,35.084,31.157255
test,T2,35.044,31.65002
test,T2,35.02,31.613539
test,T2,35.02,31.833889
test,T2,35.02,31.643934
test,T2,35.02,31.463621
test,T2,35.02,31.705254
test,T2,35.02,31.402575
test,T2,35.02,31.352133
test,T2,35.10778,31.571436
test,T2,35.32778,31.912912
test,T2,35.46,31.5889
test,T2,35.46,32.194794
test,T2,35.46,31.723837
test,T2,35.46,32.33856
test,T2,35.46,31.90906
test,T2,35.46,32.09895
test,T2,35.46,31.834639
test,T2,35.284,32.264767
test,T2,34.844,31.786173
test,T2,34.58,32.16884
test,T2,34.58,32.1249
test,T2,34.58,32.022007
test,T2,34.58,31.958387
test,T2,34.58,31.965708
test,T2,34.58,32.079117
test,T2,34.58,31.738554
test,T2,34.33262,31.840921
test,T2,33.71262,32.232513
test,T2,33.34,31.903225
test,T2,33.34,31.68738
test,T2,33.34,31.075487
test,T2,33.34,31.355305
test,T2,33.34,31.698984
test,T2,33.34,31.925564
test,T2,33.34,31.51445
test,T2,33.114,31.911856
test,T2,32.549,31.527945
test,T2,32.21,31.510689
test,T2,32.21,31.801634
test,T2,32.21,31.27334
test,T2,32.21,31.706556
test,T2,32.21,31.646105
test,T2,32.21,31.352112
test,T2,32.21,31.66115
test,T2,31.934,31.058403
test,T2,31.244,31.25394
test,T2,30.83,31.783468
test,T2,30.83,31.786673
test,T2,30.83,31.689066
test,T2,30.83,31.441399
test,T2,30.83,31.055756
test,T2,30.83,31.50547
test,T2,30.83,31.374094
test,T2,30.5507,31.450842
test,T2,29.8507,31.742994
test,T2,29.43,31.527288
test,T2,29.43,31.603315
test,T2,29.43,31.17148
test,T2,29.43,31.360968
test,T2,29.43,31.583927
test,T2,29.43,31.568237
test,T2,29.43,31.484734
test,T2,29.69334,31.384947
test,T2,30.35334,31.44196
test,T2,30.75,31.624952
test,T2,30.75,31.260881
test,T2,30.75,31.640516
test,T2,30.75,32.04215
test,T2,30.75,31.290218
test,T2,30.75,31.27059
test,T2,30.75,31.927935
test,T2,30.922,31.85034
test,T2,31.352,31.499294
test,T2,31.61,31.152758
test,T2,31.61,31.53058
test,T2,31.61,31.743029
test,T2,31.61,31.711622
test,T2,31.61,31.509508
test,T2,31.61,31.400122
test,T2,31.61,31.534744
test,T2,31.39653,31.50404
test,T2,30.86153,31.523434
test,T2,30.54,31.20731
test,T2,30.54,30.89253
test,T2,30.54,31.092718
test,T2,30.54,31.258966
test,T2,30.54,30.941164
test,T2,30.54,30.926472
test,T2,30.54,31.314732
test,T2,30.626,31.295107
test,T2,30.841,31.448036
test,T2,30.97,31.303959
test,T2,30.97,31.00509
test,T2,30.97,31.135618
test,T2,30.97,31.222942
test,T2,30.97,30.877457
test,T2,30.97,31.476307
test,T2,30.97,31.383821
test,T2,31.183464,31.596107
test,T2,31.718466,31.253252
test,T2,32.04,31.51229
test,T2,32.04,31.502325
test,T2,32.04,31.083702
test,T2,32.04,31.281452
test,T2,32.04,31.203848
test,T2,32.04,31.26803
test,T2,32.04,31.378004
test,T2,32.12,31.203888
test,T2,32.32,30.92526
test,T2,32.44,31.210052
test,T2,32.44,31.339617
test,T2,32.44,31.2299
test,T2,32.44,31.28907
test,T2,32.44,31.432192
test,T2,32.44,31.459131
test,T2,32.44,31.264814
test,T2,32.49,31.231577
test,T2,32.615,31.127699
test,T2,32.69,31.337446
test,T2,32.69,31.214254
test,T2,32.69,31.19463
test,T2,32.69,31.266092
test,T2,32.69,31.04357
test,T2,32.69,31.457455
test,T2,32.69,30.971094
test,T2,32.674,31.266294
test,T2,32.634,31.166086
test,T2,32.61,31.243162
test,T2,32.61,31.641443
test,T2,32.61,31.46721
test,T2,32.61,31.436253
test,T2,32.61,31.348312
test,T2,32.61,31.292736
test,T2,32.61,31.611757
test,T2,32.722,31.760317
test,T2,33.002,31.330095
test,T2,33.17,31.447664
test,T2,33.17,31.486254
test,T2,33.17,31.146572
test,T2,33.17,31.090948
test,T2,33.17,31.403624
test,T2,33.17,31.35713
test,T2,33.17,30.828554
test,T2,33.223866,31.525396
test,T2,33.358868,31.479586
test,T2,33.44,31.491472
test,T2,33.44,30.993715
test,T2,33.44,31.28174
test,T2,33.44,31.456854
test,T2,33.44,31.423906
test,T2,33.44,31.498035
test,T2,33.44,31.297077
test,T2,33.664,31.561632
test,T2,34.224,31.876144
test,T2,34.56,31.476675
test,T2,34.56,31.128122
test,T2,34.56,31.306246
test,T2,34.56,31.052328
test,T2,34.56,30.991945
test,T2,34.56,31.259432
test,T2,34.56,30.710344
test,T2,34.49,31.193075
test,T2,34.315,31.57149
test,T2,34.21,30.98921
test,T2,34.21,31.381252
test,T2,34.21,31.113752
test,T2,34.21,31.364239
test,T2,34.21,31.351383
test,T2,34.21,31.254522
test,T2,34.21,31.305593
test,T2,34.438,31.37277
test,T2,35.008,31.171019
test,T2,35.35,30.968365
test,T2,35.35,30.808382
test,T2,35.35,30.951532
test,T2,35.35,31.409262
test,T2,35.35,31.029707
test,T2,35.35,31.134304
test,T2,35.35,31.03301
test,T2,35.474,31.270075
test,T2,35.784,31.439001
test,T2,35.97,30.822126
test,T2,35.97,31.234137
test,T2,35.97,31.102121
test,T2,35.97,30.98385
test,T2,35.97,31.259691
test,T2,35.97,30.973238
test,T2,35.97,31.010336
test,T2,35.78247,30.825716
test,T2,35.31247,31.394896
test,T2,35.03,31.286417
test,T2,35.03,31.343681
test,T2,35.03,31.325882
test,T2,35.03,31.047525
test,T2,35.03,31.347263
test,T2,35.03,31.41504
test,T2,35.03,31.477236
test,T2,35.072,31.530645
test,T2,35.177,31.23166
test,T2,35.24,31.058393
test,T2,35.24,31.43886
test,T2,35.24,31.325953
test,T2,35.24,31.088074
test,T2,35.24,31.091827
test,T2,35.24,31.614151
test,T2,35.24,31.46237
test,T2,35.068,31.77506
test,T2,34.638,31.483862
test,T2,34.38,32.06402
test,T2,34.38,31.909273
test,T2,34.38,31.535076
test,T2,34.38,31.52788
test,T2,34.38,31.615915
test,T2,34.38,31.802694
test,T2,34.38,31.79939
test,T2,34.22838,31.351023
test,T2,33.84838,31.291122
test,T2,33.62,31.763973
test,T2,33.62,31.662855
test,T2,33.62,31.675734
test,T2,33.62,31.757608
test,T2,33.62,31.539797
test,T2,33.62,31.60425
test,T2,33.62,31.39107
test,T2,33.472,31.2652
test,T2,33.102,31.274801
test,T2,32.88,31.268114
test,T2,32.88,31.18462
test,T2,32.88,31.48461
test,T2,32.88,31.73964
test,T2,32.88,31.537647
test,T2,32.88,31.597137
test,T2,32.88,31.491302
test,T2,33.168,31.368208
test,T2,33.888,31.234713
test,T2,34.32,31.332764
test,T2,34.32,31.26341
test,T2,34.32,31.562181
test,T2,34.32,31.536678
test,T2,34.32,31.232325
test,T2,34.32,31.17058
test,T2,34.32,31.33895
test,T2,34.53147,31.272318
test,T2,35.06147,31.865866
test,T2,35.38,31.35895
test,T2,35.38,31.250427
test,T2,35.38,31.42469
test,T2,35.38,31.294083
test,T2,35.38,31.161058
test,T2,35.38,31.593264
test,T2,35.38,31.749952
test,T2,35.602,31.777023
test,T2,36.157,31.20925
test,T2,36.49,31.535719
test,T2,36.49,31.33049
test,T2,36.49,31.418386
test,T2,36.49,31.356092
test,T2,36.49,31.54326
test,T2,36.49,31.48097
test,T2,36.49,31.421614
test,T2,36.531895,31.40559
test,T2,36.636894,31.289278
test,T2,36.7,31.068808
test,T2,36.7,31.34928
test,T2,36.7,31.011324
test,T2,36.7,31.53495
test,T2,36.7,30.983568
test,T2,36.7,31.174507
test,T2,36.7,31.293943
test,T2,36.788,31.706022
test,T2,37.008,30.835348
test,T2,37.14,31.18232
test,T2,37.14,31.015333
test,T2,37.14,31.268202
test,T2,37.14,31.721113
test,T2,37.14,31.43535
test,T2,37.14,31.284895
test,T2,37.14,31.387842
test,T2,36.876,31.622782
test,T2,36.216,31.214777
test,T2,35.82,31.05052
test,T2,35.82,31.282694
test,T2,35.82,31.32514
test,T2,35.82,31.299982
test,T2,35.82,31.312983
test,T2,35.82,32.16976
test,T2,35.82,31.863085
test,T2,35.949677,31.709845
test,T2,36.274673,31.836466
test,T2,36.47,31.417442
test,T2,36.47,31.231115
test,T2,36.47,31.040558
test,T2,36.47,31.141987
test,T2,36.47,31.337906
test,T2,36.47,31.268854
test,T2,36.47,31.730322
test,T2,36.676,31.425856
test,T2,37.191,31.345034
test,T2,37.5,31.319414
test,T2,37.5,31.50443
test,T2,37.5,31.164133
test,T2,37.5,31.598112
test,T2,37.5,31.28297
test,T2,37.5,31.215033
test,T2,37.5,31.147528
test,T2,37.38,31.279604
test,T2,37.08,31.148928
test,T2,36.9,31.379488
test,T2,36.9,31.443958
test,T2,36.9,31.638128
test,T2,36.9,31.695375
test,T2,36.9,30.944372
test,T2,36.9,31.176489
test,T2,36.9,31.430868
test,T2,36.856,31.503073
test,T2,36.746,31.468115
test,T2,36.68,31.069403
test,T2,36.68,31.236683
test,T2,36.68,31.358973
test,T2,36.68,31.108599
test,T2,36.68,31.386656
test,T2,36.68,31.282228
test,T2,36.68,31.22963
test,T2,36.406685,31.194525
test,T2,35.721684,31.232817
test,T2,35.31,31.16116
test,T2,35.31,31.436567
test,T2,35.31,31.46583
test,T2,35.31,31.454994
test,T2,35.31,31.59357
test,T2,35.31,31.045658
test,T2,35.31,31.273281
test,T2,35.5,31.485708
test,T2,35.975,30.845945
test,T2,36.26,31.510275
test,T2,36.26,31.438967
test,T2,36.26,31.454393
test,T2,36.26,31.64657
test,T2,36.26,31.123686
test,T2,36.26,31.63207
test,T2,36.26,31.535458
test,T2,36.098,31.729439
test,T2,35.693,32.121555
test,T2,35.45,31.785624
test,T2,35.45,32.059753
test,T2,35.45,31.766422
test,T2,35.45,32.243332
test,T2,35.45,31.755491
test,T2,35.45,31.838676
test,T2,35.45,31.66912
test,T2,35.408,32.088455
test,T2,35.303,31.5898
test,T2,35.24,31.374498
test,T2,35.24,31.571173
test,T2,35.24,31.43471
test,T2,35.24,31.40763
test,T2,35.24,32.17016
test,T2,35.24,31.748327
test,T2,35.24,31.738047
test,T2,35.08,31.288614
test,T2,34.68,31.052639
test,T2,34.44,31.41459
test,T2,34.44,31.01974
test,T2,34.44,31.423027
test,T2,34.44,31.581028
test,T2,34.44,31.395327
test,T2,34.44,31.388182
test,T2,34.44,31.529177
test,T2,34.384,31.150024
test,T2,34.244,32.227413
test,T2,34.16,31.649656
test,T2,34.16,31.960917
test,T2,34.16,31.714577
test,T2,34.16,31.783337
test,T2,34.16,31.514757
test,T2,34.16,31.870111
test,T2,34.16,31.75069
test,T2,34.044,31.170473
test,T2,33.754,31.523287
test,T2,33.58,31.636988
test,T2,33.58,31.609749
test,T2,33.58,31.50958
test,T2,33.58,31.712831
test,T2,33.58,31.02093
test,T2,33.58,31.66176
test,T2,33.58,31.352396
test,T2,33.709675,31.251696
test,T2,34.034676,31.092247
test,T2,34.23,31.567417
test,T2,34.23,31.474796
test,T2,34.23,31.795443
test,T2,34.23,30.982817
test,T2,34.23,31.46039
test,T2,34.23,31.130821
test,T2,34.23,30.635378
test,T2,34.02,31.081888
test,T2,33.495,31.439312
test,T2,33.18,31.415613
test,T2,33.18,30.794092
test,T2,33.18,31.151777
test,T2,33.18,31.140934
test,T2,33.18,31.006132
test,T2,33.18,31.147636
test,T2,33.18,31.283033
test,T2,32.768,31.257843
test,T2,31.738,31.494299
test,T2,31.12,31.379715
test,T2,31.12,31.750746
test,T2,31.12,31.11305
test,T2,31.12,31.860931
test,T2,31.12,31.151476
test,T2,31.12,31.645555
test,T2,31.12,31.604532
test,T2,30.948,31.035297
test,T2,30.518,31.33032
test,T2,30.26,31.158865
test,T2,30.26,31.007624
test,T2,30.26,31.323042
test,T2,30.26,31.251444
test,T2,30.26,31.518974
test,T2,30.26,31.183298
test,T2,30.26,31.1495
test,T2,29.836,31.214735
test,T2,28.776,31.184752
test,T2,28.14,31.370789
test,T2,28.14,31.301573
test,T2,28.14,31.244408
test,T2,28.14,31.542416
test,T2,28.14,31.651556
test,T2,28.14,31.373722
test,T2,28.14,31.706375
test,T2,28.704,31.515743
test,T2,30.114,31.656284
test,T2,30.96,31.43337
test,T2,30.96,31.712828
test,T2,30.96,31.23617
test,T2,30.96,31.59856
test,T2,30.96,30.998785
test,T2,30.96,31.603144
test,T2,30.96,30.85776
test,T2,31.158,30.986938
test,T2,31.653,32.009445
test,T2,31.95,31.83668
test,T2,31.95,31.604584
test,T2,31.95,31.28186
test,T2,31.95,31.305723
test,T2,31.95,31.604727
test,T2,31.95,31.369194
test,T2,31.95,31.477678
test,T2,32.188,31.045727
test,T2,32.783,31.3104
test,T2,33.14,31.418491
test,T2,33.14,31.901823
test,T2,33.14,31.273851
test,T2,33.14,31.205843
test,T2,33.14,30.901731
test,T2,33.14,30.905
test,T2,33.14,30.928373
test,T2,33.138,31.416311
test,T2,33.133,31.433758
test,T2,33.13,31.542852
test,T2,33.13,31.275497
test,T2,33.13,31.02779
test,T2,33.13,30.947271
test,T2,33.13,31.236824
test,T2,33.13,30.859272
test,T2,33.13,31.08641
test,T2,33.06,31.256897
test,T2,32.885,31.255161
test,T2,32.78,31.362665
test,T2,32.78,31.422342
test,T2,32.78,31.292713
test,T2,32.78,31.042494
test,T2,32.78,31.398993
test,T2,32.78,30.692766
test,T2,32.78,30.588293
test,T2,32.793964,31.329693
test,T2,32.828964,31.530186
test,T2,32.85,31.814848
test,T2,32.85,31.529512
test,T2,32.85,31.966848
test,T2,32.85,31.666449
test,T2,32.85,31.349714
test,T2,32.85,31.474997
test,T2,32.85,31.837296
test,T2,32.997635,31.376673
test,T2,33.367634,31.78208
test,T2,33.59,31.223763
test,T2,33.59,30.910944
test,T2,33.59,31.079222
test,T2,33.59,31.28359
test,T2,33.59,31.34747
test,T2,33.59,31.32305
test,T2,33.59,31.56647
test,T2,33.71369,31.338705
test,T2,34.023693,31.331476
test,T2,34.21,31.372639
test,T2,34.21,31.348536
test,T2,34.21,31.642546
test,T2,34.21,31.559956
test,T2,34.21,31.057568
test,T2,34.21,31.24416
test,T2,34.21,31.06484
test,T2,34.07,31.196909
test,T2,33.72,31.307203
test,T2,33.51,31.111757
test,T2,33.51,31.21308
test,T2,33.51,31.285608
test,T2,33.51,31.220575
test,T2,33.51,31.190374
test,T2,33.51,31.023443
test,T2,33.51,31.235023
test,T2,33.314,31.265348
test,T2,32.824,31.203894
test,T2,32.53,31.299807
test,T2,32.53,30.975035
test,T2,32.53,31.026525
test,T2,32.53,30.988098
test,T2,32.53,31.105528
test,T2,32.53,31.417082
test,T2,32.53,31.48398
test,T2,32.78337,30.976969
test,T2,33.418373,31.320955
test,T2,33.8,31.367205
test,T2,33.8,31.39393
test,T2,33.8,31.180199
test,T2,33.8,31.2548
test,T2,33.8,31.284187
test,T2,33.8,31.200144
test,T2,33.8,31.62396
test,T2,34.198,31.469652
test,T2,35.193,30.898254
test,T2,35.79,31.210863
test,T2,35.79,30.785982
test,T2,35.79,31.165236
test,T2,35.79,31.232779
test,T2,35.79,31.333952
test,T2,35.79,30.888868
test,T2,35.79,30.89852
test,T2,35.664,31.27215
test,T2,35.349,31.449858
test,T2,35.16,31.37979
test,T2,35.16,31.292816
test,T2,35.16,31.170212
test,T2,35.16,30.986328
test,T2,35.16,31.472504
test,T2,35.16,31.322695
test,T2,35.16,31.462034
test,T2,35.132,31.49988
test,T2,35.062,31.13924
test,T2,35.02,30.81592
test,T2,35.02,31.193129
test,T2,35.02,31.145937
test,T2,35.02,31.404764
test,T2,35.02,30.99787
test,T2,35.02,31.489141
test,T2,35.02,31.376398
test,T2,34.459393,31.37803
test,T2,33.05439,31.135372
test,T2,32.21,31.385077
test,T2,32.21,31.693127
test,T2,32.21,31.375246
test,T2,32.21,31.476759
test,T2,32.21,31.254524
test,T2,32.21,31.670668
test,T2,32.21,31.044634
test,T2,32.15,31.179
test,T2,32.0,31.158815
test,T2,31.91,31.420576
test,T2,31.91,31.410154
test,T2,31.91,31.278301
test,T2,31.91,30.863909
test,T2,31.91,31.321901
test,T2,31.91,31.256327
test,T2,31.91,31.310524
test,T2,31.628704,31.067041
test,T2,30.923704,31.333117
test,T2,30.5,32.019287
test,T2,30.5,31.422747
test,T2,30.5,31.318571
test,T2,30.5,31.328987
test,T2,30.5,31.598902
test,T2,30.5,31.275354
test,T2,30.5,31.857359
test,T2,30.470074,31.28047
test,T2,30.395075,31.947184
test,T2,30.35,31.672426
test,T2,30.35,31.927198
test,T2,30.35,31.771593
test,T2,30.35,32.333923
test,T2,30.35,32.026264
test,T2,30.35,31.854969
test,T2,30.35,32.017097
test,T2,30.214,32.405243
test,T2,29.874,31.587694
test,T2,29.67,31.750973
test,T2,29.67,31.832706
test,T2,29.67,31.446238
test,T2,29.67,31.356428
test,T2,29.67,31.742702
test,T2,29.67,31.689932
test,T2,29.67,31.464575
test,T2,30.1386,31.788958
test,T2,31.4586,32.17474
test,T2,32.31,31.701178
test,T2,32.31,31.349869
test,T2,32.31,31.44411
test,T2,32.31,31.724356
test,T2,32.31,31.52273
test,T2,32.31,31.370543
test,T2,32.31,31.829468
test,T2,32.22125,31.76655
test,T2,31.97125,31.598331
test,T2,31.81,31.884111
test,T2,31.81,31.795057
test,T2,31.81,32.084347
test,T2,31.81,32.086014
test,T2,31.81,31.706783
test,T2,31.81,31.755041
test,T2,31.81,31.453688
test,T2,31.747875,31.863832
test,T2,31.572874,32.07623
test,T2,31.46,31.765007
test,T2,31.46,31.622393
test,T2,31.46,31.824953
test,T2,31.46,31.693253
test,T2,31.46,31.639963
test,T2,31.46,31.657854
test,T2,31.46,31.65972
test,T2,31.52745,31.545107
test,T2,31.71745,31.525536
test,T2,31.84,31.495974
test,T2,31.84,31.762985
test,T2,31.84,31.580038
test,T2,31.84,31.906376
test,T2,31.84,31.9786
test,T2,31.84,31.354073
test,T2,31.84,31.692436
test,T2,31.975111,31.851568
test,T2,32.35511,31.5025
test,T2,32.6,31.677656
test,T2,32.6,32.04818
test,T2,32.6,31.504648
test,T2,32.6,32.02233
test,T2,32.6,31.53013
test,T2,32.6,31.559477
test,T2,32.6,31.781973
test,T2,32.399426,31.604208
test,T2,31.834425,31.9271
test,T2,31.47,31.66881
test,T2,31.47,31.64441
test,T2,31.47,31.459318
test,T2,31.47,31.479198
test,T2,31.47,31.523396
test,T2,31.47,31.333212
test,T2,31.47,31.262056
test,T2,31.695425,31.495523
test,T2,32.330425,31.615297
test,T2,32.74,31.21168
test,T2,32.74,31.152159
test,T2,32.74,31.018015
test,T2,32.74,31.50051
test,T2,32.74,31.059504
test,T2,32.74,31.261528
test,T2,32.74,31.272066
test,T2,32.738224,31.080446
test,T2,32.733227,31.65934
test,T2,32.73,31.187235
test,T2,32.73,31.186558
test,T2,32.73,31.161287
test,T2,32.73,31.085325
test,T2,32.73,31.064768
test,T2,32.73,30.957407
test,T2,32.73,31.001219
test,T2,32.9785,31.10449
test,T2,33.6785,31.412933
test,T2,34.13,31.214304
test,T2,34.13,30.969206
test,T2,34.13,31.563215
test,T2,34.13,31.057108
test,T2,34.13,31.549694
test,T2,34.13,31.404053
test,T2,34.13,31.346403
test,T2,34.15311,32.21634
test,T2,34.218113,31.162588
test,T2,34.26,31.821886
test,T2,34.26,30.9448
test,T2,34.26,31.31824
test,T2,34.26,31.401264
test,T2,34.26,30.90129
test,T2,34.26,30.84479
test,T2,34.26,31.124256
test,T2,34.123325,30.777138
test,T2,33.738323,31.118189
test,T2,33.49,31.314487
test,T2,33.49,30.655523
test,T2,33.49,30.786753
test,T2,33.49,30.512455
test,T2,33.49,30.70743
test,T2,33.49,30.79054
test,T2,33.49,30.313465
test,T2,33.299778,30.727295
test,T2,32.76478,31.473007
test,T2,32.42,30.881845
test,T2,32.42,30.798807
test,T2,32.42,31.429373
test,T2,32.42,31.720976
test,T2,32.42,31.41262
test,T2,32.42,31.327211
test,T2,32.42,30.677952
test,T2,32.45905,31.025827
test,T2,32.56905,31.132832
test,T2,32.64,31.264687
test,T2,32.64,31.405514
test,T2,32.64,31.666834
test,T2,32.64,31.856256
test,T2,32.64,31.138468
test,T2,32.64,30.910814
test,T2,32.64,30.807003
test,T2,32.521076,31.112812
test,T2,32.186073,30.703531
test,T2,31.97,31.062475
test,T2,31.97,31.305315
test,T2,31.97,31.539795
test,T2,31.97,31.38553
test,T2,31.97,31.08549
test,T2,31.97,31.225872
test,T2,31.97,31.341139
test,T2,32.13528,31.243736
test,T2,32.60028,31.388885
test,T2,32.9,31.49585
test,T2,32.9,31.532211
test,T2,32.9,31.231398
test,T2,32.9,31.1975
test,T2,32.9,31.510893
test,T2,32.9,31.289217
test,T2,32.9,31.416405
test,T2,33.1272,31.223328
test,T2,33.7672,31.087938
test,T2,34.18,31.288286
test,T2,34.18,30.596128
test,T2,34.18,30.799889
test,T2,34.18,31.263857
test,T2,34.18,31.15237
test,T2,34.18,31.237322
test,T2,34.18,30.9153
test,T2,33.862274,30.984697
test,T2,32.967274,30.681936
test,T2,32.39,31.041689
test,T2,32.39,31.330805
test,T2,32.39,31.252916
test,T2,32.39,31.079285
test,T2,32.39,31.35404
test,T2,32.39,31.36094
test,T2,32.39,31.113962
test,T2,32.5675,30.990246
test,T2,33.0675,31.220242
test,T2,33.39,31.165922
test,T2,33.39,30.834284
test,T2,33.39,30.79065
test,T2,33.39,30.971083
test,T2,33.39,31.375256
test,T2,33.39,30.929907
test,T2,33.39,30.806606
test,T2,33.38645,30.931154
test,T2,33.37645,31.266142
test,T2,33.37,31.322588
test,T2,33.37,30.896181
test,T2,33.37,31.147509
test,T2,33.37,30.936495
test,T2,33.37,31.16555
test,T2,33.37,31.324533
test,T2,33.37,30.550024
test,T2,33.471176,30.892498
test,T2,33.756176,31.191942
test,T2,33.94,31.052938
test,T2,33.94,30.852783
test,T2,33.94,30.86534
test,T2,33.94,31.351036
test,T2,33.94,31.463465
test,T2,33.94,31.818428
test,T2,33.94,31.302366
test,T2,33.85835,31.433603
test,T2,33.62835,31.10217
test,T2,33.48,31.30159
test,T2,33.48,31.162542
test,T2,33.48,31.420568
test,T2,33.48,31.964201
test,T2,33.48,31.965261
test,T2,33.48,32.715412
test,T2,33.48,31.722837
test,T2,33.67046,31.807035
test,T2,34.20546,31.83484
test,T2,34.55,32.151455
test,T2,34.55,31.861916
test,T2,34.55,31.886475
test,T2,34.55,31.763811
test,T2,34.55,31.681578
test,T2,34.55,31.754038
test,T2,34.55,31.23671
test,T2,34.558876,31.661339
test,T2,34.583874,32.013885
test,T2,34.6,31.895836
test,T2,34.6,31.97148
test,T2,34.6,32.356186
test,T2,34.6,31.912287
test,T2,34.6,31.491512
test,T2,34.6,31.75185
test,T2,34.6,31.78284
test,T2,34.655094,31.846909
test,T2,34.810093,31.624203
test,T2,34.91,31.609812
test,T2,34.91,31.268127
test,T2,34.91,31.406898
test,T2,34.91,31.44762
test,T2,34.91,31.646273
test,T2,34.91,31.711002
test,T2,34.91,31.97651
test,T2,35.02005,31.966879
test,T2,35.33005,32.032806
test,T2,35.53,31.811628
test,T2,35.53,31.69102
test,T2,35.53,31.418547
test,T2,35.53,31.301525
test,T2,35.53,31.237333
test,T2,35.53,31.638197
test,T2,35.53,31.38602
test,T2,35.76289,31.333445
test,T2,36.41789,31.375257
test,T2,36.84,31.375212
test,T2,36.84,31.562204
test,T2,36.84,31.552366
test,T2,36.84,31.688982
test,T2,36.84,31.33484
test,T2,36.84,30.804169
test,T2,36.84,31.203619
test,T2,36.948444,31.121037
test,T2,37.253445,31.251925
test,T2,37.45,31.251513
test,T2,37.45,31.329643
test,T2,37.45,31.106762
test,T2,37.45,31.105364
test,T2,37.45,31.62867
test,T2,37.45,31.039814
test,T2,37.45,31.016151
test,T2,37.432228,31.358559
test,T2,37.38223,31.250345
test,T2,37.35,31.261467
test,T2,37.35,31.413239
test,T2,37.35,31.440596
test,T2,37.35,31.410635
test,T2,37.35,31.865522
test,T2,37.35,31.71003
test,T2,37.35,31.326578
test,T2,37.700115,31.085928
test,T2,38.685112,31.358294
test,T2,39.32,31.331345
test,T2,39.32,31.383509
test,T2,39.32,31.060057
test,T2,39.32,30.676811
test,T2,39.32,30.713093
test,T2,39.32,31.138338
test,T2,39.32,30.741955
test,T2,38.847256,30.540092
test,T2,37.517258,31.110872
test,T2,36.66,30.615911
test,T2,36.66,30.745834
test,T2,36.66,30.955648
test,T2,36.66,31.004875
test,T2,36.66,31.177366
test,T2,36.66,30.677889
test,T2,36.66,30.990738
test,T2,36.228676,30.77809
test,T2,35.013676,30.718163
test,T2,34.23,31.092985
test,T2,34.23,31.19581
test,T2,34.23,30.84699
test,T2,34.23,31.35071
test,T2,34.23,30.509409
test,T2,34.23,30.72848
test,T2,34.23,30.9937
test,T2,33.9176,30.696943
test,T2,33.0376,30.345335
test,T2,32.47,30.883049
test,T2,32.47,31.012302
test,T2,32.47,31.070427
test,T2,32.47,31.27347
test,T2,32.47,30.504953
test,T2,32.47,30.552996
test,T2,32.47,30.89506
test,T2,32.23925,30.953787
test,T2,31.58925,30.529663
test,T2,31.17,31.00503
test,T2,31.17,30.897009
test,T2,31.17,30.809998
test,T2,31.17,30.739767
test,T2,31.17,30.776121
test,T2,31.17,30.945126
test,T2,31.17,31.10427
test,T2,31.08125,31.169422
test,T2,30.83125,30.95508
test,T2,30.67,30.9344
test,T2,30.67,31.222076
test,T2,30.67,31.213577
test,T2,30.67,30.925161
test,T2,30.67,30.908648
test,T2,30.67,31.005411
test,T2,30.67,30.760756
test,T2,30.95747,30.918337
test,T2,31.767471,30.929487
test,T2,32.29,31.1928
test,T2,32.29,31.05593
test,T2,32.29,31.3086
test,T2,32.29,31.376629
test,T2,32.29,30.793268
test,T2,32.29,31.219185
test,T2,32.29,31.23387
test,T2,32.369877,31.12459
test,T2,32.594875,31.31761
test,T2,32.74,31.179573
test,T2,32.74,31.183
test,T2,32.74,31.200953
test,T2,32.74,31.0797
test,T2,32.74,31.388638
test,T2,32.74,31.277924
test,T2,32.74,31.213219
test,T2,32.82165,31.521378
test,T2,33.05165,30.796549
test,T2,33.2,31.258009
test,T2,33.2,31.4489
test,T2,33.2,31.207779
test,T2,33.2,31.318045
test,T2,33.2,31.65139
test,T2,33.2,31.365055
test,T2,33.2,31.16504
test,T2,33.3775,31.45819
test,T2,33.8775,31.149513
test,T2,34.2,30.95809
test,T2,34.2,31.04178
test,T2,34.2,31.492983
test,T2,34.2,31.091131
test,T2,34.2,31.028603
test,T2,34.2,31.42827
test,T2,34.2,31.353338
test,T2,34.425426,31.125216
test,T2,35.060425,30.894737
test,T2,35.47,30.926184
test,T2,35.47,31.242403
test,T2,35.47,31.221956
test,T2,35.47,31.294165
test,T2,35.47,31.379164
test,T2,35.47,30.822412
test,T2,35.47,31.156713
test,T2,35.493076,30.921019
test,T2,35.558075,31.105888
test,T2,35.6,31.075191
test,T2,35.6,31.029585
test,T2,35.6,31.069452
test,T2,35.6,31.157316
test,T2,35.6,31.358961
test,T2,35.6,31.259195
test,T2,35.6,31.610605
test,T2,35.623074,31.46042
test,T2,35.688076,31.719545
test,T2,35.73,31.298477
test,T2,35.73,31.218758
test,T2,35.73,32.052166
test,T2,35.73,31.361572
test,T2,35.73,31.649725
test,T2,35.73,31.59673
test,T2,35.73,31.77048
test,T2,35.842,30.750723
test,T2,36.157,31.31127
test,T2,36.36,31.609238
test,T2,36.36,31.468878
test,T2,36.36,31.518412
test,T2,36.36,31.479828
test,T2,36.36,31.767355
test,T2,36.36,31.85525
test,T2,36.36,31.427439
test,T2,36.38485,31.571177
test,T2,36.45485,31.58777
test,T2,36.5,31.717249
test,T2,36.5,31.59522
test,T2,36.5,31.671957
test,T2,36.5,31.389246
test,T2,36.5,31.692217
test,T2,36.5,31.74613
test,T2,36.5,31.723166
test,T2,36.288776,32.043224
test,T2,35.693775,31.79081
test,T2,35.31,31.832882
test,T2,35.31,31.653582
test,T2,35.31,31.658674
test,T2,35.31,31.591967
test,T2,35.31,31.863493
test,T2,35.31,31.72313
test,T2,35.31,31.641603
test,T2,35.27805,31.368536
test,T2,35.18805,31.365486
test,T2,35.13,31.647509
test,T2,35.13,31.59147
test,T2,35.13,31.7943
test,T2,35.13,31.498976
test,T2,35.13,31.04782
test,T2,35.13,31.538343
test,T2,35.13,31.53309
test,T2,35.25229,31.182978
test,T2,35.597286,31.405382
test,T2,35.82,31.485613
test,T2,35.82,31.37382
test,T2,35.82,31.610909
test,T2,35.82,31.706049
test,T2,35.82,31.427885
test,T2,35.82,31.983473
test,T2,35.82,31.606314
test,T2,35.6851,31.495623
test,T2,35.3051,31.674017
test,T2,35.06,31.70137
test,T2,35.06,31.88096
test,T2,35.06,31.85274
test,T2,35.06,31.579044
test,T2,35.06,31.347034
test,T2,35.06,31.825432
test,T2,35.06,31.755066
test,T2,34.941074,31.847225
test,T2,34.606075,31.928988
test,T2,34.39,31.724367
test,T2,34.39,31.51555
test,T2,34.39,32.117027
test,T2,34.39,31.46242
test,T2,34.39,31.328604
test,T2,34.39,31.336817
test,T2,34.39,30.971247
test,T2,34.41825,31.293482
test,T2,34.49825,31.420464
test,T2,34.55,31.685501
test,T2,34.55,31.574917
test,T2,34.55,31.07993
test,T2,34.55,31.499672
test,T2,34.55,31.764906
test,T2,34.55,32.268063
test,T2,34.55,31.488743
test,T2,34.47524,31.42637
test,T2,34.26524,31.180258
test,T2,34.13,31.578249
test,T2,34.13,32.241302
test,T2,34.13,30.918787
test,T2,34.13,31.871845
test,T2,34.13,31.620188
test,T2,34.13,31.298332
test,T2,34.13,31.456766
test,T2,33.893925,31.917204
test,T2,33.228924,31.406843
test,T2,32.8,31.33121
test,T2,32.8,31.77801
test,T2,32.8,31.744385
test,T2,32.8,31.720825
test,T2,32.8,31.620098
test,T2,32.8,31.502033
test,T2,32.8,31.885695
test,T2,33.025425,31.333551
test,T2,33.660423,31.22132
test,T2,34.07,31.070063
test,T2,34.07,31.422562
test,T2,34.07,31.654442
test,T2,34.07,31.385092
test,T2,34.07,31.503551
test,T2,34.07,31.142298
test,T2,34.07,31.392279
test,T2,34.0132,31.419214
test,T2,33.8532,31.229273
test,T2,33.75,31.210402
test,T2,33.75,31.197916
test,T2,33.75,30.786612
test,T2,33.75,31.097332
test,T2,33.75,31.333464
test,T2,33.75,31.717215
test,T2,33.75,31.297932
test,T2,33.89555,31.224806
test,T2,34.30555,30.858435
test,T2,34.57,31.016773
test,T2,34.57,31.163208
test,T2,34.57,31.481169
test,T2,34.57,31.191034
test,T2,34.57,31.035112
test,T2,34.57,31.458157
test,T2,34.57,30.767424
test,T2,34.5274,31.081295
test,T2,34.4074,31.198843
test,T2,34.33,31.269024
test,T2,34.33,31.158285
test,T2,34.33,31.605162
test,T2,34.33,31.237959
test,T2,34.33,31.147665
test,T2,34.33,31.194817
test,T2,34.33,31.006783
test,T2,34.44005,31.411283
test,T2,34.75005,31.729473
test,T2,34.95,31.305897
test,T2,34.95,31.032099
test,T2,34.95,31.007566
test,T2,34.95,30.95104
test,T2,34.95,31.273857
test,T2,34.95,31.257524
test,T2,34.95,31.308683
test,T2,34.823975,31.243128
test,T2,34.468975,30.813026
test,T2,34.24,31.027742
test,T2,34.24,30.596224
test,T2,34.24,30.853132
test,T2,34.24,30.992208
test,T2,34.24,31.15383
test,T2,34.24,30.753479
test,T2,34.24,31.245405
test,T2,34.08735,30.962511
test,T2,33.65735,30.866205
test,T2,33.38,30.83327
test,T2,33.38,30.995188
test,T2,33.38,31.28164
test,T2,33.38,30.709585
test,T2,33.38,30.504843
test,T2,33.38,30.45257
test,T2,33.38,30.56259
test,T2,33.0321,30.797194
test,T2,32.0521,30.935856
test,T2,31.42,31.068518
test,T2,31.42,31.127592
test,T2,31.42,32.070515
test,T2,31.42,31.45793
test,T2,31.42,31.20778
test,T2,31.42,31.194056
test,T2,31.42,31.157625
test,T2,31.27445,31.108824
test,T2,30.86445,31.09137
test,T2,30.6,30.849285
test,T2,30.6,30.996428
test,T2,30.6,30.920305
test,T2,30.6,31.214376
test,T2,30.6,30.887526
test,T2,30.6,30.818995
test,T2,30.6,31.122244
test,T2,30.477371,30.783289
test,T2,30.132372,30.642399
test,T2,29.91,31.030752
test,T2,29.91,30.899387
test,T2,29.91,30.730257
test,T2,29.91,31.013208
test,T2,29.91,30.701868
test,T2,29.91,30.865664
test,T2,29.91,30.87451
test,T2,29.475124,31.302439
test,T2,28.250126,30.845385
test,T2,27.46,30.874514
test,T2,27.46,30.932257
test,T2,27.46,30.970688
test,T2,27.46,31.286406
test,T2,27.46,31.210272
test,T2,27.46,31.218466
test,T2,27.46,31.276937
test,T2,27.5949,31.314009
test,T2,27.9749,31.16115
test,T2,28.22,31.444742
test,T2,28.22,31.012096
test,T2,28.22,31.169514
test,T2,28.22,31.223408
test,T2,28.22,31.562922
test,T2,28.22,31.174614
test,T2,28.22,31.234926
test,T2,28.2271,31.154842
test,T2,28.2471,31.141611
test,T2,28.26,31.312416
test,T2,28.26,31.318945
test,T2,28.26,31.12586
test,T2,28.26,31.486315
test,T2,28.26,31.613592
test,T2,28.26,31.830275
test,T2,28.26,31.3827
test,T2,28.313316,31.176203
test,T2,28.463316,31.19109
test,T2,28.56,31.242483
test,T2,28.56,31.75098
test,T2,28.56,31.923141
test,T2,28.56,31.482235
test,T2,28.56,31.525
test,T2,28.56,31.194525
test,T2,28.56,31.296665
test,T2,28.707325,31.37267
test,T2,29.122326,31.281916
test,T2,29.39,31.403133
test,T2,29.39,31.253382
test,T2,29.39,30.947062
test,T2,29.39,30.856314
test,T2,29.39,31.230658
test,T2,29.39,31.38773
test,T2,29.39,32.096786
test,T2,29.4326,31.251772
test,T2,29.5526,30.955065
test,T2,29.63,31.254587
test,T2,29.63,31.24066
test,T2,29.63,31.11849
test,T2,29.63,30.952805
test,T2,29.63,31.310406
test,T2,29.63,31.386408
test,T2,29.63,30.861506
test,T2,29.7365,31.265093
test,T2,30.0365,31.325823
test,T2,30.23,32.14624
test,T2,30.23,31.577875
test,T2,30.23,31.24779
test,T2,30.23,31.277296
test,T2,30.23,31.230078
test,T2,30.23,31.373413
test,T2,30.23,31.199202
test,T2,29.958426,31.67492
test,T2,29.193424,31.19703
test,T2,28.7,31.042048
test,T2,28.7,31.197935
test,T2,28.7,31.199015
test,T2,28.7,31.002565
test,T2,28.7,31.358246
test,T2,28.7,31.458818
test,T2,28.7,31.573393
test,T2,28.8775,31.09464
test,T2,29.3775,32.346817
test,T2,29.7,31.663982
test,T2,29.7,31.652826
test,T2,29.7,31.278631
test,T2,29.7,31.498478
test,T2,29.7,31.494421
test,T2,29.7,31.069073
test,T2,29.7,31.261484
test,T2,29.8775,31.38521
test,T2,30.3775,31.470335
test,T2,30.7,31.338058
test,T2,30.7,31.647257
test,T2,30.7,31.647306
test,T2,30.7,31.028816
test,T2,30.7,31.375774
test,T2,30.7,31.034662
test,T2,30.7,31.66363
test,T2,30.8633,31.42017
test,T2,31.3233,31.501078
test,T2,31.62,31.63502
test,T2,31.62,31.227095
test,T2,31.62,31.743422
test,T2,31.62,31.67256
test,T2,31.62,31.587355
test,T2,31.62,31.613127
test,T2,31.62,31.117662
test,T2,31.8543,31.601353
test,T2,32.5143,31.295416
test,T2,32.94,31.529406
test,T2,32.94,31.614262
test,T2,32.94,31.692308
test,T2,32.94,31.366817
test,T2,32.94,31.43081
test,T2,32.94,31.448427
test,T2,32.94,31.866182
test,T2,32.69897,31.326931
test,T2,32.01897,31.074978
test,T2,31.58,31.6423
test,T2,31.58,31.275759
test,T2,31.58,31.76642
test,T2,31.58,31.256212
test,T2,31.58,31.175192
test,T2,31.58,31.405165
test,T2,31.58,31.40176
test,T2,31.500126,31.567526
test,T2,31.275126,31.768526
test,T2,31.13,31.330528
test,T2,31.13,31.591032
test,T2,31.13,31.709536
test,T2,31.13,31.845308
test,T2,31.13,31.576036
test,T2,31.13,31.479906
test,T2,31.13,31.421427
test,T2,31.145975,31.593496
test,T2,31.190975,31.214306
test,T2,31.22,31.568014
test,T2,31.22,31.101906
test,T2,31.22,31.800379
test,T2,31.22,31.38792
test,T2,31.22,31.571848
test,T2,31.22,31.317286
test,T2,31.22,30.840612
test,T2,30.96795,31.353903
test,T2,30.25795,31.231127
test,T2,29.8,31.193624
test,T2,29.8,31.048712
test,T2,29.8,31.347883
test,T2,29.8,31.379927
test,T2,29.8,31.302166
test,T2,29.8,31.082928
test,T2,29.8,31.1439
test,T2,29.842545,31.423637
test,T2,29.962545,31.485561
test,T2,30.04,31.02498
test,T2,30.04,31.062788
test,T2,30.04,31.19447
test,T2,30.04,31.049711
test,T2,30.04,31.011116
test,T2,30.04,30.864222
test,T2,30.04,31.081968
test,T2,30.027575,31.167974
test,T2,29.992575,31.475212
test,T2,29.97,31.56896
test,T2,29.97,31.114058
test,T2,29.97,31.398176
test,T2,29.97,31.17459
test,T2,29.97,30.860704
test,T2,29.97,31.181469
test,T2,29.97,31.318045
test,T2,29.886576,31.155266
test,T2,29.651575,31.09741
test,T2,29.5,30.994602
test,T2,29.5,31.032495
test,T2,29.5,31.236506
test,T2,29.5,31.258018
test,T2,29.5,31.384047
test,T2,29.5,31.592216
test,T2,29.5,31.507877
test,T2,29.63135,31.567436
test,T2,30.00135,31.47811
test,T2,30.24,30.92262
test,T2,30.24,31.4416
test,T2,30.24,31.334045
test,T2,30.24,31.347475
test,T2,30.24,31.219675
test,T2,30.24,30.857988
test,T2,30.24,30.995815
test,T2,30.337626,31.05041
test,T2,30.612625,31.419538
test,T2,30.79,30.948778
test,T2,30.79,31.301466
test,T2,30.79,31.294472
test,T2,30.79,31.00577
test,T2,30.79,31.11363
test,T2,30.79,31.770422
test,T2,30.79,31.836447
test,T2,30.86455,31.221373
test,T2,31.07455,31.774488
test,T2,31.21,31.368887
test,T2,31.21,30.598043
test,T2,31.21,31.18688
test,T2,31.21,31.195616
test,T2,31.21,31.275393
test,T2,31.21,31.470049
test,T2,31.21,30.844381
test,T2,31.135334,30.904417
test,T2,30.925333,30.877256
test,T2,30.79,30.927237
test,T2,30.79,31.1075
test,T2,30.79,31.364965
test,T2,30.79,31.042986
test,T2,30.79,31.127321
test,T2,30.79,31.181786
test,T2,30.79,31.359915
test,T2,30.8681,31.132633
test,T2,31.0881,30.863047
test,T2,31.23,30.900011
test,T2,31.23,30.95778
test,T2,31.23,31.38849
test,T2,31.23,30.97829
test,T2,31.23,31.356129
test,T2,31.23,31.251352
test,T2,31.23,31.415829
test,T2,31.329556,30.75085
test,T2,31.609556,31.021101
test,T2,31.79,30.924072
test,T2,31.79,31.0424
test,T2,31.79,31.324986
test,T2,31.79,31.47151
test,T2,31.79,31.06166
test,T2,31.79,31.138783
test,T2,31.79,30.81225
test,T2,31.433226,30.876421
test,T2,30.428225,31.012506
test,T2,29.78,31.02572
test,T2,29.78,30.599619
test,T2,29.78,30.903349
test,T2,29.78,30.944105
test,T2,29.78,30.997713
test,T2,29.78,30.73503
test,T2,29.78,30.842604
test,T2,29.76225,30.735878
test,T2,29.71225,30.604979
test,T2,29.68,31.156427
test,T2,29.68,30.508343
test,T2,29.68,30.936998
test,T2,29.68,30.977713
test,T2,29.68,31.352642
test,T2,29.68,31.352118
test,T2,29.68,30.613535
test,T2,29.4883,31.279144
test,T2,28.9483,31.3019
test,T2,28.6,30.870222
test,T2,28.6,31.106981
test,T2,28.6,31.359713
test,T2,28.6,31.306906
test,T2,28.6,30.99432
test,T2,28.6,31.24066
test,T2,28.6,31.438625
test,T2,28.708275,31.415539
test,T2,29.013275,31.34777
test,T2,29.21,30.682135
test,T2,29.21,31.126688
test,T2,29.21,31.101332
test,T2,29.21,31.423922
test,T2,29.21,31.151354
test,T2,29.21,31.232801
test,T2,29.21,31.509855
test,T2,29.263334,31.179264
test,T2,29.413334,31.611689
test,T2,29.51,31.261385
test,T2,29.51,30.924025
test,T2,29.51,31.107035
test,T2,29.51,31.71784
test,T2,29.51,31.419783
test,T2,29.51,31.168823
test,T2,29.51,31.318405
test,T2,29.45846,31.480072
test,T2,29.313461,31.568243
test,T2,29.22,31.3723
test,T2,29.22,30.948921
test,T2,29.22,31.273832
test,T2,29.22,31.28381
test,T2,29.22,31.40834
test,T2,29.22,31.82609
test,T2,29.22,31.481836
test,T2,29.360226,31.22314
test,T2,29.755224,31.189308
test,T2,30.01,31.803913
test,T2,30.01,31.260561
test,T2,30.01,31.650867
test,T2,30.01,31.827583
test,T2,30.01,31.160522
test,T2,30.01,31.513725
test,T2,30.01,31.766735
test,T2,30.164425,31.259344
test,T2,30.599424,31.062723
test,T2,30.88,31.337467
test,T2,30.88,31.46412
test,T2,30.88,31.763414
test,T2,30.88,31.583866
test,T2,30.88,31.552351
test,T2,30.88,31.44698
test,T2,30.88,31.383074
test,T2,30.99715,31.612919
test,T2,31.32715,31.474955
test,T2,31.54,31.397936
test,T2,31.54,31.695585
test,T2,31.54,31.55564
test,T2,31.54,31.316689
test,T2,31.54,31.799265
test,T2,31.54,32.07534
test,T2,31.54,31.94026
test,T2,31.52225,31.479504
test,T2,31.47225,31.615143
test,T2,31.44,31.373377
test,T2,31.44,31.331135
test,T2,31.44,31.62234
test,T2,31.44,31.37847
test,T2,31.44,31.017767
test,T2,31.44,30.824774
test,T2,31.44,31.377087
test,T2,31.4897,32.096283
test,T2,31.6297,31.431074
test,T2,31.72,31.185823
test,T2,31.72,31.486973
test,T2,31.72,31.484648
test,T2,31.72,31.13037
test,T2,31.72,31.24442
test,T2,31.72,30.88019
test,T2,31.72,31.474207
test,T2,31.563604,31.228174
test,T2,31.123604,31.324183
test,T2,30.84,31.637663
test,T2,30.84,31.206469
test,T2,30.84,31.670334
test,T2,30.84,31.74723
test,T2,30.84,31.531605
test,T2,30.84,31.497478
test,T2,30.84,31.741182
test,T2,30.7903,31.727108
test,T2,30.6503,31.673946
test,T2,30.56,31.275646
test,T2,30.56,31.034266
test,T2,30.56,31.255728
test,T2,30.56,31.594988
test,T2,30.56,31.494417
test,T2,30.56,31.386728
test,T2,30.56,31.985151
test,T2,30.504974,31.882097
test,T2,30.349976,31.27437
test,T2,30.25,31.748547
test,T2,30.25,31.37921
test,T2,30.25,31.18833
test,T2,30.25,31.289885
test,T2,30.25,31.409286
test,T2,30.25,31.468714
test,T2,30.25,31.75326
test,T2,30.400875,31.744598
test,T2,30.825874,31.474253
test,T2,31.1,31.321695
test,T2,31.1,31.092299
test,T2,31.1,31.679796
test,T2,31.1,31.38973
test,T2,31.1,31.699957
test,T2,31.1,31.50075
test,T2,31.1,31.644693
test,T2,31.194075,31.669565
test,T2,31.459076,31.29677
test,T2,31.63,31.578629
test,T2,31.63,31.075453
test,T2,31.63,31.448526
test,T2,31.63,31.492617
test,T2,31.63,31.394506
test,T2,31.63,31.452467
test,T2,31.63,31.39822
test,T2,31.59095,31.441183
test,T2,31.48095,31.506475
test,T2,31.41,31.731424
test,T2,31.41,31.78177
test,T2,31.41,31.604277
test,T2,31.41,31.577229
test,T2,31.41,31.371595
test,T2,31.41,31.708925
test,T2,31.41,31.281042
test,T2,31.230724,31.334673
test,T2,30.725725,31.511786
test,T2,30.4,31.82562
test,T2,30.4,31.428576
test,T2,30.4,31.34226
test,T2,30.4,31.315432
test,T2,30.4,31.43313
test,T2,30.4,31.393408
test,T2,30.4,31.265457
test,T2,30.1089,31.55586
test,T2,29.2889,31.407288
test,T2,28.76,31.47854
test,T2,28.76,31.044916
test,T2,28.76,31.19933
test,T2,28.76,31.413597
test,T2,28.76,31.577988
test,T2,28.76,31.910547
test,T2,28.76,31.58711
test,T2,28.57895,31.310158
test,T2,28.06895,31.694143
test,T2,27.74,32.121986
test,T2,27.74,31.987604
test,T2,27.74,31.68181
test,T2,27.74,31.596693
test,T2,27.74,31.03907
test,T2,27.74,31.20265
test,T2,27.74,30.85674
test,T2,27.4489,31.271832
test,T2,26.6289,31.356735
test,T2,26.1,31.248209
test,T2,26.1,31.192257
test,T2,26.1,31.42505
test,T2,26.1,31.804768
test,T2,26.1,31.636093
test,T2,26.1,31.612448
test,T2,26.1,31.581612
test,T2,25.459225,32.032043
test,T2,23.654224,32.244408
test,T2,22.49,31.675013
test,T2,22.49,31.818525
test,T2,22.49,32.080128
test,T2,22.49,31.543652
test,T2,22.49,32.727036
test,T2,22.49,31.840128
test,T2,22.49,33.721973
test,T2,21.082424,34.317783
test,T2,17.117426,34.473732
test,T2,14.56,34.03144
test,T2,14.56,34.02803
test,T2,14.56,34.230373
test,T2,14.56,32.94108
test,T2,14.56,29.63835
test,T2,14.56,30.673634
test,T2,14.56,31.286861
test,T2,13.7861,31.075333
test,T2,11.6061,30.959972
test,T2,10.2,30.900806
test,T2,10.2,30.525255
test,T2,10.2,31.03982
test,T2,10.2,30.922743
test,T2,10.2,30.808615
test,T2,10.2,30.795664
test,T2,10.2,30.159576
test,T2,9.221975,30.069246
test,T2,6.466975,32.597095
test,T2,4.69,32.83169
test,T2,4.69,32.521503
test,T2,4.69,32.706978
test,T2,4.69,32.15065
test,T2,4.69,32.158752
test,T2,4.69,32.620487
test,T2,4.69,32.393494
test,T2,3.95664,32.287037
test,T2,1.89664,32.548622
test,T2,0.57,32.095592
test,T2,0.57,31.687828
test,T2,0.57,32.01466
test,T2,0.57,31.864641
test,T2,0.57,31.717117
test,T2,0.57,31.89184
