split,trip_id,reference_velocity,predicted_velocity
val,M,6.0703335,4.134769
val,M,6.7109585,2.9615839
val,M,7.3174305,1.8761327
val,M,7.5235972,2.2135153
val,M,7.2462363,2.9611385
val,M,6.970097,2.9772363
val,M,6.8616943,2.3518302
val,M,6.6521387,2.4063585
val,M,6.6161942,2.465935
val,M,6.784986,2.4829426
val,M,6.8515697,2.621424
val,M,7.039639,2.5300791
val,M,7.260736,2.5679674
val,M,7.349292,2.6774585
val,M,7.603597,2.8208294
val,M,7.9375415,2.828231
val,M,8.047681,2.5182886
val,M,7.8522224,2.5975273
val,M,7.0657363,2.5478017
val,M,6.0894165,2.4604645
val,M,6.005722,2.4900677
val,M,6.793514,2.5316093
val,M,7.593,3.0284257
val,M,7.7328057,3.0586948
val,M,7.2499304,2.705002
val,M,6.72675,2.7050815
val,M,6.568028,2.6314178
val,M,6.6511526,2.721536
val,M,6.5866666,2.7491677
val,M,6.5392637,2.7650409
val,M,6.7968473,2.5946436
val,M,7.103236,2.6640716
val,M,7.1275973,2.8427048
val,M,6.999944,2.86623
val,M,6.9460278,2.763771
val,M,6.898667,2.72218
val,M,6.8617363,2.9651847
val,M,6.929,3.128672
val,M,7.1562777,3.5371642
val,M,7.3714585,3.6460419
val,M,7.423236,3.458284
val,M,7.4088473,2.9713275
val,M,7.423625,3.2956958
val,M,7.42175,3.5042324
val,M,7.3674026,4.06745
val,M,7.401653,9.952946
val,M,7.572361,13.927768
val,M,7.7030973,8.625148
val,M,7.7068887,10.9983425
val,M,7.6562085,10.643691
val,M,7.618236,9.712881
val,M,7.5151944,10.271907
val,M,7.376042,11.758799
val,M,7.3910418,11.814342
val,M,7.524889,10.812246
val,M,7.6019583,8.497095
val,M,7.5846806,7.7045736
val,M,7.544028,9.456337
val,M,7.558986,9.520895
val,M,7.6483335,11.879896
val,M,7.76675,10.8638
val,M,7.864403,8.443264
val,M,7.829375,9.5601635
val,M,7.6944304,9.594328
val,M,7.5975,8.882705
val,M,7.5680137,9.187765
val,M,7.6216526,8.458696
val,M,7.646347,10.905783
val,M,7.501167,12.403712
val,M,7.347708,13.368983
val,M,7.365097,14.404368
val,M,7.500819,13.044913
val,M,7.485653,11.910145
val,M,7.0660415,12.293291
val,M,6.430222,11.79661
val,M,5.841264,9.686863
val,M,5.51575,9.950804
val,M,5.5750833,10.285799
val,M,5.7949443,9.021891
val,M,5.9516387,10.415974
val,M,6.0114307,11.105735
val,M,6.008333,9.013893
val,M,5.9445834,9.863022
val,M,5.8428054,10.999225
val,M,5.779986,12.254121
val,M,5.7314444,14.598066
val,M,5.7198195,10.2669735
val,M,5.8374863,9.862312
val,M,6.023361,12.711701
val,M,6.138278,10.830208
val,M,6.178389,9.207748
val,M,6.2146945,11.862191
val,M,6.2291527,16.433197
val,M,6.2021666,16.277615
val,M,6.167514,10.785339
val,M,6.1445556,9.245223
val,M,6.137653,7.412065
val,M,6.1894584,8.65924
val,M,6.362861,9.637301
val,M,6.600097,10.492149
val,M,6.764472,14.736807
val,M,6.828597,16.8099
val,M,6.815986,10.8006935
val,M,6.7727637,8.963048
val,M,6.715,9.061001
val,M,6.6276946,7.8208985
val,M,6.5151944,8.380754
val,M,6.45775,8.862787
val,M,6.537431,10.565617
val,M,6.6519723,8.547798
val,M,6.6969028,8.191698
val,M,6.6808195,12.268214
val,M,6.6135416,10.30491
val,M,6.5228333,7.811872
val,M,6.41525,9.604401
val,M,6.3055553,10.281919
val,M,6.231403,13.056978
val,M,6.248833,11.871355
val,M,6.380139,6.263741
val,M,6.419194,5.757931
val,M,6.346375,7.897762
val,M,6.306139,7.984905
val,M,6.2817082,6.4655585
val,M,6.252042,8.482644
val,M,6.1973333,10.312344
val,M,6.145986,8.448748
val,M,6.0269723,8.228613
val,M,5.7917776,7.5137916
val,M,5.591347,9.143783
val,M,5.504778,13.213587
val,M,5.535903,14.552385
val,M,5.681875,11.880718
val,M,5.8428473,7.400733
val,M,5.9125,11.818379
val,M,5.9149027,13.163395
val,M,5.931361,10.209067
val,M,5.9694304,10.543907
val,M,5.973111,10.665792
val,M,5.9650974,9.046682
val,M,6.0078053,11.527199
val,M,6.046403,12.214704
val,M,6.03925,10.688896
val,M,5.991903,5.742007
val,M,5.9480696,6.1800385
val,M,5.9158473,5.5569344
val,M,5.847736,4.2038016
val,M,5.774847,3.63584
val,M,5.7268887,3.2673042
val,M,5.7595835,3.6173818
val,M,5.918097,2.535951
val,M,6.118014,2.62069
val,M,6.263875,2.5571983
val,M,6.3367224,2.0171037
val,M,6.3209305,1.4420421
val,M,6.249181,0.9667679
val,M,6.1495557,1.4083091
val,M,6.0310974,2.2115264
val,M,5.9286113,2.46262
val,M,5.8925695,2.668851
val,M,5.994583,2.6684294
val,M,6.1756945,2.18372
val,M,6.3184724,2.1448936
val,M,6.373903,2.4447532
val,M,6.3435974,2.35096
val,M,6.280486,2.694864
val,M,6.2354026,2.6097412
val,M,6.192375,2.2324233
val,M,6.134111,2.15637
val,M,6.1038613,2.318625
val,M,6.1032085,2.2576146
val,M,6.1344166,2.140437
val,M,6.1795278,2.1842363
val,M,6.181514,2.2900748
val,M,6.1356945,2.4297762
val,M,6.0442085,2.2952578
val,M,5.9365554,2.2147896
val,M,5.82625,2.3218517
val,M,5.712,2.4442258
val,M,5.6378613,2.3460855
val,M,5.6675835,2.6965497
val,M,5.800958,2.6101265
val,M,5.958847,2.6571758
val,M,6.0654583,2.8905938
val,M,6.087847,2.5900836
val,M,6.0438333,2.6739645
val,M,5.97675,2.8627625
val,M,5.8957086,2.8075588
val,M,5.8118887,2.988182
val,M,5.7591805,3.1718655
val,M,5.7840695,2.4682622
val,M,5.9061804,2.5136347
val,M,6.042444,2.6886506
val,M,6.081153,2.4902246
val,M,6.02375,2.3430715
val,M,5.933639,2.545267
val,M,5.834486,3.078673
val,M,5.7360697,3.8600438
val,M,5.553736,6.9433293
val,M,5.245403,10.141624
val,M,5.001361,5.5653872
val,M,4.968222,3.9308202
val,M,5.072625,4.0802526
val,M,5.2260137,3.7444696
val,M,5.382639,4.1150775
val,M,5.4933333,7.694823
val,M,5.535139,8.278803
val,M,5.4915695,5.317782
val,M,5.4010277,3.218616
val,M,5.3548055,4.6033726
val,M,5.4083195,11.565565
val,M,5.517208,14.874777
val,M,5.6165833,13.568026
val,M,5.553889,12.546135
val,M,5.247889,11.373577
val,M,4.791625,10.20665
val,M,4.2602777,9.125405
val,M,3.7624862,9.523684
val,M,3.2339306,11.610527
val,M,2.5491529,13.8515005
val,M,1.8040138,9.659052
val,M,1.1694584,7.9140477
val,M,0.90225,10.026472
val,M,1.2493472,9.718092
val,M,2.6253471,6.956522
val,M,3.7244444,5.8091826
val,M,3.1518888,7.8906894
val,M,1.571875,7.179672
val,M,0.32988888,6.250963
val,M,0.8100972,7.909574
val,M,1.4272083,9.064585
val,M,0.87831944,8.490587
val,M,1.6795695,10.474302
val,M,4.684222,10.945925
val,M,8.196362,14.862949
val,M,10.453903,11.043692
val,M,10.9065,7.538322
val,M,10.705444,10.08185
val,M,10.393888,14.257395
val,M,9.976611,14.172583
val,M,9.56768,11.900658
val,M,9.244638,10.970625
val,M,9.1125,10.762217
val,M,9.079264,14.188435
val,M,9.123847,11.831579
val,M,9.372848,7.9304414
val,M,9.852195,10.335648
val,M,10.544097,10.752822
val,M,11.3295,8.611854
val,M,11.855097,10.991239
val,M,12.169903,10.181733
val,M,12.554694,9.489653
val,M,12.919736,10.887452
val,M,13.08275,13.988197
val,M,12.902403,11.172648
val,M,12.3371525,6.093161
val,M,11.668639,9.163342
val,M,11.161056,10.281538
val,M,11.115806,7.938003
val,M,11.600639,7.7676387
val,M,12.17325,9.256411
val,M,12.485736,10.547448
val,M,12.45925,10.061117
val,M,12.42382,9.28908
val,M,12.691153,8.182575
val,M,12.994638,6.848319
val,M,13.091945,12.145834
val,M,13.151389,12.74935
val,M,13.440778,9.078033
val,M,13.953486,10.548989
val,M,14.719625,11.739081
val,M,15.813945,11.142883
val,M,17.017958,8.368446
val,M,18.113111,9.90434
val,M,18.65175,14.392594
val,M,18.62461,13.634435
val,M,18.44411,11.500662
val,M,18.216042,8.948512
val,M,18.11282,10.08041
val,M,18.159014,11.470631
val,M,18.147736,11.0617695
val,M,17.986944,10.091499
val,M,17.618763,11.679854
val,M,17.421778,10.085815
val,M,17.604458,13.153368
val,M,17.790333,13.440956
val,M,17.867598,9.250088
val,M,17.489292,9.203253
val,M,17.354626,8.613448
val,M,17.670584,8.889532
val,M,17.60275,8.666675
val,M,17.543028,8.361579
val,M,17.231777,7.3575773
val,M,17.118723,8.693647
val,M,17.42786,11.885452
val,M,17.489779,11.2373295
val,M,17.527819,8.764868
val,M,17.598846,8.758394
val,M,17.672709,7.0132794
val,M,17.819902,8.439577
val,M,18.048166,12.447947
val,M,18.238861,14.8238325
val,M,18.390541,13.015327
val,M,18.43593,14.188134
val,M,18.504486,11.217258
val,M,18.545444,8.316828
val,M,18.471277,8.299193
val,M,18.37439,6.8747473
val,M,18.22332,6.0092974
val,M,18.071806,6.4121175
val,M,17.795958,6.0384307
val,M,16.82386,7.4099536
val,M,14.948903,8.366157
val,M,13.436944,6.3135114
val,M,6.5112915,8.0359955
val,M,0.0,10.573086
val,M,1.032087e-11,8.934236
val,M,7.5595,5.8451657
val,M,16.036596,5.453278
val,M,16.971737,7.19655
val,M,17.027945,7.8525043
val,M,17.139957,6.714756
val,M,17.31479,6.431152
val,M,17.536346,8.684322
val,M,17.745764,14.005615
val,M,17.89782,14.672495
val,M,17.944014,10.769938
val,M,17.870235,14.176859
val,M,17.729097,13.331752
val,M,17.551708,12.003506
val,M,17.408958,10.50366
val,M,17.363472,10.271361
val,M,17.391459,12.053997
val,M,17.449514,13.544346
val,M,17.512028,12.351972
val,M,17.547209,11.502721
val,M,17.434694,9.775278
val,M,17.308487,13.431734
val,M,17.348278,14.017708
val,M,17.301653,10.750453
val,M,17.039362,10.818024
val,M,16.640583,12.453057
val,M,15.851944,14.139004
val,M,15.18968,13.224968
val,M,15.274208,11.159328
val,M,15.639903,9.6240835
val,M,15.906097,12.044054
val,M,16.060236,12.215584
val,M,16.193832,8.952568
val,M,16.299652,9.979223
val,M,16.35257,11.702961
val,M,16.277458,13.440683
val,M,15.849195,11.070938
val,M,15.043222,10.74053
val,M,14.419458,12.872377
val,M,14.287111,14.779367
val,M,14.467847,12.033815
val,M,14.961847,13.031704
val,M,15.467459,12.027939
val,M,15.78975,6.281437
val,M,16.119541,6.637584
val,M,16.450708,8.224693
val,M,16.624445,11.123678
val,M,16.682096,8.756316
val,M,16.791374,5.859484
val,M,16.903723,7.3831077
val,M,16.834362,9.352123
val,M,16.946861,10.396385
val,M,17.111458,9.501467
val,M,11.9215555,5.5254283
val,M,9.341,5.35345
val,M,14.285556,3.5070617
val,M,16.567194,1.7478058
val,M,16.306486,1.276791
val,M,16.157,0.89095557
val,M,16.06479,0.95261043
val,M,15.889639,1.410557
val,M,15.612597,1.8986063
val,M,15.185083,2.2047024
val,M,14.708583,2.3333094
val,M,14.146875,2.3433075
val,M,13.526278,2.142079
val,M,12.906709,2.1080914
val,M,12.403722,2.2320602
val,M,12.09157,2.2358856
val,M,11.809611,2.199697
val,M,11.226264,2.2535152
val,M,10.369736,2.2310734
val,M,9.588722,2.3249884
val,M,8.919236,2.3289974
val,M,8.636778,2.2890453
val,M,9.018056,2.363902
val,M,9.820723,2.2792091
val,M,10.509694,2.2040076
val,M,10.769347,2.1577039
val,M,10.962209,2.1184936
val,M,11.366639,2.1950357
val,M,11.755834,2.1885812
val,M,12.333208,2.2391562
val,M,12.875334,2.2890787
val,M,13.095667,2.2026513
val,M,13.254598,2.2909753
val,M,13.320153,2.29742
val,M,13.326819,2.1934524
val,M,13.292931,2.313294
val,M,13.423458,2.2661743
val,M,13.60225,2.204142
val,M,13.7688055,2.2908695
val,M,14.084556,7.3617854
val,M,14.285209,7.9351335
val,M,14.316264,3.384956
val,M,14.151958,3.5217047
val,M,13.68575,4.2343497
val,M,13.0627365,4.806748
val,M,12.494125,7.2826624
val,M,12.014986,9.240459
val,M,11.602639,5.3281484
val,M,11.368153,2.6141229
val,M,11.347139,3.8323808
val,M,11.450723,4.35656
val,M,11.594861,3.3976471
val,M,11.770875,3.6251848
val,M,12.0859165,3.6253448
val,M,12.40625,4.021852
val,M,12.503986,3.6717398
val,M,12.463208,3.882685
val,M,12.411764,7.3492794
val,M,12.317862,7.103498
val,M,12.274764,4.7098193
val,M,12.301291,4.9764357
val,M,12.256736,4.850024
val,M,12.162833,8.052004
val,M,12.183792,13.612764
val,M,12.257709,16.150385
val,M,12.281709,12.382185
val,M,12.246458,10.365627
val,M,12.152667,10.727837
val,M,12.162569,10.909195
val,M,12.190861,9.748922
val,M,12.219848,9.153046
val,M,12.262042,10.235291
val,M,12.230972,13.256266
val,M,12.303528,12.281593
val,M,12.516306,15.003677
val,M,12.6900835,13.678019
val,M,12.749042,12.227472
val,M,12.713902,13.778551
val,M,12.657444,9.67661
val,M,12.6045,11.911896
val,M,12.570389,8.104413
val,M,12.5541115,10.276564
val,M,12.535819,10.991814
val,M,12.535903,7.120317
val,M,12.534361,8.758167
val,M,12.521459,7.9872985
val,M,12.509681,8.052041
val,M,12.487431,9.586624
val,M,12.42775,9.077892
val,M,12.355348,9.713221
val,M,12.27093,10.340548
val,M,12.184569,11.02782
val,M,12.1125,11.521313
val,M,12.098375,9.373959
val,M,12.124958,9.380831
val,M,12.115861,4.910478
val,M,12.028125,3.5728307
val,M,11.857542,3.5638008
val,M,11.624291,3.8450866
val,M,11.0929165,4.0745707
val,M,10.187458,4.3910546
val,M,9.270389,10.62227
val,M,8.627264,13.672583
val,M,8.23757,12.00899
val,M,7.989139,8.767033
val,M,7.8688474,11.122885
val,M,7.969097,11.663767
val,M,8.367194,6.3577247
val,M,8.882584,4.8179955
val,M,9.400666,3.7072496
val,M,9.97593,2.193554
val,M,10.395445,1.2737176
val,M,10.530306,2.0319927
val,M,10.514764,3.1257384
val,M,10.378542,3.7047563
val,M,10.161,4.336633
val,M,10.029208,3.93361
val,M,9.952389,2.527
val,M,9.829833,2.3347425
val,M,9.337334,2.9453738
val,M,8.096736,2.6329756
val,M,6.080097,2.943357
val,M,3.890736,2.470817
val,M,2.9166806,1.9923966
val,M,3.7055,2.3001997
val,M,5.4900694,2.808692
val,M,7.413889,2.5049372
val,M,8.939917,1.9560707
val,M,9.850458,1.7895076
val,M,10.305667,1.3988396
val,M,10.527069,1.5075581
val,M,10.635403,1.4780883
val,M,10.70282,2.119525
val,M,10.69,2.6258276
val,M,10.584473,1.7099673
val,M,10.506375,2.0588877
val,M,10.462222,3.1983447
val,M,10.389402,3.0639462
val,M,10.434014,2.8362374
val,M,10.693764,2.6272418
val,M,10.933847,2.2059205
val,M,11.075042,2.3058176
val,M,11.240986,2.5580392
val,M,11.389347,1.8913555
val,M,11.564389,1.764993
val,M,11.588875,1.596743
val,M,11.33375,1.5722811
val,M,10.944041,1.6550674
val,M,10.482458,1.618308
val,M,10.011653,1.9092407
val,M,9.563972,1.9226273
val,M,9.120791,2.3249826
val,M,8.660958,3.3234267
val,M,8.220014,3.8481746
val,M,7.7595835,9.287046
val,M,7.0981946,15.508853
val,M,6.1411667,9.375088
val,M,5.1089444,4.495993
val,M,4.114972,6.4308715
val,M,3.09125,9.334137
val,M,2.115986,16.004042
val,M,1.2150834,14.307247
val,M,0.433125,9.320891
val,M,0.05525,15.052289
val,M,0.01575,19.026606
val,M,0.012986111,14.463889
val,M,0.013930555,12.655995
val,M,0.017541667,14.466614
val,M,0.018847222,16.27672
val,M,0.022944445,14.348996
val,M,0.02738889,10.979849
val,M,0.024916667,13.651797
val,M,0.022666667,14.620319
val,M,0.021694444,11.881929
val,M,0.021930555,11.184843
val,M,0.022388889,10.669899
val,M,0.020972222,11.998564
val,M,0.013305555,17.912668
val,M,0.011638889,16.97087
val,M,0.013833334,11.082453
val,M,0.013791666,13.256956
val,M,0.013972222,15.64416
val,M,0.011305556,14.297863
val,M,0.009736111,14.772793
val,M,0.041666668,13.471508
val,M,0.92845833,13.154693
val,M,3.0058334,12.80977
val,M,5.132764,12.578575
val,M,6.7466664,10.948959
val,M,8.021319,6.7448053
val,M,9.009222,6.518484
val,M,9.902861,5.597936
val,M,10.812959,4.373855
val,M,11.709639,3.1751685
val,M,12.328847,3.261932
val,M,12.3509445,2.8135393
val,M,12.095708,3.0036511
val,M,11.900945,2.8716276
val,M,12.126416,2.384818
val,M,12.561889,1.8075875
val,M,12.742111,1.6377882
val,M,12.815056,1.8789475
val,M,12.979889,4.3665433
val,M,13.21918,4.9018817
val,M,13.328777,2.7514095
val,M,13.393986,2.1691656
val,M,13.451583,2.089785
val,M,13.5448475,2.68115
val,M,13.778209,2.9119067
val,M,14.080861,2.2415247
val,M,14.365708,1.8615828
val,M,14.631986,1.7947996
val,M,14.954431,1.7031647
val,M,15.415139,3.1258593
val,M,16.050486,3.8701396
val,M,16.604403,3.3821425
val,M,17.007555,4.437689
val,M,17.364,9.737623
val,M,17.640152,8.235847
val,M,17.840334,9.911713
val,M,18.059431,12.335642
val,M,18.227,14.941439
val,M,18.247736,16.818018
val,M,18.196014,14.0394945
val,M,17.851444,13.394486
val,M,17.22725,15.21422
val,M,16.627388,14.99682
val,M,16.03739,13.574879
val,M,15.422639,11.611973
val,M,14.790459,12.677787
val,M,14.040097,13.9255
val,M,12.945194,16.423567
val,M,11.344848,16.814117
val,M,9.611806,13.262697
val,M,8.500014,11.272033
val,M,7.9166946,15.30406
val,M,7.46375,16.299826
val,M,7.1917915,14.097772
val,M,7.0600834,16.03505
val,M,7.0824585,20.31793
val,M,7.5445137,19.31133
val,M,8.587472,18.522926
val,M,9.67425,19.259794
val,M,10.528084,17.23779
val,M,11.307083,16.153395
val,M,12.080722,14.030018
val,M,12.737083,10.148847
val,M,13.099861,9.809292
val,M,13.220612,15.655935
val,M,13.278722,16.06901
val,M,13.302139,13.920073
val,M,13.13975,13.795498
val,M,12.873042,10.291084
val,M,12.694056,9.295332
val,M,12.540958,11.619587
val,M,12.403958,12.174681
val,M,12.158083,12.853151
val,M,11.742986,13.340029
val,M,11.29668,14.0454035
val,M,10.747903,10.41373
val,M,9.87693,12.311353
val,M,8.834347,11.206561
val,M,8.006583,10.732624
val,M,7.4991946,10.480068
val,M,7.363458,6.278301
val,M,7.657111,5.405091
val,M,8.1149025,4.755351
val,M,8.796111,3.2685895
val,M,9.791862,5.195371
val,M,10.745486,4.4923844
val,M,11.605583,4.8225236
val,M,12.440653,5.778608
val,M,13.070666,4.508735
val,M,13.2097225,3.5021968
val,M,13.091473,3.9948971
val,M,13.081805,3.6608205
val,M,13.116014,5.2841043
val,M,13.118667,6.354926
val,M,13.132764,5.4414697
val,M,13.151361,5.0780797
val,M,13.201263,4.0472875
val,M,13.2583885,3.5302706
val,M,13.278584,4.586298
val,M,13.283417,4.7492867
val,M,13.289264,3.088186
val,M,13.27275,3.327233
val,M,13.244542,3.9471936
val,M,13.246347,4.382995
val,M,13.249792,4.2013288
val,M,13.242708,4.913866
val,M,13.245431,5.2757306
val,M,13.196236,4.8998055
val,M,13.151652,12.879166
val,M,13.165667,11.986708
val,M,13.171375,8.342993
val,M,13.139444,11.580512
val,M,13.027847,15.761913
val,M,13.034194,15.527423
val,M,13.117695,11.899212
val,M,12.958917,13.441689
val,M,12.922472,15.242562
val,M,13.045139,14.628302
val,M,13.0485,14.273034
val,M,13.082209,12.356916
val,M,13.034917,10.759777
val,M,12.593153,12.8590355
val,M,11.293931,12.946764
val,M,9.744,8.187923
val,M,9.015917,4.1701245
val,M,8.898861,3.3623762
val,M,8.666805,7.583594
val,M,8.035139,6.657238
val,M,7.333542,3.3102283
val,M,6.898361,2.9198291
val,M,6.919014,3.569698
val,M,7.0721664,6.560186
val,M,7.1728473,4.081601
val,M,7.4852085,3.5549054
val,M,7.9712777,6.056969
val,M,8.643416,8.6734295
val,M,9.466097,15.378326
val,M,10.270139,15.051641
val,M,10.907458,11.36511
val,M,11.010667,12.021465
val,M,10.521402,11.45397
val,M,9.80725,12.389097
val,M,8.994208,13.931352
val,M,8.423597,12.910601
val,M,8.582639,12.299919
val,M,9.198833,11.17454
val,M,10.092472,12.13586
val,M,11.249458,13.87654
val,M,12.262764,14.179338
val,M,12.883014,12.083052
val,M,13.10757,9.695736
val,M,13.066028,5.75188
val,M,12.734528,4.594022
val,M,12.510041,3.6548505
val,M,12.625736,2.7567658
val,M,12.734208,3.1290998
val,M,12.70282,2.0963092
val,M,12.522458,3.1473956
val,M,12.486944,5.5355926
val,M,12.674556,4.5717225
val,M,12.773708,2.3386726
val,M,12.613889,5.4752755
val,M,12.308416,12.459739
val,M,12.060375,13.808253
val,M,11.846264,13.32031
val,M,11.726653,15.597412
val,M,11.755889,17.859425
val,M,11.852305,13.76397
val,M,11.817361,11.856003
val,M,11.570806,12.961481
val,M,11.304209,16.311235
val,M,11.110917,17.992018
val,M,10.913417,15.630232
val,M,10.735945,14.980424
val,M,10.635834,13.488005
val,M,10.5778055,18.820242
val,M,10.725306,19.000933
val,M,11.2387085,14.897072
val,M,11.845014,15.64621
val,M,12.6145,17.664835
val,M,13.399597,16.063519
val,M,13.648903,13.840904
val,M,13.569305,12.574822
val,M,13.551403,14.787085
val,M,13.636791,13.995684
val,M,13.769722,13.313179
val,M,13.929542,16.078032
val,M,14.104417,16.336023
val,M,14.112445,15.435969
val,M,13.697667,11.591734
val,M,12.984083,11.953052
val,M,12.131153,12.610289
val,M,11.177819,13.645144
val,M,9.981958,11.494615
val,M,8.731389,8.139946
val,M,7.826611,6.9347343
val,M,7.439375,3.8901823
val,M,7.652972,3.3273103
val,M,8.002,2.6151004
val,M,8.384597,2.3651547
val,M,8.817111,2.9831872
val,M,9.196083,2.8035831
val,M,9.436097,4.2512274
val,M,9.449625,3.8014896
val,M,9.571903,2.4508328
val,M,9.7545,2.8656888
val,M,9.695653,2.5077255
val,M,9.5365,1.6393362
val,M,9.646264,2.0753226
val,M,10.172014,1.9726113
val,M,10.890653,1.9428465
val,M,11.5911665,2.612499
val,M,12.263445,2.3743405
val,M,12.855917,2.8569484
val,M,13.284625,3.2351768
val,M,13.55025,4.19308
val,M,13.570153,3.6141634
val,M,13.37025,2.9400935
val,M,13.017125,1.733689
val,M,12.623764,1.1871479
val,M,12.366944,1.2109545
val,M,12.217806,2.4362216
val,M,12.243611,2.9011989
val,M,12.408861,2.5704353
val,M,12.584458,2.5714188
val,M,12.71275,2.5587587
val,M,12.712264,2.950274
val,M,12.6762085,4.0533037
val,M,12.728583,3.929203
val,M,12.7490835,4.408488
val,M,12.46718,5.727045
val,M,12.058333,4.032312
val,M,12.12193,4.0306067
val,M,12.416195,8.097617
val,M,12.631861,7.512798
val,M,12.845098,7.539471
val,M,12.991528,8.896623
val,M,13.131014,11.884632
val,M,13.347139,14.089907
val,M,13.535292,16.11577
val,M,13.539653,16.290741
val,M,13.530361,16.118406
val,M,13.618764,16.125547
val,M,13.724584,14.638916
val,M,13.936375,17.940916
val,M,14.221458,15.343725
val,M,14.327236,12.128266
val,M,14.317833,14.084755
val,M,14.298195,9.809334
val,M,14.266152,8.611687
val,M,14.221264,10.821001
val,M,14.172722,10.118918
val,M,14.119125,9.954703
val,M,13.970417,15.629186
val,M,13.830764,14.987875
val,M,13.714084,8.998017
val,M,13.653292,6.9867053
val,M,13.802264,8.509688
val,M,14.04875,14.199057
val,M,14.316083,11.575499
val,M,14.621972,10.840303
val,M,14.930792,17.870243
val,M,15.17693,16.365992
val,M,15.325931,12.001109
val,M,15.408931,9.569912
val,M,15.323264,7.825879
val,M,15.00543,10.554026
val,M,14.609902,13.0558815
val,M,13.999653,8.96983
val,M,12.908042,11.432117
val,M,11.335903,12.542707
val,M,9.4314165,8.279833
val,M,7.455167,4.9399743
val,M,5.719681,4.3148937
val,M,4.8331113,4.5914307
val,M,5.2732363,3.223803
val,M,6.402458,3.4689465
val,M,7.411014,4.3780594
val,M,8.2930975,4.8920064
val,M,9.105695,5.6222763
val,M,9.824306,6.5993276
val,M,10.349361,5.382243
val,M,10.761472,2.9876628
val,M,11.2734165,5.423726
val,M,11.727792,4.633002
val,M,12.040986,3.872807
val,M,12.310625,4.192679
val,M,12.524361,4.256141
val,M,12.821875,5.5631466
val,M,13.160931,3.8256273
val,M,13.361931,2.635962
val,M,13.576736,2.002835
val,M,13.606556,2.129397
val,M,13.524111,3.4593446
val,M,13.355903,4.058223
val,M,13.23068,2.510314
val,M,13.411056,3.521009
val,M,13.565278,4.391482
val,M,13.4846945,4.7291527
val,M,12.913806,4.9412017
val,M,12.087514,8.069441
val,M,11.509736,7.2643332
val,M,11.317069,7.7682323
val,M,11.488334,4.266106
val,M,11.813181,3.1925807
val,M,12.045777,3.9742942
val,M,12.143486,6.1082845
val,M,12.148556,9.292738
val,M,12.074208,9.436661
val,M,11.95775,6.7453666
val,M,11.803389,3.774165
val,M,11.636264,2.116221
val,M,11.492986,1.7350134
val,M,11.307195,2.7423997
val,M,10.966,4.2557993
val,M,10.489917,4.478395
val,M,10.031834,5.0327168
val,M,9.686194,6.584142
val,M,9.418263,8.456194
val,M,9.23457,4.074222
val,M,9.200084,4.032178
val,M,9.28818,9.569614
val,M,9.370764,7.666335
val,M,9.464791,4.706125
val,M,9.726681,5.135917
val,M,10.10443,6.3971744
val,M,10.28325,4.1055984
val,M,9.872778,2.842818
val,M,8.727083,4.293995
val,M,7.0597224,5.0080523
val,M,5.7261944,4.892122
val,M,5.202139,8.024523
val,M,5.2154584,4.1731977
val,M,5.731458,4.0349874
val,M,6.5550556,6.1427355
val,M,7.306,8.535067
val,M,7.888708,3.7023664
val,M,8.350708,3.7420144
val,M,8.597597,2.8705678
val,M,8.348444,2.0864763
val,M,7.509847,2.6542926
val,M,6.452778,3.0190372
val,M,5.782778,3.5453777
val,M,5.8272915,2.979591
val,M,6.4237084,2.120535
val,M,7.249417,4.88034
val,M,8.020875,6.2973104
val,M,8.727944,8.511531
val,M,9.375417,5.3907933
val,M,9.873944,4.995706
val,M,10.213653,8.923609
val,M,10.3052225,11.247381
val,M,10.237445,14.302422
val,M,10.147611,11.3366165
val,M,10.054167,9.5716095
val,M,9.942208,10.962683
val,M,9.797889,11.358812
val,M,9.661305,7.3796344
val,M,9.61225,2.8691745
val,M,9.622833,2.2945952
val,M,9.565486,3.6051006
val,M,9.519278,4.8394794
val,M,9.490167,4.2299323
val,M,9.420709,5.325297
val,M,9.363167,7.3534546
val,M,9.308278,10.9670515
val,M,9.143056,12.995636
val,M,8.920208,7.3773704
val,M,8.766861,3.104128
val,M,8.756667,3.5920863
val,M,8.853681,3.8869197
val,M,8.9565,2.249577
val,M,9.058888,1.264781
val,M,9.141375,2.0065768
val,M,9.152792,3.1851332
val,M,8.884222,3.8780174
val,M,8.16075,3.5394137
val,M,7.028028,2.9390683
val,M,5.6285834,3.5830092
val,M,4.1473475,5.383185
val,M,3.0473611,3.715328
val,M,2.9498055,2.6175601
val,M,3.9101388,2.490017
val,M,5.274889,4.353173
val,M,6.501097,3.571434
val,M,7.4614444,3.1424365
val,M,8.142389,3.2677402
val,M,8.632222,2.6734164
val,M,8.962431,2.5803065
val,M,9.161417,2.7449508
val,M,9.330361,3.394293
val,M,9.494805,3.4811778
val,M,9.643319,3.0982425
val,M,9.776639,2.8902044
val,M,9.926598,3.826201
val,M,10.102917,7.9946036
val,M,10.3272085,7.5625925
val,M,10.542889,4.96279
val,M,10.753417,4.823297
val,M,10.972709,5.92201
val,M,11.117473,5.774961
val,M,11.115875,5.7644334
val,M,10.888528,8.120335
val,M,10.505861,8.482586
val,M,10.043777,6.1559367
val,M,9.39032,6.7929196
val,M,8.501667,7.9170847
val,M,7.524375,8.758279
val,M,6.333736,8.277225
val,M,4.7514167,9.928684
val,M,3.1163473,8.76606
val,M,2.3985417,8.165722
val,M,2.799125,7.6706915
val,M,3.6536806,6.3495746
val,M,4.641736,7.939097
val,M,5.3365,7.990901
val,M,5.5774026,6.962115
val,M,6.020111,7.6014223
val,M,6.5247083,8.722876
val,M,6.576208,9.039663
val,M,6.6509724,7.7686234
val,M,7.006625,7.4291
val,M,7.478125,6.096409
val,M,7.862486,7.8234515
val,M,7.9862638,10.296787
val,M,7.871639,5.906627
val,M,7.64525,3.9224744
val,M,7.4155,3.3950286
val,M,7.1655974,2.9007897
val,M,6.8049583,3.2467825
val,M,6.246014,5.08346
val,M,5.4650693,5.369018
val,M,4.648139,6.4380407
val,M,3.8901112,10.603678
val,M,3.1437361,7.6345024
val,M,2.3159723,3.448537
val,M,1.2767361,2.971334
val,M,0.36895832,2.3844326
val,M,0.030805556,2.6334395
val,M,0.013611111,2.6604486
val,M,0.08020833,1.7825137
val,M,0.3075,3.2609777
val,M,0.523875,3.0213459
val,M,0.6679861,1.9674447
val,M,0.77915275,4.1328087
val,M,0.84705555,5.2283654
val,M,0.73581946,5.9239926
val,M,0.50091666,7.207272
val,M,0.38805556,7.3166747
val,M,0.21284722,6.896581
val,M,0.08133333,9.272421
val,M,0.114,9.280336
val,M,0.20120834,8.119356
val,M,0.14998612,6.5792403
val,M,0.023736112,4.992307
val,M,0.014972222,7.022285
val,M,0.012444444,10.108259
val,M,0.021916667,9.725497
val,M,0.13968055,6.730606
val,M,0.32468057,7.5980167
val,M,0.44077778,7.261624
val,M,0.33366665,3.9298992
val,M,0.17133333,6.230456
val,M,0.117194444,8.88187
val,M,0.047152776,6.977741
val,M,0.015819445,5.745618
val,M,0.117916666,6.6162496
val,M,0.38876387,7.1435328
val,M,0.3513472,10.155181
val,M,0.14738889,13.262781
val,M,0.30291668,14.277735
val,M,0.25331944,11.276123
val,M,0.04936111,7.386605
val,M,0.21741667,8.283536
val,M,1.0060139,6.8690057
val,M,2.4023473,7.347383
val,M,3.7850833,9.835087
val,M,4.8691525,10.4047365
val,M,5.5986667,7.1852217
val,M,5.9801526,7.606816
val,M,6.232111,10.7714615
val,M,6.445958,9.821853
val,M,6.611778,9.560763
val,M,6.7617083,9.153805
val,M,6.9486666,7.4986095
val,M,7.1877637,7.007584
val,M,7.4174724,5.7441807
val,M,7.578528,5.1121836
val,M,7.7064724,6.93755
val,M,7.6319585,9.716209
val,M,6.8019586,11.972667
val,M,5.319208,6.6400857
val,M,3.6888888,1.9881023
val,M,1.6516111,2.4091756
val,M,0.23343055,3.402834
val,M,0.012597222,2.9886415
val,M,0.01025,1.8545896
val,M,0.15956944,2.8872268
val,M,0.35072222,3.7035203
val,M,0.20665278,3.2164369
val,M,0.016819444,4.7700014
val,M,0.017416667,9.140784
val,M,0.20801389,8.658966
val,M,1.0405972,9.116587
val,M,2.4561944,7.5439644
val,M,3.9648333,8.345227
val,M,5.387833,10.66646
val,M,6.628972,12.146479
val,M,7.473764,7.8803663
val,M,7.822889,7.005837
val,M,7.6733193,7.9633613
val,M,6.9796667,8.5819025
val,M,5.8080277,8.216423
val,M,4.2749305,6.912459
val,M,2.5984306,8.394722
val,M,1.4140278,8.523603
val,M,1.6688889,7.618036
val,M,3.0384445,8.895037
val,M,4.479361,6.816645
val,M,5.6018057,6.225348
val,M,6.467486,8.361112
val,M,7.4430556,8.763028
val,M,8.127875,9.008368
val,M,8.10257,9.56946
val,M,7.65775,6.829189
val,M,7.028611,8.486538
val,M,6.6187778,9.505562
val,M,6.743708,5.237047
val,M,7.262639,4.056446
val,M,8.015542,5.8907657
val,M,8.627778,7.9218326
val,M,8.842375,7.1995597
val,M,8.843445,2.2861252
val,M,8.833347,1.1613486
val,M,8.793528,1.1840943
val,M,8.756667,1.108756
val,M,8.788847,1.0400038
val,M,8.771167,1.1053212
val,M,8.7255,1.1614664
val,M,8.677139,1.7299056
val,M,8.697416,2.4098017
val,M,8.737375,2.1787996
val,M,8.706737,2.0683153
val,M,8.5071945,2.278789
val,M,8.231653,2.5342703
val,M,8.159486,1.8796557
val,M,8.256042,1.0526663
val,M,8.406236,0.80271435
val,M,8.567139,0.91396815
val,M,8.678097,0.9027752
val,M,8.563639,0.83843696
val,M,8.176556,1.0787487
val,M,7.716472,1.4591624
val,M,7.5539165,1.3424579
val,M,7.7555695,1.3531649
val,M,8.201056,1.6228207
val,M,8.785666,3.4548826
val,M,9.325292,12.056093
val,M,9.714833,7.3629627
val,M,9.838583,2.7710075
val,M,9.791153,2.5952435
val,M,9.752417,3.765029
val,M,9.74293,4.626944
val,M,9.701111,5.195318
val,M,9.696403,5.767697
val,M,9.755944,5.6943
val,M,9.806347,5.810963
val,M,9.907014,4.6833377
val,M,10.00307,6.313133
val,M,10.075292,6.550018
val,M,10.159695,5.5859494
val,M,10.159597,8.993088
val,M,10.063681,9.437142
val,M,9.983791,7.818376
val,M,9.991487,8.857185
val,M,9.947028,8.675554
val,M,9.763889,8.824364
val,M,9.477736,6.381206
val,M,9.215709,4.3180823
val,M,9.135263,4.175875
val,M,9.184542,6.3953614
val,M,9.280403,8.195171
val,M,9.413097,9.790192
val,M,9.600695,8.147452
val,M,9.838764,8.366301
val,M,10.06643,8.833015
val,M,10.322222,7.996875
val,M,10.600805,6.491097
val,M,10.810166,8.55173
val,M,10.813916,10.4672
val,M,10.501611,9.466132
val,M,9.749792,6.315102
val,M,8.617361,3.7012725
val,M,7.393028,6.1963954
val,M,6.33575,7.187945
val,M,5.890111,5.386497
val,M,6.298111,4.064828
val,M,7.175597,3.5491164
val,M,7.8669443,3.7667885
val,M,8.061347,2.724918
val,M,8.01,2.305844
val,M,7.897486,2.2148728
val,M,7.6969304,2.114593
val,M,7.6394863,2.1478658
val,M,7.530139,2.1482925
val,M,7.155028,1.3486695
val,M,6.688861,2.773666
val,M,6.0659447,8.550715
val,M,5.0334306,8.567058
val,M,4.066528,11.480418
val,M,4.04675,13.131856
val,M,4.908389,11.235793
val,M,5.9035974,7.8987556
val,M,6.5519586,11.314361
val,M,7.056736,9.311758
val,M,7.5375695,5.515407
val,M,7.7839026,10.044662
val,M,7.768139,10.985144
val,M,7.614486,8.855886
val,M,7.4053054,6.3472257
val,M,7.2473054,6.3267627
val,M,7.3678055,8.643352
val,M,7.6468334,8.636492
val,M,7.6642776,9.022921
val,M,7.4844027,9.014566
val,M,7.227792,8.74909
val,M,6.539889,8.226453
val,M,5.257347,8.015143
val,M,3.99225,7.1544976
val,M,3.47225,8.112455
val,M,3.9784443,10.513241
val,M,5.1781526,8.135366
val,M,6.36025,8.306321
val,M,7.2394443,11.313589
val,M,7.900764,10.4297695
val,M,8.474569,9.655043
val,M,8.987361,8.627816
val,M,9.173361,7.7664127
val,M,8.959611,3.7000556
val,M,8.723514,3.8741767
val,M,8.707653,4.782392
val,M,8.72207,4.0943146
val,M,8.682931,2.5726542
val,M,8.682959,1.1377791
val,M,8.732847,1.0318238
val,M,8.71675,1.1443146
val,M,8.66125,1.0839599
val,M,8.684139,0.9389555
val,M,8.586375,1.2808903
val,M,7.8718333,1.5644505
val,M,6.581097,1.9805176
val,M,5.420639,2.1454654
val,M,4.819,2.2945185
val,M,4.444375,2.7406495
val,M,3.5075,2.9047768
val,M,1.9814167,2.9114742
val,M,0.7899028,2.7239914
val,M,0.7822222,2.4989684
val,M,1.8429583,2.9678855
val,M,3.1580138,2.6711836
val,M,4.449375,2.4918096
val,M,5.629375,4.166352
val,M,6.2857637,3.5506577
val,M,6.4721527,2.549442
val,M,6.5908194,2.4042895
val,M,7.000653,2.377139
val,M,7.440403,2.1032853
val,M,7.5262084,1.9539012
val,M,7.3024445,2.624051
val,M,6.8754168,5.09225
val,M,6.1737223,7.6350107
val,M,5.5249166,7.8252306
val,M,5.4174304,10.77929
val,M,5.8581805,6.5614805
val,M,6.534153,3.0525618
val,M,6.973889,0.7616279
val,M,7.144403,0.60001355
val,M,7.241958,0.9139145
val,M,7.2753887,3.510428
val,M,7.207486,6.382752
val,M,6.953361,6.698053
val,M,6.6658473,7.692761
val,M,6.7784443,8.567482
val,M,7.1916666,8.895875
val,M,7.5241113,11.664122
val,M,7.683,12.602898
val,M,7.732625,12.08398
val,M,7.706236,14.154354
val,M,7.258264,12.969461
val,M,6.3769584,7.300117
val,M,5.932264,4.3337197
val,M,6.377972,4.9424596
val,M,7.1918197,7.8277297
val,M,7.74825,6.819805
val,M,7.7999306,7.269627
val,M,7.4843054,8.021712
val,M,7.194375,7.5449314
val,M,6.9498057,7.2052064
val,M,6.678125,10.102863
val,M,6.27,11.247719
val,M,5.5333195,8.457932
val,M,4.951014,6.423667
val,M,4.4054165,6.796758
val,M,3.415875,10.660528
val,M,2.9200695,11.030079
val,M,3.5490556,8.017312
val,M,4.6345835,8.619909
val,M,5.6694307,8.17612
val,M,6.5248055,5.9249053
val,M,7.1170974,4.2806582
val,M,7.402097,5.2332883
val,M,7.421597,5.342748
val,M,7.2606807,6.349748
val,M,7.224528,8.027185
val,M,7.623889,6.9233055
val,M,8.06125,4.682249
val,M,8.115139,2.7132547
val,M,7.970375,2.2884638
val,M,7.7470417,1.9210396
val,M,7.402111,2.1870708
val,M,6.8745,1.909249
val,M,6.1649723,1.3385297
val,M,5.6053333,1.6600541
val,M,5.7924166,2.1300116
val,M,6.406361,2.2593684
val,M,6.7125,2.3146489
val,M,6.810458,2.2790363
val,M,6.9126387,2.2267995
val,M,6.9854026,2.227468
val,M,6.819389,2.2389245
val,M,6.5002084,2.3065643
val,M,6.2706804,2.3360531
val,M,6.2726946,2.2380495
val,M,6.454861,2.1758142
val,M,6.87,2.2480521
val,M,7.5801806,2.1752832
val,M,8.036458,2.2099667
val,M,7.9040556,2.2860475
val,M,7.4359446,2.2210855
val,M,6.842708,2.1792486
val,M,6.2125974,2.2944255
val,M,5.91775,2.2351646
val,M,6.2844305,2.3123777
val,M,6.9923196,2.4275856
val,M,7.5173054,2.4348195
val,M,7.6920557,2.402749
val,M,7.67325,2.3046813
val,M,7.5227222,2.555224
val,M,7.127972,3.1884878
val,M,6.8778057,3.2559714
val,M,7.202597,3.1404061
val,M,7.7085137,3.0012436
val,M,8.005944,3.702773
val,M,8.091986,3.9000525
val,M,8.043403,4.850574
val,M,7.9477777,4.176111
val,M,7.8072915,3.551303
val,M,7.8046527,4.1006145
val,M,8.07268,3.9732711
val,M,8.3573475,2.7970378
val,M,8.47025,3.4153266
val,M,8.366,3.9580703
val,M,7.981375,2.9776201
val,M,7.4824443,2.6973672
val,M,7.0255556,2.3346045
val,M,6.4344306,2.0714586
val,M,5.7016945,2.9154985
val,M,5.3943334,2.2422256
val,M,5.8187084,2.158557
val,M,6.5945973,2.5475183
val,M,7.2806807,2.7701633
val,M,7.5844445,2.9139097
val,M,7.530597,3.496207
val,M,7.4195833,3.614746
val,M,7.392208,2.566105
val,M,7.412722,1.432166
val,M,7.737889,1.4039686
val,M,8.289486,1.8898038
val,M,8.613681,1.6027297
val,M,8.7306385,1.2927047
val,M,8.699166,2.7275772
val,M,8.4770975,6.6242766
val,M,7.7198887,4.501459
val,M,6.7305417,3.1384249
val,M,6.357042,3.0538235
val,M,6.5290556,3.5277507
val,M,6.93525,5.1491313
val,M,7.378,4.7526135
val,M,7.55425,3.3221335
val,M,7.4096527,5.236384
val,M,7.1902223,8.471079
val,M,6.983208,9.156403
val,M,6.693153,4.98809
val,M,5.9773054,4.8833184
val,M,5.0154443,8.458397
val,M,4.4602222,7.8554373
val,M,4.0770693,5.066564
val,M,3.1169028,6.1424856
val,M,2.0333612,5.896296
val,M,2.1897223,5.7999864
val,M,3.250264,7.2126355
val,M,4.489153,6.0175138
val,M,5.8403473,5.8864045
val,M,6.677292,7.772431
val,M,6.9321804,9.126996
val,M,7.2645416,8.403706
val,M,8.004111,8.69672
val,M,8.714111,6.892025
val,M,9.016361,5.055975
val,M,9.104055,4.6862183
val,M,9.146542,4.925567
val,M,9.17325,7.742828
val,M,9.140695,8.546323
val,M,8.79168,6.654988
val,M,7.8233333,5.553924
val,M,6.7924585,5.0517383
val,M,6.192611,5.2435956
val,M,5.7184863,3.8135731
val,M,5.291139,3.3808455
val,M,5.014042,2.6474936
val,M,5.1875973,3.5300012
val,M,5.8685555,6.292389
val,M,6.4375696,6.593044
val,M,6.5964584,4.36708
val,M,6.9660835,3.8961368
val,M,7.4902363,3.9950974
val,M,7.8013334,4.8469143
val,M,7.981986,5.9822316
val,M,7.929347,5.195416
val,M,7.760597,4.212226
val,M,7.525597,3.271884
val,M,7.419597,2.6114912
val,M,7.472597,3.258574
val,M,7.5124445,4.8580785
val,M,7.706389,7.9989524
val,M,7.840903,6.9896445
val,M,7.665403,4.5743885
val,M,7.3323054,2.7082012
val,M,7.033056,1.9970524
val,M,7.00375,1.4855603
val,M,7.1938057,1.1848876
val,M,7.4241943,1.252357
val,M,7.6628056,1.2042146
val,M,7.8263474,1.621643
val,M,7.8663054,2.1887386
val,M,7.855222,2.1094475
val,M,7.840528,2.1619873
val,M,7.7670693,2.302554
val,M,7.689,2.3239655
val,M,7.697403,2.3664346
val,M,7.7724166,2.2584558
val,M,7.8404584,2.314845
val,M,7.9036946,2.4197712
val,M,7.9803195,2.476964
val,M,7.9793057,2.477384
val,M,7.904111,2.3467982
val,M,7.8515415,2.34524
val,M,7.831972,2.2968097
val,M,7.793514,2.2450714
val,M,7.6101804,2.2749186
val,M,7.0814304,2.881097
val,M,6.20675,3.7577386
val,M,5.3505836,3.367161
val,M,4.478625,2.6059742
val,M,3.3405278,2.7794685
val,M,2.8305278,3.621768
val,M,3.5081944,3.5753126
val,M,4.711472,2.7073483
val,M,6.0147085,4.149183
val,M,7.122958,5.804112
val,M,7.767097,3.779399
val,M,8.094486,4.0494685
val,M,8.3095,3.6825523
val,M,8.430236,3.0349698
val,M,8.19775,2.8680716
val,M,7.115847,4.2756457
val,M,5.224056,6.038124
val,M,3.1131806,5.2767625
val,M,1.1831388,6.7462068
val,M,0.15104167,4.0830274
val,M,0.07227778,5.574575
val,M,0.46716666,9.137736
val,M,1.4098473,6.723925
val,M,2.537625,4.2092757
val,M,3.6023889,4.819693
val,M,4.8240137,6.186358
val,M,6.2522917,7.2959037
val,M,7.523153,8.624529
val,M,8.388278,5.9227524
val,M,9.039473,3.67308
val,M,9.414653,3.273901
val,M,9.4525,2.30316
val,M,9.382347,2.4000301
val,M,9.306209,2.8498383
val,M,9.261778,3.3507855
val,M,9.160361,5.354986
val,M,9.1380415,6.6440525
val,M,9.237611,7.3710313
val,M,9.29693,6.6696744
val,M,9.368264,8.50347
val,M,9.440097,13.859581
val,M,9.481472,12.529096
val,M,9.499194,13.123483
val,M,9.514361,8.237961
val,M,9.529,4.9147553
val,M,9.539708,4.4486623
val,M,9.5419445,2.491948
val,M,9.543528,1.5301654
val,M,9.478431,1.2930326
val,M,9.312417,2.2197893
val,M,9.106916,5.0733485
val,M,8.926181,4.035623
val,M,8.850875,2.4505148
val,M,8.875889,2.4448802
val,M,8.952486,4.0211673
val,M,9.070084,6.103271
val,M,9.187098,7.276001
val,M,9.276556,5.9575977
val,M,9.35025,7.835316
val,M,9.438084,9.009666
val,M,9.520319,6.7506433
val,M,9.583944,5.540773
val,M,9.641931,5.5856466
val,M,9.619181,4.5798697
val,M,9.492611,7.2560973
val,M,9.309931,8.682149
val,M,9.013278,8.99346
val,M,8.8095,3.284657
val,M,8.84775,2.268814
val,M,8.9665,2.3289142
val,M,9.087,2.6450853
val,M,9.119,3.4615524
val,M,9.008083,2.7355094
val,M,8.88368,2.65561
val,M,8.808986,3.1319318
val,M,8.735389,3.3657157
val,M,8.491902,2.8886008
val,M,7.7441387,2.7768762
val,M,6.5620556,4.3790326
val,M,5.3648195,5.0820246
val,M,4.589653,6.092898
val,M,4.634986,7.095859
val,M,5.649236,8.543188
val,M,6.885486,7.669043
val,M,7.5472918,7.7195945
val,M,7.79875,7.2359495
val,M,7.9525137,5.3998113
val,M,7.9791665,5.9566565
val,M,7.783,5.7434015
val,M,7.460653,5.254434
val,M,7.113972,3.0397117
val,M,6.4615693,5.444851
val,M,5.3665695,9.869835
val,M,4.246611,10.405584
val,M,3.7230418,8.200959
val,M,4.2370834,5.247839
val,M,5.4361944,5.68183
val,M,6.613333,7.3094897
val,M,7.4761806,8.108227
val,M,7.9686527,9.323672
val,M,8.126597,9.67096
val,M,8.113958,5.9513817
val,M,8.077972,6.4069395
val,M,8.059361,6.4714246
val,M,8.098805,5.5938454
val,M,8.210584,5.6952944
val,M,8.360681,4.6822934
val,M,8.490611,4.262963
val,M,8.521973,3.7311556
val,M,8.43707,3.809652
val,M,8.2340975,6.3901963
val,M,7.9747086,11.946557
val,M,7.8003473,7.6268225
val,M,7.7845974,2.6353693
val,M,7.8191113,4.174177
val,M,7.714139,3.1855445
val,M,7.433542,3.092393
val,M,7.018083,4.0321636
val,M,6.2435417,4.2924294
val,M,4.7514167,4.375014
val,M,2.9565556,4.640729
val,M,1.96375,8.284447
val,M,2.2164445,11.098766
val,M,3.2007084,6.58733
val,M,4.4388194,2.8128486
val,M,5.6645,2.412754
val,M,6.672694,2.609756
val,M,7.4893475,2.3896444
val,M,7.9713335,2.2201967
val,M,8.175222,2.2471404
val,M,8.330389,2.0871747
val,M,8.408055,2.027705
val,M,8.385472,2.0707452
val,M,8.2849865,2.1187701
val,M,7.939833,2.076205
val,M,7.1786666,2.0950634
val,M,6.1448054,2.2401686
val,M,4.8181806,2.2125149
val,M,3.0858195,2.3427148
val,M,1.4056945,2.3099198
val,M,0.4100972,2.0924191
val,M,0.0785,2.1249137
val,M,0.016305555,2.4813488
val,M,0.013097222,2.823849
val,M,0.0109583335,3.0457582
val,M,0.010305556,3.9044487
val,M,0.009986111,3.0933714
val,M,0.011083334,3.478961
val,M,0.013597222,3.0322754
val,M,0.014,2.6639957
val,M,0.014041667,4.363235
val,M,0.013819444,3.7647297
val,M,0.013625,2.7146497
val,M,0.01761111,4.672567
val,M,0.020402778,12.24979
val,M,0.017013889,11.054365
val,M,0.016375,3.5927172
val,M,0.023569444,3.0038285
val,M,0.18595834,4.5944858
val,M,0.8161944,4.8149486
val,M,2.317486,5.3209877
val,M,4.5279307,8.923286
val,M,7.010847,7.1650796
val,M,9.4858055,2.4919393
val,M,11.05325,4.8146214
val,M,11.537139,8.674665
val,M,11.596986,7.1855435
val,M,11.016347,5.5763826
val,M,9.645139,6.767899
val,M,7.921403,5.8458657
val,M,6.711583,7.217403
val,M,6.2792363,6.755371
val,M,6.4852223,4.246915
val,M,7.1535,7.707298
val,M,7.6980834,9.835243
val,M,8.134791,8.284719
val,M,8.651167,6.940935
val,M,9.184014,7.1806087
val,M,9.590722,6.6130023
val,M,9.755222,5.424473
val,M,9.669444,4.2549496
val,M,9.525056,2.8469388
val,M,9.436389,2.7873845
val,M,9.450167,4.0644298
val,M,9.551625,3.9292426
val,M,9.60975,3.6365814
val,M,9.513014,4.2433953
val,M,9.267292,3.5360312
val,M,8.860403,2.8051178
val,M,8.310111,2.7451115
val,M,7.8503613,2.7146912
val,M,7.624181,2.5186849
val,M,7.3686666,2.8006964
val,M,6.6246667,3.5226169
val,M,5.6760554,3.939423
val,M,5.2679863,4.129372
val,M,5.5075555,3.5492334
val,M,6.031264,5.31933
val,M,6.6866527,6.417413
val,M,7.2676945,3.5081892
val,M,7.499292,3.5335112
val,M,7.505736,3.6549926
val,M,7.4990277,4.17796
val,M,7.7046943,3.2897816
val,M,8.126778,2.590671
val,M,8.372097,4.09524
val,M,8.170472,5.531452
val,M,7.543208,4.1789722
val,M,6.4261527,4.9440427
val,M,5.0735974,8.316664
val,M,3.99,9.062708
val,M,3.6665,5.446161
val,M,4.3815,3.9461331
val,M,5.511139,5.1758375
val,M,6.468,9.157077
val,M,7.228611,10.903581
val,M,7.7884307,9.328014
val,M,8.102028,7.1751676
val,M,8.303111,8.500842
val,M,8.463458,8.98949
val,M,8.488361,8.264019
val,M,8.471708,6.3280454
val,M,8.466042,5.9503927
val,M,8.444292,5.584035
val,M,8.43032,5.6684175
val,M,8.471861,7.690452
val,M,8.558986,7.424625
val,M,8.622541,7.394871
val,M,8.659236,8.268232
val,M,8.734347,7.974183
val,M,8.862208,7.406807
val,M,8.935236,6.002314
val,M,8.8769865,6.244681
val,M,8.7095,5.521873
val,M,8.61925,3.4222703
val,M,8.613875,4.5872407
val,M,8.635195,10.233612
val,M,8.735111,9.299879
val,M,8.920569,7.4307113
val,M,9.160861,7.3191504
val,M,9.277638,6.6474233
val,M,9.221097,7.722086
val,M,9.116834,8.149194
val,M,9.050487,5.5865064
val,M,9.074041,7.3351903
val,M,9.152291,6.631893
val,M,9.079348,6.881458
val,M,8.438708,9.281175
val,M,7.045528,7.8322477
val,M,5.395347,6.958631
val,M,4.354139,8.3535
val,M,4.5051665,9.063068
val,M,5.4050417,7.7052393
val,M,6.264389,8.054609
val,M,6.568403,8.354305
val,M,6.2882915,7.1909366
val,M,5.400764,8.642186
val,M,3.6575277,9.63295
val,M,2.2045,6.6816216
val,M,2.1069028,5.575542
val,M,2.827625,3.482145
val,M,3.8459582,3.5921073
val,M,5.115111,3.4890597
val,M,6.123764,5.002044
val,M,6.517097,6.9264765
val,M,6.5980554,8.856013
val,M,6.4128056,12.597256
val,M,5.519111,14.097525
val,M,3.9838471,11.442267
val,M,2.6726806,7.3094735
val,M,1.5850278,5.324822
val,M,0.58608335,7.0048676
val,M,0.17130555,7.9363813
val,M,0.29240277,7.528953
val,M,0.55344445,5.8315444
val,M,0.70929164,3.421754
val,M,0.7973889,5.716686
val,M,0.73909724,6.076777
val,M,0.55205554,11.33942
val,M,0.39894444,8.347389
val,M,0.2561389,4.1556544
val,M,0.10547222,6.953947
val,M,0.091569446,9.450587
val,M,0.29934722,7.3980284
val,M,0.6792361,5.2880397
val,M,1.2844445,5.5575175
val,M,2.1145418,7.341745
val,M,2.9322777,6.366053
val,M,3.6950972,5.9270535
val,M,4.573125,8.975998
val,M,5.425875,13.932459
val,M,6.073,10.645229
val,M,6.247958,5.365899
val,M,5.861,5.3707304
val,M,4.9880137,6.911193
val,M,4.1650696,7.602552
val,M,4.0520415,6.8681464
val,M,4.677403,5.8292284
val,M,5.56875,3.341741
val,M,6.117236,2.3053384
val,M,6.1208057,2.189266
val,M,5.41275,2.7854357
val,M,4.125875,5.364752
val,M,2.484986,6.5117598
val,M,0.8510278,6.0460005
val,M,0.07473611,8.551549
val,M,0.012166667,9.591293
val,M,0.023125,5.830094
val,M,0.17904167,4.6050076
val,M,0.4222361,4.7753158
val,M,0.65509725,6.045831
val,M,1.3134028,8.038036
val,M,2.5309584,10.493442
val,M,4.045833,11.429277
val,M,5.628625,12.295525
val,M,6.9654584,14.345812
val,M,7.9646807,13.871845
val,M,8.6090975,11.75143
val,M,8.805403,12.51101
val,M,8.7086115,10.153702
val,M,8.566083,8.572834
val,M,8.402625,8.41478
val,M,7.875,7.593478
val,M,7.007,3.5124488
val,M,6.457889,2.3775144
val,M,6.373764,1.8857906
val,M,6.5785832,2.024339
val,M,7.155958,2.8928
val,M,7.837736,2.8954175
val,M,8.382639,2.338048
val,M,8.722652,2.0785215
val,M,8.79657,2.0506058
val,M,8.824458,1.9977609
val,M,8.945639,2.02767
val,M,9.165611,2.0314002
val,M,9.490084,1.9641043
val,M,9.811152,1.8575698
val,M,9.93475,1.8909166
val,M,9.883597,2.0620556
val,M,9.694445,2.0732498
val,M,9.474778,2.0251231
val,M,9.335292,1.9591128
val,M,9.251069,1.9639512
val,M,9.259361,1.9807364
val,M,9.389986,1.9976486
val,M,9.595222,2.0313945
val,M,9.817306,1.9858195
val,M,9.969209,1.9666206
val,M,10.236555,2.0062118
val,M,10.690639,1.9828287
val,M,11.031375,1.966562
val,M,11.129903,1.9488901
val,M,11.088708,1.9638188
val,M,11.036403,2.0272012
val,M,10.964222,2.0770934
val,M,10.888917,2.0630999
val,M,10.814,2.053691
val,M,10.722917,2.0315108
val,M,10.654542,2.1207314
val,M,10.608139,2.0905957
val,M,10.528028,2.0921142
val,M,10.36257,2.0255084
val,M,10.016861,2.083722
val,M,9.236153,2.0098212
val,M,8.052889,2.0659177
val,M,6.860014,2.1425858
val,M,5.880014,2.0936933
val,M,5.341639,1.9542089
val,M,5.5424724,1.9025708
val,M,6.2964306,1.8848287
val,M,6.9945,1.9130509
val,M,7.488639,2.1233137
val,M,7.6113057,2.1521535
val,M,7.1604304,2.0326471
val,M,6.4085555,1.9501398
val,M,5.3081803,2.182014
val,M,3.9014444,4.732434
val,M,2.7396944,6.2096806
val,M,2.2240834,4.52842
val,M,2.185986,4.702019
val,M,2.0126944,7.317563
val,M,1.3004861,9.096631
val,M,0.43658334,11.304831
val,M,0.12970833,13.297483
val,M,0.56470835,12.642059
val,M,0.9900278,11.818964
val,M,1.1983056,12.811382
val,M,1.3998333,10.361976
val,M,1.2782084,10.632336
val,M,0.82725,8.929941
val,M,0.3378889,10.561532
val,M,0.39991668,13.343155
val,M,1.1755834,11.91872
val,M,2.230986,9.693853
val,M,3.5508332,7.624079
val,M,5.1087084,6.2153697
val,M,6.3750696,9.314638
val,M,7.1323195,10.990622
val,M,7.5504723,8.646443
val,M,7.671764,8.676305
val,M,7.2368054,9.510049
val,M,6.3061943,12.152988
val,M,5.1036806,11.014438
val,M,3.594,11.264736
val,M,1.9577639,14.063221
val,M,0.626,12.306703
val,M,0.21931945,7.8089175
val,M,0.59781945,9.151627
val,M,1.1495694,10.945927
val,M,2.1202638,7.802741
val,M,3.4806528,8.787618
val,M,5.005764,8.1275015
val,M,6.498653,3.0125422
val,M,7.6320972,4.638795
val,M,8.408195,6.522079
val,M,8.746486,4.2495036
val,M,8.823916,5.1078334
val,M,8.945125,8.633215
val,M,9.049903,8.025996
val,M,9.123055,7.200917
val,M,9.301333,9.063475
val,M,9.524583,7.829902
val,M,9.6975975,6.773153
val,M,9.759,8.755041
val,M,9.697403,11.772858
val,M,9.538514,10.7478695
val,M,9.342417,6.9520745
val,M,9.169194,6.461693
val,M,9.067,8.748787
val,M,9.060028,10.5181675
val,M,9.097777,10.626669
val,M,9.147056,8.835178
val,M,9.1965,9.822622
val,M,9.279403,10.502566
val,M,9.380639,7.872371
val,M,9.452153,8.861646
val,M,9.393264,10.848593
val,M,9.2884865,10.911443
val,M,9.233681,7.9703665
val,M,9.172042,7.4522033
val,M,9.1245,6.4519553
val,M,9.088153,6.8618364
val,M,9.048333,7.5683455
val,M,9.023361,4.922287
val,M,9.053972,5.314279
val,M,9.126847,6.752872
val,M,9.1775,8.3972645
val,M,9.178403,7.3608704
val,M,9.136416,6.4918523
val,M,9.115723,8.511367
val,M,9.025639,6.629291
val,M,8.674681,5.072703
val,M,8.011945,4.5447326
val,M,7.154736,6.5969462
val,M,6.191361,6.3942223
val,M,4.945375,5.129223
val,M,3.572639,5.227911
val,M,2.9865556,5.5349827
val,M,3.7415695,4.194252
val,M,5.175875,6.8302226
val,M,6.4806805,8.142248
val,M,7.3973613,5.635715
val,M,8.00175,3.5619342
val,M,8.488889,2.80643
val,M,8.597569,2.8171272
val,M,7.4766946,2.6562312
val,M,5.107375,2.9350815
val,M,2.2410972,3.028872
val,M,0.38466668,4.1535044
val,M,0.016347222,7.58217
val,M,0.014986111,2.859585
val,M,0.016361112,1.8990659
val,M,0.016305555,1.9356712
val,M,0.0165,2.485694
val,M,0.023402778,3.927106
val,M,0.04826389,4.136248
val,M,0.05666667,5.248932
val,M,0.033291668,4.3232646
val,M,0.023611112,4.8310957
val,M,0.023277778,4.1983156
val,M,0.022166668,4.581579
val,M,0.025375,6.8856473
val,M,0.022444444,5.7332344
val,M,0.021583334,5.5736265
val,M,0.019347223,6.136627
val,M,0.016680555,5.2874894
val,M,0.019541666,4.883366
val,M,0.01661111,5.4286685
val,M,0.013694445,5.8288155
val,M,0.015194444,6.7680655
val,M,0.022194445,7.318897
val,M,0.21222222,6.0111003
val,M,1.1478056,5.7793317
val,M,2.9156806,5.627462
val,M,4.7905416,4.8883305
val,M,6.315653,4.5991306
val,M,7.401528,6.6731124
val,M,8.220612,6.2064853
val,M,8.804402,7.3046403
val,M,9.076361,7.27566
val,M,9.260403,4.1412845
val,M,9.52925,4.679113
val,M,9.856542,5.6188703
val,M,10.151694,6.087146
val,M,10.441042,4.169554
val,M,10.68218,3.4665198
val,M,10.876403,3.0489142
val,M,11.024875,2.9225767
val,M,11.0587225,3.2057548
val,M,11.076305,4.4836493
val,M,11.0992365,5.685662
val,M,11.086291,6.231007
val,M,11.091861,5.3771996
val,M,11.103278,6.0456996
val,M,11.159862,6.782127
val,M,11.250375,6.4554296
val,M,11.216625,5.661532
val,M,11.120361,5.0502496
val,M,11.08182,6.4265294
val,M,11.065861,4.410561
val,M,11.049319,3.505795
val,M,11.02625,2.6897402
val,M,11.084833,1.9868144
val,M,11.242778,1.5303452
val,M,11.402611,0.9686668
val,M,11.515917,1.1723925
val,M,11.5761385,2.391617
val,M,11.573806,3.0962977
val,M,11.508958,2.9587564
val,M,11.4025,2.9232035
val,M,11.153556,4.067636
val,M,10.804528,2.6359465
val,M,10.276514,2.7072845
val,M,9.344264,2.2311654
val,M,8.179625,1.8034221
val,M,7.024389,2.5849252
val,M,6.0179305,3.259427
val,M,5.3833055,6.910767
val,M,5.562861,12.06258
val,M,6.402889,12.422138
val,M,7.365972,11.30816
val,M,8.230445,9.553103
val,M,8.744333,7.899954
val,M,8.948334,6.48178
val,M,9.07875,9.231068
val,M,9.168236,3.5608895
val,M,9.210486,1.6229247
val,M,9.262959,2.1566548
val,M,9.306056,3.185254
val,M,9.266292,6.7013464
val,M,9.180458,11.90657
val,M,9.094209,10.316379
val,M,8.954945,6.908093
val,M,8.643598,9.303179
val,M,8.015708,10.745729
val,M,7.172458,12.052193
val,M,6.251167,9.875223
val,M,5.5090833,10.614729
val,M,5.318125,10.019209
val,M,5.813542,9.913866
val,M,6.6850557,10.795205
val,M,7.462222,10.240957
val,M,7.9895554,10.622387
val,M,8.284403,10.469364
val,M,8.414763,10.250521
val,M,8.519903,9.739583
val,M,8.489625,8.743813
val,M,8.15268,10.4177685
val,M,7.558542,16.631655
val,M,6.76475,16.562395
val,M,5.537264,9.119658
val,M,4.2958474,10.712378
val,M,4.387764,12.875976
val,M,5.564708,11.707493
val,M,6.5411944,12.036614
val,M,7.093972,9.795746
val,M,7.484139,11.444134
val,M,7.780972,12.386488
val,M,8.008278,11.778271
val,M,8.234278,11.691158
val,M,8.425333,10.343969
val,M,8.5135975,6.715813
val,M,8.568444,7.8837414
val,M,8.614486,11.426641
val,M,8.615861,13.19961
val,M,8.580222,9.924637
val,M,8.442625,11.289019
val,M,8.108764,11.815735
val,M,7.774139,11.966072
val,M,7.589778,11.737494
val,M,7.3380556,11.0046835
val,M,6.984125,12.128359
val,M,6.8565693,10.596574
val,M,7.085889,8.64303
val,M,7.337125,10.183314
val,M,7.1278334,9.576485
val,M,6.144639,7.634929
val,M,4.666403,9.518171
val,M,3.3567917,5.792739
val,M,2.9878612,2.8782887
val,M,3.6715555,7.9277754
val,M,4.765986,6.9469433
val,M,5.7710557,3.5907235
val,M,6.558264,2.5692735
val,M,7.108556,1.8121775
val,M,7.341236,2.7436624
val,M,7.4251804,6.1053014
val,M,7.477125,5.0668373
val,M,7.39375,4.277119
val,M,7.234125,4.789415
val,M,7.1213193,4.254371
val,M,7.087861,2.6315203
val,M,7.2691946,2.0555434
val,M,7.660028,2.5512655
val,M,8.034528,2.6900349
val,M,8.182847,2.4704425
val,M,8.118278,2.5855036
val,M,8.034778,3.2017002
val,M,8.019889,5.736856
val,M,8.041041,7.38411
val,M,8.031806,6.942835
val,M,7.9343057,9.68902
val,M,7.8069167,11.364229
val,M,7.690861,7.947414
val,M,7.5235276,6.832251
val,M,7.3452363,5.4934716
val,M,7.1335692,10.083225
val,M,7.1157637,14.530481
val,M,7.324139,12.612629
val,M,7.5521946,8.535316
val,M,7.805611,9.102142
val,M,7.988153,8.356077
val,M,8.182806,6.5558066
val,M,8.339861,5.102203
val,M,8.394597,6.8847275
val,M,8.417139,9.127665
val,M,8.475417,9.375529
val,M,8.429361,8.537649
val,M,8.310389,6.940535
val,M,8.333458,5.6775556
val,M,8.30243,5.0467596
val,M,8.141125,5.9734006
val,M,7.8543057,5.183591
val,M,7.196014,6.929649
val,M,5.8125415,8.153203
val,M,4.0930696,7.513931
val,M,2.749389,5.41205
val,M,1.7598472,3.0386522
val,M,0.91205555,1.9361206
val,M,0.30104166,2.0841222
val,M,0.08234722,3.570311
val,M,0.042930555,5.205032
val,M,0.10051389,4.704516
val,M,0.70579165,5.2202954
val,M,1.8578889,3.83573
val,M,3.0719721,4.2524314
val,M,4.3850417,5.949429
val,M,5.922042,8.151889
val,M,7.3203473,8.2190695
val,M,8.144903,7.736179
val,M,8.522181,8.088797
val,M,8.733833,5.3735104
val,M,8.632431,8.510095
val,M,8.278597,9.43566
val,M,7.9209027,4.7397933
val,M,7.6352224,2.8736384
val,M,7.405972,3.2121818
val,M,7.129611,3.121884
val,M,6.6242085,3.867433
val,M,5.7755,3.4628687
val,M,4.663111,2.2811723
val,M,3.650889,2.087254
val,M,3.6319723,2.091803
val,M,4.6376944,1.9613827
val,M,5.7510834,1.8830094
val,M,6.6968193,1.9214678
val,M,7.3668194,1.9411788
val,M,7.7001805,1.9481575
val,M,7.905972,1.9119495
val,M,8.136167,1.9199917
val,M,8.318,1.9713014
val,M,8.201861,1.9305912
val,M,7.812847,1.9291499
val,M,7.430125,1.9478337
val,M,7.050764,2.0446506
val,M,6.379903,2.1040323
val,M,5.625167,2.2426867
val,M,5.332986,2.6550002
val,M,5.633236,3.237223
val,M,6.3290973,3.0798092
val,M,6.816361,2.6413422
val,M,6.8749166,2.3947177
val,M,7.0012918,4.2570376
val,M,7.3793335,7.2199054
val,M,7.560403,3.5013573
val,M,7.023389,3.7325683
val,M,6.1523056,4.922642
val,M,5.4262915,3.0014274
val,M,4.632361,2.8000536
val,M,3.7331667,5.8958144
val,M,2.8780694,5.6428246
val,M,2.088625,5.618193
val,M,1.4080139,9.387041
val,M,0.7966528,8.645263
val,M,0.30991668,6.2022076
val,M,0.072402775,6.445596
val,M,0.017444445,7.9495883
val,M,0.15118055,8.377113
val,M,0.55472225,8.136943
val,M,1.0019306,7.831433
val,M,1.1824583,8.604943
val,M,1.1873194,7.341206
val,M,1.1669861,5.946691
val,M,1.1067083,5.608747
val,M,0.8769583,4.7267904
val,M,0.36019444,4.814254
val,M,0.023388889,4.6827292
val,M,0.011652778,3.1867287
val,M,0.013875,4.2364917
val,M,0.015291667,3.6646628
val,M,0.015402778,3.9231367
val,M,0.017444445,5.7875676
val,M,0.015486111,6.709638
val,M,0.013166667,7.476884
val,M,0.081375,7.197312
val,M,0.61215276,6.8340116
val,M,1.9022917,8.004232
val,M,3.4877777,8.123996
val,M,5.098514,7.4009566
val,M,6.660486,3.7351594
val,M,7.734,2.0210416
val,M,8.177347,2.8881488
val,M,8.248972,3.6111948
val,M,8.174861,3.3509514
val,M,8.060181,4.6354237
val,M,8.095583,4.1315923
val,M,8.190792,6.2065105
val,M,8.251375,6.222656
val,M,8.382139,5.839557
val,M,8.513389,7.6819997
val,M,8.578278,8.8211975
val,M,8.4829445,6.342239
val,M,7.8090973,3.3491795
val,M,6.561458,4.072915
val,M,5.582625,3.1816063
val,M,5.3625555,2.34802
val,M,5.7920556,2.6184926
val,M,6.573111,2.1799865
val,M,7.296597,2.068586
val,M,8.041862,2.0262578
val,M,8.815473,2.0856938
val,M,9.180764,2.158873
val,M,9.060264,2.0859609
val,M,8.626722,2.046086
val,M,8.0072365,2.0240254
val,M,7.152097,2.00433
val,M,6.034347,2.0600457
val,M,5.2506804,2.0484452
val,M,5.669889,1.9841971
val,M,6.9049306,1.9166135
val,M,7.887542,1.9545746
val,M,8.349736,1.9632148
val,M,8.424833,1.9739982
val,M,8.291959,1.9627308
val,M,8.03818,1.9746262
val,M,7.688542,2.0425036
val,M,7.363764,2.080189
val,M,6.973111,1.9702977
val,M,6.440236,1.845219
val,M,6.2629304,2.4536614
val,M,6.620264,3.5341063
val,M,7.121611,4.1356025
val,M,7.5575275,3.5352569
val,M,7.9135,2.1111526
val,M,8.219055,1.855933
val,M,8.454264,1.6816274
val,M,8.492903,1.4592954
val,M,8.391903,2.2708988
val,M,8.36625,2.541555
val,M,8.395736,1.833172
val,M,8.420875,1.8890103
val,M,8.410973,2.6010294
val,M,8.365292,3.2609832
val,M,8.137362,3.1055477
val,M,7.339958,2.1428204
val,M,5.8263474,1.8232052
val,M,3.988,1.5804964
val,M,2.3055,2.2681317
val,M,1.325875,3.793589
val,M,1.791861,6.886203
val,M,3.1524584,3.2848997
val,M,4.6414723,2.390019
val,M,6.1950974,2.8628614
val,M,7.5866666,3.7063732
val,M,8.603598,6.630896
val,M,9.022695,3.6889632
val,M,9.118305,2.7169967
val,M,9.383361,2.6127536
val,M,9.933888,2.5344872
val,M,10.608,3.498272
val,M,11.239278,3.7191455
val,M,11.794583,6.7655015
val,M,12.212931,9.459036
val,M,12.299945,6.185616
val,M,12.1095,4.815429
val,M,11.842972,4.0308213
val,M,11.576263,8.451387
val,M,11.322847,8.309168
val,M,11.082653,4.8356194
val,M,10.796861,5.218938
val,M,10.518403,4.787264
val,M,10.424541,8.675236
val,M,10.410486,9.548106
val,M,10.275097,8.855272
val,M,9.983014,7.936272
val,M,9.648666,6.8408046
val,M,9.300292,6.9052987
val,M,8.679139,6.750296
val,M,8.773861,5.606849
val,M,9.361611,5.4916444
val,M,9.572653,3.8095646
val,M,9.871458,3.37356
val,M,10.082152,3.6365652
val,M,10.171987,4.1282763
val,M,10.160347,4.9895024
val,M,10.110444,3.5662293
val,M,10.092722,3.075239
val,M,10.075764,3.1402557
val,M,10.088611,5.2437325
val,M,10.106625,6.0285316
val,M,10.063806,3.2381597
val,M,10.048805,3.053126
val,M,10.158028,6.335166
val,M,10.280097,9.7045355
val,M,10.361625,8.316568
val,M,10.443097,3.5153883
val,M,10.497027,2.1922545
val,M,10.453819,2.8194835
val,M,10.242583,4.2179084
val,M,9.852208,2.7933364
val,M,9.30375,2.3551774
val,M,8.515805,7.4967227
val,M,7.5610695,10.213539
val,M,6.5168056,4.921024
val,M,5.4019446,4.4696603
val,M,4.2610974,6.40049
val,M,3.0380416,4.8790183
val,M,2.5851943,5.273909
val,M,3.5503888,7.664878
val,M,5.1541667,7.036858
val,M,6.2765694,4.5453544
val,M,6.709417,6.0351624
val,M,6.856347,6.342658
val,M,6.862056,5.574631
val,M,6.515681,7.016599
val,M,5.8840833,7.5009923
val,M,5.739097,5.5431743
val,M,6.4270835,3.573625
val,M,7.585986,3.9368057
val,M,8.900875,3.0522137
val,M,10.261416,3.009826
val,M,11.629153,5.311525
val,M,12.914056,4.772954
val,M,13.842597,5.584252
val,M,14.411195,9.157498
val,M,14.782945,5.1098475
val,M,14.791833,2.9419093
val,M,14.367778,3.8126445
val,M,13.838166,4.775827
val,M,13.41518,2.2611184
val,M,13.082292,2.0503042
val,M,12.800487,2.8430321
val,M,12.540334,4.171223
val,M,12.568139,4.11292
val,M,12.4805,4.4567256
val,M,12.211,5.541122
val,M,12.257097,4.590246
val,M,12.488597,6.9978824
val,M,12.811542,7.5965095
val,M,13.143791,4.4839873
val,M,13.426361,2.4614487
val,M,13.538362,1.5374728
val,M,13.333555,2.048215
val,M,12.865472,2.3003101
val,M,12.448319,2.2457333
val,M,12.347055,2.3170395
val,M,12.447958,2.3425932
val,M,12.591278,2.3422656
val,M,12.693431,2.279131
val,M,12.73257,2.2564468
val,M,12.7439165,2.2926102
val,M,12.6333885,2.5616636
val,M,12.534306,5.853744
val,M,12.56475,4.4991145
val,M,12.5951805,2.3548007
val,M,12.624945,2.6350653
val,M,12.6495,2.7352722
val,M,12.659805,3.3241477
val,M,12.67175,6.308168
val,M,12.640833,8.349077
val,M,12.634945,5.057544
val,M,12.6721945,4.0633535
val,M,12.666195,3.9184692
val,M,12.678667,4.1304474
val,M,12.686861,3.7803864
val,M,12.665806,4.526404
val,M,12.695639,7.3446336
val,M,12.701597,4.755295
val,M,12.703222,3.2865908
val,M,12.712708,3.8218746
val,M,12.716486,5.5388947
val,M,12.708931,4.649305
val,M,12.71568,5.074699
val,M,12.720861,6.0268855
val,M,12.701472,7.664115
val,M,12.683153,7.9873238
val,M,12.505944,6.3992996
val,M,12.501333,5.310277
val,M,12.668153,3.5232549
val,M,12.728444,2.7221715
val,M,12.732417,2.336195
val,M,12.703639,2.121048
val,M,12.694041,2.9392781
val,M,12.633736,3.1148872
val,M,12.630013,2.7396946
val,M,12.676528,2.457276
val,M,12.695653,2.4245546
val,M,12.690875,2.6582623
val,M,12.678416,2.1534958
val,M,12.662222,2.385819
val,M,12.643319,2.2752366
val,M,12.622222,2.0477538
val,M,12.587,2.12434
val,M,12.561791,2.1446438
val,M,12.526111,2.1314104
val,M,12.5009165,2.8346527
val,M,12.532598,2.9899664
val,M,12.565763,3.178613
val,M,12.577958,2.446735
val,M,12.554402,2.4976182
val,M,12.535944,3.160912
val,M,12.576083,3.5607843
val,M,12.599792,2.2222657
val,M,12.590611,1.6507012
val,M,12.605208,1.5534256
val,M,12.649542,1.6806588
val,M,12.712639,2.3361945
val,M,12.723194,3.4795356
val,M,12.722625,3.5701036
val,M,12.736986,2.952015
val,M,12.736917,3.7812166
val,M,12.727305,9.665478
val,M,12.715138,10.284065
val,M,12.73575,6.677155
val,M,12.691305,5.6695824
val,M,12.338278,6.7374496
val,M,11.614611,7.5101943
val,M,10.513945,6.536357
val,M,9.133014,6.8056207
val,M,7.8049445,5.409148
val,M,6.757639,4.735671
val,M,6.2150416,3.4215353
val,M,6.453889,2.724296
val,M,7.304639,2.982586
val,M,8.564806,3.4755232
val,M,9.959778,3.945128
val,M,11.050167,3.0884278
val,M,11.71875,4.9167776
val,M,12.000112,4.298591
val,M,12.071806,3.0030894
val,M,12.237833,2.6915026
val,M,12.9007225,2.981256
val,M,13.884375,3.7128482
val,M,14.6055,4.768587
val,M,14.887875,3.8093343
val,M,14.834833,4.540235
val,M,14.856736,5.1383405
val,M,14.96175,4.7982564
val,M,15.109,4.592377
val,M,15.414361,4.8828177
val,M,15.795278,5.0536532
val,M,16.121166,3.9409523
val,M,16.187195,5.100966
val,M,16.209625,6.3141932
val,M,16.267597,6.908545
val,M,16.305222,6.220668
val,M,16.528097,4.513367
val,M,16.959959,4.1038175
val,M,17.325514,3.2565095
val,M,17.467348,2.2081232
val,M,17.482931,1.8381385
val,M,17.473846,1.8818921
val,M,17.468027,2.082421
val,M,17.456903,2.2495275
val,M,17.387403,1.9751002
val,M,17.230541,1.8362793
val,M,17.161152,1.7424105
val,M,17.230888,1.9537376
val,M,17.106056,2.2744734
val,M,16.524542,1.977038
val,M,15.646569,1.4711363
val,M,14.635625,1.7286774
val,M,13.52225,2.7864966
val,M,12.326403,4.7169747
val,M,11.104847,5.469485
val,M,9.915472,4.8929276
val,M,8.699778,4.4443555
val,M,7.63775,3.9544582
val,M,6.6166945,4.6354494
val,M,5.885208,6.012835
val,M,5.850264,6.7590775
val,M,6.3443613,5.1675696
val,M,6.978,5.6491704
val,M,7.249403,6.0666604
val,M,7.1690555,7.3027444
val,M,7.159986,8.720776
val,M,7.3893332,6.1431956
val,M,7.8178887,4.842405
val,M,8.347292,7.130236
val,M,8.667389,7.348684
val,M,8.844084,7.4429398
val,M,9.1115,4.8916583
val,M,9.542486,3.726192
val,M,10.075375,4.3734536
val,M,10.718153,4.6196365
val,M,11.417431,5.741932
val,M,11.841653,6.150731
val,M,11.985791,5.6129575
val,M,11.98625,3.8415961
val,M,11.915694,2.6785312
val,M,11.902917,1.9270438
val,M,11.972167,1.5817524
val,M,12.146903,1.97961
val,M,12.429375,2.3375814
val,M,12.615375,2.2941108
val,M,12.658972,2.4580858
val,M,12.605833,2.8218863
val,M,12.475625,2.839549
val,M,12.213514,2.4346013
val,M,11.785139,2.8633168
val,M,11.341194,3.0570688
val,M,10.900403,2.739947
val,M,10.281458,2.1140563
val,M,9.379125,1.9496709
val,M,8.185041,2.0149057
val,M,7.0351667,2.2670455
val,M,6.2725973,2.3481042
val,M,6.0100694,3.1026857
val,M,6.3480277,3.3310866
val,M,6.860306,2.902646
val,M,7.1842084,3.778039
val,M,7.542778,3.65521
val,M,8.047055,2.3115382
val,M,8.549889,1.9603602
val,M,8.794139,2.1939313
val,M,8.729097,2.526755
val,M,8.627375,2.127729
val,M,8.644611,2.5334492
val,M,8.7236805,2.8804855
val,M,8.67857,2.617699
val,M,8.654667,2.2634056
val,M,9.143945,2.8798707
val,M,10.252236,7.476829
val,M,11.466181,10.269615
val,M,12.291041,7.058802
val,M,12.502736,8.418423
val,M,12.257139,10.293789
val,M,11.938431,8.500011
val,M,11.663597,7.944885
val,M,11.417556,11.790991
val,M,11.213847,9.7147255
val,M,11.2636385,6.160401
val,M,11.728986,8.49901
val,M,12.284041,11.9922085
val,M,12.659028,11.082174
val,M,12.975486,9.423492
val,M,13.3891115,7.9618874
val,M,13.916903,7.987674
val,M,14.384152,8.355267
val,M,14.6165,8.312264
val,M,14.528861,6.67784
val,M,14.232041,6.976139
val,M,13.745958,10.2440815
val,M,13.019931,7.4962926
val,M,12.540847,6.894729
val,M,12.573764,7.410242
val,M,13.025611,7.53075
val,M,13.721264,7.405273
val,M,14.393194,6.3894205
val,M,14.8619585,6.769069
val,M,15.015625,9.274153
val,M,15.114639,7.614556
val,M,15.234389,7.3237453
val,M,15.158986,7.6654077
val,M,14.895194,8.09019
val,M,14.571111,6.964949
val,M,14.327958,6.7733226
val,M,14.124125,8.041648
val,M,13.89082,8.269735
val,M,13.785097,8.354727
val,M,13.707778,8.994623
val,M,13.564986,5.879201
val,M,13.542791,7.0386915
val,M,13.473708,6.123387
val,M,13.26057,5.549238
val,M,13.0512085,8.21664
val,M,12.831083,10.256852
val,M,12.28457,7.9137673
val,M,11.268,7.847547
val,M,9.800195,5.8024106
val,M,8.4123335,6.2113748
val,M,7.443,7.6770034
val,M,6.399611,6.8343196
val,M,5.641972,5.936405
val,M,5.7129025,6.950334
val,M,6.5661387,7.488782
val,M,7.791042,7.2828574
val,M,8.98757,7.7550645
val,M,9.935875,8.850512
val,M,10.366458,7.9877295
val,M,10.505222,8.164908
val,M,10.722986,5.642357
val,M,10.866944,5.450679
val,M,10.95825,6.5115685
val,M,11.145847,7.679939
val,M,11.365209,7.978268
val,M,11.420819,7.0756855
val,M,11.395403,6.0353894
val,M,11.609847,5.615763
val,M,12.049681,7.8994765
val,M,12.424528,9.988064
val,M,12.612514,8.987122
val,M,13.144459,7.7644887
val,M,14.59332,6.4643373
val,M,16.67289,6.3705688
val,M,18.51782,6.2082615
val,M,19.319,6.7068634
val,M,18.905,5.127586
val,M,17.608583,7.164175
val,M,15.889833,8.033926
val,M,13.98268,8.562838
val,M,12.046445,8.987724
val,M,10.77525,6.799046
val,M,10.648014,5.6806355
val,M,11.547014,5.8416905
val,M,13.271986,7.15916
val,M,15.352986,5.6150365
val,M,16.988111,4.8167624
val,M,17.796223,6.833462
val,M,18.11425,8.432445
val,M,18.283445,8.6730385
val,M,17.640638,6.572663
val,M,15.731431,8.951943
val,M,13.124945,8.499543
val,M,10.372694,4.017593
val,M,8.407598,3.1106048
val,M,8.026444,3.174984
val,M,9.203972,2.8192804
val,M,11.216639,3.812039
val,M,13.312056,2.8741627
val,M,15.199417,2.0181446
val,M,16.664347,2.043699
val,M,17.805084,1.7399138
val,M,18.383667,1.923915
val,M,18.344723,3.2998562
val,M,18.11618,4.059558
val,M,17.8645,2.6746106
val,M,17.510471,3.1456504
val,M,17.072624,3.0849352
val,M,16.7545,2.9526544
val,M,16.564611,4.5831695
val,M,16.411444,7.940227
val,M,16.530083,8.460135
val,M,17.005917,6.012027
val,M,17.577042,7.0582085
val,M,18.130875,7.5688977
val,M,18.628819,9.548139
val,M,19.067778,8.561664
val,M,19.49457,7.2852316
val,M,19.849485,6.838656
val,M,20.152973,7.385593
val,M,20.942486,7.066666
val,M,22.215097,4.0707593
val,M,23.423277,4.8274226
val,M,23.219084,5.2317624
val,M,18.30961,5.1683726
val,M,10.316361,6.648005
val,M,6.0251946,8.4465885
val,M,6.5980554,8.678334
val,M,9.078667,8.788972
val,M,11.715875,5.9908767
val,M,13.93932,6.226912
val,M,16.06046,5.28183
val,M,17.975111,6.1632977
val,M,19.61632,7.5531583
val,M,21.178305,7.940663
val,M,22.668306,6.5326304
val,M,22.521402,6.884519
val,M,17.664486,7.900918
val,M,10.297597,5.7165656
val,M,6.611514,6.3229976
val,M,7.092167,6.1106324
val,M,8.231389,5.174109
val,M,8.157403,5.627644
val,M,7.091486,5.129911
val,M,6.0053196,6.7328305
val,M,5.4912915,5.1310544
val,M,6.1050835,6.4623203
val,M,7.666611,5.78733
val,M,9.233152,5.633843
val,M,11.022695,7.4655995
val,M,13.49457,7.749764
val,M,15.818653,7.705065
val,M,17.73889,5.2437654
val,M,19.44182,6.5583096
val,M,20.726723,5.8463554
val,M,21.1475,4.3078184
val,M,19.173084,5.4602356
val,M,17.181194,6.061931
val,M,17.717709,4.85259
val,M,19.15875,3.7982101
val,M,20.455055,2.35281
val,M,21.656666,1.9083534
val,M,22.274014,1.8597476
val,M,19.773945,1.846094
val,M,15.761764,1.9227366
val,M,14.419389,2.0139687
val,M,14.604264,2.0998096
val,M,14.730778,2.112084
val,M,14.644222,2.0939538
val,M,14.175583,2.0360098
val,M,13.4725,2.0080795
val,M,12.562166,2.0522757
val,M,12.351403,2.110197
val,M,13.039708,2.0286841
val,M,14.068167,2.1186123
val,M,15.093,2.2457871
val,M,15.868639,2.1003962
val,M,16.634903,2.2420073
val,M,17.729597,2.233109
val,M,18.743,2.1197467
val,M,19.067041,2.093388
val,M,18.740875,2.1044981
val,M,16.874971,2.0907118
val,M,13.371514,2.0774198
val,M,11.348139,2.2492068
val,M,11.978042,2.1774826
val,M,13.491806,2.0944424
val,M,15.028625,2.029128
val,M,16.408264,1.9969963
val,M,17.30325,2.2176976
val,M,17.891834,2.3385105
val,M,18.557888,2.0990481
val,M,19.312916,2.045003
val,M,20.158194,2.0559096
val,M,21.067291,2.0622916
val,M,21.900597,2.2066343
val,M,22.331528,2.241158
val,M,22.405987,2.1467917
val,M,21.335209,2.2038183
val,M,19.651709,2.2193594
val,M,19.409472,2.430512
val,M,20.294611,2.4058075
val,M,21.332695,2.8554044
val,M,22.294403,4.365727
val,M,22.259293,4.6073017
val,M,18.737055,3.0771213
val,M,12.089292,2.83078
val,M,7.835486,3.632118
val,M,7.4033613,3.3625321
val,M,7.992722,5.079164
val,M,8.609167,6.095123
val,M,9.180959,6.1730695
val,M,9.559417,5.855948
val,M,9.684097,3.3001626
val,M,9.999291,2.5573473
val,M,10.449195,2.362556
val,M,10.861861,2.8913836
val,M,11.276347,3.9228024
val,M,11.664278,5.5750217
val,M,11.865583,4.8650527
val,M,11.944639,3.919862
val,M,11.976084,3.303677
val,M,11.938042,3.4434924
val,M,11.759958,3.7930183
val,M,11.145097,3.4002705
val,M,10.163681,3.483784
val,M,9.504431,6.2318425
val,M,9.51775,8.423883
val,M,10.033319,7.7933326
val,M,10.856334,7.8642907
val,M,11.743597,9.269038
val,M,12.5830555,7.8449345
val,M,13.426639,7.8140206
val,M,14.317875,7.5775714
val,M,15.17,6.507446
val,M,16.013195,9.97759
val,M,16.920652,10.423075
val,M,17.8905,8.146322
val,M,18.903084,4.87528
val,M,19.669527,5.2634625
val,M,20.339931,5.3889365
val,M,21.070375,4.3122964
val,M,21.61193,7.9069333
val,M,22.145,9.21497
val,M,22.795778,6.969243
val,M,23.487028,8.011832
val,M,24.049944,6.4537835
val,M,23.650152,4.083744
val,M,19.419834,4.1073337
val,M,12.505972,4.6656833
val,M,8.981527,3.9820836
val,M,9.150181,3.3586702
val,M,10.047055,2.9504752
val,M,10.95725,3.1620111
val,M,11.6675415,2.5173936
val,M,12.180708,3.143951
val,M,12.546348,2.5778615
val,M,12.900556,2.0233939
val,M,13.384819,1.9579403
val,M,13.918014,2.0915987
val,M,14.358514,2.1183577
val,M,14.6484165,2.0735297
val,M,14.680986,2.074436
val,M,14.176681,2.2263331
val,M,13.337528,2.4903364
val,M,12.6855,2.410757
val,M,12.263014,2.1378434
val,M,11.764264,2.033381
val,M,11.394389,2.6081836
val,M,11.28343,2.9301014
val,M,11.117028,2.0410943
val,M,10.741806,2.048135
val,M,10.316347,2.1557894
val,M,10.318222,2.665551
val,M,10.779139,3.4265475
val,M,11.423944,4.344365
val,M,11.999291,4.0598226
val,M,12.494348,3.2131224
val,M,13.032556,3.9652143
val,M,13.436528,4.1361923
val,M,13.494069,4.8953137
val,M,13.328486,4.2664247
val,M,13.187041,4.1319356
val,M,13.046403,5.3408413
val,M,12.591236,4.344936
val,M,12.003902,3.0354228
val,M,11.852486,3.5346508
val,M,12.324639,3.6637673
val,M,13.188569,3.441228
val,M,14.071861,3.9816542
val,M,14.988459,5.3231397
val,M,15.810458,4.4412417
val,M,16.349041,4.379211
val,M,16.711042,4.04587
val,M,17.089209,2.3520212
val,M,17.56975,1.9696637
val,M,18.046083,1.869152
val,M,18.266987,1.9607592
val,M,18.18025,2.0227892
val,M,18.305292,2.003045
val,M,18.586487,1.9808294
val,M,18.831583,1.9901816
val,M,19.05975,1.9428693
val,M,19.051819,1.8156797
val,M,18.386457,1.8012453
val,M,16.803375,1.8389874
val,M,14.559819,1.8057688
val,M,12.252194,2.0153105
val,M,9.884139,2.1271148
val,M,7.1963334,2.1556373
val,M,4.818847,2.1970515
val,M,3.1925557,2.0193288
val,M,2.0750833,1.9876913
val,M,1.1251528,1.9663173
val,M,0.37656945,2.04513
val,M,0.044152778,2.124525
val,M,0.1898611,2.034336
val,M,0.67334723,1.940647
val,M,1.1180416,2.0389721
val,M,1.1055417,2.4634662
val,M,0.8045833,3.5615187
val,M,0.59348613,3.287928
val,M,0.9334861,3.9346395
val,M,2.6682084,4.7786765
val,M,5.168486,4.6112905
val,M,7.337278,3.3435745
val,M,9.402903,4.0895505
val,M,11.558888,5.6020494
val,M,13.712903,5.6342173
val,M,15.784416,6.4049563
val,M,17.62175,6.149368
val,M,19.207695,5.5010056
val,M,20.681902,4.1986756
val,M,22.170597,3.1963615
val,M,23.571598,4.5536513
val,M,24.773903,4.5417557
val,M,25.580458,3.789137
val,M,22.8515,5.8346395
val,M,16.024153,4.6382914
val,M,11.048403,3.375598
val,M,9.969277,3.2051582
val,M,10.4331665,3.523262
val,M,11.186375,3.0947511
val,M,11.699889,2.7495089
val,M,12.11675,3.3326163
val,M,12.574236,3.1098511
val,M,13.060847,4.084045
val,M,14.186778,3.8260598
val,M,16.17125,2.669931
val,M,18.26968,3.0059032
val,M,19.792278,2.5708673
val,M,19.592028,2.15593
val,M,15.977555,2.0488894
val,M,10.961319,2.0580893
val,M,8.70875,2.013816
val,M,8.533903,2.0430787
val,M,8.766889,2.039439
val,M,9.518375,2.0377045
val,M,10.348139,2.1690288
val,M,11.0471525,2.0954547
val,M,11.633111,2.1516638
val,M,12.206,2.0732555
val,M,12.883278,2.447154
val,M,13.459167,3.0218222
val,M,13.83543,3.7731931
val,M,14.135167,3.567054
val,M,14.488556,3.1694202
val,M,14.837028,3.752455
val,M,15.197291,2.720342
val,M,15.559569,5.105842
val,M,15.776667,5.7714005
val,M,15.818791,2.8215346
val,M,15.759264,2.3355377
val,M,15.671361,2.152691
val,M,15.574361,1.7948313
val,M,15.782458,1.3663373
val,M,16.54693,1.4518186
val,M,17.865236,1.9615449
val,M,19.456097,2.090315
val,M,21.0755,2.0661917
val,M,22.668945,2.0330858
val,M,23.621027,2.0679545
val,M,24.087957,2.0266922
val,M,23.739069,2.1127672
val,M,19.381306,2.0980678
val,M,12.115528,2.0321975
val,M,8.320569,2.1115441
val,M,8.816653,2.1743085
val,M,10.252694,2.0997663
val,M,11.562708,2.1814
val,M,12.700556,2.1666493
val,M,13.483277,2.0308752
val,M,13.725375,2.131784
val,M,13.621722,2.2069433
val,M,13.502055,2.055797
val,M,13.535708,2.0277627
val,M,13.763625,1.995351
val,M,14.132958,2.1300735
val,M,14.485014,2.2007082
val,M,14.780236,2.2934074
val,M,14.862541,2.4169807
val,M,14.201361,3.0781186
val,M,12.632972,3.344772
val,M,10.545028,2.5104394
val,M,8.873528,2.605842
val,M,8.514389,3.5014603
val,M,9.301014,3.1272097
val,M,10.406597,2.4365983
val,M,11.497361,2.8086414
val,M,12.466403,3.0636544
val,M,13.279305,2.6636543
val,M,14.189931,3.0970435
val,M,15.208972,6.169951
val,M,16.276236,9.302426
val,M,17.292347,4.3558316
val,M,18.352861,3.2039351
val,M,19.141834,2.8706894
val,M,19.166487,2.8539786
val,M,17.385263,3.7192168
val,M,11.5205,7.801607
val,M,3.8918056,4.3154807
val,M,0.2745,2.4083142
val,M,0.019833334,2.2806156
val,M,0.009916667,3.438786
val,M,0.008736111,5.913455
val,M,0.018708333,7.199038
val,M,0.39918056,6.344237
val,M,2.3195417,6.9548535
val,M,4.9936666,7.926251
val,M,7.097847,5.9368443
val,M,8.841375,7.704898
val,M,10.0784445,8.00254
val,M,10.834708,7.2625575
val,M,11.287209,9.355639
val,M,11.562,10.04218
val,M,11.712209,7.35876
val,M,11.731431,5.576453
val,M,11.683069,6.1665025
val,M,11.675208,4.0692015
val,M,11.80425,5.4010596
val,M,12.0225,6.220214
val,M,12.181097,4.7605023
val,M,12.287458,6.268138
val,M,12.362972,8.523842
val,M,12.39925,4.933953
val,M,12.412778,5.5932884
val,M,12.420834,7.8861356
val,M,12.424514,7.746699
val,M,12.395097,4.9683166
val,M,12.319861,3.4290707
val,M,12.219889,4.3562055
val,M,12.423347,2.906619
val,M,13.134597,2.0974667
val,M,13.910931,2.1446316
val,M,14.521916,2.6537557
val,M,15.10075,2.828937
val,M,15.857,3.7225666
val,M,17.159195,4.329518
val,M,18.716806,4.620157
val,M,20.0215,2.9577835
val,M,21.133444,2.121366
val,M,22.075916,2.323418
val,M,20.849403,2.5538647
val,M,14.819597,3.551754
val,M,6.2393475,7.592241
val,M,1.0453612,8.693135
val,M,0.07605556,3.8167133
val,M,0.37808332,3.481628
val,M,0.9266389,3.5189495
val,M,1.7283472,6.253991
val,M,2.9669027,5.0681663
val,M,4.7223887,6.796883
val,M,6.859875,6.912119
val,M,8.893042,6.7680097
val,M,10.436167,6.9599276
val,M,11.401736,7.532144
val,M,11.730333,8.511648
val,M,11.50168,10.096982
val,M,10.933111,7.1130223
val,M,10.4375,7.642835
val,M,10.486195,8.239904
val,M,10.894736,8.675575
val,M,11.248806,9.450123
val,M,11.461403,9.336105
val,M,11.702791,5.9312387
val,M,11.743667,3.6024218
val,M,11.620833,3.119526
val,M,11.558653,3.2578092
val,M,11.643403,3.2726464
val,M,11.90582,2.966342
val,M,12.019611,2.8097823
val,M,12.077861,2.2045467
val,M,12.293959,1.8037478
val,M,12.565291,2.0380673
val,M,12.746708,2.3978581
val,M,12.827625,2.8871837
val,M,12.845875,2.600907
val,M,12.864,2.6828046
val,M,12.895528,2.608302
val,M,12.906902,2.3398051
val,M,12.848181,2.2957237
val,M,12.751722,2.1595058
val,M,12.728833,2.0834818
val,M,12.567778,2.157637
val,M,11.959014,2.15654
val,M,11.543028,2.1002553
val,M,11.827084,2.005652
val,M,12.295,1.9752637
val,M,12.672125,1.9025922
val,M,12.870055,1.9027365
val,M,12.917167,2.0513892
val,M,12.941778,1.9637011
val,M,12.930722,2.1037667
val,M,12.894139,2.0812314
val,M,12.74125,2.0338185
val,M,12.460305,2.0412164
val,M,12.163652,1.9910234
val,M,11.872056,1.9281342
val,M,11.601347,1.9882542
val,M,11.137362,2.0397696
val,M,10.269903,1.9960893
val,M,9.492333,1.9452614
val,M,9.315889,1.9883043
val,M,9.592792,2.1746256
val,M,9.979681,2.2581134
val,M,10.331639,2.4400454
val,M,10.5899725,2.574167
val,M,10.497569,2.4618416
val,M,9.644569,2.1611133
val,M,8.164667,3.3805473
val,M,6.4251804,4.0521665
val,M,4.523486,2.8535635
val,M,2.886486,4.0702806
val,M,2.6282916,5.038799
val,M,3.572264,6.091274
val,M,4.091542,4.8124757
val,M,3.6913195,4.4294386
val,M,2.8400834,8.125159
val,M,2.621764,8.444696
val,M,3.8046668,4.2718315
val,M,5.482847,2.8495398
val,M,6.885875,4.6867785
val,M,7.988514,4.710633
val,M,8.80625,5.51156
val,M,9.551764,4.6982374
val,M,10.072986,3.883762
val,M,10.294583,4.7446365
val,M,10.431027,6.543114
val,M,10.56293,7.5795674
val,M,10.696458,7.228438
val,M,10.819667,6.6301146
val,M,10.919917,6.3797126
val,M,11.042319,7.1689744
val,M,11.167431,6.869923
val,M,11.242028,8.6094475
val,M,11.248347,8.984933
val,M,11.198277,7.1756787
val,M,11.115111,7.560942
val,M,11.012417,7.457127
val,M,10.907528,5.303132
val,M,10.7884865,4.599701
val,M,10.706639,5.127273
val,M,10.715292,5.559024
val,M,10.7583475,3.6925416
val,M,10.794375,2.4279776
val,M,10.81875,2.3468494
val,M,10.857513,2.7794976
val,M,10.854236,2.3085494
val,M,10.87657,2.2632399
val,M,10.988,2.2922807
val,M,11.034333,2.616334
val,M,10.983236,2.3554692
val,M,10.848763,2.0472963
val,M,10.743486,2.1312933
val,M,10.793653,2.7716346
val,M,11.059736,3.1769574
val,M,11.443639,3.922279
val,M,11.599459,4.8618846
val,M,11.558847,2.2404974
val,M,11.556833,1.6006964
val,M,11.325403,1.4689918
val,M,11.223458,1.9663564
val,M,11.332583,2.5020995
val,M,11.248834,3.683277
val,M,11.207486,4.00017
val,M,11.097097,2.981297
val,M,10.930375,2.2322764
val,M,11.076777,1.7627195
val,M,11.251764,1.1609381
val,M,11.01075,1.0628421
val,M,10.596167,1.3748261
val,M,10.296763,1.6040131
val,M,10.123694,1.674095
val,M,10.117486,1.7199634
val,M,10.257444,1.7820305
val,M,10.394709,1.8396538
val,M,10.508639,1.9182943
val,M,10.665653,1.9759887
val,M,10.843958,1.9100376
val,M,10.9805,1.9233094
val,M,10.90625,1.9253646
val,M,10.31257,1.8654383
val,M,9.392736,1.907344
val,M,8.797277,1.9850653
val,M,8.690014,2.0592577
val,M,8.8573475,2.0694203
val,M,9.140458,1.9896421
val,M,9.187056,1.9934236
val,M,9.0836525,2.056752
val,M,9.144555,2.0714452
val,M,9.012042,2.0249608
val,M,8.250195,2.0601695
val,M,7.5740557,2.1059966
val,M,7.6276526,2.0956125
val,M,7.585639,2.6545143
val,M,6.7378054,3.7754343
val,M,5.34725,3.60899
val,M,3.8657777,2.8588324
val,M,2.4410417,3.0093553
val,M,1.0668056,3.7409945
val,M,0.19959722,4.5172143
val,M,0.0155,4.150287
val,M,0.015027778,2.832286
val,M,0.014472222,2.546009
val,M,0.013180556,3.3886237
val,M,0.015152778,3.9115865
val,M,0.0144305555,3.9004874
val,M,0.009972222,4.7388844
val,M,0.010347222,8.632118
val,M,0.012083333,10.102131
val,M,0.012,8.874464
val,M,0.013555556,6.790894
val,M,0.015763888,6.733993
val,M,0.014347223,7.522762
val,M,0.013083333,7.3030634
val,M,0.014847222,6.915912
val,M,0.015694445,7.190377
val,M,0.012,4.1862073
val,M,0.008444444,3.2943475
val,M,0.010430556,4.761658
val,M,0.010847222,6.1677365
val,M,0.011444445,7.7395754
val,M,0.011944445,3.3946967
val,M,0.011375,2.8727686
val,M,0.010819444,5.6784577
val,M,0.010861111,4.7578654
val,M,0.011944445,3.5418768
val,M,0.013361111,3.3711371
val,M,0.014277778,3.4859972
val,M,0.012,3.5741768
val,M,0.012097222,3.8240812
val,M,0.014375,8.685504
val,M,0.015194444,9.475721
val,M,0.014819444,3.9207478
val,M,0.011763889,3.0646029
val,M,0.010458333,3.362224
val,M,0.011013889,4.6056676
val,M,0.010805556,10.350261
val,M,0.012847222,8.661245
val,M,0.011791667,3.0573087
val,M,0.009652778,2.8583817
val,M,0.011763889,3.8924592
val,M,0.0119027775,7.4156957
val,M,0.009013888,4.321985
val,M,0.010208333,4.2346606
val,M,0.012305556,4.578008
val,M,0.012152778,4.0708785
val,M,0.012027778,3.406054
val,M,0.011430556,3.7922695
val,M,0.012,4.1710434
val,M,0.012402778,4.767455
val,M,0.011555555,8.431435
val,M,0.010458333,12.114141
val,M,0.010263889,7.5972857
val,M,0.013666667,6.5392575
val,M,0.013861111,6.9609427
val,M,0.0137083335,3.7969034
val,M,0.012527778,3.5992846
val,M,0.011180555,3.857634
val,M,0.010069445,2.9510484
val,M,0.0077222222,3.656248
val,M,0.009458333,6.0566883
val,M,0.012569444,3.788197
val,M,0.0113194445,2.6384172
val,M,0.009652778,2.3365486
val,M,0.014972222,2.7155247
val,M,0.016069444,2.846569
val,M,0.011125,2.3515563
val,M,0.008833333,1.3371376
val,M,0.009861111,0.8889248
val,M,0.011347222,1.1905661
val,M,0.015583334,1.9498667
val,M,0.028458333,2.3639026
val,M,0.11677778,3.0362186
val,M,0.101902775,3.9116194
val,M,0.010194444,3.7277813
val,M,0.011625,3.543317
val,M,0.011541666,3.2639236
val,M,0.012305556,3.116929
val,M,0.009861111,4.1609044
val,M,0.0076666665,4.050651
val,M,0.011597223,5.536196
val,M,0.012194444,10.598073
val,M,0.008847223,8.034547
val,M,0.008652777,5.715984
val,M,0.0105,6.692693
val,M,0.016069444,6.2158394
val,M,0.015986111,8.830025
val,M,0.016930556,10.671534
val,M,0.016347222,8.977947
val,M,0.015902778,10.445664
val,M,0.0165,10.144272
val,M,0.0105,4.817318
val,M,0.008277778,2.7567983
val,M,0.008111111,2.525899
val,M,0.011194444,2.388727
val,M,0.016652778,2.3195922
val,M,0.015180555,2.3831244
val,M,0.010930556,2.0609367
val,M,0.009777778,1.9604822
val,M,0.009847222,2.034962
val,M,0.012569444,1.9033496
val,M,0.013805555,1.7911626
val,M,0.013916667,1.6159462
val,M,0.013444444,1.5359688
val,M,0.0119027775,1.6535292
val,M,0.011055555,1.6652114
val,M,0.014416667,1.6315552
val,M,0.013027778,1.7209936
val,M,0.009611111,1.4471334
val,M,0.010708333,0.73490113
val,M,0.008930556,0.74821323
val,M,0.011625,0.8756218
val,M,0.014541667,1.7731644
val,M,0.012166667,2.5632677
val,M,0.010972222,2.7906866
val,M,0.013402778,4.008538
val,M,0.012722222,5.823916
val,M,0.009930556,5.8186736
val,M,0.010819444,4.9545035
val,M,0.011597223,3.5865002
val,M,0.011736111,3.8828282
val,M,0.011166667,3.5043998
val,M,0.008986111,3.1803234
val,M,0.034319445,3.0857906
val,M,0.041444443,2.7515392
val,M,0.051152777,2.2307754
val,M,0.33938888,1.9916419
val,M,1.2380694,1.474816
val,M,2.6830833,0.8474006
val,M,4.276,1.3012956
val,M,5.8887916,2.2166395
val,M,6.90075,2.265307
val,M,6.9468193,1.5148222
val,M,6.3334584,1.6981214
val,M,5.4825,1.8464528
val,M,4.6190834,2.1722512
val,M,3.8669305,3.5701156
val,M,3.6826806,2.6527586
val,M,3.7598472,2.9676719
val,M,4.1911387,6.980067
val,M,5.2915277,6.854734
val,M,6.500736,3.3679233
val,M,7.1683474,2.7227452
val,M,7.7435417,3.4240365
val,M,8.749111,3.2284389
val,M,9.907598,3.2183492
val,M,11.1135,6.6564226
val,M,12.227375,6.4421024
val,M,12.781292,5.9126697
val,M,12.461917,5.4587226
val,M,11.3694725,6.324632
val,M,9.810597,7.5588565
val,M,8.352,6.9093494
val,M,7.209111,7.582006
val,M,6.4177084,6.559751
val,M,6.3333054,8.237933
val,M,7.0693192,9.68977
val,M,8.416278,4.49297
val,M,10.079458,3.621502
val,M,11.694375,6.0225606
val,M,12.869236,6.9464126
val,M,13.418959,8.427512
val,M,13.586416,13.071985
val,M,13.659166,13.979469
val,M,13.721791,10.269396
val,M,13.788986,10.079168
val,M,13.854792,11.63946
val,M,13.934986,9.804683
val,M,14.020889,12.590031
val,M,14.114458,15.349119
val,M,14.190792,12.569761
val,M,14.213889,8.387933
val,M,14.228958,9.885069
val,M,14.219778,11.933956
val,M,14.233986,11.844148
val,M,14.358514,8.396772
val,M,14.5425,5.858604
val,M,14.745028,7.552934
val,M,14.92543,11.448155
val,M,14.854917,11.774088
val,M,14.286166,9.55728
val,M,13.2225,7.2323375
val,M,12.189458,8.285371
val,M,11.576653,10.156429
val,M,11.397125,6.0561075
val,M,11.424736,2.5815072
val,M,11.265361,1.5298392
val,M,10.750861,1.2800096
val,M,9.854709,1.437066
val,M,8.883555,1.6090591
val,M,8.376416,2.0568466
val,M,8.366528,2.1186156
val,M,8.122084,2.2738094
val,M,7.109125,2.2469068
val,M,5.7390556,2.1660464
val,M,4.4643054,2.1635284
val,M,3.249,2.227822
val,M,2.3164723,2.249028
val,M,1.5674722,2.3020458
val,M,1.0972639,2.216248
val,M,1.8867639,2.2016182
val,M,3.4847777,2.1706748
val,M,5.0348196,2.1510239
val,M,6.2852917,2.1205401
val,M,6.9285555,2.1091392
val,M,7.2728195,2.096595
val,M,7.771514,2.0906696
val,M,8.525945,2.0254917
val,M,9.14575,1.9918689
val,M,9.4215,2.0326006
val,M,9.640805,2.0224288
val,M,9.869597,1.9966125
val,M,9.735791,1.9894061
val,M,8.825097,1.9718906
val,M,7.507125,1.9832402
val,M,6.2291527,2.0293043
val,M,5.3299723,1.9976268
val,M,4.1760974,2.0059974
val,M,4.2265415,2.480353
val,M,5.992597,3.1692379
val,M,7.3816667,3.460678
val,M,8.3565,3.0078359
val,M,8.886681,2.2070878
val,M,9.022653,2.3485522
val,M,9.059569,3.405613
val,M,9.148848,3.5282257
val,M,9.277805,4.4654884
val,M,9.382417,6.375447
val,M,9.443833,5.5058866
val,M,9.512736,6.6829743
val,M,9.582209,6.8022475
val,M,9.695431,5.9365993
val,M,9.943264,5.7416406
val,M,10.35782,5.467126
val,M,10.674222,5.5106378
val,M,10.664903,5.3757553
val,M,10.471861,4.9255095
val,M,10.262042,5.620024
val,M,10.115152,8.582131
val,M,9.924528,9.737828
val,M,9.565403,7.611422
val,M,8.779778,6.9773517
val,M,7.570653,8.250728
val,M,6.304403,7.2757707
val,M,5.531194,6.6040435
val,M,5.660875,8.235107
val,M,6.279667,7.446737
val,M,6.7908335,5.767969
val,M,6.8274307,9.605891
val,M,6.704639,10.095124
val,M,7.079528,8.819135
val,M,7.8009167,8.848928
val,M,8.216125,10.983866
val,M,8.243611,8.785955
val,M,7.9966946,5.3980746
val,M,7.505139,5.635833
val,M,7.072889,9.675131
val,M,7.2013474,11.513766
val,M,7.7142224,10.285921
val,M,7.86625,9.127546
val,M,7.7820554,7.244516
val,M,7.8610554,6.880999
val,M,8.020319,8.84201
val,M,8.184611,10.124305
val,M,8.356569,9.46158
val,M,8.408125,9.534676
val,M,8.404625,4.7539225
val,M,8.316916,2.8792095
val,M,8.48818,3.8274577
val,M,9.0969305,4.637852
val,M,9.79668,4.107717
val,M,10.565375,7.5061684
val,M,11.100528,7.329836
val,M,11.051583,5.3630886
val,M,10.635639,6.6487527
val,M,10.172305,6.597072
val,M,9.822945,5.560411
val,M,9.848014,7.4177337
val,M,10.163917,11.140833
val,M,10.53982,12.923414
val,M,10.790833,9.015499
val,M,10.740278,8.0105095
val,M,10.49643,10.094793
val,M,10.096014,8.928673
val,M,9.249153,8.354013
val,M,8.273431,7.1789355
val,M,8.033264,9.182236
val,M,8.435431,10.712703
val,M,8.954597,8.1002035
val,M,9.389444,8.28713
val,M,9.63332,8.946356
val,M,9.466778,9.036861
val,M,8.607611,8.270896
val,M,7.7093472,6.2027984
val,M,7.655028,8.66733
val,M,8.247486,9.981939
val,M,8.90275,9.093569
val,M,9.333667,9.367835
val,M,9.294042,8.362583
val,M,8.741333,4.9832377
val,M,7.949861,3.0532947
val,M,7.2665,2.509406
val,M,7.221236,1.9358226
val,M,8.022737,2.072467
val,M,9.129514,2.0136795
val,M,9.868347,2.0575874
val,M,9.969194,2.024117
val,M,9.30425,2.00557
val,M,8.108111,2.075892
val,M,7.1642222,2.1456127
val,M,6.7119308,2.1178446
val,M,6.283931,2.0315878
val,M,5.731403,2.0578024
val,M,4.820542,2.046787
val,M,3.784486,1.9479777
val,M,3.4703333,2.0366638
val,M,4.2327085,2.0492108
val,M,5.763417,2.1019094
val,M,7.5448613,1.9979298
val,M,9.12307,2.0541012
val,M,10.07525,2.0478776
val,M,10.29675,2.0700378
val,M,10.12725,3.3971133
val,M,9.946736,4.727855
val,M,9.760555,4.754851
val,M,9.545834,5.546086
val,M,9.3347225,3.6147342
val,M,9.298195,2.7191472
val,M,9.474042,3.0098882
val,M,9.716917,2.7749095
val,M,9.986709,3.6689265
val,M,10.162194,5.056107
val,M,10.1265,5.453335
val,M,10.041056,8.268151
val,M,9.781347,10.14716
val,M,8.834431,8.702433
val,M,7.8528333,9.604318
val,M,7.756292,8.767509
val,M,8.381042,8.028198
val,M,9.083208,8.335218
val,M,9.115042,8.118051
val,M,8.616777,8.841947
val,M,8.323722,9.395603
val,M,8.490069,10.250587
val,M,9.246098,11.235037
val,M,10.42743,13.135105
val,M,11.428375,12.761333
val,M,12.008041,9.179481
val,M,12.30418,8.461942
val,M,12.273375,7.8814354
val,M,12.080791,7.3996544
val,M,12.209042,6.876064
val,M,12.508972,7.8780594
val,M,12.493875,10.073224
val,M,12.259,9.274899
val,M,12.051347,8.076269
val,M,11.872347,9.595839
val,M,11.88882,10.278101
val,M,12.066139,8.497558
val,M,12.249986,10.067888
val,M,12.481375,10.0465
val,M,12.668472,9.962883
val,M,12.297681,10.938854
val,M,11.558611,9.401535
val,M,11.401958,8.072332
val,M,11.904375,8.575146
val,M,12.514319,4.8037696
val,M,12.892625,3.6832838
val,M,13.048125,6.1545215
val,M,13.075319,6.561267
val,M,13.014153,9.533823
val,M,12.869348,11.836712
val,M,12.698542,11.319658
val,M,12.552237,9.946359
val,M,12.414153,7.6253276
val,M,12.330319,5.2786336
val,M,12.261084,2.8322108
val,M,12.133764,3.1720176
val,M,12.104042,3.2526689
val,M,12.024764,2.9929147
val,M,11.86782,2.5379224
val,M,11.779445,4.2507186
val,M,11.69143,4.276448
val,M,11.666597,5.026656
val,M,11.755555,3.901007
val,M,11.935778,2.558307
val,M,12.172667,4.3815174
val,M,12.462681,9.345455
val,M,12.916153,8.496947
val,M,13.455791,4.3567233
val,M,13.747014,3.584947
val,M,13.861042,3.526772
val,M,13.972083,3.2115762
val,M,14.044625,3.7613754
val,M,14.05125,4.522095
val,M,14.071736,4.6926837
val,M,14.170111,6.9653983
val,M,14.299111,7.282953
val,M,14.353444,5.1524706
val,M,14.337958,7.240057
val,M,14.317889,6.7339854
val,M,14.135292,7.4944625
val,M,13.570625,8.206555
val,M,12.920417,7.690177
val,M,12.646264,5.1534276
val,M,12.731417,7.053544
val,M,12.825958,8.029276
val,M,12.697166,7.9961557
val,M,12.296291,7.5270243
val,M,11.487722,7.9464006
val,M,10.335139,6.145162
val,M,9.008764,8.250828
val,M,7.6361804,10.888188
val,M,6.178361,10.805424
val,M,4.641972,8.849742
val,M,3.0624166,7.521997
val,M,1.7090417,7.801764
val,M,0.93780553,5.681214
val,M,0.40495834,5.0575986
val,M,0.06575,6.251094
val,M,0.016777778,6.110951
val,M,0.014486111,3.6948228
val,M,0.015513889,2.1194477
val,M,0.3214028,1.6095768
val,M,1.8005,1.996007
val,M,4.5201526,2.1918924
val,M,7.5354443,2.8919387
val,M,10.373097,4.842532
val,M,12.482986,4.8565583
val,M,13.202278,3.0135117
val,M,13.043167,2.9986475
val,M,12.658042,3.5063572
val,M,12.1545,5.2000394
val,M,11.826736,4.53708
val,M,11.777555,4.7886844
val,M,11.882153,8.722549
val,M,12.062528,8.745678
val,M,12.264139,10.974429
val,M,12.487611,10.524342
val,M,12.696208,4.7263494
val,M,12.582431,5.1828504
val,M,12.019514,7.3837504
val,M,11.291083,7.223489
val,M,10.517555,7.635778
val,M,9.892597,8.16829
val,M,9.553264,7.1805997
val,M,8.988931,10.035065
val,M,7.8755555,9.976915
val,M,6.5272083,6.942966
val,M,5.3364167,6.9166265
val,M,4.7618055,7.070208
val,M,4.6883054,5.5681515
val,M,4.6473613,6.453922
val,M,4.5757637,8.055611
val,M,4.2579026,10.48536
val,M,3.405639,10.1373825
val,M,2.777639,8.22701
val,M,2.8284721,8.14543
val,M,3.3189027,8.63781
val,M,4.2821946,11.912489
val,M,5.420361,11.154675
val,M,6.5190835,7.88118
val,M,7.2562084,9.822773
val,M,7.832625,11.434367
val,M,8.594264,12.307189
val,M,9.100194,9.155642
val,M,9.275639,5.610335
val,M,9.43325,6.240906
val,M,9.6617365,7.273841
val,M,9.859792,10.086788
val,M,10.11175,11.252704
val,M,10.493931,10.516386
val,M,10.825486,13.010897
val,M,10.805361,11.627302
val,M,10.464319,9.842581
val,M,10.007709,12.13742
val,M,9.55825,10.339493
val,M,9.292514,7.1384254
val,M,9.380806,9.48674
val,M,9.731236,10.323265
val,M,10.001014,12.320511
val,M,10.012305,12.471495
val,M,9.815028,10.349559
val,M,9.632903,8.900439
val,M,9.487278,8.926922
val,M,9.3504305,9.799211
val,M,9.200791,12.378878
val,M,8.98782,9.970947
val,M,8.666306,7.9850197
val,M,8.284695,9.668059
val,M,7.901014,9.037583
val,M,7.534639,9.279168
val,M,7.138764,5.98187
val,M,6.518847,7.510347
val,M,5.6324863,8.783312
val,M,4.595389,5.5006843
val,M,3.5172918,2.414279
val,M,2.5802083,2.1888146
val,M,1.7834584,2.8874059
val,M,0.8011389,2.6057181
val,M,0.115430556,1.9450845
val,M,0.013472222,2.0246892
val,M,0.013375,1.9984876
val,M,0.041125,1.825126
val,M,0.22708334,1.6677519
val,M,0.53184724,2.1196613
val,M,0.7586389,2.105075
val,M,0.8238056,1.8648387
val,M,0.8702639,1.7623525
val,M,0.85084724,2.236393
val,M,0.50363886,2.7365863
val,M,0.12568055,2.4062293
val,M,0.041055556,3.0945475
val,M,0.216,6.540774
val,M,0.7919722,7.979533
val,M,1.9872084,5.2132707
val,M,3.5033195,5.1441164
val,M,5.273958,6.4698176
val,M,6.8814445,5.5628366
val,M,7.467583,5.1162224
val,M,7.385514,4.130911
val,M,7.1916943,3.1520495
val,M,6.9366665,2.3511896
val,M,6.6778193,1.6565112
val,M,6.3369308,1.2658983
val,M,5.485597,1.3092453
val,M,4.2019444,1.6113021
val,M,2.9080138,1.8786076
val,M,1.6403055,1.5313821
val,M,0.57994443,1.3494526
val,M,0.11044444,1.2128301
val,M,0.054555554,1.1493801
val,M,0.030111112,1.2095872
val,M,0.25809723,1.2755527
val,M,1.6318195,1.2977681
val,M,3.5589027,1.4106568
val,M,5.131986,1.4909927
val,M,6.6303334,1.6591043
val,M,7.5471945,1.7689524
val,M,7.808611,1.8220326
val,M,8.320306,1.8907307
val,M,9.140917,1.981492
val,M,9.080625,2.12021
val,M,8.283334,2.2055206
val,M,7.6147776,2.032999
val,M,7.2247224,1.3909762
val,M,7.0223193,0.90278876
val,M,6.5891805,0.99422324
val,M,6.703722,2.1455183
val,M,7.4295,4.7183146
val,M,8.02618,4.9705415
val,M,8.445541,5.9503055
val,M,8.589167,8.616808
val,M,8.757611,7.919227
val,M,8.953153,7.445599
val,M,8.905945,7.7294307
val,M,8.766861,7.2025294
val,M,8.550597,10.227682
val,M,8.133792,14.029968
val,M,7.390847,10.87035
val,M,6.268639,7.3368993
val,M,5.042153,8.127828
val,M,3.5916667,6.5665917
val,M,1.9415555,6.055414
val,M,0.60475,8.68405
val,M,0.047916666,11.5607
val,M,0.013847223,11.500633
val,M,0.029986111,8.804683
val,M,0.21495834,7.460443
val,M,0.82505554,6.4546103
val,M,2.2783473,5.9182773
val,M,4.1325974,5.6727657
val,M,5.773153,7.1682134
val,M,7.4520555,6.415458
val,M,8.59543,6.070054
val,M,8.876041,7.440464
val,M,8.431361,4.65898
val,M,7.1408057,3.4277787
val,M,5.5266943,4.0835614
val,M,4.4351807,4.8504453
val,M,3.924236,4.5451236
val,M,2.9564166,10.984874
val,M,1.7966111,7.8014154
val,M,2.294889,3.770846
val,M,4.2833195,3.1960359
val,M,6.4957085,3.4430745
val,M,8.655181,3.4568849
val,M,9.854222,3.7135487
val,M,10.045639,3.7795053
val,M,9.813778,3.2886443
val,M,9.0575695,3.5267673
val,M,8.111264,3.5526905
val,M,7.5919585,3.0469255
val,M,7.6825557,2.151898
val,M,8.188723,2.2585924
val,M,8.770958,2.2868748
val,M,9.144237,2.1138425
val,M,9.315431,2.4531512
val,M,9.366777,2.406734
val,M,9.487181,2.4618871
val,M,9.593041,5.353836
val,M,9.677931,10.66083
val,M,10.054472,4.150148
val,M,10.02257,2.7181876
val,M,9.650903,2.2761064
val,M,9.520625,1.8060126
val,M,9.280694,3.112958
val,M,8.918041,5.377874
val,M,8.499111,4.9400764
val,M,8.13907,3.4967616
val,M,7.8474307,4.653341
val,M,7.3212223,6.2035174
val,M,7.034042,7.3424125
val,M,7.849653,7.28705
val,M,9.115723,5.2461996
val,M,9.860833,7.6302576
val,M,10.24993,8.864294
val,M,10.573527,11.086794
val,M,10.550834,10.35596
val,M,10.592305,11.632397
val,M,10.898861,10.120335
val,M,11.0610695,9.513182
val,M,11.1657915,9.586687
val,M,11.291236,10.420082
val,M,11.414181,9.369116
val,M,11.474527,9.681873
val,M,11.494792,8.354567
val,M,11.4274025,6.546288
val,M,10.629708,5.15699
val,M,9.063444,3.2142546
val,M,7.872625,2.0972211
val,M,7.668667,1.6832213
val,M,8.156292,1.6910836
val,M,8.864472,1.9216334
val,M,9.231569,1.949624
val,M,9.276694,2.094851
val,M,9.332848,2.0905776
val,M,9.469417,2.0096686
val,M,9.700694,1.9728832
val,M,9.737486,1.9597855
val,M,9.2334585,1.9554676
val,M,7.9844165,2.519102
val,M,6.54175,4.3247275
val,M,5.8619447,4.435747
val,M,6.167611,3.1548665
val,M,7.021389,4.268289
val,M,7.9920416,6.4475594
val,M,8.490681,6.3906035
val,M,7.9784026,8.48793
val,M,6.7734027,6.713224
val,M,5.6160417,7.0065107
val,M,5.062389,8.811916
val,M,5.093264,8.205968
val,M,5.344097,10.322696
val,M,5.0832915,8.275845
val,M,4.2896943,5.3964057
val,M,3.3862362,3.4306672
val,M,2.640889,2.9600167
val,M,1.6980833,4.555924
val,M,0.51027775,4.6298747
val,M,0.113916665,2.9260497
val,M,0.484375,3.5024147
val,M,1.0329167,3.4887352
val,M,1.1214583,3.1294775
val,M,0.9480139,3.581975
val,M,1.0282639,5.304052
val,M,0.89695835,2.5191846
val,M,0.48481944,2.1111412
val,M,0.38825,2.0917668
val,M,1.0220555,3.689813
val,M,2.3593612,8.117813
val,M,3.9508333,4.9150844
val,M,5.405097,2.3501453
val,M,6.1418195,3.7479005
val,M,5.927514,4.3940625
val,M,4.7830973,3.6886833
val,M,3.1042082,4.193887
val,M,2.6360278,7.0696816
val,M,3.73975,8.503958
val,M,5.338125,5.3057027
val,M,6.72675,6.402026
val,M,7.350111,7.3599105
val,M,7.2455,8.276142
val,M,6.8116946,8.141305
val,M,6.6837363,4.7970643
val,M,7.515861,2.634657
val,M,8.770111,2.5482934
val,M,9.546278,3.7218404
val,M,9.787264,5.0590243
val,M,9.627402,6.2536187
val,M,9.323514,5.301933
val,M,9.024611,4.952861
val,M,8.68907,6.885758
val,M,8.231653,5.8567767
val,M,7.714028,5.678139
val,M,7.190597,7.9623475
val,M,6.2901807,4.7482185
val,M,5.1363053,2.646011
val,M,4.7109723,2.876753
val,M,5.3870974,3.3303924
val,M,6.664764,5.9388714
val,M,7.9928193,6.5564504
val,M,9.137527,7.3692474
val,M,9.940917,5.0529804
val,M,10.317153,4.395995
val,M,10.409695,6.866713
val,M,10.393653,9.6781845
val,M,10.403055,7.10836
val,M,10.358778,4.3310227
val,M,10.216917,5.014693
val,M,9.634181,5.276768
val,M,8.500195,4.6226254
val,M,7.536014,3.5562873
val,M,7.456208,3.862807
val,M,8.261333,5.797754
val,M,9.206737,5.2567697
val,M,9.582431,3.8242846
val,M,9.4713335,3.733355
val,M,9.193916,3.9592657
val,M,8.93207,5.123313
val,M,8.674264,8.686228
val,M,8.287236,14.165655
val,M,8.505153,11.906555
val,M,9.508695,9.596737
val,M,10.136541,10.371749
val,M,10.0541115,9.776526
val,M,9.76525,8.575186
val,M,9.435139,7.8241296
val,M,8.996737,7.9847455
val,M,8.216319,7.0893145
val,M,7.027972,4.5972595
val,M,5.6439443,4.604749
val,M,4.300597,6.479427
val,M,3.7277915,8.748522
val,M,4.424875,7.0787745
val,M,5.8039026,2.582178
val,M,7.206861,2.4044323
val,M,8.345195,2.54359
val,M,8.944861,1.6974052
val,M,9.124792,1.1082625
val,M,9.133306,1.5404265
val,M,8.833625,2.2130642
val,M,8.2010975,1.7827176
val,M,7.8537083,1.9266403
val,M,8.204445,2.8075795
val,M,8.506028,4.0256047
val,M,8.500847,4.4592166
val,M,8.415208,4.65105
val,M,8.306,5.1347823
val,M,8.154847,3.9682164
val,M,7.956986,3.1475532
val,M,7.845736,6.686093
val,M,7.912778,8.237682
val,M,8.576125,6.2943964
val,M,9.217153,6.2700324
val,M,9.729875,7.412658
val,M,10.286111,9.090906
val,M,10.124972,8.160885
val,M,9.296,6.0945086
val,M,8.221097,7.017511
val,M,7.5154305,6.6389966
val,M,7.6673474,6.8861504
val,M,8.587042,8.1222925
val,M,9.326083,7.4032807
val,M,9.371639,5.9886594
val,M,9.219542,2.9447203
val,M,9.004986,5.219882
val,M,8.756236,7.8378844
val,M,8.538931,4.7662735
val,M,8.21168,5.1205688
val,M,7.439125,5.780833
val,M,6.104111,4.9349027
val,M,4.369236,4.281923
val,M,2.434111,6.196194
val,M,1.2661945,4.956263
val,M,1.686375,3.482689
val,M,3.0836945,5.1011176
val,M,4.5548887,4.9860215
val,M,6.006528,4.671863
val,M,7.345083,5.196246
val,M,8.212277,6.477907
val,M,8.602986,6.217572
val,M,8.73943,4.637775
val,M,8.721389,3.5967765
val,M,8.495708,5.746912
val,M,7.962111,6.8153567
val,M,6.8291388,6.3133416
val,M,5.045236,4.8954463
val,M,2.9516807,3.2386465
val,M,1.049625,1.6880344
val,M,0.11844444,1.1993123
val,M,0.0109583335,1.5305111
val,M,0.010291667,1.9808047
val,M,0.011222222,2.2361562
val,M,0.013416667,2.4442344
val,M,0.029027779,3.6674554
val,M,0.0365,6.233654
val,M,0.0195,5.740063
val,M,0.031055555,3.691753
val,M,0.582,3.0577977
val,M,1.9629444,3.8009896
val,M,3.6456528,2.6603367
val,M,5.4426947,1.9005692
val,M,7.2126527,2.6080928
val,M,8.632431,4.0655756
val,M,9.769819,4.282331
val,M,10.5055,3.2111492
val,M,10.814959,3.8681116
val,M,10.926056,3.8745174
val,M,10.824653,2.9842544
val,M,10.628764,3.7888894
val,M,10.422222,3.9101467
val,M,10.162514,3.3372736
val,M,10.068806,2.9923928
val,M,9.948,2.8721251
val,M,9.976042,2.5807579
val,M,10.215847,2.3894196
val,M,10.299139,2.2399056
val,M,10.377222,2.525485
val,M,10.46218,2.4243188
val,M,10.528694,3.0527534
val,M,10.571764,5.200182
val,M,10.527,4.5978484
val,M,10.251375,2.895496
val,M,9.486625,3.5124931
val,M,8.313292,3.5640056
val,M,7.052375,3.77462
val,M,5.706903,3.5926604
val,M,4.2505417,3.754293
val,M,2.7518473,4.694698
val,M,1.4342917,3.527969
val,M,0.46320835,3.5768266
val,M,0.036944445,3.1165905
val,M,0.015833333,4.0855517
val,M,0.01525,5.5365834
val,M,0.013944444,5.5265145
val,M,0.013680556,4.6104455
val,M,0.01775,3.2644982
val,M,0.017652778,2.5021226
val,M,0.016180556,2.2498226
val,M,0.017166667,1.1461625
val,M,0.037875,1.0491706
val,M,0.069569446,1.2652316
val,M,0.07429167,2.2669244
val,M,0.04170833,2.3032627
val,M,0.015097222,2.491971
val,M,0.015555556,2.4073005
val,M,0.01575,4.307502
val,M,0.024888888,9.031055
val,M,0.027097221,3.8593016
val,M,0.017416667,1.6874734
val,M,0.015208334,2.5311732
val,M,0.013847223,2.5084012
val,M,0.014111111,2.312565
val,M,0.017527778,3.5076108
val,M,0.2820139,10.302887
val,M,1.6329445,11.317506
val,M,3.6394305,6.0344777
val,M,5.116125,5.5252576
val,M,5.825611,5.790463
val,M,6.4090834,4.975334
val,M,7.385264,7.399157
val,M,8.497125,8.778486
val,M,9.598333,9.938687
val,M,10.691819,8.533125
val,M,11.774278,6.38993
val,M,12.678972,6.7998614
val,M,13.292889,5.7037425
val,M,13.581597,3.687399
val,M,13.394514,4.146749
val,M,12.950389,6.790483
val,M,12.699083,6.6023183
val,M,12.161333,6.6836925
val,M,11.192833,4.89282
val,M,9.766833,2.6648455
val,M,8.060667,2.7252026
val,M,6.852792,3.3596103
val,M,6.584,3.6916988
val,M,7.2369585,4.291446
val,M,8.182028,3.529635
val,M,9.185972,2.9378393
val,M,10.217931,2.6297634
val,M,11.342305,3.8022728
val,M,12.492833,3.765408
val,M,13.416695,4.2193503
val,M,14.349639,5.008266
val,M,15.177125,7.3257856
val,M,15.662084,6.914413
val,M,15.728389,10.058794
val,M,15.465222,12.638302
val,M,15.146528,12.7666855
val,M,14.88275,11.447123
val,M,14.677889,7.6930766
val,M,14.416862,10.17647
val,M,14.152416,9.706921
val,M,13.906055,8.08195
val,M,13.663472,9.160839
val,M,13.428264,10.860911
val,M,13.265625,10.178413
val,M,13.253722,6.4933076
val,M,13.361555,4.827661
val,M,13.478361,4.0022273
val,M,13.43268,5.0241666
val,M,12.824458,5.262133
val,M,11.697972,4.602501
val,M,10.619348,4.4450507
val,M,9.795111,3.2986274
val,M,9.061694,6.9886446
val,M,8.429292,7.0591855
val,M,8.188541,3.4925647
val,M,8.323083,3.5025444
val,M,8.586625,5.1216817
val,M,8.88568,3.4327943
val,M,9.171291,3.683576
val,M,9.283417,4.1859183
val,M,9.0523615,5.932912
val,M,8.797292,5.1714077
val,M,8.8104725,3.8285837
val,M,8.945236,4.145705
val,M,9.13718,7.5682044
val,M,9.380222,8.967828
val,M,9.699417,6.46596
val,M,10.246125,3.956728
val,M,11.061319,3.834606
val,M,11.954473,4.289029
val,M,12.822403,5.0988407
val,M,13.638223,5.143393
val,M,14.368986,4.512199
val,M,14.919903,4.0332646
val,M,15.245903,4.147714
val,M,15.455042,5.327233
val,M,15.6465,5.1251574
val,M,15.718862,3.7471771
val,M,15.636264,5.3636956
val,M,15.477597,6.239127
val,M,15.228541,5.0355873
val,M,14.923583,4.7440186
val,M,14.611597,3.387971
val,M,14.427764,2.9549725
val,M,14.396597,4.384102
val,M,14.42275,4.8128905
val,M,14.551598,4.3331456
val,M,14.724639,7.3383684
val,M,14.803972,5.769589
val,M,14.811097,4.1930175
val,M,14.774222,4.7232184
val,M,14.659958,5.7521434
val,M,14.509,6.8184648
val,M,14.3278475,6.531606
val,M,14.044194,6.878665
val,M,13.705097,4.222784
val,M,13.37175,4.243254
val,M,13.048014,7.402584
val,M,12.844722,7.2451806
val,M,12.764653,8.265265
val,M,12.739597,6.3962493
val,M,12.798069,4.7738547
val,M,12.964056,3.0799432
val,M,13.228139,2.360546
val,M,13.528944,2.2008142
val,M,13.778708,2.763938
val,M,13.90807,2.8207216
val,M,13.9829445,2.5078135
val,M,14.043263,2.787412
val,M,14.074375,2.811357
val,M,14.145056,3.6059754
val,M,14.256264,10.208918
val,M,14.375944,8.604526
val,M,14.366806,8.333921
val,M,14.149458,7.9106126
val,M,13.868834,7.279024
val,M,13.604847,6.0526247
val,M,13.373458,9.284731
val,M,13.278125,8.970086
val,M,13.363791,6.447827
val,M,13.507722,7.7829504
val,M,13.629403,6.9007792
val,M,13.735,7.101048
val,M,13.811708,8.072088
val,M,13.780222,8.740819
val,M,13.6438055,9.862749
val,M,13.390625,10.123299
val,M,12.316861,8.810642
val,M,9.564639,9.82752
val,M,5.391153,11.23113
val,M,1.7259861,10.1211605
val,M,0.19926389,8.530962
val,M,0.014055556,12.060171
val,M,0.011527778,13.706423
val,M,0.0122638885,12.51016
val,M,0.015458333,10.771069
val,M,0.015722223,10.980548
val,M,0.016180556,11.998985
val,M,0.019111112,11.898777
val,M,0.023847222,9.332457
val,M,0.021708334,9.665491
val,M,0.01761111,10.637086
val,M,0.01725,9.542691
val,M,0.016708333,8.204094
val,M,0.01838889,8.788258
val,M,0.019291667,9.596018
val,M,0.017708333,12.490326
val,M,0.015361111,9.1294775
val,M,0.012819445,6.509139
val,M,0.013069444,8.538077
val,M,0.015458333,6.370937
val,M,0.013916667,4.352673
val,M,0.012902778,5.263872
val,M,0.012,7.8885827
val,M,0.011208333,10.106777
val,M,0.012486111,10.044391
val,M,0.012888889,9.219971
val,M,0.014958333,8.066892
val,M,0.014652777,9.862974
val,M,0.015138889,8.6500435
val,M,0.018555555,8.252022
val,M,0.016708333,7.566075
val,M,0.014972222,5.484961
val,M,0.015680555,5.671624
val,M,0.015125,9.487888
val,M,0.012041667,12.170689
val,M,0.012375,8.69779
val,M,0.014472222,5.779694
val,M,0.0136388885,5.9956
val,M,0.013736111,7.727166
val,M,0.013138889,7.9918113
val,M,0.013791666,7.207209
val,M,0.012625,8.75296
val,M,0.011875,10.035567
val,M,0.011527778,8.360318
val,M,0.011125,9.625862
val,M,0.011166667,7.9624047
val,M,0.013083333,8.507312
val,M,0.014819444,9.770147
val,M,0.0119027775,9.963964
val,M,0.010791667,8.447744
val,M,0.011166667,8.224391
val,M,0.009375,9.088942
val,M,0.007930555,6.4234424
val,M,0.009430556,7.019282
val,M,0.010222223,8.215861
val,M,0.009708334,8.238485
val,M,0.01025,10.006069
val,M,0.011666667,7.875871
val,M,0.0115,4.818237
val,M,0.011541666,3.1087859
val,M,0.012083333,2.5830874
val,M,0.010097222,3.084982
val,M,0.010111111,4.551041
val,M,0.011083334,6.32619
val,M,0.007486111,7.457372
val,M,0.008347223,3.4818907
val,M,0.09109722,3.3939886
val,M,1.3062084,3.7984123
val,M,3.6242917,5.3098254
val,M,5.772139,8.392908
val,M,7.5389442,9.976772
val,M,8.467305,10.879232
val,M,8.583347,11.045904
val,M,8.477805,8.369021
val,M,8.288764,9.144062
val,M,8.011806,8.907812
val,M,7.46175,5.8182974
val,M,6.6844444,6.145135
val,M,5.8403473,5.8667455
val,M,4.996222,6.466734
val,M,4.2117915,3.4442644
val,M,3.4648333,3.0428474
val,M,2.7067084,5.390853
val,M,1.91975,6.9785924
val,M,1.1200973,6.4842534
val,M,0.39754167,4.0832925
val,M,0.04538889,3.3792903
val,M,0.018652778,4.3394876
val,M,0.019652778,5.4689794
val,M,0.020125,5.877568
val,M,0.020319445,8.004069
val,M,0.023444444,10.578466
val,M,0.024125,10.202232
val,M,0.018194444,12.0991
val,M,0.014694445,11.328642
val,M,0.063194446,8.480501
val,M,0.22631945,10.040799
val,M,0.48020834,8.7741375
val,M,1.1596806,8.1499405
val,M,2.605236,6.3370996
val,M,4.1380277,7.5115895
val,M,5.3241806,8.353991
val,M,6.320014,6.0660777
val,M,7.101792,6.253382
val,M,7.625403,6.0580416
val,M,7.633236,5.136329
val,M,7.174389,2.6935065
val,M,6.4060693,2.303105
val,M,5.3251805,2.571652
val,M,3.9960418,2.1510823
val,M,2.3093889,1.9489597
val,M,0.70330554,1.9248656
val,M,0.037527777,1.8614744
val,M,0.016986111,1.9502048
val,M,0.0154444445,1.9847347
val,M,0.022833332,1.9538755
val,M,0.14154166,1.9780414
val,M,0.5550417,1.9772359
val,M,1.3810278,1.9353442
val,M,2.743625,2.0178146
val,M,4.235306,2.1043656
val,M,5.4856944,2.7455926
val,M,6.5052776,3.7530167
val,M,7.2620974,4.0912724
val,M,7.9095554,3.6621146
val,M,8.554611,7.6787467
val,M,9.258708,8.321223
val,M,9.819139,6.256746
val,M,10.0813055,5.106365
val,M,10.220445,4.6688304
val,M,10.262208,7.45799
val,M,10.10525,6.7373853
val,M,9.950708,5.393643
val,M,10.263264,8.250372
val,M,10.750264,7.011785
val,M,10.9765,10.901335
val,M,11.279417,13.336553
val,M,11.6796665,9.856847
val,M,11.803014,8.555573
val,M,11.502264,9.929983
val,M,10.717597,11.176155
val,M,9.489181,13.486186
val,M,8.228986,12.64513
val,M,7.1399584,8.908787
val,M,6.0875,9.520027
val,M,5.066597,11.781635
val,M,4.0616527,9.753574
val,M,3.02625,8.815115
val,M,1.9364166,9.703682
val,M,0.8219444,6.7809215
val,M,0.14031945,6.2248464
val,M,0.010833333,6.232061
val,M,0.01175,8.474831
val,M,0.0102361115,6.7821503
val,M,0.009,3.9347858
val,M,0.010083334,2.8054948
val,M,0.010861111,3.0666952
val,M,0.010055556,4.6290603
val,M,0.012319445,3.7492929
val,M,0.015347222,2.929607
val,M,0.01826389,2.144298
val,M,0.019069444,2.2942
val,M,0.015708333,2.840559
val,M,0.013916667,3.1253588
val,M,0.013958333,3.150004
val,M,0.013861111,4.281265
val,M,0.016763888,5.4718533
val,M,0.015763888,4.76407
val,M,0.0122638885,6.458941
val,M,0.011583333,6.139648
val,M,0.0116805555,3.470561
val,M,0.012208333,3.2391217
val,M,0.009611111,3.1886127
val,M,0.0101666665,3.6106715
val,M,0.013763889,3.3139448
val,M,0.014805555,2.8785386
val,M,0.05536111,2.9916053
val,M,0.93406945,3.3896165
val,M,3.0021667,5.1908865
val,M,5.311264,6.4462132
val,M,7.3330975,7.4924607
val,M,8.844152,9.5830345
val,M,10.024111,7.793321
val,M,11.267445,6.9450603
val,M,12.520847,4.8360314
val,M,13.6958885,3.0611193
val,M,14.797167,3.7509818
val,M,15.798625,2.9458742
val,M,16.702902,4.5196896
val,M,17.447916,3.3487046
val,M,17.823708,1.8219953
val,M,17.944319,1.8710142
val,M,17.98804,2.8818588
val,M,17.964167,4.1239095
val,M,17.92614,3.3206098
val,M,17.868973,2.63558
val,M,17.77668,5.2562175
val,M,17.717598,7.0886188
val,M,17.67625,3.5745883
val,M,17.610264,3.3241906
val,M,17.53925,4.1480527
val,M,17.549583,5.561417
val,M,17.544556,3.6066015
val,M,17.420013,2.5736585
val,M,17.30225,2.1581218
val,M,17.236431,2.4388437
val,M,17.22025,4.909496
val,M,17.177639,8.984491
val,M,17.13693,8.3563
val,M,17.181347,4.6513343
val,M,17.275223,3.5007234
val,M,17.448875,3.239606
val,M,17.724792,3.9304543
val,M,18.038237,3.9498332
val,M,18.250944,4.1290736
val,M,18.34811,4.0279245
val,M,18.427805,8.060904
val,M,18.502417,6.913538
val,M,18.138319,6.013679
val,M,17.107681,3.3388352
val,M,16.510014,3.942711
val,M,16.575445,4.4777265
val,M,16.694708,5.2017283
val,M,16.91932,7.022431
val,M,17.172167,6.5341115
val,M,17.375208,5.205007
val,M,17.500555,5.2040696
val,M,17.559542,4.5119843
val,M,17.586042,2.7561498
val,M,17.618708,2.696445
val,M,17.600416,6.6869316
val,M,17.52775,12.451599
val,M,17.399069,7.4906373
val,M,17.204264,4.2085032
val,M,17.06193,6.0825086
val,M,16.954958,5.772877
val,M,16.85918,2.9572625
val,M,16.842833,2.3155842
val,M,16.875334,2.251706
val,M,16.914042,2.9386926
val,M,16.960194,2.9641666
val,M,16.978416,2.7202291
val,M,16.858847,2.4350317
val,M,16.535765,6.5173593
val,M,15.900917,11.877206
val,M,14.994597,10.754035
val,M,14.050709,5.9702187
val,M,12.945194,4.9099803
val,M,11.523027,4.086504
val,M,9.917945,2.9167926
val,M,8.42343,3.4295366
val,M,7.595986,3.3199048
val,M,7.582014,3.2965837
val,M,7.9838333,3.8620553
val,M,8.513181,6.1867557
val,M,9.050542,8.942541
val,M,9.592042,8.043118
val,M,10.291458,4.36313
val,M,11.13775,3.4390025
val,M,11.786361,3.0208817
val,M,12.179167,3.4560728
val,M,12.530444,3.621644
val,M,12.884889,4.2820163
val,M,13.0644865,4.878201
val,M,13.027945,6.4949307
val,M,12.979013,7.4212594
val,M,13.200778,4.313176
val,M,13.811402,5.4348636
val,M,14.597347,6.65949
val,M,15.388445,5.08186
val,M,16.15854,4.2017803
val,M,16.72661,3.669947
val,M,16.905653,2.7318568
val,M,16.861292,2.0745802
val,M,16.816042,3.7485092
val,M,16.788305,5.067551
val,M,16.76343,5.063985
val,M,16.741417,2.933083
val,M,16.720833,2.7084603
val,M,16.71082,3.8565593
val,M,16.716862,5.829594
val,M,16.723375,5.548508
val,M,16.736889,5.501528
val,M,16.780903,6.4545784
val,M,16.842861,6.788559
val,M,16.901848,5.474078
val,M,16.95718,5.1714635
val,M,16.995667,6.0763516
val,M,16.999958,6.3535523
val,M,16.988987,8.000332
val,M,16.971111,8.4222355
val,M,16.92875,8.974329
val,M,16.881153,7.5799804
val,M,16.84521,5.441872
val,M,16.794043,4.597579
val,M,16.737444,6.590588
val,M,16.680721,6.6219974
val,M,16.595736,3.4793286
val,M,16.511013,2.4645507
val,M,16.478806,3.7281456
val,M,16.493042,5.702913
val,M,16.513792,3.8144913
val,M,16.522362,3.1510184
val,M,16.530458,4.3451705
val,M,16.56675,3.9662669
val,M,16.591612,9.04014
val,M,16.59432,10.65551
val,M,16.600445,8.010156
val,M,16.59289,10.764773
val,M,16.573486,12.6784725
val,M,16.541931,11.404249
val,M,16.536528,8.089625
val,M,16.54136,6.152264
val,M,16.570541,4.908983
val,M,16.580902,4.961454
val,M,16.557722,8.285054
val,M,16.541513,9.519494
val,M,16.540083,6.142403
val,M,16.566402,8.319599
val,M,16.566597,10.269688
val,M,16.5525,11.375193
val,M,16.546223,13.236775
val,M,16.526764,10.494457
val,M,16.505598,10.500051
val,M,16.4905,8.1561985
val,M,16.467653,7.957873
val,M,16.460236,12.481767
val,M,16.464582,12.43205
val,M,16.446598,8.957029
val,M,16.328793,10.686419
val,M,15.93943,10.917577
val,M,15.269514,8.487857
val,M,14.491667,7.1005397
val,M,13.49325,8.364275
val,M,12.171125,8.53495
val,M,10.728736,8.812142
val,M,9.322403,7.0873103
val,M,7.93,5.304359
val,M,6.2762637,5.6221867
val,M,4.2605834,7.345728
val,M,2.313875,5.8757043
val,M,0.80756944,6.496878
val,M,0.09686111,9.633746
val,M,0.016791666,9.5677805
val,M,0.017958334,8.052118
val,M,0.014736111,9.7209
val,M,0.013402778,9.921622
val,M,0.013930555,9.919783
val,M,0.018472223,5.5491033
val,M,0.022444444,3.2581954
val,M,0.022569444,4.413134
val,M,0.019444445,4.361842
val,M,0.016833333,4.532969
val,M,0.015569445,8.190761
val,M,0.012569444,6.371158
val,M,0.013125,10.204453
val,M,0.014138889,11.713205
val,M,0.012819445,12.889336
val,M,0.012819445,10.863802
val,M,0.012722222,8.081636
val,M,0.013194445,11.836786
val,M,0.013666667,12.474105
val,M,0.013805555,11.691545
val,M,0.014847222,10.918816
val,M,0.014125,8.227333
val,M,0.020777779,7.1795363
val,M,0.023319444,6.0460725
val,M,0.015805556,6.2928243
val,M,0.013041667,7.2711463
val,M,0.014097222,6.9475636
val,M,0.015652778,8.452381
val,M,0.013111111,8.86186
val,M,0.011472222,11.855463
val,M,0.011569444,13.34017
val,M,0.013861111,10.400011
val,M,0.01626389,7.9197516
val,M,0.015416667,8.453016
val,M,0.015847223,10.501831
val,M,0.014680555,10.336269
val,M,0.017125,9.770714
val,M,0.023597222,12.23196
val,M,0.020166667,12.729687
val,M,0.014888889,11.589214
val,M,0.018305555,11.253979
val,M,0.017916666,9.6172905
val,M,0.03375,7.749107
val,M,0.18644445,9.714108
val,M,1.1711944,8.895918
val,M,3.1200554,4.4179587
val,M,4.798861,2.9476328
val,M,6.1864166,9.632673
val,M,7.66575,13.193384
val,M,8.828611,8.030872
val,M,9.724931,6.998854
val,M,10.542139,8.155434
val,M,11.391417,9.104382
val,M,12.293653,9.398844
val,M,13.245319,10.867199
val,M,13.952403,11.768263
val,M,14.259903,11.235308
val,M,14.3006115,10.343491
val,M,14.293389,8.954872
val,M,14.402722,5.8971515
val,M,14.544945,5.3228207
val,M,14.679625,8.9075365
val,M,14.7765,11.856819
val,M,14.832027,8.38072
val,M,14.901097,7.1871066
val,M,14.976848,8.0016
val,M,14.93375,6.3550525
val,M,14.738778,3.6690583
val,M,14.506264,4.2791853
val,M,14.2907915,10.14409
val,M,14.057125,13.502194
val,M,13.811833,10.934229
val,M,13.624666,11.846763
val,M,13.501653,15.342999
val,M,13.392347,9.648716
val,M,13.3375,5.3295865
val,M,13.432555,3.8878345
val,M,13.5853195,11.628132
val,M,13.710459,16.129892
val,M,13.85775,10.847053
val,M,14.044111,9.537612
val,M,14.259167,9.580307
val,M,14.400958,8.788588
val,M,14.443611,6.407254
val,M,14.546361,7.4587383
val,M,14.726361,6.768137
val,M,14.797305,6.5231957
val,M,14.619805,8.19698
val,M,14.33132,6.8048763
val,M,14.110473,5.461352
val,M,13.902223,7.553047
val,M,13.710806,7.217381
val,M,13.602389,5.214774
val,M,13.659014,5.6345673
val,M,13.806958,3.7710752
val,M,13.958292,5.1407495
val,M,14.123055,6.3551183
val,M,14.295611,3.597386
val,M,14.470597,3.4126825
val,M,14.6310835,6.4070396
val,M,14.815917,11.560392
val,M,15.01893,12.508312
val,M,15.20832,11.5628395
val,M,15.318375,9.568853
val,M,15.279778,8.305078
val,M,15.233014,7.7767887
val,M,15.273056,5.703151
val,M,15.375055,2.8782127
val,M,15.520541,2.6291876
val,M,15.639153,3.3296297
val,M,15.708,6.2943254
val,M,15.647653,4.716174
val,M,15.516486,4.9218173
val,M,15.390555,6.747332
val,M,15.252597,7.957829
val,M,15.1327915,7.03165
val,M,15.028125,5.6036468
val,M,15.025444,6.419579
val,M,15.137681,8.84551
val,M,15.282486,10.843372
val,M,15.452361,10.604868
val,M,15.605097,10.865468
val,M,15.707444,10.347925
val,M,15.764861,9.19307
val,M,15.768473,11.341267
val,M,15.780569,9.62653
val,M,15.841611,4.3690605
val,M,15.895667,4.2596264
val,M,15.951361,4.5166397
val,M,15.97875,3.323925
val,M,15.973306,2.2844636
val,M,16.001806,3.6019077
val,M,16.014902,4.357077
val,M,15.922542,5.6055818
val,M,15.751653,6.954162
val,M,15.579375,7.1956296
val,M,15.415264,5.8502192
val,M,15.265458,4.537947
val,M,15.143139,7.4720845
val,M,15.0344305,7.4525943
val,M,14.935555,5.104036
val,M,14.827875,5.4287105
val,M,14.544375,6.650903
val,M,13.918347,3.7620292
val,M,12.936819,1.9926449
val,M,11.715834,1.65491
val,M,10.362638,4.7731805
val,M,9.007292,9.517502
val,M,7.7078056,10.701091
val,M,6.330403,9.314921
val,M,4.9010415,4.0854983
val,M,3.5788195,3.22139
val,M,2.3464723,3.117141
val,M,1.2927083,8.911158
val,M,0.72326386,12.001694
val,M,0.8344028,6.1646695
val,M,1.4597361,3.113031
val,M,1.9432778,7.160808
val,M,1.8557084,9.517787
val,M,1.5934722,6.282638
val,M,1.6203055,5.0216517
val,M,1.7715833,2.9222984
val,M,1.6165138,2.0737727
val,M,0.9850278,1.6251069
val,M,0.30659723,1.7415003
val,M,0.034583334,1.8775468
val,M,0.032583334,1.9948996
val,M,0.17569445,2.1232347
val,M,0.35294443,3.0226862
val,M,0.8155,3.4060555
val,M,1.3287916,2.6604264
val,M,1.2962639,2.0097334
val,M,1.0143194,2.0634177
val,M,0.6666806,2.6028965
val,M,0.2949861,2.5074883
val,M,0.08015278,1.859486
val,M,0.023194445,1.5625421
val,M,0.011666667,2.0075593
val,M,0.011180555,2.983869
val,M,0.011652778,3.2828803
val,M,0.010847222,2.444431
val,M,0.008194445,2.819983
val,M,0.00825,3.4501672
val,M,0.010555555,6.8436418
val,M,0.012708333,9.184987
val,M,0.015916666,7.603291
val,M,0.019597223,8.425475
val,M,0.14254166,7.455889
val,M,1.0175834,6.5624456
val,M,2.0227084,3.200901
val,M,1.9349444,5.6315064
val,M,1.2629583,12.018421
val,M,0.70825,15.21158
val,M,0.2838611,14.096225
val,M,0.08280556,7.144942
val,M,0.30793056,8.921745
val,M,1.3488333,11.884508
val,M,3.0318055,9.37492
val,M,4.6124167,9.346111
val,M,6.220611,11.725529
val,M,7.4197917,10.626344
val,M,7.771167,7.092011
val,M,7.997861,4.201863
val,M,8.567542,4.781963
val,M,9.408153,9.164515
val,M,10.251348,9.705921
val,M,10.966403,7.4191337
val,M,11.582708,9.012025
val,M,12.302861,7.9112353
val,M,13.227458,7.5800643
val,M,14.227292,8.508951
val,M,15.240903,7.8303885
val,M,16.245167,7.977856
val,M,17.19282,8.784523
val,M,18.10125,8.4167
val,M,18.996902,8.7110405
val,M,19.859653,8.245047
val,M,20.60157,10.3400345
val,M,21.138222,14.545832
val,M,21.515944,13.915426
val,M,21.693598,13.446943
val,M,21.70993,11.036711
val,M,21.7125,9.846209
val,M,21.713806,10.397653
val,M,21.694431,10.947968
val,M,21.676098,8.828287
val,M,21.658777,7.8914776
val,M,21.640764,8.268888
val,M,21.621098,7.3638897
val,M,21.601694,9.200073
val,M,21.598152,9.89946
val,M,21.585945,12.074228
val,M,21.545555,10.694116
val,M,21.506708,8.120235
val,M,21.499598,9.608454
val,M,21.505861,7.581923
val,M,21.528694,8.099775
val,M,21.555779,8.399619
val,M,21.567291,8.368993
val,M,21.553015,9.134568
val,M,21.521791,11.192482
val,M,21.47093,10.04274
val,M,21.402792,6.9424295
val,M,21.331596,8.904703
val,M,21.264458,12.137058
val,M,21.216888,13.548634
val,M,21.194292,9.65873
val,M,21.217861,9.838123
val,M,21.280111,11.131559
val,M,21.347876,8.978133
val,M,21.409681,9.9955845
val,M,21.465166,11.059898
val,M,21.498833,9.371786
val,M,21.475584,8.444873
val,M,21.234112,8.914503
val,M,20.791416,11.424139
val,M,20.33239,11.018654
val,M,19.877874,9.865054
val,M,19.54443,8.508326
val,M,19.48925,8.68094
val,M,19.588654,8.114704
val,M,19.680542,6.7282395
val,M,19.754805,7.11175
val,M,19.83375,7.0883994
val,M,19.905083,8.100873
val,M,19.958195,9.507624
val,M,19.988445,6.947577
val,M,19.9885,9.200949
val,M,20.004597,8.002988
val,M,20.006222,10.790758
val,M,19.995848,14.239998
val,M,20.021723,16.324903
val,M,20.084736,14.937079
val,M,20.15168,11.75697
val,M,20.178736,9.355576
val,M,20.156042,9.350408
val,M,20.095654,12.710463
val,M,20.018084,11.797049
val,M,19.925764,8.919992
val,M,19.837418,7.615007
val,M,19.8085,9.126786
val,M,19.856764,9.881718
val,M,19.934652,10.140314
val,M,20.000708,12.065498
val,M,20.025278,11.199406
val,M,20.029362,9.591328
val,M,20.039515,9.7223
val,M,20.040806,10.3787365
val,M,20.021778,11.28881
val,M,20.066084,9.535663
val,M,20.212166,9.189653
val,M,20.393986,10.017886
val,M,20.56007,11.267907
val,M,20.705305,11.680209
val,M,20.85475,11.033539
val,M,20.957333,13.540077
val,M,21.026278,14.065304
val,M,21.093431,12.61436
val,M,21.160181,11.140556
val,M,21.222473,7.4013767
val,M,21.279152,9.47358
val,M,21.365583,11.687188
val,M,21.468208,9.562807
val,M,21.556152,12.5032425
val,M,21.63925,13.155122
val,M,21.722584,10.0627575
val,M,21.783056,8.010011
val,M,21.83157,10.956718
val,M,21.844334,10.585388
val,M,21.828611,10.799291
val,M,21.81325,11.387656
val,M,21.775097,11.9242935
val,M,21.71564,10.506933
val,M,21.62057,10.119012
val,M,21.489986,12.119055
val,M,21.37582,15.152767
val,M,21.296541,12.602072
val,M,21.24589,10.26884
val,M,21.220778,9.555344
val,M,21.193598,8.80591
val,M,21.156902,8.436476
val,M,21.12557,7.5644097
val,M,21.09443,9.533203
val,M,21.055403,9.658136
val,M,21.012348,6.9455147
val,M,20.965042,7.6468935
val,M,20.932985,8.5911
val,M,20.916529,6.3226366
val,M,20.89514,4.217214
val,M,20.880404,3.5717218
val,M,20.87296,4.670064
val,M,20.870375,2.7203069
val,M,20.88618,2.8764725
val,M,20.926819,4.0078154
val,M,20.953861,3.3462834
val,M,20.988388,2.9258308
val,M,21.033209,3.1079113
val,M,21.031918,2.5073802
val,M,21.034082,2.1087863
val,M,21.049347,2.022581
val,M,21.05161,3.0869355
val,M,21.047611,3.3125765
val,M,21.010834,3.1839466
val,M,20.96368,4.3091326
val,M,20.912098,6.7034745
val,M,20.860834,6.5380497
val,M,20.8325,8.164061
val,M,20.830833,14.872833
val,M,20.876722,16.07511
val,M,20.942528,8.587793
val,M,21.016277,3.9052434
val,M,21.078096,5.38294
val,M,21.126667,6.005311
val,M,21.172222,3.9626615
val,M,21.205736,5.2005973
val,M,21.265888,6.225854
val,M,21.307291,6.3331447
val,M,21.27464,4.290827
val,M,21.158041,3.7351422
val,M,20.831041,4.674402
val,M,20.23421,7.0137143
val,M,19.54925,7.0667195
val,M,18.92232,6.657891
val,M,18.365376,10.069649
val,M,17.892195,11.302783
val,M,17.497555,10.868996
val,M,17.168222,8.277672
val,M,16.894459,8.0917225
val,M,16.663069,7.6462874
val,M,16.278723,7.298347
val,M,15.421945,8.204668
val,M,14.067903,9.960514
val,M,12.234917,8.055964
val,M,9.995806,5.3848996
val,M,7.3604584,8.032858
val,M,4.2386947,9.271906
val,M,1.6613195,11.06318
val,M,0.39545834,10.595066
val,M,0.026847223,8.019002
val,M,0.01325,7.092549
val,M,0.011277778,10.076817
val,M,0.008708334,10.407108
val,M,0.009277778,9.684958
val,M,0.012486111,10.38625
val,M,0.014666666,13.114754
val,M,0.0145,11.746739
val,M,0.012847222,8.570624
val,M,0.0115,6.883431
val,M,0.011361111,9.913194
val,M,0.014611111,10.597596
val,M,0.018555555,7.632972
val,M,0.021486111,7.198321
val,M,0.019430555,6.951677
val,M,0.018180555,6.0587983
val,M,0.018277777,6.8408713
val,M,0.024097223,8.070391
val,M,0.024333334,9.819019
val,M,0.014680555,9.926599
val,M,0.013291666,11.601387
val,M,0.013958333,9.724117
val,M,0.0119027775,5.711636
val,M,0.012138889,6.1734276
val,M,0.019347223,10.562798
val,M,0.02113889,13.254255
val,M,0.014236111,12.658518
val,M,0.00925,8.539039
val,M,0.011958334,9.12332
val,M,0.021861112,9.987684
val,M,0.16397223,10.3341465
val,M,1.3103611,13.954741
val,M,3.2619722,12.754303
val,M,4.9726806,11.270952
val,M,6.3317637,7.0194116
val,M,7.3123193,6.356302
val,M,8.05,11.70938
val,M,8.700139,13.929174
val,M,9.325264,9.650611
val,M,9.918875,10.905781
val,M,10.394292,9.591708
val,M,10.700958,8.460952
val,M,10.898653,9.7525425
val,M,11.087236,10.533954
val,M,11.253445,9.953254
val,M,11.384236,10.586782
val,M,11.508875,9.264191
val,M,11.670542,9.933704
val,M,11.935348,11.105402
val,M,12.235125,7.7565055
val,M,12.435625,7.0482836
val,M,12.66818,9.557437
val,M,13.123278,9.94286
val,M,13.845944,9.250462
val,M,14.85443,6.459107
val,M,16.049473,8.403052
val,M,17.280458,8.665123
val,M,18.367971,9.488646
val,M,19.195723,10.831358
val,M,19.841904,9.432436
val,M,20.336971,9.155101
val,M,20.742458,7.2908807
val,M,20.911125,7.2544885
val,M,20.863832,5.5427785
val,M,20.894056,4.412814
val,M,20.9955,6.861073
val,M,21.105097,8.661566
val,M,21.252167,8.614715
val,M,21.453598,9.849754
val,M,21.555416,7.3984046
val,M,21.565834,5.496179
val,M,21.62064,9.825024
val,M,21.706778,10.598681
val,M,21.805529,8.698696
val,M,21.894125,6.962899
val,M,21.898987,8.128191
val,M,21.82796,7.7689776
val,M,21.770708,5.876036
val,M,21.77279,7.0264993
val,M,21.861652,7.6291413
val,M,22.008638,6.5714126
val,M,22.15989,6.6831
val,M,22.29207,6.5858355
val,M,22.384293,9.790306
val,M,22.354221,9.113674
val,M,22.069458,3.9121501
val,M,21.64082,6.2938046
val,M,21.381237,6.255164
val,M,21.297028,5.3066707
val,M,21.24011,4.0767617
val,M,21.188223,7.9918823
val,M,21.163181,9.541969
val,M,21.067333,8.203505
val,M,20.966,8.651723
val,M,21.069916,5.376692
val,M,21.305695,3.4140944
val,M,21.54332,2.7262194
val,M,21.650444,2.9365072
val,M,21.46486,3.849946
val,M,21.00182,3.145229
val,M,20.180458,1.9166588
val,M,18.496723,1.5375819
val,M,16.210583,2.1418116
val,M,13.874319,2.7804923
val,M,11.782416,2.0727963
val,M,10.446777,1.3311805
val,M,10.272917,1.234897
val,M,10.944792,1.0137206
val,M,11.742833,1.1085104
val,M,12.416264,1.1968998
val,M,12.709181,1.6929022
val,M,12.544264,1.725607
val,M,12.22275,1.1492673
val,M,12.150014,1.5870868
val,M,12.229028,2.558902
val,M,12.138223,2.7033486
val,M,11.98607,3.1216462
val,M,11.904014,3.8878663
val,M,12.040139,5.6069446
val,M,12.452042,7.6085267
val,M,12.753514,6.6354384
val,M,12.745167,9.116881
val,M,12.523222,11.978712
val,M,12.189777,9.769003
val,M,11.985473,6.7806773
val,M,12.106305,5.3214
val,M,12.488444,5.6124167
val,M,12.964486,8.181723
val,M,13.171486,6.018727
val,M,13.026889,2.9477944
val,M,13.070764,2.2819786
val,M,13.172584,3.3756046
val,M,13.210055,5.4924664
val,M,13.362778,13.563951
val,M,13.591945,14.014123
val,M,14.097875,8.347435
val,M,14.568055,7.9077554
val,M,14.565708,6.3861537
val,M,14.226361,10.046877
val,M,13.7175,11.007254
val,M,13.307111,8.112965
val,M,13.34207,9.683268
val,M,13.954903,13.79199
val,M,14.588778,10.841081
val,M,14.874194,6.055862
val,M,15.327056,5.4166045
val,M,16.089348,5.713119
val,M,16.605652,7.2739644
val,M,16.63957,9.569046
val,M,16.5865,10.107555
val,M,16.663652,6.82265
val,M,16.861084,5.6738205
val,M,17.16882,6.9084373
val,M,17.617903,11.013996
val,M,18.054125,11.095186
val,M,18.467735,10.104185
val,M,18.905514,8.7483425
val,M,19.203709,8.967281
val,M,19.38057,7.368884
val,M,19.496805,10.709148
val,M,19.5925,11.100315
val,M,19.683847,9.253814
val,M,19.819084,9.342022
val,M,19.965847,5.754478
val,M,20.008556,6.9043374
val,M,19.939598,9.118834
val,M,19.731112,5.2343683
val,M,19.534819,5.7714977
val,M,19.275944,9.770716
val,M,18.968334,8.022276
val,M,18.699306,6.5019007
val,M,18.395014,7.2481747
val,M,18.072445,6.076756
val,M,17.706778,4.7569714
val,M,17.338028,9.71973
val,M,17.01025,8.98827
val,M,16.70089,9.385734
val,M,16.35525,15.698105
val,M,15.920125,13.810014
val,M,15.051598,10.82838
val,M,13.788903,6.97382
val,M,12.4522085,7.0688033
val,M,11.315514,6.149787
val,M,10.508278,5.5840335
val,M,9.812889,7.337565
val,M,9.2132635,11.689689
val,M,8.851944,16.608484
val,M,8.922347,12.96838
val,M,9.216958,7.693459
val,M,9.351319,6.5478883
val,M,9.435708,4.707319
val,M,9.543764,6.3894916
val,M,9.5286665,7.7602525
val,M,9.511111,8.083739
val,M,9.528055,6.9974084
val,M,9.411458,7.7852845
val,M,9.324403,11.755584
val,M,9.303847,9.44118
val,M,9.230708,10.209516
val,M,9.23793,14.324209
val,M,9.383375,12.687793
val,M,9.411805,13.550112
val,M,9.289972,13.762105
val,M,9.24632,13.47169
val,M,9.320347,13.6025505
val,M,9.413819,14.403723
val,M,9.5385,13.206343
val,M,9.956347,8.871401
val,M,10.827486,4.2955017
val,M,11.892819,4.8081512
val,M,12.876486,9.185244
val,M,13.786695,9.620659
val,M,14.672778,11.377621
val,M,15.4956665,10.035191
val,M,16.248735,3.2276688
val,M,16.80054,3.3971906
val,M,17.17957,6.641757
val,M,17.526735,7.9377584
val,M,17.795334,6.3995748
val,M,17.985111,5.5505686
val,M,18.097958,7.1035695
val,M,18.25411,10.826315
val,M,18.511597,12.31395
val,M,18.81275,10.263296
val,M,19.069195,11.938503
val,M,19.192083,11.970785
val,M,19.139334,10.323351
val,M,19.038431,9.799236
val,M,19.058681,11.709628
val,M,19.225695,13.212713
val,M,19.492834,12.646615
val,M,19.76643,11.527423
val,M,19.957458,12.291421
val,M,20.122402,10.8245125
val,M,20.399584,9.007291
val,M,20.695223,8.790474
val,M,20.914833,9.761622
val,M,21.046986,10.5892935
val,M,21.022486,10.544097
val,M,21.04043,7.894
val,M,21.121973,8.361676
val,M,21.160597,13.595671
val,M,21.157791,11.6276865
val,M,21.125237,12.700727
val,M,21.121334,12.260788
val,M,21.05957,7.967191
val,M,20.994152,9.754025
val,M,20.965736,9.995217
val,M,20.95443,13.693491
val,M,20.96836,15.954077
val,M,20.97939,13.653969
val,M,20.98964,8.911074
val,M,20.907515,6.254435
val,M,20.553112,7.5755134
val,M,19.995543,11.49078
val,M,19.272097,10.921135
val,M,18.267319,9.441255
val,M,16.954847,9.805127
val,M,15.341736,11.547472
val,M,13.725513,10.872025
val,M,12.392292,9.01675
val,M,10.857737,12.452717
val,M,8.715944,14.315552
val,M,6.844,14.131933
val,M,6.447875,11.329123
val,M,7.709875,9.176613
val,M,9.298695,11.106905
val,M,9.988083,14.468691
val,M,10.063278,14.769589
val,M,10.148583,11.265461
val,M,10.541555,11.22806
val,M,10.87982,8.660854
val,M,10.806042,10.837751
val,M,10.546278,12.230336
val,M,10.217389,13.053143
val,M,9.958083,9.591873
val,M,10.153653,10.885191
val,M,10.883917,11.796118
val,M,11.689055,11.102163
val,M,12.037056,10.158411
val,M,11.940972,9.428211
val,M,11.961667,10.640764
val,M,12.278597,11.5126
val,M,12.697194,11.760975
val,M,13.1496525,12.947601
val,M,13.385195,14.163564
val,M,13.360111,10.312593
val,M,13.426958,5.684752
val,M,13.663652,4.3001966
val,M,13.94925,7.918233
val,M,14.141791,8.604874
val,M,14.165709,7.396152
val,M,14.052459,9.686432
val,M,13.859292,11.917181
val,M,13.617194,9.754547
val,M,13.341805,11.446268
val,M,12.831944,12.366203
val,M,11.891848,11.052248
val,M,10.6355,9.483151
val,M,9.133083,4.4259334
val,M,7.453,5.2165246
val,M,5.7881665,7.6864834
val,M,4.4390974,6.7543964
val,M,4.036861,6.4343963
val,M,4.8436666,13.120815
val,M,6.098597,15.819984
val,M,7.146278,6.9628024
val,M,7.9564724,7.5116134
val,M,8.559834,9.521532
val,M,8.9990835,12.440563
val,M,9.421458,11.411598
val,M,9.936431,7.9145484
val,M,10.476569,7.2414613
val,M,10.908806,8.341305
val,M,11.302806,9.068062
val,M,11.505403,8.899088
val,M,11.574792,8.5281515
val,M,11.733958,8.759221
val,M,11.912027,8.55652
val,M,12.080916,11.892044
val,M,12.207264,11.079668
val,M,12.29132,9.268813
val,M,12.324667,6.134543
val,M,12.314847,5.636388
val,M,12.27293,8.883161
val,M,11.865236,10.7032795
val,M,10.886681,11.187973
val,M,9.582653,10.083007
val,M,8.263861,12.118246
val,M,7.1867223,8.89665
val,M,6.7117777,7.074672
val,M,6.875764,8.674673
val,M,7.3106666,6.209295
val,M,7.7801666,6.688273
val,M,8.345708,12.113266
val,M,8.97275,10.530853
val,M,9.351611,8.300143
val,M,9.611028,6.7300854
val,M,10.193111,8.101351
val,M,10.940583,9.192183
val,M,11.46743,9.814373
val,M,11.854792,10.5804615
val,M,12.200666,13.058004
val,M,12.476958,13.266586
val,M,12.682305,14.252398
val,M,12.856667,13.319105
val,M,12.977902,7.854319
val,M,13.07825,6.4093876
val,M,13.213028,5.6837783
val,M,13.422055,7.0240636
val,M,13.647028,8.638729
val,M,13.79857,10.911234
val,M,13.856819,12.522032
val,M,13.819153,11.952573
val,M,13.836805,12.415705
val,M,14.020041,10.395918
val,M,14.318444,5.2233486
val,M,14.668333,5.6393466
val,M,15.027125,7.633257
val,M,15.282528,7.3223534
val,M,15.422847,6.306127
val,M,15.393306,9.373608
val,M,15.293486,8.440779
val,M,15.262264,7.315994
val,M,15.355667,9.570654
val,M,15.561944,8.73748
val,M,15.8284025,9.484915
val,M,16.061306,13.1388035
val,M,16.021418,12.530691
val,M,15.383764,10.350115
val,M,13.987097,9.125699
val,M,12.247194,9.651602
val,M,10.575666,11.588085
val,M,8.76768,9.3412285
val,M,6.592653,8.752647
val,M,4.4032917,12.931181
val,M,2.3800972,13.949328
val,M,0.9235139,9.819977
val,M,1.6021111,5.591207
val,M,4.157528,3.5145185
val,M,6.679639,3.5951085
val,M,8.729917,4.6513996
val,M,10.290112,3.5340228
val,M,11.191319,2.7795153
val,M,11.650347,2.4013836
val,M,11.690375,2.5649836
val,M,11.450444,2.6048794
val,M,11.301028,2.6750228
val,M,11.047014,3.5208254
val,M,10.863569,4.9340606
val,M,11.184889,7.3533254
val,M,11.702653,5.9162707
val,M,12.044209,3.3305955
val,M,12.022514,3.3233118
val,M,11.457819,4.4059086
val,M,10.744125,3.5966797
val,M,10.57975,3.4321923
val,M,10.966403,3.4603858
val,M,11.456458,3.840794
val,M,11.437944,3.967497
val,M,10.952458,5.148406
val,M,10.691292,5.6855454
val,M,10.636236,6.110827
val,M,10.503542,8.996869
val,M,10.657194,11.328171
val,M,11.511528,12.419863
val,M,12.598486,10.828211
val,M,13.179167,7.895163
val,M,13.207111,9.4969845
val,M,13.132514,11.7104025
val,M,13.24132,8.428983
val,M,13.507167,8.226398
val,M,13.847972,9.827116
val,M,14.141292,10.942329
val,M,14.232111,12.160326
val,M,14.037583,9.614555
val,M,13.78625,3.140038
val,M,13.753805,2.667759
val,M,13.778958,4.566035
val,M,13.806097,7.5137534
val,M,13.936556,5.6933393
val,M,14.197528,4.161487
val,M,14.447917,3.2340393
val,M,14.41332,3.3972392
val,M,14.144834,3.0345268
val,M,13.928166,6.251982
val,M,13.782236,4.842834
val,M,13.687,2.8442478
val,M,13.661208,2.9987583
val,M,13.641791,4.665082
val,M,13.596486,4.1097107
val,M,13.542,3.9066901
val,M,13.504861,4.077649
val,M,13.532583,5.3533587
val,M,13.564375,4.8279815
val,M,13.585208,3.8798995
val,M,13.57618,5.419101
val,M,13.550528,5.6262374
val,M,13.563472,4.268845
val,M,13.480361,4.0073295
val,M,13.2075,2.8784814
val,M,12.829847,2.4355311
val,M,12.438583,6.8846097
val,M,12.027291,8.411903
val,M,11.46225,3.020455
val,M,10.728319,2.279822
val,M,9.950848,3.4241586
val,M,9.131111,3.8863332
val,M,8.4082365,4.1430483
val,M,7.849375,3.095601
val,M,7.2664165,3.4393554
val,M,6.644653,4.1954694
val,M,6.4241943,4.111422
val,M,7.0207915,4.3991857
val,M,8.040806,6.1760178
val,M,8.696792,8.010923
val,M,8.831195,7.7061977
val,M,8.391,6.7048864
val,M,7.375347,3.5610712
val,M,6.3524585,3.849566
val,M,5.7890973,3.3940449
val,M,5.8272223,3.8212655
val,M,6.6780415,5.838469
val,M,7.9505415,2.5725307
val,M,8.703764,3.1323564
val,M,8.42732,9.964944
val,M,7.4190555,12.157918
val,M,6.5823054,12.586067
val,M,6.3927083,15.358692
val,M,6.759375,12.636755
val,M,6.7565417,8.456679
val,M,5.887139,6.483304
val,M,5.50125,8.600485
val,M,6.270639,7.467109
val,M,7.455333,5.309468
val,M,8.55218,6.0908256
val,M,9.143056,5.0804057
val,M,9.114653,6.319842
val,M,8.852,7.2006865
val,M,8.248611,8.712851
val,M,7.5680556,6.6481276
val,M,7.6075974,4.46275
val,M,8.275333,4.5206666
val,M,8.934722,4.466572
val,M,9.307806,3.9422297
val,M,9.219375,3.2765892
val,M,8.328097,3.583379
val,M,6.947764,4.3339286
val,M,5.9416113,9.715164
val,M,5.988347,7.9729905
val,M,7.0989027,7.7599072
val,M,8.444111,8.668936
val,M,9.301056,7.2897506
val,M,9.596694,6.5523067
val,M,9.61807,9.920252
val,M,9.599472,13.302166
val,M,9.576653,11.279737
val,M,9.572291,8.111219
val,M,9.562333,8.993267
val,M,9.66668,10.49057
val,M,9.777653,11.799785
val,M,9.43393,8.345541
val,M,8.234875,9.740499
val,M,6.7205415,6.7020297
val,M,6.1787777,2.3661141
val,M,6.8368473,2.589037
val,M,7.9526668,2.4689126
val,M,8.655611,1.7137018
val,M,8.751,1.9536722
val,M,8.961805,2.199306
val,M,9.640403,2.1309571
val,M,10.380959,2.2750401
val,M,10.702514,1.7056535
val,M,10.452903,1.0351516
val,M,9.484528,1.3128589
val,M,8.047584,2.384875
val,M,7.161667,2.7773304
val,M,7.314903,2.6453457
val,M,7.9143887,2.4062967
val,M,7.9047084,5.3697386
val,M,7.2892084,4.7819257
val,M,7.376528,2.814888
val,M,8.281125,2.702376
val,M,9.126375,2.7061603
val,M,9.572917,3.22419
val,M,9.7195,5.806008
val,M,9.804472,5.4763794
val,M,9.82225,5.5624013
val,M,9.8226385,9.544411
val,M,9.858375,6.140758
val,M,9.896889,3.0603046
val,M,9.935611,2.5858703
val,M,9.935111,2.4238458
val,M,9.685306,2.8561563
val,M,8.7495,4.445498
val,M,7.4289722,5.0366964
val,M,6.674556,4.4043927
val,M,6.826125,4.929528
val,M,7.522403,7.018105
val,M,8.299875,6.222921
val,M,8.914056,2.9816895
val,M,9.220944,2.8910608
val,M,9.260612,3.5368319
val,M,8.808805,3.8600116
val,M,7.9351387,5.1206794
val,M,7.29,6.421571
val,M,6.982264,6.4455204
val,M,6.368403,6.559937
val,M,4.8298473,6.189438
val,M,3.4507916,6.159165
val,M,3.5329583,6.55236
val,M,4.6506944,5.958797
val,M,6.290403,7.7375226
val,M,7.8766804,5.1908126
val,M,8.451041,4.7560053
val,M,8.284486,5.5131407
val,M,7.818625,5.860391
val,M,6.7333474,8.706989
val,M,6.148972,7.5804305
val,M,6.613625,4.5153003
val,M,6.5861526,4.3158326
val,M,6.0724306,6.121802
val,M,5.9261527,6.9060683
val,M,5.7783613,5.354735
val,M,5.7919025,4.424343
val,M,5.932486,4.445917
val,M,6.2401943,5.5840325
val,M,7.3403053,5.7551255
val,M,8.863125,5.9615498
val,M,10.429569,4.6334596
val,M,11.816139,3.5281458
val,M,12.608986,5.760666
val,M,12.785236,5.5255713
val,M,12.696694,4.5492063
val,M,12.584291,3.594767
val,M,12.53025,3.52106
val,M,12.613667,2.367762
val,M,12.831625,2.3255916
val,M,13.126722,2.3325222
val,M,13.4233055,2.0600522
val,M,13.744333,2.5838933
val,M,13.975847,3.5555072
val,M,14.086903,2.3140666
val,M,14.189902,1.9554428
val,M,14.285569,2.0198386
val,M,14.404361,2.0468733
val,M,14.502944,1.9515558
val,M,14.626056,1.9990329
val,M,14.810638,2.0403042
val,M,15.042569,2.0023832
val,M,15.298041,2.005042
val,M,15.563972,2.0445533
val,M,15.823014,2.3464868
val,M,15.936152,3.171701
val,M,15.78493,3.4204159
val,M,15.4528055,3.1241143
val,M,15.106986,6.13711
val,M,14.80418,4.4870253
val,M,14.556875,3.2299037
val,M,14.356694,3.566787
val,M,14.16875,3.353936
val,M,13.877069,5.341902
val,M,13.238611,4.7895365
val,M,12.268681,3.0431132
val,M,11.164653,2.5367494
val,M,10.348181,2.2443843
val,M,10.06432,2.120635
val,M,10.122014,2.1702983
val,M,10.222375,2.3082688
val,M,10.061973,2.2102666
val,M,9.796014,2.180959
val,M,9.651639,1.9955506
val,M,9.687472,2.0292745
val,M,9.966375,1.9575644
val,M,10.388611,1.9271517
val,M,10.90582,1.9328572
val,M,11.631653,2.142731
val,M,12.542194,2.9568112
val,M,13.436084,3.6880999
val,M,14.254791,3.182722
val,M,15.032598,2.907661
val,M,15.752694,5.7618766
val,M,16.29211,7.6058125
val,M,16.759459,3.5403938
val,M,17.332945,2.456047
val,M,17.863583,3.0053825
val,M,18.43871,5.9710054
val,M,19.132626,6.7701955
val,M,19.916708,4.3783336
val,M,21.157888,3.1162097
val,M,22.789375,3.5906067
val,M,24.40525,4.708215
val,M,25.919624,3.3619757
val,M,27.193277,2.7094402
val,M,27.70486,2.9318013
val,M,27.420416,3.4622211
val,M,26.930708,3.5160503
val,M,26.435236,5.318163
val,M,25.897709,6.0682416
val,M,25.333263,5.268039
val,M,24.778805,3.7522588
val,M,24.154444,3.416502
val,M,23.640541,5.657743
val,M,23.378416,6.2425866
val,M,23.194555,7.436812
val,M,23.0475,8.873182
val,M,22.71511,6.5385594
val,M,22.170918,4.2893558
val,M,21.696806,3.8262732
val,M,21.269417,3.0028687
val,M,20.83011,2.4530172
val,M,20.405556,3.6150718
val,M,19.970917,5.4210258
val,M,19.556612,3.5115004
val,M,19.196611,4.401916
val,M,18.8755,4.8053727
val,M,18.602806,3.1871758
val,M,18.344418,3.7971115
val,M,18.085667,5.2400465
val,M,17.895458,4.8470426
val,M,17.593082,6.2173266
val,M,17.04175,8.039052
val,M,16.347694,7.247413
val,M,15.496486,5.75827
val,M,14.373806,4.076018
val,M,12.944458,3.5051231
val,M,11.380972,4.97024
val,M,9.947833,6.434322
val,M,8.960597,4.9875226
val,M,8.665569,7.4060144
val,M,9.03275,8.801277
val,M,9.629084,3.9999943
val,M,10.280458,3.901271
val,M,11.386972,4.0194073
val,M,12.908055,3.4195395
val,M,14.504611,3.2353902
val,M,16.080042,4.0697308
val,M,17.587889,6.0391946
val,M,18.862236,6.356896
val,M,19.903097,6.006247
val,M,20.804861,4.3404546
val,M,21.453472,3.1532457
val,M,21.866472,2.6893518
val,M,22.239902,3.738685
val,M,22.688444,3.8119433
val,M,23.231792,2.9123478
val,M,23.760736,2.950662
val,M,24.248459,4.0521092
val,M,24.367834,4.276236
val,M,24.016819,6.5532746
val,M,23.575764,8.748962
val,M,23.17182,7.1341796
val,M,22.78186,8.828286
val,M,22.338444,8.529795
val,M,21.920042,8.226526
val,M,21.477736,8.958351
val,M,20.968695,6.11719
val,M,20.436666,4.901355
val,M,19.880972,3.6400957
val,M,19.310472,3.1804595
val,M,18.770876,3.9076009
val,M,18.273403,5.1151404
val,M,17.766222,4.283649
val,M,17.141987,4.3542037
val,M,16.241806,4.7138743
val,M,15.101916,6.4090705
val,M,14.212611,6.1605763
val,M,13.68725,6.6798472
val,M,13.233736,9.057501
val,M,13.044389,9.076838
val,M,13.256361,10.420261
val,M,13.563598,7.8970995
val,M,13.734208,3.842472
val,M,13.646903,2.5960052
val,M,13.68768,3.0664382
val,M,14.131166,6.243992
val,M,14.111417,8.544029
val,M,13.582986,7.524592
val,M,13.299389,5.8489337
val,M,13.5135975,6.1448464
val,M,13.900333,5.8079896
val,M,14.320389,7.186957
val,M,15.206764,8.202301
val,M,15.8799305,5.902594
val,M,15.512013,3.3111553
val,M,14.5805,7.1081166
val,M,13.898681,8.821175
val,M,13.823944,3.3520448
val,M,14.205931,2.5448813
val,M,14.707152,2.2900066
val,M,15.230319,2.100126
val,M,15.525333,1.8985392
val,M,15.778111,1.4747742
val,M,16.261486,1.4176866
val,M,16.488667,1.2669455
val,M,16.465847,1.2547667
val,M,16.46175,1.3175515
val,M,16.453583,1.3932409
val,M,16.464306,1.3862032
val,M,16.577862,1.5315034
val,M,16.77571,1.6141793
val,M,16.880959,1.6412574
val,M,16.77825,1.6794564
val,M,16.613306,1.7681729
val,M,16.507055,1.8338326
val,M,16.470152,1.7880563
val,M,16.575806,1.8391654
val,M,16.791958,1.9885122
val,M,17.024471,2.094181
val,M,17.238222,2.1969357
val,M,17.474388,2.1373992
val,M,17.678041,2.109854
val,M,17.744194,2.259945
val,M,17.793375,2.2541487
val,M,17.852,2.2444
val,M,17.867222,2.3693748
val,M,17.813,2.510957
val,M,17.675236,2.5259557
val,M,17.55643,2.3345065
val,M,17.409695,2.2882128
val,M,17.109764,2.3293734
val,M,16.662722,2.3798952
val,M,16.219973,2.197058
val,M,15.864458,2.2021525
val,M,15.500208,2.445469
val,M,15.142389,2.6303566
val,M,14.758695,2.5143409
val,M,14.4065,2.3468661
val,M,13.994653,2.4151516
val,M,13.239361,2.4639914
val,M,12.204208,2.078313
val,M,11.226306,1.5652378
val,M,10.605708,1.9201454
val,M,10.2346945,1.9547828
val,M,9.900194,2.3846126
val,M,9.490666,2.969049
val,M,9.154847,4.195444
val,M,9.060014,8.132404
val,M,9.035833,5.532245
val,M,9.147583,4.9526267
val,M,9.521097,7.9869256
val,M,10.166889,7.385844
val,M,11.117875,6.754819
val,M,12.167069,7.559855
val,M,13.175902,4.370136
val,M,14.197236,6.124886
val,M,15.23432,9.8054085
val,M,16.284082,9.649953
val,M,17.249792,8.992844
val,M,18.281208,8.770033
val,M,19.333723,8.268163
val,M,20.160652,7.1667314
val,M,20.785042,5.772064
val,M,21.214874,7.1484613
val,M,21.566833,7.620218
val,M,21.676083,8.3443575
val,M,21.676348,7.697898
val,M,21.762459,7.4472213
val,M,21.79307,6.905314
val,M,21.939028,8.658926
val,M,22.236166,9.011578
val,M,22.441723,7.7938104
val,M,22.297611,7.491886
val,M,21.908096,7.0123005
val,M,21.498112,9.549819
val,M,21.09457,7.7127604
val,M,20.72293,8.689253
val,M,20.472305,9.930909
val,M,20.36654,8.91754
val,M,20.113222,7.3457193
val,M,19.641235,8.440735
val,M,19.136833,8.219546
val,M,18.650875,7.83505
val,M,18.18711,7.056171
val,M,17.554598,6.613544
val,M,16.394833,5.907025
val,M,14.756792,5.9407697
val,M,13.423041,6.505589
val,M,12.897875,7.7132325
val,M,12.815833,7.0585217
val,M,12.652638,6.3117843
val,M,12.293834,4.9033265
val,M,11.853181,3.9799783
val,M,11.523347,4.223223
val,M,11.492903,3.887981
val,M,11.847625,4.3639736
val,M,12.325889,3.7909276
val,M,12.457958,3.2871053
val,M,12.273084,4.223105
val,M,12.044444,3.7738333
val,M,11.777264,3.2239263
val,M,11.463555,3.0621896
val,M,11.333389,3.2677088
val,M,11.465333,3.3255858
val,M,11.870236,4.1017833
val,M,12.661695,4.0387197
val,M,13.691459,3.9716945
val,M,14.760236,5.051351
val,M,15.775639,4.0628448
val,M,16.799597,4.3386254
val,M,17.761986,4.2323422
val,M,18.61182,5.623797
val,M,19.554167,6.5710626
val,M,20.704945,7.3523192
val,M,21.907541,8.426298
val,M,22.542555,8.785612
val,M,22.58957,8.847148
val,M,22.372028,7.3109508
val,M,21.549597,11.03266
val,M,20.035223,10.540987
val,M,18.662987,7.5354657
val,M,18.287598,7.624641
val,M,18.735653,8.987362
val,M,19.52632,9.543699
val,M,20.499,6.5609846
val,M,21.507181,7.583576
val,M,22.087292,9.322926
val,M,22.024763,9.1833
val,M,21.636944,7.752539
val,M,21.203959,8.510831
val,M,20.814096,7.787692
val,M,20.427763,8.611071
val,M,20.156,6.9303293
val,M,20.027847,7.5643873
val,M,19.915361,9.571469
val,M,19.755306,7.9295907
val,M,19.573055,7.021741
val,M,19.35836,8.489376
val,M,19.111626,10.393372
val,M,18.840723,10.171765
val,M,18.55007,8.388471
val,M,18.32068,9.093671
val,M,18.175112,9.96772
val,M,18.131916,8.474149
val,M,18.211166,7.1050267
val,M,18.360458,7.280545
val,M,18.502306,6.881269
val,M,18.725124,5.048611
val,M,18.82082,7.33429
val,M,18.475306,9.789758
val,M,17.90068,8.691062
val,M,17.370861,9.609217
val,M,16.924778,8.864976
val,M,16.413834,8.442535
val,M,15.999888,9.296637
val,M,15.725695,9.08552
val,M,15.567945,8.131481
val,M,15.277208,10.020574
val,M,14.826639,10.516917
val,M,14.510028,8.002803
val,M,14.18925,7.969777
val,M,13.715652,6.5793805
val,M,12.621445,6.3077717
val,M,10.956181,9.096714
val,M,9.139514,10.509913
val,M,7.1300416,9.595875
val,M,4.6519303,9.062368
val,M,2.0417082,9.343353
val,M,0.43429166,8.54784
val,M,0.020652778,7.1695642
val,M,0.012916666,7.562235
val,M,0.016652778,6.380362
val,M,0.0265,6.6118765
val,M,0.03488889,8.93021
val,M,0.02425,9.839273
val,M,0.018208334,7.620371
val,M,0.019722221,5.949905
val,M,0.015819445,11.416288
val,M,0.018569445,11.200645
val,M,0.017083334,7.8232846
val,M,0.015027778,8.88765
val,M,0.017430555,6.688626
val,M,0.018597223,4.873368
val,M,0.020791667,5.855725
val,M,0.020583333,7.116532
val,M,0.033486113,11.33452
val,M,0.037722223,12.7180395
val,M,0.027069444,6.760839
val,M,0.023138888,3.4612327
val,M,0.018236112,3.3558254
val,M,0.014902778,1.9382538
val,M,0.013888889,1.1347057
val,M,0.15858333,2.0649686
val,M,0.7968889,1.7614893
val,M,1.8556389,0.912991
val,M,3.0205,1.4681655
val,M,3.7404583,2.1108763
val,M,4.3950834,2.8535805
val,M,5.7363334,3.1862957
val,M,7.29475,3.3716996
val,M,8.312195,2.998808
val,M,8.759736,2.7323177
val,M,9.205375,2.141029
val,M,9.531445,1.9343573
val,M,9.683444,2.5569453
val,M,9.953722,2.4786618
val,M,10.365639,3.328558
val,M,10.805098,4.3476906
val,M,11.205958,3.332593
val,M,11.526417,2.120376
val,M,11.529861,2.2838216
val,M,11.154388,2.558312
val,M,10.682652,2.937089
val,M,10.314777,2.0984774
val,M,10.291208,1.484192
val,M,10.513805,1.7899618
val,M,10.555764,2.9673574
val,M,10.600513,3.6797254
val,M,10.8359585,5.044234
val,M,10.914208,8.247208
val,M,10.755861,9.251977
val,M,10.626445,9.163399
val,M,10.756986,11.037794
val,M,11.099153,9.0308
val,M,11.287084,5.267567
val,M,11.238097,4.7394013
val,M,11.001056,6.8410373
val,M,10.371347,5.366568
val,M,9.332653,2.7451138
val,M,7.7765417,2.0547183
val,M,6.8183055,1.8637806
val,M,7.4838195,1.724976
val,M,8.708375,1.8358438
val,M,9.755042,1.90545
val,M,10.694583,1.927662
val,M,11.516806,1.9575433
val,M,12.126653,1.9588593
val,M,12.518653,1.9782284
val,M,12.72275,1.9915918
val,M,12.782888,1.9573894
val,M,12.788875,1.977407
val,M,12.805139,1.9366083
val,M,12.885764,1.930326
val,M,13.041695,1.9515783
val,M,13.382931,1.9136516
val,M,13.968,1.9304161
val,M,14.498694,2.1442013
val,M,14.803583,3.5138268
val,M,14.821153,3.7255275
val,M,14.603972,2.888546
val,M,14.306014,3.3321815
val,M,14.126153,4.9374566
val,M,14.078834,4.8976984
val,M,14.009973,4.724258
val,M,13.895291,7.5682044
val,M,13.773986,6.9856925
val,M,13.598666,3.7556977
val,M,13.34743,2.6248608
val,M,13.027597,3.4156346
val,M,12.711736,3.6975355
val,M,12.555388,5.88472
val,M,12.536597,5.8058844
val,M,12.629541,4.6063714
val,M,12.779959,4.247169
val,M,12.863973,3.6832209
val,M,12.809375,4.64803
val,M,12.740194,5.13735
val,M,12.702139,4.577986
val,M,12.653486,3.5543423
val,M,12.652638,4.5521407
val,M,12.616709,4.714579
val,M,12.16425,3.7591605
val,M,11.257055,4.684827
val,M,10.290944,6.869119
val,M,9.440486,7.873607
val,M,8.328278,7.593952
val,M,6.47575,6.799336
val,M,4.516444,5.946224
val,M,3.099625,7.258974
val,M,2.0770416,9.339251
val,M,2.4265,8.880055
val,M,3.984347,9.14341
val,M,5.4409165,10.703816
val,M,5.9260974,10.527317
val,M,5.452472,10.353893
val,M,4.649542,9.687439
val,M,3.4120696,7.1906915
val,M,1.9689167,5.3527093
val,M,0.7140833,7.8745046
val,M,0.118152775,8.864343
val,M,0.059166666,3.8629174
val,M,0.04140278,2.6422265
val,M,0.022097223,2.5271125
val,M,0.018347222,3.5264614
val,M,0.015111111,5.349
val,M,0.017347222,10.138427
val,M,0.017375,9.414609
val,M,0.0185,5.9385557
val,M,0.017888889,6.7759895
val,M,0.016430555,3.893381
val,M,0.016430555,2.1709795
val,M,0.019819444,1.7464057
val,M,0.022083333,1.4759811
val,M,0.021333333,2.2940578
val,M,0.020680556,4.370276
val,M,0.017638888,5.485425
val,M,0.55775,4.5450363
val,M,2.2165139,2.7349806
val,M,4.027361,2.1101074
val,M,5.3090973,2.7436037
val,M,6.051639,3.7961411
val,M,6.342014,6.0413976
val,M,6.7797637,7.286774
val,M,7.559597,6.813479
val,M,8.459153,7.397614
val,M,9.226694,4.162597
val,M,9.693973,4.0695505
val,M,9.74825,2.9222856
val,M,9.6166115,2.629981
val,M,9.657833,2.660597
val,M,10.00675,3.6470594
val,M,10.511056,4.126971
val,M,10.990528,3.280379
val,M,11.456583,3.683837
val,M,11.983556,3.7617774
val,M,12.377014,3.5484934
val,M,12.503125,3.7193277
val,M,12.492319,6.0057044
val,M,12.373375,6.322057
val,M,12.147889,8.7725725
val,M,11.938375,8.476006
val,M,11.77875,7.359053
val,M,11.577389,8.131739
val,M,11.431848,7.7917066
val,M,11.506763,6.9258757
val,M,11.697166,7.618357
val,M,11.815153,6.3833838
val,M,11.75275,6.1463943
val,M,11.640513,5.708266
val,M,11.652181,4.7302203
val,M,11.72932,5.329159
val,M,11.732125,5.7502007
val,M,11.52093,5.248171
val,M,11.204861,4.2765765
val,M,11.025903,3.5421996
val,M,11.047778,3.1583452
val,M,11.182236,2.9462242
val,M,11.343764,3.1834083
val,M,11.538819,3.162593
val,M,11.706069,4.3588004
val,M,11.727153,4.819347
val,M,11.240444,4.713583
val,M,9.810098,5.748117
val,M,7.5894446,5.4846854
val,M,5.2159305,3.9680314
val,M,4.187,4.468066
val,M,5.258111,3.5884817
val,M,7.318681,2.9295819
val,M,9.365556,3.501755
val,M,10.972736,3.9036124
val,M,12.002209,2.973842
val,M,12.6281805,2.937491
val,M,13.06225,2.9351573
val,M,13.345278,3.7919712
val,M,13.457181,8.904221
val,M,13.386764,10.277527
val,M,13.213708,6.9766026
val,M,13.079181,6.9773946
val,M,12.96743,8.057579
val,M,12.859487,6.6154685
val,M,12.758417,7.3463297
val,M,12.339986,6.6308255
val,M,11.991305,4.0076146
val,M,11.744861,2.5880446
val,M,11.326167,2.100296
val,M,11.266472,2.822617
val,M,11.707472,3.0071208
val,M,12.031597,2.981834
val,M,11.895541,3.986317
val,M,11.6889305,5.655245
val,M,11.533153,6.0683694
val,M,11.323625,5.493628
val,M,10.739583,5.7575006
val,M,9.911597,5.523685
val,M,9.165931,4.9111676
val,M,8.670111,6.7402077
val,M,8.647264,5.841168
val,M,8.887875,6.971794
val,M,9.151709,7.1917443
val,M,9.572903,5.404639
val,M,10.0720415,4.855225
val,M,10.46693,3.7540665
val,M,10.725667,3.4509747
val,M,10.633111,4.6502175
val,M,10.167167,6.367495
val,M,9.586875,4.7228622
val,M,9.195736,9.590481
val,M,9.058153,12.006363
val,M,9.271222,8.57915
val,M,9.740916,6.4963584
val,M,10.094347,7.311383
val,M,10.162292,4.9750047
val,M,9.915236,4.50381
val,M,9.497042,5.256116
val,M,9.178889,5.5251184
val,M,9.274792,6.432492
val,M,9.617986,6.380195
val,M,9.705347,7.0020514
val,M,9.582027,8.31254
val,M,9.488861,5.4887085
val,M,9.4192915,8.644849
val,M,9.216945,10.906353
val,M,8.829958,9.413547
val,M,8.188541,9.964069
val,M,7.3359027,10.094967
val,M,6.6282363,6.848969
val,M,6.172611,4.39237
val,M,5.812278,5.021897
val,M,5.4670973,6.2938232
val,M,5.4444165,5.285662
val,M,5.6745834,4.793863
val,M,5.8766527,5.2546344
val,M,6.062667,6.0667315
val,M,6.08325,5.732867
val,M,6.161139,3.618494
val,M,6.3532915,3.040017
val,M,6.0297084,3.8884425
val,M,5.5534167,7.1998267
val,M,5.4835277,5.4693723
val,M,5.3509445,8.13171
val,M,5.0252776,8.980015
val,M,4.366625,6.862007
val,M,3.4171388,7.8061137
val,M,2.4957778,6.323058
val,M,1.7630278,4.8346033
val,M,1.2670972,7.116106
val,M,0.79693055,9.910728
val,M,0.30094445,9.947889
val,M,0.033708334,8.990025
val,M,0.016555555,8.457205
val,M,0.015236111,8.406652
val,M,0.017597223,5.7688785
val,M,0.023791667,2.6621437
val,M,0.024833333,2.40921
val,M,0.030402778,2.3393164
val,M,0.24213889,2.3532672
val,M,0.88925,2.9601738
val,M,1.8893472,6.4510646
val,M,2.8378055,8.564034
val,M,3.6270833,5.2038817
val,M,4.226097,3.337829
val,M,4.4582915,3.0048354
val,M,4.477361,2.678266
val,M,4.4579444,2.8980634
val,M,4.456111,2.7026353
val,M,4.471264,2.2386253
val,M,4.5370555,3.360281
val,M,4.6056666,4.0980477
val,M,4.825847,6.7408614
val,M,5.209903,7.280742
val,M,5.5603056,6.370917
val,M,5.98,5.818338
val,M,6.5319443,5.351707
val,M,7.251639,5.1807313
val,M,8.038195,5.6115375
val,M,8.610431,6.2541785
val,M,8.759389,6.850203
val,M,8.626153,6.304428
val,M,8.28225,8.3225565
val,M,7.618486,7.929659
val,M,7.342389,7.2382693
val,M,7.9739585,6.323009
val,M,9.0065975,4.632993
val,M,9.888125,5.2785163
val,M,10.218736,3.6557577
val,M,10.072889,2.4844606
val,M,9.804625,2.3836951
val,M,9.69993,2.2037902
val,M,9.9354725,2.0434222
val,M,10.33668,2.1278553
val,M,10.695764,1.9504765
val,M,10.851556,1.9519947
val,M,10.747889,2.1742573
val,M,10.4245,2.2454166
val,M,9.815042,2.097864
val,M,8.961847,1.9090344
val,M,8.0035,1.8359951
val,M,7.04225,2.1413484
val,M,6.3031945,2.2686129
val,M,5.8453193,2.2015603
val,M,5.359486,2.314987
val,M,4.851792,2.4292364
val,M,4.535681,2.1808877
val,M,4.4545417,2.0348437
val,M,4.741389,2.0776734
val,M,4.97575,3.1323333
val,M,4.931972,3.155813
val,M,5.1109166,3.2689893
val,M,5.5512223,4.8529916
val,M,5.9645414,9.520426
val,M,6.3129168,14.132824
val,M,6.596236,9.216181
val,M,6.787667,5.99423
val,M,6.8942637,8.65246
val,M,6.960111,10.7388735
val,M,6.9998193,9.362822
val,M,6.9077916,8.951062
val,M,6.566583,7.99285
val,M,6.1571665,9.282458
val,M,5.958153,11.058284
val,M,6.1900415,8.455189
val,M,6.937903,8.017593
val,M,7.6959305,6.0740438
val,M,8.237987,6.91216
val,M,8.732403,7.901643
val,M,9.095403,7.762821
val,M,9.385417,9.34008
val,M,9.747958,6.9460917
val,M,10.23575,3.710451
val,M,10.702361,2.6148033
val,M,11.101277,2.6605725
val,M,11.641666,3.1561031
val,M,12.1409445,3.0999284
val,M,12.4625,2.7830703
val,M,12.662861,2.455052
val,M,12.650458,2.020308
val,M,12.450236,2.2933886
val,M,12.257055,3.273744
val,M,12.18775,2.5264897
val,M,12.20025,1.9232703
val,M,12.225847,1.873855
val,M,12.216181,2.286521
val,M,12.100486,2.4272175
val,M,11.870611,3.8623483
val,M,11.633805,8.9863205
val,M,11.3504305,5.7272754
val,M,10.942139,4.1890817
val,M,10.639556,6.6230016
val,M,10.718458,8.158945
val,M,11.047694,3.873364
val,M,11.394542,2.5653129
val,M,11.707694,2.79525
val,M,12.006708,1.8980938
val,M,12.268666,1.7302667
val,M,12.437041,1.8202465
val,M,12.432292,1.9171295
val,M,12.2265415,2.2321105
val,M,12.062875,2.1252522
val,M,12.135445,1.9011086
val,M,12.346639,1.9053304
val,M,12.591084,2.1431236
val,M,12.828347,2.2467837
val,M,13.040903,2.232214
val,M,13.346056,2.2047133
val,M,13.7450695,2.1172795
val,M,13.987722,2.118445
val,M,13.967597,2.1449318
val,M,13.771139,2.169211
val,M,13.51068,2.1259084
val,M,13.25218,2.098485
val,M,13.0037365,2.038756
val,M,12.860598,2.023891
val,M,12.819195,1.9973241
val,M,12.793875,1.9839169
val,M,12.752542,1.9775676
val,M,12.414763,1.9996973
val,M,11.504306,2.0319128
val,M,10.204166,2.191325
val,M,9.089681,2.9133563
val,M,8.611459,3.0113528
val,M,8.707152,2.5376017
val,M,9.235139,2.5452456
val,M,9.94818,2.8725102
val,M,10.326555,2.7046876
val,M,10.408083,2.9230406
val,M,10.647458,3.1822844
val,M,10.972195,2.9143286
val,M,11.063736,2.6877224
val,M,10.886389,2.902569
val,M,10.685445,3.9491634
val,M,10.610583,5.4341464
val,M,10.570514,4.2408767
val,M,10.567028,3.5042348
val,M,10.636528,3.2668703
val,M,10.727111,3.438147
val,M,10.834861,3.9474664
val,M,10.977917,5.240442
val,M,11.122528,6.217507
val,M,11.238958,4.6968827
val,M,11.330459,5.0203156
val,M,11.356556,4.2599826
val,M,11.220125,1.73437
val,M,10.829458,1.3478714
val,M,10.356653,1.5485984
val,M,9.831986,1.8947617
val,M,9.286597,2.932017
val,M,9.057083,4.07163
val,M,9.31475,5.409142
val,M,9.868292,6.987183
val,M,10.404639,8.263216
val,M,10.798264,6.4873624
val,M,11.054764,3.8245804
val,M,11.260486,2.7250328
val,M,11.446139,2.4050806
val,M,11.6218195,1.9987587
val,M,11.781944,1.9868568
val,M,11.788333,2.0162134
val,M,11.643431,1.8020988
val,M,11.512667,1.7767193
val,M,11.426736,1.807505
val,M,11.3705,1.7808987
val,M,11.351597,1.7588862
val,M,11.373889,1.812825
val,M,11.426139,1.8818156
val,M,11.412472,2.2924957
val,M,11.416903,4.640428
val,M,11.771584,6.2124295
val,M,12.436597,3.127926
val,M,13.121083,1.9002168
val,M,13.719973,1.894915
val,M,14.104875,1.8821534
val,M,14.206944,1.86484
val,M,14.120611,1.8744432
val,M,13.9094305,1.9667634
val,M,13.690875,2.0543199
val,M,13.45168,2.0741045
val,M,13.059028,2.2997427
val,M,12.417347,2.532247
val,M,11.348945,2.3602166
val,M,9.77475,2.2599092
val,M,7.975611,2.4240828
val,M,6.0570693,2.416456
val,M,4.2860694,2.1411862
val,M,3.0922084,2.279741
val,M,2.259625,2.4839458
val,M,1.350125,2.3591795
val,M,0.47354168,2.3854473
val,M,0.074194446,2.3597183
val,M,0.025041666,2.2875142
val,M,0.020027777,2.271152
val,M,0.015875,2.2573602
val,M,0.019222222,2.5013726
val,M,0.025263889,2.5558128
val,Y1,3.2724721,3.0393114
val,Y1,4.0361667,3.1072521
val,Y1,4.66575,3.6387691
val,Y1,4.9021945,4.3709598
val,Y1,4.8931527,3.492149
val,Y1,4.866847,2.7979014
val,Y1,4.827389,3.1325295
val,Y1,4.7208056,3.1995952
val,Y1,4.527625,3.8264773
val,Y1,4.21025,3.6738963
val,Y1,3.5333471,2.8269064
val,Y1,2.6105695,3.5864499
val,Y1,1.7118889,5.917251
val,Y1,0.91593057,5.9856668
val,Y1,0.35043055,6.0230103
val,Y1,0.086125,5.4906554
val,Y1,0.024972223,8.869722
val,Y1,0.021833334,11.192338
val,Y1,0.024166666,6.935511
val,Y1,0.024847222,6.07447
val,Y1,0.02575,6.3783016
val,Y1,0.042166665,7.97861
val,Y1,0.284,6.6621943
val,Y1,0.7812222,3.2775254
val,Y1,1.3260417,3.2631392
val,Y1,1.9125278,3.356586
val,Y1,2.4304583,3.9090462
val,Y1,2.6381388,4.0866075
val,Y1,2.25425,5.3819036
val,Y1,1.4279306,8.154784
val,Y1,0.55043054,7.464788
val,Y1,0.06620833,5.0436344
val,Y1,0.01586111,3.3262887
val,Y1,0.014652777,3.4913378
val,Y1,0.017444445,2.95198
val,Y1,0.019458333,4.9735484
val,Y1,0.016555555,7.4340324
val,Y1,0.01761111,5.0320506
val,Y1,0.019111112,5.790805
val,Y1,0.013611111,8.741049
val,Y1,0.012430555,8.333834
val,Y1,0.017888889,4.8722115
val,Y1,0.020069445,4.764007
val,Y1,0.022041667,5.2475715
val,Y1,0.022930555,6.2505183
val,Y1,0.01825,7.9533725
val,Y1,0.0150138885,9.6560955
val,Y1,0.017361112,6.892052
val,Y1,0.017152777,6.638717
val,Y1,0.01675,8.834566
val,Y1,0.016541667,6.6368833
val,Y1,0.014375,4.086032
val,Y1,0.014402778,4.0962167
val,Y1,0.015583334,2.7977004
val,Y1,0.017013889,2.929493
val,Y1,0.015027778,4.4535375
val,Y1,0.0136388885,4.2603154
val,Y1,0.017,6.135502
val,Y1,0.015791666,6.140813
val,Y1,0.014777778,7.9520383
val,Y1,0.024388889,10.9162245
val,Y1,0.029972222,6.731688
val,Y1,0.02476389,7.899912
val,Y1,0.021625,9.546265
val,Y1,0.020569444,11.319204
val,Y1,0.018791666,10.598049
val,Y1,0.017583333,7.8403296
val,Y1,0.016097222,6.0255065
val,Y1,0.018680556,7.174024
val,Y1,0.018069444,8.739634
val,Y1,0.015,9.584655
val,Y1,0.016402777,11.333353
val,Y1,0.017319445,8.337755
val,Y1,0.015819445,4.9002028
val,Y1,0.015791666,7.386869
val,Y1,0.016625,11.156548
val,Y1,0.012888889,10.005207
val,Y1,0.012361111,7.082523
val,Y1,0.01375,6.8315988
val,Y1,0.015888888,8.257122
val,Y1,0.016972221,4.3756485
val,Y1,0.014777778,6.1063147
val,Y1,0.01673611,9.041053
val,Y1,0.02136111,8.44464
val,Y1,0.021875,10.175807
val,Y1,0.016652778,6.3418097
val,Y1,0.011888889,7.3888173
val,Y1,0.0133472225,4.9725914
val,Y1,0.015402778,4.791094
val,Y1,0.011833333,4.9909205
val,Y1,0.013041667,4.3111463
val,Y1,0.016458333,5.7236896
val,Y1,0.016597223,4.982617
val,Y1,0.016847223,4.148042
val,Y1,0.016347222,4.7034
val,Y1,0.015152778,4.867642
val,Y1,0.016402777,3.9602535
val,Y1,0.01625,3.857353
val,Y1,0.016472222,3.3612847
val,Y1,0.016791666,2.6406405
val,Y1,0.013236111,2.3495588
val,Y1,0.014652777,2.7067337
val,Y1,0.017347222,3.151071
val,Y1,0.01726389,2.4085832
val,Y1,0.013958333,2.8304722
val,Y1,0.0145,2.9040813
val,Y1,0.016458333,2.4346032
val,Y1,0.014569445,2.475351
val,Y1,0.015305555,2.7450213
val,Y1,0.015180555,2.8859296
val,Y1,0.01913889,2.8835454
val,Y1,0.017277777,4.1419334
val,Y1,0.01225,6.2021165
val,Y1,0.013569444,10.0086565
val,Y1,0.014347223,12.295586
val,Y1,0.012708333,10.549515
val,Y1,0.010513889,5.7084203
val,Y1,0.012861111,6.7845745
val,Y1,0.015291667,9.186092
val,Y1,0.016027778,9.218866
val,Y1,0.017291667,5.0123734
val,Y1,0.020986112,6.52057
val,Y1,0.018402778,6.9325376
val,Y1,0.012819445,7.588096
val,Y1,0.014319444,10.070842
val,Y1,0.015944444,9.644646
val,Y1,0.014166667,6.5822816
val,Y1,0.013930555,5.187324
val,Y1,0.012805556,7.298793
val,Y1,0.013625,5.7130504
val,Y1,0.020055555,7.0135384
val,Y1,0.022458334,6.505048
val,Y1,0.018583333,5.9971747
val,Y1,0.016361112,5.7431607
val,Y1,0.018652778,5.1119924
val,Y1,0.020625,8.413323
val,Y1,0.020861112,10.377947
val,Y1,0.017333332,6.8898926
val,Y1,0.018291667,8.056152
val,Y1,0.018194444,8.740139
val,Y1,0.015152778,8.481592
val,Y1,0.015569445,9.159227
val,Y1,0.0144305555,9.480894
val,Y1,0.014611111,7.5988326
val,Y1,0.017944444,5.33093
val,Y1,0.018791666,5.3935137
val,Y1,0.015888888,4.054758
val,Y1,0.013736111,5.424293
val,Y1,0.014736111,11.976765
val,Y1,0.014541667,9.634398
val,Y1,0.010916667,10.27474
val,Y1,0.012180556,10.969582
val,Y1,0.014958333,13.089331
val,Y1,0.014652777,6.149449
val,Y1,0.0154444445,6.9851127
val,Y1,0.015138889,11.10895
val,Y1,0.016208334,12.702602
val,Y1,0.17445834,5.154709
val,Y1,0.40859723,4.0448146
val,Y1,0.55690277,6.4092336
val,Y1,0.8831667,7.630769
val,Y1,1.1673194,10.403248
val,Y1,1.0764722,10.694195
val,Y1,0.7220278,10.647225
val,Y1,0.38090277,8.329397
val,Y1,0.23219444,6.9957576
val,Y1,0.14141667,7.623188
val,Y1,0.052875,8.123569
val,Y1,0.011569444,6.715485
val,Y1,0.01573611,12.570196
val,Y1,0.037458334,10.103699
val,Y1,0.3263889,3.8310719
val,Y1,0.8349444,7.631717
val,Y1,1.0287639,10.578228
val,Y1,0.58241665,8.861279
val,Y1,0.09847222,12.4842
val,Y1,0.08195833,13.315874
val,Y1,0.15783334,8.620993
val,Y1,0.109513886,5.5835543
val,Y1,0.106458336,5.3125596
val,Y1,0.9366111,8.917337
val,Y1,2.3517084,11.923313
val,Y1,3.4503472,9.9699745
val,Y1,4.33025,9.518817
val,Y1,4.928403,12.802212
val,Y1,5.2175694,12.135826
val,Y1,5.698125,8.57058
val,Y1,6.286556,6.1595182
val,Y1,6.555639,7.568455
val,Y1,6.6921387,4.9115787
val,Y1,6.889694,4.940493
val,Y1,7.073167,6.0814495
val,Y1,6.8265557,4.6245446
val,Y1,6.1151805,7.542408
val,Y1,5.071625,10.008736
val,Y1,3.626375,6.8256288
val,Y1,2.1644444,5.6067805
val,Y1,1.0835278,6.855146
val,Y1,0.5215833,5.9463987
val,Y1,0.31561112,4.645225
val,Y1,0.14980556,6.6563373
val,Y1,0.029291667,7.761581
val,Y1,0.020055555,6.26483
val,Y1,0.019208333,8.74357
val,Y1,0.018986112,9.162728
val,Y1,0.017236112,7.023816
val,Y1,0.018375,9.802355
val,Y1,0.07238889,7.15652
val,Y1,0.6625417,5.6633563
val,Y1,1.8485,8.689803
val,Y1,2.7335835,13.295233
val,Y1,3.2072778,11.611931
val,Y1,4.1391807,8.134969
val,Y1,4.971375,11.233101
val,Y1,5.0848055,11.031858
val,Y1,4.9367223,7.0300536
val,Y1,4.640625,5.818176
val,Y1,4.3145137,7.042855
val,Y1,3.929,7.2785077
val,Y1,3.4380417,11.724535
val,Y1,3.2117639,14.531088
val,Y1,3.917361,5.7761073
val,Y1,4.7901945,5.1532583
val,Y1,5.278514,9.5454235
val,Y1,5.9398193,6.333278
val,Y1,6.647,4.716985
val,Y1,7.2645,4.9123373
val,Y1,7.9140835,8.823145
val,Y1,8.659513,6.280883
val,Y1,9.37982,6.520557
val,Y1,10.074695,12.163652
val,Y1,10.597417,13.526987
val,Y1,10.861195,8.014382
val,Y1,11.224195,7.466332
val,Y1,11.7699585,12.21324
val,Y1,12.298195,15.21298
val,Y1,12.764042,11.238602
val,Y1,13.279458,7.3494697
val,Y1,13.804611,9.593174
val,Y1,14.016848,8.329413
val,Y1,13.850472,5.973577
val,Y1,13.757916,7.3157
val,Y1,14.014472,9.208973
val,Y1,14.342944,8.415321
val,Y1,14.741722,8.108678
val,Y1,15.393389,9.79917
val,Y1,16.10279,11.601899
val,Y1,16.692305,11.4225645
val,Y1,17.145416,12.583986
val,Y1,17.576653,9.037443
val,Y1,18.009972,6.3412127
val,Y1,18.44464,4.5154347
val,Y1,18.931889,9.266272
val,Y1,19.217154,11.3449745
val,Y1,19.249666,9.230036
val,Y1,19.183666,5.1851816
val,Y1,20.147,8.139896
val,Y1,20.67904,5.6996813
val,Y1,20.33336,5.3979526
val,Y1,20.230556,10.608642
val,Y1,20.010292,10.871872
val,Y1,19.830236,12.282833
val,Y1,19.478083,15.147124
val,Y1,19.323584,9.97932
val,Y1,19.323944,7.2589355
val,Y1,19.274763,7.4081893
val,Y1,19.232111,9.465183
val,Y1,19.407291,11.854763
val,Y1,19.512793,11.52491
val,Y1,19.22725,10.900997
val,Y1,18.865208,11.581024
val,Y1,18.533625,11.702754
val,Y1,18.21404,12.849165
val,Y1,18.197763,13.566623
val,Y1,18.38293,6.9593678
val,Y1,18.400625,7.6730065
val,Y1,18.215569,6.259357
val,Y1,17.849264,4.8029723
val,Y1,15.528736,5.783261
val,Y1,10.505472,5.9532084
val,Y1,6.945903,6.513576
val,Y1,6.6250696,6.773218
val,Y1,7.6330557,4.429949
val,Y1,10.197166,3.9549918
val,Y1,14.880083,4.1786504
val,Y1,17.60132,5.6518035
val,Y1,17.459097,5.9202027
val,Y1,17.433971,6.6878743
val,Y1,17.368986,10.486596
val,Y1,17.247375,8.0650625
val,Y1,17.22368,9.447368
val,Y1,17.363792,7.185877
val,Y1,17.474,5.99008
val,Y1,17.168417,5.048946
val,Y1,16.481375,4.6718254
val,Y1,15.852153,4.476272
val,Y1,15.462916,5.2110267
val,Y1,15.399487,10.227617
val,Y1,15.599264,11.694321
val,Y1,15.876805,6.781454
val,Y1,16.197666,6.2787256
val,Y1,16.542347,6.4410777
val,Y1,16.911625,4.1222663
val,Y1,17.303194,3.751936
val,Y1,17.722416,7.9468985
val,Y1,18.063972,12.640049
val,Y1,18.130985,12.204784
val,Y1,18.01668,13.500691
val,Y1,17.946514,9.609768
val,Y1,17.947111,7.418554
val,Y1,17.939264,10.095032
val,Y1,17.936111,11.444086
val,Y1,17.95561,11.274853
val,Y1,17.96089,10.803328
val,Y1,17.98543,5.052666
val,Y1,18.053389,4.3209653
val,Y1,17.994736,5.9207835
val,Y1,17.959625,6.811511
val,Y1,17.972279,6.8321667
val,Y1,17.936861,7.143864
val,Y1,17.905598,6.316219
val,Y1,17.828222,7.938396
val,Y1,17.521791,11.189875
val,Y1,17.505556,13.80253
val,Y1,17.654417,11.825092
val,Y1,17.514875,7.179395
val,Y1,17.521166,7.681844
val,Y1,17.622139,9.059987
val,Y1,17.777472,9.187208
val,Y1,17.958347,8.451188
val,Y1,18.166666,9.076817
val,Y1,18.259874,6.170359
val,Y1,18.320765,5.555424
val,Y1,18.403486,10.222219
val,Y1,18.429375,9.64889
val,Y1,18.246305,6.6920557
val,Y1,17.864319,4.6840196
val,Y1,17.491459,3.229403
val,Y1,17.0625,4.6212287
val,Y1,16.828028,4.9330554
val,Y1,16.736431,3.976802
val,Y1,16.610374,3.105206
val,Y1,16.498514,3.1611018
val,Y1,16.375292,3.5099497
val,Y1,16.284555,3.6576638
val,Y1,16.333,3.7533703
val,Y1,16.406403,5.776774
val,Y1,16.600973,6.965738
val,Y1,16.943472,5.744488
val,Y1,17.140194,4.035039
val,Y1,17.262388,3.701489
val,Y1,17.362,3.6272488
val,Y1,17.45836,3.1848695
val,Y1,17.46107,3.1048899
val,Y1,17.376625,2.7208276
val,Y1,17.299917,2.7631078
val,Y1,17.230347,2.5480566
val,Y1,17.15071,2.3997908
val,Y1,17.001583,2.3803036
val,Y1,16.745125,2.4206612
val,Y1,16.371098,2.49419
val,Y1,15.884848,2.2833128
val,Y1,15.227597,2.6340632
val,Y1,14.467389,3.2231157
val,Y1,13.912389,2.9216757
val,Y1,13.5477915,2.6313972
val,Y1,13.13325,2.6011462
val,Y1,12.735473,2.5297565
val,Y1,12.301431,2.8643863
val,Y1,12.051306,3.0632074
val,Y1,12.163889,2.765779
val,Y1,12.404347,3.402494
val,Y1,12.730306,5.256103
val,Y1,13.097153,6.3353896
val,Y1,13.375139,6.833183
val,Y1,13.394444,7.9469895
val,Y1,13.100166,7.2147164
val,Y1,12.041708,6.3429074
val,Y1,10.301139,5.1589336
val,Y1,9.568375,5.608002
val,Y1,9.640667,3.987386
val,Y1,9.274777,2.7725668
val,Y1,9.511945,2.5521903
val,Y1,10.182472,2.5660474
val,Y1,10.268222,2.5714345
val,Y1,10.024917,2.6927376
val,Y1,9.810875,2.7525854
val,Y1,9.756708,2.7606282
val,Y1,9.860042,3.2328196
val,Y1,10.142097,3.8635435
val,Y1,10.527014,4.3932924
val,Y1,10.8805,4.1739883
val,Y1,11.2034025,4.70115
val,Y1,11.534653,5.2340326
val,Y1,11.828042,4.4446664
val,Y1,11.961667,4.0198627
val,Y1,11.976722,3.0176108
val,Y1,11.93557,2.5659418
val,Y1,11.9064865,2.9463005
val,Y1,11.896264,4.0551624
val,Y1,11.507903,2.6575933
val,Y1,10.652903,2.4038496
val,Y1,9.487597,2.5656471
val,Y1,8.215083,2.5400338
val,Y1,7.389375,2.658988
val,Y1,7.3343472,2.696454
val,Y1,7.834361,2.8104384
val,Y1,8.550361,2.7205257
val,Y1,9.259973,2.5481267
val,Y1,9.774195,2.5823116
val,Y1,9.996764,2.6970153
val,Y1,10.094014,2.7998643
val,Y1,10.072473,2.84035
val,Y1,9.943306,2.7833216
val,Y1,10.022889,2.4832625
val,Y1,10.348722,2.6469426
val,Y1,10.684875,2.7765133
val,Y1,10.914319,2.5543947
val,Y1,10.932028,2.7013237
val,Y1,10.772611,2.9186175
val,Y1,10.579708,3.7889676
val,Y1,10.375986,4.515845
val,Y1,10.158597,4.3631105
val,Y1,9.228861,5.9264913
val,Y1,7.792028,6.8959627
val,Y1,6.659236,8.331001
val,Y1,5.6275554,11.556025
val,Y1,5.0069165,10.438608
val,Y1,4.8743057,9.182327
val,Y1,5.2215695,7.8908906
val,Y1,5.7111526,7.6008673
val,Y1,5.8811946,7.9034243
val,Y1,5.9721947,6.790884
val,Y1,5.8419166,3.4583473
val,Y1,5.325,2.4219344
val,Y1,4.404139,2.5028625
val,Y1,3.5350277,3.303678
val,Y1,2.7463195,4.73534
val,Y1,1.734125,7.4759507
val,Y1,0.84033334,9.082682
val,Y1,0.2518889,9.294108
val,Y1,0.029625,12.110528
val,Y1,0.018888889,11.479357
val,Y1,0.017111111,6.424514
val,Y1,0.021638889,7.538771
val,Y1,0.021291668,10.347965
val,Y1,0.020541666,5.50615
val,Y1,0.018902779,5.3925467
val,Y1,0.016208334,7.1889606
val,Y1,0.019194445,4.6956534
val,Y1,0.018847222,6.450773
val,Y1,0.015486111,8.171912
val,Y1,0.02088889,5.7165227
val,Y1,0.024236111,4.343757
val,Y1,0.020361455,3.3494177
val,Y1,0.017849453,2.6800237
val,Y1,0.01806097,3.1242096
val,Y1,0.01806425,3.9143064
val,Y1,0.018067531,2.8216867
val,Y1,0.018070811,2.7822433
val,Y1,0.018074092,3.457182
val,Y1,0.018077374,2.588388
val,Y1,0.018080654,2.204735
val,Y1,0.018083936,2.2467117
val,Y1,0.018087216,2.6653361
val,Y1,0.018090496,2.9602885
val,Y1,0.018093778,2.3945012
val,Y1,0.018097058,2.253879
val,Y1,0.01810034,2.1792245
val,Y1,0.01810362,2.2501404
val,Y1,0.0181069,2.377883
val,Y1,0.018110182,3.1009765
val,Y1,0.018113462,3.0181432
val,Y1,0.018116742,2.424975
val,Y1,0.018120024,2.662167
val,Y1,0.018123304,2.7601218
val,Y1,0.018126586,2.33465
val,Y1,0.018129867,2.6839561
val,Y1,0.018133147,3.8766308
val,Y1,0.018136429,5.019668
val,Y1,0.018139709,4.955073
val,Y1,0.01814299,5.8803267
val,Y1,0.01814627,8.4193325
val,Y1,0.018149551,9.427007
val,Y1,0.018152833,9.853773
val,Y1,0.018156113,6.6775956
val,Y1,0.018159393,5.728237
val,Y1,0.018162675,6.4120555
val,Y1,0.018165955,5.9603734
val,Y1,0.018169237,5.0823684
val,Y1,0.018172517,3.1739132
val,Y1,0.018175798,2.2708719
val,Y1,0.01817908,2.452115
val,Y1,0.01818236,2.9242203
val,Y1,0.018185642,2.7320604
val,Y1,0.018188922,2.8208656
val,Y1,0.018192202,2.9200435
val,Y1,0.018195484,2.66206
val,Y1,0.018198764,2.791224
val,Y1,0.018202046,2.7982001
val,Y1,0.018205326,2.52194
val,Y1,0.018208606,2.4803896
val,Y1,0.018211888,2.8003795
val,Y1,0.018215168,2.801662
val,Y1,0.018218448,2.487174
val,Y1,0.01822173,2.942099
val,Y1,0.01822501,3.1682646
val,Y1,0.018228292,2.7182598
val,Y1,0.018231573,2.505844
val,Y1,0.018234853,2.925889
val,Y1,0.018238135,2.775494
val,Y1,0.018241415,2.5217779
val,Y1,0.018244697,2.9271252
val,Y1,0.018247977,3.2092924
val,Y1,0.018251257,2.9246888
val,Y1,0.018254539,2.6870844
val,Y1,0.01825782,3.3178587
val,Y1,0.018261101,3.5366912
val,Y1,0.018264381,2.5556364
val,Y1,0.018267661,2.661746
val,Y1,0.018270943,2.8036733
val,Y1,0.018274223,3.0008183
val,Y1,0.018277504,2.9486628
val,Y1,0.018280786,3.6325665
val,Y1,0.018284066,6.7440987
val,Y1,0.018287348,7.373132
val,Y1,0.018290628,6.8912845
val,Y1,0.018293908,7.644084
val,Y1,0.01829719,9.111647
val,Y1,0.01830047,10.696829
val,Y1,0.018303752,6.138876
val,Y1,0.018307032,6.509252
val,Y1,0.018310312,8.079014
val,Y1,0.018313594,8.212438
val,Y1,0.018316874,7.8915925
val,Y1,0.018320154,6.0014834
val,Y1,0.018323436,6.114927
val,Y1,0.018326716,7.4396806
val,Y1,0.018329998,8.779564
val,Y1,0.018333279,5.7279897
val,Y1,0.018336559,5.625051
val,Y1,0.01833984,8.143397
val,Y1,0.01834312,7.775
val,Y1,0.018346403,5.88036
val,Y1,0.018349683,5.130773
val,Y1,0.018352963,8.207101
val,Y1,0.018356245,13.070782
val,Y1,0.018359525,11.681962
val,Y1,0.018362807,10.631723
val,Y1,0.018366087,7.9005575
val,Y1,0.018369367,9.75025
val,Y1,0.01837265,12.016176
val,Y1,0.01837593,7.148227
val,Y1,0.01837921,6.9818344
val,Y1,0.018382492,8.732972
val,Y1,0.018385772,13.865582
val,Y1,0.018389054,11.482813
val,Y1,0.018392334,5.0342307
val,Y1,0.018395614,4.8613925
val,Y1,0.018398896,8.793222
val,Y1,0.018402176,10.826151
val,Y1,0.018405458,8.680387
val,Y1,0.018408738,10.052954
val,Y1,0.018412018,5.930057
val,Y1,0.0184153,10.778009
val,Y1,0.01841858,11.023729
val,Y1,0.01842186,8.434438
val,Y1,0.018425142,3.7790103
val,Y1,0.018428423,4.1694455
val,Y1,0.018431704,7.89352
val,Y1,0.018434985,5.5248485
val,Y1,0.018438265,4.4055977
val,Y1,0.018441547,6.753718
val,Y1,0.018444827,8.8920145
val,Y1,0.018448109,7.4350123
val,Y1,0.018451389,6.9943476
val,Y1,0.018454669,9.05794
val,Y1,0.018457951,12.182771
val,Y1,0.018461231,9.196085
val,Y1,0.018464513,7.4045324
val,Y1,0.018467793,11.128645
val,Y1,0.018471073,10.397583
val,Y1,0.018474355,9.3160095
val,Y1,0.018477635,8.674925
val,Y1,0.018480916,6.06014
val,Y1,0.018484198,6.7792087
val,Y1,0.018487478,5.5309033
val,Y1,0.01849076,4.14902
val,Y1,0.01849404,5.9038444
val,Y1,0.01849732,5.388596
val,Y1,0.018500602,6.230231
val,Y1,0.018503882,7.6312733
val,Y1,0.018507164,5.878682
val,Y1,0.018510444,8.319604
val,Y1,0.018513724,7.104734
val,Y1,0.018517006,6.352811
val,Y1,0.018520286,6.8593345
val,Y1,0.018523568,4.889115
val,Y1,0.018526848,4.8764157
val,Y1,0.018530129,4.7083035
val,Y1,0.01853341,3.4175627
val,Y1,0.01853669,4.188558
val,Y1,0.01853997,3.1258712
val,Y1,0.018543253,2.5871863
val,Y1,0.018546533,2.9307833
val,Y1,0.018549815,2.3645802
val,Y1,0.018553095,2.102215
val,Y1,0.018556375,2.1240025
val,Y1,0.018559657,2.6707263
val,Y1,0.018562937,4.006767
val,Y1,0.01856622,6.104966
val,Y1,0.0185695,5.1703553
val,Y1,0.01857278,4.9154105
val,Y1,0.018576061,6.168818
val,Y1,0.018579341,7.9393682
val,Y1,0.018582622,8.771685
val,Y1,0.018585904,6.3116875
val,Y1,0.018589184,6.4392886
val,Y1,0.018592466,9.527613
val,Y1,0.018595746,15.862782
val,Y1,0.018599026,15.91073
val,Y1,0.018602308,14.445334
val,Y1,0.018605588,11.901203
val,Y1,0.01860887,9.4678545
val,Y1,0.01861215,9.939138
val,Y1,0.01861543,10.172218
val,Y1,0.018618712,11.521689
val,Y1,0.018621992,6.8538384
val,Y1,0.018625274,7.186621
val,Y1,0.018628554,10.453907
val,Y1,0.018631835,11.956257
val,Y1,0.018635117,10.29599
val,Y1,0.018638397,3.9761019
val,Y1,0.018641677,5.9068837
val,Y1,0.018644959,6.2188053
val,Y1,0.018648239,9.707333
val,Y1,0.01865152,11.940371
val,Y1,0.018654801,10.175781
val,Y1,0.018658081,11.231722
val,Y1,0.018661363,16.650578
val,Y1,0.018664643,15.1502285
val,Y1,0.018667925,10.454636
val,Y1,0.018671205,6.84322
val,Y1,0.018674485,10.697561
val,Y1,0.018677767,10.520778
val,Y1,0.018681047,4.4581895
val,Y1,0.018684328,7.7818995
val,Y1,0.01868761,9.2834015
val,Y1,0.01869089,9.184797
val,Y1,0.018694172,8.6339855
val,Y1,0.018697452,6.2641273
val,Y1,0.018700732,4.2923856
val,Y1,0.018704014,5.07939
val,Y1,0.018707294,10.115862
val,Y1,0.018710576,10.840652
val,Y1,0.018713856,8.139666
val,Y1,0.018717136,8.0064125
val,Y1,0.018720418,7.328545
val,Y1,0.018723698,5.2632117
val,Y1,0.01872698,8.571968
val,Y1,0.01873026,7.9398193
val,Y1,0.01873354,7.395021
val,Y1,0.018736823,7.191503
val,Y1,0.018740103,7.3302655
val,Y1,0.018743383,7.8369193
val,Y1,0.018746665,8.790915
val,Y1,0.018749945,4.8661923
val,Y1,0.018753227,3.840948
val,Y1,0.018756507,3.273308
val,Y1,0.018759787,1.9717544
val,Y1,0.018763069,1.9460666
val,Y1,0.01876635,2.3480835
val,Y1,0.018769631,2.7484012
val,Y1,0.018772911,2.5105898
val,Y1,0.018776191,2.6839614
val,Y1,0.018779473,2.8417234
val,Y1,0.018782753,2.7366185
val,Y1,0.018786035,2.913931
val,Y1,0.018789316,2.588538
val,Y1,0.018792596,2.6269002
val,Y1,0.018795878,2.7139504
val,Y1,0.018799158,2.402307
val,Y1,0.018802438,2.6758308
val,Y1,0.01880572,2.4644146
val,Y1,0.018809,2.2510524
val,Y1,0.018812282,2.6627576
val,Y1,0.018815562,3.0739832
val,Y1,0.018818842,2.4653249
val,Y1,0.018822124,2.1899133
val,Y1,0.018825404,2.243198
val,Y1,0.018828686,2.7822614
val,Y1,0.018831966,2.9817896
val,Y1,0.018835247,2.4273436
val,Y1,0.018838529,2.714668
val,Y1,0.018841809,2.613513
val,Y1,0.018845089,2.4264734
val,Y1,0.01884837,2.8595157
val,Y1,0.01885165,2.5850897
val,Y1,0.018854933,2.3081975
val,Y1,0.018858213,2.6315372
val,Y1,0.018861493,3.4965281
val,Y1,0.018864775,5.520824
val,Y1,0.018868055,4.5160646
val,Y1,0.018871337,5.6410213
val,Y1,0.018874617,5.709806
val,Y1,0.018877897,6.1804204
val,Y1,0.01888118,8.839154
val,Y1,0.01888446,5.4824443
val,Y1,0.016512396,6.032234
val,Y1,0.012819346,8.166991
val,Y1,0.009847222,7.8387666
val,Y1,0.011777778,10.458157
val,Y1,0.013375,11.440837
val,Y1,0.011930555,11.971259
val,Y1,0.012986111,10.009192
val,Y1,0.013652778,9.232463
val,Y1,0.013402778,9.13973
val,Y1,0.05226389,5.981964
val,Y1,0.27926388,5.8271327
val,Y1,0.6620139,6.092607
val,Y1,1.1225694,8.733035
val,Y1,1.5672916,7.3939233
val,Y1,1.8522917,6.8065047
val,Y1,2.0977917,9.885262
val,Y1,2.516528,8.475308
val,Y1,2.9073195,5.5831275
val,Y1,3.0822778,5.6778054
val,Y1,3.123,12.165911
val,Y1,2.988875,6.3908195
val,Y1,2.400861,3.8880014
val,Y1,1.23775,5.0456443
val,Y1,0.35059723,9.266817
val,Y1,0.41793054,10.858601
val,Y1,0.90434724,9.947728
val,Y1,1.1666944,10.859484
val,Y1,1.2451528,7.633665
val,Y1,1.2584862,10.297485
val,Y1,1.2060833,15.0375185
val,Y1,0.9236111,12.35464
val,Y1,0.36070833,7.042029
val,Y1,0.049694445,6.7143936
val,Y1,0.29043055,7.6009126
val,Y1,0.8336389,5.9026875
val,Y1,1.5254444,4.652924
val,Y1,2.165111,7.828212
val,Y1,2.592264,9.196802
val,Y1,2.9049582,8.015286
val,Y1,3.099347,5.1388717
val,Y1,3.3400555,5.5466866
val,Y1,3.8719306,9.127419
val,Y1,4.633861,7.060847
val,Y1,5.4003887,4.760591
val,Y1,5.9755,7.2952585
val,Y1,6.205097,10.616276
val,Y1,6.202083,9.639181
val,Y1,6.1430693,9.711961
val,Y1,5.6445417,7.047708
val,Y1,4.4175835,7.933429
val,Y1,2.9714305,7.264888
val,Y1,1.8333611,7.233269
val,Y1,0.97920835,8.046642
val,Y1,0.7131111,8.003431
val,Y1,1.14525,9.229509
val,Y1,1.9634861,7.3175178
val,Y1,2.911,5.9824796
val,Y1,3.8950694,9.272878
val,Y1,4.9987917,10.72645
val,Y1,6.056847,7.287164
val,Y1,6.92075,6.8363214
val,Y1,7.6780415,12.002392
val,Y1,8.555166,11.390823
val,Y1,9.535708,5.8901324
val,Y1,10.455778,5.095882
val,Y1,11.2295,11.405964
val,Y1,11.838514,6.9847198
val,Y1,12.065348,6.0496774
val,Y1,12.080292,6.998944
val,Y1,12.256541,7.3779316
val,Y1,12.463305,9.650431
val,Y1,12.484153,6.4726443
val,Y1,12.363833,6.6957498
val,Y1,12.377277,9.406464
val,Y1,12.587569,6.5109663
val,Y1,12.894111,5.0654483
val,Y1,13.342875,6.427326
val,Y1,13.910403,5.8455567
val,Y1,14.289,4.4100323
val,Y1,14.349764,4.5412827
val,Y1,14.23793,9.272583
val,Y1,14.056916,15.151746
val,Y1,13.9235,10.972288
val,Y1,13.912945,7.752172
val,Y1,13.929861,4.859361
val,Y1,13.819639,11.2843075
val,Y1,13.481944,8.926178
val,Y1,12.911153,7.163967
val,Y1,12.06768,10.201548
val,Y1,10.977597,11.302942
val,Y1,9.694208,13.332803
val,Y1,8.247458,10.419481
val,Y1,6.721208,8.638083
val,Y1,5.1430974,9.010475
val,Y1,3.770347,5.993088
val,Y1,2.8632638,3.1127224
val,Y1,2.2451944,6.1351724
val,Y1,1.6204306,8.963695
val,Y1,0.9358472,7.921697
val,Y1,0.34590277,10.253696
val,Y1,0.05976389,9.991948
val,Y1,0.015722223,8.735683
val,Y1,0.016763888,12.425668
val,Y1,0.023055555,15.264595
val,Y1,0.019694444,11.678732
val,Y1,0.01625,7.5628276
val,Y1,0.016819444,8.703709
val,Y1,0.015611111,9.771395
val,Y1,0.027055556,9.154626
val,Y1,0.27958333,6.236901
val,Y1,1.1204584,5.190707
val,Y1,2.5385833,4.832794
val,Y1,4.137,6.367617
val,Y1,5.582556,4.6287065
val,Y1,6.626764,4.3453927
val,Y1,7.448111,4.871396
val,Y1,8.34182,10.411398
val,Y1,9.253695,10.524491
val,Y1,10.030736,8.258607
val,Y1,10.548708,8.775673
val,Y1,10.908389,9.948922
val,Y1,11.162403,11.444263
val,Y1,11.2381525,10.631713
val,Y1,11.214486,10.795338
val,Y1,11.2583475,10.963111
val,Y1,11.380764,11.202645
val,Y1,11.549069,8.995246
val,Y1,11.627264,8.40106
val,Y1,11.690625,9.899854
val,Y1,11.998278,10.670038
val,Y1,12.446569,5.5932345
val,Y1,12.832861,6.3648086
val,Y1,12.906555,11.200028
val,Y1,12.604611,6.1171207
val,Y1,12.208777,9.949614
val,Y1,11.819458,5.631921
val,Y1,11.562695,4.5630546
val,Y1,11.497347,7.5502334
val,Y1,11.592292,7.548704
val,Y1,11.844736,7.940841
val,Y1,12.197611,6.642039
val,Y1,12.646055,4.5316386
val,Y1,13.136541,8.148641
val,Y1,13.635959,8.118626
val,Y1,14.11307,7.138463
val,Y1,14.524972,6.0244937
val,Y1,14.891111,6.071853
val,Y1,15.283556,6.76098
val,Y1,15.6895,6.6827765
val,Y1,16.079153,7.614618
val,Y1,16.435097,10.1609535
val,Y1,16.510445,8.657276
val,Y1,16.312374,3.9022622
val,Y1,16.082624,5.566318
val,Y1,15.7925,6.9691625
val,Y1,15.525431,10.893927
val,Y1,15.364264,8.891047
val,Y1,15.29718,4.525713
val,Y1,15.331889,5.7562346
val,Y1,15.437083,8.240225
val,Y1,15.630931,7.4858246
val,Y1,15.872945,4.5433145
val,Y1,16.082111,4.0049033
val,Y1,16.317959,6.9911957
val,Y1,16.56143,6.9542212
val,Y1,16.804235,3.938964
val,Y1,16.988806,6.349731
val,Y1,16.940416,6.1424394
val,Y1,16.799791,5.8096194
val,Y1,16.709515,8.133038
val,Y1,16.630598,5.115542
val,Y1,16.607098,4.1911616
val,Y1,16.627832,5.0945325
val,Y1,16.653473,2.6091752
val,Y1,16.57868,2.4394047
val,Y1,16.313652,3.8658907
val,Y1,16.071583,4.4263577
val,Y1,15.952917,6.115837
val,Y1,15.895486,6.898565
val,Y1,15.885612,6.5667014
val,Y1,15.966625,5.9076204
val,Y1,16.159737,5.8109193
val,Y1,16.42125,5.938834
val,Y1,16.705805,6.6534333
val,Y1,16.945333,9.339688
val,Y1,17.098667,8.151259
val,Y1,17.167236,5.4445662
val,Y1,17.073889,5.7462974
val,Y1,16.726875,6.6317344
val,Y1,16.441236,6.4482007
val,Y1,16.27557,6.351128
val,Y1,16.052055,5.9845634
val,Y1,15.857653,7.2674623
val,Y1,15.649611,9.116169
val,Y1,15.458333,8.763628
val,Y1,15.470278,6.4209094
val,Y1,15.5842085,5.2418556
val,Y1,15.671958,6.3135896
val,Y1,15.92857,9.817781
val,Y1,16.2835,10.916671
val,Y1,16.604347,7.501715
val,Y1,16.764668,4.450968
val,Y1,16.61789,4.777809
val,Y1,16.411985,8.203342
val,Y1,16.44318,11.052229
val,Y1,16.545458,9.865948
val,Y1,16.59143,7.370009
val,Y1,16.688055,5.2128286
val,Y1,16.914625,3.7966309
val,Y1,17.325945,6.6952453
val,Y1,17.533138,6.034601
val,Y1,17.588041,9.460869
val,Y1,17.688765,8.619254
val,Y1,17.78814,5.9989934
val,Y1,18.01582,6.798534
val,Y1,15.839056,6.6030307
val,Y1,13.06975,2.9661937
val,Y1,15.074513,4.480454
val,Y1,16.851902,8.21986
val,Y1,16.834139,6.7956276
val,Y1,16.396444,4.9060874
val,Y1,16.172348,4.9940324
val,Y1,17.030987,6.529326
val,Y1,17.049765,8.493682
val,Y1,17.15157,6.9182763
val,Y1,17.264833,4.7781844
val,Y1,17.388708,7.2600245
val,Y1,17.613972,8.425777
val,Y1,17.924862,5.0385613
val,Y1,18.118166,4.69634
val,Y1,18.042418,6.191646
val,Y1,17.829348,5.535349
val,Y1,17.694986,7.445541
val,Y1,17.438972,8.54825
val,Y1,17.35868,5.6791716
val,Y1,17.422361,7.441108
val,Y1,17.213015,10.16838
val,Y1,16.877972,8.935825
val,Y1,16.497194,7.0680623
val,Y1,14.653625,3.91818
val,Y1,11.107986,3.57689
val,Y1,9.679402,4.6746306
val,Y1,10.669209,5.9999647
val,Y1,13.229139,5.8103776
val,Y1,17.254055,7.3441486
val,Y1,18.730694,7.503855
val,Y1,15.910986,6.2879467
val,Y1,14.774458,6.66332
val,Y1,15.639806,7.11092
val,Y1,15.150069,6.5587783
val,Y1,14.81932,9.866072
val,Y1,14.599305,8.829933
val,Y1,14.439445,6.121407
val,Y1,14.37975,11.793244
val,Y1,14.466695,9.707224
val,Y1,14.660403,3.8659115
val,Y1,14.927097,4.049525
val,Y1,15.255542,4.3624263
val,Y1,15.603472,5.0489917
val,Y1,15.894764,6.8174195
val,Y1,16.031403,4.4218473
val,Y1,16.035069,3.9625907
val,Y1,15.958514,4.8598475
val,Y1,15.795806,4.9022436
val,Y1,15.670167,8.874761
val,Y1,15.586708,6.803189
val,Y1,15.487111,5.101204
val,Y1,15.4928055,8.497332
val,Y1,15.613847,10.113752
val,Y1,15.790944,8.435866
val,Y1,16.003736,4.27493
val,Y1,16.208847,5.1784043
val,Y1,16.425306,6.5732102
val,Y1,16.680792,4.9406466
val,Y1,16.94293,3.9488728
val,Y1,17.042973,5.9465594
val,Y1,17.007181,4.2695665
val,Y1,16.985374,3.5509548
val,Y1,17.008278,6.5472817
val,Y1,17.032402,4.079033
val,Y1,16.965763,4.103352
val,Y1,16.847458,4.3443127
val,Y1,16.70932,4.9289107
val,Y1,16.526806,7.434418
val,Y1,16.304264,6.9173675
val,Y1,16.014639,7.917412
val,Y1,15.652833,12.895492
val,Y1,15.421833,12.144506
val,Y1,15.83075,8.007215
val,Y1,16.38975,7.8716617
val,Y1,16.132153,8.212093
val,Y1,15.701361,6.065056
val,Y1,15.939764,4.3327675
val,Y1,16.322195,6.67724
val,Y1,16.597084,7.9146395
val,Y1,17.053375,5.4908056
val,Y1,17.541973,3.1087413
val,Y1,17.782833,2.2224174
val,Y1,18.050264,2.269207
val,Y1,18.380556,2.6821036
val,Y1,18.719389,3.3488905
val,Y1,18.743181,3.5236971
val,Y1,18.442833,4.183873
val,Y1,18.419737,4.9348283
val,Y1,18.479986,8.164319
val,Y1,18.562445,8.731785
val,Y1,18.631569,11.065036
val,Y1,18.63707,12.911901
val,Y1,18.584986,10.312995
val,Y1,18.483236,6.0000863
val,Y1,18.450903,7.32824
val,Y1,18.659708,11.418622
val,Y1,18.975348,12.113554
val,Y1,19.208208,8.930978
val,Y1,19.260666,7.865724
val,Y1,18.989153,5.4920945
val,Y1,18.58364,7.00028
val,Y1,18.240389,6.600714
val,Y1,17.957916,5.458467
val,Y1,17.743792,6.5081935
val,Y1,17.578167,6.690495
val,Y1,17.387875,4.7145104
val,Y1,17.162264,3.1550198
val,Y1,16.94243,2.788124
val,Y1,16.732056,2.3871796
val,Y1,16.532694,4.284383
val,Y1,16.338028,7.065915
val,Y1,16.169542,5.365531
val,Y1,15.968792,2.3811736
val,Y1,15.3355,2.437759
val,Y1,14.033806,2.372499
val,Y1,12.2346945,2.6295962
val,Y1,10.1695,2.5931609
val,Y1,8.185264,2.8159208
val,Y1,6.4142637,2.5472026
val,Y1,4.717417,2.4551396
val,Y1,3.4129722,2.978443
val,Y1,2.7464583,3.4614408
val,Y1,2.4036806,3.310513
val,Y1,2.1443195,2.3228807
val,Y1,1.8995972,2.076046
val,Y1,1.6124306,2.0310457
val,Y1,1.383875,2.4001522
val,Y1,1.3812778,2.6960213
val,Y1,1.5410694,2.9526172
val,Y1,1.7668889,2.6316772
val,Y1,1.9334167,3.906173
val,Y1,1.9510139,7.8329997
val,Y1,1.854125,10.828973
val,Y1,1.6579722,17.563238
val,Y1,1.4030555,16.118864
val,Y1,1.1552222,9.998238
val,Y1,0.9692639,5.75034
val,Y1,0.82773614,4.9107385
val,Y1,0.66823614,5.873979
val,Y1,0.48170835,12.052233
val,Y1,0.31780556,11.419371
val,Y1,0.22226389,4.6043077
val,Y1,0.17743056,6.284817
val,Y1,0.16455555,6.599875
val,Y1,0.14258334,11.122156
val,Y1,0.09009722,13.216585
val,Y1,0.09144445,12.988226
val,Y1,0.12488889,9.595446
val,Y1,0.112833336,5.072071
val,Y1,0.06834722,5.262595
val,Y1,0.033444446,6.565873
val,Y1,0.053847224,6.158223
val,Y1,0.18452778,7.640346
val,Y1,0.3794028,10.704329
val,Y1,0.7252361,7.0863853
val,Y1,1.5228611,7.8368793
val,Y1,2.652,8.254794
val,Y1,3.7925,7.4622517
val,Y1,4.6092224,9.893902
val,Y1,4.815875,6.9414096
val,Y1,4.579167,5.3687825
val,Y1,4.084528,5.3328815
val,Y1,3.0785832,4.9431267
val,Y1,1.9010694,6.3566747
val,Y1,1.064861,5.3928604
val,Y1,0.4745139,3.9554214
val,Y1,0.15147223,2.5837648
val,Y1,0.045763887,2.1986368
val,Y1,0.029680556,2.3029199
val,Y1,0.03426389,2.3988504
val,Y1,0.12241667,2.4714527
val,Y1,0.46229166,2.8266048
val,Y1,1.005014,2.6149983
val,Y1,1.8157083,2.6457558
val,Y1,2.898764,2.4650302
val,Y1,3.825361,2.6809392
val,Y1,4.2579165,2.5513854
val,Y1,4.2684584,2.7564354
val,Y1,4.024903,2.609371
val,Y1,3.5425277,2.557591
val,Y1,3.0542917,4.3649564
val,Y1,2.3909721,6.308767
val,Y1,1.5666945,10.97433
val,Y1,0.83252776,12.01778
val,Y1,0.26934722,8.614058
val,Y1,0.062416665,8.541352
val,Y1,0.025138889,9.078506
val,Y1,0.0165,9.173018
val,Y1,0.027027778,7.886843
val,Y1,0.029166667,8.548248
val,Y1,0.031597223,5.125837
val,Y1,0.027902778,5.033316
val,Y1,0.015125,7.5253596
val,Y1,0.016375,6.8917837
val,Y1,0.01825,10.143147
val,Y1,0.020680556,7.7583733
val,Y1,0.022472221,8.743708
val,Y1,0.022277778,11.087873
val,Y1,0.019472223,9.61754
val,Y1,0.019277778,13.800791
val,Y1,0.02,14.401138
val,Y1,0.017833333,9.007929
val,Y1,0.04822222,6.5729685
val,Y1,0.32258335,6.740439
val,Y1,1.1243056,9.442764
val,Y1,2.2275555,7.2224164
val,Y1,3.1209862,7.7613025
val,Y1,4.085292,7.560134
val,Y1,4.7805557,3.8565779
val,Y1,5.0184584,4.6951385
val,Y1,5.0344443,7.444863
val,Y1,4.7767363,7.9298334
val,Y1,4.30475,5.3925414
val,Y1,3.4813888,4.4308853
val,Y1,2.5087361,6.417507
val,Y1,1.4741806,5.5701566
val,Y1,0.6822639,6.7101235
val,Y1,0.323125,6.866718
val,Y1,0.25893056,8.835717
val,Y1,0.45469445,7.8248343
val,Y1,1.0789584,6.272971
val,Y1,2.1722083,10.505849
val,Y1,3.3327222,7.5237627
val,Y1,4.297,5.517233
val,Y1,5.1312776,7.705448
val,Y1,5.7576528,8.332272
val,Y1,6.110708,8.6591015
val,Y1,6.39275,8.509302
val,Y1,6.7356944,8.863104
val,Y1,6.938597,10.067603
val,Y1,6.9790554,11.400896
val,Y1,7.0875416,8.756634
val,Y1,6.808486,5.561525
val,Y1,5.799097,4.7419086
val,Y1,4.462111,6.8405457
val,Y1,3.090111,7.3040175
val,Y1,1.8565,7.312923
val,Y1,0.93875,5.0421157
val,Y1,0.3333889,4.566236
val,Y1,0.06675,2.8642464
val,Y1,0.03286111,2.2077231
val,Y1,0.03811111,2.272588
val,Y1,0.03636111,2.4339817
val,Y1,0.025319444,2.9153066
val,Y1,0.029472223,3.3170922
val,Y1,0.02576389,3.3430858
val,Y1,0.024430556,2.9359317
val,Y1,0.022263888,2.7512224
val,Y1,0.019444445,2.751945
val,Y1,0.02725,2.9502902
val,Y1,0.030736111,3.0656614
val,Y1,0.024944445,3.0696945
val,Y1,0.022652777,3.0371785
val,Y1,0.020513888,3.0758305
val,Y1,0.021222223,3.106549
val,Y1,0.019694444,2.821334
val,Y1,0.019055555,2.8699217
val,Y1,0.019916667,3.0102596
val,Y1,0.017791666,3.51872
val,Y1,0.052930556,3.15175
val,Y1,0.6020278,3.1851616
val,Y1,1.8913472,4.0892887
val,Y1,3.2699027,4.4143324
val,Y1,4.5096807,4.957809
val,Y1,5.342347,5.733171
val,Y1,5.715653,7.0570965
val,Y1,6.1309724,7.870686
val,Y1,6.4310417,9.6268635
val,Y1,6.1889305,11.434662
val,Y1,5.248,12.429967
val,Y1,3.9620833,10.92977
val,Y1,2.7592223,8.847622
val,Y1,1.7597222,10.033451
val,Y1,0.91154164,11.492408
val,Y1,0.27481943,10.265448
val,Y1,0.033625,9.983479
val,Y1,0.028097222,8.888227
val,Y1,0.034986112,19.297976
val,Y1,0.030277777,13.3471985
val,Y1,0.03158333,9.973161
val,Y1,0.043583333,9.6771145
val,Y1,0.049111113,8.427618
val,Y1,0.04238889,8.036611
val,Y1,0.032680556,8.615416
val,Y1,0.03075,9.650362
val,Y1,0.029888889,7.3885794
val,Y1,0.032541666,4.9426966
val,Y1,0.030888889,7.229496
val,Y1,0.025888888,8.108599
val,Y1,0.025777778,4.724132
val,Y1,0.031027777,6.520625
val,Y1,0.028652778,8.604773
val,Y1,0.02576389,8.4232025
val,Y1,0.031444445,7.6509027
val,Y1,0.032375,7.4938827
val,Y1,0.025944445,6.027468
val,Y1,0.026972223,5.6613803
val,Y1,0.029152777,9.040613
val,Y1,0.030694444,7.725001
val,Y1,0.028944444,6.7025113
val,Y1,0.025888888,5.887324
val,Y1,0.03784722,7.6283517
val,Y1,0.038444445,7.3540516
val,Y1,0.024305556,6.8771567
val,Y1,0.022513889,5.983778
val,Y1,0.16751389,8.848097
val,Y1,1.2986667,9.290802
val,Y1,3.2073195,10.09296
val,Y1,4.856736,11.040203
val,Y1,6.137486,12.148584
val,Y1,7.0616665,10.91644
val,Y1,7.5787363,5.6562815
val,Y1,7.897861,7.2973666
val,Y1,8.487875,5.948379
val,Y1,9.438444,4.6339564
val,Y1,10.49293,6.7349076
val,Y1,11.203195,9.030939
val,Y1,11.801125,6.923758
val,Y1,12.680986,6.481424
val,Y1,12.98175,7.532203
val,Y1,12.603069,8.252293
val,Y1,12.293125,9.468882
val,Y1,12.110625,6.2739105
val,Y1,12.095834,7.9154973
val,Y1,12.240181,6.882298
val,Y1,12.413736,7.533714
val,Y1,12.568264,10.854993
val,Y1,12.545208,10.953151
val,Y1,12.432208,11.479088
val,Y1,12.436402,8.779388
val,Y1,12.5431385,7.2925034
val,Y1,12.757639,5.520654
val,Y1,13.067639,7.5337863
val,Y1,13.294791,8.793524
val,Y1,13.348778,6.020227
val,Y1,13.362958,6.8275332
val,Y1,13.439236,6.8274493
val,Y1,13.611167,5.8782296
val,Y1,13.869722,9.814028
val,Y1,14.167625,8.401369
val,Y1,14.372097,5.6351924
val,Y1,14.379889,7.039387
val,Y1,14.255222,5.697284
val,Y1,14.090389,10.7399645
val,Y1,13.911847,13.652689
val,Y1,13.703195,13.613871
val,Y1,13.467097,8.579658
val,Y1,13.248264,7.8840384
val,Y1,13.032028,7.193472
val,Y1,12.788931,4.4522805
val,Y1,12.582681,5.516431
val,Y1,12.432597,6.162653
val,Y1,12.278097,11.345507
val,Y1,12.106209,10.135323
val,Y1,11.938347,6.8276
val,Y1,11.785486,7.2778296
val,Y1,11.650778,6.011292
val,Y1,11.559028,5.927931
val,Y1,11.564986,7.707202
val,Y1,11.655292,5.9348855
val,Y1,11.844055,6.9095845
val,Y1,11.974361,10.136356
val,Y1,11.804694,8.967487
val,Y1,11.466681,6.9816766
val,Y1,11.127236,6.4063926
val,Y1,10.7428055,7.484081
val,Y1,10.372209,9.0797
val,Y1,9.901694,8.688227
val,Y1,9.205722,9.3942795
val,Y1,8.426861,12.934408
val,Y1,7.8103194,11.436441
val,Y1,7.4270835,9.468731
val,Y1,7.119236,10.802068
val,Y1,6.873264,5.5535474
val,Y1,6.701375,7.098396
val,Y1,6.5811806,7.203316
val,Y1,6.4774723,6.1923537
val,Y1,6.3001943,6.832348
val,Y1,6.0127363,6.3148828
val,Y1,5.632347,6.8783436
val,Y1,5.1944723,7.6614013
val,Y1,4.8055415,11.693279
val,Y1,4.359319,10.94581
val,Y1,3.836,8.490412
val,Y1,3.3341527,9.823647
val,Y1,2.780639,7.0777526
val,Y1,2.2051806,10.943786
val,Y1,1.6672223,11.270801
val,Y1,1.0773473,9.445248
val,Y1,0.5314861,7.9783998
val,Y1,0.18808334,8.720859
val,Y1,0.22229166,10.766056
val,Y1,0.8146389,8.494926
val,Y1,1.8855417,5.7389045
val,Y1,2.9524305,5.392591
val,Y1,3.78925,7.9474664
val,Y1,4.6214166,7.707039
val,Y1,5.400069,7.936937
val,Y1,6.079639,8.376637
val,Y1,6.7278333,7.403895
val,Y1,7.372611,6.281016
val,Y1,7.8132224,6.739714
val,Y1,8.131778,7.4588714
val,Y1,8.320778,7.673247
val,Y1,9.116944,12.96645
val,Y1,10.052917,9.602445
val,Y1,10.363931,8.78363
val,Y1,10.779236,8.832089
val,Y1,11.233903,7.5012383
val,Y1,11.625055,5.790191
val,Y1,11.955444,6.9891615
val,Y1,12.411028,7.085721
val,Y1,12.862473,6.661475
val,Y1,13.026292,8.084858
val,Y1,12.967055,6.4689045
val,Y1,12.787639,7.972917
val,Y1,12.609583,8.787913
val,Y1,12.644139,9.600574
val,Y1,13.013403,8.577656
val,Y1,13.368764,6.142266
val,Y1,13.347042,8.529413
val,Y1,13.241542,11.235321
val,Y1,13.22525,12.560006
val,Y1,13.22175,9.203062
val,Y1,13.342944,8.687195
val,Y1,13.5309305,10.102007
val,Y1,13.419639,7.0602098
val,Y1,12.735695,4.4336786
val,Y1,11.796458,5.1668525
val,Y1,11.068722,6.5381136
val,Y1,10.766097,7.6762557
val,Y1,10.873902,10.021378
val,Y1,11.163681,16.112688
val,Y1,11.305708,6.579011
val,Y1,11.250139,6.724358
val,Y1,11.252486,7.3034596
val,Y1,11.415264,6.219003
val,Y1,11.634236,8.514027
val,Y1,11.755445,5.980899
val,Y1,11.748472,8.499907
val,Y1,11.646791,7.4596553
val,Y1,11.503375,6.4482493
val,Y1,11.390403,5.837786
val,Y1,11.247444,8.224943
val,Y1,10.866514,9.784174
val,Y1,10.137167,5.2545714
val,Y1,9.386167,5.1819835
val,Y1,8.703097,10.662332
val,Y1,7.6638055,7.0636067
val,Y1,6.078,4.4915347
val,Y1,4.2617083,5.7309947
val,Y1,2.6107361,6.38602
val,Y1,1.1735139,5.8838153
val,Y1,0.26620832,8.789045
val,Y1,0.034319445,11.834833
val,Y1,0.037861113,10.454344
val,Y1,0.044069443,7.7855773
val,Y1,0.05666667,7.2231035
val,Y1,0.06861111,7.121465
val,Y1,0.05475,7.827938
val,Y1,0.030986112,5.8630295
val,Y1,0.024097223,5.5743775
val,Y1,0.02738889,9.849822
val,Y1,0.027930556,9.317275
val,Y1,0.031680554,5.2220073
val,Y1,0.035819445,5.223227
val,Y1,0.03259722,6.422852
val,Y1,0.035875,4.94259
val,Y1,0.041666668,4.668583
val,Y1,0.03445833,6.244508
val,Y1,0.024944445,6.6449027
val,Y1,0.023611112,7.802658
val,Y1,0.030083334,11.033608
val,Y1,0.026305556,9.100104
val,Y1,0.019180555,6.1042237
val,Y1,0.018902779,8.796984
val,Y1,0.018930556,6.4747224
val,Y1,0.021986112,6.9862466
val,Y1,0.018125,7.964236
val,Y1,0.015375,7.125792
val,Y1,0.019763889,11.3659725
val,Y1,0.023458334,10.202538
val,Y1,0.03711111,7.2042336
val,Y1,0.5696389,10.847662
val,Y1,1.6920834,10.710245
val,Y1,2.8692918,10.8644905
val,Y1,3.9260416,10.098358
val,Y1,4.9853334,5.533392
val,Y1,6.155958,9.781084
val,Y1,7.140875,10.869713
val,Y1,7.909111,7.967828
val,Y1,8.628417,6.6417527
val,Y1,9.312667,4.2966347
val,Y1,9.965959,6.2086635
val,Y1,10.5534725,10.661276
val,Y1,11.008014,5.1918225
val,Y1,11.215347,6.896715
val,Y1,11.252264,7.9201994
val,Y1,11.239403,11.159526
val,Y1,11.314792,5.950987
val,Y1,11.492778,6.198779
val,Y1,11.670681,8.842251
val,Y1,11.850041,6.456811
val,Y1,12.0367365,6.659453
val,Y1,12.3041525,9.519303
val,Y1,12.6184025,8.046181
val,Y1,12.902695,6.5472293
val,Y1,13.198958,6.236945
val,Y1,13.475223,6.348276
val,Y1,13.606806,6.140957
val,Y1,13.565014,6.077004
val,Y1,13.720722,5.7920985
val,Y1,13.84368,4.6885943
val,Y1,13.642375,5.3506775
val,Y1,13.457639,6.2296166
val,Y1,13.280541,6.3057227
val,Y1,13.137347,5.657907
val,Y1,13.101055,5.190905
val,Y1,13.1617775,8.014659
val,Y1,13.298972,5.9125266
val,Y1,13.462417,5.6751637
val,Y1,13.609361,7.023297
val,Y1,13.672305,6.66311
val,Y1,13.615444,5.8245573
val,Y1,13.504278,4.896112
val,Y1,13.378528,3.89106
val,Y1,13.144,3.0646229
val,Y1,12.757847,4.172334
val,Y1,12.562361,3.9969249
val,Y1,12.6455555,4.7814794
val,Y1,12.757055,6.431189
val,Y1,12.764931,7.877748
val,Y1,12.593764,8.748396
val,Y1,12.353611,7.078833
val,Y1,12.131166,6.1406503
val,Y1,11.91282,5.2046714
val,Y1,11.703611,5.974551
val,Y1,11.580903,6.499474
val,Y1,11.666098,6.7595587
val,Y1,12.00332,11.096081
val,Y1,12.449472,8.774229
val,Y1,12.892764,7.709099
val,Y1,13.258764,11.137386
val,Y1,13.342139,7.807733
val,Y1,13.090931,7.068908
val,Y1,12.659722,6.946312
val,Y1,12.417681,5.3126698
val,Y1,12.420527,5.7484746
val,Y1,12.491264,5.5359263
val,Y1,12.602445,4.8598986
val,Y1,12.7086115,5.496117
val,Y1,12.784555,6.113103
val,Y1,12.883695,6.682576
val,Y1,13.027889,6.2616878
val,Y1,12.962389,7.108255
val,Y1,12.616292,5.7513156
val,Y1,12.303861,8.658831
val,Y1,12.1987915,9.243604
val,Y1,12.280027,7.19489
val,Y1,12.6750555,4.0490265
val,Y1,13.248944,4.138789
val,Y1,13.626028,4.97271
val,Y1,13.849083,4.4562645
val,Y1,14.006722,5.237644
val,Y1,14.100028,4.7177005
val,Y1,14.20307,5.950687
val,Y1,14.250208,8.35622
val,Y1,14.247569,8.884184
val,Y1,14.125667,7.487678
val,Y1,13.685917,7.318111
val,Y1,12.843125,11.365091
val,Y1,11.821389,14.92914
val,Y1,11.008111,6.820172
val,Y1,10.459014,4.884538
val,Y1,9.944403,5.092884
val,Y1,9.365167,5.860804
val,Y1,8.706333,8.781804
val,Y1,8.075472,8.237402
val,Y1,7.6665277,5.634847
val,Y1,7.3553195,8.624347
val,Y1,7.114736,5.575501
val,Y1,7.2050276,4.756513
val,Y1,7.6310415,5.3248396
val,Y1,7.8661804,4.246843
val,Y1,7.5404305,6.719121
val,Y1,6.7666807,9.590794
val,Y1,5.8487916,8.210318
val,Y1,5.531736,7.8431954
val,Y1,6.1335416,8.435177
val,Y1,7.1531944,8.900429
val,Y1,8.037666,10.39565
val,Y1,8.3385,14.788231
val,Y1,8.042889,11.385996
val,Y1,7.443236,8.456213
val,Y1,7.073,12.476526
val,Y1,7.2997084,10.890572
val,Y1,7.737347,8.566412
val,Y1,7.969097,9.324949
val,Y1,8.098431,5.229806
val,Y1,8.384181,8.795321
val,Y1,8.843111,10.152285
val,Y1,9.281125,6.8734307
val,Y1,9.330584,7.5485044
val,Y1,8.782431,5.947507
val,Y1,8.122375,5.9202585
val,Y1,7.755306,6.1958127
val,Y1,7.7984166,10.016674
val,Y1,8.300264,8.706028
val,Y1,8.9563055,4.276034
val,Y1,9.537611,9.115877
val,Y1,9.98125,8.465689
val,Y1,10.410861,7.6026225
val,Y1,10.90407,9.570238
val,Y1,11.408417,6.474775
val,Y1,11.868806,6.8149676
val,Y1,12.067333,8.089121
val,Y1,11.945583,7.885402
val,Y1,11.916847,12.143387
val,Y1,11.957848,11.777434
val,Y1,11.868237,7.799291
val,Y1,11.932902,4.9494805
val,Y1,12.138667,5.931128
val,Y1,12.275778,7.1042943
val,Y1,12.2537775,7.250729
val,Y1,12.157598,5.426743
val,Y1,12.185291,4.4696226
val,Y1,12.309042,3.9140882
val,Y1,12.484,4.451805
val,Y1,12.793195,4.9232726
val,Y1,13.11525,4.2777953
val,Y1,13.178458,4.6412616
val,Y1,13.011791,5.675283
val,Y1,12.872931,3.740223
val,Y1,12.809486,2.5223598
val,Y1,12.784972,2.1225731
val,Y1,12.751667,2.1293826
val,Y1,12.580444,2.171024
val,Y1,12.335208,2.3595371
val,Y1,12.138166,2.4741583
val,Y1,12.013778,3.0045414
val,Y1,11.933958,2.9086406
val,Y1,11.880972,3.2122133
val,Y1,11.7884865,7.600985
val,Y1,11.526639,9.95212
val,Y1,10.998777,9.781137
val,Y1,9.837277,10.2603
val,Y1,8.323459,9.233877
val,Y1,6.842625,8.149542
val,Y1,5.5920973,10.549608
val,Y1,5.112486,9.077721
val,Y1,5.4615417,6.5456095
val,Y1,6.34775,8.995024
val,Y1,7.3200417,7.7034698
val,Y1,8.175138,4.5499454
val,Y1,8.835305,5.5555253
val,Y1,9.074417,7.918424
val,Y1,9.219542,9.082075
val,Y1,9.537084,6.757935
val,Y1,9.744653,4.631047
val,Y1,9.702791,4.192524
val,Y1,9.549848,6.027558
val,Y1,9.226528,4.2307124
val,Y1,8.121764,5.428967
val,Y1,6.2005835,5.416941
val,Y1,4.200861,2.9435673
val,Y1,3.193375,3.2423327
val,Y1,3.4598196,5.528791
val,Y1,4.2849584,4.9333043
val,Y1,5.3470974,2.3616865
val,Y1,6.2960696,2.274903
val,Y1,6.880528,2.3343349
val,Y1,7.231292,2.3544466
val,Y1,7.5233474,2.2331448
val,Y1,7.8535695,2.566663
val,Y1,8.12425,2.6739466
val,Y1,8.4985,2.3026056
val,Y1,9.040556,2.3247454
val,Y1,9.412403,2.7876072
val,Y1,9.534014,3.23408
val,Y1,9.561569,2.8968854
val,Y1,9.706291,2.6252916
val,Y1,10.055139,2.9893398
val,Y1,10.436111,2.9425287
val,Y1,10.781153,2.2778006
val,Y1,11.084444,2.2183576
val,Y1,11.312708,2.8015866
val,Y1,11.362514,3.3256276
val,Y1,11.298098,2.7741566
val,Y1,11.286292,3.311739
val,Y1,11.32475,3.9370027
val,Y1,11.410597,3.4708745
val,Y1,11.499945,2.6997147
val,Y1,11.452681,2.26329
val,Y1,11.249778,2.3662925
val,Y1,11.034695,2.4302511
val,Y1,10.923625,2.371572
val,Y1,10.989333,3.079853
val,Y1,11.163792,3.3297014
val,Y1,11.338486,2.5462675
val,Y1,11.403306,2.876536
val,Y1,11.441472,3.625154
val,Y1,11.451902,5.925588
val,Y1,11.391986,7.1848936
val,Y1,11.428653,5.025686
val,Y1,11.548445,2.6344779
val,Y1,11.697972,2.3977845
val,Y1,11.790014,3.2215748
val,Y1,11.686916,5.5119653
val,Y1,11.386598,5.84402
val,Y1,11.017125,5.6722655
val,Y1,10.65057,6.0438504
val,Y1,10.262208,7.2034082
val,Y1,9.343153,6.803347
val,Y1,7.907625,6.411489
val,Y1,7.0531945,9.99188
val,Y1,7.097236,9.31328
val,Y1,7.4956527,11.492012
val,Y1,7.932625,15.125548
val,Y1,8.225486,10.108122
val,Y1,8.304833,5.0055666
val,Y1,8.443277,5.4127336
val,Y1,8.632819,6.3555503
val,Y1,8.4724865,11.001001
val,Y1,8.061764,8.746006
val,Y1,7.7206945,6.99696
val,Y1,7.5399446,12.483943
val,Y1,7.8669724,8.546864
val,Y1,8.61925,8.379563
val,Y1,9.370542,9.804527
val,Y1,9.955305,5.868652
val,Y1,10.326889,6.792979
val,Y1,10.559111,6.8304086
val,Y1,10.603764,5.686836
val,Y1,10.519139,7.059496
val,Y1,10.507986,6.7604117
val,Y1,10.621764,6.265075
val,Y1,10.811139,5.48311
val,Y1,11.042209,5.38846
val,Y1,11.300445,10.516837
val,Y1,11.584598,7.3611746
val,Y1,11.847777,8.007834
val,Y1,12.028292,12.570032
val,Y1,12.185361,9.02033
val,Y1,12.43225,6.1855674
val,Y1,12.560708,10.694867
val,Y1,12.532778,12.418006
val,Y1,12.533764,8.868141
val,Y1,12.513736,5.576266
val,Y1,12.490486,5.567142
val,Y1,12.538417,3.8930595
val,Y1,12.649959,4.634522
val,Y1,12.741125,3.881442
val,Y1,12.68407,3.9617
val,Y1,12.5054865,4.503904
val,Y1,12.17693,7.0145087
val,Y1,11.511389,8.404825
val,Y1,10.921903,6.50567
val,Y1,10.753472,6.3400946
val,Y1,10.843611,9.831325
val,Y1,11.084541,5.1876907
val,Y1,11.240778,4.835852
val,Y1,11.145291,5.4673505
val,Y1,10.735125,7.025313
val,Y1,9.761389,6.320253
val,Y1,8.64943,7.6178536
val,Y1,7.8524446,6.0638986
val,Y1,7.18225,5.5077186
val,Y1,6.718639,7.6165237
val,Y1,6.3775835,8.910194
val,Y1,5.9646387,7.078522
val,Y1,5.5468473,6.0525002
val,Y1,5.4295,7.0277586
val,Y1,5.8251944,8.103524
val,Y1,6.5990973,6.862997
val,Y1,7.518653,5.3408837
val,Y1,8.366861,5.9868884
val,Y1,8.978666,7.6595554
val,Y1,9.319389,6.643696
val,Y1,9.554722,8.2387295
val,Y1,9.800487,7.1808953
val,Y1,9.957264,3.9083068
val,Y1,9.945111,3.8368526
val,Y1,9.592681,4.6365695
val,Y1,8.612041,5.399115
val,Y1,7.1164584,8.631417
val,Y1,5.337861,10.462608
val,Y1,3.4239306,7.975026
val,Y1,1.7383333,6.9524803
val,Y1,0.67486113,5.499656
val,Y1,0.25879166,6.406608
val,Y1,0.26069444,6.9792986
val,Y1,0.66154164,6.9564757
val,Y1,1.5620139,7.6080346
val,Y1,2.601014,13.728821
val,Y1,3.4989305,4.964636
val,Y1,4.502347,8.023227
val,Y1,5.5442915,5.872243
val,Y1,6.2116804,10.422085
val,Y1,6.902292,9.7457905
val,Y1,7.728083,6.605102
val,Y1,8.489056,7.5615306
val,Y1,9.278708,7.6809325
val,Y1,9.954486,6.97867
val,Y1,10.574959,5.8607163
val,Y1,11.158167,5.586758
val,Y1,11.698319,4.779608
val,Y1,12.191875,5.5621285
val,Y1,12.593361,6.156676
val,Y1,12.743847,6.6451364
val,Y1,12.616959,6.235432
val,Y1,12.344639,7.922728
val,Y1,11.861625,8.470131
val,Y1,10.470305,5.6370363
val,Y1,8.220056,7.0512714
val,Y1,5.845208,7.5243144
val,Y1,3.7887778,4.6041675
val,Y1,2.4291666,5.0888615
val,Y1,1.6012639,8.125469
val,Y1,0.94429165,8.553673
val,Y1,0.37283334,6.7886767
val,Y1,0.07045833,5.7714033
val,Y1,0.017555555,7.8918138
val,Y1,0.01573611,6.213404
val,Y1,0.01375,4.4861298
val,Y1,0.013944444,5.2396655
val,Y1,0.014819444,6.309405
val,Y1,0.013541667,6.5724835
val,Y1,0.01675,5.785606
val,Y1,0.020166667,6.204187
val,Y1,0.01726389,4.079749
val,Y1,0.013,2.938147
val,Y1,0.014916667,3.772614
val,Y1,0.016958334,5.228119
val,Y1,0.0154444445,5.671079
val,Y1,0.014652777,6.440131
val,Y1,0.019027777,6.87468
val,Y1,0.056361113,3.7034688
val,Y1,0.7811528,3.8706832
val,Y1,2.435875,3.9532006
val,Y1,4.0727363,3.9840128
val,Y1,5.419472,4.1368356
val,Y1,6.630236,3.0698798
val,Y1,7.6622915,2.6111097
val,Y1,8.6385,3.9986904
val,Y1,9.508792,3.8642488
val,Y1,10.121195,6.4685493
val,Y1,10.525291,8.177732
val,Y1,10.872806,5.000932
val,Y1,11.096958,4.1297355
val,Y1,11.191347,2.9768782
val,Y1,11.301639,2.3306794
val,Y1,11.443791,2.2572014
val,Y1,11.63825,2.2415462
val,Y1,11.803486,3.0736089
val,Y1,11.739944,4.0367403
val,Y1,11.610416,5.8200765
val,Y1,11.552472,8.05241
val,Y1,11.420111,10.394536
val,Y1,11.229389,9.88555
val,Y1,11.028055,7.7713656
val,Y1,10.82643,4.2830024
val,Y1,10.611514,3.2082803
val,Y1,10.470959,2.6041565
val,Y1,10.466,2.436296
val,Y1,10.461139,2.5325727
val,Y1,10.337042,2.549143
val,Y1,9.8903055,2.5115013
val,Y1,9.114,2.5383744
val,Y1,8.048653,2.6030583
val,Y1,6.7633195,2.876993
val,Y1,5.5289583,2.8402886
val,Y1,4.432903,2.5459518
val,Y1,3.2502222,2.4364762
val,Y1,1.9075834,2.5957217
val,Y1,0.754875,2.7231307
val,Y1,0.15055555,2.8809566
val,Y1,0.020041667,2.9397001
val,Y1,0.016819444,7.782953
val,Y1,0.017458333,7.8832583
val,Y1,0.019347223,2.7708545
val,Y1,0.018583333,3.2288165
val,Y1,0.015375,5.574034
val,Y1,0.016194444,4.2745957
val,Y1,0.026805555,2.6275733
val,Y1,0.033013888,2.6094801
val,Y1,0.046861112,2.8433096
val,Y1,0.3937639,2.7004766
val,Y1,1.4839722,2.9449182
val,Y1,2.9900138,3.0363832
val,Y1,4.3885555,3.9883244
val,Y1,5.6371527,5.8526845
val,Y1,6.7300415,5.0276423
val,Y1,7.566861,6.416857
val,Y1,8.231569,6.4684253
val,Y1,8.842611,9.944616
val,Y1,9.4665,7.5283017
val,Y1,10.1045,5.1173463
val,Y1,10.685389,5.752092
val,Y1,11.027945,6.248744
val,Y1,10.962431,8.281215
val,Y1,10.677972,5.161296
val,Y1,10.439153,5.09407
val,Y1,10.343139,5.8481054
val,Y1,10.438389,6.60153
val,Y1,10.70175,7.2808833
val,Y1,11.10475,6.990716
val,Y1,11.505847,6.1597075
val,Y1,11.719903,6.2726374
val,Y1,11.929958,10.26829
val,Y1,12.172806,14.899778
val,Y1,12.516528,11.759863
val,Y1,12.79893,6.373755
val,Y1,12.795597,4.521259
val,Y1,12.784542,5.946955
val,Y1,12.939445,5.7369094
val,Y1,13.196,4.5099916
val,Y1,13.401944,4.210265
val,Y1,13.56725,6.2329397
val,Y1,13.7236805,6.0012593
val,Y1,13.835527,5.6217494
val,Y1,13.8915415,4.5557175
val,Y1,13.875931,6.285933
val,Y1,13.7693615,7.9554367
val,Y1,13.606167,5.8847227
val,Y1,13.517709,8.73659
val,Y1,13.335819,10.46225
val,Y1,13.111083,9.167547
val,Y1,12.962806,7.5636973
val,Y1,12.726556,6.2143884
val,Y1,12.487972,7.0901155
val,Y1,12.234583,6.684053
val,Y1,11.876375,5.8176494
val,Y1,10.928778,7.8143663
val,Y1,10.00868,6.1025605
val,Y1,9.849347,7.233992
val,Y1,10.092195,4.547873
val,Y1,10.594806,6.0379195
val,Y1,11.012875,5.4598236
val,Y1,10.985861,6.6002526
val,Y1,10.542486,5.5116267
val,Y1,10.019444,4.168509
val,Y1,9.293417,6.027164
val,Y1,8.196555,6.6353927
val,Y1,6.831903,6.3293424
val,Y1,5.1320972,6.6034656
val,Y1,3.3185418,6.254707
val,Y1,1.7746667,7.262366
val,Y1,0.7766111,6.119217
val,Y1,0.38183334,6.3163447
val,Y1,0.20993055,6.461882
val,Y1,0.06344444,5.778607
val,Y1,0.018152777,6.633763
val,Y1,0.021694444,6.9340754
val,Y1,0.018375,6.2090793
val,Y1,0.012944444,5.1935673
val,Y1,0.013736111,8.632517
val,Y1,0.012277778,10.716196
val,Y1,0.012111112,7.5937605
val,Y1,0.014652777,6.9582973
val,Y1,0.014291666,5.111462
val,Y1,0.0150138885,6.6024575
val,Y1,0.016541667,7.903885
val,Y1,0.015722223,7.2323146
val,Y1,0.012,6.128716
val,Y1,0.0101666665,6.2819333
val,Y1,0.013388889,6.4075418
val,Y1,0.018986112,6.5890775
val,Y1,0.017305555,6.968842
val,Y1,0.12938888,5.288114
val,Y1,0.5969028,6.8270617
val,Y1,1.368375,6.3524246
val,Y1,2.289764,6.9937615
val,Y1,3.139139,9.617442
val,Y1,3.8893056,10.837117
val,Y1,4.714611,7.414952
val,Y1,5.5045276,6.946105
val,Y1,6.193486,11.831922
val,Y1,6.767361,11.739274
val,Y1,7.2444444,7.677059
val,Y1,7.6994863,7.5826707
val,Y1,8.103153,8.429302
val,Y1,8.442361,5.307344
val,Y1,8.823514,3.9947784
val,Y1,9.288111,4.2912707
val,Y1,9.766945,3.5653942
val,Y1,10.1733885,5.7715163
val,Y1,10.592639,8.417461
val,Y1,11.068694,7.0263276
val,Y1,11.509514,5.354999
val,Y1,11.823402,4.362903
val,Y1,12.018153,3.4461083
val,Y1,12.262875,4.8238215
val,Y1,12.490125,7.5083394
val,Y1,12.5795555,6.588727
val,Y1,12.579097,3.9322743
val,Y1,12.47925,5.2607093
val,Y1,12.347445,8.265546
val,Y1,12.325681,7.3236117
val,Y1,12.428041,5.9283185
val,Y1,12.640708,4.9865108
val,Y1,12.9305,4.731512
val,Y1,13.252973,3.1103048
val,Y1,13.607056,4.624462
val,Y1,13.859278,8.077725
val,Y1,13.972834,6.693914
val,Y1,14.103042,4.0266314
val,Y1,14.214597,6.434211
val,Y1,14.168347,4.9822507
val,Y1,13.9858055,3.950081
val,Y1,13.795597,4.035956
val,Y1,13.6545,6.252232
val,Y1,13.477361,9.372669
val,Y1,13.287666,10.703964
val,Y1,13.192472,7.5864186
val,Y1,13.156722,4.9136415
val,Y1,13.070014,7.440629
val,Y1,12.899611,8.755613
val,Y1,12.711403,7.3949695
val,Y1,12.573014,4.962449
val,Y1,12.559569,5.160649
val,Y1,12.653236,6.7775745
val,Y1,12.781959,5.1378117
val,Y1,12.894931,5.192089
val,Y1,12.895736,5.7665143
val,Y1,12.810611,5.0086694
val,Y1,12.839486,4.3778853
val,Y1,12.970792,7.905703
val,Y1,13.084291,9.878061
val,Y1,13.180792,8.822134
val,Y1,13.272236,6.9371705
val,Y1,13.238305,9.31526
val,Y1,13.138208,10.012471
val,Y1,13.1397915,5.5906396
val,Y1,13.162236,6.521776
val,Y1,13.184736,6.3568926
val,Y1,13.255931,6.1217084
val,Y1,13.404041,6.220734
val,Y1,13.579014,4.3222613
val,Y1,13.641403,5.6445413
val,Y1,13.56268,6.590296
val,Y1,13.373375,3.4225943
val,Y1,13.082833,2.0865831
val,Y1,12.748861,2.243297
val,Y1,12.5257225,2.3281202
val,Y1,12.5709305,3.47394
val,Y1,12.718764,5.8324976
val,Y1,12.7885,6.99651
val,Y1,12.787778,8.573278
val,Y1,12.767208,7.177752
val,Y1,12.782486,6.4538474
val,Y1,12.858209,6.692394
val,Y1,13.025306,5.9067454
val,Y1,13.215083,4.8519754
val,Y1,13.305986,7.1218586
val,Y1,13.3575,6.611282
val,Y1,13.460195,4.7670527
val,Y1,13.624,3.5295458
val,Y1,13.814709,4.0508385
val,Y1,13.947264,5.1444936
val,Y1,13.916959,4.748402
val,Y1,13.775945,5.0781317
val,Y1,13.638194,8.587807
val,Y1,13.493944,7.8843417
val,Y1,13.342958,6.450432
val,Y1,13.156403,6.032191
val,Y1,12.899125,7.8072953
val,Y1,12.610097,8.638903
val,Y1,12.441153,11.193992
val,Y1,12.433639,11.043081
val,Y1,12.531902,9.441408
val,Y1,12.618527,7.72873
val,Y1,12.587014,8.671976
val,Y1,12.509597,9.141377
val,Y1,12.411014,5.986897
val,Y1,12.272805,6.17194
val,Y1,12.1704445,3.963512
val,Y1,12.193347,4.7535377
val,Y1,12.321611,6.174989
val,Y1,12.426653,4.5845394
val,Y1,12.55425,5.459882
val,Y1,12.78518,7.7693114
val,Y1,13.050028,8.619883
val,Y1,13.301945,6.7918143
val,Y1,13.42875,4.599197
val,Y1,13.406986,5.5007873
val,Y1,13.300445,6.6028194
val,Y1,13.137959,7.0736513
val,Y1,13.004708,6.958065
val,Y1,13.000652,6.4551244
val,Y1,13.042431,10.853714
val,Y1,12.9586525,8.641259
val,Y1,12.756917,6.546411
val,Y1,12.520708,6.307423
val,Y1,12.252459,4.6943994
val,Y1,12.063139,5.6673274
val,Y1,12.130195,5.136599
val,Y1,12.38007,6.289885
val,Y1,12.632916,7.031734
val,Y1,12.772347,8.48134
val,Y1,12.89725,12.661491
val,Y1,13.174306,6.7933784
val,Y1,13.527097,5.6063185
val,Y1,13.880013,4.5314317
val,Y1,14.266292,5.7999988
val,Y1,14.583292,8.2590275
val,Y1,14.662653,6.233527
val,Y1,14.559652,6.173537
val,Y1,14.412972,7.092037
val,Y1,14.286028,5.434556
val,Y1,14.176875,4.282616
val,Y1,13.978625,5.492595
val,Y1,13.7270975,9.243776
val,Y1,13.499541,9.76158
val,Y1,13.43593,4.881301
val,Y1,13.495347,3.8554525
val,Y1,13.383472,4.614305
val,Y1,13.223847,5.6377997
val,Y1,13.192708,9.842228
val,Y1,13.193361,11.06131
val,Y1,13.176069,9.307808
val,Y1,13.174791,7.2077765
val,Y1,13.18068,7.1262774
val,Y1,13.227612,5.1209273
val,Y1,13.325472,5.1224475
val,Y1,13.364833,5.422298
val,Y1,13.257861,7.394
val,Y1,13.082236,6.4027667
val,Y1,12.962139,6.370142
val,Y1,13.029111,6.1805434
val,Y1,13.221916,5.4602327
val,Y1,13.204695,5.650353
val,Y1,12.924945,4.4701877
val,Y1,12.661111,5.7613897
val,Y1,12.554361,11.69672
val,Y1,12.550667,8.325677
val,Y1,12.568347,5.3799357
val,Y1,12.427584,4.5897565
val,Y1,12.207361,7.0794425
val,Y1,12.139222,8.716135
val,Y1,12.203153,5.5364323
val,Y1,12.342472,4.7999597
val,Y1,12.442069,4.2113743
val,Y1,12.407028,5.861037
val,Y1,12.371778,5.7825046
val,Y1,12.44425,7.469468
val,Y1,12.502319,10.491667
val,Y1,12.5002775,11.32767
val,Y1,12.6321945,7.9073386
val,Y1,12.838889,5.1858945
val,Y1,12.840667,5.178471
val,Y1,12.666862,5.314626
val,Y1,12.452556,8.038893
val,Y1,12.255139,8.381744
val,Y1,12.148889,7.489323
val,Y1,12.169625,5.3197813
val,Y1,12.408195,7.5860286
val,Y1,12.823527,9.108487
val,Y1,13.234917,10.425997
val,Y1,13.465403,5.05555
val,Y1,13.452917,6.191882
val,Y1,13.321806,9.01987
val,Y1,13.17207,9.707566
val,Y1,13.020722,6.3162637
val,Y1,12.91675,6.4828277
val,Y1,12.902431,8.441994
val,Y1,12.914444,5.9559875
val,Y1,12.938528,5.819601
val,Y1,12.949445,6.1606445
val,Y1,12.926569,5.0718365
val,Y1,12.971625,4.053041
val,Y1,13.081458,4.4887915
val,Y1,13.139847,5.189122
val,Y1,13.114737,5.2828965
val,Y1,13.061973,6.176863
val,Y1,13.009681,4.5619173
val,Y1,12.939917,5.391455
val,Y1,12.851791,7.4438815
val,Y1,12.750722,10.18803
val,Y1,12.692528,9.65671
val,Y1,12.713292,7.435585
val,Y1,12.688194,5.857143
val,Y1,12.595098,4.6536107
val,Y1,12.610278,5.0789647
val,Y1,12.742306,5.2251477
val,Y1,12.889847,3.4845827
val,Y1,13.057292,4.097548
val,Y1,13.219528,6.905066
val,Y1,13.255652,6.9828935
val,Y1,13.106556,4.97284
val,Y1,12.859458,4.330909
val,Y1,12.647986,5.6931357
val,Y1,12.540597,5.5759454
val,Y1,12.472555,4.1734476
val,Y1,12.39932,7.592542
val,Y1,12.35968,7.778319
val,Y1,12.39407,9.50053
val,Y1,12.507139,6.539901
val,Y1,12.662027,5.741387
val,Y1,12.813209,7.3398128
val,Y1,12.989361,9.153448
val,Y1,13.284972,5.2263594
val,Y1,13.603222,4.0078382
val,Y1,13.7265,4.548555
val,Y1,13.719042,5.2454658
val,Y1,13.750292,5.1585345
val,Y1,13.808306,5.7579513
val,Y1,13.827486,5.413687
val,Y1,13.800528,4.8877034
val,Y1,13.764667,5.2536016
val,Y1,13.736542,4.4927435
val,Y1,13.732639,2.4999561
val,Y1,13.769527,2.5276575
val,Y1,13.847111,3.0295253
val,Y1,14.001236,4.6699862
val,Y1,14.174097,6.140942
val,Y1,14.176473,7.7325096
val,Y1,13.967264,8.843903
val,Y1,13.688347,11.331223
val,Y1,13.487194,11.603874
val,Y1,13.380639,8.36678
val,Y1,13.283792,8.030156
val,Y1,13.212875,7.7347383
val,Y1,13.150833,4.7170143
val,Y1,12.991597,6.31928
val,Y1,12.625112,5.1001287
val,Y1,11.967,5.461415
val,Y1,10.969084,7.075196
val,Y1,9.709347,6.3132515
val,Y1,8.245236,6.486462
val,Y1,6.594028,10.437329
val,Y1,5.211736,12.472717
val,Y1,4.589792,9.005884
val,Y1,4.483847,5.514524
val,Y1,4.584722,5.5716662
val,Y1,4.701625,4.0269384
val,Y1,4.520236,3.7409368
val,Y1,4.138819,6.6523676
val,Y1,4.1416807,7.9796166
val,Y1,4.917097,4.819661
val,Y1,5.944875,2.9691987
val,Y1,6.7268057,5.3745146
val,Y1,7.2470694,4.4956546
val,Y1,7.5066805,3.5045063
val,Y1,7.9370418,4.3043513
val,Y1,8.70868,7.5428934
val,Y1,9.449486,8.441647
val,Y1,9.916778,9.2235985
val,Y1,10.184542,5.645421
val,Y1,10.472903,6.4053
val,Y1,10.717334,11.963423
val,Y1,10.950486,11.279057
val,Y1,11.279125,9.693754
val,Y1,11.770139,7.691426
val,Y1,12.388166,5.692448
val,Y1,12.865055,4.8055396
val,Y1,13.132486,5.126453
val,Y1,13.234153,6.54588
val,Y1,13.174125,6.259863
val,Y1,13.061097,6.377874
val,Y1,13.0182085,6.859064
val,Y1,13.23725,6.6869235
val,Y1,13.524458,5.3225527
val,Y1,13.786986,5.077752
val,Y1,14.066681,4.859097
val,Y1,14.2271805,3.9040658
val,Y1,14.23175,4.504251
val,Y1,13.941153,6.6700234
val,Y1,13.669306,5.7871604
val,Y1,13.825014,4.987334
val,Y1,14.061431,7.6251283
val,Y1,14.17532,11.994899
val,Y1,14.332903,7.3555818
val,Y1,14.432597,9.4306755
val,Y1,14.493208,8.015285
val,Y1,14.392792,7.0412817
val,Y1,14.264736,8.802591
val,Y1,14.347111,6.48311
val,Y1,14.460444,5.8203273
val,Y1,14.515486,4.485649
val,Y1,14.438903,3.8656685
val,Y1,14.240791,4.974383
val,Y1,13.808847,8.052483
val,Y1,12.97068,9.059393
val,Y1,11.856112,6.382222
val,Y1,10.419306,7.047809
val,Y1,8.773056,6.5689054
val,Y1,7.679,4.4799056
val,Y1,7.2834167,3.6106973
val,Y1,7.236014,5.3140244
val,Y1,7.67025,4.9925942
val,Y1,8.505959,4.346601
val,Y1,9.621902,4.6713157
val,Y1,10.947778,4.50652
val,Y1,12.221889,4.962648
val,Y1,13.131194,3.7790442
val,Y1,13.616236,3.2295794
val,Y1,13.991389,4.1469336
val,Y1,14.389973,4.587604
val,Y1,14.757527,6.8254333
val,Y1,15.04625,7.235995
val,Y1,15.174361,4.4998116
val,Y1,15.242416,5.9597135
val,Y1,15.4545555,6.1291795
val,Y1,15.757903,5.5581203
val,Y1,16.008362,10.633888
val,Y1,16.229792,10.8547535
val,Y1,16.452042,9.444883
val,Y1,16.42725,9.812039
val,Y1,16.063639,8.492096
val,Y1,15.635777,7.707059
val,Y1,15.391194,11.698519
val,Y1,15.34568,7.4929976
val,Y1,15.376264,9.505438
val,Y1,15.391903,9.960745
val,Y1,15.348,6.601257
val,Y1,15.305292,5.044464
val,Y1,15.271944,5.782196
val,Y1,15.198806,5.9319324
val,Y1,14.967014,4.496312
val,Y1,14.476639,4.608532
val,Y1,13.896194,4.8301997
val,Y1,13.321362,3.229043
val,Y1,12.846556,4.781822
val,Y1,12.5280695,8.092677
val,Y1,12.338667,45.83277
val,Y1,12.402264,100.74481
val,Y1,12.679014,66.86925
val,Y1,12.832514,49.780487
val,Y1,12.872666,38.496445
val,Y1,13.018222,24.30496
val,Y1,13.239972,21.64377
val,Y1,13.484528,64.94846
val,Y1,13.692625,65.541046
val,Y1,13.707681,34.479332
val,Y1,13.286612,28.452192
val,Y1,11.817028,12.618113
val,Y1,9.381042,8.722336
val,Y1,6.9244304,8.846741
val,Y1,4.836528,8.460858
val,Y1,3.108875,10.997419
val,Y1,1.8253194,12.086726
val,Y1,1.0052639,13.343218
val,Y1,0.524125,12.691522
val,Y1,0.29569444,8.2104645
val,Y1,0.12988889,8.4984
val,Y1,0.021736111,7.1381564
val,Y1,0.016138889,4.0324216
val,Y1,0.014944444,4.334679
val,Y1,0.32309723,6.5452733
val,Y1,1.5149167,6.5885067
val,Y1,3.0666666,5.3853374
val,Y1,4.372764,5.034531
val,Y1,5.5924306,5.4670057
val,Y1,6.580236,7.8193603
val,Y1,7.2439585,10.900404
val,Y1,8.019681,14.1190815
val,Y1,8.942041,6.29721
val,Y1,9.672958,5.731463
val,Y1,10.361459,9.33872
val,Y1,11.010361,8.825836
val,Y1,11.389944,4.5465894
val,Y1,11.534125,5.3349786
val,Y1,11.51975,8.039068
val,Y1,11.279764,8.894072
val,Y1,10.811486,11.811587
val,Y1,10.042084,4.4186788
val,Y1,9.083555,3.5230494
val,Y1,8.047347,7.489348
val,Y1,6.8575974,6.6132073
val,Y1,5.577597,6.0213246
val,Y1,4.44875,6.7294946
val,Y1,3.5278473,7.1059275
val,Y1,2.7990417,6.338536
val,Y1,2.1505,3.765514
val,Y1,1.4211806,3.384285
val,Y1,0.6860694,5.511913
val,Y1,0.17688888,6.4024644
val,Y1,0.023513889,6.2462983
val,Y1,0.017111111,7.1798635
val,Y1,0.01686111,4.976938
val,Y1,0.015388889,5.062716
val,Y1,0.013430555,6.050902
val,Y1,0.017819444,5.431672
val,Y1,0.021708334,4.7671285
val,Y1,0.018847222,4.8351026
val,Y1,0.016972221,5.336761
val,Y1,0.020097222,6.3652787
val,Y1,0.020152777,6.538277
val,Y1,0.020277778,5.0455604
val,Y1,0.018055556,5.918994
val,Y1,0.018972222,7.0433764
val,Y1,0.025777778,6.2268243
val,Y1,0.023055555,3.2845998
val,Y1,0.01961111,4.39686
val,Y1,0.022805555,6.514498
val,Y1,0.02125,5.2217135
val,Y1,0.017847221,5.7245674
val,Y1,0.018777778,7.18983
val,Y1,0.021486111,4.2475715
val,Y1,0.02913889,5.965547
val,Y1,0.025930556,5.039861
val,Y1,0.019291667,4.8527684
val,Y1,0.018277777,4.689413
val,Y1,0.019375,4.6650066
val,Y1,0.022722222,4.9821906
val,Y1,0.10213889,5.4443307
val,Y1,0.49391666,6.0957932
val,Y1,1.3821111,5.43462
val,Y1,2.829111,4.7741694
val,Y1,4.3591113,5.421039
val,Y1,4.5657916,5.5171437
val,Y1,3.6575418,5.6766486
val,Y1,2.9983194,5.9106283
val,Y1,2.9489305,5.5648804
val,Y1,3.4590971,5.8110147
val,Y1,4.2269444,5.709248
val,Y1,5.070361,5.4322762
val,Y1,5.86475,5.7461057
val,Y1,6.157403,5.638164
val,Y1,7.066986,5.343598
val,Y1,8.466389,5.1365333
val,Y1,9.258153,5.6139627
val,Y1,9.937166,5.0656767
val,Y1,10.517153,5.618445
val,Y1,10.972167,5.6847224
val,Y1,11.228139,4.927051
val,Y1,11.377347,5.345592
val,Y1,11.586875,5.6375027
val,Y1,11.682847,5.56163
val,Y1,11.446375,5.8486304
val,Y1,10.865069,6.251734
val,Y1,10.361597,10.4128
val,Y1,10.408931,11.506426
val,Y1,10.914722,8.321652
val,Y1,11.71125,8.686194
val,Y1,12.462722,5.6164594
val,Y1,13.034403,5.56632
val,Y1,13.541361,7.3023696
val,Y1,14.104486,10.993273
val,Y1,14.550222,8.63689
val,Y1,14.727236,6.8335404
val,Y1,14.823986,10.481902
val,Y1,14.802709,9.644757
val,Y1,14.663458,10.9519005
val,Y1,14.526459,11.219201
val,Y1,14.339222,10.875174
val,Y1,14.089486,13.83872
val,Y1,13.888208,15.207928
val,Y1,13.7259865,13.696145
val,Y1,13.580861,9.287895
val,Y1,13.514569,6.059215
val,Y1,13.658903,6.2165723
val,Y1,13.946347,6.1902504
val,Y1,14.182236,9.420486
val,Y1,14.203639,10.500596
val,Y1,13.785152,11.028957
val,Y1,12.632597,12.4004345
val,Y1,11.680292,10.854543
val,Y1,11.220764,9.2066345
val,Y1,10.332264,7.0224986
val,Y1,9.559305,8.227977
val,Y1,9.384264,11.337991
val,Y1,9.540944,9.617931
val,Y1,9.870639,6.103961
val,Y1,10.153431,10.4362545
val,Y1,10.413625,13.779049
val,Y1,10.669875,12.4842825
val,Y1,10.857792,10.440241
val,Y1,10.94175,9.998482
val,Y1,10.930847,9.137127
val,Y1,10.9893055,8.672507
val,Y1,11.11125,7.6168904
val,Y1,11.268347,7.53254
val,Y1,11.399889,8.63984
val,Y1,11.47568,6.257895
val,Y1,11.572514,3.9099696
val,Y1,11.66457,2.6053028
val,Y1,11.576375,2.555573
val,Y1,11.199125,2.4133039
val,Y1,10.747653,2.459942
val,Y1,10.488097,2.8097887
val,Y1,10.408292,2.9020224
val,Y1,10.449041,3.9065878
val,Y1,10.617639,3.5342321
val,Y1,10.857555,2.985879
val,Y1,11.0547085,2.9979494
val,Y1,11.068708,2.9673715
val,Y1,10.991417,2.8751016
val,Y1,11.045847,2.5729232
val,Y1,11.322403,2.6718316
val,Y1,11.88543,3.0788002
val,Y1,12.994889,2.8567462
val,Y1,14.458138,2.521679
val,Y1,14.187889,2.5274103
val,Y1,13.27275,2.6752656
val,Y1,13.436264,3.0337358
val,Y1,13.579333,2.9553232
val,Y1,13.5945,2.844458
val,Y1,13.587028,2.5446742
val,Y1,13.695903,2.4624562
val,Y1,13.924139,2.7059798
val,Y1,14.190431,2.8359566
val,Y1,14.417973,2.8216348
val,Y1,14.541166,2.8700628
val,Y1,14.570181,2.8730936
val,Y1,14.613334,2.765738
val,Y1,14.52593,2.798058
val,Y1,14.320403,2.958107
val,Y1,13.989445,2.6217694
val,Y1,13.701639,4.5432324
val,Y1,13.555195,7.9285326
val,Y1,13.294556,8.203407
val,Y1,13.112875,4.2670836
val,Y1,13.148069,6.0895305
val,Y1,13.310597,9.256009
val,Y1,13.447556,7.024188
val,Y1,13.527987,4.5782213
val,Y1,13.658195,6.230265
val,Y1,13.713708,5.177305
val,Y1,13.498208,4.7515264
val,Y1,13.042986,6.661699
val,Y1,12.4320135,7.484225
val,Y1,11.798445,7.4358687
val,Y1,11.244945,5.6335683
val,Y1,10.67868,7.1834173
val,Y1,9.934153,8.542658
val,Y1,8.78825,7.0452166
val,Y1,7.6200275,7.7752213
val,Y1,6.974486,8.539064
val,Y1,6.7037363,7.1212106
val,Y1,6.6305,7.001128
val,Y1,6.777264,7.350813
val,Y1,7.02275,13.595991
val,Y1,6.888139,16.832443
val,Y1,6.1486807,11.840147
val,Y1,5.1691804,12.542205
val,Y1,4.047986,12.14851
val,Y1,2.8373055,9.324452
val,Y1,2.0291111,8.158522
val,Y1,1.8969028,6.601295
val,Y1,2.38075,6.333057
val,Y1,2.9458334,6.8422656
val,Y1,3.215861,7.72702
val,Y1,3.2313473,6.938089
val,Y1,2.976625,5.88302
val,Y1,2.5691946,5.943627
val,Y1,2.1675556,5.3685913
val,Y1,1.7170972,5.3921337
val,Y1,0.95531946,5.6086674
val,Y1,0.25195834,5.614187
val,Y1,0.07086111,5.676184
val,Y1,0.32304168,5.7768483
val,Y1,0.8061111,6.3972564
val,Y1,1.1095694,6.078072
val,Y1,0.9800139,5.455626
val,Y1,0.5633472,5.0596905
val,Y1,0.18025,5.30026
val,Y1,0.037902776,5.42412
val,Y1,0.022291666,8.919434
val,Y1,0.06330556,9.673914
val,Y1,0.30930555,6.6038485
val,Y1,0.93929166,6.6295843
val,Y1,1.825125,10.8784275
val,Y1,2.6368334,10.583319
val,Y1,3.0004027,8.598126
val,Y1,2.8928611,9.391279
val,Y1,2.4461527,14.169149
val,Y1,1.5610417,14.718134
val,Y1,0.5701111,11.016344
val,Y1,0.07541667,10.227211
val,Y1,0.025805555,12.214955
val,Y1,0.03940278,10.921506
val,Y1,0.033569444,14.880154
val,Y1,0.019916667,18.611536
val,Y1,0.023194445,15.9024315
val,Y1,0.041138887,13.833818
val,Y1,0.0495,16.25659
val,Y1,0.05834722,16.398935
val,Y1,0.054305557,12.12862
val,Y1,0.036708333,11.54538
val,Y1,0.038944446,16.649872
val,Y1,0.04559722,15.91501
val,Y1,0.036944445,10.180679
val,Y1,0.029958334,11.658732
val,Y1,0.031319443,12.939683
val,Y1,0.03372222,11.793301
val,Y1,0.04876389,11.707098
val,Y1,0.04559722,12.492533
val,Y1,0.05013889,14.460525
val,Y1,0.05848611,16.19606
val,Y1,0.073194444,16.55153
val,Y1,0.058208335,16.482628
val,Y1,0.037305556,15.534034
val,Y1,0.041722223,16.592161
val,Y1,0.026472222,18.757288
val,Y1,0.024388889,19.693651
val,Y1,0.3258472,18.89921
val,Y1,1.2585417,18.415236
val,Y1,2.4185693,14.083691
val,Y1,3.429278,13.989848
val,Y1,4.47475,15.06405
val,Y1,5.5121527,9.6359005
val,Y1,6.28,12.594366
val,Y1,6.7575974,13.020685
val,Y1,7.008986,14.084246
val,Y1,7.0951805,13.2615185
val,Y1,7.0194583,10.626368
val,Y1,6.7813196,10.54754
val,Y1,6.54125,8.439145
val,Y1,6.710361,8.274274
val,Y1,7.403792,11.469295
val,Y1,8.396402,14.202075
val,Y1,9.260583,15.559922
val,Y1,9.901014,8.179857
val,Y1,10.543542,6.268486
val,Y1,10.920125,9.101757
val,Y1,11.028944,13.057394
val,Y1,11.124208,15.396557
val,Y1,11.264903,12.343716
val,Y1,11.455139,12.103884
val,Y1,11.655723,13.6758585
val,Y1,11.7734585,16.644499
val,Y1,11.8376665,13.251449
val,Y1,11.946944,7.1058025
val,Y1,12.145917,5.0733085
val,Y1,12.499473,4.16657
val,Y1,12.932333,4.816994
val,Y1,13.252347,4.515664
val,Y1,13.441819,7.3893743
val,Y1,13.758223,5.237257
val,Y1,14.115069,4.308974
val,Y1,14.325861,6.381169
val,Y1,14.496111,8.33737
val,Y1,14.57975,6.604032
val,Y1,14.652153,6.054362
val,Y1,14.691806,7.125005
val,Y1,14.668486,6.930962
val,Y1,14.765125,9.29739
val,Y1,14.852583,9.168202
val,Y1,14.7270975,11.85077
val,Y1,14.555195,12.837711
val,Y1,14.509194,8.561766
val,Y1,14.591556,9.557189
val,Y1,14.69793,10.54573
val,Y1,14.630819,8.442657
val,Y1,14.361917,8.823713
val,Y1,13.742431,7.9391637
val,Y1,12.967709,9.990237
val,Y1,12.157945,10.495552
val,Y1,11.047028,8.350776
val,Y1,9.584792,7.142999
val,Y1,8.563,4.9935627
val,Y1,8.480695,5.551871
val,Y1,8.989805,11.108001
val,Y1,9.813,16.680086
val,Y1,10.589403,14.529718
val,Y1,11.170237,9.164471
val,Y1,11.415916,12.303911
val,Y1,11.440153,15.2578125
val,Y1,11.438209,12.054907
val,Y1,11.469597,7.698426
val,Y1,11.530209,6.93958
val,Y1,11.445556,6.8407626
val,Y1,11.104694,6.213096
val,Y1,10.845889,8.766329
val,Y1,10.970375,10.5330925
val,Y1,11.368278,7.2917256
val,Y1,11.762777,6.417763
val,Y1,12.025583,10.496934
val,Y1,12.213347,11.358431
val,Y1,12.2875,9.397806
val,Y1,12.209084,9.280472
val,Y1,12.039945,12.988583
val,Y1,12.029,18.131836
val,Y1,12.229389,15.919916
val,Y1,12.501139,12.63166
val,Y1,12.672986,14.805424
val,Y1,12.590264,11.901463
val,Y1,12.406709,11.183807
val,Y1,12.301458,13.57734
val,Y1,12.266389,16.63708
val,Y1,12.223348,15.462299
val,Y1,12.182959,15.198193
val,Y1,12.161195,12.534557
val,Y1,12.145097,10.727614
val,Y1,12.073944,9.762461
val,Y1,11.954333,12.217859
val,Y1,11.850889,10.006046
val,Y1,11.467264,10.555427
val,Y1,10.636598,14.788712
val,Y1,9.894847,16.70653
val,Y1,9.725041,15.860246
val,Y1,10.106444,14.870342
val,Y1,10.714458,18.136248
val,Y1,11.28075,15.523249
val,Y1,11.690333,13.968976
val,Y1,11.821236,16.390778
val,Y1,11.986903,14.450293
val,Y1,12.279667,14.862215
val,Y1,12.355278,16.742495
val,Y1,12.285444,17.290922
val,Y1,12.248222,19.735525
val,Y1,12.021305,17.777945
val,Y1,11.092028,16.378347
val,Y1,9.541917,15.917135
val,Y1,8.0731945,14.355242
val,Y1,7.110653,13.088348
val,Y1,6.5145,13.317667
val,Y1,6.028792,9.0501795
val,Y1,6.021639,11.187965
val,Y1,6.7922916,12.888802
val,Y1,7.8776946,9.5715275
val,Y1,8.67893,9.798843
val,Y1,9.121986,8.827551
val,Y1,9.440805,8.291573
val,Y1,9.764277,13.407118
val,Y1,10.082027,11.253173
val,Y1,10.3445,11.786055
val,Y1,10.572348,13.404914
val,Y1,10.702306,11.576129
val,Y1,10.686944,15.178341
val,Y1,10.587653,17.644112
val,Y1,10.534194,16.85464
val,Y1,10.554639,13.543665
val,Y1,10.564944,12.201912
val,Y1,10.435945,11.714094
val,Y1,9.893389,14.960669
val,Y1,8.929847,15.74751
val,Y1,7.819264,10.490547
val,Y1,6.8775973,8.803691
val,Y1,6.394403,7.283261
val,Y1,6.3183055,6.8638577
val,Y1,6.6319447,8.542429
val,Y1,7.371153,8.442211
val,Y1,8.197403,7.152207
val,Y1,8.910736,8.644982
val,Y1,9.525861,10.003729
val,Y1,9.954958,11.416193
val,Y1,10.229459,15.262905
val,Y1,10.449778,14.017626
val,Y1,10.6796665,8.558422
val,Y1,10.953986,9.7288
val,Y1,11.017403,10.166349
val,Y1,10.150333,10.227957
val,Y1,8.359959,12.448469
val,Y1,6.3051667,11.567193
val,Y1,4.2572083,10.594012
val,Y1,2.530125,10.170547
val,Y1,1.4676389,13.821416
val,Y1,1.0780417,17.71469
val,Y1,1.4804862,12.369746
val,Y1,2.6315,10.062634
val,Y1,3.9021945,11.478798
val,Y1,5.027389,12.437584
val,Y1,6.0475974,10.635294
val,Y1,6.950611,8.445158
val,Y1,7.801486,11.131521
val,Y1,8.596403,16.335155
val,Y1,9.225403,15.962364
val,Y1,9.621125,11.255867
val,Y1,9.510847,12.644621
val,Y1,8.999598,17.494297
val,Y1,8.011806,19.666948
val,Y1,6.2517085,16.458704
val,Y1,4.6256943,14.820367
val,Y1,4.0854583,13.381681
val,Y1,4.673111,12.019981
val,Y1,5.736236,13.572975
val,Y1,6.8205276,12.7932625
val,Y1,7.7439446,13.371622
val,Y1,8.218028,15.388599
val,Y1,8.178056,12.186157
val,Y1,7.9718056,8.7174835
val,Y1,8.148597,13.551613
val,Y1,8.711083,15.415138
val,Y1,9.333347,13.877995
val,Y1,9.958722,14.4528675
val,Y1,10.632,15.04258
val,Y1,11.333777,14.109539
val,Y1,12.026417,16.062412
val,Y1,12.515959,14.565538
val,Y1,12.652056,16.70819
val,Y1,12.574653,18.064781
val,Y1,12.553236,16.33657
val,Y1,12.477167,19.39963
val,Y1,12.137611,14.272408
val,Y1,11.687361,11.463444
val,Y1,10.911889,15.232475
val,Y1,9.802889,13.802797
val,Y1,8.568639,12.590041
val,Y1,7.0930557,12.308571
val,Y1,6.1124444,13.292004
val,Y1,5.935694,14.267439
val,Y1,6.3685,15.207445
val,Y1,7.340778,14.590246
val,Y1,8.47918,15.450024
val,Y1,9.561861,20.553497
val,Y1,10.493264,16.247713
val,Y1,11.352972,9.549133
val,Y1,11.98475,11.304045
val,Y1,12.216945,12.306674
val,Y1,12.166805,11.590178
val,Y1,12.008722,11.464813
val,Y1,11.720236,9.745739
val,Y1,11.2051115,9.577805
val,Y1,10.943653,8.868216
val,Y1,11.437542,7.2485633
val,Y1,12.143681,7.387183
val,Y1,12.588792,6.94364
val,Y1,12.831445,5.6994843
val,Y1,12.866292,5.485829
val,Y1,12.825903,5.6376696
val,Y1,12.7585,5.711031
val,Y1,12.640333,5.118482
val,Y1,12.533722,5.225617
val,Y1,12.495889,5.5959916
val,Y1,12.521042,5.694918
val,Y1,12.549861,6.767031
val,Y1,12.604278,9.685646
val,Y1,12.664166,9.3488655
val,Y1,12.700319,7.6796002
val,Y1,12.709416,6.8422804
val,Y1,12.713708,5.6477036
val,Y1,12.741889,8.648579
val,Y1,12.796278,10.2108135
val,Y1,12.877402,8.841518
val,Y1,13.006306,7.2184453
val,Y1,13.08825,7.3827567
val,Y1,13.163097,6.5592694
val,Y1,13.357306,6.9388638
val,Y1,13.573097,7.839665
val,Y1,13.756264,7.8788195
val,Y1,13.872889,9.822703
val,Y1,13.931556,10.077417
val,Y1,13.881736,10.76081
val,Y1,13.669375,11.1242
val,Y1,13.418486,9.816818
val,Y1,13.249695,13.625288
val,Y1,13.168014,15.3127365
val,Y1,13.183153,16.451534
val,Y1,13.312486,13.399272
val,Y1,13.470292,12.63032
val,Y1,13.652139,14.400414
val,Y1,13.923875,11.826584
val,Y1,14.27775,13.091506
val,Y1,14.620625,11.38502
val,Y1,14.848028,14.7509365
val,Y1,14.870986,17.956244
val,Y1,14.79707,20.355402
val,Y1,14.731709,20.01814
val,Y1,14.653194,13.822816
val,Y1,14.586833,12.700095
val,Y1,14.510153,11.086811
val,Y1,14.386764,12.418069
val,Y1,14.244597,14.366671
val,Y1,14.1403475,13.381163
val,Y1,14.009931,11.070453
val,Y1,13.863681,12.57142
val,Y1,13.76425,11.507946
val,Y1,13.718041,11.232449
val,Y1,13.805528,11.864695
val,Y1,13.964583,12.4468975
val,Y1,14.074597,12.297212
val,Y1,14.069959,11.350321
val,Y1,14.010972,14.518461
val,Y1,14.016819,15.656385
val,Y1,14.069722,11.874599
val,Y1,14.094222,15.337204
val,Y1,13.960931,15.351515
val,Y1,13.694445,12.941841
val,Y1,13.275306,13.340667
val,Y1,12.510805,16.82958
val,Y1,11.421111,16.21844
val,Y1,10.030528,10.342293
val,Y1,8.482528,9.142728
val,Y1,6.902736,9.581403
val,Y1,5.4862223,11.808776
val,Y1,4.657778,14.686651
val,Y1,4.519583,12.934699
val,Y1,5.0946946,12.266018
val,Y1,6.041875,11.813555
val,Y1,6.863111,13.898934
val,Y1,7.458361,13.665246
val,Y1,8.142153,11.358631
val,Y1,8.932931,12.03573
val,Y1,9.735097,12.702926
val,Y1,10.526361,11.010092
val,Y1,11.219597,11.007919
val,Y1,11.748694,10.503705
val,Y1,11.994458,7.9249535
val,Y1,12.15025,8.432483
val,Y1,12.237166,10.634022
val,Y1,12.179625,8.420513
val,Y1,12.058361,5.7592673
val,Y1,12.006903,5.395977
val,Y1,12.105291,7.9271936
val,Y1,12.288042,11.653535
val,Y1,12.4070835,13.707354
val,Y1,12.4540415,11.515612
val,Y1,12.586361,10.077469
val,Y1,12.83325,13.17794
val,Y1,13.119458,12.682362
val,Y1,13.328584,11.027403
val,Y1,13.337819,12.64563
val,Y1,13.233764,10.712091
val,Y1,13.125986,9.716699
val,Y1,13.036792,11.74921
val,Y1,12.95668,12.617603
val,Y1,12.856722,11.782006
val,Y1,12.793361,12.33392
val,Y1,12.827403,12.076542
val,Y1,12.987833,9.336662
val,Y1,13.175014,7.849727
val,Y1,13.148139,11.449043
val,Y1,12.790542,11.954315
val,Y1,11.2491665,10.783983
val,Y1,8.137042,8.548654
val,Y1,4.7432775,9.078101
val,Y1,2.267236,13.023708
val,Y1,1.3426944,8.906862
val,Y1,1.9418612,8.378492
val,Y1,2.9953194,14.984156
val,Y1,4.1180553,13.991792
val,Y1,5.345958,8.986412
val,Y1,6.3238196,8.171867
val,Y1,7.251375,6.604591
val,Y1,8.216695,6.769632
val,Y1,9.087569,9.1088505
val,Y1,9.630417,12.831066
val,Y1,9.873959,12.9793
val,Y1,10.03782,11.641451
val,Y1,9.6078615,8.93029
val,Y1,8.677736,8.422553
val,Y1,8.207889,8.739149
val,Y1,8.276292,6.487885
val,Y1,8.506236,7.4990277
val,Y1,8.751223,7.832954
val,Y1,8.83225,6.7250867
val,Y1,8.753486,7.2479076
val,Y1,8.633805,8.780716
val,Y1,8.492431,9.761219
val,Y1,8.3825,8.08981
val,Y1,8.262278,7.7295904
val,Y1,7.8836665,10.927988
val,Y1,7.0093613,10.950392
val,Y1,5.6554585,10.586161
val,Y1,4.030542,8.566151
val,Y1,2.8188472,6.8947597
val,Y1,2.7126527,10.861387
val,Y1,3.482597,10.871287
val,Y1,4.476,7.693496
val,Y1,5.335583,8.208935
val,Y1,5.785681,11.436129
val,Y1,5.8242083,11.068573
val,Y1,5.8506947,11.163479
val,Y1,6.062778,9.402242
val,Y1,6.4275556,8.085242
val,Y1,6.8550696,9.659121
val,Y1,7.2798333,11.960601
val,Y1,7.6565557,11.934959
val,Y1,7.7977223,13.958077
val,Y1,7.692111,13.9580965
val,Y1,7.548486,10.912241
val,Y1,7.3945694,8.634151
val,Y1,7.1983333,8.421326
val,Y1,7.206972,9.3311
val,Y1,7.606347,11.678629
val,Y1,8.033042,9.8776455
val,Y1,8.293389,8.5561495
val,Y1,8.505013,9.70294
val,Y1,8.624291,7.588424
val,Y1,8.59975,13.561098
val,Y1,8.53275,13.10387
val,Y1,8.497736,10.928003
val,Y1,8.092556,12.077002
val,Y1,7.365264,10.628296
val,Y1,6.809889,12.683205
val,Y1,6.493014,11.357783
val,Y1,6.5018888,8.371199
val,Y1,6.886361,8.73165
val,Y1,7.2853193,10.476448
val,Y1,7.577306,13.1984825
val,Y1,7.978139,9.825455
val,Y1,8.414583,9.270182
val,Y1,8.852222,9.980514
val,Y1,9.22057,7.876105
val,Y1,9.334111,9.986483
val,Y1,9.035042,11.95268
val,Y1,8.495861,11.224545
val,Y1,8.188097,12.890774
val,Y1,8.203111,13.522586
val,Y1,8.379167,11.936459
val,Y1,8.588875,10.085354
val,Y1,8.777014,8.736808
val,Y1,8.979959,11.470666
val,Y1,9.077958,9.353455
val,Y1,8.959139,7.6875587
val,Y1,8.741403,8.557196
val,Y1,8.557236,8.483726
val,Y1,8.417583,10.414158
val,Y1,8.304556,10.337486
val,Y1,8.3115,12.002466
val,Y1,8.453111,9.888811
val,Y1,8.539416,10.027703
val,Y1,8.332306,10.13409
val,Y1,7.606458,11.400244
val,Y1,6.3209863,15.040472
val,Y1,5.1671667,13.677276
val,Y1,4.7849445,9.862189
val,Y1,5.357792,11.401476
val,Y1,6.50375,15.8951645
val,Y1,7.4983053,14.958427
val,Y1,8.345417,11.977481
val,Y1,9.129945,10.961109
val,Y1,9.658819,10.343441
val,Y1,9.892931,11.580416
val,Y1,9.926541,9.051758
val,Y1,9.946458,8.78044
val,Y1,10.083264,11.85749
val,Y1,10.313556,15.287848
val,Y1,10.562098,12.792652
val,Y1,10.628834,10.09645
val,Y1,10.332764,17.034985
val,Y1,9.664722,17.13074
val,Y1,8.487541,13.40291
val,Y1,6.8358054,13.803331
val,Y1,5.013597,11.718027
val,Y1,3.2919445,9.316788
val,Y1,1.8607917,6.385082
val,Y1,0.9257361,5.042884
val,Y1,1.5811944,9.242632
val,Y1,3.5356529,13.836267
val,Y1,5.3333473,10.251344
val,Y1,6.597486,11.356125
val,Y1,7.1567082,10.723907
val,Y1,7.399764,9.559007
val,Y1,7.8040137,14.4217615
val,Y1,8.292569,11.994492
val,Y1,8.6774025,6.276424
val,Y1,9.036139,6.417174
val,Y1,9.5864725,6.518696
val,Y1,10.263333,9.060867
val,Y1,10.932375,8.733254
val,Y1,11.50625,6.6275954
val,Y1,11.843083,6.591667
val,Y1,12.020264,6.192247
val,Y1,12.2,6.033397
val,Y1,12.518861,5.544219
val,Y1,12.888361,4.4549336
val,Y1,12.991694,3.7248497
val,Y1,12.86132,3.145247
val,Y1,12.750764,3.3544178
val,Y1,12.846889,3.8615127
val,Y1,13.220583,3.0090094
val,Y1,13.743333,5.0936866
val,Y1,14.095098,4.1168494
val,Y1,14.177208,7.2799964
val,Y1,14.179097,11.55763
val,Y1,14.178348,10.262781
val,Y1,14.241361,8.068447
val,Y1,14.341972,6.340466
val,Y1,14.4516945,5.455137
val,Y1,14.502236,10.178872
val,Y1,14.410097,13.36318
val,Y1,14.15757,10.674208
val,Y1,13.833028,12.351971
val,Y1,13.449403,13.907169
val,Y1,12.970153,9.674883
val,Y1,12.416695,6.0579877
val,Y1,11.698389,4.945835
val,Y1,10.847847,13.224535
val,Y1,9.788042,13.02874
val,Y1,8.4525,8.904795
val,Y1,7.059361,14.085785
val,Y1,5.732042,12.241055
val,Y1,4.549986,7.328872
val,Y1,3.672014,8.502558
val,Y1,2.987375,9.503405
val,Y1,2.4803889,9.69891
val,Y1,2.0979445,12.015043
val,Y1,1.6320555,14.237226
val,Y1,1.0074445,13.358259
val,Y1,0.40058333,7.7522
val,Y1,0.087458335,11.222295
val,Y1,0.017777778,11.675284
val,Y1,0.014652777,5.925839
val,Y1,0.014041667,9.083793
val,Y1,0.016597223,8.767439
val,Y1,0.014555556,8.423809
val,Y1,0.012930555,10.099224
val,Y1,0.013458333,11.421701
val,Y1,0.013916667,13.076608
val,Y1,0.017972222,11.380185
val,Y1,0.02913889,12.463003
val,Y1,0.028902778,18.488789
val,Y1,0.024875,17.25887
val,Y1,0.025444444,12.552268
val,Y1,0.023208333,11.101618
val,Y1,0.023027778,8.064152
val,Y1,0.02325,5.732902
val,Y1,0.030319445,6.0262246
val,Y1,0.03101389,5.7181206
val,Y1,0.020555556,4.7186513
val,Y1,0.014833333,3.9451675
val,Y1,0.013861111,3.8556545
val,Y1,0.013083333,3.4912064
val,Y1,0.017791666,2.4203422
val,Y1,0.017652778,2.5575085
val,Y1,0.014388889,3.9683166
val,Y1,0.015111111,4.2977295
val,Y1,0.015625,3.3610659
val,Y1,0.014527778,3.10774
val,Y1,0.013138889,3.3698945
val,Y1,0.015944444,3.0478637
val,Y1,0.015833333,3.2732186
val,Y1,0.014708334,5.1591067
val,Y1,0.014694445,5.826667
val,Y1,0.01626389,5.3971
val,Y1,0.021513889,4.1871758
val,Y1,0.017375,3.446545
val,Y1,0.012277778,3.5557647
val,Y1,0.012555555,3.5375736
val,Y1,0.013333334,7.1718946
val,Y1,0.014,10.388456
val,Y1,0.013611111,12.852604
val,Y1,0.011583333,17.050745
val,Y1,0.012569444,19.349627
val,Y1,0.015541667,17.924967
val,Y1,0.013541667,13.435286
val,Y1,0.012763889,12.943823
val,Y1,0.013513889,14.537449
val,Y1,0.011416666,11.194082
val,Y1,0.012847222,13.139351
val,Y1,0.014777778,16.001486
val,Y1,0.013263889,14.618643
val,Y1,0.010819444,12.628605
val,Y1,0.014152777,13.353719
val,Y1,0.03584722,13.9865465
val,Y1,0.45379168,10.092459
val,Y1,1.7478472,7.346482
val,Y1,3.2493472,8.42043
val,Y1,4.2894444,8.092551
val,Y1,4.9304304,9.935303
val,Y1,5.3754306,9.924899
val,Y1,5.9311943,9.8234415
val,Y1,6.7438474,12.278759
val,Y1,7.738458,13.407431
val,Y1,8.529805,15.860834
val,Y1,8.946959,14.691616
val,Y1,9.296805,11.394827
val,Y1,9.503986,11.227327
val,Y1,9.524819,10.351632
val,Y1,9.954653,10.419949
val,Y1,10.844764,11.428658
val,Y1,11.679292,12.814833
val,Y1,12.1380415,12.776662
val,Y1,12.290334,12.28956
val,Y1,12.348194,12.481138
val,Y1,12.470056,13.794153
val,Y1,12.738459,14.496223
val,Y1,13.104403,13.23601
val,Y1,13.309667,13.234735
val,Y1,13.024208,12.0822735
val,Y1,12.608681,14.422804
val,Y1,12.548223,14.417664
val,Y1,12.563069,16.166086
val,Y1,12.551222,13.164787
val,Y1,12.704889,13.773126
val,Y1,12.964167,13.282625
val,Y1,13.074139,11.052052
val,Y1,13.079333,15.066673
val,Y1,13.09675,14.355623
val,Y1,13.070347,12.802629
val,Y1,12.99,10.964479
val,Y1,12.51,10.282429
val,Y1,11.3359165,9.171103
val,Y1,9.681569,9.861874
val,Y1,8.020695,13.738125
val,Y1,6.5626388,12.812594
val,Y1,5.154736,10.540165
val,Y1,3.8559027,9.581831
val,Y1,2.806764,6.7146916
val,Y1,1.9401945,8.062955
val,Y1,1.25825,9.455342
val,Y1,0.7391667,9.208698
val,Y1,0.28220832,11.277971
val,Y1,0.03748611,11.352058
val,Y1,0.017569445,13.081188
val,Y1,0.017791666,13.09708
val,Y1,0.02376389,9.073713
val,Y1,0.027347222,10.570136
val,Y1,0.01813889,12.824796
val,Y1,0.013986111,9.517136
val,Y1,0.015388889,8.001037
val,Y1,0.014138889,9.021683
val,Y1,0.016291667,8.721661
val,Y1,0.018652778,7.0247645
val,Y1,0.018694444,4.053239
val,Y1,0.018944444,4.0617642
val,Y1,0.023902778,2.9618983
val,Y1,0.026888888,2.781292
val,Y1,0.019555556,2.8560133
val,Y1,0.019472223,2.9443183
val,Y1,0.01836111,2.7158701
val,Y1,0.013361111,2.7366827
val,Y1,0.015305555,2.790456
val,Y1,0.02,2.6938295
val,Y1,0.016777778,2.6537676
val,Y1,0.013819444,2.68778
val,Y1,0.014152777,2.663224
val,Y1,0.021152778,2.94565
val,Y1,0.029694444,3.0047352
val,Y1,0.030430555,3.0123906
val,Y1,0.026833333,2.9948401
val,Y1,0.023652777,2.973062
val,Y1,0.11134722,2.5378118
val,Y1,0.5525972,8.607533
val,Y1,1.2731806,11.204002
val,Y1,2.1009722,9.837208
val,Y1,2.8903055,8.219032
val,Y1,3.2896528,7.8477497
val,Y1,3.6653473,6.7906775
val,Y1,4.4222083,6.8562784
val,Y1,5.2317085,6.8693385
val,Y1,5.710528,6.9744816
val,Y1,5.797111,10.954459
val,Y1,5.8056808,11.742602
val,Y1,6.094236,9.183113
val,Y1,6.6154027,7.334886
val,Y1,7.1190414,11.612499
val,Y1,7.552236,13.256943
val,Y1,7.967347,8.636612
val,Y1,8.3683195,9.151216
val,Y1,8.757931,12.83511
val,Y1,9.141611,13.994765
val,Y1,9.5772915,12.890772
val,Y1,10.1322775,9.895033
val,Y1,10.752681,8.296393
val,Y1,11.210542,9.51914
val,Y1,11.342292,9.217463
val,Y1,11.241709,7.341495
val,Y1,10.94407,5.073686
val,Y1,10.446097,5.236012
val,Y1,9.8243475,5.7850184
val,Y1,9.016583,5.823446
val,Y1,7.987236,5.8942013
val,Y1,6.775472,6.670358
val,Y1,5.4339166,6.5864816
val,Y1,4.128792,7.7480736
val,Y1,3.1153333,7.063121
val,Y1,2.4153612,6.2832417
val,Y1,1.7512778,7.587969
val,Y1,1.1932639,8.649892
val,Y1,0.7968472,12.245054
val,Y1,0.37779167,10.393174
val,Y1,0.11055555,10.787584
val,Y1,0.13522223,13.657488
val,Y1,0.27466667,12.256725
val,Y1,0.3171111,11.749667
val,Y1,0.26580554,10.299033
val,Y1,0.19640277,8.154396
val,Y1,0.08786111,8.409525
val,Y1,0.028430555,6.525856
val,Y1,0.034833334,5.198496
val,Y1,0.099,4.9742794
val,Y1,0.597375,4.4712915
val,Y1,2.179,7.1495013
val,Y1,4.0376806,9.819585
val,Y1,5.3860693,9.294033
val,Y1,6.561847,6.9547386
val,Y1,7.527125,5.676378
val,Y1,8.352528,4.567454
val,Y1,9.1796665,4.8430114
val,Y1,10.011389,4.969539
val,Y1,10.692111,5.4056144
val,Y1,10.888695,11.113041
val,Y1,10.562764,14.5666065
val,Y1,10.395903,13.356227
val,Y1,10.820778,11.933857
val,Y1,11.682487,15.491655
val,Y1,12.577084,14.814642
val,Y1,13.082597,11.586519
val,Y1,13.208208,14.599697
val,Y1,13.211528,16.05689
val,Y1,13.238625,9.738607
val,Y1,13.341431,6.6691413
val,Y1,13.537791,9.865572
val,Y1,13.763917,10.545427
val,Y1,13.908,10.815992
val,Y1,13.946917,13.130989
val,Y1,13.945111,10.446653
val,Y1,13.940056,9.539296
val,Y1,13.908611,13.093363
val,Y1,13.851375,13.422541
val,Y1,13.695056,10.00344
val,Y1,13.3666115,11.203686
val,Y1,12.933875,12.003123
val,Y1,12.392889,13.247147
val,Y1,12.045305,11.649698
val,Y1,12.053139,9.739947
val,Y1,12.192945,11.427852
val,Y1,12.234514,9.969162
val,Y1,12.0555,8.308464
val,Y1,11.761639,13.84057
val,Y1,11.468236,13.995594
val,Y1,11.385625,11.540068
val,Y1,11.604792,13.341768
val,Y1,11.876792,12.165898
val,Y1,11.858903,9.044999
val,Y1,11.576819,10.939612
val,Y1,11.282306,10.963711
val,Y1,11.044556,7.227601
val,Y1,10.893403,8.209455
val,Y1,10.924236,8.891695
val,Y1,11.103583,9.786058
val,Y1,11.3584585,11.539986
val,Y1,11.680458,12.727744
val,Y1,11.868139,10.938188
val,Y1,11.97557,9.165472
val,Y1,12.186319,8.127835
val,Y1,12.264389,9.268152
val,Y1,12.22893,12.844885
val,Y1,12.377569,15.730426
val,Y1,12.698167,13.80747
val,Y1,12.934083,13.011052
val,Y1,12.8095,12.578245
val,Y1,12.2971525,10.082401
val,Y1,11.512764,10.888811
val,Y1,10.543764,10.848384
val,Y1,9.235306,12.704113
val,Y1,7.528278,10.870543
val,Y1,5.69425,7.7075987
val,Y1,3.8550694,10.143502
val,Y1,2.1597917,9.596499
val,Y1,0.89970833,6.924035
val,Y1,0.7534722,8.294182
val,Y1,1.9440138,9.901989
val,Y1,3.3753471,9.977327
val,Y1,4.726736,10.322256
val,Y1,6.144,10.372658
val,Y1,7.2336526,9.55674
val,Y1,8.058236,8.490801
val,Y1,8.773097,7.3859563
val,Y1,9.44275,8.631074
val,Y1,9.992486,6.818394
val,Y1,10.229555,8.23908
val,Y1,10.266,10.35925
val,Y1,10.251555,7.407367
val,Y1,10.173972,9.859292
val,Y1,10.069834,12.317551
val,Y1,10.045875,10.051775
val,Y1,10.291458,12.886164
val,Y1,10.637459,12.1772995
val,Y1,10.862792,8.99368
val,Y1,11.035542,9.180042
val,Y1,11.076292,11.943306
val,Y1,11.182264,12.51363
val,Y1,11.384069,10.295088
val,Y1,11.484667,8.379869
val,Y1,11.561125,7.2009025
val,Y1,11.693209,7.5599775
val,Y1,11.883236,9.703527
val,Y1,12.025945,9.461947
val,Y1,11.989847,8.589573
val,Y1,11.823931,9.746253
val,Y1,11.741445,9.202789
val,Y1,11.754236,9.424118
val,Y1,11.802625,11.742768
val,Y1,11.966153,12.985861
val,Y1,12.329805,11.027602
val,Y1,12.784917,11.159499
val,Y1,13.120778,11.766942
val,Y1,13.253722,12.852576
val,Y1,13.28375,10.926695
val,Y1,13.343778,7.7942414
val,Y1,13.478431,7.4571958
val,Y1,13.646791,7.146239
val,Y1,13.74275,8.711296
val,Y1,13.6449585,11.267446
val,Y1,13.364917,12.186037
val,Y1,12.932652,13.85932
val,Y1,12.397403,16.361513
val,Y1,11.8619585,13.537359
val,Y1,11.482458,9.362148
val,Y1,11.35725,13.546667
val,Y1,11.348514,12.874584
val,Y1,11.536458,11.596291
val,Y1,11.967625,13.53783
val,Y1,12.297459,13.907935
val,Y1,12.484375,11.947418
val,Y1,12.609861,14.0315485
val,Y1,12.579875,13.218822
val,Y1,12.1715555,10.213274
val,Y1,11.434028,11.190119
val,Y1,10.883028,12.298218
val,Y1,10.846084,13.44936
val,Y1,11.316153,16.299625
val,Y1,11.953222,12.568827
val,Y1,12.549597,10.970805
val,Y1,13.129569,13.163501
val,Y1,13.623403,12.05495
val,Y1,13.758125,12.881827
val,Y1,13.6177225,12.620619
val,Y1,13.447958,10.148698
val,Y1,12.680708,9.929693
val,Y1,11.432125,9.529419
val,Y1,10.854555,7.7367387
val,Y1,11.15825,8.281463
val,Y1,11.644792,11.809192
val,Y1,11.958487,9.89102
val,Y1,12.182764,9.0546875
val,Y1,12.247209,11.854084
val,Y1,12.195778,10.659718
val,Y1,12.092861,8.750208
val,Y1,11.851222,9.147541
val,Y1,11.531792,13.837522
val,Y1,11.042403,14.248524
val,Y1,10.027194,16.11748
val,Y1,8.528389,11.753226
val,Y1,7.2113333,12.22352
val,Y1,6.5474443,12.119533
val,Y1,6.723653,10.919802
val,Y1,7.5316806,14.41176
val,Y1,8.400486,14.519165
val,Y1,9.17018,13.3905
val,Y1,9.907181,14.057067
val,Y1,10.642639,14.592094
val,Y1,11.39032,17.700975
val,Y1,12.010667,16.012846
val,Y1,12.552237,12.960501
val,Y1,13.106819,14.595133
val,Y1,13.528014,15.528585
val,Y1,13.573653,16.596403
val,Y1,13.22875,19.976437
val,Y1,12.714334,17.357687
val,Y1,12.201889,15.386545
val,Y1,11.770889,15.640789
val,Y1,11.404792,12.693291
val,Y1,11.112583,11.032511
val,Y1,10.578792,14.364804
val,Y1,8.989472,13.876142
val,Y1,6.718514,10.316889
val,Y1,5.5645695,11.854914
val,Y1,6.2266808,12.410171
val,Y1,7.561903,11.412882
val,Y1,8.550709,9.898722
val,Y1,9.117556,14.190037
val,Y1,9.392417,15.956945
val,Y1,9.513917,12.611339
val,Y1,9.580277,9.171208
val,Y1,9.696042,10.710519
val,Y1,9.906959,12.756578
val,Y1,10.155958,14.163994
val,Y1,10.396444,12.876932
val,Y1,10.485778,12.912955
val,Y1,10.245681,14.789087
val,Y1,9.817041,12.954435
val,Y1,9.46825,13.298077
val,Y1,9.194639,10.995991
val,Y1,8.930833,15.138491
val,Y1,8.787084,15.788553
val,Y1,8.769931,11.18869
val,Y1,8.695125,10.082879
val,Y1,8.562445,9.862154
val,Y1,8.601653,8.719741
val,Y1,8.943861,5.7598214
val,Y1,9.459028,5.7734303
val,Y1,10.007861,6.7289543
val,Y1,10.6695,6.1240697
val,Y1,11.224861,5.202433
val,Y1,11.364264,5.41087
val,Y1,11.401931,5.3458037
val,Y1,11.810028,5.003962
val,Y1,12.626236,5.508065
val,Y1,13.638708,5.4898953
val,Y1,14.718764,4.6577907
val,Y1,15.784792,5.155764
val,Y1,16.70643,5.4328513
val,Y1,17.365583,4.6641665
val,Y1,17.790709,5.2093253
val,Y1,18.12382,4.9633393
val,Y1,18.447695,4.8600736
val,Y1,18.77007,5.452841
val,Y1,19.085806,4.9121966
val,Y1,19.427973,4.321556
val,Y1,19.796194,4.675081
val,Y1,20.180084,4.962728
val,Y1,20.615055,6.7139845
val,Y1,21.105862,11.75235
val,Y1,21.511278,10.420072
val,Y1,21.590376,7.4670973
val,Y1,21.4365,10.9861555
val,Y1,21.372652,9.185833
val,Y1,21.441668,7.1746716
val,Y1,21.56586,6.3176084
val,Y1,21.701597,6.100976
val,Y1,21.715847,6.063562
val,Y1,21.598291,6.776817
val,Y1,21.360847,6.162618
val,Y1,21.031626,5.3353577
val,Y1,20.688944,4.732231
val,Y1,20.305084,4.4912148
val,Y1,19.698208,5.088115
val,Y1,18.781986,5.2224483
val,Y1,17.653639,5.1037545
val,Y1,16.397985,5.128459
val,Y1,14.995903,4.930971
val,Y1,13.470125,4.4121757
val,Y1,12.023666,4.436119
val,Y1,10.489153,4.644205
val,Y1,8.741458,5.0587783
val,Y1,7.03325,5.1757355
val,Y1,5.5117917,4.371159
val,Y1,4.166264,4.974746
val,Y1,3.0303195,5.640406
val,Y1,2.1042638,5.348369
val,Y1,1.2831944,6.6409683
val,Y1,0.6576528,9.062208
val,Y1,0.25679168,10.92759
val,Y1,0.053069446,11.685671
val,Y1,0.0154444445,11.010744
val,Y1,0.019944444,10.879731
val,Y1,0.044597223,11.3896055
val,Y1,0.31454167,12.239397
val,Y1,0.963875,10.299201
val,Y1,1.881875,6.82072
val,Y1,2.9245834,5.449715
val,Y1,3.9344168,10.216335
val,Y1,4.6772776,12.169062
val,Y1,5.1407084,11.368249
val,Y1,5.219611,12.61755
val,Y1,4.7928195,12.307193
val,Y1,4.189111,7.6715827
val,Y1,3.6133611,5.7225575
val,Y1,2.9597085,8.131256
val,Y1,2.31525,9.832094
val,Y1,1.8958056,10.279288
val,Y1,1.6089028,8.595438
val,Y1,1.6165416,7.0772905
val,Y1,2.2912083,10.579344
val,Y1,3.3685417,10.58026
val,Y1,4.438625,12.1703205
val,Y1,5.423917,15.494032
val,Y1,6.271986,13.206631
val,Y1,6.966472,14.53054
val,Y1,7.6947083,12.49903
val,Y1,8.518791,10.903797
val,Y1,9.248986,9.789507
val,Y1,9.838555,7.7606177
val,Y1,10.371917,11.684681
val,Y1,10.887709,11.512067
val,Y1,11.305847,9.19961
val,Y1,11.697695,8.496412
val,Y1,12.334139,7.3538904
val,Y1,13.275917,7.4228525
val,Y1,14.385931,8.611332
val,Y1,15.575736,8.68108
val,Y1,16.751265,9.356589
val,Y1,17.897194,10.4761
val,Y1,19.023,9.246085
val,Y1,19.885431,11.560274
val,Y1,20.310097,12.983716
val,Y1,20.681263,12.372979
val,Y1,21.17607,13.916912
val,Y1,21.419903,14.23474
val,Y1,21.247223,9.704645
val,Y1,20.877277,11.564826
val,Y1,20.45243,11.913134
val,Y1,19.993431,10.760657
val,Y1,19.556013,11.948384
val,Y1,19.284624,11.587652
val,Y1,19.231653,11.117413
val,Y1,19.202847,10.524689
val,Y1,19.060194,10.182074
val,Y1,18.764833,11.479387
val,Y1,18.351473,10.015342
val,Y1,17.9465,9.258883
val,Y1,17.723515,10.634952
val,Y1,17.740847,11.108574
val,Y1,17.900347,10.737186
val,Y1,18.083597,10.421503
val,Y1,17.993973,10.099152
val,Y1,17.604319,9.471117
val,Y1,17.210096,8.831135
val,Y1,16.934834,10.792265
val,Y1,16.659292,14.430941
val,Y1,16.478945,13.839793
val,Y1,16.369486,9.691687
val,Y1,16.111431,9.583824
val,Y1,15.754764,10.460189
val,Y1,15.368542,11.536554
val,Y1,14.978125,11.853445
val,Y1,14.278542,10.605089
val,Y1,13.100639,9.809698
val,Y1,11.655431,9.72007
val,Y1,10.207306,11.03412
val,Y1,9.016945,10.593277
val,Y1,8.0680275,8.953068
val,Y1,7.0527363,4.345203
val,Y1,5.430722,4.4136643
val,Y1,3.3707917,4.5774055
val,Y1,1.7575834,4.066624
val,Y1,1.3042917,4.1488023
val,Y1,2.3367083,5.5155993
val,Y1,4.061972,5.7198234
val,Y1,5.6159306,4.807486
val,Y1,6.8376946,5.6998587
val,Y1,7.5934167,7.0750675
val,Y1,8.110306,9.615307
val,Y1,8.664625,6.905812
val,Y1,9.059486,2.7584786
val,Y1,9.256917,4.889465
val,Y1,9.342542,4.937629
val,Y1,9.408556,3.1267118
val,Y1,9.440861,2.8093522
val,Y1,9.268847,3.8805232
val,Y1,9.204333,4.7955523
val,Y1,9.402542,5.0134597
val,Y1,9.58025,5.0327134
val,Y1,9.678445,5.1770334
val,Y1,9.756945,6.0559993
val,Y1,9.573597,7.389912
val,Y1,8.360097,4.4840775
val,Y1,6.6310415,5.2759027
val,Y1,6.264889,6.1909356
val,Y1,7.326389,3.9151585
val,Y1,8.308556,4.882681
val,Y1,8.560194,8.458272
val,Y1,8.681639,9.053202
val,Y1,9.207597,9.30954
val,Y1,9.756667,11.303862
val,Y1,10.038264,11.417763
val,Y1,10.128542,12.318286
val,Y1,9.790459,13.010185
val,Y1,9.196362,12.265707
val,Y1,8.731694,13.34157
val,Y1,8.61932,13.450811
val,Y1,8.951125,10.73669
val,Y1,9.43032,7.332539
val,Y1,9.557806,8.70487
val,Y1,8.73075,10.138577
val,Y1,7.0555973,11.872036
val,Y1,5.924125,11.037107
val,Y1,6.285347,9.291824
val,Y1,7.3986807,10.247078
val,Y1,8.237111,12.589328
val,Y1,8.445681,12.274954
val,Y1,7.8484306,15.124264
val,Y1,7.030083,14.820156
val,Y1,6.9148335,11.731741
val,Y1,7.579583,14.814699
val,Y1,8.489959,12.437384
val,Y1,8.823305,11.718338
val,Y1,8.388958,12.41561
val,Y1,7.3293056,10.215137
val,Y1,6.349236,10.565893
val,Y1,6.271389,14.01981
val,Y1,7.0395,13.310785
val,Y1,8.045111,14.797362
val,Y1,8.5228195,13.174496
val,Y1,8.409764,13.836264
val,Y1,8.094306,20.410952
val,Y1,7.588792,16.863338
val,Y1,6.468694,11.431137
val,Y1,5.199333,9.80352
val,Y1,4.689236,8.262341
val,Y1,5.035,12.343743
val,Y1,5.6824026,14.335672
val,Y1,6.1189585,14.6060095
val,Y1,6.6200695,8.721078
val,Y1,7.3910556,7.438409
val,Y1,8.179042,12.463573
val,Y1,8.694333,10.98442
val,Y1,8.913875,9.896685
val,Y1,9.096598,13.126522
val,Y1,9.292611,14.7221
val,Y1,8.823958,12.263531
val,Y1,7.33425,14.148663
val,Y1,5.833139,12.81303
val,Y1,5.290528,11.603548
val,Y1,5.7850833,12.294706
val,Y1,6.880528,13.757738
val,Y1,8.001389,10.992839
val,Y1,8.904445,7.627847
val,Y1,9.537375,7.430155
val,Y1,9.87375,7.3665404
val,Y1,9.970222,9.289511
val,Y1,9.879306,6.7287207
val,Y1,9.437361,5.2547603
val,Y1,8.334778,11.396337
val,Y1,6.8540554,13.06719
val,Y1,5.907139,9.166286
val,Y1,5.8725557,7.8302054
val,Y1,6.6448054,9.231844
val,Y1,7.855986,8.590899
val,Y1,8.8325,8.651081
val,Y1,9.301306,6.959171
val,Y1,9.365486,7.8681293
val,Y1,8.869528,9.244912
val,Y1,7.675889,6.4924226
val,Y1,6.0789723,11.73784
val,Y1,4.7359443,11.01711
val,Y1,3.9923334,7.9304776
val,Y1,3.7796946,10.211092
val,Y1,4.4894443,12.276382
val,Y1,5.7780137,9.670249
val,Y1,6.9159164,8.715908
val,Y1,7.8401113,13.909729
val,Y1,8.526722,13.095697
val,Y1,8.787903,10.716021
val,Y1,8.586736,10.21163
val,Y1,8.1940975,11.360479
val,Y1,7.751764,11.120174
val,Y1,7.398958,11.239078
val,Y1,7.4384584,10.345669
val,Y1,7.7354026,7.649241
val,Y1,7.8937917,5.1755366
val,Y1,8.163875,4.617739
val,Y1,8.754069,7.1835914
val,Y1,9.376722,9.4608345
val,Y1,9.972013,10.259109
val,Y1,10.575361,12.688803
val,Y1,11.148931,12.4375305
val,Y1,11.612181,10.184676
val,Y1,11.744208,8.91972
val,Y1,11.61143,6.353889
val,Y1,11.465834,6.900768
val,Y1,11.367306,10.693215
val,Y1,11.373777,8.455378
val,Y1,11.409513,9.820297
val,Y1,10.911667,12.310076
val,Y1,9.679083,12.612157
val,Y1,8.308903,9.577137
val,Y1,6.8554444,4.9682403
val,Y1,5.0970554,4.962185
val,Y1,3.3248472,10.063354
val,Y1,1.8579028,10.087187
val,Y1,1.1403472,11.765165
val,Y1,1.9761667,11.892243
val,Y1,3.6972778,9.070055
val,Y1,5.1090693,11.334275
val,Y1,6.1534724,11.86047
val,Y1,6.960125,11.609925
val,Y1,7.730875,10.011297
val,Y1,8.3965,11.447123
val,Y1,8.644861,13.106383
val,Y1,8.280152,12.963291
val,Y1,7.4302917,10.007866
val,Y1,6.1899724,6.882854
val,Y1,4.7194166,8.152022
val,Y1,3.32175,14.795759
val,Y1,2.1649444,16.124846
val,Y1,1.2886388,13.341848
val,Y1,0.7342917,13.492308
val,Y1,0.38525,11.9719925
val,Y1,0.16075,10.097355
val,Y1,0.14475,10.620047
val,Y1,0.30656946,7.8780594
val,Y1,0.85494447,11.452518
val,Y1,1.7842778,12.442257
val,Y1,2.94475,11.658687
val,Y1,4.2191944,12.436111
val,Y1,5.2746944,12.051465
val,Y1,6.117542,12.545008
val,Y1,6.96975,11.937983
val,Y1,7.9430556,12.768999
val,Y1,8.954958,12.3006115
val,Y1,9.8908615,8.149309
val,Y1,10.714292,9.140213
val,Y1,11.184569,12.686783
val,Y1,11.122236,10.6239195
val,Y1,11.064111,12.360561
val,Y1,11.432944,16.332422
val,Y1,12.024487,11.386324
val,Y1,12.636666,8.68144
val,Y1,13.165736,11.034849
val,Y1,13.55375,14.399906
val,Y1,13.848264,14.121716
val,Y1,13.984487,11.591981
val,Y1,13.9785,10.928108
val,Y1,14.146305,12.10879
val,Y1,14.401153,9.418795
val,Y1,14.360986,6.959087
val,Y1,14.089458,7.528035
val,Y1,13.871083,7.918158
val,Y1,13.67368,8.803047
val,Y1,13.42382,10.802608
val,Y1,12.981639,10.520093
val,Y1,11.915764,7.5935564
val,Y1,10.658944,5.2603173
val,Y1,10.206458,4.2848177
val,Y1,10.512139,4.471025
val,Y1,11.045083,3.5478816
val,Y1,11.525333,2.9405403
val,Y1,11.799,4.426144
val,Y1,11.948847,8.272156
val,Y1,12.080444,11.020668
val,Y1,12.215931,12.491542
val,Y1,12.31057,11.698568
val,Y1,12.31975,10.065653
val,Y1,12.30368,10.028503
val,Y1,12.223166,10.279618
val,Y1,11.990875,10.779792
val,Y1,11.340111,10.814855
val,Y1,9.723125,12.292307
val,Y1,7.414417,13.100205
val,Y1,4.9553056,17.95152
val,Y1,2.645375,17.232552
val,Y1,1.0794028,12.344383
val,Y1,0.32505557,11.222546
val,Y1,0.06148611,9.844415
val,Y1,0.012097222,7.0696855
val,Y1,0.018805556,5.235627
val,Y1,0.022277778,5.818927
val,Y1,0.018861111,5.1419544
val,Y1,0.016236112,5.449879
val,Y1,0.016083334,6.510629
val,Y1,0.016930556,8.400365
val,Y1,0.015833333,9.216904
val,Y1,0.01761111,7.403691
val,Y1,0.048875,6.762606
val,Y1,0.51295835,7.4956455
val,Y1,1.6396667,8.623503
val,Y1,2.8268611,7.0254474
val,Y1,3.8477082,8.321951
val,Y1,4.904875,12.824451
val,Y1,5.781653,9.438513
val,Y1,6.5236945,6.9294214
val,Y1,7.638361,8.560053
val,Y1,9.042209,10.818453
val,Y1,10.338333,7.7320065
val,Y1,11.510931,4.5171027
val,Y1,12.320861,7.925334
val,Y1,12.53525,11.516994
val,Y1,12.46275,10.569147
val,Y1,12.318444,12.218811
val,Y1,11.988736,10.103056
val,Y1,11.259569,7.7707143
val,Y1,10.286555,6.0711694
val,Y1,9.726764,3.3149772
val,Y1,9.641097,3.705391
val,Y1,9.518764,5.75563
val,Y1,9.370028,7.9440207
val,Y1,9.313027,8.628466
val,Y1,9.230458,6.809492
val,Y1,9.169778,6.0254016
val,Y1,9.267694,5.7911663
val,Y1,9.569,5.9053817
val,Y1,9.938209,7.166332
val,Y1,10.305528,8.131041
val,Y1,10.6328335,8.025205
val,Y1,10.966042,7.9839144
val,Y1,11.331445,9.179256
val,Y1,11.6709585,8.870056
val,Y1,11.974055,8.507241
val,Y1,12.259194,9.2915945
val,Y1,12.565,7.722641
val,Y1,12.884639,6.915987
val,Y1,13.213583,6.311454
val,Y1,13.516444,5.3851857
val,Y1,13.662639,5.453405
val,Y1,13.541,8.205547
val,Y1,13.269555,8.329802
val,Y1,13.0425,7.7631946
val,Y1,12.912097,7.500628
val,Y1,12.842514,6.2727103
val,Y1,12.850486,5.2872353
val,Y1,12.963028,5.2263675
val,Y1,13.1485,6.405639
val,Y1,13.387889,7.4974685
val,Y1,13.625792,9.97928
val,Y1,13.768444,10.475415
val,Y1,13.744528,9.517027
val,Y1,13.645139,8.91918
val,Y1,13.575111,8.611311
val,Y1,13.457347,9.809182
val,Y1,13.111055,13.13249
val,Y1,12.621597,13.33553
val,Y1,12.203389,9.337477
val,Y1,11.665889,6.6607804
val,Y1,10.697416,6.559772
val,Y1,9.27432,7.275582
val,Y1,7.956736,8.6788435
val,Y1,7.220028,8.00431
val,Y1,6.895472,5.0693984
val,Y1,6.7089725,4.597461
val,Y1,6.550903,4.6366305
val,Y1,6.5465,5.630312
val,Y1,6.8734446,10.469582
val,Y1,7.3827085,10.96908
val,Y1,7.90725,7.242874
val,Y1,8.277291,8.513771
val,Y1,8.440639,11.0576725
val,Y1,8.494805,12.003305
val,Y1,8.523597,12.465431
val,Y1,8.637722,10.675964
val,Y1,8.838195,9.776854
val,Y1,9.202917,9.590204
val,Y1,9.610458,8.640411
val,Y1,9.914153,6.937262
val,Y1,10.059556,9.47485
val,Y1,9.733764,8.393902
val,Y1,8.174723,5.7462096
val,Y1,5.388875,6.254226
val,Y1,2.6244862,3.9182248
val,Y1,1.0094723,3.974557
val,Y1,0.44020835,4.6663656
val,Y1,0.19697222,7.3864846
val,Y1,0.088083334,10.705006
val,Y1,0.05827778,11.353042
val,Y1,0.04009722,7.2504334
val,Y1,0.03488889,5.5192733
val,Y1,0.032555554,5.1798635
val,Y1,0.026458334,5.58639
val,Y1,0.035708334,4.261317
val,Y1,0.0405,2.4427085
val,Y1,0.042097222,3.666823
val,Y1,0.036,8.748051
val,Y1,0.022541666,8.866551
val,Y1,0.019430555,9.009153
val,Y1,0.026111111,8.064438
val,Y1,0.030736111,7.4172063
val,Y1,0.06876389,7.7522845
val,Y1,0.6900139,8.465143
val,Y1,2.3540695,10.649351
val,Y1,4.21425,9.474436
val,Y1,5.59925,6.441374
val,Y1,6.527125,4.668096
val,Y1,7.101847,5.136044
val,Y1,7.446528,10.115285
val,Y1,7.428764,13.931253
val,Y1,7.325278,10.969393
val,Y1,7.512139,8.219312
val,Y1,8.029792,6.2362533
val,Y1,8.245556,4.700628
val,Y1,8.194834,4.587952
val,Y1,8.195084,4.4510493
val,Y1,8.5483885,2.819556
val,Y1,8.580209,2.3058672
val,Y1,8.911098,2.1810958
val,Y1,9.682138,2.2616549
val,Y1,9.725056,2.3426924
val,Y1,9.721723,2.3628201
val,Y1,9.600041,2.359036
val,Y1,9.144028,2.4271681
val,Y1,8.314236,2.5446205
val,Y1,7.1183887,2.5959997
val,Y1,5.6396527,10.322337
val,Y1,4.1050553,17.65338
val,Y1,2.731111,10.909739
val,Y1,1.9261528,7.693957
val,Y1,1.7860972,8.2392
val,Y1,2.2482917,9.914276
val,Y1,3.1184862,12.048923
val,Y1,3.9520555,10.423849
val,Y1,4.657778,11.471596
val,Y1,5.185361,11.804892
val,Y1,5.653403,9.873838
val,Y1,6.150653,11.107967
val,Y1,6.6040554,12.227331
val,Y1,6.8699584,12.045145
val,Y1,6.997903,14.686388
val,Y1,7.13825,12.202192
val,Y1,7.049889,9.24251
val,Y1,6.7747917,11.296336
val,Y1,6.5076528,12.723505
val,Y1,6.307667,12.140765
val,Y1,6.2171946,10.192808
val,Y1,6.183069,7.7235837
val,Y1,6.125653,9.30541
val,Y1,5.9285,8.693227
val,Y1,5.638389,10.258019
val,Y1,5.4215,9.245468
val,Y1,5.5259304,11.246991
val,Y1,6.049847,10.800777
val,Y1,6.511389,11.748796
val,Y1,6.5696807,12.758877
val,Y1,6.4413195,9.829428
val,Y1,6.352264,10.565723
val,Y1,6.5224586,11.503049
val,Y1,7.0827084,12.206451
val,Y1,7.8334584,13.955662
val,Y1,8.80893,13.138907
val,Y1,10.025347,11.427336
val,Y1,11.2098055,13.002094
val,Y1,12.343695,15.260189
val,Y1,13.39382,14.416794
val,Y1,14.235306,12.001138
val,Y1,14.738847,16.62274
val,Y1,14.650333,16.205282
val,Y1,14.08157,10.682334
val,Y1,13.514014,10.955069
val,Y1,13.146973,13.416593
val,Y1,13.011306,10.682585
val,Y1,13.008917,8.421306
val,Y1,12.962875,7.7963386
val,Y1,12.835889,8.895332
val,Y1,12.672055,10.145795
val,Y1,12.730667,8.474852
val,Y1,13.314403,7.7953877
val,Y1,14.231028,7.4155583
val,Y1,15.124416,4.3788185
val,Y1,15.931069,5.177778
val,Y1,16.349167,6.292091
val,Y1,16.34604,8.594185
val,Y1,16.379292,6.1221814
val,Y1,16.508333,5.4520345
val,Y1,16.841305,6.8531327
val,Y1,17.27693,7.1259265
val,Y1,17.530153,6.644622
val,Y1,17.66386,6.8531084
val,Y1,17.696667,7.6930423
val,Y1,17.681707,7.515879
val,Y1,17.6245,6.5066624
val,Y1,17.430902,7.3919196
val,Y1,17.224792,7.706152
val,Y1,17.155333,7.3490005
val,Y1,17.180695,6.653068
val,Y1,17.06975,5.619929
val,Y1,16.777014,5.83393
val,Y1,16.480291,9.209861
val,Y1,16.177528,10.3034115
val,Y1,15.871445,8.09776
val,Y1,15.655278,6.324353
val,Y1,15.613125,7.0157228
val,Y1,15.803416,6.6755605
val,Y1,16.202028,4.752999
val,Y1,16.669306,2.8831887
val,Y1,17.0745,2.617548
val,Y1,17.396486,2.8859353
val,Y1,17.641235,2.823513
val,Y1,17.821985,4.344116
val,Y1,17.95393,6.4488873
val,Y1,17.822874,7.804705
val,Y1,17.35968,8.862114
val,Y1,16.899584,7.1346755
val,Y1,16.455166,7.019727
val,Y1,16.06825,8.929531
val,Y1,15.924973,8.334934
val,Y1,16.018291,7.6620946
val,Y1,16.350876,7.914943
val,Y1,16.849625,6.948919
val,Y1,17.372139,7.6656046
val,Y1,17.77375,10.825718
val,Y1,18.009903,11.377396
val,Y1,18.09496,8.971163
val,Y1,18.058916,7.513514
val,Y1,17.939764,5.298775
val,Y1,17.822556,5.5047755
val,Y1,17.779152,7.0538354
val,Y1,17.837889,8.617924
val,Y1,17.934166,10.335205
val,Y1,18.06132,9.366072
val,Y1,18.25793,9.613197
val,Y1,18.467556,11.470526
val,Y1,18.431805,9.725185
val,Y1,18.961124,8.831606
val,Y1,19.956486,9.93767
val,Y1,19.987444,8.226707
val,Y1,20.764334,9.502894
val,Y1,21.014292,11.6823435
val,Y1,20.048626,8.722655
val,Y1,19.41125,6.5396543
val,Y1,18.806625,6.0390363
val,Y1,18.528084,8.217051
val,Y1,18.252403,9.379009
val,Y1,18.060556,6.951616
val,Y1,17.949306,9.167089
val,Y1,17.95957,10.086072
val,Y1,18.045626,6.9735103
val,Y1,18.190361,8.904391
val,Y1,18.20704,9.121788
val,Y1,18.07914,6.945465
val,Y1,18.035278,6.736791
val,Y1,18.115389,8.534242
val,Y1,18.377306,10.534146
val,Y1,18.737015,11.979577
val,Y1,19.142876,10.517514
val,Y1,19.530653,7.567401
val,Y1,19.560333,5.1881547
val,Y1,18.540056,6.14844
val,Y1,13.07318,5.9731708
val,Y1,6.9635415,7.4777446
val,Y1,5.0189166,7.2871623
val,Y1,4.6032085,7.4273295
val,Y1,10.18775,10.847605
val,Y1,17.738945,11.672756
val,Y1,19.00093,8.461863
val,Y1,18.312584,7.6625695
val,Y1,18.182417,8.497959
val,Y1,17.975763,5.9752226
val,Y1,17.878458,3.7333543
val,Y1,17.92193,4.0315666
val,Y1,18.100069,8.693473
val,Y1,18.211319,11.54596
val,Y1,18.143347,12.542814
val,Y1,17.986597,12.959937
val,Y1,17.746222,6.8119235
val,Y1,17.230791,4.891522
val,Y1,17.06214,4.753419
val,Y1,17.222555,7.2981467
val,Y1,17.160973,7.4993577
val,Y1,17.16475,6.915805
val,Y1,17.326834,6.5053844
val,Y1,17.617043,6.094479
val,Y1,17.901209,3.9275546
val,Y1,18.08825,6.776649
val,Y1,18.279444,7.755223
val,Y1,18.5435,8.002245
val,Y1,18.77582,8.16112
val,Y1,18.959473,6.4707484
val,Y1,19.115402,7.0532393
val,Y1,19.185486,7.2250314
val,Y1,19.114902,6.3890924
val,Y1,19.007473,7.249157
val,Y1,19.028917,7.5069013
val,Y1,19.19246,7.568532
val,Y1,19.327013,7.934942
val,Y1,19.314848,9.614712
val,Y1,19.34639,14.040243
val,Y1,19.661152,15.586409
val,Y1,20.059597,14.3337145
val,Y1,20.170124,13.585665
val,Y1,19.990791,10.064259
val,Y1,19.711721,10.705501
val,Y1,19.4535,11.974596
val,Y1,19.149834,11.990831
val,Y1,18.961082,12.795273
val,Y1,18.97825,10.02099
val,Y1,19.058195,7.818254
val,Y1,19.133486,5.361707
val,Y1,19.155792,6.5914154
val,Y1,19.286667,7.4814944
val,Y1,12.631861,6.207847
val,Y1,11.336445,8.845042
val,Y1,18.147459,12.527786
val,Y1,17.437471,16.484232
val,Y1,7.698014,17.163328
val,Y1,2.765597,12.247707
val,Y1,12.086223,12.879211
val,Y1,18.637917,9.676455
val,Y1,18.510597,8.787288
val,Y1,18.362194,8.259445
val,Y1,18.343277,7.7170725
val,Y1,18.387625,9.094067
val,Y1,18.51168,9.724358
val,Y1,18.676903,12.045746
val,Y1,18.8695,13.849285
val,Y1,18.984194,9.365917
val,Y1,19.013208,5.189758
val,Y1,19.091265,5.0071397
val,Y1,19.135056,8.743345
val,Y1,19.021,13.534731
val,Y1,18.783667,12.324169
val,Y1,18.497458,9.893147
val,Y1,18.225208,9.908503
val,Y1,17.95511,9.189651
val,Y1,17.64864,8.010765
val,Y1,17.38114,7.9919086
val,Y1,17.14164,6.544565
val,Y1,16.915236,6.597584
val,Y1,16.708902,8.025634
val,Y1,16.474112,9.642466
val,Y1,16.142666,8.437842
val,Y1,15.465208,8.104593
val,Y1,14.457556,8.178643
val,Y1,13.418736,9.268598
val,Y1,12.314889,9.335255
val,Y1,11.10125,9.174457
val,Y1,9.857153,10.776599
val,Y1,8.533264,10.822033
val,Y1,7.1223474,10.390548
val,Y1,5.669847,9.920109
val,Y1,4.211986,13.913258
val,Y1,2.8093472,11.256715
val,Y1,1.6840278,10.905744
val,Y1,0.94295835,10.645723
val,Y1,0.48105556,8.441615
val,Y1,0.280375,8.00529
val,Y1,0.14731945,8.855253
val,Y1,0.042166665,9.502973
val,Y1,0.025041666,7.9435678
val,Y1,0.020194445,9.75398
val,Y1,0.024805555,11.357367
val,Y1,0.027652778,10.633081
val,Y1,0.021958333,9.370594
val,Y1,0.016777778,13.244167
val,Y1,0.022972222,14.4725685
val,Y1,0.02913889,13.584101
val,Y1,0.024041668,13.571409
val,Y1,0.018111112,10.0629425
val,Y1,0.020708334,7.441642
val,Y1,0.026944444,7.527329
val,Y1,0.024097223,9.917274
val,Y1,0.15626389,11.762816
val,Y1,1.1192778,10.250938
val,Y1,2.9645555,10.21321
val,Y1,4.7500973,11.98646
val,Y1,5.667917,11.94243
val,Y1,5.795361,8.051184
val,Y1,5.6416807,5.9925995
val,Y1,5.197986,5.9583173
val,Y1,4.4289026,8.844447
val,Y1,3.6823888,11.690507
val,Y1,3.1419306,12.664942
val,Y1,2.588889,11.094023
val,Y1,2.0117083,7.915885
val,Y1,1.5050555,7.3476987
val,Y1,1.0873473,7.9547095
val,Y1,0.7880972,9.552622
val,Y1,0.5573611,10.362111
val,Y1,0.31431943,9.668724
val,Y1,0.10415278,7.5184827
val,Y1,0.02225,8.952497
val,Y1,0.022194445,11.953438
val,Y1,0.021305555,11.218102
val,Y1,0.021125,9.2478895
val,Y1,0.020763889,8.604732
val,Y1,0.013847223,7.0252166
val,Y1,0.0165,4.7186136
val,Y1,0.072569445,3.4984121
val,Y1,0.58356947,6.1440816
val,Y1,1.2863195,7.296787
val,Y1,2.1324723,5.2824845
val,Y1,3.348389,5.1017823
val,Y1,4.6125417,5.6951604
val,Y1,5.7233334,5.0681615
val,Y1,6.3879585,4.8306756
val,Y1,6.746389,5.1380725
val,Y1,6.8730693,5.589494
val,Y1,6.8468056,5.8959966
val,Y1,6.9645,6.7219987
val,Y1,7.2818613,7.225326
val,Y1,7.7564445,6.761746
val,Y1,8.353764,6.275411
val,Y1,9.069972,5.8990417
val,Y1,9.879916,6.541686
val,Y1,10.646944,9.92368
val,Y1,11.3255415,14.35243
val,Y1,11.96193,12.066713
val,Y1,12.281264,9.635248
val,Y1,12.325055,10.379685
val,Y1,12.523,8.065042
val,Y1,12.850194,6.766187
val,Y1,13.079653,5.827686
val,Y1,13.189584,5.9504905
val,Y1,13.334792,5.4744906
val,Y1,13.597264,9.10091
val,Y1,13.930611,9.673925
val,Y1,14.207958,7.4916224
val,Y1,14.287653,7.383413
val,Y1,14.355486,7.983232
val,Y1,14.628944,8.6838
val,Y1,14.842556,11.844444
val,Y1,14.912806,15.555222
val,Y1,14.91868,13.591052
val,Y1,14.885944,11.116578
val,Y1,14.835556,11.724792
val,Y1,14.793667,11.868351
val,Y1,14.870139,9.521511
val,Y1,14.969152,5.0782127
val,Y1,15.028028,7.399181
val,Y1,15.1159725,9.341462
val,Y1,15.269764,8.127384
val,Y1,15.49657,10.779362
val,Y1,15.737403,12.642288
val,Y1,15.7427225,12.608298
val,Y1,15.379264,9.553347
val,Y1,14.836653,11.359836
val,Y1,14.73125,13.15402
val,Y1,15.1096525,9.471596
val,Y1,15.604875,10.687212
val,Y1,16.20514,9.949624
val,Y1,16.764416,10.007345
val,Y1,17.207598,11.649733
val,Y1,17.535694,9.313815
val,Y1,17.80186,6.045149
val,Y1,18.130695,5.3182397
val,Y1,18.501694,6.1314993
val,Y1,18.73525,5.2062573
val,Y1,18.882153,5.914452
val,Y1,18.968292,7.47265
val,Y1,19.004139,10.852917
val,Y1,19.09432,15.783466
val,Y1,19.213486,10.746591
val,Y1,19.182138,10.784319
val,Y1,18.909597,13.384243
val,Y1,18.566902,10.526314
val,Y1,18.214083,9.791124
val,Y1,17.777431,9.3367
val,Y1,17.267626,10.087261
val,Y1,16.673708,11.726234
val,Y1,15.913903,11.266062
val,Y1,15.116458,10.049159
val,Y1,14.575139,13.046326
val,Y1,14.333861,12.853969
val,Y1,14.264292,8.763789
val,Y1,14.301833,9.216065
val,Y1,14.348111,10.854329
val,Y1,14.353861,11.825136
val,Y1,14.25875,13.217512
val,Y1,14.027736,11.491222
val,Y1,13.889153,8.209498
val,Y1,13.662569,10.146711
val,Y1,12.651652,14.062085
val,Y1,10.949903,14.532116
val,Y1,9.035722,10.679651
val,Y1,7.2168055,11.9958315
val,Y1,5.447764,12.177734
val,Y1,3.7421112,8.586142
val,Y1,2.5470695,10.501814
val,Y1,2.5704722,11.609576
val,Y1,3.8773472,9.926426
val,Y1,5.38575,10.976194
val,Y1,6.558361,13.547781
val,Y1,7.4518194,12.911224
val,Y1,8.028097,9.320351
val,Y1,7.9174166,10.273389
val,Y1,6.800542,14.869574
val,Y1,5.156014,15.723314
val,Y1,3.6040416,13.74789
val,Y1,2.3567917,10.739
val,Y1,1.4816389,10.74568
val,Y1,0.9105694,10.133196
val,Y1,0.58025,11.988001
val,Y1,0.3247639,13.925121
val,Y1,0.09986111,12.120476
val,Y1,0.17975,11.969152
val,Y1,1.10475,16.26126
val,Y1,2.8563056,14.483158
val,Y1,4.699569,13.862957
val,Y1,6.3093057,9.791563
val,Y1,7.579125,8.366378
val,Y1,8.545986,9.303017
val,Y1,9.2734165,6.640829
val,Y1,10.068139,4.3976216
val,Y1,10.839569,4.6660957
val,Y1,11.0640135,5.270777
val,Y1,11.082903,5.1133595
val,Y1,11.227708,4.3828044
val,Y1,11.309972,2.9182093
val,Y1,10.891222,2.4935913
val,Y1,9.852722,2.689722
val,Y1,8.644389,2.5886822
val,Y1,7.428528,2.3865235
val,Y1,6.287083,2.2507572
val,Y1,5.6293473,2.186478
val,Y1,5.800861,2.6223917
val,Y1,6.799778,3.5635998
val,Y1,8.095528,5.1660976
val,Y1,9.2583885,7.545719
val,Y1,10.131166,8.70701
val,Y1,10.644931,7.8945117
val,Y1,10.955472,9.140676
val,Y1,11.241764,9.759755
val,Y1,11.570653,8.449917
val,Y1,11.895056,7.393618
val,Y1,12.196736,5.5934606
val,Y1,12.454611,4.1905274
val,Y1,12.612348,5.2142262
val,Y1,12.616292,3.894188
val,Y1,12.363028,5.2148533
val,Y1,12.305597,8.503206
val,Y1,12.507083,7.323296
val,Y1,12.609736,6.2667155
val,Y1,12.554944,8.464369
val,Y1,12.248153,11.967494
val,Y1,11.936306,15.323854
val,Y1,11.702361,13.541212
val,Y1,11.432625,11.147492
val,Y1,11.171181,12.246284
val,Y1,11.159223,9.281848
val,Y1,11.476514,10.041895
val,Y1,11.90125,11.24643
val,Y1,12.300944,10.901369
val,Y1,12.630709,8.560279
val,Y1,12.756847,6.8499684
val,Y1,12.79843,8.012344
val,Y1,12.902041,9.13254
val,Y1,12.947847,9.476185
val,Y1,12.931986,14.919271
val,Y1,12.973958,13.605965
val,Y1,13.072792,9.646538
val,Y1,13.052806,9.878976
val,Y1,12.793583,8.241136
val,Y1,12.391334,10.02836
val,Y1,12.057584,10.93207
val,Y1,11.850695,8.6603155
val,Y1,11.795667,6.2198896
val,Y1,11.783139,7.9335146
val,Y1,11.527416,12.425978
val,Y1,10.682917,12.067704
val,Y1,9.234972,9.237612
val,Y1,7.6632085,9.242455
val,Y1,6.190347,9.266473
val,Y1,5.3815694,8.009721
val,Y1,5.7324305,6.8587995
val,Y1,6.7945137,7.756679
val,Y1,7.934764,10.099344
val,Y1,8.79882,12.18059
val,Y1,9.437555,14.255241
val,Y1,9.919528,10.17852
val,Y1,10.143167,7.9212794
val,Y1,10.242111,6.9000354
val,Y1,10.240833,10.714218
val,Y1,9.813042,11.955082
val,Y1,9.032014,11.184818
val,Y1,8.497569,12.119483
val,Y1,8.52725,10.787726
val,Y1,8.899153,10.958439
val,Y1,9.516848,12.967829
val,Y1,10.309847,11.01597
val,Y1,11.07,9.980391
val,Y1,11.74475,10.961433
val,Y1,12.318944,11.394618
val,Y1,12.719973,9.228412
val,Y1,13.025875,8.021125
val,Y1,13.205944,6.24097
val,Y1,13.030681,5.782353
val,Y1,12.362889,5.1488996
val,Y1,11.385709,6.0063086
val,Y1,10.202791,6.9476504
val,Y1,8.688027,7.5834947
val,Y1,6.897486,6.8522725
val,Y1,5.189736,5.813288
val,Y1,4.7834306,9.597505
val,Y1,5.941292,12.41889
val,Y1,7.5060973,14.332579
val,Y1,8.802,15.858097
val,Y1,9.715208,12.680791
val,Y1,10.0813055,12.0159645
val,Y1,10.029195,10.970516
val,Y1,10.027,6.5368204
val,Y1,10.22932,8.338795
val,Y1,10.514055,9.245203
val,Y1,10.587931,11.498033
val,Y1,10.621388,14.051401
val,Y1,10.878166,10.515079
val,Y1,11.091611,7.6602383
val,Y1,11.035861,9.632196
val,Y1,10.832778,11.81391
val,Y1,10.704625,9.268736
val,Y1,10.93882,10.1245365
val,Y1,11.593542,11.350164
val,Y1,12.346278,12.176188
val,Y1,12.906389,12.909777
val,Y1,13.279875,15.979322
val,Y1,13.65957,16.756372
val,Y1,14.030541,12.337236
val,Y1,14.165402,10.354223
val,Y1,14.160556,10.701179
val,Y1,14.299848,15.181514
val,Y1,14.554778,15.814394
val,Y1,14.826333,13.231019
val,Y1,15.037139,12.730202
val,Y1,15.086486,10.033293
val,Y1,14.8631525,9.37772
val,Y1,14.617903,11.427206
val,Y1,14.554653,10.572907
val,Y1,14.456333,14.719673
val,Y1,14.273666,17.07075
val,Y1,14.029764,15.985649
val,Y1,13.688139,16.20113
val,Y1,13.334458,15.985216
val,Y1,13.055111,13.406494
val,Y1,12.859472,14.147596
val,Y1,12.688375,12.332647
val,Y1,12.514334,13.830084
val,Y1,12.377444,17.38171
val,Y1,12.246944,14.207062
val,Y1,12.07143,11.4653015
val,Y1,11.925111,8.437131
val,Y1,11.674361,8.522408
val,Y1,11.283472,7.8092427
val,Y1,10.97907,5.764808
val,Y1,10.976139,7.5477204
val,Y1,11.378333,5.845886
val,Y1,11.940708,8.601715
val,Y1,12.489847,9.252703
val,Y1,13.050889,9.783241
val,Y1,13.482764,11.530168
val,Y1,13.769278,12.565306
val,Y1,14.08175,13.906667
val,Y1,14.37982,11.4318905
val,Y1,14.614333,8.538544
val,Y1,14.642,9.178003
val,Y1,14.31757,8.118835
val,Y1,13.511653,7.100322
val,Y1,12.296083,6.4636626
val,Y1,10.873445,6.7451305
val,Y1,9.40575,7.468307
val,Y1,8.254,10.092635
val,Y1,7.3936806,9.342936
val,Y1,6.5563474,6.9647255
val,Y1,5.726486,10.147123
val,Y1,4.925764,8.566015
val,Y1,3.9677083,7.1976886
val,Y1,2.9754305,9.994842
val,Y1,2.7922084,7.936397
val,Y1,3.8110833,8.112892
val,Y1,5.268236,10.294701
val,Y1,6.5198474,11.425257
val,Y1,7.536486,9.522916
val,Y1,8.446667,6.8101764
val,Y1,9.389347,9.088484
val,Y1,10.266,15.700886
val,Y1,10.818819,14.391043
val,Y1,11.040806,7.445501
val,Y1,11.269292,6.3705087
val,Y1,11.475972,10.312591
val,Y1,11.401792,13.838553
val,Y1,11.009111,13.179232
val,Y1,10.613653,14.047045
val,Y1,10.59125,11.8473835
val,Y1,10.71375,9.517954
val,Y1,10.526944,9.703299
val,Y1,9.558888,9.35073
val,Y1,7.821264,8.703502
val,Y1,5.6870832,12.272387
val,Y1,3.4626527,10.1920185
val,Y1,1.6803056,7.37685
val,Y1,0.5636111,8.013144
val,Y1,0.10268056,12.714571
val,Y1,0.28702778,9.9071865
val,Y1,1.3361388,5.192147
val,Y1,2.9627361,5.0492797
val,Y1,4.4617777,2.691277
val,Y1,5.7917914,2.084379
val,Y1,7.1480556,2.2424595
val,Y1,8.384042,2.5516496
val,Y1,9.36075,2.5483432
val,Y1,9.905528,2.716376
val,Y1,9.756291,2.7563632
val,Y1,8.894889,2.5484743
val,Y1,7.9719167,2.7803702
val,Y1,7.780958,2.901754
val,Y1,8.269694,2.6446471
val,Y1,9.092278,7.512106
val,Y1,9.91193,11.438158
val,Y1,10.37575,9.767082
val,Y1,10.48982,7.740383
val,Y1,10.420514,6.03462
val,Y1,9.846986,7.4365535
val,Y1,8.706639,7.997084
val,Y1,7.3516665,6.227252
val,Y1,6.0378613,5.079052
val,Y1,4.2726526,10.205677
val,Y1,2.4436529,11.343553
val,Y1,2.152111,10.543128
val,Y1,3.203264,10.179461
val,Y1,4.483222,10.779869
val,Y1,5.3531113,15.686662
val,Y1,5.7714443,18.312632
val,Y1,6.1262083,14.882376
val,Y1,6.335111,8.505203
val,Y1,6.4543056,7.727687
val,Y1,6.8278055,8.008539
val,Y1,7.214736,9.974741
val,Y1,7.356889,12.137424
val,Y1,7.034111,10.3109255
val,Y1,6.0537086,10.214817
val,Y1,4.799278,12.84937
val,Y1,3.5889723,17.030735
val,Y1,2.6167638,12.357408
val,Y1,1.8851666,7.8769736
val,Y1,0.9970972,7.3385587
val,Y1,0.24025,8.835788
val,Y1,0.123333335,7.4435997
val,Y1,0.45820832,8.618971
val,Y1,0.7695278,10.951064
val,Y1,0.69244444,11.865526
val,Y1,0.41418055,11.446264
val,Y1,0.21248612,8.416968
val,Y1,0.078041665,7.4203277
val,Y1,0.04586111,6.5285144
val,Y1,0.29644445,4.687697
val,Y1,0.77641666,5.3517623
val,Y1,1.0954862,4.5974426
val,Y1,1.0964305,9.746721
val,Y1,0.99602777,13.656061
val,Y1,1.3830833,9.689206
val,Y1,2.2950416,7.712504
val,Y1,3.2164445,11.311594
val,Y1,4.0637083,10.584757
val,Y1,4.5789723,10.421908
val,Y1,4.144181,13.16097
val,Y1,3.4034028,7.0351396
val,Y1,3.7075279,6.763243
val,Y1,4.721097,6.653233
val,Y1,5.3982778,6.960068
val,Y1,5.5469723,7.3886952
val,Y1,5.5661526,11.968936
val,Y1,5.777528,14.281534
val,Y1,6.128861,11.284465
val,Y1,6.5948887,11.278418
val,Y1,7.300597,11.572371
val,Y1,8.083834,13.390743
val,Y1,8.804528,13.27654
val,Y1,9.537833,11.502624
val,Y1,10.270778,12.263377
val,Y1,10.94275,12.027887
val,Y1,11.435208,12.094925
val,Y1,11.78118,9.31654
val,Y1,11.8793335,7.122418
val,Y1,11.5818615,11.017008
val,Y1,11.047722,14.870853
val,Y1,10.06125,15.063358
val,Y1,8.607792,11.308809
val,Y1,7.2013054,8.585267
val,Y1,6.469,6.833408
val,Y1,6.6376805,7.071902
val,Y1,7.242375,8.040577
val,Y1,7.831486,8.526934
val,Y1,8.314458,8.7171755
val,Y1,8.669416,7.5722775
val,Y1,8.616042,6.7337866
val,Y1,7.9634304,7.311951
val,Y1,6.693486,6.410221
val,Y1,4.9490833,5.9105525
val,Y1,3.08525,6.1481657
val,Y1,1.6693333,5.432061
val,Y1,0.92906946,5.1543803
val,Y1,0.6345556,5.2954974
val,Y1,0.76125,4.912005
val,Y1,1.5855973,4.8960214
val,Y1,2.8794584,5.027923
val,Y1,4.2095,5.102769
val,Y1,5.476222,5.0887756
val,Y1,6.483514,4.727922
val,Y1,7.044,4.8983626
val,Y1,6.9396667,5.013673
val,Y1,6.172694,5.12789
val,Y1,4.952542,5.158939
val,Y1,3.5160556,5.4128165
val,Y1,2.107014,6.9298577
val,Y1,1.3073194,7.625565
val,Y1,1.8473195,6.414894
val,Y1,3.2703195,4.604923
val,Y1,4.667486,5.4629664
val,Y1,5.404667,8.839226
val,Y1,4.7906666,11.911461
val,Y1,3.3434584,9.31461
val,Y1,2.2633333,7.8538566
val,Y1,1.4943889,9.898495
val,Y1,0.7514028,11.02063
val,Y1,0.33891666,15.86018
val,Y1,0.13076389,12.652927
val,Y1,0.016291667,7.921325
val,Y1,0.015472222,6.520301
val,Y1,0.014027778,11.03569
val,Y1,0.014138889,10.433893
val,Y1,0.019888889,6.307875
val,Y1,0.017416667,8.671701
val,Y1,0.014180556,8.697549
val,Y1,0.30480555,7.215426
val,Y1,1.3355973,5.559381
val,Y1,2.6990416,7.79313
val,Y1,3.86875,8.623277
val,Y1,4.957111,9.099501
val,Y1,5.6825137,9.912058
val,Y1,6.041347,8.166447
val,Y1,6.4203334,7.065871
val,Y1,6.908111,8.125813
val,Y1,7.4765277,9.918009
val,Y1,8.039389,12.765923
val,Y1,8.592625,10.337371
val,Y1,9.063681,8.627511
val,Y1,9.334056,9.872229
val,Y1,9.391111,10.343778
val,Y1,9.343653,10.298029
val,Y1,9.333222,9.074138
val,Y1,9.386264,8.107798
val,Y1,9.451195,11.534145
val,Y1,9.318848,12.81137
val,Y1,8.823486,11.647181
val,Y1,8.098056,10.156596
val,Y1,7.483722,10.974154
val,Y1,7.032403,10.391882
val,Y1,6.455222,9.763782
val,Y1,5.754611,10.339491
val,Y1,5.2944584,11.734684
val,Y1,5.3229303,14.294373
val,Y1,5.8199167,10.643627
val,Y1,6.5533056,8.448315
val,Y1,7.204472,10.954916
val,Y1,7.8012223,11.230705
val,Y1,8.405444,12.421519
val,Y1,8.965153,8.881833
val,Y1,9.477236,9.718359
val,Y1,9.748959,11.5672245
val,Y1,9.690763,10.294371
val,Y1,9.490055,9.433771
val,Y1,9.435722,10.74345
val,Y1,9.70375,17.63531
val,Y1,10.151208,16.03764
val,Y1,10.462014,12.397837
val,Y1,10.4835,10.081573
val,Y1,10.240875,11.463555
val,Y1,9.823083,10.423794
val,Y1,9.444639,6.05232
val,Y1,9.321555,8.858283
val,Y1,9.282875,9.426014
val,Y1,8.507459,10.0855665
val,Y1,7.10625,12.123413
val,Y1,5.8966804,10.152379
val,Y1,5.116486,10.124601
val,Y1,4.813319,8.599184
val,Y1,4.684625,6.9677844
val,Y1,4.3175416,9.108717
val,Y1,3.97225,8.236677
val,Y1,4.302375,8.834426
val,Y1,4.903764,7.145661
val,Y1,5.288653,5.82095
val,Y1,5.73075,8.727134
val,Y1,6.193514,8.996832
val,Y1,6.600917,10.678391
val,Y1,7.1738195,8.964018
val,Y1,7.650014,9.8802185
val,Y1,7.7013474,11.394878
val,Y1,7.5938196,8.915037
val,Y1,7.358736,10.688389
val,Y1,6.7125,13.156126
val,Y1,5.6707363,15.597456
val,Y1,5.1731944,13.330866
val,Y1,5.8904443,9.246351
val,Y1,7.0198474,9.97266
val,Y1,7.918097,7.705743
val,Y1,8.638153,8.398502
val,Y1,9.0014305,9.202173
val,Y1,8.922055,11.255467
val,Y1,8.45518,11.736025
val,Y1,7.540514,11.611821
val,Y1,6.174389,9.827766
val,Y1,4.632167,9.006268
val,Y1,3.6543334,7.042176
val,Y1,3.692,7.638698
val,Y1,4.2836113,6.8082747
val,Y1,4.997208,7.1278577
val,Y1,5.7934165,8.24044
val,Y1,6.8084307,8.328899
val,Y1,7.8044724,7.0078206
val,Y1,8.4395,7.2411876
val,Y1,8.964306,8.674853
val,Y1,9.453153,12.392092
val,Y1,9.729514,13.156074
val,Y1,9.871528,11.507552
val,Y1,10.036292,12.229382
val,Y1,10.214042,10.390113
val,Y1,10.391625,9.978146
val,Y1,10.547527,9.81576
val,Y1,10.594542,12.659548
val,Y1,10.047347,12.24742
val,Y1,9.245514,8.341481
val,Y1,8.67875,7.3179893
val,Y1,8.185958,8.230645
val,Y1,8.114639,9.703913
val,Y1,8.46675,11.199538
val,Y1,8.935458,9.443951
val,Y1,9.420459,7.877401
val,Y1,9.686014,10.591055
val,Y1,9.597944,12.530762
val,Y1,9.516486,12.864826
val,Y1,9.7080555,11.781836
val,Y1,10.046431,10.378967
val,Y1,10.379611,12.397446
val,Y1,10.687695,12.7056675
val,Y1,10.931306,10.183548
val,Y1,10.443334,7.2170515
val,Y1,8.943931,10.537079
val,Y1,7.8152223,12.274043
val,Y1,7.8729305,6.734675
val,Y1,8.570403,11.001761
val,Y1,9.321597,16.891985
val,Y1,9.757361,20.76798
val,Y1,10.0217085,16.442308
val,Y1,10.245708,13.77961
val,Y1,10.382861,11.4326935
val,Y1,10.5565,11.018635
val,Y1,10.734542,11.220551
val,Y1,10.838708,10.502682
val,Y1,10.921416,11.85257
val,Y1,10.837819,13.013718
val,Y1,10.516306,12.13567
val,Y1,10.133597,13.312406
val,Y1,9.631695,14.61497
val,Y1,8.999473,12.1071415
val,Y1,8.627084,10.891197
val,Y1,8.722125,11.149627
val,Y1,9.140208,10.6632595
val,Y1,9.547973,9.610148
val,Y1,9.657945,10.78583
val,Y1,9.79375,12.921507
val,Y1,10.040597,11.741962
val,Y1,9.907736,13.605153
val,Y1,9.239139,12.227245
val,Y1,8.1235,8.642894
val,Y1,6.344333,11.721838
val,Y1,4.363278,13.341098
val,Y1,2.7966805,14.147387
val,Y1,2.0047917,13.185619
val,Y1,2.6270278,10.001035
val,Y1,3.9324443,6.561362
val,Y1,5.174722,7.8854184
val,Y1,6.396375,10.885784
val,Y1,7.396528,10.130993
val,Y1,8.260014,11.77384
val,Y1,8.982542,12.26796
val,Y1,9.230222,10.944986
val,Y1,8.855194,10.745171
val,Y1,7.9448195,13.232379
val,Y1,6.8896527,18.318998
val,Y1,6.3030696,15.774554
val,Y1,6.218514,10.920552
val,Y1,6.262,14.630027
val,Y1,6.2519584,15.359594
val,Y1,6.183361,11.800685
val,Y1,6.073514,10.133617
val,Y1,5.8427777,13.207712
val,Y1,5.7865415,10.681778
val,Y1,6.0929165,5.7480564
val,Y1,6.359847,12.399859
val,Y1,6.3297915,15.220219
val,Y1,6.1750555,7.3580623
val,Y1,6.1379027,5.1302686
val,Y1,6.406778,6.955688
val,Y1,7.004097,5.150786
val,Y1,8.124917,5.954065
val,Y1,9.725361,12.03975
val,Y1,10.571195,10.422679
val,Y1,10.81268,8.580023
val,Y1,11.51,8.240399
val,Y1,11.137806,7.121783
val,Y1,9.436292,6.887484
val,Y1,8.276764,9.292466
val,Y1,7.794528,10.535298
val,Y1,7.378667,11.367102
val,Y1,6.7367363,10.396969
val,Y1,5.855222,7.387791
val,Y1,5.3119445,9.743334
val,Y1,5.5244584,11.792656
val,Y1,6.2731113,10.865431
val,Y1,7.1788054,10.781791
val,Y1,7.984361,6.4706826
val,Y1,8.428306,4.9823112
val,Y1,8.346139,6.998805
val,Y1,7.6271806,6.0752597
val,Y1,6.4892917,8.790079
val,Y1,5.4959445,8.41502
val,Y1,5.174667,12.014776
val,Y1,5.6270137,15.103294
val,Y1,6.3873334,10.885988
val,Y1,7.2393475,11.645667
val,Y1,8.051708,13.307942
val,Y1,8.543959,9.566246
val,Y1,8.671611,9.621958
val,Y1,8.480416,9.385339
val,Y1,8.27175,8.16757
val,Y1,8.177,9.575024
val,Y1,8.200139,10.834817
val,Y1,8.592889,10.853516
val,Y1,9.234361,11.412965
val,Y1,9.628111,8.355812
val,Y1,9.453917,7.722577
val,Y1,8.94932,8.578825
val,Y1,8.510528,8.749031
val,Y1,8.45807,9.149657
val,Y1,8.981903,9.670655
val,Y1,9.831264,8.182275
val,Y1,10.5599165,12.227335
val,Y1,10.828847,13.9064455
val,Y1,10.85825,13.277927
val,Y1,11.058291,14.533127
val,Y1,11.403042,10.892591
val,Y1,11.73257,3.6743376
val,Y1,11.791889,5.5157437
val,Y1,11.609417,8.81179
val,Y1,11.429889,7.5279484
val,Y1,11.394444,5.761894
val,Y1,11.399153,5.5742087
val,Y1,11.251555,6.6936917
val,Y1,11.188292,13.558445
val,Y1,11.493931,11.34251
val,Y1,11.804542,7.1629443
val,Y1,11.965097,9.522376
val,Y1,12.21725,8.758995
val,Y1,12.425,9.323844
val,Y1,12.4042635,12.395872
val,Y1,12.115111,14.227631
val,Y1,12.084653,14.453924
val,Y1,12.379416,9.544081
val,Y1,12.581708,8.258162
val,Y1,12.701292,7.465185
val,Y1,12.17775,9.135848
val,Y1,11.080264,8.975222
val,Y1,10.610389,7.3997226
val,Y1,11.169181,7.333624
val,Y1,12.144097,10.847578
val,Y1,13.1135,12.8257065
val,Y1,13.837791,9.889009
val,Y1,14.065028,11.983937
val,Y1,13.624181,12.116395
val,Y1,12.5715,11.205406
val,Y1,11.384958,12.216026
val,Y1,10.354959,9.850191
val,Y1,9.4753475,8.063615
val,Y1,8.581555,8.985297
val,Y1,7.367708,7.457154
val,Y1,6.0530276,6.239289
val,Y1,5.5513196,6.392349
val,Y1,6.0247917,6.8049912
val,Y1,6.8366528,6.832044
val,Y1,7.785875,7.7670255
val,Y1,8.646611,6.61811
val,Y1,9.189931,6.705202
val,Y1,9.586847,7.91849
val,Y1,9.968903,10.043187
val,Y1,10.4745,8.406635
val,Y1,11.079348,10.560149
val,Y1,11.571736,12.441273
val,Y1,11.852333,8.883809
val,Y1,12.007347,7.62495
val,Y1,12.058958,7.953717
val,Y1,11.853639,11.142445
val,Y1,11.405889,10.941149
val,Y1,10.5495,11.891558
val,Y1,9.152889,11.840498
val,Y1,8.003902,9.371876
val,Y1,7.468514,7.904426
val,Y1,7.083653,8.505316
val,Y1,6.669903,9.394045
val,Y1,6.3295417,10.081
val,Y1,6.1235557,8.262037
val,Y1,6.047861,6.935339
val,Y1,6.1945,6.5335474
val,Y1,6.479111,7.196339
val,Y1,6.640792,10.3787155
val,Y1,6.574236,11.018778
val,Y1,6.3449306,10.382912
val,Y1,6.0844445,11.217389
val,Y1,5.9905,12.221245
val,Y1,6.076208,10.5625515
val,Y1,6.486778,8.855278
val,Y1,7.2105694,7.0937295
val,Y1,7.784,5.080796
val,Y1,8.153222,7.0558057
val,Y1,8.654028,10.020355
val,Y1,9.1443615,8.810244
val,Y1,9.170417,7.430516
val,Y1,8.356806,7.6602306
val,Y1,6.7456527,5.270886
val,Y1,5.0780416,4.139417
val,Y1,4.246208,6.75133
val,Y1,4.6895556,8.289073
val,Y1,5.8115835,5.489547
val,Y1,6.8775415,4.4025664
val,Y1,7.5945,5.15046
val,Y1,7.92825,8.359407
val,Y1,8.120556,10.388636
val,Y1,8.169723,7.820625
val,Y1,8.2135,5.7479134
val,Y1,8.687236,7.2677436
val,Y1,9.510208,8.712475
val,Y1,10.315361,7.4666133
val,Y1,10.974139,4.127973
val,Y1,11.4777775,3.457244
val,Y1,11.897695,3.599663
val,Y1,12.330375,3.0313566
val,Y1,12.611736,3.216035
val,Y1,12.615958,4.7167377
val,Y1,12.430472,12.35504
val,Y1,12.282416,10.352719
val,Y1,12.254556,6.3758583
val,Y1,12.317542,9.056153
val,Y1,12.523639,10.888228
val,Y1,12.766306,9.654654
val,Y1,12.999444,7.7538643
val,Y1,13.1554165,7.0703597
val,Y1,13.037,7.409327
val,Y1,12.589833,9.206722
val,Y1,11.837014,10.574915
val,Y1,10.770708,8.912275
val,Y1,9.61318,5.579594
val,Y1,8.533958,6.2931476
val,Y1,7.7819166,6.487695
val,Y1,7.438597,6.39968
val,Y1,7.389917,7.396481
val,Y1,7.46825,6.372
val,Y1,7.4518056,7.808708
val,Y1,7.6160417,9.482902
val,Y1,8.133986,7.238892
val,Y1,8.830722,7.7494597
val,Y1,9.534403,9.111137
val,Y1,10.183736,11.3277
val,Y1,10.760236,7.991764
val,Y1,11.371098,4.3753395
val,Y1,12.037,4.1158133
val,Y1,12.566986,6.210613
val,Y1,13.00532,7.9680223
val,Y1,13.296987,7.644296
val,Y1,13.223069,8.368887
val,Y1,12.944708,7.842054
val,Y1,12.7711525,7.0734925
val,Y1,12.7375555,4.2961564
val,Y1,12.73525,3.6471696
val,Y1,12.5090275,2.9530249
val,Y1,12.029333,2.402882
val,Y1,11.556556,2.168346
val,Y1,11.180041,2.1555016
val,Y1,10.855056,2.5791507
val,Y1,10.714236,2.6848164
val,Y1,10.764264,2.4179292
val,Y1,10.804528,2.4789176
val,Y1,10.800236,2.7694988
val,Y1,10.736652,2.5549798
val,Y1,10.639209,2.2645044
val,Y1,10.662209,2.613993
val,Y1,10.7381525,3.6499786
val,Y1,10.628917,4.046378
val,Y1,10.512611,4.1778116
val,Y1,10.646986,4.204463
val,Y1,10.764639,8.515425
val,Y1,10.574833,9.245837
val,Y1,10.42625,8.162037
val,Y1,10.525653,4.794831
val,Y1,10.767236,6.28258
val,Y1,11.118305,9.188829
val,Y1,11.59475,10.160998
val,Y1,12.294875,9.858662
val,Y1,12.857291,13.738908
val,Y1,13.104777,14.863293
val,Y1,13.34857,13.274579
val,Y1,13.675555,11.132866
val,Y1,14.02475,6.2525854
val,Y1,14.331403,4.2563443
val,Y1,14.469569,4.2357297
val,Y1,14.297778,4.815004
val,Y1,13.930528,9.213232
val,Y1,13.536917,11.620066
val,Y1,13.074917,10.48719
val,Y1,12.282222,7.4886003
val,Y1,10.859263,5.423614
val,Y1,8.962556,8.060941
val,Y1,7.0099583,9.741523
val,Y1,5.2885556,8.09511
val,Y1,3.8741388,6.7112412
val,Y1,2.784139,6.796374
val,Y1,1.9112362,4.3566465
val,Y1,1.2749444,4.1785703
val,Y1,0.9671528,6.721303
val,Y1,0.7550833,17.80694
val,Y1,0.49694446,16.512619
val,Y1,0.32893056,13.938597
val,Y1,0.31898612,15.261568
val,Y1,0.5114722,15.227141
val,Y1,1.0520694,15.035391
val,Y1,1.9235139,14.460354
val,Y1,3.0012777,11.517855
val,Y1,4.268125,14.602626
val,Y1,5.4688473,18.240736
val,Y1,6.2735415,14.199089
val,Y1,6.967375,13.408356
val,Y1,7.7557917,14.337252
val,Y1,8.286764,12.716913
val,Y1,8.229292,11.0967455
val,Y1,7.4937916,11.974028
val,Y1,6.1081944,11.676628
val,Y1,4.8375835,10.4772
val,Y1,4.6415415,8.039643
val,Y1,5.3678193,8.954121
val,Y1,6.4281526,8.022074
val,Y1,7.3855696,5.58395
val,Y1,7.888597,3.721086
val,Y1,8.237958,5.176808
val,Y1,8.802792,6.5571666
val,Y1,9.264847,7.0027986
val,Y1,9.457958,7.198464
val,Y1,9.711,9.704281
val,Y1,10.018222,11.040705
val,Y1,10.094791,9.4798765
val,Y1,9.955764,7.7942624
val,Y1,9.787681,6.303225
val,Y1,9.8411665,6.849237
val,Y1,10.0935,10.488519
val,Y1,10.330028,8.987238
val,Y1,10.269681,9.905959
val,Y1,9.918028,8.507051
val,Y1,9.738569,5.653339
val,Y1,10.009722,11.850134
val,Y1,10.67718,13.650372
val,Y1,11.211764,4.2939014
val,Y1,11.171611,5.1108623
val,Y1,10.840819,7.6444182
val,Y1,10.515986,14.49637
val,Y1,10.216028,13.815527
val,Y1,9.940792,14.018972
val,Y1,9.757083,14.835302
val,Y1,9.921695,13.798656
val,Y1,10.597445,13.678329
val,Y1,11.556069,12.65204
val,Y1,12.529486,10.138561
val,Y1,13.165611,7.4563346
val,Y1,13.407805,8.955715
val,Y1,13.682611,8.47633
val,Y1,13.965902,7.876017
val,Y1,14.031097,5.679444
val,Y1,14.109,6.164246
val,Y1,14.295652,6.634518
val,Y1,14.3455,10.00733
val,Y1,14.175902,9.801693
val,Y1,14.053,11.852121
val,Y1,14.069819,12.640888
val,Y1,14.246083,5.7012467
val,Y1,14.46718,4.0271077
val,Y1,14.446458,3.3057556
val,Y1,14.434042,4.8880033
val,Y1,14.627625,7.519842
val,Y1,14.697416,16.058859
val,Y1,14.483097,16.746363
val,Y1,14.19,14.353323
val,Y1,13.8909445,13.348267
val,Y1,13.179931,13.705968
val,Y1,11.770361,15.603699
val,Y1,10.14557,16.087523
val,Y1,8.580361,16.343742
val,Y1,6.920125,18.683947
val,Y1,5.268472,16.916529
val,Y1,3.764889,16.16473
val,Y1,2.5080833,12.991137
val,Y1,1.6809444,15.268593
val,Y1,1.5399584,12.824527
val,Y1,2.427625,11.498648
val,Y1,3.832611,10.615736
val,Y1,5.1118054,5.1824665
val,Y1,6.1113057,4.818375
val,Y1,6.7523613,4.5628743
val,Y1,7.0770416,5.088932
val,Y1,6.818333,7.186766
val,Y1,6.152694,6.7235303
val,Y1,5.772861,8.207583
val,Y1,6.115361,10.007498
val,Y1,6.9515834,8.660422
val,Y1,7.767778,6.6317
val,Y1,8.198986,11.362024
val,Y1,8.15582,9.0880375
val,Y1,7.603889,5.2235007
val,Y1,6.3596945,3.2755222
val,Y1,4.7854304,3.0236855
val,Y1,3.665514,4.4353924
val,Y1,3.4839168,5.904469
val,Y1,4.380736,6.452724
val,Y1,5.769,5.916783
val,Y1,6.8717637,5.572178
val,Y1,7.653167,7.3010383
val,Y1,8.325569,7.7730575
val,Y1,8.818694,5.945839
val,Y1,8.311292,6.072432
val,Y1,6.7419443,6.81542
val,Y1,5.297389,6.6361923
val,Y1,4.2206945,8.781665
val,Y1,3.8877084,9.851509
val,Y1,4.8306665,9.103439
val,Y1,6.1944447,13.117464
val,Y1,6.9535418,12.07155
val,Y1,7.2248054,8.152016
val,Y1,6.985653,7.7941985
val,Y1,6.108264,7.3373046
val,Y1,5.4131665,5.085856
val,Y1,5.322389,5.6801386
val,Y1,5.966264,7.1821437
val,Y1,7.0292363,6.9052167
val,Y1,7.8930974,8.151156
val,Y1,8.623652,3.8205721
val,Y1,9.261903,4.4817786
val,Y1,9.717542,12.143103
val,Y1,9.824403,13.63147
val,Y1,9.37682,13.069394
val,Y1,8.192264,15.960409
val,Y1,6.8055973,16.748674
val,Y1,5.7778473,15.399393
val,Y1,4.934347,15.668683
val,Y1,4.5625415,16.709066
val,Y1,5.0404444,17.265211
val,Y1,6.0643473,19.061407
val,Y1,7.00575,16.256872
val,Y1,7.494972,14.966448
val,Y1,7.6164165,15.4949875
val,Y1,7.871986,15.252705
val,Y1,8.101292,16.220453
val,Y1,8.139402,16.049862
val,Y1,8.272347,12.093536
val,Y1,8.285431,8.688278
val,Y1,7.5816665,7.732271
val,Y1,6.735736,6.7198224
val,Y1,6.6753473,6.1028
val,Y1,7.1870418,5.599795
val,Y1,7.8631945,6.173184
val,Y1,8.503195,7.767505
val,Y1,8.881736,8.417667
val,Y1,9.080639,6.0434594
val,Y1,9.35475,8.593481
val,Y1,9.510263,7.3996196
val,Y1,9.497806,3.4841728
val,Y1,9.486931,6.1338854
val,Y1,9.604777,11.721659
val,Y1,9.788292,13.588531
val,Y1,9.93232,14.77503
val,Y1,10.130347,13.289438
val,Y1,10.253834,13.484432
val,Y1,10.094014,13.441383
val,Y1,9.746805,10.657383
val,Y1,9.445723,16.379065
val,Y1,9.328514,14.0402
val,Y1,9.38525,6.5767307
val,Y1,9.656875,8.44323
val,Y1,10.103125,6.0892196
val,Y1,10.442945,5.5572934
val,Y1,10.511416,6.010077
val,Y1,10.31068,8.160448
val,Y1,10.002319,7.355981
val,Y1,9.780666,10.96636
val,Y1,9.708487,8.374586
val,Y1,9.780903,3.9804235
val,Y1,9.914473,6.4568453
val,Y1,10.041306,6.8583612
val,Y1,9.949041,4.847946
val,Y1,9.56925,8.339882
val,Y1,9.152306,15.323946
val,Y1,8.628861,10.691437
val,Y1,7.900708,6.4130673
val,Y1,7.0094028,8.112231
val,Y1,5.6217084,8.159349
val,Y1,3.7362084,9.110245
val,Y1,1.8579445,10.919149
val,Y1,0.5517361,6.7809477
val,Y1,0.06994444,5.527988
val,Y1,0.016958334,5.094492
val,Y1,0.019,5.786897
val,Y1,0.016152779,9.435851
val,Y1,0.013666667,8.65761
val,Y1,0.014166667,8.6809225
val,Y1,0.014444444,10.903885
val,Y1,0.013944444,9.525408
val,Y1,0.013791666,9.816185
val,Y1,0.015263889,7.672993
val,Y1,0.15093055,4.8133626
val,Y1,1.4246111,6.325983
val,Y1,3.3236806,6.3926835
val,Y1,4.475514,9.840434
val,Y1,5.232764,10.682459
val,Y1,5.826125,9.343454
val,Y1,5.910681,10.763986
val,Y1,4.9584723,15.2092495
val,Y1,3.6599445,11.552423
val,Y1,3.728111,8.499814
val,Y1,5.109625,9.818258
val,Y1,6.5880556,9.612171
val,Y1,7.820653,8.982087
val,Y1,8.946264,8.5672245
val,Y1,10.039153,8.480894
val,Y1,10.932236,9.89838
val,Y1,11.572194,10.018921
val,Y1,12.198986,8.578791
val,Y1,12.692125,6.776241
val,Y1,12.919375,4.195618
val,Y1,13.156944,4.069067
val,Y1,13.5305,8.782627
val,Y1,13.952,9.595533
val,Y1,14.2786665,7.7688746
val,Y1,14.341708,13.054115
val,Y1,14.189847,13.920582
val,Y1,14.010805,8.084596
val,Y1,13.825097,9.929825
val,Y1,13.674556,10.834009
val,Y1,13.599514,9.641556
val,Y1,13.471986,10.065037
val,Y1,13.270987,9.354056
val,Y1,13.09625,10.060846
val,Y1,12.884653,13.734381
val,Y1,12.17475,11.401688
val,Y1,10.915639,8.3825
val,Y1,9.471583,10.022667
val,Y1,8.421097,9.247377
val,Y1,8.054194,8.770285
val,Y1,7.9469585,7.5916195
val,Y1,7.8769307,7.6291895
val,Y1,8.040028,5.201119
val,Y1,8.669014,6.3503866
val,Y1,9.465639,7.224796
val,Y1,9.942792,11.329016
val,Y1,9.96825,9.076942
val,Y1,9.793597,6.0909953
val,Y1,9.6872225,6.463467
val,Y1,9.696875,7.3529096
val,Y1,9.8943615,9.401169
val,Y1,10.219277,12.24481
val,Y1,10.549236,10.096569
val,Y1,10.914125,9.108577
val,Y1,11.420625,9.532494
val,Y1,12.055098,9.256664
val,Y1,12.527445,9.239844
val,Y1,12.478375,12.204812
val,Y1,11.9650135,12.084427
val,Y1,11.259722,11.100076
val,Y1,10.522014,8.716326
val,Y1,9.974958,8.325934
val,Y1,9.5662775,6.425899
val,Y1,9.15607,5.2377253
val,Y1,8.795222,4.6264396
val,Y1,8.486972,6.586047
val,Y1,8.234389,5.2956414
val,Y1,8.087931,2.3318365
val,Y1,7.925,2.1942549
val,Y1,7.612597,2.4688482
val,Y1,7.3160973,2.7037807
val,Y1,6.907722,4.4305596
val,Y1,6.129236,5.6133127
val,Y1,5.254736,8.368271
val,Y1,4.627278,9.513098
val,Y1,4.232389,7.4691625
val,Y1,3.9676666,7.48629
val,Y1,3.8123333,11.093256
val,Y1,3.6999445,10.7289715
val,Y1,3.570639,11.064164
val,Y1,3.3685973,10.854008
val,Y1,3.0442083,10.21064
val,Y1,2.6058333,10.209191
val,Y1,2.140486,8.512327
val,Y1,1.7741805,7.2809253
val,Y1,1.5194305,7.1471395
val,Y1,1.29125,6.4869027
val,Y1,1.0527084,6.6259613
val,Y1,0.79581946,9.331301
val,Y1,0.5155,17.589453
val,Y1,0.22565278,13.040136
val,Y1,0.06566667,9.43429
val,Y1,0.0355,7.8242183
val,Y1,0.014277778,9.9140835
val,Y1,0.012180556,12.409924
val,Y1,0.019541666,12.574598
val,Y1,0.029347222,13.353552
val,Y1,0.14825,12.015411
val,Y1,0.82131946,11.117525
val,Y1,2.2251666,13.868753
val,Y1,3.7625418,12.355728
val,Y1,4.9899445,14.043055
val,Y1,5.936153,15.766452
val,Y1,6.610708,11.59515
val,Y1,7.1205835,12.39878
val,Y1,7.6245694,10.911956
val,Y1,8.134181,11.579198
val,Y1,8.602445,13.116629
val,Y1,8.885805,15.651859
val,Y1,9.031042,11.809024
val,Y1,9.256291,11.317314
val,Y1,9.733306,13.106222
val,Y1,10.290889,11.7433195
val,Y1,10.596194,9.654507
val,Y1,10.7915,10.267189
val,Y1,11.081278,13.010988
val,Y1,11.5975,17.119154
val,Y1,12.309806,11.480471
val,Y1,12.648486,4.6616244
val,Y1,12.511431,6.4395337
val,Y1,12.219194,7.4513817
val,Y1,11.887208,11.8069
val,Y1,11.628847,13.018279
val,Y1,11.608736,10.823027
val,Y1,12.005542,7.430121
val,Y1,12.665722,6.409909
val,Y1,13.403028,5.0061417
val,Y1,14.097222,7.108695
val,Y1,14.5616665,7.449299
val,Y1,14.837973,5.913346
val,Y1,15.099222,4.563392
val,Y1,15.294209,5.489225
val,Y1,15.275556,6.737167
val,Y1,15.086833,5.3622403
val,Y1,14.872791,3.3003895
val,Y1,14.567111,3.158812
val,Y1,13.901709,4.7452984
val,Y1,12.9013195,4.6614623
val,Y1,12.077736,4.716065
val,Y1,11.584611,9.000216
val,Y1,11.077791,8.831566
val,Y1,9.715347,8.422413
val,Y1,8.268458,9.551851
val,Y1,8.065181,8.5636215
val,Y1,8.546875,6.0560656
val,Y1,8.844347,5.0429306
val,Y1,8.648181,6.4404287
val,Y1,8.439097,7.399196
val,Y1,8.481042,5.9386153
val,Y1,8.748625,3.3727314
val,Y1,9.250944,4.919732
val,Y1,9.898152,6.250979
val,Y1,10.562278,10.175934
val,Y1,10.778861,12.399189
val,Y1,10.574333,17.462084
val,Y1,10.53,14.361025
val,Y1,10.228125,13.1751585
val,Y1,9.819375,15.938729
val,Y1,10.097736,12.15831
val,Y1,10.804139,12.657734
val,Y1,11.611097,12.29691
val,Y1,12.286,11.188551
val,Y1,12.819125,13.345194
val,Y1,13.26068,16.159132
val,Y1,13.5292635,14.3142805
val,Y1,13.769139,10.453451
val,Y1,13.788903,8.311762
val,Y1,13.836111,6.999961
val,Y1,14.132125,6.517199
val,Y1,14.396,5.8101926
val,Y1,14.666667,5.52273
val,Y1,14.994792,5.44669
val,Y1,15.383445,4.8817
val,Y1,15.578195,4.5361886
val,Y1,15.77875,4.4162135
val,Y1,15.952681,4.560471
val,Y1,15.997528,7.8995957
val,Y1,16.396458,11.7404995
val,Y1,17.025764,7.136661
val,Y1,17.7525,6.735392
val,Y1,18.416931,7.5374436
val,Y1,18.548277,10.182674
val,Y1,18.179083,8.96502
val,Y1,17.81129,9.814869
val,Y1,17.680487,9.875053
val,Y1,17.703917,4.7399487
val,Y1,17.674347,4.496095
val,Y1,17.47961,5.9255385
val,Y1,17.363903,6.0978436
val,Y1,17.45232,9.468334
val,Y1,17.535402,7.700996
val,Y1,17.496513,8.917257
val,Y1,17.45621,6.3738832
val,Y1,17.485043,6.8040056
val,Y1,17.496181,7.289929
val,Y1,17.572971,8.621602
val,Y1,17.812347,9.09363
val,Y1,17.98818,8.514514
val,Y1,17.999487,8.666361
val,Y1,18.018847,5.6957765
val,Y1,18.26843,3.6399503
val,Y1,18.73018,4.881858
val,Y1,19.01036,6.232797
val,Y1,19.026527,9.212216
val,Y1,18.86825,12.293945
val,Y1,18.651154,11.41774
val,Y1,18.690416,7.4549236
val,Y1,18.888042,4.877733
val,Y1,18.89632,3.570846
val,Y1,19.812431,3.4016972
val,Y1,20.336834,3.0541604
val,Y1,19.693542,2.6117086
val,Y1,19.449848,4.3071923
val,Y1,19.401598,5.900561
val,Y1,19.103514,3.8850327
val,Y1,18.570847,2.7714195
val,Y1,18.373041,3.510695
val,Y1,18.521444,4.4223437
val,Y1,18.7305,4.340905
val,Y1,18.932167,5.1235843
val,Y1,19.125805,5.0816283
val,Y1,19.082125,3.6297007
val,Y1,18.817305,2.9345026
val,Y1,18.517263,2.7808862
val,Y1,18.238832,2.8228865
val,Y1,18.202986,7.311009
val,Y1,18.478777,8.395895
val,Y1,18.808098,7.7453628
val,Y1,19.16096,5.6079187
val,Y1,19.315166,5.0512376
val,Y1,18.092361,8.914112
val,Y1,13.028014,8.414297
val,Y1,7.4779167,5.7318387
val,Y1,4.6311665,6.2800107
val,Y1,1.7205695,8.50398
val,Y1,0.031805556,8.001299
val,Y1,4.6162224,7.447598
val,Y1,13.97407,8.452505
val,Y1,18.886152,7.602672
val,Y1,18.827305,6.878241
val,Y1,18.438667,6.930759
val,Y1,17.955805,8.173388
val,Y1,17.439959,7.894071
val,Y1,16.99943,7.1597466
val,Y1,16.776861,8.3363495
val,Y1,16.888653,8.820726
val,Y1,17.280792,5.8846087
val,Y1,17.722986,5.4239225
val,Y1,17.913805,6.395197
val,Y1,17.836111,5.6626964
val,Y1,17.736319,4.4861355
val,Y1,17.777653,4.9498124
val,Y1,17.997,3.8094556
val,Y1,18.299944,2.5957136
val,Y1,18.614681,2.611633
val,Y1,18.969084,4.227531
val,Y1,19.361237,5.1096373
val,Y1,19.637486,3.497115
val,Y1,19.600222,2.6931615
val,Y1,19.38457,5.3755126
val,Y1,19.249277,4.975384
val,Y1,19.21743,5.134626
val,Y1,19.232944,8.190321
val,Y1,19.301111,13.436773
val,Y1,19.453056,15.646654
val,Y1,19.666597,17.226799
val,Y1,19.500195,13.977011
val,Y1,18.646597,14.5861
val,Y1,17.423403,12.755861
val,Y1,16.299583,10.831068
val,Y1,15.453305,12.910792
val,Y1,15.113778,13.248348
val,Y1,15.453709,14.470322
val,Y1,15.92918,13.561779
val,Y1,16.196486,11.762756
val,Y1,16.48307,14.262948
val,Y1,16.867208,13.939178
val,Y1,17.001833,10.916462
val,Y1,16.59175,13.297104
val,Y1,15.674916,12.531639
val,Y1,14.400139,10.5522
val,Y1,12.54875,7.607344
val,Y1,10.23,5.2789993
val,Y1,7.8965836,4.2417164
val,Y1,6.094375,6.4678493
val,Y1,5.5223475,7.2910347
val,Y1,6.2752776,8.457248
val,Y1,7.691,11.221928
val,Y1,8.65607,14.815183
val,Y1,8.704972,9.999049
val,Y1,8.437041,8.887552
val,Y1,8.545847,8.116819
val,Y1,9.119792,8.226057
val,Y1,9.876348,8.218205
val,Y1,10.622541,3.462117
val,Y1,11.309097,4.4152102
val,Y1,11.532111,4.996815
val,Y1,11.229722,3.3735178
val,Y1,10.868722,2.9514852
val,Y1,10.705653,2.9562278
val,Y1,10.686402,3.1019192
val,Y1,10.534708,2.7320259
val,Y1,10.426666,2.9904535
val,Y1,10.812667,3.1621203
val,Y1,11.343458,4.1336255
val,Y1,11.45775,7.1915865
val,Y1,11.334611,6.8380437
val,Y1,11.404972,8.259912
val,Y1,11.79532,7.545319
val,Y1,12.320111,10.853266
val,Y1,12.874514,11.547129
val,Y1,13.2977085,8.17651
val,Y1,13.366902,11.695986
val,Y1,13.18757,12.134388
val,Y1,13.057236,8.549917
val,Y1,13.029486,12.739054
val,Y1,13.017764,12.086248
val,Y1,13.056666,11.855734
val,Y1,12.940291,14.808672
val,Y1,12.559722,13.022793
val,Y1,12.216291,11.372456
val,Y1,12.019903,10.919514
val,Y1,11.881695,11.6712
val,Y1,11.811806,11.581739
val,Y1,11.906542,12.684315
val,Y1,12.120694,12.780654
val,Y1,12.421625,9.695244
val,Y1,12.829111,8.040961
val,Y1,13.2931385,12.00974
val,Y1,13.710569,10.695875
val,Y1,13.815889,4.136294
val,Y1,13.797444,2.9998343
val,Y1,12.706139,4.539824
val,Y1,11.456375,4.620989
val,Y1,10.798708,4.1127295
val,Y1,9.970819,4.541426
val,Y1,9.380389,6.6308475
val,Y1,8.7355,9.664493
val,Y1,8.32443,11.68496
val,Y1,8.610778,12.344096
val,Y1,9.358694,11.003709
val,Y1,9.670333,9.420837
val,Y1,9.431125,10.304023
val,Y1,9.496445,9.563747
val,Y1,10.216361,3.8882978
val,Y1,11.323611,4.3183985
val,Y1,12.800514,6.762229
val,Y1,14.405097,13.839983
val,Y1,15.510944,13.586081
val,Y1,15.344916,10.328448
val,Y1,14.340042,12.658716
val,Y1,13.655694,14.017163
val,Y1,13.256986,13.776034
val,Y1,13.006611,13.362835
val,Y1,12.964778,9.524347
val,Y1,13.045819,10.549698
val,Y1,13.259459,12.56719
val,Y1,13.639736,11.450886
val,Y1,14.011139,11.438229
val,Y1,14.099444,10.092353
val,Y1,13.852014,13.894535
val,Y1,13.46682,14.223665
val,Y1,13.184264,8.875956
val,Y1,13.085861,7.5418124
val,Y1,13.053319,6.021318
val,Y1,12.8041115,6.1578765
val,Y1,12.258653,6.960754
val,Y1,11.385986,5.857613
val,Y1,10.029333,5.7489896
val,Y1,8.382709,5.508583
val,Y1,6.5167084,5.6118865
val,Y1,4.6683054,5.780931
val,Y1,3.4912221,5.3949018
val,Y1,3.1468472,5.5461726
val,Y1,3.6240277,5.5315104
val,Y1,4.6351805,5.5944004
val,Y1,5.602847,5.450357
val,Y1,6.2208056,5.6176867
val,Y1,6.333597,6.2691607
val,Y1,6.2540555,4.7444463
val,Y1,6.3594584,3.8659868
val,Y1,6.687208,3.1545115
val,Y1,7.2673473,4.0495973
val,Y1,8.062764,3.7326808
val,Y1,9.0853615,5.6367965
val,Y1,10.324513,7.3319125
val,Y1,11.513028,11.140652
val,Y1,12.12693,9.704192
val,Y1,12.148125,8.659815
val,Y1,12.188056,9.890067
val,Y1,12.519125,9.446032
val,Y1,13.015111,10.155294
val,Y1,13.5355,11.199472
val,Y1,13.871542,8.759265
val,Y1,13.986305,7.843819
val,Y1,14.0853615,4.9930396
val,Y1,14.125334,5.054863
val,Y1,14.027833,6.6911855
val,Y1,13.932777,5.62223
val,Y1,13.815444,10.727349
val,Y1,13.549819,13.689686
val,Y1,13.231806,14.886511
val,Y1,12.90582,14.474319
val,Y1,12.347305,14.51143
val,Y1,11.331083,15.559474
val,Y1,9.752236,11.863476
val,Y1,7.836347,13.889345
val,Y1,6.383264,17.746185
val,Y1,6.2092915,16.4499
val,Y1,7.1378613,14.772733
val,Y1,8.386431,13.640299
val,Y1,9.116694,15.476835
val,Y1,8.3769865,15.146158
val,Y1,6.7972083,12.56048
val,Y1,5.680139,12.835503
val,Y1,5.475153,15.296958
val,Y1,6.184375,15.519085
val,Y1,7.1709585,12.865364
val,Y1,7.7794166,13.760565
val,Y1,7.7153473,14.603334
val,Y1,7.3850694,15.930296
val,Y1,7.061792,12.898674
val,Y1,6.62475,12.073887
val,Y1,6.0758195,11.445326
val,Y1,5.1088333,12.758781
val,Y1,3.3771527,12.571142
val,Y1,1.3994861,8.688385
val,Y1,0.26580554,7.2878537
val,Y1,0.017972222,5.588844
val,Y1,0.012708333,4.230003
val,Y1,0.012902778,3.3520775
val,Y1,0.0125,5.9648643
val,Y1,0.023597222,4.2891893
val,Y1,0.4846389,2.9081411
val,Y1,1.6383889,4.3261323
val,Y1,2.8186111,5.54625
val,Y1,3.6372082,5.060014
val,Y1,4.327764,3.2914805
val,Y1,4.9754167,6.3230567
val,Y1,5.3672915,6.3001237
val,Y1,5.506,3.0222697
val,Y1,5.5941668,4.216769
val,Y1,5.6720276,5.6174054
val,Y1,5.9073887,5.956275
val,Y1,6.1086807,6.456548
val,Y1,6.0241528,5.944073
val,Y1,5.828986,8.084474
val,Y1,5.5504584,10.639559
val,Y1,5.0782223,11.132722
val,Y1,4.3071527,10.627754
val,Y1,3.4510138,6.92146
val,Y1,3.4584029,6.8907294
val,Y1,4.3564863,10.595434
val,Y1,5.257292,10.507494
val,Y1,6.0035276,10.17727
val,Y1,6.430264,13.523994
val,Y1,6.3949723,13.200777
val,Y1,6.1130276,16.269812
val,Y1,5.8170276,15.672654
val,Y1,5.6458473,14.003366
val,Y1,5.5817084,11.382289
val,Y1,5.448583,12.697147
val,Y1,5.0887775,9.77573
val,Y1,4.530653,6.140942
val,Y1,3.755125,10.502281
val,Y1,2.952389,14.664892
val,Y1,2.4236667,15.874102
val,Y1,1.8808334,14.382297
val,Y1,1.1940556,8.530076
val,Y1,0.5950278,5.3575454
val,Y1,0.17825,8.64378
val,Y1,0.022541666,9.089418
val,Y1,0.018291667,7.176582
val,Y1,0.016138889,8.319387
val,Y1,0.013652778,6.208016
val,Y1,0.013833334,6.2594724
val,Y1,0.011513889,5.6990147
val,Y1,0.009638889,5.3908496
val,Y1,0.045041665,7.4539475
val,Y1,0.32740277,7.792031
val,Y1,1.0325139,5.6977
val,Y1,1.8671666,6.0462337
val,Y1,2.5290556,6.579531
val,Y1,3.3919444,6.1513386
val,Y1,4.55825,5.040828
val,Y1,5.4325137,4.9129453
val,Y1,5.6436667,7.127648
val,Y1,5.513653,7.271901
val,Y1,5.930875,4.873444
val,Y1,6.976111,6.29073
val,Y1,7.7174444,7.357471
val,Y1,7.912736,6.063689
val,Y1,8.026486,9.522043
val,Y1,8.154805,10.205402
val,Y1,7.7082086,9.422692
val,Y1,6.5971947,13.398586
val,Y1,5.4902916,13.403113
val,Y1,4.645236,11.194555
val,Y1,4.514583,8.473071
val,Y1,5.15225,7.747579
val,Y1,6.0007224,7.4100194
val,Y1,6.7655835,5.773171
val,Y1,7.350458,4.8388553
val,Y1,7.87225,4.396811
val,Y1,8.24118,5.438428
val,Y1,8.446792,10.558537
val,Y1,8.564709,13.90365
val,Y1,8.128486,9.443001
val,Y1,7.1004305,9.271563
val,Y1,5.889236,11.66592
val,Y1,4.879597,10.103028
val,Y1,4.916403,9.01935
val,Y1,5.800361,10.091003
val,Y1,6.5556526,8.734846
val,Y1,6.910847,8.000377
val,Y1,6.9521112,6.5179334
val,Y1,6.883764,4.9862776
val,Y1,6.8813057,4.7224407
val,Y1,6.931847,5.345162
val,Y1,6.9495277,4.802184
val,Y1,6.966111,6.2411175
val,Y1,7.0360417,3.647503
val,Y1,7.155875,3.809236
val,Y1,7.2660556,7.1599174
val,Y1,7.2445555,5.1116133
val,Y1,7.0374165,7.6381927
val,Y1,6.8254304,8.523222
val,Y1,6.7656946,5.9167967
val,Y1,7.042514,6.7149463
val,Y1,7.4970417,5.739499
val,Y1,7.0705137,7.4803843
val,Y1,5.491,8.482298
val,Y1,3.799625,6.396603
val,Y1,2.5924306,8.628765
val,Y1,1.8162639,10.697821
val,Y1,1.2056806,10.5996475
val,Y1,0.96875,9.79863
val,Y1,1.7510834,8.170884
val,Y1,2.9090416,7.7870975
val,Y1,4.043125,7.1400113
val,Y1,5.3235693,6.483351
val,Y1,6.3858056,8.976424
val,Y1,7.033653,8.156543
val,Y1,7.107611,5.8053737
val,Y1,6.522875,7.6461425
val,Y1,5.267208,10.308987
val,Y1,4.112472,10.338849
val,Y1,3.5805833,8.294381
val,Y1,3.933,6.0781083
val,Y1,4.8906527,6.6230445
val,Y1,5.3005276,9.657587
val,Y1,5.425736,10.177496
val,Y1,6.036722,9.243849
val,Y1,6.7844443,9.546762
val,Y1,7.6060834,5.8386607
val,Y1,8.898278,5.167489
val,Y1,9.973028,5.441784
val,Y1,10.187458,5.03116
val,Y1,9.922875,3.6330066
val,Y1,9.5413475,3.9148533
val,Y1,9.119903,6.081275
val,Y1,8.221375,7.5925612
val,Y1,6.6527224,6.58142
val,Y1,5.142611,4.8587475
val,Y1,4.288889,5.921411
val,Y1,3.5728471,3.8477223
val,Y1,2.4968472,4.7413135
val,Y1,1.5884722,5.1030607
val,Y1,1.5570278,5.084131
val,Y1,3.255014,5.5659103
val,Y1,6.033472,6.6118307
val,Y1,8.657361,4.89138
val,Y1,10.59625,3.479196
val,Y1,11.281042,4.341701
val,Y1,10.612306,3.6704717
val,Y1,8.42425,4.341473
val,Y1,4.8617916,6.0826616
val,Y1,3.453861,7.5414677
val,Y1,5.3210974,8.165369
val,Y1,7.529972,9.13028
val,Y1,8.60625,7.4515796
val,Y1,8.812555,8.143274
val,Y1,8.896611,7.9129367
val,Y1,8.892861,6.200763
val,Y1,8.980153,6.9571567
val,Y1,9.216514,10.4506
val,Y1,9.509167,7.9369664
val,Y1,9.436708,6.0897164
val,Y1,8.97268,6.8913465
val,Y1,8.820278,7.3981957
val,Y1,9.265708,4.45596
val,Y1,9.827333,3.25042
val,Y1,9.257472,4.662173
val,Y1,7.5491943,7.722411
val,Y1,5.7865276,9.242914
val,Y1,3.9804583,7.964745
val,Y1,2.5320277,8.0488825
val,Y1,2.95125,8.05726
val,Y1,4.6464305,6.7759213
val,Y1,6.190347,11.753296
val,Y1,7.463153,13.7337475
val,Y1,8.394444,9.6900215
val,Y1,8.907695,8.784096
val,Y1,8.8081665,7.980137
val,Y1,7.8583193,9.183542
val,Y1,5.88,11.882198
val,Y1,4.29575,12.453136
val,Y1,3.9909444,13.112368
val,Y1,4.0711803,8.8545065
val,Y1,4.078833,8.871592
val,Y1,3.5340555,9.898213
val,Y1,2.3802361,7.5545325
val,Y1,1.3234028,7.940822
val,Y1,0.5819861,10.340229
val,Y1,0.14870833,10.611773
val,Y1,0.034444444,8.145887
val,Y1,0.29941666,6.647169
val,Y1,1.1557778,7.4157805
val,Y1,2.1196527,7.750442
val,Y1,2.7386527,4.623667
val,Y1,3.34025,3.7801452
val,Y1,4.026292,4.209404
val,Y1,4.7793474,4.4420257
val,Y1,5.3185415,4.0851483
val,Y1,5.1369724,5.913505
val,Y1,4.5295835,6.1842036
val,Y1,4.5035973,8.230094
val,Y1,5.080583,8.598324
val,Y1,5.7301807,5.5789213
val,Y1,6.290111,2.8143456
val,Y1,6.475972,4.5202065
val,Y1,6.2959304,6.093021
val,Y1,6.0136943,7.2685275
val,Y1,5.9705696,11.46476
val,Y1,6.3619723,12.104656
val,Y1,6.8584304,13.22205
val,Y1,7.4416666,12.094202
val,Y1,8.578486,13.566521
val,Y1,9.221097,12.937994
val,Y1,8.865292,11.524538
val,Y1,8.485764,9.949083
val,Y1,8.037598,10.236913
val,Y1,7.580764,8.602381
val,Y1,7.5888057,8.942612
val,Y1,8.002611,11.676037
val,Y1,8.388416,13.78056
val,Y1,8.391319,9.666735
val,Y1,8.3053055,9.378859
val,Y1,8.418305,9.979663
val,Y1,8.450708,11.031216
val,Y1,8.256361,13.975875
val,Y1,7.999361,13.178841
val,Y1,7.588847,6.73124
val,Y1,6.1174445,6.496947
val,Y1,3.8294444,9.712494
val,Y1,2.1379445,10.051632
val,Y1,2.066236,7.4277735
val,Y1,3.4682777,8.978157
val,Y1,5.287736,10.4356785
val,Y1,7.0856805,11.8782625
val,Y1,8.609487,8.635353
val,Y1,9.366905,7.164048
val,Y1,9.180988,5.383144
val,Y1,8.133375,5.9278154
val,Y1,6.7256804,10.247786
val,Y1,5.756583,10.490178
val,Y1,5.461458,12.123891
val,Y1,6.1548195,8.96343
val,Y1,7.4844446,7.4401116
val,Y1,8.793597,9.452848
val,Y1,9.578792,10.019356
val,Y1,9.550236,10.923692
val,Y1,9.189986,13.177437
val,Y1,8.718862,10.712515
val,Y1,8.086542,6.085097
val,Y1,7.4973335,6.3998427
val,Y1,6.7447777,8.216416
val,Y1,5.267764,15.564908
val,Y1,3.2222917,17.778933
val,Y1,1.7565694,14.620382
val,Y1,2.077861,14.45539
val,Y1,3.6757638,15.123135
val,Y1,5.396375,11.307578
val,Y1,7.2045555,14.801205
val,Y1,8.490264,15.451444
val,Y1,6.926708,14.308829
val,Y1,3.6680138,14.2321205
val,Y1,2.2246666,13.461569
val,Y1,2.6752222,12.364492
val,Y1,3.3656666,10.487649
val,Y1,4.2188888,9.150988
val,Y1,5.4276667,11.562473
val,Y1,6.2626944,11.394846
val,Y1,6.8356113,14.233591
val,Y1,7.217639,13.338947
val,Y1,7.126347,11.434471
val,Y1,6.708542,9.467518
val,Y1,6.358444,8.616106
val,Y1,5.9294167,8.674081
val,Y1,6.0547085,10.665919
val,Y1,7.268361,6.7186503
val,Y1,8.484458,4.429456
val,Y1,9.145514,4.580933
val,Y1,9.3289585,7.511555
val,Y1,9.227208,8.069914
val,Y1,9.044528,8.207572
val,Y1,8.259973,11.01696
val,Y1,6.497625,9.330432
val,Y1,4.841625,8.004903
val,Y1,4.7620554,10.021826
val,Y1,6.292,12.969235
val,Y1,8.314847,11.17865
val,Y1,9.376847,9.941536
val,Y1,9.32632,9.537243
val,Y1,9.078472,10.443944
val,Y1,8.9858885,11.111029
val,Y1,9.213764,5.8274083
val,Y1,9.693292,5.5854
val,Y1,10.213375,8.225889
val,Y1,10.566667,6.9281025
val,Y1,10.46225,5.8849726
val,Y1,9.9916525,7.6809907
val,Y1,9.635612,9.313828
val,Y1,9.112208,14.305241
val,Y1,8.055861,14.024196
val,Y1,6.5961113,11.319417
val,Y1,4.411667,11.783179
val,Y1,2.3116806,10.85701
val,Y1,1.4220694,7.9136224
val,Y1,2.6291945,9.164877
val,Y1,5.546708,6.9729633
val,Y1,8.526709,8.204968
val,Y1,10.002236,8.792667
val,Y1,10.126083,9.454647
val,Y1,10.3175,9.811097
val,Y1,10.415125,9.650917
val,Y1,10.28307,8.452651
val,Y1,10.170555,11.086274
val,Y1,10.139778,13.2734375
val,Y1,10.248709,7.782211
val,Y1,10.618208,4.2707047
val,Y1,10.881736,3.6432943
val,Y1,10.801361,4.0711718
val,Y1,10.314847,3.9155843
val,Y1,9.203986,2.7094831
val,Y1,7.579986,2.770845
val,Y1,5.6214304,3.9932098
val,Y1,3.7272916,4.444323
val,Y1,2.2680416,2.9905233
val,Y1,2.0897222,3.0418947
val,Y1,3.630375,3.6019144
val,Y1,5.6134443,4.704423
val,Y1,7.2576113,4.16464
val,Y1,8.294153,4.1522245
val,Y1,8.686097,5.104326
val,Y1,8.991305,4.1508474
val,Y1,9.102653,3.857345
val,Y1,8.715542,8.586026
val,Y1,8.29475,11.115538
val,Y1,8.083,10.833324
val,Y1,8.141736,9.504908
val,Y1,8.588972,10.716246
val,Y1,9.164473,6.808097
val,Y1,9.689445,8.085874
val,Y1,9.964306,9.017184
val,Y1,9.671625,7.8738503
val,Y1,8.913986,7.8633676
val,Y1,7.942,9.856435
val,Y1,6.886389,6.837366
val,Y1,5.6980414,7.0593667
val,Y1,4.552125,9.822653
val,Y1,4.1057916,11.171527
val,Y1,3.5151112,9.260046
val,Y1,2.040611,7.564999
val,Y1,0.6628611,5.9379787
val,Y1,0.08016667,8.183094
val,Y1,0.012902778,11.823838
val,Y1,0.012875,10.506963
val,Y1,0.016375,6.9215484
val,Y1,0.60444444,5.9921327
val,Y1,2.1439583,3.6048033
val,Y1,3.8338056,3.169841
val,Y1,5.3035555,4.1332364
val,Y1,6.7145557,4.0832705
val,Y1,7.9555,4.8424807
val,Y1,8.767111,6.8770347
val,Y1,8.919528,7.764362
val,Y1,8.56082,7.8920507
val,Y1,7.990361,7.059143
val,Y1,7.292861,8.967438
val,Y1,6.409972,10.485807
val,Y1,5.630778,8.214569
val,Y1,5.2115693,4.461799
val,Y1,5.1511526,5.1991835
val,Y1,5.505597,7.3066535
val,Y1,6.258736,6.758077
val,Y1,7.0810695,9.104242
val,Y1,7.117542,5.7242293
val,Y1,5.9835973,3.410649
val,Y1,4.475097,4.5999856
val,Y1,3.6280417,4.8541965
val,Y1,3.8899446,10.402288
val,Y1,4.9297915,9.147732
val,Y1,6.003097,8.399258
val,Y1,6.900653,10.067112
val,Y1,7.9548473,12.156591
val,Y1,9.063653,11.827712
val,Y1,9.663944,6.925321
val,Y1,9.59507,6.4224906
val,Y1,9.186875,12.554862
val,Y1,8.580556,14.610341
val,Y1,7.7035694,13.048142
val,Y1,7.164875,12.342491
val,Y1,7.4751806,10.72092
val,Y1,8.14925,13.678405
val,Y1,8.684361,14.245112
val,Y1,8.877653,9.341877
val,Y1,8.720388,7.831529
val,Y1,8.550972,8.591755
val,Y1,8.558069,8.166931
val,Y1,8.598666,7.0321774
val,Y1,8.420944,6.8042383
val,Y1,7.7574306,5.359756
val,Y1,6.645931,4.6401925
val,Y1,5.596861,6.001239
val,Y1,5.086639,7.90842
val,Y1,5.605375,7.5688996
val,Y1,7.167111,8.379239
val,Y1,8.783667,5.8100433
val,Y1,9.579861,5.6440644
val,Y1,9.457973,9.651269
val,Y1,8.587514,11.018245
val,Y1,6.802639,9.048601
val,Y1,4.058,10.158893
val,Y1,2.2890139,12.230644
val,Y1,2.1679027,14.816015
val,Y1,2.063625,13.713345
val,Y1,1.5796388,10.67863
val,Y1,1.0368333,11.965307
val,Y1,0.6012361,11.827198
val,Y1,0.35744444,13.487028
val,Y1,0.36847222,12.21633
val,Y1,0.80130553,10.318998
val,Y1,1.8200139,10.030754
val,Y1,3.0833611,9.09519
val,Y1,4.2797637,12.296147
val,Y1,5.3079305,9.488853
val,Y1,6.1802917,7.1324306
val,Y1,6.8145,9.419806
val,Y1,7.1171803,6.844293
val,Y1,6.434597,3.9918098
val,Y1,3.850222,5.238416
val,Y1,2.0677779,3.8637538
val,Y1,2.513625,3.505666
val,Y1,3.1035416,4.241835
val,Y1,3.4111388,5.6936793
val,Y1,3.5244443,5.9725823
val,Y1,3.8984723,7.872872
val,Y1,4.8915834,8.663291
val,Y1,5.96825,7.775456
val,Y1,6.7274446,6.597745
val,Y1,7.1612363,8.472941
val,Y1,7.4181113,7.9573975
val,Y1,7.5504165,8.044504
val,Y1,7.5984583,9.403384
val,Y1,7.680264,6.211082
val,Y1,7.777111,4.8310184
val,Y1,7.8619585,6.612949
val,Y1,7.8684444,7.7304235
val,Y1,7.9028335,6.290035
val,Y1,8.04018,5.461756
val,Y1,8.14382,4.330251
val,Y1,8.102875,2.7323809
val,Y1,7.7716527,2.893076
val,Y1,6.592292,3.1970057
val,Y1,4.493514,4.048032
val,Y1,2.4871805,3.5894332
val,Y1,1.2323195,6.184032
val,Y1,0.651375,9.551396
val,Y1,0.484,8.910141
val,Y1,0.43779168,9.320255
val,Y1,0.22404167,9.465154
val,Y1,0.028208334,11.7868
val,Y1,0.16136111,12.585829
val,Y1,1.21175,9.6794815
val,Y1,3.2288334,9.882544
val,Y1,5.4761806,11.368645
val,Y1,7.7732916,8.197364
val,Y1,9.855264,7.3720818
val,Y1,10.627819,7.553587
val,Y1,9.391681,8.883984
val,Y1,6.9301667,9.262748
val,Y1,4.7960835,5.849162
val,Y1,4.1065,6.398409
val,Y1,4.3643613,6.637219
val,Y1,5.116653,6.0140767
val,Y1,6.2850556,4.168164
val,Y1,6.4520555,4.8244467
val,Y1,5.324986,5.8665924
val,Y1,4.5240693,5.2634935
val,Y1,4.9217916,6.5137606
val,Y1,5.874472,10.642515
val,Y1,6.4488473,11.585936
val,Y1,6.465236,11.657688
val,Y1,6.011653,7.4713025
val,Y1,5.1103473,6.8894763
val,Y1,4.0731945,9.399878
val,Y1,3.460264,8.098937
val,Y1,3.2941527,12.725802
val,Y1,3.737111,13.450652
val,Y1,4.4884305,10.453463
val,Y1,4.466722,12.878315
val,Y1,3.7379723,14.684963
val,Y1,2.899,14.395122
val,Y1,2.1954305,9.809913
val,Y1,1.7643472,8.845835
val,Y1,1.7338889,7.662253
val,Y1,1.6670834,7.872741
val,Y1,1.0980139,11.161871
val,Y1,0.37986112,12.693829
val,Y1,0.15084723,9.994982
val,Y1,0.5538889,6.9434633
val,Y1,0.98868054,5.460195
val,Y1,1.0402361,5.3899655
val,Y1,0.679875,6.7181582
val,Y1,0.206875,5.522234
val,Y1,0.017777778,6.0718446
val,Y1,0.048527777,9.9342785
val,Y1,0.35470834,9.570168
val,Y1,0.91979164,9.279795
val,Y1,1.4037083,13.328741
val,Y1,1.7140417,12.175564
val,Y1,1.9495555,14.746441
val,Y1,2.1525416,15.400352
val,Y1,2.24875,14.616171
val,Y1,2.4151666,12.39897
val,Y1,2.6450555,11.697639
val,Y1,2.6539166,11.399887
val,Y1,2.5308332,11.211237
val,Y1,2.7266111,10.625738
val,Y1,3.0509443,13.251089
val,Y1,3.353889,9.893019
val,Y1,3.6819167,4.9390864
val,Y1,3.810875,11.093233
val,Y1,3.876861,10.487302
val,Y1,4.302403,7.156017
val,Y1,5.2370415,9.069348
val,Y1,6.0342917,10.298524
val,Y1,6.1026945,6.113914
val,Y1,5.4842224,5.2841196
val,Y1,4.9504585,11.2408
val,Y1,4.7263193,12.629893
val,Y1,4.5189304,6.5284905
val,Y1,4.3575416,6.8661184
val,Y1,4.129778,8.27499
val,Y1,3.6175277,6.408103
val,Y1,2.8419862,6.6406527
val,Y1,1.9980416,7.001218
val,Y1,1.4014028,5.2528768
val,Y1,1.7795556,4.5452356
val,Y1,2.483736,3.3611295
val,Y1,2.6342778,3.4094024
val,Y1,2.45725,3.7020147
val,Y1,1.9588194,3.8927011
val,Y1,1.1512778,4.0757937
val,Y1,0.4017639,4.996445
val,Y1,0.28880554,7.2708783
val,Y1,1.2418611,8.981211
val,Y1,2.98425,9.909073
val,Y1,4.5073195,13.895928
val,Y1,5.5835,11.270521
val,Y1,6.2738333,7.872417
val,Y1,6.555153,11.659898
val,Y1,6.668597,12.832332
val,Y1,6.8013473,9.271443
val,Y1,7.131181,5.0837054
val,Y1,7.517,5.730376
val,Y1,7.8050556,11.644608
val,Y1,8.028306,9.515314
val,Y1,8.225611,8.73851
val,Y1,8.200556,9.336491
val,Y1,7.617361,10.332405
val,Y1,6.971653,13.479589
val,Y1,6.7754307,11.042931
val,Y1,6.7527776,12.477558
val,Y1,6.4677362,14.503952
val,Y1,5.436278,11.803766
val,Y1,3.9760695,10.118502
val,Y1,2.8960972,8.115879
val,Y1,2.1580138,7.5458317
val,Y1,1.5249584,5.7252674
val,Y1,1.4499583,5.2365694
val,Y1,2.2474027,5.1110606
val,Y1,3.3909583,5.648544
val,Y1,4.465875,6.582098
val,Y1,5.4000835,8.029922
val,Y1,6.018611,6.6786084
val,Y1,6.3274026,4.728066
val,Y1,6.458778,6.4864635
val,Y1,6.494736,7.38584
val,Y1,5.954389,8.037727
val,Y1,4.5786667,7.862167
val,Y1,2.9179168,7.920421
val,Y1,1.6724305,8.506327
val,Y1,1.0736111,4.033241
val,Y1,0.74669445,3.5854695
val,Y1,0.59369445,4.9148307
val,Y1,0.46504167,4.325126
val,Y1,0.4107361,5.582731
val,Y1,0.6613472,5.9715323
val,Y1,1.1383473,6.2225695
val,Y1,1.9084584,6.9768853
val,Y1,2.9375138,6.8117976
val,Y1,3.9446666,6.1856666
val,Y1,5.00175,3.77998
val,Y1,5.8846526,3.9750643
val,Y1,6.418264,3.4827871
val,Y1,6.9134445,4.8260055
val,Y1,7.174514,5.5142856
val,Y1,7.19525,6.66676
val,Y1,7.3135695,10.168949
val,Y1,7.6961946,11.35277
val,Y1,8.165736,8.812301
val,Y1,8.365027,8.335892
val,Y1,8.217764,10.977647
val,Y1,8.157125,11.193327
val,Y1,8.450389,9.665239
val,Y1,8.976986,7.944345
val,Y1,9.462819,9.147074
val,Y1,9.637819,9.905115
val,Y1,9.537403,8.065614
val,Y1,8.873902,8.171414
val,Y1,7.6603613,7.3657594
val,Y1,6.3655696,7.8196054
val,Y1,5.2064304,8.940007
val,Y1,4.4989862,9.149546
val,Y1,4.092236,9.020008
val,Y1,3.5057082,8.399154
val,Y1,2.3967638,7.952868
val,Y1,1.5710695,8.780823
val,Y1,2.2643611,9.011177
val,Y1,3.6169167,8.089514
val,Y1,4.854347,7.1122804
val,Y1,6.1612225,8.620604
val,Y1,7.3564863,7.4950137
val,Y1,8.331264,9.5021105
val,Y1,8.932028,10.7451935
val,Y1,9.219625,8.683762
val,Y1,9.202639,9.586384
val,Y1,8.577389,8.761528
val,Y1,7.301,7.5683513
val,Y1,5.8648887,4.995711
val,Y1,5.2048054,3.2731628
val,Y1,5.527514,4.113728
val,Y1,6.370458,4.5410614
val,Y1,7.254014,3.0278566
val,Y1,7.8268194,2.323748
val,Y1,7.9580555,2.2209718
val,Y1,7.764042,2.4222052
val,Y1,7.6260695,3.1415517
val,Y1,7.719222,4.546238
val,Y1,8.030209,3.412689
val,Y1,8.528819,2.7393038
val,Y1,8.984,2.7795064
val,Y1,9.117986,3.8103247
val,Y1,9.080209,6.0517707
val,Y1,9.041903,8.6248
val,Y1,8.953625,12.713009
val,Y1,8.588125,8.758793
val,Y1,7.853194,7.3202763
val,Y1,6.8205276,11.555607
val,Y1,5.439236,9.178073
val,Y1,3.7241945,8.537032
val,Y1,2.0245695,9.072805
val,Y1,0.75711113,9.067028
val,Y1,0.15594445,9.970167
val,Y1,0.039819445,9.553965
val,Y1,0.026666667,10.659542
val,Y1,0.019458333,13.434839
val,Y1,0.018305555,11.493048
val,Y1,0.01626389,9.286476
val,Y1,0.017152777,10.348703
val,Y1,0.026,9.650669
val,Y1,0.22718056,10.765915
val,Y1,0.78469443,9.100595
val,Y1,1.5963194,6.782632
val,Y1,2.4309027,5.92473
val,Y1,3.2852917,5.5376534
val,Y1,4.182028,5.0581393
val,Y1,5.1470833,5.6818175
val,Y1,5.871486,6.399367
val,Y1,5.9615693,6.4768353
val,Y1,5.8039584,6.9306593
val,Y1,5.870875,5.696167
val,Y1,6.264375,4.7833037
val,Y1,6.717403,6.524757
val,Y1,7.1790557,9.92451
val,Y1,7.6820693,10.041087
val,Y1,8.049403,9.259026
val,Y1,8.286819,7.7393045
val,Y1,8.048764,6.5345006
val,Y1,7.1479583,7.9842544
val,Y1,6.149764,11.480636
val,Y1,5.3543057,14.004332
val,Y1,5.0772223,12.075159
val,Y1,5.551472,11.704206
val,Y1,6.4091387,11.162079
val,Y1,7.308375,10.955967
val,Y1,7.9825835,10.006443
val,Y1,8.367042,7.3602047
val,Y1,8.5315,10.051464
val,Y1,8.476152,15.861372
val,Y1,8.389736,15.0652275
val,Y1,8.405861,9.06143
val,Y1,8.507584,8.1661625
val,Y1,8.705569,6.980881
val,Y1,8.917167,10.53521
val,Y1,9.077306,11.726354
val,Y1,9.252889,8.152239
val,Y1,9.473361,5.040775
val,Y1,9.732278,6.8975506
val,Y1,9.923223,7.1044183
val,Y1,10.021514,7.5820975
val,Y1,10.157014,9.008475
val,Y1,10.290611,7.2395844
val,Y1,10.343153,5.522885
val,Y1,10.262403,5.09618
val,Y1,10.064639,8.895028
val,Y1,9.7415,11.778122
val,Y1,9.304764,9.3750515
val,Y1,8.806069,6.53581
val,Y1,8.260292,9.46054
val,Y1,7.419014,11.619026
val,Y1,6.202139,10.262856
val,Y1,5.0944304,10.542631
val,Y1,4.3318195,14.370253
val,Y1,3.4098334,13.296354
val,Y1,2.2748473,10.351075
val,Y1,1.5033473,14.0229025
val,Y1,0.97313887,15.002279
val,Y1,0.50690275,9.730642
val,Y1,0.1921389,7.984633
val,Y1,0.13079166,5.2296114
val,Y1,0.31620833,5.358275
val,Y1,0.5239722,9.993324
val,Y1,0.8767083,10.058428
val,Y1,1.1160278,6.1266637
val,Y1,0.67204165,6.1141906
val,Y1,0.14068055,6.9020805
val,Y1,0.092430554,6.7419057
val,Y1,0.638375,7.9975696
val,Y1,1.9277222,10.249888
val,Y1,3.4474862,8.694837
val,Y1,4.55425,6.666192
val,Y1,5.303875,6.782291
val,Y1,5.9906387,7.976058
val,Y1,6.467583,10.220725
val,Y1,6.5508194,9.302113
val,Y1,6.6209307,4.8258867
val,Y1,6.7563195,4.1095605
val,Y1,6.9203887,4.9886947
val,Y1,7.252042,4.0669174
val,Y1,7.606153,3.6225073
val,Y1,7.9464583,4.0983872
val,Y1,8.258166,4.5970263
val,Y1,8.372598,2.9302993
val,Y1,8.285459,4.9239345
val,Y1,8.347362,5.7793674
val,Y1,8.556875,4.792468
val,Y1,8.757292,6.093706
val,Y1,8.961695,6.3419886
val,Y1,9.165639,7.4315186
val,Y1,9.270056,6.8987446
val,Y1,9.085944,10.868376
val,Y1,8.234889,11.559836
val,Y1,6.6256666,9.615179
val,Y1,4.835347,6.504312
val,Y1,3.2109444,9.822966
val,Y1,2.1211529,9.89325
val,Y1,1.7362916,7.6346736
val,Y1,1.3434583,12.219719
val,Y1,0.7504306,11.019399
val,Y1,0.28952777,9.736866
val,Y1,0.060805555,7.8223357
val,Y1,0.017138889,7.2939095
val,Y1,0.01375,10.173151
val,Y1,0.012027778,8.6380825
val,Y1,0.016638888,6.9330063
val,Y1,0.019069444,8.799337
val,Y1,0.016152779,6.754602
val,Y1,0.017666666,5.0855203
val,Y1,0.016847223,6.8156753
val,Y1,0.05615278,6.907952
val,Y1,0.6242222,6.0693517
val,Y1,1.9268055,9.679854
val,Y1,3.330139,15.637154
val,Y1,4.5069447,11.978803
val,Y1,5.4857917,7.015487
val,Y1,6.1942916,4.242909
val,Y1,6.6679444,4.1520443
val,Y1,6.887986,7.457104
val,Y1,6.9365,5.0341268
val,Y1,6.9236665,5.1952624
val,Y1,6.5690556,9.469519
val,Y1,5.5781527,6.2505116
val,Y1,4.2443056,5.6073575
val,Y1,3.137972,5.7806253
val,Y1,2.3512778,4.929107
val,Y1,1.8068612,5.9660373
val,Y1,1.7478334,7.5590453
val,Y1,2.4570832,4.0494294
val,Y1,3.5266528,4.9882
val,Y1,4.787667,10.082375
val,Y1,6.192111,9.474802
val,Y1,7.3098335,4.9218125
val,Y1,7.959,4.1606383
val,Y1,8.3225975,3.4647639
val,Y1,8.621403,2.9396274
val,Y1,8.521472,2.4755716
val,Y1,7.8472085,2.6425102
val,Y1,6.832861,2.5731628
val,Y1,5.6343193,2.3417363
val,Y1,4.288361,2.4760528
val,Y1,2.9048057,2.5347583
val,Y1,1.58675,2.4973197
val,Y1,0.7442222,2.4626865
val,Y1,0.44006944,2.5187216
val,Y1,0.8560972,2.624218
val,Y1,2.003,2.7378054
val,Y1,3.118264,4.2410316
val,Y1,4.25725,5.647569
val,Y1,5.5917916,6.489013
val,Y1,7.0648193,10.807133
val,Y1,8.633223,12.128645
val,Y1,9.948236,9.936476
val,Y1,11.039278,9.837194
val,Y1,12.040806,9.234097
val,Y1,12.618597,8.606241
val,Y1,12.739333,7.449554
val,Y1,12.908986,9.586418
val,Y1,13.172542,12.971183
val,Y1,13.225833,11.4887
val,Y1,13.167819,9.046264
val,Y1,13.16775,6.381574
val,Y1,13.199917,5.619268
val,Y1,13.188708,5.435991
val,Y1,13.157097,5.1529136
val,Y1,13.158112,11.789188
val,Y1,13.238764,10.12669
val,Y1,13.426306,6.11258
val,Y1,13.63032,7.4853096
val,Y1,13.739667,7.7707267
val,Y1,13.688347,7.8691344
val,Y1,13.531736,12.100214
val,Y1,13.352041,6.841093
val,Y1,13.177778,7.3089576
val,Y1,12.885361,8.2747135
val,Y1,12.297861,6.9902806
val,Y1,11.527625,6.2655644
val,Y1,10.464653,4.6717916
val,Y1,8.9586115,7.239354
val,Y1,7.3210554,13.6153965
val,Y1,5.79325,12.4782715
val,Y1,4.454486,13.968263
val,Y1,3.1124861,12.095821
val,Y1,2.24025,10.282862
val,Y1,3.0425138,12.894819
val,Y1,4.8963194,12.015076
val,Y1,5.973417,10.417707
val,Y1,5.6684027,8.965229
val,Y1,4.227153,9.175927
val,Y1,2.8902917,8.170658
val,Y1,2.6121528,7.6811857
val,Y1,2.8052223,6.597866
val,Y1,2.7914584,6.1432357
val,Y1,2.4704444,5.3898787
val,Y1,2.2561944,5.8307185
val,Y1,2.2335556,6.614051
val,Y1,2.50375,8.200485
val,Y1,3.466764,9.233026
val,Y1,4.865208,7.4629893
val,Y1,6.1232085,5.982059
val,Y1,7.1477222,5.4840975
val,Y1,8.041014,4.486486
val,Y1,8.543125,4.0879
val,Y1,8.5882635,4.155437
val,Y1,8.346209,4.818733
val,Y1,7.5419583,5.8276906
val,Y1,6.146389,5.8570037
val,Y1,4.987125,4.622993
val,Y1,4.8259306,3.8103318
val,Y1,5.641264,4.909721
val,Y1,6.645014,6.30385
val,Y1,7.1275415,6.2313843
val,Y1,7.2341943,4.7520804
val,Y1,6.9724584,4.3340373
val,Y1,6.432139,4.7418427
val,Y1,5.930097,4.9504437
val,Y1,5.6214304,4.529186
val,Y1,5.656958,4.858336
val,Y1,6.210625,5.6375136
val,Y1,7.158889,4.9618297
val,Y1,7.8573613,5.1868086
val,Y1,8.14068,5.1272764
val,Y1,8.390889,5.281612
val,Y1,8.708264,5.1059117
val,Y1,8.808,5.133227
val,Y1,8.690389,5.623798
val,Y1,8.562361,5.6729293
val,Y1,8.442069,5.5517864
val,Y1,8.357875,5.328266
val,Y1,8.382167,5.1847258
val,Y1,8.716333,5.45567
val,Y1,9.270264,5.7601233
val,Y1,9.619278,5.663175
val,Y1,9.628653,6.0089707
val,Y1,9.400958,5.468191
val,Y1,9.129319,5.2520156
val,Y1,8.929958,5.1211324
val,Y1,8.730917,5.490531
val,Y1,8.4690275,5.57455
val,Y1,8.172014,5.4065576
val,Y1,7.9107084,5.6452146
val,Y1,7.6281943,5.722316
val,Y1,6.7817917,5.547856
val,Y1,5.5341387,4.976689
val,Y1,4.325639,4.956513
val,Y1,3.32925,5.222828
val,Y1,3.5251389,5.877436
val,Y1,4.870569,6.0754547
val,Y1,6.2203474,5.0195727
val,Y1,7.1759305,5.718023
val,Y1,7.4002776,5.5607505
val,Y1,6.6009583,4.8783584
val,Y1,5.2181387,5.6292777
val,Y1,3.5795972,6.0693784
val,Y1,2.3997223,6.2027106
val,Y1,2.7340417,5.558584
val,Y1,3.845264,5.5993752
val,Y1,5.0544305,5.6562586
val,Y1,6.4091806,5.1183753
val,Y1,7.2138057,5.4383636
val,Y1,7.637375,5.95633
val,Y1,8.324486,4.8553424
val,Y1,9.06593,4.971515
val,Y1,9.587611,5.385521
val,Y1,9.991472,5.6818395
val,Y1,10.320875,5.5487432
val,Y1,10.473097,5.438334
val,Y1,10.523292,5.403766
val,Y1,10.662097,5.7669578
val,Y1,10.832723,4.6197987
val,Y1,10.957583,4.9596148
val,Y1,10.886444,5.9793706
val,Y1,10.461,5.516167
val,Y1,9.851916,5.6368804
val,Y1,9.165334,5.81681
val,Y1,8.260917,5.5105357
val,Y1,7.3030696,5.3971343
val,Y1,6.7074165,4.82311
val,Y1,6.717931,5.445507
val,Y1,7.2729583,5.613477
val,Y1,8.029056,5.3865795
val,Y1,8.692194,5.629806
val,Y1,8.99125,5.3853297
val,Y1,8.629958,4.762798
val,Y1,7.944208,4.8980813
val,Y1,7.437972,5.9263034
val,Y1,7.044125,6.236245
val,Y1,6.4060974,6.0811257
val,Y1,5.360111,5.967461
val,Y1,4.5867915,5.3462024
val,Y1,4.7606387,5.246432
val,Y1,5.4747086,5.9432993
val,Y1,6.3377085,5.6290455
val,Y1,7.226917,5.254928
val,Y1,7.865389,5.6007833
val,Y1,8.090625,4.928457
val,Y1,7.6993194,5.4255977
val,Y1,6.6894445,5.596852
val,Y1,5.3211665,5.5497556
val,Y1,4.223014,5.506574
val,Y1,4.1317916,5.1689787
val,Y1,4.9126945,5.799339
val,Y1,5.8822637,6.0250974
val,Y1,6.781014,5.2641654
val,Y1,7.46325,5.581926
val,Y1,7.9312916,5.013607
val,Y1,8.266931,4.9911814
val,Y1,8.480083,5.0157585
val,Y1,8.655861,4.9953036
val,Y1,8.775514,4.971967
val,Y1,8.831625,4.9958916
val,Y1,8.699778,5.0023446
val,Y1,8.59157,4.998273
val,Y1,8.668555,5.0211544
val,Y1,8.721611,5.0671678
val,Y1,8.758972,5.093359
val,Y1,8.903556,5.032925
val,Y1,9.062041,5.0477605
val,Y1,9.117611,5.122459
val,Y1,9.169473,5.1803117
val,Y1,9.302347,5.033815
val,Y1,9.388695,5.0330086
val,Y1,9.234263,5.0624185
val,Y1,8.815389,5.156654
val,Y1,8.076472,5.1457095
val,Y1,6.8577776,5.0923867
val,Y1,5.4626527,6.158879
val,Y1,4.543375,6.2125316
val,Y1,4.5765,4.80084
val,Y1,5.3633056,5.004556
val,Y1,6.2986665,5.529795
val,Y1,7.1325417,5.4108777
val,Y1,7.6924167,5.054173
val,Y1,8.106236,5.235133
val,Y1,8.512806,5.7923827
val,Y1,8.789,5.576074
val,Y1,8.91343,5.293687
val,Y1,8.796014,4.963681
val,Y1,8.472569,4.9538784
val,Y1,7.7364583,4.6298175
val,Y1,6.440722,5.3427253
val,Y1,5.265347,5.9360785
val,Y1,4.8310556,7.349375
val,Y1,5.3767223,9.7044735
val,Y1,6.5405693,10.57098
val,Y1,7.5640416,11.615924
val,Y1,8.114417,13.148872
val,Y1,8.243597,11.257038
val,Y1,8.059472,8.703238
val,Y1,7.68275,4.9786286
val,Y1,7.1094446,4.675648
val,Y1,6.3679585,6.629786
val,Y1,5.957903,6.2496066
val,Y1,6.1361666,5.1356263
val,Y1,6.7254725,5.387564
val,Y1,7.530958,5.166308
val,Y1,8.125459,4.686228
val,Y1,7.935639,4.422713
val,Y1,6.9710555,4.611705
val,Y1,6.0965137,5.0632243
val,Y1,5.788708,4.822443
val,Y1,5.733667,4.2070932
val,Y1,5.4884863,4.4521136
val,Y1,4.874375,5.215672
val,Y1,4.2233057,6.021503
val,Y1,3.7685277,6.0487185
val,Y1,3.2863612,5.454597
val,Y1,2.7357361,5.0641036
val,Y1,2.315,5.2342167
val,Y1,1.5912361,7.0612893
val,Y1,0.6112361,6.8207755
val,Y1,0.10661111,5.1724534
val,Y1,0.2572778,4.3369975
val,Y1,0.65772223,6.2182384
val,Y1,0.7999028,6.6593766
val,Y1,0.8848611,9.001844
val,Y1,0.80811113,7.802181
val,Y1,0.3274722,6.38815
val,Y1,0.1324861,5.062973
val,Y1,0.8290833,8.032031
val,Y1,2.1803195,5.723718
val,Y1,3.4994028,6.1836734
val,Y1,4.6033335,9.304247
val,Y1,5.498875,10.8783245
val,Y1,5.955333,8.900654
val,Y1,5.7766943,8.4291935
val,Y1,5.384847,9.128147
val,Y1,5.446,5.7635164
val,Y1,6.040292,5.7240644
val,Y1,6.94475,10.971426
val,Y1,7.681,10.496759
val,Y1,7.528875,9.948923
val,Y1,6.7359304,9.220726
val,Y1,6.2495418,8.1133585
val,Y1,6.1047363,8.66861
val,Y1,6.269486,9.621244
val,Y1,6.8700833,10.2853985
val,Y1,7.4885974,9.054039
val,Y1,7.8158193,6.564608
val,Y1,7.8385415,8.510213
val,Y1,7.5045695,6.320817
val,Y1,6.7773333,5.79417
val,Y1,5.5658474,7.7913165
val,Y1,4.0275555,4.963104
val,Y1,2.8154721,3.650754
val,Y1,2.2244167,4.2138166
val,Y1,2.1582084,4.821843
val,Y1,2.6561666,4.264685
val,Y1,3.541278,3.879116
val,Y1,4.596722,5.192433
val,Y1,5.7596664,8.996294
val,Y1,6.9001665,11.592157
val,Y1,7.949111,10.441246
val,Y1,8.867598,4.09059
val,Y1,9.439458,5.26553
val,Y1,9.517389,6.5912547
val,Y1,8.881111,7.35906
val,Y1,7.7065973,8.069077
val,Y1,6.9142637,7.233463
val,Y1,6.520403,6.2620883
val,Y1,5.6589446,5.4848447
val,Y1,4.314653,7.905582
val,Y1,3.1041112,7.5645165
val,Y1,2.6585834,4.8196425
val,Y1,3.0145278,3.273171
val,Y1,3.8524027,2.6639497
val,Y1,4.7002916,2.3399057
val,Y1,4.9684443,2.339349
val,Y1,4.681264,2.5534716
val,Y1,4.4977083,2.719498
val,Y1,5.077833,2.5789027
val,Y1,6.119514,2.849815
val,Y1,7.145528,3.0647397
val,Y1,7.81975,2.70329
val,Y1,8.044319,2.3756952
val,Y1,8.232833,2.275363
val,Y1,8.333847,2.7029433
val,Y1,7.9862223,2.7259676
val,Y1,7.2809443,2.4099658
val,Y1,6.389,2.8849275
test,A5,0.0,32.16208
test,A5,0.0,31.947706
test,A5,0.0,32.12732
test,A5,0.0,31.857893
test,A5,0.0,31.808517
test,A5,0.0,31.376394
test,A5,0.0,31.099796
test,A5,0.0,31.11971
test,A5,0.0,31.05088
test,A5,0.0,31.161823
test,A5,0.0,31.2054
test,A5,0.0,31.208555
test,A5,0.0,31.104193
test,A5,0.0,30.94361
test,A5,0.0,31.007298
test,A5,0.0,31.241392
test,A5,0.0,31.259783
test,A5,0.0,31.160456
test,A5,0.0,31.161304
test,A5,0.0,31.302296
test,A5,0.0,31.097422
test,A5,0.0,31.199251
test,A5,0.0,31.116257
test,A5,0.0,31.280214
test,A5,0.0,31.302744
test,A5,0.0,31.20928
test,A5,0.0,31.171404
test,A5,0.0,31.155867
test,A5,0.0,31.0408
test,A5,0.0,31.495605
test,A5,0.0,34.001637
test,A5,0.0,38.451874
test,A5,0.0,43.31145
test,A5,0.0,47.463207
test,A5,0.0,49.140438
test,A5,0.0,49.515495
test,A5,0.0,47.610657
test,A5,0.238,44.657173
test,A5,1.41594,40.758247
test,A5,2.31294,31.864107
test,A5,2.311891,32.46034
test,A5,2.4458911,34.978535
test,A5,2.486,35.540718
test,A5,2.074,37.53103
test,A5,1.299,40.11601
test,A5,0.63300496,40.040665
test,A5,0.34700495,39.14025
test,A5,0.156,37.824852
test,A5,0.063,35.85827
test,A5,0.444,32.833065
test,A5,1.106,31.2798
test,A5,1.7860792,30.45845
test,A5,2.2021585,29.500402
test,A5,2.379079,28.737757
test,A5,2.766,30.165113
test,A5,3.695,30.380316
test,A5,4.362,27.894415
test,A5,4.341,29.16464
test,A5,4.163,31.233276
test,A5,4.322,32.016422
test,A5,4.771,31.968182
test,A5,5.283,31.59461
test,A5,5.731,31.782724
test,A5,5.7920394,32.363525
test,A5,5.9000397,32.23355
test,A5,6.416629,31.173597
test,A5,6.6116285,31.314636
test,A5,6.942,30.761023
test,A5,7.548,29.700975
test,A5,7.739,30.477486
test,A5,7.9329157,30.180006
test,A5,8.094915,29.11204
test,A5,8.145,28.669735
test,A5,8.204,32.074158
test,A5,8.289,34.1016
test,A5,8.434,33.308533
test,A5,8.956,32.669716
test,A5,9.208629,34.568985
test,A5,8.781629,37.88722
test,A5,8.574,38.07034
test,A5,8.807745,36.539803
test,A5,9.073706,36.440514
test,A5,9.175961,36.243587
test,A5,9.053,36.2602
test,A5,9.26,36.98156
test,A5,9.850643,36.87889
test,A5,9.622535,35.729362
test,A5,9.174891,35.12754
test,A5,9.054,34.754387
test,A5,8.78,33.65193
test,A5,8.675,33.366222
test,A5,8.738,33.879635
test,A5,8.796,34.591892
test,A5,9.0,35.991524
test,A5,9.052,39.389053
test,A5,8.878,41.33853
test,A5,8.556,39.92237
test,A5,8.258,35.163563
test,A5,8.261,27.770163
test,A5,8.328,24.283611
test,A5,8.42,26.413218
test,A5,8.388,31.269997
test,A5,8.32746,32.50535
test,A5,8.835461,29.865923
test,A5,9.946,29.621313
test,A5,10.554,29.924517
test,A5,10.55198,30.372295
test,A5,10.61298,29.171541
test,A5,11.173,29.925627
test,A5,12.335,31.395208
test,A5,13.328,31.319231
test,A5,14.271,31.64999
test,A5,16.035,31.059927
test,A5,18.17,31.168303
test,A5,19.866,30.886477
test,A5,20.601,31.341234
test,A5,20.413,32.8689
test,A5,20.611,31.538393
test,A5,21.289,32.325607
test,A5,21.313,32.482147
test,A5,21.027,31.8934
test,A5,20.382,31.115648
test,A5,20.621435,31.97388
test,A5,21.927435,32.30985
test,A5,22.57937,33.71956
test,A5,22.932371,35.089523
test,A5,22.656,33.602745
test,A5,22.298,32.99759
test,A5,22.618,32.827377
test,A5,22.805,31.06412
test,A5,21.879,31.888304
test,A5,20.891,33.794304
test,A5,21.242,32.79698
test,A5,21.467,31.764004
test,A5,21.789,32.254173
test,A5,22.572,31.849962
test,A5,22.902739,32.136612
test,A5,22.856737,32.21754
test,A5,23.106,32.761044
test,A5,23.829,31.383417
test,A5,24.267,31.588146
test,A5,24.838,32.063934
test,A5,25.273,32.091084
test,A5,25.683,32.39213
test,A5,25.6245,32.833027
test,A5,25.6975,32.677982
test,A5,26.964,32.301346
test,A5,27.5,32.386723
test,A5,26.76,32.5902
test,A5,26.416029,31.740149
test,A5,26.52903,32.730637
test,A5,26.064,33.316196
test,A5,25.908,32.99785
test,A5,25.599,32.60578
test,A5,25.624,31.821535
test,A5,25.943,31.786402
test,A5,25.482,32.467155
test,A5,25.604,32.532623
test,A5,25.983,32.917847
test,A5,26.014,33.098446
test,A5,26.157,33.306873
test,A5,26.543,32.5402
test,A5,26.980486,32.602882
test,A5,26.713486,32.19635
test,A5,26.193,32.785816
test,A5,26.007,32.69055
test,A5,25.298,32.418297
test,A5,24.947,32.50847
test,A5,26.132,32.278675
test,A5,26.226946,32.351543
test,A5,25.347944,32.77397
test,A5,25.202108,32.906746
test,A5,25.073109,33.155678
test,A5,25.299,32.47186
test,A5,25.945,32.52847
test,A5,26.374,33.223
test,A5,26.305,33.330193
test,A5,26.215,33.425957
test,A5,26.245,32.53458
test,A5,26.235,32.01828
test,A5,26.345,32.870438
test,A5,26.252,33.417248
test,A5,26.047,33.521576
test,A5,26.066,32.58948
test,A5,26.01,32.772396
test,A5,25.899,32.920204
test,A5,25.777,33.61623
test,A5,25.826,33.47513
test,A5,26.03,32.990807
test,A5,26.174,33.65141
test,A5,26.058,33.191906
test,A5,25.821,32.784134
test,A5,25.696,33.5362
test,A5,25.678,33.335693
test,A5,25.708,32.903984
test,A5,25.517,33.91377
test,A5,25.47,34.853214
test,A5,25.643,34.301735
test,A5,25.629,34.13061
test,A5,25.729,32.963608
test,A5,25.903,32.98118
test,A5,25.877,33.271927
test,A5,25.802,34.255615
test,A5,25.864,34.811714
test,A5,26.22,34.536636
test,A5,26.463,34.34941
test,A5,26.468,34.569286
test,A5,26.42,33.743004
test,A5,26.354,33.846252
test,A5,26.351,34.240387
test,A5,26.025,33.687653
test,A5,25.675,33.204628
test,A5,25.703,32.84234
test,A5,25.671,33.53216
test,A5,25.795,33.29323
test,A5,26.021,33.13878
test,A5,25.926,33.850838
test,A5,25.761,33.479492
test,A5,25.713,33.389862
test,A5,25.612,33.555405
test,A5,25.285,33.69801
test,A5,24.714,33.51968
test,A5,24.213,33.180244
test,A5,23.96,33.333046
test,A5,23.804,33.011196
test,A5,23.49,33.81543
test,A5,23.087,34.382645
test,A5,22.896,33.758957
test,A5,22.766218,34.05336
test,A5,22.470219,33.99249
test,A5,22.034,33.525402
test,A5,21.425,34.028366
test,A5,20.719,34.775005
test,A5,20.153,34.577564
test,A5,19.884,33.40052
test,A5,19.841,33.363617
test,A5,20.086,32.822613
test,A5,20.507,32.664696
test,A5,20.983,32.856606
test,A5,21.327,32.67506
test,A5,21.274,32.989746
test,A5,21.23,32.682384
test,A5,21.404,32.89361
test,A5,21.472,32.699127
test,A5,21.499,33.794365
test,A5,21.384,34.06118
test,A5,21.294,34.000057
test,A5,21.429,33.435196
test,A5,21.44,33.731514
test,A5,21.514,33.566296
test,A5,21.556,32.843792
test,A5,21.493,33.33166
test,A5,21.474,33.869587
test,A5,21.527,33.752537
test,A5,21.583,33.86197
test,A5,21.488255,33.6144
test,A5,21.304255,33.30914
test,A5,21.342,33.300896
test,A5,21.439,33.69792
test,A5,21.452806,33.20191
test,A5,21.317806,33.511833
test,A5,21.162,33.322517
test,A5,21.339,32.592396
test,A5,21.556,32.417446
test,A5,21.634,33.81289
test,A5,21.599,32.99554
test,A5,21.525,32.627064
test,A5,21.43,32.9684
test,A5,21.546,32.653828
test,A5,21.577,33.062904
test,A5,21.461,33.492065
test,A5,21.535,32.973686
test,A5,21.564,33.34422
test,A5,21.517,32.936024
test,A5,21.51397,32.950623
test,A5,21.52397,32.88339
test,A5,21.38,32.82291
test,A5,21.209,32.334316
test,A5,21.194,32.385628
test,A5,21.352,32.655205
test,A5,21.561,32.577175
test,A5,21.717,33.223427
test,A5,21.693172,33.44703
test,A5,21.747173,33.221107
test,A5,21.811,33.037548
test,A5,21.668,33.009155
test,A5,21.444,32.71306
test,A5,21.28,29.220354
test,A5,21.121,29.737993
test,A5,20.759,33.13353
test,A5,20.593,32.90609
test,A5,20.647,32.274292
test,A5,20.509792,32.63357
test,A5,20.155054,32.301083
test,A5,19.786263,32.528503
test,A5,19.863,32.349262
test,A5,19.789,32.908745
test,A5,18.912,32.420135
test,A5,18.904,31.963703
test,A5,19.938,31.811659
test,A5,21.001,31.739944
test,A5,21.865,32.84584
test,A5,22.306,32.018936
test,A5,22.434,31.627148
test,A5,22.296,31.643457
test,A5,22.23,31.925535
test,A5,21.618614,32.145386
test,A5,20.551615,31.59075
test,A5,20.403,32.10929
test,A5,20.823,31.443087
test,A5,21.132,30.84192
test,A5,21.315,31.5244
test,A5,21.385,32.102764
test,A5,21.095,32.581436
test,A5,21.223,31.80751
test,A5,21.951,31.417473
test,A5,22.173,31.740393
test,A5,22.096,32.534447
test,A5,21.723,32.208824
test,A5,21.342,31.083065
test,A5,21.451,31.138498
test,A5,21.785,31.283964
test,A5,21.769,31.598202
test,A5,21.52,32.455402
test,A5,21.401,31.068914
test,A5,21.336,30.694326
test,A5,21.391,31.059196
test,A5,21.407,31.17943
test,A5,21.317,30.948542
test,A5,21.441,31.309086
test,A5,21.619,31.585978
test,A5,21.808,32.02053
test,A5,21.928,32.150196
test,A5,21.461,31.684347
test,A5,21.076,32.17435
test,A5,21.112,32.81602
test,A5,21.068,32.728195
test,A5,21.016,31.90961
test,A5,20.989025,31.947115
test,A5,20.937025,31.572653
test,A5,20.854239,31.661451
test,A5,20.569237,32.038986
test,A5,20.22,31.959196
test,A5,20.14,32.068047
test,A5,20.234,31.68149
test,A5,20.268,31.710087
test,A5,20.186,31.79906
test,A5,20.225,31.523811
test,A5,20.269,31.153616
test,A5,20.117,31.035814
test,A5,19.718,31.956942
test,A5,19.515,31.84107
test,A5,19.4,32.51687
test,A5,19.179,32.706284
test,A5,19.171,31.970482
test,A5,19.137,31.50345
test,A5,19.072,31.009668
test,A5,19.074238,31.413607
test,A5,18.925238,31.659405
test,A5,18.803,32.443253
test,A5,19.108,32.26889
test,A5,19.334,32.13208
test,A5,18.988,31.485863
test,A5,18.684,31.729704
test,A5,18.701,32.05674
test,A5,18.306,31.700003
test,A5,18.039,31.94164
test,A5,18.236,31.870375
test,A5,18.217,31.879591
test,A5,18.132,32.57787
test,A5,18.205,32.166283
test,A5,18.456,31.939413
test,A5,18.84,32.1644
test,A5,19.201,31.311934
test,A5,18.9,31.513792
test,A5,18.285,32.20182
test,A5,18.146,31.358982
test,A5,18.152,31.992344
test,A5,18.139114,32.416134
test,A5,18.043169,31.781914
test,A5,18.042055,31.25446
test,A5,18.259,31.470623
test,A5,18.396,32.40677
test,A5,18.531,32.721634
test,A5,18.763,32.364864
test,A5,18.868946,31.118986
test,A5,18.778946,30.935488
test,A5,18.479,32.336468
test,A5,18.407263,32.251568
test,A5,18.709263,31.865942
test,A5,18.669,32.628544
test,A5,18.255,32.116547
test,A5,18.164,31.893694
test,A5,18.272955,31.93734
test,A5,18.248955,31.4886
test,A5,18.368,30.503798
test,A5,18.927,30.915224
test,A5,19.554916,31.292356
test,A5,19.691916,31.869673
test,A5,19.599,32.243053
test,A5,19.543,32.41695
test,A5,19.284,32.136536
test,A5,19.162,31.98083
test,A5,19.551,32.202236
test,A5,19.742,31.824228
test,A5,19.453,30.73171
test,A5,19.091,31.24946
test,A5,18.905,32.060333
test,A5,19.11,31.88589
test,A5,19.465,31.666868
test,A5,19.446,31.560402
test,A5,19.107,31.808987
test,A5,19.049,31.606226
test,A5,19.243,32.316944
test,A5,19.512,32.034115
test,A5,19.637,31.315771
test,A5,19.584778,31.259813
test,A5,19.807688,31.610872
test,A5,20.073912,31.11896
test,A5,20.123991,30.953165
test,A5,20.13799,31.068497
test,A5,20.313,31.489801
test,A5,20.392,31.649399
test,A5,20.357,31.508753
test,A5,20.361,30.652815
test,A5,20.035,31.505342
test,A5,19.775064,31.662771
test,A5,19.853064,30.859037
test,A5,19.907,30.471182
test,A5,20.168,31.272738
test,A5,20.221321,31.538458
test,A5,20.260323,31.785519
test,A5,20.487415,31.813387
test,A5,20.909416,31.089476
test,A5,21.129,30.802027
test,A5,20.794,30.970362
test,A5,20.346,30.919336
test,A5,20.04,31.162916
test,A5,20.178,30.968382
test,A5,20.205,30.630224
test,A5,20.070639,31.517765
test,A5,20.30864,30.647026
test,A5,20.496,30.99721
test,A5,20.286589,31.477308
test,A5,19.76459,31.168535
test,A5,19.121,31.46219
test,A5,18.940866,30.813318
test,A5,18.933867,31.020517
test,A5,19.077,31.391218
test,A5,19.604,30.917479
test,A5,20.097,30.66986
test,A5,20.614,30.623253
test,A5,21.151,30.933683
test,A5,20.973,30.950617
test,A5,19.602,30.442522
test,A5,18.266,30.50271
test,A5,18.241,30.333876
test,A5,18.949,30.748596
test,A5,19.358925,30.978813
test,A5,19.415926,30.155218
test,A5,19.812,30.68677
test,A5,20.06796,31.376009
test,A5,19.95396,30.62958
test,A5,19.96,30.425745
test,A5,19.646797,30.606524
test,A5,19.194798,30.758005
test,A5,19.205,30.226095
test,A5,19.304,29.813093
test,A5,19.52448,30.86184
test,A5,19.39748,31.661905
test,A5,19.158955,31.474758
test,A5,19.263956,31.876669
test,A5,19.244,31.064447
test,A5,19.363,30.625439
test,A5,19.322,31.029375
test,A5,19.258,31.009743
test,A5,19.135,30.739332
test,A5,18.804,30.765453
test,A5,18.686,30.807503
test,A5,18.772,30.27691
test,A5,19.078,30.777481
test,A5,19.313,31.141132
test,A5,19.265,30.484632
test,A5,19.209,30.846176
test,A5,19.045,31.509394
test,A5,19.190456,31.778496
test,A5,19.909456,31.347548
test,A5,20.575312,31.029902
test,A5,21.05231,31.109404
test,A5,21.307,31.42008
test,A5,21.961,31.313437
test,A5,22.847,31.221548
test,A5,22.62,31.213533
test,A5,21.886658,31.923624
test,A5,21.22066,32.1187
test,A5,20.338,32.083984
test,A5,20.285,31.87682
test,A5,20.388737,31.52062
test,A5,19.944738,31.21476
test,A5,20.119104,30.9508
test,A5,20.498104,31.453276
test,A5,20.562,31.683746
test,A5,20.978,32.528328
test,A5,21.825396,32.502834
test,A5,21.615396,31.946016
test,A5,20.494,32.32274
test,A5,20.604,32.0952
test,A5,21.615,31.949621
test,A5,22.364,31.269775
test,A5,23.01,31.331177
test,A5,23.514,31.858953
test,A5,23.34212,31.781923
test,A5,22.903118,31.719343
test,A5,22.829,32.02242
test,A5,22.566925,32.283028
test,A5,22.252926,32.403057
test,A5,22.326,33.07219
test,A5,22.74,32.131287
test,A5,23.141,32.0155
test,A5,23.268,32.528927
test,A5,23.089,33.01522
test,A5,23.008,32.828754
test,A5,23.27,32.532963
test,A5,23.718,33.119843
test,A5,24.083,33.054245
test,A5,24.021,32.33426
test,A5,23.467,32.147285
test,A5,23.0815,32.960564
test,A5,23.0525,32.705833
test,A5,22.964,31.966541
test,A5,23.081663,32.37804
test,A5,22.902664,32.59803
test,A5,22.448,32.9507
test,A5,22.419,32.75554
test,A5,22.79205,32.356194
test,A5,23.06005,32.14012
test,A5,23.235,31.592752
test,A5,23.204,32.46904
test,A5,22.83,32.36346
test,A5,22.85,31.964094
test,A5,23.103,31.785315
test,A5,23.165,32.11885
test,A5,23.237783,32.49031
test,A5,23.386784,32.725285
test,A5,23.412,32.39199
test,A5,23.229,32.171074
test,A5,23.275312,31.921354
test,A5,23.660124,32.66985
test,A5,23.702812,33.117683
test,A5,23.495,32.358448
test,A5,23.549683,32.769222
test,A5,23.410683,32.027916
test,A5,23.313,32.15681
test,A5,23.519,32.276005
test,A5,23.399,32.713833
test,A5,23.369,32.83191
test,A5,23.524,31.616411
test,A5,23.654,32.15736
test,A5,23.843,32.579544
test,A5,23.739,32.26743
test,A5,23.834,32.219017
test,A5,24.194,32.82546
test,A5,24.394,32.497383
test,A5,24.49,32.33493
test,A5,24.46,32.785572
test,A5,24.297,32.04096
test,A5,24.152,31.839052
test,A5,24.287,32.172806
test,A5,24.362,33.23041
test,A5,24.233,32.857967
test,A5,24.245,32.32867
test,A5,24.252,32.835167
test,A5,24.276,32.499054
test,A5,24.25,32.64165
test,A5,24.24,32.744247
test,A5,24.344,32.752983
test,A5,24.216,32.326244
test,A5,23.882,32.356636
test,A5,23.476,31.995865
test,A5,23.058,31.740282
test,A5,22.89,31.385054
test,A5,22.941,32.448624
test,A5,23.194,31.878304
test,A5,23.396109,31.42134
test,A5,23.46111,31.211695
test,A5,23.674,30.58335
test,A5,23.935,31.204355
test,A5,24.274,31.59598
test,A5,24.625,32.0541
test,A5,24.715,31.898775
test,A5,24.453,30.938625
test,A5,24.218,31.1555
test,A5,24.38,31.294535
test,A5,24.806,31.525297
test,A5,24.66,31.727028
test,A5,24.273,31.751566
test,A5,24.167,31.28588
test,A5,24.155,30.910767
test,A5,23.964,31.415728
test,A5,23.406,31.25059
test,A5,22.97,31.801336
test,A5,23.153,31.186533
test,A5,23.659683,30.852814
test,A5,24.085684,31.01066
test,A5,24.261,31.00531
test,A5,24.135,32.14103
test,A5,23.711,31.465563
test,A5,23.528,30.919035
test,A5,23.782,30.214006
test,A5,23.519833,30.788439
test,A5,23.169832,31.147882
test,A5,23.666,31.19914
test,A5,24.289,31.074614
test,A5,24.523,30.901258
test,A5,24.190712,30.340336
test,A5,24.585712,30.618486
test,A5,26.26,30.88487
test,A5,26.124,30.830753
test,A5,25.377113,30.924273
test,A5,25.501114,31.03893
test,A5,25.278381,31.663021
test,A5,24.64738,31.417994
test,A5,24.174816,31.324722
test,A5,24.407816,31.627232
test,A5,24.765,31.561224
test,A5,24.651,31.451593
test,A5,24.451,31.747469
test,A5,24.483,31.331324
test,A5,24.369,31.949554
test,A5,24.492,31.819529
test,A5,24.881,31.42817
test,A5,25.409273,31.656775
test,A5,25.512272,31.9582
test,A5,25.128,31.28976
test,A5,24.653,31.606064
test,A5,24.199,31.46079
test,A5,24.1,31.0946
test,A5,24.11197,31.96578
test,A5,24.06397,31.775389
test,A5,24.006,31.639498
test,A5,24.046,31.54079
test,A5,24.105,31.442072
test,A5,24.075,31.120007
test,A5,24.043,31.023363
test,A5,24.138,31.470701
test,A5,24.332,31.355112
test,A5,23.972,31.55054
test,A5,23.442,30.416082
test,A5,23.375,31.474619
test,A5,23.46,31.99286
test,A5,23.772,31.378286
test,A5,24.054,31.275564
test,A5,24.374,31.29783
test,A5,24.43786,30.969997
test,A5,24.268862,30.153917
test,A5,24.099,30.873697
test,A5,23.999317,31.02097
test,A5,23.568317,30.622992
test,A5,23.18,31.022585
test,A5,23.841,31.037437
test,A5,24.416,30.72112
test,A5,24.91183,31.611822
test,A5,25.475832,31.68268
test,A5,25.684,30.733076
test,A5,25.923,31.786205
test,A5,25.763,31.727179
test,A5,25.454,30.823706
test,A5,25.753,30.510946
test,A5,25.958,30.099962
test,A5,25.748,30.473211
test,A5,25.664,31.155348
test,A5,25.696138,31.216139
test,A5,25.783138,30.462828
test,A5,25.858,30.390337
test,A5,25.775,31.04468
test,A5,25.707,30.436573
test,A5,25.659,31.406073
test,A5,25.62,31.135015
test,A5,25.755,29.636166
test,A5,25.853,30.752764
test,A5,25.674,31.3371
test,A5,25.715,30.600637
test,A5,26.098,31.06515
test,A5,26.259005,31.105804
test,A5,26.057005,31.372107
test,A5,25.319,31.184986
test,A5,24.893272,31.283834
test,A5,24.773272,30.67267
test,A5,24.313223,31.205965
test,A5,24.312223,31.12928
test,A5,24.522,30.994156
test,A5,24.65,31.143198
test,A5,24.838,31.286745
test,A5,24.948,30.856817
test,A5,24.92,31.160425
test,A5,24.791811,30.399801
test,A5,24.639812,30.66057
test,A5,24.84,31.012518
test,A5,24.926,31.62781
test,A5,24.619745,30.882551
test,A5,24.629745,30.484552
test,A5,24.847,30.700415
test,A5,24.93,30.823847
test,A5,25.199,30.354456
test,A5,25.761,31.52437
test,A5,26.499,31.325369
test,A5,27.196,30.899197
test,A5,27.6,31.448053
test,A5,27.742,31.62576
test,A5,26.76,31.469664
test,A5,25.591753,32.072838
test,A5,25.225752,32.584953
test,A5,25.218,32.65661
test,A5,25.428,31.86933
test,A5,25.458,30.268812
test,A5,25.236,30.262857
test,A5,25.043,31.450478
test,A5,25.31,32.176315
test,A5,26.105,32.297306
test,A5,26.386238,32.304
test,A5,25.955238,32.633236
test,A5,25.777,31.981548
test,A5,25.575,31.934301
test,A5,25.415,32.53863
test,A5,25.562,33.11423
test,A5,25.465,32.902126
test,A5,25.267,33.257637
test,A5,25.16,33.804882
test,A5,25.057,33.175144
test,A5,25.34,32.14037
test,A5,26.032,32.493874
test,A5,26.69,32.460854
test,A5,26.808,32.74489
test,A5,26.344,33.07603
test,A5,25.585,32.85464
test,A5,24.485,34.072712
test,A5,23.505362,32.886414
test,A5,23.403362,32.68969
test,A5,23.274,32.608566
test,A5,23.186,32.2017
test,A5,23.696,33.584038
test,A5,24.73,34.84281
test,A5,25.537,33.43057
test,A5,25.49,33.139534
test,A5,25.925,33.823418
test,A5,26.102,33.649834
test,A5,25.217,33.79225
test,A5,25.106,34.27117
test,A5,25.969,33.521225
test,A5,26.406,33.77601
test,A5,25.803,33.361877
test,A5,25.332,33.360344
test,A5,25.608,33.03632
test,A5,26.196,33.88985
test,A5,26.29,34.260128
test,A5,25.406,33.6225
test,A5,25.36,32.624947
test,A5,25.772,32.893066
test,A5,24.905605,32.809017
test,A5,22.852606,33.2957
test,A5,21.738,33.863678
test,A5,22.525,33.113377
test,A5,23.874,32.73888
test,A5,24.657,33.40645
test,A5,24.953,33.500046
test,A5,24.223,33.304012
test,A5,23.617237,33.613235
test,A5,24.005238,33.265087
test,A5,21.851,31.895182
test,A5,20.547,32.63025
test,A5,23.446,32.821804
test,A5,27.153,33.284615
test,A5,29.854,33.475243
test,A5,30.283,32.660156
test,A5,28.377,31.7772
test,A5,27.377,31.489038
test,A5,27.87,31.609997
test,A5,27.828135,31.88311
test,A5,26.601614,31.95331
test,A5,25.164505,31.375166
test,A5,24.834024,31.442972
test,A5,25.119,31.802988
test,A5,24.937,31.648638
test,A5,23.774372,31.709269
test,A5,22.556372,31.65193
test,A5,22.423,31.940401
test,A5,22.788,31.922297
test,A5,22.608,31.033514
test,A5,22.323,31.106478
test,A5,22.5,32.356323
test,A5,23.304,32.525986
test,A5,23.909,31.314024
test,A5,24.054,31.36183
test,A5,24.178,30.78393
test,A5,24.21,31.089449
test,A5,24.175,31.507584
test,A5,23.928398,31.064667
test,A5,23.515398,31.179691
test,A5,23.598,31.05987
test,A5,23.653,31.03147
test,A5,23.531,31.197237
test,A5,23.692,30.671206
test,A5,24.003,30.966276
test,A5,24.358,31.214008
test,A5,24.470936,31.159725
test,A5,24.552862,30.87504
test,A5,24.563925,31.04948
test,A5,24.697882,31.314213
test,A5,24.937881,31.249153
test,A5,25.006,32.048267
test,A5,25.217,32.148598
test,A5,25.472,31.477537
test,A5,25.36185,31.851727
test,A5,25.192852,32.214165
test,A5,25.627,31.568218
test,A5,26.413,30.97253
test,A5,26.574,30.235199
test,A5,26.228,30.601276
test,A5,25.977,31.452982
test,A5,25.928,31.274248
test,A5,25.717,30.920189
test,A5,25.455,31.319141
test,A5,25.443,31.524073
test,A5,25.624,32.646057
test,A5,25.934,33.30942
test,A5,26.026,32.013363
test,A5,25.82,31.96427
test,A5,25.757,32.262722
test,A5,25.985,32.496353
test,A5,25.682,31.835382
test,A5,24.299,32.357147
test,A5,23.796,33.351402
test,A5,24.652817,32.661766
test,A5,25.348816,33.693913
test,A5,26.172,33.262115
test,A5,26.797,32.748405
test,A5,26.551,33.413185
test,A5,26.291,33.14354
test,A5,26.427,33.06019
test,A5,26.334,33.093002
test,A5,26.057,32.30916
test,A5,25.908,31.354448
test,A5,25.839,31.585497
test,A5,25.876,32.045708
test,A5,26.04016,32.2407
test,A5,26.031158,32.42754
test,A5,25.996,32.076473
test,A5,25.926,32.23422
test,A5,25.626,31.52162
test,A5,25.659,32.266125
test,A5,25.893,32.561142
test,A5,26.081,31.424372
test,A5,26.29962,31.707245
test,A5,26.62962,30.75754
test,A5,26.592,30.251963
test,A5,25.804,31.765656
test,A5,25.192719,31.77847
test,A5,25.209263,31.215174
test,A5,24.828545,31.29176
test,A5,23.575,31.341509
test,A5,22.454,30.763597
test,A5,22.776,30.681229
test,A5,23.592,30.609892
test,A5,24.443,30.976877
test,A5,25.634,30.531492
test,A5,26.733,30.175085
test,A5,27.552,30.481459
test,A5,27.117,29.995388
test,A5,26.475603,29.012346
test,A5,26.056604,29.546064
test,A5,25.378218,29.615877
test,A5,24.808218,29.453829
test,A5,24.136,29.266424
test,A5,23.705,29.589031
test,A5,23.742,30.502491
test,A5,24.295,29.636768
test,A5,25.018974,29.686224
test,A5,25.243975,29.218893
test,A5,25.08599,30.079803
test,A5,24.93399,30.485418
test,A5,24.865,30.800451
test,A5,24.557,29.66202
test,A5,23.201,29.594893
test,A5,22.708,29.980501
test,A5,24.294,29.979376
test,A5,25.589,31.438837
test,A5,26.031,30.486818
test,A5,25.754,29.470034
test,A5,25.103,30.65625
test,A5,24.549,31.560816
test,A5,23.669407,31.354002
test,A5,23.658405,31.184305
test,A5,24.515,31.41476
test,A5,24.572,31.070887
test,A5,24.546,30.91821
test,A5,24.863,31.049372
test,A5,25.037,31.4313
test,A5,24.733,31.387062
test,A5,24.04997,30.162004
test,A5,23.798971,30.277742
test,A5,24.069153,30.835815
test,A5,24.375153,30.034578
test,A5,24.312,30.488245
test,A5,23.909,30.235924
test,A5,24.041,29.895037
test,A5,24.557,30.631525
test,A5,25.13,30.498266
test,A5,25.304,29.85377
test,A5,25.357004,30.394958
test,A5,25.698006,29.127642
test,A5,25.862,30.789179
test,A5,25.941,31.304337
test,A5,25.686,30.822634
test,A5,25.463,30.76974
test,A5,25.561,30.299137
test,A5,25.722,29.81867
test,A5,25.613,30.862886
test,A5,25.594,30.915918
test,A5,25.79,29.228682
test,A5,25.795,29.05987
test,A5,25.825,30.385405
test,A5,25.88,31.040815
test,A5,25.936,31.479332
test,A5,25.9,30.828554
test,A5,25.79,29.671759
test,A5,25.589,30.384233
test,A5,25.189,30.426046
test,A5,24.896,30.084417
test,A5,25.027,30.028913
test,A5,25.444,31.024553
test,A5,25.798227,30.151222
test,A5,26.134336,30.667105
test,A5,26.16511,30.774645
test,A5,25.897,29.954056
test,A5,25.871,30.408838
test,A5,25.87,30.953482
test,A5,25.79,31.803139
test,A5,25.933,30.695312
test,A5,26.176277,30.56143
test,A5,26.162277,30.560617
test,A5,26.262674,30.914164
test,A5,26.402676,30.653095
test,A5,26.958,30.856256
test,A5,27.827,30.907614
test,A5,28.129,31.335596
test,A5,28.241,30.455462
test,A5,27.188679,29.49949
test,A5,25.969679,30.675358
test,A5,26.343,30.84836
test,A5,26.886,30.431238
test,A5,25.514,30.737558
test,A5,23.509,30.52498
test,A5,22.866,30.666838
test,A5,23.353,30.922533
test,A5,24.139,31.114262
test,A5,24.738,31.129229
test,A5,25.04339,30.364656
test,A5,25.453796,30.923742
test,A5,26.577406,31.140223
test,A5,28.046,31.758444
test,A5,28.492,31.074718
test,A5,27.544,31.188349
test,A5,26.531,31.40895
test,A5,26.297,31.682602
test,A5,26.406,32.20219
test,A5,26.119,32.39733
test,A5,25.933,31.645956
test,A5,26.012995,30.61144
test,A5,26.047995,31.026411
test,A5,26.035,32.029987
test,A5,25.952,31.615997
test,A5,26.051,31.466154
test,A5,26.057,31.315916
test,A5,25.353,31.760532
test,A5,24.235,31.46528
test,A5,23.59,30.933191
test,A5,24.29,31.889856
test,A5,25.30405,31.056547
test,A5,25.54605,31.812136
test,A5,25.659,32.27625
test,A5,25.708,31.610882
test,A5,25.822,32.346443
test,A5,26.071,30.967062
test,A5,26.016,30.244501
test,A5,25.771,30.603094
test,A5,25.764,30.318018
test,A5,25.843,29.39458
test,A5,25.744,31.795784
test,A5,26.032,32.155334
test,A5,26.177,31.43976
test,A5,25.168,31.21119
test,A5,24.938,31.388617
test,A5,26.003,31.346163
test,A5,26.435,31.663305
test,A5,26.279,31.3972
test,A5,25.878,31.373106
test,A5,25.509,31.898357
test,A5,25.678,31.403223
test,A5,26.072886,32.248825
test,A5,26.049885,31.936863
test,A5,25.368,31.688587
test,A5,24.247,32.069508
test,A5,23.389,31.767292
test,A5,24.013,31.747616
test,A5,25.732,32.260822
test,A5,27.399,32.733116
test,A5,27.325941,32.65535
test,A5,26.335941,31.807413
test,A5,25.916307,31.597198
test,A5,25.424633,31.739162
test,A5,25.489326,32.205307
test,A5,25.718,32.173965
test,A5,25.912,31.687735
test,A5,26.177,32.48497
test,A5,26.216,32.453583
test,A5,26.077,32.542614
test,A5,25.967,32.28681
test,A5,25.88,32.30867
test,A5,25.787233,32.402798
test,A5,25.580372,32.91224
test,A5,25.374138,32.722675
test,A5,25.757,32.329136
test,A5,25.61,31.793066
test,A5,24.937,32.25106
test,A5,25.102,32.523983
test,A5,25.386,32.345375
test,A5,25.644,31.687721
test,A5,25.691,31.587576
test,A5,25.386,31.95753
test,A5,25.605,31.788137
test,A5,25.521,31.689127
test,A5,24.945,31.611332
test,A5,25.031,32.161922
test,A5,25.512604,32.682255
test,A5,26.128605,31.868486
test,A5,26.387,33.250668
test,A5,26.374,33.549973
test,A5,26.54,31.94511
test,A5,26.591,32.26097
test,A5,26.56,33.34513
test,A5,26.221,33.242218
test,A5,26.061,33.173088
test,A5,25.994,32.86041
test,A5,25.788,32.62198
test,A5,25.786,32.249035
test,A5,25.803,32.82387
test,A5,25.794,33.146023
test,A5,25.934,33.519688
test,A5,26.256,32.118446
test,A5,26.509,31.720171
test,A5,26.498,32.283855
test,A5,26.703,33.05134
test,A5,27.085,32.691376
test,A5,27.368,32.764374
test,A5,26.88,32.715164
test,A5,26.182,33.08107
test,A5,26.302,33.073967
test,A5,26.376,32.585163
test,A5,26.043,34.15747
test,A5,25.497,35.28878
test,A5,25.175,33.16312
test,A5,25.126,33.28211
test,A5,25.093,32.97907
test,A5,25.178,32.09347
test,A5,25.481,32.990936
test,A5,25.424,33.039093
test,A5,24.824,33.451096
test,A5,24.00154,33.869167
test,A5,23.90454,32.69557
test,A5,24.122,32.169563
test,A5,24.08,33.213535
test,A5,24.16,31.881746
test,A5,24.029,32.36193
test,A5,24.216,31.354794
test,A5,24.566,30.599833
test,A5,24.931,31.992546
test,A5,25.371,32.83757
test,A5,25.513004,33.447384
test,A5,25.527004,33.45118
test,A5,25.614,33.6616
test,A5,25.56589,33.850952
test,A5,25.34789,33.749954
test,A5,25.199,33.91199
test,A5,25.308,32.59892
test,A5,25.456,31.949389
test,A5,25.481,32.777794
test,A5,25.131,33.02298
test,A5,24.327,32.79085
test,A5,24.286,32.340973
test,A5,24.641,33.184517
test,A5,25.156,33.23253
test,A5,26.267,32.22625
test,A5,27.209,32.810143
test,A5,27.93912,32.478065
test,A5,27.660118,33.078392
test,A5,27.196,33.46202
test,A5,26.643639,33.109764
test,A5,25.428638,33.44671
test,A5,25.191,33.09043
test,A5,25.97,32.969635
test,A5,25.957,32.86901
test,A5,25.781,33.629997
test,A5,26.17,33.196537
test,A5,25.784,34.456894
test,A5,25.501,34.57845
test,A5,25.767,34.14339
test,A5,25.856,33.795803
test,A5,25.861,33.546326
test,A5,25.86,33.344627
test,A5,25.835,34.48198
test,A5,25.814,33.620487
test,A5,25.828,32.99553
test,A5,25.842,33.143887
test,A5,25.55001,33.125423
test,A5,25.35201,33.46149
test,A5,25.626,33.130714
test,A5,26.116,33.269188
test,A5,26.387,33.378036
test,A5,26.275,33.584335
test,A5,25.597,33.23905
test,A5,25.134,32.3814
test,A5,25.111,32.08363
test,A5,24.896,31.64534
test,A5,25.024,31.521673
test,A5,25.172,31.504044
test,A5,24.955,31.458033
test,A5,24.488,31.055449
test,A5,24.45,31.973946
test,A5,25.183,31.983427
test,A5,25.705,31.917917
test,A5,25.595,31.735455
test,A5,25.163,31.26449
test,A5,24.593,31.338545
test,A5,24.717,31.273481
test,A5,24.584,31.44005
test,A5,24.591,32.531544
test,A5,25.05,31.638058
test,A5,25.775,30.770678
test,A5,27.297,30.092554
test,A5,27.866,31.609632
test,A5,27.856,30.682037
test,A5,27.716,31.924282
test,A5,27.323,34.957367
test,A5,27.139673,32.230667
test,A5,27.534674,31.86236
test,A5,28.482698,31.179434
test,A5,28.626968,30.400782
test,A5,27.79327,31.139639
test,A5,27.638,30.285261
test,A5,26.833,30.383263
test,A5,25.652,31.380508
test,A5,25.346,31.9015
test,A5,25.471,30.981834
test,A5,26.202,31.023657
test,A5,26.116966,32.66098
test,A5,25.717966,32.825314
test,A5,25.974,31.656172
test,A5,26.237,31.214006
test,A5,26.56848,32.3082
test,A5,26.37248,31.98825
test,A5,25.867,32.44772
test,A5,25.906,32.590157
test,A5,25.663,32.910175
test,A5,25.442,33.29332
test,A5,25.288,31.280315
test,A5,25.129658,30.503517
test,A5,24.723658,31.906645
test,A5,24.347,32.014133
test,A5,24.944,31.830133
test,A5,25.373,33.325134
test,A5,24.655,33.578064
test,A5,24.642,32.08946
test,A5,25.433,31.969713
test,A5,25.665,31.966003
test,A5,25.988,32.575165
test,A5,26.337,32.67871
test,A5,26.329,31.893892
test,A5,25.889,33.561302
test,A5,25.301,33.116814
test,A5,25.186,33.01902
test,A5,25.469,32.005928
test,A5,25.689213,32.77939
test,A5,25.937212,32.741936
test,A5,25.802748,32.994995
test,A5,25.293747,33.387253
test,A5,24.782,33.759495
test,A5,24.24,33.5912
test,A5,23.73,33.50561
test,A5,23.259,33.327686
test,A5,22.214,33.273544
test,A5,20.942,33.403587
test,A5,20.229,34.367058
test,A5,19.585,33.870224
test,A5,18.813,33.149845
test,A5,18.256,32.676777
test,A5,17.926,33.384605
test,A5,16.757,33.67205
test,A5,15.422,33.16992
test,A5,15.043,32.933815
test,A5,14.79,33.157932
test,A5,14.494,32.464504
test,A5,14.261,32.425926
test,A5,13.66,33.292706
test,A5,12.412,35.248516
test,A5,11.157,34.012306
test,A5,10.239,33.50829
test,A5,9.444,33.20069
test,A5,9.186,33.523045
test,A5,8.836,32.77116
test,A5,8.222,33.981155
test,A5,7.78,35.427795
test,A5,7.117,34.96192
test,A5,6.466,34.290314
test,A5,6.027,32.68857
test,A5,5.305,32.139027
test,A5,4.264,32.69494
test,A5,3.78,32.78568
test,A5,3.467,32.77133
test,A5,1.8678317,32.416813
test,A5,0.4458317,32.50869
test,A5,0.31,32.584827
test,A5,0.279,32.37287
test,A5,0.124,32.053093
test,A5,0.031,31.28322
test,A5,0.27,30.63971
test,A5,0.728,30.622103
test,A5,0.699,30.747417
test,A5,0.927,30.989813
test,A5,2.501,31.296867
test,A5,4.010371,30.4172
test,A5,4.9943714,31.328054
test,A5,5.643,32.93313
test,A5,5.628,33.069412
test,A5,5.374,32.720924
test,A5,5.037,32.483532
test,A5,4.698,32.128853
test,A5,4.483,32.274437
test,A5,4.386,32.568565
test,A5,4.434,32.353634
test,A5,4.39,32.250786
test,A5,4.106,31.938179
test,A5,3.929,32.22985
test,A5,3.922995,32.657047
test,A5,3.913995,32.167885
test,A5,3.913,32.323883
test,A5,3.928,32.824875
test,A5,3.912,32.686485
test,A5,3.795,32.771427
test,A5,3.783,32.12094
test,A5,3.786,32.378716
test,A5,3.62,32.302658
test,A5,3.381,32.123947
test,A5,3.26,32.551834
test,A5,3.452,32.49158
test,A5,3.672,32.78007
test,A5,3.779,32.93053
test,A5,4.066,32.523693
test,A5,4.1826186,32.410942
test,A5,3.7736187,32.529182
test,A5,3.538,32.106148
test,A5,3.5780792,32.31496
test,A5,3.5760791,32.777916
test,A5,3.357,32.782646
test,A5,2.977,32.4356
test,A5,2.782,32.220566
test,A5,2.768,37.87201
test,A5,2.786,37.781124
test,A5,2.887,32.04005
test,A5,2.893,32.572845
test,A5,3.066,32.295475
test,A5,3.556,32.296288
test,A5,3.952,32.426834
test,A5,4.142,32.48444
test,A5,4.034,32.39451
test,A5,3.88,32.73763
test,A5,3.862,32.681534
test,A5,3.994,32.69798
test,A5,4.189,32.458904
test,A5,4.2450743,32.370445
test,A5,4.1830745,32.38359
test,A5,4.244,32.301807
test,A5,4.165,32.478645
test,A5,4.033,32.810993
test,A5,4.048,32.546448
test,A5,3.931,32.490547
test,A5,3.735,32.418095
test,A5,3.708297,32.048527
test,A5,3.595297,31.696436
test,A5,3.629,32.083214
test,A5,3.887,31.675478
test,A5,4.135,31.334738
test,A5,4.551703,30.93578
test,A5,5.135703,30.959429
test,A5,6.125,31.499441
test,A5,7.047,32.120464
test,A5,7.509,31.807245
test,A5,7.751,31.50778
test,A5,7.938,31.90516
test,A5,8.41,31.23995
test,A5,8.986,31.217085
test,A5,8.984,31.660318
test,A5,8.74,32.689297
test,A5,9.039,32.61212
test,A5,10.117,32.124733
test,A5,10.962,31.70955
test,A5,11.144,31.897974
test,A5,11.324,32.25442
test,A5,11.519,32.83402
test,A5,11.59402,31.997602
test,A5,11.60502,31.71495
test,A5,11.694,32.165977
test,A5,11.863,31.549824
test,A5,12.106,31.695395
test,A5,12.239,32.191185
test,A5,12.276,32.03159
test,A5,12.282,32.66384
test,A5,12.293,32.236443
test,A5,12.278,31.90672
test,A5,12.162,31.78801
test,A5,12.150935,31.548744
test,A5,12.255936,31.883959
test,A5,12.306,31.743847
test,A5,12.143074,31.916643
test,A5,12.034074,32.241558
test,A5,12.002,31.861929
test,A5,11.877,31.90605
test,A5,11.837,31.828003
test,A5,11.894,31.892551
test,A5,11.957153,32.48015
test,A5,12.0731535,32.080807
test,A5,12.072,31.468231
test,A5,11.931,32.092056
test,A5,11.887,31.337898
test,A5,11.903,31.285091
test,A5,12.181851,31.482958
test,A5,12.571852,31.477116
test,A5,12.771094,31.457296
test,A5,12.966094,31.243822
test,A5,13.303,31.455645
test,A5,13.517,31.35074
test,A5,13.523,31.396341
test,A5,13.498,31.959524
test,A5,13.416,31.723223
test,A5,13.398,30.103127
test,A5,13.601,29.400694
test,A5,13.814,30.107393
test,A5,13.818139,31.74373
test,A5,13.685139,31.343225
test,A5,13.736,29.634424
test,A5,14.037,31.300112
test,A5,14.082,32.089985
test,A5,14.033,31.06951
test,A5,14.232,30.652826
test,A5,14.393,30.27302
test,A5,14.699163,31.055143
test,A5,15.177163,30.888414
test,A5,15.625144,30.902784
test,A5,15.778253,31.460283
test,A5,15.750109,31.15958
test,A5,15.782,31.390535
test,A5,15.822,33.104637
test,A5,15.329,32.0311
test,A5,14.837,31.42954
test,A5,15.209,30.196466
test,A5,15.612,30.743103
test,A5,15.958,30.741364
test,A5,16.309,30.957956
test,A5,16.544,31.433794
test,A5,16.919,31.350805
test,A5,17.177135,31.574057
test,A5,17.237135,30.214346
test,A5,17.149,29.62481
test,A5,17.376,30.399454
test,A5,17.925,31.0407
test,A5,17.998,31.741858
test,A5,17.967,32.347076
test,A5,18.289694,31.95682
test,A5,18.308693,31.191967
test,A5,18.271475,30.22669
test,A5,18.912476,30.877
test,A5,19.434,30.687939
test,A5,19.305,31.424189
test,A5,18.965,31.558771
test,A5,19.111,33.00506
test,A5,19.816887,31.585827
test,A5,20.242886,29.625217
test,A5,20.08,30.203928
test,A5,20.606,30.528782
test,A5,21.442,30.23522
test,A5,21.953,30.78856
test,A5,22.413118,31.246761
test,A5,21.986149,30.580614
test,A5,22.46403,30.94242
test,A5,24.227673,31.500414
test,A5,24.697495,31.696123
test,A5,24.258821,32.017914
test,A5,24.131,31.276678
test,A5,24.006,30.395632
test,A5,23.489,30.702421
test,A5,23.195,32.751156
test,A5,23.213,32.41617
test,A5,22.486,32.260124
test,A5,21.09,31.155014
test,A5,20.862,30.294847
test,A5,22.126,30.584997
test,A5,23.21,30.228533
test,A5,23.436,30.127626
test,A5,23.411,30.355558
test,A5,23.814,30.065702
test,A5,25.145,30.286963
test,A5,26.055,29.655878
test,A5,26.418,30.30057
test,A5,27.096,29.950024
test,A5,27.173054,30.60607
test,A5,27.149054,31.291437
test,A5,27.424,29.7678
test,A5,27.055,29.888378
test,A5,26.536,29.595015
test,A5,26.352,31.050383
test,A5,25.854925,30.93443
test,A5,25.443926,31.430828
test,A5,24.803,30.548933
test,A5,24.897436,30.471228
test,A5,25.993484,32.28299
test,A5,26.41664,31.623825
test,A5,25.994589,30.048782
test,A5,25.517,29.81995
test,A5,25.686,29.966187
test,A5,25.665,31.001356
test,A5,25.611,32.011314
test,A5,25.756,30.807196
test,A5,25.651,31.126549
test,A5,25.882,30.923445
test,A5,25.887281,31.043919
test,A5,25.482283,32.083584
test,A5,25.429,33.215546
test,A5,24.894678,32.767742
test,A5,23.802618,31.27684
test,A5,22.63494,31.972334
test,A5,22.359564,32.710583
test,A5,24.089565,33.312317
test,A5,25.507,31.977493
test,A5,25.881,30.717636
test,A5,26.404,31.229017
test,A5,26.867,31.122498
test,A5,27.173,31.426313
test,A5,27.423,31.432554
test,A5,27.94,31.267683
test,A5,28.241,32.321224
test,A5,27.211,32.83297
test,A5,26.262,33.113853
test,A5,26.145,33.673927
test,A5,25.775,32.87019
test,A5,25.333,32.625286
test,A5,25.382996,32.7792
test,A5,25.591995,32.609962
test,A5,25.489,32.943398
test,A5,25.468,34.04529
test,A5,25.541,33.096535
test,A5,25.402,33.06143
test,A5,25.095,32.565258
test,A5,24.84998,31.972662
test,A5,24.83198,30.81169
test,A5,25.255,30.03594
test,A5,25.668,30.437647
test,A5,25.841,28.287045
test,A5,26.047,29.571154
test,A5,26.255,30.541685
test,A5,26.456,30.896032
test,A5,26.665,31.656057
test,A5,26.855,32.128998
test,A5,26.943,32.721127
test,A5,27.197,32.271698
test,A5,27.439,30.260214
test,A5,27.329,31.606108
test,A5,26.902,33.405792
test,A5,26.534866,33.581154
test,A5,26.467867,33.46031
test,A5,26.779,32.81501
test,A5,26.786,32.917103
test,A5,26.524,32.930008
test,A5,26.542,32.59337
test,A5,26.313,31.825653
test,A5,25.97,31.801565
test,A5,25.838,32.00403
test,A5,25.846,32.150246
test,A5,25.688,31.786173
test,A5,25.389912,31.763239
test,A5,25.186836,31.457327
test,A5,25.246925,30.636894
test,A5,25.605,30.50272
test,A5,25.901014,31.310766
test,A5,26.014015,30.742884
test,A5,26.258,29.887869
test,A5,26.448,30.696833
test,A5,26.386,31.216698
test,A5,26.05066,32.657646
test,A5,25.455658,32.14339
test,A5,25.053,33.2771
test,A5,25.512777,33.81768
test,A5,26.320778,33.922325
test,A5,26.714,33.342308
test,A5,25.712,32.80615
test,A5,24.107,31.348246
test,A5,24.367,30.771517
test,A5,25.814,32.41139
test,A5,26.65407,32.43551
test,A5,26.747068,32.412453
test,A5,26.351,31.034197
test,A5,26.122,31.97132
test,A5,26.202,32.28742
test,A5,26.085,31.507107
test,A5,26.109,31.086475
test,A5,26.341,32.368782
test,A5,26.61,31.231192
test,A5,26.82,30.131136
test,A5,26.96807,31.515097
test,A5,27.115068,32.72699
test,A5,27.272,31.558706
test,A5,27.347,31.01837
test,A5,27.397055,31.93367
test,A5,27.500055,32.310387
test,A5,27.588,31.886065
test,A5,27.682,33.688324
test,A5,27.507,33.920784
test,A5,27.003307,32.396072
test,A5,26.625307,31.51761
test,A5,26.636,31.910456
test,A5,26.87,31.851557
test,A5,27.01595,32.2429
test,A5,26.90395,31.583618
test,A5,26.708,30.70117
test,A5,27.102,31.913021
test,A5,27.642,31.988245
test,A5,27.861,31.597145
test,A5,27.906149,31.710663
test,A5,27.936148,31.57622
test,A5,28.016,32.542625
test,A5,27.836628,32.64673
test,A5,27.428627,33.81431
test,A5,27.096,34.035797
test,A5,26.883,32.58499
test,A5,26.704,32.79541
test,A5,26.586,32.74588
test,A5,26.625,32.822643
test,A5,26.67196,33.027054
test,A5,26.61996,32.961555
test,A5,26.626,32.523266
test,A5,26.68,33.416588
test,A5,26.82197,32.790367
test,A5,26.94097,31.90386
test,A5,27.09,32.12231
test,A5,27.199,32.004242
test,A5,27.25,31.886415
test,A5,27.316,31.155867
test,A5,27.348,31.334826
test,A5,27.401,32.756893
test,A5,27.479912,33.60491
test,A5,27.44091,33.20079
test,A5,27.36,33.004997
test,A5,27.336,31.858332
test,A5,27.338,31.46568
test,A5,27.46,31.868626
test,A5,27.722,32.544693
test,A5,28.006,32.720074
test,A5,28.178886,33.004143
test,A5,28.322886,30.839972
test,A5,28.457,30.705431
test,A5,28.535,31.99985
test,A5,28.45,32.844696
test,A5,28.242,34.98875
test,A5,28.111,35.38661
test,A5,28.041843,33.787197
test,A5,28.059843,31.070723
test,A5,27.984,31.724028
test,A5,27.828,32.213665
test,A5,27.775,33.648933
test,A5,27.738,33.16859
test,A5,27.655,31.766663
test,A5,27.588,32.012234
test,A5,27.544,33.60353
test,A5,27.458,32.796673
test,A5,27.372,31.433771
test,A5,27.416,31.871136
test,A5,27.594,32.206703
test,A5,27.753056,33.207966
test,A5,27.857056,34.071106
test,A5,27.904,33.82574
test,A5,27.895,33.856827
test,A5,27.878965,33.709682
test,A5,27.908964,32.664707
test,A5,27.967,32.76647
test,A5,27.954,33.35903
test,A5,27.867064,33.667397
test,A5,27.889065,33.247948
test,A5,28.049,32.837017
test,A5,28.135,33.447853
test,A5,28.103,33.976788
test,A5,28.199781,33.96338
test,A5,28.496782,33.383904
test,A5,28.605,33.83396
test,A5,28.435,33.586365
test,A5,28.403,32.504356
test,A5,28.397,32.23409
test,A5,28.222,32.98176
test,A5,28.106,32.03932
test,A5,27.98,32.3896
test,A5,27.874,33.42778
test,A5,27.981,34.004803
test,A5,28.232,33.8291
test,A5,28.435,34.2167
test,A5,28.517115,34.365623
test,A5,28.531115,33.379173
test,A5,28.08,33.15901
test,A5,27.413,33.67237
test,A5,27.199,34.02385
test,A5,27.016,34.46814
test,A5,26.603,35.05929
test,A5,26.143,35.23813
test,A5,25.805,33.576218
test,A5,25.564,34.466522
test,A5,25.401,35.702095
test,A5,25.354,35.347363
test,A5,25.049,34.765137
test,A5,24.583,34.533123
test,A5,24.279,34.737076
test,A5,23.983,34.104362
test,A5,23.62383,34.726227
test,A5,23.280832,35.195297
test,A5,22.974,33.943714
test,A5,22.604,33.966385
test,A5,22.197,34.606735
test,A5,21.876,34.201042
test,A5,21.525,34.569447
test,A5,21.129,35.164024
test,A5,20.601,35.658173
test,A5,19.939,34.03413
test,A5,19.561,34.31443
test,A5,19.364826,34.663048
test,A5,19.032827,35.213306
test,A5,18.579,35.86075
test,A5,18.102,35.885307
test,A5,17.295,35.565132
test,A5,15.928,34.8644
test,A5,14.7,35.003273
test,A5,13.961,35.28254
test,A5,13.470708,33.859447
test,A5,13.003708,34.810455
test,A5,12.485,35.329872
test,A5,11.587,35.26052
test,A5,10.239,35.08603
test,A5,9.110515,35.799984
test,A5,8.128515,35.26069
test,A5,6.948,34.73371
test,A5,5.985,34.607037
test,A5,5.432,34.70363
test,A5,4.938,34.075176
test,A5,4.331,34.147343
test,A5,3.657,34.91942
test,A5,2.716,34.99907
test,A5,1.908,34.172386
test,A5,0.877,33.583214
test,A5,0.14485644,33.94694
test,A5,0.11585644,34.03714
test,A5,0.0,34.03695
test,A5,0.0,33.786663
test,A5,0.0,33.485813
test,A5,0.0,32.928047
test,A5,0.209,32.74293
test,A5,1.342,32.372692
test,A5,2.636,33.020996
test,A5,3.103,33.36679
test,A5,3.343,32.913834
test,A5,3.716,33.425472
test,A5,4.201,33.76735
test,A5,4.532,33.729115
test,A5,4.522,33.997643
test,A5,4.302,34.239487
test,A5,3.938,34.342056
test,A5,3.482,34.134415
test,A5,3.0750644,33.990562
test,A5,2.8350644,33.78882
test,A5,2.749,33.91632
test,A5,2.71,33.774307
test,A5,2.644,33.790195
test,A5,2.643,33.797134
test,A5,2.762312,33.699417
test,A5,2.902312,33.99639
test,A5,3.045,33.844734
test,A5,3.1950643,33.669365
test,A5,3.3539357,33.97832
test,A5,3.5468712,33.8133
test,A5,3.745,34.33873
test,A5,3.939,34.477783
test,A5,3.877,34.31736
test,A5,3.709,34.264877
test,A5,3.62,34.073917
test,A5,3.502,33.80934
test,A5,3.36,33.755875
test,A5,3.006,33.824852
test,A5,2.669,33.83967
test,A5,2.483005,33.88324
test,A5,2.403005,33.876545
test,A5,2.479,34.06033
test,A5,2.698,33.62329
test,A5,2.86,34.38617
test,A5,2.7688367,34.069984
test,A5,2.5278366,33.844402
test,A5,2.3710248,33.930923
test,A5,2.3030248,33.823204
test,A5,2.122,33.881397
test,A5,1.876965,33.755623
test,A5,1.752965,34.08188
test,A5,1.81,34.28807
test,A5,1.961,34.276817
test,A5,2.222,33.957108
test,A5,2.46,33.854393
test,A5,2.506,33.6303
test,A5,2.5339603,33.882706
test,A5,2.4909604,34.07299
test,A5,2.207,33.923683
test,A5,1.999,34.077633
test,A5,1.837,34.670334
test,A5,1.366,34.708954
test,A5,1.05,34.202106
test,A5,1.05,34.22992
test,A5,1.05,34.122826
test,A5,1.05,33.956947
test,A5,1.05,33.96299
test,A5,0.945,33.89028
test,A5,0.42,33.678654
test,A5,0.0,33.741493
test,A5,0.0,33.85265
test,A5,0.0,33.862434
test,A5,0.0,33.666145
test,A5,0.0,33.260025
test,A5,0.0,33.57145
test,A5,0.0,33.447975
test,A5,0.0,33.501972
test,A5,0.136,33.863297
test,A5,0.839,34.085876
test,A5,1.499005,33.871548
test,A5,1.625005,33.807213
test,A5,1.784,33.41629
test,A5,1.969,34.162804
test,A5,2.1547475,34.534298
test,A5,2.5577476,33.404915
test,A5,3.203,32.579674
test,A5,3.966,33.122692
test,A5,4.691,33.511543
test,A5,5.216,33.102463
test,A5,5.347,33.61666
test,A5,5.182,33.940292
test,A5,5.023,33.82589
test,A5,4.883075,33.770466
test,A5,4.728075,33.686905
test,A5,4.601,33.685463
test,A5,4.495,33.657482
test,A5,4.363,33.764153
test,A5,4.32799,33.528038
test,A5,4.39899,33.9917
test,A5,4.523,33.62229
test,A5,4.822,32.864555
test,A5,5.401,33.13539
test,A5,6.121,32.28909
test,A5,6.646,32.24646
test,A5,6.922,33.440414
test,A5,7.066,34.052868
test,A5,7.124,34.371025
test,A5,7.077,34.585815
test,A5,6.962,34.809566
test,A5,6.851,35.092094
test,A5,6.732,34.427895
test,A5,6.485,34.04778
test,A5,6.137,33.893417
test,A5,5.913,33.671127
test,A5,5.754,34.239998
test,A5,5.62,33.651287
test,A5,5.585,34.06851
test,A5,5.601,34.289856
test,A5,5.569,34.327248
test,A5,5.499,33.799088
test,A5,5.468,33.063396
test,A5,5.456,32.992424
test,A5,5.553,33.454594
test,A5,5.6829257,33.39901
test,A5,5.6919255,33.3752
test,A5,5.834,33.710052
test,A5,6.201,33.92711
test,A5,6.516,33.73255
test,A5,6.663,33.7601
test,A5,6.763,32.97458
test,A5,6.769,33.174202
test,A5,6.661,33.745457
test,A5,6.637,34.381714
test,A5,6.535,34.691307
test,A5,6.165,34.245625
test,A5,5.753,33.92889
test,A5,5.53,33.801037
test,A5,5.435,34.39572
test,A5,5.248,34.416832
test,A5,5.039,34.17522
test,A5,4.933,34.466675
test,A5,4.847,33.671646
test,A5,4.889,33.60949
test,A5,5.072,33.25493
test,A5,5.273,33.42483
test,A5,5.3149753,33.473896
test,A5,5.307109,33.991314
test,A5,5.4861336,33.83149
test,A5,5.733,33.498856
test,A5,5.921,33.315765
test,A5,6.011,33.047874
test,A5,6.131,33.38183
test,A5,6.222,33.1716
test,A5,6.341,33.36964
test,A5,6.365,34.07783
test,A5,6.311,33.53952
test,A5,6.436,33.452065
test,A5,6.504,33.84192
test,A5,6.406,33.578606
test,A5,6.253015,33.52164
test,A5,6.177015,33.9115
test,A5,6.1349754,33.80078
test,A5,6.1159754,33.931465
test,A5,6.2360497,33.089394
test,A5,6.4100494,32.6985
test,A5,6.5258813,32.722534
test,A5,6.585881,33.342888
test,A5,7.029,33.50551
test,A5,7.628,33.448505
test,A5,7.786089,33.86335
test,A5,7.754089,33.32652
test,A5,7.89,33.721558
test,A5,8.05,34.282738
test,A5,8.039,34.133957
test,A5,7.974,34.824272
test,A5,7.875,33.94203
test,A5,7.799,33.729553
test,A5,7.713,33.39453
test,A5,7.563,32.964134
test,A5,7.255,33.378395
test,A5,7.009,33.68154
test,A5,6.944,34.250282
test,A5,6.712,33.782967
test,A5,6.399,33.70125
test,A5,6.2,33.730564
test,A5,6.022,33.31874
test,A5,5.864,32.910603
test,A5,5.824,33.636326
test,A5,5.714,33.719658
test,A5,5.523,33.333366
test,A5,5.504,33.039677
test,A5,5.572,32.50479
test,A5,5.743,31.876303
test,A5,5.908906,32.902496
test,A5,5.928906,33.314827
test,A5,6.192,32.946228
test,A5,6.58,32.930103
test,A5,6.825,32.641853
test,A5,7.28,33.129185
test,A5,7.785,33.511543
test,A5,7.947,33.773197
test,A5,7.8261585,33.993057
test,A5,7.5461583,33.863976
test,A5,7.116,33.845123
test,A5,6.645,33.697342
test,A5,6.186,33.64228
test,A5,5.825911,33.79834
test,A5,5.614911,33.851116
test,A5,5.45,33.077457
test,A5,5.333,32.71535
test,A5,5.25,33.24594
test,A5,5.164,33.74946
test,A5,4.996,33.734314
test,A5,4.625,33.77443
test,A5,4.066,33.5561
test,A5,3.609,33.073166
test,A5,3.327,33.43659
test,A5,3.163,33.452217
test,A5,3.104,33.25817
test,A5,3.058,33.164497
test,A5,3.051,32.994476
test,A5,3.068,32.873142
test,A5,3.1767871,32.789955
test,A5,3.523787,32.419846
test,A5,4.123,32.55038
test,A5,4.664,32.592464
test,A5,4.876,32.671803
test,A5,4.949,33.281433
test,A5,4.965,33.550198
test,A5,4.863,33.266727
test,A5,4.766,33.257088
test,A5,4.707901,33.17882
test,A5,4.594901,33.485153
test,A5,4.482,33.388298
test,A5,4.41,33.031708
test,A5,4.313,32.90778
test,A5,4.2280593,33.45282
test,A5,4.1320596,33.161446
test,A5,4.01,32.70104
test,A5,3.991,32.481583
test,A5,4.102,33.01678
test,A5,4.237,33.121094
test,A5,4.376,32.973633
test,A5,4.512,32.991245
test,A5,4.573,32.95636
test,A5,4.664,32.938835
test,A5,4.835035,33.0281
test,A5,4.8780346,32.869446
test,A5,4.816,32.36127
test,A5,4.891,32.633087
test,A5,5.117,32.216034
test,A5,5.202,32.576027
test,A5,5.2241187,33.098076
test,A5,5.3701186,33.575012
test,A5,5.394,33.12337
test,A5,5.348,32.433304
test,A5,5.463,32.389576
test,A5,5.674915,33.02148
test,A5,5.873915,33.019836
test,A5,6.054,32.86431
test,A5,6.157,32.877617
test,A5,6.192985,32.695953
test,A5,6.2029853,32.812992
test,A5,6.0106087,34.09114
test,A5,5.4330196,34.29406
test,A5,4.631411,33.468834
test,A5,3.922,33.156574
test,A5,3.54,32.548515
test,A5,3.564,32.169357
test,A5,3.948,32.01227
test,A5,4.547,31.423128
test,A5,5.124,31.291689
test,A5,6.36,31.504625
test,A5,7.806,31.674742
test,A5,8.585,31.81808
test,A5,9.111,32.418377
test,A5,9.466,32.71794
test,A5,9.902986,32.962032
test,A5,10.177985,32.752777
test,A5,10.023,31.742683
test,A5,9.668,31.221552
test,A5,9.801,30.962936
test,A5,10.642505,30.57517
test,A5,11.645505,30.98358
test,A5,12.679,32.32134
test,A5,13.45,32.317825
test,A5,13.74,32.0281
test,A5,13.652,32.109116
test,A5,13.407,33.099857
test,A5,13.135,32.824326
test,A5,12.837136,32.20442
test,A5,12.582116,31.74046
test,A5,12.540748,31.531261
test,A5,12.8327675,31.366135
test,A5,13.299,31.48709
test,A5,13.901,30.99434
test,A5,14.662,31.078806
test,A5,15.55,30.74669
test,A5,16.379164,30.769835
test,A5,16.908163,31.155336
test,A5,17.355,30.921062
test,A5,17.698,32.771553
test,A5,17.914,32.767693
test,A5,18.106,31.897228
test,A5,18.155931,32.07751
test,A5,18.051931,31.440363
test,A5,17.798,32.117676
test,A5,17.459,32.716755
test,A5,16.952,31.476572
test,A5,16.229,31.973013
test,A5,15.48,32.894005
test,A5,14.769,32.912823
test,A5,14.145,32.610126
test,A5,13.69,32.35157
test,A5,13.476,31.917658
test,A5,13.55,32.216557
test,A5,13.815,32.196518
test,A5,14.144,31.625477
test,A5,14.494,31.518072
test,A5,14.848,32.03284
test,A5,15.088,32.285545
test,A5,15.12609,31.959303
test,A5,15.22809,31.294355
test,A5,15.61,32.446335
test,A5,15.924,31.40988
test,A5,16.088,31.389822
test,A5,16.238,31.814205
test,A5,16.405,31.607141
test,A5,16.452,31.56497
test,A5,16.398,32.191933
test,A5,16.382,33.443497
test,A5,16.367,32.473164
test,A5,16.43,31.943577
test,A5,16.422,32.06753
test,A5,16.557734,31.778568
test,A5,17.005733,32.084007
test,A5,17.457,32.327812
test,A5,17.724,31.20583
test,A5,17.738,31.776674
test,A5,17.848,32.013657
test,A5,18.005,31.791004
test,A5,18.037,31.919977
test,A5,18.097,32.50735
test,A5,18.17,31.888166
test,A5,18.293,31.778608
test,A5,18.404049,32.01822
test,A5,18.50205,31.85887
test,A5,18.61,31.837679
test,A5,18.71,31.446642
test,A5,18.805,32.739838
test,A5,18.86,33.324043
test,A5,18.847,33.80664
test,A5,18.885,33.73358
test,A5,18.918,33.39555
test,A5,18.869095,33.432617
test,A5,18.763094,33.175446
test,A5,18.692099,33.474503
test,A5,18.7911,33.68267
test,A5,18.934,33.879803
test,A5,19.012,34.023354
test,A5,19.004,33.86837
test,A5,18.924,34.03668
test,A5,18.842,33.61036
test,A5,18.745,33.608223
test,A5,18.637,33.76687
test,A5,18.62,33.57928
test,A5,18.7,33.362404
test,A5,18.76,34.082676
test,A5,18.601,35.291946
test,A5,18.188,34.44675
test,A5,17.723,34.19851
test,A5,17.348,33.90986
test,A5,17.009,34.30867
test,A5,16.604,35.692802
test,A5,15.907,35.44812
test,A5,14.79,35.88759
test,A5,13.47,35.31036
test,A5,12.259,34.68068
test,A5,11.443,34.861153
test,A5,10.801,34.20392
test,A5,10.248,34.14379
test,A5,9.765,34.344574
test,A5,9.346,34.33509
test,A5,9.175,34.646645
test,A5,9.06,34.30607
test,A5,8.816,34.171867
test,A5,8.771,33.78151
test,A5,8.954,34.27088
test,A5,8.75,34.064304
test,A5,8.176,33.44891
test,A5,7.7659407,33.86112
test,A5,7.6089406,33.74913
test,A5,7.51799,33.790573
test,A5,7.5148764,33.941196
test,A5,7.664886,33.916954
test,A5,7.935,33.55983
test,A5,8.292,33.097725
test,A5,8.647,33.7707
test,A5,8.893,33.761055
test,A5,9.185921,33.395813
test,A5,9.469921,33.635666
test,A5,9.68,34.010986
test,A5,9.923,33.492493
test,A5,10.142,33.096676
test,A5,10.378,33.830315
test,A5,10.613,33.75659
test,A5,10.822,33.835968
test,A5,10.983,33.93351
test,A5,11.039,34.243362
test,A5,11.011,34.69066
test,A5,10.767,34.68029
test,A5,10.461,35.077408
test,A5,10.312,34.577602
test,A5,10.281,34.571823
test,A5,10.405901,34.021416
test,A5,10.602901,33.5933
test,A5,10.769,33.953056
test,A5,10.959,33.66695
test,A5,11.262,33.97057
test,A5,11.739,33.55726
test,A5,12.4305,32.80451
test,A5,13.3165,33.297333
test,A5,14.168,33.64388
test,A5,14.723,33.662964
test,A5,14.975,34.364376
test,A5,14.91,35.11332
test,A5,14.527,35.358654
test,A5,13.8,35.165565
test,A5,12.449,36.306007
test,A5,10.365,37.220318
test,A5,8.317,36.496975
test,A5,6.988,35.891155
test,A5,6.164797,35.374893
test,A5,5.596797,35.464287
test,A5,5.03,35.372543
test,A5,4.3794217,34.752823
test,A5,3.9044216,34.23782
test,A5,3.859,33.586884
test,A5,4.31,33.30636
test,A5,4.944,33.678352
test,A5,5.362,34.069073
test,A5,5.538,34.476574
test,A5,5.566,34.470314
test,A5,5.553,34.487907
test,A5,5.559,34.918297
test,A5,5.444,35.43747
test,A5,4.891,35.89699
test,A5,3.898,36.16031
test,A5,2.703,35.859344
test,A5,1.602,35.673397
test,A5,1.072,35.27073
test,A5,0.682,34.849754
test,A5,0.37,34.547638
test,A5,0.389,34.109596
test,A5,0.484,33.944695
test,A5,0.678,33.213005
test,A5,1.412,32.90324
test,A5,2.692,30.83362
test,A5,3.851,28.023722
test,A5,5.03,29.261084
test,A5,6.262,30.204405
test,A5,7.303,30.835367
test,A5,8.235,31.075388
test,A5,8.978,31.300611
test,A5,9.44,32.00517
test,A5,9.64,32.742756
test,A5,9.64,29.289234
test,A5,9.516,31.881514
test,A5,8.74,35.96715
test,A5,7.384,36.338028
test,A5,6.289,35.795586
test,A5,5.636,34.83487
test,A5,5.476856,34.28798
test,A5,5.7148566,33.873703
test,A5,6.193,33.871525
test,A5,6.765,33.470253
test,A5,7.268,33.54712
test,A5,7.784,33.909966
test,A5,8.285,34.17269
test,A5,8.685,34.65418
test,A5,8.96,34.8303
test,A5,9.103,35.00988
test,A5,9.067,34.760494
test,A5,8.815,34.930267
test,A5,8.521,35.590755
test,A5,8.221,35.66559
test,A5,7.804,35.900543
test,A5,7.414,35.904957
test,A5,7.083,35.792984
test,A5,6.773,35.06659
test,A5,6.569,34.926178
test,A5,6.373,35.446724
test,A5,6.1249557,35.200554
test,A5,5.9499555,35.39897
test,A5,5.891,35.011116
test,A5,5.923,34.831455
test,A5,6.074,34.862633
test,A5,6.255,34.998848
test,A5,6.354,35.25573
test,A5,6.330175,35.82106
test,A5,6.2251096,35.736813
test,A5,6.096935,35.750187
test,A5,5.942,35.675117
test,A5,5.686,35.792397
test,A5,5.278,35.819244
test,A5,4.968,35.452587
test,A5,4.859,35.550423
test,A5,4.737,35.157455
test,A5,4.543,35.1884
test,A5,4.348,34.646782
test,A5,4.223,34.784824
test,A5,4.145,35.138733
test,A5,4.106,35.538048
test,A5,4.115,35.41002
test,A5,4.127,34.860817
test,A5,4.077,35.79362
test,A5,3.976,36.061653
test,A5,3.844,35.045765
test,A5,3.7839901,34.873806
test,A5,3.82099,34.995525
test,A5,3.943,34.661823
test,A5,4.143,34.43421
test,A5,4.413,34.318214
test,A5,4.828,33.68419
test,A5,5.336,33.772774
test,A5,5.811,34.02953
test,A5,6.269203,34.35772
test,A5,6.697203,34.100876
test,A5,6.944,34.2866
test,A5,7.16,34.473064
test,A5,7.438,34.94287
test,A5,7.618,35.334732
test,A5,7.746,35.083015
test,A5,7.815,35.109844
test,A5,7.867,34.882954
test,A5,8.061,35.49344
test,A5,8.396867,34.33725
test,A5,8.719867,34.236076
test,A5,8.77,34.721756
test,A5,8.268,35.395348
test,A5,7.682,36.134842
test,A5,7.636,34.917274
test,A5,7.74,33.54984
test,A5,7.74,34.51492
test,A5,7.7138715,35.00508
test,A5,7.5547276,35.471687
test,A5,7.2628565,35.251328
test,A5,6.895,35.27469
test,A5,6.492,35.671265
test,A5,6.031,36.0306
test,A5,5.332,36.00553
test,A5,4.4266386,35.85276
test,A5,3.6116385,35.968643
test,A5,3.026,35.464638
test,A5,2.577,35.315777
test,A5,2.233,35.592796
test,A5,1.96,35.30256
test,A5,1.646,35.260437
test,A5,1.425,34.856415
test,A5,1.435,34.335964
test,A5,1.614,34.553726
test,A5,1.911,34.322506
test,A5,2.214,34.147614
test,A5,2.494,34.220596
test,A5,2.697,34.111973
test,A5,2.855,34.22522
test,A5,3.094,34.83423
test,A5,3.264,35.365456
test,A5,3.327,35.06447
test,A5,3.354,35.27659
test,A5,3.36,34.839813
test,A5,3.4,34.6014
test,A5,3.416,34.885887
test,A5,3.53,34.627407
test,A5,3.772,34.159985
test,A5,3.946,34.665688
test,A5,3.949,34.797688
test,A5,3.8328862,35.058002
test,A5,3.666886,35.15271
test,A5,3.491,35.287384
test,A5,3.3538415,35.113533
test,A5,3.1488416,35.29757
test,A5,2.9659505,35.205894
test,A5,2.8919506,35.211308
test,A5,2.916,34.788383
test,A5,2.988,35.087395
test,A5,3.0379307,34.228176
test,A5,3.1329308,34.727386
test,A5,3.245,34.745316
test,A5,3.358,34.27147
test,A5,3.547,34.240593
test,A5,3.826,34.57338
test,A5,4.05,34.71779
test,A5,4.1290493,34.890186
test,A5,4.1250496,34.397453
test,A5,4.15,34.013504
test,A5,4.316,34.030685
test,A5,4.665,34.282806
test,A5,5.0661087,34.396236
test,A5,5.337109,34.358063
test,A5,5.471105,34.13935
test,A5,5.649105,33.855267
test,A5,6.015,33.653122
test,A5,6.322,34.12225
test,A5,6.4138713,35.050354
test,A5,6.2958713,35.181442
test,A5,6.007,35.423874
test,A5,5.617,35.700127
test,A5,5.14,35.72863
test,A5,4.73,35.517803
test,A5,4.3466783,35.367615
test,A5,3.8296783,35.05549
test,A5,3.348,34.290405
test,A5,3.082,33.671494
test,A5,3.03,33.740395
test,A5,3.161,34.14747
test,A5,3.4160793,33.99537
test,A5,3.6560793,33.814583
test,A5,3.842,34.218163
test,A5,4.049,34.34121
test,A5,4.243,34.19718
test,A5,4.425,34.08001
test,A5,4.597,33.748074
test,A5,4.868,33.96087
test,A5,5.176,33.27332
test,A5,5.467,33.5599
test,A5,5.779,34.31176
test,A5,5.97,34.22477
test,A5,6.013911,34.442436
test,A5,5.9178414,34.77426
test,A5,5.7669306,34.718388
test,A5,5.698,34.5424
test,A5,5.834,34.45776
test,A5,6.04986,34.058136
test,A5,6.2557707,34.232483
test,A5,6.4889107,34.125923
test,A5,6.683,34.411804
test,A5,6.658916,34.811802
test,A5,6.579916,34.598206
test,A5,6.449,34.688812
test,A5,6.106,34.80283
test,A5,5.796,35.390907
test,A5,5.4,35.32315
test,A5,4.9359107,34.875248
test,A5,4.6529107,34.23987
test,A5,4.563,34.254787
test,A5,4.681094,33.940956
test,A5,4.928094,33.534176
test,A5,5.263,33.3894
test,A5,5.669,33.48482
test,A5,6.042,33.45266
test,A5,6.429,33.32309
test,A5,6.798,33.48527
test,A5,7.0667973,33.448036
test,A5,7.333797,33.37036
test,A5,7.466,34.015358
test,A5,7.351,34.278755
test,A5,7.2840295,34.05276
test,A5,7.3230295,34.429626
test,A5,7.336,34.337303
test,A5,7.341,33.86968
test,A5,7.39,33.84948
test,A5,7.637,34.10952
test,A5,7.9517255,33.87262
test,A5,8.196726,33.858547
test,A5,8.466,34.330227
test,A5,8.649921,33.931625
test,A5,8.763922,33.888077
test,A5,8.974,33.775116
test,A5,9.324,33.39922
test,A5,9.548,33.94691
test,A5,9.528,34.54103
test,A5,9.215,35.186035
test,A5,8.705,34.902855
test,A5,8.259,34.702152
test,A5,7.855,34.38782
test,A5,7.588,34.534325
test,A5,7.451,34.910164
test,A5,7.304,34.832092
test,A5,7.111,34.935295
test,A5,6.738,35.153088
test,A5,6.264,34.44847
test,A5,5.878,34.151794
test,A5,5.7039704,33.772022
test,A5,5.7059703,33.515625
test,A5,5.855,34.143703
test,A5,6.081,33.910736
test,A5,6.319,33.662655
test,A5,6.607,33.279575
test,A5,7.0093117,33.174286
test,A5,7.5813117,32.85502
test,A5,8.161,32.765457
test,A5,8.765614,32.231422
test,A5,9.508614,32.96765
test,A5,10.413,32.646145
test,A5,11.353,33.144897
test,A5,12.308,33.15707
test,A5,13.319,32.7137
test,A5,14.278,33.1499
test,A5,14.978,33.88703
test,A5,15.196,33.30287
test,A5,15.342,33.69292
test,A5,15.519,34.03039
test,A5,15.586,34.602337
test,A5,15.736,34.12718
test,A5,15.832,33.883972
test,A5,15.730728,35.017143
test,A5,15.283728,35.290695
test,A5,14.309,35.50972
test,A5,12.848,36.433754
test,A5,11.4,36.815758
test,A5,10.079,35.946438
test,A5,8.724872,35.500328
test,A5,7.659144,34.82936
test,A5,7.0142727,34.92649
test,A5,6.652827,34.771263
test,A5,6.3718266,34.651726
test,A5,6.113,34.636375
test,A5,5.8691335,34.849167
test,A5,5.6251335,33.842236
test,A5,5.566,33.537346
test,A5,5.689,34.146286
test,A5,5.851,35.5026
test,A5,5.875,34.51367
test,A5,5.915,34.175373
test,A5,6.077,35.133606
test,A5,6.101,34.54329
test,A5,6.271,33.51146
test,A5,6.838,32.21847
test,A5,7.542,30.797884
test,A5,8.209,31.781511
test,A5,8.929,32.162056
test,A5,9.719,30.953615
test,A5,10.394445,30.212759
test,A5,11.124446,28.717789
test,A5,11.969,28.742224
test,A5,12.695,29.570486
test,A5,13.316,33.09005
test,A5,13.765,33.634212
test,A5,13.922,34.560852
test,A5,13.759,34.870373
test,A5,13.428,34.903564
test,A5,13.2108965,34.733078
test,A5,12.989896,34.736526
test,A5,12.351655,35.551445
test,A5,11.230656,36.032227
test,A5,9.993728,36.29412
test,A5,8.667727,35.971634
test,A5,7.247624,35.409046
test,A5,6.229624,35.791687
test,A5,5.722,35.37837
test,A5,5.385,35.29525
test,A5,5.07,35.03733
test,A5,4.822,34.616417
test,A5,4.689,34.568558
test,A5,4.571,34.744965
test,A5,4.397104,34.840508
test,A5,4.202104,34.68236
test,A5,4.006,33.93077
test,A5,3.984,33.51845
test,A5,4.436,33.072212
test,A5,5.173,33.411835
test,A5,5.669,34.58262
test,A5,5.857,34.375095
test,A5,5.91,34.30452
test,A5,5.883,34.461945
test,A5,5.6927576,34.83108
test,A5,5.6827574,34.928493
test,A5,5.619,34.78051
test,A5,5.379,35.25363
test,A5,5.29,35.332947
test,A5,5.193,34.471287
test,A5,5.233,34.167362
test,A5,5.383,33.664978
test,A5,5.623,33.788364
test,A5,6.089,33.93911
test,A5,6.65,33.687386
test,A5,7.176,33.392128
test,A5,7.714,33.274376
test,A5,8.314,32.982418
test,A5,9.059,33.125275
test,A5,9.912,33.523453
test,A5,10.783,34.251617
test,A5,11.518,34.574566
test,A5,11.867,35.319023
test,A5,11.918,34.76895
test,A5,11.768,35.242416
test,A5,11.261,35.714046
test,A5,10.291,35.798733
test,A5,9.031,35.344414
test,A5,7.885,35.40726
test,A5,7.119,35.957253
test,A5,6.72,34.67861
test,A5,6.482,34.303238
test,A5,6.467,34.243835
test,A5,6.765,33.79073
test,A5,7.0917845,34.717834
test,A5,7.3407845,35.277596
test,A5,7.691,34.211933
test,A5,8.215,33.463043
test,A5,8.73,33.904285
test,A5,9.331,32.905746
test,A5,10.027,32.517075
test,A5,10.704,33.427322
test,A5,11.422,33.0673
test,A5,12.019,31.789728
test,A5,12.554,33.315
test,A5,13.031,33.90467
test,A5,13.435,33.369015
test,A5,13.868,33.176968
test,A5,14.508,33.272446
test,A5,15.439,33.36472
test,A5,16.208,35.17914
test,A5,16.386,34.94236
test,A5,16.243,34.111954
test,A5,16.239,34.136063
test,A5,16.354,34.905964
test,A5,16.411,35.27146
test,A5,16.308,35.216286
test,A5,16.2,35.474937
test,A5,16.221,33.985588
test,A5,16.357,33.433014
test,A5,16.637,33.877342
test,A5,16.995,33.945076
test,A5,17.339,33.193275
test,A5,17.61393,33.97683
test,A5,17.66789,35.54133
test,A5,17.55796,34.647816
test,A5,17.463,34.308212
test,A5,17.456,34.35869
test,A5,17.562,35.002144
test,A5,17.665,34.67311
test,A5,17.744,33.7921
test,A5,17.841,34.27864
test,A5,17.942,34.867474
test,A5,18.025,35.000908
test,A5,18.085,35.042732
test,A5,18.05,35.113365
test,A5,17.788,34.400608
test,A5,17.285,33.54423
test,A5,17.144,34.317757
test,A5,16.737,34.03322
test,A5,16.441,33.659977
test,A5,16.518877,33.680786
test,A5,16.175877,33.731937
test,A5,15.813,33.458057
test,A5,15.593,33.488373
test,A5,15.408,33.42021
test,A5,15.135,32.453537
test,A5,14.927,32.351456
test,A5,14.825,32.418816
test,A5,14.879,32.6261
test,A5,14.918,32.4738
test,A5,14.835,32.017273
test,A5,14.766,32.29875
test,A5,14.682,33.009785
test,A5,14.448,33.03792
test,A5,14.236,32.38545
test,A5,14.005,32.32493
test,A5,13.77,32.64328
test,A5,13.72,31.848423
test,A5,13.769,32.06501
test,A5,13.811015,32.251
test,A5,13.837015,31.251532
test,A5,13.865,31.32589
test,A5,13.957,30.396929
test,A5,14.041,30.798838
test,A5,14.233,31.604246
test,A5,14.483,32.385933
test,A5,14.764,31.315971
test,A5,14.987,31.078077
test,A5,15.118,31.578447
test,A5,15.139,31.52783
test,A5,14.783,32.75428
test,A5,14.501911,32.762726
test,A5,14.504698,33.235004
test,A5,14.341787,33.635483
test,A5,14.028,33.303596
test,A5,13.73,33.47274
test,A5,13.516,33.926987
test,A5,13.455,33.88661
test,A5,13.364,34.312107
test,A5,12.991,34.41568
test,A5,12.503,34.124718
test,A5,11.805,34.08689
test,A5,11.033,34.088554
test,A5,10.593,33.965134
test,A5,10.235,33.684643
test,A5,9.961,34.820602
test,A5,9.822,35.172897
test,A5,8.892,34.177002
test,A5,7.681,33.53556
test,A5,7.275,33.038567
test,A5,7.265,32.643494
test,A5,7.4,32.760185
test,A5,7.455,33.525673
test,A5,7.413,34.332523
test,A5,7.28,33.867847
test,A5,7.07,33.94682
test,A5,6.944985,34.109047
test,A5,6.91502,33.909138
test,A5,6.875035,33.83261
test,A5,6.861,33.498302
test,A5,6.778,33.533405
test,A5,6.669,33.29464
test,A5,6.683,33.073475
test,A5,6.799,33.28488
test,A5,7.009,33.48252
test,A5,7.148,33.878128
test,A5,7.144,33.838184
test,A5,7.053,33.667465
test,A5,6.899,34.17444
test,A5,6.603,34.12287
test,A5,6.056,34.078987
test,A5,5.597203,34.025352
test,A5,5.3212028,34.049995
test,A5,5.229,33.526005
test,A5,5.261,33.127525
test,A5,5.386,33.469563
test,A5,5.685114,34.313934
test,A5,5.929109,33.84234
test,A5,6.046995,33.932312
test,A5,6.131,33.458855
test,A5,6.087,33.92281
test,A5,5.989,33.768917
test,A5,6.039,33.549103
test,A5,5.982,33.46122
test,A5,5.836,33.289467
test,A5,5.749,34.343147
test,A5,5.53,34.65722
test,A5,5.055,34.537964
test,A5,4.6,34.468468
test,A5,4.23,34.73967
test,A5,3.923,34.339985
test,A5,3.850198,33.28835
test,A5,4.078198,33.01962
test,A5,4.496,33.49507
test,A5,4.784,33.8488
test,A5,4.89595,33.72505
test,A5,4.96095,33.79589
test,A5,4.994,34.095596
test,A5,5.134936,33.565025
test,A5,5.2329354,33.56585
test,A5,5.27,34.3069
test,A5,5.482,34.288742
test,A5,5.617,33.868862
test,A5,5.672,33.368774
test,A5,5.777,33.794846
test,A5,5.693,34.54975
test,A5,5.253,34.602913
test,A5,4.461,34.791832
test,A5,3.632,34.626095
test,A5,3.239,34.408985
test,A5,3.12,34.588936
test,A5,2.9301288,34.22654
test,A5,2.6671288,34.564476
test,A5,2.366,34.76589
test,A5,2.149,34.289154
test,A5,2.065,33.560104
test,A5,2.118,33.415436
test,A5,2.431,33.43242
test,A5,2.936,34.107193
test,A5,3.393,33.22899
test,A5,3.683,33.12102
test,A5,4.115,33.20929
test,A5,4.690218,33.261333
test,A5,5.1482177,33.168556
test,A5,5.522,33.732788
test,A5,5.765,34.09784
test,A5,5.71,34.123
test,A5,5.5750346,34.14
test,A5,5.545035,34.39635
test,A5,5.188,34.9318
test,A5,4.397693,34.91835
test,A5,3.671693,34.344547
test,A5,3.348,34.742325
test,A5,3.31,34.16485
test,A5,3.366,33.73351
test,A5,3.457,34.117386
test,A5,3.605,33.857506
test,A5,3.755,33.783463
test,A5,3.699,34.185825
test,A5,3.675,34.504578
test,A5,3.846,34.45014
test,A5,3.884,34.297585
test,A5,3.89,34.50721
test,A5,4.027,34.53376
test,A5,4.063,34.558235
test,A5,3.915,34.379295
test,A5,3.846,34.130608
test,A5,3.8688664,34.72268
test,A5,3.7388663,35.1106
test,A5,3.529,34.87896
test,A5,3.408,34.849323
test,A5,3.328,34.609222
test,A5,3.266,35.004086
test,A5,3.141,35.360233
test,A5,2.754,35.57727
test,A5,2.2208266,34.975967
test,A5,1.8388268,34.635246
test,A5,1.734,34.41231
test,A5,1.703,34.426353
test,A5,1.569,34.411854
test,A5,1.465,34.209698
test,A5,1.481,34.425446
test,A5,1.548,34.196007
test,A5,1.546,34.510178
test,A5,1.487,34.369324
test,A5,1.492,34.161648
test,A5,1.606,33.843197
test,A5,1.848,34.16689
test,A5,2.149,34.051258
test,A5,2.517,33.984337
test,A5,2.924,34.420418
test,A5,3.02425,34.550713
test,A5,2.72325,34.70741
test,A5,2.397,35.146317
test,A5,2.387,35.086037
test,A5,2.661,34.42623
test,A5,2.749,34.28859
test,A5,2.693,34.439453
test,A5,2.72,34.479027
test,A5,2.691,34.838627
test,A5,2.658,34.70356
test,A5,2.685,34.346596
test,A5,2.813,33.550545
test,A5,3.227,33.650394
test,A5,3.948,33.814884
test,A5,4.69,33.676815
test,A5,5.2941384,33.84484
test,A5,5.683139,34.247025
test,A5,5.926,34.363907
test,A5,6.059,34.625343
test,A5,6.116,35.107063
test,A5,6.218,34.638824
test,A5,6.287,34.371246
test,A5,6.255084,35.204193
test,A5,6.134084,35.29146
test,A5,5.901,35.194927
test,A5,5.566,34.91429
test,A5,5.284,35.24089
test,A5,5.048906,35.239265
test,A5,4.810906,34.97399
test,A5,4.6449256,35.07754
test,A5,4.5149503,35.191082
test,A5,4.459025,34.883965
test,A5,4.38,35.02983
test,A5,4.315,34.3459
test,A5,4.364,33.483204
test,A5,4.827,33.852215
test,A5,5.765,33.974564
test,A5,6.694,33.858196
test,A5,7.512,33.320633
test,A5,8.164,33.948257
test,A5,8.516946,34.963116
test,A5,8.553846,34.772552
test,A5,8.415901,34.988976
test,A5,8.35,35.868256
test,A5,8.278,36.323868
test,A5,8.094,35.91221
test,A5,7.804,34.85222
test,A5,7.523,34.410763
test,A5,7.474,34.536087
test,A5,7.517,35.593147
test,A5,7.316,35.06381
test,A5,6.985,34.905487
test,A5,6.722,35.3758
test,A5,6.517,35.028244
test,A5,6.36198,34.781643
test,A5,6.27398,35.107742
test,A5,6.302,35.140335
test,A5,6.367,34.94939
test,A5,6.42,35.091293
test,A5,6.36,35.05732
test,A5,6.39,35.32852
test,A5,6.508,35.527245
test,A5,6.457195,35.209064
test,A5,6.172195,35.70693
test,A5,5.53,36.050804
test,A5,4.556,36.086094
test,A5,3.541703,36.06241
test,A5,2.837703,35.374977
test,A5,2.544,35.05964
test,A5,2.523,35.0462
test,A5,2.552,34.956234
test,A5,2.637,35.190712
test,A5,2.68,35.149197
test,A5,2.508,35.448723
test,A5,2.145,35.552605
test,A5,1.823,35.292923
test,A5,1.74,35.32985
test,A5,1.769,35.229176
test,A5,1.813,35.161568
test,A5,1.854,35.48802
test,A5,1.906,35.09812
test,A5,1.995,35.190536
test,A5,2.14,35.014923
test,A5,2.346,35.143787
test,A5,2.461065,35.535286
test,A5,2.532065,35.218105
test,A5,2.669,35.08049
test,A5,2.805,35.192394
test,A5,2.897,35.03605
test,A5,2.957,35.25443
test,A5,3.014,35.335697
test,A5,3.07,35.469036
test,A5,3.159,35.528687
test,A5,3.145,35.5066
test,A5,2.91,35.59676
test,A5,2.763,35.141636
test,A5,2.731,35.532463
test,A5,2.707,35.819313
test,A5,2.6469555,35.47074
test,A5,2.5179555,35.174652
test,A5,2.395,35.55473
test,A5,2.099,35.60575
test,A5,1.71,35.63271
test,A5,1.287,35.89953
test,A5,0.928,35.723663
test,A5,0.82,35.480762
test,A5,0.738,35.48078
test,A5,0.328,35.264404
test,A5,0.0,35.163254
test,A5,0.0,35.248314
test,A5,0.0,35.280346
test,A5,0.0,35.357407
test,A5,0.0,35.26895
test,A5,0.0,35.248566
test,A5,0.0,34.988747
test,A5,0.0,35.156116
test,A5,0.0,35.02896
test,A5,0.0,34.880684
test,A5,0.0,34.98718
test,A5,0.0,35.162125
test,A5,0.0,35.24334
test,A5,0.0,35.23285
test,A5,0.0,35.272644
test,A5,0.0,35.164246
test,A5,0.0,35.27402
test,A5,0.0,35.13749
test,A5,0.0,35.16749
test,A5,0.0,35.244446
test,A5,0.0,35.248547
test,A5,0.0,35.24318
test,A5,0.0,35.211105
test,A5,0.0,35.14612
test,A5,0.0,35.1688
test,A5,0.0,35.224464
test,A5,0.0,35.23756
test,A5,0.0,35.12431
test,A5,0.0,35.088234
test,A5,0.0,35.106968
test,A5,0.0,34.979355
test,A5,0.0,35.27025
test,A5,0.0,35.146885
test,A5,0.0,35.09586
test,A5,0.0,35.068527
test,A5,0.0,35.165863
test,A5,0.0,35.3006
test,A5,0.0,34.99784
test,A5,0.0,34.93672
test,A5,0.0,34.900707
test,A5,0.0,35.036724
test,A5,0.0,35.061493
test,A5,0.0,35.04435
test,A5,0.0,35.117035
test,A5,0.0,34.89286
test,A5,0.0,34.933544
test,A5,0.0,34.81258
test,A5,0.071,34.321198
test,A5,0.517,33.651962
test,A5,1.35451,33.87603
test,A5,2.251698,33.654716
test,A5,2.9241881,33.69927
test,A5,3.523,34.44429
test,A5,3.951,35.015213
test,A5,3.9990742,35.813797
test,A5,3.8720744,36.138992
test,A5,3.5242376,35.999657
test,A5,3.0652375,35.57334
test,A5,2.72,35.85981
test,A5,2.5,35.906776
test,A5,2.275,35.97492
test,A5,1.935,35.943043
test,A5,1.531,36.053326
test,A5,1.109,35.718292
test,A5,0.669,35.865364
test,A5,0.228,35.60283
test,A5,0.0,35.573463
test,A5,0.0,35.311874
test,A5,0.0,35.24091
test,A5,0.0,35.26931
test,A5,0.0,35.400883
test,A5,0.0,35.33246
test,A5,0.0,35.393486
test,A5,0.0,35.340683
test,A5,0.0,35.442696
test,A5,0.0,35.490635
test,A5,0.0,35.408184
test,A5,0.0,35.453365
test,A5,0.0,35.438965
test,A5,0.0,35.26744
test,A5,0.0,35.4094
test,A5,0.0,35.27131
test,A5,0.0,35.35293
test,A5,0.0,35.340633
test,A5,0.0,35.33864
test,A5,0.0,35.254353
test,A5,0.0,35.15836
test,A5,0.0,35.192307
test,A5,0.0,35.268723
test,A5,0.0,34.657654
test,A5,0.052,33.646942
test,A5,0.398,33.73728
test,A5,1.128,34.113556
test,A5,2.012,34.15322
test,A5,2.835,34.139385
test,A5,3.454,34.49463
test,A5,3.908,34.983116
test,A5,4.561,35.17836
test,A5,4.96,35.4337
test,A5,4.943,35.44335
test,A5,4.932,35.531906
test,A5,4.795,35.990456
test,A5,4.55,35.78656
test,A5,4.213,36.02369
test,A5,3.826,36.195892
test,A5,3.432,35.51037
test,A5,3.071,35.85061
test,A5,2.859,35.788506
test,A5,2.7920098,35.525166
test,A5,2.7909653,34.935703
test,A5,2.8339555,35.154953
test,A5,2.819,35.50479
test,A5,2.781,35.63064
test,A5,2.812,35.173187
test,A5,2.8360384,35.33059
test,A5,2.8150384,35.264957
test,A5,2.791,35.53762
test,A5,2.773,34.92029
test,A5,2.774,35.063374
test,A5,2.814,35.23516
test,A5,2.823,35.867245
test,A5,2.792,35.93349
test,A5,2.783,35.814144
test,A5,2.801,35.554214
test,A5,2.838,35.190376
test,A5,2.9311535,34.936848
test,A5,3.1811535,34.487236
test,A5,3.626,34.781433
test,A5,4.132,34.188194
test,A5,4.676,34.839085
test,A5,5.335,34.522247
test,A5,5.864,34.64176
test,A5,6.181,35.497677
test,A5,6.348,35.920364
test,A5,6.359,35.17575
test,A5,6.361,34.89644
test,A5,6.402,36.00708
test,A5,6.494,35.912537
test,A5,6.612,35.261845
test,A5,6.72,35.558704
test,A5,6.814,35.66188
test,A5,6.871,35.426212
test,A5,6.855931,35.212128
test,A5,6.7589655,35.643204
test,A5,6.665035,35.384277
test,A5,6.6541586,34.63226
test,A5,6.824158,34.805748
test,A5,7.11,35.35363
test,A5,7.467,35.410545
test,A5,7.758,35.26963
test,A5,7.759,34.609333
test,A5,8.181,34.905735
test,A5,8.807,34.870544
test,A5,8.997,35.311943
test,A5,9.124,35.102386
test,A5,9.343,35.069862
test,A5,9.652,34.96582
test,A5,9.948,34.775642
test,A5,10.312,33.887413
test,A5,10.783,34.326294
test,A5,11.281,34.08792
test,A5,11.696,33.849213
test,A5,12.037,34.560852
test,A5,12.271,35.155464
test,A5,12.273,35.669136
test,A5,12.179,35.472527
test,A5,12.159,34.468872
test,A5,12.129,34.711304
test,A5,11.884,35.486507
test,A5,11.575,35.999596
test,A5,11.203,35.59517
test,A5,10.664,35.038097
test,A5,10.225,34.762375
test,A5,9.871,35.25673
test,A5,9.656,35.127502
test,A5,9.665,34.881565
test,A5,9.675,34.917725
test,A5,9.593,35.220497
test,A5,9.356,35.18823
test,A5,9.029,35.3935
test,A5,8.793,35.264954
test,A5,8.589713,35.55835
test,A5,8.220713,35.71305
test,A5,7.926965,34.967243
test,A5,7.835965,34.59269
test,A5,7.758,35.036125
test,A5,7.763,34.941032
test,A5,7.821,35.193775
test,A5,7.853,35.714462
test,A5,7.873,34.855827
test,A5,7.772,35.42664
test,A5,7.497,35.21945
test,A5,7.19,34.624306
test,A5,6.93,34.24334
test,A5,6.737,34.229218
test,A5,6.558,34.799263
test,A5,6.324,35.133385
test,A5,6.1,34.71945
test,A5,5.926,34.261127
test,A5,5.874,34.583767
test,A5,5.867,34.61168
test,A5,5.734,34.43235
test,A5,5.545,36.55564
test,A5,5.437015,36.333206
test,A5,5.4090147,35.61944
test,A5,5.463,35.32451
test,A5,5.663,35.05877
test,A5,5.89,34.780205
test,A5,6.077,33.697258
test,A5,6.319,33.713364
test,A5,6.575,33.965744
test,A5,6.762,34.202568
test,A5,6.905,34.53276
test,A5,7.046,34.391838
test,A5,7.015,35.449417
test,A5,6.8529553,35.494568
test,A5,6.7529554,34.987957
test,A5,6.692,35.37763
test,A5,6.627,35.350765
test,A5,6.5629554,34.833412
test,A5,6.5039554,34.980347
test,A5,6.4520297,34.796783
test,A5,6.4070296,34.833706
test,A5,6.344,34.820312
test,A5,6.274,34.84178
test,A5,6.137,34.906162
test,A5,5.972,34.881046
test,A5,5.807,35.104126
test,A5,5.649,34.837708
test,A5,5.5380397,34.499702
test,A5,5.52304,34.752396
test,A5,5.582,34.467194
test,A5,5.608,34.739845
test,A5,5.587,34.444054
test,A5,5.523,34.478107
test,A5,5.478,34.283844
test,A5,5.502,34.108467
test,A5,5.579,34.364883
test,A5,5.743,34.107903
test,A5,5.961,34.89186
test,A5,6.0599704,35.37922
test,A5,6.01797,34.73145
test,A5,5.901,34.324165
test,A5,5.749,34.6904
test,A5,5.481,35.055283
test,A5,4.774,35.73987
test,A5,3.755,35.536232
test,A5,2.972,35.034554
test,A5,2.6210098,34.147903
test,A5,2.5808265,34.596657
test,A5,2.788817,34.742527
test,A5,3.11,34.297077
test,A5,3.413,34.044746
test,A5,3.644,33.708504
test,A5,3.989,34.727932
test,A5,4.492,34.53134
test,A5,4.767,34.261574
test,A5,4.8030643,33.97813
test,A5,4.8830643,34.403824
test,A5,5.122936,34.48757
test,A5,5.3469357,34.40303
test,A5,5.525,34.893486
test,A5,5.831,34.812523
test,A5,6.423,34.407402
test,A5,7.23,33.613014
test,A5,7.847,33.748768
test,A5,8.156,34.005882
test,A5,8.117,33.00208
test,A5,7.941,32.944542
test,A5,7.944,33.75889
test,A5,8.063,34.323925
test,A5,8.297,34.442577
test,A5,8.57,35.352684
test,A5,8.667,35.300438
test,A5,8.668956,34.390934
test,A5,8.780955,34.48501
test,A5,9.073,34.356888
test,A5,9.374,34.288937
test,A5,9.521,34.84382
test,A5,9.691,34.43299
test,A5,9.919,34.438484
test,A5,10.190629,34.1362
test,A5,10.702629,34.135292
test,A5,11.320257,33.994392
test,A5,11.825257,33.863564
test,A5,12.224,33.971474
test,A5,12.509881,34.247253
test,A5,12.738881,34.040627
test,A5,12.883,34.332096
test,A5,13.048,34.34189
test,A5,13.304,34.68093
test,A5,13.552,34.906826
test,A5,13.901015,34.55784
test,A5,14.148015,34.840218
test,A5,14.191,35.49491
test,A5,14.333,36.148994
test,A5,14.364,35.719772
test,A5,14.1478815,35.59409
test,A5,13.894881,35.831158
test,A5,13.682,34.999046
test,A5,13.5041685,34.915714
test,A5,13.249168,34.810966
test,A5,12.932,35.77172
test,A5,12.812,35.52222
test,A5,12.893,35.340088
test,A5,13.066,35.272583
test,A5,13.268,34.127735
test,A5,13.451,33.710228
test,A5,13.573,34.172348
test,A5,13.538,34.95073
test,A5,13.387,34.931305
test,A5,13.182,34.680492
test,A5,13.01,35.32248
test,A5,12.797911,34.19409
test,A5,12.585911,34.217266
test,A5,12.547,35.225063
test,A5,12.392,35.10442
test,A5,12.09792,34.103546
test,A5,11.917921,34.364094
test,A5,11.874,34.618122
test,A5,11.871,34.935905
test,A5,11.778,34.431465
test,A5,11.709,34.068546
test,A5,11.731,34.289547
test,A5,11.876,34.402752
test,A5,12.066,34.440086
test,A5,12.206,33.829475
test,A5,12.387,33.769623
test,A5,12.538,34.484108
test,A5,12.524,35.157757
test,A5,12.37,34.604786
test,A5,12.089,34.50316
test,A5,11.687,35.948547
test,A5,11.265,36.14443
test,A5,10.687703,36.022213
test,A5,9.964703,35.946266
test,A5,9.043,36.06993
test,A5,7.8811784,35.431374
test,A5,6.5651784,35.89055
test,A5,5.549,35.6342
test,A5,4.972,35.322617
test,A5,4.5388465,34.95846
test,A5,4.2558465,34.608658
test,A5,4.042,34.845818
test,A5,3.737,34.94834
test,A5,3.398,35.00757
test,A5,3.173,35.33995
test,A5,2.986,35.03166
test,A5,2.801,34.949905
test,A5,2.681,35.181515
test,A5,2.644,34.73471
test,A5,2.547,34.6651
test,A5,2.5009952,34.933506
test,A5,2.532995,33.977325
test,A5,2.676,33.504707
test,A5,3.243,33.43643
test,A5,3.731,34.173553
test,A5,3.703,34.374996
test,A5,3.639,34.522182
test,A5,3.493,35.145836
test,A5,3.101,34.992886
test,A5,2.807,34.72328
test,A5,2.619,34.58011
test,A5,2.468,34.8448
test,A5,2.437,34.595837
test,A5,2.426,34.501316
test,A5,2.4429653,34.834362
test,A5,2.5009654,34.660324
test,A5,2.543,34.656425
test,A5,2.669,34.463108
test,A5,2.944,34.031853
test,A5,3.18,34.485855
test,A5,3.148,34.80264
test,A5,3.024,34.73575
test,A5,3.057,34.564568
test,A5,3.111,34.73053
test,A5,3.036,35.1195
test,A5,2.951,35.000694
test,A5,2.903,34.681656
test,A5,2.851,34.592934
test,A5,2.833,34.84952
test,A5,2.808,34.831223
test,A5,2.7089257,34.500587
test,A5,2.5559258,34.452885
test,A5,2.401,35.097496
test,A5,2.1948762,35.00232
test,A5,1.9248762,35.252136
test,A5,1.5628169,35.08751
test,A5,1.1908169,34.969963
test,A5,1.008,34.94977
test,A5,0.88248515,34.84958
test,A5,0.39248514,34.683453
test,A5,0.0,34.65448
test,A5,0.0,34.653366
test,A5,0.0,34.7917
test,A5,0.0,34.52227
test,A5,0.0,34.429077
test,A5,0.0,34.495636
test,A5,0.0,34.530514
test,A5,0.0,34.504753
test,A5,0.0,34.694878
test,A5,0.0,34.57353
test,A5,0.0,34.451756
test,A5,0.0,34.482147
test,A5,0.0,34.372383
test,A5,0.0,34.47721
test,A5,0.0,34.514336
test,A5,0.0,34.560944
test,A5,0.0,34.221264
test,A5,0.115,34.253925
test,A5,0.75,33.60618
test,A5,1.569,34.227303
test,A5,2.135,34.50512
test,A5,2.547,33.78938
test,A5,2.859,34.56174
test,A5,3.371,34.76128
test,A5,3.769,34.562935
test,A5,3.801,34.76963
test,A5,3.667,34.9699
test,A5,3.485,35.408184
test,A5,3.316,35.702988
test,A5,3.031,35.851982
test,A5,2.5416238,35.71556
test,A5,1.8435159,35.47374
test,A5,1.0128921,34.990387
test,A5,0.288,34.890778
test,A5,0.0,34.69457
test,A5,0.0,34.770737
test,A5,0.0,34.66432
test,A5,0.0,34.484722
test,A5,0.0,34.666245
test,A5,0.0,34.602863
test,A5,0.0,34.658577
test,A5,0.0,34.947166
test,A5,0.0,34.865574
test,A5,0.0,34.474056
test,A5,0.0,34.596703
test,A5,0.0,34.67376
test,A5,0.0,34.758446
test,A5,0.0,34.81978
test,A5,0.0,34.66619
test,A5,0.0,34.71773
test,A5,0.0,34.586372
test,A5,0.0,34.65192
test,A5,0.0,34.745476
test,A5,0.0,34.5421
test,A5,0.0,34.69571
test,A5,0.0,34.608955
test,A5,0.0,34.593224
test,A5,0.0,34.824883
test,A5,0.0,34.749504
test,A5,0.0,34.53174
test,A5,0.0,34.564972
test,A5,0.0,34.61023
test,A5,0.0,34.585697
test,A5,0.0,34.76603
test,A5,0.0,34.78254
test,A5,0.0,34.85929
test,A5,0.0,34.636917
test,A5,0.0,34.80014
test,A5,0.0,34.856953
test,A5,0.0,34.839268
test,A5,0.0,34.73648
test,A5,0.0,34.761536
test,A5,0.0,34.552963
test,A5,0.0,34.358982
test,A5,0.0,34.534912
test,A5,0.0,34.610207
test,A5,0.0,34.62014
test,A5,0.0,34.669
test,A5,0.0,34.317055
test,A5,0.064,34.27464
test,A5,0.403,34.270596
test,A5,0.77,34.06582
test,A5,0.985,33.977043
test,A5,1.386,34.173996
test,A5,1.87,34.386
test,A5,2.215,34.658314
test,A5,2.323,34.64054
test,A5,2.401,34.910515
test,A5,2.634,34.354145
test,A5,2.897,34.836956
test,A5,3.235,34.899426
test,A5,3.583,34.481926
test,A5,3.9010248,34.464806
test,A5,4.069926,35.018932
test,A5,3.998901,34.977707
test,A5,3.971,35.31959
test,A5,4.043,34.839027
test,A5,4.054,34.65996
test,A5,3.925,34.9309
test,A5,3.717,34.969772
test,A5,3.586,35.10972
test,A5,3.494,34.973824
test,A5,3.422,34.72555
test,A5,3.388,34.852997
test,A5,3.383,34.693966
test,A5,3.37,34.814514
test,A5,3.243,34.833576
test,A5,3.094,35.09294
test,A5,2.8698912,34.84282
test,A5,2.5968912,34.89645
test,A5,2.419,35.117958
test,A5,2.201,34.789803
test,A5,2.065,34.49466
test,A5,2.068,34.467583
test,A5,2.0770347,34.737
test,A5,2.0690346,34.875877
test,A5,2.111,35.148766
test,A5,2.217,35.273182
test,A5,2.239,34.810204
test,A5,2.328,35.05784
test,A5,2.464,35.012913
test,A5,2.4561088,35.20678
test,A5,2.339109,35.11382
test,A5,2.249,34.953896
test,A5,2.177,35.050957
test,A5,1.902,35.42273
test,A5,1.46,35.556885
test,A5,0.952,35.47858
test,A5,0.61166334,35.123623
test,A5,0.27166337,34.818623
test,A5,0.0,34.99157
test,A5,0.0,35.031216
test,A5,0.0,34.84475
test,A5,0.0,34.94069
test,A5,0.0,34.809315
test,A5,0.0,34.622612
test,A5,0.0,34.87744
test,A5,0.0,34.743782
test,A5,0.0,34.859474
test,A5,0.0,34.865906
test,A5,0.0,34.904526
test,A5,0.0,34.566605
test,A5,0.0,34.594788
test,A5,0.0,34.635265
test,A5,0.0,34.814518
test,A5,0.0,34.6683
test,A5,0.0,34.63
test,A5,0.0,34.620792
test,A5,0.0,34.687187
test,A5,0.0,34.801888
test,A5,0.0,34.77083
test,A5,0.0,34.813656
test,A5,0.0,34.785316
test,A5,0.0,34.893494
test,A5,0.0,34.80095
test,A5,0.0,34.56698
test,A5,0.0,34.806633
test,A5,0.0,34.80863
test,A5,0.0,34.791862
test,A5,0.0,34.864304
test,A5,0.0,34.769005
test,A5,0.0,34.877197
test,A5,0.06,34.27755
test,A5,0.394,34.382023
test,A5,0.832,34.629333
test,A5,1.125,34.71617
test,A5,1.3339406,34.603027
test,A5,1.4849406,35.031517
test,A5,1.674,34.665237
test,A5,1.9,34.476852
test,A5,2.035,34.79233
test,A5,2.114,34.897255
test,A5,2.209,34.444168
test,A5,2.302,34.44953
test,A5,2.376,34.91702
test,A5,2.409,34.58176
test,A5,2.45599,34.43171
test,A5,2.49699,34.66677
test,A5,2.479,34.764576
test,A5,2.442,35.384262
test,A5,2.334,35.3936
test,A5,2.026,35.43828
test,A5,1.624,35.49875
test,A5,1.301,35.60045
test,A5,1.014,35.473545
test,A5,0.798,35.231823
test,A5,0.762,34.92433
test,A5,0.831,34.87407
test,A5,0.94293565,34.7627
test,A5,1.0839356,34.71737
test,A5,1.239,34.525944
test,A5,1.447,34.722157
test,A5,1.708,34.517452
test,A5,1.945,34.800846
test,A5,2.058,34.83799
test,A5,2.145,34.474842
test,A5,2.332,34.379135
test,A5,2.5761585,34.31227
test,A5,2.8781583,34.535072
test,A5,3.292,34.842964
test,A5,3.799,34.399677
test,A5,4.264,34.581917
test,A5,4.549,34.826405
test,A5,4.57,34.6555
test,A5,4.473,35.04895
test,A5,4.284,35.34857
test,A5,4.081,34.99325
test,A5,3.909,34.97364
test,A5,3.877,35.103073
test,A5,4.012,35.230263
test,A5,4.033,35.035862
test,A5,4.003,34.92948
test,A5,3.994,34.965714
test,A5,3.96,35.434242
test,A5,3.736,35.85135
test,A5,3.154,35.924187
test,A5,2.325,35.881157
test,A5,1.59,36.126648
test,A5,1.202,35.62989
test,A5,0.762,35.268818
test,A5,0.36920297,35.289993
test,A5,0.16420297,35.072746
test,A5,0.0,34.77535
test,A5,0.0,35.03047
test,A5,0.0,34.888477
test,A5,0.0,34.988693
test,A5,0.0,35.06819
test,A5,0.0,35.049644
test,A5,0.0,35.038216
test,A5,0.0,35.101654
test,A5,0.0,35.00595
test,A5,0.0,34.872894
test,A5,0.0,34.92234
test,A5,0.0,35.049732
test,A5,0.0,35.01114
test,A5,0.0,35.143295
test,A5,0.0,35.209522
test,A5,0.0,35.293724
test,A5,0.0,35.344658
test,A5,0.0,35.07112
test,A5,0.0,35.088997
test,A5,0.0,35.170883
test,A5,0.0,34.957256
test,A5,0.0,35.289227
test,A5,0.0,35.300682
test,A5,0.0,35.064445
test,A5,0.0,35.075066
test,A5,0.0,35.111656
test,A5,0.0,35.184395
test,A5,0.0,35.26949
test,A5,0.0,35.116104
test,A5,0.0,35.149467
test,A5,0.0,35.230583
test,A5,0.0,35.015877
test,A5,0.0,34.949707
test,A5,0.0,35.055283
test,A5,0.0,35.131283
test,A5,0.0,35.26736
test,A5,0.0,34.93165
test,A5,0.0,34.340942
test,A5,0.113,33.903343
test,A5,0.739,34.327034
test,A5,1.542,34.402344
test,A5,2.028,34.503204
test,A5,2.282,34.892937
test,A5,2.386,35.082806
test,A5,2.488,35.1475
test,A5,2.716,34.96291
test,A5,3.092,34.38215
test,A5,3.45,33.917797
test,A5,3.779,34.744667
test,A5,4.011,35.062428
test,A5,4.2108665,35.01209
test,A5,4.488733,34.794224
test,A5,4.7458663,34.874825
test,A5,4.93,35.294846
test,A5,5.014,35.319508
test,A5,5.024,34.877747
test,A5,4.994,34.975555
test,A5,4.958,35.31684
test,A5,4.897,35.24092
test,A5,4.84,35.15821
test,A5,4.81,34.9065
test,A5,4.766,35.008068
test,A5,4.751,35.197235
test,A5,4.7449656,35.51728
test,A5,4.690965,34.974297
test,A5,4.6370444,34.7975
test,A5,4.652045,35.803894
test,A5,4.691,35.77368
test,A5,4.751,35.046543
test,A5,4.855,34.726086
test,A5,5.109,34.529835
test,A5,5.571,34.189148
test,A5,5.974,34.94346
test,A5,6.271,35.59871
test,A5,6.565901,34.96135
test,A5,6.797901,34.374733
test,A5,6.924,34.661835
test,A5,6.989,34.652954
test,A5,7.002,35.035164
test,A5,6.872,34.83487
test,A5,6.694,34.693237
test,A5,6.576,34.765785
test,A5,6.53,34.922264
test,A5,6.583,35.381107
test,A5,6.587,35.950165
test,A5,6.303,36.241417
test,A5,5.87,35.968494
test,A5,5.54,35.92298
test,A5,5.16,36.04956
test,A5,4.667,35.83905
test,A5,4.247,35.95033
test,A5,4.036,35.657814
test,A5,3.957,35.30736
test,A5,3.941,35.17017
test,A5,3.917,35.49195
test,A5,3.886,35.180447
test,A5,3.8859901,35.642445
test,A5,3.8719902,35.63169
test,A5,3.8829951,35.479733
test,A5,3.896995,35.402912
test,A5,3.905,35.430447
test,A5,3.9070249,35.53033
test,A5,3.9220247,35.393303
test,A5,3.9560199,35.404907
test,A5,3.9940197,35.68064
test,A5,4.057,35.732452
test,A5,4.092,35.31338
test,A5,4.136,35.254368
test,A5,4.209,35.664707
test,A5,4.253,35.118004
test,A5,4.294,35.40896
test,A5,4.333,35.660892
test,A5,4.359,35.221596
test,A5,4.424,35.301167
test,A5,4.454,35.264523
test,A5,4.432,35.195747
test,A5,4.462,35.607178
test,A5,4.59,35.673767
test,A5,4.78,35.68016
test,A5,4.919,35.594498
test,A5,5.0179305,35.466064
test,A5,5.124931,35.546696
test,A5,5.199,35.21437
test,A5,5.287,35.363564
test,A5,5.444,34.878365
test,A5,5.608,35.10383
test,A5,5.895,34.36108
test,A5,6.372,34.78251
test,A5,6.828,35.267982
test,A5,7.145,34.87208
test,A5,7.356,35.2356
test,A5,7.51,34.946373
test,A5,7.671,35.18268
test,A5,7.856,35.31962
test,A5,7.936,35.289234
test,A5,7.9,35.088272
test,A5,7.791,35.394897
test,A5,7.68,35.923725
test,A5,7.725,35.289223
test,A5,7.849931,35.645153
test,A5,7.9829307,35.97432
test,A5,8.14,36.316116
test,A5,8.225104,36.229015
test,A5,8.141104,35.86232
test,A5,8.052,35.604057
test,A5,8.11,35.19664
test,A5,8.261,35.39247
test,A5,8.408,35.29
test,A5,8.537,35.081017
test,A5,8.768,34.84369
test,A5,9.207,34.718853
test,A5,9.719175,35.250103
test,A5,10.112285,35.05568
test,A5,10.39411,35.43724
test,A5,10.687,35.181652
test,A5,11.060099,35.185715
test,A5,11.341099,35.45373
test,A5,11.425,35.47802
test,A5,11.414,35.3564
test,A5,11.368,35.35676
test,A5,11.397,35.037766
test,A5,11.642,34.736233
test,A5,12.1633215,34.12788
test,A5,12.775322,33.902847
test,A5,13.127,35.21287
test,A5,13.313,34.55207
test,A5,13.641,34.54938
test,A5,14.113,34.65732
test,A5,14.495,35.170135
test,A5,14.619,34.906742
test,A5,14.652,34.490784
test,A5,14.776,34.798508
test,A5,15.094,34.842403
test,A5,15.57173,35.19348
test,A5,16.087997,34.695957
test,A5,16.617268,34.02701
test,A5,17.084,34.693417
test,A5,17.469,35.263107
test,A5,17.791065,35.036026
test,A5,17.995064,35.238266
test,A5,18.112,35.002476
test,A5,18.342,34.758537
test,A5,18.77,34.954033
test,A5,19.257,34.821857
test,A5,19.649,34.805782
test,A5,19.833,35.15065
test,A5,19.854,35.191017
test,A5,19.802,34.108147
test,A5,19.763,34.833736
test,A5,19.723,36.22812
test,A5,19.66,35.78627
test,A5,19.572,34.780617
test,A5,19.442,34.124344
test,A5,19.358,34.687958
test,A5,19.299,34.5913
test,A5,19.23209,34.576218
test,A5,19.130089,34.789955
test,A5,19.137,34.813377
test,A5,19.392,34.159233
test,A5,19.743,33.74129
test,A5,20.22,32.988358
test,A5,20.874,33.442184
test,A5,21.166,34.39856
test,A5,21.155,34.863556
test,A5,21.184,35.10019
test,A5,21.265,35.230713
test,A5,21.451,35.092155
test,A5,21.446,34.36965
test,A5,21.324,34.08049
test,A5,21.236,34.025604
test,A5,20.996,34.97867
test,A5,21.019,35.790936
test,A5,21.194,34.27324
test,A5,21.033,35.41825
test,A5,20.649,34.737633
test,A5,20.315,34.30789
test,A5,20.125,34.36095
test,A5,19.775,35.074234
test,A5,19.456,34.789604
test,A5,19.261,34.854317
test,A5,19.09199,34.12568
test,A5,19.03199,33.69124
test,A5,18.99,34.935013
test,A5,18.997,35.05961
test,A5,19.188238,34.84529
test,A5,19.125238,35.14856
test,A5,18.801,35.367264
test,A5,18.681,35.36917
test,A5,18.546,34.881615
test,A5,18.36,34.65812
test,A5,18.207,33.807022
test,A5,18.032,34.234867
test,A5,17.842,33.52763
test,A5,17.784,34.01287
test,A5,17.845,34.311928
test,A5,17.897842,34.64934
test,A5,18.081842,33.56007
test,A5,18.331104,33.487926
test,A5,18.562103,33.247932
test,A5,18.927,33.928207
test,A5,19.404806,34.417282
test,A5,19.852045,33.39879
test,A5,20.267237,33.823547
test,A5,20.58,34.352596
test,A5,20.818,34.59601
test,A5,21.078,33.604233
test,A5,21.226,33.76759
test,A5,21.402,33.026665
test,A5,21.463,32.8137
test,A5,21.182316,33.72869
test,A5,21.192316,34.631653
test,A5,21.451921,34.849174
test,A5,21.579922,35.056038
test,A5,21.662994,34.23666
test,A5,21.662994,32.99828
test,A5,21.603,33.46986
test,A5,21.553,33.70017
test,A5,21.548,33.817337
test,A5,21.559,34.024956
test,A5,21.542,34.583733
test,A5,21.479,34.227364
test,A5,21.425,33.82539
test,A5,21.356,33.578705
test,A5,21.247,32.976387
test,A5,21.309,33.848873
test,A5,21.433,34.341156
test,A5,21.379,33.70128
test,A5,21.357044,34.3255
test,A5,21.358046,33.865875
test,A5,21.314917,34.336243
test,A5,21.227917,34.699833
test,A5,21.139,33.964394
test,A5,21.265,34.89135
test,A5,21.473,34.81253
test,A5,21.491,34.781662
test,A5,21.436,33.7188
test,A5,21.473,35.590534
test,A5,21.616,35.225254
test,A5,21.618,34.656036
test,A5,21.439,34.335464
test,A5,21.425,34.126038
test,A5,21.567,33.39936
test,A5,21.667,33.72425
test,A5,21.694,34.72767
test,A5,21.552,34.582596
test,A5,21.323,33.880432
test,A5,21.36003,33.15366
test,A5,21.44603,32.95833
test,A5,21.383005,34.42092
test,A5,21.389006,34.65106
test,A5,21.538,34.076244
test,A5,21.542,33.55155
test,A5,21.334,33.263866
test,A5,21.271,33.893845
test,A5,21.314,34.47234
test,A5,21.522,34.776726
test,A5,21.701,34.280907
test,A5,21.537,34.628017
test,A5,21.365,35.085144
test,A5,21.495,34.984863
test,A5,21.699,34.034657
test,A5,21.68791,34.55476
test,A5,21.484911,35.126213
test,A5,21.015,35.582043
test,A5,20.624,35.217133
test,A5,20.479,34.434326
test,A5,20.318,34.80062
test,A5,19.936,34.509712
test,A5,19.675,34.88039
test,A5,19.849743,34.651108
test,A5,19.736742,34.6617
test,A5,19.54,34.598694
test,A5,19.702,34.34133
test,A5,19.796,33.907116
test,A5,19.868,34.197567
test,A5,19.958323,34.178658
test,A5,19.416323,32.760906
test,A5,18.898827,33.57635
test,A5,19.10098,34.141335
test,A5,19.422281,34.650307
test,A5,19.78213,34.985653
test,A5,20.308535,35.264267
test,A5,20.159534,35.018944
test,A5,19.531,34.784607
test,A5,19.185,34.354588
test,A5,18.692,36.122013
test,A5,17.949,35.82363
test,A5,16.798,35.796177
test,A5,15.148763,37.243164
test,A5,12.971544,36.524986
test,A5,10.584783,34.99166
test,A5,8.736,34.422108
test,A5,7.692,35.175087
test,A5,7.129,35.500576
test,A5,6.472,35.322083
test,A5,5.887,34.773636
test,A5,5.63,34.509327
test,A5,5.44,33.538383
test,A5,5.51,32.353607
test,A5,6.065,31.671236
test,A5,6.561,32.680916
test,A5,6.713,33.847313
test,A5,6.721,34.253777
test,A5,6.59,35.1588
test,A5,6.312,35.049347
test,A5,5.57,34.76493
test,A5,4.671,34.60222
test,A5,4.095,34.256287
test,A5,4.063,33.779266
test,A5,4.306,33.579563
test,A5,4.679,33.335403
test,A5,5.54,32.30744
test,A5,6.333,32.628937
test,A5,6.503,34.04914
test,A5,6.2607675,34.570282
test,A5,5.8797674,34.51861
test,A5,5.47,35.01498
test,A5,5.15,34.201824
test,A5,4.96,34.47858
test,A5,4.7677526,34.09354
test,A5,4.3327527,34.946625
test,A5,3.612,34.878185
test,A5,3.046,34.57122
test,A5,2.9039605,34.00428
test,A5,2.8799603,33.82093
test,A5,2.897,34.25909
test,A5,2.949,34.08011
test,A5,2.866,34.36563
test,A5,2.779,34.102684
test,A5,2.712,33.81773
test,A5,2.596,33.82807
test,A5,2.492,33.85656
test,A5,2.4870842,33.795013
test,A5,2.6080842,33.324566
test,A5,2.714,33.62295
test,A5,3.03,33.73044
test,A5,3.445,34.46389
test,A5,3.4438317,34.780575
test,A5,3.1498318,34.9432
test,A5,2.821,35.117123
test,A5,2.192,35.487495
test,A5,1.566,34.846916
test,A5,0.696,34.53203
test,A5,0.0,34.46102
test,A5,0.0,33.986134
test,A5,0.0,34.3317
test,A5,0.0,34.04619
test,A5,0.0,33.281948
test,A5,0.0,33.037254
test,A5,0.0,33.1858
test,A5,0.0,33.785038
test,A5,0.10547525,34.4182
test,A5,0.5294753,34.808964
test,A5,0.424,34.637104
test,A5,0.0,34.471375
test,A5,0.0,34.24658
test,A5,0.0,34.14199
test,A5,0.0,34.381927
test,A5,0.0,34.293503
test,A5,0.0,34.251045
test,A5,0.0,34.42434
test,A5,0.0,34.80171
test,A5,0.0,34.672096
test,A5,0.0,33.915493
test,A5,0.0,33.141
test,A5,0.0,32.674736
test,A5,0.152,33.018852
test,A5,0.9040396,33.483856
test,A5,1.4660397,33.67761
test,A5,1.439,33.2027
test,A5,1.639,33.270267
test,A5,2.022,33.627213
test,A5,2.189,34.273495
test,A5,2.047,34.34072
test,A5,1.718,34.223534
test,A5,1.27,33.859924
test,A5,1.075,32.917503
test,A5,1.348765,32.98793
test,A5,1.790765,33.869568
test,A5,2.001,34.566765
test,A5,1.692,34.172604
test,A5,1.33,33.708748
test,A5,1.4241188,33.738945
test,A5,1.6651188,33.730877
test,A5,1.784,33.865257
test,A5,1.885,34.14839
test,A5,1.99,34.341034
test,A5,2.001,33.86599
test,A5,1.972,34.129646
test,A5,2.015,34.065216
test,A5,2.067,34.286415
test,A5,2.014,34.679672
test,A5,1.892,34.481743
test,A5,1.688,34.74144
test,A5,1.408,34.885876
test,A5,1.077,34.552074
test,A5,0.919,34.03962
test,A5,0.96,33.957848
test,A5,0.89489603,34.193893
test,A5,0.9108218,34.39579
test,A5,1.0709257,34.14875
test,A5,1.14,34.170456
test,A5,1.157,34.13745
test,A5,1.172,33.634403
test,A5,1.352,33.226025
test,A5,1.671,33.548172
test,A5,1.804,33.44493
test,A5,1.87,33.62799
test,A5,1.998,33.566444
test,A5,2.032,33.517864
test,A5,2.055,33.4038
test,A5,2.13,33.596703
test,A5,2.183,33.56066
test,A5,2.136,33.537163
test,A5,2.061,33.574394
test,A5,2.077,33.692944
test,A5,2.137,34.17884
test,A5,2.191,33.906616
test,A5,2.207,33.814487
test,A5,2.159,34.11737
test,A5,2.089,34.009888
test,A5,2.065,33.853653
test,A5,2.057,33.79481
test,A5,2.037,33.24173
test,A5,2.095,33.363724
test,A5,2.12,33.476665
test,A5,2.04,33.97736
test,A5,1.948,34.113983
test,A5,1.924,33.510136
test,A5,2.0519505,33.296776
test,A5,2.1909504,33.863705
test,A5,2.24,33.823742
test,A5,2.248,33.985935
test,A5,2.179,33.970688
test,A5,2.081,33.80715
test,A5,2.029,33.453312
test,A5,2.047,33.635193
test,A5,2.029,33.97596
test,A5,1.913,33.60494
test,A5,1.87,33.581234
test,A5,1.898,34.158916
test,A5,1.936,33.911697
test,A5,1.98,33.497894
test,A5,2.079,34.012505
test,A5,2.146,33.684574
test,A5,2.096,33.729042
test,A5,2.023,33.962147
test,A5,1.938,34.09089
test,A5,1.855,34.187523
test,A5,1.773,34.08329
test,A5,1.652,34.146465
test,A5,1.47,33.91639
test,A5,1.191,34.28752
test,A5,0.826,34.33916
test,A5,0.567,34.000404
test,A5,0.252,30.963934
test,A5,0.0,30.677443
test,A5,0.0,33.719288
test,A5,0.0,32.992115
test,A5,0.087,32.043636
test,A5,0.612,32.462524
test,A5,1.411,33.48345
test,A5,1.779,33.824482
test,A5,1.804,33.6993
test,A5,1.849,33.81166
test,A5,1.909,33.850285
test,A5,2.027,33.638485
test,A5,2.127,33.627716
test,A5,2.1920297,32.885254
test,A5,2.2740297,33.376884
test,A5,2.329,33.540962
test,A5,2.308,33.39076
test,A5,2.225,33.605682
test,A5,2.16,33.624496
test,A5,2.137,33.60393
test,A5,2.119,33.041653
test,A5,2.1,33.203125
test,A5,2.121,33.738625
test,A5,2.122,33.761875
test,A5,2.102,34.38314
test,A5,2.053,34.283356
test,A5,1.984,33.904804
test,A5,1.992,33.933647
test,A5,2.039,33.81575
test,A5,2.014,33.857525
test,A5,1.916995,33.287865
test,A5,1.862995,32.990135
test,A5,1.85,33.58258
test,A5,1.834,33.30343
test,A5,1.867,32.938637
test,A5,1.935,33.2768
test,A5,1.9,33.781384
test,A5,1.741,32.742107
test,A5,1.715,32.626785
test,A5,1.944,33.17347
test,A5,2.017,33.602818
test,A5,1.795,33.85208
test,A5,1.558,33.686527
test,A5,1.4,33.366142
test,A5,1.396,33.53103
test,A5,1.606,33.176544
test,A5,1.916,32.880547
test,A5,2.109,33.36827
test,A5,2.145,33.576443
test,A5,2.127,33.96604
test,A5,2.026039,33.356857
test,A5,1.9030389,33.79841
test,A5,1.873,33.845448
test,A5,1.863,33.660023
test,A5,1.843,33.473145
test,A5,1.791,33.040535
test,A5,1.8262079,32.91736
test,A5,2.115208,32.864445
test,A5,2.524,32.93814
test,A5,2.85,32.819016
test,A5,3.092,32.730934
test,A5,3.257,33.17781
test,A5,3.196,33.551125
test,A5,2.944,33.71149
test,A5,2.673,33.586647
test,A5,2.447,33.39733
test,A5,2.259,33.43331
test,A5,2.083075,33.574978
test,A5,1.923075,33.82389
test,A5,1.779,33.453533
test,A5,1.7451435,33.030678
test,A5,1.9271436,32.524345
test,A5,2.238,32.74983
test,A5,2.531,33.174538
test,A5,2.692,33.359085
test,A5,2.661,33.286
test,A5,2.589,32.913654
test,A5,2.6441486,32.37043
test,A5,2.8671484,32.64762
test,A5,3.184,33.280922
test,A5,3.37,34.06003
test,A5,3.278,34.004425
test,A5,3.01,34.313225
test,A5,2.72,33.892807
test,A5,2.479,33.582695
test,A5,2.287,33.164345
test,A5,2.182,32.961197
test,A5,2.315,31.731256
test,A5,2.947599,31.210123
test,A5,3.942599,31.698235
test,A5,4.516,33.236378
test,A5,4.374,34.859726
test,A5,3.905,34.026264
test,A5,3.282,33.08657
test,A5,2.71814,32.96252
test,A5,2.37314,33.21849
test,A5,2.082,33.06501
test,A5,1.77,33.167965
test,A5,1.449,33.614044
test,A5,1.07,33.19816
test,A5,0.765,31.996183
test,A5,0.34,32.31776
test,A5,0.0,31.497255
test,A5,0.136,31.015854
test,A5,0.845,32.09875
test,A5,1.56,32.854385
test,A5,1.805,33.156403
test,A5,1.904,33.112885
test,A5,1.911,32.462074
test,A5,1.998,32.567123
test,A5,2.19,33.11145
test,A5,2.251,33.07682
test,A5,2.164,33.073174
test,A5,2.109,32.993286
test,A5,2.058,33.070168
test,A5,2.032,33.563828
test,A5,2.051,34.16208
test,A5,2.107,34.284687
test,A5,2.151,34.525703
test,A5,2.12,34.460663
test,A5,2.056,34.398403
test,A5,2.042,32.55492
test,A5,2.046,32.24834
test,A5,2.071,32.12819
test,A5,2.308,32.335476
test,A5,2.626,33.284256
test,A5,2.705,33.14686
test,A5,2.566,33.203224
test,A5,2.369,33.051468
test,A5,2.202,32.94
test,A5,2.229,33.237114
test,A5,2.388,32.834755
test,A5,2.3631039,33.294373
test,A5,2.1891038,32.999626
test,A5,2.08,33.097748
test,A5,2.074,32.760426
test,A5,2.158,32.76072
test,A5,2.334,32.87275
test,A5,2.64,32.610744
test,A5,2.8259306,32.871548
test,A5,2.7409308,33.306168
test,A5,2.573,32.899082
test,A5,2.319,33.263596
test,A5,2.129,33.595955
test,A5,2.094,33.357586
test,A5,2.0309753,33.04426
test,A5,1.9559753,32.844093
test,A5,1.991,33.019737
test,A5,2.172,32.47522
test,A5,2.455,32.646492
test,A5,2.685,32.927273
test,A5,2.704,32.624916
test,A5,2.6270742,32.80108
test,A5,2.6881633,32.368675
test,A5,2.890089,31.68221
test,A5,3.327,31.150642
test,A5,4.143,31.107431
test,A5,5.127,31.218256
test,A5,6.289,32.50995
test,A5,7.34,32.192562
test,A5,7.881,31.05391
test,A5,8.32,31.062653
test,A5,8.879,32.55458
test,A5,9.316,32.348976
test,A5,9.506,32.92074
test,A5,9.591,31.984
test,A5,9.435,32.057583
test,A5,9.016,33.170456
test,A5,8.508,32.50672
test,A5,7.927,33.5751
test,A5,7.196,34.975685
test,A5,6.209,33.74515
test,A5,5.31,33.7557
test,A5,4.6622176,33.58407
test,A5,4.1952176,32.762207
test,A5,4.131,32.248642
test,A5,4.6194158,31.338758
test,A5,5.577911,30.92246
test,A5,6.659495,30.764307
test,A5,7.682,29.819265
test,A5,8.713,28.182978
test,A5,9.838,26.130178
test,A5,10.876,26.551256
test,A5,11.306,28.09557
test,A5,11.354,28.82763
test,A5,11.478,28.217241
test,A5,11.616,27.825724
test,A5,11.744,28.548449
test,A5,11.862,28.777632
test,A5,11.978,28.398676
test,A5,12.110975,29.732115
test,A5,12.1539755,31.147253
test,A5,11.960079,29.692928
test,A5,11.875079,29.884283
test,A5,12.085,30.906958
test,A5,12.438,31.936102
test,A5,12.754,32.46021
test,A5,12.784,34.271156
test,A5,12.399,34.09353
test,A5,11.791,33.243416
test,A5,11.205,33.760838
test,A5,10.82,33.26091
test,A5,10.752807,32.100677
test,A5,10.986807,31.371712
test,A5,11.507,32.137955
test,A5,12.032,31.682749
test,A5,12.396856,31.723879
test,A5,12.651856,32.71011
test,A5,12.692,33.554993
test,A5,12.319,33.631393
test,A5,11.865,33.570004
test,A5,11.672,33.16375
test,A5,11.769,32.678978
test,A5,12.143,32.75389
test,A5,12.652668,32.719067
test,A5,13.235668,33.329224
test,A5,13.83,32.29365
test,A5,14.583,32.895836
test,A5,15.29,32.702217
test,A5,15.671,33.17517
test,A5,15.577,33.79765
test,A5,15.133,32.61317
test,A5,14.943,31.928106
test,A5,15.068,31.86517
test,A5,15.311,31.306976
test,A5,15.439,29.867046
test,A5,15.455,29.564287
test,A5,15.496,29.435213
test,A5,15.703,29.859606
test,A5,15.881,30.829721
test,A5,15.939881,30.244925
test,A5,16.149881,30.201998
test,A5,16.508,29.693674
test,A5,16.846,30.055264
test,A5,16.983,31.385925
test,A5,17.142,33.198765
test,A5,17.23,33.05578
test,A5,17.157,31.8838
test,A5,17.21,32.267418
test,A5,17.336,33.71949
test,A5,17.425154,34.76384
test,A5,17.310154,33.92237
test,A5,17.078,33.72321
test,A5,17.064,34.30953
test,A5,17.216,33.17065
test,A5,17.272,30.531874
test,A5,17.227,30.055609
test,A5,17.140886,32.70537
test,A5,16.964886,34.757195
test,A5,16.771,35.475655
test,A5,16.608,34.38355
test,A5,16.48204,34.071705
test,A5,16.39004,35.03125
test,A5,16.289,33.710903
test,A5,16.171,33.509064
test,A5,15.995,34.249634
test,A5,15.837,33.589115
test,A5,15.878,33.268272
test,A5,16.01,34.50691
test,A5,16.012,35.199497
test,A5,16.082,34.786476
test,A5,16.419,34.137154
test,A5,16.831,34.471878
test,A5,17.06,35.07146
test,A5,17.069,35.07392
test,A5,17.014,34.227394
test,A5,16.986109,31.663279
test,A5,17.118109,28.83347
test,A5,17.491,28.098635
test,A5,17.972,31.934427
test,A5,18.309,34.162308
test,A5,18.458,32.634052
test,A5,18.634,34.157135
test,A5,18.834,35.30774
test,A5,18.946,33.71301
test,A5,19.024,33.365784
test,A5,19.06609,33.17847
test,A5,19.02609,33.667507
test,A5,19.11998,35.43604
test,A5,19.23198,37.113724
test,A5,19.188,34.159084
test,A5,19.112,34.936188
test,A5,18.964,34.462563
test,A5,18.79,33.631287
test,A5,18.657,34.082077
test,A5,18.607,34.110825
test,A5,18.638,33.533768
test,A5,18.799763,34.524033
test,A5,19.157763,33.64236
test,A5,19.532,33.308605
test,A5,19.852,34.205727
test,A5,20.219,34.089252
test,A5,20.598,34.45248
test,A5,20.884,35.392796
test,A5,20.993,36.14789
test,A5,20.838,35.956207
test,A5,20.612,36.170547
test,A5,20.437,36.07982
test,A5,20.365,35.311714
test,A5,20.519,35.500805
test,A5,20.85,35.18608
test,A5,20.949,35.496475
test,A5,20.779,36.201317
test,A5,20.765,36.413857
test,A5,20.716,36.068554
test,A5,20.263,35.518448
test,A5,19.858,35.865517
test,A5,19.76,36.108727
test,A5,19.628,33.499134
test,A5,19.584,33.017723
test,A5,19.613,35.766945
test,A5,19.701,35.854576
test,A5,19.847,35.00737
test,A5,19.83,34.786003
test,A5,19.701,35.49662
test,A5,19.546,36.193375
test,A5,19.356,36.975906
test,A5,19.182886,36.14403
test,A5,19.006886,35.07093
test,A5,18.886986,36.245914
test,A5,18.848986,36.624798
test,A5,18.829,36.65811
test,A5,18.87,35.86568
test,A5,18.965,34.706696
test,A5,18.916,36.059067
test,A5,18.804,36.046318
test,A5,18.809,35.94827
test,A5,18.735,36.38771
test,A5,18.557,33.415306
test,A5,18.16,33.278206
test,A5,17.298,38.18273
test,A5,16.253,38.31777
test,A5,14.983,38.129246
test,A5,13.471,37.337273
test,A5,12.469,36.739113
test,A5,11.959,36.64652
test,A5,11.589,36.394836
test,A5,11.497,36.108192
test,A5,11.533,36.363956
test,A5,11.439,36.636314
test,A5,11.195,36.386154
test,A5,10.895,36.286823
test,A5,10.57,36.561394
test,A5,10.078,36.508682
test,A5,9.377,36.958187
test,A5,9.012976,36.44754
test,A5,9.072975,35.881386
test,A5,9.266,35.21364
test,A5,9.66,35.012356
test,A5,9.931,35.736668
test,A5,9.874,35.662014
test,A5,9.82,35.576454
test,A5,10.012,35.83601
test,A5,10.355,35.955208
test,A5,10.559,36.315742
test,A5,10.524,35.409203
test,A5,10.715,35.16003
test,A5,11.128,35.585167
test,A5,11.721,35.310257
test,A5,12.354,35.558968
test,A5,12.693,35.93958
test,A5,13.032,36.420887
test,A5,13.409,36.212837
test,A5,13.549,36.268135
test,A5,13.76,36.154232
test,A5,14.257174,36.27494
test,A5,14.358173,35.82285
test,A5,14.219,35.36126
test,A5,14.505,35.904476
test,A5,14.926,35.557796
test,A5,15.224,34.3778
test,A5,15.532,34.949196
test,A5,16.022257,35.783283
test,A5,16.549257,36.360565
test,A5,16.707,36.153835
test,A5,16.733015,36.228058
test,A5,16.81498,35.98836
test,A5,16.804966,35.883373
test,A5,16.528906,36.484047
test,A5,16.162691,36.957806
test,A5,15.907963,37.566147
test,A5,15.879178,36.852825
test,A5,15.809,36.773018
test,A5,15.42,36.618004
test,A5,14.748,36.500412
test,A5,13.994,36.23387
test,A5,13.711862,36.703987
test,A5,13.598862,36.71897
test,A5,13.416975,36.63595
test,A5,13.305975,36.060368
test,A5,13.07,35.998253
test,A5,12.64828,35.799965
test,A5,12.17428,35.849583
test,A5,11.894,35.832348
test,A5,11.828,35.31772
test,A5,11.854,34.575405
test,A5,12.072,35.56835
test,A5,12.432099,35.10619
test,A5,12.542099,34.669098
test,A5,12.445,35.70927
test,A5,12.291,36.40919
test,A5,12.005,36.044792
test,A5,11.661,35.944115
test,A5,11.356,36.132294
test,A5,11.105,35.93532
test,A5,10.83,35.664825
test,A5,10.565,35.8094
test,A5,10.36,36.009735
test,A5,10.274,35.119263
test,A5,10.388817,34.658165
test,A5,10.712817,34.17341
test,A5,11.116,33.92213
test,A5,11.359,35.040085
test,A5,11.639,34.978317
test,A5,12.231,33.52642
test,A5,12.66,33.41227
test,A5,12.781,35.05036
test,A5,12.363,36.115738
test,A5,11.441,37.058647
test,A5,10.506,36.741367
test,A5,9.745,36.588783
test,A5,9.114,36.58637
test,A5,8.483,36.272884
test,A5,7.905515,36.409134
test,A5,7.130515,36.43216
test,A5,6.311,35.759792
test,A5,5.757,35.71686
test,A5,5.373,35.242706
test,A5,5.022,34.895493
test,A5,4.747,34.803745
test,A5,4.687,34.312813
test,A5,4.908,34.032898
test,A5,5.336,34.2671
test,A5,5.560975,35.032906
test,A5,5.501975,35.17006
test,A5,5.153,35.62049
test,A5,4.642,35.913418
test,A5,3.961,35.651108
test,A5,3.068,35.662926
test,A5,2.488,34.197536
test,A5,2.489,33.58632
test,A5,3.207,32.708088
test,A5,4.109,32.78942
test,A5,4.516,34.16873
test,A5,4.67,34.106705
test,A5,4.8462276,33.899925
test,A5,5.1952276,33.480175
test,A5,5.781,33.6543
test,A5,6.178,34.30037
test,A5,6.457,33.9404
test,A5,6.7629156,34.671623
test,A5,6.911916,34.866367
test,A5,6.874,34.626312
test,A5,6.741,34.75465
test,A5,6.607,35.02794
test,A5,6.505,35.19062
test,A5,6.306,34.69902
test,A5,5.911,34.73926
test,A5,5.516,34.873497
test,A5,5.101,35.409107
test,A5,4.607,35.389885
test,A5,4.125,35.15986
test,A5,3.681,34.865196
test,A5,3.271,34.522903
test,A5,2.955654,34.69764
test,A5,2.8976538,34.727524
test,A5,2.935,34.89222
test,A5,2.765,34.231583
test,A5,2.689,33.915466
test,A5,2.949,33.740044
test,A5,3.38,33.185036
test,A5,3.803,33.533524
test,A5,3.973,34.54751
test,A5,3.96,34.54185
test,A5,3.912,34.206352
test,A5,3.77,34.887043
test,A5,3.618,35.11972
test,A5,3.427,35.15069
test,A5,3.114,35.012413
test,A5,2.832,34.526733
test,A5,2.65,34.536087
test,A5,2.508,34.570095
test,A5,2.4,34.49578
test,A5,2.308,34.366127
test,A5,2.207,34.758152
test,A5,1.893,34.894394
test,A5,1.399,33.84258
test,A5,1.099,32.93497
test,A5,1.3791337,32.789948
test,A5,1.8291336,33.36005
test,A5,1.945,33.34601
test,A5,1.843,33.31211
test,A5,1.805,33.83513
test,A5,2.045,34.38466
test,A5,2.229,34.66005
test,A5,2.334,34.917763
test,A5,2.369,34.55779
test,A5,2.371,34.399284
test,A5,2.374,34.067833
test,A5,2.294,34.097782
test,A5,2.33,34.425858
test,A5,2.4299407,34.55858
test,A5,2.5229406,34.126213
test,A5,2.5478613,33.890404
test,A5,2.4248614,34.105057
test,A5,2.4031239,33.78106
test,A5,2.5681238,33.814438
test,A5,2.599,33.78636
test,A5,2.519,33.571136
test,A5,2.558,34.07436
test,A5,2.647,34.168312
test,A5,2.627,34.47439
test,A5,2.594,34.48945
test,A5,2.577,34.311768
test,A5,2.501,34.153633
test,A5,2.378,34.148327
test,A5,2.241,34.44373
test,A5,2.1,34.774155
test,A5,2.014,34.27411
test,A5,2.118,34.082943
test,A5,2.335,34.048027
test,A5,2.413,33.886738
test,A5,2.289,33.98303
test,A5,2.112,34.12328
test,A5,1.957,34.253056
test,A5,1.8311336,34.412357
test,A5,1.6141337,34.463276
test,A5,1.196,34.441948
test,A5,0.771,34.394302
test,A5,0.566,34.40625
test,A5,0.543,34.133835
test,A5,0.612,33.756268
test,A5,0.707,33.797344
test,A5,0.87,33.809315
test,A5,1.171,33.477894
test,A5,1.582,33.94081
test,A5,1.98,34.278862
test,A5,2.158,34.488342
test,A5,2.01411,34.728043
test,A5,1.75711,33.868378
test,A5,1.677,33.21927
test,A5,1.954,33.797295
test,A5,2.248,34.500046
test,A5,2.326,33.981586
test,A5,2.345,33.601967
test,A5,2.323,33.78214
test,A5,2.278,34.197258
test,A5,2.047,34.411736
test,A5,1.6298218,34.584393
test,A5,1.2128218,34.577003
test,A5,0.864,34.59285
test,A5,0.7,34.250923
test,A5,0.654,34.15469
test,A5,0.424,33.963703
test,A5,0.24,33.900826
test,A5,0.24,33.94856
test,A5,0.24,33.792984
test,A5,0.24,33.94745
test,A5,0.216,34.08205
test,A5,0.096,33.95008
test,A5,0.0,34.016884
test,A5,0.0,33.80321
test,A5,0.0,33.24814
test,A5,0.0,32.62323
test,A5,0.205,32.42883
test,A5,1.277,32.573246
test,A5,2.361,32.90218
test,A5,2.723,33.427277
test,A5,3.006,33.667038
test,A5,3.207,33.72637
test,A5,3.135,34.08265
test,A5,2.843,33.9954
test,A5,2.6030743,34.085915
test,A5,2.4431584,34.014275
test,A5,2.278084,34.14531
test,A5,2.102,34.014183
test,A5,1.972,33.43503
test,A5,1.948,32.771893
test,A5,2.253,32.71453
test,A5,2.804,33.039383
test,A5,3.218,33.697823
test,A5,3.204,34.243126
test,A5,2.716416,34.53674
test,A5,1.9774158,34.43028
test,A5,1.2148465,34.42404
test,A5,0.74384654,34.355045
test,A5,0.62,34.07106
test,A5,0.62,34.001366
test,A5,0.62,33.789734
test,A5,0.62,33.65505
test,A5,0.62,33.48844
test,A5,0.62,33.64868
test,A5,0.62,33.74481
test,A5,0.62,33.751877
test,A5,0.62,33.73269
test,A5,0.62,33.57605
test,A5,0.62,33.759186
test,A5,0.558,33.729614
test,A5,0.248,33.44888
test,A5,0.0,33.293076
test,A5,0.0,32.56539
test,A5,0.0,32.734413
test,A5,0.0,33.057068
test,A5,0.0,33.25782
test,A5,0.0,33.10365
test,A5,0.0,33.480488
test,A5,0.0,33.84661
test,A5,0.0,33.872353
test,A5,0.0,33.949078
test,A5,0.222,34.16646
test,A5,1.3429456,34.31984
test,A5,2.2849455,34.18254
test,A5,2.318,34.040745
test,A5,2.284,33.81146
test,A5,2.295,33.743164
test,A5,2.447,33.68625
test,A5,2.47,33.919468
test,A5,2.37001,33.961605
test,A5,2.37001,33.896767
test,A5,2.361,33.67572
test,A5,2.319,33.625195
test,A5,2.332,33.915615
test,A5,2.495,33.318184
test,A5,2.536,33.44221
test,A5,2.48,33.726788
test,A5,2.575,33.925896
test,A5,2.6249654,34.2015
test,A5,2.5709653,33.9354
test,A5,2.51,33.686066
test,A5,2.479,33.72932
test,A5,2.413,34.161964
test,A5,2.302,34.05707
test,A5,2.206,33.792557
test,A5,2.2089555,34.336246
test,A5,2.2869554,34.074253
test,A5,2.271,34.352478
test,A5,2.138,34.136627
test,A5,1.9539208,34.196953
test,A5,1.7789208,33.917213
test,A5,1.658,33.263397
test,A5,1.748,33.048607
test,A5,2.155,33.36686
test,A5,2.589,33.755165
test,A5,2.813,33.93906
test,A5,2.814,33.50696
test,A5,2.656,33.497543
test,A5,2.505,34.083008
test,A5,2.436,34.35554
test,A5,2.371,34.13385
test,A5,2.214099,34.441612
test,A5,2.009099,34.26316
test,A5,1.767,34.310936
test,A5,1.391,34.273285
test,A5,1.11,34.343197
test,A5,0.985,34.28124
test,A5,0.878,34.294952
test,A5,0.797,34.162907
test,A5,0.532,33.917137
test,A5,0.32,33.74731
test,A5,0.288,33.697994
test,A5,0.128,33.6555
test,A5,0.0,33.73992
test,A5,0.0,33.72945
test,A5,0.0,33.61917
test,A5,0.0,33.62696
test,A5,0.0,33.676025
test,A5,0.0,33.547993
test,A5,0.0,33.673134
test,A5,0.0,33.704605
test,A5,0.0,33.03653
test,A5,0.0,32.982086
test,A5,0.0,32.518986
test,A5,0.226,32.41725
test,A5,1.401,32.68045
test,A5,2.54,32.84456
test,A5,2.77,33.134453
test,A5,2.802965,33.700207
test,A5,2.736965,33.659317
test,A5,2.539,33.29792
test,A5,2.349,33.274147
test,A5,2.348,33.333923
test,A5,2.476,33.61355
test,A5,2.64,33.329285
test,A5,2.75,33.186157
test,A5,2.941,33.291
test,A5,3.283,33.458412
test,A5,3.552,33.048492
test,A5,3.745,33.03495
test,A5,3.97,32.882065
test,A5,4.154,33.334156
test,A5,4.189,33.507717
test,A5,4.3020196,33.407513
test,A5,4.46902,33.27125
test,A5,4.612,32.926884
test,A5,4.972198,32.67998
test,A5,5.4224057,33.011345
test,A5,5.816208,33.010967
test,A5,6.137,32.738655
test,A5,6.447,32.785103
test,A5,6.836,33.483765
test,A5,7.115,33.501232
test,A5,7.316,33.018578
test,A5,7.608,33.321518
test,A5,7.813,33.98426
test,A5,7.888,33.775723
test,A5,8.039,33.357063
test,A5,8.367,33.07871
test,A5,8.828,32.56048
test,A5,9.286,32.890514
test,A5,9.688,33.529705
test,A5,9.924,33.571896
test,A5,9.928,33.159187
test,A5,9.904,32.839466
test,A5,10.078,32.83373
test,A5,10.44,33.082977
test,A5,10.718846,33.503056
test,A5,10.690846,33.47478
test,A5,10.603243,32.958565
test,A5,10.509243,34.368626
test,A5,10.748,35.338875
test,A5,11.214,34.020844
test,A5,11.494,32.119118
test,A5,11.797911,32.173283
test,A5,12.028911,32.961998
test,A5,12.183,33.261616
test,A5,12.202,32.967102
test,A5,12.375921,33.648964
test,A5,12.67792,34.001087
test,A5,12.87986,33.830612
test,A5,13.09686,33.351044
test,A5,13.137,33.902534
test,A5,12.984,33.79993
test,A5,12.805,33.44525
test,A5,12.758,34.08974
test,A5,12.827065,33.904133
test,A5,12.904065,34.098698
test,A5,12.922,33.727066
test,A5,12.817,33.679176
test,A5,12.675,34.516212
test,A5,12.622,34.515907
test,A5,12.518,33.26577
test,A5,12.301,33.161808
test,A5,12.285,34.077522
test,A5,12.363,33.524696
test,A5,12.352,33.09048
test,A5,12.366,33.34496
test,A5,12.48,34.235107
test,A5,12.507,33.74182
test,A5,12.523,32.872383
test,A5,12.862,33.187782
test,A5,13.162,33.381706
test,A5,13.332925,33.218834
test,A5,13.543925,33.81485
test,A5,13.718,34.41
test,A5,13.761,34.149147
test,A5,13.6,33.803375
test,A5,13.399,33.714893
test,A5,13.285,33.89987
test,A5,13.074,34.540993
test,A5,12.642,34.39386
test,A5,12.36598,34.50496
test,A5,12.392981,34.213478
test,A5,12.633,33.492302
test,A5,12.952,33.066177
test,A5,13.133,34.01239
test,A5,13.05,33.85106
test,A5,12.779901,33.459366
test,A5,12.597901,32.9079
test,A5,12.678,33.95439
test,A5,12.673,34.90502
test,A5,12.426,35.122467
test,A5,11.819,35.011436
test,A5,10.795302,34.985676
test,A5,9.992302,34.592056
test,A5,9.611,33.964203
test,A5,9.368,33.716286
test,A5,9.181,33.25042
test,A5,9.264,33.015453
test,A5,9.651,32.970596
test,A5,9.961,32.675087
test,A5,10.187,32.44493
test,A5,10.804,32.531128
test,A5,11.35194,33.167942
test,A5,11.49894,33.966267
test,A5,11.616,33.458385
test,A5,11.724,33.30924
test,A5,11.491,33.577667
test,A5,11.494,32.99553
test,A5,11.595,32.965088
test,A5,11.404208,33.33621
test,A5,11.593208,33.482857
test,A5,11.914,33.524242
test,A5,12.031,33.98063
test,A5,12.1,33.40002
test,A5,12.434,32.622765
test,A5,12.802,32.316563
test,A5,13.141045,32.59952
test,A5,13.368721,33.66922
test,A5,13.508677,34.04917
test,A5,13.688,34.116177
test,A5,13.683,34.29209
test,A5,13.557,34.28945
test,A5,13.234,33.75543
test,A5,12.731,33.2239
test,A5,12.157,33.229183
test,A5,12.243,33.096485
test,A5,12.948,33.455532
test,A5,13.232,33.601723
test,A5,13.217901,33.73991
test,A5,13.292901,34.066177
test,A5,13.256,34.371895
test,A5,12.931,34.911636
test,A5,12.292,34.63125
test,A5,11.749,34.332592
test,A5,11.529,33.796562
test,A5,11.478,34.233902
test,A5,11.526,33.811836
test,A5,11.525,33.29182
test,A5,11.627,33.922325
test,A5,11.769,33.874893
test,A5,11.636,33.046936
test,A5,11.571,31.68503
test,A5,11.833,31.574392
test,A5,12.101,34.46697
test,A5,12.281651,36.98201
test,A5,12.5133505,35.158623
test,A5,12.9297,33.22497
test,A5,13.272,33.831512
test,A5,13.346,34.13701
test,A5,13.296,33.876526
test,A5,13.389,32.495377
test,A5,13.73,33.847336
test,A5,14.061,34.45489
test,A5,14.393,34.64495
test,A5,14.597,34.337063
test,A5,14.67195,34.637367
test,A5,14.799951,34.188217
test,A5,14.883,34.467503
test,A5,14.912,34.594204
test,A5,15.027,34.611412
test,A5,15.278,34.839905
test,A5,15.593,34.531513
test,A5,15.88193,34.324432
test,A5,16.07793,34.253082
test,A5,16.33,34.89763
test,A5,16.624,34.709785
test,A5,16.878,34.908764
test,A5,17.082,35.081894
test,A5,17.361,36.093117
test,A5,17.641,35.32241
test,A5,17.589,35.50302
test,A5,17.452,36.030987
test,A5,17.484,35.031746
test,A5,17.528,35.2463
test,A5,17.669,35.974945
test,A5,17.79194,35.947044
test,A5,17.86194,34.970818
test,A5,18.062,35.639206
test,A5,18.15,35.30803
test,A5,17.957045,35.357803
test,A5,17.887045,36.030746
test,A5,18.221,35.808075
test,A5,18.578,35.324486
test,A5,18.657,35.81804
test,A5,18.821,35.62979
test,A5,19.073,36.18453
test,A5,19.191,35.804634
test,A5,19.272,35.39264
test,A5,19.596,35.714848
test,A5,20.013,36.31135
test,A5,20.167,36.694435
test,A5,20.26,35.8481
test,A5,20.289,35.818417
test,A5,20.352,35.980034
test,A5,20.458,36.38536
test,A5,20.461,36.750443
test,A5,20.535,36.977283
test,A5,20.688,37.394592
test,A5,20.874,36.44804
test,A5,21.102917,36.39785
test,A5,21.159916,35.63299
test,A5,21.208,35.706963
test,A5,21.313128,36.10182
test,A5,21.271128,36.554256
test,A5,21.147,35.88126
test,A5,20.786,35.655373
test,A5,20.382875,35.774185
test,A5,20.165857,35.29164
test,A5,20.01798,35.14055
test,A5,19.85,35.566166
test,A5,19.642,35.51937
test,A5,19.317,36.443092
test,A5,18.621,36.683517
test,A5,17.809,36.60891
test,A5,17.049,35.675915
test,A5,16.416,35.334522
test,A5,15.982,35.667305
test,A5,15.602,35.06017
test,A5,15.272,35.57055
test,A5,14.969,34.638374
test,A5,14.631961,34.623943
test,A5,14.424021,35.128597
test,A5,14.41606,34.99839
test,A5,14.273,35.077747
test,A5,14.074,35.223454
test,A5,14.005125,34.60341
test,A5,13.737125,34.53971
test,A5,12.902,34.851852
test,A5,12.235,35.063835
test,A5,12.153,35.27349
test,A5,12.051,35.163826
test,A5,11.995065,34.276413
test,A5,11.989985,34.0236
test,A5,11.9779215,34.130432
test,A5,12.011,34.36248
test,A5,12.056,33.700623
test,A5,12.302,33.321747
test,A5,12.714,33.097893
test,A5,13.133,32.740643
test,A5,13.517,33.251167
test,A5,13.785,33.310474
test,A5,14.022,34.03642
test,A5,13.937,33.96426
test,A5,13.61797,34.152954
test,A5,13.51997,34.505104
test,A5,13.59,34.78836
test,A5,13.735,35.304214
test,A5,13.846,34.974983
test,A5,13.889,35.08233
test,A5,13.906,35.514435
test,A5,14.034,34.45217
test,A5,14.221,35.32081
test,A5,14.235,35.484566
test,A5,14.078,35.7897
test,A5,13.905,35.386414
test,A5,13.786,35.63038
test,A5,13.698,35.556507
test,A5,13.629,35.433342
test,A5,13.516965,35.62403
test,A5,13.378965,35.432594
test,A5,13.273,35.66691
test,A5,13.284,35.60083
test,A5,13.36,34.83403
test,A5,13.375,35.153446
test,A5,13.476,35.59495
test,A5,13.682,35.19073
test,A5,13.89,35.871986
test,A5,14.103,35.440434
test,A5,14.369,35.532364
test,A5,14.634,35.83699
test,A5,14.883,35.087124
test,A5,15.127,35.028442
test,A5,15.259,34.863056
test,A5,15.285,35.34059
test,A5,15.351,35.70233
test,A5,15.464,35.910545
test,A5,15.492,36.497147
test,A5,15.458,35.728394
test,A5,15.47,35.941765
test,A5,15.624,35.94549
test,A5,16.0,34.562943
test,A5,16.378,34.59674
test,A5,16.675,36.6561
test,A5,16.97,36.22307
test,A5,17.121,36.464973
test,A5,17.122,36.211876
test,A5,16.924,36.288292
test,A5,16.852,36.380177
test,A5,17.022,36.19528
test,A5,17.21595,35.717148
test,A5,17.29595,35.876945
test,A5,17.202,37.00482
test,A5,17.231,36.618744
test,A5,17.312,36.37471
test,A5,17.212,35.948093
test,A5,16.835,36.126568
test,A5,16.8,35.902637
test,A5,17.039,35.654354
test,A5,16.949,35.58721
test,A5,16.963,35.30917
test,A5,17.158,35.399933
test,A5,17.392,35.74449
test,A5,17.678,35.893974
test,A5,17.763,35.43955
test,A5,17.349361,35.544495
test,A5,16.598362,37.657284
test,A5,15.662,38.063496
test,A5,14.399,37.138752
test,A5,13.577,36.383198
test,A5,13.275,36.45295
test,A5,12.968,36.73575
test,A5,12.885,35.946835
test,A5,12.929,35.407864
test,A5,12.646,35.699898
test,A5,12.229,35.98574
test,A5,11.30002,36.763855
test,A5,10.39443,36.134243
test,A5,9.94141,36.263496
test,A5,9.424,36.086494
test,A5,9.056,35.28869
test,A5,8.963,34.884743
test,A5,9.366,34.83362
test,A5,9.651,35.20775
test,A5,9.67,34.780533
test,A5,9.817,34.870296
test,A5,10.273,34.830624
test,A5,10.751,34.48513
test,A5,10.997,34.535366
test,A5,11.301,34.754673
test,A5,11.516,35.204536
test,A5,11.493,35.39289
test,A5,11.57599,35.29104
test,A5,11.705005,35.513412
test,A5,11.712015,34.83641
test,A5,11.648,35.06445
test,A5,11.547,35.89212
test,A5,11.242,36.25628
test,A5,10.932505,34.4009
test,A5,11.282505,30.997808
test,A5,11.646,30.386532
test,A5,11.503,29.764822
test,A5,11.422866,25.601372
test,A5,11.588866,24.348349
test,A5,11.86,24.581356
test,A5,12.106,28.916887
test,A5,12.182,30.149424
test,A5,12.030069,29.56404
test,A5,11.864069,33.085682
test,A5,11.847005,31.229605
test,A5,11.875005,30.607317
test,A5,11.877,33.71595
test,A5,11.899,33.979652
test,A5,11.999,31.35013
test,A5,12.228,29.90304
test,A5,12.45,28.84891
test,A5,12.509,27.195349
test,A5,12.543,31.103025
test,A5,12.23,35.3247
test,A5,11.469,35.157467
test,A5,10.652,35.352455
test,A5,10.254,34.931118
test,A5,10.081,34.928337
test,A5,9.735,34.57988
test,A5,9.364,35.22135
test,A5,8.895,34.632256
test,A5,8.418,34.363304
test,A5,8.173,35.675934
test,A5,8.07,35.278706
test,A5,7.912,33.142056
test,A5,7.874,32.48211
test,A5,7.999,34.74567
test,A5,7.8881087,33.961884
test,A5,7.577109,33.660088
test,A5,7.377,31.707083
test,A5,7.22383,33.39381
test,A5,7.05683,32.429466
test,A5,7.074,29.29558
test,A5,7.158,30.228182
test,A5,6.969,32.77996
test,A5,6.647461,32.513374
test,A5,6.2554607,29.449417
test,A5,5.838,27.127129
test,A5,5.352,25.406301
test,A5,4.87,24.809116
test,A5,4.442,24.770887
test,A5,4.152,25.760153
test,A5,4.071,25.409605
test,A5,4.02,26.012232
test,A5,3.961,26.293325
test,A5,3.972,25.982048
test,A5,4.0029554,26.224482
test,A5,4.0369554,26.429617
test,A5,4.129,27.919779
test,A5,4.129,29.958069
test,A5,4.052,29.578215
test,A5,3.982,27.324303
test,A5,3.87,26.526567
test,A5,3.679,27.044516
test,A5,3.576,27.148506
test,A5,3.712,27.558617
test,A5,3.993,27.48736
test,A5,4.368,27.762484
test,A5,4.767,27.8168
test,A5,5.089,24.980917
test,A5,5.348,26.435024
test,A5,5.5299606,30.392784
test,A5,5.6029606,32.516922
test,A5,5.767,34.092545
test,A5,5.824,33.886864
test,A5,5.473,34.673145
test,A5,5.188,35.785103
test,A5,5.091,35.183807
test,A5,4.97,34.844826
test,A5,4.941104,34.138718
test,A5,4.906104,34.29145
test,A5,4.902,34.33928
test,A5,4.829,34.331303
test,A5,4.6640496,34.030045
test,A5,4.7090497,33.276943
test,A5,5.015,33.070995
test,A5,5.559,33.79094
test,A5,6.0532227,33.69387
test,A5,6.4342227,33.172302
test,A5,6.798,32.895695
test,A5,7.259,32.891224
test,A5,7.782,33.50599
test,A5,8.205,33.525185
test,A5,8.552,34.215054
test,A5,8.805,33.8405
test,A5,9.134,33.73255
test,A5,9.431,33.609764
test,A5,9.613,33.48568
test,A5,10.162,32.944687
test,A5,10.914,33.61603
test,A5,11.505,33.161438
test,A5,11.889,33.462418
test,A5,11.861,35.137974
test,A5,11.632,34.733437
test,A5,11.44,34.40508
test,A5,11.582,34.42462
test,A5,11.84,34.754707
test,A5,11.908886,34.50625
test,A5,12.063886,34.098713
test,A5,12.305,33.846382
test,A5,12.772,33.593792
test,A5,13.392,34.358627
test,A5,13.968,34.62671
test,A5,14.595,34.74362
test,A5,15.124139,34.878628
test,A5,15.415138,35.25389
test,A5,15.483104,35.235992
test,A5,15.578891,34.584267
test,A5,15.941787,35.266655
test,A5,16.486,35.227654
test,A5,17.026,35.52775
test,A5,17.386,35.616856
test,A5,17.662,34.814438
test,A5,17.891,34.161583
test,A5,17.978985,33.95394
test,A5,17.997986,35.437504
test,A5,18.039,35.15221
test,A5,18.197,35.361626
test,A5,18.401,35.841007
test,A5,18.58,34.692772
test,A5,18.714,33.84439
test,A5,18.686,34.648655
test,A5,18.676,35.00287
test,A5,18.676,34.069088
test,A5,18.55,34.55329
test,A5,18.373,34.5783
test,A5,18.093,35.043747
test,A5,17.852,34.955795
test,A5,17.672,35.34643
test,A5,17.428,35.45186
test,A5,17.175,35.43165
test,A5,16.965,34.93957
test,A5,16.833,35.059036
test,A5,16.744207,35.45907
test,A5,16.506208,34.97544
test,A5,16.257,35.16729
test,A5,16.427,35.56732
test,A5,16.222,35.05359
test,A5,15.654,35.055305
test,A5,15.474,34.799377
test,A5,15.277921,34.57302
test,A5,15.0439205,35.03292
test,A5,14.941,34.843655
test,A5,14.94,35.09652
test,A5,14.908,34.984825
test,A5,14.874,35.350998
test,A5,14.937,34.964134
test,A5,14.963,34.684242
test,A5,14.937,34.526016
test,A5,14.8,35.06195
test,A5,14.419634,34.77147
test,A5,13.792634,34.792477
test,A5,13.116,34.67832
test,A5,12.706,35.26065
test,A5,12.444,35.302742
test,A5,12.248,35.155647
test,A5,12.183,34.76219
test,A5,12.098,34.42836
test,A5,11.94,34.29628
test,A5,11.446,35.128616
test,A5,10.823,35.373688
test,A5,10.385,35.284515
test,A5,9.975,35.10756
test,A5,9.75,35.154003
test,A5,9.584,34.983334
test,A5,9.166,35.29226
test,A5,8.412,35.82663
test,A5,7.824,34.904137
test,A5,7.546206,34.928383
test,A5,6.913206,34.659863
test,A5,6.687,34.45807
test,A5,7.443,34.384888
test,A5,8.209,34.82967
test,A5,8.631,34.74418
test,A5,8.82,34.82849
test,A5,8.834,35.04635
test,A5,8.787,34.75676
test,A5,8.693,34.852394
test,A5,8.697,34.687645
test,A5,8.751,35.036926
test,A5,8.787,35.132347
test,A5,8.831044,35.28268
test,A5,8.823045,35.66965
test,A5,8.87,35.46768
test,A5,8.93198,35.33564
test,A5,8.94298,34.900467
test,A5,8.863,35.04371
test,A5,8.346718,35.547062
test,A5,7.6707177,35.304367
test,A5,7.288,35.23735
test,A5,7.081005,34.81169
test,A5,7.006005,34.70538
test,A5,7.01597,35.350838
test,A5,7.0609703,35.287045
test,A5,7.176,34.86799
test,A5,7.334,34.583897
test,A5,7.532,34.45777
test,A5,7.88,34.483276
test,A5,8.352,34.595703
test,A5,8.641,34.692207
test,A5,8.667,34.856506
test,A5,8.842748,34.727448
test,A5,9.331747,34.444664
test,A5,9.954,34.904076
test,A5,10.284,34.863243
test,A5,10.521,34.52536
test,A5,11.026,34.662704
test,A5,11.546,34.6401
test,A5,12.166,34.036224
test,A5,12.86997,33.927986
test,A5,13.27597,34.69753
test,A5,13.72,35.373657
test,A5,14.152,34.82789
test,A5,14.323,35.101524
test,A5,14.566,35.09102
test,A5,14.913,34.58539
test,A5,15.225,34.931168
test,A5,15.564748,34.411457
test,A5,16.024748,34.15111
test,A5,16.282,34.526794
test,A5,16.367,34.634407
test,A5,16.47,35.60984
test,A5,16.645,35.00917
test,A5,16.867,34.129326
test,A5,17.345,34.471283
test,A5,18.043,34.718655
test,A5,18.454,34.787994
test,A5,18.514,34.745235
test,A5,18.442,35.199608
test,A5,18.414,35.410797
test,A5,18.427,34.69064
test,A5,18.395094,35.191536
test,A5,18.297094,34.970066
test,A5,18.253,35.09508
test,A5,18.397,35.144035
test,A5,18.516,34.82904
test,A5,18.48,34.585896
test,A5,18.489,35.13887
test,A5,18.463,35.142857
test,A5,18.053526,35.90247
test,A5,17.170525,36.59075
test,A5,15.976,35.76074
test,A5,14.775,35.48434
test,A5,13.913,35.22262
test,A5,13.337,35.701317
test,A5,12.943,35.559032
test,A5,12.743,34.629242
test,A5,12.585,34.392044
test,A5,12.45,33.736824
test,A5,12.366,33.7155
test,A5,12.232,33.962395
test,A5,12.063,35.05043
test,A5,12.0,35.032074
test,A5,12.035,34.551414
test,A5,12.112,34.05729
test,A5,12.216,34.18013
test,A5,12.4,33.83793
test,A5,12.568,33.644814
test,A5,12.56,33.952965
test,A5,12.284,35.11504
test,A5,11.714,34.602272
test,A5,11.252,34.005554
test,A5,11.094,33.940308
test,A5,11.078,33.750908
test,A5,11.133,33.624134
test,A5,11.272,33.33944
test,A5,11.504,33.394806
test,A5,11.695015,33.912266
test,A5,11.742064,34.24936
test,A5,11.68405,33.920517
test,A5,11.683,32.67189
test,A5,11.832,29.630362
test,A5,12.147,30.212902
test,A5,12.535,33.33552
test,A5,12.68,34.539974
test,A5,12.595,33.967598
test,A5,12.458,33.04002
test,A5,12.226,33.89759
test,A5,11.759,34.110313
test,A5,11.111,34.20214
test,A5,10.484,35.126457
test,A5,9.711,36.14175
test,A5,8.373,35.638985
test,A5,6.77,34.623093
test,A5,5.717,34.33941
test,A5,5.188,34.00708
test,A5,4.85,33.6454
test,A5,4.765,33.35893
test,A5,4.934,33.497295
test,A5,5.037,33.450726
test,A5,4.974,33.398304
test,A5,4.953,33.032806
test,A5,5.093,32.976547
test,A5,5.336,33.192356
test,A5,5.599,33.496284
test,A5,5.894,32.85325
test,A5,6.220317,32.665512
test,A5,6.693317,32.72568
test,A5,7.244,32.932243
test,A5,7.74,32.84561
test,A5,8.254,32.58985
test,A5,8.825,32.29232
test,A5,9.358,32.27497
test,A5,9.696118,32.85464
test,A5,9.934119,32.9076
test,A5,10.1920595,33.05755
test,A5,10.387059,33.460823
test,A5,10.527,33.559647
test,A5,10.674,33.4333
test,A5,10.738,33.744423
test,A5,10.652,34.315125
test,A5,10.447,34.37607
test,A5,10.184,33.409325
test,A5,9.953,33.145515
test,A5,9.823,33.380604
test,A5,9.717,33.48505
test,A5,9.644,33.483147
test,A5,9.64,33.301033
test,A5,9.654,32.952274
test,A5,9.764,32.53475
test,A5,10.071,32.729115
test,A5,10.526,32.84445
test,A5,10.98,32.334866
test,A5,11.454,31.870314
test,A5,11.989,32.604523
test,A5,12.344,33.1425
test,A5,12.45,33.26828
test,A5,12.133,34.048992
test,A5,11.589,34.349495
test,A5,11.222,33.60474
test,A5,10.905,33.473198
test,A5,10.605,32.815624
test,A5,10.436,33.03677
test,A5,10.393,32.982056
test,A5,10.356976,32.561035
test,A5,10.316976,31.673433
test,A5,10.283,32.719837
test,A5,10.272,32.3639
test,A5,10.254,32.436394
test,A5,10.217,32.530415
test,A5,10.134,32.946606
test,A5,9.967,32.821323
test,A5,9.76,31.993042
test,A5,9.595,31.748335
test,A5,9.470059,33.021523
test,A5,9.351059,33.278076
test,A5,9.263,32.522583
test,A5,9.202,32.124832
test,A5,9.137,32.137432
test,A5,9.093,32.038086
test,A5,9.159104,32.11824
test,A5,9.342104,31.412851
test,A5,9.595,31.67113
test,A5,9.94,31.342886
test,A5,10.359,31.87432
test,A5,10.732875,31.92375
test,A5,11.009875,32.207897
test,A5,11.228,32.274246
test,A5,11.416,33.062172
test,A5,11.6,32.66618
test,A5,11.799,32.34584
test,A5,11.985,31.355543
test,A5,12.128,32.11438
test,A5,12.232,32.62818
test,A5,12.289,32.60045
test,A5,12.332,32.237534
test,A5,12.371,32.747654
test,A5,12.428,32.15508
test,A5,12.481,32.35607
test,A5,12.454,32.39118
test,A5,12.292,31.996233
test,A5,12.139,32.10031
test,A5,12.121104,31.769976
test,A5,12.009104,31.745926
test,A5,11.809703,32.18685
test,A5,11.972703,31.603004
test,A5,12.209,31.786722
test,A5,12.119,32.522232
test,A5,11.966,32.702835
test,A5,11.7,32.249817
test,A5,11.353,32.433426
test,A5,11.026,32.66342
test,A5,10.767,31.767653
test,A5,10.684936,31.559881
test,A5,10.736936,31.536377
test,A5,10.769,32.577534
test,A5,10.658,32.65356
test,A5,10.401,32.459084
test,A5,10.060139,32.33916
test,A5,9.748138,32.221943
test,A5,9.498,32.10587
test,A5,9.247,32.029003
test,A5,8.829,31.46855
test,A5,8.477,31.71369
test,A5,8.483,32.08264
test,A5,8.647,31.360853
test,A5,8.677,31.16546
test,A5,8.569,32.15607
test,A5,8.374099,31.83095
test,A5,8.149099,31.793877
test,A5,8.064,31.734581
test,A5,8.052,31.455904
test,A5,8.014,31.160828
test,A5,7.993,30.98953
test,A5,8.018,31.430386
test,A5,8.076,31.256762
test,A5,8.09,31.381025
test,A5,8.022,31.960775
test,A5,7.869,31.865374
test,A5,7.678,31.472368
test,A5,7.542,31.244009
test,A5,7.401,32.0053
test,A5,7.259,32.372208
test,A5,7.127,31.825758
test,A5,6.976,31.805674
test,A5,6.783,32.384396
test,A5,6.581,31.793837
test,A5,6.304,31.530413
test,A5,6.028,31.844149
test,A5,5.868,31.978045
test,A5,5.672,32.151726
test,A5,5.262,32.37856
test,A5,4.559,32.3441
test,A5,3.833,32.045456
test,A5,3.25,31.76462
test,A5,2.818,31.859858
test,A5,2.573,31.872942
test,A5,2.385,32.009544
test,A5,2.151,32.112045
test,A5,1.789,31.493845
test,A5,1.516,31.50374
test,A5,1.507,31.280241
test,A5,1.673,31.247011
test,A5,1.968,31.053019
test,A5,2.306,30.231573
test,A5,2.744,30.514387
test,A5,3.214,30.401102
test,A5,3.711,30.294714
test,A5,4.331,30.269886
test,A5,5.016,30.18757
test,A5,5.669,30.23279
test,A5,6.064,30.656073
test,A5,6.249,30.62809
test,A5,6.385,31.378721
test,A5,6.486,31.767004
test,A5,6.586,30.8546
test,A5,6.658,31.108572
test,A5,6.685,31.120472
test,A5,6.608,31.719557
test,A5,6.294,31.697994
test,A5,5.87,31.105001
test,A5,5.473,31.374598
test,A5,5.107,31.546774
test,A5,4.825,31.593742
test,A5,4.581,31.359644
test,A5,4.366,31.273605
test,A5,4.174,31.772701
test,A5,4.0109854,31.416174
test,A5,3.9649851,31.50745
test,A5,4.138,30.9649
test,A5,4.42,30.547789
test,A5,4.772,30.996275
test,A5,5.096,31.38603
test,A5,5.32,30.281767
test,A5,5.749,30.51684
test,A5,6.282267,30.464228
test,A5,6.767267,30.937908
test,A5,7.2318316,31.04806
test,A5,7.5978317,30.948662
test,A5,7.88,30.613283
test,A5,8.15,30.179924
test,A5,8.492,30.24883
test,A5,8.789,30.515493
test,A5,9.065,30.473845
test,A5,9.477,30.63032
test,A5,9.924,31.073433
test,A5,10.328,31.051638
test,A5,10.74,30.659275
test,A5,11.000935,31.809732
test,A5,11.114935,31.376402
test,A5,11.269,30.595064
test,A5,11.449134,30.621286
test,A5,11.681133,30.902857
test,A5,11.979,30.865515
test,A5,12.355,30.953413
test,A5,12.730896,31.28673
test,A5,12.988896,31.390871
test,A5,13.123,31.838778
test,A5,13.074,31.886904
test,A5,12.874955,31.281593
test,A5,12.735955,31.854794
test,A5,12.77,30.864342
test,A5,12.919,30.720118
test,A5,13.052,30.947046
test,A5,13.146,31.336397
test,A5,13.301,31.334866
test,A5,13.565,30.783113
test,A5,13.849,31.154886
test,A5,14.058,31.995773
test,A5,14.14,32.35073
test,A5,13.847,31.957909
test,A5,13.42,32.069626
test,A5,13.147,31.253178
test,A5,12.884129,31.334562
test,A5,12.619129,31.25221
test,A5,12.31,31.618084
test,A5,11.981,31.658243
test,A5,11.635,31.891039
test,A5,11.294,31.633875
test,A5,10.986,31.688362
test,A5,10.666,31.794247
test,A5,10.344,31.26828
test,A5,10.02,30.803923
test,A5,9.736,30.453814
test,A5,9.531,31.508297
test,A5,9.413,31.653305
test,A5,9.433,30.247488
test,A5,9.598837,30.550726
test,A5,9.885837,30.311224
test,A5,10.235,30.968517
test,A5,10.539,31.536543
test,A5,10.757,31.324757
test,A5,10.982,31.126608
test,A5,11.270857,31.145903
test,A5,11.575856,31.572279
test,A5,11.877,31.819868
test,A5,12.178,30.858316
test,A5,12.548,31.059526
test,A5,12.918,30.835579
test,A5,13.207,31.026669
test,A5,13.486,31.47186
test,A5,13.74,30.693808
test,A5,13.978,31.209599
test,A5,14.138,31.625559
test,A5,14.181,31.00512
test,A5,14.260886,31.006979
test,A5,14.442886,31.811174
test,A5,14.639144,31.687582
test,A5,14.870144,31.44493
test,A5,15.135,32.04693
test,A5,15.339,31.371244
test,A5,15.443,30.863926
test,A5,15.483,31.07065
test,A5,15.541,31.16456
test,A5,15.695851,30.822323
test,A5,15.952966,30.249
test,A5,16.214113,30.328669
test,A5,16.467,30.064903
test,A5,16.728,30.477468
test,A5,16.868,31.29444
test,A5,16.921074,30.599562
test,A5,17.108751,29.897175
test,A5,17.5938,29.895308
test,A5,17.782124,30.741972
test,A5,17.42592,31.074335
test,A5,17.156921,30.771725
test,A5,17.126,30.940569
test,A5,17.241,30.851025
test,A5,17.402,30.003632
test,A5,17.591,30.638836
test,A5,17.785,31.016493
test,A5,17.921,30.877007
test,A5,18.001,30.839094
test,A5,18.08198,30.295506
test,A5,18.16798,29.712713
test,A5,18.276,29.528593
test,A5,18.460905,29.479208
test,A5,18.661905,29.515985
test,A5,18.846,30.067053
test,A5,19.01,30.25297
test,A5,19.088,29.903782
test,A5,19.077,29.41004
test,A5,19.076,30.91665
test,A5,19.138,30.773314
test,A5,19.219,29.563131
test,A5,19.266945,30.2404
test,A5,19.329945,30.412405
test,A5,19.402,30.190947
test,A5,19.468,29.84672
test,A5,19.582,30.007414
test,A5,19.825,28.954626
test,A5,20.181,29.063238
test,A5,20.48,29.883001
test,A5,20.849,29.231743
test,A5,21.166,28.796473
test,A5,21.357,29.346989
test,A5,21.45999,29.368185
test,A5,21.43899,29.736382
test,A5,21.446,29.901915
test,A5,21.507,29.503046
test,A5,21.574,29.602278
test,A5,21.576,29.71427
test,A5,21.607,29.293535
test,A5,21.606,28.973917
test,A5,21.464,29.53063
test,A5,21.361,30.336426
test,A5,21.361,30.433111
test,A5,21.337,30.363317
test,A5,21.3,29.339901
test,A5,21.262,30.076742
test,A5,21.176,30.017588
test,A5,21.125,29.347393
test,A5,21.157,29.150192
test,A5,21.2,29.623777
test,A5,21.177,30.101706
test,A5,21.177,29.694159
test,A5,21.232,29.468706
test,A5,21.278,29.537588
test,A5,21.356976,29.977488
test,A5,21.38694,30.1362
test,A5,21.415966,30.089048
test,A5,21.507,29.422361
test,A5,21.537,29.65437
test,A5,21.553,30.170282
test,A5,21.572,29.377766
test,A5,21.52,29.390486
test,A5,21.535,29.776276
test,A5,21.594,29.507101
test,A5,21.579,29.75699
test,A5,21.527,30.180744
test,A5,21.491,30.13622
test,A5,21.474,29.43588
test,A5,21.473,30.043375
test,A5,21.469,29.863295
test,A5,21.372,29.948702
test,A5,21.206,29.728447
test,A5,21.04,29.894535
test,A5,20.885,30.175564
test,A5,20.707,30.657429
test,A5,20.531044,30.637388
test,A5,20.407045,30.661316
test,A5,20.263,30.310896
test,A5,20.106,30.00345
test,A5,19.964,30.089117
test,A5,19.847,30.724539
test,A5,19.79,30.409395
test,A5,19.759,30.046942
test,A5,19.711,30.353588
test,A5,19.702,30.559256
test,A5,19.745,30.125303
test,A5,19.84,29.832886
test,A5,20.019085,30.326166
test,A5,20.214085,31.045748
test,A5,20.401,30.74851
test,A5,20.54204,30.9596
test,A5,20.64204,30.499859
test,A5,20.801,30.424467
test,A5,20.939,30.613985
test,A5,21.003,30.464474
test,A5,21.051,29.720684
test,A5,21.14,29.671072
test,A5,21.26,30.12167
test,A5,21.343,30.194193
test,A5,21.356,30.463837
test,A5,21.373,30.802961
test,A5,21.424,31.463758
test,A5,21.418,31.30259
test,A5,21.413,31.32897
test,A5,21.429,32.442337
test,A5,21.442,31.645384
test,A5,21.421,30.423162
test,A5,21.386,30.41656
test,A5,21.398,30.718275
test,A5,21.442,30.546385
test,A5,21.514,31.004244
test,A5,21.621,30.663992
test,A5,21.679,30.160852
test,A5,21.733,30.557835
test,A5,21.689,30.8869
test,A5,21.526058,30.585814
test,A5,21.404058,31.040167
test,A5,21.132,30.70604
test,A5,20.855,30.575794
test,A5,21.27,30.407026
test,A5,21.7,30.49772
test,A5,21.548,30.323355
test,A5,21.409,31.24267
test,A5,21.368,31.478083
test,A5,21.388975,30.380236
test,A5,21.422976,30.980997
test,A5,21.407,30.979376
test,A5,21.38,30.467638
test,A5,21.399,30.575922
test,A5,21.404,31.027441
test,A5,21.45003,31.199163
test,A5,21.47003,31.029222
test,A5,21.392,30.709454
test,A5,21.408,31.630821
test,A5,21.433,31.785652
test,A5,21.373842,30.806993
test,A5,21.251842,31.297857
test,A5,21.299,31.028723
test,A5,21.459,31.29746
test,A5,21.472,31.721552
test,A5,21.455,31.177595
test,A5,21.441,31.025484
test,A5,21.488,31.141697
test,A5,21.596,31.502478
test,A5,21.653,31.52439
test,A5,21.605,31.55863
test,A5,21.515,31.627077
test,A5,21.475,30.853819
test,A5,21.464,30.420763
test,A5,21.411,30.23839
test,A5,21.381,30.607016
test,A5,21.419,30.788975
test,A5,21.497,30.801683
test,A5,21.598,31.286835
test,A5,21.641,31.389967
test,A5,21.596,31.27254
test,A5,21.55,31.287848
test,A5,21.493,30.963621
test,A5,21.421,31.217443
test,A5,21.416,31.26127
test,A5,21.47,30.871855
test,A5,21.512,31.157646
test,A5,21.518,31.616858
test,A5,21.507,31.730043
test,A5,21.48,31.301184
test,A5,21.419,31.378035
test,A5,21.422,32.041084
test,A5,21.43596,32.36852
test,A5,21.37196,32.085896
test,A5,21.341,32.13315
test,A5,21.35,31.965971
test,A5,21.372,32.504425
test,A5,21.375015,31.936401
test,A5,21.350016,31.747314
test,A5,21.325,32.652172
test,A5,21.303,33.363167
test,A5,21.298,32.982937
test,A5,21.315,31.947994
test,A5,21.34,32.30268
test,A5,21.362,32.993572
test,A5,21.366,32.032787
test,A5,21.353,31.998339
test,A5,21.362,31.87002
test,A5,21.341,32.217888
test,A5,21.305,32.609467
test,A5,21.315,32.435745
test,A5,21.367,32.25121
test,A5,21.42,32.3935
test,A5,21.443,32.15347
test,A5,21.447,31.941065
test,A5,21.41,31.602295
test,A5,21.395,31.968218
test,A5,21.417,32.730583
test,A5,21.424,32.554024
test,A5,21.422,32.326077
test,A5,21.427,31.689522
test,A5,21.405,32.087727
test,A5,21.368,33.31837
test,A5,21.382975,33.28204
test,A5,21.387976,33.182266
test,A5,21.361,32.082386
test,A5,21.374,31.650677
test,A5,21.425,31.506197
test,A5,21.499,31.793955
test,A5,21.559,31.889547
test,A5,21.567,32.78551
test,A5,21.522,32.962013
test,A5,21.458,32.437748
test,A5,21.401,32.26105
test,A5,21.364,32.3268
test,A5,21.367,32.27305
test,A5,21.406,33.05662
test,A5,21.462,32.57129
test,A5,21.515,31.98413
test,A5,21.537,32.2144
test,A5,21.549,32.56694
test,A5,21.555,32.555954
test,A5,21.5,31.19327
test,A5,21.435,31.906973
test,A5,21.421,32.248985
test,A5,21.45002,31.583578
test,A5,21.46002,31.47003
test,A5,21.411,31.612886
test,A5,21.373,31.510078
test,A5,21.364996,31.818579
test,A5,21.370995,31.372444
test,A5,21.401,31.18474
test,A5,21.421,31.589907
test,A5,21.403,31.496065
test,A5,21.4,31.375383
test,A5,21.426975,31.210543
test,A5,21.45495,31.934189
test,A5,21.451965,31.856092
test,A5,21.43899,31.120222
test,A5,21.424,30.954914
test,A5,21.369,31.593195
test,A5,21.322,31.038473
test,A5,21.313,31.230453
test,A5,21.337,31.19217
test,A5,21.394,31.379501
test,A5,21.431,31.416836
test,A5,21.432,31.520271
test,A5,21.405,30.897335
test,A5,21.341034,31.88806
test,A5,21.327034,32.199326
test,A5,21.345,30.790827
test,A5,21.397,31.217121
test,A5,21.448,31.356718
test,A5,21.467,31.434118
test,A5,21.490059,30.339113
test,A5,21.462059,31.181368
test,A5,21.432,30.546286
test,A5,21.451,31.34401
test,A5,21.493,31.642899
test,A5,21.479,31.4924
test,A5,21.467,31.754036
test,A5,21.52201,31.13417
test,A5,21.53801,30.882383
test,A5,21.47,30.503052
test,A5,21.358,30.908865
test,A5,21.186,31.410116
test,A5,20.968,31.256752
test,A5,20.76593,31.0862
test,A5,20.585085,30.501421
test,A5,20.356243,30.993738
test,A5,20.127089,31.32799
test,A5,19.972,30.478554
test,A5,19.869,30.634111
test,A5,19.82,30.70268
test,A5,19.794,30.15552
test,A5,19.775,30.296877
test,A5,19.798029,29.992235
test,A5,19.812029,30.325682
test,A5,19.824,30.794748
test,A5,19.838,30.188536
test,A5,19.842,29.673262
test,A5,19.893,30.043776
test,A5,19.904,30.43374
test,A5,19.884,30.054823
test,A5,19.798,30.219877
test,A5,19.719,30.496588
test,A5,19.77,30.602186
test,A5,19.829,30.849236
test,A5,19.829,31.041927
test,A5,19.849,30.792223
test,A5,19.84315,30.08493
test,A5,19.731104,30.093668
test,A5,19.616955,30.179787
test,A5,19.485,30.379335
test,A5,19.211,29.943064
test,A5,19.053,28.734146
test,A5,18.903,29.567175
test,A5,18.631,30.088543
test,A5,18.524,29.1713
test,A5,18.471,30.32899
test,A5,18.417,29.395208
test,A5,18.327,28.50406
test,A5,18.26,29.320654
test,A5,18.317,29.872765
test,A5,18.53,30.135244
test,A5,18.777,29.628853
test,A5,18.707134,29.89298
test,A5,18.676134,28.939646
test,A5,18.855,29.397478
test,A5,18.934,30.437704
test,A5,19.01996,29.622057
test,A5,19.09296,29.727003
test,A5,19.267,29.805307
test,A5,19.462,29.613386
test,A5,19.656,30.477026
test,A5,20.057,30.249947
test,A5,20.282,29.59642
test,A5,20.267,28.959887
test,A5,20.256,28.561018
test,A5,20.265,28.129648
test,A5,20.285,28.99703
test,A5,20.292,29.804785
test,A5,20.325,29.499212
test,A5,20.348,29.902372
test,A5,20.367,29.744379
test,A5,20.395,30.101347
test,A5,20.403,29.273306
test,A5,20.452,29.059626
test,A5,20.529005,29.96945
test,A5,20.558004,30.134222
test,A5,20.525,30.42716
test,A5,20.502,30.250471
test,A5,20.479,30.465
test,A5,20.433,30.626188
test,A5,20.416,28.271917
test,A5,20.341,30.416407
test,A5,20.144,30.645126
test,A5,19.97,29.819431
test,A5,19.931,30.383009
test,A5,19.924,30.438974
test,A5,19.868,31.768736
test,A5,19.798,31.377512
test,A5,19.683,29.826231
test,A5,19.57,30.172873
test,A5,19.554,31.281424
test,A5,19.550905,30.029888
test,A5,19.489906,28.850243
test,A5,19.585,29.598967
test,A5,19.731,29.618998
test,A5,19.76,29.090313
test,A5,19.774,29.632965
test,A5,19.759,29.674536
test,A5,19.837,29.843336
test,A5,20.059,29.073444
test,A5,20.29903,28.576189
test,A5,20.39703,29.215643
test,A5,20.421,29.585783
test,A5,20.504,29.742228
test,A5,20.58,29.803308
test,A5,20.56,29.503685
test,A5,20.456,29.44105
test,A5,20.33805,29.164692
test,A5,20.26205,29.855276
test,A5,20.346,29.495821
test,A5,20.513,29.649317
test,A5,20.622,29.59767
test,A5,20.704,29.185043
test,A5,20.766,28.670645
test,A5,20.793,28.832422
test,A5,20.837,28.22143
test,A5,20.991,29.55871
test,A5,21.094,29.09312
test,A5,21.089,29.548544
test,A5,21.082,29.942158
test,A5,21.077,29.03838
test,A5,21.161,29.578838
test,A5,21.403,29.630787
test,A5,21.437,30.640305
test,A5,21.281,28.942839
test,A5,21.269,29.140911
test,A5,21.29,28.935846
test,A5,21.31697,30.242262
test,A5,21.34497,30.240982
test,A5,21.339,29.120216
test,A5,21.305,29.67435
test,A5,21.247,29.601858
test,A5,21.153,28.865412
test,A5,21.048,29.142286
test,A5,20.967,28.498472
test,A5,20.891,28.439749
test,A5,20.738,29.223616
test,A5,20.406,29.87269
test,A5,19.888,28.911423
test,A5,19.404816,27.897636
test,A5,19.071815,29.68241
test,A5,18.957932,29.062267
test,A5,19.072931,29.012682
test,A5,19.266,29.449553
test,A5,19.325,29.167622
test,A5,19.197,28.828714
test,A5,19.151,28.960238
test,A5,19.537,28.979296
test,A5,20.107,28.518682
test,A5,20.514,29.491018
test,A5,20.899,29.430323
test,A5,21.213,29.214682
test,A5,21.38197,28.753296
test,A5,21.455969,28.438074
test,A5,21.493,28.320658
test,A5,21.562,28.840563
test,A5,21.626,29.138048
test,A5,21.591055,28.400839
test,A5,21.482056,28.568674
test,A5,21.299,28.88415
test,A5,21.045,28.878227
test,A5,20.80591,29.033262
test,A5,20.60691,29.571733
test,A5,20.395,29.671099
test,A5,20.204,30.160702
test,A5,20.032845,29.85804
test,A5,19.807844,28.776024
test,A5,19.632,29.12541
test,A5,19.488,28.111563
test,A5,19.343,28.761744
test,A5,19.27,28.652266
test,A5,19.251,27.76541
test,A5,19.263,28.009943
test,A5,19.31395,28.254187
test,A5,19.41595,28.41371
test,A5,19.543,27.630901
test,A5,19.599213,27.036695
test,A5,19.491213,29.289518
test,A5,19.731,29.042627
test,A5,20.137,29.082735
test,A5,20.23,28.357203
test,A5,20.225,28.63266
test,A5,20.127,29.70589
test,A5,20.158,28.805315
test,A5,20.213,27.987434
test,A5,20.013,28.3024
test,A5,19.794,29.110895
test,A5,19.748,28.677576
test,A5,19.726,29.196722
test,A5,19.667,29.628054
test,A5,19.652,28.83458
test,A5,19.646,28.830055
test,A5,19.659,27.883345
test,A5,19.596,28.27654
test,A5,19.523,28.486017
test,A5,19.536,29.488775
test,A5,19.543,29.610498
test,A5,19.559,28.861452
test,A5,19.568,28.909508
test,A5,19.522,29.033253
test,A5,19.43,29.102982
test,A5,19.345,28.879301
test,A5,19.32,29.312128
test,A5,19.296,30.055622
test,A5,19.283014,29.836903
test,A5,19.280016,28.52273
test,A5,19.208,28.353537
test,A5,19.164,28.588749
test,A5,19.169,28.864132
test,A5,19.115,27.994059
test,A5,19.088,28.105204
test,A5,19.156,27.309269
test,A5,19.234,27.930586
test,A5,19.301,28.446898
test,A5,19.357,28.898691
test,A5,19.403,28.925596
test,A5,19.391,28.634478
test,A5,19.397,28.3571
test,A5,19.514,28.540316
test,A5,19.647,28.939863
test,A5,19.741,28.152073
test,A5,19.856,28.41331
test,A5,19.914,29.881779
test,A5,19.991,28.591494
test,A5,20.08,28.232706
test,A5,20.105,30.091566
test,A5,20.16,29.420902
test,A5,20.304,28.941597
test,A5,20.276955,28.940533
test,A5,20.071836,28.825735
test,A5,19.917881,29.681974
test,A5,19.832,29.15879
test,A5,19.847,27.088194
test,A5,19.902,28.568981
test,A5,20.046,29.443972
test,A5,20.229,28.399965
test,A5,20.421,28.933645
test,A5,20.577,29.237185
test,A5,20.622,29.539927
test,A5,20.608,28.69673
test,A5,20.591,27.80773
test,A5,20.547,27.910435
test,A5,20.516,28.83433
test,A5,20.519,28.966612
test,A5,20.521034,28.050394
test,A5,20.558035,27.965193
test,A5,20.619,28.453604
test,A5,20.686,28.092756
test,A5,20.858,28.218054
test,A5,21.082,28.936457
test,A5,21.22,28.584398
test,A5,21.272,28.726522
test,A5,21.327,28.942045
test,A5,21.351,28.485188
test,A5,21.339,28.89978
test,A5,21.368,29.004114
test,A5,21.444,28.555353
test,A5,21.524,28.51831
test,A5,21.443,28.234451
test,A5,21.385,28.328474
test,A5,21.416,27.756376
test,A5,21.401,28.976234
test,A5,21.494,28.665283
test,A5,21.487,28.136482
test,A5,21.277,28.101149
test,A5,21.124,27.654417
test,A5,21.141,27.837126
test,A5,21.235,29.047953
test,A5,21.265,29.572594
test,A5,21.215,30.224335
test,A5,21.182,29.590965
test,A5,21.234,28.111637
test,A5,21.312,28.435259
test,A5,21.164,28.733679
test,A5,20.816,27.605165
test,A5,20.693,27.991909
test,A5,20.977,27.33829
test,A5,21.268,27.876625
test,A5,21.256,28.180359
test,A5,21.146,27.582907
test,A5,21.103064,28.486788
test,A5,21.172064,28.362446
test,A5,21.245,28.173796
test,A5,21.259,27.624453
test,A5,21.194,28.820417
test,A5,20.981,29.288733
test,A5,20.766,28.815783
test,A5,20.669,28.043745
test,A5,20.546,28.567583
test,A5,20.37397,28.1502
test,A5,20.29997,28.340618
test,A5,20.231,28.165617
test,A5,20.091,27.703806
test,A5,19.966,27.880066
test,A5,19.852,27.124466
test,A5,19.864,26.040613
test,A5,19.845,25.947039
test,A5,19.664,26.398212
test,A5,19.434,28.076788
test,A5,19.129,27.967354
test,A5,19.002,26.529552
test,A5,19.166,26.235521
test,A5,19.217024,26.704393
test,A5,19.211025,26.872652
test,A5,19.475,26.918337
test,A5,19.847,26.506979
test,A5,20.084,26.492968
test,A5,20.225,26.017004
test,A5,20.351,27.133963
test,A5,20.47,26.92996
test,A5,20.507,27.209665
test,A5,20.43,27.842253
test,A5,20.531,26.997206
test,A5,20.7,26.217102
test,A5,20.719,27.189342
test,A5,20.714,27.38664
test,A5,20.711,26.498257
test,A5,20.715,27.110924
test,A5,20.719,28.843708
test,A5,20.748,28.84867
test,A5,20.827,28.54288
test,A5,20.936,27.79146
test,A5,20.932,29.106401
test,A5,20.847,28.59341
test,A5,20.586,27.18801
test,A5,20.423,27.465982
test,A5,20.559,27.254286
test,A5,20.558,27.262941
test,A5,20.453,27.239925
test,A5,20.319,27.618813
test,A5,20.424,27.541616
test,A5,20.612,27.233011
test,A5,20.609,26.839594
test,A5,20.73,26.717405
test,A5,20.71,27.39566
test,A5,20.543,28.39556
test,A5,20.51998,27.755102
test,A5,20.55998,27.110376
test,A5,20.66,27.553373
test,A5,20.767,28.270273
test,A5,20.895,27.893589
test,A5,20.973,27.89454
test,A5,21.015,27.530119
test,A5,21.224,27.506678
test,A5,21.189,28.822985
test,A5,20.913,28.957815
test,A5,20.983,28.797419
test,A5,21.08,28.828684
test,A5,20.792,28.506258
test,A5,20.49,28.077253
test,A5,20.353,28.809092
test,A5,20.28599,29.11484
test,A5,20.28399,29.885466
test,A5,20.248,29.466421
test,A5,20.178,29.312216
test,A5,20.071,29.08507
test,A5,19.98,28.610044
test,A5,19.910975,29.26077
test,A5,19.889925,29.043985
test,A5,19.96195,29.57295
test,A5,20.033,29.674067
test,A5,20.151,29.786604
test,A5,20.217,28.679993
test,A5,20.055,28.687223
test,A5,20.062,29.802437
test,A5,20.281,29.792341
test,A5,20.422,29.80975
test,A5,20.486,28.93597
test,A5,20.442,28.890287
test,A5,20.296,29.90581
test,A5,20.137,30.48483
test,A5,20.011,30.90235
test,A5,19.844,30.021006
test,A5,19.705,29.747972
test,A5,19.64,29.715971
test,A5,19.634,29.861359
test,A5,19.723,30.561825
test,A5,19.893,30.142084
test,A5,20.08,30.963747
test,A5,20.262,30.741308
test,A5,20.479,30.665731
test,A5,20.711,30.62261
test,A5,20.882,30.433834
test,A5,21.026,31.062017
test,A5,21.202,30.570936
test,A5,21.347,30.477098
test,A5,21.423,31.693968
test,A5,21.46,31.987669
test,A5,21.487,30.85113
test,A5,21.519,31.106302
test,A5,21.538,31.197758
test,A5,21.557024,32.577805
test,A5,21.585,32.297024
test,A5,21.572975,31.543161
test,A5,21.501,31.547745
test,A5,21.38,30.316751
test,A5,21.265034,30.717424
test,A5,21.186035,30.38954
test,A5,21.095,30.50385
test,A5,21.031,30.552557
test,A5,21.005,30.222057
test,A5,20.95401,30.244238
test,A5,20.91601,29.745745
test,A5,20.957,29.279047
test,A5,21.047,30.270586
test,A5,21.168,31.299458
test,A5,21.331,30.7006
test,A5,21.47,30.340689
test,A5,21.532019,30.876783
test,A5,21.53602,31.123753
test,A5,21.517,31.285221
test,A5,21.499025,30.869083
test,A5,21.466024,30.204985
test,A5,21.424,31.354704
test,A5,21.399,30.617239
test,A5,21.39,29.822378
test,A5,21.36002,30.396744
test,A5,21.31702,30.19684
test,A5,21.32,29.22964
test,A5,21.395,29.820494
test,A5,21.448,30.478167
test,A5,21.411,30.528774
test,A5,21.38,30.346584
test,A5,21.409,29.66405
test,A5,21.446,29.776243
test,A5,21.451,30.18648
test,A5,21.455,29.753302
test,A5,21.451,29.697786
test,A5,21.434,29.938284
test,A5,21.428,30.804356
test,A5,21.419004,30.743046
test,A5,21.420006,29.023825
test,A5,21.443,29.075968
test,A5,21.451,30.136583
test,A5,21.436,30.6387
test,A5,21.436,30.679497
test,A5,21.407,30.936281
test,A5,21.357,30.740282
test,A5,21.386,29.566319
test,A5,21.475044,29.844519
test,A5,21.487045,30.691515
test,A5,21.454,30.604475
test,A5,21.451015,30.497854
test,A5,21.455015,31.064907
test,A5,21.455,31.330502
test,A5,21.455,30.418093
test,A5,21.449,30.218246
test,A5,21.421,30.933973
test,A5,21.41,30.035402
test,A5,21.428,30.951063
test,A5,21.416,31.030329
test,A5,21.399,30.803625
test,A5,21.389,30.552778
test,A5,21.36,30.367405
test,A5,21.341,30.764174
test,A5,21.352,30.531858
test,A5,21.382,31.129684
test,A5,21.401,30.700348
test,A5,21.448,30.552626
test,A5,21.444,30.96712
test,A5,21.378,30.729855
test,A5,21.37,31.874117
test,A5,21.345911,31.998589
test,A5,21.243912,30.426058
test,A5,21.217,30.284826
test,A5,21.186,30.115414
test,A5,21.097,30.67946
test,A5,21.038,31.052488
test,A5,21.009,30.7699
test,A5,21.005,30.731958
test,A5,21.01,30.578247
test,A5,20.997,29.922949
test,A5,20.849,30.772558
test,A5,20.808,30.88914
test,A5,20.924,31.105045
test,A5,21.034,31.870962
test,A5,21.08,31.48407
test,A5,21.043,30.714834
test,A5,21.072,31.32276
test,A5,21.16,31.539482
test,A5,21.247,31.3572
test,A5,21.256,31.700218
test,A5,21.182,32.328644
test,A5,21.212,32.242043
test,A5,21.29405,31.892815
test,A5,21.26405,31.424932
test,A5,21.246,32.046864
test,A5,21.28,32.051975
test,A5,21.322,32.018616
test,A5,21.313,31.99022
test,A5,21.223,31.607439
test,A5,21.118,31.118313
test,A5,21.038,32.255943
test,A5,20.97,32.025883
test,A5,20.887,31.088163
test,A5,20.887005,31.969204
test,A5,20.924006,32.255295
test,A5,20.871,31.98022
test,A5,20.821,31.089808
test,A5,20.727,30.141201
test,A5,20.582,29.965178
test,A5,20.641,31.540829
test,A5,20.758,32.457253
test,A5,20.71799,33.021378
test,A5,20.68099,32.5794
test,A5,20.717,31.245363
test,A5,20.663,30.748
test,A5,20.557085,32.11937
test,A5,20.488085,31.785925
test,A5,20.527,31.68988
test,A5,20.647,32.090782
test,A5,20.702,32.09041
test,A5,20.736,32.655235
test,A5,20.762,32.21306
test,A5,20.761,32.33532
test,A5,20.713,32.203236
test,A5,20.65196,32.15497
test,A5,20.601961,32.77787
test,A5,20.627035,31.719477
test,A5,20.708035,31.570839
test,A5,20.776049,33.43647
test,A5,20.85405,32.86886
test,A5,20.915,32.412766
test,A5,20.933,32.74661
test,A5,20.912,32.47148
test,A5,20.845,32.223057
test,A5,20.778,32.815987
test,A5,20.758,32.555515
test,A5,20.82,32.82035
test,A5,20.963,33.241035
test,A5,21.068,32.643642
test,A5,21.143,32.505882
test,A5,21.262,32.924126
test,A5,21.388,32.664494
test,A5,21.461,32.66678
test,A5,21.46399,32.717834
test,A5,21.45799,32.687366
test,A5,21.443,32.80134
test,A5,21.409,32.555508
test,A5,21.385,32.563904
test,A5,21.395,33.38993
test,A5,21.438,33.84989
test,A5,21.441,33.081787
test,A5,21.4,32.597176
test,A5,21.378,31.945969
test,A5,21.364,32.954365
test,A5,21.335,33.416725
test,A5,21.307,33.31204
test,A5,21.269,33.07946
test,A5,21.25203,32.811127
test,A5,21.28802,32.113926
test,A5,21.32399,33.038467
test,A5,21.353941,33.267677
test,A5,21.41994,32.699577
test,A5,21.46,32.637985
test,A5,21.46,32.090027
test,A5,21.454,32.247894
test,A5,21.431,32.615425
test,A5,21.438,32.208084
test,A5,21.457,32.337605
test,A5,21.484,34.096527
test,A5,21.474,32.972076
test,A5,21.453,32.421547
test,A5,21.455,32.342163
test,A5,21.406,32.659782
test,A5,21.37603,32.66018
test,A5,21.41797,33.486588
test,A5,21.495941,32.444324
test,A5,21.517,33.30971
test,A5,21.517,32.755432
test,A5,21.567,32.455276
test,A5,21.56,33.276775
test,A5,21.486,33.23092
test,A5,21.416,33.09732
test,A5,21.346,33.549538
test,A5,21.273,33.918167
test,A5,21.186966,32.108814
test,A5,21.109976,32.604706
test,A5,21.071114,33.509533
test,A5,20.968103,33.726776
test,A5,20.863,33.452152
test,A5,20.881,33.434654
test,A5,20.91,32.966305
test,A5,20.947,32.701267
test,A5,21.02201,31.989317
test,A5,21.053009,32.812565
test,A5,21.064,33.143227
test,A5,21.063,32.412533
test,A5,21.089,33.580494
test,A5,21.154976,33.501762
test,A5,21.195974,32.474174
test,A5,21.201,32.71202
test,A5,21.213,32.63328
test,A5,21.251,33.440704
test,A5,21.299,33.5101
test,A5,21.387,33.0114
test,A5,21.326,32.84838
test,A5,21.203,33.66078
test,A5,21.178,33.597157
test,A5,21.193,33.335957
test,A5,21.193,33.02913
test,A5,21.143,32.80024
test,A5,21.139006,32.750393
test,A5,21.144005,33.516373
test,A5,21.079,33.687805
test,A5,20.971,33.514458
test,A5,20.872,33.01657
test,A5,20.873,32.793526
test,A5,20.909,32.986374
test,A5,20.844,33.077072
test,A5,20.863,32.422623
test,A5,20.95404,32.34675
test,A5,20.947065,32.77072
test,A5,20.958025,32.327
test,A5,21.082,32.090244
test,A5,21.22601,31.74959
test,A5,21.30101,31.731413
test,A5,21.357,32.80836
test,A5,21.417,32.039406
test,A5,21.47,31.495268
test,A5,21.498,31.722174
test,A5,21.53,31.233612
test,A5,21.525,30.506365
test,A5,21.506,30.999186
test,A5,21.48,31.428762
test,A5,21.331,31.162655
test,A5,21.224,30.951326
test,A5,21.269,30.95032
test,A5,21.296,30.713226
test,A5,21.262,30.603628
test,A5,21.273,31.100348
test,A5,21.289,30.547182
test,A5,21.324,30.56044
test,A5,21.416,31.056065
test,A5,21.482,30.598394
test,A5,21.491,29.549574
test,A5,21.51,29.133656
test,A5,21.562,30.411922
test,A5,21.509,29.804808
test,A5,21.419,30.261637
test,A5,21.384,30.355982
test,A5,21.334995,31.042603
test,A5,21.319975,30.72098
test,A5,21.34598,29.148127
test,A5,21.367,29.175953
test,A5,21.343,30.153006
test,A5,21.290985,29.477476
test,A5,21.282986,29.947205
test,A5,21.306068,29.863752
test,A5,21.257069,29.819767
test,A5,21.225,28.594303
test,A5,21.306,29.76436
test,A5,21.272,30.717533
test,A5,21.059,30.033897
test,A5,20.746866,29.991209
test,A5,20.404083,30.665487
test,A5,20.032217,30.869629
test,A5,19.602,30.795307
test,A5,19.257,29.486982
test,A5,19.122,28.41688
test,A5,19.135,28.859255
test,A5,19.281,28.198584
test,A5,19.558,28.464535
test,A5,20.077,27.838163
test,A5,20.748,28.811895
test,A5,21.079,29.619963
test,A5,20.993664,29.166948
test,A5,20.558662,28.761742
test,A5,20.017,26.928545
test,A5,19.59,26.440228
test,A5,19.388,29.112177
test,A5,19.074,29.276445
test,A5,18.857,29.420954
test,A5,19.108,28.6233
test,A5,19.445,28.066132
test,A5,19.913,28.256136
test,A5,20.543,29.163559
test,A5,21.06,30.502924
test,A5,21.244,29.196438
test,A5,21.263,28.738535
test,A5,21.28,28.54632
test,A5,21.301,29.09297
test,A5,21.302,29.16128
test,A5,21.296,30.613209
test,A5,21.329979,29.74909
test,A5,21.37798,29.63444
test,A5,21.411,29.824259
test,A5,21.411,30.048145
test,A5,21.394,29.384216
test,A5,21.388,29.519567
test,A5,21.381,30.12273
test,A5,21.389,31.390673
test,A5,21.421,31.464106
test,A5,21.489,30.900894
test,A5,21.492994,31.419592
test,A5,21.440994,31.091349
test,A5,21.422,30.489717
test,A5,21.417,32.066048
test,A5,21.455,32.29178
test,A5,21.512,31.612839
test,A5,21.584,31.654484
test,A5,21.582,31.270638
test,A5,21.495,31.650192
test,A5,21.432,32.56411
test,A5,21.419,32.48645
test,A5,21.40799,32.1346
test,A5,21.384954,32.48594
test,A5,21.419886,32.46394
test,A5,21.475922,32.062378
test,A5,21.453,32.528954
test,A5,21.417065,32.49252
test,A5,21.372065,32.74474
test,A5,21.328,33.1521
test,A5,21.379,33.723125
test,A5,21.46,32.95276
test,A5,21.478,33.879036
test,A5,21.471,33.69603
test,A5,21.478,33.09397
test,A5,21.499,33.334106
test,A5,21.546,34.32563
test,A5,21.588,34.16087
test,A5,21.577,33.509735
test,A5,21.565,32.892933
test,A5,21.56,32.839394
test,A5,21.551,33.27677
test,A5,21.60002,34.450386
test,A5,21.60602,33.77665
test,A5,21.508,33.16149
test,A5,21.32,32.91245
test,A5,21.249,34.432674
test,A5,21.297,34.78057
test,A5,21.365,34.87838
test,A5,21.458,34.297943
test,A5,21.507,34.172115
test,A5,21.485,34.038612
test,A5,21.454,34.851196
test,A5,21.498,34.79533
test,A5,21.549093,35.08786
test,A5,21.681093,34.667656
test,A5,21.965881,33.781513
test,A5,22.302881,34.029457
test,A5,22.783802,33.831707
test,A5,23.273802,34.64942
test,A5,23.506,35.963264
test,A5,23.578,35.04857
test,A5,23.624956,34.31839
test,A5,23.695955,36.01457
test,A5,23.742,36.408493
test,A5,23.746,35.581863
test,A5,23.723,35.593773
test,A5,23.681,35.5659
test,A5,23.61,36.045067
test,A5,23.544,35.97194
test,A5,23.524,34.954567
test,A5,23.543,35.225246
test,A5,23.548,34.78047
test,A5,23.533,35.01099
test,A5,23.616,34.95819
test,A5,23.746,35.633484
test,A5,23.754,35.64285
test,A5,23.689035,34.25435
test,A5,23.687035,35.08965
test,A5,23.691,34.55468
test,A5,23.685,35.24682
test,A5,23.72596,35.35017
test,A5,23.71796,34.155388
test,A5,23.669,34.890724
test,A5,23.675,35.543297
test,A5,23.707,34.622623
test,A5,23.652,35.002975
test,A5,23.562946,35.31871
test,A5,23.587946,33.80001
test,A5,23.632,32.99738
test,A5,23.606,34.015656
test,A5,23.64,34.024593
test,A5,23.673,34.34793
test,A5,23.653,34.59915
test,A5,23.714,33.936157
test,A5,23.835,34.332314
test,A5,23.833971,34.361023
test,A5,23.73697,33.38874
test,A5,23.679,33.57596
test,A5,23.655,33.788227
test,A5,23.664,33.94323
test,A5,23.7,34.45751
test,A5,23.676,34.074287
test,A5,23.55,34.200233
test,A5,23.404,33.449368
test,A5,23.278,32.722076
test,A5,23.166,33.70728
test,A5,23.04407,34.550377
test,A5,22.90807,34.357132
test,A5,22.746,33.067627
test,A5,22.581,33.326378
test,A5,22.436,33.258987
test,A5,22.295,32.987495
test,A5,22.181,33.235832
test,A5,22.115,32.504654
test,A5,22.065,33.4539
test,A5,22.02,33.126034
test,A5,22.012,32.261253
test,A5,22.072,32.118256
test,A5,22.135,33.30127
test,A5,22.222,33.7583
test,A5,22.345,32.93767
test,A5,22.431,32.22286
test,A5,22.551,31.67457
test,A5,22.644,32.115257
test,A5,22.82,32.651447
test,A5,23.09196,31.757133
test,A5,23.22396,31.448833
test,A5,23.249,32.608856
test,A5,23.298,32.480152
test,A5,23.372,31.460962
test,A5,23.485,32.218475
test,A5,23.598,32.708176
test,A5,23.645,32.513786
test,A5,23.62281,32.58136
test,A5,23.63381,33.17716
test,A5,23.699,32.76755
test,A5,23.643,32.662796
test,A5,23.591,32.826046
test,A5,23.579,33.119827
test,A5,23.605,33.15835
test,A5,23.629,32.297146
test,A5,23.545,31.636328
test,A5,23.448,32.715675
test,A5,23.354,32.63252
test,A5,23.218,32.170105
test,A5,23.048,32.644806
test,A5,22.83,33.1028
test,A5,22.581,33.310936
test,A5,22.324,33.237854
test,A5,22.023901,32.798367
test,A5,21.758902,32.64582
test,A5,21.573,33.16306
test,A5,21.456,33.19636
test,A5,21.165,33.766685
test,A5,20.356,33.034973
test,A5,20.031,32.42288
test,A5,20.542,32.4706
test,A5,20.796,33.04033
test,A5,20.755,33.248943
test,A5,20.83,32.99492
test,A5,20.881,33.12999
test,A5,20.84796,32.44992
test,A5,20.85202,32.48462
test,A5,20.85306,32.188576
test,A5,21.03,31.994398
test,A5,21.228,32.80456
test,A5,21.34,32.578354
test,A5,21.534,32.201775
test,A5,21.692,32.04993
test,A5,21.803,32.164436
test,A5,21.92989,32.099712
test,A5,22.10489,32.197617
test,A5,22.277,32.761475
test,A5,22.424,32.379795
test,A5,22.52,32.47992
test,A5,22.551,32.040035
test,A5,22.351,31.579683
test,A5,22.429,31.842913
test,A5,22.838,31.968868
test,A5,22.97,32.32157
test,A5,22.957,32.28124
test,A5,22.91,32.459663
test,A5,22.93,32.23434
test,A5,22.893,32.56031
test,A5,22.716,32.76233
test,A5,22.579,32.55652
test,A5,22.464,32.823956
test,A5,22.309,32.753124
test,A5,22.146,32.60771
test,A5,21.966,33.608227
test,A5,21.855,33.721336
test,A5,21.755,32.910114
test,A5,21.556137,33.573055
test,A5,21.382137,32.817665
test,A5,21.274,32.934628
test,A5,21.097,32.797035
test,A5,20.96,32.411938
test,A5,20.953,32.782005
test,A5,21.027,32.159565
test,A5,21.12398,32.32373
test,A5,21.17498,32.645515
test,A5,21.245,32.32598
test,A5,21.295,32.05853
test,A5,21.34,32.672417
test,A5,21.359,32.430153
test,A5,21.357,32.34995
test,A5,21.36797,32.195786
test,A5,21.37391,32.228027
test,A5,21.349941,32.537445
test,A5,21.359,32.006042
test,A5,21.409,32.13224
test,A5,21.496,32.764046
test,A5,21.627,32.186943
test,A5,21.645,31.79033
test,A5,21.6219,32.66407
test,A5,21.7159,32.400833
test,A5,21.825,32.18987
test,A5,21.866,32.487034
test,A5,21.983,32.34684
test,A5,22.125,32.323357
test,A5,22.166,32.113354
test,A5,22.19,32.700363
test,A5,22.288,32.38041
test,A5,22.371,32.563995
test,A5,22.421,32.592236
test,A5,22.44,32.286713
test,A5,22.41,32.59978
test,A5,22.354,32.44821
test,A5,22.256,33.127846
test,A5,22.081,32.97631
test,A5,21.904,32.00736
test,A5,21.81,31.734125
test,A5,21.764,31.81153
test,A5,21.745,31.458488
test,A5,21.793,31.934204
test,A5,21.915,31.69604
test,A5,21.944,32.46762
test,A5,21.889034,33.124035
test,A5,21.855034,32.41256
test,A5,21.907,32.4423
test,A5,21.952,32.91469
test,A5,21.93419,32.025185
test,A5,21.905205,32.186825
test,A5,21.890985,32.40599
test,A5,21.93897,32.11895
test,A5,22.064,32.27295
test,A5,22.197,32.525818
test,A5,22.294,31.73643
test,A5,22.404,32.162796
test,A5,22.368,32.558556
test,A5,22.348,32.725563
test,A5,22.474,32.38959
test,A5,22.531,32.287376
test,A5,22.536,33.323235
test,A5,22.521,32.041767
test,A5,22.399,31.919735
test,A5,22.214,32.159405
test,A5,22.237,31.988949
test,A5,22.337,31.567022
test,A5,22.294,31.453625
test,A5,22.257,32.606472
test,A5,22.288,32.904392
test,A5,22.291,32.44634
test,A5,22.251,32.274605
test,A5,22.229,31.5845
test,A5,22.204,32.573235
test,A5,22.208,32.390972
test,A5,22.247,31.733568
test,A5,22.287,31.4658
test,A5,22.346,32.126385
test,A5,22.385,32.16254
test,A5,22.328,32.41455
test,A5,22.132,32.49148
test,A5,21.928,32.04874
test,A5,21.873,32.013725
test,A5,21.824,32.16839
test,A5,21.716,33.992813
test,A5,21.587,34.59099
test,A5,21.436995,32.66085
test,A5,21.344995,30.576582
test,A5,21.253,31.162123
test,A5,21.211,32.292187
test,A5,21.245,32.257107
test,A5,21.301,31.895496
test,A5,21.373,31.749918
test,A5,21.430885,31.142519
test,A5,21.559885,31.807913
test,A5,21.721,32.006775
test,A5,21.998,32.46571
test,A5,22.108,32.06036
test,A5,22.012945,31.914946
test,A5,21.984945,31.767672
test,A5,21.977,31.709358
test,A5,21.877,31.29719
test,A5,21.585,31.414988
test,A5,21.579,31.58467
test,A5,21.92,30.966335
test,A5,22.086,31.606094
test,A5,22.008,31.81796
test,A5,21.915014,31.339487
test,A5,21.886015,31.371632
test,A5,21.831,31.226475
test,A5,21.74,31.394337
test,A5,21.654,31.854574
test,A5,21.529,31.5797
test,A5,21.443,32.671257
test,A5,21.438,33.19225
test,A5,21.432,32.282494
test,A5,21.34,32.231506
test,A5,21.267,31.93675
test,A5,21.296,32.343315
test,A5,21.309,31.53944
test,A5,21.371,31.431438
test,A5,21.486,32.51844
test,A5,21.554,31.973995
test,A5,21.668,31.430096
test,A5,21.739,31.561258
test,A5,21.73802,31.984018
test,A5,21.746021,32.185043
test,A5,21.733,31.831907
test,A5,21.76,31.954939
test,A5,21.849,32.212788
test,A5,21.974049,32.82541
test,A5,22.01605,32.50835
test,A5,22.078,31.032227
test,A5,22.262,31.616901
test,A5,22.417,31.102907
test,A5,22.533,30.201746
test,A5,22.582867,30.226728
test,A5,22.702866,30.880655
test,A5,22.937,30.822618
test,A5,23.143,31.395857
test,A5,23.317,31.465794
test,A5,23.424,30.806421
test,A5,23.523,31.123102
test,A5,23.64,32.15717
test,A5,23.737,32.38858
test,A5,23.706,31.939037
test,A5,23.633,31.433104
test,A5,23.648,31.44742
test,A5,23.66201,33.280327
test,A5,23.692009,34.65685
test,A5,23.756857,32.81774
test,A5,23.583858,32.528805
test,A5,23.246,31.98679
test,A5,23.04,31.76953
test,A5,22.888,30.866796
test,A5,22.756,31.236046
test,A5,22.764,31.754444
test,A5,22.841,31.441723
test,A5,22.748,31.551659
test,A5,22.642,31.802528
test,A5,22.463,31.86466
test,A5,22.356,31.406616
test,A5,22.319,31.6303
test,A5,22.146946,31.327904
test,A5,22.102945,32.102707
test,A5,22.032,32.06231
test,A5,21.944,32.326603
test,A5,21.975,32.22579
test,A5,22.041,32.06356
test,A5,22.079,31.454
test,A5,22.171,32.443844
test,A5,22.317,32.473984
test,A5,22.329094,31.58494
test,A5,22.360113,31.417976
test,A5,22.42302,31.800203
test,A5,22.434,31.132566
test,A5,22.429,31.125257
test,A5,22.424,31.53944
test,A5,22.412,32.30155
test,A5,22.381,32.133305
test,A5,22.398,31.408602
test,A5,22.472,31.605288
test,A5,22.56801,31.655281
test,A5,22.59901,31.859808
test,A5,22.588,32.316536
test,A5,22.548,33.417114
test,A5,22.51,32.45274
test,A5,22.541,31.397146
test,A5,22.488,33.35403
test,A5,22.422,33.71805
test,A5,22.441,32.323624
test,A5,22.465,31.412922
test,A5,22.377861,31.926004
test,A5,22.369902,32.036453
test,A5,22.464039,31.278067
test,A5,22.499,31.040129
test,A5,22.365,31.490389
test,A5,22.146,31.663473
test,A5,22.056,31.709421
test,A5,22.003,31.677286
test,A5,22.031,31.735811
test,A5,22.076,31.380997
test,A5,21.996,31.863853
test,A5,22.00198,32.35815
test,A5,22.08799,31.67522
test,A5,22.07101,30.595512
test,A5,22.029,31.100784
test,A5,22.028,31.250181
test,A5,22.149,31.720423
test,A5,22.283,31.917746
test,A5,22.334,31.699173
test,A5,22.267,31.416365
test,A5,22.367,32.766064
test,A5,22.464,32.39722
test,A5,22.321,31.564386
test,A5,22.22792,31.503605
test,A5,22.155981,31.797333
test,A5,22.160019,31.931993
test,A5,22.25196,31.37544
test,A5,22.343193,30.72709
test,A5,22.574291,31.670158
test,A5,22.858099,30.838615
test,A5,23.055,30.937742
test,A5,23.071,31.27659
test,A5,23.086,31.29343
test,A5,23.229,31.494263
test,A5,23.30802,31.622288
test,A5,23.32702,31.324827
test,A5,23.399,31.97173
test,A5,23.609,31.520184
test,A5,23.727,30.888052
test,A5,23.654,30.93055
test,A5,23.664,31.495523
test,A5,23.698,31.904886
test,A5,23.6119,32.279686
test,A5,23.6329,31.45014
test,A5,23.69,31.04961
test,A5,23.716,30.628073
test,A5,23.739,31.587038
test,A5,23.734358,31.998024
test,A5,23.735876,32.03285
test,A5,23.721518,32.107513
test,A5,23.499773,31.774256
test,A5,23.026207,31.694355
test,A5,23.100183,32.110374
test,A5,23.55612,31.884771
test,A5,23.597391,31.921103
test,A5,23.550041,31.605654
test,A5,23.613758,31.465685
test,A5,23.626253,31.359306
test,A5,23.607515,31.268133
test,A5,23.497524,31.602156
test,A5,23.338776,31.568367
test,A5,23.2225,31.657951
test,A5,23.1375,31.556116
test,A5,23.06127,32.010395
test,A5,22.97,32.11818
test,A5,22.892494,31.743124
test,A5,22.818766,31.832737
test,A5,22.74875,31.771914
test,A5,22.723778,31.473639
test,A5,22.686277,31.905958
test,A5,22.60997,32.016018
test,A5,22.527454,32.06076
test,A5,22.459986,31.652988
test,A5,22.448713,31.433958
test,A5,22.429962,31.85855
test,A5,22.52625,31.221762
test,A5,22.72625,31.243471
test,A5,22.90377,31.190525
test,A5,23.03755,30.33898
test,A5,23.07996,30.82184
test,A5,23.082531,31.36303
test,A5,23.236376,31.045553
test,A5,23.423775,31.464087
test,A5,23.49125,31.511625
test,A5,23.541145,31.187408
test,A5,23.607395,31.586954
test,A5,23.705091,31.785177
test,A5,23.847517,31.530994
test,A5,23.832426,31.229069
test,A5,23.7125,31.798143
test,A5,23.688763,31.642056
test,A5,23.683746,31.203955
test,A5,23.686262,31.67205
test,A5,23.708778,31.443285
test,A5,23.716263,31.199196
test,A5,23.71001,31.440754
test,A5,23.717497,31.505102
test,A5,23.690002,31.55913
test,A5,23.662476,31.231234
test,A5,23.604973,31.259003
test,A5,23.54375,31.503517
test,A5,23.56125,31.766623
test,A5,23.63625,31.427084
test,A5,23.63125,31.279434
test,A5,23.490017,31.08742
test,A5,23.426271,30.666842
test,A5,23.475029,31.431623
test,A5,23.53002,31.750164
test,A5,23.566244,31.444622
test,A5,23.58373,31.220053
test,A5,23.58501,31.390917
test,A5,23.61628,31.599873
test,A5,23.647463,31.5381
test,A5,23.587484,31.0308
test,A5,23.567505,30.841429
test,A5,23.567486,31.062468
test,A5,23.546253,30.684313
test,A5,23.533718,31.098743
test,A5,23.482468,31.307245
test,A5,23.511295,31.40594
test,A5,23.62501,31.728807
test,A5,23.594965,31.29355
test,A5,23.448814,30.916075
test,A5,23.461435,31.147894
test,A5,23.61512,31.264673
test,A5,23.6575,31.768288
test,A5,23.6925,32.36517
test,A5,23.82125,31.729616
test,A5,23.805,31.302114
test,A5,23.751255,30.913256
test,A5,23.762495,31.588236
test,A5,23.696163,31.762354
test,A5,23.551174,31.272635
test,A5,23.52375,31.32704
test,A5,23.56878,31.263247
test,A5,23.59128,31.891901
test,A5,23.623755,31.385292
test,A5,23.608755,30.61884
test,A5,23.577534,30.731524
test,A5,23.595034,30.995018
test,A5,23.576166,32.515175
test,A5,23.348284,33.42812
test,A5,22.90837,31.269352
test,A5,22.41112,30.271715
test,A5,21.943619,29.00276
test,A5,21.5475,29.446955
test,A5,21.36625,30.484781
test,A5,21.451334,30.45603
test,A5,21.808834,29.232956
test,A5,22.46125,29.277872
test,A5,23.0475,29.691282
test,A5,23.2325,30.591606
test,A5,23.3175,30.844934
test,A5,23.45743,30.887194
test,A5,23.437384,30.113768
test,A5,23.42496,30.53657
test,A5,23.503757,30.470404
test,A5,23.536293,30.824186
test,A5,23.615526,30.244265
test,A5,23.644236,29.991379
test,A5,23.62,30.125309
test,A5,23.63624,30.45453
test,A5,23.64499,30.557028
test,A5,23.66875,30.681671
test,A5,23.691256,31.28004
test,A5,23.670034,30.609137
test,A5,23.62752,29.950842
test,A5,23.59249,30.537302
test,A5,23.611258,30.837545
test,A5,23.645008,31.886143
test,A5,23.628725,31.108866
test,A5,23.571232,29.868258
test,A5,23.56003,30.00862
test,A5,23.611261,30.463232
test,A5,23.622484,30.989218
test,A5,23.603758,30.428345
test,A5,23.623762,30.275606
test,A5,23.649996,30.579737
test,A5,23.650005,30.234867
test,A5,23.65876,29.636448
test,A5,23.688745,30.255274
test,A5,23.70501,29.992188
test,A5,23.727514,30.465849
test,A5,23.7375,30.470911
test,A5,23.68875,31.014181
test,A5,23.65625,30.493544
test,A5,23.66501,30.480886
test,A5,23.683758,30.066427
test,A5,23.682474,29.400969
test,A5,23.632477,29.629658
test,A5,23.59375,29.200212
test,A5,23.577475,28.794558
test,A5,23.53499,29.36687
test,A5,23.536264,28.669474
test,A5,23.58874,29.027876
test,A5,23.611273,29.722744
test,A5,23.647533,28.989157
test,A5,23.64625,28.293398
test,A5,23.628757,28.627108
test,A5,23.651272,28.962149
test,A5,23.628765,29.261105
test,A5,23.61625,28.29933
test,A5,23.74625,28.177366
test,A5,24.028835,28.20333
test,A5,24.365086,28.315825
test,A5,24.69875,27.729502
test,A5,25.0125,27.926695
test,A5,25.32,28.379742
test,A5,25.592527,28.544538
test,A5,25.743778,28.98621
test,A5,25.77,28.156122
test,A5,25.79504,28.239382
test,A5,25.89129,27.822428
test,A5,25.955,27.340506
test,A5,25.96125,26.814247
test,A5,25.965,27.952818
test,A5,25.915035,28.568184
test,A5,25.918787,27.542448
test,A5,25.967503,27.868834
test,A5,25.94627,28.010664
test,A5,25.96002,28.366964
test,A5,25.98375,28.622034
test,A5,25.95875,28.596987
test,A5,25.941252,28.452005
test,A5,25.943748,28.433817
test,A5,25.921213,27.84517
test,A5,25.833687,28.738049
test,A5,25.71372,29.500525
test,A5,25.627508,28.783773
test,A5,25.597507,28.070362
test,A5,25.545,28.78113
test,A5,25.41625,28.849798
test,A5,25.266222,28.141401
test,A5,25.123722,28.219439
test,A5,24.98252,28.131788
test,A5,24.91252,29.671064
test,A5,24.83125,29.362162
test,A5,24.741245,28.611048
test,A5,24.722485,28.667992
test,A5,24.687475,28.894278
test,A5,24.639986,28.690477
test,A5,24.60249,30.247047
test,A5,24.57374,29.569529
test,A5,24.55125,29.301538
test,A5,24.5275,29.076853
test,A5,24.46497,28.693243
test,A5,24.382471,29.636671
test,A5,24.376268,29.692368
test,A5,24.421268,29.969334
test,A5,24.400005,28.993134
test,A5,24.373755,28.575853
test,A5,24.38625,29.266657
test,A5,24.39,29.669641
test,A5,24.38625,29.661764
test,A5,24.36875,30.184134
test,A5,24.35375,29.890131
test,A5,24.37875,29.186934
test,A5,24.42875,29.964514
test,A5,24.4625,29.379614
test,A5,24.511063,29.668633
test,A5,24.602283,30.321531
test,A5,24.628704,30.407108
test,A5,24.58372,30.302496
test,A5,24.54499,30.716997
test,A5,24.526243,30.334578
test,A5,24.510242,30.396173
test,A5,24.502254,30.437056
test,A5,24.509487,30.809736
test,A5,24.493748,29.928957
test,A5,24.50126,30.984257
test,A5,24.52875,31.430967
test,A5,24.496252,30.682722
test,A5,24.443752,30.168085
test,A5,24.39375,30.56936
test,A5,24.350044,30.183725
test,A5,24.390045,30.47326
test,A5,24.47625,30.088625
test,A5,24.515015,29.81397
test,A5,24.55634,30.708046
test,A5,24.646324,31.705698
test,A5,24.6735,30.934813
test,A5,24.754717,30.772581
test,A5,24.813717,31.85816
test,A5,24.79002,31.246397
test,A5,24.75627,31.146776
test,A5,24.5175,31.21752
test,A5,24.4075,31.618364
test,A5,24.540047,31.516739
test,A5,24.660065,30.633038
test,A5,24.721317,30.60087
test,A5,24.826363,32.49537
test,A5,24.960064,32.93325
test,A5,24.76125,32.518547
test,A5,24.42625,32.03686
test,A5,24.27493,30.868889
test,A5,24.354956,31.120642
test,A5,24.528778,31.382036
test,A5,24.613758,32.31611
test,A5,24.668756,31.586998
test,A5,24.708727,31.15697
test,A5,24.679977,32.261547
test,A5,24.605028,32.41207
test,A5,24.598738,31.929747
test,A5,24.559961,31.843895
test,A5,24.513777,32.090416
test,A5,24.555,32.656902
test,A5,24.521181,32.36071
test,A5,24.42,32.01513
test,A5,24.438791,32.608963
test,A5,24.49875,33.183136
test,A5,24.521238,32.211445
test,A5,24.568768,32.089653
test,A5,24.62753,32.56564
test,A5,24.604828,32.523556
test,A5,24.34994,32.462215
test,A5,24.332611,32.388004
test,A5,24.565,32.584763
test,A5,24.62253,32.441772
test,A5,24.68878,33.430134
test,A5,24.76125,32.463066
test,A5,24.67375,32.5279
test,A5,24.525017,33.164528
test,A5,24.52005,32.858456
test,A5,24.618782,33.442726
test,A5,24.698753,33.313206
test,A5,24.728752,33.50737
test,A5,24.73,33.32467
test,A5,24.679985,32.617264
test,A5,24.636282,32.75107
test,A5,24.728798,32.52212
test,A5,24.865,33.69674
test,A5,24.8225,33.968582
test,A5,24.6175,33.50128
test,A5,24.536263,33.140934
test,A5,24.583763,33.421043
test,A5,24.54745,34.52654
test,A5,24.4837,33.16027
test,A5,24.635,32.85537
test,A5,24.75375,33.288536
test,A5,24.599924,33.917156
test,A5,24.414925,34.04049
test,A5,24.42749,33.84765
test,A5,24.513758,33.880577
test,A5,24.543768,33.991005
test,A5,24.61501,34.13264
test,A5,24.67503,34.01937
test,A5,24.75006,33.76115
test,A5,24.84754,33.678223
test,A5,24.835045,34.217987
test,A5,24.676231,34.49554
test,A5,24.493687,33.665405
test,A5,24.44,32.55783
test,A5,24.47875,33.521088
test,A5,24.502478,34.54344
test,A5,24.486233,33.594383
test,A5,24.473778,33.934425
test,A5,24.528759,34.02381
test,A5,24.544985,33.171482
test,A5,24.466297,33.24796
test,A5,24.47263,32.927567
test,A5,24.518831,33.374626
test,A5,24.49,33.90016
test,A5,24.45875,33.439247
test,A5,24.45,33.443153
test,A5,24.4225,33.815594
test,A5,24.39627,34.708282
test,A5,24.43252,34.13184
test,A5,24.426226,33.696075
test,A5,24.380224,33.386864
test,A5,24.3715,33.443203
test,A5,24.38375,33.092396
test,A5,24.397497,33.3304
test,A5,24.401257,33.71717
test,A5,24.390009,32.922356
test,A5,24.4025,32.535145
test,A5,24.44499,33.22107
test,A5,24.453737,32.68314
test,A5,24.428747,33.054665
test,A5,24.415,33.37677
test,A5,24.43375,31.13326
test,A5,24.44125,30.364605
test,A5,24.43375,32.431664
test,A5,24.45629,33.918713
test,A5,24.49629,33.15676
test,A5,24.51125,33.3405
test,A5,24.49,33.008312
test,A5,24.46625,32.22262
test,A5,24.502502,31.255234
test,A5,24.56502,29.77139
test,A5,24.602518,28.896742
test,A5,24.6175,28.680408
test,A5,24.58374,28.406523
test,A5,24.538727,29.09372
test,A5,24.507738,28.832466
test,A5,24.556515,27.820036
test,A5,24.652515,27.50391
test,A5,24.719969,28.66641
test,A5,24.713737,31.718786
test,A5,24.698757,31.568964
test,A5,24.71249,32.96516
test,A5,24.721237,34.339134
test,A5,24.70997,33.85972
test,A5,24.633686,34.220673
test,A5,24.506182,34.45456
test,A5,24.412477,33.927574
test,A5,24.46125,33.642315
test,A5,24.548752,31.413452
test,A5,24.592503,29.924124
test,A5,24.658754,29.110508
test,A5,24.725004,28.488283
test,A5,24.81,27.860956
test,A5,24.814985,28.119104
test,A5,24.75002,28.177023
test,A5,24.781284,31.354507
test,A5,24.75875,33.777046
test,A5,24.663738,33.51077
test,A5,24.601223,34.398033
test,A5,24.553736,34.296127
test,A5,24.53175,34.312096
test,A5,24.49425,34.52395
test,A5,24.4265,33.709442
test,A5,24.4265,33.358162
test,A5,24.394997,33.084785
test,A5,24.328777,32.792942
test,A5,24.296268,32.940365
test,A5,24.236212,33.41327
test,A5,24.188725,33.860794
test,A5,24.3075,33.792145
test,A5,24.588886,33.20198
test,A5,24.540152,32.937187
test,A5,24.361252,33.138943
test,A5,24.365,33.579914
test,A5,24.371262,33.380253
test,A5,24.39875,33.184097
test,A5,24.44125,32.788002
test,A5,24.493757,32.733265
test,A5,24.501257,32.92742
test,A5,24.48383,32.923008
test,A5,24.45883,33.259956
test,A5,24.44501,32.895096
test,A5,24.468767,33.25515
test,A5,24.50502,33.001717
test,A5,24.542515,32.665367
test,A5,24.567503,33.09176
test,A5,24.575,33.052498
test,A5,24.5725,32.78798
test,A5,24.554983,32.780807
test,A5,24.516232,33.541008
test,A5,24.488747,33.507446
test,A5,24.486252,33.921284
test,A5,24.492504,33.671993
test,A5,24.50375,33.389263
test,A5,24.522507,32.94499
test,A5,24.601364,32.622356
test,A5,24.775106,33.300865
test,A5,24.73125,33.13733
test,A5,24.545002,33.288635
test,A5,24.512487,33.6008
test,A5,24.538734,32.726135
test,A5,24.67,32.09885
test,A5,24.71757,32.736893
test,A5,24.54004,33.097954
test,A5,24.39372,33.16417
test,A5,24.416265,33.20155
test,A5,24.446259,32.792576
test,A5,24.449993,33.430496
test,A5,24.52,34.673203
test,A5,24.623692,33.71002
test,A5,24.767527,32.008797
test,A5,25.062748,31.420557
test,A5,25.604101,32.22684
test,A5,26.30519,32.03379
test,A5,26.918724,32.117527
test,A5,27.064974,32.906616
test,A5,26.716125,34.600464
test,A5,26.218626,33.859108
test,A5,25.71,33.515076
test,A5,25.20375,33.801414
test,A5,24.75857,33.292534
test,A5,24.38982,32.32609
test,A5,24.08625,32.85524
test,A5,23.857483,32.488373
test,A5,23.726212,31.863342
test,A5,23.644949,32.215523
test,A5,23.57,32.003937
test,A5,23.588787,32.20095
test,A5,23.642494,31.939392
test,A5,23.641237,31.380312
test,A5,23.68252,32.163986
test,A5,23.772545,32.4859
test,A5,23.885025,32.560574
test,A5,24.00375,32.53911
test,A5,23.862589,32.586388
test,A5,23.50597,33.161217
test,A5,23.107273,32.404724
test,A5,22.643696,32.233276
test,A5,22.230984,32.446053
test,A5,21.91618,32.169952
test,A5,21.6775,32.69811
test,A5,21.5,32.515358
test,A5,21.36873,32.3973
test,A5,21.25998,32.281406
test,A5,21.141232,31.856815
test,A5,21.037464,32.0214
test,A5,20.973732,31.543024
test,A5,20.95625,31.736273
test,A5,21.035023,31.606571
test,A5,21.136272,31.620163
test,A5,21.173758,32.454533
test,A5,21.150007,32.530064
test,A5,20.993774,32.285164
test,A5,20.822515,32.076332
test,A5,20.757475,31.860878
test,A5,20.712484,32.002094
test,A5,20.661192,31.902098
test,A5,20.528622,31.95459
test,A5,20.35618,32.317852
test,A5,20.21875,32.16378
test,A5,20.07875,32.03147
test,A5,19.98125,31.752676
test,A5,19.9775,31.179914
test,A5,20.03012,31.932379
test,A5,20.15637,32.505013
test,A5,20.282522,31.750105
test,A5,20.347525,31.270369
test,A5,20.368717,31.56372
test,A5,20.316668,31.548336
test,A5,20.376738,31.905315
test,A5,20.481192,31.733475
test,A5,20.397503,31.881224
test,A5,20.467625,31.531904
test,A5,20.637527,31.061687
test,A5,20.5725,30.650404
test,A5,20.54375,31.061144
test,A5,20.53125,31.29221
test,A5,20.409952,30.954193
test,A5,20.362452,30.789831
test,A5,20.298931,31.34641
test,A5,20.497711,32.084297
test,A5,20.78751,31.989977
test,A5,20.74994,31.783129
test,A5,20.652485,32.30374
test,A5,20.661274,32.295113
test,A5,20.750048,32.08752
test,A5,20.701298,32.187172
test,A5,20.586243,32.646782
test,A5,20.551243,32.565536
test,A5,20.601208,31.636269
test,A5,20.677458,32.329674
test,A5,20.6112,33.18892
test,A5,20.588688,32.356514
test,A5,20.633738,32.03754
test,A5,20.598743,31.753124
test,A5,20.608763,31.192871
test,A5,20.671309,31.264719
test,A5,20.741148,31.530172
test,A5,20.672344,32.192398
test,A5,20.612516,31.901373
test,A5,20.71762,31.455812
test,A5,20.855095,31.862928
test,A5,20.932505,33.185936
test,A5,20.9625,32.95278
test,A5,21.051247,32.22972
test,A5,21.161247,32.096073
test,A5,21.3175,31.713636
test,A5,21.33499,31.599234
test,A5,21.203697,32.60839
test,A5,21.111193,33.026863
test,A5,21.068735,33.666214
test,A5,21.060007,33.084824
test,A5,21.067583,32.669487
test,A5,21.146296,32.33422
test,A5,21.174974,31.637665
test,A5,21.155005,33.20214
test,A5,21.13125,33.070446
test,A5,21.093729,32.04708
test,A5,21.048729,32.291832
test,A5,21.017492,32.9274
test,A5,21.009918,32.214077
test,A5,20.953674,32.57395
test,A5,20.93125,31.717278
test,A5,20.96374,32.687935
test,A5,20.96001,33.145805
test,A5,20.96502,32.820747
test,A5,20.98,34.117733
test,A5,20.977495,33.226456
test,A5,20.957495,32.509148
test,A5,20.8975,32.39686
test,A5,20.823763,33.75045
test,A5,20.795012,32.166832
test,A5,20.76,32.40046
test,A5,20.755,33.700367
test,A5,20.805,32.81878
test,A5,20.88,32.59011
test,A5,20.899963,32.382835
test,A5,20.79995,32.57277
test,A5,20.732515,32.425724
test,A5,20.763767,32.143353
test,A5,20.77999,32.539955
test,A5,20.7775,33.1418
test,A5,20.911287,33.38144
test,A5,21.08504,32.427223
test,A5,21.163752,32.218285
test,A5,21.20989,32.85398
test,A5,21.12864,34.217712
test,A5,20.962523,34.330868
test,A5,20.937525,33.336105
test,A5,20.976252,33.19673
test,A5,20.965,32.030617
test,A5,20.912516,32.160866
test,A5,20.886242,32.353256
test,A5,20.871243,32.41335
test,A5,20.870016,32.35385
test,A5,20.88625,32.73618
test,A5,20.835,32.81345
test,A5,20.807493,33.293396
test,A5,20.817492,33.13161
test,A5,20.817472,32.630337
test,A5,20.776222,32.309155
test,A5,20.707485,32.749542
test,A5,20.659985,33.09732
test,A5,20.626247,32.59115
test,A5,20.607485,31.942606
test,A5,20.583748,32.580215
test,A5,20.57376,33.326263
test,A5,20.54875,32.27215
test,A5,20.527485,32.990204
test,A5,20.503735,32.951237
test,A5,20.433725,32.464928
test,A5,20.381226,33.243332
test,A5,20.445,32.03367
test,A5,20.543755,32.437675
test,A5,20.592505,32.449406
test,A5,20.696281,31.63023
test,A5,20.826283,32.839798
test,A5,20.93,32.529686
test,A5,21.06496,30.654669
test,A5,21.10499,31.3559
test,A5,21.10253,32.671963
test,A5,21.15005,32.474297
test,A5,21.19255,31.936943
test,A5,21.225,32.515522
test,A5,21.202496,32.70038
test,A5,21.14994,32.37828
test,A5,21.041212,31.972284
test,A5,21.000017,31.647385
test,A5,21.067566,31.740345
test,A5,21.143814,32.68195
test,A5,21.151228,32.217316
test,A5,21.081223,32.676147
test,A5,21.044994,32.01761
test,A5,21.078773,31.804953
test,A5,21.150023,32.085403
test,A5,21.196245,32.249355
test,A5,21.215065,32.60706
test,A5,21.27382,32.71901
test,A5,21.30375,32.90831
test,A5,21.27375,32.413765
test,A5,21.31125,32.271324
test,A5,21.41375,32.340614
test,A5,21.492498,31.945286
test,A5,21.536247,31.899317
test,A5,21.596146,31.544163
test,A5,21.578646,32.479942
test,A5,21.573774,32.461834
test,A5,21.6213,32.37538
test,A5,21.615025,31.928297
test,A5,21.530056,31.692738
test,A5,21.541334,32.759727
test,A5,21.661242,33.34391
test,A5,21.642504,33.14395
test,A5,21.626274,32.5399
test,A5,21.62994,31.727398
test,A5,21.574957,33.070957
test,A5,21.534979,33.303516
test,A5,21.472477,32.225285
test,A5,21.35875,32.346287
test,A5,21.32001,33.144848
test,A5,21.36503,33.17418
test,A5,21.420021,32.62799
test,A5,21.46506,32.80167
test,A5,21.51506,32.755386
test,A5,21.52375,32.546608
test,A5,21.4837,32.752235
test,A5,21.377449,32.307594
test,A5,21.246277,31.914513
test,A5,21.228699,31.69935
test,A5,21.17242,32.80192
test,A5,21.06125,31.752531
test,A5,21.100065,32.166008
test,A5,21.197517,32.1112
test,A5,21.15997,31.87907
test,A5,21.136267,31.910854
test,A5,21.18244,32.130363
test,A5,21.107471,32.96493
test,A5,21.07514,32.011463
test,A5,21.18136,31.57268
test,A5,21.160002,31.95105
test,A5,21.084997,31.94375
test,A5,21.108746,31.603405
test,A5,21.148638,32.503128
test,A5,21.051138,32.913166
test,A5,21.0725,32.681953
test,A5,21.14625,32.650894
test,A5,21.0575,33.03854
test,A5,20.989998,32.491318
test,A5,20.929998,32.535774
test,A5,20.85,32.282417
test,A5,20.73,31.723736
test,A5,20.725069,32.22579
test,A5,20.871304,32.384083
test,A5,20.924984,32.42586
test,A5,20.863811,31.38554
test,A5,20.960062,31.434845
test,A5,21.139982,31.98882
test,A5,21.172476,31.556725
test,A5,21.153788,31.858648
test,A5,21.253838,32.439125
test,A5,21.400043,33.155914
test,A5,21.418709,32.711033
test,A5,21.342459,32.29003
test,A5,21.39755,32.353897
test,A5,21.55503,32.15326
test,A5,21.587475,32.74417
test,A5,21.548742,32.85549
test,A5,21.558748,32.54029
test,A5,21.6,32.67461
test,A5,21.59249,32.21603
test,A5,21.563717,31.911034
test,A5,21.538738,32.233185
test,A5,21.508793,32.162262
test,A5,21.45005,32.40419
test,A5,21.353817,33.27764
test,A5,21.273792,32.55555
test,A5,21.206213,32.754135
test,A5,21.133717,33.31532
test,A5,21.09248,32.3424
test,A5,21.119982,32.285995
test,A5,21.14129,32.869186
test,A5,21.16879,32.395058
test,A5,21.20377,32.697678
test,A5,21.236263,32.69284
test,A5,21.269955,32.56501
test,A5,21.336212,32.44483
test,A5,21.41252,32.52996
test,A5,21.44377,33.104935
test,A5,21.420023,32.630497
test,A5,21.411272,32.703762
test,A5,21.417484,32.28823
test,A5,21.37499,32.852837
test,A5,21.35502,33.489254
test,A5,21.341248,33.229073
test,A5,21.366257,32.715225
test,A5,21.415026,32.42492
test,A5,21.32375,32.64671
test,A5,21.153725,32.715637
test,A5,21.036201,33.308834
test,A5,20.947477,33.06825
test,A5,20.902472,32.73225
test,A5,20.782473,32.95553
test,A5,20.276407,33.482174
test,A5,20.13394,33.01511
test,A5,20.417505,32.836338
test,A5,20.381222,33.151527
test,A5,20.235031,33.457237
test,A5,20.232475,34.17972
test,A5,20.398672,33.60415
test,A5,20.541227,32.12403
test,A5,20.63625,32.462975
test,A5,20.720068,33.418545
test,A5,20.853807,33.45803
test,A5,20.958788,33.495388
test,A5,21.023767,33.093006
test,A5,21.04752,33.160885
test,A5,21.04255,33.113754
test,A5,21.046263,33.97844
test,A5,21.051283,33.935265
test,A5,21.061172,33.410656
test,A5,20.909931,33.506252
test,A5,20.805,33.755478
test,A5,20.783707,34.095154
test,A5,20.663637,33.671272
test,A5,20.43488,33.85025
test,A5,20.243727,33.62911
test,A5,20.182444,33.515182
test,A5,20.049944,33.867374
test,A5,19.891277,34.294994
test,A5,19.847466,33.70265
test,A5,19.756187,33.782326
test,A5,19.619976,33.7554
test,A5,19.53116,33.623398
test,A5,19.447472,33.926826
test,A5,19.445038,34.07721
test,A5,19.382484,34.31537
test,A5,19.286236,34.284523
test,A5,19.29125,34.175674
test,A5,19.292503,34.678596
test,A5,19.281242,34.632885
test,A5,19.23749,34.218117
test,A5,19.111248,33.813263
test,A5,19.001204,33.99334
test,A5,18.878706,34.571804
test,A5,18.667385,34.39109
test,A5,18.446095,34.41212
test,A5,18.238544,34.506832
test,A5,17.990995,34.60209
test,A5,17.7223,34.920486
test,A5,17.40614,34.571712
test,A5,17.12125,34.188324
test,A5,17.028778,33.753952
test,A5,17.078798,34.14599
test,A5,17.163778,33.6122
test,A5,17.230093,34.093414
test,A5,17.335102,34.26355
test,A5,17.453728,33.57878
test,A5,17.59746,33.89035
test,A5,17.857601,33.76483
test,A5,18.222706,33.815685
test,A5,18.62644,33.480034
test,A5,18.975086,32.769524
test,A5,19.201189,33.893227
test,A5,19.368683,34.31007
test,A5,19.448734,34.19774
test,A5,19.39874,34.669037
test,A5,19.245068,33.910583
test,A5,19.001198,33.56987
test,A5,18.76113,34.5435
test,A5,18.573795,34.5729
test,A5,18.408758,34.666763
test,A5,18.261213,34.348316
test,A5,18.17125,34.66593
test,A5,18.105007,34.29593
test,A5,18.066257,34.469505
test,A5,18.005045,33.96309
test,A5,17.85621,33.437004
test,A5,17.696135,34.229496
test,A5,17.59497,33.765533
test,A5,17.516197,33.63063
test,A5,17.357386,34.225456
test,A5,17.142391,34.538784
test,A5,16.96112,34.311928
test,A5,16.743666,34.10969
test,A5,16.55875,33.466515
test,A5,16.465,34.012543
test,A5,16.231138,34.13703
test,A5,15.8573885,34.32422
test,A5,15.616275,34.120842
test,A5,15.568708,34.339264
test,A5,15.481203,34.267982
test,A5,15.43252,33.63134
test,A5,15.525025,33.83024
test,A5,15.622545,33.479683
test,A5,15.730081,33.583878
test,A5,15.91131,33.901993
test,A5,16.161322,34.156174
test,A5,16.39382,34.100338
test,A5,16.53125,33.97344
test,A5,16.734886,33.65721
test,A5,17.10369,33.607014
test,A5,17.411364,34.007282
test,A5,17.652645,34.31427
test,A5,17.925085,34.000748
test,A5,18.155106,33.608948
test,A5,18.415106,33.89857
test,A5,18.64755,33.588364
test,A5,18.772526,33.52018
test,A5,18.807474,34.035553
test,A5,18.791288,34.328598
test,A5,18.733738,34.648212
test,A5,18.59739,34.37324
test,A5,18.392345,34.91942
test,A5,18.074831,34.689716
test,A5,17.746101,34.34383
test,A5,17.458616,34.27896
test,A5,17.19501,34.499477
test,A5,16.93495,34.538296
test,A5,16.68863,34.136078
test,A5,16.465,34.130505
test,A5,16.207504,34.539124
test,A5,16.033754,34.526432
test,A5,15.9012375,33.848106
test,A5,15.787505,33.991886
test,A5,15.830018,34.36763
test,A5,15.9925,33.552235
test,A5,16.222553,33.432617
test,A5,16.460052,33.558098
test,A5,16.73608,33.691757
test,A5,17.08108,33.17451
test,A5,17.4688,32.96643
test,A5,17.798906,33.29001
test,A5,18.068857,32.82472
test,A5,18.208866,32.997765
test,A5,18.471542,33.002453
test,A5,19.053926,32.89162
test,A5,19.56,33.432285
test,A5,19.81375,33.84484
test,A5,19.94125,33.89125
test,A5,20.1025,33.972908
test,A5,20.23,33.976704
test,A5,20.30625,33.787685
test,A5,20.37741,34.06328
test,A5,20.249851,34.208435
test,A5,20.03494,34.346638
test,A5,19.88495,34.57547
test,A5,19.712425,34.590485
test,A5,19.606262,33.73177
test,A5,19.663788,33.355667
test,A5,19.82,33.23752
test,A5,19.985,33.57682
test,A5,20.167454,33.571777
test,A5,20.33371,34.14991
test,A5,20.41377,34.09491
test,A5,20.478828,33.73976
test,A5,20.621304,33.38367
test,A5,20.70374,33.37066
test,A5,20.73125,33.38318
test,A5,20.79875,32.01658
test,A5,20.8537,32.00716
test,A5,20.8412,33.795532
test,A5,20.81875,34.097324
test,A5,20.85004,34.059895
test,A5,20.916262,34.047333
test,A5,20.866222,35.143494
test,A5,20.563667,35.452576
test,A5,20.151333,34.980827
test,A5,19.678879,34.93609
test,A5,19.311213,34.49874
test,A5,19.02625,34.47957
test,A5,18.639774,34.047165
test,A5,18.236025,34.20436
test,A5,17.89985,34.44351
test,A5,17.604755,33.233444
test,A5,17.286123,31.41138
test,A5,17.051218,32.7853
test,A5,16.848661,34.24186
test,A5,16.632412,33.364765
test,A5,16.680027,33.30939
test,A5,16.912527,33.157436
test,A5,17.248909,33.3544
test,A5,17.779104,33.01156
test,A5,18.271444,33.199028
test,A5,18.65875,33.887444
test,A5,18.859966,33.978245
test,A5,18.7949,34.81823
test,A5,18.617445,34.055042
test,A5,18.558798,33.64286
test,A5,18.65004,34.200256
test,A5,18.726282,35.01999
test,A5,18.797564,34.62607
test,A5,18.893826,33.051826
test,A5,19.08629,33.2269
test,A5,19.5175,33.76906
test,A5,19.895027,33.715088
test,A5,20.021278,33.324615
test,A5,20.04875,34.204918
test,A5,20.122562,33.371983
test,A5,20.311314,32.76997
test,A5,20.523867,33.07281
test,A5,20.806366,33.007095
test,A5,21.00875,33.008186
test,A5,21.108805,32.956177
test,A5,21.272564,32.834927
test,A5,21.38002,32.651688
test,A5,21.414263,32.675518
test,A5,21.419281,32.44172
test,A5,21.40378,32.78763
test,A5,21.42375,33.325962
test,A5,21.44499,33.5263
test,A5,21.403698,33.319427
test,A5,21.31498,33.314484
test,A5,21.287487,33.83984
test,A5,21.304964,33.414627
test,A5,21.360012,32.555233
test,A5,21.453787,32.146214
test,A5,21.505026,32.824417
test,A5,21.4925,31.284409
test,A5,21.52875,29.771828
test,A5,21.61375,30.977385
test,A5,21.608732,32.838703
test,A5,21.616232,32.48797
test,A5,21.642479,32.59852
test,A5,21.563545,33.936935
test,A5,21.348564,34.472244
test,A5,21.258846,33.943886
test,A5,21.462597,32.979527
test,A5,21.672558,32.559563
test,A5,21.736307,32.430946
test,A5,21.53875,32.977768
test,A5,21.415,33.2693
test,A5,21.515,33.360428
test,A5,21.5388,33.022457
test,A5,21.5038,32.86451
test,A5,21.45625,33.014202
test,A5,21.4675,32.95549
test,A5,21.486237,32.849976
test,A5,21.466238,33.291218
test,A5,21.4325,33.416004
test,A5,21.375,33.4891
test,A5,21.211191,33.40435
test,A5,20.958786,32.93509
test,A5,20.641178,32.773224
test,A5,20.305975,33.22734
test,A5,20.01864,33.278297
test,A5,19.67875,33.437317
test,A5,19.32375,33.182137
test,A5,19.087528,32.99376
test,A5,18.948753,32.75324
test,A5,18.854969,33.413353
test,A5,18.816263,33.420967
test,A5,18.851267,32.894196
test,A5,18.925,32.35948
test,A5,19.05,32.429634
test,A5,19.262383,33.05291
test,A5,19.509823,32.66642
test,A5,19.747496,32.59761
test,A5,19.97001,32.776146
test,A5,20.152456,32.601425
test,A5,20.27875,31.907053
test,A5,20.412558,32.373276
test,A5,20.610111,32.742287
test,A5,20.813828,32.678818
test,A5,20.968828,32.69812
test,A5,21.112803,32.810722
test,A5,21.184,32.987896
test,A5,21.128775,32.325214
test,A5,21.100025,32.1894
test,A5,21.10625,32.83864
test,A5,21.06875,32.840023
test,A5,21.00119,32.884888
test,A5,20.86244,32.577976
test,A5,20.725,32.936836
test,A5,20.623734,33.37736
test,A5,20.542482,33.26236
test,A5,20.5125,33.179626
test,A5,20.4025,33.080154
test,A5,20.26626,33.71585
test,A5,20.23251,34.44245
test,A5,20.19,33.91953
test,A5,20.11375,33.190353
test,A5,20.059992,33.573082
test,A5,20.051249,33.614338
test,A5,20.069996,32.931236
test,A5,20.06624,33.557503
test,A5,20.06,34.17389
test,A5,20.069977,33.595924
test,A5,20.01492,33.909973
test,A5,19.85993,33.937622
test,A5,19.743729,33.830242
test,A5,19.72749,33.867332
test,A5,19.784966,33.946762
test,A5,19.778715,34.346634
test,A5,19.695,34.573524
test,A5,19.604973,34.048725
test,A5,19.492472,33.81396
test,A5,19.412493,34.21339
test,A5,19.338676,33.813713
test,A5,19.172434,33.85344
test,A5,18.97575,34.163536
test,A5,18.8845,33.63673
test,A5,18.8375,33.612442
test,A5,18.889963,33.573933
test,A5,18.948713,34.24514
test,A5,19.046297,34.3204
test,A5,19.282635,33.714687
test,A5,19.547586,33.707817
test,A5,19.75875,34.29921
test,A5,19.812456,34.195717
test,A5,19.72493,33.92041
test,A5,19.60497,34.224983
test,A5,19.561253,34.907513
test,A5,19.560007,34.887974
test,A5,19.52119,34.07646
test,A5,19.46994,33.98032
test,A5,19.553728,34.542534
test,A5,19.582415,34.663998
test,A5,19.447437,34.351295
test,A5,19.452507,34.12851
test,A5,19.560007,34.427605
test,A5,19.698835,34.577568
test,A5,19.953836,33.947075
test,A5,20.211342,33.86299
test,A5,20.470121,34.32464
test,A5,20.67753,34.175316
test,A5,20.800056,34.19518
test,A5,20.983805,34.719696
test,A5,21.17,34.867905
test,A5,21.15375,36.09092
test,A5,21.178705,35.92795
test,A5,21.218704,34.874973
test,A5,21.036268,34.555176
test,A5,20.893768,34.84687
test,A5,20.858753,35.24094
test,A5,20.861252,34.777573
test,A5,20.95375,34.406967
test,A5,21.20625,33.96323
test,A5,21.270016,34.2349
test,A5,21.193752,34.484184
test,A5,21.256237,34.76171
test,A5,21.33125,34.21486
test,A5,21.367512,34.332897
test,A5,21.379753,34.44599
test,A5,21.39349,34.07567
test,A5,21.414942,34.494514
test,A5,21.461191,34.441833
test,A5,21.45125,34.110428
test,A5,21.40249,34.514374
test,A5,21.38124,34.514694
test,A5,21.378729,34.736977
test,A5,21.356243,34.987076
test,A5,21.356253,34.493767
test,A5,21.32874,34.568333
test,A5,21.135,34.452553
test,A5,21.16,34.650337
test,A5,21.322504,34.877857
test,A5,21.328815,34.818172
test,A5,21.37631,34.178932
test,A5,21.390007,34.636127
test,A5,21.368738,34.69385
test,A5,21.351254,34.16027
test,A5,21.356253,33.97424
test,A5,21.363674,35.062992
test,A5,21.394932,34.978767
test,A5,21.472486,34.759575
test,A5,21.519936,34.66685
test,A5,21.48495,34.466766
test,A5,21.435043,34.515152
test,A5,21.475027,34.686424
test,A5,21.48875,34.924534
test,A5,21.43625,34.488037
test,A5,21.42622,34.422203
test,A5,21.40744,34.5039
test,A5,21.351326,35.243237
test,A5,21.40384,34.305237
test,A5,21.452484,34.313725
test,A5,21.428745,34.387062
test,A5,21.423744,34.3002
test,A5,21.411215,34.29052
test,A5,21.383715,34.49491
test,A5,21.389996,35.148575
test,A5,21.425,34.82914
test,A5,21.448755,34.210667
test,A5,21.46125,33.935627
test,A5,21.41,34.367676
test,A5,21.39875,34.68358
test,A5,21.45622,34.869072
test,A5,21.456228,34.98089
test,A5,21.450008,34.347107
test,A5,21.465,34.652885
test,A5,21.46375,34.441067
test,A5,21.46,34.45444
test,A5,21.473778,34.44273
test,A5,21.561344,34.51987
test,A5,21.693737,34.150112
test,A5,21.721003,34.27142
test,A5,21.951082,34.656563
test,A5,22.22875,34.561813
test,A5,22.216166,35.34727
test,A5,22.112392,34.89175
test,A5,22.001217,34.83713
test,A5,21.96247,34.54388
test,A5,21.96998,34.26652
test,A5,21.963745,34.657585
test,A5,21.921246,34.97009
test,A5,21.826248,34.962563
test,A5,21.748747,34.23112
test,A5,21.68993,34.482567
test,A5,21.527414,34.27858
test,A5,21.381235,34.87104
test,A5,21.2975,34.60827
test,A5,21.17625,34.553764
test,A5,21.02247,34.296146
test,A5,20.881191,34.5572
test,A5,20.773722,34.71952
test,A5,20.67875,34.98633
test,A5,20.54121,34.699203
test,A5,20.359959,34.886936
test,A5,20.186262,34.809273
test,A5,20.088762,34.327057
test,A5,19.96125,34.210583
test,A5,19.78372,35.193527
test,A5,19.66996,34.748833
test,A5,19.59497,34.677082
test,A5,19.52241,33.96364
test,A5,19.41618,34.19535
test,A5,19.331234,34.086617
test,A5,19.291252,34.05646
test,A5,19.31003,34.404686
test,A5,19.396402,33.91365
test,A5,19.57514,33.481663
test,A5,19.785051,34.025394
test,A5,19.9638,33.818428
test,A5,20.13,33.56726
test,A5,20.2763,33.52019
test,A5,20.442585,34.284912
test,A5,20.592556,34.51326
test,A5,20.696333,34.455486
test,A5,20.837563,34.188614
test,A5,20.940008,33.654587
test,A5,20.97504,33.69123
test,A5,21.058783,34.434776
test,A5,21.131226,34.55626
test,A5,21.147474,34.546604
test,A5,21.187468,33.896805
test,A5,21.172468,33.782616
test,A5,21.0925,34.129917
test,A5,21.046246,34.401157
test,A5,21.01624,34.185623
test,A5,21.00751,34.65053
test,A5,21.03124,34.405434
test,A5,21.108757,34.37571
test,A5,21.207525,34.556877
test,A5,21.237494,34.373417
test,A5,21.215015,34.3674
test,A5,21.22504,34.20008
test,A5,21.263775,34.104664
test,A5,21.276217,34.7811
test,A5,21.261387,34.66072
test,A5,21.378904,34.62687
test,A5,21.484997,34.642365
test,A5,21.455025,34.73313
test,A5,21.456263,34.435722
test,A5,21.46125,34.510635
test,A5,21.47125,34.52011
test,A5,21.497484,34.269554
test,A5,21.537504,34.58285
test,A5,21.582485,34.566128
test,A5,21.542465,35.311115
test,A5,21.47998,35.676468
test,A5,21.428707,36.03514
test,A5,21.347477,35.41446
test,A5,21.27375,34.308464
test,A5,21.1875,35.33355
test,A5,21.11875,36.43239
test,A5,21.135,35.782455
test,A5,21.21376,35.03454
test,A5,21.28499,35.589928
test,A5,21.353758,35.881405
test,A5,21.436277,36.173073
test,A5,21.45875,36.217854
test,A5,21.422525,35.427532
test,A5,21.417524,35.421974
test,A5,21.42374,35.927658
test,A5,21.42374,35.49784
test,A5,21.45,35.616295
test,A5,21.527462,35.184483
test,A5,21.661247,35.246513
test,A5,21.803785,34.378777
test,A5,21.930017,34.653748
test,A5,22.022518,35.332687
test,A5,22.086254,35.545994
test,A5,22.118748,35.671333
test,A5,22.124992,35.420456
test,A5,22.1725,35.5857
test,A5,22.22125,35.48619
test,A5,22.2,35.065247
test,A5,22.171265,35.79313
test,A5,22.168764,35.72255
test,A5,22.14501,35.230835
test,A5,22.133757,35.519398
test,A5,22.13999,36.096394
test,A5,22.121243,35.726257
test,A5,22.103737,35.65483
test,A5,22.079987,36.063633
test,A5,22.06,36.01597
test,A5,22.03875,35.672066
test,A5,22.01125,36.055115
test,A5,21.949947,36.4365
test,A5,21.816193,36.236816
test,A5,21.713717,36.182095
test,A5,21.633722,35.914852
test,A5,21.51005,36.35586
test,A5,21.382498,35.844357
test,A5,21.2412,36.29464
test,A5,21.149996,36.494106
test,A5,21.127495,36.077682
test,A5,21.092487,35.995472
test,A5,21.038738,36.158173
test,A5,20.98502,36.044304
test,A5,20.968782,35.730766
test,A5,20.944984,35.788986
test,A5,20.871222,36.251686
test,A5,20.862566,36.499687
test,A5,20.97503,35.996674
test,A5,21.026215,36.23924
test,A5,21.092594,36.27529
test,A5,21.280138,36.00186
test,A5,21.437544,36.12355
test,A5,21.51623,36.511192
test,A5,21.58873,36.74346
test,A5,21.748781,36.808514
test,A5,21.91253,35.423935
test,A5,22.0425,34.600136
test,A5,22.161263,34.763344
test,A5,22.236252,35.164513
test,A5,22.271233,36.049347
test,A5,22.269993,36.302742
test,A5,22.255,35.79585
test,A5,22.254997,36.65342
test,A5,22.253748,36.24092
test,A5,22.23998,36.044632
test,A5,22.18495,36.153255
test,A5,22.153837,35.640694
test,A5,22.326332,35.460747
test,A5,22.442505,35.825073
test,A5,22.43004,35.794563
test,A5,22.457495,36.20475
test,A5,22.448748,36.243744
test,A5,22.445,36.43299
test,A5,22.424997,36.65572
test,A5,22.35625,36.542183
test,A5,22.33499,36.77958
test,A5,22.352505,36.02256
test,A5,22.356266,36.152424
test,A5,22.321224,36.971878
test,A5,22.237474,37.030823
test,A5,22.208767,35.799084
test,A5,22.260017,36.20748
test,A5,22.309835,36.473038
test,A5,22.173586,36.578606
test,A5,21.97,36.206207
test,A5,21.863447,37.045765
test,A5,21.800953,37.174023
test,A5,21.767506,35.988792
test,A5,21.725,35.59663
test,A5,21.7375,35.757874
test,A5,21.901367,35.422928
test,A5,22.286533,35.431545
test,A5,22.880167,33.59566
test,A5,23.59375,32.212143
test,A5,24.40625,32.253674
test,A5,25.11504,34.012924
test,A5,25.46507,35.399124
test,A5,25.592531,35.782665
test,A5,25.676285,36.265244
test,A5,25.743805,35.68274
test,A5,25.81377,35.891846
test,A5,25.87375,35.71532
test,A5,25.945,35.990177
test,A5,25.998768,36.349037
test,A5,26.040018,36.591747
test,A5,26.09625,36.26204
test,A5,26.143768,35.666203
test,A5,26.181242,35.80026
test,A5,26.146225,36.191124
test,A5,26.056234,36.427013
test,A5,25.98621,36.54994
test,A5,25.942482,36.1707
test,A5,25.935,35.771976
test,A5,25.92999,35.588516
test,A5,25.913748,36.36651
test,A5,25.89745,36.309776
test,A5,25.851215,36.180042
test,A5,25.83127,36.713627
test,A5,25.836254,36.508575
test,A5,25.78375,36.15412
test,A5,25.762486,36.82465
test,A5,25.80499,36.04263
test,A5,25.820005,35.580856
test,A5,25.823753,36.436882
test,A5,25.837502,36.351177
test,A5,25.852526,35.910522
test,A5,25.890024,35.835632
test,A5,25.94125,36.378082
test,A5,25.965,36.431435
test,A5,25.96125,36.60158
test,A5,25.88877,36.945385
test,A5,25.82877,36.77842
test,A5,25.74875,36.419785
test,A5,25.600029,35.942245
test,A5,25.58378,36.374237
test,A5,25.59375,36.304546
test,A5,25.44625,36.921005
test,A5,25.228683,37.067192
test,A5,25.007435,37.246643
test,A5,24.804949,37.053555
test,A5,24.644949,36.611324
test,A5,24.561232,36.243877
test,A5,24.489908,36.259113
test,A5,24.322433,36.670685
test,A5,24.221243,36.91726
test,A5,24.208748,36.72189
test,A5,24.206253,36.437263
test,A5,24.19874,36.948242
test,A5,24.1675,37.13244
test,A5,24.192535,36.12181
test,A5,24.267534,36.777702
test,A5,24.36,36.946
test,A5,24.463715,36.820892
test,A5,24.569965,36.59647
test,A5,24.610046,36.494217
test,A5,24.533796,36.860092
test,A5,24.532581,36.81953
test,A5,24.702526,36.5662
test,A5,24.767433,37.158337
test,A5,24.699987,37.115902
test,A5,24.667488,36.30449
test,A5,24.647505,36.050873
test,A5,24.666267,36.569168
test,A5,24.693733,37.58143
test,A5,24.658764,37.192833
test,A5,24.602531,37.164017
test,A5,24.558706,36.018166
test,A5,24.454958,36.147392
test,A5,24.33128,36.173615
test,A5,24.339544,35.944447
test,A5,24.419525,36.228455
test,A5,24.478788,36.76313
test,A5,24.538778,36.361717
test,A5,24.52375,36.22989
test,A5,24.431255,36.194466
test,A5,24.391254,36.63991
test,A5,24.395002,36.423748
test,A5,24.402502,35.90249
test,A5,24.428745,36.199234
test,A5,24.421278,36.48928
test,A5,24.346277,36.73648
test,A5,24.294994,36.088108
test,A5,24.305,35.927887
test,A5,24.26244,35.87726
test,A5,24.192274,36.28457
test,A5,24.247313,36.23378
test,A5,24.28248,36.458344
test,A5,24.23747,36.358696
test,A5,24.257505,36.226036
test,A5,24.132338,36.24154
test,A5,23.763552,35.551098
test,A5,23.84,36.52394
test,A5,24.2925,35.72293
test,A5,24.59375,36.028908
test,A5,24.856298,36.989105
test,A5,25.03757,36.986664
test,A5,25.07254,36.603153
test,A5,25.076267,36.849724
test,A5,25.0121,36.882835
test,A5,24.541943,37.17724
test,A5,23.886282,37.681168
test,A5,23.41007,37.74441
test,A5,23.003632,37.37603
test,A5,22.613916,36.750313
test,A5,22.167665,37.92619
test,A5,21.81125,37.667133
test,A5,21.546297,37.27835
test,A5,21.283762,36.944286
test,A5,21.101215,36.772522
test,A5,20.904959,36.868664
test,A5,20.854958,36.481556
test,A5,20.857533,36.149162
test,A5,20.765043,36.746643
test,A5,20.736263,37.106094
test,A5,20.7425,36.714745
test,A5,20.7825,36.545517
test,A5,20.92875,36.708027
test,A5,21.111275,36.44717
test,A5,21.228783,36.25386
test,A5,21.228712,36.45764
test,A5,21.096144,36.09855
test,A5,20.874939,36.342834
test,A5,20.64629,36.486443
test,A5,20.44254,37.614967
test,A5,20.19875,37.20696
test,A5,19.917433,35.92636
test,A5,19.647366,36.213978
test,A5,19.386133,36.61642
test,A5,19.14228,36.74793
test,A5,18.85725,37.599274
test,A5,18.538671,36.77041
test,A5,18.252419,36.02576
test,A5,17.96486,36.20319
test,A5,17.706152,36.020138
test,A5,17.52994,36.4364
test,A5,17.418776,36.99316
test,A5,17.338528,36.751137
test,A5,17.258482,36.57015
test,A5,17.16,35.990314
test,A5,17.02875,36.24929
test,A5,16.936205,34.91037
test,A5,16.736204,33.9442
test,A5,15.88125,37.444656
test,A5,14.339656,38.926815
test,A5,12.799656,38.327324
test,A5,11.539735,37.553047
test,A5,10.402895,33.442856
test,A5,9.226536,30.371695
test,A5,7.8517375,30.74586
test,A5,6.538338,29.29025
test,A5,6.12396,30.212269
test,A5,6.806483,32.132847
test,A5,8.026558,33.07321
test,A5,9.294058,37.383133
test,A5,10.302634,38.269287
test,A5,10.961445,36.252136
test,A5,11.311311,35.743065
test,A5,11.575195,36.446392
test,A5,11.8677025,38.12788
test,A5,12.023747,39.542995
test,A5,12.00998,40.242123
test,A5,11.96997,41.188007
test,A5,11.95502,44.087563
test,A5,11.9411335,43.789204
test,A5,11.651094,41.858334
test,A5,11.2475,42.374676
test,A5,11.1439705,43.145782
test,A5,11.520221,43.05899
test,A5,12.02923,42.509136
test,A5,12.61048,32.65905
test,A5,13.1975,20.725111
test,A5,13.282411,21.171082
test,A5,13.033661,29.926844
test,A5,12.767488,32.26365
test,A5,12.601142,32.295776
test,A5,12.566849,32.61334
test,A5,13.224657,33.67812
test,A5,14.20905,36.421413
test,A5,14.742588,35.213066
test,A5,15.156033,33.81433
test,A5,15.738576,35.234318
test,A5,16.131292,38.234966
test,A5,16.18875,39.162315
test,A5,16.373781,37.32644
test,A5,16.622585,38.17981
test,A5,16.847414,38.284065
test,A5,17.316109,37.150955
test,A5,17.82,35.95823
test,A5,17.615002,36.45697
test,A5,17.270002,36.961
test,A5,17.4675,36.344826
test,A5,17.64875,37.449097
test,A5,17.64007,37.615128
test,A5,17.703821,37.553905
test,A5,17.82125,37.983337
test,A5,17.884995,37.610397
test,A5,17.939995,37.367287
test,A5,17.97749,38.699993
test,A5,18.00474,39.26592
test,A5,18.041027,37.587654
test,A5,18.001196,38.39373
test,A5,17.81242,38.045876
test,A5,17.768698,37.75997
test,A5,17.931158,36.08615
test,A5,18.112505,36.388153
test,A5,18.326296,36.77589
test,A5,18.69975,36.136513
test,A5,19.2685,36.264584
test,A5,19.37367,36.465485
test,A5,18.18742,36.310715
test,A5,17.2225,36.51786
test,A5,17.015295,36.808987
test,A5,16.98289,36.631325
test,A5,17.100418,36.00372
test,A5,17.300299,36.29139
test,A5,17.714973,36.182762
test,A5,18.122301,37.235435
test,A5,18.191282,36.992195
test,A5,18.283842,36.16914
test,A5,18.34987,37.53409
test,A5,18.113573,37.102234
test,A5,17.89606,35.61844
test,A5,17.564993,35.843994
test,A5,17.382435,35.84507
test,A5,17.211103,36.7565
test,A5,17.043274,37.776756
test,A5,17.234476,37.639
test,A5,17.286114,37.096268
test,A5,17.18875,36.757545
test,A5,17.229992,36.489807
test,A5,17.194992,36.152374
test,A5,17.22625,35.792953
test,A5,17.138592,36.573326
test,A5,16.729616,37.637264
test,A5,16.223434,37.2026
test,A5,15.842409,38.18689
test,A5,15.488574,37.49579
test,A5,14.977441,37.20819
test,A5,14.443802,37.21299
test,A5,14.083577,38.152615
test,A5,13.695043,37.40603
test,A5,13.139976,36.52869
test,A5,12.346074,38.780174
test,A5,11.0725,39.934975
test,A5,9.62375,38.994766
test,A5,8.33625,35.43116
test,A5,7.0525,32.698967
test,A5,6.0475,32.069775
test,A5,5.26625,30.55852
test,A5,4.82474,27.125708
test,A5,5.340692,26.738876
test,A5,6.4286723,29.726713
test,A5,7.36522,35.87594
test,A5,7.910065,40.947952
test,A5,8.1250725,39.94423
test,A5,8.101084,36.364067
test,A5,7.838731,32.615585
test,A5,7.887666,27.389702
test,A5,8.240012,23.95329
test,A5,8.71125,27.54976
test,A5,9.3652525,28.541313
test,A5,10.119002,30.46367
test,A5,10.89125,33.811623
test,A5,11.64125,35.083584
test,A5,12.506418,34.52157
test,A5,13.336418,29.88432
test,A5,14.104898,30.317945
test,A5,14.2848215,36.357002
test,A5,13.991173,37.13356
test,A5,13.952536,37.779373
test,A5,14.118889,37.505684
test,A5,14.350103,37.445408
test,A5,14.415032,37.545135
test,A5,14.406282,37.064476
test,A5,14.492433,36.777275
test,A5,14.622523,37.068893
test,A5,14.836266,36.659832
test,A5,14.939528,36.585365
test,A5,14.993889,37.312897
test,A5,14.616965,37.175705
test,A5,14.409057,37.062546
test,A5,14.460469,36.925125
test,A5,14.456172,37.50058
test,A5,14.681904,37.42553
test,A5,14.651075,36.59531
test,A5,15.146298,35.802784
test,A5,15.785263,35.842644
test,A5,15.777698,36.683346
test,A5,15.770172,37.31637
test,A5,16.13021,37.602547
test,A5,16.432476,37.709023
test,A5,16.331121,37.137066
test,A5,16.101173,36.890564
test,A5,15.927386,36.552567
test,A5,15.676091,36.217403
test,A5,15.452524,36.468628
test,A5,15.461193,36.685253
test,A5,15.299906,36.70117
test,A5,14.970027,36.679
test,A5,14.496117,36.20025
test,A5,14.016372,36.563026
test,A5,14.241505,37.697247
test,A5,14.738262,37.261074
test,A5,13.635762,36.87453
test,A5,12.157495,36.571728
test,A5,11.939929,35.796577
test,A5,12.111184,34.7714
test,A5,12.509789,33.967503
test,A5,13.134898,33.0998
test,A5,13.6776085,34.290215
test,A5,13.872498,35.119564
test,A5,13.909998,35.209724
test,A5,14.03,33.97244
test,A5,14.3388,34.103966
test,A5,14.5963,33.675392
test,A5,14.61125,35.12098
test,A5,14.6125,34.91533
test,A5,14.6275,34.669125
test,A5,14.548767,35.467564
test,A5,14.52001,35.111244
test,A5,14.526242,34.456337
test,A5,14.482525,35.49561
test,A5,14.398738,35.06127
test,A5,14.262416,35.058296
test,A5,14.067539,35.106308
test,A5,13.771235,34.32518
test,A5,13.407334,34.10794
test,A5,13.057436,35.431725
test,A5,12.592677,35.01037
test,A5,11.854825,33.08178
test,A5,10.693398,30.925938
test,A5,9.295225,27.685457
test,A5,8.221475,25.339079
test,A5,7.6275,23.600496
test,A5,7.362426,31.193155
test,A5,7.1486077,48.52935
test,A5,6.862432,53.45991
test,A5,6.548634,45.41185
test,A5,6.1259828,39.045197
test,A5,5.622402,43.92366
test,A5,5.214904,46.84282
test,A5,4.724851,43.589134
test,A5,4.5128093,29.881655
test,A5,6.1116533,17.934807
test,A5,7.801344,17.191565
test,A5,8.250023,17.445314
test,A5,8.525058,17.632793
test,A5,8.517381,17.078398
test,A5,8.178596,19.686357
test,A5,7.7137575,21.484028
test,A5,7.4312577,22.155869
test,A5,6.901106,22.975351
test,A5,5.800172,27.483927
test,A5,3.6575007,30.01992
test,A5,2.016054,35.01696
test,A5,2.0626187,38.797997
test,A5,2.562203,33.398365
test,A5,3.303508,32.83261
test,A5,3.83265,31.390196
test,A5,3.9726024,25.471388
test,A5,4.0212574,22.163677
test,A5,3.85875,21.297277
test,A5,3.622385,19.655489
test,A5,3.3847814,16.61263
test,A5,2.9626563,18.36767
test,A5,2.19401,21.295065
test,A5,1.3247722,23.478449
test,A5,0.5635223,31.846386
test,A5,0.09375,38.438305
test,A5,0.0,36.732975
test,A5,0.0,36.03475
test,A5,0.0,36.932438
test,A5,0.0,36.83354
test,A5,0.0,36.586487
test,A5,0.0,36.80137
test,A5,0.0,36.98381
test,A5,0.0,37.12944
test,A5,0.0,36.917885
test,A5,0.0,36.641533
test,A5,0.0,37.20892
test,T2,0.0,16.939295
test,T2,0.0,16.902964
test,T2,0.0,16.799314
test,T2,0.0,16.840097
test,T2,0.0,16.82952
test,T2,0.0,16.847103
test,T2,0.0,16.906273
test,T2,0.0,17.37103
test,T2,0.0,17.646547
test,T2,0.0,17.242674
test,T2,0.0,17.182497
test,T2,0.0,16.949533
test,T2,0.0,16.81979
test,T2,0.0,16.775007
test,T2,0.0,16.733648
test,T2,0.0,16.8275
test,T2,0.0,17.020067
test,T2,0.0,17.284239
test,T2,0.0,17.360304
test,T2,0.0,17.16805
test,T2,0.0,16.798304
test,T2,0.0,16.510294
test,T2,0.0,16.498552
test,T2,0.0,16.81201
test,T2,0.0,17.196241
test,T2,0.0,17.124891
test,T2,0.0,16.886152
test,T2,0.0,16.789745
test,T2,0.0,16.864721
test,T2,0.0,16.905272
test,T2,0.0,16.939531
test,T2,0.0,17.203922
test,T2,0.0,16.963427
test,T2,0.0,17.20804
test,T2,0.0,16.796991
test,T2,0.0,16.371462
test,T2,0.0,17.383482
test,T2,0.0,16.277369
test,T2,0.0,16.943634
test,T2,0.0,17.115232
test,T2,0.0,14.788493
test,T2,0.0,12.968157
test,T2,0.0,13.103971
test,T2,0.0,13.39356
test,T2,0.0,12.374843
test,T2,0.0,14.472127
test,T2,0.0,16.158709
test,T2,0.0,13.903877
test,T2,0.0,14.290108
test,T2,0.0,17.790163
test,T2,0.496755,23.531267
test,T2,1.741755,28.456617
test,T2,2.49,25.8949
test,T2,2.49,23.703846
test,T2,2.49,21.503689
test,T2,2.49,22.096825
test,T2,2.49,19.551863
test,T2,2.49,15.752686
test,T2,2.49,19.047777
test,T2,3.28,19.22129
test,T2,5.255,18.884184
test,T2,6.44,19.666803
test,T2,6.44,21.069883
test,T2,6.44,19.78572
test,T2,6.44,20.3384
test,T2,6.44,20.908447
test,T2,6.44,18.177307
test,T2,6.44,18.399317
test,T2,6.441995,19.665794
test,T2,6.4469953,23.670336
test,T2,6.45,28.715807
test,T2,6.45,26.011814
test,T2,6.45,23.410786
test,T2,6.45,22.440996
test,T2,6.45,20.624868
test,T2,6.45,20.77859
test,T2,6.45,18.329226
test,T2,7.02855,17.67142
test,T2,8.47855,20.31508
test,T2,9.35,22.841825
test,T2,9.35,21.884155
test,T2,9.35,20.746977
test,T2,9.35,19.514866
test,T2,9.35,14.86305
test,T2,9.35,15.625708
test,T2,9.35,17.342808
test,T2,7.484675,16.189663
test,T2,2.809675,15.340487
test,T2,0.0,16.035143
test,T2,0.0,16.878267
test,T2,0.0,16.919344
test,T2,0.0,17.989912
test,T2,0.0,17.750463
test,T2,0.0,16.955606
test,T2,0.0,19.023136
test,T2,1.55,20.66252
test,T2,5.425,22.757277
test,T2,7.75,22.544569
test,T2,7.75,21.826105
test,T2,7.75,19.696466
test,T2,7.75,18.845766
test,T2,7.75,19.471067
test,T2,7.75,19.065836
test,T2,7.75,18.725729
test,T2,6.97,22.088778
test,T2,5.02,23.17152
test,T2,3.85,20.203669
test,T2,3.85,16.95753
test,T2,3.85,15.699846
test,T2,3.85,16.756222
test,T2,3.85,15.879123
test,T2,3.85,17.277918
test,T2,3.85,25.309347
test,T2,4.07,22.569822
test,T2,4.62,14.019387
test,T2,4.95,15.599581
test,T2,4.95,16.345787
test,T2,4.95,14.01832
test,T2,4.95,13.782273
test,T2,4.95,16.252754
test,T2,4.95,20.948221
test,T2,4.95,20.66073
test,T2,6.026,21.43719
test,T2,8.716,19.56077
test,T2,10.33,18.964401
test,T2,10.33,20.619833
test,T2,10.33,21.276144
test,T2,10.33,20.301968
test,T2,10.33,21.469938
test,T2,10.33,19.656082
test,T2,10.33,17.459572
test,T2,10.62,17.1993
test,T2,11.345,16.755049
test,T2,11.78,18.283375
test,T2,11.78,17.31323
test,T2,11.78,16.438234
test,T2,11.78,18.776274
test,T2,11.78,20.24249
test,T2,11.78,18.227453
test,T2,11.78,21.48823
test,T2,11.146,20.084091
test,T2,9.561,17.398287
test,T2,8.61,14.978792
test,T2,8.61,13.880965
test,T2,8.61,19.037748
test,T2,8.61,17.942919
test,T2,8.61,17.426569
test,T2,8.61,19.18372
test,T2,8.61,19.136175
test,T2,8.46,19.61281
test,T2,8.085,20.52064
test,T2,7.86,17.150682
test,T2,7.86,15.574854
test,T2,7.86,16.645487
test,T2,7.86,14.54652
test,T2,7.86,14.195774
test,T2,7.86,15.174111
test,T2,7.86,14.201372
test,T2,8.037555,14.077504
test,T2,8.482555,18.164589
test,T2,8.75,18.872343
test,T2,8.75,19.370562
test,T2,8.75,18.850067
test,T2,8.75,15.751808
test,T2,8.75,11.916083
test,T2,8.75,13.2647915
test,T2,8.75,15.391729
test,T2,8.634287,15.174655
test,T2,8.344287,17.277452
test,T2,8.17,17.460417
test,T2,8.17,18.790678
test,T2,8.17,19.638521
test,T2,8.17,18.74065
test,T2,8.17,20.763668
test,T2,8.17,19.12036
test,T2,8.17,17.873169
test,T2,8.614896,18.387587
test,T2,9.729896,18.943089
test,T2,10.4,18.49168
test,T2,10.4,18.358778
test,T2,10.4,18.302689
test,T2,10.4,17.64673
test,T2,10.4,18.051651
test,T2,10.4,17.885315
test,T2,10.4,18.935596
test,T2,10.186,17.97265
test,T2,9.651,18.477886
test,T2,9.33,18.918013
test,T2,9.33,18.2726
test,T2,9.33,15.581827
test,T2,9.33,13.299151
test,T2,9.33,14.802211
test,T2,9.33,15.860827
test,T2,9.33,14.302
test,T2,9.84,15.552162
test,T2,11.115,17.208628
test,T2,11.88,18.663177
test,T2,11.88,18.080027
test,T2,11.88,17.973343
test,T2,11.88,17.838903
test,T2,11.88,19.247375
test,T2,11.88,20.772429
test,T2,11.88,18.420057
test,T2,12.28698,16.96887
test,T2,13.30698,19.104456
test,T2,13.92,19.661963
test,T2,13.92,18.069933
test,T2,13.92,17.608412
test,T2,13.92,17.68618
test,T2,13.92,16.903812
test,T2,13.92,17.121073
test,T2,13.92,18.120306
test,T2,12.452,19.00818
test,T2,8.782,19.6882
test,T2,6.58,17.734196
test,T2,6.58,18.93925
test,T2,6.58,14.334286
test,T2,6.58,15.051462
test,T2,6.58,19.710798
test,T2,6.58,16.446194
test,T2,6.58,13.706266
test,T2,7.32,14.387892
test,T2,9.17,14.703227
test,T2,10.28,17.380703
test,T2,10.28,18.796003
test,T2,10.28,19.986502
test,T2,10.28,19.264044
test,T2,10.28,19.182428
test,T2,10.28,17.820942
test,T2,10.28,16.084782
test,T2,11.312,16.965578
test,T2,13.892,19.241335
test,T2,15.44,19.2798
test,T2,15.44,19.826487
test,T2,15.44,17.433138
test,T2,15.44,19.680204
test,T2,15.44,19.8575
test,T2,15.44,18.961115
test,T2,15.44,17.733652
test,T2,13.419015,16.99502
test,T2,8.354014,14.69809
test,T2,5.31,14.883139
test,T2,5.31,22.00664
test,T2,5.31,18.593464
test,T2,5.31,15.126011
test,T2,5.31,20.76698
test,T2,5.31,21.29688
test,T2,5.31,19.823006
test,T2,7.045693,17.427986
test,T2,11.395693,18.533955
test,T2,14.01,16.73298
test,T2,14.01,16.260824
test,T2,14.01,17.746511
test,T2,14.01,18.006632
test,T2,14.01,17.738525
test,T2,14.01,16.542887
test,T2,14.01,14.328415
test,T2,14.357139,14.4916115
test,T2,15.2271385,17.21399
test,T2,15.75,18.583073
test,T2,15.75,16.69846
test,T2,15.75,16.717113
test,T2,15.75,16.156424
test,T2,15.75,17.811724
test,T2,15.75,20.295938
test,T2,15.75,18.793892
test,T2,15.045765,17.55644
test,T2,13.280765,13.298555
test,T2,12.22,12.26655
test,T2,12.22,12.888934
test,T2,12.22,12.304427
test,T2,12.22,13.620246
test,T2,12.22,15.173738
test,T2,12.22,21.69076
test,T2,12.22,25.157667
test,T2,11.92474,18.600557
test,T2,11.18474,15.081421
test,T2,10.74,18.57802
test,T2,10.74,17.21485
test,T2,10.74,20.167646
test,T2,10.74,22.363707
test,T2,10.74,22.741161
test,T2,10.74,24.379208
test,T2,10.74,22.146105
test,T2,10.73202,20.015028
test,T2,10.71202,17.454716
test,T2,10.7,17.04505
test,T2,10.7,19.69686
test,T2,10.7,19.273428
test,T2,10.7,16.979692
test,T2,10.7,15.320318
test,T2,10.7,14.939169
test,T2,10.7,16.040062
test,T2,8.565297,17.334887
test,T2,3.215297,17.575878
test,T2,0.0,17.33631
test,T2,0.0,18.360052
test,T2,0.0,19.429747
test,T2,0.0,23.810827
test,T2,0.0,28.834969
test,T2,0.0,26.733744
test,T2,0.0,16.925909
test,T2,1.921185,16.224546
test,T2,6.736185,19.977026
test,T2,9.63,17.899374
test,T2,9.63,15.001791
test,T2,9.63,16.449106
test,T2,9.63,20.844166
test,T2,9.63,19.970615
test,T2,9.63,14.708726
test,T2,9.63,14.038242
test,T2,10.19259,19.885563
test,T2,11.60259,14.591063
test,T2,12.45,14.95488
test,T2,12.45,19.047792
test,T2,12.45,18.726162
test,T2,12.45,17.281794
test,T2,12.45,22.111277
test,T2,12.45,22.755041
test,T2,12.45,16.566126
test,T2,13.304,16.119669
test,T2,15.439,18.230928
test,T2,16.72,16.988811
test,T2,16.72,14.451004
test,T2,16.72,15.436413
test,T2,16.72,19.006582
test,T2,16.72,19.95291
test,T2,16.72,18.50749
test,T2,16.72,17.707056
test,T2,15.97387,14.409819
test,T2,14.10387,12.181759
test,T2,12.98,12.682399
test,T2,12.98,17.054333
test,T2,12.98,18.065058
test,T2,12.98,14.313605
test,T2,12.98,12.7802105
test,T2,12.98,13.342259
test,T2,12.98,16.219011
test,T2,11.044,13.411844
test,T2,6.204,11.840055
test,T2,3.3,12.077436
test,T2,3.3,12.185425
test,T2,3.3,12.577087
test,T2,3.3,17.521238
test,T2,3.3,15.786471
test,T2,3.3,14.920682
test,T2,3.3,18.206137
test,T2,5.37879,20.578638
test,T2,10.58879,18.095018
test,T2,13.72,16.8645
test,T2,13.72,21.08203
test,T2,13.72,19.45145
test,T2,13.72,17.281366
test,T2,13.72,16.365164
test,T2,13.72,14.720582
test,T2,13.72,12.606056
test,T2,13.634,12.677456
test,T2,13.419,14.282735
test,T2,13.29,14.886667
test,T2,13.29,14.377623
test,T2,13.29,15.297798
test,T2,13.29,15.757826
test,T2,13.29,16.732447
test,T2,13.29,17.751768
test,T2,13.29,18.852165
test,T2,12.024,20.077251
test,T2,8.859,15.278044
test,T2,6.96,13.746176
test,T2,6.96,14.613531
test,T2,6.96,13.538631
test,T2,6.96,12.625093
test,T2,6.96,15.828784
test,T2,6.96,18.683323
test,T2,6.96,16.81512
test,T2,7.532565,16.2562
test,T2,8.967565,15.724997
test,T2,9.83,15.012278
test,T2,9.83,17.187893
test,T2,9.83,18.006466
test,T2,9.83,17.296228
test,T2,9.83,17.269613
test,T2,9.83,16.460817
test,T2,9.83,16.616867
test,T2,9.403059,16.398994
test,T2,8.333059,15.5230255
test,T2,7.69,17.225342
test,T2,7.69,17.546017
test,T2,7.69,16.87882
test,T2,7.69,16.866098
test,T2,7.69,17.509804
test,T2,7.69,16.952198
test,T2,7.69,14.64771
test,T2,8.81,11.717456
test,T2,11.61,13.750243
test,T2,13.29,18.241385
test,T2,13.29,19.134604
test,T2,13.29,19.036356
test,T2,13.29,19.858965
test,T2,13.29,20.303022
test,T2,13.29,19.047634
test,T2,13.29,18.50538
test,T2,14.040138,19.322182
test,T2,15.920138,20.165762
test,T2,17.05,18.448513
test,T2,17.05,17.54743
test,T2,17.05,17.735582
test,T2,17.05,18.414858
test,T2,17.05,17.919115
test,T2,17.05,17.110083
test,T2,17.05,17.150263
test,T2,17.186,17.23204
test,T2,17.526,16.458185
test,T2,17.73,17.131968
test,T2,17.73,17.491072
test,T2,17.73,17.306383
test,T2,17.73,18.382767
test,T2,17.73,18.380362
test,T2,17.73,17.759779
test,T2,17.73,17.372606
test,T2,17.012,17.641066
test,T2,15.217,17.271338
test,T2,14.14,17.99725
test,T2,14.14,18.7989
test,T2,14.14,19.95532
test,T2,14.14,20.666964
test,T2,14.14,19.900745
test,T2,14.14,19.333818
test,T2,14.14,20.334206
test,T2,12.494,16.030302
test,T2,8.379,15.156244
test,T2,5.91,14.354563
test,T2,5.91,11.924326
test,T2,5.91,13.419855
test,T2,5.91,17.034342
test,T2,5.91,15.726667
test,T2,5.91,13.504477
test,T2,5.91,12.796014
test,T2,6.884,13.214875
test,T2,9.319,14.18679
test,T2,10.78,17.463003
test,T2,10.78,20.647314
test,T2,10.78,20.66659
test,T2,10.78,20.325422
test,T2,10.78,20.229113
test,T2,10.78,20.40628
test,T2,10.78,21.006708
test,T2,11.848,18.999937
test,T2,14.518,17.885698
test,T2,16.12,19.08299
test,T2,16.12,20.29105
test,T2,16.12,19.602133
test,T2,16.12,19.45058
test,T2,16.12,19.546251
test,T2,16.12,18.581697
test,T2,16.12,19.130365
test,T2,16.318,18.781424
test,T2,16.813,18.125528
test,T2,17.11,17.075785
test,T2,17.11,16.560389
test,T2,17.11,15.604296
test,T2,17.11,16.056086
test,T2,17.11,18.260756
test,T2,17.11,19.768484
test,T2,17.11,20.343271
test,T2,16.986307,21.652555
test,T2,16.676308,20.3922
test,T2,16.49,18.674768
test,T2,16.49,17.607672
test,T2,16.49,17.880674
test,T2,16.49,18.822086
test,T2,16.49,17.797129
test,T2,16.49,17.385536
test,T2,16.49,16.537249
test,T2,14.644579,15.407175
test,T2,10.019579,16.997381
test,T2,7.24,19.820042
test,T2,7.24,19.630396
test,T2,7.24,16.378656
test,T2,7.24,16.576488
test,T2,7.24,12.785086
test,T2,7.24,12.76431
test,T2,7.24,14.634723
test,T2,7.882,14.768
test,T2,9.487,13.721046
test,T2,10.45,13.834581
test,T2,10.45,13.197806
test,T2,10.45,12.343397
test,T2,10.45,11.7783985
test,T2,10.45,16.637493
test,T2,10.45,22.447405
test,T2,10.45,21.673029
test,T2,11.884405,21.832964
test,T2,15.479405,20.209326
test,T2,17.64,21.877768
test,T2,17.64,21.255533
test,T2,17.64,20.295801
test,T2,17.64,21.342615
test,T2,17.64,21.429932
test,T2,17.64,20.753542
test,T2,17.64,19.298141
test,T2,18.348,19.660751
test,T2,20.118,19.48025
test,T2,21.18,18.591242
test,T2,21.18,18.918884
test,T2,21.18,17.975935
test,T2,21.18,19.399359
test,T2,21.18,19.25085
test,T2,21.18,18.609407
test,T2,21.18,18.73849
test,T2,21.296,19.361876
test,T2,21.586,18.908346
test,T2,21.76,19.74114
test,T2,21.76,19.803242
test,T2,21.76,19.007202
test,T2,21.76,18.162378
test,T2,21.76,18.006903
test,T2,21.76,18.083387
test,T2,21.76,17.929865
test,T2,21.25,16.957945
test,T2,19.975,15.977883
test,T2,19.21,16.934864
test,T2,19.21,17.832384
test,T2,19.21,17.624441
test,T2,19.21,16.10605
test,T2,19.21,16.79289
test,T2,19.21,20.31352
test,T2,19.21,19.892868
test,T2,19.102268,17.21609
test,T2,18.832268,16.674387
test,T2,18.67,17.18454
test,T2,18.67,18.440578
test,T2,18.67,18.360884
test,T2,18.67,17.092285
test,T2,18.67,16.41334
test,T2,18.67,17.841429
test,T2,18.67,17.136679
test,T2,18.568,16.629023
test,T2,18.313,17.979485
test,T2,18.16,17.149115
test,T2,18.16,16.648394
test,T2,18.16,18.430824
test,T2,18.16,18.206945
test,T2,18.16,17.875998
test,T2,18.16,19.399452
test,T2,18.16,19.531435
test,T2,18.704636,18.9389
test,T2,20.069635,20.289093
test,T2,20.89,20.4423
test,T2,20.89,20.37732
test,T2,20.89,18.557177
test,T2,20.89,17.42154
test,T2,20.89,18.038172
test,T2,20.89,17.948078
test,T2,20.89,17.163713
test,T2,20.76232,17.09053
test,T2,20.44232,16.619806
test,T2,20.25,17.283289
test,T2,20.25,18.324156
test,T2,20.25,18.233564
test,T2,20.25,18.468596
test,T2,20.25,18.647787
test,T2,20.25,19.643167
test,T2,20.25,18.7573
test,T2,20.614,18.098856
test,T2,21.524,18.378115
test,T2,22.07,19.111338
test,T2,22.07,18.921572
test,T2,22.07,18.615162
test,T2,22.07,18.070456
test,T2,22.07,17.957872
test,T2,22.07,17.090837
test,T2,22.07,17.820843
test,T2,22.060024,18.328535
test,T2,22.035025,17.9153
test,T2,22.02,17.352432
test,T2,22.02,16.636833
test,T2,22.02,17.211851
test,T2,22.02,17.601408
test,T2,22.02,17.242628
test,T2,22.02,16.653656
test,T2,22.02,16.911913
test,T2,22.452,17.005676
test,T2,23.532,17.841192
test,T2,24.18,18.49343
test,T2,24.18,19.5698
test,T2,24.18,19.279074
test,T2,24.18,18.891417
test,T2,24.18,18.783278
test,T2,24.18,19.101576
test,T2,24.18,19.841526
test,T2,24.38,19.48651
test,T2,24.63,18.143148
test,T2,24.68,19.293509
test,T2,24.68,20.746035
test,T2,24.68,19.865025
test,T2,24.68,18.48625
test,T2,24.68,17.23242
test,T2,24.68,18.67018
test,T2,24.12737,18.867073
test,T2,22.74237,17.428606
test,T2,21.91,16.112078
test,T2,21.91,17.176065
test,T2,21.91,17.279467
test,T2,21.91,17.369589
test,T2,21.91,17.287794
test,T2,21.91,15.746378
test,T2,21.91,17.270084
test,T2,22.083569,17.58489
test,T2,22.51857,16.152166
test,T2,22.78,16.910765
test,T2,22.78,18.283407
test,T2,22.78,17.108515
test,T2,22.78,16.268354
test,T2,22.78,17.095858
test,T2,22.78,16.343151
test,T2,22.78,17.232893
test,T2,22.736,17.977528
test,T2,22.626,17.194769
test,T2,22.56,15.685917
test,T2,22.56,15.473877
test,T2,22.56,16.617975
test,T2,22.56,17.238121
test,T2,22.56,17.010618
test,T2,22.56,17.331356
test,T2,22.56,19.098154
test,T2,22.394415,17.843561
test,T2,21.979416,15.913062
test,T2,21.73,16.431486
test,T2,21.73,18.611807
test,T2,21.73,18.78057
test,T2,21.73,17.921038
test,T2,21.73,16.940897
test,T2,21.73,17.13009
test,T2,21.73,19.066797
test,T2,22.039232,19.70523
test,T2,22.814232,19.958025
test,T2,23.28,18.754238
test,T2,23.28,17.63088
test,T2,23.28,18.455666
test,T2,23.28,18.870424
test,T2,23.28,18.707802
test,T2,23.28,18.173353
test,T2,23.28,18.22222
test,T2,23.335861,18.039297
test,T2,23.47586,19.049566
test,T2,23.56,18.587725
test,T2,23.56,17.92292
test,T2,23.56,18.431051
test,T2,23.56,17.841896
test,T2,23.56,18.19887
test,T2,23.56,17.841555
test,T2,23.56,16.207344
test,T2,23.536,17.452227
test,T2,23.476,19.555536
test,T2,23.44,18.808908
test,T2,23.44,18.31459
test,T2,23.44,18.593552
test,T2,23.44,18.384981
test,T2,23.44,18.484152
test,T2,23.44,17.93933
test,T2,23.44,17.141188
test,T2,23.486,17.38442
test,T2,23.601,18.143927
test,T2,23.67,17.718737
test,T2,23.67,17.294142
test,T2,23.67,17.222776
test,T2,23.67,17.216026
test,T2,23.67,17.924065
test,T2,23.67,17.43747
test,T2,23.67,16.972548
test,T2,23.814,16.686567
test,T2,24.174,17.076632
test,T2,24.39,17.46599
test,T2,24.39,17.331774
test,T2,24.39,16.501066
test,T2,24.39,17.113174
test,T2,24.39,17.375793
test,T2,24.39,16.677252
test,T2,24.39,18.254538
test,T2,24.419926,17.522718
test,T2,24.494926,16.253733
test,T2,24.54,17.824594
test,T2,24.54,17.686361
test,T2,24.54,16.61444
test,T2,24.54,17.724062
test,T2,24.54,17.808535
test,T2,24.54,17.37985
test,T2,24.54,18.101393
test,T2,24.45222,16.368866
test,T2,24.23222,17.410803
test,T2,24.1,17.514711
test,T2,24.1,17.22719
test,T2,24.1,17.306479
test,T2,24.1,16.97212
test,T2,24.1,16.15573
test,T2,24.1,17.48252
test,T2,24.1,17.019167
test,T2,24.212,17.017859
test,T2,24.492,18.296417
test,T2,24.66,17.997164
test,T2,24.66,18.334562
test,T2,24.66,18.733868
test,T2,24.66,16.98028
test,T2,24.66,16.132078
test,T2,24.66,16.5662
test,T2,24.66,17.76457
test,T2,24.54,16.966919
test,T2,24.24,15.698192
test,T2,24.06,16.804258
test,T2,24.06,17.581263
test,T2,24.06,18.00744
test,T2,24.06,16.739162
test,T2,24.06,17.017931
test,T2,24.06,16.731693
test,T2,24.06,16.518667
test,T2,23.822,16.956003
test,T2,23.227,18.253656
test,T2,22.87,17.599367
test,T2,22.87,17.463709
test,T2,22.87,15.524209
test,T2,22.87,16.040676
test,T2,22.87,17.5992
test,T2,22.87,17.21951
test,T2,22.87,17.715004
test,T2,23.015635,17.111322
test,T2,23.380634,17.372833
test,T2,23.6,16.871542
test,T2,23.6,17.530188
test,T2,23.6,16.624123
test,T2,23.6,16.411573
test,T2,23.6,17.809538
test,T2,23.6,18.419838
test,T2,23.6,18.220406
test,T2,23.958,18.098375
test,T2,24.853,17.690874
test,T2,25.39,17.351862
test,T2,25.39,17.938631
test,T2,25.39,18.881422
test,T2,25.39,17.713488
test,T2,25.39,17.344734
test,T2,25.39,18.976324
test,T2,25.39,19.365034
test,T2,25.214436,18.511257
test,T2,24.774435,19.271776
test,T2,24.51,18.159618
test,T2,24.51,17.831705
test,T2,24.51,18.37826
test,T2,24.51,17.044245
test,T2,24.51,16.637209
test,T2,24.51,17.16424
test,T2,24.51,17.285933
test,T2,24.633694,17.669024
test,T2,24.943693,17.299381
test,T2,25.13,18.191433
test,T2,25.13,19.5746
test,T2,25.13,17.79489
test,T2,25.13,17.89456
test,T2,25.13,17.084139
test,T2,25.13,15.947258
test,T2,25.13,15.807532
test,T2,24.95,16.333916
test,T2,24.5,16.182684
test,T2,24.23,15.713644
test,T2,24.23,16.449392
test,T2,24.23,16.948503
test,T2,24.23,17.472635
test,T2,24.23,17.488989
test,T2,24.23,16.50886
test,T2,24.23,18.044115
test,T2,24.231995,17.155731
test,T2,24.236996,15.930242
test,T2,24.24,16.993555
test,T2,24.24,17.522966
test,T2,24.24,17.47409
test,T2,24.24,17.39643
test,T2,24.24,18.42019
test,T2,24.24,19.772493
test,T2,24.24,19.4339
test,T2,24.441496,17.958576
test,T2,24.946495,18.105028
test,T2,25.25,18.172487
test,T2,25.25,17.359934
test,T2,25.25,17.512651
test,T2,25.25,16.493382
test,T2,25.25,16.5812
test,T2,25.25,17.158052
test,T2,25.25,17.76654
test,T2,25.39,20.5706
test,T2,25.74,20.980309
test,T2,25.95,19.011667
test,T2,25.95,19.003487
test,T2,25.95,18.254812
test,T2,25.95,17.652018
test,T2,25.95,17.606867
test,T2,25.95,16.914385
test,T2,25.95,17.68915
test,T2,25.642,17.680666
test,T2,24.872,17.928263
test,T2,24.41,16.525728
test,T2,24.41,16.03504
test,T2,24.41,14.344336
test,T2,24.41,14.277772
test,T2,24.41,15.076817
test,T2,24.41,15.295071
test,T2,24.41,15.34914
test,T2,24.26,15.685127
test,T2,23.885,16.638617
test,T2,23.66,16.690407
test,T2,23.66,16.545334
test,T2,23.66,16.99449
test,T2,23.66,17.188366
test,T2,23.66,16.051804
test,T2,23.66,15.541843
test,T2,23.66,17.22141
test,T2,23.91935,18.498472
test,T2,24.56935,18.104404
test,T2,24.96,17.22225
test,T2,24.96,18.09287
test,T2,24.96,18.14752
test,T2,24.96,17.122707
test,T2,24.96,15.951235
test,T2,24.96,17.241404
test,T2,24.96,17.816824
test,T2,24.82833,17.705116
test,T2,24.49833,17.88466
test,T2,24.3,18.098454
test,T2,24.3,17.708601
test,T2,24.3,17.379099
test,T2,24.3,16.871824
test,T2,24.3,16.933474
test,T2,24.3,18.003208
test,T2,24.3,16.922152
test,T2,24.138,15.761353
test,T2,23.733,16.050602
test,T2,23.49,16.37033
test,T2,23.49,16.744242
test,T2,23.49,16.085169
test,T2,23.49,17.638395
test,T2,23.49,18.094538
test,T2,23.49,17.62177
test,T2,23.49,16.572058
test,T2,23.639626,16.211954
test,T2,24.014626,17.912748
test,T2,24.24,19.207785
test,T2,24.24,18.412912
test,T2,24.24,18.2684
test,T2,24.24,17.251762
test,T2,24.24,16.367083
test,T2,24.24,17.941795
test,T2,24.24,18.512804
test,T2,23.970675,17.934053
test,T2,23.295675,19.432415
test,T2,22.89,19.777895
test,T2,22.89,18.12262
test,T2,22.89,18.151632
test,T2,22.89,17.232637
test,T2,22.89,16.430302
test,T2,22.89,17.982447
test,T2,22.89,17.71549
test,T2,22.674534,16.30179
test,T2,22.134535,16.722172
test,T2,21.81,17.353167
test,T2,21.81,17.644522
test,T2,21.81,17.45772
test,T2,21.81,18.326813
test,T2,21.81,18.932299
test,T2,21.81,17.171074
test,T2,21.81,17.13553
test,T2,21.94566,20.025082
test,T2,22.28566,18.824598
test,T2,22.49,19.468294
test,T2,22.49,21.77732
test,T2,22.49,20.584202
test,T2,22.49,21.18663
test,T2,22.49,20.594563
test,T2,22.49,18.743227
test,T2,22.49,19.851915
test,T2,22.49,19.582949
test,T2,22.49,18.506315
test,T2,22.49,18.205833
test,T2,22.49,17.73846
test,T2,22.49,17.273302
test,T2,22.49,17.139887
test,T2,22.49,17.672956
test,T2,22.49,17.376074
test,T2,22.49,18.531324
test,T2,22.89,20.028728
test,T2,23.89,20.350904
test,T2,24.49,19.580072
test,T2,24.49,18.899858
test,T2,24.49,18.563803
test,T2,24.49,18.580818
test,T2,24.49,18.837648
test,T2,24.49,17.972486
test,T2,24.49,18.582434
test,T2,24.698,17.915005
test,T2,25.218,17.825613
test,T2,25.53,18.50426
test,T2,25.53,17.837046
test,T2,25.53,17.382456
test,T2,25.53,16.377071
test,T2,25.53,17.110117
test,T2,25.53,17.63174
test,T2,25.53,17.456472
test,T2,25.368,17.246496
test,T2,24.963,17.490088
test,T2,24.72,18.162836
test,T2,24.72,17.289179
test,T2,24.72,16.821909
test,T2,24.72,16.029747
test,T2,24.72,16.467142
test,T2,24.72,18.80816
test,T2,24.72,19.972742
test,T2,24.985329,19.153156
test,T2,25.650328,18.912775
test,T2,26.05,18.235285
test,T2,26.05,17.400366
test,T2,26.05,18.320875
test,T2,26.05,19.009184
test,T2,26.05,18.935287
test,T2,26.05,17.760649
test,T2,26.05,17.459303
test,T2,26.49,17.254385
test,T2,27.59,17.662325
test,T2,28.25,17.42938
test,T2,28.25,16.922522
test,T2,28.25,17.592684
test,T2,28.25,17.5475
test,T2,28.25,17.112059
test,T2,28.25,17.581034
test,T2,28.25,17.911455
test,T2,28.452,18.241121
test,T2,28.957,18.245703
test,T2,29.26,17.386055
test,T2,29.26,17.150995
test,T2,29.26,18.85351
test,T2,29.26,17.47527
test,T2,29.26,16.617823
test,T2,29.26,18.358526
test,T2,29.26,18.365551
test,T2,29.418,18.121931
test,T2,29.813,18.500216
test,T2,30.05,18.063032
test,T2,30.05,18.604174
test,T2,30.05,17.780312
test,T2,30.05,17.231382
test,T2,30.05,16.301268
test,T2,30.05,15.610662
test,T2,30.05,17.130873
test,T2,30.032045,18.162874
test,T2,29.987045,18.281658
test,T2,29.96,16.441174
test,T2,29.96,15.642681
test,T2,29.96,17.961735
test,T2,29.96,17.214779
test,T2,29.96,15.73903
test,T2,29.96,17.282701
test,T2,29.96,17.632734
test,T2,29.702,16.184332
test,T2,29.057,12.506435
test,T2,28.67,11.580816
test,T2,28.67,15.131691
test,T2,28.67,17.187479
test,T2,28.67,16.693016
test,T2,28.67,16.729326
test,T2,28.67,17.057953
test,T2,28.67,17.484524
test,T2,28.594,17.92822
test,T2,28.404,16.910093
test,T2,28.29,15.307358
test,T2,28.29,15.099972
test,T2,28.29,15.480819
test,T2,28.29,15.284224
test,T2,28.29,15.082428
test,T2,28.29,15.475777
test,T2,28.29,16.089201
test,T2,28.319925,17.420828
test,T2,28.394926,18.454994
test,T2,28.44,18.933964
test,T2,28.44,18.396498
test,T2,28.44,16.06407
test,T2,28.44,14.353719
test,T2,28.44,18.386835
test,T2,28.44,20.494928
test,T2,28.44,18.322386
test,T2,28.461945,17.450459
test,T2,28.516945,16.76232
test,T2,28.55,19.650003
test,T2,28.55,20.095257
test,T2,28.55,14.205701
test,T2,28.55,13.958214
test,T2,28.55,15.581333
test,T2,28.55,15.803442
test,T2,28.55,16.59675
test,T2,28.714,15.582555
test,T2,29.124,16.21525
test,T2,29.37,16.702791
test,T2,29.37,17.098495
test,T2,29.37,17.267931
test,T2,29.37,17.119192
test,T2,29.37,16.765509
test,T2,29.37,16.78434
test,T2,29.37,16.783926
test,T2,29.53559,17.307621
test,T2,29.950588,16.763254
test,T2,30.2,17.003653
test,T2,30.2,17.342287
test,T2,30.2,17.94797
test,T2,30.2,17.682512
test,T2,30.2,16.672419
test,T2,30.2,16.208261
test,T2,30.2,17.394201
test,T2,30.386,18.002192
test,T2,30.851,17.045162
test,T2,31.13,17.187502
test,T2,31.13,18.417362
test,T2,31.13,17.945116
test,T2,31.13,18.603476
test,T2,31.13,18.2768
test,T2,31.13,16.621157
test,T2,31.13,16.955336
test,T2,31.006,17.62039
test,T2,30.696,18.017698
test,T2,30.51,16.969814
test,T2,30.51,15.177546
test,T2,30.51,13.875909
test,T2,30.51,16.260176
test,T2,30.51,18.988138
test,T2,30.51,17.840807
test,T2,30.51,17.466076
test,T2,30.35,18.140852
test,T2,29.95,17.900599
test,T2,29.71,18.547928
test,T2,29.71,17.366516
test,T2,29.71,17.470303
test,T2,29.71,16.95851
test,T2,29.71,17.089222
test,T2,29.71,17.55433
test,T2,29.71,18.184887
test,T2,29.09,17.4988
test,T2,27.54,17.312925
test,T2,26.61,17.803343
test,T2,26.61,17.928051
test,T2,26.61,17.399305
test,T2,26.61,17.47355
test,T2,26.61,17.535805
test,T2,26.61,17.107775
test,T2,26.61,16.829823
test,T2,26.156,17.030624
test,T2,25.021,17.499092
test,T2,24.34,17.665003
test,T2,24.34,17.768526
test,T2,24.34,18.005888
test,T2,24.34,17.965082
test,T2,24.34,18.365309
test,T2,24.34,19.92451
test,T2,24.34,20.308413
test,T2,24.41182,19.36474
test,T2,24.59182,19.722342
test,T2,24.7,19.295782
test,T2,24.7,19.42245
test,T2,24.7,19.74957
test,T2,24.7,20.186419
test,T2,24.7,19.417543
test,T2,24.7,19.24277
test,T2,24.7,20.302294
test,T2,24.77182,20.267565
test,T2,24.95182,20.786007
test,T2,25.06,19.6197
test,T2,25.06,18.803429
test,T2,25.06,19.555565
test,T2,25.06,19.771917
test,T2,25.06,19.09104
test,T2,25.06,17.913176
test,T2,25.06,17.299145
test,T2,24.864,17.479212
test,T2,24.374,17.27321
test,T2,24.08,17.481007
test,T2,24.08,18.548815
test,T2,24.08,18.567648
test,T2,24.08,17.697283
test,T2,24.08,17.270964
test,T2,24.08,17.523363
test,T2,24.08,17.790884
test,T2,24.254,17.776382
test,T2,24.689,17.62546
test,T2,24.95,18.79214
test,T2,24.95,17.895342
test,T2,24.95,18.525219
test,T2,24.95,18.83761
test,T2,24.95,18.382435
test,T2,24.95,17.974216
test,T2,24.95,17.889389
test,T2,25.118,18.657492
test,T2,25.538,18.885572
test,T2,25.79,17.685518
test,T2,25.79,18.414518
test,T2,25.79,18.753113
test,T2,25.79,17.97452
test,T2,25.79,18.474577
test,T2,25.79,18.404036
test,T2,25.79,18.213148
test,T2,25.782,18.10032
test,T2,25.762,18.137888
test,T2,25.75,18.827892
test,T2,25.75,18.905743
test,T2,25.75,18.665522
test,T2,25.75,18.464188
test,T2,25.75,18.405045
test,T2,25.75,18.252562
test,T2,25.75,18.935324
test,T2,26.246,17.665668
test,T2,27.486,16.786127
test,T2,28.23,18.306555
test,T2,28.23,18.97447
test,T2,28.23,16.747557
test,T2,28.23,15.254673
test,T2,28.23,16.63037
test,T2,28.23,17.61253
test,T2,28.23,17.22088
test,T2,28.574,16.805418
test,T2,29.434,16.857752
test,T2,29.95,16.39866
test,T2,29.95,16.908455
test,T2,29.95,17.072668
test,T2,29.95,16.467062
test,T2,29.95,16.704782
test,T2,29.95,16.435465
test,T2,29.95,17.016752
test,T2,30.278,17.073103
test,T2,31.098,17.037432
test,T2,31.59,17.40758
test,T2,31.59,17.035772
test,T2,31.59,16.279627
test,T2,31.59,17.636595
test,T2,31.59,17.39337
test,T2,31.59,16.867678
test,T2,31.59,17.259619
test,T2,31.498,17.55131
test,T2,31.268,17.12131
test,T2,31.13,16.746199
test,T2,31.13,16.099867
test,T2,31.13,16.79326
test,T2,31.13,16.57089
test,T2,31.13,16.871853
test,T2,31.13,17.197659
test,T2,31.13,17.021006
test,T2,30.966,17.033003
test,T2,30.556,16.339016
test,T2,30.31,16.833046
test,T2,30.31,17.320114
test,T2,30.31,17.483421
test,T2,30.31,17.556286
test,T2,30.31,17.782915
test,T2,30.31,16.683409
test,T2,30.31,15.902895
test,T2,30.17035,16.983734
test,T2,29.82035,17.331139
test,T2,29.61,17.753416
test,T2,29.61,17.236979
test,T2,29.61,17.661379
test,T2,29.61,18.727283
test,T2,29.61,18.697813
test,T2,29.61,18.227346
test,T2,29.61,18.181768
test,T2,29.731697,18.12383
test,T2,30.036697,18.684763
test,T2,30.22,18.616293
test,T2,30.22,18.191618
test,T2,30.22,18.283098
test,T2,30.22,18.042925
test,T2,30.22,17.874434
test,T2,30.22,17.870611
test,T2,30.22,18.490927
test,T2,30.298,18.802778
test,T2,30.493,18.832415
test,T2,30.61,17.842733
test,T2,30.61,17.96581
test,T2,30.61,18.231865
test,T2,30.61,18.348528
test,T2,30.61,17.952328
test,T2,30.61,16.910303
test,T2,30.61,17.242096
test,T2,30.35065,18.096872
test,T2,29.70065,16.471714
test,T2,29.31,16.43745
test,T2,29.31,16.718538
test,T2,29.31,15.593874
test,T2,29.31,15.635357
test,T2,29.31,17.242775
test,T2,29.31,17.431646
test,T2,29.31,17.204454
test,T2,29.192291,17.364763
test,T2,28.897291,17.060806
test,T2,28.72,16.588293
test,T2,28.72,16.907854
test,T2,28.72,17.224127
test,T2,28.72,16.6757
test,T2,28.72,16.10476
test,T2,28.72,15.921433
test,T2,28.72,15.531633
test,T2,28.754,16.107836
test,T2,28.839,16.96583
test,T2,28.89,15.82257
test,T2,28.89,14.029164
test,T2,28.89,14.588646
test,T2,28.89,15.57744
test,T2,28.89,17.196825
test,T2,28.89,16.150274
test,T2,28.89,17.09282
test,T2,29.16,16.28396
test,T2,29.835,16.393124
test,T2,30.24,17.154379
test,T2,30.24,16.54041
test,T2,30.24,15.76804
test,T2,30.24,13.887497
test,T2,30.24,14.7121
test,T2,30.24,16.830465
test,T2,30.24,17.735342
test,T2,30.046486,17.31291
test,T2,29.561485,17.55145
test,T2,29.27,18.10701
test,T2,29.27,16.94169
test,T2,29.27,15.742045
test,T2,29.27,14.424843
test,T2,29.27,14.518565
test,T2,29.27,15.093025
test,T2,29.27,16.54991
test,T2,29.27399,17.565697
test,T2,29.28399,17.798908
test,T2,29.29,17.526686
test,T2,29.29,16.855747
test,T2,29.29,17.902067
test,T2,29.29,17.059881
test,T2,29.29,16.638628
test,T2,29.29,16.382639
test,T2,29.29,16.593302
test,T2,29.328,15.817854
test,T2,29.423,14.960183
test,T2,29.48,16.767944
test,T2,29.48,17.229216
test,T2,29.48,16.953554
test,T2,29.48,17.701311
test,T2,29.48,17.39942
test,T2,29.48,17.191322
test,T2,29.48,18.130907
test,T2,29.65,17.484312
test,T2,30.075,17.883821
test,T2,30.33,17.979603
test,T2,30.33,17.294134
test,T2,30.33,17.372433
test,T2,30.33,15.879917
test,T2,30.33,15.93282
test,T2,30.33,17.709034
test,T2,30.33,17.398455
test,T2,30.214,17.235373
test,T2,29.924,16.634987
test,T2,29.75,16.049572
test,T2,29.75,16.721811
test,T2,29.75,17.616762
test,T2,29.75,18.076315
test,T2,29.75,17.597063
test,T2,29.75,17.205412
test,T2,29.75,17.66826
test,T2,29.748,16.687855
test,T2,29.743,16.28598
test,T2,29.74,17.02376
test,T2,29.74,17.092691
test,T2,29.74,17.679115
test,T2,29.74,17.078678
test,T2,29.74,16.247572
test,T2,29.74,16.816092
test,T2,29.74,18.337435
test,T2,29.54449,18.895523
test,T2,29.05449,18.687326
test,T2,28.76,19.03432
test,T2,28.76,18.471039
test,T2,28.76,17.357988
test,T2,28.76,17.822718
test,T2,28.76,18.290663
test,T2,28.76,18.295713
test,T2,28.76,18.21454
test,T2,28.540545,18.127554
test,T2,27.990545,18.005018
test,T2,27.66,18.507128
test,T2,27.66,18.161524
test,T2,27.66,17.439978
test,T2,27.66,17.784536
test,T2,27.66,17.602865
test,T2,27.66,16.149075
test,T2,27.66,16.092564
test,T2,27.724,16.88006
test,T2,27.884,17.564495
test,T2,27.98,18.663126
test,T2,27.98,18.621115
test,T2,27.98,18.666147
test,T2,27.98,19.860361
test,T2,27.98,19.529922
test,T2,27.98,18.116713
test,T2,27.98,19.29869
test,T2,28.232,21.007456
test,T2,28.862,20.133574
test,T2,29.24,21.07202
test,T2,29.24,19.234476
test,T2,29.24,19.11466
test,T2,29.24,19.761362
test,T2,29.24,20.242252
test,T2,29.24,20.059357
test,T2,29.24,19.443476
test,T2,29.394,18.460283
test,T2,29.779,18.069538
test,T2,30.01,18.861568
test,T2,30.01,18.764002
test,T2,30.01,19.092344
test,T2,30.01,19.474733
test,T2,30.01,18.74839
test,T2,30.01,18.258703
test,T2,30.01,18.497427
test,T2,30.002,17.338295
test,T2,29.982,17.174536
test,T2,29.97,16.911081
test,T2,29.97,17.8048
test,T2,29.97,18.189508
test,T2,29.97,17.914225
test,T2,29.97,17.399755
test,T2,29.97,18.056126
test,T2,29.97,18.893324
test,T2,29.948,18.374632
test,T2,29.893,19.140072
test,T2,29.86,18.298079
test,T2,29.86,15.966799
test,T2,29.86,15.90249
test,T2,29.86,18.549128
test,T2,29.86,17.808489
test,T2,29.86,16.375334
test,T2,29.86,17.084103
test,T2,29.802,17.956781
test,T2,29.657,17.497927
test,T2,29.57,16.829115
test,T2,29.57,17.57695
test,T2,29.57,17.117517
test,T2,29.57,16.778936
test,T2,29.57,15.330027
test,T2,29.57,16.912863
test,T2,29.57,17.507004
test,T2,29.488205,16.08255
test,T2,29.283205,15.628204
test,T2,29.16,17.90325
test,T2,29.16,18.383059
test,T2,29.16,17.007805
test,T2,29.16,16.245827
test,T2,29.16,15.5530615
test,T2,29.16,16.051561
test,T2,29.16,16.539152
test,T2,29.122095,18.85009
test,T2,29.027096,19.839394
test,T2,28.97,17.238821
test,T2,28.97,15.496344
test,T2,28.97,16.068281
test,T2,28.97,17.414625
test,T2,28.97,19.020218
test,T2,28.97,20.90552
test,T2,28.97,21.248686
test,T2,29.008,20.797447
test,T2,29.103,19.608278
test,T2,29.16,19.827162
test,T2,29.16,20.115862
test,T2,29.16,20.668798
test,T2,29.16,20.54833
test,T2,29.16,20.390196
test,T2,29.16,20.211624
test,T2,29.16,20.173845
test,T2,29.4,20.348602
test,T2,30.0,21.461838
test,T2,30.36,19.643642
test,T2,30.36,19.87266
test,T2,30.36,20.395403
test,T2,30.36,20.025373
test,T2,30.36,19.060389
test,T2,30.36,18.10071
test,T2,30.36,18.034466
test,T2,30.08469,17.411108
test,T2,29.39469,17.238634
test,T2,28.98,17.75979
test,T2,28.98,17.70332
test,T2,28.98,17.497492
test,T2,28.98,19.161734
test,T2,28.98,18.41633
test,T2,28.98,17.087667
test,T2,28.98,17.884953
test,T2,29.08,18.604155
test,T2,29.33,18.83964
test,T2,29.48,18.71472
test,T2,29.48,18.733135
test,T2,29.48,18.082731
test,T2,29.48,17.596552
test,T2,29.48,18.259672
test,T2,29.48,18.318727
test,T2,29.48,16.948563
test,T2,29.352,17.260899
test,T2,29.032,17.10235
test,T2,28.84,16.464777
test,T2,28.84,16.510561
test,T2,28.84,17.930056
test,T2,28.84,17.748886
test,T2,28.84,16.310238
test,T2,28.84,16.274412
test,T2,28.84,16.736128
test,T2,29.001595,16.34825
test,T2,29.406595,16.596643
test,T2,29.65,16.791441
test,T2,29.65,16.665442
test,T2,29.65,17.21689
test,T2,29.65,17.966333
test,T2,29.65,18.180456
test,T2,29.65,17.803385
test,T2,29.65,17.822466
test,T2,29.598,17.362852
test,T2,29.468,17.067865
test,T2,29.39,17.692253
test,T2,29.39,16.985662
test,T2,29.39,17.34176
test,T2,29.39,19.201126
test,T2,29.39,19.799162
test,T2,29.39,19.36374
test,T2,29.39,19.009096
test,T2,29.502,19.092537
test,T2,29.782,19.180826
test,T2,29.95,19.52785
test,T2,29.95,20.312986
test,T2,29.95,19.896704
test,T2,29.95,19.111006
test,T2,29.95,19.213602
test,T2,29.95,19.331512
test,T2,29.95,19.28699
test,T2,29.692,17.759218
test,T2,29.047,16.285528
test,T2,28.66,16.058659
test,T2,28.66,16.025354
test,T2,28.66,16.522755
test,T2,28.66,16.00071
test,T2,28.66,16.130758
test,T2,28.66,15.805992
test,T2,28.66,16.88407
test,T2,28.766,17.27223
test,T2,29.031,17.810976
test,T2,29.19,17.60233
test,T2,29.19,16.860968
test,T2,29.19,17.262753
test,T2,29.19,16.866983
test,T2,29.19,16.93852
test,T2,29.19,17.362808
test,T2,29.19,17.247211
test,T2,29.172,17.37641
test,T2,29.127,17.841623
test,T2,29.1,17.842255
test,T2,29.1,17.446358
test,T2,29.1,16.864714
test,T2,29.1,17.758244
test,T2,29.1,18.792913
test,T2,29.1,19.302927
test,T2,29.1,18.523901
test,T2,29.114,18.021748
test,T2,29.149,17.919554
test,T2,29.17,17.729546
test,T2,29.17,18.591642
test,T2,29.17,18.745592
test,T2,29.17,18.957056
test,T2,29.17,17.661718
test,T2,29.17,17.163134
test,T2,29.17,18.39304
test,T2,29.209902,18.487032
test,T2,29.3099,17.754198
test,T2,29.37,17.530197
test,T2,29.37,17.945936
test,T2,29.37,17.313591
test,T2,29.37,16.90313
test,T2,29.37,17.12375
test,T2,29.37,17.018896
test,T2,29.37,17.557058
test,T2,29.528,17.60439
test,T2,29.923,17.99948
test,T2,30.16,18.311228
test,T2,30.16,17.855507
test,T2,30.16,17.361675
test,T2,30.16,16.870878
test,T2,30.16,16.732378
test,T2,30.16,16.761568
test,T2,30.16,16.127558
test,T2,30.376,16.680223
test,T2,30.916,17.03969
test,T2,31.24,16.68652
test,T2,31.24,17.016233
test,T2,31.24,17.423218
test,T2,31.24,17.028923
test,T2,31.24,16.472155
test,T2,31.24,17.332008
test,T2,31.24,17.831343
test,T2,31.276,18.56749
test,T2,31.366,18.590326
test,T2,31.42,17.115705
test,T2,31.42,16.967005
test,T2,31.42,16.670437
test,T2,31.42,17.605082
test,T2,31.42,18.138414
test,T2,31.42,17.429268
test,T2,31.42,17.174002
test,T2,30.422476,17.08938
test,T2,27.922476,16.965479
test,T2,26.42,16.77167
test,T2,26.42,16.153952
test,T2,26.42,17.17705
test,T2,26.42,18.496702
test,T2,26.42,18.234282
test,T2,26.42,17.845112
test,T2,26.42,17.50569
test,T2,25.9655,17.374994
test,T2,24.4505,16.419039
test,T2,23.39,15.765228
test,T2,23.39,16.104418
test,T2,23.39,16.185692
test,T2,23.39,15.655252
test,T2,23.39,16.090605
test,T2,23.39,17.352385
test,T2,23.39,16.78065
test,T2,23.312,16.400755
test,T2,23.117,15.897758
test,T2,23.0,15.735701
test,T2,23.0,16.652136
test,T2,23.0,17.196524
test,T2,23.0,16.771418
test,T2,23.0,16.63151
test,T2,23.0,17.095015
test,T2,23.0,17.495543
test,T2,23.104,16.810955
test,T2,23.364,16.831978
test,T2,23.52,17.754494
test,T2,23.52,17.654009
test,T2,23.52,17.375273
test,T2,23.52,17.542051
test,T2,23.52,16.344776
test,T2,23.52,16.264887
test,T2,23.52,17.171148
test,T2,23.390335,17.591017
test,T2,23.065334,18.092714
test,T2,22.87,17.103178
test,T2,22.87,16.58864
test,T2,22.87,17.070866
test,T2,22.87,17.360415
test,T2,22.87,17.494328
test,T2,22.87,16.714973
test,T2,22.87,17.059172
test,T2,22.812,17.7419
test,T2,22.667,18.055891
test,T2,22.58,17.033253
test,T2,22.58,15.6435585
test,T2,22.58,14.081736
test,T2,22.58,14.876951
test,T2,22.58,15.314878
test,T2,22.58,15.150782
test,T2,22.58,16.652998
test,T2,22.592,16.197416
test,T2,22.622,18.119413
test,T2,22.64,16.107136
test,T2,22.64,17.439745
test,T2,22.64,21.405802
test,T2,22.64,21.459337
test,T2,22.64,20.228004
test,T2,22.64,19.477564
test,T2,22.64,18.762012
test,T2,23.03501,18.460306
test,T2,24.02501,17.901808
test,T2,24.62,18.660112
test,T2,24.62,19.081696
test,T2,24.62,19.075792
test,T2,24.62,19.945875
test,T2,24.62,21.480837
test,T2,24.62,19.254747
test,T2,24.62,18.562937
test,T2,25.023,18.676624
test,T2,26.033,18.699446
test,T2,26.64,18.64454
test,T2,26.64,18.124006
test,T2,26.64,18.243538
test,T2,26.64,18.192415
test,T2,26.64,17.621933
test,T2,26.64,17.912077
test,T2,26.64,18.660843
test,T2,26.734,18.069262
test,T2,26.969,18.259134
test,T2,27.11,18.271753
test,T2,27.11,18.140001
test,T2,27.11,17.47951
test,T2,27.11,18.16621
test,T2,27.11,18.542604
test,T2,27.11,18.582834
test,T2,27.11,18.614674
test,T2,27.22172,19.298773
test,T2,27.50172,16.85609
test,T2,27.67,16.742353
test,T2,27.67,16.620829
test,T2,27.67,16.141417
test,T2,27.67,16.39481
test,T2,27.67,17.442232
test,T2,27.67,18.244215
test,T2,27.67,16.851583
test,T2,26.904,16.684862
test,T2,24.989,16.777115
test,T2,23.84,15.806474
test,T2,23.84,17.232237
test,T2,23.84,16.437294
test,T2,23.84,16.440636
test,T2,23.84,17.412256
test,T2,23.84,16.462673
test,T2,23.84,16.459131
test,T2,23.588,15.675436
test,T2,22.958,15.322626
test,T2,22.58,14.423535
test,T2,22.58,16.200583
test,T2,22.58,19.443491
test,T2,22.58,21.302965
test,T2,22.58,20.436907
test,T2,22.58,17.783419
test,T2,22.58,18.149786
test,T2,23.503708,20.092745
test,T2,25.818708,20.149591
test,T2,27.21,19.35441
test,T2,27.21,20.444239
test,T2,27.21,20.738876
test,T2,27.21,19.734463
test,T2,27.21,20.436071
test,T2,27.21,19.40283
test,T2,27.21,18.872545
test,T2,27.736,19.351665
test,T2,29.051,18.602928
test,T2,29.84,16.399988
test,T2,29.84,14.989404
test,T2,29.84,17.229462
test,T2,29.84,18.275412
test,T2,29.84,17.740084
test,T2,29.84,17.589064
test,T2,29.84,17.809647
test,T2,29.598604,17.946907
test,T2,28.993605,17.657732
test,T2,28.63,17.696413
test,T2,28.63,16.505209
test,T2,28.63,18.187872
test,T2,28.63,17.08993
test,T2,28.63,17.27817
test,T2,28.63,15.14291
test,T2,28.63,14.681671
test,T2,28.612,17.422697
test,T2,28.567,18.012367
test,T2,28.54,17.091383
test,T2,28.54,17.842093
test,T2,28.54,18.596203
test,T2,28.54,18.406998
test,T2,28.54,19.029963
test,T2,28.54,19.54838
test,T2,28.54,19.429787
test,T2,28.606,19.989412
test,T2,28.771,18.071024
test,T2,28.87,17.131998
test,T2,28.87,17.310667
test,T2,28.87,17.753298
test,T2,28.87,17.201853
test,T2,28.87,17.43931
test,T2,28.87,17.841635
test,T2,28.87,17.945456
test,T2,28.987707,17.229021
test,T2,29.282707,16.374147
test,T2,29.46,17.281195
test,T2,29.46,17.552359
test,T2,29.46,17.035429
test,T2,29.46,18.10849
test,T2,29.46,18.766472
test,T2,29.46,19.046745
test,T2,29.46,18.338587
test,T2,29.658,19.01742
test,T2,30.153,18.592108
test,T2,30.45,18.386198
test,T2,30.45,18.351759
test,T2,30.45,18.209347
test,T2,30.45,18.338762
test,T2,30.45,17.938246
test,T2,30.45,18.1194
test,T2,30.45,17.29017
test,T2,30.368,18.726841
test,T2,30.163,17.764894
test,T2,30.04,15.89563
test,T2,30.04,15.891722
test,T2,30.04,17.043348
test,T2,30.04,17.752281
test,T2,30.04,16.88862
test,T2,30.04,15.040568
test,T2,30.04,15.0123825
test,T2,30.09,14.663981
test,T2,30.215,16.001677
test,T2,30.29,18.233717
test,T2,30.29,17.836964
test,T2,30.29,19.422974
test,T2,30.29,16.428047
test,T2,30.29,16.085455
test,T2,30.29,16.751184
test,T2,30.29,17.31561
test,T2,30.35,16.700472
test,T2,30.5,16.591629
test,T2,30.59,17.066072
test,T2,30.59,16.12898
test,T2,30.59,16.170027
test,T2,30.59,16.41001
test,T2,30.59,14.594747
test,T2,30.59,15.699301
test,T2,30.59,15.186301
test,T2,30.596,16.899822
test,T2,30.611,18.343527
test,T2,30.62,17.672031
test,T2,30.62,17.21883
test,T2,30.62,17.289942
test,T2,30.62,18.167097
test,T2,30.62,16.785517
test,T2,30.62,16.037655
test,T2,30.62,18.070366
test,T2,30.598,17.339298
test,T2,30.543,18.01232
test,T2,30.51,17.391928
test,T2,30.51,17.271498
test,T2,30.51,17.541094
test,T2,30.51,17.241766
test,T2,30.51,17.938272
test,T2,30.51,18.043346
test,T2,30.51,16.561634
test,T2,30.432,17.098436
test,T2,30.237,17.606413
test,T2,30.12,17.899954
test,T2,30.12,17.09085
test,T2,30.12,15.884504
test,T2,30.12,17.642591
test,T2,30.12,17.862299
test,T2,30.12,15.264979
test,T2,30.12,16.65277
test,T2,29.984,18.095675
test,T2,29.644,17.740145
test,T2,29.44,16.946497
test,T2,29.44,16.365976
test,T2,29.44,16.428349
test,T2,29.44,17.514647
test,T2,29.44,18.716375
test,T2,29.44,17.359499
test,T2,29.44,16.329128
test,T2,29.312,17.269333
test,T2,28.992,17.690231
test,T2,28.8,17.469412
test,T2,28.8,17.977438
test,T2,28.8,18.088087
test,T2,28.8,18.452291
test,T2,28.8,18.848167
test,T2,28.8,17.83033
test,T2,28.8,17.934298
test,T2,28.7,18.465113
test,T2,28.45,18.6138
test,T2,28.3,18.373697
test,T2,28.3,16.66503
test,T2,28.3,16.570326
test,T2,28.3,16.665182
test,T2,28.3,17.421251
test,T2,28.3,17.46052
test,T2,28.3,17.71248
test,T2,28.398,18.642786
test,T2,28.643,19.36991
test,T2,28.79,18.324467
test,T2,28.79,17.047789
test,T2,28.79,17.866861
test,T2,28.79,18.256516
test,T2,28.79,18.287344
test,T2,28.79,18.753798
test,T2,28.79,18.457174
test,T2,28.858,18.711756
test,T2,29.028,17.883163
test,T2,29.13,17.194319
test,T2,29.13,17.80101
test,T2,29.13,19.198523
test,T2,29.13,18.357954
test,T2,29.13,17.639864
test,T2,29.13,17.950209
test,T2,29.13,17.725042
test,T2,28.768906,16.986721
test,T2,27.863905,18.441942
test,T2,27.32,18.631533
test,T2,27.32,17.828684
test,T2,27.32,17.26665
test,T2,27.32,17.093493
test,T2,27.32,17.750418
test,T2,27.32,18.357176
test,T2,27.32,18.70606
test,T2,27.136,16.829584
test,T2,26.676,16.66872
test,T2,26.4,17.298616
test,T2,26.4,14.305996
test,T2,26.4,14.360241
test,T2,26.4,17.702112
test,T2,26.4,17.973476
test,T2,26.4,18.133081
test,T2,26.4,17.691996
test,T2,26.585539,18.290297
test,T2,27.050539,18.72103
test,T2,27.33,18.454798
test,T2,27.33,18.769747
test,T2,27.33,18.311773
test,T2,27.33,18.822676
test,T2,27.33,18.000933
test,T2,27.33,17.437483
test,T2,27.33,17.141973
test,T2,27.416,17.359327
test,T2,27.631,18.38713
test,T2,27.76,17.610956
test,T2,27.76,18.272043
test,T2,27.76,18.0759
test,T2,27.76,18.594992
test,T2,27.76,18.74948
test,T2,27.76,18.00807
test,T2,27.76,18.184435
test,T2,27.95352,19.17991
test,T2,28.43852,19.388403
test,T2,28.73,18.319832
test,T2,28.73,18.05697
test,T2,28.73,18.578165
test,T2,28.73,18.974524
test,T2,28.73,17.282259
test,T2,28.73,17.515173
test,T2,28.73,18.101204
test,T2,28.85768,17.823305
test,T2,29.17768,17.31291
test,T2,29.37,17.690548
test,T2,29.37,17.387445
test,T2,29.37,18.047693
test,T2,29.37,18.89039
test,T2,29.37,18.28561
test,T2,29.37,17.269415
test,T2,29.37,16.487356
test,T2,29.502,17.859089
test,T2,29.832,18.169798
test,T2,30.03,18.006128
test,T2,30.03,19.146456
test,T2,30.03,17.246824
test,T2,30.03,17.63078
test,T2,30.03,17.26111
test,T2,30.03,17.901209
test,T2,30.03,17.070248
test,T2,30.05394,17.133436
test,T2,30.11394,16.90808
test,T2,30.15,16.968256
test,T2,30.15,16.524916
test,T2,30.15,16.951498
test,T2,30.15,17.41296
test,T2,30.15,17.001738
test,T2,30.15,17.059961
test,T2,30.15,17.551414
test,T2,29.83,17.908045
test,T2,29.03,17.883299
test,T2,28.55,17.087568
test,T2,28.55,15.828638
test,T2,28.55,16.204475
test,T2,28.55,16.51467
test,T2,28.55,16.844557
test,T2,28.55,17.117315
test,T2,28.55,17.398115
test,T2,28.292,16.79891
test,T2,27.647,17.349014
test,T2,27.26,17.208002
test,T2,27.26,17.046366
test,T2,27.26,17.32718
test,T2,27.26,16.868963
test,T2,27.26,16.695639
test,T2,27.26,16.602106
test,T2,27.26,16.593267
test,T2,27.1024,16.842052
test,T2,26.7074,17.289967
test,T2,26.47,16.892756
test,T2,26.47,16.343267
test,T2,26.47,17.557037
test,T2,26.47,16.900635
test,T2,26.47,16.027807
test,T2,26.47,16.243132
test,T2,26.47,16.812902
test,T2,26.518,17.232615
test,T2,26.638,17.07009
test,T2,26.71,16.545034
test,T2,26.71,16.564749
test,T2,26.71,16.327013
test,T2,26.71,16.56125
test,T2,26.71,17.029799
test,T2,26.71,16.282766
test,T2,26.71,16.789968
test,T2,26.834,16.921755
test,T2,27.144,16.97827
test,T2,27.33,17.029
test,T2,27.33,16.825571
test,T2,27.33,16.588066
test,T2,27.33,17.462317
test,T2,27.33,17.216246
test,T2,27.33,16.149872
test,T2,27.33,16.447573
test,T2,27.368,16.766048
test,T2,27.463,16.321478
test,T2,27.52,16.320303
test,T2,27.52,17.004221
test,T2,27.52,16.935743
test,T2,27.52,16.525652
test,T2,27.52,16.312637
test,T2,27.52,17.11459
test,T2,27.52,17.511274
test,T2,27.38,17.15189
test,T2,27.03,17.47114
test,T2,26.82,18.13019
test,T2,26.82,17.49387
test,T2,26.82,16.485048
test,T2,26.82,16.394701
test,T2,26.82,17.344519
test,T2,26.82,16.24782
test,T2,26.82,16.723345
test,T2,27.057405,17.522924
test,T2,27.652405,16.589237
test,T2,28.01,16.515894
test,T2,28.01,17.028059
test,T2,28.01,17.28623
test,T2,28.01,17.86606
test,T2,28.01,17.621601
test,T2,28.01,17.120802
test,T2,28.01,16.99404
test,T2,28.195536,18.409262
test,T2,28.660536,18.150599
test,T2,28.94,17.028702
test,T2,28.94,16.946264
test,T2,28.94,17.206259
test,T2,28.94,19.009995
test,T2,28.94,18.309767
test,T2,28.94,18.452627
test,T2,28.94,17.93745
test,T2,28.966,16.991617
test,T2,29.031,17.109732
test,T2,29.07,17.244425
test,T2,29.07,16.754236
test,T2,29.07,17.67241
test,T2,29.07,17.605618
test,T2,29.07,16.798635
test,T2,29.07,17.483042
test,T2,29.07,15.88372
test,T2,28.95,15.661665
test,T2,28.65,16.622301
test,T2,28.47,16.65615
test,T2,28.47,17.141787
test,T2,28.47,17.296474
test,T2,28.47,16.391565
test,T2,28.47,16.682943
test,T2,28.47,18.340998
test,T2,28.47,18.375948
test,T2,28.491945,16.77168
test,T2,28.546946,16.31662
test,T2,28.58,16.877838
test,T2,28.58,18.467146
test,T2,28.58,18.388422
test,T2,28.58,18.46409
test,T2,28.58,18.588747
test,T2,28.58,18.382868
test,T2,28.58,17.69781
test,T2,28.304,16.184647
test,T2,27.614,17.432035
test,T2,27.2,17.722834
test,T2,27.2,17.194813
test,T2,27.2,17.293455
test,T2,27.2,16.928226
test,T2,27.2,16.350725
test,T2,27.2,16.415129
test,T2,27.2,16.739431
test,T2,26.976,17.933327
test,T2,26.416,17.984493
test,T2,26.08,17.124105
test,T2,26.08,16.475233
test,T2,26.08,16.91914
test,T2,26.08,17.133917
test,T2,26.08,17.65209
test,T2,26.08,17.08375
test,T2,26.08,16.232744
test,T2,25.876,15.9636755
test,T2,25.366,16.489088
test,T2,25.06,16.702469
test,T2,25.06,16.356745
test,T2,25.06,16.84606
test,T2,25.06,17.563528
test,T2,25.06,17.937464
test,T2,25.06,16.986841
test,T2,25.06,15.598595
test,T2,25.177708,14.936519
test,T2,25.472708,15.4640665
test,T2,25.65,15.265203
test,T2,25.65,16.05629
test,T2,25.65,16.023077
test,T2,25.65,17.330538
test,T2,25.65,17.508614
test,T2,25.65,16.762724
test,T2,25.65,18.242376
test,T2,25.99,17.768364
test,T2,26.84,17.130747
test,T2,27.35,17.663492
test,T2,27.35,17.75579
test,T2,27.35,17.94316
test,T2,27.35,18.083755
test,T2,27.35,17.337029
test,T2,27.35,17.061201
test,T2,27.35,17.374857
test,T2,27.546,17.844067
test,T2,28.036,18.87298
test,T2,28.33,19.530947
test,T2,28.33,19.951372
test,T2,28.33,18.384266
test,T2,28.33,17.376873
test,T2,28.33,19.295439
test,T2,28.33,20.038137
test,T2,28.33,18.985556
test,T2,28.19434,17.69036
test,T2,27.85434,17.582445
test,T2,27.65,17.078482
test,T2,27.65,17.239468
test,T2,27.65,16.815752
test,T2,27.65,17.055517
test,T2,27.65,16.45209
test,T2,27.65,17.213839
test,T2,27.65,17.37101
test,T2,27.492,16.918076
test,T2,27.097,16.669203
test,T2,26.86,17.04137
test,T2,26.86,17.672527
test,T2,26.86,17.651484
test,T2,26.86,17.539352
test,T2,26.86,17.544634
test,T2,26.86,17.614422
test,T2,26.86,17.775305
test,T2,27.128,19.240297
test,T2,27.798,19.42602
test,T2,28.2,20.064817
test,T2,28.2,20.302935
test,T2,28.2,19.066858
test,T2,28.2,18.256918
test,T2,28.2,17.560005
test,T2,28.2,17.33009
test,T2,28.2,17.020868
test,T2,28.46,17.700779
test,T2,29.11,16.973059
test,T2,29.5,16.437288
test,T2,29.5,16.434864
test,T2,29.5,16.639507
test,T2,29.5,17.428047
test,T2,29.5,17.166449
test,T2,29.5,17.124273
test,T2,29.5,17.682787
test,T2,29.505985,18.32549
test,T2,29.520985,17.799467
test,T2,29.53,17.2457
test,T2,29.53,17.778315
test,T2,29.53,18.094263
test,T2,29.53,18.155458
test,T2,29.53,16.561163
test,T2,29.53,16.334972
test,T2,29.53,17.012747
test,T2,29.398,16.800768
test,T2,29.068,16.10478
test,T2,28.87,16.521978
test,T2,28.87,16.7045
test,T2,28.87,17.371454
test,T2,28.87,16.412985
test,T2,28.87,17.480156
test,T2,28.87,17.957445
test,T2,28.87,17.186377
test,T2,28.946,17.143785
test,T2,29.136,16.382492
test,T2,29.25,17.052309
test,T2,29.25,17.669945
test,T2,29.25,17.239418
test,T2,29.25,17.346874
test,T2,29.25,17.096231
test,T2,29.25,17.29405
test,T2,29.25,17.256779
test,T2,29.176,18.21165
test,T2,28.991,17.317118
test,T2,28.88,17.895681
test,T2,28.88,18.682457
test,T2,28.88,18.829268
test,T2,28.88,19.457544
test,T2,28.88,18.554876
test,T2,28.88,18.540094
test,T2,28.88,18.463877
test,T2,27.768757,16.540855
test,T2,24.983757,16.390402
test,T2,23.31,16.998575
test,T2,23.31,16.758415
test,T2,23.31,16.928112
test,T2,23.31,17.652143
test,T2,23.31,17.998404
test,T2,23.31,18.006178
test,T2,23.31,17.175646
test,T2,23.05863,17.287912
test,T2,22.42863,17.06983
test,T2,22.05,16.387018
test,T2,22.05,17.186684
test,T2,22.05,18.028133
test,T2,22.05,17.001333
test,T2,22.05,16.459951
test,T2,22.05,17.574633
test,T2,22.05,17.328703
test,T2,21.99813,17.185562
test,T2,21.86813,17.538877
test,T2,21.79,17.46472
test,T2,21.79,16.66005
test,T2,21.79,15.208498
test,T2,21.79,14.365776
test,T2,21.79,15.754283
test,T2,21.79,16.383345
test,T2,21.79,17.846975
test,T2,22.79,18.972471
test,T2,25.29,19.13431
test,T2,26.79,18.13502
test,T2,26.79,19.718979
test,T2,26.79,22.030634
test,T2,26.79,20.078493
test,T2,26.79,19.169119
test,T2,26.79,19.987682
test,T2,26.79,19.055698
test,T2,27.516197,18.326273
test,T2,29.336199,17.859375
test,T2,30.43,16.811117
test,T2,30.43,16.694185
test,T2,30.43,16.959578
test,T2,30.43,17.100843
test,T2,30.43,17.290073
test,T2,30.43,17.415861
test,T2,30.43,17.116005
test,T2,30.33025,16.875065
test,T2,30.08025,16.827772
test,T2,29.93,16.432226
test,T2,29.93,16.454412
test,T2,29.93,16.755625
test,T2,29.93,17.236418
test,T2,29.93,17.557981
test,T2,29.93,16.887646
test,T2,29.93,15.872914
test,T2,29.72451,17.11339
test,T2,29.20951,17.81156
test,T2,28.9,17.230043
test,T2,28.9,16.011642
test,T2,28.9,16.539862
test,T2,28.9,17.514069
test,T2,28.9,17.282948
test,T2,28.9,17.364239
test,T2,28.9,17.532942
test,T2,28.752,17.593035
test,T2,28.382,17.288511
test,T2,28.16,16.711111
test,T2,28.16,15.990908
test,T2,28.16,16.244333
test,T2,28.16,16.055063
test,T2,28.16,15.587931
test,T2,28.16,15.566527
test,T2,28.16,15.45699
test,T2,28.192,17.043985
test,T2,28.272,16.910765
test,T2,28.32,16.997301
test,T2,28.32,17.435152
test,T2,28.32,17.492687
test,T2,28.32,17.451532
test,T2,28.32,17.044306
test,T2,28.32,16.915453
test,T2,28.32,16.913673
test,T2,28.018,17.445314
test,T2,27.263,18.479841
test,T2,26.81,18.350233
test,T2,26.81,17.875689
test,T2,26.81,17.0305
test,T2,26.81,15.829378
test,T2,26.81,14.710295
test,T2,26.81,15.237726
test,T2,26.81,15.391186
test,T2,26.732,16.984526
test,T2,26.537,17.198801
test,T2,26.42,16.52934
test,T2,26.42,16.938658
test,T2,26.42,17.418257
test,T2,26.42,16.158419
test,T2,26.42,15.898099
test,T2,26.42,15.861441
test,T2,26.42,16.998127
test,T2,26.52,15.699179
test,T2,26.77,15.102208
test,T2,26.92,16.61184
test,T2,26.92,16.65071
test,T2,26.92,16.554762
test,T2,26.92,16.537756
test,T2,26.92,17.0538
test,T2,26.92,17.329067
test,T2,26.92,17.182186
test,T2,27.112,16.527428
test,T2,27.592,16.261652
test,T2,27.88,16.511103
test,T2,27.88,16.687307
test,T2,27.88,17.038465
test,T2,27.88,16.850548
test,T2,27.88,17.799295
test,T2,27.88,17.74198
test,T2,27.88,17.097567
test,T2,27.79,17.743336
test,T2,27.565,17.23818
test,T2,27.43,16.564575
test,T2,27.43,16.517324
test,T2,27.43,17.29881
test,T2,27.43,18.109081
test,T2,27.43,16.900541
test,T2,27.43,16.658724
test,T2,27.43,17.224146
test,T2,27.346209,15.95959
test,T2,27.136208,17.190271
test,T2,27.01,17.52815
test,T2,27.01,16.945211
test,T2,27.01,16.736477
test,T2,27.01,15.547039
test,T2,27.01,13.797809
test,T2,27.01,15.297124
test,T2,27.01,15.696459
test,T2,27.378,16.93085
test,T2,28.298,19.843237
test,T2,28.85,19.943815
test,T2,28.85,23.581411
test,T2,28.85,21.099125
test,T2,28.85,19.917736
test,T2,28.85,21.661308
test,T2,28.85,18.852327
test,T2,28.85,19.151224
test,T2,29.382,19.688616
test,T2,30.712,19.263548
test,T2,31.51,19.005846
test,T2,31.51,18.831486
test,T2,31.51,19.865988
test,T2,31.51,19.138056
test,T2,31.51,18.176708
test,T2,31.51,17.514153
test,T2,31.51,17.125525
test,T2,31.162,18.441317
test,T2,30.292,19.805899
test,T2,29.77,19.454361
test,T2,29.77,19.825712
test,T2,29.77,18.063171
test,T2,29.77,16.879461
test,T2,29.77,18.186716
test,T2,29.77,17.437574
test,T2,29.77,18.04136
test,T2,29.859777,16.215458
test,T2,30.084778,16.81101
test,T2,30.22,19.238337
test,T2,30.22,18.48243
test,T2,30.22,16.959867
test,T2,30.22,15.307926
test,T2,30.22,15.135075
test,T2,30.22,18.176676
test,T2,30.22,18.502913
test,T2,30.528,15.398972
test,T2,31.298,14.457745
test,T2,31.76,15.61079
test,T2,31.76,16.688118
test,T2,31.76,16.02344
test,T2,31.76,17.834372
test,T2,31.76,18.159216
test,T2,31.76,17.47472
test,T2,31.76,18.880629
test,T2,31.7,18.19826
test,T2,31.55,19.671717
test,T2,31.46,16.393759
test,T2,31.46,16.53885
test,T2,31.46,17.565691
test,T2,31.46,17.552244
test,T2,31.46,17.298838
test,T2,31.46,17.547419
test,T2,31.46,17.159136
test,T2,31.444,16.063164
test,T2,31.404,17.450068
test,T2,31.38,19.439354
test,T2,31.38,17.082064
test,T2,31.38,16.687143
test,T2,31.38,17.611095
test,T2,31.38,17.130533
test,T2,31.38,18.116484
test,T2,31.38,17.467512
test,T2,31.178,17.19492
test,T2,30.673,16.474909
test,T2,30.37,16.038336
test,T2,30.37,15.77079
test,T2,30.37,15.196243
test,T2,30.37,16.019985
test,T2,30.37,16.286627
test,T2,30.37,16.823027
test,T2,30.37,16.7981
test,T2,30.25429,16.263704
test,T2,29.96429,15.727688
test,T2,29.79,17.060217
test,T2,29.79,16.653751
test,T2,29.79,17.041933
test,T2,29.79,17.492186
test,T2,29.79,16.55923
test,T2,29.79,16.780088
test,T2,29.79,15.867125
test,T2,29.78202,16.546274
test,T2,29.76202,18.106762
test,T2,29.75,17.630348
test,T2,29.75,15.5454645
test,T2,29.75,17.198406
test,T2,29.75,17.205858
test,T2,29.75,15.857989
test,T2,29.75,17.444834
test,T2,29.75,17.587353
test,T2,29.50262,16.300276
test,T2,28.88262,16.519777
test,T2,28.51,16.845385
test,T2,28.51,16.294153
test,T2,28.51,17.753748
test,T2,28.51,17.86416
test,T2,28.51,17.705013
test,T2,28.51,17.529753
test,T2,28.51,17.35036
test,T2,28.516,16.996592
test,T2,28.531,17.29365
test,T2,28.54,17.527924
test,T2,28.54,17.790033
test,T2,28.54,16.126814
test,T2,28.54,15.862639
test,T2,28.54,17.722757
test,T2,28.54,18.252344
test,T2,28.54,18.667797
test,T2,28.722,18.069532
test,T2,29.177,17.168955
test,T2,29.45,16.93392
test,T2,29.45,17.357412
test,T2,29.45,18.192276
test,T2,29.45,18.440897
test,T2,29.45,17.562431
test,T2,29.45,17.902243
test,T2,29.45,18.269882
test,T2,29.495886,18.099262
test,T2,29.610886,17.137892
test,T2,29.68,17.930794
test,T2,29.68,18.156998
test,T2,29.68,18.125982
test,T2,29.68,18.407526
test,T2,29.68,17.518553
test,T2,29.68,17.072847
test,T2,29.68,17.024412
test,T2,29.568277,16.993906
test,T2,29.288277,17.802916
test,T2,29.12,18.127203
test,T2,29.12,16.695993
test,T2,29.12,17.076662
test,T2,29.12,16.448795
test,T2,29.12,16.160578
test,T2,29.12,17.61444
test,T2,29.12,17.610315
test,T2,28.786835,15.61977
test,T2,27.951836,15.831274
test,T2,27.45,17.049793
test,T2,27.45,16.53684
test,T2,27.45,17.183561
test,T2,27.45,17.382597
test,T2,27.45,17.063787
test,T2,27.45,17.51088
test,T2,27.45,16.742569
test,T2,26.89938,15.7469015
test,T2,25.51938,16.012835
test,T2,24.69,15.545797
test,T2,24.69,16.671461
test,T2,24.69,16.434532
test,T2,24.69,15.723867
test,T2,24.69,15.846152
test,T2,24.69,15.326613
test,T2,24.69,16.191755
test,T2,24.676,15.5037
test,T2,24.641,16.60163
test,T2,24.62,17.537107
test,T2,24.62,16.77891
test,T2,24.62,19.081429
test,T2,24.62,18.37126
test,T2,24.62,16.947096
test,T2,24.62,17.162493
test,T2,24.62,18.096054
test,T2,24.48,18.664019
test,T2,24.13,17.613558
test,T2,23.92,18.747236
test,T2,23.92,17.322128
test,T2,23.92,16.35591
test,T2,23.92,16.670113
test,T2,23.92,16.44038
test,T2,23.92,16.171274
test,T2,23.92,16.122501
test,T2,23.56,17.453247
test,T2,22.66,15.519306
test,T2,22.12,13.940414
test,T2,22.12,14.654961
test,T2,22.12,16.587366
test,T2,22.12,16.594345
test,T2,22.12,16.982786
test,T2,22.12,18.336384
test,T2,22.12,18.054571
test,T2,22.102,18.243555
test,T2,22.057,17.651041
test,T2,22.03,18.027937
test,T2,22.03,19.015095
test,T2,22.03,19.773308
test,T2,22.03,16.781237
test,T2,22.03,16.47476
test,T2,22.03,15.885169
test,T2,22.03,16.12629
test,T2,21.906,16.589518
test,T2,21.596,14.445492
test,T2,21.41,16.939909
test,T2,21.41,19.77421
test,T2,21.41,19.34567
test,T2,21.41,17.922228
test,T2,21.41,16.264238
test,T2,21.41,16.464691
test,T2,21.41,17.729233
test,T2,21.004,17.831938
test,T2,19.989,18.047945
test,T2,19.38,18.28895
test,T2,19.38,17.802534
test,T2,19.38,17.05279
test,T2,19.38,18.081667
test,T2,19.38,18.386982
test,T2,19.38,18.294035
test,T2,19.38,17.755302
test,T2,19.429876,18.693306
test,T2,19.554876,19.540016
test,T2,19.63,22.09661
test,T2,19.63,24.576784
test,T2,19.63,22.957392
test,T2,19.63,21.675926
test,T2,19.63,20.98173
test,T2,19.63,20.685755
test,T2,19.63,21.401762
test,T2,19.126,20.75369
test,T2,17.866,19.292982
test,T2,17.11,18.77741
test,T2,17.11,20.291471
test,T2,17.11,21.320095
test,T2,17.11,22.466063
test,T2,17.11,20.134247
test,T2,17.11,20.831629
test,T2,17.11,22.411474
test,T2,17.376,21.862244
test,T2,18.041,20.309153
test,T2,18.44,17.911715
test,T2,18.44,17.63397
test,T2,18.44,19.77162
test,T2,18.44,20.121164
test,T2,18.44,19.512403
test,T2,18.44,18.38112
test,T2,18.44,18.188307
test,T2,18.964,19.602993
test,T2,20.274,19.63022
test,T2,21.06,18.785288
test,T2,21.06,17.697416
test,T2,21.06,17.738611
test,T2,21.06,18.997377
test,T2,21.06,18.56478
test,T2,21.06,18.07368
test,T2,21.06,17.855986
test,T2,21.121847,18.092798
test,T2,21.276846,19.315367
test,T2,21.37,18.803701
test,T2,21.37,18.094103
test,T2,21.37,18.390726
test,T2,21.37,18.628736
test,T2,21.37,19.067238
test,T2,21.37,18.35464
test,T2,21.37,18.14543
test,T2,21.516,18.098587
test,T2,21.881,18.083792
test,T2,22.1,16.894962
test,T2,22.1,17.297506
test,T2,22.1,17.12596
test,T2,22.1,16.451126
test,T2,22.1,16.346178
test,T2,22.1,16.687647
test,T2,22.1,15.572944
test,T2,22.149876,16.590075
test,T2,22.274876,16.058573
test,T2,22.35,16.178225
test,T2,22.35,17.133986
test,T2,22.35,16.30329
test,T2,22.35,16.323874
test,T2,22.35,16.408598
test,T2,22.35,16.314901
test,T2,22.35,17.198935
test,T2,22.24227,17.19988
test,T2,21.97227,16.75422
test,T2,21.81,16.00687
test,T2,21.81,15.72913
test,T2,21.81,16.978714
test,T2,21.81,17.32002
test,T2,21.81,17.323431
test,T2,21.81,17.053385
test,T2,21.81,17.610672
test,T2,22.001524,17.557962
test,T2,22.481525,17.161856
test,T2,22.77,16.575623
test,T2,22.77,16.889423
test,T2,22.77,16.59002
test,T2,22.77,16.513172
test,T2,22.77,16.425613
test,T2,22.77,16.166399
test,T2,22.77,16.556406
test,T2,22.67,15.943708
test,T2,22.42,15.383764
test,T2,22.27,15.640078
test,T2,22.27,16.100086
test,T2,22.27,15.697405
test,T2,22.27,14.418864
test,T2,22.27,14.658844
test,T2,22.27,16.117031
test,T2,22.27,16.50285
test,T2,21.746,15.466901
test,T2,20.436,14.610162
test,T2,19.65,14.297697
test,T2,19.65,14.581095
test,T2,19.65,15.660148
test,T2,19.65,15.640558
test,T2,19.65,15.453782
test,T2,19.65,15.548935
test,T2,19.65,15.189975
test,T2,19.388,15.306407
test,T2,18.733,15.556483
test,T2,18.34,15.982677
test,T2,18.34,15.974466
test,T2,18.34,15.684084
test,T2,18.34,16.105913
test,T2,18.34,16.556732
test,T2,18.34,15.94732
test,T2,18.34,16.496805
test,T2,18.21,16.667816
test,T2,17.885,16.626524
test,T2,17.69,17.317225
test,T2,17.69,17.060297
test,T2,17.69,16.42999
test,T2,17.69,16.623035
test,T2,17.69,16.599186
test,T2,17.69,16.805166
test,T2,17.69,17.198671
test,T2,17.892,16.331303
test,T2,18.397,17.094
test,T2,18.7,17.568075
test,T2,18.7,17.630934
test,T2,18.7,17.428137
test,T2,18.7,17.101288
test,T2,18.7,17.717531
test,T2,18.7,16.96007
test,T2,18.7,16.924162
test,T2,18.614,17.877432
test,T2,18.399,17.59715
test,T2,18.27,17.6239
test,T2,18.27,17.081465
test,T2,18.27,17.496687
test,T2,18.27,17.332132
test,T2,18.27,18.080336
test,T2,18.27,17.716337
test,T2,18.27,16.42399
test,T2,18.307463,16.325603
test,T2,18.402462,16.25522
test,T2,18.46,16.285013
test,T2,18.46,16.534197
test,T2,18.46,17.238325
test,T2,18.46,16.628588
test,T2,18.46,15.783705
test,T2,18.46,15.780371
test,T2,18.46,15.398421
test,T2,18.62559,15.62014
test,T2,19.040588,19.061604
test,T2,19.29,17.597275
test,T2,19.29,16.466278
test,T2,19.29,16.288939
test,T2,19.29,17.013266
test,T2,19.29,17.553116
test,T2,19.29,16.836527
test,T2,19.29,16.246761
test,T2,19.06257,16.597485
test,T2,18.49257,17.06484
test,T2,18.15,16.27892
test,T2,18.15,16.387136
test,T2,18.15,16.845936
test,T2,18.15,17.8547
test,T2,18.15,17.627829
test,T2,18.15,17.308022
test,T2,18.15,18.501318
test,T2,18.516,19.187752
test,T2,19.431,20.38484
test,T2,19.98,20.75405
test,T2,19.98,21.260664
test,T2,19.98,21.702219
test,T2,19.98,22.006306
test,T2,19.98,21.47946
test,T2,19.98,21.342928
test,T2,19.98,21.04429
test,T2,19.475252,19.469284
test,T2,18.210253,17.059607
test,T2,17.45,18.37162
test,T2,17.45,21.330969
test,T2,17.45,20.780687
test,T2,17.45,19.776474
test,T2,17.45,20.462713
test,T2,17.45,21.653883
test,T2,17.45,22.325964
test,T2,17.308355,21.248114
test,T2,16.953356,20.247032
test,T2,16.74,20.82977
test,T2,16.74,22.143152
test,T2,16.74,20.959688
test,T2,16.74,20.063538
test,T2,16.74,21.359121
test,T2,16.74,19.360872
test,T2,16.74,21.519543
test,T2,17.146,22.6341
test,T2,18.161,21.86367
test,T2,18.77,20.510447
test,T2,18.77,20.501749
test,T2,18.77,21.567999
test,T2,18.77,21.526125
test,T2,18.77,21.40116
test,T2,18.77,22.089327
test,T2,18.77,20.859236
test,T2,19.095184,21.486715
test,T2,19.910185,22.067434
test,T2,20.4,21.774633
test,T2,20.4,21.737768
test,T2,20.4,20.5766
test,T2,20.4,20.300573
test,T2,20.4,20.202257
test,T2,20.4,19.106104
test,T2,20.4,19.54082
test,T2,20.824,18.791142
test,T2,21.884,19.18294
test,T2,22.52,19.11337
test,T2,22.52,17.72499
test,T2,22.52,17.022068
test,T2,22.52,18.653635
test,T2,22.52,21.113142
test,T2,22.52,17.73861
test,T2,22.52,15.598429
test,T2,22.268,16.605585
test,T2,21.638,17.271894
test,T2,21.26,17.077028
test,T2,21.26,16.62895
test,T2,21.26,18.083944
test,T2,21.26,17.141516
test,T2,21.26,16.530556
test,T2,21.26,17.098272
test,T2,21.26,19.420029
test,T2,21.154,20.82115
test,T2,20.889,17.308613
test,T2,20.73,17.709959
test,T2,20.73,17.222818
test,T2,20.73,16.569294
test,T2,20.73,17.387045
test,T2,20.73,15.45089
test,T2,20.73,15.146608
test,T2,20.73,18.111097
test,T2,21.124,18.519396
test,T2,22.109,17.978956
test,T2,22.7,17.883879
test,T2,22.7,17.51983
test,T2,22.7,18.524458
test,T2,22.7,18.440285
test,T2,22.7,17.694166
test,T2,22.7,17.51112
test,T2,22.7,16.6069
test,T2,22.654,15.999471
test,T2,22.539,16.643818
test,T2,22.47,17.625837
test,T2,22.47,17.336245
test,T2,22.47,17.076124
test,T2,22.47,16.525906
test,T2,22.47,16.372732
test,T2,22.47,17.6808
test,T2,22.47,17.901808
test,T2,22.186,16.333372
test,T2,21.476,15.521891
test,T2,21.05,14.830243
test,T2,21.05,13.235279
test,T2,21.05,15.827614
test,T2,21.05,15.777614
test,T2,21.05,14.873703
test,T2,21.05,16.091467
test,T2,21.05,15.880183
test,T2,20.44,15.421601
test,T2,18.915,14.3166485
test,T2,18.0,15.257778
test,T2,18.0,15.849024
test,T2,18.0,14.74161
test,T2,18.0,14.522523
test,T2,18.0,15.857292
test,T2,18.0,17.475443
test,T2,18.0,16.581442
test,T2,18.064,17.173403
test,T2,18.224,16.867403
test,T2,18.32,16.729063
test,T2,18.32,16.583082
test,T2,18.32,15.952828
test,T2,18.32,14.621177
test,T2,18.32,14.147387
test,T2,18.32,13.554564
test,T2,18.32,15.298505
test,T2,18.16,15.767312
test,T2,17.76,14.311593
test,T2,17.52,14.650053
test,T2,17.52,16.105381
test,T2,17.52,15.877264
test,T2,17.52,16.809757
test,T2,17.52,17.394993
test,T2,17.52,15.922983
test,T2,17.52,14.530864
test,T2,17.788015,15.540688
test,T2,18.463015,15.385999
test,T2,18.87,17.623196
test,T2,18.87,18.872416
test,T2,18.87,17.222504
test,T2,18.87,16.443441
test,T2,18.87,18.484081
test,T2,18.87,18.785408
test,T2,18.87,20.237219
test,T2,19.434,15.544272
test,T2,20.844,14.671425
test,T2,21.69,19.370728
test,T2,21.69,18.126635
test,T2,21.69,16.79829
test,T2,21.69,19.034601
test,T2,21.69,18.803501
test,T2,21.69,19.566668
test,T2,21.69,19.293156
test,T2,21.759657,17.408712
test,T2,21.934656,17.650625
test,T2,22.04,17.506777
test,T2,22.04,18.676271
test,T2,22.04,18.326387
test,T2,22.04,18.45727
test,T2,22.04,18.105585
test,T2,22.04,17.533308
test,T2,22.04,18.13397
test,T2,22.234,18.407963
test,T2,22.719,17.710648
test,T2,23.01,19.023067
test,T2,23.01,19.375256
test,T2,23.01,17.726467
test,T2,23.01,17.058512
test,T2,23.01,18.588686
test,T2,23.01,18.33526
test,T2,23.01,17.981232
test,T2,23.092,18.344542
test,T2,23.297,18.385244
test,T2,23.42,17.253256
test,T2,23.42,16.492077
test,T2,23.42,17.404379
test,T2,23.42,18.252289
test,T2,23.42,17.857277
test,T2,23.42,17.669304
test,T2,23.42,17.995733
test,T2,23.451921,18.099665
test,T2,23.531921,17.492542
test,T2,23.58,16.632475
test,T2,23.58,16.229591
test,T2,23.58,16.613241
test,T2,23.58,16.669533
test,T2,23.58,17.005163
test,T2,23.58,18.666935
test,T2,23.58,19.987312
test,T2,23.374,17.478119
test,T2,22.859,16.724443
test,T2,22.55,18.77854
test,T2,22.55,18.934988
test,T2,22.55,16.797552
test,T2,22.55,16.0259
test,T2,22.55,17.766695
test,T2,22.55,18.90067
test,T2,22.55,18.092138
test,T2,22.49813,18.221952
test,T2,22.36813,17.650381
test,T2,22.29,17.607584
test,T2,22.29,17.151419
test,T2,22.29,16.976206
test,T2,22.29,16.222778
test,T2,22.29,15.348377
test,T2,22.29,15.207506
test,T2,22.29,16.41616
test,T2,22.491495,17.150679
test,T2,22.996494,16.782791
test,T2,23.3,16.59411
test,T2,23.3,16.273413
test,T2,23.3,17.626745
test,T2,23.3,17.248865
test,T2,23.3,17.615335
test,T2,23.3,17.458408
test,T2,23.3,15.774856
test,T2,23.234634,16.784208
test,T2,23.069635,17.494596
test,T2,22.97,16.224659
test,T2,22.97,16.602343
test,T2,22.97,16.143106
test,T2,22.97,15.936344
test,T2,22.97,16.781378
test,T2,22.97,16.730219
test,T2,22.97,16.1705
test,T2,23.011896,16.036234
test,T2,23.116896,16.798101
test,T2,23.18,16.947216
test,T2,23.18,16.056679
test,T2,23.18,16.075752
test,T2,23.18,17.47706
test,T2,23.18,17.858904
test,T2,23.18,17.30969
test,T2,23.18,18.345606
test,T2,23.204,18.066555
test,T2,23.264,16.87771
test,T2,23.3,16.375679
test,T2,23.3,16.566433
test,T2,23.3,16.831074
test,T2,23.3,16.932032
test,T2,23.3,17.438204
test,T2,23.3,19.164824
test,T2,23.3,18.278944
test,T2,23.266,17.72069
test,T2,23.181,19.134521
test,T2,23.13,18.780209
test,T2,23.13,17.614853
test,T2,23.13,17.778671
test,T2,23.13,18.868479
test,T2,23.13,20.026691
test,T2,23.13,18.709322
test,T2,23.13,17.490232
test,T2,23.258,20.148474
test,T2,23.578,20.392147
test,T2,23.77,19.17368
test,T2,23.77,18.920637
test,T2,23.77,19.586489
test,T2,23.77,19.98504
test,T2,23.77,19.735418
test,T2,23.77,19.70489
test,T2,23.77,17.67076
test,T2,23.732,17.849768
test,T2,23.637,20.187258
test,T2,23.58,20.34509
test,T2,23.58,19.40185
test,T2,23.58,16.30367
test,T2,23.58,16.836443
test,T2,23.58,15.595905
test,T2,23.58,17.620522
test,T2,23.58,18.242128
test,T2,23.516,16.571196
test,T2,23.356,17.057995
test,T2,23.26,16.484875
test,T2,23.26,15.43551
test,T2,23.26,16.22917
test,T2,23.26,17.161318
test,T2,23.26,18.575243
test,T2,23.26,21.572617
test,T2,23.26,21.074453
test,T2,23.706,17.332869
test,T2,24.821,18.833467
test,T2,25.49,18.118818
test,T2,25.49,18.298546
test,T2,25.49,18.466648
test,T2,25.49,17.199495
test,T2,25.49,17.146715
test,T2,25.49,17.569386
test,T2,25.49,17.226906
test,T2,25.512,14.920092
test,T2,25.567,16.34031
test,T2,25.6,17.129583
test,T2,25.6,16.132248
test,T2,25.6,16.839598
test,T2,25.6,16.739107
test,T2,25.6,16.60666
test,T2,25.6,18.018965
test,T2,25.6,16.504354
test,T2,25.474,15.239092
test,T2,25.159,16.043644
test,T2,24.97,17.415613
test,T2,24.97,18.756617
test,T2,24.97,16.844994
test,T2,24.97,16.905169
test,T2,24.97,16.437803
test,T2,24.97,16.795198
test,T2,24.97,15.772449
test,T2,24.828356,16.50353
test,T2,24.473354,17.044191
test,T2,24.26,16.192122
test,T2,24.26,15.829256
test,T2,24.26,15.813073
test,T2,24.26,15.235125
test,T2,24.26,16.047832
test,T2,24.26,16.263885
test,T2,24.26,17.792496
test,T2,24.836,18.337616
test,T2,26.276,18.870975
test,T2,27.14,18.36179
test,T2,27.14,17.86802
test,T2,27.14,18.15216
test,T2,27.14,17.938967
test,T2,27.14,17.031746
test,T2,27.14,16.829443
test,T2,27.14,17.67701
test,T2,27.225784,18.701794
test,T2,27.440784,18.07637
test,T2,27.57,17.86412
test,T2,27.57,18.291206
test,T2,27.57,17.1825
test,T2,27.57,16.17033
test,T2,27.57,16.84989
test,T2,27.57,16.46866
test,T2,27.57,16.164938
test,T2,27.540075,16.25126
test,T2,27.465075,15.912242
test,T2,27.42,16.526733
test,T2,27.42,17.602438
test,T2,27.42,18.717688
test,T2,27.42,18.345675
test,T2,27.42,17.47599
test,T2,27.42,16.871328
test,T2,27.42,16.784372
test,T2,27.60354,16.702293
test,T2,28.06354,17.072886
test,T2,28.34,17.121048
test,T2,28.34,17.266014
test,T2,28.34,16.239468
test,T2,28.34,16.08565
test,T2,28.34,16.466864
test,T2,28.34,16.189651
test,T2,28.34,15.870781
test,T2,27.801336,16.259035
test,T2,26.451336,16.618395
test,T2,25.64,15.553055
test,T2,25.64,16.78068
test,T2,25.64,16.833183
test,T2,25.64,16.463602
test,T2,25.64,17.254934
test,T2,25.64,16.952091
test,T2,25.64,16.393063
test,T2,25.363363,16.00921
test,T2,24.668364,16.530107
test,T2,24.25,16.937017
test,T2,24.25,15.85603
test,T2,24.25,16.160183
test,T2,24.25,15.481522
test,T2,24.25,15.258471
test,T2,24.25,16.104084
test,T2,24.25,16.319479
test,T2,24.140272,16.348637
test,T2,23.865273,16.235708
test,T2,23.7,15.436638
test,T2,23.7,16.018047
test,T2,23.7,17.034338
test,T2,23.7,16.513922
test,T2,23.7,16.214905
test,T2,23.7,15.945372
test,T2,23.7,16.115131
test,T2,23.736,16.223577
test,T2,23.826,16.488077
test,T2,23.88,16.376074
test,T2,23.88,16.614826
test,T2,23.88,16.192066
test,T2,23.88,16.175932
test,T2,23.88,16.528566
test,T2,23.88,17.437258
test,T2,23.88,17.044538
test,T2,23.612,16.069128
test,T2,22.942,15.50823
test,T2,22.54,15.761827
test,T2,22.54,16.246778
test,T2,22.54,16.475378
test,T2,22.54,16.259146
test,T2,22.54,16.080616
test,T2,22.54,16.275093
test,T2,22.54,16.13746
test,T2,22.798,16.080038
test,T2,23.443,15.616336
test,T2,23.83,16.45884
test,T2,23.83,16.150639
test,T2,23.83,16.174765
test,T2,23.83,16.414534
test,T2,23.83,16.999924
test,T2,23.83,17.178293
test,T2,23.83,17.404
test,T2,23.836,16.781754
test,T2,23.851,16.307865
test,T2,23.86,16.67715
test,T2,23.86,16.590761
test,T2,23.86,16.086525
test,T2,23.86,16.185831
test,T2,23.86,16.675646
test,T2,23.86,15.780659
test,T2,23.86,16.211884
test,T2,24.103395,17.249533
test,T2,24.713396,17.079699
test,T2,25.08,17.167635
test,T2,25.08,17.053526
test,T2,25.08,17.136879
test,T2,25.08,16.82594
test,T2,25.08,15.568295
test,T2,25.08,16.258621
test,T2,25.08,16.553793
test,T2,25.19,16.472551
test,T2,25.465,16.522303
test,T2,25.63,17.094082
test,T2,25.63,17.486828
test,T2,25.63,16.707724
test,T2,25.63,16.547457
test,T2,25.63,16.711878
test,T2,25.63,17.065742
test,T2,25.63,17.40945
test,T2,25.192158,16.457407
test,T2,24.092157,16.14964
test,T2,23.43,17.100801
test,T2,23.43,17.521814
test,T2,23.43,16.895239
test,T2,23.43,15.992582
test,T2,23.43,16.470545
test,T2,23.43,16.419327
test,T2,23.43,16.324364
test,T2,22.848,15.683479
test,T2,21.393,14.894927
test,T2,20.52,16.340446
test,T2,20.52,15.707628
test,T2,20.52,15.571541
test,T2,20.52,16.320898
test,T2,20.52,17.026367
test,T2,20.52,15.957765
test,T2,20.52,15.249979
test,T2,20.833216,15.597798
test,T2,21.618216,15.52916
test,T2,22.09,17.503206
test,T2,22.09,17.151514
test,T2,22.09,16.618034
test,T2,22.09,18.44007
test,T2,22.09,16.665236
test,T2,22.09,17.452452
test,T2,22.09,19.291758
test,T2,22.149563,18.685652
test,T2,22.299562,17.126646
test,T2,22.39,18.238161
test,T2,22.39,17.034418
test,T2,22.39,17.360296
test,T2,22.39,17.685091
test,T2,22.39,17.41601
test,T2,22.39,18.963045
test,T2,22.39,19.612535
test,T2,21.734,18.794683
test,T2,20.094,17.558897
test,T2,19.11,17.811169
test,T2,19.11,18.499945
test,T2,19.11,17.701557
test,T2,19.11,16.66377
test,T2,19.11,14.522266
test,T2,19.11,13.219622
test,T2,19.11,12.969764
test,T2,18.663109,18.161392
test,T2,17.543108,23.362257
test,T2,16.87,23.240097
test,T2,16.87,22.636232
test,T2,16.87,21.919712
test,T2,16.87,20.527536
test,T2,16.87,16.902878
test,T2,16.87,17.237286
test,T2,16.87,20.519533
test,T2,16.02412,21.00242
test,T2,13.90412,22.707525
test,T2,12.63,22.937471
test,T2,12.63,21.415426
test,T2,12.63,22.538376
test,T2,12.63,26.510221
test,T2,12.63,23.520428
test,T2,12.63,22.986279
test,T2,12.63,25.580427
test,T2,13.09,26.34749
test,T2,14.24,22.705881
test,T2,14.93,22.119234
test,T2,14.93,22.284151
test,T2,14.93,20.871038
test,T2,14.93,21.360474
test,T2,14.93,21.860636
test,T2,14.93,21.551397
test,T2,14.93,21.686253
test,T2,16.026,20.140848
test,T2,18.766,19.313467
test,T2,20.41,21.198645
test,T2,20.41,19.764204
test,T2,20.41,20.660963
test,T2,20.41,19.869978
test,T2,20.41,19.480476
test,T2,20.41,19.366188
test,T2,20.41,18.643703
test,T2,20.98,18.08261
test,T2,22.405,19.530375
test,T2,23.26,20.09392
test,T2,23.26,18.947256
test,T2,23.26,18.23666
test,T2,23.26,19.407621
test,T2,23.26,19.401445
test,T2,23.26,17.955666
test,T2,23.26,17.105627
test,T2,23.58,17.792233
test,T2,24.38,18.567984
test,T2,24.86,17.245409
test,T2,24.86,17.914005
test,T2,24.86,18.273907
test,T2,24.86,19.223618
test,T2,24.86,19.276567
test,T2,24.86,18.524359
test,T2,24.86,17.634285
test,T2,24.096,16.42919
test,T2,22.186,18.286127
test,T2,21.04,17.284248
test,T2,21.04,18.811335
test,T2,21.04,20.470186
test,T2,21.04,18.150246
test,T2,21.04,16.55763
test,T2,21.04,15.838572
test,T2,21.04,10.790724
test,T2,18.362,9.502945
test,T2,11.667,11.574644
test,T2,7.65,17.686802
test,T2,7.65,21.024654
test,T2,7.65,18.785875
test,T2,7.65,13.845406
test,T2,7.65,13.449475
test,T2,7.65,14.096666
test,T2,7.65,13.645824
test,T2,6.632525,15.834969
test,T2,4.082525,17.071127
test,T2,2.55,17.077864
test,T2,2.55,15.990527
test,T2,2.55,15.471954
test,T2,2.55,14.800318
test,T2,2.55,14.841894
test,T2,2.55,16.0904
test,T2,2.55,16.672138
test,T2,2.55,16.815578
test,T2,2.55,16.883917
test,T2,2.55,17.050753
test,T2,2.55,16.968496
test,T2,2.55,16.806177
test,T2,2.55,16.816824
test,T2,2.55,16.853376
test,T2,2.55,16.982502
test,T2,2.55,17.018694
test,T2,2.55,16.771214
test,T2,2.55,16.794985
test,T2,2.55,16.815416
test,T2,2.55,16.82182
test,T2,2.55,16.791355
test,T2,2.55,16.791231
test,T2,2.55,16.824984
test,T2,2.55,16.828608
test,T2,2.55,16.821882
test,T2,2.55,16.813467
test,T2,2.55,16.796928
test,T2,2.55,16.77345
test,T2,2.55,16.769972
test,T2,2.55,16.782907
test,T2,2.55,16.78603
test,T2,2.55,16.788883
test,T2,2.55,16.804401
test,T2,2.55,16.785475
test,T2,2.55,16.77667
test,T2,2.55,16.806005
test,T2,2.55,16.789616
test,T2,2.55,16.800947
test,T2,2.55,16.80684
test,T2,2.55,16.79156
test,T2,2.55,16.810736
test,T2,2.55,16.845633
test,T2,2.55,16.820248
test,T2,2.55,16.801252
test,T2,2.55,16.801155
test,T2,2.55,16.804121
test,T2,2.55,16.806618
test,T2,2.55,16.807446
test,T2,2.55,16.79991
test,T2,2.55,16.80095
test,T2,2.55,16.828566
test,T2,2.55,16.820639
test,T2,2.55,16.813433
test,T2,2.55,16.81837
test,T2,2.55,16.82178
test,T2,2.55,16.810822
test,T2,2.55,16.791315
test,T2,2.55,16.800966
test,T2,2.55,16.816916
test,T2,2.55,16.810116
test,T2,2.55,16.795073
test,T2,2.55,16.806604
test,T2,2.55,16.787317
test,T2,2.55,16.797499
test,T2,2.55,16.812292
test,T2,2.55,16.805815
test,T2,2.55,16.814093
test,T2,2.55,16.81846
test,T2,2.55,16.806269
test,T2,2.55,16.802698
test,T2,2.55,16.803228
test,T2,2.55,16.82119
test,T2,2.55,16.801283
test,T2,2.55,16.785807
test,T2,2.55,16.780285
test,T2,2.55,16.789911
test,T2,2.55,16.810034
test,T2,2.55,16.807714
test,T2,2.55,16.807602
test,T2,2.55,16.808691
test,T2,2.55,16.818787
test,T2,2.55,16.811886
test,T2,2.55,16.821024
test,T2,2.55,16.833008
test,T2,2.55,16.842512
test,T2,2.55,16.85314
test,T2,2.55,16.83839
test,T2,2.55,16.835506
test,T2,2.55,16.816185
test,T2,2.55,16.798258
test,T2,2.55,16.817537
test,T2,2.55,16.831945
test,T2,2.55,16.825228
test,T2,2.55,16.821915
test,T2,2.55,16.824612
test,T2,2.55,16.81087
test,T2,2.55,16.832453
test,T2,2.55,16.828362
test,T2,2.55,16.828428
test,T2,2.55,16.83068
test,T2,1.913775,16.832905
test,T2,0.638775,16.819147
test,T2,0.0,16.821455
test,T2,0.0,16.852385
test,T2,0.0,16.83148
test,T2,0.0,16.83237
test,T2,0.0,16.838184
test,T2,0.0,16.807493
test,T2,0.0,16.798756
test,T2,0.0,16.815828
test,T2,0.0,16.814447
test,T2,0.0,16.810425
test,T2,0.0,16.830925
test,T2,0.0,16.881063
test,T2,0.0,16.86518
test,T2,0.0,16.83963
test,T2,0.0,16.841208
test,T2,0.0,16.871363
test,T2,0.0,16.95492
test,T2,0.0,16.804306
test,T2,0.0,16.83772
test,T2,0.0,16.831427
test,T2,0.0,16.80755
test,T2,0.0,16.809538
test,T2,0.0,16.806618
test,T2,0.0,16.818247
test,T2,0.0,16.805098
test,T2,0.0,16.815315
test,T2,0.0,16.826283
test,T2,0.0,16.82622
test,T2,0.0,16.8094
test,T2,0.0,16.82475
test,T2,0.0,16.821043
test,T2,0.0,16.801855
test,T2,0.0,16.79642
test,T2,0.0,16.800337
test,T2,0.0,16.825706
test,T2,0.0,16.84096
test,T2,0.0,16.842134
test,T2,0.0,16.83424
test,T2,0.0,16.822584
test,T2,0.0,16.809359
test,T2,0.0,16.80556
test,T2,0.0,16.822462
test,T2,0.0,16.833935
test,T2,0.0,16.825428
test,T2,0.0,16.838205
test,T2,0.0,16.861998
test,T2,0.0,16.843752
test,T2,0.0,16.834879
test,T2,0.0,16.842398
test,T2,0.0,16.86397
test,T2,0.0,16.840038
test,T2,0.0,16.82352
test,T2,0.0,16.829836
test,T2,0.0,16.851744
test,T2,0.0,16.829464
test,T2,0.0,16.835045
test,T2,0.0,16.836794
test,T2,0.0,16.849463
test,T2,0.0,16.827559
test,T2,0.0,16.81241
test,T2,0.0,16.827974
test,T2,0.0,16.822786
test,T2,0.0,16.80896
test,T2,0.0,16.829142
test,T2,0.0,16.83659
test,T2,0.0,16.825708
test,T2,0.0,16.830223
test,T2,0.0,16.811914
test,T2,0.0,16.805191
test,T2,0.0,16.818686
test,T2,0.0,16.823605
test,T2,0.0,16.81635
test,T2,0.0,16.83186
test,T2,0.0,16.82992
test,T2,0.0,16.821432
test,T2,0.0,16.853361
test,T2,0.0,16.851646
test,T2,0.0,16.839615
test,T2,0.0,16.818233
test,T2,0.0,16.810772
test,T2,0.0,16.806372
test,T2,0.0,16.826597
test,T2,0.0,16.83206
test,T2,0.0,16.823837
test,T2,0.0,16.79334
test,T2,0.0,16.7917
test,T2,0.0,16.814371
test,T2,0.0,16.81988
test,T2,0.0,16.79767
test,T2,0.0,16.801632
test,T2,0.0,16.83428
test,T2,0.0,16.847624
test,T2,0.0,16.83776
test,T2,0.0,16.821508
test,T2,0.0,16.820965
test,T2,0.0,16.81795
test,T2,0.0,16.81848
test,T2,0.0,16.796392
test,T2,0.0,16.796053
test,T2,0.0,16.824495
test,T2,0.0,16.820917
test,T2,0.0,16.810492
test,T2,0.0,16.801012
test,T2,0.0,16.808237
test,T2,0.0,16.83363
test,T2,0.0,16.831135
test,T2,0.0,16.83286
test,T2,0.0,16.814169
test,T2,0.0,16.823761
test,T2,0.0,16.831446
test,T2,0.0,16.83223
test,T2,0.0,16.835087
test,T2,0.0,16.815065
test,T2,0.0,16.808897
test,T2,0.0,16.817026
test,T2,0.0,16.816198
test,T2,0.0,16.814495
test,T2,0.0,16.821499
test,T2,0.0,16.819506
test,T2,0.0,16.836124
test,T2,0.0,16.847668
test,T2,0.0,16.830297
test,T2,0.0,16.845901
test,T2,0.0,16.83996
test,T2,0.0,16.82261
test,T2,0.0,16.825598
test,T2,0.0,16.820791
test,T2,0.0,16.80887
test,T2,0.0,16.810816
test,T2,0.0,16.820513
test,T2,0.0,16.83146
test,T2,0.0,16.84025
test,T2,0.0,16.838266
test,T2,0.0,16.834606
test,T2,0.0,16.839195
test,T2,0.0,16.830458
test,T2,0.0,16.82534
test,T2,0.0,16.82133
test,T2,0.0,16.811674
test,T2,0.0,16.81764
test,T2,0.0,16.813917
test,T2,0.0,16.820217
test,T2,0.0,16.8128
test,T2,0.0,16.801426
test,T2,0.0,16.798822
test,T2,0.0,16.809559
test,T2,0.0,16.819952
test,T2,0.0,16.821257
test,T2,0.0,16.828825
test,T2,0.0,16.82366
test,T2,0.0,16.839537
test,T2,0.0,16.840881
test,T2,0.0,16.808455
test,T2,0.0,16.815628
test,T2,0.0,16.829262
test,T2,0.0,16.838758
test,T2,0.0,16.849073
test,T2,0.0,16.840048
test,T2,0.0,16.84034
test,T2,0.0,16.842285
test,T2,0.0,16.843737
test,T2,0.0,16.841366
test,T2,0.0,16.83077
test,T2,0.0,16.802557
test,T2,0.0,16.818306
test,T2,0.0,16.831411
test,T2,0.0,16.8334
test,T2,0.0,16.845503
test,T2,0.0,16.848906
test,T2,0.0,16.84131
test,T2,0.0,16.843878
test,T2,0.0,16.83502
test,T2,0.0,16.825565
test,T2,0.0,16.847754
test,T2,0.0,16.838804
test,T2,0.0,16.81413
test,T2,0.0,16.8249
test,T2,0.0,16.824404
test,T2,0.0,16.836853
test,T2,0.0,16.843903
test,T2,0.0,16.834297
test,T2,0.0,16.829071
test,T2,0.0,16.848381
test,T2,0.0,16.837172
test,T2,0.0,16.83209
test,T2,0.0,16.843004
test,T2,0.0,16.84052
test,T2,0.0,16.833662
test,T2,0.0,16.84444
test,T2,0.0,16.829983
test,T2,0.0,16.83212
test,T2,0.0,16.841822
test,T2,0.0,16.854235
test,T2,0.0,16.843164
test,T2,0.0,16.831919
test,T2,0.0,16.832409
test,T2,0.0,16.855068
test,T2,0.0,16.84259
test,T2,0.0,16.846842
test,T2,0.0,16.840498
test,T2,0.0,16.848188
test,T2,0.0,16.85964
test,T2,0.0,16.838476
test,T2,0.0,16.814379
test,T2,0.0,16.809456
test,T2,0.0,16.828241
test,T2,0.0,16.834162
test,T2,0.0,16.821764
test,T2,0.0,16.809574
test,T2,0.0,16.824594
test,T2,0.0,16.838232
test,T2,0.0,16.822641
test,T2,0.0,16.811842
test,T2,0.0,16.81409
test,T2,0.0,16.807192
test,T2,0.0,16.810211
test,T2,0.0,16.821062
test,T2,0.0,16.816841
test,T2,0.0,16.83734
test,T2,0.0,16.82832
test,T2,0.0,16.80808
test,T2,0.0,16.817068
test,T2,0.0,16.810862
test,T2,0.0,16.8224
test,T2,0.0,16.852247
test,T2,0.0,16.859625
test,T2,0.0,16.826948
test,T2,0.0,16.843424
test,T2,0.0,16.84189
test,T2,0.0,16.826532
test,T2,0.0,16.809637
test,T2,0.0,16.809612
test,T2,0.0,16.824173
test,T2,0.0,16.81232
test,T2,0.0,16.794317
test,T2,0.0,16.81195
test,T2,0.0,16.835682
test,T2,0.0,16.8343
test,T2,0.0,16.822786
test,T2,0.0,16.835516
test,T2,0.0,16.855286
test,T2,0.0,16.84738
test,T2,0.0,16.848494
test,T2,0.0,16.834368
test,T2,0.0,16.837093
test,T2,0.0,16.822744
test,T2,0.0,16.8448
test,T2,0.0,16.822506
test,T2,0.0,16.831549
test,T2,0.0,16.834929
test,T2,0.0,16.814955
test,T2,0.0,16.805956
test,T2,0.0,16.82636
test,T2,0.0,16.835615
test,T2,0.0,16.818892
test,T2,0.0,16.818419
test,T2,0.0,16.828707
test,T2,0.0,16.800024
test,T2,0.0,16.828108
test,T2,0.0,16.825235
test,T2,0.0,16.827597
test,T2,0.0,16.83118
test,T2,0.0,16.839426
test,T2,0.0,16.838018
test,T2,0.0,16.821388
test,T2,0.0,16.8283
test,T2,0.0,16.810019
test,T2,0.0,16.8087
test,T2,0.0,16.82175
test,T2,0.0,16.834255
test,T2,0.0,16.826748
test,T2,0.0,16.828176
test,T2,0.0,16.818186
test,T2,0.0,16.813158
test,T2,0.0,16.829126
test,T2,0.0,16.816656
test,T2,0.0,16.81407
test,T2,0.0,16.83034
test,T2,0.0,16.816366
test,T2,0.0,16.827627
test,T2,0.0,16.803219
test,T2,0.0,16.77163
test,T2,0.0,16.794827
test,T2,0.0,16.821268
test,T2,0.0,16.829916
test,T2,0.0,16.83758
test,T2,0.0,16.832422
test,T2,0.0,16.819662
test,T2,0.0,16.820694
test,T2,0.0,16.826849
test,T2,0.0,16.815998
test,T2,0.0,16.802649
test,T2,0.0,16.801937
test,T2,0.0,16.821829
test,T2,0.0,16.835169
test,T2,0.0,16.828682
test,T2,0.0,16.83575
test,T2,0.0,16.850655
test,T2,0.0,16.842272
test,T2,0.0,16.82937
test,T2,0.0,16.832146
test,T2,0.0,16.82633
test,T2,0.0,16.811686
test,T2,0.0,16.801863
test,T2,0.0,16.815828
test,T2,0.0,16.82807
test,T2,0.0,16.82267
test,T2,0.0,16.823792
test,T2,0.0,16.81051
test,T2,0.0,16.795685
test,T2,0.0,16.798393
test,T2,0.0,16.804037
test,T2,0.0,16.808113
test,T2,0.0,16.810411
test,T2,0.0,16.813276
test,T2,0.0,16.825378
test,T2,0.0,16.820158
test,T2,0.0,16.80968
test,T2,0.0,16.808504
test,T2,0.0,16.802082
test,T2,0.0,16.819708
test,T2,0.0,16.828157
test,T2,0.0,16.83458
test,T2,0.0,16.839506
test,T2,0.0,16.837614
test,T2,0.0,16.837503
test,T2,0.0,16.83192
test,T2,0.0,16.818045
test,T2,0.0,16.837063
test,T2,0.0,16.819616
test,T2,0.0,16.828352
test,T2,0.0,16.82858
test,T2,0.0,16.826193
test,T2,0.0,16.803896
test,T2,0.0,16.816069
test,T2,0.0,16.80652
test,T2,0.0,16.800688
test,T2,0.0,16.81508
test,T2,0.0,16.835032
test,T2,0.0,16.82276
test,T2,0.0,16.83312
test,T2,0.0,16.813688
test,T2,0.0,16.83504
test,T2,0.0,16.831066
test,T2,0.0,16.826118
test,T2,0.0,16.831991
test,T2,0.0,16.809195
test,T2,0.0,16.800528
test,T2,0.0,16.787277
test,T2,0.0,16.78846
test,T2,0.0,16.823977
test,T2,0.0,16.82804
test,T2,0.0,16.822672
test,T2,0.0,16.827814
test,T2,0.0,16.81839
test,T2,0.0,16.805744
test,T2,0.0,16.79111
test,T2,0.0,16.81906
test,T2,0.0,16.8264
test,T2,0.0,16.824556
test,T2,0.0,16.84691
test,T2,0.0,16.835499
test,T2,0.0,16.821474
test,T2,0.0,16.844263
test,T2,0.0,16.843653
test,T2,0.0,16.837622
test,T2,0.0,16.846228
test,T2,0.0,16.818346
test,T2,0.0,16.815523
test,T2,0.0,16.807413
test,T2,0.0,16.802366
test,T2,0.0,16.80775
test,T2,0.0,16.806585
test,T2,0.0,16.81286
test,T2,0.0,16.81956
test,T2,0.0,16.813755
test,T2,0.0,16.824604
test,T2,0.0,16.828184
test,T2,0.0,16.808748
test,T2,0.0,16.816431
test,T2,0.0,16.827845
test,T2,0.0,16.830122
test,T2,0.0,16.83431
test,T2,0.0,16.84632
test,T2,0.0,16.863373
test,T2,0.0,16.85782
test,T2,0.0,16.84349
test,T2,0.0,16.832205
test,T2,0.0,16.8021
test,T2,0.0,16.8197
test,T2,0.0,16.829704
test,T2,0.0,16.825779
test,T2,0.0,16.828041
test,T2,0.0,16.835611
test,T2,0.0,16.820055
test,T2,0.0,16.786283
test,T2,0.0,16.839094
test,T2,0.0,17.021395
test,T2,0.0,17.376654
test,T2,0.0,17.261713
test,T2,0.0,16.886858
test,T2,0.0,16.818705
test,T2,0.0,16.895895
test,T2,0.0,16.865376
test,T2,0.0,16.832453
test,T2,0.0,16.99543
test,T2,0.0,16.7816
test,T2,0.0,16.087397
test,T2,0.0,17.719038
test,T2,0.40499505,23.334702
test,T2,1.4199951,25.484245
test,T2,2.03,26.354609
test,T2,2.03,22.66368
test,T2,2.03,15.233128
test,T2,2.03,12.886166
test,T2,2.03,13.492046
test,T2,2.03,14.456242
test,T2,2.03,13.948795
test,T2,2.574,13.105201
test,T2,3.934,12.692429
test,T2,4.75,16.84268
test,T2,4.75,21.149752
test,T2,4.75,20.264524
test,T2,4.75,15.965199
test,T2,4.75,15.625113
test,T2,4.75,15.274521
test,T2,4.75,13.589031
test,T2,7.048,15.075521
test,T2,12.793,14.160107
test,T2,16.24,14.710005
test,T2,16.24,17.23514
test,T2,16.24,17.791395
test,T2,16.24,18.099733
test,T2,16.24,17.731358
test,T2,16.24,17.869032
test,T2,16.24,18.87944
test,T2,18.32278,20.642199
test,T2,23.54278,21.06423
test,T2,26.68,19.783024
test,T2,26.68,20.944784
test,T2,26.68,20.03398
test,T2,26.68,20.214178
test,T2,26.68,20.607365
test,T2,26.68,21.32611
test,T2,26.68,18.684462
test,T2,27.116,18.537247
test,T2,28.206,18.746256
test,T2,28.86,19.306425
test,T2,28.86,19.237404
test,T2,28.86,18.723604
test,T2,28.86,18.589853
test,T2,28.86,19.001093
test,T2,28.86,17.868605
test,T2,28.86,17.94253
test,T2,29.124,18.73548
test,T2,29.784,18.137568
test,T2,30.18,18.720455
test,T2,30.18,18.732634
test,T2,30.18,17.825872
test,T2,30.18,17.062654
test,T2,30.18,16.451052
test,T2,30.18,17.228117
test,T2,30.18,18.56946
test,T2,30.176,19.146753
test,T2,30.166,17.56813
test,T2,30.16,17.680359
test,T2,30.16,18.214499
test,T2,30.16,18.329115
test,T2,30.16,17.663626
test,T2,30.16,18.002867
test,T2,30.16,19.201887
test,T2,30.16,18.618029
test,T2,30.161995,18.209412
test,T2,30.166996,17.467722
test,T2,30.17,17.63582
test,T2,30.17,18.247177
test,T2,30.17,17.8878
test,T2,30.17,17.44424
test,T2,30.17,17.630198
test,T2,30.17,18.587736
test,T2,30.17,18.286333
test,T2,30.32,16.639896
test,T2,30.695,17.527287
test,T2,30.92,18.185392
test,T2,30.92,18.404573
test,T2,30.92,18.403677
test,T2,30.92,17.80308
test,T2,30.92,16.804266
test,T2,30.92,16.511072
test,T2,30.92,16.057268
test,T2,30.77,16.486914
test,T2,30.395,17.545996
test,T2,30.17,17.463606
test,T2,30.17,16.83787
test,T2,30.17,17.114687
test,T2,30.17,16.907299
test,T2,30.17,16.170261
test,T2,30.17,17.239176
test,T2,30.17,17.818369
test,T2,29.932,17.454699
test,T2,29.337,16.45915
test,T2,28.98,16.103504
test,T2,28.98,17.015783
test,T2,28.98,17.983568
test,T2,28.98,18.145277
test,T2,28.98,18.187454
test,T2,28.98,19.146723
test,T2,28.98,19.281574
test,T2,29.298431,19.931004
test,T2,30.09843,19.435719
test,T2,30.58,17.997255
test,T2,30.58,18.27042
test,T2,30.58,18.781914
test,T2,30.58,19.852997
test,T2,30.58,17.824387
test,T2,30.58,16.853731
test,T2,30.58,17.062107
test,T2,30.62389,16.99193
test,T2,30.73389,16.9355
test,T2,30.8,15.993063
test,T2,30.8,17.128246
test,T2,30.8,16.427977
test,T2,30.8,17.001732
test,T2,30.8,19.189295
test,T2,30.8,16.935331
test,T2,30.8,15.41713
test,T2,30.841894,17.2837
test,T2,30.946896,17.637657
test,T2,31.01,16.697115
test,T2,31.01,16.601679
test,T2,31.01,15.760507
test,T2,31.01,17.35658
test,T2,31.01,16.9117
test,T2,31.01,18.201963
test,T2,31.01,18.060007
test,T2,30.826,17.245697
test,T2,30.366,16.073774
test,T2,30.09,15.93128
test,T2,30.09,17.499376
test,T2,30.09,15.384428
test,T2,30.09,16.9405
test,T2,30.09,19.033659
test,T2,30.09,17.70435
test,T2,30.09,17.53369
test,T2,30.44,17.218737
test,T2,31.315,17.688406
test,T2,31.84,17.87018
test,T2,31.84,18.312365
test,T2,31.84,19.814848
test,T2,31.84,19.05871
test,T2,31.84,18.25281
test,T2,31.84,18.654024
test,T2,31.84,17.61516
test,T2,31.932,16.002129
test,T2,32.162,18.420511
test,T2,32.3,17.859255
test,T2,32.3,16.446379
test,T2,32.3,16.825274
test,T2,32.3,16.73886
test,T2,32.3,18.18796
test,T2,32.3,19.651163
test,T2,32.3,19.082567
test,T2,32.558,18.559835
test,T2,33.203,17.00548
test,T2,33.59,18.242435
test,T2,33.59,17.661446
test,T2,33.59,17.471212
test,T2,33.59,17.734564
test,T2,33.59,17.353914
test,T2,33.59,18.655197
test,T2,33.59,18.336615
test,T2,33.248,16.150858
test,T2,32.393,16.338251
test,T2,31.88,18.256727
test,T2,31.88,18.084385
test,T2,31.88,16.371794
test,T2,31.88,16.20687
test,T2,31.88,17.971184
test,T2,31.88,18.324121
test,T2,31.88,17.76932
test,T2,31.588,18.530209
test,T2,30.858,18.582203
test,T2,30.42,18.887363
test,T2,30.42,19.220415
test,T2,30.42,18.349424
test,T2,30.42,18.504019
test,T2,30.42,19.281832
test,T2,30.42,17.853163
test,T2,30.42,16.661133
test,T2,29.762,17.15789
test,T2,28.117,18.243357
test,T2,27.13,18.801485
test,T2,27.13,18.673597
test,T2,27.13,18.586794
test,T2,27.13,17.291685
test,T2,27.13,16.565723
test,T2,27.13,17.182793
test,T2,27.13,16.984667
test,T2,26.236,17.353693
test,T2,24.001,17.383158
test,T2,22.66,17.408628
test,T2,22.66,18.397676
test,T2,22.66,17.890923
test,T2,22.66,18.735817
test,T2,22.66,18.602135
test,T2,22.66,18.148642
test,T2,22.66,18.438782
test,T2,22.052,18.37624
test,T2,20.532,18.31175
test,T2,19.62,17.395006
test,T2,19.62,15.902016
test,T2,19.62,15.78419
test,T2,19.62,17.047823
test,T2,19.62,18.160215
test,T2,19.62,17.068481
test,T2,19.62,17.862831
test,T2,18.698,17.360395
test,T2,16.393,17.305895
test,T2,15.01,18.127752
test,T2,15.01,19.303158
test,T2,15.01,18.75928
test,T2,15.01,17.097303
test,T2,15.01,15.717965
test,T2,15.01,14.310415
test,T2,15.01,16.88711
test,T2,12.937195,17.48616
test,T2,7.742195,14.117493
test,T2,4.62,15.170788
test,T2,4.62,17.070295
test,T2,4.62,15.653395
test,T2,4.62,15.514336
test,T2,4.62,15.226551
test,T2,4.62,15.543037
test,T2,4.62,15.741055
test,T2,3.838,12.716482
test,T2,1.883,11.8585615
test,T2,0.71,16.555159
test,T2,0.71,15.516634
test,T2,0.71,14.870512
test,T2,0.71,16.664457
test,T2,0.71,16.80232
test,T2,0.71,17.107988
test,T2,0.71,17.099426
test,T2,4.582,17.95387
test,T2,14.262,17.776897
test,T2,20.07,17.255888
test,T2,20.07,17.586676
test,T2,20.07,19.547026
test,T2,20.07,19.58869
test,T2,20.07,20.550406
test,T2,20.07,20.916182
test,T2,20.07,21.995058
test,T2,21.917416,21.209055
test,T2,26.547417,20.312489
test,T2,29.33,21.411535
test,T2,29.33,20.380735
test,T2,29.33,18.423342
test,T2,29.33,18.22867
test,T2,29.33,18.786509
test,T2,29.33,17.54354
test,T2,29.33,16.304361
test,T2,30.014,17.314837
test,T2,31.724,18.627348
test,T2,32.75,16.69037
test,T2,32.75,15.663359
test,T2,32.75,15.538887
test,T2,32.75,17.479156
test,T2,32.75,18.71934
test,T2,32.75,17.045835
test,T2,32.75,14.937261
test,T2,32.942,17.00952
test,T2,33.422,17.23482
test,T2,33.71,16.18197
test,T2,33.71,17.089596
test,T2,33.71,17.272516
test,T2,33.71,16.278803
test,T2,33.71,17.271046
test,T2,33.71,17.521883
test,T2,33.71,16.671045
test,T2,33.735935,15.971002
test,T2,33.800934,15.91024
test,T2,33.84,17.204704
test,T2,33.84,18.504301
test,T2,33.84,16.961557
test,T2,33.84,16.408617
test,T2,33.84,17.410177
test,T2,33.84,15.355728
test,T2,33.84,15.125582
test,T2,33.972,16.043854
test,T2,34.302,16.552755
test,T2,34.5,16.264156
test,T2,34.5,16.76005
test,T2,34.5,16.624617
test,T2,34.5,17.256868
test,T2,34.5,16.596172
test,T2,34.5,15.155169
test,T2,34.5,17.59889
test,T2,34.642,18.215778
test,T2,34.997,17.214714
test,T2,35.21,16.605417
test,T2,35.21,15.71461
test,T2,35.21,16.33896
test,T2,35.21,16.803925
test,T2,35.21,17.026854
test,T2,35.21,17.81388
test,T2,35.21,17.730059
test,T2,35.297783,17.666182
test,T2,35.51778,17.102102
test,T2,35.65,17.375135
test,T2,35.65,17.35589
test,T2,35.65,17.727432
test,T2,35.65,17.755716
test,T2,35.65,17.43756
test,T2,35.65,17.46045
test,T2,35.65,17.400637
test,T2,35.65399,17.161764
test,T2,35.66399,17.063747
test,T2,35.67,17.524534
test,T2,35.67,18.701427
test,T2,35.67,19.2956
test,T2,35.67,18.688509
test,T2,35.67,18.275679
test,T2,35.67,18.529913
test,T2,35.67,18.822163
test,T2,35.89,18.172022
test,T2,36.44,18.155167
test,T2,36.77,18.943953
test,T2,36.77,18.818306
test,T2,36.77,18.16599
test,T2,36.77,18.715425
test,T2,36.77,19.559088
test,T2,36.77,18.554209
test,T2,36.77,16.811272
test,T2,36.726,17.264862
test,T2,36.616,17.62147
test,T2,36.55,17.802052
test,T2,36.55,17.498909
test,T2,36.55,17.970726
test,T2,36.55,17.682596
test,T2,36.55,17.647337
test,T2,36.55,16.719051
test,T2,36.55,16.82766
test,T2,36.502,17.37428
test,T2,36.382,17.588411
test,T2,36.31,18.040995
test,T2,36.31,17.216894
test,T2,36.31,17.348969
test,T2,36.31,17.316954
test,T2,36.31,17.08734
test,T2,36.31,17.713676
test,T2,36.31,17.1505
test,T2,36.492,15.604202
test,T2,36.947,15.618307
test,T2,37.22,18.398201
test,T2,37.22,18.08214
test,T2,37.22,16.743103
test,T2,37.22,15.997757
test,T2,37.22,16.614758
test,T2,37.22,17.383429
test,T2,37.22,18.476854
test,T2,37.4,17.508133
test,T2,37.85,16.284409
test,T2,38.12,15.945457
test,T2,38.12,17.314993
test,T2,38.12,17.640583
test,T2,38.12,17.767235
test,T2,38.12,17.267828
test,T2,38.12,18.132673
test,T2,38.12,18.961893
test,T2,38.054165,18.39628
test,T2,37.889164,18.526604
test,T2,37.79,17.792757
test,T2,37.79,16.802866
test,T2,37.79,17.877813
test,T2,37.79,18.66062
test,T2,37.79,18.023678
test,T2,37.79,17.93893
test,T2,37.79,18.013361
test,T2,37.356,17.873114
test,T2,36.271,18.898706
test,T2,35.62,18.375809
test,T2,35.62,16.875816
test,T2,35.62,17.28859
test,T2,35.62,18.379507
test,T2,35.62,17.926706
test,T2,35.62,16.725674
test,T2,35.62,16.984463
test,T2,35.408,17.959688
test,T2,34.878,18.56941
test,T2,34.56,17.955414
test,T2,34.56,17.31376
test,T2,34.56,17.779446
test,T2,34.56,16.851269
test,T2,34.56,16.465002
test,T2,34.56,18.051367
test,T2,34.56,18.727922
test,T2,34.594,18.537392
test,T2,34.679,19.1406
test,T2,34.73,18.024782
test,T2,34.73,18.396498
test,T2,34.73,18.708437
test,T2,34.73,19.372976
test,T2,34.73,18.732557
test,T2,34.73,17.719433
test,T2,34.73,18.832338
test,T2,34.85,19.474333
test,T2,35.15,17.688847
test,T2,35.33,18.7171
test,T2,35.33,19.635569
test,T2,35.33,19.455118
test,T2,35.33,18.52223
test,T2,35.33,18.599932
test,T2,35.33,18.643816
test,T2,35.33,18.60886
test,T2,35.586,18.685127
test,T2,36.226,18.902315
test,T2,36.61,19.567694
test,T2,36.61,18.693937
test,T2,36.61,18.601189
test,T2,36.61,19.271988
test,T2,36.61,18.566324
test,T2,36.61,17.12522
test,T2,36.61,17.515482
test,T2,36.528,17.14421
test,T2,36.323,16.885838
test,T2,36.2,18.436617
test,T2,36.2,17.919529
test,T2,36.2,17.65059
test,T2,36.2,16.402876
test,T2,36.2,17.648367
test,T2,36.2,18.044317
test,T2,36.2,16.67867
test,T2,36.126,17.153784
test,T2,35.941,16.737926
test,T2,35.83,17.885107
test,T2,35.83,18.622404
test,T2,35.83,18.282045
test,T2,35.83,17.48577
test,T2,35.83,17.289484
test,T2,35.83,16.857965
test,T2,35.83,16.619764
test,T2,35.79,16.971863
test,T2,35.69,16.044443
test,T2,35.63,16.265493
test,T2,35.63,16.543036
test,T2,35.63,18.392096
test,T2,35.63,18.302248
test,T2,35.63,17.126986
test,T2,35.63,16.951777
test,T2,35.63,16.133474
test,T2,35.728,16.665741
test,T2,35.973,17.104631
test,T2,36.12,17.130232
test,T2,36.12,16.473995
test,T2,36.12,16.942507
test,T2,36.12,17.290216
test,T2,36.12,16.803522
test,T2,36.12,17.032461
test,T2,36.12,16.790861
test,T2,36.324,17.728735
test,T2,36.834,16.940088
test,T2,37.14,17.11033
test,T2,37.14,18.336523
test,T2,37.14,17.32593
test,T2,37.14,16.91888
test,T2,37.14,16.968687
test,T2,37.14,17.016914
test,T2,37.14,16.777533
test,T2,37.23975,16.479893
test,T2,37.48975,16.451948
test,T2,37.64,16.971174
test,T2,37.64,16.830053
test,T2,37.64,17.112234
test,T2,37.64,17.403458
test,T2,37.64,16.98041
test,T2,37.64,16.355494
test,T2,37.64,16.765402
test,T2,37.488,17.195362
test,T2,37.108,18.011263
test,T2,36.88,18.139196
test,T2,36.88,18.228449
test,T2,36.88,18.369244
test,T2,36.88,18.098577
test,T2,36.88,18.498278
test,T2,36.88,17.480185
test,T2,36.88,16.35332
test,T2,36.953815,16.633816
test,T2,37.138817,17.42319
test,T2,37.25,17.596842
test,T2,37.25,19.311546
test,T2,37.25,18.725546
test,T2,37.25,16.910189
test,T2,37.25,19.043997
test,T2,37.25,18.49331
test,T2,37.25,18.28816
test,T2,37.004,17.631664
test,T2,36.389,15.8780985
test,T2,36.02,18.739794
test,T2,36.02,19.568829
test,T2,36.02,20.103838
test,T2,36.02,19.555294
test,T2,36.02,18.695911
test,T2,36.02,17.093683
test,T2,36.02,17.67281
test,T2,36.016,18.417973
test,T2,36.006,18.247984
test,T2,36.0,18.028261
test,T2,36.0,16.396112
test,T2,36.0,18.154919
test,T2,36.0,20.041525
test,T2,36.0,19.23154
test,T2,36.0,17.159494
test,T2,36.0,18.466217
test,T2,36.364,19.304407
test,T2,37.274,18.610699
test,T2,37.82,18.063082
test,T2,37.82,18.6418
test,T2,37.82,19.218039
test,T2,37.82,18.159609
test,T2,37.82,18.886919
test,T2,37.82,19.078865
test,T2,37.82,17.728514
test,T2,37.915524,17.869349
test,T2,38.155525,18.61457
test,T2,38.3,19.100025
test,T2,38.3,18.525122
test,T2,38.3,17.243977
test,T2,38.3,18.18958
test,T2,38.3,18.192171
test,T2,38.3,18.113028
test,T2,38.3,17.314604
test,T2,38.036,16.267208
test,T2,37.376,16.901442
test,T2,36.98,17.784906
test,T2,36.98,17.405687
test,T2,36.98,17.81119
test,T2,36.98,17.770288
test,T2,36.98,17.069296
test,T2,36.98,16.733248
test,T2,36.98,17.219034
test,T2,36.84,16.329313
test,T2,36.49,15.953155
test,T2,36.28,16.235739
test,T2,36.28,16.223137
test,T2,36.28,15.638664
test,T2,36.28,15.960608
test,T2,36.28,16.897554
test,T2,36.28,17.553131
test,T2,36.28,17.565369
test,T2,36.499,17.559023
test,T2,36.864,17.0649
test,T2,37.01,17.07291
test,T2,37.01,16.882471
test,T2,37.01,16.32618
test,T2,37.01,16.572538
test,T2,37.01,16.5091
test,T2,37.01,16.710447
test,T2,36.980076,15.995532
test,T2,36.905075,16.985079
test,T2,36.86,17.454702
test,T2,36.86,16.5426
test,T2,36.86,16.666891
test,T2,36.86,16.967419
test,T2,36.86,17.634161
test,T2,36.86,17.431131
test,T2,36.86,17.388632
test,T2,36.869976,17.196918
test,T2,36.894974,17.175756
test,T2,36.91,17.828966
test,T2,36.91,17.350252
test,T2,36.91,16.412422
test,T2,36.91,16.211145
test,T2,36.91,17.186663
test,T2,36.91,17.05992
test,T2,36.91,16.69042
test,T2,36.812,17.39956
test,T2,36.567,17.889183
test,T2,36.42,18.357822
test,T2,36.42,17.10388
test,T2,36.42,15.88657
test,T2,36.42,16.432987
test,T2,36.42,17.532408
test,T2,36.42,16.933954
test,T2,36.42,16.666067
test,T2,36.344,17.107653
test,T2,36.154,16.521202
test,T2,36.04,16.673616
test,T2,36.04,17.226196
test,T2,36.04,17.468765
test,T2,36.04,17.679054
test,T2,36.04,17.70957
test,T2,36.04,16.761654
test,T2,36.04,16.188889
test,T2,35.954,18.054031
test,T2,35.739,16.478922
test,T2,35.61,15.647697
test,T2,35.61,17.884882
test,T2,35.61,18.219103
test,T2,35.61,17.818357
test,T2,35.61,17.322868
test,T2,35.61,18.117659
test,T2,35.61,18.632526
test,T2,35.041412,18.903908
test,T2,33.61641,18.683695
test,T2,32.76,19.7588
test,T2,32.76,19.13018
test,T2,32.76,17.46484
test,T2,32.76,19.127048
test,T2,32.76,19.067972
test,T2,32.76,17.530096
test,T2,32.76,17.194864
test,T2,32.448,17.052532
test,T2,31.668,17.080528
test,T2,31.2,18.29435
test,T2,31.2,17.387651
test,T2,31.2,17.91515
test,T2,31.2,17.581789
test,T2,31.2,18.11236
test,T2,31.2,17.41279
test,T2,31.2,15.925814
test,T2,31.478,17.071335
test,T2,32.173,18.144068
test,T2,32.59,17.478209
test,T2,32.59,18.198565
test,T2,32.59,17.851114
test,T2,32.59,16.901213
test,T2,32.59,17.82078
test,T2,32.59,19.446135
test,T2,32.59,18.612555
test,T2,32.914,18.644125
test,T2,33.724,19.019579
test,T2,34.21,17.777287
test,T2,34.21,18.549242
test,T2,34.21,19.186186
test,T2,34.21,18.780474
test,T2,34.21,19.374866
test,T2,34.21,19.270662
test,T2,34.21,17.878
test,T2,34.473347,17.753813
test,T2,35.133347,18.404022
test,T2,35.53,17.923933
test,T2,35.53,17.886871
test,T2,35.53,17.7935
test,T2,35.53,17.584356
test,T2,35.53,17.69928
test,T2,35.53,18.685911
test,T2,35.53,18.757904
test,T2,35.528,18.872538
test,T2,35.523,17.555742
test,T2,35.52,16.867373
test,T2,35.52,16.859703
test,T2,35.52,17.892878
test,T2,35.52,18.117954
test,T2,35.52,18.429895
test,T2,35.52,17.420591
test,T2,35.52,17.18347
test,T2,35.52,17.402987
test,T2,35.52,17.804056
test,T2,35.52,17.284054
test,T2,35.52,18.412539
test,T2,35.52,17.44838
test,T2,35.52,17.684584
test,T2,35.52,17.448084
test,T2,35.52,17.946913
test,T2,35.52,19.585142
test,T2,35.577854,18.190845
test,T2,35.722855,16.362953
test,T2,35.81,16.600094
test,T2,35.81,17.091848
test,T2,35.81,17.23361
test,T2,35.81,16.97064
test,T2,35.81,18.59832
test,T2,35.81,17.833628
test,T2,35.81,16.89102
test,T2,35.582565,17.4994
test,T2,35.012566,17.569803
test,T2,34.67,16.66355
test,T2,34.67,17.690786
test,T2,34.67,17.7268
test,T2,34.67,14.375374
test,T2,34.67,15.493
test,T2,34.67,17.644125
test,T2,34.67,19.249842
test,T2,34.83758,18.894411
test,T2,35.25758,16.829275
test,T2,35.51,16.871115
test,T2,35.51,16.46398
test,T2,35.51,16.912811
test,T2,35.51,17.068653
test,T2,35.51,16.485308
test,T2,35.51,16.87092
test,T2,35.51,17.33787
test,T2,35.514,16.6238
test,T2,35.524,16.449625
test,T2,35.53,16.163462
test,T2,35.53,16.764864
test,T2,35.53,17.039349
test,T2,35.53,16.45152
test,T2,35.53,16.515112
test,T2,35.53,16.219889
test,T2,35.53,16.167028
test,T2,35.862,17.520353
test,T2,36.692,18.767706
test,T2,37.19,18.425737
test,T2,37.19,17.68459
test,T2,37.19,16.225674
test,T2,37.19,14.80417
test,T2,37.19,15.202928
test,T2,37.19,15.288982
test,T2,37.19,14.862355
test,T2,37.02,15.445997
test,T2,36.595,15.83104
test,T2,36.34,16.391289
test,T2,36.34,16.23916
test,T2,36.34,15.919504
test,T2,36.34,17.002298
test,T2,36.34,16.626074
test,T2,36.34,16.227427
test,T2,36.34,16.60126
test,T2,36.22,15.754377
test,T2,35.92,16.210678
test,T2,35.74,16.288431
test,T2,35.74,16.702589
test,T2,35.74,16.678331
test,T2,35.74,16.196676
test,T2,35.74,16.064816
test,T2,35.74,15.979485
test,T2,35.74,15.846307
test,T2,35.816,14.743331
test,T2,36.006,15.717588
test,T2,36.12,16.548843
test,T2,36.12,17.323647
test,T2,36.12,16.684732
test,T2,36.12,16.133085
test,T2,36.12,15.572132
test,T2,36.12,15.843372
test,T2,36.12,17.496876
test,T2,36.012,16.775204
test,T2,35.742,16.32483
test,T2,35.58,16.689434
test,T2,35.58,15.975526
test,T2,35.58,15.754896
test,T2,35.58,16.357708
test,T2,35.58,16.799377
test,T2,35.58,17.076899
test,T2,35.58,17.262457
test,T2,35.759556,16.92921
test,T2,36.209553,15.57996
test,T2,36.48,16.444632
test,T2,36.48,17.752295
test,T2,36.48,17.384169
test,T2,36.48,17.104141
test,T2,36.48,17.023579
test,T2,36.48,16.913326
test,T2,36.48,16.400274
test,T2,36.488,16.593649
test,T2,36.508,17.210098
test,T2,36.52,16.956018
test,T2,36.52,16.857592
test,T2,36.52,17.197351
test,T2,36.52,17.99165
test,T2,36.52,17.754381
test,T2,36.52,16.85459
test,T2,36.52,16.916962
test,T2,36.518,16.692705
test,T2,36.513,16.193985
test,T2,36.51,16.704348
test,T2,36.51,18.028109
test,T2,36.51,17.861063
test,T2,36.51,17.131865
test,T2,36.51,17.03117
test,T2,36.51,15.796
test,T2,36.51,16.485552
test,T2,36.631695,17.236906
test,T2,36.936695,16.872921
test,T2,37.12,17.153406
test,T2,37.12,16.971014
test,T2,37.12,17.58962
test,T2,37.12,17.334892
test,T2,37.12,16.232895
test,T2,37.12,17.361387
test,T2,37.12,17.125496
test,T2,37.096058,17.376974
test,T2,37.03606,18.14564
test,T2,37.0,17.689835
test,T2,37.0,18.317774
test,T2,37.0,18.013933
test,T2,37.0,17.567501
test,T2,37.0,18.568747
test,T2,37.0,18.87523
test,T2,37.0,18.391798
test,T2,36.83441,18.907675
test,T2,36.41941,18.279085
test,T2,36.17,17.928537
test,T2,36.17,18.499573
test,T2,36.17,17.9512
test,T2,36.17,18.482027
test,T2,36.17,18.96451
test,T2,36.17,18.617136
test,T2,36.17,18.674719
test,T2,35.98,17.889082
test,T2,35.505,18.072392
test,T2,35.22,19.208841
test,T2,35.22,18.630499
test,T2,35.22,17.455965
test,T2,35.22,16.737316
test,T2,35.22,17.264975
test,T2,35.22,18.463419
test,T2,35.22,16.824709
test,T2,35.146,16.83645
test,T2,34.961,16.787317
test,T2,34.85,16.432367
test,T2,34.85,16.762352
test,T2,34.85,17.933565
test,T2,34.85,17.335678
test,T2,34.85,17.78554
test,T2,34.85,17.62432
test,T2,34.85,17.613363
test,T2,34.832,16.614952
test,T2,34.787,16.62992
test,T2,34.76,17.28004
test,T2,34.76,17.06462
test,T2,34.76,16.746527
test,T2,34.76,17.265821
test,T2,34.76,17.264536
test,T2,34.76,17.238352
test,T2,34.76,16.690939
test,T2,34.746,17.093737
test,T2,34.711,17.693163
test,T2,34.69,17.203207
test,T2,34.69,17.092299
test,T2,34.69,17.17179
test,T2,34.69,17.637358
test,T2,34.69,17.55683
test,T2,34.69,17.339811
test,T2,34.69,17.966024
test,T2,34.739876,16.938318
test,T2,34.864876,16.522713
test,T2,34.94,17.0328
test,T2,34.94,17.20015
test,T2,34.94,17.00389
test,T2,34.94,17.499262
test,T2,34.94,17.343168
test,T2,34.94,17.471916
test,T2,34.94,17.217474
test,T2,34.644,17.12608
test,T2,33.904,16.83934
test,T2,33.46,16.26888
test,T2,33.46,17.17246
test,T2,33.46,17.579338
test,T2,33.46,15.801063
test,T2,33.46,15.050592
test,T2,33.46,16.522036
test,T2,33.46,16.450407
test,T2,33.266483,16.596964
test,T2,32.781487,17.16701
test,T2,32.49,15.150828
test,T2,32.49,14.924471
test,T2,32.49,16.902674
test,T2,32.49,17.200129
test,T2,32.49,16.712524
test,T2,32.49,16.210508
test,T2,32.49,16.854189
test,T2,32.432,16.822725
test,T2,32.287,16.214748
test,T2,32.2,16.798208
test,T2,32.2,16.816679
test,T2,32.2,16.045132
test,T2,32.2,15.787056
test,T2,32.2,16.251429
test,T2,32.2,16.84846
test,T2,32.2,17.265648
test,T2,32.27182,16.886549
test,T2,32.45182,16.297163
test,T2,32.56,16.391619
test,T2,32.56,17.287909
test,T2,32.56,17.08674
test,T2,32.56,16.498394
test,T2,32.56,16.824312
test,T2,32.56,17.816977
test,T2,32.56,18.536629
test,T2,32.701645,18.388277
test,T2,33.056644,17.677034
test,T2,33.27,16.247473
test,T2,33.27,15.808061
test,T2,33.27,16.192635
test,T2,33.27,17.049053
test,T2,33.27,17.10832
test,T2,33.27,18.188822
test,T2,33.27,17.973131
test,T2,33.274,17.220411
test,T2,33.284,16.523802
test,T2,33.29,16.30098
test,T2,33.29,17.17547
test,T2,33.29,17.079998
test,T2,33.29,17.148645
test,T2,33.29,17.346983
test,T2,33.29,17.33852
test,T2,33.29,17.2941
test,T2,33.43,16.950466
test,T2,33.78,16.650595
test,T2,33.99,16.833723
test,T2,33.99,16.4573
test,T2,33.99,16.732714
test,T2,33.99,17.494707
test,T2,33.99,16.942793
test,T2,33.99,17.474379
test,T2,33.99,17.701616
test,T2,34.056,17.043001
test,T2,34.221,16.793943
test,T2,34.32,17.376486
test,T2,34.32,17.17668
test,T2,34.32,17.367863
test,T2,34.32,16.640894
test,T2,34.32,16.4331
test,T2,34.32,17.879011
test,T2,34.32,17.34657
test,T2,34.316,16.76858
test,T2,34.306,16.95277
test,T2,34.3,17.863726
test,T2,34.3,16.85961
test,T2,34.3,16.324322
test,T2,34.3,17.223341
test,T2,34.3,17.99507
test,T2,34.3,17.170599
test,T2,34.3,17.332682
test,T2,34.416,17.17626
test,T2,34.706,16.552597
test,T2,34.88,16.579435
test,T2,34.88,17.034641
test,T2,34.88,17.445234
test,T2,34.88,17.418814
test,T2,34.88,16.788626
test,T2,34.88,16.302877
test,T2,34.88,16.520601
test,T2,34.728,16.707106
test,T2,34.348,16.83463
test,T2,34.12,17.092083
test,T2,34.12,16.680525
test,T2,34.12,16.095152
test,T2,34.12,16.766642
test,T2,34.12,16.897457
test,T2,34.12,17.082453
test,T2,34.12,17.15932
test,T2,34.278,18.319624
test,T2,34.673,18.37559
test,T2,34.91,18.613787
test,T2,34.91,18.88279
test,T2,34.91,17.56725
test,T2,34.91,17.544672
test,T2,34.91,17.773638
test,T2,34.91,16.502827
test,T2,34.91,16.342323
test,T2,35.016,16.812727
test,T2,35.281,17.17452
test,T2,35.44,17.195913
test,T2,35.44,16.68815
test,T2,35.44,16.719046
test,T2,35.44,18.071318
test,T2,35.44,17.520092
test,T2,35.44,16.511843
test,T2,35.44,16.730246
test,T2,35.61,16.902685
test,T2,36.035,17.714226
test,T2,36.29,17.91427
test,T2,36.29,16.95617
test,T2,36.29,16.548836
test,T2,36.29,17.4992
test,T2,36.29,17.219667
test,T2,36.29,17.15383
test,T2,36.29,18.453974
test,T2,36.356,18.128147
test,T2,36.521,17.20832
test,T2,36.62,16.904434
test,T2,36.62,17.018227
test,T2,36.62,17.680582
test,T2,36.62,17.57181
test,T2,36.62,17.359404
test,T2,36.62,17.024946
test,T2,36.62,16.912294
test,T2,36.518,16.58898
test,T2,36.263,16.491755
test,T2,36.11,16.442316
test,T2,36.11,16.842798
test,T2,36.11,16.504625
test,T2,36.11,16.285427
test,T2,36.11,17.188902
test,T2,36.11,17.732588
test,T2,36.11,17.659355
test,T2,35.976,17.545624
test,T2,35.641,17.420565
test,T2,35.44,16.660654
test,T2,35.44,17.256552
test,T2,35.44,16.654516
test,T2,35.44,16.002296
test,T2,35.44,16.315996
test,T2,35.44,16.848036
test,T2,35.44,16.724459
test,T2,35.37616,16.74175
test,T2,35.21616,16.719301
test,T2,35.12,16.575119
test,T2,35.12,16.732563
test,T2,35.12,16.731787
test,T2,35.12,17.177164
test,T2,35.12,16.82811
test,T2,35.12,16.852346
test,T2,35.12,17.081913
test,T2,35.110023,16.657608
test,T2,35.085026,16.337276
test,T2,35.07,16.08002
test,T2,35.07,16.48092
test,T2,35.07,16.481245
test,T2,35.07,16.515116
test,T2,35.07,16.326048
test,T2,35.07,16.152813
test,T2,35.07,16.28084
test,T2,35.13384,15.930842
test,T2,35.29384,16.124342
test,T2,35.39,16.093866
test,T2,35.39,16.8468
test,T2,35.39,16.718084
test,T2,35.39,15.8733835
test,T2,35.39,16.489775
test,T2,35.39,16.800978
test,T2,35.39,16.883238
test,T2,35.342,17.612917
test,T2,35.222,17.664064
test,T2,35.15,17.395342
test,T2,35.15,17.215101
test,T2,35.15,16.41101
test,T2,35.15,17.383879
test,T2,35.15,18.214935
test,T2,35.15,18.23019
test,T2,35.15,18.362381
test,T2,35.174,19.241255
test,T2,35.234,18.847702
test,T2,35.27,18.524248
test,T2,35.27,18.595234
test,T2,35.27,18.92402
test,T2,35.27,18.720594
test,T2,35.27,18.7769
test,T2,35.27,18.82339
test,T2,35.27,18.43665
test,T2,35.226,18.238277
test,T2,35.116,17.843779
test,T2,35.05,18.227814
test,T2,35.05,18.622389
test,T2,35.05,18.270103
test,T2,35.05,17.880266
test,T2,35.05,18.696316
test,T2,35.05,18.928583
test,T2,35.05,18.430033
test,T2,35.036034,18.392427
test,T2,35.001034,18.316706
test,T2,34.98,18.637049
test,T2,34.98,18.587008
test,T2,34.98,18.118368
test,T2,34.98,18.857212
test,T2,34.98,18.531717
test,T2,34.98,18.258543
test,T2,34.98,18.763174
test,T2,35.09372,18.514078
test,T2,35.37872,18.476063
test,T2,35.55,18.627333
test,T2,35.55,18.30544
test,T2,35.55,17.796614
test,T2,35.55,18.040213
test,T2,35.55,18.071096
test,T2,35.55,17.488638
test,T2,35.55,18.446476
test,T2,35.5101,18.80842
test,T2,35.4101,18.74004
test,T2,35.35,18.465162
test,T2,35.35,18.16717
test,T2,35.35,17.794722
test,T2,35.35,16.99345
test,T2,35.35,17.46702
test,T2,35.35,17.448122
test,T2,35.35,17.060453
test,T2,35.256,17.160767
test,T2,35.021,17.165556
test,T2,34.88,16.588694
test,T2,34.88,17.65978
test,T2,34.88,18.83366
test,T2,34.88,17.579584
test,T2,34.88,16.697798
test,T2,34.88,17.203978
test,T2,34.88,17.354586
test,T2,34.796,17.893812
test,T2,34.586,17.636345
test,T2,34.46,16.4685
test,T2,34.46,16.496407
test,T2,34.46,16.610395
test,T2,34.46,17.245123
test,T2,34.46,17.478178
test,T2,34.46,16.811491
test,T2,34.46,17.228062
test,T2,34.392,17.285727
test,T2,34.222,16.68448
test,T2,34.12,16.853575
test,T2,34.12,16.93811
test,T2,34.12,16.631002
test,T2,34.12,16.761278
test,T2,34.12,15.691549
test,T2,34.12,16.374838
test,T2,34.12,17.71771
test,T2,34.166,17.043503
test,T2,34.281,17.310762
test,T2,34.35,17.558233
test,T2,34.35,17.198683
test,T2,34.35,18.690657
test,T2,34.35,17.67933
test,T2,34.35,17.550173
test,T2,34.35,18.3608
test,T2,34.35,18.679377
test,T2,34.40586,18.554087
test,T2,34.54586,18.288013
test,T2,34.63,18.494764
test,T2,34.63,17.409689
test,T2,34.63,16.610676
test,T2,34.63,17.75877
test,T2,34.63,18.058954
test,T2,34.63,18.663939
test,T2,34.63,19.111551
test,T2,34.666,19.029776
test,T2,34.756,18.529222
test,T2,34.81,18.209318
test,T2,34.81,18.44395
test,T2,34.81,18.134905
test,T2,34.81,17.952795
test,T2,34.81,18.44703
test,T2,34.81,18.187237
test,T2,34.81,18.110743
test,T2,34.878,18.424885
test,T2,35.048,18.268534
test,T2,35.15,18.10357
test,T2,35.15,18.449615
test,T2,35.15,17.684946
test,T2,35.15,17.2245
test,T2,35.15,17.983702
test,T2,35.15,17.921307
test,T2,35.15,17.882198
test,T2,35.21384,17.981829
test,T2,35.37384,17.70389
test,T2,35.47,17.643803
test,T2,35.47,17.090841
test,T2,35.47,19.599943
test,T2,35.47,19.155
test,T2,35.47,17.582636
test,T2,35.47,17.584223
test,T2,35.47,17.165846
test,T2,35.534,17.68669
test,T2,35.694,17.705988
test,T2,35.79,17.027958
test,T2,35.79,16.949862
test,T2,35.79,16.780571
test,T2,35.79,17.431463
test,T2,35.79,17.707376
test,T2,35.79,16.66845
test,T2,35.79,16.974134
test,T2,35.866,16.615065
test,T2,36.056,15.941158
test,T2,36.17,16.234638
test,T2,36.17,16.273888
test,T2,36.17,16.796024
test,T2,36.17,16.669655
test,T2,36.17,16.192278
test,T2,36.17,16.47776
test,T2,36.17,15.673235
test,T2,36.09818,16.374193
test,T2,35.91818,16.704178
test,T2,35.81,16.354174
test,T2,35.81,16.503485
test,T2,35.81,16.26813
test,T2,35.81,16.748161
test,T2,35.81,16.609652
test,T2,35.81,17.251417
test,T2,35.81,16.871775
test,T2,35.808006,16.208055
test,T2,35.803005,16.64852
test,T2,35.8,16.410416
test,T2,35.8,16.353233
test,T2,35.8,16.298504
test,T2,35.8,16.513697
test,T2,35.8,16.973345
test,T2,35.8,17.290026
test,T2,35.8,16.582003
test,T2,35.656,16.356192
test,T2,35.296,16.144762
test,T2,35.08,16.315765
test,T2,35.08,16.632893
test,T2,35.08,16.490707
test,T2,35.08,16.150988
test,T2,35.08,16.350456
test,T2,35.08,16.91059
test,T2,35.08,16.985167
test,T2,35.188,16.993093
test,T2,35.458,16.04907
test,T2,35.62,17.015915
test,T2,35.62,16.839176
test,T2,35.62,16.479837
test,T2,35.62,16.522741
test,T2,35.62,16.287458
test,T2,35.62,16.85077
test,T2,35.62,15.912405
test,T2,35.612,16.480097
test,T2,35.592,16.582127
test,T2,35.58,16.359804
test,T2,35.58,16.228914
test,T2,35.58,16.449898
test,T2,35.58,16.57379
test,T2,35.58,16.51282
test,T2,35.58,16.473747
test,T2,35.58,16.810629
test,T2,35.648,16.924025
test,T2,35.818,16.250639
test,T2,35.92,16.320887
test,T2,35.92,15.683468
test,T2,35.92,16.71025
test,T2,35.92,15.935075
test,T2,35.92,16.437908
test,T2,35.92,16.95428
test,T2,35.92,16.34821
test,T2,35.928,16.937738
test,T2,35.948,16.31434
test,T2,35.96,16.320162
test,T2,35.96,16.883066
test,T2,35.96,16.442648
test,T2,35.96,16.849659
test,T2,35.96,16.854095
test,T2,35.96,16.92644
test,T2,35.96,16.27307
test,T2,36.094,16.777527
test,T2,36.429,16.674463
test,T2,36.63,16.294004
test,T2,36.63,16.101788
test,T2,36.63,16.257336
test,T2,36.63,16.170065
test,T2,36.63,16.475306
test,T2,36.63,17.256502
test,T2,36.63,17.787722
test,T2,36.584,17.293608
test,T2,36.469,16.595343
test,T2,36.4,16.470732
test,T2,36.4,16.658667
test,T2,36.4,16.870327
test,T2,36.4,16.785667
test,T2,36.4,15.934896
test,T2,36.4,15.791972
test,T2,36.4,16.112396
test,T2,36.272,16.579763
test,T2,35.952,16.823397
test,T2,35.76,16.937235
test,T2,35.76,16.885958
test,T2,35.76,15.79174
test,T2,35.76,16.262386
test,T2,35.76,16.793978
test,T2,35.76,16.27263
test,T2,35.76,16.404362
test,T2,35.61835,17.708155
test,T2,35.26335,17.376055
test,T2,35.05,16.66777
test,T2,35.05,16.436327
test,T2,35.05,16.440775
test,T2,35.05,16.766972
test,T2,35.05,17.11235
test,T2,35.05,17.37256
test,T2,35.05,17.787302
test,T2,34.96,17.41959
test,T2,34.735,17.56178
test,T2,34.6,17.730247
test,T2,34.6,17.271416
test,T2,34.6,18.21293
test,T2,34.6,18.1205
test,T2,34.6,17.810713
test,T2,34.6,17.789854
test,T2,34.6,17.790052
test,T2,34.35661,17.968443
test,T2,33.74661,18.09265
test,T2,33.38,18.730974
test,T2,33.38,18.668951
test,T2,33.38,18.468967
test,T2,33.38,18.464605
test,T2,33.38,18.564585
test,T2,33.38,17.611158
test,T2,33.38,17.66922
test,T2,33.356,18.70603
test,T2,33.296,18.116482
test,T2,33.26,17.650988
test,T2,33.26,17.53147
test,T2,33.26,17.61283
test,T2,33.26,19.121534
test,T2,33.26,19.307337
test,T2,33.26,18.517574
test,T2,33.26,19.291563
test,T2,33.326,19.078604
test,T2,33.491,18.4848
test,T2,33.59,18.739
test,T2,33.59,18.786425
test,T2,33.59,18.85636
test,T2,33.59,19.419413
test,T2,33.59,18.352015
test,T2,33.59,17.284052
test,T2,33.59,16.466993
test,T2,33.574,17.728693
test,T2,33.534,19.232489
test,T2,33.51,19.09171
test,T2,33.51,17.57354
test,T2,33.51,18.799953
test,T2,33.51,19.313284
test,T2,33.51,18.509825
test,T2,33.51,18.738817
test,T2,33.51,18.519766
test,T2,33.58182,18.49663
test,T2,33.76182,19.384962
test,T2,33.87,19.393167
test,T2,33.87,18.628809
test,T2,33.87,18.905558
test,T2,33.87,18.377443
test,T2,33.87,19.048544
test,T2,33.87,19.034384
test,T2,33.87,18.361773
test,T2,33.716,17.526552
test,T2,33.331,15.9686775
test,T2,33.1,17.50921
test,T2,33.1,19.244074
test,T2,33.1,18.49579
test,T2,33.1,17.672415
test,T2,33.1,17.739809
test,T2,33.1,17.699816
test,T2,33.1,16.858332
test,T2,32.914467,17.660051
test,T2,32.449467,18.603327
test,T2,32.17,18.120008
test,T2,32.17,17.66794
test,T2,32.17,18.826742
test,T2,32.17,18.305891
test,T2,32.17,18.117636
test,T2,32.17,18.820013
test,T2,32.17,19.297712
test,T2,32.14,17.919222
test,T2,32.065,18.166641
test,T2,32.02,18.516436
test,T2,32.02,18.299253
test,T2,32.02,19.191004
test,T2,32.02,18.153574
test,T2,32.02,17.814291
test,T2,32.02,18.150972
test,T2,32.02,17.875912
test,T2,32.006,17.383482
test,T2,31.971,16.8355
test,T2,31.95,16.970716
test,T2,31.95,17.70626
test,T2,31.95,17.527803
test,T2,31.95,17.204954
test,T2,31.95,17.460405
test,T2,31.95,17.265207
test,T2,31.95,16.519157
test,T2,32.006,17.348177
test,T2,32.146,17.962994
test,T2,32.23,17.716745
test,T2,32.23,17.504175
test,T2,32.23,17.475115
test,T2,32.23,16.967428
test,T2,32.23,17.278728
test,T2,32.23,17.92451
test,T2,32.23,17.6434
test,T2,32.22202,17.368387
test,T2,32.20202,17.151169
test,T2,32.19,17.376112
test,T2,32.19,16.896286
test,T2,32.19,17.247032
test,T2,32.19,17.77173
test,T2,32.19,18.309187
test,T2,32.19,17.574755
test,T2,32.19,16.48493
test,T2,32.19,17.07134
test,T2,32.19,17.166573
test,T2,32.19,17.547022
test,T2,32.19,17.420958
test,T2,32.19,16.571955
test,T2,32.19,17.30448
test,T2,32.19,17.145136
test,T2,32.19,15.782999
test,T2,32.19,15.902569
test,T2,32.09424,16.919453
test,T2,31.854239,17.546513
test,T2,31.71,16.685087
test,T2,31.71,16.489408
test,T2,31.71,17.074175
test,T2,31.71,17.773943
test,T2,31.71,16.758219
test,T2,31.71,16.66427
test,T2,31.71,16.37131
test,T2,31.618,16.564152
test,T2,31.388,17.272299
test,T2,31.25,17.298464
test,T2,31.25,17.258587
test,T2,31.25,16.863554
test,T2,31.25,16.770323
test,T2,31.25,16.427578
test,T2,31.25,17.17916
test,T2,31.25,17.113714
test,T2,31.426,17.015543
test,T2,31.866,16.739454
test,T2,32.13,16.613485
test,T2,32.13,16.414213
test,T2,32.13,16.807878
test,T2,32.13,19.100916
test,T2,32.13,19.364094
test,T2,32.13,18.195944
test,T2,32.13,17.691128
test,T2,32.351444,18.102114
test,T2,32.906445,17.751762
test,T2,33.24,16.82231
test,T2,33.24,17.633184
test,T2,33.24,18.353436
test,T2,33.24,17.169127
test,T2,33.24,16.093681
test,T2,33.24,16.35276
test,T2,33.24,16.842566
test,T2,33.354,17.098928
test,T2,33.639,16.433712
test,T2,33.81,15.8749485
test,T2,33.81,17.016905
test,T2,33.81,17.592276
test,T2,33.81,18.28715
test,T2,33.81,17.527758
test,T2,33.81,17.645292
test,T2,33.81,17.379713
test,T2,33.994,16.463121
test,T2,34.454,17.416536
test,T2,34.73,17.39586
test,T2,34.73,17.264666
test,T2,34.73,17.582531
test,T2,34.73,17.859392
test,T2,34.73,17.172564
test,T2,34.73,17.22901
test,T2,34.73,18.550581
test,T2,34.598328,18.167269
test,T2,34.268326,16.850122
test,T2,34.07,17.031904
test,T2,34.07,17.505125
test,T2,34.07,17.163216
test,T2,34.07,17.452185
test,T2,34.07,17.216555
test,T2,34.07,17.237043
test,T2,34.07,16.714285
test,T2,34.108,17.746847
test,T2,34.203,16.86043
test,T2,34.26,17.085333
test,T2,34.26,17.61165
test,T2,34.26,16.888746
test,T2,34.26,16.66504
test,T2,34.26,16.929161
test,T2,34.26,17.277521
test,T2,34.26,17.108862
test,T2,34.352,16.768652
test,T2,34.582,16.669466
test,T2,34.72,17.712002
test,T2,34.72,17.073606
test,T2,34.72,17.432753
test,T2,34.72,17.224886
test,T2,34.72,17.701612
test,T2,34.72,18.516582
test,T2,34.72,18.373125
test,T2,34.76389,17.737879
test,T2,34.87389,16.338968
test,T2,34.94,16.827618
test,T2,34.94,17.701431
test,T2,34.94,17.959558
test,T2,34.94,17.697466
test,T2,34.94,17.584341
test,T2,34.94,18.060823
test,T2,34.94,17.94464
test,T2,34.98,16.871649
test,T2,35.08,17.149298
test,T2,35.14,16.865273
test,T2,35.14,16.959375
test,T2,35.14,16.983892
test,T2,35.14,16.933739
test,T2,35.14,17.687601
test,T2,35.14,17.84978
test,T2,35.14,17.53461
test,T2,35.138,17.685343
test,T2,35.133,16.335148
test,T2,35.13,16.78379
test,T2,35.13,17.314724
test,T2,35.13,16.900333
test,T2,35.13,17.82929
test,T2,35.13,17.788527
test,T2,35.13,17.38382
test,T2,35.13,17.0284
test,T2,35.166,16.585896
test,T2,35.256,17.094511
test,T2,35.31,17.286608
test,T2,35.31,17.203371
test,T2,35.31,17.74036
test,T2,35.31,16.97581
test,T2,35.31,16.509064
test,T2,35.31,16.27805
test,T2,35.31,16.07857
test,T2,35.302,15.918835
test,T2,35.282,15.364697
test,T2,35.27,16.17678
test,T2,35.27,16.811775
test,T2,35.27,16.73805
test,T2,35.27,16.294298
test,T2,35.27,16.352213
test,T2,35.27,16.688906
test,T2,35.27,16.796917
test,T2,35.352,16.499334
test,T2,35.557,16.719374
test,T2,35.68,16.372253
test,T2,35.68,17.537027
test,T2,35.68,16.794119
test,T2,35.68,16.859198
test,T2,35.68,17.02946
test,T2,35.68,16.521545
test,T2,35.68,16.938484
test,T2,35.848,17.566017
test,T2,36.268,17.303076
test,T2,36.52,16.935907
test,T2,36.52,17.136374
test,T2,36.52,16.696278
test,T2,36.52,17.00709
test,T2,36.52,16.674726
test,T2,36.52,16.224188
test,T2,36.52,15.861998
test,T2,36.591824,16.178232
test,T2,36.77182,16.977877
test,T2,36.88,16.92154
test,T2,36.88,16.379757
test,T2,36.88,16.773254
test,T2,36.88,16.669537
test,T2,36.88,16.760366
test,T2,36.88,17.284376
test,T2,36.88,16.413202
test,T2,36.836,16.758364
test,T2,36.726,16.781427
test,T2,36.66,16.794926
test,T2,36.66,17.180122
test,T2,36.66,16.576284
test,T2,36.66,16.716925
test,T2,36.66,17.732203
test,T2,36.66,17.900139
test,T2,36.66,17.257645
test,T2,36.654,17.113497
test,T2,36.639,17.170977
test,T2,36.63,16.873966
test,T2,36.63,17.069574
test,T2,36.63,17.261469
test,T2,36.63,17.201036
test,T2,36.63,17.76023
test,T2,36.63,17.697048
test,T2,36.63,17.993147
test,T2,36.52,18.135761
test,T2,36.245,17.884108
test,T2,36.08,18.693521
test,T2,36.08,18.048193
test,T2,36.08,17.355455
test,T2,36.08,17.658072
test,T2,36.08,17.920767
test,T2,36.08,17.377024
test,T2,36.08,17.594187
test,T2,35.848,17.957642
test,T2,35.268,17.95901
test,T2,34.92,17.461885
test,T2,34.92,17.211473
test,T2,34.92,16.964876
test,T2,34.92,17.28982
test,T2,34.92,17.772402
test,T2,34.92,17.934458
test,T2,34.92,16.76306
test,T2,34.712,16.147762
test,T2,34.192,16.551609
test,T2,33.88,16.036835
test,T2,33.88,17.16543
test,T2,33.88,17.24613
test,T2,33.88,17.272978
test,T2,33.88,16.782919
test,T2,33.88,17.177435
test,T2,33.88,17.707506
test,T2,33.94,17.001415
test,T2,34.09,17.648773
test,T2,34.18,17.339422
test,T2,34.18,17.073462
test,T2,34.18,15.952032
test,T2,34.18,16.737917
test,T2,34.18,17.299112
test,T2,34.18,17.329317
test,T2,34.18,17.153734
test,T2,34.186,16.629936
test,T2,34.201,17.178371
test,T2,34.21,16.925974
test,T2,34.21,16.66975
test,T2,34.21,16.807995
test,T2,34.21,16.724989
test,T2,34.21,16.847574
test,T2,34.21,16.66245
test,T2,34.21,16.861856
test,T2,34.434,16.416933
test,T2,34.994,16.86094
test,T2,35.33,17.427385
test,T2,35.33,17.681879
test,T2,35.33,18.530115
test,T2,35.33,17.863665
test,T2,35.33,17.664558
test,T2,35.33,17.47463
test,T2,35.33,17.964373
test,T2,35.656,18.217642
test,T2,36.471,18.143143
test,T2,36.96,17.568722
test,T2,36.96,17.928299
test,T2,36.96,17.785326
test,T2,36.96,17.33761
test,T2,36.96,18.104315
test,T2,36.96,18.575891
test,T2,36.96,18.734882
test,T2,37.022,18.791159
test,T2,37.177,18.075342
test,T2,37.27,17.04172
test,T2,37.27,17.55257
test,T2,37.27,18.378855
test,T2,37.27,17.772001
test,T2,37.27,18.17734
test,T2,37.27,18.586874
test,T2,37.27,18.354212
test,T2,37.20217,18.713806
test,T2,37.03217,18.720806
test,T2,36.93,18.390905
test,T2,36.93,19.085505
test,T2,36.93,19.589602
test,T2,36.93,18.815239
test,T2,36.93,18.933947
test,T2,36.93,19.000408
test,T2,36.93,18.901964
test,T2,36.792343,18.764528
test,T2,36.447346,18.352625
test,T2,36.24,17.419142
test,T2,36.24,17.077913
test,T2,36.24,17.779253
test,T2,36.24,17.400377
test,T2,36.24,17.602346
test,T2,36.24,16.840904
test,T2,36.24,17.015793
test,T2,36.142,17.720985
test,T2,35.897,16.497498
test,T2,35.75,17.19515
test,T2,35.75,17.058216
test,T2,35.75,17.050413
test,T2,35.75,17.594912
test,T2,35.75,17.34529
test,T2,35.75,16.593706
test,T2,35.75,16.940254
test,T2,35.72207,16.403929
test,T2,35.65207,18.016493
test,T2,35.61,18.005163
test,T2,35.61,16.795279
test,T2,35.61,17.155975
test,T2,35.61,17.487352
test,T2,35.61,17.605734
test,T2,35.61,16.96733
test,T2,35.61,17.330381
test,T2,35.41249,17.425688
test,T2,34.917492,17.077574
test,T2,34.62,17.23701
test,T2,34.62,16.839598
test,T2,34.62,17.403608
test,T2,34.62,17.377192
test,T2,34.62,17.431686
test,T2,34.62,18.140766
test,T2,34.62,17.980734
test,T2,34.628,18.07526
test,T2,34.648,18.45675
test,T2,34.66,19.5234
test,T2,34.66,19.516575
test,T2,34.66,18.7031
test,T2,34.66,19.071095
test,T2,34.66,19.39274
test,T2,34.66,18.399546
test,T2,34.66,18.657137
test,T2,34.75776,19.084463
test,T2,35.002758,18.25688
test,T2,35.15,17.977781
test,T2,35.15,18.038012
test,T2,35.15,18.558285
test,T2,35.15,18.792952
test,T2,35.15,18.185425
test,T2,35.15,18.690304
test,T2,35.15,18.601244
test,T2,35.204,18.128565
test,T2,35.339,18.048044
test,T2,35.42,17.21272
test,T2,35.42,16.436209
test,T2,35.42,16.8868
test,T2,35.42,17.481504
test,T2,35.42,17.200386
test,T2,35.42,17.207882
test,T2,35.42,17.61423
test,T2,35.326233,16.815193
test,T2,35.091232,17.088953
test,T2,34.95,17.194242
test,T2,34.95,16.73314
test,T2,34.95,17.87379
test,T2,34.95,17.445633
test,T2,34.95,17.365057
test,T2,34.95,17.33239
test,T2,34.95,17.4184
test,T2,35.00985,17.437628
test,T2,35.15985,17.044
test,T2,35.25,17.300951
test,T2,35.25,17.47492
test,T2,35.25,17.88594
test,T2,35.25,18.07366
test,T2,35.25,17.495062
test,T2,35.25,17.566193
test,T2,35.25,17.706738
test,T2,35.344,18.112108
test,T2,35.579,17.948011
test,T2,35.72,17.708494
test,T2,35.72,17.237715
test,T2,35.72,17.151602
test,T2,35.72,17.162027
test,T2,35.72,16.81264
test,T2,35.72,17.107744
test,T2,35.72,17.305378
test,T2,35.63,16.891005
test,T2,35.405,17.286589
test,T2,35.27,17.321594
test,T2,35.27,17.5554
test,T2,35.27,17.36852
test,T2,35.27,17.558472
test,T2,35.27,17.08156
test,T2,35.27,16.197153
test,T2,35.27,16.117962
test,T2,35.164,16.82661
test,T2,34.899,16.526897
test,T2,34.74,16.476465
test,T2,34.74,16.766756
test,T2,34.74,16.807928
test,T2,34.74,17.215948
test,T2,34.74,16.94014
test,T2,34.74,16.908419
test,T2,34.74,17.00369
test,T2,34.75197,16.746826
test,T2,34.78197,17.064741
test,T2,34.8,16.72336
test,T2,34.8,16.010038
test,T2,34.8,16.00901
test,T2,34.8,16.523233
test,T2,34.8,17.2302
test,T2,34.8,17.092745
test,T2,34.8,17.332352
test,T2,35.03142,16.870428
test,T2,35.61142,17.401964
test,T2,35.96,17.574417
test,T2,35.96,17.524105
test,T2,35.96,18.113878
test,T2,35.96,17.746351
test,T2,35.96,17.240187
test,T2,35.96,17.952314
test,T2,35.96,18.293093
test,T2,35.938,16.988413
test,T2,35.883,17.210484
test,T2,35.85,17.194563
test,T2,35.85,16.938313
test,T2,35.85,17.090055
test,T2,35.85,17.244844
test,T2,35.85,17.478659
test,T2,35.85,17.981249
test,T2,35.85,17.416834
test,T2,35.899876,18.116072
test,T2,36.024876,18.36599
test,T2,36.1,18.109243
test,T2,36.1,18.097746
test,T2,36.1,18.444168
test,T2,36.1,18.542364
test,T2,36.1,18.626188
test,T2,36.1,17.6776
test,T2,36.1,17.491125
test,T2,36.032,17.818213
test,T2,35.862,17.760248
test,T2,35.76,17.614428
test,T2,35.76,17.447786
test,T2,35.76,17.373411
test,T2,35.76,18.088428
test,T2,35.76,18.551239
test,T2,35.76,18.733477
test,T2,35.76,18.69509
test,T2,35.868,19.275785
test,T2,36.138,19.535053
test,T2,36.3,18.017366
test,T2,36.3,18.490396
test,T2,36.3,19.198257
test,T2,36.3,19.150286
test,T2,36.3,18.85869
test,T2,36.3,18.433615
test,T2,36.3,19.729856
test,T2,36.23,19.79347
test,T2,36.055,19.061815
test,T2,35.95,18.187378
test,T2,35.95,17.143003
test,T2,35.95,17.79334
test,T2,35.95,18.704653
test,T2,35.95,18.735888
test,T2,35.95,18.8183
test,T2,35.95,18.071798
test,T2,36.0295,17.65426
test,T2,36.2945,18.704157
test,T2,36.48,18.16812
test,T2,36.48,17.845272
test,T2,36.48,17.585825
test,T2,36.48,17.564888
test,T2,36.48,17.844997
test,T2,36.48,17.602734
test,T2,36.48,17.031532
test,T2,36.556,17.258423
test,T2,36.746,17.395502
test,T2,36.86,17.537645
test,T2,36.86,17.991507
test,T2,36.86,17.40522
test,T2,36.86,17.388338
test,T2,36.86,17.637918
test,T2,36.86,17.628582
test,T2,36.86,17.313189
test,T2,37.002,16.839664
test,T2,37.357,16.417067
test,T2,37.57,16.776402
test,T2,37.57,16.844954
test,T2,37.57,16.982418
test,T2,37.57,17.50591
test,T2,37.57,17.016712
test,T2,37.57,17.325865
test,T2,37.57,17.44679
test,T2,37.26875,17.70418
test,T2,36.51375,17.404287
test,T2,36.06,17.563421
test,T2,36.06,17.415071
test,T2,36.06,16.365168
test,T2,36.06,16.403662
test,T2,36.06,16.986824
test,T2,36.06,17.019964
test,T2,36.06,16.78802
test,T2,36.022095,16.612272
test,T2,35.927094,16.545326
test,T2,35.87,17.002014
test,T2,35.87,16.650057
test,T2,35.87,16.545927
test,T2,35.87,17.441732
test,T2,35.87,17.353664
test,T2,35.87,15.994724
test,T2,35.87,17.029516
test,T2,35.888,17.603434
test,T2,35.933,16.993147
test,T2,35.96,17.08744
test,T2,35.96,16.706207
test,T2,35.96,16.296658
test,T2,35.96,17.05993
test,T2,35.96,17.292896
test,T2,35.96,16.821665
test,T2,35.96,17.29521
test,T2,35.896,18.420568
test,T2,35.736,18.37073
test,T2,35.64,17.551764
test,T2,35.64,17.701994
test,T2,35.64,17.259195
test,T2,35.64,17.500834
test,T2,35.64,17.539331
test,T2,35.64,17.545855
test,T2,35.64,18.285616
test,T2,35.62803,17.85818
test,T2,35.59803,17.461077
test,T2,35.58,17.480988
test,T2,35.58,17.00649
test,T2,35.58,17.309591
test,T2,35.58,16.686525
test,T2,35.58,17.04524
test,T2,35.58,17.374352
test,T2,35.58,16.895638
test,T2,35.538,17.020128
test,T2,35.433,17.694696
test,T2,35.37,17.634867
test,T2,35.37,18.017523
test,T2,35.37,17.603123
test,T2,35.37,17.221151
test,T2,35.37,17.902288
test,T2,35.37,17.376116
test,T2,35.37,17.666344
test,T2,35.511646,17.553696
test,T2,35.866646,17.792963
test,T2,36.08,17.94723
test,T2,36.08,17.362745
test,T2,36.08,18.07738
test,T2,36.08,18.370369
test,T2,36.08,17.948013
test,T2,36.08,17.639353
test,T2,36.08,17.309437
test,T2,36.192,16.675947
test,T2,36.472,17.084934
test,T2,36.64,17.159693
test,T2,36.64,16.763306
test,T2,36.64,17.248981
test,T2,36.64,17.61912
test,T2,36.64,16.537048
test,T2,36.64,15.557343
test,T2,36.64,15.8376045
test,T2,36.56,16.20196
test,T2,36.36,15.955338
test,T2,36.24,16.16414
test,T2,36.24,18.294613
test,T2,36.24,18.236544
test,T2,36.24,16.000116
test,T2,36.24,16.205961
test,T2,36.24,15.695547
test,T2,36.24,15.886747
test,T2,36.337753,16.44821
test,T2,36.582756,17.226013
test,T2,36.73,17.334915
test,T2,36.73,17.661076
test,T2,36.73,16.939953
test,T2,36.73,16.481756
test,T2,36.73,15.988701
test,T2,36.73,16.051702
test,T2,36.73,16.136776
test,T2,36.35892,15.983148
test,T2,35.42892,15.913786
test,T2,34.87,16.11756
test,T2,34.87,16.878965
test,T2,34.87,17.533724
test,T2,34.87,16.739943
test,T2,34.87,16.255117
test,T2,34.87,16.972092
test,T2,34.87,18.032358
test,T2,34.91,17.734238
test,T2,35.01,18.020914
test,T2,35.07,17.190302
test,T2,35.07,17.79907
test,T2,35.07,18.464745
test,T2,35.07,18.605707
test,T2,35.07,18.276014
test,T2,35.07,18.55687
test,T2,35.07,19.524693
test,T2,34.78,19.837248
test,T2,34.055,20.412464
test,T2,33.62,20.017694
test,T2,33.62,19.349577
test,T2,33.62,19.886328
test,T2,33.62,20.473352
test,T2,33.62,20.409643
test,T2,33.62,19.462347
test,T2,33.62,19.429247
test,T2,33.51,19.75482
test,T2,33.235,19.58757
test,T2,33.07,19.907438
test,T2,33.07,20.60131
test,T2,33.07,18.552397
test,T2,33.07,18.5641
test,T2,33.07,17.940897
test,T2,33.07,18.841002
test,T2,33.07,18.946367
test,T2,32.914387,18.629045
test,T2,32.524387,18.534628
test,T2,32.29,18.434048
test,T2,32.29,18.03894
test,T2,32.29,17.575384
test,T2,32.29,17.589476
test,T2,32.29,18.627134
test,T2,32.29,19.154116
test,T2,32.29,18.31295
test,T2,32.428,18.841875
test,T2,32.773,17.845251
test,T2,32.98,17.015457
test,T2,32.98,17.891441
test,T2,32.98,18.304087
test,T2,32.98,18.004065
test,T2,32.98,17.390543
test,T2,32.98,17.548658
test,T2,32.98,18.026648
test,T2,33.062,18.582987
test,T2,33.267,17.656664
test,T2,33.39,17.285244
test,T2,33.39,17.68619
test,T2,33.39,16.508959
test,T2,33.39,16.124325
test,T2,33.39,16.33645
test,T2,33.39,16.581375
test,T2,33.39,16.856585
test,T2,33.467804,16.463665
test,T2,33.662804,17.101292
test,T2,33.78,17.554266
test,T2,33.78,16.754633
test,T2,33.78,16.640503
test,T2,33.78,16.88871
test,T2,33.78,17.04356
test,T2,33.78,17.069681
test,T2,33.78,16.782984
test,T2,34.01,16.77866
test,T2,34.585,16.975697
test,T2,34.93,16.915113
test,T2,34.93,16.832422
test,T2,34.93,17.350851
test,T2,34.93,17.818388
test,T2,34.93,16.711517
test,T2,34.93,16.949585
test,T2,34.93,17.135477
test,T2,34.948,17.477346
test,T2,34.993,16.972555
test,T2,35.02,16.77956
test,T2,35.02,16.015741
test,T2,35.02,16.404184
test,T2,35.02,16.070375
test,T2,35.02,16.041502
test,T2,35.02,17.499462
test,T2,35.02,17.399744
test,T2,34.97,16.935469
test,T2,34.845,16.427895
test,T2,34.77,16.235212
test,T2,34.77,16.79521
test,T2,34.77,17.365587
test,T2,34.77,17.243486
test,T2,34.77,17.290617
test,T2,34.77,17.6126
test,T2,34.77,16.608017
test,T2,34.67,16.319098
test,T2,34.42,15.904749
test,T2,34.27,16.57204
test,T2,34.27,16.789295
test,T2,34.27,16.000551
test,T2,34.27,16.468893
test,T2,34.27,16.432432
test,T2,34.27,16.987392
test,T2,34.27,17.26048
test,T2,34.424,16.583502
test,T2,34.809,16.51299
test,T2,35.04,16.644106
test,T2,35.04,16.387243
test,T2,35.04,16.33387
test,T2,35.04,16.098043
test,T2,35.04,16.344908
test,T2,35.04,16.88936
test,T2,35.04,16.712437
test,T2,35.540756,17.229805
test,T2,36.795757,17.546038
test,T2,37.55,17.955297
test,T2,37.55,17.833597
test,T2,37.55,17.591082
test,T2,37.55,17.643892
test,T2,37.55,17.675583
test,T2,37.55,17.043142
test,T2,37.55,16.66823
test,T2,37.396,17.227266
test,T2,37.011,17.56941
test,T2,36.78,16.761385
test,T2,36.78,16.6379
test,T2,36.78,16.903605
test,T2,36.78,16.728884
test,T2,36.78,16.993162
test,T2,36.78,17.506922
test,T2,36.78,17.376637
test,T2,36.684,17.340727
test,T2,36.444,17.056538
test,T2,36.3,17.375025
test,T2,36.3,17.217558
test,T2,36.3,17.68362
test,T2,36.3,17.437576
test,T2,36.3,17.40336
test,T2,36.3,18.219433
test,T2,36.3,17.563913
test,T2,36.18,17.019812
test,T2,35.88,17.524738
test,T2,35.7,18.049253
test,T2,35.7,18.384659
test,T2,35.7,17.320524
test,T2,35.7,18.101244
test,T2,35.7,17.464304
test,T2,35.7,16.759624
test,T2,35.7,17.841856
test,T2,35.612,18.274763
test,T2,35.392,18.20121
test,T2,35.26,17.94947
test,T2,35.26,17.890738
test,T2,35.26,17.39742
test,T2,35.26,17.475672
test,T2,35.26,17.503607
test,T2,35.26,17.944742
test,T2,35.26,17.73659
test,T2,35.278,17.428644
test,T2,35.323,17.491934
test,T2,35.35,17.6354
test,T2,35.35,17.404018
test,T2,35.35,17.237684
test,T2,35.35,17.540094
test,T2,35.35,16.85595
test,T2,35.35,16.954918
test,T2,35.35,17.960873
test,T2,35.114,17.333914
test,T2,34.524,16.925905
test,T2,34.17,16.85335
test,T2,34.17,16.669601
test,T2,34.17,16.29899
test,T2,34.17,16.029345
test,T2,34.17,15.86607
test,T2,34.17,15.354181
test,T2,34.17,16.977638
test,T2,34.108,16.112703
test,T2,33.953,15.026585
test,T2,33.86,15.9442625
test,T2,33.86,16.466776
test,T2,33.86,16.376204
test,T2,33.86,15.71855
test,T2,33.86,16.456432
test,T2,33.86,17.48537
test,T2,33.86,16.853575
test,T2,33.912,16.701696
test,T2,34.042,17.087599
test,T2,34.12,16.935791
test,T2,34.12,16.49445
test,T2,34.12,16.54583
test,T2,34.12,15.823934
test,T2,34.12,16.361628
test,T2,34.12,17.151922
test,T2,34.12,17.36761
test,T2,33.988,17.102982
test,T2,33.658,16.870329
test,T2,33.46,16.326664
test,T2,33.46,16.052996
test,T2,33.46,16.438427
test,T2,33.46,16.500395
test,T2,33.46,15.616463
test,T2,33.46,15.646135
test,T2,33.46,15.653925
test,T2,33.40015,15.745298
test,T2,33.25015,15.664593
test,T2,33.16,16.131697
test,T2,33.16,16.111511
test,T2,33.16,15.302828
test,T2,33.16,16.542849
test,T2,33.16,16.998953
test,T2,33.16,16.699652
test,T2,33.16,16.365381
test,T2,33.064,16.856407
test,T2,32.824,17.463713
test,T2,32.68,17.159842
test,T2,32.68,17.721684
test,T2,32.68,18.24552
test,T2,32.68,17.975224
test,T2,32.68,17.98868
test,T2,32.68,17.056976
test,T2,32.68,17.334991
test,T2,32.99122,17.44127
test,T2,33.77122,17.894659
test,T2,34.24,17.482439
test,T2,34.24,18.039698
test,T2,34.24,19.38016
test,T2,34.24,18.838266
test,T2,34.24,18.354422
test,T2,34.24,18.26482
test,T2,34.24,17.762983
test,T2,34.372,17.799603
test,T2,34.702,17.737045
test,T2,34.9,17.828325
test,T2,34.9,18.122515
test,T2,34.9,17.720745
test,T2,34.9,18.257868
test,T2,34.9,19.407299
test,T2,34.9,18.85709
test,T2,34.9,19.539228
test,T2,34.906,18.657972
test,T2,34.921,17.902243
test,T2,34.93,18.634848
test,T2,34.93,18.506548
test,T2,34.93,18.336153
test,T2,34.93,18.508593
test,T2,34.93,18.089167
test,T2,34.93,18.104855
test,T2,34.93,17.232607
test,T2,34.716,17.273811
test,T2,34.181,17.034203
test,T2,33.86,16.051012
test,T2,33.86,17.497019
test,T2,33.86,18.134825
test,T2,33.86,17.412703
test,T2,33.86,17.103481
test,T2,33.86,17.949114
test,T2,33.86,17.232359
test,T2,33.638,16.945744
test,T2,33.083,16.58656
test,T2,32.75,17.390846
test,T2,32.75,18.539871
test,T2,32.75,18.038591
test,T2,32.75,17.543955
test,T2,32.75,17.705938
test,T2,32.75,17.833317
test,T2,32.75,18.12443
test,T2,32.819828,19.807268
test,T2,32.994827,20.158117
test,T2,33.1,18.976734
test,T2,33.1,18.649801
test,T2,33.1,18.574831
test,T2,33.1,17.843279
test,T2,33.1,17.413988
test,T2,33.1,17.520845
test,T2,33.1,18.676432
test,T2,33.248,19.560726
test,T2,33.618,18.038994
test,T2,33.84,17.81391
test,T2,33.84,17.59081
test,T2,33.84,17.870794
test,T2,33.84,18.913103
test,T2,33.84,18.297068
test,T2,33.84,17.950779
test,T2,33.84,16.910181
test,T2,33.706,16.774437
test,T2,33.371,17.714104
test,T2,33.17,17.591232
test,T2,33.17,16.872995
test,T2,33.17,17.193138
test,T2,33.17,17.253979
test,T2,33.17,16.990652
test,T2,33.17,16.778948
test,T2,33.17,16.822226
test,T2,33.05,17.20715
test,T2,32.75,16.572939
test,T2,32.57,17.30614
test,T2,32.57,17.930971
test,T2,32.57,16.934351
test,T2,32.57,17.238077
test,T2,32.57,17.20868
test,T2,32.57,17.073277
test,T2,32.57,16.487854
test,T2,32.57199,16.832724
test,T2,32.576992,17.391531
test,T2,32.58,17.053196
test,T2,32.58,16.458487
test,T2,32.58,16.341848
test,T2,32.58,18.077206
test,T2,32.58,19.11551
test,T2,32.58,19.384405
test,T2,32.58,19.328876
test,T2,32.666,19.354834
test,T2,32.881,19.976732
test,T2,33.01,19.172281
test,T2,33.01,19.151941
test,T2,33.01,18.494621
test,T2,33.01,18.39123
test,T2,33.01,17.995146
test,T2,33.01,16.99071
test,T2,33.01,16.348196
test,T2,33.04192,15.722759
test,T2,33.12192,16.216963
test,T2,33.17,16.546917
test,T2,33.17,15.357554
test,T2,33.17,15.363866
test,T2,33.17,16.53943
test,T2,33.17,16.97843
test,T2,33.17,16.791883
test,T2,33.17,16.371332
test,T2,33.262,17.11739
test,T2,33.492,16.553362
test,T2,33.63,16.195887
test,T2,33.63,17.50611
test,T2,33.63,17.41125
test,T2,33.63,17.093363
test,T2,33.63,17.550123
test,T2,33.63,16.890682
test,T2,33.63,16.611643
test,T2,33.776,16.71818
test,T2,34.141,17.191145
test,T2,34.36,16.899183
test,T2,34.36,17.32545
test,T2,34.36,16.7614
test,T2,34.36,16.811932
test,T2,34.36,17.331697
test,T2,34.36,17.253595
test,T2,34.36,17.13449
test,T2,34.428,17.225842
test,T2,34.598,16.813047
test,T2,34.7,16.744654
test,T2,34.7,17.146929
test,T2,34.7,17.122488
test,T2,34.7,17.410593
test,T2,34.7,17.873663
test,T2,34.7,17.125683
test,T2,34.7,16.782766
test,T2,34.713966,17.672188
test,T2,34.748966,17.329233
test,T2,34.77,17.250608
test,T2,34.77,16.895063
test,T2,34.77,16.66873
test,T2,34.77,17.063574
test,T2,34.77,17.418592
test,T2,34.77,17.466276
test,T2,34.77,16.806992
test,T2,34.836,16.186007
test,T2,35.001,16.951273
test,T2,35.1,17.2468
test,T2,35.1,17.202362
test,T2,35.1,16.857782
test,T2,35.1,16.7538
test,T2,35.1,17.805285
test,T2,35.1,17.453865
test,T2,35.1,16.801184
test,T2,35.084,17.289322
test,T2,35.044,17.434381
test,T2,35.02,17.585966
test,T2,35.02,17.285435
test,T2,35.02,17.58956
test,T2,35.02,17.800316
test,T2,35.02,17.074856
test,T2,35.02,17.366396
test,T2,35.02,17.941416
test,T2,35.10778,17.478407
test,T2,35.32778,17.382376
test,T2,35.46,17.369219
test,T2,35.46,17.333517
test,T2,35.46,17.612192
test,T2,35.46,17.965136
test,T2,35.46,18.288012
test,T2,35.46,17.678942
test,T2,35.46,17.131739
test,T2,35.284,17.323572
test,T2,34.844,18.966688
test,T2,34.58,17.461409
test,T2,34.58,16.824064
test,T2,34.58,17.492208
test,T2,34.58,16.943134
test,T2,34.58,18.418388
test,T2,34.58,17.106386
test,T2,34.58,15.891292
test,T2,34.33262,16.867834
test,T2,33.71262,18.095644
test,T2,33.34,18.025675
test,T2,33.34,16.884005
test,T2,33.34,15.874098
test,T2,33.34,16.94041
test,T2,33.34,16.789814
test,T2,33.34,17.28031
test,T2,33.34,17.31553
test,T2,33.114,17.302816
test,T2,32.549,18.061012
test,T2,32.21,17.048609
test,T2,32.21,17.15964
test,T2,32.21,16.595125
test,T2,32.21,16.888842
test,T2,32.21,16.52179
test,T2,32.21,16.937464
test,T2,32.21,17.651869
test,T2,31.934,16.892698
test,T2,31.244,16.890228
test,T2,30.83,16.90523
test,T2,30.83,17.197783
test,T2,30.83,17.206758
test,T2,30.83,17.432135
test,T2,30.83,16.658552
test,T2,30.83,16.766008
test,T2,30.83,17.793386
test,T2,30.5507,17.394995
test,T2,29.8507,16.620756
test,T2,29.43,16.731932
test,T2,29.43,16.702536
test,T2,29.43,15.9721985
test,T2,29.43,16.095127
test,T2,29.43,16.411203
test,T2,29.43,15.32672
test,T2,29.43,15.164225
test,T2,29.69334,16.468739
test,T2,30.35334,17.252394
test,T2,30.75,16.461123
test,T2,30.75,16.476934
test,T2,30.75,16.908007
test,T2,30.75,17.505337
test,T2,30.75,17.187094
test,T2,30.75,17.056093
test,T2,30.75,16.531073
test,T2,30.922,17.196764
test,T2,31.352,17.70597
test,T2,31.61,17.01734
test,T2,31.61,16.916805
test,T2,31.61,17.387245
test,T2,31.61,17.473225
test,T2,31.61,16.743347
test,T2,31.61,16.585142
test,T2,31.61,16.986696
test,T2,31.39653,17.267302
test,T2,30.86153,16.641184
test,T2,30.54,16.25448
test,T2,30.54,16.46958
test,T2,30.54,17.141436
test,T2,30.54,16.74732
test,T2,30.54,16.613504
test,T2,30.54,16.455957
test,T2,30.54,16.478806
test,T2,30.626,16.577799
test,T2,30.841,16.926357
test,T2,30.97,16.615488
test,T2,30.97,16.355251
test,T2,30.97,16.525652
test,T2,30.97,17.354578
test,T2,30.97,17.445112
test,T2,30.97,17.841454
test,T2,30.97,18.760527
test,T2,31.183464,18.134195
test,T2,31.718466,17.263592
test,T2,32.04,16.63177
test,T2,32.04,16.388247
test,T2,32.04,17.471933
test,T2,32.04,17.89259
test,T2,32.04,16.8672
test,T2,32.04,17.472216
test,T2,32.04,17.797594
test,T2,32.12,17.08654
test,T2,32.32,17.071617
test,T2,32.44,17.665728
test,T2,32.44,16.95352
test,T2,32.44,17.172712
test,T2,32.44,17.936968
test,T2,32.44,16.632772
test,T2,32.44,16.915329
test,T2,32.44,17.681557
test,T2,32.49,18.060938
test,T2,32.615,17.867395
test,T2,32.69,17.28844
test,T2,32.69,18.096125
test,T2,32.69,17.33932
test,T2,32.69,16.677097
test,T2,32.69,17.28741
test,T2,32.69,16.756897
test,T2,32.69,16.592234
test,T2,32.674,16.483648
test,T2,32.634,16.478865
test,T2,32.61,16.595148
test,T2,32.61,17.35258
test,T2,32.61,16.729475
test,T2,32.61,17.814896
test,T2,32.61,17.642845
test,T2,32.61,16.628424
test,T2,32.61,16.450575
test,T2,32.722,15.553673
test,T2,33.002,15.416191
test,T2,33.17,16.217356
test,T2,33.17,16.845324
test,T2,33.17,17.559996
test,T2,33.17,17.150005
test,T2,33.17,16.957182
test,T2,33.17,17.463911
test,T2,33.17,17.824646
test,T2,33.223866,17.930086
test,T2,33.358868,16.5531
test,T2,33.44,15.91304
test,T2,33.44,16.90237
test,T2,33.44,16.444447
test,T2,33.44,15.410942
test,T2,33.44,16.356768
test,T2,33.44,16.125212
test,T2,33.44,15.844467
test,T2,33.664,15.77421
test,T2,34.224,17.962763
test,T2,34.56,17.829515
test,T2,34.56,17.651808
test,T2,34.56,17.435854
test,T2,34.56,16.419886
test,T2,34.56,17.055964
test,T2,34.56,17.893843
test,T2,34.56,16.986551
test,T2,34.49,15.958975
test,T2,34.315,16.831942
test,T2,34.21,16.445538
test,T2,34.21,15.938065
test,T2,34.21,15.959092
test,T2,34.21,16.334448
test,T2,34.21,17.126652
test,T2,34.21,17.21219
test,T2,34.21,16.952284
test,T2,34.438,17.251616
test,T2,35.008,17.045382
test,T2,35.35,17.023432
test,T2,35.35,16.86807
test,T2,35.35,16.553282
test,T2,35.35,16.687243
test,T2,35.35,16.988337
test,T2,35.35,17.429401
test,T2,35.35,17.562609
test,T2,35.474,16.93556
test,T2,35.784,17.031149
test,T2,35.97,17.30831
test,T2,35.97,17.007435
test,T2,35.97,16.659615
test,T2,35.97,17.109766
test,T2,35.97,17.2428
test,T2,35.97,17.043478
test,T2,35.97,17.46741
test,T2,35.78247,17.829556
test,T2,35.31247,17.07838
test,T2,35.03,17.309732
test,T2,35.03,17.798527
test,T2,35.03,18.127062
test,T2,35.03,17.778677
test,T2,35.03,17.240429
test,T2,35.03,16.619534
test,T2,35.03,17.873281
test,T2,35.072,17.276054
test,T2,35.177,16.71825
test,T2,35.24,16.277714
test,T2,35.24,16.548483
test,T2,35.24,18.314268
test,T2,35.24,18.419626
test,T2,35.24,17.13426
test,T2,35.24,17.192577
test,T2,35.24,17.414436
test,T2,35.068,16.667643
test,T2,34.638,16.945364
test,T2,34.38,17.405676
test,T2,34.38,16.933924
test,T2,34.38,16.886324
test,T2,34.38,17.586237
test,T2,34.38,17.438925
test,T2,34.38,16.681202
test,T2,34.38,17.802538
test,T2,34.22838,17.443972
test,T2,33.84838,16.12517
test,T2,33.62,17.40792
test,T2,33.62,18.133142
test,T2,33.62,17.495352
test,T2,33.62,16.70634
test,T2,33.62,17.858232
test,T2,33.62,17.689703
test,T2,33.62,18.278109
test,T2,33.472,18.872412
test,T2,33.102,17.296741
test,T2,32.88,16.717943
test,T2,32.88,16.52216
test,T2,32.88,17.066877
test,T2,32.88,18.297678
test,T2,32.88,18.176804
test,T2,32.88,18.66065
test,T2,32.88,18.307962
test,T2,33.168,17.768946
test,T2,33.888,17.83401
test,T2,34.32,17.620478
test,T2,34.32,17.21743
test,T2,34.32,18.187204
test,T2,34.32,17.915363
test,T2,34.32,18.10919
test,T2,34.32,17.575533
test,T2,34.32,17.675648
test,T2,34.53147,18.244474
test,T2,35.06147,17.83571
test,T2,35.38,17.894684
test,T2,35.38,17.825396
test,T2,35.38,17.015783
test,T2,35.38,17.783182
test,T2,35.38,17.658224
test,T2,35.38,17.15632
test,T2,35.38,17.36791
test,T2,35.602,17.281559
test,T2,36.157,17.818125
test,T2,36.49,17.92703
test,T2,36.49,18.110373
test,T2,36.49,17.377188
test,T2,36.49,17.353464
test,T2,36.49,17.504244
test,T2,36.49,17.727049
test,T2,36.49,17.154413
test,T2,36.531895,17.305843
test,T2,36.636894,17.32988
test,T2,36.7,17.437765
test,T2,36.7,17.607645
test,T2,36.7,16.832418
test,T2,36.7,17.32886
test,T2,36.7,16.319626
test,T2,36.7,16.055302
test,T2,36.7,17.204395
test,T2,36.788,16.307667
test,T2,37.008,16.764208
test,T2,37.14,17.77076
test,T2,37.14,17.32995
test,T2,37.14,17.133188
test,T2,37.14,17.312037
test,T2,37.14,17.494183
test,T2,37.14,16.080568
test,T2,37.14,16.431581
test,T2,36.876,16.911184
test,T2,36.216,16.54981
test,T2,35.82,17.315596
test,T2,35.82,17.29825
test,T2,35.82,17.823301
test,T2,35.82,17.023884
test,T2,35.82,16.44014
test,T2,35.82,17.210945
test,T2,35.82,18.33486
test,T2,35.949677,18.183317
test,T2,36.274673,16.903599
test,T2,36.47,17.125547
test,T2,36.47,16.670485
test,T2,36.47,16.395266
test,T2,36.47,16.337921
test,T2,36.47,16.200544
test,T2,36.47,16.607267
test,T2,36.47,17.354261
test,T2,36.676,18.421621
test,T2,37.191,17.970173
test,T2,37.5,17.097143
test,T2,37.5,17.235903
test,T2,37.5,16.690607
test,T2,37.5,17.50706
test,T2,37.5,17.032124
test,T2,37.5,17.160656
test,T2,37.5,16.743097
test,T2,37.38,16.176714
test,T2,37.08,16.730135
test,T2,36.9,17.106894
test,T2,36.9,17.185408
test,T2,36.9,18.027506
test,T2,36.9,17.096973
test,T2,36.9,16.17518
test,T2,36.9,16.240461
test,T2,36.9,17.012234
test,T2,36.856,16.810003
test,T2,36.746,16.751076
test,T2,36.68,16.863869
test,T2,36.68,17.746351
test,T2,36.68,17.980383
test,T2,36.68,18.105337
test,T2,36.68,18.175383
test,T2,36.68,17.512726
test,T2,36.68,17.099253
test,T2,36.406685,17.002687
test,T2,35.721684,16.948061
test,T2,35.31,16.256365
test,T2,35.31,16.285465
test,T2,35.31,15.948567
test,T2,35.31,16.29732
test,T2,35.31,16.921526
test,T2,35.31,17.015284
test,T2,35.31,17.79691
test,T2,35.5,18.75589
test,T2,35.975,17.486616
test,T2,36.26,17.283659
test,T2,36.26,17.51665
test,T2,36.26,16.600845
test,T2,36.26,17.911894
test,T2,36.26,17.467548
test,T2,36.26,17.356585
test,T2,36.26,17.42737
test,T2,36.098,17.49475
test,T2,35.693,18.022058
test,T2,35.45,17.179459
test,T2,35.45,18.639658
test,T2,35.45,18.339846
test,T2,35.45,17.297209
test,T2,35.45,17.607859
test,T2,35.45,17.405365
test,T2,35.45,18.178434
test,T2,35.408,17.094778
test,T2,35.303,17.142378
test,T2,35.24,18.052055
test,T2,35.24,17.82472
test,T2,35.24,16.482107
test,T2,35.24,17.105398
test,T2,35.24,17.38317
test,T2,35.24,16.690172
test,T2,35.24,16.304462
test,T2,35.08,16.422583
test,T2,34.68,16.615322
test,T2,34.44,17.769918
test,T2,34.44,17.903917
test,T2,34.44,16.88671
test,T2,34.44,17.195784
test,T2,34.44,16.960394
test,T2,34.44,17.099964
test,T2,34.44,17.669394
test,T2,34.384,17.25001
test,T2,34.244,17.54082
test,T2,34.16,17.1976
test,T2,34.16,17.613316
test,T2,34.16,17.85583
test,T2,34.16,17.520739
test,T2,34.16,18.036917
test,T2,34.16,17.989874
test,T2,34.16,16.25353
test,T2,34.044,16.478647
test,T2,33.754,17.590816
test,T2,33.58,17.48303
test,T2,33.58,16.116892
test,T2,33.58,17.779055
test,T2,33.58,17.314253
test,T2,33.58,15.484523
test,T2,33.58,17.926445
test,T2,33.58,18.086008
test,T2,33.709675,17.186396
test,T2,34.034676,17.19571
test,T2,34.23,17.91455
test,T2,34.23,17.109009
test,T2,34.23,17.020218
test,T2,34.23,17.569952
test,T2,34.23,18.056307
test,T2,34.23,17.931734
test,T2,34.23,16.518623
test,T2,34.02,17.10155
test,T2,33.495,17.400652
test,T2,33.18,17.504381
test,T2,33.18,16.688965
test,T2,33.18,17.365602
test,T2,33.18,17.988817
test,T2,33.18,17.769995
test,T2,33.18,17.880644
test,T2,33.18,16.994343
test,T2,32.768,15.718003
test,T2,31.738,16.066235
test,T2,31.12,17.299318
test,T2,31.12,17.352976
test,T2,31.12,17.167252
test,T2,31.12,17.21002
test,T2,31.12,17.280916
test,T2,31.12,16.249123
test,T2,31.12,16.870632
test,T2,30.948,17.338396
test,T2,30.518,17.064947
test,T2,30.26,17.276522
test,T2,30.26,17.88117
test,T2,30.26,17.1372
test,T2,30.26,16.819635
test,T2,30.26,17.931276
test,T2,30.26,18.503695
test,T2,30.26,18.102285
test,T2,29.836,18.272871
test,T2,28.776,17.62091
test,T2,28.14,17.350832
test,T2,28.14,16.874369
test,T2,28.14,15.323301
test,T2,28.14,15.910292
test,T2,28.14,15.89303
test,T2,28.14,15.870916
test,T2,28.14,17.73374
test,T2,28.704,17.8576
test,T2,30.114,19.756422
test,T2,30.96,19.773497
test,T2,30.96,18.937311
test,T2,30.96,17.93437
test,T2,30.96,17.247272
test,T2,30.96,17.008663
test,T2,30.96,17.152292
test,T2,30.96,19.382093
test,T2,31.158,18.3883
test,T2,31.653,16.60951
test,T2,31.95,16.922056
test,T2,31.95,16.574247
test,T2,31.95,17.138433
test,T2,31.95,18.18479
test,T2,31.95,17.398485
test,T2,31.95,17.29547
test,T2,31.95,17.762018
test,T2,32.188,16.04154
test,T2,32.783,15.43762
test,T2,33.14,16.669508
test,T2,33.14,16.928799
test,T2,33.14,16.659498
test,T2,33.14,16.366568
test,T2,33.14,15.686147
test,T2,33.14,15.647373
test,T2,33.14,15.452884
test,T2,33.138,16.22973
test,T2,33.133,17.660217
test,T2,33.13,16.179203
test,T2,33.13,15.912745
test,T2,33.13,15.89587
test,T2,33.13,14.712923
test,T2,33.13,15.309298
test,T2,33.13,16.807802
test,T2,33.13,17.933788
test,T2,33.06,18.94143
test,T2,32.885,18.577383
test,T2,32.78,17.078741
test,T2,32.78,16.7671
test,T2,32.78,15.399707
test,T2,32.78,14.82205
test,T2,32.78,16.583385
test,T2,32.78,16.262264
test,T2,32.78,15.409191
test,T2,32.793964,16.918257
test,T2,32.828964,17.648722
test,T2,32.85,17.74366
test,T2,32.85,18.163727
test,T2,32.85,17.832445
test,T2,32.85,16.751791
test,T2,32.85,16.65506
test,T2,32.85,15.878929
test,T2,32.85,16.743046
test,T2,32.997635,18.253178
test,T2,33.367634,16.919556
test,T2,33.59,16.044107
test,T2,33.59,16.439692
test,T2,33.59,17.198961
test,T2,33.59,17.673851
test,T2,33.59,16.729456
test,T2,33.59,16.51578
test,T2,33.59,18.545336
test,T2,33.71369,18.449823
test,T2,34.023693,17.02496
test,T2,34.21,17.407776
test,T2,34.21,16.881922
test,T2,34.21,16.033325
test,T2,34.21,16.721891
test,T2,34.21,16.188425
test,T2,34.21,16.158293
test,T2,34.21,16.635542
test,T2,34.07,16.814976
test,T2,33.72,18.171675
test,T2,33.51,18.580835
test,T2,33.51,18.60002
test,T2,33.51,17.436232
test,T2,33.51,16.571432
test,T2,33.51,16.453558
test,T2,33.51,16.00972
test,T2,33.51,16.548502
test,T2,33.314,16.187536
test,T2,32.824,16.78046
test,T2,32.53,17.14928
test,T2,32.53,17.504835
test,T2,32.53,17.404829
test,T2,32.53,16.332062
test,T2,32.53,15.344616
test,T2,32.53,15.549374
test,T2,32.53,16.251312
test,T2,32.78337,16.153854
test,T2,33.418373,17.187807
test,T2,33.8,17.146017
test,T2,33.8,16.780571
test,T2,33.8,17.648123
test,T2,33.8,16.922445
test,T2,33.8,16.912004
test,T2,33.8,16.921537
test,T2,33.8,18.093275
test,T2,34.198,19.212473
test,T2,35.193,18.556065
test,T2,35.79,17.569918
test,T2,35.79,15.732703
test,T2,35.79,16.794783
test,T2,35.79,17.678267
test,T2,35.79,16.555723
test,T2,35.79,15.617929
test,T2,35.79,15.40193
test,T2,35.664,15.77474
test,T2,35.349,15.56118
test,T2,35.16,15.931164
test,T2,35.16,16.020275
test,T2,35.16,16.443642
test,T2,35.16,17.272755
test,T2,35.16,16.595411
test,T2,35.16,16.66537
test,T2,35.16,16.459867
test,T2,35.132,16.534761
test,T2,35.062,17.587887
test,T2,35.02,17.5126
test,T2,35.02,17.580507
test,T2,35.02,17.560896
test,T2,35.02,18.340733
test,T2,35.02,17.066292
test,T2,35.02,16.567888
test,T2,35.02,17.49751
test,T2,34.459393,17.73351
test,T2,33.05439,17.232996
test,T2,32.21,16.856865
test,T2,32.21,16.818714
test,T2,32.21,18.236708
test,T2,32.21,18.306536
test,T2,32.21,16.808424
test,T2,32.21,16.720968
test,T2,32.21,16.791807
test,T2,32.15,17.569742
test,T2,32.0,17.796257
test,T2,31.91,16.723642
test,T2,31.91,16.19298
test,T2,31.91,16.75696
test,T2,31.91,17.225761
test,T2,31.91,17.418222
test,T2,31.91,16.625612
test,T2,31.91,15.22264
test,T2,31.628704,16.173891
test,T2,30.923704,17.087023
test,T2,30.5,16.449354
test,T2,30.5,17.864885
test,T2,30.5,17.95347
test,T2,30.5,16.970095
test,T2,30.5,17.957058
test,T2,30.5,17.668943
test,T2,30.5,17.292727
test,T2,30.470074,16.98987
test,T2,30.395075,17.54952
test,T2,30.35,17.986645
test,T2,30.35,18.027195
test,T2,30.35,17.594444
test,T2,30.35,17.314146
test,T2,30.35,17.62406
test,T2,30.35,17.500336
test,T2,30.35,17.752733
test,T2,30.214,16.784203
test,T2,29.874,17.889406
test,T2,29.67,17.95285
test,T2,29.67,17.904352
test,T2,29.67,18.90273
test,T2,29.67,18.726309
test,T2,29.67,19.782812
test,T2,29.67,20.072731
test,T2,29.67,19.988356
test,T2,30.1386,19.231573
test,T2,31.4586,18.954298
test,T2,32.31,19.45503
test,T2,32.31,19.606691
test,T2,32.31,18.725668
test,T2,32.31,19.10452
test,T2,32.31,19.292074
test,T2,32.31,18.685032
test,T2,32.31,18.177874
test,T2,32.22125,17.74864
test,T2,31.97125,18.164726
test,T2,31.81,18.09395
test,T2,31.81,18.348589
test,T2,31.81,18.566599
test,T2,31.81,19.315172
test,T2,31.81,18.5948
test,T2,31.81,18.31638
test,T2,31.81,17.48382
test,T2,31.747875,17.31967
test,T2,31.572874,18.164064
test,T2,31.46,17.937704
test,T2,31.46,17.343618
test,T2,31.46,17.001925
test,T2,31.46,17.974123
test,T2,31.46,18.073025
test,T2,31.46,17.978628
test,T2,31.46,18.772446
test,T2,31.52745,18.327715
test,T2,31.71745,18.5787
test,T2,31.84,19.248459
test,T2,31.84,19.098045
test,T2,31.84,18.857077
test,T2,31.84,18.93921
test,T2,31.84,19.377718
test,T2,31.84,18.701803
test,T2,31.84,18.582483
test,T2,31.975111,18.915888
test,T2,32.35511,18.691818
test,T2,32.6,17.652658
test,T2,32.6,17.332487
test,T2,32.6,17.715899
test,T2,32.6,18.218145
test,T2,32.6,17.435575
test,T2,32.6,16.823084
test,T2,32.6,17.141325
test,T2,32.399426,16.561954
test,T2,31.834425,16.150797
test,T2,31.47,16.75552
test,T2,31.47,17.111418
test,T2,31.47,17.08987
test,T2,31.47,17.30324
test,T2,31.47,17.35171
test,T2,31.47,16.972982
test,T2,31.47,16.827322
test,T2,31.695425,17.01578
test,T2,32.330425,17.511578
test,T2,32.74,17.280302
test,T2,32.74,16.555948
test,T2,32.74,15.551367
test,T2,32.74,16.502857
test,T2,32.74,16.33192
test,T2,32.74,16.349272
test,T2,32.74,17.480547
test,T2,32.738224,16.984247
test,T2,32.733227,16.455046
test,T2,32.73,16.50567
test,T2,32.73,15.469059
test,T2,32.73,14.78208
test,T2,32.73,16.365782
test,T2,32.73,18.070944
test,T2,32.73,18.32075
test,T2,32.73,17.25865
test,T2,32.9785,17.907827
test,T2,33.6785,19.162443
test,T2,34.13,17.7929
test,T2,34.13,16.798397
test,T2,34.13,17.886272
test,T2,34.13,17.059076
test,T2,34.13,17.181593
test,T2,34.13,18.763288
test,T2,34.13,18.553753
test,T2,34.15311,16.893778
test,T2,34.218113,16.604053
test,T2,34.26,18.134062
test,T2,34.26,19.071692
test,T2,34.26,17.96115
test,T2,34.26,15.501713
test,T2,34.26,16.390608
test,T2,34.26,18.001652
test,T2,34.26,17.204178
test,T2,34.123325,18.20397
test,T2,33.738323,18.314213
test,T2,33.49,16.602438
test,T2,33.49,15.656073
test,T2,33.49,15.651194
test,T2,33.49,15.123419
test,T2,33.49,14.633929
test,T2,33.49,16.296673
test,T2,33.49,16.775
test,T2,33.299778,16.639341
test,T2,32.76478,17.024525
test,T2,32.42,16.536917
test,T2,32.42,15.592253
test,T2,32.42,16.746332
test,T2,32.42,16.735281
test,T2,32.42,15.911435
test,T2,32.42,16.383497
test,T2,32.42,17.250368
test,T2,32.45905,16.551455
test,T2,32.56905,16.570536
test,T2,32.64,16.657194
test,T2,32.64,17.050495
test,T2,32.64,18.475605
test,T2,32.64,17.892965
test,T2,32.64,17.467037
test,T2,32.64,16.572191
test,T2,32.64,16.15492
test,T2,32.521076,16.956095
test,T2,32.186073,16.216093
test,T2,31.97,15.136253
test,T2,31.97,16.340406
test,T2,31.97,17.214487
test,T2,31.97,16.245283
test,T2,31.97,15.975569
test,T2,31.97,16.143637
test,T2,31.97,16.246819
test,T2,32.13528,16.467371
test,T2,32.60028,14.820982
test,T2,32.9,14.888535
test,T2,32.9,16.881687
test,T2,32.9,17.014833
test,T2,32.9,15.686626
test,T2,32.9,16.695116
test,T2,32.9,16.407764
test,T2,32.9,16.394716
test,T2,33.1272,16.525259
test,T2,33.7672,16.904465
test,T2,34.18,18.155508
test,T2,34.18,17.429024
test,T2,34.18,16.649965
test,T2,34.18,17.327219
test,T2,34.18,16.62248
test,T2,34.18,16.549486
test,T2,34.18,16.82593
test,T2,33.862274,16.524263
test,T2,32.967274,16.459898
test,T2,32.39,16.008516
test,T2,32.39,16.573626
test,T2,32.39,17.95433
test,T2,32.39,17.844122
test,T2,32.39,17.006845
test,T2,32.39,16.025568
test,T2,32.39,15.010171
test,T2,32.5675,15.441248
test,T2,33.0675,16.522831
test,T2,33.39,16.834394
test,T2,33.39,16.395947
test,T2,33.39,15.923122
test,T2,33.39,17.036608
test,T2,33.39,18.615688
test,T2,33.39,16.848448
test,T2,33.39,15.928481
test,T2,33.38645,18.151957
test,T2,33.37645,17.124884
test,T2,33.37,15.818425
test,T2,33.37,16.708277
test,T2,33.37,17.373604
test,T2,33.37,16.480814
test,T2,33.37,16.757109
test,T2,33.37,16.710283
test,T2,33.37,16.90014
test,T2,33.471176,16.613367
test,T2,33.756176,16.288877
test,T2,33.94,17.367529
test,T2,33.94,17.002224
test,T2,33.94,17.67681
test,T2,33.94,17.079405
test,T2,33.94,15.313177
test,T2,33.94,15.954353
test,T2,33.94,16.625929
test,T2,33.85835,16.678715
test,T2,33.62835,17.7442
test,T2,33.48,17.706987
test,T2,33.48,17.12074
test,T2,33.48,18.003822
test,T2,33.48,19.0834
test,T2,33.48,18.87609
test,T2,33.48,18.645222
test,T2,33.48,19.161228
test,T2,33.67046,18.804295
test,T2,34.20546,18.267204
test,T2,34.55,18.525476
test,T2,34.55,18.573404
test,T2,34.55,17.83184
test,T2,34.55,18.85036
test,T2,34.55,18.912035
test,T2,34.55,18.067785
test,T2,34.55,19.040796
test,T2,34.558876,18.917707
test,T2,34.583874,17.887545
test,T2,34.6,17.918314
test,T2,34.6,16.967756
test,T2,34.6,17.441492
test,T2,34.6,18.506643
test,T2,34.6,18.973932
test,T2,34.6,18.094044
test,T2,34.6,17.68352
test,T2,34.655094,18.15408
test,T2,34.810093,18.367601
test,T2,34.91,19.48311
test,T2,34.91,20.071783
test,T2,34.91,19.351734
test,T2,34.91,19.510344
test,T2,34.91,19.037626
test,T2,34.91,19.349009
test,T2,34.91,19.265633
test,T2,35.02005,18.363583
test,T2,35.33005,17.709932
test,T2,35.53,16.813906
test,T2,35.53,17.395544
test,T2,35.53,18.363016
test,T2,35.53,18.448328
test,T2,35.53,18.213593
test,T2,35.53,17.72078
test,T2,35.53,16.980875
test,T2,35.76289,17.3047
test,T2,36.41789,18.117712
test,T2,36.84,17.404083
test,T2,36.84,16.83567
test,T2,36.84,17.494238
test,T2,36.84,17.507475
test,T2,36.84,18.153605
test,T2,36.84,18.368235
test,T2,36.84,17.431818
test,T2,36.948444,16.819805
test,T2,37.253445,16.814987
test,T2,37.45,17.613264
test,T2,37.45,17.34547
test,T2,37.45,17.44974
test,T2,37.45,17.305487
test,T2,37.45,16.504452
test,T2,37.45,16.206806
test,T2,37.45,16.363537
test,T2,37.432228,15.470766
test,T2,37.38223,15.389416
test,T2,37.35,16.406778
test,T2,37.35,16.662092
test,T2,37.35,16.922508
test,T2,37.35,16.872252
test,T2,37.35,17.126387
test,T2,37.35,17.134697
test,T2,37.35,17.170113
test,T2,37.700115,17.413626
test,T2,38.685112,16.042572
test,T2,39.32,14.842003
test,T2,39.32,16.830837
test,T2,39.32,18.13619
test,T2,39.32,18.140818
test,T2,39.32,17.555239
test,T2,39.32,16.426067
test,T2,39.32,16.18532
test,T2,38.847256,16.405785
test,T2,37.517258,16.572214
test,T2,36.66,17.184782
test,T2,36.66,16.303282
test,T2,36.66,16.232847
test,T2,36.66,16.46842
test,T2,36.66,16.582651
test,T2,36.66,16.761263
test,T2,36.66,16.742746
test,T2,36.228676,16.797321
test,T2,35.013676,16.753338
test,T2,34.23,16.261608
test,T2,34.23,15.928646
test,T2,34.23,16.473997
test,T2,34.23,16.622982
test,T2,34.23,17.128736
test,T2,34.23,15.961487
test,T2,34.23,15.145952
test,T2,33.9176,16.370506
test,T2,33.0376,15.576111
test,T2,32.47,15.415596
test,T2,32.47,16.213621
test,T2,32.47,16.304731
test,T2,32.47,16.66218
test,T2,32.47,16.572836
test,T2,32.47,17.205053
test,T2,32.47,16.225569
test,T2,32.23925,16.805029
test,T2,31.58925,16.794128
test,T2,31.17,16.331913
test,T2,31.17,17.11595
test,T2,31.17,17.229063
test,T2,31.17,16.497526
test,T2,31.17,16.06275
test,T2,31.17,15.863096
test,T2,31.17,16.00744
test,T2,31.08125,15.631374
test,T2,30.83125,15.463238
test,T2,30.67,16.498392
test,T2,30.67,16.83325
test,T2,30.67,16.928574
test,T2,30.67,17.062153
test,T2,30.67,17.732704
test,T2,30.67,17.700367
test,T2,30.67,17.147299
test,T2,30.95747,16.982187
test,T2,31.767471,17.493862
test,T2,32.29,16.671606
test,T2,32.29,16.088907
test,T2,32.29,16.32554
test,T2,32.29,17.647987
test,T2,32.29,18.31719
test,T2,32.29,17.788645
test,T2,32.29,16.699873
test,T2,32.369877,16.455841
test,T2,32.594875,16.834467
test,T2,32.74,16.988901
test,T2,32.74,17.354881
test,T2,32.74,17.171528
test,T2,32.74,16.194983
test,T2,32.74,16.086843
test,T2,32.74,16.132353
test,T2,32.74,16.62998
test,T2,32.82165,16.999401
test,T2,33.05165,16.288774
test,T2,33.2,16.939735
test,T2,33.2,18.809484
test,T2,33.2,17.189688
test,T2,33.2,14.591322
test,T2,33.2,16.258017
test,T2,33.2,17.01241
test,T2,33.2,16.710518
test,T2,33.3775,17.312609
test,T2,33.8775,18.058512
test,T2,34.2,18.415964
test,T2,34.2,17.589378
test,T2,34.2,18.194118
test,T2,34.2,19.181234
test,T2,34.2,17.588537
test,T2,34.2,17.67244
test,T2,34.2,18.650688
test,T2,34.425426,17.2542
test,T2,35.060425,16.131111
test,T2,35.47,17.673115
test,T2,35.47,18.382338
test,T2,35.47,17.775566
test,T2,35.47,17.204454
test,T2,35.47,17.776743
test,T2,35.47,16.795134
test,T2,35.47,16.846745
test,T2,35.493076,17.161715
test,T2,35.558075,16.588808
test,T2,35.6,17.029287
test,T2,35.6,17.632889
test,T2,35.6,17.193449
test,T2,35.6,17.128052
test,T2,35.6,17.068335
test,T2,35.6,17.002802
test,T2,35.6,16.779337
test,T2,35.623074,16.318426
test,T2,35.688076,16.839771
test,T2,35.73,18.005266
test,T2,35.73,18.746534
test,T2,35.73,18.407118
test,T2,35.73,17.879595
test,T2,35.73,17.414803
test,T2,35.73,17.549747
test,T2,35.73,16.466219
test,T2,35.842,15.9632635
test,T2,36.157,17.375086
test,T2,36.36,18.177542
test,T2,36.36,18.232801
test,T2,36.36,18.847885
test,T2,36.36,18.548965
test,T2,36.36,17.82577
test,T2,36.36,18.138008
test,T2,36.36,17.95555
test,T2,36.38485,17.121607
test,T2,36.45485,17.767921
test,T2,36.5,18.319939
test,T2,36.5,18.202587
test,T2,36.5,17.77423
test,T2,36.5,16.88896
test,T2,36.5,17.39226
test,T2,36.5,17.611818
test,T2,36.5,17.31999
test,T2,36.288776,17.1542
test,T2,35.693775,17.663813
test,T2,35.31,17.723173
test,T2,35.31,17.120344
test,T2,35.31,17.15135
test,T2,35.31,17.691004
test,T2,35.31,17.71352
test,T2,35.31,16.471743
test,T2,35.31,17.251041
test,T2,35.27805,18.061378
test,T2,35.18805,17.625078
test,T2,35.13,17.203497
test,T2,35.13,17.270494
test,T2,35.13,16.498167
test,T2,35.13,16.949057
test,T2,35.13,17.350592
test,T2,35.13,17.502695
test,T2,35.13,17.81136
test,T2,35.25229,18.733309
test,T2,35.597286,17.459795
test,T2,35.82,17.360992
test,T2,35.82,17.620138
test,T2,35.82,17.429878
test,T2,35.82,17.59788
test,T2,35.82,17.632318
test,T2,35.82,16.83631
test,T2,35.82,17.619469
test,T2,35.6851,17.875267
test,T2,35.3051,17.580128
test,T2,35.06,17.98295
test,T2,35.06,18.032263
test,T2,35.06,18.017805
test,T2,35.06,17.592989
test,T2,35.06,16.563091
test,T2,35.06,16.409845
test,T2,35.06,18.11908
test,T2,34.941074,17.986963
test,T2,34.606075,18.099415
test,T2,34.39,17.530792
test,T2,34.39,16.654484
test,T2,34.39,16.97766
test,T2,34.39,17.156717
test,T2,34.39,17.437143
test,T2,34.39,17.135088
test,T2,34.39,17.054193
test,T2,34.41825,18.272787
test,T2,34.49825,18.831081
test,T2,34.55,18.076633
test,T2,34.55,18.156755
test,T2,34.55,18.959242
test,T2,34.55,18.394476
test,T2,34.55,16.978104
test,T2,34.55,17.310541
test,T2,34.55,18.742487
test,T2,34.47524,16.925379
test,T2,34.26524,15.288638
test,T2,34.13,17.045609
test,T2,34.13,17.583897
test,T2,34.13,16.751799
test,T2,34.13,17.356607
test,T2,34.13,17.639475
test,T2,34.13,16.432585
test,T2,34.13,15.136848
test,T2,33.893925,15.37757
test,T2,33.228924,16.348488
test,T2,32.8,16.563324
test,T2,32.8,16.437983
test,T2,32.8,18.055704
test,T2,32.8,18.944036
test,T2,32.8,16.439512
test,T2,32.8,14.523918
test,T2,32.8,15.369336
test,T2,33.025425,16.961386
test,T2,33.660423,18.004057
test,T2,34.07,18.258245
test,T2,34.07,18.373587
test,T2,34.07,18.837156
test,T2,34.07,17.044043
test,T2,34.07,16.55435
test,T2,34.07,17.443752
test,T2,34.07,16.876589
test,T2,34.0132,16.757383
test,T2,33.8532,16.769508
test,T2,33.75,16.759317
test,T2,33.75,16.462328
test,T2,33.75,15.451147
test,T2,33.75,17.052256
test,T2,33.75,16.622658
test,T2,33.75,16.174913
test,T2,33.75,16.616581
test,T2,33.89555,16.58602
test,T2,34.30555,17.377981
test,T2,34.57,17.172415
test,T2,34.57,16.955187
test,T2,34.57,16.546427
test,T2,34.57,16.514761
test,T2,34.57,17.621248
test,T2,34.57,17.190645
test,T2,34.57,16.46316
test,T2,34.5274,15.988842
test,T2,34.4074,16.016888
test,T2,34.33,16.816713
test,T2,34.33,16.057827
test,T2,34.33,16.351933
test,T2,34.33,16.487795
test,T2,34.33,16.262594
test,T2,34.33,17.429754
test,T2,34.33,17.386717
test,T2,34.44005,16.84362
test,T2,34.75005,16.65532
test,T2,34.95,16.287004
test,T2,34.95,16.741709
test,T2,34.95,17.42336
test,T2,34.95,17.814634
test,T2,34.95,17.73748
test,T2,34.95,17.63412
test,T2,34.95,17.363096
test,T2,34.823975,15.53968
test,T2,34.468975,16.009201
test,T2,34.24,16.772474
test,T2,34.24,17.72291
test,T2,34.24,16.001045
test,T2,34.24,16.228876
test,T2,34.24,16.62364
test,T2,34.24,14.933183
test,T2,34.24,15.785154
test,T2,34.08735,17.440805
test,T2,33.65735,16.616117
test,T2,33.38,16.319677
test,T2,33.38,15.6956005
test,T2,33.38,16.81109
test,T2,33.38,17.08824
test,T2,33.38,16.714226
test,T2,33.38,16.269728
test,T2,33.38,15.678892
test,T2,33.0321,15.938605
test,T2,32.0521,15.477142
test,T2,31.42,15.329888
test,T2,31.42,16.160084
test,T2,31.42,18.054453
test,T2,31.42,16.572104
test,T2,31.42,15.9640255
test,T2,31.42,16.443693
test,T2,31.42,17.13188
test,T2,31.27445,17.688768
test,T2,30.86445,17.316343
test,T2,30.6,15.991097
test,T2,30.6,15.841636
test,T2,30.6,16.219126
test,T2,30.6,15.704603
test,T2,30.6,17.00736
test,T2,30.6,16.547682
test,T2,30.6,16.282848
test,T2,30.477371,16.666334
test,T2,30.132372,16.729929
test,T2,29.91,15.892292
test,T2,29.91,15.10128
test,T2,29.91,15.94479
test,T2,29.91,16.31301
test,T2,29.91,16.971855
test,T2,29.91,16.826693
test,T2,29.91,15.549093
test,T2,29.475124,15.408129
test,T2,28.250126,16.226477
test,T2,27.46,14.631323
test,T2,27.46,15.299381
test,T2,27.46,16.58577
test,T2,27.46,15.523432
test,T2,27.46,14.319237
test,T2,27.46,15.420865
test,T2,27.46,16.391342
test,T2,27.5949,16.107344
test,T2,27.9749,16.143703
test,T2,28.22,16.086355
test,T2,28.22,16.455526
test,T2,28.22,16.210394
test,T2,28.22,16.554483
test,T2,28.22,16.520758
test,T2,28.22,15.772603
test,T2,28.22,16.079447
test,T2,28.2271,14.89502
test,T2,28.2471,15.089285
test,T2,28.26,17.346304
test,T2,28.26,18.060022
test,T2,28.26,16.740011
test,T2,28.26,15.473291
test,T2,28.26,15.93931
test,T2,28.26,16.907713
test,T2,28.26,17.527704
test,T2,28.313316,17.125937
test,T2,28.463316,15.763554
test,T2,28.56,14.993242
test,T2,28.56,15.69841
test,T2,28.56,15.807682
test,T2,28.56,15.377003
test,T2,28.56,17.027655
test,T2,28.56,17.478949
test,T2,28.56,16.61085
test,T2,28.707325,16.206656
test,T2,29.122326,17.719496
test,T2,29.39,16.254297
test,T2,29.39,15.664356
test,T2,29.39,17.52273
test,T2,29.39,17.283712
test,T2,29.39,16.977797
test,T2,29.39,17.798193
test,T2,29.39,17.834967
test,T2,29.4326,18.258696
test,T2,29.5526,16.785719
test,T2,29.63,16.416887
test,T2,29.63,17.237043
test,T2,29.63,18.266764
test,T2,29.63,17.663485
test,T2,29.63,17.656637
test,T2,29.63,18.276415
test,T2,29.63,17.720264
test,T2,29.7365,16.967342
test,T2,30.0365,16.132692
test,T2,30.23,17.473295
test,T2,30.23,18.435762
test,T2,30.23,18.721453
test,T2,30.23,18.28285
test,T2,30.23,16.85797
test,T2,30.23,15.922279
test,T2,30.23,16.989103
test,T2,29.958426,16.6407
test,T2,29.193424,17.65399
test,T2,28.7,17.04885
test,T2,28.7,16.380106
test,T2,28.7,16.354904
test,T2,28.7,16.767681
test,T2,28.7,17.213223
test,T2,28.7,18.703573
test,T2,28.7,18.592834
test,T2,28.8775,18.004263
test,T2,29.3775,17.659521
test,T2,29.7,18.534967
test,T2,29.7,18.597292
test,T2,29.7,19.264132
test,T2,29.7,19.381973
test,T2,29.7,18.276007
test,T2,29.7,18.174871
test,T2,29.7,18.725561
test,T2,29.8775,19.417158
test,T2,30.3775,18.64893
test,T2,30.7,18.201271
test,T2,30.7,17.348648
test,T2,30.7,17.693085
test,T2,30.7,18.001951
test,T2,30.7,18.593811
test,T2,30.7,18.884989
test,T2,30.7,17.605341
test,T2,30.8633,17.931215
test,T2,31.3233,18.207888
test,T2,31.62,18.475313
test,T2,31.62,18.491585
test,T2,31.62,17.85732
test,T2,31.62,18.835716
test,T2,31.62,20.322435
test,T2,31.62,19.587149
test,T2,31.62,18.013971
test,T2,31.8543,17.71313
test,T2,32.5143,18.846073
test,T2,32.94,17.969515
test,T2,32.94,17.72312
test,T2,32.94,17.771654
test,T2,32.94,17.64338
test,T2,32.94,18.055098
test,T2,32.94,17.35292
test,T2,32.94,16.647799
test,T2,32.69897,16.509611
test,T2,32.01897,17.015566
test,T2,31.58,17.269579
test,T2,31.58,16.13586
test,T2,31.58,16.192133
test,T2,31.58,17.46813
test,T2,31.58,18.640692
test,T2,31.58,18.322481
test,T2,31.58,17.297586
test,T2,31.500126,17.047527
test,T2,31.275126,16.529387
test,T2,31.13,17.996754
test,T2,31.13,17.882198
test,T2,31.13,16.93461
test,T2,31.13,17.843193
test,T2,31.13,16.48722
test,T2,31.13,17.626234
test,T2,31.13,17.302675
test,T2,31.145975,17.532717
test,T2,31.190975,16.870396
test,T2,31.22,16.113276
test,T2,31.22,15.988918
test,T2,31.22,16.530674
test,T2,31.22,16.190554
test,T2,31.22,16.90239
test,T2,31.22,17.157156
test,T2,31.22,16.01595
test,T2,30.96795,16.761265
test,T2,30.25795,17.195242
test,T2,29.8,16.576572
test,T2,29.8,16.798132
test,T2,29.8,17.363596
test,T2,29.8,16.627644
test,T2,29.8,15.756659
test,T2,29.8,16.72703
test,T2,29.8,17.444181
test,T2,29.842545,17.581615
test,T2,29.962545,17.190838
test,T2,30.04,16.961424
test,T2,30.04,17.173388
test,T2,30.04,18.03578
test,T2,30.04,16.98876
test,T2,30.04,15.7466755
test,T2,30.04,15.685412
test,T2,30.04,17.177677
test,T2,30.027575,17.492508
test,T2,29.992575,17.163393
test,T2,29.97,16.984976
test,T2,29.97,16.43127
test,T2,29.97,17.594774
test,T2,29.97,17.469831
test,T2,29.97,15.874289
test,T2,29.97,16.534447
test,T2,29.97,16.830599
test,T2,29.886576,16.685284
test,T2,29.651575,16.76516
test,T2,29.5,17.290195
test,T2,29.5,17.384241
test,T2,29.5,16.453545
test,T2,29.5,16.328772
test,T2,29.5,16.559586
test,T2,29.5,16.627014
test,T2,29.5,16.797867
test,T2,29.63135,15.775309
test,T2,30.00135,16.162678
test,T2,30.24,16.42666
test,T2,30.24,16.405426
test,T2,30.24,16.916168
test,T2,30.24,16.672873
test,T2,30.24,17.312284
test,T2,30.24,16.556978
test,T2,30.24,16.308537
test,T2,30.337626,15.723585
test,T2,30.612625,17.132118
test,T2,30.79,17.178324
test,T2,30.79,17.10192
test,T2,30.79,16.927177
test,T2,30.79,16.249193
test,T2,30.79,16.400515
test,T2,30.79,17.841074
test,T2,30.79,17.518513
test,T2,30.86455,16.368866
test,T2,31.07455,17.453066
test,T2,31.21,17.56295
test,T2,31.21,16.5198
test,T2,31.21,16.775438
test,T2,31.21,17.247252
test,T2,31.21,16.525534
test,T2,31.21,16.353584
test,T2,31.21,16.182404
test,T2,31.135334,15.919125
test,T2,30.925333,16.696264
test,T2,30.79,15.70305
test,T2,30.79,17.024994
test,T2,30.79,16.847555
test,T2,30.79,16.354507
test,T2,30.79,16.813597
test,T2,30.79,17.629786
test,T2,30.79,17.840408
test,T2,30.8681,17.777996
test,T2,31.0881,16.856646
test,T2,31.23,16.03784
test,T2,31.23,16.24497
test,T2,31.23,16.641287
test,T2,31.23,16.32936
test,T2,31.23,17.188303
test,T2,31.23,17.781282
test,T2,31.23,16.5361
test,T2,31.329556,15.590767
test,T2,31.609556,15.872474
test,T2,31.79,16.788916
test,T2,31.79,17.23514
test,T2,31.79,16.906796
test,T2,31.79,17.26087
test,T2,31.79,17.329391
test,T2,31.79,18.321234
test,T2,31.79,16.940462
test,T2,31.433226,15.585686
test,T2,30.428225,17.057245
test,T2,29.78,17.33759
test,T2,29.78,17.090536
test,T2,29.78,16.133757
test,T2,29.78,16.22843
test,T2,29.78,16.929615
test,T2,29.78,15.929632
test,T2,29.78,15.595745
test,T2,29.76225,16.947588
test,T2,29.71225,16.815937
test,T2,29.68,16.610304
test,T2,29.68,16.772104
test,T2,29.68,15.494331
test,T2,29.68,15.45108
test,T2,29.68,16.199799
test,T2,29.68,17.096489
test,T2,29.68,17.124176
test,T2,29.4883,17.082903
test,T2,28.9483,17.267803
test,T2,28.6,17.346447
test,T2,28.6,17.56814
test,T2,28.6,17.334002
test,T2,28.6,18.211643
test,T2,28.6,17.437143
test,T2,28.6,16.704397
test,T2,28.6,17.001507
test,T2,28.708275,16.750372
test,T2,29.013275,16.827501
test,T2,29.21,17.095438
test,T2,29.21,17.460142
test,T2,29.21,17.880686
test,T2,29.21,18.394033
test,T2,29.21,17.677568
test,T2,29.21,17.639818
test,T2,29.21,19.074738
test,T2,29.263334,17.752953
test,T2,29.413334,16.390377
test,T2,29.51,17.419376
test,T2,29.51,17.87253
test,T2,29.51,16.989641
test,T2,29.51,17.843718
test,T2,29.51,18.24515
test,T2,29.51,18.334242
test,T2,29.51,18.660051
test,T2,29.45846,17.93324
test,T2,29.313461,16.366537
test,T2,29.22,17.422087
test,T2,29.22,17.743006
test,T2,29.22,17.628521
test,T2,29.22,17.688437
test,T2,29.22,16.516054
test,T2,29.22,18.429815
test,T2,29.22,18.898355
test,T2,29.360226,18.097918
test,T2,29.755224,18.005999
test,T2,30.01,16.674269
test,T2,30.01,18.061434
test,T2,30.01,18.700945
test,T2,30.01,18.03868
test,T2,30.01,18.792534
test,T2,30.01,18.119417
test,T2,30.01,18.060883
test,T2,30.164425,18.082212
test,T2,30.599424,17.928896
test,T2,30.88,17.782515
test,T2,30.88,18.095892
test,T2,30.88,18.40928
test,T2,30.88,19.721678
test,T2,30.88,19.458103
test,T2,30.88,18.698843
test,T2,30.88,17.718197
test,T2,30.99715,18.124657
test,T2,31.32715,17.577051
test,T2,31.54,18.130545
test,T2,31.54,18.814241
test,T2,31.54,18.539911
test,T2,31.54,17.861101
test,T2,31.54,17.20584
test,T2,31.54,16.856607
test,T2,31.54,17.745546
test,T2,31.52225,17.970104
test,T2,31.47225,18.433966
test,T2,31.44,18.467451
test,T2,31.44,17.49401
test,T2,31.44,17.524122
test,T2,31.44,17.89189
test,T2,31.44,17.609156
test,T2,31.44,18.10045
test,T2,31.44,18.198797
test,T2,31.4897,17.699558
test,T2,31.6297,17.145323
test,T2,31.72,17.503923
test,T2,31.72,18.080591
test,T2,31.72,18.381842
test,T2,31.72,18.371298
test,T2,31.72,18.201433
test,T2,31.72,17.453512
test,T2,31.72,17.063587
test,T2,31.563604,17.361582
test,T2,31.123604,17.460062
test,T2,30.84,17.352869
test,T2,30.84,16.740238
test,T2,30.84,16.63887
test,T2,30.84,17.217018
test,T2,30.84,17.785173
test,T2,30.84,17.811779
test,T2,30.84,17.227057
test,T2,30.7903,16.63346
test,T2,30.6503,17.865175
test,T2,30.56,19.222425
test,T2,30.56,19.2133
test,T2,30.56,18.623209
test,T2,30.56,17.493101
test,T2,30.56,17.67968
test,T2,30.56,17.223204
test,T2,30.56,17.078228
test,T2,30.504974,16.994925
test,T2,30.349976,17.795551
test,T2,30.25,18.171803
test,T2,30.25,17.30409
test,T2,30.25,15.761381
test,T2,30.25,16.8599
test,T2,30.25,18.806187
test,T2,30.25,18.806456
test,T2,30.25,18.164877
test,T2,30.400875,18.42698
test,T2,30.825874,19.02907
test,T2,31.1,19.838594
test,T2,31.1,19.908197
test,T2,31.1,18.02651
test,T2,31.1,17.859903
test,T2,31.1,17.473675
test,T2,31.1,17.558308
test,T2,31.1,18.204514
test,T2,31.194075,18.694197
test,T2,31.459076,19.199362
test,T2,31.63,20.131298
test,T2,31.63,19.609087
test,T2,31.63,19.47835
test,T2,31.63,18.931719
test,T2,31.63,18.589884
test,T2,31.63,19.1374
test,T2,31.63,17.838442
test,T2,31.59095,17.900188
test,T2,31.48095,19.036772
test,T2,31.41,17.433073
test,T2,31.41,16.973726
test,T2,31.41,17.593332
test,T2,31.41,17.181662
test,T2,31.41,17.098974
test,T2,31.41,17.346224
test,T2,31.41,16.633371
test,T2,31.230724,16.397211
test,T2,30.725725,17.600554
test,T2,30.4,17.343668
test,T2,30.4,17.235958
test,T2,30.4,17.632631
test,T2,30.4,18.26248
test,T2,30.4,17.951765
test,T2,30.4,18.439972
test,T2,30.4,17.720758
test,T2,30.1089,16.233313
test,T2,29.2889,15.819541
test,T2,28.76,17.657112
test,T2,28.76,18.518019
test,T2,28.76,17.279255
test,T2,28.76,16.47127
test,T2,28.76,17.017647
test,T2,28.76,18.731504
test,T2,28.76,18.627157
test,T2,28.57895,18.348864
test,T2,28.06895,17.965471
test,T2,27.74,16.865328
test,T2,27.74,17.314234
test,T2,27.74,16.737148
test,T2,27.74,16.798082
test,T2,27.74,16.899858
test,T2,27.74,16.473248
test,T2,27.74,16.400267
test,T2,27.4489,17.95926
test,T2,26.6289,16.804129
test,T2,26.1,15.680704
test,T2,26.1,18.183508
test,T2,26.1,19.35269
test,T2,26.1,18.12414
test,T2,26.1,17.10108
test,T2,26.1,17.607515
test,T2,26.1,17.88798
test,T2,25.459225,17.59426
test,T2,23.654224,17.980547
test,T2,22.49,17.986988
test,T2,22.49,19.5164
test,T2,22.49,21.020224
test,T2,22.49,19.28191
test,T2,22.49,18.308315
test,T2,22.49,17.260305
test,T2,22.49,18.695587
test,T2,21.082424,17.671507
test,T2,17.117426,17.605116
test,T2,14.56,17.253256
test,T2,14.56,14.640975
test,T2,14.56,11.483648
test,T2,14.56,11.489
test,T2,14.56,12.392455
test,T2,14.56,14.210325
test,T2,14.56,16.742401
test,T2,13.7861,19.180483
test,T2,11.6061,16.86302
test,T2,10.2,15.293404
test,T2,10.2,14.471365
test,T2,10.2,13.995423
test,T2,10.2,16.220797
test,T2,10.2,22.704872
test,T2,10.2,25.1077
test,T2,10.2,19.376518
test,T2,9.221975,18.624256
test,T2,6.466975,19.20036
test,T2,4.69,16.749186
test,T2,4.69,15.949392
test,T2,4.69,17.051313
test,T2,4.69,20.481333
test,T2,4.69,21.145926
test,T2,4.69,19.480627
test,T2,4.69,18.67104
test,T2,3.95664,16.82262
test,T2,1.89664,15.604897
test,T2,0.57,16.75075
test,T2,0.57,16.281895
test,T2,0.57,15.490714
test,T2,0.57,16.37441
test,T2,0.57,17.0563
test,T2,0.57,17.306875
