split,trip_id,reference_velocity,predicted_velocity
val,M,6.0703335,7.2827406
val,M,6.7109585,4.3255887
val,M,7.3174305,4.895586
val,M,7.5235972,4.9390683
val,M,7.2462363,5.0511208
val,M,6.970097,4.8481293
val,M,6.8616943,4.697117
val,M,6.6521387,4.753993
val,M,6.6161942,4.752883
val,M,6.784986,4.778182
val,M,6.8515697,4.6716385
val,M,7.039639,4.64207
val,M,7.260736,4.5597997
val,M,7.349292,4.6170387
val,M,7.603597,4.5818677
val,M,7.9375415,4.596818
val,M,8.047681,4.5036235
val,M,7.8522224,4.506093
val,M,7.0657363,4.3328223
val,M,6.0894165,4.3579006
val,M,6.005722,4.369098
val,M,6.793514,4.3014917
val,M,7.593,4.441153
val,M,7.7328057,4.382639
val,M,7.2499304,4.35806
val,M,6.72675,4.3564196
val,M,6.568028,4.320955
val,M,6.6511526,4.297552
val,M,6.5866666,4.305353
val,M,6.5392637,4.2012925
val,M,6.7968473,4.195996
val,M,7.103236,4.1898417
val,M,7.1275973,4.247803
val,M,6.999944,4.2550116
val,M,6.9460278,4.27785
val,M,6.898667,4.217494
val,M,6.8617363,4.2657447
val,M,6.929,4.1925225
val,M,7.1562777,4.2302337
val,M,7.3714585,4.2893267
val,M,7.423236,4.3509064
val,M,7.4088473,4.603939
val,M,7.423625,6.406041
val,M,7.42175,5.887768
val,M,7.3674026,6.058982
val,M,7.401653,7.1083145
val,M,7.572361,8.707138
val,M,7.7030973,6.395653
val,M,7.7068887,7.4688864
val,M,7.6562085,8.126463
val,M,7.618236,7.8771276
val,M,7.5151944,9.302581
val,M,7.376042,7.2059574
val,M,7.3910418,9.490705
val,M,7.524889,8.113039
val,M,7.6019583,7.143834
val,M,7.5846806,6.5986366
val,M,7.544028,7.086054
val,M,7.558986,7.750257
val,M,7.6483335,11.61987
val,M,7.76675,7.9128456
val,M,7.864403,6.076726
val,M,7.829375,7.6764116
val,M,7.6944304,11.181178
val,M,7.5975,8.16798
val,M,7.5680137,8.032578
val,M,7.6216526,7.8106713
val,M,7.646347,9.396862
val,M,7.501167,15.328269
val,M,7.347708,15.875404
val,M,7.365097,17.683155
val,M,7.500819,15.166586
val,M,7.485653,12.006833
val,M,7.0660415,16.173918
val,M,6.430222,15.481734
val,M,5.841264,9.567698
val,M,5.51575,9.302033
val,M,5.5750833,7.038644
val,M,5.7949443,7.9991665
val,M,5.9516387,8.699773
val,M,6.0114307,12.075953
val,M,6.008333,6.1226788
val,M,5.9445834,7.91037
val,M,5.8428054,10.519937
val,M,5.779986,11.27912
val,M,5.7314444,17.426758
val,M,5.7198195,11.628032
val,M,5.8374863,8.673001
val,M,6.023361,15.496117
val,M,6.138278,9.60953
val,M,6.178389,7.988703
val,M,6.2146945,12.9608755
val,M,6.2291527,23.064545
val,M,6.2021666,20.839375
val,M,6.167514,9.1639185
val,M,6.1445556,7.271163
val,M,6.137653,5.843234
val,M,6.1894584,6.685791
val,M,6.362861,7.087472
val,M,6.600097,7.7663164
val,M,6.764472,17.932777
val,M,6.828597,19.642529
val,M,6.815986,9.94913
val,M,6.7727637,6.1065392
val,M,6.715,6.0183525
val,M,6.6276946,6.5539675
val,M,6.5151944,7.1117797
val,M,6.45775,10.045091
val,M,6.537431,14.410694
val,M,6.6519723,12.850808
val,M,6.6969028,12.04873
val,M,6.6808195,22.815422
val,M,6.6135416,16.68379
val,M,6.5228333,7.4235573
val,M,6.41525,10.804923
val,M,6.3055553,11.228402
val,M,6.231403,13.191913
val,M,6.248833,18.90496
val,M,6.380139,6.968054
val,M,6.419194,5.372342
val,M,6.346375,6.7379484
val,M,6.306139,8.500334
val,M,6.2817082,5.570259
val,M,6.252042,7.113991
val,M,6.1973333,10.163979
val,M,6.145986,10.199728
val,M,6.0269723,8.204657
val,M,5.7917776,6.417284
val,M,5.591347,8.96046
val,M,5.504778,19.562424
val,M,5.535903,20.737236
val,M,5.681875,18.296328
val,M,5.8428473,6.172842
val,M,5.9125,10.489642
val,M,5.9149027,15.576238
val,M,5.931361,14.829967
val,M,5.9694304,14.030251
val,M,5.973111,13.535815
val,M,5.9650974,7.612074
val,M,6.0078053,13.549289
val,M,6.046403,17.899603
val,M,6.03925,9.413362
val,M,5.991903,7.112558
val,M,5.9480696,8.946514
val,M,5.9158473,8.781773
val,M,5.847736,8.359285
val,M,5.774847,6.111343
val,M,5.7268887,6.9825635
val,M,5.7595835,6.2559056
val,M,5.918097,5.305255
val,M,6.118014,5.089163
val,M,6.263875,4.5327277
val,M,6.3367224,4.3877277
val,M,6.3209305,2.5415485
val,M,6.249181,2.810486
val,M,6.1495557,2.8380954
val,M,6.0310974,2.763291
val,M,5.9286113,7.2451124
val,M,5.8925695,4.900506
val,M,5.994583,4.6817718
val,M,6.1756945,4.116098
val,M,6.3184724,4.3704047
val,M,6.373903,4.439822
val,M,6.3435974,4.3932896
val,M,6.280486,4.7118554
val,M,6.2354026,4.6985607
val,M,6.192375,4.733206
val,M,6.134111,5.2589355
val,M,6.1038613,4.661774
val,M,6.1032085,4.108879
val,M,6.1344166,4.083111
val,M,6.1795278,4.177483
val,M,6.181514,4.270002
val,M,6.1356945,4.187023
val,M,6.0442085,4.1643205
val,M,5.9365554,4.1012297
val,M,5.82625,4.2562656
val,M,5.712,4.1860127
val,M,5.6378613,4.152577
val,M,5.6675835,4.26605
val,M,5.800958,4.207243
val,M,5.958847,4.2568464
val,M,6.0654583,4.3062344
val,M,6.087847,4.1815352
val,M,6.0438333,4.36224
val,M,5.97675,4.772212
val,M,5.8957086,5.987177
val,M,5.8118887,5.0162306
val,M,5.7591805,5.1666794
val,M,5.7840695,4.7771735
val,M,5.9061804,4.5593224
val,M,6.042444,4.6862373
val,M,6.081153,4.462225
val,M,6.02375,4.9172406
val,M,5.933639,6.2733464
val,M,5.834486,6.049327
val,M,5.7360697,6.625839
val,M,5.553736,7.106378
val,M,5.245403,7.607475
val,M,5.001361,6.690529
val,M,4.968222,5.8654957
val,M,5.072625,5.5476546
val,M,5.2260137,5.704318
val,M,5.382639,4.4329743
val,M,5.4933333,4.9054103
val,M,5.535139,10.39997
val,M,5.4915695,9.162666
val,M,5.4010277,6.9274883
val,M,5.3548055,7.8556037
val,M,5.4083195,14.231777
val,M,5.517208,17.416607
val,M,5.6165833,11.897592
val,M,5.553889,16.349417
val,M,5.247889,7.3028564
val,M,4.791625,5.371706
val,M,4.2602777,5.8273983
val,M,3.7624862,6.614382
val,M,3.2339306,8.338338
val,M,2.5491529,11.12193
val,M,1.8040138,7.7603607
val,M,1.1694584,7.455699
val,M,0.90225,8.1087675
val,M,1.2493472,7.8353386
val,M,2.6253471,6.6056633
val,M,3.7244444,5.479765
val,M,3.1518888,6.0236588
val,M,1.571875,5.736879
val,M,0.32988888,5.6218863
val,M,0.8100972,7.755542
val,M,1.4272083,6.5420732
val,M,0.87831944,7.6832414
val,M,1.6795695,9.629455
val,M,4.684222,10.53826
val,M,8.196362,19.435352
val,M,10.453903,15.25434
val,M,10.9065,6.8329983
val,M,10.705444,8.531486
val,M,10.393888,18.994095
val,M,9.976611,16.011679
val,M,9.56768,11.165496
val,M,9.244638,9.108061
val,M,9.1125,8.946095
val,M,9.079264,19.544277
val,M,9.123847,11.504518
val,M,9.372848,5.398597
val,M,9.852195,13.616781
val,M,10.544097,14.716052
val,M,11.3295,7.7476645
val,M,11.855097,11.159394
val,M,12.169903,10.112329
val,M,12.554694,8.983607
val,M,12.919736,11.157239
val,M,13.08275,14.198691
val,M,12.902403,9.236293
val,M,12.3371525,5.711686
val,M,11.668639,9.06697
val,M,11.161056,9.878339
val,M,11.115806,6.2728705
val,M,11.600639,5.9615135
val,M,12.17325,8.116364
val,M,12.485736,9.663796
val,M,12.45925,9.250444
val,M,12.42382,8.117266
val,M,12.691153,7.0212727
val,M,12.994638,7.884363
val,M,13.091945,13.116981
val,M,13.151389,18.714804
val,M,13.440778,14.566291
val,M,13.953486,10.298511
val,M,14.719625,12.960008
val,M,15.813945,17.86164
val,M,17.017958,12.145301
val,M,18.113111,10.917436
val,M,18.65175,18.820112
val,M,18.62461,17.779285
val,M,18.44411,11.799679
val,M,18.216042,7.871847
val,M,18.11282,10.8744755
val,M,18.159014,12.696933
val,M,18.147736,8.787992
val,M,17.986944,8.167478
val,M,17.618763,9.209036
val,M,17.421778,7.714358
val,M,17.604458,13.925136
val,M,17.790333,18.543694
val,M,17.867598,8.231485
val,M,17.489292,6.142185
val,M,17.354626,6.0146475
val,M,17.670584,5.5661693
val,M,17.60275,6.670755
val,M,17.543028,6.709942
val,M,17.231777,6.833445
val,M,17.118723,7.0965195
val,M,17.42786,12.577197
val,M,17.489779,11.504008
val,M,17.527819,6.646491
val,M,17.598846,5.7056303
val,M,17.672709,6.0536604
val,M,17.819902,5.9283257
val,M,18.048166,14.385146
val,M,18.238861,18.494074
val,M,18.390541,18.040668
val,M,18.43593,17.142477
val,M,18.504486,9.389258
val,M,18.545444,7.5132937
val,M,18.471277,6.9812326
val,M,18.37439,6.9564266
val,M,18.22332,7.0853853
val,M,18.071806,6.73979
val,M,17.795958,6.3282347
val,M,16.82386,7.254736
val,M,14.948903,6.5693097
val,M,13.436944,6.0410595
val,M,6.5112915,7.0741243
val,M,0.0,7.715134
val,M,1.032087e-11,6.6353664
val,M,7.5595,6.0388713
val,M,16.036596,5.312936
val,M,16.971737,7.17523
val,M,17.027945,6.6852107
val,M,17.139957,6.7217484
val,M,17.31479,5.91808
val,M,17.536346,9.242468
val,M,17.745764,11.199818
val,M,17.89782,9.954185
val,M,17.944014,7.4051003
val,M,17.870235,8.501708
val,M,17.729097,8.645534
val,M,17.551708,7.9212456
val,M,17.408958,6.714985
val,M,17.363472,6.84163
val,M,17.391459,8.284258
val,M,17.449514,6.976355
val,M,17.512028,8.068443
val,M,17.547209,8.407316
val,M,17.434694,6.6237545
val,M,17.308487,9.723708
val,M,17.348278,12.71829
val,M,17.301653,8.38004
val,M,17.039362,8.048163
val,M,16.640583,9.78518
val,M,15.851944,9.688607
val,M,15.18968,7.7586927
val,M,15.274208,8.177005
val,M,15.639903,7.5604243
val,M,15.906097,7.7709455
val,M,16.060236,7.576743
val,M,16.193832,5.747113
val,M,16.299652,8.354136
val,M,16.35257,8.020265
val,M,16.277458,8.518736
val,M,15.849195,7.4501286
val,M,15.043222,8.204131
val,M,14.419458,10.030635
val,M,14.287111,12.275664
val,M,14.467847,7.8120346
val,M,14.961847,8.895125
val,M,15.467459,7.947461
val,M,15.78975,8.137994
val,M,16.119541,8.060193
val,M,16.450708,10.57522
val,M,16.624445,10.835679
val,M,16.682096,9.115762
val,M,16.791374,8.055087
val,M,16.903723,8.833927
val,M,16.834362,7.988906
val,M,16.946861,10.024524
val,M,17.111458,10.137627
val,M,11.9215555,9.910777
val,M,9.341,9.802619
val,M,14.285556,8.421778
val,M,16.567194,7.4030724
val,M,16.306486,8.32923
val,M,16.157,8.013195
val,M,16.06479,6.542465
val,M,15.889639,5.620673
val,M,15.612597,4.62005
val,M,15.185083,4.781266
val,M,14.708583,5.5221214
val,M,14.146875,4.3148355
val,M,13.526278,1.7174227
val,M,12.906709,1.5618424
val,M,12.403722,6.951232
val,M,12.09157,5.1871643
val,M,11.809611,4.3909554
val,M,11.226264,4.3455343
val,M,10.369736,4.3565555
val,M,9.588722,4.427468
val,M,8.919236,4.367997
val,M,8.636778,4.285943
val,M,9.018056,4.3851514
val,M,9.820723,4.323722
val,M,10.509694,4.3471756
val,M,10.769347,4.2597837
val,M,10.962209,4.205037
val,M,11.366639,4.3246036
val,M,11.755834,4.2066975
val,M,12.333208,4.2817116
val,M,12.875334,4.265199
val,M,13.095667,4.2122445
val,M,13.254598,4.2551236
val,M,13.320153,4.2921133
val,M,13.326819,4.191526
val,M,13.292931,4.3201923
val,M,13.423458,4.298457
val,M,13.60225,4.1766934
val,M,13.7688055,4.65969
val,M,14.084556,8.9607115
val,M,14.285209,6.067274
val,M,14.316264,5.7649603
val,M,14.151958,6.281999
val,M,13.68575,7.111253
val,M,13.0627365,7.615947
val,M,12.494125,7.0021014
val,M,12.014986,6.3833375
val,M,11.602639,6.189365
val,M,11.368153,5.702608
val,M,11.347139,6.0393305
val,M,11.450723,5.975538
val,M,11.594861,5.758235
val,M,11.770875,6.230877
val,M,12.0859165,6.100067
val,M,12.40625,6.7331862
val,M,12.503986,7.029751
val,M,12.463208,6.844734
val,M,12.411764,6.7590494
val,M,12.317862,9.693169
val,M,12.274764,8.044209
val,M,12.301291,6.9176507
val,M,12.256736,8.866233
val,M,12.162833,15.634908
val,M,12.183792,17.476746
val,M,12.257709,14.954749
val,M,12.281709,9.522145
val,M,12.246458,12.39169
val,M,12.152667,9.600808
val,M,12.162569,14.977619
val,M,12.190861,11.057185
val,M,12.219848,8.290821
val,M,12.262042,9.961241
val,M,12.230972,13.626716
val,M,12.303528,15.117749
val,M,12.516306,20.405045
val,M,12.6900835,20.9281
val,M,12.749042,17.067095
val,M,12.713902,21.908566
val,M,12.657444,9.78461
val,M,12.6045,7.8851004
val,M,12.570389,7.2947693
val,M,12.5541115,14.378684
val,M,12.535819,19.655838
val,M,12.535903,9.49479
val,M,12.534361,11.065016
val,M,12.521459,9.036358
val,M,12.509681,8.599959
val,M,12.487431,8.935252
val,M,12.42775,14.227468
val,M,12.355348,9.042323
val,M,12.27093,11.31183
val,M,12.184569,11.468532
val,M,12.1125,8.627454
val,M,12.098375,8.598376
val,M,12.124958,7.5031133
val,M,12.115861,7.0558114
val,M,12.028125,7.8224893
val,M,11.857542,6.7869744
val,M,11.624291,7.2348175
val,M,11.0929165,6.071145
val,M,10.187458,7.746084
val,M,9.270389,6.5600524
val,M,8.627264,9.777614
val,M,8.23757,7.7350044
val,M,7.989139,6.904712
val,M,7.8688474,14.643449
val,M,7.969097,18.153198
val,M,8.367194,7.910761
val,M,8.882584,7.7999096
val,M,9.400666,8.714875
val,M,9.97593,7.9523363
val,M,10.395445,6.0808206
val,M,10.530306,6.6512527
val,M,10.514764,6.1281786
val,M,10.378542,6.3588057
val,M,10.161,8.029221
val,M,10.029208,7.074771
val,M,9.952389,6.4997807
val,M,9.829833,6.7653904
val,M,9.337334,6.405606
val,M,8.096736,5.955738
val,M,6.080097,5.8146963
val,M,3.890736,5.40517
val,M,2.9166806,6.4394836
val,M,3.7055,7.235223
val,M,5.4900694,10.163697
val,M,7.413889,6.1872635
val,M,8.939917,5.869437
val,M,9.850458,6.4512424
val,M,10.305667,6.7859173
val,M,10.527069,6.9583683
val,M,10.635403,6.8889866
val,M,10.70282,6.535781
val,M,10.69,5.6197925
val,M,10.584473,5.762783
val,M,10.506375,6.1200905
val,M,10.462222,5.5887003
val,M,10.389402,6.3099327
val,M,10.434014,6.8330517
val,M,10.693764,6.6648664
val,M,10.933847,6.346264
val,M,11.075042,11.497256
val,M,11.240986,6.646118
val,M,11.389347,5.56462
val,M,11.564389,6.2573895
val,M,11.588875,6.793636
val,M,11.33375,6.5709224
val,M,10.944041,6.258334
val,M,10.482458,5.9549665
val,M,10.011653,5.452224
val,M,9.563972,5.3318324
val,M,9.120791,5.5231266
val,M,8.660958,6.884535
val,M,8.220014,6.544218
val,M,7.7595835,7.9902706
val,M,7.0981946,16.334597
val,M,6.1411667,14.835383
val,M,5.1089444,10.653899
val,M,4.114972,11.136334
val,M,3.09125,9.98833
val,M,2.115986,23.420532
val,M,1.2150834,22.010267
val,M,0.433125,7.25778
val,M,0.05525,11.805444
val,M,0.01575,21.527866
val,M,0.012986111,21.759987
val,M,0.013930555,19.907347
val,M,0.017541667,21.265614
val,M,0.018847222,21.772242
val,M,0.022944445,20.014809
val,M,0.02738889,9.951318
val,M,0.024916667,15.180264
val,M,0.022666667,18.843452
val,M,0.021694444,14.534376
val,M,0.021930555,10.392016
val,M,0.022388889,9.785359
val,M,0.020972222,15.208239
val,M,0.013305555,19.51483
val,M,0.011638889,20.186565
val,M,0.013833334,12.506114
val,M,0.013791666,17.21243
val,M,0.013972222,21.84364
val,M,0.011305556,21.866245
val,M,0.009736111,23.527472
val,M,0.041666668,21.691048
val,M,0.92845833,22.46448
val,M,3.0058334,20.140453
val,M,5.132764,17.51437
val,M,6.7466664,13.956641
val,M,8.021319,12.640773
val,M,9.009222,7.5609922
val,M,9.902861,8.502064
val,M,10.812959,6.5359774
val,M,11.709639,6.707571
val,M,12.328847,7.190176
val,M,12.3509445,6.2262726
val,M,12.095708,6.603196
val,M,11.900945,10.2405
val,M,12.126416,6.048872
val,M,12.561889,6.5505133
val,M,12.742111,6.2221375
val,M,12.815056,6.565973
val,M,12.979889,6.1366663
val,M,13.21918,5.8174295
val,M,13.328777,6.9100275
val,M,13.393986,6.538899
val,M,13.451583,6.5760036
val,M,13.5448475,8.0901375
val,M,13.778209,7.2988048
val,M,14.080861,6.117529
val,M,14.365708,6.2157454
val,M,14.631986,6.076206
val,M,14.954431,5.658248
val,M,15.415139,5.6032495
val,M,16.050486,5.765996
val,M,16.604403,5.7597184
val,M,17.007555,7.6382036
val,M,17.364,7.3177814
val,M,17.640152,7.7453346
val,M,17.840334,13.762189
val,M,18.059431,14.373857
val,M,18.227,15.475203
val,M,18.247736,22.396557
val,M,18.196014,21.107197
val,M,17.851444,17.570074
val,M,17.22725,19.763182
val,M,16.627388,18.105019
val,M,16.03739,18.505291
val,M,15.422639,10.743718
val,M,14.790459,11.735625
val,M,14.040097,15.437058
val,M,12.945194,17.899403
val,M,11.344848,21.719576
val,M,9.611806,19.99054
val,M,8.500014,12.106157
val,M,7.9166946,21.134575
val,M,7.46375,23.079971
val,M,7.1917915,18.107151
val,M,7.0600834,15.314391
val,M,7.0824585,21.260237
val,M,7.5445137,20.463108
val,M,8.587472,22.54615
val,M,9.67425,23.620644
val,M,10.528084,23.480932
val,M,11.307083,22.510035
val,M,12.080722,20.099335
val,M,12.737083,8.533272
val,M,13.099861,10.021343
val,M,13.220612,21.87746
val,M,13.278722,22.254993
val,M,13.302139,18.719225
val,M,13.13975,17.59572
val,M,12.873042,12.229371
val,M,12.694056,8.172459
val,M,12.540958,10.98393
val,M,12.403958,15.39774
val,M,12.158083,20.809061
val,M,11.742986,23.551989
val,M,11.29668,21.756937
val,M,10.747903,14.852097
val,M,9.87693,11.958275
val,M,8.834347,11.274755
val,M,8.006583,11.44949
val,M,7.4991946,10.300792
val,M,7.363458,10.557293
val,M,7.657111,10.204806
val,M,8.1149025,10.48932
val,M,8.796111,7.214578
val,M,9.791862,9.616415
val,M,10.745486,8.608695
val,M,11.605583,13.297748
val,M,12.440653,16.013964
val,M,13.070666,11.943595
val,M,13.2097225,6.290469
val,M,13.091473,5.6443644
val,M,13.081805,6.7104464
val,M,13.116014,6.4973054
val,M,13.118667,5.643802
val,M,13.132764,3.4438257
val,M,13.151361,4.637246
val,M,13.201263,6.574001
val,M,13.2583885,7.3964777
val,M,13.278584,9.239764
val,M,13.283417,5.8954906
val,M,13.289264,5.846405
val,M,13.27275,5.6159725
val,M,13.244542,7.0554905
val,M,13.246347,7.0750566
val,M,13.249792,6.423131
val,M,13.242708,7.7158623
val,M,13.245431,11.220896
val,M,13.196236,8.89561
val,M,13.151652,9.040569
val,M,13.165667,11.131144
val,M,13.171375,8.310143
val,M,13.139444,8.477606
val,M,13.027847,10.323484
val,M,13.034194,9.329446
val,M,13.117695,6.8358307
val,M,12.958917,7.5477777
val,M,12.922472,9.328603
val,M,13.045139,9.740475
val,M,13.0485,10.484249
val,M,13.082209,6.3907356
val,M,13.034917,6.9831123
val,M,12.593153,8.007137
val,M,11.293931,8.716603
val,M,9.744,8.51391
val,M,9.015917,8.081956
val,M,8.898861,7.6266384
val,M,8.666805,7.848225
val,M,8.035139,6.1276007
val,M,7.333542,6.971669
val,M,6.898361,5.9564896
val,M,6.919014,6.252206
val,M,7.0721664,7.1233187
val,M,7.1728473,6.686207
val,M,7.4852085,6.83368
val,M,7.9712777,7.586558
val,M,8.643416,9.083568
val,M,9.466097,14.270766
val,M,10.270139,13.866043
val,M,10.907458,6.9927845
val,M,11.010667,9.542377
val,M,10.521402,8.886004
val,M,9.80725,7.974654
val,M,8.994208,7.617896
val,M,8.423597,7.8989897
val,M,8.582639,9.368289
val,M,9.198833,8.187556
val,M,10.092472,6.9638767
val,M,11.249458,12.828544
val,M,12.262764,17.8026
val,M,12.883014,12.419582
val,M,13.10757,10.501348
val,M,13.066028,8.858696
val,M,12.734528,8.956799
val,M,12.510041,6.117108
val,M,12.625736,6.0751243
val,M,12.734208,6.012597
val,M,12.70282,6.5950117
val,M,12.522458,5.8519077
val,M,12.486944,6.511448
val,M,12.674556,9.504692
val,M,12.773708,7.3689747
val,M,12.613889,13.52985
val,M,12.308416,13.583257
val,M,12.060375,15.800677
val,M,11.846264,21.935362
val,M,11.726653,23.658993
val,M,11.755889,21.901352
val,M,11.852305,16.410059
val,M,11.817361,10.060554
val,M,11.570806,18.447983
val,M,11.304209,21.847378
val,M,11.110917,19.137661
val,M,10.913417,14.415417
val,M,10.735945,19.302263
val,M,10.635834,11.578622
val,M,10.5778055,13.399166
val,M,10.725306,15.06811
val,M,11.2387085,12.592881
val,M,11.845014,10.808242
val,M,12.6145,18.620495
val,M,13.399597,17.165728
val,M,13.648903,11.004136
val,M,13.569305,14.068564
val,M,13.551403,14.636229
val,M,13.636791,14.673457
val,M,13.769722,13.337809
val,M,13.929542,13.994069
val,M,14.104417,17.450102
val,M,14.112445,16.91706
val,M,13.697667,14.93652
val,M,12.984083,15.473016
val,M,12.131153,18.150389
val,M,11.177819,17.464169
val,M,9.981958,14.140092
val,M,8.731389,10.241363
val,M,7.826611,7.863619
val,M,7.439375,7.3197274
val,M,7.652972,7.91426
val,M,8.002,8.497546
val,M,8.384597,8.53152
val,M,8.817111,8.139132
val,M,9.196083,6.0057993
val,M,9.436097,8.117309
val,M,9.449625,6.8382034
val,M,9.571903,7.227438
val,M,9.7545,6.717987
val,M,9.695653,6.561748
val,M,9.5365,6.107171
val,M,9.646264,6.1062193
val,M,10.172014,5.500227
val,M,10.890653,5.540543
val,M,11.5911665,6.0072794
val,M,12.263445,7.6603036
val,M,12.855917,8.465647
val,M,13.284625,9.91117
val,M,13.55025,9.515665
val,M,13.570153,10.311435
val,M,13.37025,6.475218
val,M,13.017125,6.1088667
val,M,12.623764,5.9234915
val,M,12.366944,5.9273214
val,M,12.217806,5.855092
val,M,12.243611,6.0028076
val,M,12.408861,5.7695
val,M,12.584458,5.455765
val,M,12.71275,5.98363
val,M,12.712264,6.636328
val,M,12.6762085,8.801024
val,M,12.728583,9.10524
val,M,12.7490835,8.474792
val,M,12.46718,6.7754316
val,M,12.058333,7.0210333
val,M,12.12193,7.918824
val,M,12.416195,8.036463
val,M,12.631861,8.274469
val,M,12.845098,8.391469
val,M,12.991528,8.944733
val,M,13.131014,12.568065
val,M,13.347139,10.370978
val,M,13.535292,15.682559
val,M,13.539653,21.498636
val,M,13.530361,22.7131
val,M,13.618764,24.224796
val,M,13.724584,20.956085
val,M,13.936375,24.709148
val,M,14.221458,22.390118
val,M,14.327236,12.569156
val,M,14.317833,21.937214
val,M,14.298195,11.646939
val,M,14.266152,9.182737
val,M,14.221264,11.353745
val,M,14.172722,9.13385
val,M,14.119125,10.968755
val,M,13.970417,19.345524
val,M,13.830764,18.448673
val,M,13.714084,13.593963
val,M,13.653292,7.506563
val,M,13.802264,15.988452
val,M,14.04875,19.394882
val,M,14.316083,17.64405
val,M,14.621972,12.947555
val,M,14.930792,23.24907
val,M,15.17693,21.265057
val,M,15.325931,10.788481
val,M,15.408931,8.291535
val,M,15.323264,7.007847
val,M,15.00543,10.567218
val,M,14.609902,12.677545
val,M,13.999653,12.36295
val,M,12.908042,21.570648
val,M,11.335903,17.656475
val,M,9.4314165,8.707852
val,M,7.455167,8.722632
val,M,5.719681,6.2225294
val,M,4.8331113,6.3933496
val,M,5.2732363,5.239171
val,M,6.402458,7.136203
val,M,7.411014,6.257289
val,M,8.2930975,5.232044
val,M,9.105695,6.2223887
val,M,9.824306,8.771466
val,M,10.349361,7.6497717
val,M,10.761472,8.10385
val,M,11.2734165,8.053956
val,M,11.727792,6.85026
val,M,12.040986,6.8350534
val,M,12.310625,5.967989
val,M,12.524361,5.495344
val,M,12.821875,5.510626
val,M,13.160931,7.2914414
val,M,13.361931,6.1102066
val,M,13.576736,6.4171033
val,M,13.606556,5.8193445
val,M,13.524111,6.751851
val,M,13.355903,6.5419645
val,M,13.23068,6.1122627
val,M,13.411056,5.4756546
val,M,13.565278,5.333682
val,M,13.4846945,5.805931
val,M,12.913806,7.2636065
val,M,12.087514,6.5974193
val,M,11.509736,7.325672
val,M,11.317069,6.8936586
val,M,11.488334,7.80346
val,M,11.813181,7.7603908
val,M,12.045777,6.890311
val,M,12.143486,5.090778
val,M,12.148556,8.07746
val,M,12.074208,12.233312
val,M,11.95775,8.962403
val,M,11.803389,7.986512
val,M,11.636264,5.844086
val,M,11.492986,6.3092976
val,M,11.307195,6.630287
val,M,10.966,6.1093473
val,M,10.489917,6.9776325
val,M,10.031834,6.180203
val,M,9.686194,6.262311
val,M,9.418263,5.709536
val,M,9.23457,6.1507835
val,M,9.200084,7.2862177
val,M,9.28818,8.302311
val,M,9.370764,7.2590566
val,M,9.464791,6.199858
val,M,9.726681,6.51093
val,M,10.10443,6.0367193
val,M,10.28325,7.0517087
val,M,9.872778,7.125644
val,M,8.727083,8.571227
val,M,7.0597224,7.6997666
val,M,5.7261944,10.290362
val,M,5.202139,9.22191
val,M,5.2154584,6.768504
val,M,5.731458,7.242077
val,M,6.5550556,8.812876
val,M,7.306,10.046708
val,M,7.888708,7.125099
val,M,8.350708,6.9178853
val,M,8.597597,7.618325
val,M,8.348444,8.617859
val,M,7.509847,9.191491
val,M,6.452778,6.585544
val,M,5.782778,5.177952
val,M,5.8272915,6.7614965
val,M,6.4237084,7.138954
val,M,7.249417,9.592625
val,M,8.020875,7.442749
val,M,8.727944,7.289777
val,M,9.375417,7.0188103
val,M,9.873944,11.3904505
val,M,10.213653,9.798789
val,M,10.3052225,10.972331
val,M,10.237445,13.142404
val,M,10.147611,8.053339
val,M,10.054167,9.555172
val,M,9.942208,9.621708
val,M,9.797889,9.193077
val,M,9.661305,7.811962
val,M,9.61225,6.5377274
val,M,9.622833,7.485289
val,M,9.565486,5.8654003
val,M,9.519278,6.73025
val,M,9.490167,6.6170444
val,M,9.420709,7.4380403
val,M,9.363167,6.156621
val,M,9.308278,7.626885
val,M,9.143056,9.459346
val,M,8.920208,6.9002676
val,M,8.766861,6.6120257
val,M,8.756667,6.727341
val,M,8.853681,5.7716894
val,M,8.9565,6.534649
val,M,9.058888,7.9521923
val,M,9.141375,7.7427144
val,M,9.152792,6.6003413
val,M,8.884222,6.3224897
val,M,8.16075,5.2573
val,M,7.028028,4.954417
val,M,5.6285834,4.3649235
val,M,4.1473475,6.142872
val,M,3.0473611,7.556797
val,M,2.9498055,5.6039357
val,M,3.9101388,5.4098177
val,M,5.274889,6.585064
val,M,6.501097,8.246596
val,M,7.4614444,7.785453
val,M,8.142389,8.927747
val,M,8.632222,6.1858892
val,M,8.962431,5.911624
val,M,9.161417,7.042736
val,M,9.330361,8.021197
val,M,9.494805,6.529032
val,M,9.643319,10.675733
val,M,9.776639,3.7933567
val,M,9.926598,2.4873068
val,M,10.102917,3.4625347
val,M,10.3272085,12.259891
val,M,10.542889,7.700527
val,M,10.753417,7.2917576
val,M,10.972709,6.702887
val,M,11.117473,9.90407
val,M,11.115875,9.80704
val,M,10.888528,16.133259
val,M,10.505861,11.790625
val,M,10.043777,8.140381
val,M,9.39032,10.706468
val,M,8.501667,8.947628
val,M,7.524375,7.2468805
val,M,6.333736,9.036933
val,M,4.7514167,14.20519
val,M,3.1163473,15.427211
val,M,2.3985417,12.94505
val,M,2.799125,11.583662
val,M,3.6536806,9.606024
val,M,4.641736,9.712117
val,M,5.3365,7.73672
val,M,5.5774026,7.1701517
val,M,6.020111,6.6032524
val,M,6.5247083,7.7518864
val,M,6.576208,7.973984
val,M,6.6509724,8.19704
val,M,7.006625,7.1068892
val,M,7.478125,5.9737787
val,M,7.862486,9.310861
val,M,7.9862638,7.241029
val,M,7.871639,6.013008
val,M,7.64525,7.238113
val,M,7.4155,7.963847
val,M,7.1655974,4.713947
val,M,6.8049583,2.3991401
val,M,6.246014,8.706014
val,M,5.4650693,6.8237886
val,M,4.648139,7.0193043
val,M,3.8901112,12.009671
val,M,3.1437361,9.524013
val,M,2.3159723,7.537126
val,M,1.2767361,7.1129217
val,M,0.36895832,6.668824
val,M,0.030805556,7.2678585
val,M,0.013611111,6.0581665
val,M,0.08020833,6.1336555
val,M,0.3075,5.302371
val,M,0.523875,6.3654156
val,M,0.6679861,8.576786
val,M,0.77915275,8.986724
val,M,0.84705555,6.7225747
val,M,0.73581946,6.481598
val,M,0.50091666,7.5424166
val,M,0.38805556,6.7852774
val,M,0.21284722,7.992132
val,M,0.08133333,7.751252
val,M,0.114,6.590295
val,M,0.20120834,6.974878
val,M,0.14998612,6.413088
val,M,0.023736112,6.198938
val,M,0.014972222,6.386827
val,M,0.012444444,7.7690244
val,M,0.021916667,6.8692284
val,M,0.13968055,7.878918
val,M,0.32468057,6.9074183
val,M,0.44077778,7.022473
val,M,0.33366665,7.133382
val,M,0.17133333,8.058995
val,M,0.117194444,7.7952437
val,M,0.047152776,9.077658
val,M,0.015819445,8.805341
val,M,0.117916666,7.5028973
val,M,0.38876387,7.8196516
val,M,0.3513472,8.034905
val,M,0.14738889,8.487266
val,M,0.30291668,7.421722
val,M,0.25331944,7.9120145
val,M,0.04936111,6.617464
val,M,0.21741667,6.449388
val,M,1.0060139,6.308859
val,M,2.4023473,7.947842
val,M,3.7850833,7.69885
val,M,4.8691525,6.8045225
val,M,5.5986667,6.491045
val,M,5.9801526,7.2792473
val,M,6.232111,6.248925
val,M,6.445958,7.5837407
val,M,6.611778,6.923674
val,M,6.7617083,7.0636687
val,M,6.9486666,6.402233
val,M,7.1877637,6.132572
val,M,7.4174724,5.5880175
val,M,7.578528,7.3061953
val,M,7.7064724,7.068001
val,M,7.6319585,8.544318
val,M,6.8019586,8.276046
val,M,5.319208,7.7217183
val,M,3.6888888,6.7831645
val,M,1.6516111,6.8346806
val,M,0.23343055,6.4287167
val,M,0.012597222,6.8294806
val,M,0.01025,5.863646
val,M,0.15956944,6.7394753
val,M,0.35072222,7.6853857
val,M,0.20665278,6.540227
val,M,0.016819444,7.571437
val,M,0.017416667,7.9342656
val,M,0.20801389,8.45943
val,M,1.0405972,6.914205
val,M,2.4561944,6.5470543
val,M,3.9648333,7.5006394
val,M,5.387833,8.275506
val,M,6.628972,6.496291
val,M,7.473764,5.9134483
val,M,7.822889,6.415187
val,M,7.6733193,5.9829946
val,M,6.9796667,6.814678
val,M,5.8080277,7.7875967
val,M,4.2749305,7.650261
val,M,2.5984306,7.7217407
val,M,1.4140278,7.7989607
val,M,1.6688889,7.5744143
val,M,3.0384445,7.5636034
val,M,4.479361,7.012183
val,M,5.6018057,8.838937
val,M,6.467486,7.120817
val,M,7.4430556,7.540476
val,M,8.127875,6.908566
val,M,8.10257,6.964611
val,M,7.65775,6.711947
val,M,7.028611,8.938813
val,M,6.6187778,8.660275
val,M,6.743708,8.52291
val,M,7.262639,7.6654377
val,M,8.015542,7.531886
val,M,8.627778,9.570685
val,M,8.842375,7.7934175
val,M,8.843445,6.203215
val,M,8.833347,6.1456766
val,M,8.793528,5.8242726
val,M,8.756667,5.998343
val,M,8.788847,6.023458
val,M,8.771167,5.829936
val,M,8.7255,5.3258
val,M,8.677139,5.704426
val,M,8.697416,6.501973
val,M,8.737375,8.946373
val,M,8.706737,9.4375105
val,M,8.5071945,10.858878
val,M,8.231653,10.999365
val,M,8.159486,6.6588
val,M,8.256042,5.591923
val,M,8.406236,6.0521684
val,M,8.567139,5.9749947
val,M,8.678097,6.6088066
val,M,8.563639,6.2060256
val,M,8.176556,5.7575817
val,M,7.716472,5.453998
val,M,7.5539165,5.2477894
val,M,7.7555695,6.058814
val,M,8.201056,7.5701003
val,M,8.785666,6.400503
val,M,9.325292,8.452527
val,M,9.714833,6.8212757
val,M,9.838583,5.8678813
val,M,9.791153,5.843242
val,M,9.752417,6.945615
val,M,9.74293,7.344231
val,M,9.701111,8.239501
val,M,9.696403,6.5971837
val,M,9.755944,8.012953
val,M,9.806347,9.723583
val,M,9.907014,8.77922
val,M,10.00307,7.315397
val,M,10.075292,7.0700245
val,M,10.159695,6.237722
val,M,10.159597,8.4060135
val,M,10.063681,11.716787
val,M,9.983791,6.103096
val,M,9.991487,5.4860563
val,M,9.947028,5.749273
val,M,9.763889,6.6852903
val,M,9.477736,5.1518335
val,M,9.215709,5.3101363
val,M,9.135263,5.3861303
val,M,9.184542,5.470159
val,M,9.280403,6.7019806
val,M,9.413097,8.696213
val,M,9.600695,9.506517
val,M,9.838764,8.97515
val,M,10.06643,9.658041
val,M,10.322222,8.552262
val,M,10.600805,7.3526917
val,M,10.810166,11.521733
val,M,10.813916,14.350717
val,M,10.501611,9.49741
val,M,9.749792,8.497952
val,M,8.617361,9.146586
val,M,7.393028,10.156549
val,M,6.33575,9.333659
val,M,5.890111,8.810836
val,M,6.298111,7.5071387
val,M,7.175597,5.9837375
val,M,7.8669443,7.8334002
val,M,8.061347,6.618394
val,M,8.01,7.2441244
val,M,7.897486,6.553031
val,M,7.6969304,7.6473923
val,M,7.6394863,10.782844
val,M,7.530139,6.4362326
val,M,7.155028,5.8982325
val,M,6.688861,5.853736
val,M,6.0659447,6.10995
val,M,5.0334306,6.8724346
val,M,4.066528,7.7074766
val,M,4.04675,8.851921
val,M,4.908389,8.624395
val,M,5.9035974,8.092298
val,M,6.5519586,5.4700527
val,M,7.056736,5.4684033
val,M,7.5375695,6.831536
val,M,7.7839026,7.111232
val,M,7.768139,7.0558653
val,M,7.614486,6.4241667
val,M,7.4053054,6.9507465
val,M,7.2473054,6.6304684
val,M,7.3678055,7.583914
val,M,7.6468334,7.56021
val,M,7.6642776,8.184028
val,M,7.4844027,6.134384
val,M,7.227792,6.159871
val,M,6.539889,6.880968
val,M,5.257347,7.406719
val,M,3.99225,7.3551836
val,M,3.47225,8.921305
val,M,3.9784443,7.329855
val,M,5.1781526,7.428731
val,M,6.36025,8.01823
val,M,7.2394443,8.459353
val,M,7.900764,9.5278635
val,M,8.474569,8.917302
val,M,8.987361,8.367409
val,M,9.173361,9.773535
val,M,8.959611,7.355661
val,M,8.723514,9.168795
val,M,8.707653,8.60186
val,M,8.72207,7.560693
val,M,8.682931,6.6356516
val,M,8.682959,6.582294
val,M,8.732847,6.154782
val,M,8.71675,6.2175236
val,M,8.66125,5.951226
val,M,8.684139,5.785164
val,M,8.586375,5.682146
val,M,7.8718333,5.5414505
val,M,6.581097,5.81087
val,M,5.420639,6.3472743
val,M,4.819,7.6776056
val,M,4.444375,9.127582
val,M,3.5075,10.604112
val,M,1.9814167,10.817553
val,M,0.7899028,11.220744
val,M,0.7822222,9.315528
val,M,1.8429583,6.438018
val,M,3.1580138,5.156187
val,M,4.449375,5.41267
val,M,5.629375,5.844298
val,M,6.2857637,6.0394335
val,M,6.4721527,6.117867
val,M,6.5908194,6.103712
val,M,7.000653,6.2097025
val,M,7.440403,6.6346226
val,M,7.5262084,6.220261
val,M,7.3024445,5.881505
val,M,6.8754168,6.1006436
val,M,6.1737223,7.9026623
val,M,5.5249166,8.245639
val,M,5.4174304,8.943757
val,M,5.8581805,10.20642
val,M,6.534153,8.161746
val,M,6.973889,6.7513814
val,M,7.144403,6.558001
val,M,7.241958,6.1232615
val,M,7.2753887,7.024379
val,M,7.207486,6.433443
val,M,6.953361,6.595229
val,M,6.6658473,7.816264
val,M,6.7784443,7.4988785
val,M,7.1916666,9.675612
val,M,7.5241113,10.684495
val,M,7.683,10.679699
val,M,7.732625,9.192603
val,M,7.706236,10.708979
val,M,7.258264,11.406007
val,M,6.3769584,6.9890666
val,M,5.932264,5.5697937
val,M,6.377972,5.9944973
val,M,7.1918197,7.1996627
val,M,7.74825,7.2405596
val,M,7.7999306,6.8495383
val,M,7.4843054,6.7052565
val,M,7.194375,6.9228344
val,M,6.9498057,6.9087358
val,M,6.678125,8.461403
val,M,6.27,7.0226345
val,M,5.5333195,5.7281427
val,M,4.951014,6.719426
val,M,4.4054165,6.1324983
val,M,3.415875,7.8705454
val,M,2.9200695,7.5729
val,M,3.5490556,7.312476
val,M,4.6345835,7.8777113
val,M,5.6694307,7.210085
val,M,6.5248055,5.37978
val,M,7.1170974,5.5627084
val,M,7.402097,5.473763
val,M,7.421597,5.378088
val,M,7.2606807,5.6920476
val,M,7.224528,7.5302925
val,M,7.623889,6.7138424
val,M,8.06125,6.3173275
val,M,8.115139,7.8408365
val,M,7.970375,7.9472003
val,M,7.7470417,8.149774
val,M,7.402111,8.3158245
val,M,6.8745,8.377183
val,M,6.1649723,8.134647
val,M,5.6053333,6.6098423
val,M,5.7924166,5.181578
val,M,6.406361,5.342353
val,M,6.7125,5.5555563
val,M,6.810458,5.549644
val,M,6.9126387,5.439497
val,M,6.9854026,5.365325
val,M,6.819389,5.36577
val,M,6.5002084,5.369201
val,M,6.2706804,5.2137504
val,M,6.2726946,5.081166
val,M,6.454861,4.9323645
val,M,6.87,4.9636807
val,M,7.5801806,4.8826466
val,M,8.036458,4.7648954
val,M,7.9040556,4.923694
val,M,7.4359446,4.8468504
val,M,6.842708,4.7863846
val,M,6.2125974,4.699791
val,M,5.91775,4.683195
val,M,6.2844305,4.7329917
val,M,6.9923196,4.698889
val,M,7.5173054,4.6637597
val,M,7.6920557,4.6778855
val,M,7.67325,5.1541767
val,M,7.5227222,6.184198
val,M,7.127972,6.4870596
val,M,6.8778057,5.846569
val,M,7.202597,5.2214317
val,M,7.7085137,6.054197
val,M,8.005944,6.646393
val,M,8.091986,6.442708
val,M,8.043403,6.154919
val,M,7.9477777,6.8246
val,M,7.8072915,5.830151
val,M,7.8046527,5.4296966
val,M,8.07268,7.0615225
val,M,8.3573475,7.2908115
val,M,8.47025,6.7235327
val,M,8.366,6.2046165
val,M,7.981375,6.452369
val,M,7.4824443,5.568816
val,M,7.0255556,5.6219015
val,M,6.4344306,5.596128
val,M,5.7016945,5.4207344
val,M,5.3943334,5.810363
val,M,5.8187084,6.633505
val,M,6.5945973,6.23643
val,M,7.2806807,5.749976
val,M,7.5844445,5.9633484
val,M,7.530597,5.662758
val,M,7.4195833,5.138261
val,M,7.392208,5.046413
val,M,7.412722,5.491891
val,M,7.737889,5.552532
val,M,8.289486,5.9575005
val,M,8.613681,5.7831287
val,M,8.7306385,5.7838674
val,M,8.699166,5.831755
val,M,8.4770975,6.1131363
val,M,7.7198887,6.7047143
val,M,6.7305417,7.2065506
val,M,6.357042,7.0424747
val,M,6.5290556,6.5706987
val,M,6.93525,7.4504795
val,M,7.378,6.939209
val,M,7.55425,5.565406
val,M,7.4096527,5.733611
val,M,7.1902223,6.1721535
val,M,6.983208,6.229051
val,M,6.693153,5.4878616
val,M,5.9773054,5.5569115
val,M,5.0154443,5.987053
val,M,4.4602222,5.3945723
val,M,4.0770693,5.426473
val,M,3.1169028,5.526126
val,M,2.0333612,5.9117785
val,M,2.1897223,6.3696465
val,M,3.250264,6.5397024
val,M,4.489153,6.633903
val,M,5.8403473,6.153693
val,M,6.677292,6.5150657
val,M,6.9321804,6.103435
val,M,7.2645416,7.3023453
val,M,8.004111,6.440943
val,M,8.714111,5.6002674
val,M,9.016361,4.897498
val,M,9.104055,4.9364843
val,M,9.146542,5.3236117
val,M,9.17325,6.4700046
val,M,9.140695,6.463267
val,M,8.79168,6.060132
val,M,7.8233333,6.1001406
val,M,6.7924585,6.6268187
val,M,6.192611,6.1527953
val,M,5.7184863,6.4542465
val,M,5.291139,6.4600754
val,M,5.014042,6.186095
val,M,5.1875973,8.617626
val,M,5.8685555,9.273148
val,M,6.4375696,6.563961
val,M,6.5964584,5.9255714
val,M,6.9660835,5.9975185
val,M,7.4902363,8.234372
val,M,7.8013334,7.0053425
val,M,7.981986,6.275922
val,M,7.929347,5.3203998
val,M,7.760597,6.531166
val,M,7.525597,7.5595202
val,M,7.419597,6.310091
val,M,7.472597,6.6240664
val,M,7.5124445,6.4992456
val,M,7.706389,6.738693
val,M,7.840903,6.0074325
val,M,7.665403,5.2906175
val,M,7.3323054,5.1860085
val,M,7.033056,5.7559366
val,M,7.00375,5.8040695
val,M,7.1938057,6.0450597
val,M,7.4241943,5.7136087
val,M,7.6628056,5.6353655
val,M,7.8263474,4.9630966
val,M,7.8663054,4.2221303
val,M,7.855222,4.176742
val,M,7.840528,4.2433796
val,M,7.7670693,4.397515
val,M,7.689,4.3854275
val,M,7.697403,4.3834114
val,M,7.7724166,4.3853836
val,M,7.8404584,4.303425
val,M,7.9036946,4.3055882
val,M,7.9803195,4.312407
val,M,7.9793057,4.2535524
val,M,7.904111,4.247549
val,M,7.8515415,4.146506
val,M,7.831972,4.1298466
val,M,7.793514,4.151628
val,M,7.6101804,4.121605
val,M,7.0814304,5.6659107
val,M,6.20675,6.408311
val,M,5.3505836,5.501744
val,M,4.478625,5.4211445
val,M,3.3405278,6.5713215
val,M,2.8305278,6.169406
val,M,3.5081944,6.184694
val,M,4.711472,5.5076504
val,M,6.0147085,7.8989286
val,M,7.122958,6.0041976
val,M,7.767097,5.355019
val,M,8.094486,6.6037602
val,M,8.3095,5.9845505
val,M,8.430236,5.7323475
val,M,8.19775,6.1542954
val,M,7.115847,6.328307
val,M,5.224056,5.8032703
val,M,3.1131806,5.73026
val,M,1.1831388,5.146266
val,M,0.15104167,4.9180555
val,M,0.07227778,5.976635
val,M,0.46716666,8.033241
val,M,1.4098473,6.63511
val,M,2.537625,5.86419
val,M,3.6023889,5.867639
val,M,4.8240137,5.395567
val,M,6.2522917,6.507411
val,M,7.523153,5.9079046
val,M,8.388278,5.075883
val,M,9.039473,5.646721
val,M,9.414653,5.8188124
val,M,9.4525,5.41938
val,M,9.382347,5.7243443
val,M,9.306209,5.3848486
val,M,9.261778,5.532897
val,M,9.160361,6.248603
val,M,9.1380415,7.4781084
val,M,9.237611,7.558439
val,M,9.29693,6.7073135
val,M,9.368264,6.1622915
val,M,9.440097,7.724994
val,M,9.481472,7.627533
val,M,9.499194,7.150214
val,M,9.514361,6.0569053
val,M,9.529,5.182513
val,M,9.539708,7.382493
val,M,9.5419445,8.131238
val,M,9.543528,8.292847
val,M,9.478431,8.746043
val,M,9.312417,7.6484447
val,M,9.106916,6.93777
val,M,8.926181,6.653635
val,M,8.850875,6.237219
val,M,8.875889,5.6563253
val,M,8.952486,6.5042944
val,M,9.070084,6.403329
val,M,9.187098,6.594299
val,M,9.276556,6.445342
val,M,9.35025,5.4651117
val,M,9.438084,6.5726385
val,M,9.520319,5.9638634
val,M,9.583944,5.908909
val,M,9.641931,5.7265873
val,M,9.619181,5.7344575
val,M,9.492611,6.0005417
val,M,9.309931,5.759184
val,M,9.013278,7.2160683
val,M,8.8095,6.7089357
val,M,8.84775,5.7753606
val,M,8.9665,5.549013
val,M,9.087,4.5978036
val,M,9.119,5.4602747
val,M,9.008083,6.6704235
val,M,8.88368,6.82172
val,M,8.808986,7.184886
val,M,8.735389,6.584538
val,M,8.491902,7.7184277
val,M,7.7441387,5.7734194
val,M,6.5620556,6.712923
val,M,5.3648195,6.217777
val,M,4.589653,6.0194674
val,M,4.634986,5.643011
val,M,5.649236,10.543388
val,M,6.885486,9.697801
val,M,7.5472918,8.49806
val,M,7.79875,6.3282766
val,M,7.9525137,5.262618
val,M,7.9791665,5.5789003
val,M,7.783,7.2843347
val,M,7.460653,5.6746817
val,M,7.113972,4.9247003
val,M,6.4615693,7.2842245
val,M,5.3665695,7.7557945
val,M,4.246611,6.577053
val,M,3.7230418,5.894388
val,M,4.2370834,5.5674286
val,M,5.4361944,5.6820135
val,M,6.613333,6.3644114
val,M,7.4761806,5.352612
val,M,7.9686527,6.1720247
val,M,8.126597,5.733301
val,M,8.113958,5.449895
val,M,8.077972,7.38649
val,M,8.059361,5.7665796
val,M,8.098805,5.265501
val,M,8.210584,5.0961456
val,M,8.360681,5.079213
val,M,8.490611,5.700308
val,M,8.521973,6.3196335
val,M,8.43707,5.3231
val,M,8.2340975,8.056691
val,M,7.9747086,10.409283
val,M,7.8003473,5.663998
val,M,7.7845974,4.70934
val,M,7.8191113,5.0273514
val,M,7.714139,5.194881
val,M,7.433542,4.8513284
val,M,7.018083,4.513728
val,M,6.2435417,4.6198096
val,M,4.7514167,4.679823
val,M,2.9565556,4.72945
val,M,1.96375,8.008128
val,M,2.2164445,10.240836
val,M,3.2007084,5.814407
val,M,4.4388194,4.864581
val,M,5.6645,5.2567234
val,M,6.672694,5.231142
val,M,7.4893475,5.026211
val,M,7.9713335,4.6190186
val,M,8.175222,4.3742948
val,M,8.330389,4.2555394
val,M,8.408055,4.5726147
val,M,8.385472,4.523568
val,M,8.2849865,4.6716733
val,M,7.939833,4.6067796
val,M,7.1786666,4.551886
val,M,6.1448054,4.5882187
val,M,4.8181806,4.5166397
val,M,3.0858195,4.716792
val,M,1.4056945,5.2921815
val,M,0.4100972,5.6521835
val,M,0.0785,5.649364
val,M,0.016305555,5.657854
val,M,0.013097222,5.815099
val,M,0.0109583335,5.2221637
val,M,0.010305556,4.804492
val,M,0.009986111,4.443386
val,M,0.011083334,4.7091193
val,M,0.013597222,4.4847817
val,M,0.014,4.5383644
val,M,0.014041667,4.607366
val,M,0.013819444,4.7916164
val,M,0.013625,4.7572665
val,M,0.01761111,6.124564
val,M,0.020402778,13.893664
val,M,0.017013889,13.43743
val,M,0.016375,5.388242
val,M,0.023569444,5.434786
val,M,0.18595834,5.403877
val,M,0.8161944,4.851161
val,M,2.317486,5.5037017
val,M,4.5279307,6.903533
val,M,7.010847,7.648311
val,M,9.4858055,6.665766
val,M,11.05325,6.6325874
val,M,11.537139,6.9829187
val,M,11.596986,6.555096
val,M,11.016347,6.278783
val,M,9.645139,6.7969613
val,M,7.921403,5.5488634
val,M,6.711583,8.026997
val,M,6.2792363,6.12739
val,M,6.4852223,4.8410125
val,M,7.1535,5.826109
val,M,7.6980834,6.561742
val,M,8.134791,5.7877455
val,M,8.651167,5.696304
val,M,9.184014,5.757388
val,M,9.590722,6.411894
val,M,9.755222,8.654796
val,M,9.669444,7.6689825
val,M,9.525056,6.88107
val,M,9.436389,5.729971
val,M,9.450167,5.065617
val,M,9.551625,5.5270286
val,M,9.60975,4.8250995
val,M,9.513014,4.7032104
val,M,9.267292,4.828005
val,M,8.860403,5.7684174
val,M,8.310111,6.1213226
val,M,7.8503613,5.6446657
val,M,7.624181,5.3787518
val,M,7.3686666,5.995757
val,M,6.6246667,5.628121
val,M,5.6760554,5.5283146
val,M,5.2679863,5.479997
val,M,5.5075555,4.8179235
val,M,6.031264,5.619382
val,M,6.6866527,5.575963
val,M,7.2676945,4.761215
val,M,7.499292,4.869833
val,M,7.505736,5.6165247
val,M,7.4990277,5.6997213
val,M,7.7046943,6.15872
val,M,8.126778,5.4071846
val,M,8.372097,6.807688
val,M,8.170472,6.058658
val,M,7.543208,5.310206
val,M,6.4261527,5.217785
val,M,5.0735974,7.285453
val,M,3.99,6.2525063
val,M,3.6665,4.952098
val,M,4.3815,4.8367176
val,M,5.511139,5.1200666
val,M,6.468,6.100669
val,M,7.228611,6.7817993
val,M,7.7884307,5.954486
val,M,8.102028,5.8721905
val,M,8.303111,5.6629276
val,M,8.463458,6.8873777
val,M,8.488361,7.6536455
val,M,8.471708,7.187173
val,M,8.466042,6.403398
val,M,8.444292,5.5470424
val,M,8.43032,5.6622334
val,M,8.471861,6.535035
val,M,8.558986,7.176314
val,M,8.622541,7.5214643
val,M,8.659236,8.773706
val,M,8.734347,7.672867
val,M,8.862208,6.861663
val,M,8.935236,5.6622124
val,M,8.8769865,5.5845666
val,M,8.7095,6.120316
val,M,8.61925,6.522518
val,M,8.613875,7.6993957
val,M,8.635195,8.814356
val,M,8.735111,7.629861
val,M,8.920569,5.747016
val,M,9.160861,6.882787
val,M,9.277638,6.8723955
val,M,9.221097,6.9277773
val,M,9.116834,6.0496445
val,M,9.050487,5.8112016
val,M,9.074041,6.110009
val,M,9.152291,7.6346354
val,M,9.079348,6.9744473
val,M,8.438708,8.215235
val,M,7.045528,5.8997097
val,M,5.395347,5.45875
val,M,4.354139,7.062557
val,M,4.5051665,6.9705095
val,M,5.4050417,5.8393636
val,M,6.264389,6.5630627
val,M,6.568403,6.5447645
val,M,6.2882915,5.464035
val,M,5.400764,6.806388
val,M,3.6575277,5.7823753
val,M,2.2045,5.50742
val,M,2.1069028,6.0281677
val,M,2.827625,7.457189
val,M,3.8459582,7.690194
val,M,5.115111,5.84403
val,M,6.123764,5.259113
val,M,6.517097,9.510251
val,M,6.5980554,9.023477
val,M,6.4128056,9.979312
val,M,5.519111,15.582034
val,M,3.9838471,7.6341124
val,M,2.6726806,5.682515
val,M,1.5850278,5.177381
val,M,0.58608335,6.4190598
val,M,0.17130555,5.8912144
val,M,0.29240277,5.3141494
val,M,0.55344445,5.498174
val,M,0.70929164,6.2492294
val,M,0.7973889,5.5586634
val,M,0.73909724,5.059815
val,M,0.55205554,8.4975
val,M,0.39894444,6.3237605
val,M,0.2561389,5.2796335
val,M,0.10547222,7.2143154
val,M,0.091569446,7.4218397
val,M,0.29934722,5.9609756
val,M,0.6792361,6.5016747
val,M,1.2844445,7.159579
val,M,2.1145418,7.227621
val,M,2.9322777,5.585237
val,M,3.6950972,6.3546143
val,M,4.573125,7.5176725
val,M,5.425875,10.021941
val,M,6.073,8.127596
val,M,6.247958,6.157381
val,M,5.861,5.861637
val,M,4.9880137,6.315123
val,M,4.1650696,7.3209333
val,M,4.0520415,6.0630236
val,M,4.677403,5.9380403
val,M,5.56875,5.9648848
val,M,6.117236,5.806905
val,M,6.1208057,5.2866964
val,M,5.41275,5.210184
val,M,4.125875,5.804761
val,M,2.484986,6.032832
val,M,0.8510278,6.160209
val,M,0.07473611,6.5008173
val,M,0.012166667,6.58947
val,M,0.023125,5.1647596
val,M,0.17904167,6.708759
val,M,0.4222361,5.413296
val,M,0.65509725,5.788207
val,M,1.3134028,5.918909
val,M,2.5309584,6.8464756
val,M,4.045833,6.9493313
val,M,5.628625,8.355761
val,M,6.9654584,9.787251
val,M,7.9646807,9.887824
val,M,8.6090975,8.696251
val,M,8.805403,9.164366
val,M,8.7086115,7.732874
val,M,8.566083,8.147804
val,M,8.402625,7.882922
val,M,7.875,7.6482677
val,M,7.007,8.101665
val,M,6.457889,8.095776
val,M,6.373764,8.14618
val,M,6.5785832,6.940321
val,M,7.155958,5.78754
val,M,7.837736,5.0659184
val,M,8.382639,5.0792713
val,M,8.722652,4.7626905
val,M,8.79657,5.147435
val,M,8.824458,5.696992
val,M,8.945639,5.7489038
val,M,9.165611,5.782443
val,M,9.490084,5.756365
val,M,9.811152,5.64962
val,M,9.93475,5.6023226
val,M,9.883597,5.2711887
val,M,9.694445,4.7661743
val,M,9.474778,4.675982
val,M,9.335292,4.6701674
val,M,9.251069,4.63934
val,M,9.259361,4.6552916
val,M,9.389986,4.6760697
val,M,9.595222,4.700026
val,M,9.817306,4.6704473
val,M,9.969209,4.654368
val,M,10.236555,4.6078353
val,M,10.690639,4.626334
val,M,11.031375,4.575158
val,M,11.129903,4.6248474
val,M,11.088708,4.638166
val,M,11.036403,4.5790973
val,M,10.964222,4.6315784
val,M,10.888917,4.660902
val,M,10.814,4.5556583
val,M,10.722917,4.555463
val,M,10.654542,4.590465
val,M,10.608139,4.605066
val,M,10.528028,4.599636
val,M,10.36257,4.609157
val,M,10.016861,4.6098223
val,M,9.236153,4.537865
val,M,8.052889,4.5783234
val,M,6.860014,4.725713
val,M,5.880014,4.572495
val,M,5.341639,4.560279
val,M,5.5424724,4.528005
val,M,6.2964306,4.5864472
val,M,6.9945,4.632233
val,M,7.488639,4.59892
val,M,7.6113057,4.6352434
val,M,7.1604304,4.730373
val,M,6.4085555,4.59133
val,M,5.3081803,5.659026
val,M,3.9014444,6.760253
val,M,2.7396944,6.042573
val,M,2.2240834,5.556025
val,M,2.185986,5.4739223
val,M,2.0126944,4.458795
val,M,1.3004861,6.6717973
val,M,0.43658334,7.780226
val,M,0.12970833,10.909619
val,M,0.56470835,9.24145
val,M,0.9900278,10.976691
val,M,1.1983056,19.71477
val,M,1.3998333,14.308431
val,M,1.2782084,10.039903
val,M,0.82725,8.409792
val,M,0.3378889,8.65026
val,M,0.39991668,15.085393
val,M,1.1755834,13.373275
val,M,2.230986,7.4826393
val,M,3.5508332,8.369793
val,M,5.1087084,6.897753
val,M,6.3750696,8.684854
val,M,7.1323195,9.0107565
val,M,7.5504723,8.685661
val,M,7.671764,9.6610155
val,M,7.2368054,9.233802
val,M,6.3061943,15.607152
val,M,5.1036806,15.482677
val,M,3.594,7.362598
val,M,1.9577639,15.13192
val,M,0.626,17.896862
val,M,0.21931945,7.710365
val,M,0.59781945,14.122771
val,M,1.1495694,15.680188
val,M,2.1202638,8.735033
val,M,3.4806528,7.8841705
val,M,5.005764,6.000861
val,M,6.498653,4.720264
val,M,7.6320972,5.527607
val,M,8.408195,5.1475296
val,M,8.746486,4.264775
val,M,8.823916,4.9926615
val,M,8.945125,6.861857
val,M,9.049903,5.206519
val,M,9.123055,6.0786805
val,M,9.301333,7.2391543
val,M,9.524583,5.9850993
val,M,9.6975975,5.744948
val,M,9.759,8.718681
val,M,9.697403,10.925045
val,M,9.538514,8.563697
val,M,9.342417,5.5977116
val,M,9.169194,4.5061593
val,M,9.067,6.8041596
val,M,9.060028,8.437668
val,M,9.097777,10.623321
val,M,9.147056,11.871287
val,M,9.1965,11.629701
val,M,9.279403,13.559108
val,M,9.380639,7.111801
val,M,9.452153,7.0392084
val,M,9.393264,10.302009
val,M,9.2884865,14.941457
val,M,9.233681,5.103017
val,M,9.172042,6.241438
val,M,9.1245,6.400613
val,M,9.088153,6.7078333
val,M,9.048333,6.2728276
val,M,9.023361,5.707452
val,M,9.053972,6.9518986
val,M,9.126847,6.500781
val,M,9.1775,6.501292
val,M,9.178403,7.3714137
val,M,9.136416,6.7553225
val,M,9.115723,8.179816
val,M,9.025639,6.5551367
val,M,8.674681,6.329194
val,M,8.011945,6.15007
val,M,7.154736,6.678934
val,M,6.191361,8.664615
val,M,4.945375,6.5635185
val,M,3.572639,6.9277954
val,M,2.9865556,4.210122
val,M,3.7415695,4.9337826
val,M,5.175875,4.6803646
val,M,6.4806805,5.5424585
val,M,7.3973613,6.764668
val,M,8.00175,7.956251
val,M,8.488889,5.9574823
val,M,8.597569,9.478381
val,M,7.4766946,7.861436
val,M,5.107375,5.885426
val,M,2.2410972,5.61825
val,M,0.38466668,5.187681
val,M,0.016347222,5.663477
val,M,0.014986111,4.768076
val,M,0.016361112,3.5488605
val,M,0.016305555,3.3072708
val,M,0.0165,5.938706
val,M,0.023402778,4.7719293
val,M,0.04826389,4.2065334
val,M,0.05666667,4.9142632
val,M,0.033291668,5.9823885
val,M,0.023611112,6.0438185
val,M,0.023277778,5.4301596
val,M,0.022166668,5.536763
val,M,0.025375,5.931204
val,M,0.022444444,6.054652
val,M,0.021583334,5.955125
val,M,0.019347223,6.3290586
val,M,0.016680555,6.420699
val,M,0.019541666,5.538151
val,M,0.01661111,6.0485163
val,M,0.013694445,5.471927
val,M,0.015194444,6.0188866
val,M,0.022194445,6.4882593
val,M,0.21222222,5.3196135
val,M,1.1478056,5.4652834
val,M,2.9156806,5.079289
val,M,4.7905416,4.4849844
val,M,6.315653,6.174554
val,M,7.401528,5.9594884
val,M,8.220612,4.7243137
val,M,8.804402,6.177925
val,M,9.076361,4.9932656
val,M,9.260403,4.723961
val,M,9.52925,5.246495
val,M,9.856542,4.9379406
val,M,10.151694,5.565028
val,M,10.441042,4.9886856
val,M,10.68218,6.04183
val,M,10.876403,6.297687
val,M,11.024875,6.694402
val,M,11.0587225,7.154915
val,M,11.076305,7.2204647
val,M,11.0992365,6.457076
val,M,11.086291,7.0677443
val,M,11.091861,6.759525
val,M,11.103278,6.4515867
val,M,11.159862,5.6838293
val,M,11.250375,4.449853
val,M,11.216625,5.376579
val,M,11.120361,5.6723185
val,M,11.08182,7.7016478
val,M,11.065861,7.7544355
val,M,11.049319,8.171464
val,M,11.02625,8.511733
val,M,11.084833,6.1144485
val,M,11.242778,5.5896187
val,M,11.402611,5.65199
val,M,11.515917,5.994239
val,M,11.5761385,5.3014803
val,M,11.573806,5.2712984
val,M,11.508958,5.143199
val,M,11.4025,5.561925
val,M,11.153556,7.57013
val,M,10.804528,6.273115
val,M,10.276514,6.0821486
val,M,9.344264,5.337043
val,M,8.179625,5.7556543
val,M,7.024389,5.8014555
val,M,6.0179305,5.792363
val,M,5.3833055,6.836234
val,M,5.562861,8.91727
val,M,6.402889,9.090726
val,M,7.365972,7.0375996
val,M,8.230445,7.5256987
val,M,8.744333,5.689275
val,M,8.948334,6.236525
val,M,9.07875,7.688903
val,M,9.168236,6.018822
val,M,9.210486,6.7448764
val,M,9.262959,5.8210754
val,M,9.306056,6.4510226
val,M,9.266292,6.2700825
val,M,9.180458,9.882366
val,M,9.094209,9.593205
val,M,8.954945,7.0707016
val,M,8.643598,5.8396626
val,M,8.015708,6.9097633
val,M,7.172458,7.970505
val,M,6.251167,7.9206433
val,M,5.5090833,7.759794
val,M,5.318125,8.740579
val,M,5.813542,7.1419106
val,M,6.6850557,11.682819
val,M,7.462222,10.568705
val,M,7.9895554,8.634704
val,M,8.284403,6.788343
val,M,8.414763,9.171691
val,M,8.519903,9.878699
val,M,8.489625,8.625707
val,M,8.15268,11.8974285
val,M,7.558542,18.04624
val,M,6.76475,19.233847
val,M,5.537264,7.5311975
val,M,4.2958474,8.359711
val,M,4.387764,12.646884
val,M,5.564708,8.736501
val,M,6.5411944,7.4523907
val,M,7.093972,6.256859
val,M,7.484139,14.195029
val,M,7.780972,15.1291485
val,M,8.008278,13.8862705
val,M,8.234278,18.572378
val,M,8.425333,10.646606
val,M,8.5135975,6.7271338
val,M,8.568444,7.4066834
val,M,8.614486,10.8617525
val,M,8.615861,17.727257
val,M,8.580222,13.340436
val,M,8.442625,12.383938
val,M,8.108764,17.706888
val,M,7.774139,14.667886
val,M,7.589778,9.207666
val,M,7.3380556,12.61033
val,M,6.984125,18.272734
val,M,6.8565693,9.189638
val,M,7.085889,12.271316
val,M,7.337125,14.901316
val,M,7.1278334,12.818532
val,M,6.144639,7.498886
val,M,4.666403,11.013389
val,M,3.3567917,7.529196
val,M,2.9878612,5.916095
val,M,3.6715555,7.5657706
val,M,4.765986,8.279856
val,M,5.7710557,7.267764
val,M,6.558264,5.7430415
val,M,7.108556,5.1895356
val,M,7.341236,4.226945
val,M,7.4251804,10.380071
val,M,7.477125,8.57489
val,M,7.39375,5.77004
val,M,7.234125,5.843757
val,M,7.1213193,6.742667
val,M,7.087861,7.057944
val,M,7.2691946,6.45457
val,M,7.660028,6.0306444
val,M,8.034528,7.324918
val,M,8.182847,6.599538
val,M,8.118278,5.432721
val,M,8.034778,5.9830623
val,M,8.019889,6.775575
val,M,8.041041,6.4688454
val,M,8.031806,8.074701
val,M,7.9343057,9.343251
val,M,7.8069167,8.23443
val,M,7.690861,6.666441
val,M,7.5235276,4.9558935
val,M,7.3452363,5.6697245
val,M,7.1335692,7.947223
val,M,7.1157637,9.848141
val,M,7.324139,9.121862
val,M,7.5521946,6.419539
val,M,7.805611,7.719863
val,M,7.988153,7.031062
val,M,8.182806,5.6805706
val,M,8.339861,5.6251783
val,M,8.394597,5.752132
val,M,8.417139,5.585847
val,M,8.475417,6.6191854
val,M,8.429361,6.758163
val,M,8.310389,6.450326
val,M,8.333458,5.8293915
val,M,8.30243,7.002144
val,M,8.141125,7.449126
val,M,7.8543057,5.962804
val,M,7.196014,6.5107355
val,M,5.8125415,6.4049215
val,M,4.0930696,6.2525816
val,M,2.749389,6.258302
val,M,1.7598472,5.5679126
val,M,0.91205555,6.2092004
val,M,0.30104166,5.675694
val,M,0.08234722,5.3474383
val,M,0.042930555,5.1990414
val,M,0.10051389,5.1375003
val,M,0.70579165,5.242901
val,M,1.8578889,5.2465234
val,M,3.0719721,5.850533
val,M,4.3850417,6.6039286
val,M,5.922042,6.201421
val,M,7.3203473,5.990139
val,M,8.144903,6.002701
val,M,8.522181,6.4306765
val,M,8.733833,5.2135725
val,M,8.632431,8.079723
val,M,8.278597,7.67031
val,M,7.9209027,7.087556
val,M,7.6352224,6.6545744
val,M,7.405972,6.3869486
val,M,7.129611,6.138796
val,M,6.6242085,6.5592546
val,M,5.7755,6.045623
val,M,4.663111,5.6996145
val,M,3.650889,5.116137
val,M,3.6319723,5.161022
val,M,4.6376944,5.3546414
val,M,5.7510834,5.347787
val,M,6.6968193,5.402418
val,M,7.3668194,5.4295025
val,M,7.7001805,5.4915676
val,M,7.905972,5.4960756
val,M,8.136167,5.32919
val,M,8.318,5.1933546
val,M,8.201861,5.120929
val,M,7.812847,5.044427
val,M,7.430125,5.024208
val,M,7.050764,4.979575
val,M,6.379903,5.0043077
val,M,5.625167,5.1285067
val,M,5.332986,6.2101417
val,M,5.633236,6.883151
val,M,6.3290973,6.709842
val,M,6.816361,6.876607
val,M,6.8749166,6.55566
val,M,7.0012918,7.038707
val,M,7.3793335,6.4254026
val,M,7.560403,5.2232637
val,M,7.023389,5.53915
val,M,6.1523056,5.4454126
val,M,5.4262915,5.2495446
val,M,4.632361,5.5666895
val,M,3.7331667,6.5830927
val,M,2.8780694,5.6669283
val,M,2.088625,5.3368225
val,M,1.4080139,5.685073
val,M,0.7966528,5.9458237
val,M,0.30991668,5.3455577
val,M,0.072402775,6.2181597
val,M,0.017444445,5.8298388
val,M,0.15118055,6.4796133
val,M,0.55472225,6.147643
val,M,1.0019306,6.4139566
val,M,1.1824583,6.793087
val,M,1.1873194,5.4301
val,M,1.1669861,4.8491507
val,M,1.1067083,5.599574
val,M,0.8769583,5.09509
val,M,0.36019444,5.0071435
val,M,0.023388889,4.755456
val,M,0.011652778,4.8072233
val,M,0.013875,5.626879
val,M,0.015291667,5.9091606
val,M,0.015402778,5.5841236
val,M,0.017444445,5.4677553
val,M,0.015486111,5.785495
val,M,0.013166667,6.492314
val,M,0.081375,5.7935953
val,M,0.61215276,5.45849
val,M,1.9022917,5.772829
val,M,3.4877777,5.2561197
val,M,5.098514,5.517329
val,M,6.660486,5.7569866
val,M,7.734,5.8120956
val,M,8.177347,6.2076516
val,M,8.248972,5.450157
val,M,8.174861,5.017153
val,M,8.060181,5.744737
val,M,8.095583,5.6940665
val,M,8.190792,5.4201994
val,M,8.251375,5.486709
val,M,8.382139,5.99487
val,M,8.513389,6.7310038
val,M,8.578278,7.433063
val,M,8.4829445,7.0331764
val,M,7.8090973,6.9914427
val,M,6.561458,6.6352577
val,M,5.582625,6.0330777
val,M,5.3625555,5.7836504
val,M,5.7920556,5.386362
val,M,6.573111,5.0045137
val,M,7.296597,4.4745274
val,M,8.041862,4.39609
val,M,8.815473,4.87427
val,M,9.180764,5.2388883
val,M,9.060264,5.265027
val,M,8.626722,5.2546225
val,M,8.0072365,5.203506
val,M,7.152097,5.1631503
val,M,6.034347,5.0252523
val,M,5.2506804,4.978073
val,M,5.669889,4.9091206
val,M,6.9049306,4.827474
val,M,7.887542,4.809246
val,M,8.349736,4.753605
val,M,8.424833,4.70938
val,M,8.291959,4.7657948
val,M,8.03818,4.719426
val,M,7.688542,4.640801
val,M,7.363764,4.631982
val,M,6.973111,5.1473594
val,M,6.440236,5.836466
val,M,6.2629304,6.2768173
val,M,6.620264,6.7789035
val,M,7.121611,5.393944
val,M,7.5575275,5.4762793
val,M,7.9135,6.258728
val,M,8.219055,6.1862397
val,M,8.454264,5.7258024
val,M,8.492903,5.732294
val,M,8.391903,5.7380114
val,M,8.36625,6.107852
val,M,8.395736,5.975835
val,M,8.420875,5.921606
val,M,8.410973,5.633867
val,M,8.365292,5.2499123
val,M,8.137362,5.0570908
val,M,7.339958,6.1398907
val,M,5.8263474,6.841954
val,M,3.988,6.2495627
val,M,2.3055,7.9640465
val,M,1.325875,6.9712
val,M,1.791861,6.3970995
val,M,3.1524584,6.0666456
val,M,4.6414723,6.3425484
val,M,6.1950974,6.08893
val,M,7.5866666,5.7260604
val,M,8.603598,6.9132423
val,M,9.022695,6.1125298
val,M,9.118305,5.4976063
val,M,9.383361,5.210133
val,M,9.933888,5.2639017
val,M,10.608,5.4732094
val,M,11.239278,4.9976244
val,M,11.794583,9.305109
val,M,12.212931,8.193729
val,M,12.299945,6.70187
val,M,12.1095,5.7312794
val,M,11.842972,5.7452345
val,M,11.576263,9.20185
val,M,11.322847,7.2432632
val,M,11.082653,5.83359
val,M,10.796861,5.9058576
val,M,10.518403,5.2555337
val,M,10.424541,8.235248
val,M,10.410486,7.302382
val,M,10.275097,9.0423565
val,M,9.983014,7.0551023
val,M,9.648666,5.852087
val,M,9.300292,6.248159
val,M,8.679139,6.2055154
val,M,8.773861,6.3912225
val,M,9.361611,6.4216886
val,M,9.572653,5.385656
val,M,9.871458,5.102939
val,M,10.082152,4.8948083
val,M,10.171987,5.188873
val,M,10.160347,6.2245464
val,M,10.110444,6.3585157
val,M,10.092722,5.655537
val,M,10.075764,4.907461
val,M,10.088611,4.722657
val,M,10.106625,5.124406
val,M,10.063806,5.2694063
val,M,10.048805,5.546305
val,M,10.158028,8.56434
val,M,10.280097,11.926936
val,M,10.361625,6.2556825
val,M,10.443097,5.3245025
val,M,10.497027,5.4764776
val,M,10.453819,5.4163437
val,M,10.242583,5.893095
val,M,9.852208,6.570554
val,M,9.30375,6.0084333
val,M,8.515805,11.295373
val,M,7.5610695,16.08624
val,M,6.5168056,6.0364404
val,M,5.4019446,5.4778757
val,M,4.2610974,5.2684207
val,M,3.0380416,5.341205
val,M,2.5851943,5.506612
val,M,3.5503888,8.212319
val,M,5.1541667,10.864968
val,M,6.2765694,5.673015
val,M,6.709417,6.254652
val,M,6.856347,5.4441214
val,M,6.862056,5.8914824
val,M,6.515681,5.151367
val,M,5.8840833,5.7411757
val,M,5.739097,5.0553718
val,M,6.4270835,5.158095
val,M,7.585986,5.9105654
val,M,8.900875,6.1636896
val,M,10.261416,5.6725698
val,M,11.629153,5.9466124
val,M,12.914056,5.9748335
val,M,13.842597,6.6689196
val,M,14.411195,6.589742
val,M,14.782945,4.5610414
val,M,14.791833,4.8348565
val,M,14.367778,5.483321
val,M,13.838166,5.111605
val,M,13.41518,4.7499695
val,M,13.082292,5.1523743
val,M,12.800487,4.71718
val,M,12.540334,5.0001574
val,M,12.568139,5.757107
val,M,12.4805,8.132191
val,M,12.211,8.234024
val,M,12.257097,5.6156
val,M,12.488597,8.616738
val,M,12.811542,8.412868
val,M,13.143791,8.014938
val,M,13.426361,7.1506186
val,M,13.538362,7.116592
val,M,13.333555,5.4263754
val,M,12.865472,4.7153196
val,M,12.448319,4.795508
val,M,12.347055,4.8536787
val,M,12.447958,4.7838383
val,M,12.591278,4.723303
val,M,12.693431,4.933465
val,M,12.73257,4.908649
val,M,12.7439165,4.863268
val,M,12.6333885,4.8591385
val,M,12.534306,5.3459797
val,M,12.56475,5.2067714
val,M,12.5951805,5.158864
val,M,12.624945,5.560303
val,M,12.6495,5.358395
val,M,12.659805,5.058082
val,M,12.67175,7.1539974
val,M,12.640833,7.3126836
val,M,12.634945,7.6521945
val,M,12.6721945,9.499663
val,M,12.666195,7.430587
val,M,12.678667,5.689905
val,M,12.686861,5.537378
val,M,12.665806,10.72227
val,M,12.695639,7.812462
val,M,12.701597,5.42029
val,M,12.703222,4.5345554
val,M,12.712708,5.201996
val,M,12.716486,4.9869013
val,M,12.708931,5.1036205
val,M,12.71568,5.44588
val,M,12.720861,4.9435124
val,M,12.701472,6.474263
val,M,12.683153,6.3091507
val,M,12.505944,6.043514
val,M,12.501333,6.316504
val,M,12.668153,5.463825
val,M,12.728444,4.9778423
val,M,12.732417,5.4816327
val,M,12.703639,5.468907
val,M,12.694041,5.872619
val,M,12.633736,5.8526115
val,M,12.630013,6.8951697
val,M,12.676528,7.1397476
val,M,12.695653,7.574332
val,M,12.690875,7.2119064
val,M,12.678416,6.4590516
val,M,12.662222,5.7143564
val,M,12.643319,5.2419777
val,M,12.622222,5.5175705
val,M,12.587,5.5094824
val,M,12.561791,5.5700603
val,M,12.526111,6.0062633
val,M,12.5009165,6.907704
val,M,12.532598,6.0899734
val,M,12.565763,7.0938106
val,M,12.577958,6.9907093
val,M,12.554402,6.4914203
val,M,12.535944,6.1816726
val,M,12.576083,5.9713345
val,M,12.599792,6.4121013
val,M,12.590611,6.1107855
val,M,12.605208,6.0977097
val,M,12.649542,6.0434384
val,M,12.712639,4.8261204
val,M,12.723194,6.3814993
val,M,12.722625,6.745825
val,M,12.736986,6.7335577
val,M,12.736917,6.7327237
val,M,12.727305,9.89619
val,M,12.715138,8.039879
val,M,12.73575,5.8145123
val,M,12.691305,5.4854803
val,M,12.338278,5.557619
val,M,11.614611,6.0235977
val,M,10.513945,5.891801
val,M,9.133014,4.9587955
val,M,7.8049445,5.1401978
val,M,6.757639,4.9381323
val,M,6.2150416,5.0103626
val,M,6.453889,5.139538
val,M,7.304639,4.959626
val,M,8.564806,4.9853163
val,M,9.959778,5.2343225
val,M,11.050167,5.9252443
val,M,11.71875,6.929178
val,M,12.000112,6.546598
val,M,12.071806,5.740364
val,M,12.237833,5.799967
val,M,12.9007225,5.4312572
val,M,13.884375,5.66716
val,M,14.6055,5.971654
val,M,14.887875,5.9568405
val,M,14.834833,5.07885
val,M,14.856736,5.8730135
val,M,14.96175,5.3033934
val,M,15.109,5.520813
val,M,15.414361,5.305867
val,M,15.795278,5.204638
val,M,16.121166,5.664878
val,M,16.187195,5.9975624
val,M,16.209625,6.267021
val,M,16.267597,6.378503
val,M,16.305222,6.081913
val,M,16.528097,5.351796
val,M,16.959959,5.3317533
val,M,17.325514,5.4418683
val,M,17.467348,5.2146387
val,M,17.482931,5.050424
val,M,17.473846,4.8953805
val,M,17.468027,5.787113
val,M,17.456903,6.222391
val,M,17.387403,3.247793
val,M,17.230541,3.3476646
val,M,17.161152,3.0792725
val,M,17.230888,5.7033052
val,M,17.106056,7.541377
val,M,16.524542,5.7756596
val,M,15.646569,5.6263576
val,M,14.635625,5.599221
val,M,13.52225,5.509017
val,M,12.326403,6.524912
val,M,11.104847,5.5399704
val,M,9.915472,5.3475313
val,M,8.699778,5.862001
val,M,7.63775,5.1062565
val,M,6.6166945,5.218633
val,M,5.885208,5.4820194
val,M,5.850264,5.3970284
val,M,6.3443613,4.995894
val,M,6.978,5.279275
val,M,7.249403,5.0789366
val,M,7.1690555,7.140124
val,M,7.159986,8.737552
val,M,7.3893332,5.771511
val,M,7.8178887,5.005425
val,M,8.347292,7.6212006
val,M,8.667389,7.8614244
val,M,8.844084,7.33825
val,M,9.1115,7.0343556
val,M,9.542486,5.9005756
val,M,10.075375,5.884432
val,M,10.718153,5.987898
val,M,11.417431,7.588353
val,M,11.841653,7.056083
val,M,11.985791,6.478039
val,M,11.98625,7.3407927
val,M,11.915694,6.9684744
val,M,11.902917,6.1946955
val,M,11.972167,6.3170843
val,M,12.146903,6.1661143
val,M,12.429375,5.8815627
val,M,12.615375,4.927261
val,M,12.658972,4.78983
val,M,12.605833,5.075268
val,M,12.475625,5.140753
val,M,12.213514,4.73789
val,M,11.785139,4.6163187
val,M,11.341194,4.1042647
val,M,10.900403,4.59595
val,M,10.281458,4.9713078
val,M,9.379125,5.1992073
val,M,8.185041,5.2970643
val,M,7.0351667,5.582878
val,M,6.2725973,5.3088512
val,M,6.0100694,5.9208765
val,M,6.3480277,5.6353765
val,M,6.860306,4.9242964
val,M,7.1842084,4.8583403
val,M,7.542778,6.1033654
val,M,8.047055,7.3167048
val,M,8.549889,7.0989666
val,M,8.794139,5.001103
val,M,8.729097,5.997224
val,M,8.627375,6.251384
val,M,8.644611,5.2081676
val,M,8.7236805,6.475911
val,M,8.67857,6.1973023
val,M,8.654667,5.9654713
val,M,9.143945,6.2251444
val,M,10.252236,8.105366
val,M,11.466181,6.821661
val,M,12.291041,5.376323
val,M,12.502736,6.412345
val,M,12.257139,6.6057863
val,M,11.938431,6.5728254
val,M,11.663597,6.1871414
val,M,11.417556,6.9126053
val,M,11.213847,6.153095
val,M,11.2636385,5.5029836
val,M,11.728986,6.1137114
val,M,12.284041,7.1955957
val,M,12.659028,7.634549
val,M,12.975486,6.3478374
val,M,13.3891115,5.3358936
val,M,13.916903,6.5172033
val,M,14.384152,6.185748
val,M,14.6165,7.551671
val,M,14.528861,5.4767637
val,M,14.232041,6.548497
val,M,13.745958,7.7762127
val,M,13.019931,6.2818727
val,M,12.540847,5.5324407
val,M,12.573764,6.9654536
val,M,13.025611,6.7988443
val,M,13.721264,6.451358
val,M,14.393194,5.820052
val,M,14.8619585,6.9063673
val,M,15.015625,6.9260945
val,M,15.114639,6.651036
val,M,15.234389,6.897147
val,M,15.158986,6.8421736
val,M,14.895194,6.584273
val,M,14.571111,7.0225477
val,M,14.327958,5.7242403
val,M,14.124125,6.8888674
val,M,13.89082,6.319643
val,M,13.785097,8.7924595
val,M,13.707778,9.220059
val,M,13.564986,6.9674006
val,M,13.542791,6.3357882
val,M,13.473708,6.205612
val,M,13.26057,6.3823347
val,M,13.0512085,8.26659
val,M,12.831083,8.241504
val,M,12.28457,7.223257
val,M,11.268,6.443157
val,M,9.800195,5.7245584
val,M,8.4123335,7.244494
val,M,7.443,6.9213986
val,M,6.399611,6.8050733
val,M,5.641972,6.610268
val,M,5.7129025,6.895073
val,M,6.5661387,6.435217
val,M,7.791042,6.5337944
val,M,8.98757,8.233229
val,M,9.935875,7.448233
val,M,10.366458,6.6058455
val,M,10.505222,6.523035
val,M,10.722986,5.7278433
val,M,10.866944,5.3470097
val,M,10.95825,6.382123
val,M,11.145847,7.4342875
val,M,11.365209,6.8005733
val,M,11.420819,5.533559
val,M,11.395403,5.392147
val,M,11.609847,5.913101
val,M,12.049681,6.879796
val,M,12.424528,8.0802555
val,M,12.612514,7.7003746
val,M,13.144459,7.570019
val,M,14.59332,6.7047806
val,M,16.67289,6.0648575
val,M,18.51782,6.558611
val,M,19.319,6.948174
val,M,18.905,6.1162558
val,M,17.608583,6.7474184
val,M,15.889833,8.948808
val,M,13.98268,6.618121
val,M,12.046445,7.0384636
val,M,10.77525,6.622905
val,M,10.648014,6.381316
val,M,11.547014,5.689267
val,M,13.271986,5.6634245
val,M,15.352986,5.3188715
val,M,16.988111,6.064514
val,M,17.796223,6.610975
val,M,18.11425,7.481068
val,M,18.283445,8.684073
val,M,17.640638,6.7927823
val,M,15.731431,7.9215
val,M,13.124945,6.531148
val,M,10.372694,5.7021513
val,M,8.407598,5.474904
val,M,8.026444,6.026653
val,M,9.203972,6.9067144
val,M,11.216639,7.21849
val,M,13.312056,6.7897663
val,M,15.199417,6.678688
val,M,16.664347,6.29683
val,M,17.805084,5.8207626
val,M,18.383667,6.0233507
val,M,18.344723,5.9420414
val,M,18.11618,6.861194
val,M,17.8645,6.3050704
val,M,17.510471,6.2798305
val,M,17.072624,6.5781984
val,M,16.7545,6.5783978
val,M,16.564611,7.0558815
val,M,16.411444,8.254476
val,M,16.530083,8.384042
val,M,17.005917,6.176898
val,M,17.577042,6.3179293
val,M,18.130875,5.953445
val,M,18.628819,8.0427065
val,M,19.067778,8.67831
val,M,19.49457,6.7665415
val,M,19.849485,7.0803366
val,M,20.152973,7.7794356
val,M,20.942486,6.6138983
val,M,22.215097,5.896324
val,M,23.423277,6.628352
val,M,23.219084,6.137537
val,M,18.30961,6.3081713
val,M,10.316361,6.205374
val,M,6.0251946,6.230258
val,M,6.5980554,7.373815
val,M,9.078667,6.491557
val,M,11.715875,6.1392336
val,M,13.93932,6.4362416
val,M,16.06046,6.0459995
val,M,17.975111,6.3854647
val,M,19.61632,7.505561
val,M,21.178305,7.3914537
val,M,22.668306,6.154351
val,M,22.521402,6.7536774
val,M,17.664486,6.311076
val,M,10.297597,5.986476
val,M,6.611514,5.9295344
val,M,7.092167,5.8982954
val,M,8.231389,5.8107576
val,M,8.157403,5.675259
val,M,7.091486,6.1952705
val,M,6.0053196,6.6144123
val,M,5.4912915,5.437937
val,M,6.1050835,6.529909
val,M,7.666611,7.233591
val,M,9.233152,6.5920243
val,M,11.022695,6.77166
val,M,13.49457,6.179351
val,M,15.818653,6.2913
val,M,17.73889,5.6070013
val,M,19.44182,6.632609
val,M,20.726723,7.0946903
val,M,21.1475,7.5338883
val,M,19.173084,6.877145
val,M,17.181194,6.223509
val,M,17.717709,6.0751653
val,M,19.15875,5.420519
val,M,20.455055,5.200898
val,M,21.656666,5.57448
val,M,22.274014,6.101201
val,M,19.773945,6.23273
val,M,15.761764,6.2235537
val,M,14.419389,6.1562557
val,M,14.604264,6.0836954
val,M,14.730778,6.042938
val,M,14.644222,5.949957
val,M,14.175583,5.889181
val,M,13.4725,5.6966467
val,M,12.562166,5.465785
val,M,12.351403,5.3653355
val,M,13.039708,5.371528
val,M,14.068167,5.3589807
val,M,15.093,5.2452946
val,M,15.868639,5.237095
val,M,16.634903,5.205119
val,M,17.729597,5.0782704
val,M,18.743,5.029594
val,M,19.067041,5.0407686
val,M,18.740875,4.9764924
val,M,16.874971,4.987858
val,M,13.371514,4.9668903
val,M,11.348139,4.9890537
val,M,11.978042,4.9466515
val,M,13.491806,4.9617453
val,M,15.028625,4.853511
val,M,16.408264,4.847603
val,M,17.30325,4.895665
val,M,17.891834,4.850719
val,M,18.557888,4.834841
val,M,19.312916,4.9250765
val,M,20.158194,4.946885
val,M,21.067291,4.898573
val,M,21.900597,4.8952947
val,M,22.331528,4.8748074
val,M,22.405987,4.8664975
val,M,21.335209,4.8317213
val,M,19.651709,4.8778934
val,M,19.409472,5.846377
val,M,20.294611,6.4668202
val,M,21.332695,6.520853
val,M,22.294403,6.676196
val,M,22.259293,6.3260365
val,M,18.737055,5.7560873
val,M,12.089292,5.444834
val,M,7.835486,5.7723393
val,M,7.4033613,6.0780406
val,M,7.992722,5.962105
val,M,8.609167,5.8384876
val,M,9.180959,5.9913454
val,M,9.559417,5.59371
val,M,9.684097,5.8919554
val,M,9.999291,6.1590295
val,M,10.449195,6.2413187
val,M,10.861861,6.187582
val,M,11.276347,5.632693
val,M,11.664278,6.515153
val,M,11.865583,8.151949
val,M,11.944639,7.524565
val,M,11.976084,5.9238977
val,M,11.938042,7.387314
val,M,11.759958,6.8372755
val,M,11.145097,5.9030733
val,M,10.163681,5.7727365
val,M,9.504431,7.911097
val,M,9.51775,7.3088264
val,M,10.033319,6.300987
val,M,10.856334,6.7032337
val,M,11.743597,7.2932873
val,M,12.5830555,7.602625
val,M,13.426639,8.04967
val,M,14.317875,6.8537035
val,M,15.17,6.3279285
val,M,16.013195,7.9395843
val,M,16.920652,8.167739
val,M,17.8905,7.508308
val,M,18.903084,7.2705574
val,M,19.669527,5.375869
val,M,20.339931,6.3653326
val,M,21.070375,6.5421925
val,M,21.61193,6.9279356
val,M,22.145,6.808235
val,M,22.795778,5.4844284
val,M,23.487028,6.6716027
val,M,24.049944,5.4655404
val,M,23.650152,5.36989
val,M,19.419834,5.6319017
val,M,12.505972,5.668412
val,M,8.981527,5.0920906
val,M,9.150181,4.99841
val,M,10.047055,4.929158
val,M,10.95725,4.87812
val,M,11.6675415,5.975396
val,M,12.180708,5.9149704
val,M,12.546348,5.1321716
val,M,12.900556,5.282587
val,M,13.384819,5.4723077
val,M,13.918014,5.2436066
val,M,14.358514,4.723007
val,M,14.6484165,5.1111345
val,M,14.680986,6.07835
val,M,14.176681,6.179714
val,M,13.337528,5.3315687
val,M,12.6855,4.7014465
val,M,12.263014,4.791635
val,M,11.764264,4.884287
val,M,11.394389,4.941499
val,M,11.28343,4.8676043
val,M,11.117028,5.069217
val,M,10.741806,5.987463
val,M,10.316347,6.3097024
val,M,10.318222,6.267551
val,M,10.779139,6.4525013
val,M,11.423944,5.717327
val,M,11.999291,5.171768
val,M,12.494348,5.0514507
val,M,13.032556,5.599046
val,M,13.436528,5.2950883
val,M,13.494069,5.525591
val,M,13.328486,5.2190967
val,M,13.187041,5.043556
val,M,13.046403,5.127857
val,M,12.591236,4.9045672
val,M,12.003902,4.848768
val,M,11.852486,4.8651543
val,M,12.324639,5.0371695
val,M,13.188569,5.0665455
val,M,14.071861,5.23713
val,M,14.988459,5.4364014
val,M,15.810458,5.124435
val,M,16.349041,5.4792633
val,M,16.711042,5.1347423
val,M,17.089209,4.922573
val,M,17.56975,5.400221
val,M,18.046083,4.867956
val,M,18.266987,4.8704786
val,M,18.18025,4.8743763
val,M,18.305292,4.9378858
val,M,18.586487,4.752369
val,M,18.831583,4.7218227
val,M,19.05975,4.87326
val,M,19.051819,4.945898
val,M,18.386457,4.969102
val,M,16.803375,4.9239945
val,M,14.559819,4.896158
val,M,12.252194,4.9564
val,M,9.884139,4.968096
val,M,7.1963334,4.930185
val,M,4.818847,4.888674
val,M,3.1925557,4.803168
val,M,2.0750833,4.807539
val,M,1.1251528,4.832438
val,M,0.37656945,4.831321
val,M,0.044152778,4.8697605
val,M,0.1898611,4.859929
val,M,0.67334723,4.8466024
val,M,1.1180416,4.833341
val,M,1.1055417,6.2794394
val,M,0.8045833,6.9158936
val,M,0.59348613,7.244771
val,M,0.9334861,6.041418
val,M,2.6682084,6.156528
val,M,5.168486,6.05019
val,M,7.337278,5.7668104
val,M,9.402903,5.6560254
val,M,11.558888,6.204825
val,M,13.712903,5.8618593
val,M,15.784416,5.8586164
val,M,17.62175,6.5897517
val,M,19.207695,5.6523476
val,M,20.681902,4.740601
val,M,22.170597,4.9015417
val,M,23.571598,5.5356646
val,M,24.773903,4.9020987
val,M,25.580458,5.1038475
val,M,22.8515,5.4985447
val,M,16.024153,5.050106
val,M,11.048403,4.8462896
val,M,9.969277,4.6941967
val,M,10.4331665,5.0664043
val,M,11.186375,5.2270613
val,M,11.699889,4.598479
val,M,12.11675,4.7579756
val,M,12.574236,4.8587546
val,M,13.060847,4.901637
val,M,14.186778,4.836894
val,M,16.17125,4.6549625
val,M,18.26968,4.6532326
val,M,19.792278,4.781103
val,M,19.592028,4.541614
val,M,15.977555,4.6265287
val,M,10.961319,4.7133017
val,M,8.70875,4.802714
val,M,8.533903,4.9069743
val,M,8.766889,4.874905
val,M,9.518375,4.767228
val,M,10.348139,4.695592
val,M,11.0471525,4.6020093
val,M,11.633111,5.3937187
val,M,12.206,5.8063593
val,M,12.883278,6.284672
val,M,13.459167,5.858846
val,M,13.83543,6.1525345
val,M,14.135167,6.3103623
val,M,14.488556,5.9165597
val,M,14.837028,5.1512365
val,M,15.197291,4.802842
val,M,15.559569,5.7628293
val,M,15.776667,5.4237337
val,M,15.818791,5.784667
val,M,15.759264,5.1459246
val,M,15.671361,5.1654925
val,M,15.574361,7.438765
val,M,15.782458,7.9033155
val,M,16.54693,6.791432
val,M,17.865236,5.074912
val,M,19.456097,4.823212
val,M,21.0755,4.8689904
val,M,22.668945,4.896289
val,M,23.621027,4.9319887
val,M,24.087957,5.0454564
val,M,23.739069,4.965253
val,M,19.381306,5.0001783
val,M,12.115528,5.0623765
val,M,8.320569,5.2454524
val,M,8.816653,5.434238
val,M,10.252694,5.3760796
val,M,11.562708,4.6903763
val,M,12.700556,4.6610427
val,M,13.483277,4.751114
val,M,13.725375,4.4296856
val,M,13.621722,4.5668507
val,M,13.502055,4.650816
val,M,13.535708,4.570297
val,M,13.763625,4.512129
val,M,14.132958,5.1880393
val,M,14.485014,6.153184
val,M,14.780236,5.882704
val,M,14.862541,6.0972605
val,M,14.201361,5.9457655
val,M,12.632972,5.0972195
val,M,10.545028,4.7854395
val,M,8.873528,4.6983523
val,M,8.514389,4.7969685
val,M,9.301014,4.673353
val,M,10.406597,4.710227
val,M,11.497361,5.335984
val,M,12.466403,5.3542233
val,M,13.279305,5.4449787
val,M,14.189931,4.513529
val,M,15.208972,6.0603237
val,M,16.276236,9.621322
val,M,17.292347,7.0671263
val,M,18.352861,6.549224
val,M,19.141834,6.2509727
val,M,19.166487,5.853876
val,M,17.385263,6.236336
val,M,11.5205,6.84573
val,M,3.8918056,7.134735
val,M,0.2745,5.7835064
val,M,0.019833334,5.9246993
val,M,0.009916667,6.3017054
val,M,0.008736111,6.743436
val,M,0.018708333,6.951555
val,M,0.39918056,6.440766
val,M,2.3195417,7.626606
val,M,4.9936666,7.6029973
val,M,7.097847,5.7879033
val,M,8.841375,7.0427756
val,M,10.0784445,7.3922625
val,M,10.834708,6.3229103
val,M,11.287209,7.6396904
val,M,11.562,8.924825
val,M,11.712209,6.316181
val,M,11.731431,6.4149084
val,M,11.683069,7.231737
val,M,11.675208,6.7800074
val,M,11.80425,6.4389324
val,M,12.0225,6.069421
val,M,12.181097,6.0202236
val,M,12.287458,6.823736
val,M,12.362972,7.028311
val,M,12.39925,5.9964476
val,M,12.412778,6.5402555
val,M,12.420834,7.8949504
val,M,12.424514,7.503601
val,M,12.395097,7.8766193
val,M,12.319861,7.958544
val,M,12.219889,8.128323
val,M,12.423347,7.4469423
val,M,13.134597,8.163648
val,M,13.910931,7.63583
val,M,14.521916,6.197869
val,M,15.10075,6.63763
val,M,15.857,6.8399916
val,M,17.159195,7.394679
val,M,18.716806,7.0308366
val,M,20.0215,5.609593
val,M,21.133444,6.3242645
val,M,22.075916,5.833869
val,M,20.849403,6.15289
val,M,14.819597,5.7431736
val,M,6.2393475,7.758532
val,M,1.0453612,8.320232
val,M,0.07605556,7.1543236
val,M,0.37808332,6.9949408
val,M,0.9266389,6.800454
val,M,1.7283472,6.731076
val,M,2.9669027,6.1083717
val,M,4.7223887,6.8764277
val,M,6.859875,5.424879
val,M,8.893042,5.259471
val,M,10.436167,6.080266
val,M,11.401736,6.911495
val,M,11.730333,7.1450167
val,M,11.50168,6.734443
val,M,10.933111,5.219984
val,M,10.4375,5.5386233
val,M,10.486195,5.9552975
val,M,10.894736,7.6375747
val,M,11.248806,7.696546
val,M,11.461403,7.8865275
val,M,11.702791,6.1571264
val,M,11.743667,6.569952
val,M,11.620833,6.6752043
val,M,11.558653,8.717628
val,M,11.643403,7.4447393
val,M,11.90582,7.8357067
val,M,12.019611,8.296435
val,M,12.077861,8.177064
val,M,12.293959,7.7750044
val,M,12.565291,7.685947
val,M,12.746708,5.6805124
val,M,12.827625,4.871191
val,M,12.845875,4.4464817
val,M,12.864,4.4403095
val,M,12.895528,4.3583345
val,M,12.906902,5.3851366
val,M,12.848181,6.198664
val,M,12.751722,6.1608434
val,M,12.728833,6.1543417
val,M,12.567778,6.0479784
val,M,11.959014,6.008118
val,M,11.543028,5.98104
val,M,11.827084,5.802709
val,M,12.295,5.6870394
val,M,12.672125,5.545046
val,M,12.870055,5.3392377
val,M,12.917167,5.214619
val,M,12.941778,5.281321
val,M,12.930722,5.104103
val,M,12.894139,5.077626
val,M,12.74125,5.059225
val,M,12.460305,4.932994
val,M,12.163652,4.9341717
val,M,11.872056,4.9793115
val,M,11.601347,4.905041
val,M,11.137362,4.856247
val,M,10.269903,5.2901955
val,M,9.492333,5.0815053
val,M,9.315889,4.85246
val,M,9.592792,5.9080544
val,M,9.979681,6.3459115
val,M,10.331639,6.5034537
val,M,10.5899725,6.30746
val,M,10.497569,6.5100584
val,M,9.644569,6.563711
val,M,8.164667,6.2542205
val,M,6.4251804,6.280959
val,M,4.523486,5.7812133
val,M,2.886486,5.728688
val,M,2.6282916,6.057616
val,M,3.572264,5.776226
val,M,4.091542,5.5662675
val,M,3.6913195,5.5480504
val,M,2.8400834,7.858284
val,M,2.621764,10.852511
val,M,3.8046668,5.5360084
val,M,5.482847,5.8030233
val,M,6.885875,6.1270213
val,M,7.988514,6.8041472
val,M,8.80625,7.300071
val,M,9.551764,6.1201
val,M,10.072986,6.5363884
val,M,10.294583,6.20312
val,M,10.431027,6.9776
val,M,10.56293,6.4579787
val,M,10.696458,6.675704
val,M,10.819667,6.3832874
val,M,10.919917,6.7798996
val,M,11.042319,6.1896873
val,M,11.167431,7.1031265
val,M,11.242028,6.558073
val,M,11.248347,6.702849
val,M,11.198277,6.590083
val,M,11.115111,6.229535
val,M,11.012417,6.820858
val,M,10.907528,6.1437187
val,M,10.7884865,6.579547
val,M,10.706639,6.4070606
val,M,10.715292,5.5581346
val,M,10.7583475,5.2609878
val,M,10.794375,5.834955
val,M,10.81875,5.920993
val,M,10.857513,5.450411
val,M,10.854236,5.5510063
val,M,10.87657,5.584341
val,M,10.988,5.69223
val,M,11.034333,6.8348885
val,M,10.983236,5.830349
val,M,10.848763,5.4264097
val,M,10.743486,5.544858
val,M,10.793653,6.2481523
val,M,11.059736,6.026373
val,M,11.443639,6.309841
val,M,11.599459,5.759631
val,M,11.558847,6.476885
val,M,11.556833,6.2468886
val,M,11.325403,6.40344
val,M,11.223458,6.6011553
val,M,11.332583,6.1009865
val,M,11.248834,6.4163437
val,M,11.207486,6.4639745
val,M,11.097097,6.1777515
val,M,10.930375,6.7388763
val,M,11.076777,7.583508
val,M,11.251764,7.8146005
val,M,11.01075,6.873422
val,M,10.596167,5.599148
val,M,10.296763,4.9070005
val,M,10.123694,4.952308
val,M,10.117486,5.0968366
val,M,10.257444,5.208639
val,M,10.394709,5.272149
val,M,10.508639,5.320533
val,M,10.665653,5.2662334
val,M,10.843958,5.114275
val,M,10.9805,5.0763345
val,M,10.90625,5.0191154
val,M,10.31257,4.941415
val,M,9.392736,4.922774
val,M,8.797277,4.8654943
val,M,8.690014,4.920509
val,M,8.8573475,4.8844156
val,M,9.140458,4.834855
val,M,9.187056,4.807005
val,M,9.0836525,4.7949038
val,M,9.144555,4.786071
val,M,9.012042,4.760264
val,M,8.250195,4.7770576
val,M,7.5740557,4.7956347
val,M,7.6276526,4.889391
val,M,7.585639,6.559133
val,M,6.7378054,6.726876
val,M,5.34725,5.7489448
val,M,3.8657777,6.1954045
val,M,2.4410417,5.663817
val,M,1.0668056,5.225877
val,M,0.19959722,5.369135
val,M,0.0155,5.2095175
val,M,0.015027778,5.5334554
val,M,0.014472222,5.985724
val,M,0.013180556,6.2223997
val,M,0.015152778,6.6015005
val,M,0.0144305555,6.2288046
val,M,0.009972222,7.1814294
val,M,0.010347222,7.237665
val,M,0.012083333,7.8515415
val,M,0.012,6.207475
val,M,0.013555556,6.4323006
val,M,0.015763888,7.171363
val,M,0.014347223,7.1647677
val,M,0.013083333,6.774418
val,M,0.014847222,7.730872
val,M,0.015694445,7.250018
val,M,0.012,7.568302
val,M,0.008444444,8.419147
val,M,0.010430556,8.549601
val,M,0.010847222,8.945789
val,M,0.011444445,8.955933
val,M,0.011944445,6.804723
val,M,0.011375,5.742132
val,M,0.010819444,6.732168
val,M,0.010861111,7.540148
val,M,0.011944445,6.68293
val,M,0.013361111,6.054217
val,M,0.014277778,5.1576166
val,M,0.012,5.740076
val,M,0.012097222,5.479566
val,M,0.014375,8.006955
val,M,0.015194444,9.104031
val,M,0.014819444,8.114292
val,M,0.011763889,7.6746664
val,M,0.010458333,6.4461894
val,M,0.011013889,4.845065
val,M,0.010805556,12.546472
val,M,0.012847222,15.498916
val,M,0.011791667,6.8074055
val,M,0.009652778,6.0867357
val,M,0.011763889,6.8051724
val,M,0.0119027775,7.7517123
val,M,0.009013888,7.684476
val,M,0.010208333,7.4148498
val,M,0.012305556,8.236443
val,M,0.012152778,8.248903
val,M,0.012027778,7.620522
val,M,0.011430556,5.7337
val,M,0.012,6.196455
val,M,0.012402778,8.610112
val,M,0.011555555,7.8427334
val,M,0.010458333,6.397567
val,M,0.010263889,5.896988
val,M,0.013666667,7.4008245
val,M,0.013861111,7.584383
val,M,0.0137083335,6.167206
val,M,0.012527778,5.7859635
val,M,0.011180555,6.1695185
val,M,0.010069445,6.6842246
val,M,0.0077222222,7.3378544
val,M,0.009458333,7.1519637
val,M,0.012569444,5.64834
val,M,0.0113194445,5.1374207
val,M,0.009652778,4.9414883
val,M,0.014972222,5.229885
val,M,0.016069444,6.0199776
val,M,0.011125,5.8024745
val,M,0.008833333,5.421834
val,M,0.009861111,5.1594763
val,M,0.011347222,5.1902876
val,M,0.015583334,4.2596874
val,M,0.028458333,5.0372353
val,M,0.11677778,4.949992
val,M,0.101902775,5.556057
val,M,0.010194444,5.7032647
val,M,0.011625,6.6553807
val,M,0.011541666,7.844838
val,M,0.012305556,8.710855
val,M,0.009861111,6.3113627
val,M,0.0076666665,6.465949
val,M,0.011597223,8.152527
val,M,0.012194444,17.93351
val,M,0.008847223,15.31944
val,M,0.008652777,11.671609
val,M,0.0105,8.303703
val,M,0.016069444,16.016687
val,M,0.015986111,11.986055
val,M,0.016930556,9.85926
val,M,0.016347222,8.914878
val,M,0.015902778,11.909275
val,M,0.0165,12.699246
val,M,0.0105,7.365608
val,M,0.008277778,5.7460732
val,M,0.008111111,5.0691853
val,M,0.011194444,4.8679247
val,M,0.016652778,4.920917
val,M,0.015180555,5.5132527
val,M,0.010930556,5.487031
val,M,0.009777778,4.8179264
val,M,0.009847222,2.7727504
val,M,0.012569444,2.1966524
val,M,0.013805555,2.4657183
val,M,0.013916667,2.632272
val,M,0.013444444,2.7363951
val,M,0.0119027775,2.551324
val,M,0.011055555,2.4769626
val,M,0.014416667,2.3989363
val,M,0.013027778,2.1451013
val,M,0.009611111,2.635546
val,M,0.010708333,4.281696
val,M,0.008930556,4.2175307
val,M,0.011625,3.9784684
val,M,0.014541667,2.9473388
val,M,0.012166667,1.8991458
val,M,0.010972222,3.1861942
val,M,0.013402778,12.336388
val,M,0.012722222,4.0074806
val,M,0.009930556,4.317347
val,M,0.010819444,6.225446
val,M,0.011597223,8.366156
val,M,0.011736111,8.840932
val,M,0.011166667,8.021066
val,M,0.008986111,7.9611692
val,M,0.034319445,7.492959
val,M,0.041444443,6.597972
val,M,0.051152777,6.3724585
val,M,0.33938888,7.138441
val,M,1.2380694,6.051565
val,M,2.6830833,5.3667197
val,M,4.276,4.4626846
val,M,5.8887916,3.2450695
val,M,6.90075,2.7657766
val,M,6.9468193,2.6632206
val,M,6.3334584,2.4343305
val,M,5.4825,3.0131934
val,M,4.6190834,2.8651516
val,M,3.8669305,2.75633
val,M,3.6826806,2.5353882
val,M,3.7598472,3.9402232
val,M,4.1911387,8.895434
val,M,5.2915277,10.442304
val,M,6.500736,5.9475317
val,M,7.1683474,5.624095
val,M,7.7435417,5.4341784
val,M,8.749111,5.697067
val,M,9.907598,6.1806545
val,M,11.1135,5.984417
val,M,12.227375,6.427663
val,M,12.781292,6.386938
val,M,12.461917,6.8890724
val,M,11.3694725,6.84403
val,M,9.810597,5.473604
val,M,8.352,5.5969324
val,M,7.209111,5.134007
val,M,6.4177084,5.4315157
val,M,6.3333054,7.9812107
val,M,7.0693192,8.189447
val,M,8.416278,5.483852
val,M,10.079458,4.8489237
val,M,11.694375,5.092611
val,M,12.869236,5.464837
val,M,13.418959,7.5836153
val,M,13.586416,9.346534
val,M,13.659166,9.02279
val,M,13.721791,7.1394835
val,M,13.788986,7.6993628
val,M,13.854792,7.7813854
val,M,13.934986,7.810665
val,M,14.020889,8.750028
val,M,14.114458,8.583
val,M,14.190792,8.383997
val,M,14.213889,6.4822073
val,M,14.228958,6.79231
val,M,14.219778,7.3095465
val,M,14.233986,8.548228
val,M,14.358514,5.7387834
val,M,14.5425,5.681938
val,M,14.745028,6.3398848
val,M,14.92543,8.669632
val,M,14.854917,9.031934
val,M,14.286166,6.8418264
val,M,13.2225,6.8119454
val,M,12.189458,7.2128124
val,M,11.576653,8.250673
val,M,11.397125,8.297689
val,M,11.424736,8.159974
val,M,11.265361,8.252075
val,M,10.750861,7.8973293
val,M,9.854709,9.150884
val,M,8.883555,8.383528
val,M,8.376416,4.99154
val,M,8.366528,4.852925
val,M,8.122084,4.63833
val,M,7.109125,4.6396832
val,M,5.7390556,4.681939
val,M,4.4643054,4.620305
val,M,3.249,4.648184
val,M,2.3164723,4.6371
val,M,1.5674722,4.6548905
val,M,1.0972639,4.6512456
val,M,1.8867639,4.5034146
val,M,3.4847777,4.4539313
val,M,5.0348196,4.430132
val,M,6.2852917,4.4252305
val,M,6.9285555,4.353397
val,M,7.2728195,4.3765717
val,M,7.771514,4.362274
val,M,8.525945,4.3870068
val,M,9.14575,4.353655
val,M,9.4215,4.2936625
val,M,9.640805,4.306244
val,M,9.869597,4.2854548
val,M,9.735791,4.27936
val,M,8.825097,4.284029
val,M,7.507125,4.272099
val,M,6.2291527,4.268122
val,M,5.3299723,4.2404637
val,M,4.1760974,4.3694425
val,M,4.2265415,5.72602
val,M,5.992597,5.69005
val,M,7.3816667,5.6913204
val,M,8.3565,6.096397
val,M,8.886681,6.687211
val,M,9.022653,6.5962486
val,M,9.059569,6.3004208
val,M,9.148848,5.4028325
val,M,9.277805,5.794824
val,M,9.382417,6.144953
val,M,9.443833,5.4253883
val,M,9.512736,5.963003
val,M,9.582209,6.230077
val,M,9.695431,6.8279715
val,M,9.943264,7.2111044
val,M,10.35782,5.749418
val,M,10.674222,5.2056313
val,M,10.664903,5.1116676
val,M,10.471861,5.086244
val,M,10.262042,5.681061
val,M,10.115152,6.767868
val,M,9.924528,7.9599724
val,M,9.565403,5.548957
val,M,8.779778,5.616358
val,M,7.570653,6.587138
val,M,6.304403,5.9294586
val,M,5.531194,5.466119
val,M,5.660875,6.7272205
val,M,6.279667,6.57884
val,M,6.7908335,5.6921625
val,M,6.8274307,6.262391
val,M,6.704639,6.546362
val,M,7.079528,6.545736
val,M,7.8009167,7.1319766
val,M,8.216125,8.777299
val,M,8.243611,6.1170416
val,M,7.9966946,4.905117
val,M,7.505139,5.574069
val,M,7.072889,8.50229
val,M,7.2013474,8.137612
val,M,7.7142224,8.241553
val,M,7.86625,6.58914
val,M,7.7820554,5.586128
val,M,7.8610554,5.5847816
val,M,8.020319,7.033821
val,M,8.184611,7.4387155
val,M,8.356569,8.225316
val,M,8.408125,10.429608
val,M,8.404625,6.5068073
val,M,8.316916,6.106454
val,M,8.48818,5.865325
val,M,9.0969305,6.1524515
val,M,9.79668,5.412182
val,M,10.565375,7.4747343
val,M,11.100528,9.846713
val,M,11.051583,10.416321
val,M,10.635639,9.006196
val,M,10.172305,7.9004803
val,M,9.822945,10.078722
val,M,9.848014,10.387607
val,M,10.163917,11.091388
val,M,10.53982,8.766349
val,M,10.790833,6.061331
val,M,10.740278,6.854205
val,M,10.49643,7.01956
val,M,10.096014,6.568945
val,M,9.249153,5.6402326
val,M,8.273431,5.543722
val,M,8.033264,8.505226
val,M,8.435431,8.109858
val,M,8.954597,7.0550795
val,M,9.389444,6.949849
val,M,9.63332,8.057417
val,M,9.466778,8.236922
val,M,8.607611,7.5526195
val,M,7.7093472,7.6169934
val,M,7.655028,6.0955486
val,M,8.247486,6.754999
val,M,8.90275,7.2204046
val,M,9.333667,6.584155
val,M,9.294042,5.942164
val,M,8.741333,6.761798
val,M,7.949861,7.2029943
val,M,7.2665,6.939128
val,M,7.221236,6.607338
val,M,8.022737,6.805204
val,M,9.129514,5.172962
val,M,9.868347,5.2651834
val,M,9.969194,5.6409597
val,M,9.30425,5.9110546
val,M,8.108111,5.884906
val,M,7.1642222,5.763441
val,M,6.7119308,5.760855
val,M,6.283931,5.740425
val,M,5.731403,5.6825757
val,M,4.820542,5.6915407
val,M,3.784486,5.474425
val,M,3.4703333,5.416116
val,M,4.2327085,5.352577
val,M,5.763417,5.2754035
val,M,7.5448613,5.167449
val,M,9.12307,5.0475883
val,M,10.07525,5.0648375
val,M,10.29675,5.6734667
val,M,10.12725,7.5260625
val,M,9.946736,6.302357
val,M,9.760555,5.343179
val,M,9.545834,5.7213483
val,M,9.3347225,6.1979904
val,M,9.298195,6.1268334
val,M,9.474042,5.4103365
val,M,9.716917,4.760024
val,M,9.986709,5.320776
val,M,10.162194,5.056078
val,M,10.1265,4.9276943
val,M,10.041056,5.6826744
val,M,9.781347,6.5942736
val,M,8.834431,5.873576
val,M,7.8528333,7.2192297
val,M,7.756292,6.5801826
val,M,8.381042,8.306705
val,M,9.083208,7.8350687
val,M,9.115042,7.876751
val,M,8.616777,7.928776
val,M,8.323722,8.815212
val,M,8.490069,7.882307
val,M,9.246098,7.9044704
val,M,10.42743,8.118352
val,M,11.428375,10.716672
val,M,12.008041,10.187799
val,M,12.30418,7.3541446
val,M,12.273375,7.803693
val,M,12.080791,6.185294
val,M,12.209042,6.429801
val,M,12.508972,6.927228
val,M,12.493875,7.534487
val,M,12.259,7.409367
val,M,12.051347,7.7799473
val,M,11.872347,11.368125
val,M,11.88882,21.044899
val,M,12.066139,17.55321
val,M,12.249986,10.572479
val,M,12.481375,11.738528
val,M,12.668472,10.395404
val,M,12.297681,7.45319
val,M,11.558611,6.798629
val,M,11.401958,6.579341
val,M,11.904375,8.579727
val,M,12.514319,7.099745
val,M,12.892625,7.20148
val,M,13.048125,7.4975114
val,M,13.075319,7.362778
val,M,13.014153,8.542456
val,M,12.869348,7.678444
val,M,12.698542,9.031342
val,M,12.552237,7.9898186
val,M,12.414153,7.289444
val,M,12.330319,7.0282536
val,M,12.261084,7.3817587
val,M,12.133764,6.633713
val,M,12.104042,7.9108486
val,M,12.024764,8.124022
val,M,11.86782,7.111433
val,M,11.779445,6.5185275
val,M,11.69143,5.7620063
val,M,11.666597,5.319436
val,M,11.755555,5.781051
val,M,11.935778,5.5588217
val,M,12.172667,6.8906946
val,M,12.462681,6.9878836
val,M,12.916153,7.410132
val,M,13.455791,6.867938
val,M,13.747014,7.9741716
val,M,13.861042,6.8383093
val,M,13.972083,7.198864
val,M,14.044625,7.5682797
val,M,14.05125,8.055372
val,M,14.071736,6.88972
val,M,14.170111,7.6915994
val,M,14.299111,7.862553
val,M,14.353444,8.234989
val,M,14.337958,7.104222
val,M,14.317889,7.2990246
val,M,14.135292,8.35294
val,M,13.570625,9.867627
val,M,12.920417,10.180415
val,M,12.646264,7.1134195
val,M,12.731417,7.967399
val,M,12.825958,7.4123936
val,M,12.697166,7.2516084
val,M,12.296291,7.678915
val,M,11.487722,9.516297
val,M,10.335139,7.327078
val,M,9.008764,7.018575
val,M,7.6361804,8.351812
val,M,6.178361,7.520627
val,M,4.641972,7.939401
val,M,3.0624166,7.903194
val,M,1.7090417,7.301632
val,M,0.93780553,6.8971996
val,M,0.40495834,7.2645144
val,M,0.06575,6.8993483
val,M,0.016777778,7.085517
val,M,0.014486111,7.746254
val,M,0.015513889,7.479493
val,M,0.3214028,7.4528604
val,M,1.8005,6.0366936
val,M,4.5201526,7.0230126
val,M,7.5354443,6.7189393
val,M,10.373097,5.5053673
val,M,12.482986,5.277622
val,M,13.202278,5.795786
val,M,13.043167,7.240141
val,M,12.658042,8.123625
val,M,12.1545,8.619724
val,M,11.826736,7.1229477
val,M,11.777555,8.116148
val,M,11.882153,8.736558
val,M,12.062528,7.2848177
val,M,12.264139,7.253427
val,M,12.487611,5.9427233
val,M,12.696208,5.679058
val,M,12.582431,7.9195757
val,M,12.019514,7.4255066
val,M,11.291083,7.308735
val,M,10.517555,6.1298027
val,M,9.892597,6.8297586
val,M,9.553264,6.678465
val,M,8.988931,7.667185
val,M,7.8755555,6.2664375
val,M,6.5272083,5.7403784
val,M,5.3364167,5.445179
val,M,4.7618055,5.653164
val,M,4.6883054,5.5611343
val,M,4.6473613,5.3215084
val,M,4.5757637,8.117419
val,M,4.2579026,11.571609
val,M,3.405639,13.449836
val,M,2.777639,7.4658613
val,M,2.8284721,7.102829
val,M,3.3189027,7.6775146
val,M,4.2821946,10.969871
val,M,5.420361,11.243802
val,M,6.5190835,7.372652
val,M,7.2562084,9.591519
val,M,7.832625,12.85357
val,M,8.594264,12.920573
val,M,9.100194,12.074968
val,M,9.275639,5.985484
val,M,9.43325,5.7148542
val,M,9.6617365,6.891918
val,M,9.859792,10.14943
val,M,10.11175,15.442929
val,M,10.493931,7.7097864
val,M,10.825486,12.949507
val,M,10.805361,10.707267
val,M,10.464319,8.61444
val,M,10.007709,12.864799
val,M,9.55825,6.680544
val,M,9.292514,6.1304903
val,M,9.380806,10.990224
val,M,9.731236,8.528223
val,M,10.001014,8.02541
val,M,10.012305,13.287337
val,M,9.815028,6.869079
val,M,9.632903,5.897893
val,M,9.487278,6.496814
val,M,9.3504305,7.4550943
val,M,9.200791,11.962723
val,M,8.98782,9.236682
val,M,8.666306,6.9680114
val,M,8.284695,7.2411833
val,M,7.901014,6.644463
val,M,7.534639,6.968316
val,M,7.138764,6.455918
val,M,6.518847,6.838212
val,M,5.6324863,7.416462
val,M,4.595389,5.6610627
val,M,3.5172918,5.678211
val,M,2.5802083,5.9400845
val,M,1.7834584,6.79582
val,M,0.8011389,6.430167
val,M,0.115430556,6.0540485
val,M,0.013472222,6.1674995
val,M,0.013375,5.6251035
val,M,0.041125,5.4893885
val,M,0.22708334,5.053912
val,M,0.53184724,5.3099136
val,M,0.7586389,5.2979345
val,M,0.8238056,5.799717
val,M,0.8702639,6.3526907
val,M,0.85084724,6.030276
val,M,0.50363886,5.035993
val,M,0.12568055,3.4683826
val,M,0.041055556,4.6893005
val,M,0.216,13.046628
val,M,0.7919722,17.152412
val,M,1.9872084,7.911007
val,M,3.5033195,10.07034
val,M,5.273958,8.087585
val,M,6.8814445,6.5652227
val,M,7.467583,4.476417
val,M,7.385514,9.441045
val,M,7.1916943,8.666103
val,M,6.9366665,6.66852
val,M,6.6778193,6.7435665
val,M,6.3369308,5.7598944
val,M,5.485597,5.6541204
val,M,4.2019444,3.7159147
val,M,2.9080138,1.9410284
val,M,1.6403055,2.0304935
val,M,0.57994443,2.355715
val,M,0.11044444,2.6464603
val,M,0.054555554,2.7750685
val,M,0.030111112,2.7083251
val,M,0.25809723,2.5304334
val,M,1.6318195,2.4555035
val,M,3.5589027,2.1430013
val,M,5.131986,1.973975
val,M,6.6303334,1.8377318
val,M,7.5471945,1.6929846
val,M,7.808611,1.673347
val,M,8.320306,1.5816479
val,M,9.140917,1.5502906
val,M,9.080625,1.439862
val,M,8.283334,1.2385153
val,M,7.6147776,1.5799428
val,M,7.2247224,3.696098
val,M,7.0223193,4.171793
val,M,6.5891805,3.7258523
val,M,6.703722,4.1223955
val,M,7.4295,6.071949
val,M,8.02618,5.4746504
val,M,8.445541,3.89267
val,M,8.589167,15.600585
val,M,8.757611,13.680385
val,M,8.953153,13.991748
val,M,8.905945,13.792262
val,M,8.766861,8.797566
val,M,8.550597,8.670554
val,M,8.133792,17.832026
val,M,7.390847,8.897774
val,M,6.268639,7.5478673
val,M,5.042153,7.4385905
val,M,3.5916667,5.0656204
val,M,1.9415555,5.958687
val,M,0.60475,7.138979
val,M,0.047916666,8.7796
val,M,0.013847223,7.827579
val,M,0.029986111,7.0244007
val,M,0.21495834,6.5337706
val,M,0.82505554,7.1424723
val,M,2.2783473,7.1224427
val,M,4.1325974,7.4261665
val,M,5.773153,7.7914114
val,M,7.4520555,6.9897795
val,M,8.59543,6.731379
val,M,8.876041,6.3712473
val,M,8.431361,8.067075
val,M,7.1408057,7.2280064
val,M,5.5266943,7.2949057
val,M,4.4351807,8.162848
val,M,3.924236,10.899104
val,M,2.9564166,8.610642
val,M,1.7966111,8.427083
val,M,2.294889,7.7347946
val,M,4.2833195,7.794234
val,M,6.4957085,5.9427958
val,M,8.655181,5.252033
val,M,9.854222,9.561128
val,M,10.045639,9.217406
val,M,9.813778,6.840609
val,M,9.0575695,6.2341375
val,M,8.111264,6.1973352
val,M,7.5919585,5.9693446
val,M,7.6825557,5.601845
val,M,8.188723,6.1771336
val,M,8.770958,5.7486687
val,M,9.144237,5.6543584
val,M,9.315431,6.0899086
val,M,9.366777,5.8747873
val,M,9.487181,5.5820723
val,M,9.593041,5.9311786
val,M,9.677931,6.366032
val,M,10.054472,7.1286936
val,M,10.02257,6.0144715
val,M,9.650903,5.8567305
val,M,9.520625,5.1950216
val,M,9.280694,5.9620123
val,M,8.918041,6.4700317
val,M,8.499111,6.4819355
val,M,8.13907,5.6960187
val,M,7.8474307,5.5669155
val,M,7.3212223,5.550934
val,M,7.034042,7.129346
val,M,7.849653,7.149068
val,M,9.115723,7.531353
val,M,9.860833,7.4796615
val,M,10.24993,6.6407375
val,M,10.573527,6.785372
val,M,10.550834,7.741542
val,M,10.592305,7.210339
val,M,10.898861,6.4943933
val,M,11.0610695,8.649461
val,M,11.1657915,7.632474
val,M,11.291236,5.622719
val,M,11.414181,6.756904
val,M,11.474527,6.570298
val,M,11.494792,8.38419
val,M,11.4274025,7.9406366
val,M,10.629708,7.3912544
val,M,9.063444,7.70609
val,M,7.872625,7.5860767
val,M,7.668667,7.593739
val,M,8.156292,6.5852427
val,M,8.864472,5.599224
val,M,9.231569,5.681211
val,M,9.276694,5.7591476
val,M,9.332848,5.8329287
val,M,9.469417,5.8884454
val,M,9.700694,5.911416
val,M,9.737486,5.7048025
val,M,9.2334585,5.631096
val,M,7.9844165,6.419787
val,M,6.54175,6.909314
val,M,5.8619447,6.2994995
val,M,6.167611,6.322084
val,M,7.021389,6.7279553
val,M,7.9920416,7.1751266
val,M,8.490681,7.410017
val,M,7.9784026,7.3450575
val,M,6.7734027,7.124857
val,M,5.6160417,8.281916
val,M,5.062389,7.7826138
val,M,5.093264,6.387497
val,M,5.344097,8.313839
val,M,5.0832915,7.133609
val,M,4.2896943,7.059407
val,M,3.3862362,7.6225777
val,M,2.640889,7.360483
val,M,1.6980833,5.8015966
val,M,0.51027775,5.417335
val,M,0.113916665,5.326814
val,M,0.484375,4.943711
val,M,1.0329167,6.31613
val,M,1.1214583,6.8080716
val,M,0.9480139,5.92513
val,M,1.0282639,6.0082583
val,M,0.89695835,5.7022486
val,M,0.48481944,5.7672176
val,M,0.38825,5.6447916
val,M,1.0220555,4.6580334
val,M,2.3593612,6.418086
val,M,3.9508333,5.7227273
val,M,5.405097,5.1557474
val,M,6.1418195,5.5158124
val,M,5.927514,5.531454
val,M,4.7830973,5.129382
val,M,3.1042082,4.9717054
val,M,2.6360278,6.9597483
val,M,3.73975,6.308182
val,M,5.338125,4.755014
val,M,6.72675,6.1934996
val,M,7.350111,6.1625304
val,M,7.2455,7.6652946
val,M,6.8116946,7.418927
val,M,6.6837363,5.7727165
val,M,7.515861,5.3328648
val,M,8.770111,4.9148436
val,M,9.546278,5.3012915
val,M,9.787264,5.0857697
val,M,9.627402,5.963882
val,M,9.323514,5.217286
val,M,9.024611,5.9054728
val,M,8.68907,9.428074
val,M,8.231653,6.860878
val,M,7.714028,6.3257456
val,M,7.190597,6.4651947
val,M,6.2901807,5.604222
val,M,5.1363053,5.530162
val,M,4.7109723,5.6084204
val,M,5.3870974,6.096968
val,M,6.664764,5.085532
val,M,7.9928193,6.1563
val,M,9.137527,5.566345
val,M,9.940917,5.04644
val,M,10.317153,5.071665
val,M,10.409695,6.9726744
val,M,10.393653,6.4096985
val,M,10.403055,5.2654905
val,M,10.358778,4.708043
val,M,10.216917,5.7369432
val,M,9.634181,5.8162327
val,M,8.500195,5.3757606
val,M,7.536014,4.77145
val,M,7.456208,5.384408
val,M,8.261333,5.3245487
val,M,9.206737,5.3454676
val,M,9.582431,4.9422336
val,M,9.4713335,4.9497776
val,M,9.193916,4.6329517
val,M,8.93207,4.834366
val,M,8.674264,9.888083
val,M,8.287236,13.424497
val,M,8.505153,8.911309
val,M,9.508695,7.857727
val,M,10.136541,9.319282
val,M,10.0541115,7.654397
val,M,9.76525,6.163316
val,M,9.435139,7.7007866
val,M,8.996737,6.251026
val,M,8.216319,5.978534
val,M,7.027972,5.495565
val,M,5.6439443,5.46437
val,M,4.300597,7.081413
val,M,3.7277915,8.083079
val,M,4.424875,6.2661343
val,M,5.8039026,6.5124054
val,M,7.206861,5.2051506
val,M,8.345195,6.2470455
val,M,8.944861,6.4046
val,M,9.124792,6.057808
val,M,9.133306,5.222338
val,M,8.833625,6.4022965
val,M,8.2010975,5.9728427
val,M,7.8537083,5.7017827
val,M,8.204445,6.156312
val,M,8.506028,6.112379
val,M,8.500847,5.8336453
val,M,8.415208,5.6607494
val,M,8.306,6.1672916
val,M,8.154847,6.168839
val,M,7.956986,5.8088465
val,M,7.845736,6.5767756
val,M,7.912778,7.1518936
val,M,8.576125,6.0668316
val,M,9.217153,7.0723925
val,M,9.729875,6.227399
val,M,10.286111,7.3559203
val,M,10.124972,5.911577
val,M,9.296,5.4204073
val,M,8.221097,6.4716043
val,M,7.5154305,6.641309
val,M,7.6673474,5.8893633
val,M,8.587042,7.173792
val,M,9.326083,6.5942245
val,M,9.371639,6.0437336
val,M,9.219542,5.7053432
val,M,9.004986,5.595633
val,M,8.756236,6.4572325
val,M,8.538931,6.065921
val,M,8.21168,5.3274994
val,M,7.439125,5.538288
val,M,6.104111,5.3666296
val,M,4.369236,5.1785903
val,M,2.434111,6.7751827
val,M,1.2661945,5.765149
val,M,1.686375,5.196341
val,M,3.0836945,5.8112383
val,M,4.5548887,5.3563404
val,M,6.006528,4.919814
val,M,7.345083,5.069835
val,M,8.212277,5.267851
val,M,8.602986,5.23283
val,M,8.73943,5.3589396
val,M,8.721389,5.5542746
val,M,8.495708,6.0705633
val,M,7.962111,5.7701797
val,M,6.8291388,5.4969826
val,M,5.045236,5.314879
val,M,2.9516807,5.3031464
val,M,1.049625,5.685676
val,M,0.11844444,5.778625
val,M,0.0109583335,5.731099
val,M,0.010291667,5.416482
val,M,0.011222222,5.9246264
val,M,0.013416667,5.3523226
val,M,0.029027779,5.5197296
val,M,0.0365,5.4202147
val,M,0.0195,5.7890267
val,M,0.031055555,6.912541
val,M,0.582,6.8339615
val,M,1.9629444,7.302929
val,M,3.6456528,6.753399
val,M,5.4426947,6.1652427
val,M,7.2126527,5.6450233
val,M,8.632431,5.966715
val,M,9.769819,6.5318785
val,M,10.5055,5.944021
val,M,10.814959,5.3370256
val,M,10.926056,5.03442
val,M,10.824653,5.0923214
val,M,10.628764,5.155812
val,M,10.422222,6.6589174
val,M,10.162514,6.8674903
val,M,10.068806,6.8925915
val,M,9.948,7.5886564
val,M,9.976042,7.5410457
val,M,10.215847,7.704353
val,M,10.299139,8.0795355
val,M,10.377222,7.975311
val,M,10.46218,7.2559557
val,M,10.528694,6.1570945
val,M,10.571764,5.8321333
val,M,10.527,5.336034
val,M,10.251375,4.9781938
val,M,9.486625,6.1999435
val,M,8.313292,4.8554177
val,M,7.052375,5.520925
val,M,5.706903,4.946349
val,M,4.2505417,4.6652746
val,M,2.7518473,7.6776075
val,M,1.4342917,5.2289424
val,M,0.46320835,8.219489
val,M,0.036944445,6.2904463
val,M,0.015833333,6.240246
val,M,0.01525,8.356217
val,M,0.013944444,7.7687354
val,M,0.013680556,5.4694014
val,M,0.01775,6.505613
val,M,0.017652778,5.7107196
val,M,0.016180556,5.595031
val,M,0.017166667,6.1087337
val,M,0.037875,5.6137266
val,M,0.069569446,6.3389935
val,M,0.07429167,6.591083
val,M,0.04170833,5.7078342
val,M,0.015097222,4.920617
val,M,0.015555556,4.5549426
val,M,0.01575,5.0032125
val,M,0.024888888,10.668237
val,M,0.027097221,6.237073
val,M,0.017416667,3.595158
val,M,0.015208334,4.0072966
val,M,0.013847223,4.842378
val,M,0.014111111,5.219138
val,M,0.017527778,6.6811643
val,M,0.2820139,16.814098
val,M,1.6329445,12.713812
val,M,3.6394305,5.5049553
val,M,5.116125,5.7127104
val,M,5.825611,5.44658
val,M,6.4090834,5.310801
val,M,7.385264,5.591367
val,M,8.497125,6.779599
val,M,9.598333,7.778127
val,M,10.691819,6.6454124
val,M,11.774278,5.4558716
val,M,12.678972,7.1976986
val,M,13.292889,7.0891685
val,M,13.581597,5.5572195
val,M,13.394514,5.061791
val,M,12.950389,6.727008
val,M,12.699083,7.7464433
val,M,12.161333,8.696075
val,M,11.192833,8.836583
val,M,9.766833,6.6041994
val,M,8.060667,4.741871
val,M,6.852792,5.7611756
val,M,6.584,6.2330484
val,M,7.2369585,5.8470955
val,M,8.182028,3.1669357
val,M,9.185972,3.2984726
val,M,10.217931,8.233991
val,M,11.342305,13.646473
val,M,12.492833,7.586623
val,M,13.416695,9.596402
val,M,14.349639,10.324323
val,M,15.177125,11.277397
val,M,15.662084,11.787442
val,M,15.728389,17.180498
val,M,15.465222,17.417976
val,M,15.146528,16.171352
val,M,14.88275,16.027273
val,M,14.677889,14.601371
val,M,14.416862,13.797858
val,M,14.152416,18.040812
val,M,13.906055,11.550233
val,M,13.663472,13.532676
val,M,13.428264,15.625621
val,M,13.265625,16.703297
val,M,13.253722,4.3829365
val,M,13.361555,4.5338793
val,M,13.478361,2.5248451
val,M,13.43268,4.9689136
val,M,12.824458,4.993955
val,M,11.697972,6.0002747
val,M,10.619348,4.499653
val,M,9.795111,4.992233
val,M,9.061694,5.560149
val,M,8.429292,10.559044
val,M,8.188541,11.66281
val,M,8.323083,8.998557
val,M,8.586625,6.474061
val,M,8.88568,3.2396848
val,M,9.171291,4.953744
val,M,9.283417,6.2444277
val,M,9.0523615,7.730813
val,M,8.797292,5.8477893
val,M,8.8104725,3.4797041
val,M,8.945236,5.6710577
val,M,9.13718,5.6402235
val,M,9.380222,11.546426
val,M,9.699417,9.822625
val,M,10.246125,3.3017397
val,M,11.061319,2.3055732
val,M,11.954473,8.324647
val,M,12.822403,5.65726
val,M,13.638223,2.3303404
val,M,14.368986,2.5741644
val,M,14.919903,6.1927967
val,M,15.245903,2.2248538
val,M,15.455042,7.314678
val,M,15.6465,13.95923
val,M,15.718862,4.6717043
val,M,15.636264,8.963754
val,M,15.477597,10.313623
val,M,15.228541,6.2399693
val,M,14.923583,9.03451
val,M,14.611597,6.967324
val,M,14.427764,5.197687
val,M,14.396597,6.3661895
val,M,14.42275,5.8279476
val,M,14.551598,6.3349085
val,M,14.724639,6.617483
val,M,14.803972,6.7341895
val,M,14.811097,6.2815685
val,M,14.774222,5.879838
val,M,14.659958,6.613999
val,M,14.509,5.688382
val,M,14.3278475,5.1974053
val,M,14.044194,9.84496
val,M,13.705097,5.327924
val,M,13.37175,6.303669
val,M,13.048014,10.322398
val,M,12.844722,9.398271
val,M,12.764653,8.008938
val,M,12.739597,6.486745
val,M,12.798069,7.9130144
val,M,12.964056,6.702111
val,M,13.228139,6.435938
val,M,13.528944,6.150589
val,M,13.778708,4.295274
val,M,13.90807,8.008414
val,M,13.9829445,6.292895
val,M,14.043263,6.009077
val,M,14.074375,6.277794
val,M,14.145056,5.278126
val,M,14.256264,7.4192147
val,M,14.375944,8.855394
val,M,14.366806,8.137339
val,M,14.149458,8.15241
val,M,13.868834,8.043933
val,M,13.604847,6.859979
val,M,13.373458,6.2994337
val,M,13.278125,6.4102597
val,M,13.363791,6.870818
val,M,13.507722,6.526203
val,M,13.629403,6.6037755
val,M,13.735,7.1920123
val,M,13.811708,6.131306
val,M,13.780222,7.4166923
val,M,13.6438055,7.1235113
val,M,13.390625,8.09872
val,M,12.316861,7.9077034
val,M,9.564639,7.844796
val,M,5.391153,9.064921
val,M,1.7259861,9.496509
val,M,0.19926389,7.4697556
val,M,0.014055556,9.24148
val,M,0.011527778,9.982362
val,M,0.0122638885,7.58709
val,M,0.015458333,7.4877825
val,M,0.015722223,8.539082
val,M,0.016180556,7.4871187
val,M,0.019111112,8.739714
val,M,0.023847222,8.256738
val,M,0.021708334,6.150786
val,M,0.01761111,7.3033023
val,M,0.01725,7.2533984
val,M,0.016708333,8.1995325
val,M,0.01838889,5.815994
val,M,0.019291667,8.000965
val,M,0.017708333,8.233655
val,M,0.015361111,6.3423786
val,M,0.012819445,6.254742
val,M,0.013069444,7.1497526
val,M,0.015458333,6.350115
val,M,0.013916667,6.535588
val,M,0.012902778,8.080171
val,M,0.012,6.6997976
val,M,0.011208333,5.8706093
val,M,0.012486111,7.0188794
val,M,0.012888889,6.530017
val,M,0.014958333,9.223311
val,M,0.014652777,7.2998533
val,M,0.015138889,5.945924
val,M,0.018555555,7.762742
val,M,0.016708333,6.6673713
val,M,0.014972222,5.5644417
val,M,0.015680555,6.401682
val,M,0.015125,8.367518
val,M,0.012041667,9.756307
val,M,0.012375,6.0617976
val,M,0.014472222,5.0738144
val,M,0.0136388885,5.719114
val,M,0.013736111,7.1004477
val,M,0.013138889,6.948041
val,M,0.013791666,6.399685
val,M,0.012625,8.950283
val,M,0.011875,8.247234
val,M,0.011527778,6.2489376
val,M,0.011125,7.88267
val,M,0.011166667,8.121719
val,M,0.013083333,6.398736
val,M,0.014819444,7.2864857
val,M,0.0119027775,6.737933
val,M,0.010791667,5.28119
val,M,0.011166667,6.6316824
val,M,0.009375,7.2314215
val,M,0.007930555,6.754654
val,M,0.009430556,7.457956
val,M,0.010222223,6.5741005
val,M,0.009708334,8.711628
val,M,0.01025,8.068298
val,M,0.011666667,7.0242095
val,M,0.0115,6.2081294
val,M,0.011541666,5.703246
val,M,0.012083333,5.826536
val,M,0.010097222,5.8514347
val,M,0.010111111,6.6574526
val,M,0.011083334,6.848343
val,M,0.007486111,6.9804792
val,M,0.008347223,6.1140094
val,M,0.09109722,6.695449
val,M,1.3062084,5.989997
val,M,3.6242917,6.848792
val,M,5.772139,6.5516
val,M,7.5389442,7.68058
val,M,8.467305,7.9645166
val,M,8.583347,9.313732
val,M,8.477805,7.1308675
val,M,8.288764,8.167952
val,M,8.011806,7.739862
val,M,7.46175,6.6481752
val,M,6.6844444,5.3626738
val,M,5.8403473,5.499749
val,M,4.996222,6.281909
val,M,4.2117915,5.85692
val,M,3.4648333,6.0545044
val,M,2.7067084,5.7080946
val,M,1.91975,5.7846375
val,M,1.1200973,6.2172537
val,M,0.39754167,6.7484436
val,M,0.04538889,7.778575
val,M,0.018652778,6.2207766
val,M,0.019652778,6.01536
val,M,0.020125,5.917839
val,M,0.020319445,6.8074083
val,M,0.023444444,9.318374
val,M,0.024125,5.676127
val,M,0.018194444,9.039823
val,M,0.014694445,9.5006075
val,M,0.063194446,7.1663847
val,M,0.22631945,6.654697
val,M,0.48020834,7.1626973
val,M,1.1596806,8.166663
val,M,2.605236,7.180768
val,M,4.1380277,7.4130177
val,M,5.3241806,6.772255
val,M,6.320014,6.4786043
val,M,7.101792,6.111641
val,M,7.625403,7.7338734
val,M,7.633236,7.5007873
val,M,7.174389,6.6076517
val,M,6.4060693,6.654799
val,M,5.3251805,6.1928988
val,M,3.9960418,6.052739
val,M,2.3093889,5.7680373
val,M,0.70330554,5.1308565
val,M,0.037527777,5.292209
val,M,0.016986111,4.915655
val,M,0.0154444445,4.98096
val,M,0.022833332,5.0755773
val,M,0.14154166,5.021556
val,M,0.5550417,4.9143076
val,M,1.3810278,4.9026823
val,M,2.743625,4.9572783
val,M,4.235306,4.8456883
val,M,5.4856944,7.002125
val,M,6.5052776,5.810129
val,M,7.2620974,6.048587
val,M,7.9095554,5.95469
val,M,8.554611,7.1198206
val,M,9.258708,6.3778734
val,M,9.819139,5.4850054
val,M,10.0813055,5.313094
val,M,10.220445,6.0725718
val,M,10.262208,6.93882
val,M,10.10525,5.8848267
val,M,9.950708,5.812434
val,M,10.263264,6.0187836
val,M,10.750264,6.238568
val,M,10.9765,10.608782
val,M,11.279417,19.141335
val,M,11.6796665,9.008517
val,M,11.803014,6.3549094
val,M,11.502264,7.7333956
val,M,10.717597,8.041835
val,M,9.489181,8.518986
val,M,8.228986,6.7554913
val,M,7.1399584,5.621521
val,M,6.0875,7.903492
val,M,5.066597,7.220109
val,M,4.0616527,5.7930565
val,M,3.02625,8.2247095
val,M,1.9364166,6.110368
val,M,0.8219444,5.133162
val,M,0.14031945,5.453024
val,M,0.010833333,5.3071117
val,M,0.01175,6.6364202
val,M,0.0102361115,6.1248746
val,M,0.009,6.028354
val,M,0.010083334,5.589334
val,M,0.010861111,7.955407
val,M,0.010055556,7.186557
val,M,0.012319445,6.868407
val,M,0.015347222,6.1891723
val,M,0.01826389,6.2375894
val,M,0.019069444,5.8907595
val,M,0.015708333,4.9447756
val,M,0.013916667,5.6499996
val,M,0.013958333,6.3070683
val,M,0.013861111,7.2612047
val,M,0.016763888,8.063605
val,M,0.015763888,8.046896
val,M,0.0122638885,8.256576
val,M,0.011583333,9.41119
val,M,0.0116805555,7.188794
val,M,0.012208333,6.705415
val,M,0.009611111,6.68441
val,M,0.0101666665,6.3030796
val,M,0.013763889,6.245966
val,M,0.014805555,6.6252484
val,M,0.05536111,5.856731
val,M,0.93406945,6.344963
val,M,3.0021667,6.378562
val,M,5.311264,5.66039
val,M,7.3330975,6.3672686
val,M,8.844152,7.343712
val,M,10.024111,6.7155457
val,M,11.267445,6.601411
val,M,12.520847,6.0780287
val,M,13.6958885,6.2794204
val,M,14.797167,6.336083
val,M,15.798625,5.1757984
val,M,16.702902,6.5017557
val,M,17.447916,6.16971
val,M,17.823708,6.4577785
val,M,17.944319,6.315729
val,M,17.98804,6.0861096
val,M,17.964167,5.1624866
val,M,17.92614,7.32108
val,M,17.868973,8.641436
val,M,17.77668,10.467155
val,M,17.717598,8.60482
val,M,17.67625,5.431386
val,M,17.610264,5.533855
val,M,17.53925,7.765456
val,M,17.549583,6.4904175
val,M,17.544556,5.3946733
val,M,17.420013,5.028474
val,M,17.30225,6.3584523
val,M,17.236431,5.944214
val,M,17.22025,9.532355
val,M,17.177639,8.302533
val,M,17.13693,6.9090085
val,M,17.181347,5.0284457
val,M,17.275223,4.6918736
val,M,17.448875,5.5645685
val,M,17.724792,4.9501677
val,M,18.038237,4.9476695
val,M,18.250944,5.7204757
val,M,18.34811,7.178922
val,M,18.427805,8.314965
val,M,18.502417,11.504991
val,M,18.138319,7.465546
val,M,17.107681,5.0356603
val,M,16.510014,5.7442474
val,M,16.575445,5.104956
val,M,16.694708,5.1000624
val,M,16.91932,5.4527574
val,M,17.172167,4.8863893
val,M,17.375208,5.1842203
val,M,17.500555,7.027775
val,M,17.559542,5.446588
val,M,17.586042,6.4101267
val,M,17.618708,7.427593
val,M,17.600416,10.6955595
val,M,17.52775,11.892606
val,M,17.399069,9.035613
val,M,17.204264,5.297574
val,M,17.06193,4.9800787
val,M,16.954958,4.8943424
val,M,16.85918,4.60781
val,M,16.842833,4.8003693
val,M,16.875334,5.0248804
val,M,16.914042,4.8276763
val,M,16.960194,4.66641
val,M,16.978416,4.543488
val,M,16.858847,4.620939
val,M,16.535765,10.027076
val,M,15.900917,19.795322
val,M,14.994597,21.22025
val,M,14.050709,10.525872
val,M,12.945194,4.6539984
val,M,11.523027,5.0055265
val,M,9.917945,4.661363
val,M,8.42343,4.475767
val,M,7.595986,4.878024
val,M,7.582014,4.804415
val,M,7.9838333,4.734069
val,M,8.513181,5.6448593
val,M,9.050542,7.75907
val,M,9.592042,6.7054787
val,M,10.291458,5.2263203
val,M,11.13775,5.2826366
val,M,11.786361,5.2298164
val,M,12.179167,4.856251
val,M,12.530444,4.797329
val,M,12.884889,4.864019
val,M,13.0644865,5.2037845
val,M,13.027945,9.364831
val,M,12.979013,12.376592
val,M,13.200778,7.37418
val,M,13.811402,6.1493497
val,M,14.597347,5.1123652
val,M,15.388445,4.4574575
val,M,16.15854,4.5169506
val,M,16.72661,4.5970078
val,M,16.905653,5.4775476
val,M,16.861292,5.3259563
val,M,16.816042,5.3311214
val,M,16.788305,5.300696
val,M,16.76343,5.513976
val,M,16.741417,4.6995173
val,M,16.720833,4.8546753
val,M,16.71082,4.988208
val,M,16.716862,5.1988544
val,M,16.723375,4.801641
val,M,16.736889,5.222909
val,M,16.780903,5.571504
val,M,16.842861,5.047495
val,M,16.901848,4.7109003
val,M,16.95718,5.730419
val,M,16.995667,5.224187
val,M,16.999958,5.8912244
val,M,16.988987,6.3107705
val,M,16.971111,5.7242374
val,M,16.92875,7.100644
val,M,16.881153,6.4244313
val,M,16.84521,5.2250934
val,M,16.794043,5.4300623
val,M,16.737444,9.01014
val,M,16.680721,8.0935955
val,M,16.595736,7.4533567
val,M,16.511013,6.2298393
val,M,16.478806,6.5079994
val,M,16.493042,6.011286
val,M,16.513792,5.662546
val,M,16.522362,5.5073557
val,M,16.530458,6.345382
val,M,16.56675,6.007527
val,M,16.591612,8.241964
val,M,16.59432,13.968169
val,M,16.600445,8.324271
val,M,16.59289,9.369676
val,M,16.573486,15.865042
val,M,16.541931,12.646125
val,M,16.536528,6.1037455
val,M,16.54136,8.3781
val,M,16.570541,9.735776
val,M,16.580902,7.118803
val,M,16.557722,8.949486
val,M,16.541513,7.028063
val,M,16.540083,6.3585143
val,M,16.566402,6.301383
val,M,16.566597,7.268451
val,M,16.5525,9.421311
val,M,16.546223,10.043641
val,M,16.526764,7.316448
val,M,16.505598,6.672496
val,M,16.4905,8.299676
val,M,16.467653,7.445793
val,M,16.460236,9.863298
val,M,16.464582,8.56583
val,M,16.446598,7.0875683
val,M,16.328793,6.9894466
val,M,15.93943,8.185534
val,M,15.269514,6.311097
val,M,14.491667,6.2881546
val,M,13.49325,6.574676
val,M,12.171125,6.045439
val,M,10.728736,6.0854063
val,M,9.322403,5.8838663
val,M,7.93,5.919817
val,M,6.2762637,6.4514847
val,M,4.2605834,5.7138586
val,M,2.313875,5.028549
val,M,0.80756944,5.568987
val,M,0.09686111,7.290615
val,M,0.016791666,7.697653
val,M,0.017958334,6.7214165
val,M,0.014736111,6.826797
val,M,0.013402778,8.560047
val,M,0.013930555,8.699178
val,M,0.018472223,6.4387856
val,M,0.022444444,7.050663
val,M,0.022569444,10.941477
val,M,0.019444445,8.766423
val,M,0.016833333,7.607226
val,M,0.015569445,6.247226
val,M,0.012569444,6.3231893
val,M,0.013125,7.9277534
val,M,0.014138889,7.625426
val,M,0.012819445,6.9085073
val,M,0.012819445,5.9198556
val,M,0.012722222,7.3264127
val,M,0.013194445,7.618946
val,M,0.013666667,6.9579725
val,M,0.013805555,8.689475
val,M,0.014847222,7.7971964
val,M,0.014125,6.8140435
val,M,0.020777779,6.993661
val,M,0.023319444,5.7889853
val,M,0.015805556,6.1377826
val,M,0.013041667,6.5076513
val,M,0.014097222,6.9689956
val,M,0.015652778,6.5929008
val,M,0.013111111,7.8671083
val,M,0.011472222,9.70521
val,M,0.011569444,9.611591
val,M,0.013861111,8.215611
val,M,0.01626389,8.286984
val,M,0.015416667,8.088286
val,M,0.015847223,8.5465145
val,M,0.014680555,9.312422
val,M,0.017125,7.8440857
val,M,0.023597222,11.65359
val,M,0.020166667,14.367543
val,M,0.014888889,9.880925
val,M,0.018305555,8.063463
val,M,0.017916666,7.104917
val,M,0.03375,8.96955
val,M,0.18644445,8.63802
val,M,1.1711944,7.180951
val,M,3.1200554,6.993602
val,M,4.798861,6.826792
val,M,6.1864166,10.132485
val,M,7.66575,11.326739
val,M,8.828611,6.6371775
val,M,9.724931,6.4340754
val,M,10.542139,6.5569205
val,M,11.391417,7.845478
val,M,12.293653,9.398278
val,M,13.245319,7.2340317
val,M,13.952403,9.419175
val,M,14.259903,7.2063494
val,M,14.3006115,8.19091
val,M,14.293389,7.3268986
val,M,14.402722,6.083561
val,M,14.544945,7.317315
val,M,14.679625,12.1977
val,M,14.7765,12.943372
val,M,14.832027,9.459876
val,M,14.901097,7.5469694
val,M,14.976848,11.548099
val,M,14.93375,9.0850115
val,M,14.738778,6.535309
val,M,14.506264,7.3020535
val,M,14.2907915,15.4125
val,M,14.057125,18.366959
val,M,13.811833,7.5476604
val,M,13.624666,8.515561
val,M,13.501653,14.23828
val,M,13.392347,8.644176
val,M,13.3375,7.552187
val,M,13.432555,8.372487
val,M,13.5853195,10.642757
val,M,13.710459,9.9552765
val,M,13.85775,7.4886866
val,M,14.044111,5.994258
val,M,14.259167,7.2407436
val,M,14.400958,7.028839
val,M,14.443611,7.5035143
val,M,14.546361,6.9095097
val,M,14.726361,5.881627
val,M,14.797305,6.3235254
val,M,14.619805,5.101022
val,M,14.33132,5.1989574
val,M,14.110473,4.9075804
val,M,13.902223,5.9233828
val,M,13.710806,5.543435
val,M,13.602389,5.9011507
val,M,13.659014,6.923791
val,M,13.806958,6.332491
val,M,13.958292,8.32858
val,M,14.123055,7.607994
val,M,14.295611,6.1656227
val,M,14.470597,5.288216
val,M,14.6310835,8.946983
val,M,14.815917,10.5633955
val,M,15.01893,9.330365
val,M,15.20832,9.540844
val,M,15.318375,6.3141117
val,M,15.279778,7.287162
val,M,15.233014,7.3937416
val,M,15.273056,8.009904
val,M,15.375055,5.494808
val,M,15.520541,5.774978
val,M,15.639153,5.956898
val,M,15.708,5.4108443
val,M,15.647653,5.3476925
val,M,15.516486,4.9527626
val,M,15.390555,5.0651784
val,M,15.252597,5.691574
val,M,15.1327915,5.5809484
val,M,15.028125,4.7367997
val,M,15.025444,5.710063
val,M,15.137681,9.6299925
val,M,15.282486,8.863685
val,M,15.452361,8.663356
val,M,15.605097,8.064029
val,M,15.707444,7.3492365
val,M,15.764861,7.7943726
val,M,15.768473,12.687848
val,M,15.780569,8.667547
val,M,15.841611,6.9975123
val,M,15.895667,5.8166842
val,M,15.951361,6.3240237
val,M,15.97875,6.104598
val,M,15.973306,5.113802
val,M,16.001806,5.7952404
val,M,16.014902,5.179315
val,M,15.922542,5.750267
val,M,15.751653,6.022447
val,M,15.579375,6.98994
val,M,15.415264,5.3047466
val,M,15.265458,5.504838
val,M,15.143139,8.422517
val,M,15.0344305,12.647916
val,M,14.935555,4.9578023
val,M,14.827875,5.7511744
val,M,14.544375,6.5431557
val,M,13.918347,6.1446996
val,M,12.936819,7.0858507
val,M,11.715834,6.7725058
val,M,10.362638,8.576503
val,M,9.007292,14.429628
val,M,7.7078056,8.654901
val,M,6.330403,6.6401024
val,M,4.9010415,7.363262
val,M,3.5788195,6.7088766
val,M,2.3464723,6.2418194
val,M,1.2927083,8.383933
val,M,0.72326386,10.120248
val,M,0.8344028,5.888013
val,M,1.4597361,5.2364345
val,M,1.9432778,7.2295885
val,M,1.8557084,6.8367915
val,M,1.5934722,5.3965316
val,M,1.6203055,7.810937
val,M,1.7715833,7.4692006
val,M,1.6165138,7.905956
val,M,0.9850278,7.690893
val,M,0.30659723,7.2165093
val,M,0.034583334,6.09846
val,M,0.032583334,5.111805
val,M,0.17569445,4.8063173
val,M,0.35294443,5.5269356
val,M,0.8155,5.9061975
val,M,1.3287916,5.6440277
val,M,1.2962639,5.3655787
val,M,1.0143194,5.4003763
val,M,0.6666806,5.0928583
val,M,0.2949861,5.6205626
val,M,0.08015278,6.4351573
val,M,0.023194445,7.849327
val,M,0.011666667,6.7525015
val,M,0.011180555,6.949625
val,M,0.011652778,6.5265493
val,M,0.010847222,6.2964163
val,M,0.008194445,5.153531
val,M,0.00825,5.4891934
val,M,0.010555555,6.208241
val,M,0.012708333,4.732226
val,M,0.015916666,5.043729
val,M,0.019597223,6.235647
val,M,0.14254166,8.203291
val,M,1.0175834,6.940378
val,M,2.0227084,6.0282764
val,M,1.9349444,6.5014052
val,M,1.2629583,9.770454
val,M,0.70825,11.333567
val,M,0.2838611,18.99889
val,M,0.08280556,9.570962
val,M,0.30793056,7.913985
val,M,1.3488333,9.511487
val,M,3.0318055,5.922925
val,M,4.6124167,6.821306
val,M,6.220611,9.09241
val,M,7.4197917,9.712882
val,M,7.771167,7.2856083
val,M,7.997861,6.4498906
val,M,8.567542,6.9693017
val,M,9.408153,7.6575418
val,M,10.251348,8.005066
val,M,10.966403,7.068468
val,M,11.582708,8.009181
val,M,12.302861,7.3034496
val,M,13.227458,7.3806014
val,M,14.227292,6.4129925
val,M,15.240903,6.627947
val,M,16.245167,6.897813
val,M,17.19282,5.4131193
val,M,18.10125,7.2314973
val,M,18.996902,6.33117
val,M,19.859653,7.0149026
val,M,20.60157,10.03616
val,M,21.138222,10.21083
val,M,21.515944,11.607485
val,M,21.693598,14.56804
val,M,21.70993,6.3414407
val,M,21.7125,7.6556
val,M,21.713806,8.846368
val,M,21.694431,8.610917
val,M,21.676098,6.3696423
val,M,21.658777,6.5697355
val,M,21.640764,6.744521
val,M,21.621098,6.6287136
val,M,21.601694,7.3702836
val,M,21.598152,7.372081
val,M,21.585945,8.018209
val,M,21.545555,7.6668777
val,M,21.506708,7.3680525
val,M,21.499598,6.317477
val,M,21.505861,5.8015103
val,M,21.528694,7.246685
val,M,21.555779,6.91241
val,M,21.567291,6.5029764
val,M,21.553015,7.4057236
val,M,21.521791,8.516941
val,M,21.47093,7.5214605
val,M,21.402792,6.295952
val,M,21.331596,7.584051
val,M,21.264458,9.297109
val,M,21.216888,8.758071
val,M,21.194292,7.3652163
val,M,21.217861,9.092919
val,M,21.280111,9.474557
val,M,21.347876,7.077832
val,M,21.409681,7.0481005
val,M,21.465166,9.0549345
val,M,21.498833,7.1649165
val,M,21.475584,6.57835
val,M,21.234112,6.164143
val,M,20.791416,8.905409
val,M,20.33239,14.769862
val,M,19.877874,10.289576
val,M,19.54443,9.1654215
val,M,19.48925,10.927196
val,M,19.588654,8.887867
val,M,19.680542,6.59381
val,M,19.754805,7.2718916
val,M,19.83375,9.151599
val,M,19.905083,9.811306
val,M,19.958195,10.591435
val,M,19.988445,7.5479555
val,M,19.9885,7.8935485
val,M,20.004597,7.519417
val,M,20.006222,9.445404
val,M,19.995848,12.096803
val,M,20.021723,17.096516
val,M,20.084736,8.572005
val,M,20.15168,7.552746
val,M,20.178736,6.929765
val,M,20.156042,9.131323
val,M,20.095654,10.752208
val,M,20.018084,8.912576
val,M,19.925764,6.189897
val,M,19.837418,6.727749
val,M,19.8085,7.7601924
val,M,19.856764,7.764141
val,M,19.934652,5.956213
val,M,20.000708,8.8624735
val,M,20.025278,8.1600275
val,M,20.029362,9.181238
val,M,20.039515,12.187729
val,M,20.040806,10.696107
val,M,20.021778,8.578412
val,M,20.066084,7.8653336
val,M,20.212166,7.5048175
val,M,20.393986,10.8294115
val,M,20.56007,9.488257
val,M,20.705305,7.7897234
val,M,20.85475,8.357647
val,M,20.957333,12.790133
val,M,21.026278,12.547807
val,M,21.093431,10.77754
val,M,21.160181,9.620134
val,M,21.222473,5.8485956
val,M,21.279152,9.771983
val,M,21.365583,11.242457
val,M,21.468208,8.242713
val,M,21.556152,10.507889
val,M,21.63925,10.380766
val,M,21.722584,7.021867
val,M,21.783056,6.4723687
val,M,21.83157,10.125884
val,M,21.844334,9.387746
val,M,21.828611,6.3041964
val,M,21.81325,7.0742464
val,M,21.775097,8.485192
val,M,21.71564,10.68332
val,M,21.62057,7.7885284
val,M,21.489986,8.084284
val,M,21.37582,11.644071
val,M,21.296541,9.239306
val,M,21.24589,7.450452
val,M,21.220778,5.987221
val,M,21.193598,6.3942437
val,M,21.156902,6.9608393
val,M,21.12557,6.607447
val,M,21.09443,8.002317
val,M,21.055403,8.615517
val,M,21.012348,8.263264
val,M,20.965042,10.412943
val,M,20.932985,10.95807
val,M,20.916529,8.235442
val,M,20.89514,8.310167
val,M,20.880404,10.01179
val,M,20.87296,7.1573114
val,M,20.870375,7.964113
val,M,20.88618,7.631158
val,M,20.926819,8.436108
val,M,20.953861,7.480599
val,M,20.988388,6.0706053
val,M,21.033209,5.2483587
val,M,21.031918,4.3037086
val,M,21.034082,5.4245396
val,M,21.049347,5.1988935
val,M,21.05161,5.538206
val,M,21.047611,4.9025097
val,M,21.010834,6.5394955
val,M,20.96368,6.043784
val,M,20.912098,7.2071457
val,M,20.860834,5.421567
val,M,20.8325,5.894695
val,M,20.830833,11.585521
val,M,20.876722,9.854748
val,M,20.942528,4.9140615
val,M,21.016277,5.1813374
val,M,21.078096,6.181162
val,M,21.126667,7.4793396
val,M,21.172222,8.890303
val,M,21.205736,6.7981815
val,M,21.265888,7.7749834
val,M,21.307291,9.216317
val,M,21.27464,7.1666584
val,M,21.158041,6.1216135
val,M,20.831041,7.324213
val,M,20.23421,8.183736
val,M,19.54925,8.05347
val,M,18.92232,7.401042
val,M,18.365376,13.7328005
val,M,17.892195,15.600549
val,M,17.497555,13.581813
val,M,17.168222,7.155039
val,M,16.894459,7.4248533
val,M,16.663069,11.433946
val,M,16.278723,15.74647
val,M,15.421945,16.46336
val,M,14.067903,17.041088
val,M,12.234917,16.726877
val,M,9.995806,15.37223
val,M,7.3604584,11.691156
val,M,4.2386947,14.04662
val,M,1.6613195,19.451902
val,M,0.39545834,18.60109
val,M,0.026847223,14.366744
val,M,0.01325,16.991081
val,M,0.011277778,19.467247
val,M,0.008708334,15.839658
val,M,0.009277778,15.816731
val,M,0.012486111,19.048681
val,M,0.014666666,12.873454
val,M,0.0145,15.948134
val,M,0.012847222,15.326877
val,M,0.0115,9.484527
val,M,0.011361111,12.412238
val,M,0.014611111,11.239257
val,M,0.018555555,7.642271
val,M,0.021486111,6.5273314
val,M,0.019430555,7.7835217
val,M,0.018180555,8.668048
val,M,0.018277777,11.155929
val,M,0.024097223,9.733096
val,M,0.024333334,14.585498
val,M,0.014680555,17.245785
val,M,0.013291666,19.624413
val,M,0.013958333,13.0055485
val,M,0.0119027775,11.043882
val,M,0.012138889,12.551393
val,M,0.019347223,15.497142
val,M,0.02113889,21.053467
val,M,0.014236111,13.476763
val,M,0.00925,11.525741
val,M,0.011958334,12.452203
val,M,0.021861112,15.671299
val,M,0.16397223,17.89804
val,M,1.3103611,21.746435
val,M,3.2619722,20.497322
val,M,4.9726806,19.59986
val,M,6.3317637,10.519564
val,M,7.3123193,8.328825
val,M,8.05,19.01573
val,M,8.700139,21.182358
val,M,9.325264,18.848091
val,M,9.918875,10.124545
val,M,10.394292,13.0321245
val,M,10.700958,12.6874895
val,M,10.898653,11.411806
val,M,11.087236,15.4803
val,M,11.253445,13.3562975
val,M,11.384236,13.78015
val,M,11.508875,17.188091
val,M,11.670542,12.500781
val,M,11.935348,8.965568
val,M,12.235125,7.668145
val,M,12.435625,13.355359
val,M,12.66818,8.739811
val,M,13.123278,8.970227
val,M,13.845944,8.628904
val,M,14.85443,6.9719825
val,M,16.049473,7.097274
val,M,17.280458,8.155647
val,M,18.367971,11.03981
val,M,19.195723,13.909417
val,M,19.841904,11.053717
val,M,20.336971,9.662957
val,M,20.742458,10.4506235
val,M,20.911125,9.076442
val,M,20.863832,9.397841
val,M,20.894056,7.954406
val,M,20.9955,7.6204996
val,M,21.105097,7.9197607
val,M,21.252167,8.099724
val,M,21.453598,8.751776
val,M,21.555416,7.4487095
val,M,21.565834,6.259169
val,M,21.62064,10.815211
val,M,21.706778,10.133504
val,M,21.805529,7.03623
val,M,21.894125,10.305652
val,M,21.898987,9.176251
val,M,21.82796,9.083471
val,M,21.770708,8.789093
val,M,21.77279,9.28906
val,M,21.861652,9.454028
val,M,22.008638,8.670524
val,M,22.15989,5.9994216
val,M,22.29207,3.279872
val,M,22.384293,15.561238
val,M,22.354221,7.9578667
val,M,22.069458,4.668046
val,M,21.64082,3.934925
val,M,21.381237,6.5705457
val,M,21.297028,6.3057528
val,M,21.24011,5.5888257
val,M,21.188223,11.730526
val,M,21.163181,15.005325
val,M,21.067333,9.989335
val,M,20.966,10.804463
val,M,21.069916,8.898829
val,M,21.305695,7.8517184
val,M,21.54332,7.9201784
val,M,21.650444,6.9884386
val,M,21.46486,7.5488563
val,M,21.00182,5.7368026
val,M,20.180458,5.7895775
val,M,18.496723,5.550861
val,M,16.210583,5.2245593
val,M,13.874319,7.699746
val,M,11.782416,2.078828
val,M,10.446777,2.2878587
val,M,10.272917,2.2783482
val,M,10.944792,2.5139413
val,M,11.742833,2.5166285
val,M,12.416264,2.3727217
val,M,12.709181,3.5275962
val,M,12.544264,4.439517
val,M,12.22275,4.191457
val,M,12.150014,4.219628
val,M,12.229028,4.702452
val,M,12.138223,5.217001
val,M,11.98607,5.718043
val,M,11.904014,6.2764835
val,M,12.040139,6.451851
val,M,12.452042,6.811027
val,M,12.753514,6.053299
val,M,12.745167,8.267757
val,M,12.523222,8.496588
val,M,12.189777,8.5151615
val,M,11.985473,8.059368
val,M,12.106305,9.340573
val,M,12.488444,8.077847
val,M,12.964486,7.654125
val,M,13.171486,7.1138763
val,M,13.026889,6.8959646
val,M,13.070764,6.9542274
val,M,13.172584,7.3278847
val,M,13.210055,14.858652
val,M,13.362778,21.510609
val,M,13.591945,16.974274
val,M,14.097875,9.694154
val,M,14.568055,7.2586994
val,M,14.565708,6.888961
val,M,14.226361,12.065215
val,M,13.7175,15.496405
val,M,13.307111,14.034138
val,M,13.34207,12.815595
val,M,13.954903,13.573249
val,M,14.588778,9.437603
val,M,14.874194,7.8247695
val,M,15.327056,7.4826555
val,M,16.089348,8.091212
val,M,16.605652,8.136774
val,M,16.63957,9.1538515
val,M,16.5865,5.532381
val,M,16.663652,5.2375937
val,M,16.861084,7.284626
val,M,17.16882,9.196585
val,M,17.617903,9.194157
val,M,18.054125,11.143002
val,M,18.467735,11.400685
val,M,18.905514,12.780408
val,M,19.203709,10.890054
val,M,19.38057,6.70913
val,M,19.496805,10.180697
val,M,19.5925,10.472775
val,M,19.683847,9.868506
val,M,19.819084,7.8215475
val,M,19.965847,5.0577116
val,M,20.008556,8.235434
val,M,19.939598,10.609906
val,M,19.731112,6.8728013
val,M,19.534819,7.2867756
val,M,19.275944,7.7771034
val,M,18.968334,7.709785
val,M,18.699306,6.5996
val,M,18.395014,5.3623934
val,M,18.072445,7.6950827
val,M,17.706778,5.878809
val,M,17.338028,11.894818
val,M,17.01025,15.472722
val,M,16.70089,20.048925
val,M,16.35525,21.550898
val,M,15.920125,17.66766
val,M,15.051598,12.099801
val,M,13.788903,9.052505
val,M,12.4522085,8.151219
val,M,11.315514,6.62934
val,M,10.508278,7.778634
val,M,9.812889,10.077243
val,M,9.2132635,13.927489
val,M,8.851944,21.669636
val,M,8.922347,20.863617
val,M,9.216958,9.499885
val,M,9.351319,6.1031
val,M,9.435708,6.301596
val,M,9.543764,7.3983164
val,M,9.5286665,8.220525
val,M,9.511111,6.5260453
val,M,9.528055,6.501466
val,M,9.411458,9.1011915
val,M,9.324403,9.431916
val,M,9.303847,6.662211
val,M,9.230708,10.311849
val,M,9.23793,11.028339
val,M,9.383375,7.099249
val,M,9.411805,9.365662
val,M,9.289972,21.591648
val,M,9.24632,20.810741
val,M,9.320347,16.819054
val,M,9.413819,17.113657
val,M,9.5385,15.288237
val,M,9.956347,11.280547
val,M,10.827486,7.239323
val,M,11.892819,8.033939
val,M,12.876486,8.877978
val,M,13.786695,11.400536
val,M,14.672778,16.046186
val,M,15.4956665,8.948369
val,M,16.248735,8.39068
val,M,16.80054,7.870042
val,M,17.17957,7.2153606
val,M,17.526735,6.618408
val,M,17.795334,7.601039
val,M,17.985111,8.083444
val,M,18.097958,13.981969
val,M,18.25411,15.629715
val,M,18.511597,9.485696
val,M,18.81275,7.8160577
val,M,19.069195,11.88955
val,M,19.192083,20.008978
val,M,19.139334,16.961838
val,M,19.038431,7.698873
val,M,19.058681,11.628591
val,M,19.225695,14.045722
val,M,19.492834,14.271282
val,M,19.76643,10.81529
val,M,19.957458,10.17075
val,M,20.122402,11.394407
val,M,20.399584,7.5641413
val,M,20.695223,8.451914
val,M,20.914833,14.336163
val,M,21.046986,15.181609
val,M,21.022486,6.744894
val,M,21.04043,8.422605
val,M,21.121973,13.345863
val,M,21.160597,22.207106
val,M,21.157791,20.03249
val,M,21.125237,20.88403
val,M,21.121334,18.993021
val,M,21.05957,13.920714
val,M,20.994152,13.61418
val,M,20.965736,16.058123
val,M,20.95443,15.077189
val,M,20.96836,10.152603
val,M,20.97939,15.566238
val,M,20.98964,7.5873103
val,M,20.907515,7.5561824
val,M,20.553112,8.253324
val,M,19.995543,11.297004
val,M,19.272097,9.273828
val,M,18.267319,8.701045
val,M,16.954847,10.440677
val,M,15.341736,17.417162
val,M,13.725513,13.961933
val,M,12.392292,12.2314
val,M,10.857737,12.928595
val,M,8.715944,10.790551
val,M,6.844,11.328046
val,M,6.447875,16.860676
val,M,7.709875,14.450673
val,M,9.298695,13.766205
val,M,9.988083,8.764783
val,M,10.063278,11.567544
val,M,10.148583,12.2726965
val,M,10.541555,9.748124
val,M,10.87982,6.989297
val,M,10.806042,12.164617
val,M,10.546278,10.9730835
val,M,10.217389,11.819338
val,M,9.958083,6.808546
val,M,10.153653,7.3381453
val,M,10.883917,8.219212
val,M,11.689055,7.9328947
val,M,12.037056,10.192969
val,M,11.940972,17.499268
val,M,11.961667,13.941115
val,M,12.278597,17.875347
val,M,12.697194,16.976559
val,M,13.1496525,21.560501
val,M,13.385195,22.295603
val,M,13.360111,18.088205
val,M,13.426958,10.277671
val,M,13.663652,3.3584232
val,M,13.94925,14.203182
val,M,14.141791,16.4573
val,M,14.165709,8.845111
val,M,14.052459,10.28994
val,M,13.859292,17.932686
val,M,13.617194,16.114985
val,M,13.341805,17.83381
val,M,12.831944,18.421768
val,M,11.891848,14.48136
val,M,10.6355,10.183427
val,M,9.133083,7.985156
val,M,7.453,9.308264
val,M,5.7881665,9.050649
val,M,4.4390974,6.8236914
val,M,4.036861,11.81346
val,M,4.8436666,18.820057
val,M,6.098597,20.243565
val,M,7.146278,11.413626
val,M,7.9564724,13.644978
val,M,8.559834,18.55587
val,M,8.9990835,16.476658
val,M,9.421458,18.435133
val,M,9.936431,9.194825
val,M,10.476569,11.069346
val,M,10.908806,17.713364
val,M,11.302806,12.238933
val,M,11.505403,19.654095
val,M,11.574792,17.180008
val,M,11.733958,12.264483
val,M,11.912027,18.584202
val,M,12.080916,14.072034
val,M,12.207264,12.134746
val,M,12.29132,11.032284
val,M,12.324667,13.579734
val,M,12.314847,14.838789
val,M,12.27293,15.074214
val,M,11.865236,15.432403
val,M,10.886681,11.231532
val,M,9.582653,20.085358
val,M,8.263861,17.981308
val,M,7.1867223,10.058938
val,M,6.7117777,18.07794
val,M,6.875764,8.331291
val,M,7.3106666,6.91737
val,M,7.7801666,9.4576845
val,M,8.345708,19.151712
val,M,8.97275,15.027749
val,M,9.351611,15.597829
val,M,9.611028,14.490131
val,M,10.193111,17.261555
val,M,10.940583,8.303004
val,M,11.46743,9.4029665
val,M,11.854792,10.106076
val,M,12.200666,11.24215
val,M,12.476958,9.041764
val,M,12.682305,13.899043
val,M,12.856667,12.705538
val,M,12.977902,6.583716
val,M,13.07825,6.854887
val,M,13.213028,12.585742
val,M,13.422055,7.6852365
val,M,13.647028,10.748084
val,M,13.79857,14.539649
val,M,13.856819,19.75232
val,M,13.819153,19.928228
val,M,13.836805,20.640007
val,M,14.020041,17.070988
val,M,14.318444,9.09628
val,M,14.668333,13.140611
val,M,15.027125,7.846546
val,M,15.282528,8.105123
val,M,15.422847,9.904585
val,M,15.393306,12.8081875
val,M,15.293486,10.638667
val,M,15.262264,9.396654
val,M,15.355667,14.918197
val,M,15.561944,11.055125
val,M,15.8284025,13.654201
val,M,16.061306,13.2955675
val,M,16.021418,9.6711
val,M,15.383764,8.040601
val,M,13.987097,9.110426
val,M,12.247194,8.785355
val,M,10.575666,8.702691
val,M,8.76768,9.081162
val,M,6.592653,7.5874
val,M,4.4032917,11.4040365
val,M,2.3800972,15.014625
val,M,0.9235139,10.793692
val,M,1.6021111,9.126001
val,M,4.157528,4.650525
val,M,6.679639,4.3706203
val,M,8.729917,6.927698
val,M,10.290112,6.026451
val,M,11.191319,5.6343193
val,M,11.650347,5.4363117
val,M,11.690375,4.483849
val,M,11.450444,2.0306082
val,M,11.301028,2.9240944
val,M,11.047014,4.3103766
val,M,10.863569,9.16705
val,M,11.184889,10.946817
val,M,11.702653,6.667162
val,M,12.044209,4.5102186
val,M,12.022514,5.34258
val,M,11.457819,9.039875
val,M,10.744125,7.314193
val,M,10.57975,6.5177345
val,M,10.966403,6.944855
val,M,11.456458,6.671594
val,M,11.437944,5.56646
val,M,10.952458,5.19102
val,M,10.691292,4.751128
val,M,10.636236,4.661219
val,M,10.503542,6.7883377
val,M,10.657194,11.415305
val,M,11.511528,19.751265
val,M,12.598486,22.355343
val,M,13.179167,15.975235
val,M,13.207111,12.220412
val,M,13.132514,9.255688
val,M,13.24132,9.8986845
val,M,13.507167,5.464936
val,M,13.847972,11.325011
val,M,14.141292,8.713492
val,M,14.232111,9.596245
val,M,14.037583,10.128914
val,M,13.78625,5.78687
val,M,13.753805,8.330893
val,M,13.778958,10.198079
val,M,13.806097,6.48199
val,M,13.936556,4.6388354
val,M,14.197528,4.711006
val,M,14.447917,4.8707027
val,M,14.41332,5.144226
val,M,14.144834,4.808032
val,M,13.928166,5.3615065
val,M,13.782236,5.2062216
val,M,13.687,5.3026776
val,M,13.661208,8.080088
val,M,13.641791,6.418127
val,M,13.596486,4.8763084
val,M,13.542,5.0472145
val,M,13.504861,4.8845263
val,M,13.532583,4.6767254
val,M,13.564375,2.8089461
val,M,13.585208,4.0395703
val,M,13.57618,6.526228
val,M,13.550528,12.115712
val,M,13.563472,7.3830814
val,M,13.480361,6.962658
val,M,13.2075,5.9797907
val,M,12.829847,5.765996
val,M,12.438583,10.730719
val,M,12.027291,13.791156
val,M,11.46225,3.7036226
val,M,10.728319,2.6385105
val,M,9.950848,8.362138
val,M,9.131111,10.4436035
val,M,8.4082365,4.42943
val,M,7.849375,7.47742
val,M,7.2664165,7.677601
val,M,6.644653,10.437999
val,M,6.4241943,6.944323
val,M,7.0207915,9.696923
val,M,8.040806,14.164845
val,M,8.696792,16.069672
val,M,8.831195,9.0367565
val,M,8.391,9.541389
val,M,7.375347,6.9189425
val,M,6.3524585,9.764052
val,M,5.7890973,6.9467635
val,M,5.8272223,8.858965
val,M,6.6780415,12.395788
val,M,7.9505415,4.0717688
val,M,8.703764,2.2499974
val,M,8.42732,13.986436
val,M,7.4190555,19.139698
val,M,6.5823054,19.812195
val,M,6.3927083,21.965439
val,M,6.759375,20.340744
val,M,6.7565417,13.059119
val,M,5.887139,8.951205
val,M,5.50125,14.886733
val,M,6.270639,12.588112
val,M,7.455333,8.644409
val,M,8.55218,8.201242
val,M,9.143056,9.046612
val,M,9.114653,13.706798
val,M,8.852,15.4407425
val,M,8.248611,19.183823
val,M,7.5680556,14.88218
val,M,7.6075974,7.1704264
val,M,8.275333,7.2105665
val,M,8.934722,7.863717
val,M,9.307806,8.7565775
val,M,9.219375,7.583172
val,M,8.328097,7.300311
val,M,6.947764,9.0025
val,M,5.9416113,19.332563
val,M,5.988347,17.944668
val,M,7.0989027,15.576652
val,M,8.444111,17.31192
val,M,9.301056,8.98624
val,M,9.596694,6.921029
val,M,9.61807,8.780268
val,M,9.599472,12.246499
val,M,9.576653,13.696646
val,M,9.572291,8.254325
val,M,9.562333,8.74834
val,M,9.66668,16.124235
val,M,9.777653,15.17996
val,M,9.43393,9.266666
val,M,8.234875,9.561616
val,M,6.7205415,9.829991
val,M,6.1787777,7.240263
val,M,6.8368473,7.6096625
val,M,7.9526668,6.460821
val,M,8.655611,5.5353365
val,M,8.751,4.6278205
val,M,8.961805,4.9145145
val,M,9.640403,2.2777257
val,M,10.380959,1.3247218
val,M,10.702514,1.985681
val,M,10.452903,3.750239
val,M,9.484528,3.352837
val,M,8.047584,4.078113
val,M,7.161667,5.609395
val,M,7.314903,4.7757916
val,M,7.9143887,1.8848715
val,M,7.9047084,8.280635
val,M,7.2892084,9.352565
val,M,7.376528,1.6757102
val,M,8.281125,4.493121
val,M,9.126375,4.8867083
val,M,9.572917,3.8144238
val,M,9.7195,9.390605
val,M,9.804472,13.082969
val,M,9.82225,8.018669
val,M,9.8226385,17.83531
val,M,9.858375,13.976713
val,M,9.896889,3.4800293
val,M,9.935611,3.8204465
val,M,9.935111,6.946621
val,M,9.685306,4.772504
val,M,8.7495,5.604186
val,M,7.4289722,5.57751
val,M,6.674556,5.2063055
val,M,6.826125,4.8503633
val,M,7.522403,5.596598
val,M,8.299875,6.0969315
val,M,8.914056,5.790532
val,M,9.220944,5.863934
val,M,9.260612,7.3737354
val,M,8.808805,6.757932
val,M,7.9351387,7.5756416
val,M,7.29,5.662479
val,M,6.982264,5.427838
val,M,6.368403,5.5519075
val,M,4.8298473,5.2874765
val,M,3.4507916,5.8056726
val,M,3.5329583,6.059775
val,M,4.6506944,6.4476385
val,M,6.290403,6.2958183
val,M,7.8766804,5.8644977
val,M,8.451041,6.2141542
val,M,8.284486,6.246321
val,M,7.818625,5.7414227
val,M,6.7333474,6.4855347
val,M,6.148972,6.233654
val,M,6.613625,5.6793957
val,M,6.5861526,5.6235833
val,M,6.0724306,5.994893
val,M,5.9261527,5.7733603
val,M,5.7783613,5.6056194
val,M,5.7919025,5.76369
val,M,5.932486,7.201661
val,M,6.2401943,7.160701
val,M,7.3403053,6.208867
val,M,8.863125,5.4971185
val,M,10.429569,5.1773243
val,M,11.816139,4.9876394
val,M,12.608986,5.145178
val,M,12.785236,5.2949495
val,M,12.696694,5.1415796
val,M,12.584291,5.6500826
val,M,12.53025,5.757985
val,M,12.613667,6.6881423
val,M,12.831625,6.714225
val,M,13.126722,6.6380844
val,M,13.4233055,6.024517
val,M,13.744333,5.797119
val,M,13.975847,5.4314594
val,M,14.086903,5.0086784
val,M,14.189902,5.0716734
val,M,14.285569,5.1193805
val,M,14.404361,5.2418003
val,M,14.502944,5.210888
val,M,14.626056,5.1782656
val,M,14.810638,5.166798
val,M,15.042569,5.1213927
val,M,15.298041,5.1266804
val,M,15.563972,5.5704975
val,M,15.823014,6.776658
val,M,15.936152,6.7321634
val,M,15.78493,6.3236966
val,M,15.4528055,7.0301123
val,M,15.106986,7.008273
val,M,14.80418,6.061528
val,M,14.556875,5.361765
val,M,14.356694,5.065104
val,M,14.16875,4.891116
val,M,13.877069,5.1238832
val,M,13.238611,4.8869987
val,M,12.268681,5.8789062
val,M,11.164653,6.629191
val,M,10.348181,6.855378
val,M,10.06432,6.608227
val,M,10.122014,5.867007
val,M,10.222375,5.626957
val,M,10.061973,5.095395
val,M,9.796014,4.855395
val,M,9.651639,5.2334795
val,M,9.687472,6.323431
val,M,9.966375,5.7097135
val,M,10.388611,4.9954505
val,M,10.90582,4.5548334
val,M,11.631653,5.00884
val,M,12.542194,6.722234
val,M,13.436084,6.6363297
val,M,14.254791,6.617026
val,M,15.032598,6.2267475
val,M,15.752694,7.9950066
val,M,16.29211,7.234317
val,M,16.759459,5.4560843
val,M,17.332945,4.843582
val,M,17.863583,4.8682346
val,M,18.43871,6.2877083
val,M,19.132626,5.634349
val,M,19.916708,5.0173283
val,M,21.157888,5.3652945
val,M,22.789375,5.6913567
val,M,24.40525,6.0355954
val,M,25.919624,5.8360558
val,M,27.193277,5.886132
val,M,27.70486,6.10378
val,M,27.420416,6.9144173
val,M,26.930708,6.647682
val,M,26.435236,5.3293524
val,M,25.897709,6.96802
val,M,25.333263,5.8212967
val,M,24.778805,4.1630125
val,M,24.154444,4.593534
val,M,23.640541,4.774276
val,M,23.378416,5.3756046
val,M,23.194555,5.826992
val,M,23.0475,8.071349
val,M,22.71511,15.732348
val,M,22.170918,7.7818594
val,M,21.696806,6.552945
val,M,21.269417,7.282708
val,M,20.83011,6.8132067
val,M,20.405556,5.6009383
val,M,19.970917,5.661107
val,M,19.556612,5.166741
val,M,19.196611,5.489862
val,M,18.8755,5.5053663
val,M,18.602806,5.0399456
val,M,18.344418,5.781399
val,M,18.085667,5.2410717
val,M,17.895458,5.4026566
val,M,17.593082,5.138843
val,M,17.04175,6.4039955
val,M,16.347694,6.9193935
val,M,15.496486,7.7576437
val,M,14.373806,7.605125
val,M,12.944458,6.2453327
val,M,11.380972,4.4753814
val,M,9.947833,13.337596
val,M,8.960597,6.1497564
val,M,8.665569,9.085099
val,M,9.03275,17.143888
val,M,9.629084,8.623242
val,M,10.280458,4.842457
val,M,11.386972,6.954468
val,M,12.908055,6.4489636
val,M,14.504611,4.7494698
val,M,16.080042,5.7119584
val,M,17.587889,5.5570107
val,M,18.862236,6.5472045
val,M,19.903097,5.957497
val,M,20.804861,5.6942077
val,M,21.453472,5.544634
val,M,21.866472,5.5198016
val,M,22.239902,5.393201
val,M,22.688444,4.48071
val,M,23.231792,1.1182134
val,M,23.760736,2.1085553
val,M,24.248459,7.945345
val,M,24.367834,5.420069
val,M,24.016819,6.1172833
val,M,23.575764,6.313158
val,M,23.17182,6.2497663
val,M,22.78186,7.6852074
val,M,22.338444,8.474576
val,M,21.920042,8.480798
val,M,21.477736,10.049983
val,M,20.968695,9.916318
val,M,20.436666,7.002797
val,M,19.880972,5.0251904
val,M,19.310472,1.689559
val,M,18.770876,7.5058613
val,M,18.273403,8.324819
val,M,17.766222,2.895232
val,M,17.141987,7.9967656
val,M,16.241806,12.859431
val,M,15.101916,15.672826
val,M,14.212611,6.4598694
val,M,13.68725,9.132619
val,M,13.233736,16.641062
val,M,13.044389,15.524373
val,M,13.256361,18.096087
val,M,13.563598,17.221054
val,M,13.734208,9.49875
val,M,13.646903,5.7933145
val,M,13.68768,1.8956995
val,M,14.131166,7.424387
val,M,14.111417,12.891059
val,M,13.582986,6.7564483
val,M,13.299389,5.9668183
val,M,13.5135975,14.801724
val,M,13.900333,8.34759
val,M,14.320389,12.798472
val,M,15.206764,15.796035
val,M,15.8799305,10.420955
val,M,15.512013,5.342616
val,M,14.5805,8.684314
val,M,13.898681,10.68238
val,M,13.823944,5.159317
val,M,14.205931,5.15162
val,M,14.707152,4.6153307
val,M,15.230319,4.770838
val,M,15.525333,2.321836
val,M,15.778111,2.3069067
val,M,16.261486,2.5095067
val,M,16.488667,2.731983
val,M,16.465847,2.70391
val,M,16.46175,2.5752118
val,M,16.453583,2.459947
val,M,16.464306,2.2798617
val,M,16.577862,2.0933359
val,M,16.77571,1.9460969
val,M,16.880959,1.8610404
val,M,16.77825,1.6627338
val,M,16.613306,1.5342214
val,M,16.507055,1.4635282
val,M,16.470152,1.3847055
val,M,16.575806,1.3381157
val,M,16.791958,1.2953584
val,M,17.024471,1.227881
val,M,17.238222,1.1187449
val,M,17.474388,1.0239797
val,M,17.678041,1.0770837
val,M,17.744194,1.0159867
val,M,17.793375,0.93013155
val,M,17.852,0.9255394
val,M,17.867222,0.93449336
val,M,17.813,0.81699115
val,M,17.675236,0.8457639
val,M,17.55643,0.85495967
val,M,17.409695,0.84428006
val,M,17.109764,0.846656
val,M,16.662722,0.8580975
val,M,16.219973,0.84512055
val,M,15.864458,0.8613821
val,M,15.500208,0.7943582
val,M,15.142389,0.7910384
val,M,14.758695,0.7541911
val,M,14.4065,0.8018453
val,M,13.994653,0.7368997
val,M,13.239361,0.79280907
val,M,12.204208,1.0182667
val,M,11.226306,2.76311
val,M,10.605708,3.5165727
val,M,10.2346945,2.5472817
val,M,9.900194,4.3823385
val,M,9.490666,6.789998
val,M,9.154847,6.538531
val,M,9.060014,7.461851
val,M,9.035833,4.9048114
val,M,9.147583,4.181364
val,M,9.521097,5.039405
val,M,10.166889,7.1039314
val,M,11.117875,7.050018
val,M,12.167069,7.8479643
val,M,13.175902,7.670239
val,M,14.197236,7.493838
val,M,15.23432,10.067364
val,M,16.284082,6.010638
val,M,17.249792,5.537287
val,M,18.281208,5.6014915
val,M,19.333723,6.275691
val,M,20.160652,5.6975307
val,M,20.785042,5.2920856
val,M,21.214874,6.3851466
val,M,21.566833,5.9984074
val,M,21.676083,7.1755104
val,M,21.676348,6.507289
val,M,21.762459,5.9523563
val,M,21.79307,5.7901993
val,M,21.939028,7.212144
val,M,22.236166,6.368396
val,M,22.441723,7.3588724
val,M,22.297611,7.5342307
val,M,21.908096,7.416609
val,M,21.498112,8.563159
val,M,21.09457,7.125492
val,M,20.72293,9.035177
val,M,20.472305,13.357936
val,M,20.36654,9.267873
val,M,20.113222,6.360359
val,M,19.641235,7.040167
val,M,19.136833,8.337942
val,M,18.650875,7.7601213
val,M,18.18711,7.181878
val,M,17.554598,7.390739
val,M,16.394833,7.5819297
val,M,14.756792,5.997578
val,M,13.423041,8.331655
val,M,12.897875,11.13548
val,M,12.815833,10.496436
val,M,12.652638,11.6848345
val,M,12.293834,8.258661
val,M,11.853181,5.848296
val,M,11.523347,8.055294
val,M,11.492903,7.97925
val,M,11.847625,9.165053
val,M,12.325889,7.7672815
val,M,12.457958,7.8670416
val,M,12.273084,7.6783824
val,M,12.044444,6.6586237
val,M,11.777264,6.120057
val,M,11.463555,7.0167923
val,M,11.333389,5.960889
val,M,11.465333,4.1638947
val,M,11.870236,4.047396
val,M,12.661695,6.2949543
val,M,13.691459,6.719887
val,M,14.760236,9.1572275
val,M,15.775639,12.098665
val,M,16.799597,9.540521
val,M,17.761986,7.4662266
val,M,18.61182,7.107335
val,M,19.554167,15.132823
val,M,20.704945,12.9481325
val,M,21.907541,7.0472574
val,M,22.542555,9.79593
val,M,22.58957,11.171462
val,M,22.372028,6.7044883
val,M,21.549597,9.311843
val,M,20.035223,9.698638
val,M,18.662987,7.072282
val,M,18.287598,7.059066
val,M,18.735653,8.383711
val,M,19.52632,7.831021
val,M,20.499,5.8932905
val,M,21.507181,6.661663
val,M,22.087292,8.328806
val,M,22.024763,8.532472
val,M,21.636944,7.2487497
val,M,21.203959,7.7202287
val,M,20.814096,7.4635067
val,M,20.427763,7.1097765
val,M,20.156,7.633557
val,M,20.027847,9.005683
val,M,19.915361,12.628116
val,M,19.755306,6.665611
val,M,19.573055,5.436528
val,M,19.35836,7.064163
val,M,19.111626,8.370415
val,M,18.840723,9.338418
val,M,18.55007,7.6497126
val,M,18.32068,8.459277
val,M,18.175112,7.453522
val,M,18.131916,6.8728657
val,M,18.211166,5.6190867
val,M,18.360458,16.355148
val,M,18.502306,14.586296
val,M,18.725124,8.320044
val,M,18.82082,8.783358
val,M,18.475306,11.517796
val,M,17.90068,13.594893
val,M,17.370861,11.189827
val,M,16.924778,8.726766
val,M,16.413834,8.020857
val,M,15.999888,7.999669
val,M,15.725695,8.412757
val,M,15.567945,6.7492285
val,M,15.277208,7.03428
val,M,14.826639,8.819549
val,M,14.510028,8.53404
val,M,14.18925,8.423409
val,M,13.715652,8.600659
val,M,12.621445,8.193588
val,M,10.956181,9.541806
val,M,9.139514,12.518025
val,M,7.1300416,14.61156
val,M,4.6519303,9.382847
val,M,2.0417082,10.092469
val,M,0.43429166,12.319457
val,M,0.020652778,7.1566887
val,M,0.012916666,8.406966
val,M,0.016652778,9.210921
val,M,0.0265,11.888024
val,M,0.03488889,17.534977
val,M,0.02425,16.687346
val,M,0.018208334,14.574415
val,M,0.019722221,14.898883
val,M,0.015819445,17.708658
val,M,0.018569445,15.586751
val,M,0.017083334,7.978134
val,M,0.015027778,9.075626
val,M,0.017430555,5.7174993
val,M,0.018597223,3.7309122
val,M,0.020791667,3.9134624
val,M,0.020583333,7.805231
val,M,0.033486113,14.96157
val,M,0.037722223,16.861637
val,M,0.027069444,14.7475
val,M,0.023138888,7.398204
val,M,0.018236112,6.928069
val,M,0.014902778,9.610702
val,M,0.013888889,9.685058
val,M,0.15858333,6.7736254
val,M,0.7968889,5.775749
val,M,1.8556389,6.1615825
val,M,3.0205,5.465278
val,M,3.7404583,6.9870033
val,M,4.3950834,7.243308
val,M,5.7363334,7.269986
val,M,7.29475,6.068986
val,M,8.312195,8.174887
val,M,8.759736,6.669735
val,M,9.205375,4.351788
val,M,9.531445,3.104584
val,M,9.683444,2.9873354
val,M,9.953722,3.821932
val,M,10.365639,8.682717
val,M,10.805098,9.117708
val,M,11.205958,6.3011312
val,M,11.526417,5.763258
val,M,11.529861,5.646655
val,M,11.154388,5.2816477
val,M,10.682652,6.4301043
val,M,10.314777,7.1148796
val,M,10.291208,6.321971
val,M,10.513805,6.131697
val,M,10.555764,6.8220296
val,M,10.600513,7.7443323
val,M,10.8359585,6.4820495
val,M,10.914208,7.139859
val,M,10.755861,7.95304
val,M,10.626445,10.514907
val,M,10.756986,9.685679
val,M,11.099153,8.856623
val,M,11.287084,7.8716426
val,M,11.238097,7.6558647
val,M,11.001056,7.835961
val,M,10.371347,7.2544165
val,M,9.332653,7.827647
val,M,7.7765417,7.6118608
val,M,6.8183055,7.582819
val,M,7.4838195,6.7816267
val,M,8.708375,5.337302
val,M,9.755042,5.325286
val,M,10.694583,5.447815
val,M,11.516806,5.6416416
val,M,12.126653,5.671895
val,M,12.518653,5.6506557
val,M,12.72275,5.574604
val,M,12.782888,5.456457
val,M,12.788875,5.4595013
val,M,12.805139,5.442394
val,M,12.885764,5.3343987
val,M,13.041695,5.3814535
val,M,13.382931,5.245413
val,M,13.968,5.1594925
val,M,14.498694,6.3737
val,M,14.803583,7.2771664
val,M,14.821153,6.0331726
val,M,14.603972,6.5670767
val,M,14.306014,6.4569798
val,M,14.126153,6.346465
val,M,14.078834,6.2063704
val,M,14.009973,5.5467806
val,M,13.895291,6.0323534
val,M,13.773986,6.086908
val,M,13.598666,5.3617606
val,M,13.34743,5.0500183
val,M,13.027597,5.5117016
val,M,12.711736,5.1704082
val,M,12.555388,6.74672
val,M,12.536597,5.8348823
val,M,12.629541,7.1976266
val,M,12.779959,6.693348
val,M,12.863973,6.471312
val,M,12.809375,6.6907067
val,M,12.740194,7.477783
val,M,12.702139,6.641078
val,M,12.653486,6.011264
val,M,12.652638,8.442827
val,M,12.616709,8.200393
val,M,12.16425,6.315732
val,M,11.257055,5.9184303
val,M,10.290944,6.098468
val,M,9.440486,7.0906925
val,M,8.328278,7.4965577
val,M,6.47575,7.187832
val,M,4.516444,7.1826715
val,M,3.099625,8.818781
val,M,2.0770416,13.572785
val,M,2.4265,7.5884895
val,M,3.984347,7.4706354
val,M,5.4409165,9.317889
val,M,5.9260974,9.899827
val,M,5.452472,9.426818
val,M,4.649542,10.042272
val,M,3.4120696,6.489364
val,M,1.9689167,5.63219
val,M,0.7140833,6.61672
val,M,0.118152775,9.5406275
val,M,0.059166666,6.572216
val,M,0.04140278,6.7688503
val,M,0.022097223,5.906202
val,M,0.018347222,7.12529
val,M,0.015111111,8.07676
val,M,0.017347222,10.97702
val,M,0.017375,9.606693
val,M,0.0185,5.193217
val,M,0.017888889,8.737777
val,M,0.016430555,9.594112
val,M,0.016430555,8.584494
val,M,0.019819444,8.085651
val,M,0.022083333,8.13289
val,M,0.021333333,7.959361
val,M,0.020680556,7.172921
val,M,0.017638888,4.7081933
val,M,0.55775,4.6896152
val,M,2.2165139,6.2226505
val,M,4.027361,7.0546017
val,M,5.3090973,6.448038
val,M,6.051639,5.8904414
val,M,6.342014,5.8722563
val,M,6.7797637,6.274189
val,M,7.559597,7.2053585
val,M,8.459153,6.9490376
val,M,9.226694,6.230275
val,M,9.693973,6.465169
val,M,9.74825,6.980137
val,M,9.6166115,5.9878464
val,M,9.657833,6.6141825
val,M,10.00675,7.275254
val,M,10.511056,7.0576057
val,M,10.990528,6.7059283
val,M,11.456583,7.447284
val,M,11.983556,7.339562
val,M,12.377014,6.960011
val,M,12.503125,7.0648737
val,M,12.492319,5.5401406
val,M,12.373375,6.1858873
val,M,12.147889,8.624197
val,M,11.938375,7.214398
val,M,11.77875,7.2991962
val,M,11.577389,7.9164085
val,M,11.431848,5.8156815
val,M,11.506763,6.2067013
val,M,11.697166,6.720497
val,M,11.815153,5.9394226
val,M,11.75275,6.658452
val,M,11.640513,7.1860776
val,M,11.652181,7.542994
val,M,11.72932,8.170398
val,M,11.732125,7.893857
val,M,11.52093,9.082599
val,M,11.204861,8.245256
val,M,11.025903,7.895762
val,M,11.047778,7.4389586
val,M,11.182236,6.9505644
val,M,11.343764,6.9093447
val,M,11.538819,8.232413
val,M,11.706069,6.052126
val,M,11.727153,5.8101296
val,M,11.240444,4.5769534
val,M,9.810098,7.0677037
val,M,7.5894446,6.655978
val,M,5.2159305,6.880089
val,M,4.187,6.965581
val,M,5.258111,7.161719
val,M,7.318681,7.4132853
val,M,9.365556,8.205761
val,M,10.972736,8.732726
val,M,12.002209,6.8226466
val,M,12.6281805,5.9611635
val,M,13.06225,6.316854
val,M,13.345278,10.049235
val,M,13.457181,15.623961
val,M,13.386764,13.824473
val,M,13.213708,5.419432
val,M,13.079181,6.0465775
val,M,12.96743,5.504755
val,M,12.859487,6.220999
val,M,12.758417,6.7331834
val,M,12.339986,7.222927
val,M,11.991305,6.8770657
val,M,11.744861,7.7708135
val,M,11.326167,8.224466
val,M,11.266472,7.9433775
val,M,11.707472,8.17754
val,M,12.031597,7.106916
val,M,11.895541,2.985705
val,M,11.6889305,11.963155
val,M,11.533153,5.602484
val,M,11.323625,3.85139
val,M,10.739583,7.0224752
val,M,9.911597,6.4929595
val,M,9.165931,9.00641
val,M,8.670111,10.318653
val,M,8.647264,9.640431
val,M,8.887875,10.531739
val,M,9.151709,10.99732
val,M,9.572903,7.8140473
val,M,10.0720415,6.707118
val,M,10.46693,6.5507245
val,M,10.725667,5.723159
val,M,10.633111,6.6039667
val,M,10.167167,6.378276
val,M,9.586875,6.4543457
val,M,9.195736,7.418272
val,M,9.058153,7.5545006
val,M,9.271222,7.8928413
val,M,9.740916,8.765777
val,M,10.094347,8.14683
val,M,10.162292,6.842229
val,M,9.915236,6.3718824
val,M,9.497042,8.098432
val,M,9.178889,7.298847
val,M,9.274792,7.6815133
val,M,9.617986,5.7517624
val,M,9.705347,7.2646284
val,M,9.582027,6.900469
val,M,9.488861,5.6999826
val,M,9.4192915,8.450633
val,M,9.216945,9.214694
val,M,8.829958,8.006441
val,M,8.188541,8.281631
val,M,7.3359027,7.1031723
val,M,6.6282363,6.3602066
val,M,6.172611,5.8267508
val,M,5.812278,6.4247637
val,M,5.4670973,6.9498234
val,M,5.4444165,5.750687
val,M,5.6745834,5.428153
val,M,5.8766527,6.1140776
val,M,6.062667,7.0232735
val,M,6.08325,7.869954
val,M,6.161139,6.839733
val,M,6.3532915,5.86382
val,M,6.0297084,6.5790567
val,M,5.5534167,6.881257
val,M,5.4835277,5.864007
val,M,5.3509445,7.309119
val,M,5.0252776,6.326088
val,M,4.366625,6.3503075
val,M,3.4171388,7.328246
val,M,2.4957778,5.5646734
val,M,1.7630278,5.560067
val,M,1.2670972,7.5370464
val,M,0.79693055,12.078486
val,M,0.30094445,7.2361526
val,M,0.033708334,6.1611295
val,M,0.016555555,5.733518
val,M,0.015236111,7.434992
val,M,0.017597223,8.39326
val,M,0.023791667,8.3984
val,M,0.024833333,8.579405
val,M,0.030402778,8.465511
val,M,0.24213889,8.416126
val,M,0.88925,7.9705353
val,M,1.8893472,11.42213
val,M,2.8378055,9.418404
val,M,3.6270833,5.676944
val,M,4.226097,6.5128317
val,M,4.4582915,7.1004586
val,M,4.477361,7.89024
val,M,4.4579444,6.6565213
val,M,4.456111,6.3864036
val,M,4.471264,5.3424106
val,M,4.5370555,5.92625
val,M,4.6056666,6.1615276
val,M,4.825847,6.145402
val,M,5.209903,5.450309
val,M,5.5603056,5.3940353
val,M,5.98,5.121882
val,M,6.5319443,6.034863
val,M,7.251639,5.824436
val,M,8.038195,5.9034967
val,M,8.610431,5.810981
val,M,8.759389,5.737053
val,M,8.626153,4.8899727
val,M,8.28225,6.115514
val,M,7.618486,6.4036384
val,M,7.342389,5.6497827
val,M,7.9739585,4.9986277
val,M,9.0065975,4.9567246
val,M,9.888125,5.479818
val,M,10.218736,7.274902
val,M,10.072889,7.343581
val,M,9.804625,7.4127817
val,M,9.69993,8.00687
val,M,9.9354725,7.538555
val,M,10.33668,6.482127
val,M,10.695764,5.139258
val,M,10.851556,4.4430027
val,M,10.747889,4.5560904
val,M,10.4245,5.070817
val,M,9.815042,5.5432987
val,M,8.961847,5.5475135
val,M,8.0035,6.8811274
val,M,7.04225,5.3115244
val,M,6.3031945,4.680042
val,M,5.8453193,4.6526995
val,M,5.359486,5.128847
val,M,4.851792,5.8655
val,M,4.535681,5.8249583
val,M,4.4545417,5.4249573
val,M,4.741389,5.43895
val,M,4.97575,5.918143
val,M,4.931972,5.884881
val,M,5.1109166,5.9175386
val,M,5.5512223,6.107044
val,M,5.9645414,10.119391
val,M,6.3129168,12.683011
val,M,6.596236,7.3617983
val,M,6.787667,4.9186344
val,M,6.8942637,7.1820135
val,M,6.960111,7.0274725
val,M,6.9998193,7.039564
val,M,6.9077916,7.276826
val,M,6.566583,5.218973
val,M,6.1571665,7.184002
val,M,5.958153,6.7952967
val,M,6.1900415,6.526885
val,M,6.937903,6.436805
val,M,7.6959305,5.705513
val,M,8.237987,5.819536
val,M,8.732403,6.1685686
val,M,9.095403,6.5339575
val,M,9.385417,7.496196
val,M,9.747958,8.096213
val,M,10.23575,7.0633783
val,M,10.702361,6.2076635
val,M,11.101277,6.7861266
val,M,11.641666,6.5726194
val,M,12.1409445,8.380293
val,M,12.4625,8.461326
val,M,12.662861,7.031436
val,M,12.650458,6.048624
val,M,12.450236,5.1700277
val,M,12.257055,5.318271
val,M,12.18775,5.948408
val,M,12.20025,5.864795
val,M,12.225847,5.9772186
val,M,12.216181,6.258741
val,M,12.100486,6.1519833
val,M,11.870611,7.698042
val,M,11.633805,8.776253
val,M,11.3504305,5.99781
val,M,10.942139,5.2970457
val,M,10.639556,6.4482384
val,M,10.718458,6.7372017
val,M,11.047694,6.5038033
val,M,11.394542,6.615608
val,M,11.707694,5.8997536
val,M,12.006708,6.076206
val,M,12.268666,6.2147202
val,M,12.437041,5.606967
val,M,12.432292,5.1026354
val,M,12.2265415,5.348642
val,M,12.062875,5.700329
val,M,12.135445,6.708114
val,M,12.346639,6.974272
val,M,12.591084,5.9331875
val,M,12.828347,5.3475466
val,M,13.040903,4.9292665
val,M,13.346056,4.880247
val,M,13.7450695,4.872129
val,M,13.987722,4.7467575
val,M,13.967597,4.5766563
val,M,13.771139,4.5362134
val,M,13.51068,4.5173874
val,M,13.25218,4.4621468
val,M,13.0037365,4.4569387
val,M,12.860598,4.472941
val,M,12.819195,4.433568
val,M,12.793875,4.4366064
val,M,12.752542,4.4052763
val,M,12.414763,4.424279
val,M,11.504306,4.4099336
val,M,10.204166,6.0469513
val,M,9.089681,6.3049526
val,M,8.611459,5.4081974
val,M,8.707152,5.844204
val,M,9.235139,5.377005
val,M,9.94818,5.9746537
val,M,10.326555,6.282908
val,M,10.408083,6.2160664
val,M,10.647458,6.4812593
val,M,10.972195,4.227203
val,M,11.063736,1.6017215
val,M,10.886389,6.819244
val,M,10.685445,6.422952
val,M,10.610583,6.9957676
val,M,10.570514,8.672545
val,M,10.567028,8.221254
val,M,10.636528,8.228607
val,M,10.727111,6.855461
val,M,10.834861,5.0890055
val,M,10.977917,5.457472
val,M,11.122528,5.7508907
val,M,11.238958,5.2838235
val,M,11.330459,5.1171665
val,M,11.356556,5.123863
val,M,11.220125,6.2384253
val,M,10.829458,6.2946997
val,M,10.356653,6.1424994
val,M,9.831986,5.256314
val,M,9.286597,5.330231
val,M,9.057083,6.0429287
val,M,9.31475,6.2266684
val,M,9.868292,9.13967
val,M,10.404639,7.61983
val,M,10.798264,6.8029633
val,M,11.054764,6.5675044
val,M,11.260486,6.727826
val,M,11.446139,7.1412525
val,M,11.6218195,6.1245074
val,M,11.781944,4.9158726
val,M,11.788333,4.6619143
val,M,11.643431,4.62187
val,M,11.512667,4.563832
val,M,11.426736,4.526076
val,M,11.3705,4.5757494
val,M,11.351597,4.5902367
val,M,11.373889,4.6712465
val,M,11.426139,5.0921493
val,M,11.412472,5.1991568
val,M,11.416903,5.08543
val,M,11.771584,4.6827497
val,M,12.436597,4.693796
val,M,13.121083,4.6023245
val,M,13.719973,4.4209404
val,M,14.104875,4.4063683
val,M,14.206944,4.421811
val,M,14.120611,4.444729
val,M,13.9094305,4.4506063
val,M,13.690875,4.486062
val,M,13.45168,4.5216813
val,M,13.059028,4.471942
val,M,12.417347,4.5488725
val,M,11.348945,4.648016
val,M,9.77475,4.4868827
val,M,7.975611,4.611527
val,M,6.0570693,4.6013823
val,M,4.2860694,4.5725236
val,M,3.0922084,4.5913596
val,M,2.259625,4.572776
val,M,1.350125,4.5719166
val,M,0.47354168,4.568781
val,M,0.074194446,4.565635
val,M,0.025041666,4.656383
val,M,0.020027777,4.6142745
val,M,0.015875,4.543981
val,M,0.019222222,4.6878214
val,M,0.025263889,4.6213384
val,Y1,3.2724721,1.2118523
val,Y1,4.0361667,3.6993096
val,Y1,4.66575,0.72358096
val,Y1,4.9021945,0.719526
val,Y1,4.8931527,0.60551786
val,Y1,4.866847,0.6525476
val,Y1,4.827389,0.710552
val,Y1,4.7208056,0.67126757
val,Y1,4.527625,1.8855517
val,Y1,4.21025,1.4090497
val,Y1,3.5333471,0.9104777
val,Y1,2.6105695,2.652511
val,Y1,1.7118889,3.9286063
val,Y1,0.91593057,6.273918
val,Y1,0.35043055,8.927663
val,Y1,0.086125,4.7329936
val,Y1,0.024972223,11.494386
val,Y1,0.021833334,18.72762
val,Y1,0.024166666,14.678674
val,Y1,0.024847222,12.606069
val,Y1,0.02575,12.417785
val,Y1,0.042166665,12.095262
val,Y1,0.284,6.1775875
val,Y1,0.7812222,2.4071808
val,Y1,1.3260417,0.9510061
val,Y1,1.9125278,0.81042206
val,Y1,2.4304583,0.9566339
val,Y1,2.6381388,1.2531779
val,Y1,2.25425,1.3079233
val,Y1,1.4279306,1.021347
val,Y1,0.55043054,1.2019687
val,Y1,0.06620833,0.91479576
val,Y1,0.01586111,1.1145613
val,Y1,0.014652777,1.752583
val,Y1,0.017444445,0.7095201
val,Y1,0.019458333,0.9733806
val,Y1,0.016555555,7.035474
val,Y1,0.01761111,5.716832
val,Y1,0.019111112,4.8522787
val,Y1,0.013611111,8.050248
val,Y1,0.012430555,16.073652
val,Y1,0.017888889,6.9153986
val,Y1,0.020069445,4.5762405
val,Y1,0.022041667,5.5589814
val,Y1,0.022930555,7.5886383
val,Y1,0.01825,7.3477335
val,Y1,0.0150138885,17.285614
val,Y1,0.017361112,11.815185
val,Y1,0.017152777,5.9509077
val,Y1,0.01675,8.386029
val,Y1,0.016541667,8.47173
val,Y1,0.014375,6.5328665
val,Y1,0.014402778,4.554875
val,Y1,0.015583334,1.6756423
val,Y1,0.017013889,5.898414
val,Y1,0.015027778,4.609307
val,Y1,0.0136388885,1.9966955
val,Y1,0.017,15.621053
val,Y1,0.015791666,17.485096
val,Y1,0.014777778,19.31895
val,Y1,0.024388889,21.663555
val,Y1,0.029972222,16.471165
val,Y1,0.02476389,15.3346615
val,Y1,0.021625,20.663313
val,Y1,0.020569444,21.71703
val,Y1,0.018791666,19.98389
val,Y1,0.017583333,18.61803
val,Y1,0.016097222,18.629784
val,Y1,0.018680556,19.516603
val,Y1,0.018069444,20.004795
val,Y1,0.015,21.026134
val,Y1,0.016402777,17.820116
val,Y1,0.017319445,18.154205
val,Y1,0.015819445,19.539204
val,Y1,0.015791666,18.492718
val,Y1,0.016625,21.051128
val,Y1,0.012888889,20.16577
val,Y1,0.012361111,20.068762
val,Y1,0.01375,16.649837
val,Y1,0.015888888,17.542274
val,Y1,0.016972221,11.596922
val,Y1,0.014777778,17.776752
val,Y1,0.01673611,18.441437
val,Y1,0.02136111,8.608553
val,Y1,0.021875,7.222148
val,Y1,0.016652778,5.32559
val,Y1,0.011888889,8.318124
val,Y1,0.0133472225,13.8059225
val,Y1,0.015402778,12.2137
val,Y1,0.011833333,10.263663
val,Y1,0.013041667,9.10007
val,Y1,0.016458333,10.482805
val,Y1,0.016597223,9.340629
val,Y1,0.016847223,6.8896523
val,Y1,0.016347222,6.341241
val,Y1,0.015152778,4.5579085
val,Y1,0.016402777,0.9420748
val,Y1,0.01625,0.98567295
val,Y1,0.016472222,0.99388987
val,Y1,0.016791666,1.1535809
val,Y1,0.013236111,1.1136682
val,Y1,0.014652777,0.8422393
val,Y1,0.017347222,0.8113666
val,Y1,0.01726389,0.74323547
val,Y1,0.013958333,0.7260386
val,Y1,0.0145,0.75861084
val,Y1,0.016458333,0.74054337
val,Y1,0.014569445,0.7228225
val,Y1,0.015305555,0.7109017
val,Y1,0.015180555,0.8249063
val,Y1,0.01913889,6.620384
val,Y1,0.017277777,4.3265243
val,Y1,0.01225,3.9692307
val,Y1,0.013569444,6.16667
val,Y1,0.014347223,18.22827
val,Y1,0.012708333,13.104005
val,Y1,0.010513889,9.05692
val,Y1,0.012861111,10.868341
val,Y1,0.015291667,20.476635
val,Y1,0.016027778,16.876907
val,Y1,0.017291667,8.21053
val,Y1,0.020986112,20.245344
val,Y1,0.018402778,15.191518
val,Y1,0.012819445,8.033486
val,Y1,0.014319444,14.286758
val,Y1,0.015944444,11.177693
val,Y1,0.014166667,6.0761538
val,Y1,0.013930555,8.22919
val,Y1,0.012805556,16.791283
val,Y1,0.013625,12.989274
val,Y1,0.020055555,16.571527
val,Y1,0.022458334,16.160503
val,Y1,0.018583333,10.966486
val,Y1,0.016361112,11.698903
val,Y1,0.018652778,6.5125914
val,Y1,0.020625,9.866958
val,Y1,0.020861112,9.753835
val,Y1,0.017333332,5.8449736
val,Y1,0.018291667,7.256226
val,Y1,0.018194444,6.259259
val,Y1,0.015152778,7.364829
val,Y1,0.015569445,9.62254
val,Y1,0.0144305555,8.355113
val,Y1,0.014611111,7.8736277
val,Y1,0.017944444,5.471591
val,Y1,0.018791666,5.9747257
val,Y1,0.015888888,9.701081
val,Y1,0.013736111,8.303562
val,Y1,0.014736111,16.248857
val,Y1,0.014541667,12.212386
val,Y1,0.010916667,11.325504
val,Y1,0.012180556,15.464546
val,Y1,0.014958333,15.821236
val,Y1,0.014652777,10.658524
val,Y1,0.0154444445,8.516998
val,Y1,0.015138889,22.395576
val,Y1,0.016208334,23.160942
val,Y1,0.17445834,15.365514
val,Y1,0.40859723,10.931713
val,Y1,0.55690277,18.17271
val,Y1,0.8831667,13.725335
val,Y1,1.1673194,17.655334
val,Y1,1.0764722,19.609724
val,Y1,0.7220278,18.924665
val,Y1,0.38090277,18.445904
val,Y1,0.23219444,16.08065
val,Y1,0.14141667,18.487507
val,Y1,0.052875,17.082642
val,Y1,0.011569444,16.213423
val,Y1,0.01573611,17.489803
val,Y1,0.037458334,19.45956
val,Y1,0.3263889,12.751622
val,Y1,0.8349444,20.086452
val,Y1,1.0287639,21.092937
val,Y1,0.58241665,21.355858
val,Y1,0.09847222,21.175158
val,Y1,0.08195833,20.161325
val,Y1,0.15783334,13.045893
val,Y1,0.109513886,12.360946
val,Y1,0.106458336,12.704427
val,Y1,0.9366111,19.461796
val,Y1,2.3517084,24.4025
val,Y1,3.4503472,21.468586
val,Y1,4.33025,13.497552
val,Y1,4.928403,17.427118
val,Y1,5.2175694,16.191198
val,Y1,5.698125,20.102852
val,Y1,6.286556,21.300045
val,Y1,6.555639,19.060902
val,Y1,6.6921387,12.649697
val,Y1,6.889694,9.59998
val,Y1,7.073167,14.411187
val,Y1,6.8265557,16.638657
val,Y1,6.1151805,19.266579
val,Y1,5.071625,14.437294
val,Y1,3.626375,9.198707
val,Y1,2.1644444,12.180594
val,Y1,1.0835278,14.446026
val,Y1,0.5215833,9.55147
val,Y1,0.31561112,10.9760895
val,Y1,0.14980556,15.053689
val,Y1,0.029291667,14.126059
val,Y1,0.020055555,12.008302
val,Y1,0.019208333,13.397794
val,Y1,0.018986112,16.764328
val,Y1,0.017236112,14.334949
val,Y1,0.018375,19.473766
val,Y1,0.07238889,19.306534
val,Y1,0.6625417,13.474178
val,Y1,1.8485,17.956417
val,Y1,2.7335835,20.461472
val,Y1,3.2072778,16.19231
val,Y1,4.1391807,13.043494
val,Y1,4.971375,19.062843
val,Y1,5.0848055,20.883986
val,Y1,4.9367223,10.805205
val,Y1,4.640625,15.602504
val,Y1,4.3145137,18.645325
val,Y1,3.929,19.23512
val,Y1,3.4380417,21.368656
val,Y1,3.2117639,22.465456
val,Y1,3.917361,17.379099
val,Y1,4.7901945,14.088612
val,Y1,5.278514,20.457874
val,Y1,5.9398193,18.52252
val,Y1,6.647,12.935177
val,Y1,7.2645,8.728698
val,Y1,7.9140835,15.499241
val,Y1,8.659513,15.881763
val,Y1,9.37982,9.234712
val,Y1,10.074695,16.625778
val,Y1,10.597417,21.374653
val,Y1,10.861195,17.967758
val,Y1,11.224195,11.948409
val,Y1,11.7699585,20.981064
val,Y1,12.298195,22.060825
val,Y1,12.764042,19.13607
val,Y1,13.279458,13.981404
val,Y1,13.804611,18.400005
val,Y1,14.016848,18.381567
val,Y1,13.850472,13.441863
val,Y1,13.757916,13.727941
val,Y1,14.014472,14.418307
val,Y1,14.342944,14.081691
val,Y1,14.741722,11.733734
val,Y1,15.393389,15.797464
val,Y1,16.10279,20.301432
val,Y1,16.692305,20.682411
val,Y1,17.145416,20.33892
val,Y1,17.576653,22.124374
val,Y1,18.009972,17.231987
val,Y1,18.44464,9.155107
val,Y1,18.931889,15.263012
val,Y1,19.217154,20.956158
val,Y1,19.249666,18.628576
val,Y1,19.183666,14.406371
val,Y1,20.147,14.215462
val,Y1,20.67904,18.211708
val,Y1,20.33336,17.345673
val,Y1,20.230556,15.694873
val,Y1,20.010292,18.166584
val,Y1,19.830236,21.233665
val,Y1,19.478083,22.77427
val,Y1,19.323584,22.428783
val,Y1,19.323944,20.563404
val,Y1,19.274763,17.58128
val,Y1,19.232111,19.902706
val,Y1,19.407291,20.04638
val,Y1,19.512793,21.87436
val,Y1,19.22725,21.28682
val,Y1,18.865208,18.80822
val,Y1,18.533625,15.025981
val,Y1,18.21404,18.449362
val,Y1,18.197763,22.115782
val,Y1,18.38293,18.63804
val,Y1,18.400625,15.609674
val,Y1,18.215569,18.55156
val,Y1,17.849264,13.529286
val,Y1,15.528736,16.946337
val,Y1,10.505472,13.208268
val,Y1,6.945903,17.599722
val,Y1,6.6250696,17.748508
val,Y1,7.6330557,17.732487
val,Y1,10.197166,13.642228
val,Y1,14.880083,13.987778
val,Y1,17.60132,16.132174
val,Y1,17.459097,18.383568
val,Y1,17.433971,16.351488
val,Y1,17.368986,12.994227
val,Y1,17.247375,10.559951
val,Y1,17.22368,16.209587
val,Y1,17.363792,14.494746
val,Y1,17.474,12.174679
val,Y1,17.168417,20.59309
val,Y1,16.481375,16.783447
val,Y1,15.852153,10.474389
val,Y1,15.462916,12.517831
val,Y1,15.399487,21.636265
val,Y1,15.599264,23.396387
val,Y1,15.876805,15.622301
val,Y1,16.197666,7.393549
val,Y1,16.542347,11.167485
val,Y1,16.911625,6.923069
val,Y1,17.303194,6.975199
val,Y1,17.722416,11.898862
val,Y1,18.063972,11.546628
val,Y1,18.130985,22.334663
val,Y1,18.01668,23.07625
val,Y1,17.946514,13.060971
val,Y1,17.947111,6.7986946
val,Y1,17.939264,10.202296
val,Y1,17.936111,8.880362
val,Y1,17.95561,18.394054
val,Y1,17.96089,20.338577
val,Y1,17.98543,12.204885
val,Y1,18.053389,8.142886
val,Y1,17.994736,20.516815
val,Y1,17.959625,19.044601
val,Y1,17.972279,14.903407
val,Y1,17.936861,17.730692
val,Y1,17.905598,11.924879
val,Y1,17.828222,18.037617
val,Y1,17.521791,17.489433
val,Y1,17.505556,22.921076
val,Y1,17.654417,18.292929
val,Y1,17.514875,10.511748
val,Y1,17.521166,9.076091
val,Y1,17.622139,16.916256
val,Y1,17.777472,16.118841
val,Y1,17.958347,20.436935
val,Y1,18.166666,21.465197
val,Y1,18.259874,17.29607
val,Y1,18.320765,11.741509
val,Y1,18.403486,13.644922
val,Y1,18.429375,14.085799
val,Y1,18.246305,9.495004
val,Y1,17.864319,7.155282
val,Y1,17.491459,7.227914
val,Y1,17.0625,6.4395137
val,Y1,16.828028,4.618351
val,Y1,16.736431,5.1438503
val,Y1,16.610374,4.62527
val,Y1,16.498514,4.250325
val,Y1,16.375292,4.4591374
val,Y1,16.284555,4.2424097
val,Y1,16.333,4.161591
val,Y1,16.406403,5.2640142
val,Y1,16.600973,5.3955364
val,Y1,16.943472,4.711346
val,Y1,17.140194,4.4075575
val,Y1,17.262388,4.391933
val,Y1,17.362,4.324016
val,Y1,17.45836,4.206011
val,Y1,17.46107,4.2281055
val,Y1,17.376625,4.1357975
val,Y1,17.299917,4.055748
val,Y1,17.230347,4.0774426
val,Y1,17.15071,4.012545
val,Y1,17.001583,3.9912202
val,Y1,16.745125,3.990208
val,Y1,16.371098,3.9581072
val,Y1,15.884848,4.0668135
val,Y1,15.227597,4.145593
val,Y1,14.467389,4.125295
val,Y1,13.912389,4.124728
val,Y1,13.5477915,4.0686574
val,Y1,13.13325,4.117133
val,Y1,12.735473,4.061134
val,Y1,12.301431,3.99589
val,Y1,12.051306,4.1015654
val,Y1,12.163889,4.1437225
val,Y1,12.404347,4.584805
val,Y1,12.730306,4.147229
val,Y1,13.097153,4.552806
val,Y1,13.375139,5.2308044
val,Y1,13.394444,5.662076
val,Y1,13.100166,6.437372
val,Y1,12.041708,5.3510075
val,Y1,10.301139,4.677065
val,Y1,9.568375,4.5794077
val,Y1,9.640667,6.7543325
val,Y1,9.274777,6.10712
val,Y1,9.511945,4.20499
val,Y1,10.182472,4.2754683
val,Y1,10.268222,4.1157823
val,Y1,10.024917,4.0540066
val,Y1,9.810875,4.1705956
val,Y1,9.756708,4.161063
val,Y1,9.860042,4.1953616
val,Y1,10.142097,3.8955529
val,Y1,10.527014,4.1548038
val,Y1,10.8805,4.0559173
val,Y1,11.2034025,4.651104
val,Y1,11.534653,4.193956
val,Y1,11.828042,4.5937486
val,Y1,11.961667,4.5030403
val,Y1,11.976722,4.4435425
val,Y1,11.93557,4.201252
val,Y1,11.9064865,4.5396714
val,Y1,11.896264,3.3545773
val,Y1,11.507903,0.8150849
val,Y1,10.652903,6.1247573
val,Y1,9.487597,3.8911307
val,Y1,8.215083,3.8977854
val,Y1,7.389375,3.972214
val,Y1,7.3343472,3.9825728
val,Y1,7.834361,3.938481
val,Y1,8.550361,3.9150662
val,Y1,9.259973,3.9560409
val,Y1,9.774195,3.9299936
val,Y1,9.996764,3.9558764
val,Y1,10.094014,4.0280275
val,Y1,10.072473,3.982532
val,Y1,9.943306,3.9620726
val,Y1,10.022889,4.010532
val,Y1,10.348722,3.9404862
val,Y1,10.684875,3.9779375
val,Y1,10.914319,3.9666
val,Y1,10.932028,4.0007906
val,Y1,10.772611,4.1811576
val,Y1,10.579708,4.1658235
val,Y1,10.375986,3.903151
val,Y1,10.158597,4.023032
val,Y1,9.228861,4.5410414
val,Y1,7.792028,5.0979156
val,Y1,6.659236,5.842154
val,Y1,5.6275554,15.650515
val,Y1,5.0069165,8.520703
val,Y1,4.8743057,6.2559657
val,Y1,5.2215695,6.153596
val,Y1,5.7111526,5.3753157
val,Y1,5.8811946,6.8023977
val,Y1,5.9721947,4.7694817
val,Y1,5.8419166,4.48696
val,Y1,5.325,4.162009
val,Y1,4.404139,3.943928
val,Y1,3.5350277,4.2020764
val,Y1,2.7463195,4.2748227
val,Y1,1.734125,5.2652607
val,Y1,0.84033334,5.4904766
val,Y1,0.2518889,7.6249924
val,Y1,0.029625,9.847368
val,Y1,0.018888889,13.499539
val,Y1,0.017111111,18.102463
val,Y1,0.021638889,19.73712
val,Y1,0.021291668,21.139793
val,Y1,0.020541666,15.89284
val,Y1,0.018902779,13.385996
val,Y1,0.016208334,10.599968
val,Y1,0.019194445,8.227843
val,Y1,0.018847222,7.690183
val,Y1,0.015486111,7.425842
val,Y1,0.02088889,7.0140443
val,Y1,0.024236111,5.0220594
val,Y1,0.020361455,1.227737
val,Y1,0.017849453,1.1498003
val,Y1,0.01806097,1.0193158
val,Y1,0.01806425,0.8020383
val,Y1,0.018067531,0.77692986
val,Y1,0.018070811,0.68867
val,Y1,0.018074092,0.8679416
val,Y1,0.018077374,0.76527345
val,Y1,0.018080654,0.8018244
val,Y1,0.018083936,0.7858107
val,Y1,0.018087216,0.7790452
val,Y1,0.018090496,0.7262392
val,Y1,0.018093778,0.7435137
val,Y1,0.018097058,0.87676793
val,Y1,0.01810034,0.75439733
val,Y1,0.01810362,0.8958781
val,Y1,0.0181069,0.8927457
val,Y1,0.018110182,0.72708523
val,Y1,0.018113462,0.7623024
val,Y1,0.018116742,0.74952674
val,Y1,0.018120024,0.749947
val,Y1,0.018123304,0.75539964
val,Y1,0.018126586,1.6070037
val,Y1,0.018129867,1.7894802
val,Y1,0.018133147,2.4016027
val,Y1,0.018136429,12.160809
val,Y1,0.018139709,10.5587225
val,Y1,0.01814299,8.48362
val,Y1,0.01814627,19.212551
val,Y1,0.018149551,21.187433
val,Y1,0.018152833,13.860517
val,Y1,0.018156113,8.347219
val,Y1,0.018159393,7.444993
val,Y1,0.018162675,7.4335155
val,Y1,0.018165955,4.775488
val,Y1,0.018169237,1.2699182
val,Y1,0.018172517,0.8630799
val,Y1,0.018175798,0.6812721
val,Y1,0.01817908,0.7209807
val,Y1,0.01818236,0.6624917
val,Y1,0.018185642,1.2343032
val,Y1,0.018188922,0.7554821
val,Y1,0.018192202,0.6588055
val,Y1,0.018195484,0.6254559
val,Y1,0.018198764,0.594265
val,Y1,0.018202046,0.7232784
val,Y1,0.018205326,0.6334126
val,Y1,0.018208606,0.706005
val,Y1,0.018211888,0.7448838
val,Y1,0.018215168,0.7313881
val,Y1,0.018218448,0.74176717
val,Y1,0.01822173,0.64058435
val,Y1,0.01822501,0.7636772
val,Y1,0.018228292,0.70316535
val,Y1,0.018231573,0.7559677
val,Y1,0.018234853,0.7846424
val,Y1,0.018238135,0.75855196
val,Y1,0.018241415,0.7708703
val,Y1,0.018244697,0.5978209
val,Y1,0.018247977,0.6532435
val,Y1,0.018251257,0.7997174
val,Y1,0.018254539,0.679017
val,Y1,0.01825782,0.73604417
val,Y1,0.018261101,0.7463993
val,Y1,0.018264381,0.673305
val,Y1,0.018267661,0.6832554
val,Y1,0.018270943,0.6178442
val,Y1,0.018274223,0.7060595
val,Y1,0.018277504,1.9734731
val,Y1,0.018280786,7.817985
val,Y1,0.018284066,21.810818
val,Y1,0.018287348,19.743711
val,Y1,0.018290628,12.810914
val,Y1,0.018293908,6.0418262
val,Y1,0.01829719,10.513145
val,Y1,0.01830047,16.213263
val,Y1,0.018303752,8.258285
val,Y1,0.018307032,6.359192
val,Y1,0.018310312,7.435322
val,Y1,0.018313594,9.430816
val,Y1,0.018316874,10.742812
val,Y1,0.018320154,5.632843
val,Y1,0.018323436,9.029847
val,Y1,0.018326716,13.98552
val,Y1,0.018329998,18.83558
val,Y1,0.018333279,15.924753
val,Y1,0.018336559,16.28463
val,Y1,0.01833984,16.826614
val,Y1,0.01834312,17.47471
val,Y1,0.018346403,19.94716
val,Y1,0.018349683,16.887352
val,Y1,0.018352963,19.190464
val,Y1,0.018356245,19.181473
val,Y1,0.018359525,16.376547
val,Y1,0.018362807,19.744783
val,Y1,0.018366087,16.570774
val,Y1,0.018369367,16.17057
val,Y1,0.01837265,20.339031
val,Y1,0.01837593,19.445671
val,Y1,0.01837921,17.926655
val,Y1,0.018382492,16.244162
val,Y1,0.018385772,17.062304
val,Y1,0.018389054,18.02793
val,Y1,0.018392334,18.500824
val,Y1,0.018395614,19.356102
val,Y1,0.018398896,18.241188
val,Y1,0.018402176,17.866245
val,Y1,0.018405458,21.524288
val,Y1,0.018408738,19.32778
val,Y1,0.018412018,16.589804
val,Y1,0.0184153,18.685127
val,Y1,0.01841858,17.463821
val,Y1,0.01842186,17.575483
val,Y1,0.018425142,8.8499365
val,Y1,0.018428423,13.539492
val,Y1,0.018431704,20.519417
val,Y1,0.018434985,15.548038
val,Y1,0.018438265,14.629077
val,Y1,0.018441547,10.461124
val,Y1,0.018444827,20.912586
val,Y1,0.018448109,15.464475
val,Y1,0.018451389,9.18747
val,Y1,0.018454669,14.446034
val,Y1,0.018457951,17.916237
val,Y1,0.018461231,11.72635
val,Y1,0.018464513,15.015445
val,Y1,0.018467793,21.349354
val,Y1,0.018471073,20.296991
val,Y1,0.018474355,17.774986
val,Y1,0.018477635,19.431486
val,Y1,0.018480916,17.39066
val,Y1,0.018484198,13.881164
val,Y1,0.018487478,13.128837
val,Y1,0.01849076,5.355694
val,Y1,0.01849404,10.71684
val,Y1,0.01849732,8.379647
val,Y1,0.018500602,10.2880945
val,Y1,0.018503882,5.7368555
val,Y1,0.018507164,13.993926
val,Y1,0.018510444,18.133213
val,Y1,0.018513724,13.2007065
val,Y1,0.018517006,12.60646
val,Y1,0.018520286,9.275635
val,Y1,0.018523568,2.9547756
val,Y1,0.018526848,5.3497505
val,Y1,0.018530129,4.822858
val,Y1,0.01853341,1.3397686
val,Y1,0.01853669,1.3403153
val,Y1,0.01853997,1.3110592
val,Y1,0.018543253,0.92270505
val,Y1,0.018546533,1.2422385
val,Y1,0.018549815,1.0471115
val,Y1,0.018553095,1.1150472
val,Y1,0.018556375,1.1091683
val,Y1,0.018559657,5.904101
val,Y1,0.018562937,3.668422
val,Y1,0.01856622,4.133013
val,Y1,0.0185695,4.329336
val,Y1,0.01857278,4.4047565
val,Y1,0.018576061,4.757395
val,Y1,0.018579341,6.1563206
val,Y1,0.018582622,6.5712643
val,Y1,0.018585904,9.887273
val,Y1,0.018589184,11.742265
val,Y1,0.018592466,14.641071
val,Y1,0.018595746,21.05138
val,Y1,0.018599026,23.620438
val,Y1,0.018602308,21.718735
val,Y1,0.018605588,14.412637
val,Y1,0.01860887,10.160445
val,Y1,0.01861215,11.96746
val,Y1,0.01861543,8.947282
val,Y1,0.018618712,11.873979
val,Y1,0.018621992,6.4788065
val,Y1,0.018625274,12.443679
val,Y1,0.018628554,22.92213
val,Y1,0.018631835,22.324533
val,Y1,0.018635117,19.255402
val,Y1,0.018638397,11.597767
val,Y1,0.018641677,14.19755
val,Y1,0.018644959,15.8331175
val,Y1,0.018648239,17.576391
val,Y1,0.01865152,17.09571
val,Y1,0.018654801,20.268509
val,Y1,0.018658081,17.927313
val,Y1,0.018661363,20.853716
val,Y1,0.018664643,21.387594
val,Y1,0.018667925,8.497289
val,Y1,0.018671205,15.479304
val,Y1,0.018674485,20.164988
val,Y1,0.018677767,21.423279
val,Y1,0.018681047,16.351912
val,Y1,0.018684328,7.9829607
val,Y1,0.01868761,17.059473
val,Y1,0.01869089,21.165668
val,Y1,0.018694172,10.4164915
val,Y1,0.018697452,8.785987
val,Y1,0.018700732,7.8872232
val,Y1,0.018704014,9.073602
val,Y1,0.018707294,17.28455
val,Y1,0.018710576,15.954397
val,Y1,0.018713856,12.660005
val,Y1,0.018717136,10.869082
val,Y1,0.018720418,7.3891916
val,Y1,0.018723698,11.001668
val,Y1,0.01872698,19.058163
val,Y1,0.01873026,14.298238
val,Y1,0.01873354,7.4648056
val,Y1,0.018736823,16.883148
val,Y1,0.018740103,19.47465
val,Y1,0.018743383,11.648194
val,Y1,0.018746665,8.608762
val,Y1,0.018749945,6.106112
val,Y1,0.018753227,6.019752
val,Y1,0.018756507,5.6199784
val,Y1,0.018759787,3.3698936
val,Y1,0.018763069,1.1846015
val,Y1,0.01876635,0.95125407
val,Y1,0.018769631,0.74365646
val,Y1,0.018772911,0.7411839
val,Y1,0.018776191,0.75103587
val,Y1,0.018779473,0.80926764
val,Y1,0.018782753,0.70516104
val,Y1,0.018786035,0.7355334
val,Y1,0.018789316,0.7926074
val,Y1,0.018792596,0.7951858
val,Y1,0.018795878,0.7858103
val,Y1,0.018799158,0.75085396
val,Y1,0.018802438,0.7309254
val,Y1,0.01880572,0.77277774
val,Y1,0.018809,0.7629447
val,Y1,0.018812282,0.7510631
val,Y1,0.018815562,0.75609815
val,Y1,0.018818842,0.670092
val,Y1,0.018822124,0.74449575
val,Y1,0.018825404,0.74663764
val,Y1,0.018828686,0.820611
val,Y1,0.018831966,0.81074524
val,Y1,0.018835247,0.74944705
val,Y1,0.018838529,0.7969061
val,Y1,0.018841809,0.76635647
val,Y1,0.018845089,0.74479496
val,Y1,0.01884837,0.77491456
val,Y1,0.01885165,0.77724195
val,Y1,0.018854933,0.7471959
val,Y1,0.018858213,1.853401
val,Y1,0.018861493,7.796088
val,Y1,0.018864775,5.053749
val,Y1,0.018868055,1.8866804
val,Y1,0.018871337,14.917825
val,Y1,0.018874617,19.924084
val,Y1,0.018877897,16.935524
val,Y1,0.01888118,20.340958
val,Y1,0.01888446,19.470116
val,Y1,0.016512396,21.766241
val,Y1,0.012819346,21.446417
val,Y1,0.009847222,20.59383
val,Y1,0.011777778,19.929745
val,Y1,0.013375,22.015324
val,Y1,0.011930555,23.278545
val,Y1,0.012986111,20.569424
val,Y1,0.013652778,11.981642
val,Y1,0.013402778,19.38019
val,Y1,0.05226389,15.838128
val,Y1,0.27926388,18.474335
val,Y1,0.6620139,17.205547
val,Y1,1.1225694,11.523775
val,Y1,1.5672916,12.619415
val,Y1,1.8522917,13.730231
val,Y1,2.0977917,21.172382
val,Y1,2.516528,19.923275
val,Y1,2.9073195,18.709976
val,Y1,3.0822778,18.053493
val,Y1,3.123,22.32911
val,Y1,2.988875,16.448074
val,Y1,2.400861,4.2333364
val,Y1,1.23775,13.840077
val,Y1,0.35059723,20.542904
val,Y1,0.41793054,21.17915
val,Y1,0.90434724,17.288126
val,Y1,1.1666944,19.733805
val,Y1,1.2451528,20.456448
val,Y1,1.2584862,20.70987
val,Y1,1.2060833,21.99805
val,Y1,0.9236111,21.81222
val,Y1,0.36070833,16.893356
val,Y1,0.049694445,16.960405
val,Y1,0.29043055,16.299654
val,Y1,0.8336389,14.095752
val,Y1,1.5254444,15.638862
val,Y1,2.165111,13.422747
val,Y1,2.592264,14.008756
val,Y1,2.9049582,17.055725
val,Y1,3.099347,12.099653
val,Y1,3.3400555,18.496029
val,Y1,3.8719306,19.133434
val,Y1,4.633861,19.181036
val,Y1,5.4003887,17.03695
val,Y1,5.9755,16.112486
val,Y1,6.205097,21.507736
val,Y1,6.202083,21.043495
val,Y1,6.1430693,20.66721
val,Y1,5.6445417,17.014105
val,Y1,4.4175835,18.42801
val,Y1,2.9714305,13.121613
val,Y1,1.8333611,12.01867
val,Y1,0.97920835,17.68826
val,Y1,0.7131111,18.541002
val,Y1,1.14525,18.503532
val,Y1,1.9634861,18.677269
val,Y1,2.911,12.387285
val,Y1,3.8950694,21.44122
val,Y1,4.9987917,21.082006
val,Y1,6.056847,13.663423
val,Y1,6.92075,15.1696415
val,Y1,7.6780415,20.708996
val,Y1,8.555166,20.267387
val,Y1,9.535708,10.884975
val,Y1,10.455778,13.704133
val,Y1,11.2295,19.750534
val,Y1,11.838514,15.851268
val,Y1,12.065348,6.5336246
val,Y1,12.080292,5.3116646
val,Y1,12.256541,12.4271755
val,Y1,12.463305,14.972622
val,Y1,12.484153,16.309248
val,Y1,12.363833,20.345882
val,Y1,12.377277,16.424448
val,Y1,12.587569,16.720184
val,Y1,12.894111,19.258224
val,Y1,13.342875,18.6526
val,Y1,13.910403,13.492501
val,Y1,14.289,8.594023
val,Y1,14.349764,9.850347
val,Y1,14.23793,16.823372
val,Y1,14.056916,19.557205
val,Y1,13.9235,17.20137
val,Y1,13.912945,14.936134
val,Y1,13.929861,14.373883
val,Y1,13.819639,20.95343
val,Y1,13.481944,19.480742
val,Y1,12.911153,7.928277
val,Y1,12.06768,9.844912
val,Y1,10.977597,17.234123
val,Y1,9.694208,21.584711
val,Y1,8.247458,20.991112
val,Y1,6.721208,18.42073
val,Y1,5.1430974,17.804926
val,Y1,3.770347,9.610913
val,Y1,2.8632638,11.449037
val,Y1,2.2451944,16.38254
val,Y1,1.6204306,10.3289385
val,Y1,0.9358472,5.180629
val,Y1,0.34590277,8.122243
val,Y1,0.05976389,20.095663
val,Y1,0.015722223,17.187319
val,Y1,0.016763888,19.366112
val,Y1,0.023055555,20.614449
val,Y1,0.019694444,21.430544
val,Y1,0.01625,17.318233
val,Y1,0.016819444,18.155807
val,Y1,0.015611111,19.75281
val,Y1,0.027055556,15.8532095
val,Y1,0.27958333,10.435267
val,Y1,1.1204584,10.293561
val,Y1,2.5385833,10.500289
val,Y1,4.137,12.541627
val,Y1,5.582556,11.984741
val,Y1,6.626764,8.927762
val,Y1,7.448111,9.779033
val,Y1,8.34182,18.624008
val,Y1,9.253695,18.723381
val,Y1,10.030736,14.984091
val,Y1,10.548708,13.394767
val,Y1,10.908389,21.827858
val,Y1,11.162403,24.076
val,Y1,11.2381525,17.390747
val,Y1,11.214486,19.838583
val,Y1,11.2583475,14.347449
val,Y1,11.380764,18.147991
val,Y1,11.549069,12.489305
val,Y1,11.627264,15.415481
val,Y1,11.690625,13.890639
val,Y1,11.998278,20.891504
val,Y1,12.446569,16.336752
val,Y1,12.832861,19.406662
val,Y1,12.906555,20.016138
val,Y1,12.604611,21.228836
val,Y1,12.208777,20.130592
val,Y1,11.819458,13.5176
val,Y1,11.562695,7.613228
val,Y1,11.497347,19.317513
val,Y1,11.592292,19.636225
val,Y1,11.844736,20.965597
val,Y1,12.197611,20.945154
val,Y1,12.646055,19.535412
val,Y1,13.136541,19.418736
val,Y1,13.635959,17.284834
val,Y1,14.11307,14.979793
val,Y1,14.524972,15.554215
val,Y1,14.891111,14.793795
val,Y1,15.283556,17.69273
val,Y1,15.6895,14.365154
val,Y1,16.079153,15.777168
val,Y1,16.435097,21.758385
val,Y1,16.510445,22.167007
val,Y1,16.312374,12.992642
val,Y1,16.082624,17.97425
val,Y1,15.7925,16.40874
val,Y1,15.525431,16.515404
val,Y1,15.364264,15.32391
val,Y1,15.29718,9.7058325
val,Y1,15.331889,11.818908
val,Y1,15.437083,8.2136965
val,Y1,15.630931,18.91158
val,Y1,15.872945,12.29186
val,Y1,16.082111,16.84613
val,Y1,16.317959,19.868599
val,Y1,16.56143,18.510477
val,Y1,16.804235,9.2545805
val,Y1,16.988806,14.974997
val,Y1,16.940416,12.21799
val,Y1,16.799791,12.061385
val,Y1,16.709515,17.182398
val,Y1,16.630598,12.036371
val,Y1,16.607098,8.15904
val,Y1,16.627832,7.6618447
val,Y1,16.653473,6.851823
val,Y1,16.57868,8.147435
val,Y1,16.313652,7.3859587
val,Y1,16.071583,6.1466846
val,Y1,15.952917,2.366446
val,Y1,15.895486,18.223389
val,Y1,15.885612,18.021196
val,Y1,15.966625,16.624222
val,Y1,16.159737,18.31018
val,Y1,16.42125,14.538287
val,Y1,16.705805,13.63305
val,Y1,16.945333,16.248474
val,Y1,17.098667,11.109
val,Y1,17.167236,5.9613314
val,Y1,17.073889,6.908448
val,Y1,16.726875,12.009028
val,Y1,16.441236,17.11816
val,Y1,16.27557,17.273766
val,Y1,16.052055,16.7504
val,Y1,15.857653,20.092493
val,Y1,15.649611,19.304495
val,Y1,15.458333,20.757936
val,Y1,15.470278,18.165453
val,Y1,15.5842085,13.705129
val,Y1,15.671958,12.877645
val,Y1,15.92857,19.568642
val,Y1,16.2835,19.43453
val,Y1,16.604347,18.91474
val,Y1,16.764668,14.916334
val,Y1,16.61789,15.362892
val,Y1,16.411985,11.660773
val,Y1,16.44318,19.837833
val,Y1,16.545458,21.529022
val,Y1,16.59143,21.15213
val,Y1,16.688055,20.554802
val,Y1,16.914625,13.433893
val,Y1,17.325945,10.17362
val,Y1,17.533138,8.795321
val,Y1,17.588041,18.55495
val,Y1,17.688765,17.187561
val,Y1,17.78814,7.456538
val,Y1,18.01582,19.479872
val,Y1,15.839056,15.396153
val,Y1,13.06975,7.823365
val,Y1,15.074513,13.088789
val,Y1,16.851902,17.729698
val,Y1,16.834139,12.713488
val,Y1,16.396444,14.889596
val,Y1,16.172348,13.232081
val,Y1,17.030987,11.136806
val,Y1,17.049765,12.123476
val,Y1,17.15157,13.092064
val,Y1,17.264833,12.523355
val,Y1,17.388708,15.8110075
val,Y1,17.613972,11.939532
val,Y1,17.924862,10.50475
val,Y1,18.118166,10.856116
val,Y1,18.042418,16.944841
val,Y1,17.829348,13.174027
val,Y1,17.694986,16.858482
val,Y1,17.438972,17.137932
val,Y1,17.35868,16.543056
val,Y1,17.422361,18.863815
val,Y1,17.213015,20.113739
val,Y1,16.877972,19.41962
val,Y1,16.497194,18.285313
val,Y1,14.653625,13.023846
val,Y1,11.107986,9.438472
val,Y1,9.679402,13.770503
val,Y1,10.669209,14.903375
val,Y1,13.229139,17.323622
val,Y1,17.254055,18.841175
val,Y1,18.730694,17.362873
val,Y1,15.910986,11.648853
val,Y1,14.774458,10.390774
val,Y1,15.639806,6.3234797
val,Y1,15.150069,4.8234596
val,Y1,14.81932,16.157034
val,Y1,14.599305,19.923126
val,Y1,14.439445,16.786575
val,Y1,14.37975,19.65381
val,Y1,14.466695,19.95721
val,Y1,14.660403,8.130078
val,Y1,14.927097,8.209362
val,Y1,15.255542,9.468948
val,Y1,15.603472,5.9896297
val,Y1,15.894764,10.878255
val,Y1,16.031403,16.569704
val,Y1,16.035069,11.647909
val,Y1,15.958514,11.212406
val,Y1,15.795806,15.141025
val,Y1,15.670167,18.089867
val,Y1,15.586708,10.368162
val,Y1,15.487111,5.3812504
val,Y1,15.4928055,7.6286497
val,Y1,15.613847,18.250431
val,Y1,15.790944,18.650635
val,Y1,16.003736,12.872343
val,Y1,16.208847,13.519008
val,Y1,16.425306,12.336221
val,Y1,16.680792,11.806647
val,Y1,16.94293,9.282501
val,Y1,17.042973,10.790108
val,Y1,17.007181,9.700525
val,Y1,16.985374,4.7594523
val,Y1,17.008278,17.555939
val,Y1,17.032402,18.520292
val,Y1,16.965763,8.059013
val,Y1,16.847458,6.7421284
val,Y1,16.70932,5.222229
val,Y1,16.526806,4.868312
val,Y1,16.304264,6.816114
val,Y1,16.014639,6.6064205
val,Y1,15.652833,21.45685
val,Y1,15.421833,20.772972
val,Y1,15.83075,10.033822
val,Y1,16.38975,10.535203
val,Y1,16.132153,12.192906
val,Y1,15.701361,10.755551
val,Y1,15.939764,9.270169
val,Y1,16.322195,8.738773
val,Y1,16.597084,8.090512
val,Y1,17.053375,7.122237
val,Y1,17.541973,5.0471015
val,Y1,17.782833,5.7659426
val,Y1,18.050264,4.327229
val,Y1,18.380556,4.1143856
val,Y1,18.719389,4.894822
val,Y1,18.743181,6.430954
val,Y1,18.442833,7.7422934
val,Y1,18.419737,7.071042
val,Y1,18.479986,8.00056
val,Y1,18.562445,8.697596
val,Y1,18.631569,9.843698
val,Y1,18.63707,18.728306
val,Y1,18.584986,21.001966
val,Y1,18.483236,19.769978
val,Y1,18.450903,19.970001
val,Y1,18.659708,20.792496
val,Y1,18.975348,19.9283
val,Y1,19.208208,21.370874
val,Y1,19.260666,20.850746
val,Y1,18.989153,19.532772
val,Y1,18.58364,17.965809
val,Y1,18.240389,15.284865
val,Y1,17.957916,16.14987
val,Y1,17.743792,20.704464
val,Y1,17.578167,23.125954
val,Y1,17.387875,18.686626
val,Y1,17.162264,9.016561
val,Y1,16.94243,7.0797844
val,Y1,16.732056,5.6901226
val,Y1,16.532694,5.1784067
val,Y1,16.338028,10.596744
val,Y1,16.169542,5.2984715
val,Y1,15.968792,1.3090334
val,Y1,15.3355,1.0082886
val,Y1,14.033806,0.9012883
val,Y1,12.2346945,0.82070684
val,Y1,10.1695,0.7910414
val,Y1,8.185264,0.92051065
val,Y1,6.4142637,0.8164313
val,Y1,4.717417,0.775792
val,Y1,3.4129722,0.8027315
val,Y1,2.7464583,0.78295875
val,Y1,2.4036806,0.84150004
val,Y1,2.1443195,0.8212912
val,Y1,1.8995972,0.78297436
val,Y1,1.6124306,0.8804154
val,Y1,1.383875,0.8377943
val,Y1,1.3812778,0.82714957
val,Y1,1.5410694,0.9352467
val,Y1,1.7668889,1.2796183
val,Y1,1.9334167,6.967295
val,Y1,1.9510139,4.328914
val,Y1,1.854125,12.213664
val,Y1,1.6579722,23.42144
val,Y1,1.4030555,20.667353
val,Y1,1.1552222,8.97757
val,Y1,0.9692639,15.692563
val,Y1,0.82773614,13.807319
val,Y1,0.66823614,18.842955
val,Y1,0.48170835,21.6207
val,Y1,0.31780556,19.443813
val,Y1,0.22226389,17.846056
val,Y1,0.17743056,17.16203
val,Y1,0.16455555,17.156187
val,Y1,0.14258334,19.197128
val,Y1,0.09009722,18.732513
val,Y1,0.09144445,23.431614
val,Y1,0.12488889,19.45678
val,Y1,0.112833336,13.298769
val,Y1,0.06834722,15.297712
val,Y1,0.033444446,18.319355
val,Y1,0.053847224,19.957247
val,Y1,0.18452778,17.997124
val,Y1,0.3794028,19.730623
val,Y1,0.7252361,17.066349
val,Y1,1.5228611,16.255463
val,Y1,2.652,20.648315
val,Y1,3.7925,18.747158
val,Y1,4.6092224,20.267668
val,Y1,4.815875,17.314085
val,Y1,4.579167,16.156471
val,Y1,4.084528,14.205712
val,Y1,3.0785832,6.353875
val,Y1,1.9010694,8.100653
val,Y1,1.064861,7.3923655
val,Y1,0.4745139,5.3354673
val,Y1,0.15147223,3.949074
val,Y1,0.045763887,1.6299291
val,Y1,0.029680556,0.8792674
val,Y1,0.03426389,0.77846324
val,Y1,0.12241667,0.6948438
val,Y1,0.46229166,0.72874063
val,Y1,1.005014,0.71059906
val,Y1,1.8157083,0.73732924
val,Y1,2.898764,0.69330156
val,Y1,3.825361,0.6957286
val,Y1,4.2579165,0.71002316
val,Y1,4.2684584,0.75391424
val,Y1,4.024903,0.7735541
val,Y1,3.5425277,1.0577991
val,Y1,3.0542917,4.2345996
val,Y1,2.3909721,10.12353
val,Y1,1.5666945,17.513529
val,Y1,0.83252776,22.693901
val,Y1,0.26934722,18.95348
val,Y1,0.062416665,16.60971
val,Y1,0.025138889,20.76675
val,Y1,0.0165,15.040469
val,Y1,0.027027778,16.648779
val,Y1,0.029166667,20.03358
val,Y1,0.031597223,13.897452
val,Y1,0.027902778,8.165633
val,Y1,0.015125,12.550611
val,Y1,0.016375,17.450535
val,Y1,0.01825,17.810995
val,Y1,0.020680556,9.30258
val,Y1,0.022472221,16.072834
val,Y1,0.022277778,22.436852
val,Y1,0.019472223,13.541639
val,Y1,0.019277778,19.880898
val,Y1,0.02,22.06337
val,Y1,0.017833333,19.014275
val,Y1,0.04822222,6.8483686
val,Y1,0.32258335,10.700658
val,Y1,1.1243056,19.035614
val,Y1,2.2275555,16.867249
val,Y1,3.1209862,16.195105
val,Y1,4.085292,20.187326
val,Y1,4.7805557,11.876039
val,Y1,5.0184584,13.387535
val,Y1,5.0344443,20.13596
val,Y1,4.7767363,21.515549
val,Y1,4.30475,19.070326
val,Y1,3.4813888,18.066635
val,Y1,2.5087361,15.595575
val,Y1,1.4741806,12.612167
val,Y1,0.6822639,13.434218
val,Y1,0.323125,9.085597
val,Y1,0.25893056,12.016763
val,Y1,0.45469445,14.469002
val,Y1,1.0789584,16.624975
val,Y1,2.1722083,19.410782
val,Y1,3.3327222,16.627213
val,Y1,4.297,15.565047
val,Y1,5.1312776,17.768724
val,Y1,5.7576528,18.17008
val,Y1,6.110708,14.581979
val,Y1,6.39275,18.773811
val,Y1,6.7356944,17.573643
val,Y1,6.938597,20.205332
val,Y1,6.9790554,20.80075
val,Y1,7.0875416,19.273327
val,Y1,6.808486,14.032003
val,Y1,5.799097,19.00341
val,Y1,4.462111,19.431515
val,Y1,3.090111,13.856865
val,Y1,1.8565,11.773038
val,Y1,0.93875,7.5647745
val,Y1,0.3333889,5.4239197
val,Y1,0.06675,1.3881773
val,Y1,0.03286111,5.9950814
val,Y1,0.03811111,4.3859367
val,Y1,0.03636111,3.7189944
val,Y1,0.025319444,3.784508
val,Y1,0.029472223,3.8407385
val,Y1,0.02576389,3.8266184
val,Y1,0.024430556,3.786341
val,Y1,0.022263888,3.857155
val,Y1,0.019444445,3.8359168
val,Y1,0.02725,3.867554
val,Y1,0.030736111,3.8596766
val,Y1,0.024944445,3.820391
val,Y1,0.022652777,3.869367
val,Y1,0.020513888,3.9108784
val,Y1,0.021222223,3.8134854
val,Y1,0.019694444,3.8259232
val,Y1,0.019055555,3.929322
val,Y1,0.019916667,3.86648
val,Y1,0.017791666,3.9145386
val,Y1,0.052930556,3.8579953
val,Y1,0.6020278,4.014028
val,Y1,1.8913472,3.8485255
val,Y1,3.2699027,3.9169538
val,Y1,4.5096807,4.3101435
val,Y1,5.342347,4.4055457
val,Y1,5.715653,4.54987
val,Y1,6.1309724,4.6649623
val,Y1,6.4310417,6.4019856
val,Y1,6.1889305,8.868381
val,Y1,5.248,15.287185
val,Y1,3.9620833,18.08088
val,Y1,2.7592223,13.088299
val,Y1,1.7597222,16.48066
val,Y1,0.91154164,16.205256
val,Y1,0.27481943,12.350201
val,Y1,0.033625,8.001491
val,Y1,0.028097222,12.973006
val,Y1,0.034986112,19.198475
val,Y1,0.030277777,12.939313
val,Y1,0.03158333,18.213398
val,Y1,0.043583333,6.1528053
val,Y1,0.049111113,5.861269
val,Y1,0.04238889,7.672535
val,Y1,0.032680556,7.2637124
val,Y1,0.03075,10.596028
val,Y1,0.029888889,9.4294405
val,Y1,0.032541666,5.314893
val,Y1,0.030888889,6.0944405
val,Y1,0.025888888,6.706503
val,Y1,0.025777778,9.734458
val,Y1,0.031027777,11.298156
val,Y1,0.028652778,8.799657
val,Y1,0.02576389,8.088831
val,Y1,0.031444445,11.028998
val,Y1,0.032375,8.8842325
val,Y1,0.025944445,7.4138975
val,Y1,0.026972223,6.675012
val,Y1,0.029152777,10.595925
val,Y1,0.030694444,13.784841
val,Y1,0.028944444,11.095534
val,Y1,0.025888888,8.117877
val,Y1,0.03784722,10.985337
val,Y1,0.038444445,17.117065
val,Y1,0.024305556,8.133149
val,Y1,0.022513889,14.4380045
val,Y1,0.16751389,16.787798
val,Y1,1.2986667,16.141754
val,Y1,3.2073195,21.70271
val,Y1,4.856736,21.701366
val,Y1,6.137486,20.323277
val,Y1,7.0616665,17.621376
val,Y1,7.5787363,9.327004
val,Y1,7.897861,5.867449
val,Y1,8.487875,4.765105
val,Y1,9.438444,6.4187646
val,Y1,10.49293,8.007557
val,Y1,11.203195,12.867735
val,Y1,11.801125,13.123935
val,Y1,12.680986,20.253418
val,Y1,12.98175,20.434736
val,Y1,12.603069,13.531493
val,Y1,12.293125,13.165971
val,Y1,12.110625,8.206919
val,Y1,12.095834,13.640386
val,Y1,12.240181,12.214094
val,Y1,12.413736,14.480653
val,Y1,12.568264,21.107433
val,Y1,12.545208,22.547146
val,Y1,12.432208,21.745049
val,Y1,12.436402,17.356058
val,Y1,12.5431385,16.5647
val,Y1,12.757639,15.6175375
val,Y1,13.067639,16.887672
val,Y1,13.294791,21.810501
val,Y1,13.348778,18.199945
val,Y1,13.362958,8.952802
val,Y1,13.439236,11.961276
val,Y1,13.611167,14.70029
val,Y1,13.869722,18.364016
val,Y1,14.167625,15.705106
val,Y1,14.372097,15.316283
val,Y1,14.379889,17.686382
val,Y1,14.255222,14.886497
val,Y1,14.090389,20.67965
val,Y1,13.911847,22.651524
val,Y1,13.703195,23.366833
val,Y1,13.467097,18.240776
val,Y1,13.248264,16.284441
val,Y1,13.032028,12.897273
val,Y1,12.788931,16.600231
val,Y1,12.582681,15.801887
val,Y1,12.432597,14.233666
val,Y1,12.278097,19.378931
val,Y1,12.106209,14.373303
val,Y1,11.938347,13.417842
val,Y1,11.785486,20.177593
val,Y1,11.650778,17.686523
val,Y1,11.559028,15.309722
val,Y1,11.564986,13.999838
val,Y1,11.655292,16.576447
val,Y1,11.844055,16.991665
val,Y1,11.974361,9.684452
val,Y1,11.804694,13.57095
val,Y1,11.466681,17.895592
val,Y1,11.127236,8.003996
val,Y1,10.7428055,12.688069
val,Y1,10.372209,16.98487
val,Y1,9.901694,17.147636
val,Y1,9.205722,21.131996
val,Y1,8.426861,16.99873
val,Y1,7.8103194,20.431026
val,Y1,7.4270835,16.991676
val,Y1,7.119236,19.041088
val,Y1,6.873264,20.119263
val,Y1,6.701375,19.761364
val,Y1,6.5811806,21.459791
val,Y1,6.4774723,15.724381
val,Y1,6.3001943,13.771384
val,Y1,6.0127363,15.796832
val,Y1,5.632347,20.717844
val,Y1,5.1944723,18.412498
val,Y1,4.8055415,20.003635
val,Y1,4.359319,20.66374
val,Y1,3.836,13.8291
val,Y1,3.3341527,14.372684
val,Y1,2.780639,17.380154
val,Y1,2.2051806,13.906447
val,Y1,1.6672223,12.728147
val,Y1,1.0773473,17.089146
val,Y1,0.5314861,17.448006
val,Y1,0.18808334,18.10223
val,Y1,0.22229166,22.265835
val,Y1,0.8146389,19.330711
val,Y1,1.8855417,13.533277
val,Y1,2.9524305,17.874577
val,Y1,3.78925,15.99604
val,Y1,4.6214166,18.268908
val,Y1,5.400069,15.014306
val,Y1,6.079639,13.47903
val,Y1,6.7278333,8.862468
val,Y1,7.372611,14.91035
val,Y1,7.8132224,17.750961
val,Y1,8.131778,19.812351
val,Y1,8.320778,20.748962
val,Y1,9.116944,19.537088
val,Y1,10.052917,11.173636
val,Y1,10.363931,9.303084
val,Y1,10.779236,15.436393
val,Y1,11.233903,14.923413
val,Y1,11.625055,17.795952
val,Y1,11.955444,15.670348
val,Y1,12.411028,19.2613
val,Y1,12.862473,13.404314
val,Y1,13.026292,17.56744
val,Y1,12.967055,20.441994
val,Y1,12.787639,21.290815
val,Y1,12.609583,19.528107
val,Y1,12.644139,19.16332
val,Y1,13.013403,16.265842
val,Y1,13.368764,19.009447
val,Y1,13.347042,17.418314
val,Y1,13.241542,21.143482
val,Y1,13.22525,22.713484
val,Y1,13.22175,19.90562
val,Y1,13.342944,18.07062
val,Y1,13.5309305,19.61076
val,Y1,13.419639,16.073376
val,Y1,12.735695,18.508516
val,Y1,11.796458,11.047429
val,Y1,11.068722,18.19355
val,Y1,10.766097,21.592346
val,Y1,10.873902,21.00736
val,Y1,11.163681,17.435617
val,Y1,11.305708,11.81817
val,Y1,11.250139,13.080086
val,Y1,11.252486,8.699461
val,Y1,11.415264,6.4032345
val,Y1,11.634236,12.082186
val,Y1,11.755445,20.00769
val,Y1,11.748472,13.702165
val,Y1,11.646791,16.419209
val,Y1,11.503375,19.831135
val,Y1,11.390403,6.9954395
val,Y1,11.247444,6.608674
val,Y1,10.866514,17.68283
val,Y1,10.137167,13.123225
val,Y1,9.386167,10.1376
val,Y1,8.703097,21.43303
val,Y1,7.6638055,18.227283
val,Y1,6.078,14.768537
val,Y1,4.2617083,15.572475
val,Y1,2.6107361,16.660625
val,Y1,1.1735139,18.004095
val,Y1,0.26620832,18.690063
val,Y1,0.034319445,23.217726
val,Y1,0.037861113,21.521696
val,Y1,0.044069443,12.905542
val,Y1,0.05666667,20.56387
val,Y1,0.06861111,13.317372
val,Y1,0.05475,10.512164
val,Y1,0.030986112,7.0197487
val,Y1,0.024097223,8.064372
val,Y1,0.02738889,15.712022
val,Y1,0.027930556,13.869422
val,Y1,0.031680554,7.000751
val,Y1,0.035819445,7.108923
val,Y1,0.03259722,9.717024
val,Y1,0.035875,8.547053
val,Y1,0.041666668,9.363758
val,Y1,0.03445833,9.920467
val,Y1,0.024944445,8.704156
val,Y1,0.023611112,9.504235
val,Y1,0.030083334,14.993831
val,Y1,0.026305556,11.16833
val,Y1,0.019180555,7.6243954
val,Y1,0.018902779,14.939975
val,Y1,0.018930556,15.513568
val,Y1,0.021986112,17.798183
val,Y1,0.018125,13.184169
val,Y1,0.015375,14.8950405
val,Y1,0.019763889,21.59476
val,Y1,0.023458334,18.396662
val,Y1,0.03711111,10.644645
val,Y1,0.5696389,9.734399
val,Y1,1.6920834,18.066292
val,Y1,2.8692918,18.077103
val,Y1,3.9260416,14.001464
val,Y1,4.9853334,8.941878
val,Y1,6.155958,7.5266643
val,Y1,7.140875,7.45286
val,Y1,7.909111,9.447648
val,Y1,8.628417,20.501484
val,Y1,9.312667,5.5096226
val,Y1,9.965959,6.991856
val,Y1,10.5534725,14.011079
val,Y1,11.008014,9.598365
val,Y1,11.215347,12.132981
val,Y1,11.252264,12.503352
val,Y1,11.239403,20.404402
val,Y1,11.314792,17.81697
val,Y1,11.492778,13.518251
val,Y1,11.670681,16.052977
val,Y1,11.850041,6.553462
val,Y1,12.0367365,10.639022
val,Y1,12.3041525,13.005177
val,Y1,12.6184025,13.934604
val,Y1,12.902695,11.329179
val,Y1,13.198958,15.258118
val,Y1,13.475223,14.250023
val,Y1,13.606806,18.55355
val,Y1,13.565014,16.638199
val,Y1,13.720722,9.998803
val,Y1,13.84368,6.792373
val,Y1,13.642375,15.011598
val,Y1,13.457639,19.228184
val,Y1,13.280541,17.958187
val,Y1,13.137347,8.897792
val,Y1,13.101055,8.5142975
val,Y1,13.1617775,15.831174
val,Y1,13.298972,13.894622
val,Y1,13.462417,14.506791
val,Y1,13.609361,16.316544
val,Y1,13.672305,9.687402
val,Y1,13.615444,8.90519
val,Y1,13.504278,7.580864
val,Y1,13.378528,4.897146
val,Y1,13.144,5.5002365
val,Y1,12.757847,4.740795
val,Y1,12.562361,7.3838787
val,Y1,12.6455555,9.169248
val,Y1,12.757055,10.342927
val,Y1,12.764931,9.349322
val,Y1,12.593764,10.862196
val,Y1,12.353611,13.336912
val,Y1,12.131166,15.071908
val,Y1,11.91282,15.947917
val,Y1,11.703611,13.004517
val,Y1,11.580903,11.43993
val,Y1,11.666098,18.815931
val,Y1,12.00332,21.190744
val,Y1,12.449472,19.1363
val,Y1,12.892764,14.515952
val,Y1,13.258764,19.394108
val,Y1,13.342139,19.481882
val,Y1,13.090931,16.641403
val,Y1,12.659722,18.616539
val,Y1,12.417681,14.001158
val,Y1,12.420527,17.007193
val,Y1,12.491264,18.038155
val,Y1,12.602445,14.144647
val,Y1,12.7086115,19.889874
val,Y1,12.784555,19.245705
val,Y1,12.883695,19.120174
val,Y1,13.027889,19.306652
val,Y1,12.962389,16.376945
val,Y1,12.616292,16.851664
val,Y1,12.303861,21.863747
val,Y1,12.1987915,21.044111
val,Y1,12.280027,11.180398
val,Y1,12.6750555,10.236517
val,Y1,13.248944,13.269758
val,Y1,13.626028,17.173584
val,Y1,13.849083,19.051632
val,Y1,14.006722,13.662871
val,Y1,14.100028,19.107643
val,Y1,14.20307,20.01595
val,Y1,14.250208,19.809074
val,Y1,14.247569,20.68872
val,Y1,14.125667,22.172161
val,Y1,13.685917,18.61853
val,Y1,12.843125,19.774406
val,Y1,11.821389,21.116665
val,Y1,11.008111,12.651116
val,Y1,10.459014,9.634013
val,Y1,9.944403,11.000613
val,Y1,9.365167,12.144469
val,Y1,8.706333,19.14792
val,Y1,8.075472,12.110369
val,Y1,7.6665277,13.828996
val,Y1,7.3553195,16.563555
val,Y1,7.114736,6.2446156
val,Y1,7.2050276,6.6531544
val,Y1,7.6310415,10.128522
val,Y1,7.8661804,6.65866
val,Y1,7.5404305,12.409165
val,Y1,6.7666807,13.200429
val,Y1,5.8487916,7.0573807
val,Y1,5.531736,7.655946
val,Y1,6.1335416,10.739891
val,Y1,7.1531944,12.641049
val,Y1,8.037666,9.028044
val,Y1,8.3385,18.28298
val,Y1,8.042889,18.280327
val,Y1,7.443236,6.79914
val,Y1,7.073,12.737273
val,Y1,7.2997084,22.052032
val,Y1,7.737347,14.101002
val,Y1,7.969097,17.789572
val,Y1,8.098431,8.843827
val,Y1,8.384181,13.956817
val,Y1,8.843111,22.750965
val,Y1,9.281125,19.672678
val,Y1,9.330584,20.50476
val,Y1,8.782431,15.101735
val,Y1,8.122375,16.166393
val,Y1,7.755306,10.005751
val,Y1,7.7984166,8.475173
val,Y1,8.300264,6.855185
val,Y1,8.9563055,6.5392394
val,Y1,9.537611,17.388428
val,Y1,9.98125,12.266486
val,Y1,10.410861,10.241658
val,Y1,10.90407,19.846804
val,Y1,11.408417,13.544998
val,Y1,11.868806,13.843245
val,Y1,12.067333,11.160617
val,Y1,11.945583,19.45578
val,Y1,11.916847,18.545528
val,Y1,11.957848,22.494713
val,Y1,11.868237,20.689638
val,Y1,11.932902,13.589585
val,Y1,12.138667,17.285503
val,Y1,12.275778,17.525814
val,Y1,12.2537775,11.225785
val,Y1,12.157598,9.168157
val,Y1,12.185291,6.035974
val,Y1,12.309042,9.851861
val,Y1,12.484,13.987737
val,Y1,12.793195,15.327975
val,Y1,13.11525,10.886113
val,Y1,13.178458,9.989778
val,Y1,13.011791,8.640026
val,Y1,12.872931,4.3183556
val,Y1,12.809486,1.2858256
val,Y1,12.784972,1.2013779
val,Y1,12.751667,1.0116954
val,Y1,12.580444,0.71330374
val,Y1,12.335208,0.75719315
val,Y1,12.138166,0.8121163
val,Y1,12.013778,0.7714298
val,Y1,11.933958,1.3471977
val,Y1,11.880972,10.132596
val,Y1,11.7884865,4.9754667
val,Y1,11.526639,4.4334188
val,Y1,10.998777,6.9661465
val,Y1,9.837277,12.045617
val,Y1,8.323459,9.300636
val,Y1,6.842625,14.358612
val,Y1,5.5920973,14.910628
val,Y1,5.112486,11.651351
val,Y1,5.4615417,6.5685763
val,Y1,6.34775,20.565517
val,Y1,7.3200417,19.983566
val,Y1,8.175138,8.93376
val,Y1,8.835305,15.0150585
val,Y1,9.074417,16.832693
val,Y1,9.219542,14.213985
val,Y1,9.537084,12.6589155
val,Y1,9.744653,17.17566
val,Y1,9.702791,14.702117
val,Y1,9.549848,15.667459
val,Y1,9.226528,13.004912
val,Y1,8.121764,8.763999
val,Y1,6.2005835,5.13903
val,Y1,4.200861,1.5587249
val,Y1,3.193375,1.8824575
val,Y1,3.4598196,3.4118607
val,Y1,4.2849584,3.523808
val,Y1,5.3470974,1.3242946
val,Y1,6.2960696,1.0927603
val,Y1,6.880528,0.8924848
val,Y1,7.231292,0.806636
val,Y1,7.5233474,0.79170895
val,Y1,7.8535695,0.76229924
val,Y1,8.12425,0.73615897
val,Y1,8.4985,0.79184645
val,Y1,9.040556,0.8610127
val,Y1,9.412403,0.80002135
val,Y1,9.534014,0.7606102
val,Y1,9.561569,0.8326973
val,Y1,9.706291,0.8524295
val,Y1,10.055139,0.78472453
val,Y1,10.436111,0.77703536
val,Y1,10.781153,0.81407964
val,Y1,11.084444,0.7504314
val,Y1,11.312708,0.79214597
val,Y1,11.362514,0.74953914
val,Y1,11.298098,0.9012577
val,Y1,11.286292,0.8026096
val,Y1,11.32475,0.8006146
val,Y1,11.410597,0.82755816
val,Y1,11.499945,0.8185357
val,Y1,11.452681,0.8523239
val,Y1,11.249778,0.78354514
val,Y1,11.034695,0.78009284
val,Y1,10.923625,0.78598344
val,Y1,10.989333,0.7918464
val,Y1,11.163792,0.9165989
val,Y1,11.338486,6.8361373
val,Y1,11.403306,4.2100205
val,Y1,11.441472,3.7062428
val,Y1,11.451902,4.285292
val,Y1,11.391986,5.3652267
val,Y1,11.428653,6.2162027
val,Y1,11.548445,1.7314849
val,Y1,11.697972,0.9075527
val,Y1,11.790014,8.791987
val,Y1,11.686916,7.25005
val,Y1,11.386598,18.071243
val,Y1,11.017125,13.888337
val,Y1,10.65057,10.083416
val,Y1,10.262208,10.969892
val,Y1,9.343153,19.778175
val,Y1,7.907625,20.327168
val,Y1,7.0531945,19.740635
val,Y1,7.097236,19.96993
val,Y1,7.4956527,21.289196
val,Y1,7.932625,21.248318
val,Y1,8.225486,19.54309
val,Y1,8.304833,16.679642
val,Y1,8.443277,12.444688
val,Y1,8.632819,17.394419
val,Y1,8.4724865,22.255966
val,Y1,8.061764,17.915491
val,Y1,7.7206945,14.667972
val,Y1,7.5399446,18.93021
val,Y1,7.8669724,16.299913
val,Y1,8.61925,18.469791
val,Y1,9.370542,20.667027
val,Y1,9.955305,16.407806
val,Y1,10.326889,8.9489
val,Y1,10.559111,14.113942
val,Y1,10.603764,17.174114
val,Y1,10.519139,14.898568
val,Y1,10.507986,14.370404
val,Y1,10.621764,16.570625
val,Y1,10.811139,19.83525
val,Y1,11.042209,20.304424
val,Y1,11.300445,19.840729
val,Y1,11.584598,16.516233
val,Y1,11.847777,15.900342
val,Y1,12.028292,21.817719
val,Y1,12.185361,20.005865
val,Y1,12.43225,16.809628
val,Y1,12.560708,21.142273
val,Y1,12.532778,20.678665
val,Y1,12.533764,17.790588
val,Y1,12.513736,15.866501
val,Y1,12.490486,15.566884
val,Y1,12.538417,15.314141
val,Y1,12.649959,16.85713
val,Y1,12.741125,12.63585
val,Y1,12.68407,9.33727
val,Y1,12.5054865,8.202054
val,Y1,12.17693,9.479112
val,Y1,11.511389,8.185193
val,Y1,10.921903,11.553711
val,Y1,10.753472,15.304326
val,Y1,10.843611,19.919167
val,Y1,11.084541,15.091565
val,Y1,11.240778,11.763414
val,Y1,11.145291,11.228261
val,Y1,10.735125,13.045419
val,Y1,9.761389,15.728818
val,Y1,8.64943,15.790093
val,Y1,7.8524446,17.571348
val,Y1,7.18225,11.317576
val,Y1,6.718639,14.492894
val,Y1,6.3775835,16.689152
val,Y1,5.9646387,19.897068
val,Y1,5.5468473,18.664646
val,Y1,5.4295,15.207028
val,Y1,5.8251944,16.704094
val,Y1,6.5990973,16.909134
val,Y1,7.518653,12.163877
val,Y1,8.366861,14.641963
val,Y1,8.978666,14.173222
val,Y1,9.319389,17.004784
val,Y1,9.554722,17.62687
val,Y1,9.800487,18.964111
val,Y1,9.957264,12.48327
val,Y1,9.945111,10.453971
val,Y1,9.592681,7.0599103
val,Y1,8.612041,9.484937
val,Y1,7.1164584,8.306988
val,Y1,5.337861,11.465037
val,Y1,3.4239306,16.59238
val,Y1,1.7383333,13.969762
val,Y1,0.67486113,7.9230633
val,Y1,0.25879166,9.5912895
val,Y1,0.26069444,11.835486
val,Y1,0.66154164,6.427576
val,Y1,1.5620139,10.16579
val,Y1,2.601014,20.27034
val,Y1,3.4989305,7.5039034
val,Y1,4.502347,12.483734
val,Y1,5.5442915,19.778828
val,Y1,6.2116804,22.148829
val,Y1,6.902292,22.579338
val,Y1,7.728083,15.421142
val,Y1,8.489056,21.05471
val,Y1,9.278708,15.736619
val,Y1,9.954486,16.740726
val,Y1,10.574959,11.5786705
val,Y1,11.158167,14.990525
val,Y1,11.698319,11.003102
val,Y1,12.191875,8.848548
val,Y1,12.593361,8.333892
val,Y1,12.743847,10.951417
val,Y1,12.616959,18.636024
val,Y1,12.344639,21.02303
val,Y1,11.861625,20.716305
val,Y1,10.470305,17.592663
val,Y1,8.220056,17.313179
val,Y1,5.845208,13.702373
val,Y1,3.7887778,4.9086494
val,Y1,2.4291666,10.506005
val,Y1,1.6012639,20.196007
val,Y1,0.94429165,19.072216
val,Y1,0.37283334,16.325954
val,Y1,0.07045833,13.067214
val,Y1,0.017555555,9.068358
val,Y1,0.01573611,7.8034925
val,Y1,0.01375,7.1570873
val,Y1,0.013944444,3.140412
val,Y1,0.014819444,13.735079
val,Y1,0.013541667,14.048413
val,Y1,0.01675,9.011737
val,Y1,0.020166667,6.3493366
val,Y1,0.01726389,5.919947
val,Y1,0.013,3.818836
val,Y1,0.014916667,10.128672
val,Y1,0.016958334,16.00229
val,Y1,0.0154444445,14.107064
val,Y1,0.014652777,16.202303
val,Y1,0.019027777,11.080869
val,Y1,0.056361113,16.367174
val,Y1,0.7811528,14.599042
val,Y1,2.435875,13.427014
val,Y1,4.0727363,7.015204
val,Y1,5.419472,6.4532695
val,Y1,6.630236,2.7891479
val,Y1,7.6622915,6.824116
val,Y1,8.6385,5.0962973
val,Y1,9.508792,4.952406
val,Y1,10.121195,7.3100414
val,Y1,10.525291,5.893181
val,Y1,10.872806,3.8359435
val,Y1,11.096958,3.613436
val,Y1,11.191347,4.0501294
val,Y1,11.301639,4.1071887
val,Y1,11.443791,4.0528
val,Y1,11.63825,4.045907
val,Y1,11.803486,4.7862496
val,Y1,11.739944,4.162874
val,Y1,11.610416,5.3514414
val,Y1,11.552472,6.531749
val,Y1,11.420111,8.362602
val,Y1,11.229389,16.601303
val,Y1,11.028055,8.988671
val,Y1,10.82643,6.309204
val,Y1,10.611514,11.037772
val,Y1,10.470959,4.6067286
val,Y1,10.466,3.8690338
val,Y1,10.461139,3.911958
val,Y1,10.337042,3.9165606
val,Y1,9.8903055,3.9665577
val,Y1,9.114,3.9090078
val,Y1,8.048653,3.8808777
val,Y1,6.7633195,4.033272
val,Y1,5.5289583,4.163015
val,Y1,4.432903,3.9108791
val,Y1,3.2502222,3.9226477
val,Y1,1.9075834,3.909
val,Y1,0.754875,3.892276
val,Y1,0.15055555,3.9252076
val,Y1,0.020041667,3.9370296
val,Y1,0.016819444,12.981935
val,Y1,0.017458333,9.613048
val,Y1,0.019347223,3.889521
val,Y1,0.018583333,5.739585
val,Y1,0.015375,5.38968
val,Y1,0.016194444,4.7437315
val,Y1,0.026805555,4.413008
val,Y1,0.033013888,3.9851
val,Y1,0.046861112,3.9550636
val,Y1,0.3937639,3.9416726
val,Y1,1.4839722,3.9480245
val,Y1,2.9900138,4.2754273
val,Y1,4.3885555,4.189957
val,Y1,5.6371527,5.742488
val,Y1,6.7300415,5.237932
val,Y1,7.566861,5.2918377
val,Y1,8.231569,11.675387
val,Y1,8.842611,18.135406
val,Y1,9.4665,9.260541
val,Y1,10.1045,5.6258965
val,Y1,10.685389,5.3751464
val,Y1,11.027945,6.369479
val,Y1,10.962431,7.0907464
val,Y1,10.677972,10.4803295
val,Y1,10.439153,9.360608
val,Y1,10.343139,9.283435
val,Y1,10.438389,11.598599
val,Y1,10.70175,13.645581
val,Y1,11.10475,11.827075
val,Y1,11.505847,15.996582
val,Y1,11.719903,19.925915
val,Y1,11.929958,22.307848
val,Y1,12.172806,21.645287
val,Y1,12.516528,20.3375
val,Y1,12.79893,21.84205
val,Y1,12.795597,16.53181
val,Y1,12.784542,17.633575
val,Y1,12.939445,14.124787
val,Y1,13.196,11.273173
val,Y1,13.401944,13.791987
val,Y1,13.56725,21.373682
val,Y1,13.7236805,17.956495
val,Y1,13.835527,20.230267
val,Y1,13.8915415,18.287895
val,Y1,13.875931,16.404972
val,Y1,13.7693615,18.78699
val,Y1,13.606167,19.60099
val,Y1,13.517709,12.445341
val,Y1,13.335819,16.323309
val,Y1,13.111083,18.58186
val,Y1,12.962806,19.767422
val,Y1,12.726556,20.300694
val,Y1,12.487972,18.276733
val,Y1,12.234583,18.56946
val,Y1,11.876375,15.551264
val,Y1,10.928778,15.451446
val,Y1,10.00868,13.285262
val,Y1,9.849347,17.144556
val,Y1,10.092195,16.423563
val,Y1,10.594806,18.019802
val,Y1,11.012875,20.01473
val,Y1,10.985861,13.22849
val,Y1,10.542486,12.289551
val,Y1,10.019444,11.829354
val,Y1,9.293417,18.883915
val,Y1,8.196555,13.12482
val,Y1,6.831903,17.137068
val,Y1,5.1320972,19.360628
val,Y1,3.3185418,9.772575
val,Y1,1.7746667,8.041749
val,Y1,0.7766111,7.512513
val,Y1,0.38183334,18.738277
val,Y1,0.20993055,21.662418
val,Y1,0.06344444,15.628849
val,Y1,0.018152777,12.321807
val,Y1,0.021694444,13.517281
val,Y1,0.018375,13.030128
val,Y1,0.012944444,10.39232
val,Y1,0.013736111,14.631883
val,Y1,0.012277778,18.032782
val,Y1,0.012111112,18.30297
val,Y1,0.014652777,16.811188
val,Y1,0.014291666,13.565557
val,Y1,0.0150138885,19.461107
val,Y1,0.016541667,20.842941
val,Y1,0.015722223,19.865112
val,Y1,0.012,21.964182
val,Y1,0.0101666665,12.444106
val,Y1,0.013388889,16.311676
val,Y1,0.018986112,15.602952
val,Y1,0.017305555,16.65988
val,Y1,0.12938888,15.073224
val,Y1,0.5969028,15.913808
val,Y1,1.368375,17.266579
val,Y1,2.289764,17.25515
val,Y1,3.139139,19.967236
val,Y1,3.8893056,21.0719
val,Y1,4.714611,18.311506
val,Y1,5.5045276,14.617579
val,Y1,6.193486,20.34541
val,Y1,6.767361,20.532984
val,Y1,7.2444444,17.811562
val,Y1,7.6994863,12.182857
val,Y1,8.103153,11.345527
val,Y1,8.442361,10.106514
val,Y1,8.823514,8.366676
val,Y1,9.288111,18.44749
val,Y1,9.766945,18.460548
val,Y1,10.1733885,6.9921336
val,Y1,10.592639,15.444079
val,Y1,11.068694,18.195051
val,Y1,11.509514,19.664223
val,Y1,11.823402,18.889149
val,Y1,12.018153,15.796255
val,Y1,12.262875,16.71026
val,Y1,12.490125,21.282547
val,Y1,12.5795555,17.889774
val,Y1,12.579097,16.239328
val,Y1,12.47925,12.575119
val,Y1,12.347445,16.858341
val,Y1,12.325681,10.523334
val,Y1,12.428041,15.089648
val,Y1,12.640708,16.310476
val,Y1,12.9305,14.903224
val,Y1,13.252973,3.0430896
val,Y1,13.607056,6.3244767
val,Y1,13.859278,18.185938
val,Y1,13.972834,19.539814
val,Y1,14.103042,8.106495
val,Y1,14.214597,17.157623
val,Y1,14.168347,18.623705
val,Y1,13.9858055,19.00377
val,Y1,13.795597,20.111584
val,Y1,13.6545,14.098358
val,Y1,13.477361,6.5789165
val,Y1,13.287666,14.047345
val,Y1,13.192472,19.868988
val,Y1,13.156722,18.801586
val,Y1,13.070014,18.490894
val,Y1,12.899611,17.442368
val,Y1,12.711403,19.071245
val,Y1,12.573014,19.247196
val,Y1,12.559569,13.429729
val,Y1,12.653236,13.78382
val,Y1,12.781959,12.405892
val,Y1,12.894931,19.095316
val,Y1,12.895736,17.981602
val,Y1,12.810611,10.929393
val,Y1,12.839486,7.791339
val,Y1,12.970792,8.558454
val,Y1,13.084291,10.465671
val,Y1,13.180792,9.539695
val,Y1,13.272236,8.555353
val,Y1,13.238305,7.3068485
val,Y1,13.138208,7.8699036
val,Y1,13.1397915,20.203953
val,Y1,13.162236,18.91826
val,Y1,13.184736,20.145912
val,Y1,13.255931,15.049716
val,Y1,13.404041,13.656493
val,Y1,13.579014,10.680711
val,Y1,13.641403,9.465711
val,Y1,13.56268,7.6152606
val,Y1,13.373375,6.18656
val,Y1,13.082833,2.4962606
val,Y1,12.748861,1.1105554
val,Y1,12.5257225,1.9150052
val,Y1,12.5709305,6.591204
val,Y1,12.718764,5.478832
val,Y1,12.7885,7.954414
val,Y1,12.787778,17.049007
val,Y1,12.767208,18.893778
val,Y1,12.782486,18.167137
val,Y1,12.858209,16.846153
val,Y1,13.025306,15.15759
val,Y1,13.215083,16.114584
val,Y1,13.305986,11.904754
val,Y1,13.3575,8.530005
val,Y1,13.460195,11.279574
val,Y1,13.624,10.332606
val,Y1,13.814709,7.302522
val,Y1,13.947264,6.4454823
val,Y1,13.916959,6.7704744
val,Y1,13.775945,7.42885
val,Y1,13.638194,7.664262
val,Y1,13.493944,14.56915
val,Y1,13.342958,13.012859
val,Y1,13.156403,7.97604
val,Y1,12.899125,11.634675
val,Y1,12.610097,20.774612
val,Y1,12.441153,21.789326
val,Y1,12.433639,19.40393
val,Y1,12.531902,9.1266985
val,Y1,12.618527,8.48972
val,Y1,12.587014,10.60226
val,Y1,12.509597,12.039153
val,Y1,12.411014,10.957916
val,Y1,12.272805,14.438277
val,Y1,12.1704445,14.887441
val,Y1,12.193347,16.288399
val,Y1,12.321611,19.91071
val,Y1,12.426653,15.344192
val,Y1,12.55425,19.939083
val,Y1,12.78518,19.773808
val,Y1,13.050028,16.54043
val,Y1,13.301945,12.426547
val,Y1,13.42875,12.271039
val,Y1,13.406986,13.567326
val,Y1,13.300445,18.385048
val,Y1,13.137959,12.560747
val,Y1,13.004708,7.56013
val,Y1,13.000652,7.1694336
val,Y1,13.042431,20.833698
val,Y1,12.9586525,20.187542
val,Y1,12.756917,20.126362
val,Y1,12.520708,20.058304
val,Y1,12.252459,19.311337
val,Y1,12.063139,17.532997
val,Y1,12.130195,15.441173
val,Y1,12.38007,18.307531
val,Y1,12.632916,9.822753
val,Y1,12.772347,8.777062
val,Y1,12.89725,16.534811
val,Y1,13.174306,19.47453
val,Y1,13.527097,17.85569
val,Y1,13.880013,15.952867
val,Y1,14.266292,12.509301
val,Y1,14.583292,18.537596
val,Y1,14.662653,11.847589
val,Y1,14.559652,10.489085
val,Y1,14.412972,19.827873
val,Y1,14.286028,20.685713
val,Y1,14.176875,16.6964
val,Y1,13.978625,12.9491415
val,Y1,13.7270975,17.600355
val,Y1,13.499541,19.037315
val,Y1,13.43593,7.8352327
val,Y1,13.495347,6.8449736
val,Y1,13.383472,18.747772
val,Y1,13.223847,13.189576
val,Y1,13.192708,19.28384
val,Y1,13.193361,19.718704
val,Y1,13.176069,22.456148
val,Y1,13.174791,19.453182
val,Y1,13.18068,19.885124
val,Y1,13.227612,19.922337
val,Y1,13.325472,18.7341
val,Y1,13.364833,15.785482
val,Y1,13.257861,13.85219
val,Y1,13.082236,18.49535
val,Y1,12.962139,20.071363
val,Y1,13.029111,19.264992
val,Y1,13.221916,18.522594
val,Y1,13.204695,17.252314
val,Y1,12.924945,15.7480955
val,Y1,12.661111,16.765364
val,Y1,12.554361,21.632545
val,Y1,12.550667,17.175611
val,Y1,12.568347,16.742336
val,Y1,12.427584,16.950993
val,Y1,12.207361,16.788136
val,Y1,12.139222,20.195637
val,Y1,12.203153,19.410837
val,Y1,12.342472,18.42435
val,Y1,12.442069,18.059055
val,Y1,12.407028,19.472015
val,Y1,12.371778,19.523582
val,Y1,12.44425,18.998177
val,Y1,12.502319,19.842493
val,Y1,12.5002775,16.327627
val,Y1,12.6321945,16.813631
val,Y1,12.838889,16.572062
val,Y1,12.840667,17.89758
val,Y1,12.666862,19.374361
val,Y1,12.452556,19.977295
val,Y1,12.255139,19.57777
val,Y1,12.148889,20.347078
val,Y1,12.169625,19.273478
val,Y1,12.408195,21.549526
val,Y1,12.823527,21.85905
val,Y1,13.234917,21.119745
val,Y1,13.465403,14.560544
val,Y1,13.452917,17.639917
val,Y1,13.321806,19.723686
val,Y1,13.17207,21.609226
val,Y1,13.020722,15.154121
val,Y1,12.91675,16.293118
val,Y1,12.902431,20.164272
val,Y1,12.914444,16.664362
val,Y1,12.938528,15.381162
val,Y1,12.949445,18.823181
val,Y1,12.926569,18.028847
val,Y1,12.971625,13.339145
val,Y1,13.081458,6.4376025
val,Y1,13.139847,5.551846
val,Y1,13.114737,5.122257
val,Y1,13.061973,4.930869
val,Y1,13.009681,5.6211042
val,Y1,12.939917,6.6951957
val,Y1,12.851791,7.4179506
val,Y1,12.750722,13.841927
val,Y1,12.692528,14.778647
val,Y1,12.713292,15.168568
val,Y1,12.688194,9.151482
val,Y1,12.595098,6.8045955
val,Y1,12.610278,8.082805
val,Y1,12.742306,8.529272
val,Y1,12.889847,8.698218
val,Y1,13.057292,6.894493
val,Y1,13.219528,7.6726685
val,Y1,13.255652,15.609297
val,Y1,13.106556,9.20136
val,Y1,12.859458,10.606868
val,Y1,12.647986,14.337831
val,Y1,12.540597,13.475024
val,Y1,12.472555,15.4426565
val,Y1,12.39932,20.964523
val,Y1,12.35968,8.48475
val,Y1,12.39407,18.369429
val,Y1,12.507139,10.88057
val,Y1,12.662027,6.3626947
val,Y1,12.813209,18.242325
val,Y1,12.989361,20.724083
val,Y1,13.284972,18.017448
val,Y1,13.603222,11.803264
val,Y1,13.7265,14.330161
val,Y1,13.719042,7.0126295
val,Y1,13.750292,8.109374
val,Y1,13.808306,9.419173
val,Y1,13.827486,15.142337
val,Y1,13.800528,18.047607
val,Y1,13.764667,15.962983
val,Y1,13.736542,10.614186
val,Y1,13.732639,6.926605
val,Y1,13.769527,4.6674957
val,Y1,13.847111,2.5683553
val,Y1,14.001236,3.3526065
val,Y1,14.174097,8.9283
val,Y1,14.176473,19.243336
val,Y1,13.967264,18.765293
val,Y1,13.688347,21.752522
val,Y1,13.487194,19.738575
val,Y1,13.380639,19.168036
val,Y1,13.283792,11.536172
val,Y1,13.212875,11.905178
val,Y1,13.150833,20.230465
val,Y1,12.991597,17.021086
val,Y1,12.625112,16.520674
val,Y1,11.967,15.791848
val,Y1,10.969084,19.066513
val,Y1,9.709347,19.093071
val,Y1,8.245236,16.392517
val,Y1,6.594028,20.726229
val,Y1,5.211736,20.355305
val,Y1,4.589792,15.406301
val,Y1,4.483847,17.143015
val,Y1,4.584722,18.675097
val,Y1,4.701625,15.477269
val,Y1,4.520236,11.394225
val,Y1,4.138819,15.620249
val,Y1,4.1416807,18.156536
val,Y1,4.917097,9.902461
val,Y1,5.944875,6.406251
val,Y1,6.7268057,7.9970617
val,Y1,7.2470694,8.379663
val,Y1,7.5066805,6.998084
val,Y1,7.9370418,8.469922
val,Y1,8.70868,5.8147774
val,Y1,9.449486,7.9469976
val,Y1,9.916778,13.400701
val,Y1,10.184542,19.251598
val,Y1,10.472903,20.992985
val,Y1,10.717334,21.979584
val,Y1,10.950486,20.929537
val,Y1,11.279125,20.433842
val,Y1,11.770139,19.117271
val,Y1,12.388166,13.811025
val,Y1,12.865055,19.771149
val,Y1,13.132486,17.425406
val,Y1,13.234153,18.053856
val,Y1,13.174125,20.326864
val,Y1,13.061097,20.25267
val,Y1,13.0182085,11.034166
val,Y1,13.23725,14.119761
val,Y1,13.524458,15.010655
val,Y1,13.786986,7.712714
val,Y1,14.066681,6.602642
val,Y1,14.2271805,19.316261
val,Y1,14.23175,19.349976
val,Y1,13.941153,20.149391
val,Y1,13.669306,18.08484
val,Y1,13.825014,11.712003
val,Y1,14.061431,10.636696
val,Y1,14.17532,22.904257
val,Y1,14.332903,19.183943
val,Y1,14.432597,19.88955
val,Y1,14.493208,21.753239
val,Y1,14.392792,12.183921
val,Y1,14.264736,10.675084
val,Y1,14.347111,15.599426
val,Y1,14.460444,13.257205
val,Y1,14.515486,14.815043
val,Y1,14.438903,15.372095
val,Y1,14.240791,19.183418
val,Y1,13.808847,20.697361
val,Y1,12.97068,17.732548
val,Y1,11.856112,10.752368
val,Y1,10.419306,11.025122
val,Y1,8.773056,12.785081
val,Y1,7.679,6.8048925
val,Y1,7.2834167,10.614293
val,Y1,7.236014,13.273138
val,Y1,7.67025,8.928961
val,Y1,8.505959,9.392301
val,Y1,9.621902,16.160011
val,Y1,10.947778,10.770777
val,Y1,12.221889,13.390832
val,Y1,13.131194,8.402406
val,Y1,13.616236,5.957074
val,Y1,13.991389,6.401946
val,Y1,14.389973,5.9314065
val,Y1,14.757527,10.175249
val,Y1,15.04625,9.249672
val,Y1,15.174361,9.25067
val,Y1,15.242416,17.762516
val,Y1,15.4545555,16.387178
val,Y1,15.757903,16.652115
val,Y1,16.008362,17.58834
val,Y1,16.229792,18.659386
val,Y1,16.452042,13.70855
val,Y1,16.42725,13.160938
val,Y1,16.063639,10.898469
val,Y1,15.635777,14.045884
val,Y1,15.391194,10.396832
val,Y1,15.34568,11.333522
val,Y1,15.376264,16.958115
val,Y1,15.391903,13.096863
val,Y1,15.348,8.625739
val,Y1,15.305292,6.4641533
val,Y1,15.271944,15.636184
val,Y1,15.198806,20.781038
val,Y1,14.967014,17.44008
val,Y1,14.476639,10.479737
val,Y1,13.896194,10.848708
val,Y1,13.321362,9.64296
val,Y1,12.846556,9.679276
val,Y1,12.5280695,8.238593
val,Y1,12.338667,5.896199
val,Y1,12.402264,12.624722
val,Y1,12.679014,26.14232
val,Y1,12.832514,17.79896
val,Y1,12.872666,27.856335
val,Y1,13.018222,30.368149
val,Y1,13.239972,27.890644
val,Y1,13.484528,21.921265
val,Y1,13.692625,6.3301706
val,Y1,13.707681,4.9457045
val,Y1,13.286612,6.92931
val,Y1,11.817028,7.1487017
val,Y1,9.381042,11.389348
val,Y1,6.9244304,21.648205
val,Y1,4.836528,19.550322
val,Y1,3.108875,17.403194
val,Y1,1.8253194,13.818833
val,Y1,1.0052639,11.325482
val,Y1,0.524125,8.526972
val,Y1,0.29569444,4.3737574
val,Y1,0.12988889,6.4259415
val,Y1,0.021736111,10.5218315
val,Y1,0.016138889,15.134062
val,Y1,0.014944444,15.069837
val,Y1,0.32309723,18.481588
val,Y1,1.5149167,20.325474
val,Y1,3.0666666,18.08038
val,Y1,4.372764,16.50317
val,Y1,5.5924306,16.649391
val,Y1,6.580236,19.448606
val,Y1,7.2439585,23.222801
val,Y1,8.019681,11.488643
val,Y1,8.942041,10.583762
val,Y1,9.672958,11.233144
val,Y1,10.361459,20.58442
val,Y1,11.010361,20.320007
val,Y1,11.389944,6.8076982
val,Y1,11.534125,7.0331397
val,Y1,11.51975,10.116624
val,Y1,11.279764,16.143774
val,Y1,10.811486,18.218027
val,Y1,10.042084,12.839606
val,Y1,9.083555,8.955866
val,Y1,8.047347,10.711984
val,Y1,6.8575974,8.225393
val,Y1,5.577597,5.808669
val,Y1,4.44875,6.8809915
val,Y1,3.5278473,7.632178
val,Y1,2.7990417,6.6080103
val,Y1,2.1505,5.338111
val,Y1,1.4211806,6.013648
val,Y1,0.6860694,6.297231
val,Y1,0.17688888,6.6929827
val,Y1,0.023513889,5.618981
val,Y1,0.017111111,9.187657
val,Y1,0.01686111,6.975393
val,Y1,0.015388889,6.1439466
val,Y1,0.013430555,6.1860285
val,Y1,0.017819444,6.256646
val,Y1,0.021708334,6.0082307
val,Y1,0.018847222,6.609379
val,Y1,0.016972221,6.315837
val,Y1,0.020097222,6.286872
val,Y1,0.020152777,6.030717
val,Y1,0.020277778,6.31135
val,Y1,0.018055556,6.432213
val,Y1,0.018972222,7.3149743
val,Y1,0.025777778,6.447389
val,Y1,0.023055555,6.2949543
val,Y1,0.01961111,9.204469
val,Y1,0.022805555,12.557719
val,Y1,0.02125,5.412494
val,Y1,0.017847221,5.9066734
val,Y1,0.018777778,20.755054
val,Y1,0.021486111,19.847456
val,Y1,0.02913889,6.4229126
val,Y1,0.025930556,5.996975
val,Y1,0.019291667,5.9860487
val,Y1,0.018277777,6.076711
val,Y1,0.019375,6.3230753
val,Y1,0.022722222,6.1056347
val,Y1,0.10213889,6.258107
val,Y1,0.49391666,5.7701254
val,Y1,1.3821111,6.0572734
val,Y1,2.829111,5.8455935
val,Y1,4.3591113,6.271226
val,Y1,4.5657916,6.1193943
val,Y1,3.6575418,6.0054398
val,Y1,2.9983194,5.846077
val,Y1,2.9489305,6.0802073
val,Y1,3.4590971,5.856842
val,Y1,4.2269444,6.521459
val,Y1,5.070361,6.012992
val,Y1,5.86475,6.187937
val,Y1,6.157403,6.015028
val,Y1,7.066986,6.0972686
val,Y1,8.466389,5.838051
val,Y1,9.258153,6.208675
val,Y1,9.937166,6.22578
val,Y1,10.517153,6.1602345
val,Y1,10.972167,6.1517305
val,Y1,11.228139,6.2087297
val,Y1,11.377347,6.0844574
val,Y1,11.586875,5.891364
val,Y1,11.682847,5.969166
val,Y1,11.446375,6.2092767
val,Y1,10.865069,5.4723845
val,Y1,10.361597,8.348631
val,Y1,10.408931,6.7710876
val,Y1,10.914722,5.0962353
val,Y1,11.71125,4.9323173
val,Y1,12.462722,8.013229
val,Y1,13.034403,12.039502
val,Y1,13.541361,11.7611475
val,Y1,14.104486,12.594788
val,Y1,14.550222,14.160165
val,Y1,14.727236,15.819662
val,Y1,14.823986,13.480868
val,Y1,14.802709,12.89106
val,Y1,14.663458,17.0523
val,Y1,14.526459,11.631091
val,Y1,14.339222,13.026928
val,Y1,14.089486,17.291838
val,Y1,13.888208,21.295723
val,Y1,13.7259865,20.110775
val,Y1,13.580861,12.312797
val,Y1,13.514569,6.4715967
val,Y1,13.658903,5.6014147
val,Y1,13.946347,5.10318
val,Y1,14.182236,7.0944166
val,Y1,14.203639,18.092468
val,Y1,13.785152,19.609066
val,Y1,12.632597,19.82765
val,Y1,11.680292,15.344691
val,Y1,11.220764,16.777966
val,Y1,10.332264,14.817269
val,Y1,9.559305,9.910961
val,Y1,9.384264,19.262062
val,Y1,9.540944,19.43364
val,Y1,9.870639,13.191915
val,Y1,10.153431,16.989178
val,Y1,10.413625,20.470413
val,Y1,10.669875,16.762379
val,Y1,10.857792,16.892422
val,Y1,10.94175,8.768801
val,Y1,10.930847,8.581001
val,Y1,10.9893055,9.970399
val,Y1,11.11125,8.577149
val,Y1,11.268347,7.001425
val,Y1,11.399889,10.14826
val,Y1,11.47568,6.856099
val,Y1,11.572514,1.5822535
val,Y1,11.66457,0.6494241
val,Y1,11.576375,0.83537006
val,Y1,11.199125,0.6824316
val,Y1,10.747653,0.6033276
val,Y1,10.488097,0.8131194
val,Y1,10.408292,1.0546526
val,Y1,10.449041,1.245296
val,Y1,10.617639,2.9692967
val,Y1,10.857555,0.9078502
val,Y1,11.0547085,0.8851805
val,Y1,11.068708,0.9151304
val,Y1,10.991417,0.8610877
val,Y1,11.045847,0.8119863
val,Y1,11.322403,0.79354197
val,Y1,11.88543,0.6478287
val,Y1,12.994889,0.7001636
val,Y1,14.458138,0.6479352
val,Y1,14.187889,0.7292892
val,Y1,13.27275,0.78848886
val,Y1,13.436264,0.6645174
val,Y1,13.579333,0.7292068
val,Y1,13.5945,0.6769407
val,Y1,13.587028,0.71055895
val,Y1,13.695903,0.6884606
val,Y1,13.924139,0.67765737
val,Y1,14.190431,0.9557496
val,Y1,14.417973,0.9085083
val,Y1,14.541166,0.7996795
val,Y1,14.570181,1.1624515
val,Y1,14.613334,0.8153287
val,Y1,14.52593,0.8474303
val,Y1,14.320403,0.6581796
val,Y1,13.989445,0.6959552
val,Y1,13.701639,4.3033385
val,Y1,13.555195,8.23177
val,Y1,13.294556,14.785626
val,Y1,13.112875,12.130345
val,Y1,13.148069,6.3907166
val,Y1,13.310597,12.274882
val,Y1,13.447556,15.639865
val,Y1,13.527987,5.9918346
val,Y1,13.658195,7.934332
val,Y1,13.713708,8.243934
val,Y1,13.498208,6.713229
val,Y1,13.042986,2.4173105
val,Y1,12.4320135,11.480457
val,Y1,11.798445,17.494642
val,Y1,11.244945,6.433525
val,Y1,10.67868,16.336308
val,Y1,9.934153,18.448133
val,Y1,8.78825,15.805017
val,Y1,7.6200275,16.207226
val,Y1,6.974486,16.66982
val,Y1,6.7037363,17.46852
val,Y1,6.6305,11.860488
val,Y1,6.777264,8.9316435
val,Y1,7.02275,18.428413
val,Y1,6.888139,21.285831
val,Y1,6.1486807,19.31369
val,Y1,5.1691804,19.07876
val,Y1,4.047986,19.249794
val,Y1,2.8373055,12.925465
val,Y1,2.0291111,9.230363
val,Y1,1.8969028,13.023251
val,Y1,2.38075,5.9078016
val,Y1,2.9458334,5.93867
val,Y1,3.215861,6.705947
val,Y1,3.2313473,5.7898293
val,Y1,2.976625,6.089746
val,Y1,2.5691946,5.6692505
val,Y1,2.1675556,6.136951
val,Y1,1.7170972,5.8517256
val,Y1,0.95531946,5.788557
val,Y1,0.25195834,5.641301
val,Y1,0.07086111,5.849169
val,Y1,0.32304168,6.4115834
val,Y1,0.8061111,6.0730257
val,Y1,1.1095694,6.5799885
val,Y1,0.9800139,5.8342056
val,Y1,0.5633472,5.8412085
val,Y1,0.18025,5.8049498
val,Y1,0.037902776,5.945871
val,Y1,0.022291666,9.2394905
val,Y1,0.06330556,12.523774
val,Y1,0.30930555,10.5994005
val,Y1,0.93929166,9.3892565
val,Y1,1.825125,16.584278
val,Y1,2.6368334,20.29527
val,Y1,3.0004027,16.688622
val,Y1,2.8928611,11.597518
val,Y1,2.4461527,20.6869
val,Y1,1.5610417,20.180634
val,Y1,0.5701111,19.602386
val,Y1,0.07541667,20.738762
val,Y1,0.025805555,18.213596
val,Y1,0.03940278,17.950478
val,Y1,0.033569444,18.547068
val,Y1,0.019916667,22.943298
val,Y1,0.023194445,18.331362
val,Y1,0.041138887,18.982643
val,Y1,0.0495,18.626184
val,Y1,0.05834722,20.86972
val,Y1,0.054305557,20.574953
val,Y1,0.036708333,19.26699
val,Y1,0.038944446,22.076855
val,Y1,0.04559722,22.005157
val,Y1,0.036944445,11.619988
val,Y1,0.029958334,14.078807
val,Y1,0.031319443,12.445952
val,Y1,0.03372222,18.618216
val,Y1,0.04876389,17.911152
val,Y1,0.04559722,19.466133
val,Y1,0.05013889,21.123276
val,Y1,0.05848611,19.49897
val,Y1,0.073194444,21.399155
val,Y1,0.058208335,20.894438
val,Y1,0.037305556,20.950125
val,Y1,0.041722223,21.592056
val,Y1,0.026472222,23.692497
val,Y1,0.024388889,24.399239
val,Y1,0.3258472,22.033257
val,Y1,1.2585417,22.038368
val,Y1,2.4185693,16.448294
val,Y1,3.429278,14.578847
val,Y1,4.47475,20.079697
val,Y1,5.5121527,10.872239
val,Y1,6.28,15.688859
val,Y1,6.7575974,10.9841585
val,Y1,7.008986,17.112953
val,Y1,7.0951805,16.943611
val,Y1,7.0194583,8.021616
val,Y1,6.7813196,11.357688
val,Y1,6.54125,8.6063795
val,Y1,6.710361,7.8188477
val,Y1,7.403792,10.306069
val,Y1,8.396402,9.831069
val,Y1,9.260583,14.68299
val,Y1,9.901014,7.52649
val,Y1,10.543542,5.012915
val,Y1,10.920125,6.7203074
val,Y1,11.028944,10.492026
val,Y1,11.124208,18.752811
val,Y1,11.264903,20.796886
val,Y1,11.455139,21.022964
val,Y1,11.655723,22.043669
val,Y1,11.7734585,23.824432
val,Y1,11.8376665,15.6332
val,Y1,11.946944,7.6980605
val,Y1,12.145917,7.2573075
val,Y1,12.499473,6.6835527
val,Y1,12.932333,6.416026
val,Y1,13.252347,5.4416904
val,Y1,13.441819,8.072282
val,Y1,13.758223,10.237817
val,Y1,14.115069,8.067048
val,Y1,14.325861,9.486899
val,Y1,14.496111,9.268737
val,Y1,14.57975,6.78464
val,Y1,14.652153,6.3368187
val,Y1,14.691806,15.039517
val,Y1,14.668486,14.78116
val,Y1,14.765125,10.680466
val,Y1,14.852583,10.128798
val,Y1,14.7270975,20.09269
val,Y1,14.555195,18.901531
val,Y1,14.509194,13.24694
val,Y1,14.591556,19.3726
val,Y1,14.69793,16.099564
val,Y1,14.630819,11.81542
val,Y1,14.361917,11.512249
val,Y1,13.742431,10.05209
val,Y1,12.967709,12.11628
val,Y1,12.157945,14.588808
val,Y1,11.047028,9.464215
val,Y1,9.584792,9.037387
val,Y1,8.563,7.390706
val,Y1,8.480695,6.360674
val,Y1,8.989805,11.962595
val,Y1,9.813,22.199333
val,Y1,10.589403,20.828299
val,Y1,11.170237,18.992695
val,Y1,11.415916,19.603165
val,Y1,11.440153,21.846096
val,Y1,11.438209,18.004875
val,Y1,11.469597,8.957436
val,Y1,11.530209,6.897169
val,Y1,11.445556,7.0963573
val,Y1,11.104694,5.288954
val,Y1,10.845889,8.560241
val,Y1,10.970375,15.38131
val,Y1,11.368278,7.0059924
val,Y1,11.762777,5.9934473
val,Y1,12.025583,5.68596
val,Y1,12.213347,11.050751
val,Y1,12.2875,19.176308
val,Y1,12.209084,14.346311
val,Y1,12.039945,19.558853
val,Y1,12.029,24.254791
val,Y1,12.229389,20.859335
val,Y1,12.501139,17.71796
val,Y1,12.672986,21.663883
val,Y1,12.590264,18.808815
val,Y1,12.406709,17.50948
val,Y1,12.301458,19.868378
val,Y1,12.266389,22.615433
val,Y1,12.223348,19.227428
val,Y1,12.182959,19.969967
val,Y1,12.161195,17.016506
val,Y1,12.145097,15.991601
val,Y1,12.073944,16.890968
val,Y1,11.954333,16.113373
val,Y1,11.850889,17.991856
val,Y1,11.467264,16.577879
val,Y1,10.636598,18.905228
val,Y1,9.894847,19.397678
val,Y1,9.725041,20.737759
val,Y1,10.106444,20.17286
val,Y1,10.714458,23.062382
val,Y1,11.28075,21.578037
val,Y1,11.690333,19.927042
val,Y1,11.821236,20.312504
val,Y1,11.986903,21.311432
val,Y1,12.279667,22.417904
val,Y1,12.355278,22.885101
val,Y1,12.285444,20.315859
val,Y1,12.248222,21.182781
val,Y1,12.021305,20.981995
val,Y1,11.092028,20.879816
val,Y1,9.541917,22.701557
val,Y1,8.0731945,18.583296
val,Y1,7.110653,17.769753
val,Y1,6.5145,20.934687
val,Y1,6.028792,15.902049
val,Y1,6.021639,17.884531
val,Y1,6.7922916,19.139458
val,Y1,7.8776946,8.738896
val,Y1,8.67893,11.25002
val,Y1,9.121986,13.641084
val,Y1,9.440805,9.111835
val,Y1,9.764277,15.884362
val,Y1,10.082027,18.697199
val,Y1,10.3445,18.930622
val,Y1,10.572348,17.598272
val,Y1,10.702306,14.289803
val,Y1,10.686944,15.817917
val,Y1,10.587653,20.516476
val,Y1,10.534194,20.832214
val,Y1,10.554639,19.150505
val,Y1,10.564944,16.802128
val,Y1,10.435945,17.16793
val,Y1,9.893389,21.7436
val,Y1,8.929847,21.60096
val,Y1,7.819264,17.990185
val,Y1,6.8775973,9.680226
val,Y1,6.394403,12.027609
val,Y1,6.3183055,9.806281
val,Y1,6.6319447,10.217576
val,Y1,7.371153,8.139628
val,Y1,8.197403,6.671502
val,Y1,8.910736,9.7859125
val,Y1,9.525861,12.218698
val,Y1,9.954958,9.305987
val,Y1,10.229459,21.181366
val,Y1,10.449778,22.29551
val,Y1,10.6796665,8.260846
val,Y1,10.953986,11.089976
val,Y1,11.017403,14.912095
val,Y1,10.150333,17.179771
val,Y1,8.359959,18.562807
val,Y1,6.3051667,17.53254
val,Y1,4.2572083,13.222599
val,Y1,2.530125,16.447752
val,Y1,1.4676389,19.223818
val,Y1,1.0780417,20.590282
val,Y1,1.4804862,12.579426
val,Y1,2.6315,10.549531
val,Y1,3.9021945,17.344864
val,Y1,5.027389,19.07186
val,Y1,6.0475974,16.309538
val,Y1,6.950611,12.431357
val,Y1,7.801486,16.66169
val,Y1,8.596403,21.432217
val,Y1,9.225403,19.447508
val,Y1,9.621125,19.549364
val,Y1,9.510847,20.32634
val,Y1,8.999598,21.839191
val,Y1,8.011806,23.213718
val,Y1,6.2517085,22.414835
val,Y1,4.6256943,19.336868
val,Y1,4.0854583,12.544448
val,Y1,4.673111,12.399323
val,Y1,5.736236,16.115692
val,Y1,6.8205276,16.237816
val,Y1,7.7439446,8.450926
val,Y1,8.218028,16.900627
val,Y1,8.178056,15.069556
val,Y1,7.9718056,7.0678616
val,Y1,8.148597,14.39027
val,Y1,8.711083,21.333405
val,Y1,9.333347,14.177436
val,Y1,9.958722,18.023373
val,Y1,10.632,20.65527
val,Y1,11.333777,17.604946
val,Y1,12.026417,21.943073
val,Y1,12.515959,17.381111
val,Y1,12.652056,18.035429
val,Y1,12.574653,23.223799
val,Y1,12.553236,22.471298
val,Y1,12.477167,23.326622
val,Y1,12.137611,19.604084
val,Y1,11.687361,10.955988
val,Y1,10.911889,19.651394
val,Y1,9.802889,19.579304
val,Y1,8.568639,15.584596
val,Y1,7.0930557,16.265574
val,Y1,6.1124444,19.082619
val,Y1,5.935694,19.305723
val,Y1,6.3685,15.717838
val,Y1,7.340778,21.839275
val,Y1,8.47918,18.360474
val,Y1,9.561861,23.773058
val,Y1,10.493264,19.859539
val,Y1,11.352972,12.559821
val,Y1,11.98475,12.264522
val,Y1,12.216945,12.655427
val,Y1,12.166805,13.606755
val,Y1,12.008722,13.395609
val,Y1,11.720236,8.376481
val,Y1,11.2051115,8.746795
val,Y1,10.943653,8.978768
val,Y1,11.437542,7.479577
val,Y1,12.143681,6.3765216
val,Y1,12.588792,6.3649063
val,Y1,12.831445,5.899475
val,Y1,12.866292,5.8323193
val,Y1,12.825903,5.8952675
val,Y1,12.7585,6.0116315
val,Y1,12.640333,6.0182962
val,Y1,12.533722,5.967514
val,Y1,12.495889,6.2177935
val,Y1,12.521042,4.6613398
val,Y1,12.549861,5.2700014
val,Y1,12.604278,6.722867
val,Y1,12.664166,9.0129595
val,Y1,12.700319,7.816985
val,Y1,12.709416,9.089265
val,Y1,12.713708,6.760007
val,Y1,12.741889,10.837931
val,Y1,12.796278,18.589512
val,Y1,12.877402,16.196455
val,Y1,13.006306,5.841518
val,Y1,13.08825,6.515966
val,Y1,13.163097,5.6742883
val,Y1,13.357306,6.390138
val,Y1,13.573097,7.9072275
val,Y1,13.756264,6.280137
val,Y1,13.872889,5.588096
val,Y1,13.931556,5.4952116
val,Y1,13.881736,7.865249
val,Y1,13.669375,11.886504
val,Y1,13.418486,7.289474
val,Y1,13.249695,12.22943
val,Y1,13.168014,22.211739
val,Y1,13.183153,22.98405
val,Y1,13.312486,19.098488
val,Y1,13.470292,19.622908
val,Y1,13.652139,20.450397
val,Y1,13.923875,20.699455
val,Y1,14.27775,18.65142
val,Y1,14.620625,18.78416
val,Y1,14.848028,17.562496
val,Y1,14.870986,18.847221
val,Y1,14.79707,16.949877
val,Y1,14.731709,22.736032
val,Y1,14.653194,21.028429
val,Y1,14.586833,17.873735
val,Y1,14.510153,13.598468
val,Y1,14.386764,12.976813
val,Y1,14.244597,19.114063
val,Y1,14.1403475,17.575714
val,Y1,14.009931,9.455802
val,Y1,13.863681,16.106907
val,Y1,13.76425,19.245724
val,Y1,13.718041,15.853329
val,Y1,13.805528,13.632253
val,Y1,13.964583,15.646566
val,Y1,14.074597,20.83122
val,Y1,14.069959,16.406755
val,Y1,14.010972,19.503166
val,Y1,14.016819,21.621466
val,Y1,14.069722,17.17634
val,Y1,14.094222,20.694288
val,Y1,13.960931,22.576857
val,Y1,13.694445,20.739876
val,Y1,13.275306,19.41309
val,Y1,12.510805,23.318682
val,Y1,11.421111,22.821419
val,Y1,10.030528,15.153636
val,Y1,8.482528,8.295638
val,Y1,6.902736,19.584896
val,Y1,5.4862223,18.643795
val,Y1,4.657778,21.708439
val,Y1,4.519583,20.150576
val,Y1,5.0946946,18.097378
val,Y1,6.041875,14.333304
val,Y1,6.863111,20.270126
val,Y1,7.458361,20.111023
val,Y1,8.142153,18.364307
val,Y1,8.932931,19.678936
val,Y1,9.735097,19.309834
val,Y1,10.526361,11.465701
val,Y1,11.219597,15.013049
val,Y1,11.748694,13.541266
val,Y1,11.994458,8.3776
val,Y1,12.15025,9.413996
val,Y1,12.237166,18.611
val,Y1,12.179625,14.210751
val,Y1,12.058361,6.465251
val,Y1,12.006903,5.810927
val,Y1,12.105291,5.575203
val,Y1,12.288042,6.866052
val,Y1,12.4070835,7.0623865
val,Y1,12.4540415,11.997839
val,Y1,12.586361,13.3132925
val,Y1,12.83325,16.607622
val,Y1,13.119458,18.63254
val,Y1,13.328584,21.654522
val,Y1,13.337819,17.811268
val,Y1,13.233764,15.00118
val,Y1,13.125986,12.767198
val,Y1,13.036792,14.903548
val,Y1,12.95668,16.273218
val,Y1,12.856722,17.127625
val,Y1,12.793361,19.646433
val,Y1,12.827403,18.719448
val,Y1,12.987833,14.058042
val,Y1,13.175014,12.810623
val,Y1,13.148139,17.106874
val,Y1,12.790542,20.192528
val,Y1,11.2491665,14.785311
val,Y1,8.137042,14.050105
val,Y1,4.7432775,13.44325
val,Y1,2.267236,10.931702
val,Y1,1.3426944,8.618383
val,Y1,1.9418612,12.572493
val,Y1,2.9953194,20.74385
val,Y1,4.1180553,18.677565
val,Y1,5.345958,10.594628
val,Y1,6.3238196,15.25076
val,Y1,7.251375,8.308409
val,Y1,8.216695,8.745799
val,Y1,9.087569,13.924343
val,Y1,9.630417,16.602417
val,Y1,9.873959,16.306385
val,Y1,10.03782,11.303193
val,Y1,9.6078615,7.8029747
val,Y1,8.677736,6.6032867
val,Y1,8.207889,7.69452
val,Y1,8.276292,9.869801
val,Y1,8.506236,14.881097
val,Y1,8.751223,8.862329
val,Y1,8.83225,4.3430185
val,Y1,8.753486,5.1653476
val,Y1,8.633805,6.3020387
val,Y1,8.492431,9.27569
val,Y1,8.3825,13.463357
val,Y1,8.262278,11.209704
val,Y1,7.8836665,7.2998877
val,Y1,7.0093613,11.187087
val,Y1,5.6554585,9.746322
val,Y1,4.030542,12.285312
val,Y1,2.8188472,11.084448
val,Y1,2.7126527,19.373043
val,Y1,3.482597,16.921043
val,Y1,4.476,4.96044
val,Y1,5.335583,6.306178
val,Y1,5.785681,9.04323
val,Y1,5.8242083,12.944094
val,Y1,5.8506947,11.480533
val,Y1,6.062778,8.72311
val,Y1,6.4275556,7.31553
val,Y1,6.8550696,11.515765
val,Y1,7.2798333,22.088947
val,Y1,7.6565557,20.410244
val,Y1,7.7977223,11.7078905
val,Y1,7.692111,15.232913
val,Y1,7.548486,6.003789
val,Y1,7.3945694,4.9282837
val,Y1,7.1983333,4.885408
val,Y1,7.206972,5.4258327
val,Y1,7.606347,11.783055
val,Y1,8.033042,12.963759
val,Y1,8.293389,15.970227
val,Y1,8.505013,10.742408
val,Y1,8.624291,7.3728933
val,Y1,8.59975,16.76361
val,Y1,8.53275,22.92038
val,Y1,8.497736,19.978024
val,Y1,8.092556,6.8296623
val,Y1,7.365264,12.143683
val,Y1,6.809889,20.700226
val,Y1,6.493014,20.595837
val,Y1,6.5018888,15.929378
val,Y1,6.886361,16.528158
val,Y1,7.2853193,18.773993
val,Y1,7.577306,19.589596
val,Y1,7.978139,10.861173
val,Y1,8.414583,10.236869
val,Y1,8.852222,21.27935
val,Y1,9.22057,21.454208
val,Y1,9.334111,19.145432
val,Y1,9.035042,21.08421
val,Y1,8.495861,19.363327
val,Y1,8.188097,15.424516
val,Y1,8.203111,19.185284
val,Y1,8.379167,11.642528
val,Y1,8.588875,8.840469
val,Y1,8.777014,9.101259
val,Y1,8.979959,18.91827
val,Y1,9.077958,17.720272
val,Y1,8.959139,13.070083
val,Y1,8.741403,12.594665
val,Y1,8.557236,18.049736
val,Y1,8.417583,18.70257
val,Y1,8.304556,19.316591
val,Y1,8.3115,18.384216
val,Y1,8.453111,15.276049
val,Y1,8.539416,14.763627
val,Y1,8.332306,15.212735
val,Y1,7.606458,14.564923
val,Y1,6.3209863,18.557985
val,Y1,5.1671667,21.1976
val,Y1,4.7849445,17.08864
val,Y1,5.357792,19.735125
val,Y1,6.50375,20.873697
val,Y1,7.4983053,18.032368
val,Y1,8.345417,19.92138
val,Y1,9.129945,15.390741
val,Y1,9.658819,17.548498
val,Y1,9.892931,19.05478
val,Y1,9.926541,11.360913
val,Y1,9.946458,13.317714
val,Y1,10.083264,20.236109
val,Y1,10.313556,21.598404
val,Y1,10.562098,21.187298
val,Y1,10.628834,11.953258
val,Y1,10.332764,18.665653
val,Y1,9.664722,17.70826
val,Y1,8.487541,15.312316
val,Y1,6.8358054,16.514097
val,Y1,5.013597,10.779742
val,Y1,3.2919445,8.135249
val,Y1,1.8607917,6.541359
val,Y1,0.9257361,6.3640747
val,Y1,1.5811944,5.897846
val,Y1,3.5356529,14.368077
val,Y1,5.3333473,14.959031
val,Y1,6.597486,14.286106
val,Y1,7.1567082,14.97255
val,Y1,7.399764,17.408546
val,Y1,7.8040137,21.311966
val,Y1,8.292569,19.4149
val,Y1,8.6774025,11.528212
val,Y1,9.036139,7.982235
val,Y1,9.5864725,6.5763054
val,Y1,10.263333,10.399336
val,Y1,10.932375,11.7522955
val,Y1,11.50625,6.8903494
val,Y1,11.843083,6.786406
val,Y1,12.020264,5.286049
val,Y1,12.2,6.3038054
val,Y1,12.518861,6.1616993
val,Y1,12.888361,7.025367
val,Y1,12.991694,7.5899477
val,Y1,12.86132,7.475195
val,Y1,12.750764,8.632497
val,Y1,12.846889,10.697084
val,Y1,13.220583,8.256322
val,Y1,13.743333,10.522248
val,Y1,14.095098,10.015807
val,Y1,14.177208,14.744941
val,Y1,14.179097,18.94812
val,Y1,14.178348,17.847498
val,Y1,14.241361,15.201406
val,Y1,14.341972,13.382697
val,Y1,14.4516945,16.755018
val,Y1,14.502236,19.303507
val,Y1,14.410097,20.141619
val,Y1,14.15757,17.753025
val,Y1,13.833028,17.13726
val,Y1,13.449403,18.150486
val,Y1,12.970153,12.969808
val,Y1,12.416695,10.997666
val,Y1,11.698389,14.614808
val,Y1,10.847847,16.641027
val,Y1,9.788042,19.803078
val,Y1,8.4525,6.5027485
val,Y1,7.059361,13.417642
val,Y1,5.732042,12.26833
val,Y1,4.549986,16.96734
val,Y1,3.672014,9.554242
val,Y1,2.987375,12.5961485
val,Y1,2.4803889,13.490245
val,Y1,2.0979445,19.666016
val,Y1,1.6320555,18.07304
val,Y1,1.0074445,14.85905
val,Y1,0.40058333,7.968775
val,Y1,0.087458335,9.138774
val,Y1,0.017777778,17.06437
val,Y1,0.014652777,9.839086
val,Y1,0.014041667,17.544891
val,Y1,0.016597223,18.0587
val,Y1,0.014555556,14.135406
val,Y1,0.012930555,16.032703
val,Y1,0.013458333,17.922485
val,Y1,0.013916667,20.14138
val,Y1,0.017972222,14.054009
val,Y1,0.02913889,15.656384
val,Y1,0.028902778,20.331444
val,Y1,0.024875,21.107677
val,Y1,0.025444444,13.719618
val,Y1,0.023208333,10.308171
val,Y1,0.023027778,7.9770784
val,Y1,0.02325,6.6564665
val,Y1,0.030319445,6.2669086
val,Y1,0.03101389,5.965719
val,Y1,0.020555556,6.960414
val,Y1,0.014833333,7.5736766
val,Y1,0.013861111,8.007989
val,Y1,0.013083333,7.9289165
val,Y1,0.017791666,7.7002835
val,Y1,0.017652778,7.525338
val,Y1,0.014388889,7.896786
val,Y1,0.015111111,8.96713
val,Y1,0.015625,8.55946
val,Y1,0.014527778,7.993922
val,Y1,0.013138889,8.051272
val,Y1,0.015944444,6.598649
val,Y1,0.015833333,1.7269621
val,Y1,0.014708334,6.470046
val,Y1,0.014694445,5.8885345
val,Y1,0.01626389,13.591723
val,Y1,0.021513889,14.710265
val,Y1,0.017375,6.5478926
val,Y1,0.012277778,5.986512
val,Y1,0.012555555,5.4232683
val,Y1,0.013333334,7.425066
val,Y1,0.014,9.896916
val,Y1,0.013611111,9.862662
val,Y1,0.011583333,19.58989
val,Y1,0.012569444,23.928417
val,Y1,0.015541667,22.500486
val,Y1,0.013541667,20.688448
val,Y1,0.012763889,22.46416
val,Y1,0.013513889,22.538252
val,Y1,0.011416666,16.070374
val,Y1,0.012847222,14.055428
val,Y1,0.014777778,18.154343
val,Y1,0.013263889,21.728558
val,Y1,0.010819444,19.78247
val,Y1,0.014152777,15.511472
val,Y1,0.03584722,21.239704
val,Y1,0.45379168,19.813913
val,Y1,1.7478472,14.678234
val,Y1,3.2493472,14.19148
val,Y1,4.2894444,12.92325
val,Y1,4.9304304,17.245895
val,Y1,5.3754306,15.469419
val,Y1,5.9311943,13.682398
val,Y1,6.7438474,14.782372
val,Y1,7.738458,18.085358
val,Y1,8.529805,21.251694
val,Y1,8.946959,21.868484
val,Y1,9.296805,15.97953
val,Y1,9.503986,14.784406
val,Y1,9.524819,12.35868
val,Y1,9.954653,14.2469635
val,Y1,10.844764,17.279186
val,Y1,11.679292,17.803795
val,Y1,12.1380415,19.847479
val,Y1,12.290334,16.806505
val,Y1,12.348194,16.961143
val,Y1,12.470056,21.087688
val,Y1,12.738459,21.492764
val,Y1,13.104403,15.396066
val,Y1,13.309667,18.108707
val,Y1,13.024208,17.005539
val,Y1,12.608681,18.008022
val,Y1,12.548223,20.178272
val,Y1,12.563069,17.728508
val,Y1,12.551222,17.651497
val,Y1,12.704889,20.276417
val,Y1,12.964167,18.805698
val,Y1,13.074139,17.011906
val,Y1,13.079333,19.500278
val,Y1,13.09675,20.95338
val,Y1,13.070347,20.334606
val,Y1,12.99,17.035786
val,Y1,12.51,10.705245
val,Y1,11.3359165,9.125674
val,Y1,9.681569,11.972437
val,Y1,8.020695,18.558872
val,Y1,6.5626388,20.137276
val,Y1,5.154736,14.240445
val,Y1,3.8559027,11.412622
val,Y1,2.806764,13.36182
val,Y1,1.9401945,18.056744
val,Y1,1.25825,10.385705
val,Y1,0.7391667,15.852445
val,Y1,0.28220832,21.184792
val,Y1,0.03748611,18.394732
val,Y1,0.017569445,19.807
val,Y1,0.017791666,20.156134
val,Y1,0.02376389,18.674704
val,Y1,0.027347222,16.783823
val,Y1,0.01813889,15.471199
val,Y1,0.013986111,15.334155
val,Y1,0.015388889,14.832385
val,Y1,0.014138889,10.531706
val,Y1,0.016291667,7.8204346
val,Y1,0.018652778,7.3646765
val,Y1,0.018694444,6.4144816
val,Y1,0.018944444,3.5187726
val,Y1,0.023902778,1.1606433
val,Y1,0.026888888,0.7780019
val,Y1,0.019555556,0.76031536
val,Y1,0.019472223,0.7096302
val,Y1,0.01836111,0.7153784
val,Y1,0.013361111,0.70207936
val,Y1,0.015305555,0.7385702
val,Y1,0.02,0.70514727
val,Y1,0.016777778,0.72111714
val,Y1,0.013819444,0.7539115
val,Y1,0.014152777,0.701095
val,Y1,0.021152778,0.7198
val,Y1,0.029694444,0.721438
val,Y1,0.030430555,0.8344459
val,Y1,0.026833333,0.757036
val,Y1,0.023652777,0.7885852
val,Y1,0.11134722,1.4246557
val,Y1,0.5525972,14.979329
val,Y1,1.2731806,19.700333
val,Y1,2.1009722,15.41731
val,Y1,2.8903055,14.688154
val,Y1,3.2896528,8.639024
val,Y1,3.6653473,18.166828
val,Y1,4.4222083,16.601362
val,Y1,5.2317085,8.6207
val,Y1,5.710528,7.775542
val,Y1,5.797111,13.43216
val,Y1,5.8056808,20.223217
val,Y1,6.094236,16.074247
val,Y1,6.6154027,7.698036
val,Y1,7.1190414,14.508449
val,Y1,7.552236,18.275978
val,Y1,7.967347,7.821331
val,Y1,8.3683195,11.804639
val,Y1,8.757931,16.400925
val,Y1,9.141611,14.945204
val,Y1,9.5772915,18.936947
val,Y1,10.1322775,18.412685
val,Y1,10.752681,8.682569
val,Y1,11.210542,8.565291
val,Y1,11.342292,7.033983
val,Y1,11.241709,6.389041
val,Y1,10.94407,6.0075493
val,Y1,10.446097,5.607307
val,Y1,9.8243475,5.1728296
val,Y1,9.016583,5.588516
val,Y1,7.987236,5.8317776
val,Y1,6.775472,6.075677
val,Y1,5.4339166,6.1799273
val,Y1,4.128792,6.2647367
val,Y1,3.1153333,5.8833513
val,Y1,2.4153612,5.9124985
val,Y1,1.7512778,5.8675933
val,Y1,1.1932639,6.505678
val,Y1,0.7968472,12.981578
val,Y1,0.37779167,12.1114645
val,Y1,0.11055555,13.110097
val,Y1,0.13522223,20.934082
val,Y1,0.27466667,14.10776
val,Y1,0.3171111,9.855744
val,Y1,0.26580554,10.195482
val,Y1,0.19640277,8.14204
val,Y1,0.08786111,8.8316965
val,Y1,0.028430555,5.7054033
val,Y1,0.034833334,7.871515
val,Y1,0.099,10.72186
val,Y1,0.597375,7.8643217
val,Y1,2.179,9.371215
val,Y1,4.0376806,14.270804
val,Y1,5.3860693,14.967873
val,Y1,6.561847,17.29963
val,Y1,7.527125,7.854047
val,Y1,8.352528,7.5354843
val,Y1,9.1796665,7.9227667
val,Y1,10.011389,6.9908147
val,Y1,10.692111,6.771446
val,Y1,10.888695,9.085441
val,Y1,10.562764,16.974379
val,Y1,10.395903,8.472534
val,Y1,10.820778,7.743884
val,Y1,11.682487,12.820905
val,Y1,12.577084,18.257908
val,Y1,13.082597,12.087274
val,Y1,13.208208,10.242029
val,Y1,13.211528,9.775771
val,Y1,13.238625,15.563904
val,Y1,13.341431,8.715108
val,Y1,13.537791,14.418899
val,Y1,13.763917,14.120046
val,Y1,13.908,7.9827547
val,Y1,13.946917,16.362652
val,Y1,13.945111,19.64825
val,Y1,13.940056,7.863803
val,Y1,13.908611,11.462037
val,Y1,13.851375,16.291681
val,Y1,13.695056,7.9385824
val,Y1,13.3666115,13.623878
val,Y1,12.933875,13.326053
val,Y1,12.392889,15.243352
val,Y1,12.045305,11.478557
val,Y1,12.053139,6.847333
val,Y1,12.192945,8.12469
val,Y1,12.234514,8.506764
val,Y1,12.0555,5.699173
val,Y1,11.761639,12.837361
val,Y1,11.468236,20.900324
val,Y1,11.385625,16.501373
val,Y1,11.604792,20.781044
val,Y1,11.876792,22.35588
val,Y1,11.858903,12.489577
val,Y1,11.576819,9.626224
val,Y1,11.282306,16.540316
val,Y1,11.044556,7.332494
val,Y1,10.893403,6.144932
val,Y1,10.924236,7.338435
val,Y1,11.103583,9.78666
val,Y1,11.3584585,13.3737
val,Y1,11.680458,19.28706
val,Y1,11.868139,16.529783
val,Y1,11.97557,12.121873
val,Y1,12.186319,7.152523
val,Y1,12.264389,7.855133
val,Y1,12.22893,19.272068
val,Y1,12.377569,22.377396
val,Y1,12.698167,19.71048
val,Y1,12.934083,8.193167
val,Y1,12.8095,10.4868555
val,Y1,12.2971525,17.126347
val,Y1,11.512764,14.886386
val,Y1,10.543764,15.249652
val,Y1,9.235306,18.02717
val,Y1,7.528278,15.767056
val,Y1,5.69425,8.684962
val,Y1,3.8550694,12.628794
val,Y1,2.1597917,12.928994
val,Y1,0.89970833,8.683206
val,Y1,0.7534722,12.894202
val,Y1,1.9440138,17.66278
val,Y1,3.3753471,17.25056
val,Y1,4.726736,17.076588
val,Y1,6.144,6.9094687
val,Y1,7.2336526,13.752826
val,Y1,8.058236,13.451883
val,Y1,8.773097,8.258993
val,Y1,9.44275,10.602058
val,Y1,9.992486,8.54895
val,Y1,10.229555,7.506258
val,Y1,10.266,12.331916
val,Y1,10.251555,6.55591
val,Y1,10.173972,10.110445
val,Y1,10.069834,17.264492
val,Y1,10.045875,12.424287
val,Y1,10.291458,21.379726
val,Y1,10.637459,18.822702
val,Y1,10.862792,10.650527
val,Y1,11.035542,8.434735
val,Y1,11.076292,11.227846
val,Y1,11.182264,19.302998
val,Y1,11.384069,8.140551
val,Y1,11.484667,1.7613156
val,Y1,11.561125,17.028627
val,Y1,11.693209,15.05326
val,Y1,11.883236,17.472843
val,Y1,12.025945,11.250537
val,Y1,11.989847,6.2762175
val,Y1,11.823931,10.765619
val,Y1,11.741445,16.201885
val,Y1,11.754236,16.320322
val,Y1,11.802625,16.70882
val,Y1,11.966153,17.87244
val,Y1,12.329805,9.324035
val,Y1,12.784917,10.845933
val,Y1,13.120778,18.907578
val,Y1,13.253722,18.651426
val,Y1,13.28375,18.479143
val,Y1,13.343778,14.048028
val,Y1,13.478431,14.052316
val,Y1,13.646791,11.720861
val,Y1,13.74275,10.478076
val,Y1,13.6449585,15.807285
val,Y1,13.364917,21.0253
val,Y1,12.932652,21.448952
val,Y1,12.397403,18.882092
val,Y1,11.8619585,16.818485
val,Y1,11.482458,16.271072
val,Y1,11.35725,20.285374
val,Y1,11.348514,20.212776
val,Y1,11.536458,12.755767
val,Y1,11.967625,19.858269
val,Y1,12.297459,20.358866
val,Y1,12.484375,18.571062
val,Y1,12.609861,16.364395
val,Y1,12.579875,18.93468
val,Y1,12.1715555,9.454259
val,Y1,11.434028,13.86228
val,Y1,10.883028,19.476055
val,Y1,10.846084,17.88121
val,Y1,11.316153,15.1668005
val,Y1,11.953222,17.714851
val,Y1,12.549597,14.733136
val,Y1,13.129569,13.025067
val,Y1,13.623403,15.572339
val,Y1,13.758125,19.421688
val,Y1,13.6177225,17.795792
val,Y1,13.447958,9.836942
val,Y1,12.680708,11.2852335
val,Y1,11.432125,10.559222
val,Y1,10.854555,9.120179
val,Y1,11.15825,9.496398
val,Y1,11.644792,17.45997
val,Y1,11.958487,11.09674
val,Y1,12.182764,11.115703
val,Y1,12.247209,14.216277
val,Y1,12.195778,13.915434
val,Y1,12.092861,12.439906
val,Y1,11.851222,7.765746
val,Y1,11.531792,15.640117
val,Y1,11.042403,17.852037
val,Y1,10.027194,21.600464
val,Y1,8.528389,11.058538
val,Y1,7.2113333,17.736214
val,Y1,6.5474443,15.584971
val,Y1,6.723653,10.141353
val,Y1,7.5316806,18.650251
val,Y1,8.400486,18.453001
val,Y1,9.17018,16.57055
val,Y1,9.907181,20.206215
val,Y1,10.642639,19.255714
val,Y1,11.39032,22.995113
val,Y1,12.010667,17.016272
val,Y1,12.552237,9.895791
val,Y1,13.106819,16.286621
val,Y1,13.528014,21.251848
val,Y1,13.573653,17.923046
val,Y1,13.22875,18.405876
val,Y1,12.714334,19.544352
val,Y1,12.201889,18.987371
val,Y1,11.770889,17.793575
val,Y1,11.404792,12.972408
val,Y1,11.112583,8.486896
val,Y1,10.578792,12.474988
val,Y1,8.989472,12.771949
val,Y1,6.718514,9.121787
val,Y1,5.5645695,14.137128
val,Y1,6.2266808,10.311739
val,Y1,7.561903,9.06058
val,Y1,8.550709,9.805299
val,Y1,9.117556,18.73574
val,Y1,9.392417,21.045374
val,Y1,9.513917,18.681866
val,Y1,9.580277,10.948463
val,Y1,9.696042,14.037936
val,Y1,9.906959,15.337362
val,Y1,10.155958,19.835411
val,Y1,10.396444,19.189165
val,Y1,10.485778,15.72557
val,Y1,10.245681,21.649023
val,Y1,9.817041,18.268253
val,Y1,9.46825,20.033485
val,Y1,9.194639,16.204973
val,Y1,8.930833,18.385578
val,Y1,8.787084,16.840897
val,Y1,8.769931,9.843028
val,Y1,8.695125,9.48923
val,Y1,8.562445,10.6727
val,Y1,8.601653,9.417319
val,Y1,8.943861,6.9578714
val,Y1,9.459028,6.910371
val,Y1,10.007861,6.810728
val,Y1,10.6695,6.27728
val,Y1,11.224861,5.5524435
val,Y1,11.364264,5.4594355
val,Y1,11.401931,5.319915
val,Y1,11.810028,5.442912
val,Y1,12.626236,5.4775696
val,Y1,13.638708,5.3805656
val,Y1,14.718764,5.506653
val,Y1,15.784792,5.220683
val,Y1,16.70643,5.568508
val,Y1,17.365583,5.294254
val,Y1,17.790709,5.277523
val,Y1,18.12382,5.4952297
val,Y1,18.447695,5.369077
val,Y1,18.77007,5.4341583
val,Y1,19.085806,5.4395413
val,Y1,19.427973,5.4825068
val,Y1,19.796194,5.517544
val,Y1,20.180084,5.560425
val,Y1,20.615055,6.6396365
val,Y1,21.105862,11.756529
val,Y1,21.511278,11.534595
val,Y1,21.590376,6.1868954
val,Y1,21.4365,10.331186
val,Y1,21.372652,10.897038
val,Y1,21.441668,9.587071
val,Y1,21.56586,9.244134
val,Y1,21.701597,6.0379906
val,Y1,21.715847,6.210993
val,Y1,21.598291,6.081854
val,Y1,21.360847,6.056178
val,Y1,21.031626,5.499473
val,Y1,20.688944,5.465581
val,Y1,20.305084,5.5867424
val,Y1,19.698208,5.4964895
val,Y1,18.781986,5.4370403
val,Y1,17.653639,5.442508
val,Y1,16.397985,5.4591947
val,Y1,14.995903,5.4300156
val,Y1,13.470125,5.5177107
val,Y1,12.023666,5.5065584
val,Y1,10.489153,5.4269648
val,Y1,8.741458,5.3025417
val,Y1,7.03325,5.547366
val,Y1,5.5117917,5.521159
val,Y1,4.166264,5.8139677
val,Y1,3.0303195,5.6123047
val,Y1,2.1042638,5.817614
val,Y1,1.2831944,6.151682
val,Y1,0.6576528,7.241663
val,Y1,0.25679168,10.289603
val,Y1,0.053069446,14.694537
val,Y1,0.0154444445,7.809745
val,Y1,0.019944444,5.7395377
val,Y1,0.044597223,8.16498
val,Y1,0.31454167,9.59402
val,Y1,0.963875,14.157891
val,Y1,1.881875,17.400892
val,Y1,2.9245834,16.199236
val,Y1,3.9344168,21.688316
val,Y1,4.6772776,21.271397
val,Y1,5.1407084,20.654495
val,Y1,5.219611,19.612701
val,Y1,4.7928195,14.425981
val,Y1,4.189111,13.179419
val,Y1,3.6133611,7.174794
val,Y1,2.9597085,7.936803
val,Y1,2.31525,9.4052515
val,Y1,1.8958056,8.43998
val,Y1,1.6089028,7.6153827
val,Y1,1.6165416,6.402663
val,Y1,2.2912083,11.536992
val,Y1,3.3685417,15.123773
val,Y1,4.438625,13.043063
val,Y1,5.423917,20.496792
val,Y1,6.271986,18.31556
val,Y1,6.966472,14.124793
val,Y1,7.6947083,15.370339
val,Y1,8.518791,14.994212
val,Y1,9.248986,10.808152
val,Y1,9.838555,7.8906384
val,Y1,10.371917,12.015147
val,Y1,10.887709,12.101711
val,Y1,11.305847,7.837534
val,Y1,11.697695,7.429622
val,Y1,12.334139,8.081139
val,Y1,13.275917,6.0251255
val,Y1,14.385931,9.699866
val,Y1,15.575736,10.083049
val,Y1,16.751265,9.789552
val,Y1,17.897194,13.511666
val,Y1,19.023,8.937011
val,Y1,19.885431,13.396293
val,Y1,20.310097,16.08394
val,Y1,20.681263,12.109109
val,Y1,21.17607,11.02607
val,Y1,21.419903,11.814506
val,Y1,21.247223,14.957889
val,Y1,20.877277,10.589868
val,Y1,20.45243,12.261531
val,Y1,19.993431,7.7956133
val,Y1,19.556013,11.167823
val,Y1,19.284624,8.103713
val,Y1,19.231653,6.667493
val,Y1,19.202847,7.8363643
val,Y1,19.060194,11.006895
val,Y1,18.764833,20.206432
val,Y1,18.351473,20.858374
val,Y1,17.9465,21.17862
val,Y1,17.723515,16.158735
val,Y1,17.740847,16.853874
val,Y1,17.900347,12.814033
val,Y1,18.083597,13.867278
val,Y1,17.993973,11.331508
val,Y1,17.604319,11.397633
val,Y1,17.210096,6.642653
val,Y1,16.934834,9.914546
val,Y1,16.659292,21.83961
val,Y1,16.478945,21.222775
val,Y1,16.369486,12.719121
val,Y1,16.111431,10.299769
val,Y1,15.754764,10.520609
val,Y1,15.368542,7.74256
val,Y1,14.978125,11.854939
val,Y1,14.278542,9.291249
val,Y1,13.100639,8.278861
val,Y1,11.655431,8.105796
val,Y1,10.207306,11.275783
val,Y1,9.016945,13.765584
val,Y1,8.0680275,10.082073
val,Y1,7.0527363,7.0833783
val,Y1,5.430722,6.076092
val,Y1,3.3707917,6.0945134
val,Y1,1.7575834,5.581974
val,Y1,1.3042917,5.977953
val,Y1,2.3367083,5.9528456
val,Y1,4.061972,6.155631
val,Y1,5.6159306,6.166523
val,Y1,6.8376946,6.4949026
val,Y1,7.5934167,5.506698
val,Y1,8.110306,6.832406
val,Y1,8.664625,8.8914175
val,Y1,9.059486,6.7099895
val,Y1,9.256917,5.876875
val,Y1,9.342542,6.441234
val,Y1,9.408556,6.0709305
val,Y1,9.440861,5.152946
val,Y1,9.268847,5.1871414
val,Y1,9.204333,5.4238358
val,Y1,9.402542,5.533289
val,Y1,9.58025,5.6820745
val,Y1,9.678445,5.7565155
val,Y1,9.756945,6.4337015
val,Y1,9.573597,6.825968
val,Y1,8.360097,6.525632
val,Y1,6.6310415,6.765088
val,Y1,6.264889,6.831853
val,Y1,7.326389,6.344027
val,Y1,8.308556,5.950477
val,Y1,8.560194,5.650765
val,Y1,8.681639,5.486684
val,Y1,9.207597,6.69547
val,Y1,9.756667,10.036399
val,Y1,10.038264,13.64264
val,Y1,10.128542,19.992859
val,Y1,9.790459,18.28667
val,Y1,9.196362,10.999541
val,Y1,8.731694,13.4495125
val,Y1,8.61932,16.447172
val,Y1,8.951125,12.843865
val,Y1,9.43032,7.6618137
val,Y1,9.557806,7.969982
val,Y1,8.73075,9.986391
val,Y1,7.0555973,15.402099
val,Y1,5.924125,15.941613
val,Y1,6.285347,7.544246
val,Y1,7.3986807,8.861574
val,Y1,8.237111,11.052308
val,Y1,8.445681,17.152758
val,Y1,7.8484306,20.732327
val,Y1,7.030083,20.356653
val,Y1,6.9148335,11.70692
val,Y1,7.579583,18.189655
val,Y1,8.489959,16.699543
val,Y1,8.823305,12.94181
val,Y1,8.388958,16.925106
val,Y1,7.3293056,13.353777
val,Y1,6.349236,11.698472
val,Y1,6.271389,19.327868
val,Y1,7.0395,18.940765
val,Y1,8.045111,19.190332
val,Y1,8.5228195,14.213639
val,Y1,8.409764,11.709838
val,Y1,8.094306,22.7109
val,Y1,7.588792,21.073164
val,Y1,6.468694,10.330783
val,Y1,5.199333,9.286492
val,Y1,4.689236,6.1303697
val,Y1,5.035,13.217844
val,Y1,5.6824026,17.829494
val,Y1,6.1189585,14.5898485
val,Y1,6.6200695,6.952106
val,Y1,7.3910556,5.433
val,Y1,8.179042,9.759271
val,Y1,8.694333,8.617371
val,Y1,8.913875,8.620789
val,Y1,9.096598,20.069805
val,Y1,9.292611,21.928555
val,Y1,8.823958,10.845747
val,Y1,7.33425,11.938947
val,Y1,5.833139,15.132056
val,Y1,5.290528,17.618196
val,Y1,5.7850833,19.894936
val,Y1,6.880528,17.744045
val,Y1,8.001389,9.431619
val,Y1,8.904445,6.423252
val,Y1,9.537375,6.1208596
val,Y1,9.87375,8.356902
val,Y1,9.970222,10.638178
val,Y1,9.879306,9.394494
val,Y1,9.437361,7.828843
val,Y1,8.334778,14.29855
val,Y1,6.8540554,15.107202
val,Y1,5.907139,8.994188
val,Y1,5.8725557,6.9668946
val,Y1,6.6448054,8.786235
val,Y1,7.855986,13.054251
val,Y1,8.8325,16.16552
val,Y1,9.301306,6.1297235
val,Y1,9.365486,5.571381
val,Y1,8.869528,9.146384
val,Y1,7.675889,10.231767
val,Y1,6.0789723,17.060863
val,Y1,4.7359443,13.929086
val,Y1,3.9923334,15.654014
val,Y1,3.7796946,22.860985
val,Y1,4.4894443,20.270985
val,Y1,5.7780137,14.271586
val,Y1,6.9159164,7.1513143
val,Y1,7.8401113,12.50303
val,Y1,8.526722,15.890399
val,Y1,8.787903,11.66032
val,Y1,8.586736,10.754853
val,Y1,8.1940975,17.79464
val,Y1,7.751764,18.40875
val,Y1,7.398958,12.707881
val,Y1,7.4384584,17.213728
val,Y1,7.7354026,11.225442
val,Y1,7.8937917,7.073671
val,Y1,8.163875,6.193228
val,Y1,8.754069,7.245096
val,Y1,9.376722,8.66819
val,Y1,9.972013,7.5049953
val,Y1,10.575361,10.016124
val,Y1,11.148931,8.371478
val,Y1,11.612181,9.115603
val,Y1,11.744208,17.778082
val,Y1,11.61143,10.494859
val,Y1,11.465834,13.7756815
val,Y1,11.367306,17.81833
val,Y1,11.373777,13.5790205
val,Y1,11.409513,16.096628
val,Y1,10.911667,17.507639
val,Y1,9.679083,17.389969
val,Y1,8.308903,15.753317
val,Y1,6.8554444,8.387362
val,Y1,5.0970554,8.84798
val,Y1,3.3248472,14.574622
val,Y1,1.8579028,11.978079
val,Y1,1.1403472,14.5541315
val,Y1,1.9761667,14.936763
val,Y1,3.6972778,6.492819
val,Y1,5.1090693,16.153772
val,Y1,6.1534724,22.12778
val,Y1,6.960125,19.897537
val,Y1,7.730875,18.745567
val,Y1,8.3965,15.5537
val,Y1,8.644861,15.8635235
val,Y1,8.280152,15.683927
val,Y1,7.4302917,17.236244
val,Y1,6.1899724,12.467267
val,Y1,4.7194166,12.50744
val,Y1,3.32175,21.710268
val,Y1,2.1649444,21.491596
val,Y1,1.2886388,18.068195
val,Y1,0.7342917,20.02069
val,Y1,0.38525,18.31597
val,Y1,0.16075,11.826957
val,Y1,0.14475,13.935063
val,Y1,0.30656946,8.451112
val,Y1,0.85494447,15.669686
val,Y1,1.7842778,18.104279
val,Y1,2.94475,10.991823
val,Y1,4.2191944,12.40927
val,Y1,5.2746944,17.941032
val,Y1,6.117542,20.62188
val,Y1,6.96975,18.716873
val,Y1,7.9430556,17.536968
val,Y1,8.954958,15.051813
val,Y1,9.8908615,8.355021
val,Y1,10.714292,11.778275
val,Y1,11.184569,20.879614
val,Y1,11.122236,20.503536
val,Y1,11.064111,19.65234
val,Y1,11.432944,22.870604
val,Y1,12.024487,20.43412
val,Y1,12.636666,13.544622
val,Y1,13.165736,13.485879
val,Y1,13.55375,20.773949
val,Y1,13.848264,20.301693
val,Y1,13.984487,17.408878
val,Y1,13.9785,14.238477
val,Y1,14.146305,18.830935
val,Y1,14.401153,12.219943
val,Y1,14.360986,7.9521995
val,Y1,14.089458,7.1544113
val,Y1,13.871083,6.4468565
val,Y1,13.67368,8.117882
val,Y1,13.42382,14.85974
val,Y1,12.981639,15.019345
val,Y1,11.915764,11.354436
val,Y1,10.658944,6.0135536
val,Y1,10.206458,5.847562
val,Y1,10.512139,6.371452
val,Y1,11.045083,7.0827503
val,Y1,11.525333,7.0686116
val,Y1,11.799,7.7824802
val,Y1,11.948847,11.72476
val,Y1,12.080444,15.799565
val,Y1,12.215931,10.512169
val,Y1,12.31057,7.9648046
val,Y1,12.31975,8.333025
val,Y1,12.30368,9.999133
val,Y1,12.223166,13.273042
val,Y1,11.990875,5.883934
val,Y1,11.340111,11.995603
val,Y1,9.723125,18.516842
val,Y1,7.414417,21.027279
val,Y1,4.9553056,24.57626
val,Y1,2.645375,21.509186
val,Y1,1.0794028,18.291683
val,Y1,0.32505557,12.972632
val,Y1,0.06148611,9.002732
val,Y1,0.012097222,7.725666
val,Y1,0.018805556,6.9776506
val,Y1,0.022277778,6.1958127
val,Y1,0.018861111,5.3768864
val,Y1,0.016236112,5.3068156
val,Y1,0.016083334,6.47715
val,Y1,0.016930556,8.3903
val,Y1,0.015833333,7.022799
val,Y1,0.01761111,8.17275
val,Y1,0.048875,7.55247
val,Y1,0.51295835,5.1876926
val,Y1,1.6396667,3.0485964
val,Y1,2.8268611,11.319584
val,Y1,3.8477082,15.046639
val,Y1,4.904875,20.959005
val,Y1,5.781653,18.86123
val,Y1,6.5236945,7.112505
val,Y1,7.638361,14.683591
val,Y1,9.042209,17.063896
val,Y1,10.338333,8.515114
val,Y1,11.510931,6.172518
val,Y1,12.320861,8.834983
val,Y1,12.53525,12.655858
val,Y1,12.46275,14.059421
val,Y1,12.318444,17.606884
val,Y1,11.988736,12.314094
val,Y1,11.259569,6.50586
val,Y1,10.286555,7.1070447
val,Y1,9.726764,6.183098
val,Y1,9.641097,6.216097
val,Y1,9.518764,6.8719325
val,Y1,9.370028,6.096546
val,Y1,9.313027,6.1332664
val,Y1,9.230458,7.012683
val,Y1,9.169778,9.4378195
val,Y1,9.267694,7.5200067
val,Y1,9.569,8.725857
val,Y1,9.938209,8.826618
val,Y1,10.305528,13.835437
val,Y1,10.6328335,16.337616
val,Y1,10.966042,13.83558
val,Y1,11.331445,18.701164
val,Y1,11.6709585,12.075419
val,Y1,11.974055,6.0979133
val,Y1,12.259194,6.288409
val,Y1,12.565,10.994341
val,Y1,12.884639,8.744611
val,Y1,13.213583,10.92146
val,Y1,13.516444,5.5268273
val,Y1,13.662639,5.415865
val,Y1,13.541,6.2375355
val,Y1,13.269555,6.210739
val,Y1,13.0425,5.7454233
val,Y1,12.912097,5.485828
val,Y1,12.842514,5.5980453
val,Y1,12.850486,5.651637
val,Y1,12.963028,5.3054924
val,Y1,13.1485,6.184967
val,Y1,13.387889,7.9188323
val,Y1,13.625792,6.7282114
val,Y1,13.768444,8.448364
val,Y1,13.744528,6.4383698
val,Y1,13.645139,6.569852
val,Y1,13.575111,9.226223
val,Y1,13.457347,8.137441
val,Y1,13.111055,12.412324
val,Y1,12.621597,20.655588
val,Y1,12.203389,18.294708
val,Y1,11.665889,7.4611077
val,Y1,10.697416,8.806338
val,Y1,9.27432,9.146788
val,Y1,7.956736,8.864158
val,Y1,7.220028,14.193208
val,Y1,6.895472,10.46992
val,Y1,6.7089725,6.513192
val,Y1,6.550903,6.057064
val,Y1,6.5465,6.7342744
val,Y1,6.8734446,14.431893
val,Y1,7.3827085,15.219873
val,Y1,7.90725,8.040752
val,Y1,8.277291,7.5760174
val,Y1,8.440639,9.334552
val,Y1,8.494805,13.104016
val,Y1,8.523597,19.583855
val,Y1,8.637722,14.669035
val,Y1,8.838195,15.021848
val,Y1,9.202917,10.871757
val,Y1,9.610458,11.60652
val,Y1,9.914153,5.9437466
val,Y1,10.059556,8.351955
val,Y1,9.733764,14.831708
val,Y1,8.174723,8.758682
val,Y1,5.388875,9.772216
val,Y1,2.6244862,6.7088146
val,Y1,1.0094723,6.5981703
val,Y1,0.44020835,6.187274
val,Y1,0.19697222,4.977696
val,Y1,0.088083334,10.537543
val,Y1,0.05827778,12.590009
val,Y1,0.04009722,7.0465217
val,Y1,0.03488889,6.909085
val,Y1,0.032555554,6.9740505
val,Y1,0.026458334,6.5850906
val,Y1,0.035708334,4.485478
val,Y1,0.0405,4.248967
val,Y1,0.042097222,4.839119
val,Y1,0.036,7.70431
val,Y1,0.022541666,8.74863
val,Y1,0.019430555,6.801193
val,Y1,0.026111111,5.129425
val,Y1,0.030736111,5.1803045
val,Y1,0.06876389,5.558718
val,Y1,0.6900139,5.3610787
val,Y1,2.3540695,9.255092
val,Y1,4.21425,11.026824
val,Y1,5.59925,7.244099
val,Y1,6.527125,6.8458276
val,Y1,7.101847,6.9468074
val,Y1,7.446528,7.4287143
val,Y1,7.428764,11.412835
val,Y1,7.325278,6.231654
val,Y1,7.512139,7.390564
val,Y1,8.029792,7.299653
val,Y1,8.245556,5.8150835
val,Y1,8.194834,2.8625515
val,Y1,8.195084,7.4324846
val,Y1,8.5483885,5.0661836
val,Y1,8.580209,4.2214212
val,Y1,8.911098,4.0904503
val,Y1,9.682138,4.118059
val,Y1,9.725056,4.144809
val,Y1,9.721723,4.1368175
val,Y1,9.600041,4.1338873
val,Y1,9.144028,4.2004914
val,Y1,8.314236,4.1205688
val,Y1,7.1183887,4.6751804
val,Y1,5.6396527,9.7044525
val,Y1,4.1050553,19.847622
val,Y1,2.731111,12.135058
val,Y1,1.9261528,8.040397
val,Y1,1.7860972,11.382356
val,Y1,2.2482917,8.360366
val,Y1,3.1184862,18.014715
val,Y1,3.9520555,9.923533
val,Y1,4.657778,7.197337
val,Y1,5.185361,10.3730955
val,Y1,5.653403,9.065894
val,Y1,6.150653,11.125527
val,Y1,6.6040554,14.124141
val,Y1,6.8699584,17.933458
val,Y1,6.997903,20.738573
val,Y1,7.13825,16.809881
val,Y1,7.049889,6.430682
val,Y1,6.7747917,14.402875
val,Y1,6.5076528,20.088617
val,Y1,6.307667,18.442448
val,Y1,6.2171946,17.839893
val,Y1,6.183069,10.732844
val,Y1,6.125653,14.262457
val,Y1,5.9285,14.447197
val,Y1,5.638389,14.89416
val,Y1,5.4215,11.819773
val,Y1,5.5259304,20.092197
val,Y1,6.049847,18.538641
val,Y1,6.511389,20.24386
val,Y1,6.5696807,19.1419
val,Y1,6.4413195,16.901009
val,Y1,6.352264,10.26072
val,Y1,6.5224586,9.718104
val,Y1,7.0827084,13.271472
val,Y1,7.8334584,16.725521
val,Y1,8.80893,16.203016
val,Y1,10.025347,12.588661
val,Y1,11.2098055,17.510242
val,Y1,12.343695,26.726759
val,Y1,13.39382,22.310238
val,Y1,14.235306,20.87814
val,Y1,14.738847,22.461224
val,Y1,14.650333,21.097214
val,Y1,14.08157,11.501453
val,Y1,13.514014,15.712577
val,Y1,13.146973,20.85566
val,Y1,13.011306,15.908585
val,Y1,13.008917,9.030915
val,Y1,12.962875,6.422924
val,Y1,12.835889,8.904014
val,Y1,12.672055,13.422439
val,Y1,12.730667,11.01978
val,Y1,13.314403,6.9726343
val,Y1,14.231028,6.553348
val,Y1,15.124416,8.918578
val,Y1,15.931069,9.773766
val,Y1,16.349167,9.648956
val,Y1,16.34604,15.490571
val,Y1,16.379292,10.53842
val,Y1,16.508333,5.81448
val,Y1,16.841305,6.6818914
val,Y1,17.27693,7.704774
val,Y1,17.530153,6.175808
val,Y1,17.66386,6.8591747
val,Y1,17.696667,5.7567205
val,Y1,17.681707,4.7906513
val,Y1,17.6245,6.745546
val,Y1,17.430902,8.775452
val,Y1,17.224792,7.4916487
val,Y1,17.155333,4.086547
val,Y1,17.180695,4.625393
val,Y1,17.06975,5.7978725
val,Y1,16.777014,6.7169285
val,Y1,16.480291,8.009481
val,Y1,16.177528,12.134469
val,Y1,15.871445,11.839822
val,Y1,15.655278,6.4845514
val,Y1,15.613125,6.5575175
val,Y1,15.803416,6.9745436
val,Y1,16.202028,7.1994557
val,Y1,16.669306,6.4160385
val,Y1,17.0745,6.0724325
val,Y1,17.396486,6.168912
val,Y1,17.641235,5.7958813
val,Y1,17.821985,5.185447
val,Y1,17.95393,5.567639
val,Y1,17.822874,6.1618624
val,Y1,17.35968,7.0330267
val,Y1,16.899584,7.0078826
val,Y1,16.455166,5.7708454
val,Y1,16.06825,6.928852
val,Y1,15.924973,7.096677
val,Y1,16.018291,5.736701
val,Y1,16.350876,7.7917843
val,Y1,16.849625,6.9953833
val,Y1,17.372139,6.3919983
val,Y1,17.77375,9.359207
val,Y1,18.009903,10.788349
val,Y1,18.09496,11.963619
val,Y1,18.058916,13.802646
val,Y1,17.939764,9.4023485
val,Y1,17.822556,11.662675
val,Y1,17.779152,6.7321606
val,Y1,17.837889,5.709425
val,Y1,17.934166,5.5169773
val,Y1,18.06132,5.698003
val,Y1,18.25793,10.1210165
val,Y1,18.467556,18.4707
val,Y1,18.431805,18.268877
val,Y1,18.961124,19.492924
val,Y1,19.956486,10.17365
val,Y1,19.987444,17.812878
val,Y1,20.764334,15.998283
val,Y1,21.014292,16.144985
val,Y1,20.048626,7.7187624
val,Y1,19.41125,5.799408
val,Y1,18.806625,12.187214
val,Y1,18.528084,14.719522
val,Y1,18.252403,19.563496
val,Y1,18.060556,7.7215285
val,Y1,17.949306,9.984505
val,Y1,17.95957,8.283041
val,Y1,18.045626,10.130305
val,Y1,18.190361,14.555589
val,Y1,18.20704,18.698648
val,Y1,18.07914,15.317324
val,Y1,18.035278,14.57453
val,Y1,18.115389,16.076405
val,Y1,18.377306,17.439178
val,Y1,18.737015,10.131677
val,Y1,19.142876,12.635232
val,Y1,19.530653,7.1744184
val,Y1,19.560333,7.084541
val,Y1,18.540056,12.153382
val,Y1,13.07318,14.083314
val,Y1,6.9635415,14.232586
val,Y1,5.0189166,12.529348
val,Y1,4.6032085,12.348015
val,Y1,10.18775,14.591186
val,Y1,17.738945,17.267654
val,Y1,19.00093,13.864278
val,Y1,18.312584,9.010016
val,Y1,18.182417,7.5366297
val,Y1,17.975763,5.1299477
val,Y1,17.878458,3.0235298
val,Y1,17.92193,2.2074566
val,Y1,18.100069,9.930308
val,Y1,18.211319,22.206144
val,Y1,18.143347,20.357565
val,Y1,17.986597,21.699442
val,Y1,17.746222,13.9627285
val,Y1,17.230791,8.938132
val,Y1,17.06214,10.045274
val,Y1,17.222555,6.400311
val,Y1,17.160973,9.241788
val,Y1,17.16475,11.625285
val,Y1,17.326834,7.4185276
val,Y1,17.617043,6.9567165
val,Y1,17.901209,8.615239
val,Y1,18.08825,5.5532246
val,Y1,18.279444,9.831032
val,Y1,18.5435,13.428874
val,Y1,18.77582,11.127255
val,Y1,18.959473,8.85402
val,Y1,19.115402,12.638375
val,Y1,19.185486,13.076983
val,Y1,19.114902,11.838444
val,Y1,19.007473,13.720536
val,Y1,19.028917,14.578931
val,Y1,19.19246,14.242597
val,Y1,19.327013,14.32511
val,Y1,19.314848,18.151562
val,Y1,19.34639,22.47038
val,Y1,19.661152,12.7267885
val,Y1,20.059597,11.575061
val,Y1,20.170124,17.223732
val,Y1,19.990791,13.264478
val,Y1,19.711721,11.817412
val,Y1,19.4535,15.341191
val,Y1,19.149834,15.580823
val,Y1,18.961082,18.620094
val,Y1,18.97825,17.293358
val,Y1,19.058195,13.32398
val,Y1,19.133486,9.853283
val,Y1,19.155792,11.689753
val,Y1,19.286667,13.794433
val,Y1,12.631861,16.085356
val,Y1,11.336445,17.778017
val,Y1,18.147459,10.3356
val,Y1,17.437471,19.759726
val,Y1,7.698014,21.0997
val,Y1,2.765597,18.878805
val,Y1,12.086223,15.460204
val,Y1,18.637917,14.992731
val,Y1,18.510597,15.2807665
val,Y1,18.362194,15.353549
val,Y1,18.343277,13.58249
val,Y1,18.387625,13.617402
val,Y1,18.51168,16.786947
val,Y1,18.676903,16.763163
val,Y1,18.8695,20.701603
val,Y1,18.984194,18.342594
val,Y1,19.013208,13.274226
val,Y1,19.091265,14.030036
val,Y1,19.135056,12.710703
val,Y1,19.021,20.83972
val,Y1,18.783667,18.610329
val,Y1,18.497458,10.922881
val,Y1,18.225208,14.51434
val,Y1,17.95511,10.490184
val,Y1,17.64864,3.790634
val,Y1,17.38114,15.012212
val,Y1,17.14164,16.899746
val,Y1,16.915236,17.446348
val,Y1,16.708902,15.199262
val,Y1,16.474112,13.550631
val,Y1,16.142666,15.784503
val,Y1,15.465208,14.59313
val,Y1,14.457556,9.782848
val,Y1,13.418736,19.619118
val,Y1,12.314889,12.884461
val,Y1,11.10125,11.895046
val,Y1,9.857153,15.61806
val,Y1,8.533264,12.965552
val,Y1,7.1223474,12.924679
val,Y1,5.669847,14.400462
val,Y1,4.211986,17.786676
val,Y1,2.8093472,18.46227
val,Y1,1.6840278,14.898818
val,Y1,0.94295835,19.47947
val,Y1,0.48105556,17.364746
val,Y1,0.280375,9.890895
val,Y1,0.14731945,11.172526
val,Y1,0.042166665,10.587697
val,Y1,0.025041666,9.965402
val,Y1,0.020194445,10.953565
val,Y1,0.024805555,16.617657
val,Y1,0.027652778,12.185769
val,Y1,0.021958333,9.603654
val,Y1,0.016777778,17.57013
val,Y1,0.022972222,21.639807
val,Y1,0.02913889,19.211958
val,Y1,0.024041668,20.96688
val,Y1,0.018111112,17.71561
val,Y1,0.020708334,10.233164
val,Y1,0.026944444,12.63667
val,Y1,0.024097223,13.674302
val,Y1,0.15626389,19.298882
val,Y1,1.1192778,10.644552
val,Y1,2.9645555,10.391617
val,Y1,4.7500973,16.414986
val,Y1,5.667917,17.312176
val,Y1,5.795361,10.951895
val,Y1,5.6416807,5.6852427
val,Y1,5.197986,7.466312
val,Y1,4.4289026,10.145112
val,Y1,3.6823888,12.736703
val,Y1,3.1419306,19.249186
val,Y1,2.588889,17.683739
val,Y1,2.0117083,15.920701
val,Y1,1.5050555,6.3286
val,Y1,1.0873473,7.445449
val,Y1,0.7880972,10.716705
val,Y1,0.5573611,12.749364
val,Y1,0.31431943,17.247568
val,Y1,0.10415278,10.808753
val,Y1,0.02225,8.6690035
val,Y1,0.022194445,14.944806
val,Y1,0.021305555,16.810728
val,Y1,0.021125,14.2342825
val,Y1,0.020763889,13.588948
val,Y1,0.013847223,7.199732
val,Y1,0.0165,7.6479025
val,Y1,0.072569445,7.4307303
val,Y1,0.58356947,5.464075
val,Y1,1.2863195,11.028735
val,Y1,2.1324723,10.038404
val,Y1,3.348389,8.225531
val,Y1,4.6125417,9.863854
val,Y1,5.7233334,8.408965
val,Y1,6.3879585,7.655386
val,Y1,6.746389,8.367394
val,Y1,6.8730693,7.0085607
val,Y1,6.8468056,7.9060774
val,Y1,6.9645,8.956058
val,Y1,7.2818613,9.392639
val,Y1,7.7564445,9.0509615
val,Y1,8.353764,10.553765
val,Y1,9.069972,13.67719
val,Y1,9.879916,15.326933
val,Y1,10.646944,16.95402
val,Y1,11.3255415,18.619524
val,Y1,11.96193,14.6131
val,Y1,12.281264,11.996276
val,Y1,12.325055,9.084971
val,Y1,12.523,8.6212
val,Y1,12.850194,8.257899
val,Y1,13.079653,6.392228
val,Y1,13.189584,7.389262
val,Y1,13.334792,6.0816216
val,Y1,13.597264,8.438879
val,Y1,13.930611,12.797644
val,Y1,14.207958,9.0076
val,Y1,14.287653,8.529066
val,Y1,14.355486,8.445375
val,Y1,14.628944,11.9357195
val,Y1,14.842556,19.021248
val,Y1,14.912806,21.352192
val,Y1,14.91868,22.345295
val,Y1,14.885944,13.2411375
val,Y1,14.835556,13.923983
val,Y1,14.793667,16.699823
val,Y1,14.870139,11.58906
val,Y1,14.969152,5.9406652
val,Y1,15.028028,8.98354
val,Y1,15.1159725,13.417553
val,Y1,15.269764,7.4158096
val,Y1,15.49657,15.254186
val,Y1,15.737403,17.175465
val,Y1,15.7427225,13.373659
val,Y1,15.379264,10.968575
val,Y1,14.836653,13.839297
val,Y1,14.73125,19.728312
val,Y1,15.1096525,12.715562
val,Y1,15.604875,15.445621
val,Y1,16.20514,16.496525
val,Y1,16.764416,11.869106
val,Y1,17.207598,17.262161
val,Y1,17.535694,13.371888
val,Y1,17.80186,7.09793
val,Y1,18.130695,5.251667
val,Y1,18.501694,5.4630547
val,Y1,18.73525,7.909271
val,Y1,18.882153,7.79016
val,Y1,18.968292,11.998099
val,Y1,19.004139,18.790106
val,Y1,19.09432,21.90131
val,Y1,19.213486,16.622566
val,Y1,19.182138,13.582732
val,Y1,18.909597,18.55032
val,Y1,18.566902,10.284259
val,Y1,18.214083,5.3088126
val,Y1,17.777431,5.561881
val,Y1,17.267626,9.280572
val,Y1,16.673708,17.892738
val,Y1,15.913903,17.647785
val,Y1,15.116458,10.488463
val,Y1,14.575139,15.098826
val,Y1,14.333861,15.7701
val,Y1,14.264292,7.330351
val,Y1,14.301833,5.7229595
val,Y1,14.348111,9.863038
val,Y1,14.353861,18.301037
val,Y1,14.25875,16.462519
val,Y1,14.027736,15.907777
val,Y1,13.889153,7.553713
val,Y1,13.662569,9.928789
val,Y1,12.651652,16.021788
val,Y1,10.949903,16.81189
val,Y1,9.035722,17.768692
val,Y1,7.2168055,20.657349
val,Y1,5.447764,19.233547
val,Y1,3.7421112,7.0710497
val,Y1,2.5470695,11.243417
val,Y1,2.5704722,19.066366
val,Y1,3.8773472,15.374617
val,Y1,5.38575,11.31416
val,Y1,6.558361,18.978817
val,Y1,7.4518194,18.294437
val,Y1,8.028097,11.210307
val,Y1,7.9174166,10.592128
val,Y1,6.800542,21.633694
val,Y1,5.156014,20.008804
val,Y1,3.6040416,15.544193
val,Y1,2.3567917,13.76316
val,Y1,1.4816389,12.95919
val,Y1,0.9105694,10.31934
val,Y1,0.58025,8.571644
val,Y1,0.3247639,12.737291
val,Y1,0.09986111,15.1390505
val,Y1,0.17975,11.935327
val,Y1,1.10475,13.204953
val,Y1,2.8563056,20.86354
val,Y1,4.699569,20.840069
val,Y1,6.3093057,15.280625
val,Y1,7.579125,7.3423266
val,Y1,8.545986,12.71256
val,Y1,9.2734165,8.648482
val,Y1,10.068139,6.130539
val,Y1,10.839569,6.1855497
val,Y1,11.0640135,6.272647
val,Y1,11.082903,4.0665274
val,Y1,11.227708,0.93790275
val,Y1,11.309972,0.8170342
val,Y1,10.891222,0.8414708
val,Y1,9.852722,0.8363023
val,Y1,8.644389,0.9166989
val,Y1,7.428528,0.72590005
val,Y1,6.287083,0.7871721
val,Y1,5.6293473,0.65908426
val,Y1,5.800861,0.70790887
val,Y1,6.799778,3.0424201
val,Y1,8.095528,7.9210134
val,Y1,9.2583885,12.707919
val,Y1,10.131166,16.485655
val,Y1,10.644931,12.687965
val,Y1,10.955472,13.517395
val,Y1,11.241764,15.543151
val,Y1,11.570653,15.243939
val,Y1,11.895056,15.889031
val,Y1,12.196736,10.101132
val,Y1,12.454611,5.6541777
val,Y1,12.612348,5.241399
val,Y1,12.616292,6.820694
val,Y1,12.363028,7.663149
val,Y1,12.305597,9.024085
val,Y1,12.507083,10.37976
val,Y1,12.609736,6.1738796
val,Y1,12.554944,7.118841
val,Y1,12.248153,11.768846
val,Y1,11.936306,17.9296
val,Y1,11.702361,17.750689
val,Y1,11.432625,16.896458
val,Y1,11.171181,15.892605
val,Y1,11.159223,12.084979
val,Y1,11.476514,14.742656
val,Y1,11.90125,18.175642
val,Y1,12.300944,19.322197
val,Y1,12.630709,16.321976
val,Y1,12.756847,14.240621
val,Y1,12.79843,11.4536
val,Y1,12.902041,12.774431
val,Y1,12.947847,14.681621
val,Y1,12.931986,23.332003
val,Y1,12.973958,21.316067
val,Y1,13.072792,12.567384
val,Y1,13.052806,9.55018
val,Y1,12.793583,9.549835
val,Y1,12.391334,11.296854
val,Y1,12.057584,18.502874
val,Y1,11.850695,14.930767
val,Y1,11.795667,6.612429
val,Y1,11.783139,9.173968
val,Y1,11.527416,16.99272
val,Y1,10.682917,14.528165
val,Y1,9.234972,9.338256
val,Y1,7.6632085,7.369269
val,Y1,6.190347,9.112422
val,Y1,5.3815694,7.351532
val,Y1,5.7324305,6.242385
val,Y1,6.7945137,7.3066187
val,Y1,7.934764,8.375522
val,Y1,8.79882,11.198293
val,Y1,9.437555,19.487926
val,Y1,9.919528,14.924956
val,Y1,10.143167,9.397548
val,Y1,10.242111,6.5911436
val,Y1,10.240833,7.080397
val,Y1,9.813042,8.497249
val,Y1,9.032014,19.957909
val,Y1,8.497569,18.930117
val,Y1,8.52725,8.419928
val,Y1,8.899153,10.611394
val,Y1,9.516848,19.25555
val,Y1,10.309847,14.088087
val,Y1,11.07,8.884518
val,Y1,11.74475,8.306946
val,Y1,12.318944,9.811032
val,Y1,12.719973,8.153567
val,Y1,13.025875,8.081779
val,Y1,13.205944,7.490107
val,Y1,13.030681,6.7750015
val,Y1,12.362889,6.930441
val,Y1,11.385709,6.5267715
val,Y1,10.202791,4.987564
val,Y1,8.688027,6.164219
val,Y1,6.897486,5.938363
val,Y1,5.189736,10.574815
val,Y1,4.7834306,19.184298
val,Y1,5.941292,19.78367
val,Y1,7.5060973,23.368835
val,Y1,8.802,21.544191
val,Y1,9.715208,18.700125
val,Y1,10.0813055,16.586199
val,Y1,10.029195,24.56295
val,Y1,10.027,14.133948
val,Y1,10.22932,6.46848
val,Y1,10.514055,11.179333
val,Y1,10.587931,16.034489
val,Y1,10.621388,21.965412
val,Y1,10.878166,18.9651
val,Y1,11.091611,8.680964
val,Y1,11.035861,11.264802
val,Y1,10.832778,19.698318
val,Y1,10.704625,13.071093
val,Y1,10.93882,10.67788
val,Y1,11.593542,13.136197
val,Y1,12.346278,19.487469
val,Y1,12.906389,20.541958
val,Y1,13.279875,23.625923
val,Y1,13.65957,21.246197
val,Y1,14.030541,13.535561
val,Y1,14.165402,8.856837
val,Y1,14.160556,12.94032
val,Y1,14.299848,23.084984
val,Y1,14.554778,19.234135
val,Y1,14.826333,9.724455
val,Y1,15.037139,14.65634
val,Y1,15.086486,6.6775866
val,Y1,14.8631525,7.8289685
val,Y1,14.617903,20.855383
val,Y1,14.554653,18.752357
val,Y1,14.456333,18.276226
val,Y1,14.273666,21.631271
val,Y1,14.029764,17.774784
val,Y1,13.688139,19.657227
val,Y1,13.334458,16.831486
val,Y1,13.055111,12.645051
val,Y1,12.859472,13.594653
val,Y1,12.688375,15.540528
val,Y1,12.514334,21.400562
val,Y1,12.377444,23.063383
val,Y1,12.246944,20.373615
val,Y1,12.07143,14.702551
val,Y1,11.925111,11.4525385
val,Y1,11.674361,11.863389
val,Y1,11.283472,12.941887
val,Y1,10.97907,12.672221
val,Y1,10.976139,14.813207
val,Y1,11.378333,7.5240784
val,Y1,11.940708,7.8950377
val,Y1,12.489847,17.747713
val,Y1,13.050889,20.112562
val,Y1,13.482764,19.815344
val,Y1,13.769278,21.241352
val,Y1,14.08175,21.163162
val,Y1,14.37982,14.516255
val,Y1,14.614333,10.361319
val,Y1,14.642,16.490402
val,Y1,14.31757,18.625257
val,Y1,13.511653,16.978949
val,Y1,12.296083,6.441531
val,Y1,10.873445,11.423952
val,Y1,9.40575,12.080852
val,Y1,8.254,10.584449
val,Y1,7.3936806,12.993707
val,Y1,6.5563474,13.918877
val,Y1,5.726486,17.173996
val,Y1,4.925764,16.287771
val,Y1,3.9677083,13.424836
val,Y1,2.9754305,17.509369
val,Y1,2.7922084,16.036861
val,Y1,3.8110833,16.728788
val,Y1,5.268236,14.469087
val,Y1,6.5198474,14.924687
val,Y1,7.536486,16.625208
val,Y1,8.446667,9.263422
val,Y1,9.389347,6.966336
val,Y1,10.266,17.72181
val,Y1,10.818819,16.647116
val,Y1,11.040806,13.368142
val,Y1,11.269292,11.942193
val,Y1,11.475972,16.86694
val,Y1,11.401792,21.989162
val,Y1,11.009111,22.180294
val,Y1,10.613653,20.980354
val,Y1,10.59125,17.675556
val,Y1,10.71375,11.294794
val,Y1,10.526944,12.776082
val,Y1,9.558888,15.149505
val,Y1,7.821264,15.538903
val,Y1,5.6870832,17.996395
val,Y1,3.4626527,17.690765
val,Y1,1.6803056,8.914853
val,Y1,0.5636111,12.513667
val,Y1,0.10268056,11.9956455
val,Y1,0.28702778,12.887323
val,Y1,1.3361388,7.0725083
val,Y1,2.9627361,6.0433326
val,Y1,4.4617777,1.8804429
val,Y1,5.7917914,0.7586844
val,Y1,7.1480556,0.8183962
val,Y1,8.384042,0.7572368
val,Y1,9.36075,0.7079631
val,Y1,9.905528,0.68996495
val,Y1,9.756291,0.6387897
val,Y1,8.894889,0.69299453
val,Y1,7.9719167,0.7202017
val,Y1,7.780958,0.6664432
val,Y1,8.269694,0.6860908
val,Y1,9.092278,6.393712
val,Y1,9.91193,13.951621
val,Y1,10.37575,12.390874
val,Y1,10.48982,14.658341
val,Y1,10.420514,15.916315
val,Y1,9.846986,12.599902
val,Y1,8.706639,7.975453
val,Y1,7.3516665,7.5898576
val,Y1,6.0378613,7.2848363
val,Y1,4.2726526,6.966481
val,Y1,2.4436529,5.1010027
val,Y1,2.152111,7.9611244
val,Y1,3.203264,10.101071
val,Y1,4.483222,11.88873
val,Y1,5.3531113,19.773977
val,Y1,5.7714443,21.82111
val,Y1,6.1262083,20.786171
val,Y1,6.335111,9.479589
val,Y1,6.4543056,7.475624
val,Y1,6.8278055,6.141177
val,Y1,7.214736,6.923884
val,Y1,7.356889,7.755366
val,Y1,7.034111,9.177703
val,Y1,6.0537086,7.786492
val,Y1,4.799278,12.400665
val,Y1,3.5889723,19.530174
val,Y1,2.6167638,13.61925
val,Y1,1.8851666,9.6871605
val,Y1,0.9970972,7.5938005
val,Y1,0.24025,12.408408
val,Y1,0.123333335,10.803808
val,Y1,0.45820832,7.396148
val,Y1,0.7695278,15.407329
val,Y1,0.69244444,14.48611
val,Y1,0.41418055,18.666553
val,Y1,0.21248612,10.163568
val,Y1,0.078041665,7.621063
val,Y1,0.04586111,6.6615334
val,Y1,0.29644445,6.121078
val,Y1,0.77641666,6.5888505
val,Y1,1.0954862,7.8358984
val,Y1,1.0964305,15.9852705
val,Y1,0.99602777,19.175543
val,Y1,1.3830833,14.13174
val,Y1,2.2950416,9.9588995
val,Y1,3.2164445,16.647484
val,Y1,4.0637083,11.452311
val,Y1,4.5789723,12.9731455
val,Y1,4.144181,16.393469
val,Y1,3.4034028,11.192082
val,Y1,3.7075279,11.849637
val,Y1,4.721097,8.103471
val,Y1,5.3982778,8.069938
val,Y1,5.5469723,7.901163
val,Y1,5.5661526,13.940537
val,Y1,5.777528,20.536171
val,Y1,6.128861,19.368816
val,Y1,6.5948887,18.064913
val,Y1,7.300597,18.057888
val,Y1,8.083834,21.74485
val,Y1,8.804528,20.576054
val,Y1,9.537833,19.378292
val,Y1,10.270778,14.453626
val,Y1,10.94275,13.381904
val,Y1,11.435208,20.056067
val,Y1,11.78118,15.796622
val,Y1,11.8793335,14.219026
val,Y1,11.5818615,15.678815
val,Y1,11.047722,16.90549
val,Y1,10.06125,20.72441
val,Y1,8.607792,16.136444
val,Y1,7.2013054,9.757846
val,Y1,6.469,5.8719625
val,Y1,6.6376805,6.1362543
val,Y1,7.242375,6.5275087
val,Y1,7.831486,7.144738
val,Y1,8.314458,8.497663
val,Y1,8.669416,9.407856
val,Y1,8.616042,7.2309694
val,Y1,7.9634304,7.93423
val,Y1,6.693486,6.0887737
val,Y1,4.9490833,6.012308
val,Y1,3.08525,5.813327
val,Y1,1.6693333,5.601632
val,Y1,0.92906946,5.736992
val,Y1,0.6345556,5.579572
val,Y1,0.76125,5.7606173
val,Y1,1.5855973,5.6369205
val,Y1,2.8794584,5.694544
val,Y1,4.2095,5.5534678
val,Y1,5.476222,5.731577
val,Y1,6.483514,5.708365
val,Y1,7.044,5.7866917
val,Y1,6.9396667,5.7772875
val,Y1,6.172694,5.726364
val,Y1,4.952542,5.7702537
val,Y1,3.5160556,5.5533185
val,Y1,2.107014,6.9937
val,Y1,1.3073194,14.631698
val,Y1,1.8473195,11.930875
val,Y1,3.2703195,10.58678
val,Y1,4.667486,12.447255
val,Y1,5.404667,16.764256
val,Y1,4.7906666,17.94573
val,Y1,3.3434584,12.5056505
val,Y1,2.2633333,7.7842326
val,Y1,1.4943889,14.130708
val,Y1,0.7514028,17.557755
val,Y1,0.33891666,20.460497
val,Y1,0.13076389,16.494146
val,Y1,0.016291667,15.7818
val,Y1,0.015472222,9.035701
val,Y1,0.014027778,16.302004
val,Y1,0.014138889,18.103268
val,Y1,0.019888889,7.318653
val,Y1,0.017416667,10.907511
val,Y1,0.014180556,11.050897
val,Y1,0.30480555,9.917631
val,Y1,1.3355973,5.7089257
val,Y1,2.6990416,6.869026
val,Y1,3.86875,9.240599
val,Y1,4.957111,12.713622
val,Y1,5.6825137,15.966686
val,Y1,6.041347,17.99105
val,Y1,6.4203334,16.646322
val,Y1,6.908111,13.696786
val,Y1,7.4765277,16.90945
val,Y1,8.039389,18.160738
val,Y1,8.592625,16.25421
val,Y1,9.063681,13.278905
val,Y1,9.334056,16.836807
val,Y1,9.391111,14.697211
val,Y1,9.343653,13.302999
val,Y1,9.333222,16.65818
val,Y1,9.386264,15.231712
val,Y1,9.451195,17.853899
val,Y1,9.318848,19.620464
val,Y1,8.823486,19.825691
val,Y1,8.098056,16.606974
val,Y1,7.483722,9.428777
val,Y1,7.032403,15.253188
val,Y1,6.455222,12.92414
val,Y1,5.754611,14.289331
val,Y1,5.2944584,16.124125
val,Y1,5.3229303,18.421993
val,Y1,5.8199167,11.744966
val,Y1,6.5533056,12.712592
val,Y1,7.204472,15.095789
val,Y1,7.8012223,15.5635195
val,Y1,8.405444,19.51438
val,Y1,8.965153,16.721113
val,Y1,9.477236,7.596715
val,Y1,9.748959,10.891139
val,Y1,9.690763,11.986737
val,Y1,9.490055,15.638759
val,Y1,9.435722,15.765429
val,Y1,9.70375,19.28703
val,Y1,10.151208,16.95489
val,Y1,10.462014,16.822968
val,Y1,10.4835,11.226314
val,Y1,10.240875,19.656803
val,Y1,9.823083,17.059326
val,Y1,9.444639,9.379495
val,Y1,9.321555,11.176095
val,Y1,9.282875,8.694839
val,Y1,8.507459,8.264329
val,Y1,7.10625,9.074989
val,Y1,5.8966804,8.962078
val,Y1,5.116486,11.909108
val,Y1,4.813319,6.8980694
val,Y1,4.684625,6.2208853
val,Y1,4.3175416,6.5144987
val,Y1,3.97225,6.4122562
val,Y1,4.302375,5.9779882
val,Y1,4.903764,8.0125475
val,Y1,5.288653,18.422394
val,Y1,5.73075,15.449685
val,Y1,6.193514,8.861566
val,Y1,6.600917,7.8060484
val,Y1,7.1738195,8.676033
val,Y1,7.650014,6.9222736
val,Y1,7.7013474,3.1132724
val,Y1,7.5938196,16.660555
val,Y1,7.358736,16.220182
val,Y1,6.7125,19.153006
val,Y1,5.6707363,22.288443
val,Y1,5.1731944,21.694479
val,Y1,5.8904443,15.78308
val,Y1,7.0198474,13.172986
val,Y1,7.918097,9.0837145
val,Y1,8.638153,9.077979
val,Y1,9.0014305,12.106
val,Y1,8.922055,14.759915
val,Y1,8.45518,12.124957
val,Y1,7.540514,17.004795
val,Y1,6.174389,15.103608
val,Y1,4.632167,15.824286
val,Y1,3.6543334,7.4949102
val,Y1,3.692,7.5170684
val,Y1,4.2836113,8.0332775
val,Y1,4.997208,7.351875
val,Y1,5.7934165,11.802398
val,Y1,6.8084307,16.647276
val,Y1,7.8044724,6.7378807
val,Y1,8.4395,7.1801763
val,Y1,8.964306,7.188301
val,Y1,9.453153,10.070758
val,Y1,9.729514,18.768978
val,Y1,9.871528,12.096123
val,Y1,10.036292,8.629201
val,Y1,10.214042,13.319074
val,Y1,10.391625,11.617854
val,Y1,10.547527,13.702493
val,Y1,10.594542,18.634003
val,Y1,10.047347,21.353876
val,Y1,9.245514,12.794063
val,Y1,8.67875,12.293651
val,Y1,8.185958,11.3899555
val,Y1,8.114639,9.474863
val,Y1,8.46675,11.632133
val,Y1,8.935458,13.540398
val,Y1,9.420459,15.085694
val,Y1,9.686014,11.014318
val,Y1,9.597944,18.027103
val,Y1,9.516486,20.480751
val,Y1,9.7080555,17.903305
val,Y1,10.046431,13.079253
val,Y1,10.379611,16.791838
val,Y1,10.687695,18.826973
val,Y1,10.931306,11.045232
val,Y1,10.443334,11.961924
val,Y1,8.943931,17.546167
val,Y1,7.8152223,15.558545
val,Y1,7.8729305,7.9844913
val,Y1,8.570403,14.555777
val,Y1,9.321597,22.814228
val,Y1,9.757361,20.376259
val,Y1,10.0217085,18.425306
val,Y1,10.245708,16.07976
val,Y1,10.382861,18.282955
val,Y1,10.5565,19.194414
val,Y1,10.734542,17.503704
val,Y1,10.838708,11.819747
val,Y1,10.921416,14.787944
val,Y1,10.837819,16.421944
val,Y1,10.516306,16.442825
val,Y1,10.133597,16.868256
val,Y1,9.631695,15.853265
val,Y1,8.999473,16.148695
val,Y1,8.627084,10.511096
val,Y1,8.722125,10.861913
val,Y1,9.140208,13.378926
val,Y1,9.547973,14.281042
val,Y1,9.657945,10.022128
val,Y1,9.79375,13.180836
val,Y1,10.040597,11.958877
val,Y1,9.907736,18.967302
val,Y1,9.239139,21.073032
val,Y1,8.1235,11.303187
val,Y1,6.344333,13.307809
val,Y1,4.363278,16.803532
val,Y1,2.7966805,18.84451
val,Y1,2.0047917,15.199726
val,Y1,2.6270278,14.058145
val,Y1,3.9324443,13.745235
val,Y1,5.174722,16.062498
val,Y1,6.396375,15.7360735
val,Y1,7.396528,16.674427
val,Y1,8.260014,17.915379
val,Y1,8.982542,19.943596
val,Y1,9.230222,13.760628
val,Y1,8.855194,11.002639
val,Y1,7.9448195,13.197384
val,Y1,6.8896527,19.192312
val,Y1,6.3030696,20.896143
val,Y1,6.218514,6.706387
val,Y1,6.262,10.369271
val,Y1,6.2519584,20.47819
val,Y1,6.183361,11.789525
val,Y1,6.073514,8.35382
val,Y1,5.8427777,11.419101
val,Y1,5.7865415,10.652441
val,Y1,6.0929165,8.253581
val,Y1,6.359847,14.163074
val,Y1,6.3297915,11.248356
val,Y1,6.1750555,8.580977
val,Y1,6.1379027,5.6795664
val,Y1,6.406778,8.612553
val,Y1,7.004097,12.278608
val,Y1,8.124917,7.295082
val,Y1,9.725361,11.164847
val,Y1,10.571195,19.08179
val,Y1,10.81268,13.71509
val,Y1,11.51,17.788599
val,Y1,11.137806,5.2409925
val,Y1,9.436292,12.206019
val,Y1,8.276764,11.569261
val,Y1,7.794528,11.376098
val,Y1,7.378667,19.110634
val,Y1,6.7367363,15.682167
val,Y1,5.855222,19.080845
val,Y1,5.3119445,15.175292
val,Y1,5.5244584,17.070621
val,Y1,6.2731113,18.3676
val,Y1,7.1788054,16.059002
val,Y1,7.984361,7.4853144
val,Y1,8.428306,15.006118
val,Y1,8.346139,10.204509
val,Y1,7.6271806,5.377497
val,Y1,6.4892917,17.474215
val,Y1,5.4959445,15.733645
val,Y1,5.174667,16.04173
val,Y1,5.6270137,17.338444
val,Y1,6.3873334,16.801983
val,Y1,7.2393475,19.110912
val,Y1,8.051708,18.115116
val,Y1,8.543959,14.275567
val,Y1,8.671611,9.208843
val,Y1,8.480416,14.841672
val,Y1,8.27175,12.867394
val,Y1,8.177,13.129925
val,Y1,8.200139,18.719833
val,Y1,8.592889,15.597533
val,Y1,9.234361,18.569756
val,Y1,9.628111,16.181484
val,Y1,9.453917,13.194452
val,Y1,8.94932,18.08785
val,Y1,8.510528,16.02038
val,Y1,8.45807,14.534326
val,Y1,8.981903,11.627704
val,Y1,9.831264,6.440604
val,Y1,10.5599165,18.693932
val,Y1,10.828847,19.018745
val,Y1,10.85825,19.808323
val,Y1,11.058291,21.141962
val,Y1,11.403042,17.950903
val,Y1,11.73257,5.0322967
val,Y1,11.791889,5.869034
val,Y1,11.609417,7.319354
val,Y1,11.429889,10.068926
val,Y1,11.394444,13.803412
val,Y1,11.399153,10.449122
val,Y1,11.251555,10.694571
val,Y1,11.188292,14.179849
val,Y1,11.493931,12.602605
val,Y1,11.804542,7.736866
val,Y1,11.965097,7.530659
val,Y1,12.21725,7.2711453
val,Y1,12.425,11.650694
val,Y1,12.4042635,20.724682
val,Y1,12.115111,18.295696
val,Y1,12.084653,18.437584
val,Y1,12.379416,15.759147
val,Y1,12.581708,13.451341
val,Y1,12.701292,13.08801
val,Y1,12.17775,16.304846
val,Y1,11.080264,14.702037
val,Y1,10.610389,14.858539
val,Y1,11.169181,15.173103
val,Y1,12.144097,10.382121
val,Y1,13.1135,17.222847
val,Y1,13.837791,19.881817
val,Y1,14.065028,17.316492
val,Y1,13.624181,19.321163
val,Y1,12.5715,17.271536
val,Y1,11.384958,18.79435
val,Y1,10.354959,19.014608
val,Y1,9.4753475,10.486726
val,Y1,8.581555,8.1356125
val,Y1,7.367708,8.008949
val,Y1,6.0530276,6.459389
val,Y1,5.5513196,6.10244
val,Y1,6.0247917,7.2101808
val,Y1,6.8366528,10.458951
val,Y1,7.785875,10.83644
val,Y1,8.646611,11.762529
val,Y1,9.189931,8.843572
val,Y1,9.586847,8.818437
val,Y1,9.968903,13.401179
val,Y1,10.4745,17.03699
val,Y1,11.079348,21.636267
val,Y1,11.571736,20.233467
val,Y1,11.852333,11.799624
val,Y1,12.007347,4.394308
val,Y1,12.058958,5.716711
val,Y1,11.853639,6.9219513
val,Y1,11.405889,6.411934
val,Y1,10.5495,7.250635
val,Y1,9.152889,14.201413
val,Y1,8.003902,7.832596
val,Y1,7.468514,5.900297
val,Y1,7.083653,6.879332
val,Y1,6.669903,8.17167
val,Y1,6.3295417,8.81151
val,Y1,6.1235557,5.367675
val,Y1,6.047861,4.523223
val,Y1,6.1945,4.970738
val,Y1,6.479111,5.003469
val,Y1,6.640792,8.394567
val,Y1,6.574236,13.013997
val,Y1,6.3449306,9.45543
val,Y1,6.0844445,9.122703
val,Y1,5.9905,14.801766
val,Y1,6.076208,13.688781
val,Y1,6.486778,6.854848
val,Y1,7.2105694,7.5908823
val,Y1,7.784,7.13807
val,Y1,8.153222,6.743185
val,Y1,8.654028,5.118205
val,Y1,9.1443615,4.9487042
val,Y1,9.170417,5.560687
val,Y1,8.356806,7.224467
val,Y1,6.7456527,8.627866
val,Y1,5.0780416,6.061051
val,Y1,4.246208,7.324234
val,Y1,4.6895556,9.310521
val,Y1,5.8115835,9.955716
val,Y1,6.8775415,9.273723
val,Y1,7.5945,8.111564
val,Y1,7.92825,6.1057754
val,Y1,8.120556,10.940835
val,Y1,8.169723,11.841714
val,Y1,8.2135,7.435916
val,Y1,8.687236,9.515524
val,Y1,9.510208,8.104443
val,Y1,10.315361,7.0359335
val,Y1,10.974139,6.472396
val,Y1,11.4777775,7.5589266
val,Y1,11.897695,8.28305
val,Y1,12.330375,8.019189
val,Y1,12.611736,7.974367
val,Y1,12.615958,7.306899
val,Y1,12.430472,14.471162
val,Y1,12.282416,20.920767
val,Y1,12.254556,11.140458
val,Y1,12.317542,6.4693356
val,Y1,12.523639,6.978853
val,Y1,12.766306,10.308293
val,Y1,12.999444,7.765133
val,Y1,13.1554165,7.3432703
val,Y1,13.037,9.471977
val,Y1,12.589833,9.248949
val,Y1,11.837014,14.310504
val,Y1,10.770708,13.77836
val,Y1,9.61318,6.931695
val,Y1,8.533958,9.142673
val,Y1,7.7819166,11.148427
val,Y1,7.438597,5.22743
val,Y1,7.389917,9.326955
val,Y1,7.46825,6.078224
val,Y1,7.4518056,8.034345
val,Y1,7.6160417,18.112722
val,Y1,8.133986,17.2095
val,Y1,8.830722,15.44082
val,Y1,9.534403,7.371006
val,Y1,10.183736,14.897951
val,Y1,10.760236,16.565649
val,Y1,11.371098,11.635543
val,Y1,12.037,6.691267
val,Y1,12.566986,9.491178
val,Y1,13.00532,10.478152
val,Y1,13.296987,12.053311
val,Y1,13.223069,9.825916
val,Y1,12.944708,6.87364
val,Y1,12.7711525,6.664109
val,Y1,12.7375555,1.011559
val,Y1,12.73525,1.4635813
val,Y1,12.5090275,1.5354273
val,Y1,12.029333,1.5119474
val,Y1,11.556556,1.2261664
val,Y1,11.180041,1.17008
val,Y1,10.855056,0.98030883
val,Y1,10.714236,0.84917
val,Y1,10.764264,0.96624756
val,Y1,10.804528,0.9570067
val,Y1,10.800236,0.9300834
val,Y1,10.736652,0.9404639
val,Y1,10.639209,0.802933
val,Y1,10.662209,0.6908556
val,Y1,10.7381525,11.357993
val,Y1,10.628917,10.381416
val,Y1,10.512611,8.46804
val,Y1,10.646986,5.670596
val,Y1,10.764639,5.880719
val,Y1,10.574833,6.2673163
val,Y1,10.42625,11.09872
val,Y1,10.525653,12.621879
val,Y1,10.767236,15.780726
val,Y1,11.118305,13.613326
val,Y1,11.59475,14.477311
val,Y1,12.294875,19.995922
val,Y1,12.857291,17.016542
val,Y1,13.104777,19.734589
val,Y1,13.34857,19.419685
val,Y1,13.675555,16.482435
val,Y1,14.02475,12.370385
val,Y1,14.331403,6.655828
val,Y1,14.469569,5.4584746
val,Y1,14.297778,7.3366976
val,Y1,13.930528,11.545384
val,Y1,13.536917,20.04188
val,Y1,13.074917,9.38115
val,Y1,12.282222,5.643076
val,Y1,10.859263,5.066708
val,Y1,8.962556,6.6511693
val,Y1,7.0099583,9.843219
val,Y1,5.2885556,9.12662
val,Y1,3.8741388,6.4209385
val,Y1,2.784139,6.2822886
val,Y1,1.9112362,7.291403
val,Y1,1.2749444,10.055441
val,Y1,0.9671528,17.511467
val,Y1,0.7550833,18.470543
val,Y1,0.49694446,17.212055
val,Y1,0.32893056,22.857203
val,Y1,0.31898612,23.168098
val,Y1,0.5114722,22.409187
val,Y1,1.0520694,23.606262
val,Y1,1.9235139,23.216045
val,Y1,3.0012777,22.28281
val,Y1,4.268125,22.254486
val,Y1,5.4688473,22.421997
val,Y1,6.2735415,20.247295
val,Y1,6.967375,19.24726
val,Y1,7.7557917,20.600025
val,Y1,8.286764,21.55009
val,Y1,8.229292,20.145918
val,Y1,7.4937916,15.224793
val,Y1,6.1081944,20.23972
val,Y1,4.8375835,17.381357
val,Y1,4.6415415,13.613486
val,Y1,5.3678193,13.798392
val,Y1,6.4281526,4.1923065
val,Y1,7.3855696,4.8777914
val,Y1,7.888597,1.3805969
val,Y1,8.237958,4.4709263
val,Y1,8.802792,11.5729475
val,Y1,9.264847,10.887649
val,Y1,9.457958,12.3664465
val,Y1,9.711,12.7867155
val,Y1,10.018222,11.090807
val,Y1,10.094791,6.084014
val,Y1,9.955764,6.062391
val,Y1,9.787681,7.2433553
val,Y1,9.8411665,9.764347
val,Y1,10.0935,15.981599
val,Y1,10.330028,20.905174
val,Y1,10.269681,20.80421
val,Y1,9.918028,13.496556
val,Y1,9.738569,6.5323772
val,Y1,10.009722,15.026003
val,Y1,10.67718,14.644916
val,Y1,11.211764,8.592176
val,Y1,11.171611,10.653346
val,Y1,10.840819,14.874053
val,Y1,10.515986,5.83379
val,Y1,10.216028,8.754622
val,Y1,9.940792,21.480984
val,Y1,9.757083,21.818604
val,Y1,9.921695,18.105255
val,Y1,10.597445,15.663575
val,Y1,11.556069,11.904599
val,Y1,12.529486,12.287261
val,Y1,13.165611,6.606948
val,Y1,13.407805,9.807914
val,Y1,13.682611,12.921184
val,Y1,13.965902,5.605909
val,Y1,14.031097,8.092024
val,Y1,14.109,6.453082
val,Y1,14.295652,8.294779
val,Y1,14.3455,11.78357
val,Y1,14.175902,7.687176
val,Y1,14.053,15.608325
val,Y1,14.069819,18.972206
val,Y1,14.246083,12.081573
val,Y1,14.46718,7.9643474
val,Y1,14.446458,5.118285
val,Y1,14.434042,12.704827
val,Y1,14.627625,18.077148
val,Y1,14.697416,19.148617
val,Y1,14.483097,19.461836
val,Y1,14.19,19.122196
val,Y1,13.8909445,22.702991
val,Y1,13.179931,24.04284
val,Y1,11.770361,20.186264
val,Y1,10.14557,21.82838
val,Y1,8.580361,22.368938
val,Y1,6.920125,21.988508
val,Y1,5.268472,18.43071
val,Y1,3.764889,17.388237
val,Y1,2.5080833,17.47929
val,Y1,1.6809444,18.842142
val,Y1,1.5399584,15.117361
val,Y1,2.427625,12.757525
val,Y1,3.832611,9.0813265
val,Y1,5.1118054,9.879481
val,Y1,6.1113057,8.579103
val,Y1,6.7523613,8.309448
val,Y1,7.0770416,5.519647
val,Y1,6.818333,5.741497
val,Y1,6.152694,6.758711
val,Y1,5.772861,4.768632
val,Y1,6.115361,8.697339
val,Y1,6.9515834,8.049985
val,Y1,7.767778,9.23822
val,Y1,8.198986,21.033926
val,Y1,8.15582,22.281693
val,Y1,7.603889,9.071928
val,Y1,6.3596945,5.400208
val,Y1,4.7854304,5.8548355
val,Y1,3.665514,6.0633535
val,Y1,3.4839168,6.3754764
val,Y1,4.380736,5.803911
val,Y1,5.769,5.5119476
val,Y1,6.8717637,5.48553
val,Y1,7.653167,4.2693276
val,Y1,8.325569,6.4281693
val,Y1,8.818694,8.472665
val,Y1,8.311292,9.451297
val,Y1,6.7419443,8.210459
val,Y1,5.297389,8.065485
val,Y1,4.2206945,9.071468
val,Y1,3.8877084,8.826074
val,Y1,4.8306665,12.82904
val,Y1,6.1944447,16.514791
val,Y1,6.9535418,20.522001
val,Y1,7.2248054,18.874725
val,Y1,6.985653,14.679856
val,Y1,6.108264,7.718218
val,Y1,5.4131665,5.0113463
val,Y1,5.322389,5.494876
val,Y1,5.966264,3.7443223
val,Y1,7.0292363,7.968694
val,Y1,7.8930974,7.1579013
val,Y1,8.623652,7.5719843
val,Y1,9.261903,5.1910505
val,Y1,9.717542,16.984919
val,Y1,9.824403,15.631288
val,Y1,9.37682,17.604881
val,Y1,8.192264,20.155138
val,Y1,6.8055973,20.31973
val,Y1,5.7778473,17.425533
val,Y1,4.934347,11.43049
val,Y1,4.5625415,22.744946
val,Y1,5.0404444,22.192669
val,Y1,6.0643473,24.490421
val,Y1,7.00575,18.245255
val,Y1,7.494972,12.383021
val,Y1,7.6164165,21.4067
val,Y1,7.871986,18.468819
val,Y1,8.101292,19.838047
val,Y1,8.139402,19.518997
val,Y1,8.272347,15.521561
val,Y1,8.285431,13.038542
val,Y1,7.5816665,13.540961
val,Y1,6.735736,8.185051
val,Y1,6.6753473,9.028409
val,Y1,7.1870418,5.7808204
val,Y1,7.8631945,5.9855146
val,Y1,8.503195,5.6815863
val,Y1,8.881736,10.51492
val,Y1,9.080639,13.653546
val,Y1,9.35475,6.7536645
val,Y1,9.510263,7.8795614
val,Y1,9.497806,6.4976854
val,Y1,9.486931,12.502292
val,Y1,9.604777,20.03811
val,Y1,9.788292,21.366707
val,Y1,9.93232,22.21849
val,Y1,10.130347,19.965696
val,Y1,10.253834,22.35437
val,Y1,10.094014,20.85387
val,Y1,9.746805,20.140766
val,Y1,9.445723,22.40263
val,Y1,9.328514,17.759687
val,Y1,9.38525,7.8951817
val,Y1,9.656875,8.089999
val,Y1,10.103125,6.9089546
val,Y1,10.442945,3.4489682
val,Y1,10.511416,8.76316
val,Y1,10.31068,10.711072
val,Y1,10.002319,10.176287
val,Y1,9.780666,10.849763
val,Y1,9.708487,6.9769726
val,Y1,9.780903,6.8057394
val,Y1,9.914473,6.8515863
val,Y1,10.041306,7.1575017
val,Y1,9.949041,8.322009
val,Y1,9.56925,9.890549
val,Y1,9.152306,10.674788
val,Y1,8.628861,9.778331
val,Y1,7.900708,6.9224954
val,Y1,7.0094028,6.478715
val,Y1,5.6217084,7.146303
val,Y1,3.7362084,7.484806
val,Y1,1.8579445,13.895883
val,Y1,0.5517361,10.234649
val,Y1,0.06994444,6.667941
val,Y1,0.016958334,8.370782
val,Y1,0.019,9.119132
val,Y1,0.016152779,13.636704
val,Y1,0.013666667,9.485434
val,Y1,0.014166667,16.020746
val,Y1,0.014444444,17.440979
val,Y1,0.013944444,6.865021
val,Y1,0.013791666,9.182624
val,Y1,0.015263889,9.358024
val,Y1,0.15093055,9.038621
val,Y1,1.4246111,11.473198
val,Y1,3.3236806,12.624893
val,Y1,4.475514,14.62281
val,Y1,5.232764,10.772197
val,Y1,5.826125,7.9249825
val,Y1,5.910681,18.11541
val,Y1,4.9584723,21.67268
val,Y1,3.6599445,22.132553
val,Y1,3.728111,18.125387
val,Y1,5.109625,19.63128
val,Y1,6.5880556,12.709812
val,Y1,7.820653,17.368202
val,Y1,8.946264,10.28218
val,Y1,10.039153,8.4058485
val,Y1,10.932236,12.472181
val,Y1,11.572194,14.63241
val,Y1,12.198986,6.377797
val,Y1,12.692125,6.2924643
val,Y1,12.919375,3.3391383
val,Y1,13.156944,7.0424232
val,Y1,13.5305,6.4652476
val,Y1,13.952,5.757997
val,Y1,14.2786665,8.367569
val,Y1,14.341708,16.438614
val,Y1,14.189847,15.787576
val,Y1,14.010805,8.347987
val,Y1,13.825097,8.689645
val,Y1,13.674556,13.784982
val,Y1,13.599514,12.2989855
val,Y1,13.471986,14.240081
val,Y1,13.270987,10.030419
val,Y1,13.09625,9.332352
val,Y1,12.884653,13.476583
val,Y1,12.17475,20.62881
val,Y1,10.915639,16.193636
val,Y1,9.471583,14.238093
val,Y1,8.421097,9.507426
val,Y1,8.054194,7.84925
val,Y1,7.9469585,7.1843157
val,Y1,7.8769307,6.3073435
val,Y1,8.040028,6.1999574
val,Y1,8.669014,9.270492
val,Y1,9.465639,11.266296
val,Y1,9.942792,18.267647
val,Y1,9.96825,14.96844
val,Y1,9.793597,6.875242
val,Y1,9.6872225,6.156721
val,Y1,9.696875,8.540014
val,Y1,9.8943615,8.439895
val,Y1,10.219277,16.982946
val,Y1,10.549236,18.837643
val,Y1,10.914125,18.256376
val,Y1,11.420625,6.2317924
val,Y1,12.055098,9.646339
val,Y1,12.527445,12.586248
val,Y1,12.478375,20.95121
val,Y1,11.9650135,16.724804
val,Y1,11.259722,18.285034
val,Y1,10.522014,15.378642
val,Y1,9.974958,6.5582824
val,Y1,9.5662775,6.0807676
val,Y1,9.15607,2.5428128
val,Y1,8.795222,10.025812
val,Y1,8.486972,7.3674808
val,Y1,8.234389,5.8936653
val,Y1,8.087931,1.5862371
val,Y1,7.925,0.7410049
val,Y1,7.612597,0.6305622
val,Y1,7.3160973,1.7890341
val,Y1,6.907722,6.079105
val,Y1,6.129236,17.497595
val,Y1,5.254736,19.525972
val,Y1,4.627278,9.041917
val,Y1,4.232389,9.035815
val,Y1,3.9676666,7.5510435
val,Y1,3.8123333,11.463873
val,Y1,3.6999445,14.777692
val,Y1,3.570639,9.749251
val,Y1,3.3685973,12.187316
val,Y1,3.0442083,14.101954
val,Y1,2.6058333,13.072146
val,Y1,2.140486,7.1455975
val,Y1,1.7741805,6.5179667
val,Y1,1.5194305,4.397208
val,Y1,1.29125,9.158652
val,Y1,1.0527084,12.424907
val,Y1,0.79581946,17.928791
val,Y1,0.5155,20.852417
val,Y1,0.22565278,18.195484
val,Y1,0.06566667,8.839879
val,Y1,0.0355,7.2302966
val,Y1,0.014277778,9.412854
val,Y1,0.012180556,8.661062
val,Y1,0.019541666,9.551499
val,Y1,0.029347222,18.486439
val,Y1,0.14825,17.678383
val,Y1,0.82131946,14.131033
val,Y1,2.2251666,18.442535
val,Y1,3.7625418,17.54138
val,Y1,4.9899445,19.286076
val,Y1,5.936153,21.952484
val,Y1,6.610708,19.57935
val,Y1,7.1205835,16.779318
val,Y1,7.6245694,11.498693
val,Y1,8.134181,11.721412
val,Y1,8.602445,13.440894
val,Y1,8.885805,18.522732
val,Y1,9.031042,15.569869
val,Y1,9.256291,15.426812
val,Y1,9.733306,19.404049
val,Y1,10.290889,16.654078
val,Y1,10.596194,9.683884
val,Y1,10.7915,15.860521
val,Y1,11.081278,14.933157
val,Y1,11.5975,21.765383
val,Y1,12.309806,14.925229
val,Y1,12.648486,9.717782
val,Y1,12.511431,10.499465
val,Y1,12.219194,18.876488
val,Y1,11.887208,19.029028
val,Y1,11.628847,19.763012
val,Y1,11.608736,18.44025
val,Y1,12.005542,7.6075273
val,Y1,12.665722,7.3765244
val,Y1,13.403028,7.111211
val,Y1,14.097222,7.978711
val,Y1,14.5616665,5.211849
val,Y1,14.837973,5.2058325
val,Y1,15.099222,6.178745
val,Y1,15.294209,6.29387
val,Y1,15.275556,6.3620725
val,Y1,15.086833,4.5570207
val,Y1,14.872791,4.9554873
val,Y1,14.567111,1.2966938
val,Y1,13.901709,15.670717
val,Y1,12.9013195,8.992831
val,Y1,12.077736,7.773151
val,Y1,11.584611,8.522078
val,Y1,11.077791,10.157919
val,Y1,9.715347,8.563086
val,Y1,8.268458,8.783699
val,Y1,8.065181,8.3855
val,Y1,8.546875,7.88865
val,Y1,8.844347,6.842855
val,Y1,8.648181,4.4234104
val,Y1,8.439097,5.866871
val,Y1,8.481042,14.269405
val,Y1,8.748625,7.433192
val,Y1,9.250944,8.198383
val,Y1,9.898152,6.5464044
val,Y1,10.562278,8.297609
val,Y1,10.778861,11.629956
val,Y1,10.574333,23.03039
val,Y1,10.53,20.637154
val,Y1,10.228125,18.808735
val,Y1,9.819375,20.375538
val,Y1,10.097736,9.149489
val,Y1,10.804139,14.26228
val,Y1,11.611097,15.868081
val,Y1,12.286,18.199673
val,Y1,12.819125,17.728107
val,Y1,13.26068,22.193588
val,Y1,13.5292635,20.467505
val,Y1,13.769139,15.702384
val,Y1,13.788903,10.631234
val,Y1,13.836111,6.104619
val,Y1,14.132125,7.9737873
val,Y1,14.396,8.846717
val,Y1,14.666667,6.857392
val,Y1,14.994792,5.7383513
val,Y1,15.383445,5.661584
val,Y1,15.578195,5.392626
val,Y1,15.77875,5.58638
val,Y1,15.952681,5.6001797
val,Y1,15.997528,4.3773274
val,Y1,16.396458,6.834424
val,Y1,17.025764,7.6591816
val,Y1,17.7525,5.647585
val,Y1,18.416931,19.669191
val,Y1,18.548277,14.809037
val,Y1,18.179083,10.057717
val,Y1,17.81129,10.755336
val,Y1,17.680487,9.920047
val,Y1,17.703917,7.94384
val,Y1,17.674347,6.3948593
val,Y1,17.47961,7.4140787
val,Y1,17.363903,6.3851337
val,Y1,17.45232,4.6527777
val,Y1,17.535402,5.9342585
val,Y1,17.496513,8.09941
val,Y1,17.45621,10.1119375
val,Y1,17.485043,9.081272
val,Y1,17.496181,9.122552
val,Y1,17.572971,6.0715027
val,Y1,17.812347,7.2708716
val,Y1,17.98818,6.959103
val,Y1,17.999487,12.46375
val,Y1,18.018847,9.836032
val,Y1,18.26843,6.988221
val,Y1,18.73018,7.3427377
val,Y1,19.01036,8.157943
val,Y1,19.026527,11.758296
val,Y1,18.86825,15.879383
val,Y1,18.651154,18.563492
val,Y1,18.690416,13.502158
val,Y1,18.888042,12.6391535
val,Y1,18.89632,4.979636
val,Y1,19.812431,5.4101467
val,Y1,20.336834,5.4417543
val,Y1,19.693542,4.9656696
val,Y1,19.449848,5.274995
val,Y1,19.401598,6.758729
val,Y1,19.103514,5.9762716
val,Y1,18.570847,4.6047134
val,Y1,18.373041,3.9397047
val,Y1,18.521444,4.0585203
val,Y1,18.7305,7.783655
val,Y1,18.932167,6.719273
val,Y1,19.125805,6.4046693
val,Y1,19.082125,6.10534
val,Y1,18.817305,6.5169125
val,Y1,18.517263,6.949461
val,Y1,18.238832,5.3108835
val,Y1,18.202986,6.218113
val,Y1,18.478777,15.7206545
val,Y1,18.808098,14.96278
val,Y1,19.16096,6.826473
val,Y1,19.315166,5.768058
val,Y1,18.092361,5.300336
val,Y1,13.028014,7.7006617
val,Y1,7.4779167,11.705731
val,Y1,4.6311665,16.771215
val,Y1,1.7205695,13.104822
val,Y1,0.031805556,11.406053
val,Y1,4.6162224,10.555903
val,Y1,13.97407,7.5764666
val,Y1,18.886152,8.261585
val,Y1,18.827305,7.4734116
val,Y1,18.438667,7.9050994
val,Y1,17.955805,6.8263564
val,Y1,17.439959,7.3273716
val,Y1,16.99943,15.688842
val,Y1,16.776861,17.895422
val,Y1,16.888653,10.840073
val,Y1,17.280792,9.940759
val,Y1,17.722986,6.512061
val,Y1,17.913805,6.8200035
val,Y1,17.836111,8.688819
val,Y1,17.736319,5.2732534
val,Y1,17.777653,6.1537976
val,Y1,17.997,9.379872
val,Y1,18.299944,6.717764
val,Y1,18.614681,4.509203
val,Y1,18.969084,4.2002406
val,Y1,19.361237,5.3115788
val,Y1,19.637486,6.425398
val,Y1,19.600222,5.1085854
val,Y1,19.38457,5.926353
val,Y1,19.249277,4.1070046
val,Y1,19.21743,11.874476
val,Y1,19.232944,19.84662
val,Y1,19.301111,19.843235
val,Y1,19.453056,21.591524
val,Y1,19.666597,22.24296
val,Y1,19.500195,21.75543
val,Y1,18.646597,22.706047
val,Y1,17.423403,21.41198
val,Y1,16.299583,19.964386
val,Y1,15.453305,19.826395
val,Y1,15.113778,20.338238
val,Y1,15.453709,18.8359
val,Y1,15.92918,13.847663
val,Y1,16.196486,14.571108
val,Y1,16.48307,21.692684
val,Y1,16.867208,20.404593
val,Y1,17.001833,20.404388
val,Y1,16.59175,18.573303
val,Y1,15.674916,15.692014
val,Y1,14.400139,12.287726
val,Y1,12.54875,8.004506
val,Y1,10.23,5.8127975
val,Y1,7.8965836,4.9237776
val,Y1,6.094375,3.761796
val,Y1,5.5223475,3.350849
val,Y1,6.2752776,17.645744
val,Y1,7.691,20.206524
val,Y1,8.65607,20.86877
val,Y1,8.704972,17.141895
val,Y1,8.437041,18.761545
val,Y1,8.545847,18.819147
val,Y1,9.119792,10.869795
val,Y1,9.876348,10.747615
val,Y1,10.622541,7.4547586
val,Y1,11.309097,6.0674353
val,Y1,11.532111,6.022808
val,Y1,11.229722,2.3385398
val,Y1,10.868722,1.3113742
val,Y1,10.705653,1.2445617
val,Y1,10.686402,1.2950451
val,Y1,10.534708,1.0643663
val,Y1,10.426666,1.194679
val,Y1,10.812667,2.4046564
val,Y1,11.343458,17.146664
val,Y1,11.45775,14.808621
val,Y1,11.334611,8.982806
val,Y1,11.404972,14.710828
val,Y1,11.79532,15.3820095
val,Y1,12.320111,15.528531
val,Y1,12.874514,19.763195
val,Y1,13.2977085,9.819501
val,Y1,13.366902,12.096258
val,Y1,13.18757,12.581721
val,Y1,13.057236,13.358785
val,Y1,13.029486,18.834656
val,Y1,13.017764,15.077285
val,Y1,13.056666,13.055757
val,Y1,12.940291,21.193
val,Y1,12.559722,21.078514
val,Y1,12.216291,19.404415
val,Y1,12.019903,11.984215
val,Y1,11.881695,13.830208
val,Y1,11.811806,18.568834
val,Y1,11.906542,22.401503
val,Y1,12.120694,19.055626
val,Y1,12.421625,14.929096
val,Y1,12.829111,10.575577
val,Y1,13.2931385,7.796031
val,Y1,13.710569,9.308117
val,Y1,13.815889,8.005403
val,Y1,13.797444,8.342168
val,Y1,12.706139,6.8697886
val,Y1,11.456375,8.751313
val,Y1,10.798708,9.119588
val,Y1,9.970819,7.876035
val,Y1,9.380389,8.263408
val,Y1,8.7355,8.175184
val,Y1,8.32443,9.610637
val,Y1,8.610778,12.276606
val,Y1,9.358694,9.23899
val,Y1,9.670333,9.818876
val,Y1,9.431125,9.622134
val,Y1,9.496445,8.984736
val,Y1,10.216361,7.4193006
val,Y1,11.323611,11.643111
val,Y1,12.800514,18.777004
val,Y1,14.405097,22.824465
val,Y1,15.510944,19.60662
val,Y1,15.344916,17.265188
val,Y1,14.340042,13.675539
val,Y1,13.655694,22.159258
val,Y1,13.256986,21.240324
val,Y1,13.006611,17.87024
val,Y1,12.964778,12.300001
val,Y1,13.045819,16.007544
val,Y1,13.259459,20.611155
val,Y1,13.639736,17.628128
val,Y1,14.011139,16.45374
val,Y1,14.099444,18.964973
val,Y1,13.852014,20.541096
val,Y1,13.46682,20.04382
val,Y1,13.184264,9.17328
val,Y1,13.085861,7.298876
val,Y1,13.053319,6.7631474
val,Y1,12.8041115,6.450354
val,Y1,12.258653,7.483379
val,Y1,11.385986,6.6727943
val,Y1,10.029333,5.57607
val,Y1,8.382709,5.893455
val,Y1,6.5167084,5.977098
val,Y1,4.6683054,5.895476
val,Y1,3.4912221,5.968564
val,Y1,3.1468472,5.8516626
val,Y1,3.6240277,5.879575
val,Y1,4.6351805,5.9913845
val,Y1,5.602847,5.9995604
val,Y1,6.2208056,6.749111
val,Y1,6.333597,10.646252
val,Y1,6.2540555,16.313997
val,Y1,6.3594584,13.655303
val,Y1,6.687208,6.8243265
val,Y1,7.2673473,4.04561
val,Y1,8.062764,7.6041136
val,Y1,9.0853615,10.9715605
val,Y1,10.324513,13.6693125
val,Y1,11.513028,17.170801
val,Y1,12.12693,19.158888
val,Y1,12.148125,8.045161
val,Y1,12.188056,8.374059
val,Y1,12.519125,11.272056
val,Y1,13.015111,15.201998
val,Y1,13.5355,18.249287
val,Y1,13.871542,8.882673
val,Y1,13.986305,10.639428
val,Y1,14.0853615,8.650116
val,Y1,14.125334,7.962301
val,Y1,14.027833,5.8321676
val,Y1,13.932777,6.222557
val,Y1,13.815444,9.3930025
val,Y1,13.549819,18.803722
val,Y1,13.231806,24.170023
val,Y1,12.90582,20.507862
val,Y1,12.347305,19.35194
val,Y1,11.331083,21.040665
val,Y1,9.752236,18.868547
val,Y1,7.836347,19.564163
val,Y1,6.383264,21.29209
val,Y1,6.2092915,21.406359
val,Y1,7.1378613,21.304802
val,Y1,8.386431,18.318905
val,Y1,9.116694,22.407644
val,Y1,8.3769865,20.988913
val,Y1,6.7972083,18.65094
val,Y1,5.680139,16.146954
val,Y1,5.475153,20.743984
val,Y1,6.184375,20.615774
val,Y1,7.1709585,21.597502
val,Y1,7.7794166,15.8616
val,Y1,7.7153473,20.036896
val,Y1,7.3850694,21.89118
val,Y1,7.061792,19.707241
val,Y1,6.62475,12.227355
val,Y1,6.0758195,14.907166
val,Y1,5.1088333,17.363827
val,Y1,3.3771527,18.526833
val,Y1,1.3994861,16.257982
val,Y1,0.26580554,11.574187
val,Y1,0.017972222,8.293588
val,Y1,0.012708333,6.330355
val,Y1,0.012902778,6.287551
val,Y1,0.0125,8.268468
val,Y1,0.023597222,10.225262
val,Y1,0.4846389,5.6204467
val,Y1,1.6383889,5.3988533
val,Y1,2.8186111,5.9761686
val,Y1,3.6372082,5.587224
val,Y1,4.327764,5.2879925
val,Y1,4.9754167,10.517962
val,Y1,5.3672915,12.047005
val,Y1,5.506,7.704888
val,Y1,5.5941668,6.3040547
val,Y1,5.6720276,6.2250223
val,Y1,5.9073887,7.352441
val,Y1,6.1086807,7.4514313
val,Y1,6.0241528,7.4148316
val,Y1,5.828986,14.262191
val,Y1,5.5504584,16.698055
val,Y1,5.0782223,18.222193
val,Y1,4.3071527,20.264038
val,Y1,3.4510138,16.477255
val,Y1,3.4584029,15.642533
val,Y1,4.3564863,18.745264
val,Y1,5.257292,17.4589
val,Y1,6.0035276,18.459545
val,Y1,6.430264,20.052437
val,Y1,6.3949723,20.705013
val,Y1,6.1130276,21.685478
val,Y1,5.8170276,22.967392
val,Y1,5.6458473,17.908453
val,Y1,5.5817084,17.309004
val,Y1,5.448583,17.227901
val,Y1,5.0887775,20.657845
val,Y1,4.530653,16.600126
val,Y1,3.755125,13.024116
val,Y1,2.952389,18.17175
val,Y1,2.4236667,20.388554
val,Y1,1.8808334,21.775982
val,Y1,1.1940556,14.2716675
val,Y1,0.5950278,8.275613
val,Y1,0.17825,10.410325
val,Y1,0.022541666,6.400267
val,Y1,0.018291667,13.139314
val,Y1,0.016138889,14.959296
val,Y1,0.013652778,11.412543
val,Y1,0.013833334,5.0407515
val,Y1,0.011513889,5.939893
val,Y1,0.009638889,6.0568523
val,Y1,0.045041665,9.740949
val,Y1,0.32740277,12.280202
val,Y1,1.0325139,6.0112867
val,Y1,1.8671666,6.729479
val,Y1,2.5290556,9.530377
val,Y1,3.3919444,11.999754
val,Y1,4.55825,6.7171917
val,Y1,5.4325137,6.5066385
val,Y1,5.6436667,5.349672
val,Y1,5.513653,18.771254
val,Y1,5.930875,7.92529
val,Y1,6.976111,10.082459
val,Y1,7.7174444,16.432224
val,Y1,7.912736,17.316017
val,Y1,8.026486,17.425957
val,Y1,8.154805,17.2557
val,Y1,7.7082086,18.407627
val,Y1,6.5971947,20.599876
val,Y1,5.4902916,22.285309
val,Y1,4.645236,15.335063
val,Y1,4.514583,8.35084
val,Y1,5.15225,6.5056667
val,Y1,6.0007224,6.144785
val,Y1,6.7655835,4.8769436
val,Y1,7.350458,3.6323886
val,Y1,7.87225,5.96605
val,Y1,8.24118,9.904115
val,Y1,8.446792,19.198906
val,Y1,8.564709,16.718002
val,Y1,8.128486,8.960547
val,Y1,7.1004305,7.8334894
val,Y1,5.889236,13.586164
val,Y1,4.879597,12.380048
val,Y1,4.916403,8.316657
val,Y1,5.800361,14.0070915
val,Y1,6.5556526,15.480546
val,Y1,6.910847,9.451527
val,Y1,6.9521112,7.062687
val,Y1,6.883764,6.9055805
val,Y1,6.8813057,6.0407295
val,Y1,6.931847,5.2303133
val,Y1,6.9495277,5.876886
val,Y1,6.966111,6.8455353
val,Y1,7.0360417,7.623436
val,Y1,7.155875,8.491825
val,Y1,7.2660556,9.345489
val,Y1,7.2445555,10.860162
val,Y1,7.0374165,5.6540136
val,Y1,6.8254304,18.541832
val,Y1,6.7656946,11.752154
val,Y1,7.042514,15.485973
val,Y1,7.4970417,9.488614
val,Y1,7.0705137,14.146665
val,Y1,5.491,16.141798
val,Y1,3.799625,12.126048
val,Y1,2.5924306,15.6312
val,Y1,1.8162639,19.40366
val,Y1,1.2056806,11.702628
val,Y1,0.96875,11.939548
val,Y1,1.7510834,9.5490885
val,Y1,2.9090416,16.804184
val,Y1,4.043125,19.463894
val,Y1,5.3235693,15.819901
val,Y1,6.3858056,14.95057
val,Y1,7.033653,9.979951
val,Y1,7.107611,13.256909
val,Y1,6.522875,14.853379
val,Y1,5.267208,16.93091
val,Y1,4.112472,17.540598
val,Y1,3.5805833,15.707131
val,Y1,3.933,9.750876
val,Y1,4.8906527,12.317899
val,Y1,5.3005276,11.052985
val,Y1,5.425736,10.815766
val,Y1,6.036722,9.937291
val,Y1,6.7844443,11.602267
val,Y1,7.6060834,8.88494
val,Y1,8.898278,6.3255477
val,Y1,9.973028,6.441609
val,Y1,10.187458,6.462988
val,Y1,9.922875,4.733721
val,Y1,9.5413475,8.803803
val,Y1,9.119903,8.673995
val,Y1,8.221375,7.599431
val,Y1,6.6527224,7.2114296
val,Y1,5.142611,7.8606186
val,Y1,4.288889,5.806342
val,Y1,3.5728471,5.1943264
val,Y1,2.4968472,6.8085146
val,Y1,1.5884722,9.937824
val,Y1,1.5570278,5.444598
val,Y1,3.255014,6.318704
val,Y1,6.033472,6.847396
val,Y1,8.657361,7.0688634
val,Y1,10.59625,5.4364605
val,Y1,11.281042,4.246718
val,Y1,10.612306,11.595613
val,Y1,8.42425,6.846038
val,Y1,4.8617916,8.319072
val,Y1,3.453861,13.0700655
val,Y1,5.3210974,18.907772
val,Y1,7.529972,17.017147
val,Y1,8.60625,8.774078
val,Y1,8.812555,6.713686
val,Y1,8.896611,7.7337017
val,Y1,8.892861,10.557338
val,Y1,8.980153,11.916294
val,Y1,9.216514,17.267962
val,Y1,9.509167,7.190958
val,Y1,9.436708,5.6728997
val,Y1,8.97268,5.7619886
val,Y1,8.820278,6.7675147
val,Y1,9.265708,7.1521215
val,Y1,9.827333,6.4011135
val,Y1,9.257472,6.1244206
val,Y1,7.5491943,6.291479
val,Y1,5.7865276,13.002734
val,Y1,3.9804583,5.492656
val,Y1,2.5320277,8.883006
val,Y1,2.95125,15.071801
val,Y1,4.6464305,6.5601234
val,Y1,6.190347,12.527641
val,Y1,7.463153,17.0634
val,Y1,8.394444,10.927493
val,Y1,8.907695,7.5799203
val,Y1,8.8081665,12.1507635
val,Y1,7.8583193,10.909131
val,Y1,5.88,15.281411
val,Y1,4.29575,17.301832
val,Y1,3.9909444,21.003654
val,Y1,4.0711803,14.360043
val,Y1,4.078833,10.206386
val,Y1,3.5340555,10.24203
val,Y1,2.3802361,7.8253527
val,Y1,1.3234028,8.101659
val,Y1,0.5819861,14.711454
val,Y1,0.14870833,17.829948
val,Y1,0.034444444,9.708502
val,Y1,0.29941666,6.7497754
val,Y1,1.1557778,10.003122
val,Y1,2.1196527,8.277822
val,Y1,2.7386527,8.42275
val,Y1,3.34025,6.4519143
val,Y1,4.026292,7.1460147
val,Y1,4.7793474,7.2611666
val,Y1,5.3185415,7.4225826
val,Y1,5.1369724,6.332772
val,Y1,4.5295835,7.2136407
val,Y1,4.5035973,7.536913
val,Y1,5.080583,8.242659
val,Y1,5.7301807,7.7104616
val,Y1,6.290111,5.430896
val,Y1,6.475972,11.53047
val,Y1,6.2959304,11.506114
val,Y1,6.0136943,10.792588
val,Y1,5.9705696,14.354079
val,Y1,6.3619723,13.783967
val,Y1,6.8584304,16.728703
val,Y1,7.4416666,16.540615
val,Y1,8.578486,19.516739
val,Y1,9.221097,17.852518
val,Y1,8.865292,13.750649
val,Y1,8.485764,14.105092
val,Y1,8.037598,9.3644085
val,Y1,7.580764,11.634876
val,Y1,7.5888057,8.44613
val,Y1,8.002611,14.807068
val,Y1,8.388416,19.53714
val,Y1,8.391319,16.863153
val,Y1,8.3053055,12.63349
val,Y1,8.418305,19.40319
val,Y1,8.450708,13.318432
val,Y1,8.256361,19.644922
val,Y1,7.999361,15.7066765
val,Y1,7.588847,11.381779
val,Y1,6.1174445,10.85868
val,Y1,3.8294444,20.320814
val,Y1,2.1379445,20.81804
val,Y1,2.066236,15.5749
val,Y1,3.4682777,10.043595
val,Y1,5.287736,11.608447
val,Y1,7.0856805,8.295356
val,Y1,8.609487,8.916411
val,Y1,9.366905,6.1120677
val,Y1,9.180988,7.1736503
val,Y1,8.133375,7.553179
val,Y1,6.7256804,10.0957575
val,Y1,5.756583,17.014938
val,Y1,5.461458,13.133958
val,Y1,6.1548195,7.1488304
val,Y1,7.4844446,7.5481815
val,Y1,8.793597,13.489869
val,Y1,9.578792,14.175496
val,Y1,9.550236,17.55471
val,Y1,9.189986,19.765965
val,Y1,8.718862,14.484492
val,Y1,8.086542,10.887416
val,Y1,7.4973335,14.598247
val,Y1,6.7447777,20.333342
val,Y1,5.267764,17.412401
val,Y1,3.2222917,19.51278
val,Y1,1.7565694,20.742504
val,Y1,2.077861,20.102123
val,Y1,3.6757638,16.878603
val,Y1,5.396375,17.903904
val,Y1,7.2045555,19.333584
val,Y1,8.490264,19.131355
val,Y1,6.926708,11.6445875
val,Y1,3.6680138,18.317585
val,Y1,2.2246666,16.289885
val,Y1,2.6752222,18.607817
val,Y1,3.3656666,14.409497
val,Y1,4.2188888,15.75636
val,Y1,5.4276667,13.627509
val,Y1,6.2626944,16.964943
val,Y1,6.8356113,19.906532
val,Y1,7.217639,19.364193
val,Y1,7.126347,15.59045
val,Y1,6.708542,11.257723
val,Y1,6.358444,14.357879
val,Y1,5.9294167,17.294718
val,Y1,6.0547085,17.90252
val,Y1,7.268361,13.460529
val,Y1,8.484458,6.8830853
val,Y1,9.145514,7.0643253
val,Y1,9.3289585,8.20448
val,Y1,9.227208,7.6986685
val,Y1,9.044528,9.606397
val,Y1,8.259973,16.708694
val,Y1,6.497625,8.612203
val,Y1,4.841625,7.8328743
val,Y1,4.7620554,13.775633
val,Y1,6.292,17.747032
val,Y1,8.314847,15.189347
val,Y1,9.376847,16.6248
val,Y1,9.32632,15.445229
val,Y1,9.078472,9.510359
val,Y1,8.9858885,11.957942
val,Y1,9.213764,8.488338
val,Y1,9.693292,9.126618
val,Y1,10.213375,16.295979
val,Y1,10.566667,17.02694
val,Y1,10.46225,8.067806
val,Y1,9.9916525,7.4421644
val,Y1,9.635612,8.604292
val,Y1,9.112208,17.240002
val,Y1,8.055861,16.629282
val,Y1,6.5961113,16.724192
val,Y1,4.411667,18.249954
val,Y1,2.3116806,14.21119
val,Y1,1.4220694,8.518526
val,Y1,2.6291945,8.119283
val,Y1,5.546708,7.3471932
val,Y1,8.526709,7.701581
val,Y1,10.002236,12.529605
val,Y1,10.126083,18.687092
val,Y1,10.3175,14.281855
val,Y1,10.415125,9.652595
val,Y1,10.28307,7.596946
val,Y1,10.170555,14.679579
val,Y1,10.139778,17.827805
val,Y1,10.248709,7.0120625
val,Y1,10.618208,6.4507647
val,Y1,10.881736,6.2109256
val,Y1,10.801361,4.7474556
val,Y1,10.314847,4.9988937
val,Y1,9.203986,5.1468577
val,Y1,7.579986,5.905218
val,Y1,5.6214304,7.776871
val,Y1,3.7272916,6.375786
val,Y1,2.2680416,5.098664
val,Y1,2.0897222,4.2838864
val,Y1,3.630375,7.5631905
val,Y1,5.6134443,2.7687833
val,Y1,7.2576113,10.970224
val,Y1,8.294153,9.493283
val,Y1,8.686097,8.2306595
val,Y1,8.991305,8.253718
val,Y1,9.102653,6.662178
val,Y1,8.715542,5.906762
val,Y1,8.29475,10.3535
val,Y1,8.083,15.110969
val,Y1,8.141736,15.910331
val,Y1,8.588972,16.577656
val,Y1,9.164473,12.300626
val,Y1,9.689445,11.706942
val,Y1,9.964306,13.101651
val,Y1,9.671625,17.032139
val,Y1,8.913986,14.194285
val,Y1,7.942,12.228666
val,Y1,6.886389,12.883205
val,Y1,5.6980414,13.353832
val,Y1,4.552125,11.413007
val,Y1,4.1057916,15.745809
val,Y1,3.5151112,17.589033
val,Y1,2.040611,14.2478285
val,Y1,0.6628611,15.922044
val,Y1,0.08016667,15.313673
val,Y1,0.012902778,15.516332
val,Y1,0.012875,9.731948
val,Y1,0.016375,7.3946757
val,Y1,0.60444444,3.8455658
val,Y1,2.1439583,9.234488
val,Y1,3.8338056,11.3526125
val,Y1,5.3035555,10.269568
val,Y1,6.7145557,6.9148397
val,Y1,7.9555,5.999789
val,Y1,8.767111,7.216783
val,Y1,8.919528,10.447721
val,Y1,8.56082,10.778524
val,Y1,7.990361,6.8098035
val,Y1,7.292861,8.108347
val,Y1,6.409972,13.903996
val,Y1,5.630778,8.162695
val,Y1,5.2115693,7.18211
val,Y1,5.1511526,6.1881776
val,Y1,5.505597,6.142149
val,Y1,6.258736,6.8132043
val,Y1,7.0810695,9.276097
val,Y1,7.117542,8.209111
val,Y1,5.9835973,6.6127195
val,Y1,4.475097,8.6240835
val,Y1,3.6280417,10.941262
val,Y1,3.8899446,10.295402
val,Y1,4.9297915,10.35077
val,Y1,6.003097,8.457484
val,Y1,6.900653,8.994482
val,Y1,7.9548473,11.454125
val,Y1,9.063653,14.1298
val,Y1,9.663944,16.128384
val,Y1,9.59507,18.618504
val,Y1,9.186875,19.116299
val,Y1,8.580556,18.420166
val,Y1,7.7035694,14.636567
val,Y1,7.164875,17.861996
val,Y1,7.4751806,13.904213
val,Y1,8.14925,18.230032
val,Y1,8.684361,16.75795
val,Y1,8.877653,7.963479
val,Y1,8.720388,7.903907
val,Y1,8.550972,7.1879864
val,Y1,8.558069,6.4402275
val,Y1,8.598666,5.440608
val,Y1,8.420944,5.853559
val,Y1,7.7574306,6.5771546
val,Y1,6.645931,7.2911325
val,Y1,5.596861,7.724525
val,Y1,5.086639,10.662977
val,Y1,5.605375,12.482513
val,Y1,7.167111,6.8926477
val,Y1,8.783667,9.894447
val,Y1,9.579861,13.718461
val,Y1,9.457973,13.86889
val,Y1,8.587514,16.830591
val,Y1,6.802639,16.537405
val,Y1,4.058,18.70327
val,Y1,2.2890139,15.467169
val,Y1,2.1679027,20.085083
val,Y1,2.063625,21.865826
val,Y1,1.5796388,16.245667
val,Y1,1.0368333,9.891133
val,Y1,0.6012361,11.921551
val,Y1,0.35744444,19.179226
val,Y1,0.36847222,19.127563
val,Y1,0.80130553,18.727432
val,Y1,1.8200139,17.938265
val,Y1,3.0833611,19.223675
val,Y1,4.2797637,23.154186
val,Y1,5.3079305,15.59088
val,Y1,6.1802917,8.074696
val,Y1,6.8145,9.8238325
val,Y1,7.1171803,8.50305
val,Y1,6.434597,7.152961
val,Y1,3.850222,7.0988426
val,Y1,2.0677779,7.010689
val,Y1,2.513625,7.341899
val,Y1,3.1035416,6.7910175
val,Y1,3.4111388,6.469097
val,Y1,3.5244443,5.6452713
val,Y1,3.8984723,5.9683723
val,Y1,4.8915834,5.987978
val,Y1,5.96825,6.0003114
val,Y1,6.7274446,8.139518
val,Y1,7.1612363,11.164393
val,Y1,7.4181113,8.492837
val,Y1,7.5504165,4.7494974
val,Y1,7.5984583,5.9252696
val,Y1,7.680264,5.3869815
val,Y1,7.777111,5.526209
val,Y1,7.8619585,17.51802
val,Y1,7.8684444,18.269728
val,Y1,7.9028335,11.823999
val,Y1,8.04018,6.0440993
val,Y1,8.14382,6.487342
val,Y1,8.102875,5.384349
val,Y1,7.7716527,5.6333466
val,Y1,6.592292,6.5273533
val,Y1,4.493514,7.0295534
val,Y1,2.4871805,7.2415533
val,Y1,1.2323195,5.129654
val,Y1,0.651375,6.5375338
val,Y1,0.484,21.426476
val,Y1,0.43779168,20.801811
val,Y1,0.22404167,9.856324
val,Y1,0.028208334,14.718582
val,Y1,0.16136111,18.59171
val,Y1,1.21175,20.02985
val,Y1,3.2288334,5.8571143
val,Y1,5.4761806,7.000863
val,Y1,7.7732916,19.405106
val,Y1,9.855264,17.849205
val,Y1,10.627819,11.19481
val,Y1,9.391681,4.8874474
val,Y1,6.9301667,16.970726
val,Y1,4.7960835,9.000186
val,Y1,4.1065,6.7469215
val,Y1,4.3643613,10.944736
val,Y1,5.116653,9.793803
val,Y1,6.2850556,6.739253
val,Y1,6.4520555,10.058953
val,Y1,5.324986,8.759854
val,Y1,4.5240693,6.302109
val,Y1,4.9217916,14.939211
val,Y1,5.874472,20.066555
val,Y1,6.4488473,19.976261
val,Y1,6.465236,15.871601
val,Y1,6.011653,10.531401
val,Y1,5.1103473,9.862626
val,Y1,4.0731945,10.283996
val,Y1,3.460264,9.282892
val,Y1,3.2941527,17.281994
val,Y1,3.737111,21.522068
val,Y1,4.4884305,17.875774
val,Y1,4.466722,21.209906
val,Y1,3.7379723,20.549492
val,Y1,2.899,18.794455
val,Y1,2.1954305,10.961392
val,Y1,1.7643472,12.883679
val,Y1,1.7338889,17.63508
val,Y1,1.6670834,13.391666
val,Y1,1.0980139,17.069345
val,Y1,0.37986112,19.463684
val,Y1,0.15084723,13.214798
val,Y1,0.5538889,8.222144
val,Y1,0.98868054,6.8849096
val,Y1,1.0402361,5.3060846
val,Y1,0.679875,6.1511593
val,Y1,0.206875,5.7618365
val,Y1,0.017777778,10.780448
val,Y1,0.048527777,19.992397
val,Y1,0.35470834,17.309212
val,Y1,0.91979164,19.538448
val,Y1,1.4037083,17.849556
val,Y1,1.7140417,19.962326
val,Y1,1.9495555,21.427433
val,Y1,2.1525416,17.684227
val,Y1,2.24875,17.940895
val,Y1,2.4151666,20.781618
val,Y1,2.6450555,22.521708
val,Y1,2.6539166,17.604248
val,Y1,2.5308332,13.364127
val,Y1,2.7266111,10.8566265
val,Y1,3.0509443,14.983963
val,Y1,3.353889,12.066305
val,Y1,3.6819167,12.631743
val,Y1,3.810875,16.139433
val,Y1,3.876861,18.914536
val,Y1,4.302403,12.2515745
val,Y1,5.2370415,8.335106
val,Y1,6.0342917,17.607122
val,Y1,6.1026945,18.025942
val,Y1,5.4842224,14.235836
val,Y1,4.9504585,18.851454
val,Y1,4.7263193,20.530619
val,Y1,4.5189304,12.7604065
val,Y1,4.3575416,6.389488
val,Y1,4.129778,18.785984
val,Y1,3.6175277,20.012173
val,Y1,2.8419862,10.425843
val,Y1,1.9980416,8.973044
val,Y1,1.4014028,7.5306883
val,Y1,1.7795556,6.1489797
val,Y1,2.483736,0.8998582
val,Y1,2.6342778,2.735892
val,Y1,2.45725,7.2013035
val,Y1,1.9588194,2.6135483
val,Y1,1.1512778,1.7856238
val,Y1,0.4017639,1.9062433
val,Y1,0.28880554,13.215514
val,Y1,1.2418611,20.658817
val,Y1,2.98425,20.85392
val,Y1,4.5073195,21.36713
val,Y1,5.5835,15.371518
val,Y1,6.2738333,16.240952
val,Y1,6.555153,20.869083
val,Y1,6.668597,21.330252
val,Y1,6.8013473,15.68497
val,Y1,7.131181,12.319461
val,Y1,7.517,12.365373
val,Y1,7.8050556,20.108616
val,Y1,8.028306,20.08129
val,Y1,8.225611,17.579052
val,Y1,8.200556,19.709862
val,Y1,7.617361,18.704037
val,Y1,6.971653,19.209713
val,Y1,6.7754307,16.2023
val,Y1,6.7527776,14.064494
val,Y1,6.4677362,20.588127
val,Y1,5.436278,18.222376
val,Y1,3.9760695,17.52602
val,Y1,2.8960972,9.402148
val,Y1,2.1580138,7.353984
val,Y1,1.5249584,6.5816994
val,Y1,1.4499583,4.74701
val,Y1,2.2474027,9.4810705
val,Y1,3.3909583,12.012204
val,Y1,4.465875,8.623106
val,Y1,5.4000835,8.80266
val,Y1,6.018611,8.163155
val,Y1,6.3274026,8.421769
val,Y1,6.458778,11.110553
val,Y1,6.494736,8.681457
val,Y1,5.954389,8.931738
val,Y1,4.5786667,7.8514247
val,Y1,2.9179168,7.025437
val,Y1,1.6724305,9.145877
val,Y1,1.0736111,8.082023
val,Y1,0.74669445,8.086913
val,Y1,0.59369445,10.001889
val,Y1,0.46504167,8.534188
val,Y1,0.4107361,5.2864738
val,Y1,0.6613472,11.837505
val,Y1,1.1383473,14.874739
val,Y1,1.9084584,9.713273
val,Y1,2.9375138,6.0272875
val,Y1,3.9446666,5.4275875
val,Y1,5.00175,0.7483858
val,Y1,5.8846526,2.0701437
val,Y1,6.418264,8.850849
val,Y1,6.9134445,15.128128
val,Y1,7.174514,10.256043
val,Y1,7.19525,14.8999
val,Y1,7.3135695,17.025463
val,Y1,7.6961946,17.674107
val,Y1,8.165736,20.058624
val,Y1,8.365027,20.20848
val,Y1,8.217764,15.642941
val,Y1,8.157125,20.965698
val,Y1,8.450389,15.939624
val,Y1,8.976986,14.715289
val,Y1,9.462819,17.098404
val,Y1,9.637819,17.449604
val,Y1,9.537403,14.894922
val,Y1,8.873902,12.716988
val,Y1,7.6603613,7.5464315
val,Y1,6.3655696,8.820661
val,Y1,5.2064304,8.292684
val,Y1,4.4989862,8.488204
val,Y1,4.092236,6.3812685
val,Y1,3.5057082,11.292003
val,Y1,2.3967638,17.004501
val,Y1,1.5710695,17.371841
val,Y1,2.2643611,18.514214
val,Y1,3.6169167,14.52065
val,Y1,4.854347,7.4154735
val,Y1,6.1612225,8.211301
val,Y1,7.3564863,15.807964
val,Y1,8.331264,16.433334
val,Y1,8.932028,18.15067
val,Y1,9.219625,11.9977045
val,Y1,9.202639,12.968591
val,Y1,8.577389,10.222434
val,Y1,7.301,9.958735
val,Y1,5.8648887,5.5809703
val,Y1,5.2048054,1.0433156
val,Y1,5.527514,6.5401907
val,Y1,6.370458,3.8026307
val,Y1,7.254014,1.2252558
val,Y1,7.8268194,0.73503613
val,Y1,7.9580555,0.8105491
val,Y1,7.764042,1.0984973
val,Y1,7.6260695,2.428914
val,Y1,7.719222,1.9650831
val,Y1,8.030209,1.1613551
val,Y1,8.528819,1.0023041
val,Y1,8.984,2.8569722
val,Y1,9.117986,4.288012
val,Y1,9.080209,4.5595875
val,Y1,9.041903,19.107525
val,Y1,8.953625,22.186514
val,Y1,8.588125,7.795931
val,Y1,7.853194,11.565192
val,Y1,6.8205276,19.034412
val,Y1,5.439236,18.486725
val,Y1,3.7241945,10.334459
val,Y1,2.0245695,15.057237
val,Y1,0.75711113,16.661953
val,Y1,0.15594445,14.510663
val,Y1,0.039819445,13.79712
val,Y1,0.026666667,11.484134
val,Y1,0.019458333,19.884178
val,Y1,0.018305555,17.935093
val,Y1,0.01626389,12.629233
val,Y1,0.017152777,14.292445
val,Y1,0.026,15.349917
val,Y1,0.22718056,18.431515
val,Y1,0.78469443,13.777024
val,Y1,1.5963194,7.482545
val,Y1,2.4309027,6.730488
val,Y1,3.2852917,6.636091
val,Y1,4.182028,5.061374
val,Y1,5.1470833,4.7647405
val,Y1,5.871486,4.8260756
val,Y1,5.9615693,5.812605
val,Y1,5.8039584,6.7781935
val,Y1,5.870875,6.512312
val,Y1,6.264375,6.161295
val,Y1,6.717403,6.4072585
val,Y1,7.1790557,8.420588
val,Y1,7.6820693,11.57948
val,Y1,8.049403,13.506026
val,Y1,8.286819,12.398408
val,Y1,8.048764,7.9986644
val,Y1,7.1479583,8.662593
val,Y1,6.149764,17.605066
val,Y1,5.3543057,21.43769
val,Y1,5.0772223,17.111668
val,Y1,5.551472,16.460949
val,Y1,6.4091387,13.469077
val,Y1,7.308375,10.125329
val,Y1,7.9825835,7.364163
val,Y1,8.367042,6.4351087
val,Y1,8.5315,7.923175
val,Y1,8.476152,18.131966
val,Y1,8.389736,21.056904
val,Y1,8.405861,11.529897
val,Y1,8.507584,17.43411
val,Y1,8.705569,16.383713
val,Y1,8.917167,11.599364
val,Y1,9.077306,14.897096
val,Y1,9.252889,7.8110685
val,Y1,9.473361,5.2025647
val,Y1,9.732278,5.679016
val,Y1,9.923223,6.9889097
val,Y1,10.021514,6.191015
val,Y1,10.157014,6.555385
val,Y1,10.290611,8.901814
val,Y1,10.343153,6.019189
val,Y1,10.262403,6.5017977
val,Y1,10.064639,9.100889
val,Y1,9.7415,12.396123
val,Y1,9.304764,9.184682
val,Y1,8.806069,14.571875
val,Y1,8.260292,15.849203
val,Y1,7.419014,12.326447
val,Y1,6.202139,17.168556
val,Y1,5.0944304,11.0401945
val,Y1,4.3318195,22.317223
val,Y1,3.4098334,21.59864
val,Y1,2.2748473,12.37029
val,Y1,1.5033473,13.493508
val,Y1,0.97313887,16.167767
val,Y1,0.50690275,17.571056
val,Y1,0.1921389,20.979744
val,Y1,0.13079166,9.368879
val,Y1,0.31620833,8.864373
val,Y1,0.5239722,16.125484
val,Y1,0.8767083,15.491459
val,Y1,1.1160278,9.817477
val,Y1,0.67204165,10.09921
val,Y1,0.14068055,11.780396
val,Y1,0.092430554,16.033278
val,Y1,0.638375,17.425379
val,Y1,1.9277222,18.167164
val,Y1,3.4474862,12.95609
val,Y1,4.55425,10.081081
val,Y1,5.303875,9.2036
val,Y1,5.9906387,8.410781
val,Y1,6.467583,7.790291
val,Y1,6.5508194,7.086994
val,Y1,6.6209307,5.358821
val,Y1,6.7563195,4.02411
val,Y1,6.9203887,5.110051
val,Y1,7.252042,4.4190354
val,Y1,7.606153,4.532163
val,Y1,7.9464583,4.4096136
val,Y1,8.258166,4.6426077
val,Y1,8.372598,4.6422043
val,Y1,8.285459,4.329479
val,Y1,8.347362,5.69683
val,Y1,8.556875,5.613509
val,Y1,8.757292,5.0743084
val,Y1,8.961695,5.876748
val,Y1,9.165639,7.4322968
val,Y1,9.270056,6.2205305
val,Y1,9.085944,11.0567665
val,Y1,8.234889,19.764881
val,Y1,6.6256666,11.335727
val,Y1,4.835347,13.191569
val,Y1,3.2109444,15.528333
val,Y1,2.1211529,17.489285
val,Y1,1.7362916,16.061277
val,Y1,1.3434583,14.26285
val,Y1,0.7504306,14.404438
val,Y1,0.28952777,10.989629
val,Y1,0.060805555,12.429651
val,Y1,0.017138889,11.427793
val,Y1,0.01375,17.561895
val,Y1,0.012027778,15.821971
val,Y1,0.016638888,6.168688
val,Y1,0.019069444,10.283118
val,Y1,0.016152779,8.76542
val,Y1,0.017666666,7.82672
val,Y1,0.016847223,10.4528675
val,Y1,0.05615278,7.9551253
val,Y1,0.6242222,10.167654
val,Y1,1.9268055,18.76472
val,Y1,3.330139,23.602234
val,Y1,4.5069447,21.236935
val,Y1,5.4857917,15.376294
val,Y1,6.1942916,8.834616
val,Y1,6.6679444,9.836263
val,Y1,6.887986,12.349471
val,Y1,6.9365,14.023871
val,Y1,6.9236665,10.675152
val,Y1,6.5690556,18.074589
val,Y1,5.5781527,19.454105
val,Y1,4.2443056,13.754366
val,Y1,3.137972,9.4902315
val,Y1,2.3512778,14.1927805
val,Y1,1.8068612,15.526281
val,Y1,1.7478334,12.68826
val,Y1,2.4570832,8.30394
val,Y1,3.5266528,7.0373945
val,Y1,4.787667,14.865135
val,Y1,6.192111,15.556594
val,Y1,7.3098335,8.0643215
val,Y1,7.959,6.8875227
val,Y1,8.3225975,6.452667
val,Y1,8.621403,5.6888237
val,Y1,8.521472,4.08944
val,Y1,7.8472085,4.0731783
val,Y1,6.832861,4.1646748
val,Y1,5.6343193,4.063192
val,Y1,4.288361,4.125352
val,Y1,2.9048057,4.117398
val,Y1,1.58675,4.0807004
val,Y1,0.7442222,4.064908
val,Y1,0.44006944,4.1052136
val,Y1,0.8560972,4.121886
val,Y1,2.003,4.330597
val,Y1,3.118264,4.5802426
val,Y1,4.25725,4.1998425
val,Y1,5.5917916,4.932788
val,Y1,7.0648193,16.712547
val,Y1,8.633223,20.1546
val,Y1,9.948236,6.65738
val,Y1,11.039278,11.000863
val,Y1,12.040806,15.192761
val,Y1,12.618597,12.215654
val,Y1,12.739333,10.845469
val,Y1,12.908986,13.574385
val,Y1,13.172542,21.274265
val,Y1,13.225833,20.373034
val,Y1,13.167819,16.31775
val,Y1,13.16775,11.423408
val,Y1,13.199917,10.099841
val,Y1,13.188708,13.146193
val,Y1,13.157097,15.725864
val,Y1,13.158112,15.058393
val,Y1,13.238764,19.198868
val,Y1,13.426306,8.27823
val,Y1,13.63032,16.301855
val,Y1,13.739667,17.332542
val,Y1,13.688347,19.15723
val,Y1,13.531736,22.06046
val,Y1,13.352041,15.642871
val,Y1,13.177778,10.474218
val,Y1,12.885361,12.770442
val,Y1,12.297861,17.619667
val,Y1,11.527625,15.037065
val,Y1,10.464653,19.336983
val,Y1,8.9586115,22.833836
val,Y1,7.3210554,9.383582
val,Y1,5.79325,8.4321575
val,Y1,4.454486,20.130932
val,Y1,3.1124861,20.67747
val,Y1,2.24025,14.553174
val,Y1,3.0425138,16.175014
val,Y1,4.8963194,15.727413
val,Y1,5.973417,16.302578
val,Y1,5.6684027,16.824757
val,Y1,4.227153,15.698007
val,Y1,2.8902917,6.3909264
val,Y1,2.6121528,6.1096077
val,Y1,2.8052223,5.961094
val,Y1,2.7914584,5.6094937
val,Y1,2.4704444,5.5373945
val,Y1,2.2561944,5.5766234
val,Y1,2.2335556,9.326815
val,Y1,2.50375,13.3514805
val,Y1,3.466764,8.657202
val,Y1,4.865208,6.8059535
val,Y1,6.1232085,5.864097
val,Y1,7.1477222,5.6713777
val,Y1,8.041014,5.7027607
val,Y1,8.543125,5.7660336
val,Y1,8.5882635,5.761754
val,Y1,8.346209,5.6254797
val,Y1,7.5419583,5.8427567
val,Y1,6.146389,5.6968184
val,Y1,4.987125,5.8500414
val,Y1,4.8259306,5.660658
val,Y1,5.641264,5.650653
val,Y1,6.645014,5.5391116
val,Y1,7.1275415,5.7078743
val,Y1,7.2341943,5.7689962
val,Y1,6.9724584,5.8950524
val,Y1,6.432139,5.5835905
val,Y1,5.930097,5.894069
val,Y1,5.6214304,5.9313335
val,Y1,5.656958,5.754348
val,Y1,6.210625,5.79432
val,Y1,7.158889,5.392911
val,Y1,7.8573613,4.9882812
val,Y1,8.14068,5.76752
val,Y1,8.390889,5.8724174
val,Y1,8.708264,6.0581083
val,Y1,8.808,5.5519137
val,Y1,8.690389,5.6173368
val,Y1,8.562361,5.78137
val,Y1,8.442069,5.6666746
val,Y1,8.357875,5.580366
val,Y1,8.382167,6.350894
val,Y1,8.716333,5.7836204
val,Y1,9.270264,5.0535564
val,Y1,9.619278,5.3630733
val,Y1,9.628653,5.0895476
val,Y1,9.400958,6.4435906
val,Y1,9.129319,6.93422
val,Y1,8.929958,6.6180744
val,Y1,8.730917,5.0603547
val,Y1,8.4690275,4.970129
val,Y1,8.172014,6.2238245
val,Y1,7.9107084,5.400914
val,Y1,7.6281943,5.4519224
val,Y1,6.7817917,4.9582076
val,Y1,5.5341387,5.611375
val,Y1,4.325639,6.882061
val,Y1,3.32925,6.639491
val,Y1,3.5251389,5.038372
val,Y1,4.870569,5.0539303
val,Y1,6.2203474,6.5018373
val,Y1,7.1759305,4.7151566
val,Y1,7.4002776,5.898153
val,Y1,6.6009583,5.092001
val,Y1,5.2181387,5.718873
val,Y1,3.5795972,5.4876842
val,Y1,2.3997223,4.559793
val,Y1,2.7340417,5.645879
val,Y1,3.845264,6.0617733
val,Y1,5.0544305,5.1350555
val,Y1,6.4091806,6.0772877
val,Y1,7.2138057,4.808073
val,Y1,7.637375,5.738163
val,Y1,8.324486,6.497605
val,Y1,9.06593,5.3271985
val,Y1,9.587611,6.536459
val,Y1,9.991472,5.2117605
val,Y1,10.320875,6.268746
val,Y1,10.473097,5.3458633
val,Y1,10.523292,5.396282
val,Y1,10.662097,5.5960007
val,Y1,10.832723,7.1442156
val,Y1,10.957583,5.36224
val,Y1,10.886444,6.0098066
val,Y1,10.461,6.5776253
val,Y1,9.851916,4.96539
val,Y1,9.165334,6.1005144
val,Y1,8.260917,5.9422293
val,Y1,7.3030696,5.50951
val,Y1,6.7074165,6.379612
val,Y1,6.717931,5.120102
val,Y1,7.2729583,6.5408497
val,Y1,8.029056,6.826543
val,Y1,8.692194,5.380193
val,Y1,8.99125,6.1071386
val,Y1,8.629958,6.584501
val,Y1,7.944208,5.5096135
val,Y1,7.437972,4.6060786
val,Y1,7.044125,5.803477
val,Y1,6.4060974,5.2871513
val,Y1,5.360111,4.895278
val,Y1,4.5867915,5.9659534
val,Y1,4.7606387,5.951953
val,Y1,5.4747086,5.6023674
val,Y1,6.3377085,6.4551516
val,Y1,7.226917,5.4531198
val,Y1,7.865389,5.255797
val,Y1,8.090625,6.156994
val,Y1,7.6993194,5.2047133
val,Y1,6.6894445,6.4968243
val,Y1,5.3211665,5.3575315
val,Y1,4.223014,5.2311907
val,Y1,4.1317916,6.641095
val,Y1,4.9126945,4.9014416
val,Y1,5.8822637,5.2752895
val,Y1,6.781014,6.609329
val,Y1,7.46325,6.079007
val,Y1,7.9312916,5.923932
val,Y1,8.266931,5.6945863
val,Y1,8.480083,5.6865115
val,Y1,8.655861,5.744154
val,Y1,8.775514,5.714514
val,Y1,8.831625,5.7000284
val,Y1,8.699778,5.6976767
val,Y1,8.59157,5.681262
val,Y1,8.668555,5.6688786
val,Y1,8.721611,5.6993494
val,Y1,8.758972,5.696878
val,Y1,8.903556,5.6869526
val,Y1,9.062041,5.696652
val,Y1,9.117611,5.742311
val,Y1,9.169473,5.719301
val,Y1,9.302347,5.70683
val,Y1,9.388695,5.694832
val,Y1,9.234263,5.6936436
val,Y1,8.815389,5.700467
val,Y1,8.076472,5.7049136
val,Y1,6.8577776,5.7471223
val,Y1,5.4626527,6.430458
val,Y1,4.543375,11.317563
val,Y1,4.5765,9.205762
val,Y1,5.3633056,5.9091697
val,Y1,6.2986665,5.690979
val,Y1,7.1325417,5.697633
val,Y1,7.6924167,5.7534523
val,Y1,8.106236,5.9021807
val,Y1,8.512806,5.9569435
val,Y1,8.789,5.9247646
val,Y1,8.91343,5.820239
val,Y1,8.796014,5.9739027
val,Y1,8.472569,5.893633
val,Y1,7.7364583,5.986533
val,Y1,6.440722,6.7540445
val,Y1,5.265347,7.044233
val,Y1,4.8310556,7.129078
val,Y1,5.3767223,13.049424
val,Y1,6.5405693,13.853206
val,Y1,7.5640416,7.297693
val,Y1,8.114417,14.712988
val,Y1,8.243597,16.576717
val,Y1,8.059472,10.785617
val,Y1,7.68275,6.805695
val,Y1,7.1094446,4.9138827
val,Y1,6.3679585,5.3566046
val,Y1,5.957903,8.089689
val,Y1,6.1361666,5.1929836
val,Y1,6.7254725,5.745345
val,Y1,7.530958,5.784829
val,Y1,8.125459,5.7845893
val,Y1,7.935639,6.0586615
val,Y1,6.9710555,5.8622775
val,Y1,6.0965137,5.8162184
val,Y1,5.788708,6.0713162
val,Y1,5.733667,5.8168635
val,Y1,5.4884863,5.823042
val,Y1,4.874375,6.1771846
val,Y1,4.2233057,5.664239
val,Y1,3.7685277,5.8934455
val,Y1,3.2863612,6.1821985
val,Y1,2.7357361,6.0337777
val,Y1,2.315,5.954768
val,Y1,1.5912361,6.861305
val,Y1,0.6112361,7.1016474
val,Y1,0.10661111,5.809273
val,Y1,0.2572778,6.677738
val,Y1,0.65772223,4.856526
val,Y1,0.7999028,5.1157312
val,Y1,0.8848611,10.382104
val,Y1,0.80811113,11.8005905
val,Y1,0.3274722,11.586516
val,Y1,0.1324861,14.8827
val,Y1,0.8290833,19.896727
val,Y1,2.1803195,17.095406
val,Y1,3.4994028,13.210096
val,Y1,4.6033335,13.42489
val,Y1,5.498875,11.186939
val,Y1,5.955333,9.253178
val,Y1,5.7766943,8.098562
val,Y1,5.384847,17.92067
val,Y1,5.446,11.261474
val,Y1,6.040292,11.707789
val,Y1,6.94475,17.383423
val,Y1,7.681,16.660578
val,Y1,7.528875,13.530342
val,Y1,6.7359304,11.567115
val,Y1,6.2495418,18.668423
val,Y1,6.1047363,15.958626
val,Y1,6.269486,17.601294
val,Y1,6.8700833,14.201703
val,Y1,7.4885974,14.165287
val,Y1,7.8158193,10.994193
val,Y1,7.8385415,18.089859
val,Y1,7.5045695,18.634956
val,Y1,6.7773333,14.274537
val,Y1,5.5658474,18.49047
val,Y1,4.0275555,16.43212
val,Y1,2.8154721,9.821831
val,Y1,2.2244167,9.666227
val,Y1,2.1582084,9.6931715
val,Y1,2.6561666,9.788138
val,Y1,3.541278,4.838906
val,Y1,4.596722,13.03258
val,Y1,5.7596664,18.59442
val,Y1,6.9001665,18.837955
val,Y1,7.949111,20.363964
val,Y1,8.867598,17.867714
val,Y1,9.439458,9.733338
val,Y1,9.517389,12.583501
val,Y1,8.881111,7.947441
val,Y1,7.7065973,13.119244
val,Y1,6.9142637,16.571623
val,Y1,6.520403,9.732621
val,Y1,5.6589446,10.901659
val,Y1,4.314653,8.130749
val,Y1,3.1041112,7.6690426
val,Y1,2.6585834,6.8598742
val,Y1,3.0145278,3.67082
val,Y1,3.8524027,1.0283638
val,Y1,4.7002916,0.77625304
val,Y1,4.9684443,0.7726485
val,Y1,4.681264,0.6353682
val,Y1,4.4977083,0.7219229
val,Y1,5.077833,0.70411146
val,Y1,6.119514,0.8837109
val,Y1,7.145528,0.8129387
val,Y1,7.81975,0.749807
val,Y1,8.044319,0.764371
val,Y1,8.232833,0.86153305
val,Y1,8.333847,0.69363284
val,Y1,7.9862223,0.7129918
val,Y1,7.2809443,0.65272874
val,Y1,6.389,0.62721956
val,T9,0.0,10.891522
val,T9,0.0,9.977075
val,T9,0.0,9.483976
val,T9,0.0,9.284205
val,T9,0.0,12.083513
val,T9,0.0,14.892633
val,T9,0.0,9.56162
val,T9,0.0,4.741368
val,T9,0.0,5.1916857
val,T9,0.0,7.630642
val,T9,0.0,16.144142
val,T9,0.0,16.063955
val,T9,0.0,15.858499
val,T9,0.0,13.308697
val,T9,0.0,20.896389
val,T9,0.0,21.128807
val,T9,0.0,19.555172
val,T9,0.0,23.169281
val,T9,0.0,21.756996
val,T9,0.0,22.582157
val,T9,0.0,18.454144
val,T9,0.0,22.47517
val,T9,0.0,22.66229
val,T9,0.0,19.367403
val,T9,0.0,15.08039
val,T9,0.0,11.393811
val,T9,0.0,8.201695
val,T9,0.0,10.30226
val,T9,0.0,17.126957
val,T9,0.0,8.152175
val,T9,0.0,7.5182443
val,T9,1.7939554,22.72696
val,T9,4.7789555,25.616894
val,T9,5.97,9.321706
val,T9,5.97,17.45488
val,T9,5.97,21.034855
val,T9,5.97,16.281982
val,T9,5.97,13.909644
val,T9,5.97,17.202545
val,T9,5.97,14.047075
val,T9,4.737,8.102645
val,T9,2.682,2.3968005
val,T9,1.86,15.924745
val,T9,1.86,24.248594
val,T9,1.86,23.725119
val,T9,1.86,24.598354
val,T9,1.86,25.458906
val,T9,1.86,24.30906
val,T9,1.86,26.158611
val,T9,1.86,17.59422
val,T9,1.86,10.334582
val,T9,1.86,18.984947
val,T9,1.86,15.973239
val,T9,1.86,19.281944
val,T9,1.86,13.235149
val,T9,1.86,12.599841
val,T9,1.86,7.988829
val,T9,3.563807,9.210725
val,T9,6.398807,10.590089
val,T9,7.53,18.804228
val,T9,7.53,21.505875
val,T9,7.53,24.840342
val,T9,7.53,25.104084
val,T9,7.53,25.622093
val,T9,7.53,25.428902
val,T9,7.53,24.855484
val,T9,9.483218,25.764942
val,T9,12.733218,22.895935
val,T9,14.03,22.786236
val,T9,14.03,21.461178
val,T9,14.03,18.176254
val,T9,14.03,13.5198145
val,T9,14.03,18.248888
val,T9,14.03,25.960587
val,T9,14.03,26.286854
val,T9,14.03,23.88203
val,T9,12.695,16.792171
val,T9,10.47,17.279753
val,T9,9.58,16.901638
val,T9,9.58,19.767437
val,T9,9.58,17.001625
val,T9,9.58,21.513845
val,T9,9.58,24.133747
val,T9,9.58,22.907349
val,T9,9.58,24.707714
val,T9,9.58,24.88801
val,T9,9.58,25.204464
val,T9,9.58,25.720636
val,T9,9.58,26.349495
val,T9,9.58,26.891384
val,T9,9.58,25.917244
val,T9,9.58,23.557222
val,T9,9.58,17.813301
val,T9,10.597,18.094336
val,T9,12.292,21.04374
val,T9,12.97,22.302504
val,T9,12.97,22.212322
val,T9,12.97,21.157475
val,T9,12.97,23.923132
val,T9,12.97,23.727825
val,T9,12.97,23.957958
val,T9,12.97,24.170897
val,T9,12.97,24.571384
val,T9,14.977,23.96624
val,T9,18.322,25.686968
val,T9,19.66,25.640812
val,T9,19.66,25.27792
val,T9,19.66,22.985703
val,T9,19.66,24.451893
val,T9,19.66,24.829536
val,T9,19.66,24.210087
val,T9,19.66,23.494074
val,T9,19.66,24.475178
val,T9,19.66,25.267036
val,T9,19.66,24.27094
val,T9,19.66,21.13644
val,T9,19.66,21.148605
val,T9,19.66,23.414986
val,T9,19.66,24.531202
val,T9,19.66,24.35603
val,T9,21.262,25.029736
val,T9,23.932,25.168865
val,T9,25.0,25.568485
val,T9,25.0,21.56768
val,T9,25.0,21.829645
val,T9,25.0,24.30076
val,T9,25.0,24.013994
val,T9,25.0,24.32
val,T9,25.0,25.672073
val,T9,25.210346,25.683857
val,T9,25.560347,24.49789
val,T9,25.7,24.489468
val,T9,25.7,25.523722
val,T9,25.7,25.841455
val,T9,25.7,25.231586
val,T9,25.7,25.641228
val,T9,25.7,25.531582
val,T9,25.7,24.879707
val,T9,25.754,24.906273
val,T9,25.844,25.340916
val,T9,25.88,22.425777
val,T9,25.88,23.992767
val,T9,25.88,25.173294
val,T9,25.88,25.87141
val,T9,25.88,25.840618
val,T9,25.88,25.50827
val,T9,25.88,25.539429
val,T9,25.432262,26.046322
val,T9,24.687262,25.506914
val,T9,24.39,25.368645
val,T9,24.39,25.321098
val,T9,24.39,25.189442
val,T9,24.39,23.572023
val,T9,24.39,25.19133
val,T9,24.39,25.480553
val,T9,24.39,25.38394
val,T9,24.717539,25.19167
val,T9,25.262539,25.397394
val,T9,25.48,24.813442
val,T9,25.48,23.056503
val,T9,25.48,24.050392
val,T9,25.48,25.041094
val,T9,25.48,25.50059
val,T9,25.48,25.318222
val,T9,25.48,26.366734
val,T9,25.996,25.535625
val,T9,26.856,26.178291
val,T9,27.2,26.31397
val,T9,27.2,26.336653
val,T9,27.2,25.063644
val,T9,27.2,24.565346
val,T9,27.2,25.732372
val,T9,27.2,25.887016
val,T9,27.2,25.448704
val,T9,27.449,26.434738
val,T9,27.864,26.374323
val,T9,28.03,25.819107
val,T9,28.03,25.55869
val,T9,28.03,25.193342
val,T9,28.03,25.04369
val,T9,28.03,25.057129
val,T9,28.03,25.352898
val,T9,28.03,24.569818
val,T9,28.03,26.292946
val,T9,29.008,25.337248
val,T9,30.638,25.459915
val,T9,31.29,25.904608
val,T9,31.29,24.778267
val,T9,31.29,24.156965
val,T9,31.29,24.910105
val,T9,31.29,25.040611
val,T9,31.29,24.319492
val,T9,31.29,24.95966
val,T9,31.29,26.362804
val,T9,31.29,27.033875
val,T9,31.29,26.494022
val,T9,31.29,25.991028
val,T9,31.29,25.84039
val,T9,31.29,24.8309
val,T9,31.29,24.037346
val,T9,31.29,24.568989
val,T9,31.780424,24.774887
val,T9,32.620422,23.880571
val,T9,32.97,23.754728
val,T9,32.97,26.065266
val,T9,32.97,24.652716
val,T9,32.97,24.69434
val,T9,32.97,25.456387
val,T9,32.97,23.57907
val,T9,32.97,25.900206
val,T9,32.917454,25.103596
val,T9,32.827454,24.693855
val,T9,32.79,24.309206
val,T9,32.79,25.617695
val,T9,32.79,26.24614
val,T9,32.79,25.269402
val,T9,32.79,25.659552
val,T9,32.79,25.39106
val,T9,32.79,25.922596
val,T9,32.927044,26.043404
val,T9,33.162045,26.280247
val,T9,33.26,25.786592
val,T9,33.26,24.045853
val,T9,33.26,21.215868
val,T9,33.26,21.449526
val,T9,33.26,24.19579
val,T9,33.26,25.100887
val,T9,33.26,24.943653
val,T9,33.01479,25.18689
val,T9,32.594788,25.331575
val,T9,32.42,25.22539
val,T9,32.42,24.730295
val,T9,32.42,24.105616
val,T9,32.42,25.476051
val,T9,32.42,25.613834
val,T9,32.42,25.31881
val,T9,32.42,24.57558
val,T9,32.42,25.668755
val,T9,32.42,25.6596
val,T9,32.42,26.536493
val,T9,32.42,26.112043
val,T9,32.42,25.181955
val,T9,32.42,24.892178
val,T9,32.42,24.504118
val,T9,32.42,26.021824
val,T9,30.548798,24.592808
val,T9,27.343798,24.30045
val,T9,26.01,23.928925
val,T9,26.01,21.682589
val,T9,26.01,18.804153
val,T9,26.01,17.479744
val,T9,26.01,18.205257
val,T9,26.01,25.50373
val,T9,26.01,25.523281
val,T9,26.01,21.913536
val,T9,26.897434,18.22818
val,T9,28.417435,25.18025
val,T9,29.05,25.319246
val,T9,29.05,25.383968
val,T9,29.05,24.240936
val,T9,29.05,24.185051
val,T9,29.05,25.001305
val,T9,29.05,23.892231
val,T9,29.05,24.12741
val,T9,29.05,26.383743
val,T9,30.439535,24.999634
val,T9,32.819534,24.920116
val,T9,33.81,25.007719
val,T9,33.81,26.20786
val,T9,33.81,26.63844
val,T9,33.81,25.43505
val,T9,33.81,26.432495
val,T9,33.81,25.22268
val,T9,33.81,24.738007
val,T9,33.81,24.629862
val,T9,33.81,23.678064
val,T9,33.81,23.56804
val,T9,33.81,24.334183
val,T9,33.81,24.091705
val,T9,33.81,24.887447
val,T9,33.81,25.200165
val,T9,33.81,25.419085
val,T9,33.748695,25.02171
val,T9,33.643696,25.063686
val,T9,33.6,21.999832
val,T9,33.6,23.17834
val,T9,33.6,21.46211
val,T9,33.6,24.885643
val,T9,33.6,24.524097
val,T9,33.6,23.924664
val,T9,33.6,23.524181
val,T9,33.71385,24.00145
val,T9,33.908848,25.556696
val,T9,33.99,25.276169
val,T9,33.99,25.16451
val,T9,33.99,24.317665
val,T9,33.99,24.812035
val,T9,33.99,24.70636
val,T9,33.99,25.760702
val,T9,33.99,26.081638
val,T9,34.02212,25.851439
val,T9,34.07712,25.437868
val,T9,34.1,25.62229
val,T9,34.1,25.46317
val,T9,34.1,25.175549
val,T9,34.1,25.978266
val,T9,34.1,25.826244
val,T9,34.1,25.425108
val,T9,34.1,25.479061
val,T9,34.446983,25.469257
val,T9,35.041985,25.817472
val,T9,35.29,26.699427
val,T9,35.29,25.973858
val,T9,35.29,26.327248
val,T9,35.29,26.576014
val,T9,35.29,26.23024
val,T9,35.29,25.775269
val,T9,35.29,26.560402
val,T9,35.187946,25.774277
val,T9,35.012947,26.311749
val,T9,34.94,25.899925
val,T9,34.94,25.982533
val,T9,34.94,25.680767
val,T9,34.94,25.069784
val,T9,34.94,24.993898
val,T9,34.94,25.600624
val,T9,34.94,25.91087
val,T9,34.91372,26.145279
val,T9,34.86872,26.330284
val,T9,34.85,25.591896
val,T9,34.85,25.82825
val,T9,34.85,25.394127
val,T9,34.85,25.811363
val,T9,34.85,25.824242
val,T9,34.85,24.80767
val,T9,34.85,25.51411
val,T9,34.85,25.776579
val,T9,35.06316,26.036537
val,T9,35.42816,26.099106
val,T9,35.58,26.694447
val,T9,35.58,26.874165
val,T9,35.58,26.68249
val,T9,35.58,25.914371
val,T9,35.58,26.857695
val,T9,35.58,26.544485
val,T9,35.58,26.325384
val,T9,35.58,26.023052
val,T9,35.58,24.831095
val,T9,35.58,24.37973
val,T9,35.58,24.867205
val,T9,35.58,24.152859
val,T9,35.58,22.6832
val,T9,35.58,24.825665
val,T9,35.58,26.196579
val,T9,35.58,26.228447
val,T9,35.218437,26.027939
val,T9,34.598434,24.673939
val,T9,34.34,25.076334
val,T9,34.34,25.130705
val,T9,34.34,25.220312
val,T9,34.34,25.447067
val,T9,34.34,25.951916
val,T9,34.34,26.212557
val,T9,34.34,26.585592
val,T9,34.63492,25.4845
val,T9,35.13992,25.783571
val,T9,35.35,26.159176
val,T9,35.35,26.18546
val,T9,35.35,25.811497
val,T9,35.35,25.822128
val,T9,35.35,25.287004
val,T9,35.35,24.979324
val,T9,35.35,25.622192
val,T9,35.08466,26.163635
val,T9,34.629658,25.746548
val,T9,34.44,24.832888
val,T9,34.44,25.87672
val,T9,34.44,25.93895
val,T9,34.44,25.570454
val,T9,34.44,26.063713
val,T9,34.44,25.508572
val,T9,34.44,27.226677
val,T9,34.44,25.780716
val,T9,34.44,24.783808
val,T9,34.44,25.499607
val,T9,34.44,25.518951
val,T9,34.44,25.75688
val,T9,34.44,25.552313
val,T9,34.44,26.627832
val,T9,34.44,25.742825
val,T9,34.44,26.378498
val,T9,34.606155,25.747852
val,T9,34.891155,25.306173
val,T9,35.01,26.33102
val,T9,35.01,25.056145
val,T9,35.01,25.306458
val,T9,35.01,25.84481
val,T9,35.01,25.6411
val,T9,35.01,26.123041
val,T9,35.01,25.69197
val,T9,35.28409,24.612627
val,T9,35.75409,26.399977
val,T9,35.95,25.819965
val,T9,35.95,25.34329
val,T9,35.95,25.003181
val,T9,35.95,25.031523
val,T9,35.95,25.675472
val,T9,35.95,26.691544
val,T9,35.95,25.468609
val,T9,35.95,25.802517
val,T9,35.95,25.90181
val,T9,35.95,26.256386
val,T9,35.95,26.497133
val,T9,35.95,25.608227
val,T9,35.95,26.289412
val,T9,35.95,26.271902
val,T9,35.95,27.251083
val,T9,36.22156,25.29213
val,T9,36.68656,25.686213
val,T9,36.88,26.296408
val,T9,36.88,24.534298
val,T9,36.88,25.273182
val,T9,36.88,25.632908
val,T9,36.88,25.523506
val,T9,36.88,24.52086
val,T9,36.88,25.804237
val,T9,36.37498,25.598724
val,T9,35.50998,25.549068
val,T9,35.15,25.343819
val,T9,35.15,25.859549
val,T9,35.15,26.019869
val,T9,35.15,24.97085
val,T9,35.15,25.839228
val,T9,35.15,24.262768
val,T9,35.15,25.445488
val,T9,35.15,25.725842
val,T9,34.694607,25.525715
val,T9,33.914604,25.908298
val,T9,33.59,25.967922
val,T9,33.59,26.088251
val,T9,33.59,25.357319
val,T9,33.59,25.797009
val,T9,33.59,25.653082
val,T9,33.59,24.619442
val,T9,33.59,23.937439
val,T9,33.832016,25.801508
val,T9,34.247013,25.84793
val,T9,34.42,24.895132
val,T9,34.42,24.732084
val,T9,34.42,24.738573
val,T9,34.42,23.447163
val,T9,34.42,26.463264
val,T9,34.42,25.999325
val,T9,34.42,25.340925
val,T9,34.57184,25.74564
val,T9,34.83184,25.096731
val,T9,34.94,25.118229
val,T9,34.94,25.258709
val,T9,34.94,25.942274
val,T9,34.94,25.5725
val,T9,34.94,24.813541
val,T9,34.94,24.287014
val,T9,34.94,25.776154
val,T9,34.94,24.762962
val,T9,34.94,25.798431
val,T9,34.94,26.476938
val,T9,34.94,25.284794
val,T9,34.94,24.530172
val,T9,34.94,26.03307
val,T9,34.94,25.85033
val,T9,34.94,23.906458
val,T9,34.910843,22.882751
val,T9,34.86084,24.7305
val,T9,34.84,26.467281
val,T9,34.84,25.954903
val,T9,34.84,25.55228
val,T9,34.84,23.901798
val,T9,34.84,26.282623
val,T9,34.84,26.807722
val,T9,34.84,25.896788
val,T9,34.84,25.828915
val,T9,35.035362,25.989628
val,T9,35.37036,26.922644
val,T9,35.51,26.157839
val,T9,35.51,25.838728
val,T9,35.51,26.728615
val,T9,35.51,26.591064
val,T9,35.51,26.30151
val,T9,35.51,26.016905
val,T9,35.51,25.010494
val,T9,35.51,24.231468
val,T9,35.51,26.2905
val,T9,35.51,26.904343
val,T9,35.51,25.130768
val,T9,35.51,25.05075
val,T9,35.51,25.951784
val,T9,35.51,25.573439
val,T9,35.51,24.87975
val,T9,35.51,26.378979
val,T9,35.749374,26.461731
val,T9,36.159374,26.643913
val,T9,36.33,26.135874
val,T9,36.33,26.007143
val,T9,36.33,26.088446
val,T9,36.33,25.704554
val,T9,36.33,25.906857
val,T9,36.33,25.891996
val,T9,36.33,25.800209
val,T9,36.073112,24.964058
val,T9,35.63311,25.252111
val,T9,35.45,25.355516
val,T9,35.45,25.572819
val,T9,35.45,26.11126
val,T9,35.45,25.796913
val,T9,35.45,25.791134
val,T9,35.45,24.582287
val,T9,35.45,25.242828
val,T9,35.45,26.545734
val,T9,35.45,26.625896
val,T9,35.45,26.388662
val,T9,35.45,26.092766
val,T9,35.45,25.285143
val,T9,35.45,25.332819
val,T9,35.45,25.646507
val,T9,35.45,25.186146
val,T9,35.596,24.78054
val,T9,35.846,25.404745
val,T9,35.95,25.801739
val,T9,35.95,25.110617
val,T9,35.95,25.669048
val,T9,35.95,25.488209
val,T9,35.95,25.327127
val,T9,35.95,26.31456
val,T9,35.95,26.040825
val,T9,36.15411,25.667627
val,T9,36.50411,23.994366
val,T9,36.65,25.443243
val,T9,36.65,24.927868
val,T9,36.65,25.964691
val,T9,36.65,25.924799
val,T9,36.65,25.73244
val,T9,36.65,25.82437
val,T9,36.65,26.116997
val,T9,36.54488,25.460749
val,T9,36.36488,25.890793
val,T9,36.29,26.26437
val,T9,36.29,26.108925
val,T9,36.29,26.225658
val,T9,36.29,24.46926
val,T9,36.29,25.942677
val,T9,36.29,25.661901
val,T9,36.29,25.554134
val,T9,36.234535,27.048632
val,T9,36.139534,25.753922
val,T9,36.1,25.97023
val,T9,36.1,26.69586
val,T9,36.1,26.422028
val,T9,36.1,26.48545
val,T9,36.1,25.94637
val,T9,36.1,25.937313
val,T9,36.1,24.80597
val,T9,35.852226,24.17304
val,T9,35.427223,25.811573
val,T9,35.25,26.111849
val,T9,35.25,26.435532
val,T9,35.25,25.734928
val,T9,35.25,25.93782
val,T9,35.25,25.770332
val,T9,35.25,24.651642
val,T9,35.25,25.816341
val,T9,35.25,26.43824
val,T9,35.229565,26.45248
val,T9,35.194565,26.08728
val,T9,35.18,25.935072
val,T9,35.18,25.950554
val,T9,35.18,25.78268
val,T9,35.18,26.369755
val,T9,35.18,25.565563
val,T9,35.18,26.386055
val,T9,35.18,26.053223
val,T9,34.940903,26.305738
val,T9,34.530903,25.493296
val,T9,34.36,25.435455
val,T9,34.36,25.813995
val,T9,34.36,26.422709
val,T9,34.36,25.60213
val,T9,34.36,25.819283
val,T9,34.36,26.27884
val,T9,34.36,27.169107
val,T9,34.698627,25.701149
val,T9,35.278625,24.885632
val,T9,35.52,26.212835
val,T9,35.52,25.954226
val,T9,35.52,26.845062
val,T9,35.52,26.653095
val,T9,35.52,26.514996
val,T9,35.52,26.136093
val,T9,35.52,26.752914
val,T9,35.592896,25.76947
val,T9,35.717896,25.87571
val,T9,35.77,25.341776
val,T9,35.77,25.345284
val,T9,35.77,26.102173
val,T9,35.77,25.895906
val,T9,35.77,26.337107
val,T9,35.77,25.672775
val,T9,35.77,25.466736
val,T9,35.6678,26.255053
val,T9,35.4928,26.141293
val,T9,35.42,25.631786
val,T9,35.42,26.61028
val,T9,35.42,26.18118
val,T9,35.42,25.629932
val,T9,35.42,26.458942
val,T9,35.42,26.43713
val,T9,35.42,26.526814
val,T9,35.38502,25.868538
val,T9,35.32502,26.285164
val,T9,35.3,26.204052
val,T9,35.3,26.614319
val,T9,35.3,25.977093
val,T9,35.3,26.161476
val,T9,35.3,26.75814
val,T9,35.3,26.146614
val,T9,35.3,26.293865
val,T9,34.93552,26.067295
val,T9,34.31052,26.453175
val,T9,34.05,24.902956
val,T9,34.05,25.033504
val,T9,34.05,25.538034
val,T9,34.05,25.136059
val,T9,34.05,25.433292
val,T9,34.05,25.430714
val,T9,34.05,23.374804
val,T9,34.05,25.557781
val,T9,34.05,25.492634
val,T9,34.05,25.397217
val,T9,34.05,25.434162
val,T9,34.05,26.046288
val,T9,34.05,24.925385
val,T9,34.05,25.194435
val,T9,34.05,25.18463
val,T9,33.87505,21.154224
val,T9,33.57505,24.376083
val,T9,33.45,21.676754
val,T9,33.45,23.36319
val,T9,33.45,24.159277
val,T9,33.45,23.454742
val,T9,33.45,23.548908
val,T9,33.45,17.95248
val,T9,33.45,25.032686
val,T9,33.66571,26.104492
val,T9,34.03571,25.743542
val,T9,34.19,26.314663
val,T9,34.19,26.083427
val,T9,34.19,26.85124
val,T9,34.19,26.683289
val,T9,34.19,25.837486
val,T9,34.19,26.927307
val,T9,34.19,25.448307
val,T9,34.89272,26.260056
val,T9,36.097717,27.061735
val,T9,36.6,26.376883
val,T9,36.6,25.054937
val,T9,36.6,26.109608
val,T9,36.6,26.026896
val,T9,36.6,26.12765
val,T9,36.6,26.14609
val,T9,36.6,26.10215
val,T9,36.378143,25.311062
val,T9,35.998142,25.5388
val,T9,35.84,23.05785
val,T9,35.84,20.038769
val,T9,35.84,25.109245
val,T9,35.84,24.93327
val,T9,35.84,24.198475
val,T9,35.84,25.24567
val,T9,35.84,26.126427
val,T9,35.84,24.186012
val,T9,35.603817,25.188652
val,T9,35.19882,24.652222
val,T9,35.03,22.717865
val,T9,35.03,24.355904
val,T9,35.03,22.022331
val,T9,35.03,23.307455
val,T9,35.03,23.460474
val,T9,35.03,24.719091
val,T9,35.03,23.62209
val,T9,34.72092,18.905472
val,T9,34.19092,23.754166
val,T9,33.97,23.53003
val,T9,33.97,24.198284
val,T9,33.97,19.709896
val,T9,33.97,13.599493
val,T9,33.97,22.601538
val,T9,33.97,24.135853
val,T9,33.97,13.67805
val,T9,33.97,22.494846
val,T9,33.97,23.848572
val,T9,33.97,22.543625
val,T9,33.97,17.778255
val,T9,33.97,23.723747
val,T9,33.97,23.674244
val,T9,33.97,24.894215
val,T9,33.97,24.658537
val,T9,34.262,24.27587
val,T9,34.762,24.28333
val,T9,34.97,24.79772
val,T9,34.97,18.104174
val,T9,34.97,20.530888
val,T9,34.97,22.936243
val,T9,34.97,21.836224
val,T9,34.97,24.069523
val,T9,34.97,23.95176
val,T9,34.698517,21.640142
val,T9,34.233517,24.258835
val,T9,34.04,15.941703
val,T9,34.04,23.591248
val,T9,34.04,24.590797
val,T9,34.04,23.733637
val,T9,34.04,24.54395
val,T9,34.04,23.999886
val,T9,34.04,22.459366
val,T9,33.8651,24.836855
val,T9,33.5651,25.203403
val,T9,33.44,20.901361
val,T9,33.44,13.123612
val,T9,33.44,16.428263
val,T9,33.44,20.404844
val,T9,33.44,21.831371
val,T9,33.44,22.66175
val,T9,33.44,26.622238
val,T9,33.44,25.541142
val,T9,33.518726,24.704508
val,T9,33.65373,25.064013
val,T9,33.71,25.425117
val,T9,33.71,24.986126
val,T9,33.71,22.23751
val,T9,33.71,26.287703
val,T9,33.71,25.269346
val,T9,33.71,23.09009
val,T9,33.71,26.317286
val,T9,33.622425,25.869806
val,T9,33.472424,25.26949
val,T9,33.41,24.823849
val,T9,33.41,23.610182
val,T9,33.41,26.149828
val,T9,33.41,25.511936
val,T9,33.41,24.704567
val,T9,33.41,24.405832
val,T9,33.41,20.855442
val,T9,33.41,21.595312
val,T9,33.41,23.679672
val,T9,33.41,23.918535
val,T9,33.41,25.559076
val,T9,33.41,25.761963
val,T9,33.41,26.015644
val,T9,33.41,25.757128
val,T9,33.41,25.544804
val,T9,33.41,24.896645
val,T9,34.037624,25.094143
val,T9,35.112625,24.737206
val,T9,35.56,24.674683
val,T9,35.56,25.957375
val,T9,35.56,25.106136
val,T9,35.56,26.080242
val,T9,35.56,24.76331
val,T9,35.56,26.006401
val,T9,35.56,25.863098
val,T9,35.56,25.565695
val,T9,35.56,25.98262
val,T9,35.56,25.924198
val,T9,35.56,25.23785
val,T9,35.56,25.423594
val,T9,35.56,26.267124
val,T9,35.56,26.4616
val,T9,35.56,25.408333
val,T9,35.971607,24.691795
val,T9,36.676605,25.58971
val,T9,36.97,25.959152
val,T9,36.97,26.291962
val,T9,36.97,26.11459
val,T9,36.97,26.906626
val,T9,36.97,25.881847
val,T9,36.97,26.854939
val,T9,36.97,26.235256
val,T9,36.961254,26.000053
val,T9,36.94625,25.167423
val,T9,36.94,25.39896
val,T9,36.94,26.338257
val,T9,36.94,26.600294
val,T9,36.94,24.843018
val,T9,36.94,26.022831
val,T9,36.94,25.460392
val,T9,36.94,26.244728
val,T9,36.98081,26.229431
val,T9,37.05081,26.03545
val,T9,37.08,25.584084
val,T9,37.08,24.327385
val,T9,37.08,24.19362
val,T9,37.08,26.730114
val,T9,37.08,25.300426
val,T9,37.08,24.356524
val,T9,37.08,24.421711
val,T9,37.08,26.292511
val,T9,36.4668,26.380821
val,T9,35.4168,26.162987
val,T9,34.98,24.703657
val,T9,34.98,25.702682
val,T9,34.98,25.457184
val,T9,34.98,25.683819
val,T9,34.98,26.831142
val,T9,34.98,25.940586
val,T9,34.98,24.730812
val,T9,34.83696,25.304184
val,T9,34.59196,25.411036
val,T9,34.49,26.332851
val,T9,34.49,25.771519
val,T9,34.49,25.609535
val,T9,34.49,25.794672
val,T9,34.49,25.765184
val,T9,34.49,25.415197
val,T9,34.49,24.837584
val,T9,34.49,25.857943
val,T9,34.49,26.038269
val,T9,34.49,25.86601
val,T9,34.49,26.217642
val,T9,34.49,26.334122
val,T9,34.49,25.461178
val,T9,34.49,25.289003
val,T9,34.49,26.111843
val,T9,34.49,25.61488
val,T9,34.50749,26.589079
val,T9,34.53749,26.18101
val,T9,34.55,25.867771
val,T9,34.55,26.08794
val,T9,34.55,25.813658
val,T9,34.55,26.285841
val,T9,34.55,25.03228
val,T9,34.55,25.411026
val,T9,34.55,26.464844
val,T9,34.900303,26.677252
val,T9,35.5003,25.812157
val,T9,35.75,25.58524
val,T9,35.75,26.791763
val,T9,35.75,25.499035
val,T9,35.75,26.061998
val,T9,35.75,25.914207
val,T9,35.75,26.172497
val,T9,35.75,27.138153
val,T9,35.75,25.94286
val,T9,35.75,25.95522
val,T9,35.75,24.7123
val,T9,35.75,26.63588
val,T9,35.75,24.063107
val,T9,35.75,26.20823
val,T9,35.75,27.0713
val,T9,35.75,26.09879
val,T9,35.75,26.47335
val,T9,35.75,26.078789
val,T9,35.75,26.305267
val,T9,35.75,25.789463
val,T9,35.75,26.59028
val,T9,35.75,26.387112
val,T9,35.75,25.504238
val,T9,35.75,26.5234
val,T9,35.75,22.957064
val,T9,35.75,25.590641
val,T9,35.446404,24.408978
val,T9,34.926403,25.763819
val,T9,34.71,25.578243
val,T9,34.71,25.326214
val,T9,34.71,26.664219
val,T9,34.71,25.783052
val,T9,34.71,26.409554
val,T9,34.71,26.689789
val,T9,34.71,25.63853
val,T9,34.71,27.014097
val,T9,34.71,26.31292
val,T9,34.71,26.118958
val,T9,34.71,25.586275
val,T9,34.71,25.304466
val,T9,34.71,26.009148
val,T9,34.71,26.210312
val,T9,34.71,25.3236
val,T9,35.0166,25.55239
val,T9,35.5416,26.992565
val,T9,35.76,26.314596
val,T9,35.76,26.330563
val,T9,35.76,25.604614
val,T9,35.76,24.929947
val,T9,35.76,22.890959
val,T9,35.76,25.977135
val,T9,35.76,25.753777
val,T9,36.16285,26.713161
val,T9,36.852848,26.58636
val,T9,37.14,25.93742
val,T9,37.14,25.6251
val,T9,37.14,24.79236
val,T9,37.14,26.182545
val,T9,37.14,25.256897
val,T9,37.14,24.525383
val,T9,37.14,25.069202
val,T9,37.04072,25.262434
val,T9,36.87072,25.28577
val,T9,36.8,25.502897
val,T9,36.8,25.278776
val,T9,36.8,26.835167
val,T9,36.8,26.0457
val,T9,36.8,26.610691
val,T9,36.8,24.993374
val,T9,36.8,25.316893
val,T9,36.8,26.357306
val,T9,36.969315,24.518055
val,T9,37.25931,24.681547
val,T9,37.38,24.92635
val,T9,37.38,26.485727
val,T9,37.38,26.050697
val,T9,37.38,26.825077
val,T9,37.38,24.616287
val,T9,37.38,26.261196
val,T9,37.38,26.096596
val,T9,37.38,26.136555
val,T9,37.38,25.416302
val,T9,37.38,26.064613
val,T9,37.38,25.800926
val,T9,37.38,26.35484
val,T9,37.38,25.629572
val,T9,37.38,25.855747
val,T9,37.38,24.417513
val,T9,37.38,24.34887
val,T9,37.406242,25.002357
val,T9,37.451244,25.692944
val,T9,37.47,26.188848
val,T9,37.47,26.113789
val,T9,37.47,24.696203
val,T9,37.47,25.69946
val,T9,37.47,26.355297
val,T9,37.47,26.511097
val,T9,37.47,26.076017
val,T9,37.47,25.140755
val,T9,37.47,24.34313
val,T9,37.47,26.727425
val,T9,37.47,26.32156
val,T9,37.47,24.817877
val,T9,37.47,25.696457
val,T9,37.47,26.331638
val,T9,37.47,26.23909
val,T9,36.96556,25.11134
val,T9,36.10056,24.438744
val,T9,35.74,25.05774
val,T9,35.74,25.570324
val,T9,35.74,26.20609
val,T9,35.74,25.93105
val,T9,35.74,25.47042
val,T9,35.74,24.631933
val,T9,35.74,25.450813
val,T9,35.754578,26.561914
val,T9,35.77958,25.763718
val,T9,35.79,24.982203
val,T9,35.79,25.791088
val,T9,35.79,25.356112
val,T9,35.79,26.11248
val,T9,35.79,25.47675
val,T9,35.79,25.128597
val,T9,35.79,24.688866
val,T9,35.687946,24.71976
val,T9,35.512947,25.896297
val,T9,35.44,26.142323
val,T9,35.44,26.537952
val,T9,35.44,25.858978
val,T9,35.44,25.029148
val,T9,35.44,25.496073
val,T9,35.44,24.888906
val,T9,35.44,25.399548
val,T9,35.50998,26.467228
val,T9,35.629982,25.927464
val,T9,35.68,26.588297
val,T9,35.68,26.275517
val,T9,35.68,25.979225
val,T9,35.68,25.180622
val,T9,35.68,25.452625
val,T9,35.68,24.55363
val,T9,35.68,25.88619
val,T9,35.776222,26.146635
val,T9,35.941223,26.211147
val,T9,36.01,25.653309
val,T9,36.01,26.374012
val,T9,36.01,26.07745
val,T9,36.01,24.79753
val,T9,36.01,25.630451
val,T9,36.01,26.18451
val,T9,36.01,26.559519
val,T9,36.05087,25.99709
val,T9,36.12087,26.522522
val,T9,36.15,26.674042
val,T9,36.15,27.076141
val,T9,36.15,26.346878
val,T9,36.15,25.50309
val,T9,36.15,26.12137
val,T9,36.15,25.180748
val,T9,36.15,26.030071
val,T9,36.237576,27.193981
val,T9,36.387577,26.813906
val,T9,36.45,26.015152
val,T9,36.45,26.353783
val,T9,36.45,25.295216
val,T9,36.45,25.376873
val,T9,36.45,25.172964
val,T9,36.45,27.272957
val,T9,36.45,26.72744
val,T9,36.517063,26.652805
val,T9,36.632065,26.417515
val,T9,36.68,25.295841
val,T9,36.68,24.641674
val,T9,36.68,26.049286
val,T9,36.68,26.159496
val,T9,36.68,26.450378
val,T9,36.68,24.605745
val,T9,36.68,25.538029
val,T9,36.41428,26.785305
val,T9,35.95928,25.435875
val,T9,35.77,26.512222
val,T9,35.77,26.328379
val,T9,35.77,25.404072
val,T9,35.77,26.558817
val,T9,35.77,26.948626
val,T9,35.77,26.5262
val,T9,35.77,24.738388
val,T9,35.98024,26.144144
val,T9,36.34024,26.029728
val,T9,36.49,25.217096
val,T9,36.49,26.56549
val,T9,36.49,26.166656
val,T9,36.49,25.84238
val,T9,36.49,26.058657
val,T9,36.49,26.294754
val,T9,36.49,25.500347
val,T9,36.49,25.84431
val,T9,36.729374,25.557747
val,T9,37.139374,26.053745
val,T9,37.31,25.641104
val,T9,37.31,25.601639
val,T9,37.31,25.387215
val,T9,37.31,25.604557
val,T9,37.31,26.680765
val,T9,37.31,25.70239
val,T9,37.31,25.86552
val,T9,37.41217,25.592417
val,T9,37.587173,26.324696
val,T9,37.66,26.679306
val,T9,37.66,26.497532
val,T9,37.66,25.379374
val,T9,37.66,22.769928
val,T9,37.66,25.0713
val,T9,37.66,24.687428
val,T9,37.66,23.795568
val,T9,37.66,25.0598
val,T9,37.66,25.7786
val,T9,37.66,24.582996
val,T9,37.66,23.936981
val,T9,37.66,26.290257
val,T9,37.66,25.805853
val,T9,37.66,25.762104
val,T9,37.66,25.909317
val,T9,37.66,26.7943
val,T9,37.283855,26.525902
val,T9,36.638855,26.037605
val,T9,36.37,25.68153
val,T9,36.37,25.017971
val,T9,36.37,24.929104
val,T9,36.37,25.488037
val,T9,36.37,26.065275
val,T9,36.37,26.536634
val,T9,36.37,25.782022
val,T9,36.37,26.806643
val,T9,36.37,25.739922
val,T9,36.37,26.122597
val,T9,36.37,26.22448
val,T9,36.37,26.479275
val,T9,36.37,25.715958
val,T9,36.37,24.967134
val,T9,36.37,21.617193
val,T9,36.0785,25.420204
val,T9,35.5785,24.761143
val,T9,35.37,26.26897
val,T9,35.37,25.834122
val,T9,35.37,26.195114
val,T9,35.37,25.72024
val,T9,35.37,25.807146
val,T9,35.37,26.531065
val,T9,35.37,25.634888
val,T9,35.23004,26.106724
val,T9,34.99004,26.411383
val,T9,34.89,25.440536
val,T9,34.89,26.035461
val,T9,34.89,26.373283
val,T9,34.89,25.116528
val,T9,34.89,24.8433
val,T9,34.89,25.925676
val,T9,34.89,26.164635
val,T9,34.68595,26.739376
val,T9,34.33595,25.632652
val,T9,34.19,25.561958
val,T9,34.19,25.789188
val,T9,34.19,24.738
val,T9,34.19,24.909975
val,T9,34.19,24.163836
val,T9,34.19,25.62733
val,T9,34.19,25.848475
val,T9,34.420353,25.829159
val,T9,34.81535,24.61044
val,T9,34.98,26.01257
val,T9,34.98,25.928352
val,T9,34.98,25.811653
val,T9,34.98,25.624372
val,T9,34.98,26.800339
val,T9,34.98,26.331053
val,T9,34.98,25.327415
val,T9,34.98,24.774536
val,T9,34.968323,25.773552
val,T9,34.948322,25.949013
val,T9,34.94,25.450882
val,T9,34.94,23.298769
val,T9,34.94,24.362831
val,T9,34.94,25.403915
val,T9,34.94,25.572983
val,T9,34.94,25.809666
val,T9,34.94,26.342468
val,T9,35.167435,26.558723
val,T9,35.557434,25.943672
val,T9,35.72,25.18974
val,T9,35.72,26.050098
val,T9,35.72,25.884499
val,T9,35.72,25.939795
val,T9,35.72,25.847874
val,T9,35.72,23.162672
val,T9,35.72,25.540077
val,T9,35.72,25.317177
val,T9,35.72,24.930214
val,T9,35.72,25.96148
val,T9,35.72,25.620659
val,T9,35.72,25.086658
val,T9,35.72,24.660744
val,T9,35.72,25.645075
val,T9,35.72,25.28774
val,T9,35.903908,26.546099
val,T9,36.21891,25.715818
val,T9,36.35,26.144365
val,T9,36.35,25.17591
val,T9,36.35,25.789604
val,T9,36.35,25.83284
val,T9,36.35,26.09043
val,T9,36.35,25.368103
val,T9,36.35,25.35371
val,T9,36.35583,25.218826
val,T9,36.365833,25.991676
val,T9,36.37,26.334938
val,T9,36.37,26.277355
val,T9,36.37,26.209229
val,T9,36.37,26.41476
val,T9,36.37,26.137735
val,T9,36.37,25.857899
val,T9,36.37,26.85842
val,T9,36.279507,26.358223
val,T9,36.124504,25.774328
val,T9,36.06,25.77214
val,T9,36.06,25.558126
val,T9,36.06,26.795486
val,T9,36.06,26.155323
val,T9,36.06,26.010517
val,T9,36.06,25.58825
val,T9,36.06,26.59495
val,T9,36.15911,25.758036
val,T9,36.32911,26.49073
val,T9,36.4,26.298151
val,T9,36.4,26.619896
val,T9,36.4,26.421402
val,T9,36.4,26.423431
val,T9,36.4,25.17796
val,T9,36.4,25.659182
val,T9,36.4,26.959314
val,T9,36.51955,26.263428
val,T9,36.72455,26.233322
val,T9,36.81,25.421806
val,T9,36.81,26.22813
val,T9,36.81,26.376297
val,T9,36.81,25.627567
val,T9,36.81,26.145107
val,T9,36.81,25.3122
val,T9,36.81,25.802616
val,T9,36.65816,26.298042
val,T9,36.39816,23.326473
val,T9,36.29,25.819262
val,T9,36.29,26.701735
val,T9,36.29,25.167519
val,T9,36.29,25.31429
val,T9,36.29,26.965668
val,T9,36.29,26.040363
val,T9,36.29,22.824577
val,T9,35.87665,25.37965
val,T9,35.166653,27.381393
val,T9,34.87,25.36699
val,T9,34.87,25.856112
val,T9,34.87,26.284214
val,T9,34.87,25.520382
val,T9,34.87,25.155869
val,T9,34.87,26.154907
val,T9,34.87,26.201538
val,T9,35.041935,25.979443
val,T9,35.336933,25.781029
val,T9,35.46,25.360409
val,T9,35.46,24.849148
val,T9,35.46,25.711823
val,T9,35.46,24.917507
val,T9,35.46,26.41718
val,T9,35.46,26.353308
val,T9,35.46,26.444588
val,T9,35.637814,26.85608
val,T9,35.942814,26.195744
val,T9,36.07,27.04894
val,T9,36.07,25.498291
val,T9,36.07,24.946564
val,T9,36.07,25.447454
val,T9,36.07,26.246262
val,T9,36.07,26.526613
val,T9,36.07,26.254488
val,T9,35.898014,26.163671
val,T9,35.603016,26.317942
val,T9,35.48,26.881046
val,T9,35.48,25.748892
val,T9,35.48,25.188522
val,T9,35.48,25.362595
val,T9,35.48,26.91072
val,T9,35.48,25.929544
val,T9,35.48,26.001675
val,T9,35.56176,26.643896
val,T9,35.70176,26.27135
val,T9,35.76,26.15314
val,T9,35.76,26.105305
val,T9,35.76,26.421764
val,T9,35.76,26.506645
val,T9,35.76,26.205128
val,T9,35.76,25.944645
val,T9,35.76,25.637695
val,T9,35.89432,25.90966
val,T9,36.12432,27.518993
val,T9,36.22,25.871258
val,T9,36.22,26.99127
val,T9,36.22,25.985893
val,T9,36.22,26.886072
val,T9,36.22,27.174183
val,T9,36.22,25.916164
val,T9,36.22,25.466024
val,T9,35.83175,26.040682
val,T9,35.166748,26.829584
val,T9,34.89,25.812452
val,T9,34.89,26.887455
val,T9,34.89,25.536743
val,T9,34.89,24.481926
val,T9,34.89,26.04893
val,T9,34.89,26.964151
val,T9,34.89,27.418669
val,T9,35.04454,26.371517
val,T9,35.30954,26.278767
val,T9,35.42,26.518929
val,T9,35.42,26.392033
val,T9,35.42,26.34684
val,T9,35.42,26.218878
val,T9,35.42,27.192902
val,T9,35.42,27.120855
val,T9,35.42,26.932117
val,T9,35.364597,27.011276
val,T9,35.2696,26.533287
val,T9,35.23,26.151361
val,T9,35.23,26.39802
val,T9,35.23,25.571358
val,T9,35.23,25.199686
val,T9,35.23,25.51247
val,T9,35.23,26.059002
val,T9,35.23,25.208242
val,T9,34.877182,26.052414
val,T9,34.272182,25.152899
val,T9,34.02,25.031748
val,T9,34.02,26.06546
val,T9,34.02,25.247004
val,T9,34.02,26.608574
val,T9,34.02,27.2902
val,T9,34.02,27.541489
val,T9,34.02,26.600494
val,T9,34.02,26.28088
val,T9,34.18352,25.075691
val,T9,34.46352,24.169348
val,T9,34.58,24.80999
val,T9,34.58,26.067402
val,T9,34.58,26.40698
val,T9,34.58,27.423517
val,T9,34.58,27.03562
val,T9,34.58,26.158836
val,T9,34.58,24.873756
val,T9,34.46907,23.73075
val,T9,34.27907,25.771585
val,T9,34.2,26.371006
val,T9,34.2,26.2929
val,T9,34.2,25.533035
val,T9,34.2,26.368181
val,T9,34.2,26.536488
val,T9,34.2,26.794605
val,T9,34.2,25.450134
val,T9,34.2,24.96398
val,T9,34.2,25.80867
val,T9,34.2,25.970509
val,T9,34.2,26.072477
val,T9,34.2,26.29639
val,T9,34.2,25.77837
val,T9,34.2,25.794666
val,T9,34.2,26.290276
val,T9,34.1417,25.471062
val,T9,34.0417,26.966951
val,T9,34.0,26.739454
val,T9,34.0,25.583475
val,T9,34.0,25.515152
val,T9,34.0,24.566599
val,T9,34.0,25.758179
val,T9,34.0,25.937393
val,T9,34.0,26.165169
val,T9,34.049557,26.412348
val,T9,34.134556,26.656136
val,T9,34.17,25.742693
val,T9,34.17,25.808979
val,T9,34.17,25.781387
val,T9,34.17,25.796524
val,T9,34.17,26.101002
val,T9,34.17,26.306004
val,T9,34.17,25.951649
val,T9,34.17,25.276423
val,T9,33.71448,24.883339
val,T9,32.93448,25.391968
val,T9,32.61,25.831707
val,T9,32.61,26.194122
val,T9,32.61,26.735645
val,T9,32.61,25.889553
val,T9,32.61,25.693933
val,T9,32.61,24.846315
val,T9,32.61,23.721521
val,T9,32.61,24.670185
val,T9,32.61,25.061947
val,T9,32.61,25.858624
val,T9,32.61,25.213478
val,T9,32.61,24.780537
val,T9,32.61,24.532475
val,T9,32.61,24.64487
val,T9,32.61,24.558865
val,T9,32.61,26.617867
val,T9,32.64212,25.455156
val,T9,32.69712,23.883942
val,T9,32.72,25.198887
val,T9,32.72,25.08808
val,T9,32.72,24.08349
val,T9,32.72,26.147795
val,T9,32.72,26.056084
val,T9,32.72,22.652456
val,T9,32.72,25.140648
val,T9,32.72,24.637783
val,T9,32.72,24.659542
val,T9,32.72,25.990019
val,T9,32.72,25.945415
val,T9,32.72,25.688322
val,T9,32.72,25.106375
val,T9,32.72,24.678959
val,T9,32.72,24.96291
val,T9,33.17487,24.945702
val,T9,33.954872,25.196009
val,T9,34.28,25.989874
val,T9,34.28,26.2821
val,T9,34.28,24.537079
val,T9,34.28,25.477055
val,T9,34.28,25.710674
val,T9,34.28,25.378262
val,T9,34.28,25.891762
val,T9,34.5191,26.224335
val,T9,34.9291,26.032246
val,T9,35.1,26.124569
val,T9,35.1,26.412848
val,T9,35.1,25.40627
val,T9,35.1,25.51812
val,T9,35.1,24.67209
val,T9,35.1,25.431131
val,T9,35.1,25.10905
val,T9,34.992115,25.496214
val,T9,34.807114,25.459248
val,T9,34.73,26.01152
val,T9,34.73,25.207247
val,T9,34.73,25.756702
val,T9,34.73,25.62276
val,T9,34.73,24.89553
val,T9,34.73,24.832901
val,T9,34.73,26.022423
val,T9,34.73,25.39373
val,T9,35.27589,26.612879
val,T9,36.210888,25.562386
val,T9,36.6,26.413616
val,T9,36.6,26.277622
val,T9,36.6,25.759863
val,T9,36.6,26.9379
val,T9,36.6,26.010859
val,T9,36.6,26.21445
val,T9,36.6,25.296528
val,T9,36.6,24.214764
val,T9,36.6,26.155823
val,T9,36.6,25.837946
val,T9,36.6,26.52726
val,T9,36.6,25.980576
val,T9,36.6,25.573755
val,T9,36.6,25.218914
val,T9,36.6,25.952433
val,T9,36.6,26.146915
val,T9,36.614574,25.4874
val,T9,36.639576,25.517082
val,T9,36.65,26.7247
val,T9,36.65,24.754185
val,T9,36.65,23.36834
val,T9,36.65,26.755516
val,T9,36.65,25.948526
val,T9,36.65,25.194498
val,T9,36.65,24.502098
val,T9,36.76388,23.847698
val,T9,36.95888,23.158007
val,T9,37.04,24.331097
val,T9,37.04,25.749565
val,T9,37.04,26.184662
val,T9,37.04,25.62657
val,T9,37.04,25.535635
val,T9,37.04,26.28115
val,T9,37.04,26.019863
val,T9,36.75433,26.799818
val,T9,36.26433,26.42722
val,T9,36.06,25.333014
val,T9,36.06,24.785912
val,T9,36.06,21.831856
val,T9,36.06,24.458017
val,T9,36.06,25.887894
val,T9,36.06,26.140865
val,T9,36.06,26.322594
val,T9,36.202835,25.742537
val,T9,36.447834,26.515558
val,T9,36.55,25.871876
val,T9,36.55,24.623413
val,T9,36.55,25.478226
val,T9,36.55,24.576988
val,T9,36.55,25.910095
val,T9,36.55,26.269108
val,T9,36.55,25.783585
val,T9,36.82409,24.812101
val,T9,37.29409,27.336655
val,T9,37.49,26.70055
val,T9,37.49,26.356373
val,T9,37.49,26.605051
val,T9,37.49,26.076591
val,T9,37.49,25.664165
val,T9,37.49,24.63509
val,T9,37.49,25.098095
val,T9,37.347122,26.756256
val,T9,37.102123,26.4173
val,T9,37.0,26.626316
val,T9,37.0,26.349937
val,T9,37.0,26.073206
val,T9,37.0,25.648594
val,T9,37.0,26.410976
val,T9,37.0,25.69222
val,T9,37.0,25.205015
val,T9,37.4262,25.738922
val,T9,38.1562,25.939617
val,T9,38.46,26.532537
val,T9,38.46,26.581722
val,T9,38.46,25.776321
val,T9,38.46,25.5856
val,T9,38.46,27.050446
val,T9,38.46,26.238165
val,T9,38.46,26.4911
val,T9,38.46,26.62569
val,T9,38.46,26.407162
val,T9,38.46,25.801304
val,T9,38.46,25.034294
val,T9,38.46,25.472927
val,T9,38.46,26.230282
val,T9,38.46,26.151756
val,T9,38.46,23.683392
val,T9,37.462784,25.723461
val,T9,35.75278,27.033516
val,T9,35.04,25.866108
val,T9,35.04,25.1309
val,T9,35.04,24.508823
val,T9,35.04,25.481728
val,T9,35.04,25.864773
val,T9,35.04,25.935266
val,T9,35.04,26.324211
val,T9,35.02248,25.022541
val,T9,34.99248,25.030003
val,T9,34.98,25.965807
val,T9,34.98,25.521759
val,T9,34.98,25.857708
val,T9,34.98,26.093824
val,T9,34.98,26.270761
val,T9,34.98,26.59125
val,T9,34.98,25.84061
val,T9,34.653427,25.152563
val,T9,34.093426,24.923285
val,T9,33.86,26.134708
val,T9,33.86,25.743877
val,T9,33.86,24.405148
val,T9,33.86,25.152164
val,T9,33.86,26.356445
val,T9,33.86,25.378979
val,T9,33.86,25.240494
val,T9,34.04099,24.634169
val,T9,34.35099,25.81023
val,T9,34.48,26.349709
val,T9,34.48,26.479939
val,T9,34.48,26.908092
val,T9,34.48,25.395163
val,T9,34.48,26.243793
val,T9,34.48,25.778904
val,T9,34.48,26.51007
val,T9,34.8158,26.328781
val,T9,35.3908,25.933886
val,T9,35.63,25.214268
val,T9,35.63,25.646486
val,T9,35.63,25.868248
val,T9,35.63,25.224483
val,T9,35.63,26.58619
val,T9,35.63,26.419485
val,T9,35.63,26.718014
val,T9,35.56576,25.484676
val,T9,35.45576,25.092386
val,T9,35.41,25.728487
val,T9,35.41,25.658592
val,T9,35.41,26.291054
val,T9,35.41,24.635273
val,T9,35.41,25.121138
val,T9,35.41,25.88927
val,T9,35.41,26.098213
val,T9,34.75318,24.912666
val,T9,33.62818,22.386047
val,T9,33.16,24.59562
val,T9,33.16,24.224817
val,T9,33.16,25.849913
val,T9,33.16,25.669504
val,T9,33.16,25.084732
val,T9,33.16,25.72115
val,T9,33.16,24.965181
val,T9,33.16,26.16272
val,T9,33.06656,25.191078
val,T9,32.90656,24.206139
val,T9,32.84,25.825808
val,T9,32.84,25.367065
val,T9,32.84,26.854012
val,T9,32.84,25.808607
val,T9,32.84,24.964006
val,T9,32.84,24.415009
val,T9,32.84,25.155201
val,T9,32.84,25.140194
val,T9,32.84,25.899765
val,T9,32.84,25.479881
val,T9,32.84,26.37758
val,T9,32.84,26.599855
val,T9,32.84,25.621407
val,T9,32.84,25.504333
val,T9,32.84,24.941343
val,T9,33.350273,26.658524
val,T9,34.225273,26.298376
val,T9,34.59,25.88257
val,T9,34.59,24.719957
val,T9,34.59,23.109684
val,T9,34.59,25.286547
val,T9,34.59,25.65276
val,T9,34.59,25.966057
val,T9,34.59,26.08982
val,T9,34.458637,25.374603
val,T9,34.233635,25.51213
val,T9,34.14,26.803226
val,T9,34.14,25.68864
val,T9,34.14,24.827858
val,T9,34.14,24.215082
val,T9,34.14,24.04533
val,T9,34.14,24.098488
val,T9,34.14,25.264383
val,T9,34.14,25.671848
val,T9,34.32073,25.30593
val,T9,34.63073,25.991589
val,T9,34.76,26.504595
val,T9,34.76,26.498432
val,T9,34.76,26.128487
val,T9,34.76,25.446316
val,T9,34.76,25.516317
val,T9,34.76,25.963745
val,T9,34.76,26.157028
val,T9,34.76,25.039175
val,T9,34.76,24.076973
val,T9,34.76,24.804459
val,T9,34.76,26.355518
val,T9,34.76,24.743916
val,T9,34.76,25.585175
val,T9,34.76,23.90032
val,T9,34.76,25.766682
val,T9,35.104465,24.758263
val,T9,35.694466,24.03944
val,T9,35.94,24.636482
val,T9,35.94,25.978432
val,T9,35.94,26.50444
val,T9,35.94,26.428408
val,T9,35.94,25.515306
val,T9,35.94,25.863333
val,T9,35.94,25.573946
val,T9,36.053684,26.10225
val,T9,36.248684,25.832973
val,T9,36.33,25.027534
val,T9,36.33,24.000692
val,T9,36.33,24.67709
val,T9,36.33,26.202301
val,T9,36.33,26.51064
val,T9,36.33,26.267048
val,T9,36.33,25.4082
val,T9,36.32125,26.149158
val,T9,36.30625,25.804316
val,T9,36.3,25.12833
val,T9,36.3,25.543488
val,T9,36.3,26.186594
val,T9,36.3,26.760292
val,T9,36.3,25.988365
val,T9,36.3,25.737926
val,T9,36.3,25.530207
val,T9,36.3,25.0766
val,T9,36.028828,25.846142
val,T9,35.563828,25.714058
val,T9,35.37,26.261936
val,T9,35.37,26.080805
val,T9,35.37,25.333466
val,T9,35.37,25.261612
val,T9,35.37,25.780441
val,T9,35.37,25.782505
val,T9,35.37,25.379498
val,T9,35.37,25.82735
val,T9,35.37,25.964365
val,T9,35.37,25.696163
val,T9,35.37,25.612106
val,T9,35.37,25.598396
val,T9,35.37,25.818882
val,T9,35.37,24.990303
val,T9,35.37,24.800888
val,T9,35.15429,25.609924
val,T9,34.78429,26.113922
val,T9,34.63,24.719315
val,T9,34.63,25.159006
val,T9,34.63,26.092937
val,T9,34.63,25.936607
val,T9,34.63,25.482803
val,T9,34.63,26.5413
val,T9,34.63,25.883879
val,T9,34.63,25.356983
val,T9,34.77596,26.677591
val,T9,35.02596,26.321747
val,T9,35.13,25.63255
val,T9,35.13,25.479136
val,T9,35.13,26.159258
val,T9,35.13,25.819347
val,T9,35.13,25.519222
val,T9,35.13,25.673775
val,T9,35.13,24.957832
val,T9,34.917145,25.52026
val,T9,34.552143,25.237404
val,T9,34.4,26.075073
val,T9,34.4,26.914558
val,T9,34.4,25.836746
val,T9,34.4,26.026836
val,T9,34.4,27.075216
val,T9,34.4,27.274609
val,T9,34.4,27.005417
val,T9,35.036385,26.438622
val,T9,36.126385,25.048733
val,T9,36.58,25.128456
val,T9,36.58,25.786894
val,T9,36.58,25.677643
val,T9,36.58,26.405272
val,T9,36.58,25.81173
val,T9,36.58,25.946682
val,T9,36.58,25.540995
val,T9,36.276405,26.010624
val,T9,35.756405,26.191948
val,T9,35.54,26.237545
val,T9,35.54,25.359394
val,T9,35.54,24.775349
val,T9,35.54,24.471611
val,T9,35.54,26.555796
val,T9,35.54,25.953882
val,T9,35.54,26.677341
val,T9,35.91668,25.787384
val,T9,36.56168,26.318003
val,T9,36.83,25.585705
val,T9,36.83,25.152988
val,T9,36.83,25.319645
val,T9,36.83,26.50514
val,T9,36.83,25.960304
val,T9,36.83,26.321638
val,T9,36.83,26.796417
val,T9,36.83,25.381367
val,T9,36.83,25.290726
val,T9,36.83,25.581799
val,T9,36.83,25.86089
val,T9,36.83,25.022295
val,T9,36.83,26.65349
val,T9,36.83,26.450645
val,T9,36.83,25.485415
val,T9,36.436363,25.258015
val,T9,35.76136,24.053772
val,T9,35.48,24.77638
val,T9,35.48,24.66098
val,T9,35.48,26.515404
val,T9,35.48,26.388083
val,T9,35.48,26.097607
val,T9,35.48,26.033844
val,T9,35.48,26.1324
val,T9,35.5092,26.023262
val,T9,35.5592,26.411728
val,T9,35.58,24.356848
val,T9,35.58,22.247812
val,T9,35.58,26.638454
val,T9,35.58,25.25766
val,T9,35.58,25.861443
val,T9,35.58,25.40813
val,T9,35.58,26.553175
val,T9,35.483776,25.794535
val,T9,35.31878,25.0164
val,T9,35.25,26.226852
val,T9,35.25,26.8274
val,T9,35.25,26.783398
val,T9,35.25,26.389538
val,T9,35.25,26.217915
val,T9,35.25,26.02879
val,T9,35.25,25.45598
val,T9,35.0748,25.579391
val,T9,34.7748,25.661934
val,T9,34.65,27.010988
val,T9,34.65,26.63833
val,T9,34.65,25.990742
val,T9,34.65,25.30074
val,T9,34.65,26.43996
val,T9,34.65,25.793411
val,T9,34.65,25.799688
val,T9,34.512955,25.778408
val,T9,34.277954,26.28342
val,T9,34.18,25.861778
val,T9,34.18,26.64172
val,T9,34.18,25.762526
val,T9,34.18,21.586075
val,T9,34.18,24.088505
val,T9,34.18,25.74265
val,T9,34.18,26.19793
val,T9,33.961,24.853113
val,T9,33.586,25.45388
val,T9,33.43,26.36267
val,T9,33.43,25.688358
val,T9,33.43,24.95964
val,T9,33.43,24.31677
val,T9,33.43,25.517017
val,T9,33.43,25.740818
val,T9,33.43,25.279705
val,T9,33.424168,25.51347
val,T9,33.41417,25.371307
val,T9,33.41,25.608269
val,T9,33.41,26.558296
val,T9,33.41,25.326807
val,T9,33.41,25.803427
val,T9,33.41,25.92802
val,T9,33.41,25.24178
val,T9,33.41,25.656918
val,T9,33.806553,26.167633
val,T9,34.486553,24.500465
val,T9,34.77,26.256977
val,T9,34.77,26.14539
val,T9,34.77,26.827093
val,T9,34.77,25.989393
val,T9,34.77,26.648808
val,T9,34.77,25.072025
val,T9,34.77,26.597225
val,T9,35.11748,26.462906
val,T9,35.71248,26.101954
val,T9,35.96,26.058765
val,T9,35.96,25.933891
val,T9,35.96,25.82111
val,T9,35.96,25.660702
val,T9,35.96,25.72048
val,T9,35.96,25.591816
val,T9,35.96,25.74311
val,T9,35.75006,26.072033
val,T9,35.39006,25.698433
val,T9,35.24,26.958296
val,T9,35.24,26.56365
val,T9,35.24,25.36148
val,T9,35.24,24.311928
val,T9,35.24,26.538065
val,T9,35.24,26.495426
val,T9,35.24,25.235851
val,T9,35.17002,24.124622
val,T9,35.05002,25.268032
val,T9,35.0,26.140911
val,T9,35.0,25.463314
val,T9,35.0,25.871794
val,T9,35.0,25.64401
val,T9,35.0,25.250908
val,T9,35.0,25.648659
val,T9,35.0,25.016296
val,T9,35.18396,24.934677
val,T9,35.49896,26.085838
val,T9,35.63,26.20446
val,T9,35.63,26.562141
val,T9,35.63,25.268208
val,T9,35.63,25.543446
val,T9,35.63,25.799023
val,T9,35.63,26.20079
val,T9,35.63,26.275723
val,T9,35.828278,25.856777
val,T9,36.168278,27.046387
val,T9,36.31,25.84502
val,T9,36.31,25.467403
val,T9,36.31,25.603746
val,T9,36.31,25.512417
val,T9,36.31,25.864738
val,T9,36.31,24.920116
val,T9,36.31,25.480791
val,T9,36.473286,26.270409
val,T9,36.75329,26.7641
val,T9,36.87,25.767914
val,T9,36.87,24.868807
val,T9,36.87,24.190224
val,T9,36.87,25.339993
val,T9,36.87,24.860006
val,T9,36.87,25.578102
val,T9,36.87,24.486418
val,T9,36.89332,24.847887
val,T9,36.93332,25.927448
val,T9,36.95,26.795807
val,T9,36.95,26.186924
val,T9,36.95,25.372593
val,T9,36.95,25.600437
val,T9,36.95,24.758327
val,T9,36.95,26.041927
val,T9,36.95,25.86265
val,T9,36.707706,25.851776
val,T9,36.292706,25.616135
val,T9,36.12,26.401094
val,T9,36.12,25.359932
val,T9,36.12,24.103142
val,T9,36.12,26.280598
val,T9,36.12,25.927578
val,T9,36.12,26.30278
val,T9,36.12,25.437706
val,T9,36.00028,24.36856
val,T9,35.79528,25.318855
val,T9,35.71,25.751661
val,T9,35.71,25.37416
val,T9,35.71,25.500027
val,T9,35.71,26.399137
val,T9,35.71,26.278778
val,T9,35.71,25.907772
val,T9,35.71,25.651058
val,T9,35.69248,24.629429
val,T9,35.66248,25.450968
val,T9,35.65,25.480186
val,T9,35.65,24.92086
val,T9,35.65,24.585829
val,T9,35.65,24.804039
val,T9,35.65,25.507559
val,T9,35.65,26.35466
val,T9,35.65,26.211758
val,T9,35.68212,25.250181
val,T9,35.73712,25.02303
val,T9,35.76,25.13399
val,T9,35.76,24.167164
val,T9,35.76,24.29132
val,T9,35.76,24.473352
val,T9,35.76,26.132647
val,T9,35.76,26.007513
val,T9,35.76,25.239647
val,T9,35.666695,24.868713
val,T9,35.506695,26.182783
val,T9,35.44,25.862999
val,T9,35.44,25.18891
val,T9,35.44,25.221628
val,T9,35.44,25.674522
val,T9,35.44,25.69573
val,T9,35.44,26.097649
val,T9,35.44,24.90126
val,T9,35.62391,25.831703
val,T9,35.938908,26.332481
val,T9,36.07,26.635017
val,T9,36.07,26.974003
val,T9,36.07,25.660278
val,T9,36.07,26.29606
val,T9,36.07,25.987371
val,T9,36.07,25.686989
val,T9,36.07,22.726078
val,T9,35.629833,24.178867
val,T9,34.874836,25.161125
val,T9,34.56,25.501617
val,T9,34.56,25.253466
val,T9,34.56,26.264378
val,T9,34.56,25.590134
val,T9,34.56,24.60489
val,T9,34.56,26.72208
val,T9,34.56,26.674715
val,T9,34.74975,26.554127
val,T9,35.07475,26.06286
val,T9,35.21,26.479591
val,T9,35.21,25.612167
val,T9,35.21,26.360147
val,T9,35.21,24.829235
val,T9,35.21,25.586338
val,T9,35.21,25.511429
val,T9,35.21,25.281248
val,T9,35.618687,25.116028
val,T9,36.318687,25.300396
val,T9,36.61,25.623913
val,T9,36.61,25.530022
val,T9,36.61,25.375612
val,T9,36.61,24.3461
val,T9,36.61,25.376888
val,T9,36.61,25.31747
val,T9,36.61,25.254715
val,T9,36.297646,25.848526
val,T9,35.762646,26.787123
val,T9,35.54,25.5304
val,T9,35.54,26.26366
val,T9,35.54,25.707718
val,T9,35.54,25.994143
val,T9,35.54,26.71128
val,T9,35.54,25.973923
val,T9,35.54,24.787907
val,T9,35.19603,25.298386
val,T9,34.60603,25.562677
val,T9,34.36,25.919882
val,T9,34.36,25.464024
val,T9,34.36,24.062046
val,T9,34.36,25.397911
val,T9,34.36,26.153805
val,T9,34.36,25.742966
val,T9,34.36,25.42345
val,T9,34.42424,24.349506
val,T9,34.53424,25.068687
val,T9,34.58,25.9872
val,T9,34.58,26.527992
val,T9,34.58,26.318005
val,T9,34.58,25.232815
val,T9,34.58,26.211624
val,T9,34.58,25.302732
val,T9,34.58,26.058323
val,T9,34.58,26.503147
val,T9,35.07932,25.566399
val,T9,35.93432,25.987219
val,T9,36.29,26.871944
val,T9,36.29,24.981445
val,T9,36.29,24.192564
val,T9,36.29,25.615273
val,T9,36.29,25.662563
val,T9,36.29,25.488358
val,T9,36.29,24.27657
val,T9,36.00133,26.737862
val,T9,35.506332,26.843998
val,T9,35.3,25.304665
val,T9,35.3,26.144924
val,T9,35.3,25.154112
val,T9,35.3,23.022366
val,T9,35.3,25.46577
val,T9,35.3,25.435438
val,T9,35.3,25.810383
val,T9,35.38456,25.644247
val,T9,35.52956,26.356243
val,T9,35.59,26.24435
val,T9,35.59,26.099262
val,T9,35.59,26.979774
val,T9,35.59,25.469772
val,T9,35.59,25.274616
val,T9,35.59,25.805872
val,T9,35.59,25.867619
val,T9,35.59,25.992937
val,T9,35.59,25.75615
val,T9,35.59,26.324554
val,T9,35.59,26.598236
val,T9,35.59,26.244686
val,T9,35.59,27.18547
val,T9,35.59,25.932829
val,T9,35.59,25.761343
val,T9,35.7008,26.581047
val,T9,35.8908,26.83775
val,T9,35.97,25.345945
val,T9,35.97,24.883148
val,T9,35.97,27.034893
val,T9,35.97,27.418667
val,T9,35.97,25.955578
val,T9,35.97,25.122923
val,T9,35.97,26.935696
val,T9,36.019627,25.644032
val,T9,36.104626,26.05865
val,T9,36.14,26.469513
val,T9,36.14,26.350945
val,T9,36.14,26.404667
val,T9,36.14,26.428564
val,T9,36.14,25.731499
val,T9,36.14,26.239311
val,T9,36.14,26.95393
val,T9,36.294716,25.072222
val,T9,36.559715,25.328104
val,T9,36.67,23.519127
val,T9,36.67,22.26633
val,T9,36.67,24.6963
val,T9,36.67,26.07817
val,T9,36.67,25.517965
val,T9,36.67,24.80822
val,T9,36.67,24.53148
val,T9,36.61744,24.94756
val,T9,36.52744,26.335213
val,T9,36.49,26.6549
val,T9,36.49,27.14635
val,T9,36.49,25.210608
val,T9,36.49,25.55932
val,T9,36.49,24.909271
val,T9,36.49,25.738295
val,T9,36.49,26.196945
val,T9,36.318016,24.697435
val,T9,36.023014,25.836613
val,T9,35.9,25.50227
val,T9,35.9,25.643764
val,T9,35.9,25.955591
val,T9,35.9,25.696037
val,T9,35.9,24.926373
val,T9,35.9,25.98971
val,T9,35.9,26.453325
val,T9,35.9,26.436623
val,T9,35.590565,26.586306
val,T9,35.060566,25.29325
val,T9,34.84,26.042156
val,T9,34.84,25.266296
val,T9,34.84,26.420067
val,T9,34.84,24.752028
val,T9,34.84,25.70867
val,T9,34.84,26.249935
val,T9,34.84,25.266642
val,T9,34.84,23.946854
val,T9,34.84,26.000143
val,T9,34.84,25.01294
val,T9,34.84,26.060371
val,T9,34.84,27.16288
val,T9,34.84,25.485416
val,T9,34.84,26.337334
val,T9,34.84,26.517345
val,T9,35.00936,26.134207
val,T9,35.29936,25.459152
val,T9,35.42,26.456179
val,T9,35.42,25.377283
val,T9,35.42,25.325634
val,T9,35.42,25.702885
val,T9,35.42,26.626667
val,T9,35.42,26.14807
val,T9,35.42,25.917892
val,T9,35.42,26.018055
val,T9,35.396645,24.939846
val,T9,35.356647,25.953815
val,T9,35.34,26.324886
val,T9,35.34,25.99874
val,T9,35.34,26.249815
val,T9,35.34,26.333239
val,T9,35.34,25.736233
val,T9,35.34,26.39677
val,T9,35.34,25.968674
val,T9,35.482876,25.267376
val,T9,35.727875,25.721607
val,T9,35.83,26.452866
val,T9,35.83,25.330858
val,T9,35.83,25.487984
val,T9,35.83,26.260761
val,T9,35.83,26.25815
val,T9,35.83,26.666512
val,T9,35.83,25.767342
val,T9,35.6402,25.547102
val,T9,35.3152,25.507002
val,T9,35.18,25.757269
val,T9,35.18,25.719063
val,T9,35.18,25.825352
val,T9,35.18,25.851685
val,T9,35.18,25.78175
val,T9,35.18,24.155754
val,T9,35.18,25.421478
val,T9,35.486164,25.839985
val,T9,36.01116,25.77063
val,T9,36.23,26.470764
val,T9,36.23,25.825893
val,T9,36.23,26.824919
val,T9,36.23,26.324173
val,T9,36.23,25.837957
val,T9,36.23,25.883299
val,T9,36.23,26.010149
val,T9,36.23,26.948296
val,T9,36.23,26.065187
val,T9,36.23,25.67165
val,T9,36.23,26.580448
val,T9,36.23,26.591646
val,T9,36.23,25.60057
val,T9,36.23,25.272781
val,T9,36.23,25.38308
val,T9,35.845108,25.708382
val,T9,35.18511,25.424816
val,T9,34.91,25.121351
val,T9,34.91,26.051968
val,T9,34.91,25.843842
val,T9,34.91,25.575207
val,T9,34.91,25.300577
val,T9,34.91,25.535906
val,T9,34.91,26.96183
val,T9,34.85744,26.042238
val,T9,34.76744,25.746296
val,T9,34.73,24.524216
val,T9,34.73,26.235645
val,T9,34.73,25.02242
val,T9,34.73,26.587534
val,T9,34.73,25.947338
val,T9,34.73,26.707413
val,T9,34.73,26.593922
val,T9,34.732914,25.830612
val,T9,34.737915,26.464312
val,T9,34.74,26.14028
val,T9,34.74,26.804707
val,T9,34.74,26.041267
val,T9,34.74,26.442284
val,T9,34.74,26.263638
val,T9,34.74,25.990114
val,T9,34.74,26.340626
val,T9,34.38376,25.94733
val,T9,33.77376,25.656883
val,T9,33.52,25.957584
val,T9,33.52,26.606256
val,T9,33.52,26.119413
val,T9,33.52,24.971098
val,T9,33.52,24.963589
val,T9,33.52,26.342957
val,T9,33.52,26.33149
val,T9,33.85231,25.986061
val,T9,34.42231,26.51062
val,T9,34.66,26.480734
val,T9,34.66,27.17187
val,T9,34.66,25.992512
val,T9,34.66,25.547785
val,T9,34.66,26.405579
val,T9,34.66,26.161934
val,T9,34.66,26.096737
val,T9,34.62497,26.691374
val,T9,34.56497,26.348766
val,T9,34.54,26.373693
val,T9,34.54,25.673521
val,T9,34.54,25.719433
val,T9,34.54,26.640732
val,T9,34.54,25.432665
val,T9,34.54,24.614407
val,T9,34.54,25.425358
val,T9,34.385506,25.459589
val,T9,34.120506,26.086308
val,T9,34.01,26.081348
val,T9,34.01,25.294403
val,T9,34.01,25.51049
val,T9,34.01,25.863583
val,T9,34.01,23.567978
val,T9,34.01,23.973633
val,T9,34.01,24.587543
val,T9,34.01,25.293222
val,T9,33.33256,25.687025
val,T9,32.17256,25.180511
val,T9,31.69,24.56298
val,T9,31.69,26.153923
val,T9,31.69,25.246126
val,T9,31.69,26.542604
val,T9,31.69,26.567608
val,T9,31.69,26.00481
val,T9,31.69,25.253258
val,T9,31.109915,25.121449
val,T9,30.114916,26.102325
val,T9,29.7,24.862408
val,T9,29.7,25.528625
val,T9,29.7,26.009485
val,T9,29.7,25.450424
val,T9,29.7,24.842587
val,T9,29.7,26.787216
val,T9,29.7,25.926567
val,T9,28.242079,23.594866
val,T9,25.742079,20.75784
val,T9,24.7,22.371296
val,T9,24.7,20.616207
val,T9,24.7,21.274502
val,T9,24.7,24.166695
val,T9,24.7,24.973824
val,T9,24.7,25.929394
val,T9,24.7,24.6879
val,T9,23.660769,24.863632
val,T9,21.880768,18.74785
val,T9,21.14,24.501896
val,T9,21.14,26.38801
val,T9,21.14,23.880829
val,T9,21.14,21.75221
val,T9,21.14,22.172703
val,T9,21.14,22.897064
val,T9,21.14,23.277617
val,T9,21.00591,23.767633
val,T9,20.77591,26.343502
val,T9,20.68,24.955837
val,T9,20.68,26.368095
val,T9,20.68,24.785099
val,T9,20.68,25.14094
val,T9,20.68,20.96622
val,T9,20.68,23.118322
val,T9,20.68,24.68076
val,T9,20.87822,23.845915
val,T9,21.21822,24.445591
val,T9,21.36,24.50737
val,T9,21.36,26.041718
val,T9,21.36,26.412872
val,T9,21.36,26.572971
val,T9,21.36,26.11246
val,T9,21.36,25.32525
val,T9,21.36,24.555756
val,T9,21.36,25.42793
val,T9,21.36,26.199326
val,T9,21.36,20.208824
val,T9,21.36,10.272479
val,T9,21.36,16.31389
val,T9,21.36,23.186037
val,T9,21.36,23.445665
val,T9,21.36,22.649319
val,T9,19.75108,25.066938
val,T9,16.99608,24.504467
val,T9,15.85,23.96494
val,T9,15.85,24.760408
val,T9,15.85,24.981768
val,T9,15.85,24.147816
val,T9,15.85,23.674591
val,T9,15.85,24.138315
val,T9,15.85,24.03236
val,T9,15.85,24.070946
val,T9,14.727725,24.823486
val,T9,12.802725,24.870415
val,T9,12.0,23.500057
val,T9,12.0,24.555584
val,T9,12.0,22.795969
val,T9,12.0,23.340027
val,T9,12.0,25.536724
val,T9,12.0,25.58117
val,T9,12.0,25.482418
val,T9,12.0,25.368538
val,T9,12.0,24.722034
val,T9,12.0,23.616817
val,T9,12.0,21.54142
val,T9,12.0,22.524525
val,T9,12.0,20.996523
val,T9,12.0,22.78622
val,T9,12.0,23.850555
val,T9,16.239634,22.357965
val,T9,23.509634,23.777538
val,T9,26.54,21.86332
val,T9,26.54,23.667978
val,T9,26.54,24.12046
val,T9,26.54,24.372166
val,T9,26.54,24.108265
val,T9,26.54,23.655184
val,T9,26.54,25.289215
val,T9,26.54,25.624493
val,T9,27.854666,24.877302
val,T9,30.109665,24.740383
val,T9,31.05,23.87935
val,T9,31.05,25.00137
val,T9,31.05,25.424934
val,T9,31.05,26.10991
val,T9,31.05,25.764277
val,T9,31.05,25.30347
val,T9,31.05,24.84021
val,T9,31.834135,25.512573
val,T9,33.179134,25.183662
val,T9,33.74,26.335918
val,T9,33.74,25.604221
val,T9,33.74,26.10305
val,T9,33.74,25.95005
val,T9,33.74,26.117031
val,T9,33.74,26.659765
val,T9,33.74,25.471151
val,T9,33.74,25.953434
val,T9,33.74,26.550034
val,T9,33.74,24.2477
val,T9,33.74,25.816898
val,T9,33.74,25.780155
val,T9,33.74,25.006712
val,T9,33.74,25.164661
val,T9,33.74,26.039692
val,T9,33.74,25.322506
val,T9,33.818817,24.897816
val,T9,33.95382,25.98557
val,T9,34.01,26.343195
val,T9,34.01,26.161392
val,T9,34.01,25.133968
val,T9,34.01,25.978527
val,T9,34.01,25.547861
val,T9,34.01,25.818533
val,T9,34.01,24.801739
val,T9,34.22571,24.98841
val,T9,34.59571,25.77106
val,T9,34.75,26.016878
val,T9,34.75,25.972305
val,T9,34.75,25.310528
val,T9,34.75,25.584911
val,T9,34.75,26.461058
val,T9,34.75,26.102686
val,T9,34.75,24.37088
val,T9,34.933643,25.400154
val,T9,35.248646,26.38173
val,T9,35.38,26.385246
val,T9,35.38,25.132105
val,T9,35.38,25.697845
val,T9,35.38,25.785007
val,T9,35.38,26.393795
val,T9,35.38,25.669392
val,T9,35.38,25.798935
val,T9,35.756577,26.219017
val,T9,36.401577,25.694387
val,T9,36.67,25.620167
val,T9,36.67,24.422403
val,T9,36.67,25.904743
val,T9,36.67,26.146822
val,T9,36.67,26.23476
val,T9,36.67,26.156858
val,T9,36.67,25.286243
val,T9,36.4948,25.184694
val,T9,36.1948,25.246037
val,T9,36.07,25.703241
val,T9,36.07,26.161781
val,T9,36.07,26.304476
val,T9,36.07,26.12371
val,T9,36.07,26.53368
val,T9,36.07,25.734734
val,T9,36.07,25.60539
val,T9,36.07,25.936716
val,T9,35.583195,26.148705
val,T9,34.748196,26.382282
val,T9,34.4,26.723782
val,T9,34.4,25.689295
val,T9,34.4,25.790585
val,T9,34.4,22.759092
val,T9,34.4,26.294762
val,T9,34.4,25.845362
val,T9,34.4,25.699558
val,T9,34.4,26.000483
val,T9,34.4,26.18882
val,T9,34.4,25.916553
val,T9,34.4,26.938042
val,T9,34.4,25.28292
val,T9,34.4,26.18482
val,T9,34.4,26.87106
val,T9,34.4,25.955872
val,T9,34.621857,25.158863
val,T9,35.001858,25.560091
val,T9,35.16,25.82793
val,T9,35.16,25.741444
val,T9,35.16,25.828514
val,T9,35.16,24.734045
val,T9,35.16,25.249336
val,T9,35.16,26.02699
val,T9,35.16,26.39541
val,T9,35.16,25.795074
val,T9,35.16,26.023876
val,T9,35.16,26.536251
val,T9,35.16,26.162983
val,T9,35.16,25.454504
val,T9,35.16,25.713055
val,T9,35.16,25.875805
val,T9,35.16,25.99878
val,T9,35.16,25.711819
val,T9,35.16,24.753407
val,T9,34.795,24.309566
val,T9,34.17,25.364906
val,T9,33.91,26.17667
val,T9,33.91,25.37938
val,T9,33.91,25.498413
val,T9,33.91,25.293962
val,T9,33.91,24.603052
val,T9,33.91,23.727268
val,T9,33.91,24.842985
val,T9,33.91,26.042355
val,T9,33.91,26.154118
val,T9,33.91,25.549278
val,T9,33.91,25.58958
val,T9,33.91,25.555813
val,T9,33.91,24.836994
val,T9,33.91,23.979862
val,T9,33.91,24.89328
val,T9,33.982895,25.497751
val,T9,34.107895,25.611805
val,T9,34.16,25.281294
val,T9,34.16,25.493073
val,T9,34.16,25.25848
val,T9,34.16,25.798176
val,T9,34.16,24.343672
val,T9,34.16,24.080215
val,T9,34.16,25.568432
val,T9,33.94684,25.404444
val,T9,33.58184,25.550169
val,T9,33.43,25.469315
val,T9,33.43,25.825676
val,T9,33.43,23.989521
val,T9,33.43,25.055157
val,T9,33.43,25.967112
val,T9,33.43,25.045527
val,T9,33.43,24.533655
val,T9,33.38918,23.93639
val,T9,33.31918,25.722172
val,T9,33.29,25.138313
val,T9,33.29,24.610228
val,T9,33.29,25.092602
val,T9,33.29,24.125885
val,T9,33.29,23.251394
val,T9,33.29,23.468243
val,T9,33.29,23.893805
val,T9,33.29,24.898922
val,T9,33.29,25.49525
val,T9,33.29,23.935007
val,T9,33.29,23.914572
val,T9,33.29,25.77023
val,T9,33.29,24.155834
val,T9,33.29,24.18187
val,T9,33.29,24.568886
val,T9,33.29,25.087317
val,T9,34.07256,25.583115
val,T9,35.41256,24.804352
val,T9,35.97,24.948956
val,T9,35.97,25.215702
val,T9,35.97,25.358612
val,T9,35.97,25.21352
val,T9,35.97,25.75175
val,T9,35.97,26.05479
val,T9,35.97,19.323639
val,T9,34.800747,20.384098
val,T9,32.795746,23.46953
val,T9,31.96,25.085497
val,T9,31.96,25.413902
val,T9,31.96,25.515516
val,T9,31.96,21.280415
val,T9,31.96,21.341663
val,T9,31.96,23.239727
val,T9,31.96,22.468353
val,T9,30.977362,15.816649
val,T9,29.292362,24.31049
val,T9,28.59,23.417934
val,T9,28.59,21.160767
val,T9,28.59,25.478647
val,T9,28.59,25.835735
val,T9,28.59,26.233692
val,T9,28.59,24.579813
val,T9,28.59,24.68209
val,T9,29.100859,24.967981
val,T9,29.975859,24.718998
val,T9,30.34,24.973186
val,T9,30.34,24.98153
val,T9,30.34,24.858765
val,T9,30.34,23.959835
val,T9,30.34,22.882172
val,T9,30.34,24.067757
val,T9,30.34,21.706772
val,T9,31.450615,22.873075
val,T9,33.355614,24.885983
val,T9,34.15,25.386717
val,T9,34.15,25.661404
val,T9,34.15,25.09594
val,T9,34.15,24.619686
val,T9,34.15,25.927956
val,T9,34.15,25.452797
val,T9,34.15,25.880138
val,T9,34.806065,26.595215
val,T9,35.931065,26.521364
val,T9,36.4,25.338238
val,T9,36.4,26.071144
val,T9,36.4,25.647516
val,T9,36.4,25.266079
val,T9,36.4,26.50344
val,T9,36.4,25.794857
val,T9,36.4,25.525953
val,T9,35.97441,26.332016
val,T9,35.24441,26.092854
val,T9,34.94,25.761265
val,T9,34.94,25.711754
val,T9,34.94,27.372948
val,T9,34.94,25.86132
val,T9,34.94,26.378914
val,T9,34.94,25.693922
val,T9,34.94,25.114212
val,T9,34.94,25.988714
val,T9,34.94,26.185932
val,T9,34.94,26.512207
val,T9,34.94,25.545273
val,T9,34.94,26.463774
val,T9,34.94,26.403564
val,T9,34.94,25.69051
val,T9,34.94,23.882326
val,T9,34.94,26.093475
val,T9,34.95168,24.195967
val,T9,34.97168,25.878056
val,T9,34.98,26.623545
val,T9,34.98,26.17421
val,T9,34.98,25.77851
val,T9,34.98,25.63876
val,T9,34.98,25.027018
val,T9,34.98,26.38667
val,T9,34.98,25.806637
val,T9,34.76684,26.219872
val,T9,34.40184,26.045954
val,T9,34.25,26.212135
val,T9,34.25,25.986763
val,T9,34.25,25.355589
val,T9,34.25,25.025225
val,T9,34.25,25.035734
val,T9,34.25,25.198263
val,T9,34.25,26.029533
val,T9,34.25,25.276653
val,T9,34.25,23.866316
val,T9,34.25,25.610502
val,T9,34.25,26.133554
val,T9,34.25,25.893072
val,T9,34.25,26.044357
val,T9,34.25,25.977337
val,T9,34.25,25.054018
val,T9,34.25,25.589949
val,T9,34.39871,25.258408
val,T9,34.65371,25.722538
val,T9,34.76,25.837225
val,T9,34.76,25.934055
val,T9,34.76,26.222248
val,T9,34.76,26.847244
val,T9,34.76,26.293705
val,T9,34.76,24.823915
val,T9,34.76,21.933186
val,T9,34.49765,25.759567
val,T9,34.04765,25.924992
val,T9,33.86,25.55717
val,T9,33.86,25.67317
val,T9,33.86,24.635876
val,T9,33.86,26.303738
val,T9,33.86,26.509039
val,T9,33.86,25.312166
val,T9,33.86,26.131035
val,T9,34.361526,26.270784
val,T9,35.221523,26.37088
val,T9,35.58,25.39785
val,T9,35.58,24.646805
val,T9,35.58,25.502306
val,T9,35.58,27.190727
val,T9,35.58,27.02216
val,T9,35.58,26.364511
val,T9,35.58,26.64801
val,T9,35.58,26.132402
val,T9,35.58,25.951538
val,T9,35.58,25.027866
val,T9,35.58,25.424328
val,T9,35.58,23.481936
val,T9,35.58,21.075006
val,T9,35.58,22.37551
val,T9,35.58,26.76905
val,T9,35.6676,25.889523
val,T9,35.8176,26.10666
val,T9,35.88,25.833128
val,T9,35.88,26.53479
val,T9,35.88,25.94574
val,T9,35.88,25.499222
val,T9,35.88,25.90342
val,T9,35.88,25.283207
val,T9,35.88,23.230755
val,T9,35.5855,23.815527
val,T9,35.0805,24.930387
val,T9,34.87,25.419376
val,T9,34.87,24.219517
val,T9,34.87,25.149761
val,T9,34.87,22.704609
val,T9,34.87,25.494595
val,T9,34.87,25.349358
val,T9,34.87,22.330166
val,T9,34.87,18.712208
val,T9,34.878746,21.001038
val,T9,34.89375,24.660202
val,T9,34.9,26.296938
val,T9,34.9,25.200535
val,T9,34.9,25.443092
val,T9,34.9,25.425772
val,T9,34.9,25.064274
val,T9,34.9,24.029491
val,T9,34.9,22.967796
val,T9,34.64895,23.42331
val,T9,34.21895,24.365704
val,T9,34.04,23.99392
val,T9,34.04,22.685999
val,T9,34.04,24.423363
val,T9,34.04,23.26971
val,T9,34.04,24.971796
val,T9,34.04,25.024752
val,T9,34.04,24.278137
val,T9,33.762676,24.791203
val,T9,33.287678,26.13882
val,T9,33.09,26.070702
val,T9,33.09,25.069908
val,T9,33.09,23.389101
val,T9,33.09,23.812508
val,T9,33.09,22.860369
val,T9,33.09,23.885954
val,T9,33.09,24.949097
val,T9,33.09,24.90616
val,T9,33.09,24.842896
val,T9,33.09,24.834532
val,T9,33.09,25.676086
val,T9,33.09,26.610868
val,T9,33.09,26.771584
val,T9,33.09,25.161528
val,T9,33.09,25.809822
val,T9,33.09,26.290245
val,T9,33.34696,25.946346
val,T9,33.78696,25.827518
val,T9,33.97,24.505157
val,T9,33.97,23.999323
val,T9,33.97,25.255512
val,T9,33.97,25.777134
val,T9,33.97,25.274319
val,T9,33.97,25.933779
val,T9,33.97,23.36522
val,T9,33.529835,25.926987
val,T9,32.774834,25.746813
val,T9,32.46,25.445145
val,T9,32.46,25.085682
val,T9,32.46,26.162586
val,T9,32.46,26.624462
val,T9,32.46,26.105621
val,T9,32.46,26.06625
val,T9,32.46,25.105938
val,T9,32.08624,21.953938
val,T9,31.44624,21.651844
val,T9,31.18,24.74353
val,T9,31.18,21.914253
val,T9,31.18,21.012253
val,T9,31.18,24.533815
val,T9,31.18,25.380775
val,T9,31.18,25.014116
val,T9,31.18,24.660627
val,T9,32.0414,25.690798
val,T9,33.5164,25.533863
val,T9,34.13,25.79168
val,T9,34.13,26.221498
val,T9,34.13,26.035728
val,T9,34.13,26.114979
val,T9,34.13,25.919527
val,T9,34.13,26.643661
val,T9,34.13,25.365108
val,T9,34.690483,25.727009
val,T9,35.650486,26.826996
val,T9,36.05,26.14645
val,T9,36.05,22.815693
val,T9,36.05,24.917135
val,T9,36.05,26.165401
val,T9,36.05,26.015564
val,T9,36.05,25.770657
val,T9,36.05,25.517332
val,T9,36.05,25.541157
val,T9,36.05,24.850498
val,T9,36.05,26.550982
val,T9,36.05,25.837921
val,T9,36.05,25.734661
val,T9,36.05,25.335314
val,T9,36.05,25.772198
val,T9,36.05,25.528118
val,T9,35.45225,24.960266
val,T9,34.427254,25.445309
val,T9,34.0,24.334507
val,T9,34.0,25.379234
val,T9,34.0,24.931988
val,T9,34.0,25.021395
val,T9,34.0,25.85427
val,T9,34.0,24.808855
val,T9,34.0,25.637344
val,T9,34.0,25.708866
val,T9,33.75764,25.013226
val,T9,33.34264,25.825382
val,T9,33.17,24.52143
val,T9,33.17,25.706308
val,T9,33.17,23.56994
val,T9,33.17,24.555182
val,T9,33.17,25.20639
val,T9,33.17,26.049557
val,T9,33.17,26.127487
val,T9,33.17,24.684753
val,T9,33.17,24.47393
val,T9,33.17,24.646381
val,T9,33.17,24.167515
val,T9,33.17,24.546959
val,T9,33.17,24.563854
val,T9,33.17,25.668888
val,T9,33.17,25.030735
val,T9,33.17,25.171309
val,T9,33.257477,23.96133
val,T9,33.407475,24.16498
val,T9,33.47,25.367294
val,T9,33.47,23.752632
val,T9,33.47,25.529074
val,T9,33.47,25.79096
val,T9,33.47,24.19656
val,T9,33.47,25.392914
val,T9,33.47,24.883526
val,T9,33.146435,24.384562
val,T9,32.591434,24.90598
val,T9,32.36,25.214962
val,T9,32.36,24.861889
val,T9,32.36,24.940998
val,T9,32.36,24.59341
val,T9,32.36,24.373196
val,T9,32.36,25.415089
val,T9,32.36,25.921398
val,T9,32.374577,24.00364
val,T9,32.399574,21.158112
val,T9,32.41,21.42076
val,T9,32.41,24.04991
val,T9,32.41,25.429054
val,T9,32.41,25.6363
val,T9,32.41,24.533783
val,T9,32.41,25.632965
val,T9,32.41,25.728031
val,T9,32.8334,26.455591
val,T9,33.5584,24.882862
val,T9,33.86,24.491928
val,T9,33.86,23.721632
val,T9,33.86,24.36648
val,T9,33.86,25.938965
val,T9,33.86,25.634506
val,T9,33.86,25.129662
val,T9,33.86,24.594593
val,T9,34.017456,25.104553
val,T9,34.287457,25.542126
val,T9,34.4,25.839256
val,T9,34.4,25.986876
val,T9,34.4,26.320583
val,T9,34.4,25.351446
val,T9,34.4,23.96445
val,T9,34.4,24.79171
val,T9,34.4,25.803215
val,T9,34.35919,25.776665
val,T9,34.28919,24.805023
val,T9,34.26,25.642635
val,T9,34.26,25.590706
val,T9,34.26,25.810627
val,T9,34.26,24.732117
val,T9,34.26,25.67813
val,T9,34.26,25.69376
val,T9,34.26,25.159718
val,T9,34.137535,24.308983
val,T9,33.927536,24.403427
val,T9,33.84,25.255693
val,T9,33.84,23.53378
val,T9,33.84,23.34192
val,T9,33.84,18.51563
val,T9,33.84,14.643866
val,T9,33.84,22.650614
val,T9,33.84,25.625496
val,T9,33.84,25.64058
val,T9,33.84,25.61824
val,T9,33.84,25.392101
val,T9,33.84,24.861362
val,T9,33.84,25.69667
val,T9,33.84,25.539097
val,T9,33.84,26.280815
val,T9,33.84,25.873407
val,T9,33.84,26.626598
val,T9,33.93914,25.46648
val,T9,34.10914,24.817383
val,T9,34.18,24.972176
val,T9,34.18,25.281069
val,T9,34.18,25.565472
val,T9,34.18,24.779545
val,T9,34.18,24.12224
val,T9,34.18,26.005629
val,T9,34.18,25.343515
val,T9,34.2966,25.414967
val,T9,34.4966,25.096308
val,T9,34.58,23.35508
val,T9,34.58,18.623604
val,T9,34.58,24.233788
val,T9,34.58,25.297966
val,T9,34.58,23.06435
val,T9,34.58,25.20028
val,T9,34.58,26.112026
val,T9,34.58,22.813017
val,T9,34.58,24.258991
val,T9,34.58,24.74406
val,T9,34.58,23.14356
val,T9,34.58,25.686527
val,T9,34.58,24.848564
val,T9,34.58,24.281168
val,T9,34.58,25.76485
val,T9,34.58,25.793972
val,T9,34.34348,25.451544
val,T9,33.93848,25.400856
val,T9,33.77,25.08656
val,T9,33.77,24.784277
val,T9,33.77,24.504246
val,T9,33.77,20.554869
val,T9,33.77,24.851593
val,T9,33.77,25.227001
val,T9,33.77,24.343306
val,T9,33.507275,23.756805
val,T9,33.057274,24.025211
val,T9,32.87,24.563768
val,T9,32.87,25.739214
val,T9,32.87,25.12361
val,T9,32.87,24.334675
val,T9,32.87,25.36824
val,T9,32.87,24.331852
val,T9,32.87,24.623878
val,T9,32.87,24.731674
val,T9,32.87,25.297356
val,T9,32.87,25.261934
val,T9,32.87,25.4025
val,T9,32.87,25.682423
val,T9,32.87,24.624039
val,T9,32.87,25.91081
val,T9,32.87,25.844044
val,T9,32.87,25.893082
val,T9,33.1766,25.456642
val,T9,33.7016,26.239204
val,T9,33.92,25.375557
val,T9,33.92,25.819004
val,T9,33.92,24.438198
val,T9,33.92,24.828747
val,T9,33.92,25.527712
val,T9,33.92,25.243402
val,T9,33.92,24.673376
val,T9,34.048298,25.19056
val,T9,34.268295,25.050905
val,T9,34.36,26.037739
val,T9,34.36,25.02782
val,T9,34.36,24.222773
val,T9,34.36,26.094137
val,T9,34.36,24.838297
val,T9,34.36,23.506294
val,T9,34.36,25.525892
val,T9,34.68111,26.38845
val,T9,35.23111,26.514053
val,T9,35.46,26.761097
val,T9,35.46,26.150131
val,T9,35.46,26.025904
val,T9,35.46,25.807808
val,T9,35.46,26.137175
val,T9,35.46,26.341093
val,T9,35.46,26.251568
val,T9,35.46,25.897976
val,T9,35.42205,25.179123
val,T9,35.35705,24.192211
val,T9,35.33,22.840551
val,T9,35.33,23.064356
val,T9,35.33,24.965626
val,T9,35.33,26.012672
val,T9,35.33,25.835447
val,T9,35.33,26.121801
val,T9,35.33,25.471344
val,T9,35.33,25.174362
val,T9,35.33,26.032442
val,T9,35.33,26.775417
val,T9,35.33,26.198835
val,T9,35.33,26.145262
val,T9,35.33,25.24093
val,T9,35.33,26.491734
val,T9,35.33,26.449806
val,T9,35.143387,25.087864
val,T9,34.823387,24.944996
val,T9,34.69,25.038681
val,T9,34.69,24.673944
val,T9,34.69,25.24802
val,T9,34.69,22.613514
val,T9,34.69,23.0933
val,T9,34.69,25.444387
val,T9,34.69,25.60748
val,T9,34.386753,25.030794
val,T9,33.866753,25.401463
val,T9,33.65,25.090572
val,T9,33.65,25.186167
val,T9,33.65,25.462284
val,T9,33.65,25.585209
val,T9,33.65,26.967173
val,T9,33.65,25.650715
val,T9,33.65,25.683298
val,T9,33.65,26.245277
val,T9,33.65,25.653831
val,T9,33.65,25.899261
val,T9,33.65,25.904343
val,T9,33.65,25.81697
val,T9,33.65,26.84629
val,T9,33.65,26.560362
val,T9,33.65,26.472027
val,T9,34.072796,26.258625
val,T9,34.7978,25.86774
val,T9,35.1,26.066143
val,T9,35.1,26.196766
val,T9,35.1,26.00631
val,T9,35.1,26.0125
val,T9,35.1,26.500553
val,T9,35.1,26.459974
val,T9,35.1,25.528984
val,T9,34.88684,26.130573
val,T9,34.52184,26.594091
val,T9,34.37,25.753036
val,T9,34.37,25.767632
val,T9,34.37,25.119286
val,T9,34.37,24.616077
val,T9,34.37,24.693062
val,T9,34.37,24.593925
val,T9,34.37,23.925194
val,T9,34.011353,24.59608
val,T9,33.39635,25.371538
val,T9,33.14,25.297523
val,T9,33.14,22.082146
val,T9,33.14,22.949501
val,T9,33.14,24.884228
val,T9,33.14,25.078289
val,T9,33.14,24.70512
val,T9,33.14,24.211098
val,T9,33.2276,24.52405
val,T9,33.3776,26.49317
val,T9,33.44,24.949383
val,T9,33.44,25.049461
val,T9,33.44,24.457901
val,T9,33.44,25.593819
val,T9,33.44,23.426867
val,T9,33.44,22.91943
val,T9,33.44,24.388483
val,T9,33.407936,25.818193
val,T9,33.352936,25.991673
val,T9,33.33,25.147787
val,T9,33.33,25.524303
val,T9,33.33,25.703606
val,T9,33.33,25.295225
val,T9,33.33,25.611671
val,T9,33.33,26.342411
val,T9,33.33,25.722504
val,T9,33.33,25.655138
val,T9,33.963463,25.3299
val,T9,35.048466,24.54144
val,T9,35.5,24.863274
val,T9,35.5,25.984444
val,T9,35.5,26.914032
val,T9,35.5,25.784239
val,T9,35.5,25.582664
val,T9,35.5,25.83693
val,T9,35.5,25.438839
val,T9,35.637043,25.90924
val,T9,35.872044,24.506538
val,T9,35.97,26.314985
val,T9,35.97,25.132923
val,T9,35.97,24.626434
val,T9,35.97,25.722279
val,T9,35.97,26.15835
val,T9,35.97,26.130054
val,T9,35.97,26.612926
val,T9,35.97,25.885168
val,T9,35.97,25.81522
val,T9,35.97,26.824383
val,T9,35.97,27.02563
val,T9,35.97,26.527473
val,T9,35.97,25.438898
val,T9,35.97,25.082132
val,T9,35.97,26.0327
val,T9,36.03415,25.384441
val,T9,36.14415,25.584543
val,T9,36.19,24.626966
val,T9,36.19,24.329693
val,T9,36.19,25.996708
val,T9,36.19,27.048672
val,T9,36.19,27.025417
val,T9,36.19,26.628298
val,T9,36.19,26.11761
val,T9,36.19,26.31733
val,T9,36.04404,26.72186
val,T9,35.79404,27.444399
val,T9,35.69,25.805027
val,T9,35.69,27.091322
val,T9,35.69,25.205515
val,T9,35.69,25.128956
val,T9,35.69,26.42303
val,T9,35.69,26.792328
val,T9,35.69,26.260252
val,T9,35.6141,26.520445
val,T9,35.4841,25.813572
val,T9,35.43,25.84159
val,T9,35.43,26.03754
val,T9,35.43,26.26423
val,T9,35.43,25.741507
val,T9,35.43,26.033709
val,T9,35.43,26.250013
val,T9,35.43,25.95271
val,T9,35.44458,26.054117
val,T9,35.469578,25.948431
val,T9,35.48,25.828812
val,T9,35.48,25.092361
val,T9,35.48,26.049625
val,T9,35.48,26.500637
val,T9,35.48,26.064686
val,T9,35.48,25.701704
val,T9,35.48,26.577637
val,T9,35.48,25.874647
val,T9,35.48,26.068836
val,T9,35.48,26.835476
val,T9,35.48,26.53046
val,T9,35.48,25.644703
val,T9,35.48,26.12262
val,T9,35.48,27.147182
val,T9,35.48,26.127361
val,T9,35.78368,26.495438
val,T9,36.30368,25.577469
val,T9,36.52,26.334612
val,T9,36.52,26.975471
val,T9,36.52,26.119957
val,T9,36.52,25.7487
val,T9,36.52,25.648045
val,T9,36.52,25.473133
val,T9,36.52,26.63799
val,T9,36.68644,25.9446
val,T9,36.97144,26.156929
val,T9,37.09,25.762802
val,T9,37.09,26.018534
val,T9,37.09,26.290022
val,T9,37.09,25.3182
val,T9,37.09,24.03151
val,T9,37.09,26.308353
val,T9,37.09,26.774042
val,T9,36.74252,25.450516
val,T9,36.14752,25.685215
val,T9,35.9,25.069202
val,T9,35.9,23.801613
val,T9,35.9,23.82977
val,T9,35.9,24.587944
val,T9,35.9,24.770363
val,T9,35.9,26.15372
val,T9,35.9,26.230835
val,T9,36.14493,24.711723
val,T9,36.56493,22.711689
val,T9,36.74,24.556204
val,T9,36.74,25.580599
val,T9,36.74,25.682863
val,T9,36.74,25.824726
val,T9,36.74,25.896832
val,T9,36.74,23.749313
val,T9,36.74,25.851027
val,T9,36.891624,24.409954
val,T9,37.151623,24.135292
val,T9,37.26,25.642132
val,T9,37.26,25.391222
val,T9,37.26,25.24189
val,T9,37.26,24.564043
val,T9,37.26,25.943825
val,T9,37.26,25.31173
val,T9,37.26,25.283741
val,T9,37.0702,25.558372
val,T9,36.7452,24.75542
val,T9,36.61,25.735561
val,T9,36.61,26.091682
val,T9,36.61,25.665974
val,T9,36.61,25.81586
val,T9,36.61,25.761934
val,T9,36.61,26.572037
val,T9,36.61,26.27317
val,T9,36.64504,25.848623
val,T9,36.70504,26.558643
val,T9,36.73,27.18793
val,T9,36.73,26.081253
val,T9,36.73,25.597973
val,T9,36.73,26.137234
val,T9,36.73,25.845684
val,T9,36.73,26.630571
val,T9,36.73,26.813751
val,T9,37.19136,27.220055
val,T9,37.98136,26.292263
val,T9,38.31,25.48029
val,T9,38.31,25.665876
val,T9,38.31,26.360392
val,T9,38.31,26.194016
val,T9,38.31,25.845348
val,T9,38.31,26.089302
val,T9,38.31,26.443096
val,T9,37.461735,26.110922
val,T9,36.006737,27.167942
val,T9,35.4,26.366318
val,T9,35.4,26.411827
val,T9,35.4,25.77982
val,T9,35.4,26.52134
val,T9,35.4,26.071297
val,T9,35.4,26.731537
val,T9,35.4,25.863617
val,T9,35.2834,25.874306
val,T9,35.0834,26.344
val,T9,35.0,25.695633
val,T9,35.0,26.25922
val,T9,35.0,26.311533
val,T9,35.0,25.67711
val,T9,35.0,25.622402
val,T9,35.0,25.702087
val,T9,35.0,26.040167
val,T9,34.953346,26.544647
val,T9,34.87335,26.181602
val,T9,34.84,26.632399
val,T9,34.84,26.13789
val,T9,34.84,25.293053
val,T9,34.84,25.023796
val,T9,34.84,24.765919
val,T9,34.84,25.226574
val,T9,34.84,25.826078
val,T9,34.682365,24.906368
val,T9,34.412365,25.310766
val,T9,34.3,25.276905
val,T9,34.3,25.469877
val,T9,34.3,24.734509
val,T9,34.3,24.646614
val,T9,34.3,25.113068
val,T9,34.3,24.331787
val,T9,34.3,24.67501
val,T9,34.31458,23.810452
val,T9,34.33958,25.728386
val,T9,34.35,26.009735
val,T9,34.35,25.746033
val,T9,34.35,26.208853
val,T9,34.35,26.07041
val,T9,34.35,24.621605
val,T9,34.35,24.46229
val,T9,34.35,26.868567
val,T9,34.247944,25.040733
val,T9,34.072945,25.279358
val,T9,34.0,25.809727
val,T9,34.0,25.694706
val,T9,34.0,24.867527
val,T9,34.0,24.084755
val,T9,34.0,22.490612
val,T9,34.0,24.166418
val,T9,34.0,25.108282
val,T9,34.338627,25.644428
val,T9,34.918625,25.86647
val,T9,35.16,24.779377
val,T9,35.16,23.042507
val,T9,35.16,25.32346
val,T9,35.16,25.641682
val,T9,35.16,24.831327
val,T9,35.16,25.638113
val,T9,35.16,26.379293
val,T9,35.387436,25.871376
val,T9,35.777435,25.75157
val,T9,35.94,24.676407
val,T9,35.94,21.357656
val,T9,35.94,25.638058
val,T9,35.94,25.708763
val,T9,35.94,25.399036
val,T9,35.94,25.14993
val,T9,35.94,26.74326
val,T9,35.563423,25.61543
val,T9,34.918423,24.852825
val,T9,34.65,24.239834
val,T9,34.65,25.155064
val,T9,34.65,25.036407
val,T9,34.65,25.804497
val,T9,34.65,25.854559
val,T9,34.65,25.435055
val,T9,34.65,25.880102
val,T9,34.629566,25.901363
val,T9,34.594566,26.05267
val,T9,34.58,25.765377
val,T9,34.58,25.374529
val,T9,34.58,21.376041
val,T9,34.58,26.325947
val,T9,34.58,25.834888
val,T9,34.58,25.406122
val,T9,34.58,25.80103
val,T9,34.588757,25.65712
val,T9,34.603756,25.300848
val,T9,34.61,24.36584
val,T9,34.61,25.320465
val,T9,34.61,25.349115
val,T9,34.61,25.173428
val,T9,34.61,25.555141
val,T9,34.61,25.880133
val,T9,34.61,25.488262
val,T9,34.64499,25.892767
val,T9,34.70499,25.642935
val,T9,34.73,25.847265
val,T9,34.73,25.747168
val,T9,34.73,26.441097
val,T9,34.73,26.121254
val,T9,34.73,26.635838
val,T9,34.73,26.076294
val,T9,34.73,25.912262
val,T9,35.001095,25.730066
val,T9,35.466095,26.091686
val,T9,35.66,25.556892
val,T9,35.66,25.136637
val,T9,35.66,26.489944
val,T9,35.66,25.9394
val,T9,35.66,26.353409
val,T9,35.66,25.36669
val,T9,35.66,25.968311
val,T9,35.858276,26.688423
val,T9,36.198277,26.1945
val,T9,36.34,26.305195
val,T9,36.34,26.398918
val,T9,36.34,26.470047
val,T9,36.34,25.31848
val,T9,36.34,23.579819
val,T9,36.34,26.595264
val,T9,36.34,26.001434
val,T9,35.96094,25.666594
val,T9,35.31094,26.437672
val,T9,35.04,25.79213
val,T9,35.04,25.245998
val,T9,35.04,22.810595
val,T9,35.04,24.743855
val,T9,35.04,25.200731
val,T9,35.04,25.816124
val,T9,35.04,26.495398
val,T9,34.873608,25.831585
val,T9,34.588608,26.014038
val,T9,34.47,26.533587
val,T9,34.47,25.929878
val,T9,34.47,26.340351
val,T9,34.47,26.48011
val,T9,34.47,25.84365
val,T9,34.47,26.164227
val,T9,34.47,25.62619
val,T9,34.74448,25.244175
val,T9,35.21448,25.24221
val,T9,35.41,25.163242
val,T9,35.41,26.504974
val,T9,35.41,25.71077
val,T9,35.41,24.260263
val,T9,35.41,26.20173
val,T9,35.41,26.763449
val,T9,35.41,25.740997
val,T9,35.38081,25.447716
val,T9,35.330807,26.279339
val,T9,35.31,25.597103
val,T9,35.31,24.652882
val,T9,35.31,25.359833
val,T9,35.31,25.783173
val,T9,35.31,25.448109
val,T9,35.31,26.132599
val,T9,35.31,25.776112
val,T9,35.31,25.12106
val,T9,34.968945,24.386002
val,T9,34.383945,23.769724
val,T9,34.14,24.710873
val,T9,34.14,24.216717
val,T9,34.14,25.163986
val,T9,34.14,26.281464
val,T9,34.14,26.336628
val,T9,34.14,26.377121
val,T9,34.14,24.645252
val,T9,34.2508,23.115011
val,T9,34.440804,25.64984
val,T9,34.52,25.520588
val,T9,34.52,25.77668
val,T9,34.52,24.848192
val,T9,34.52,24.46228
val,T9,34.52,24.336515
val,T9,34.52,25.198084
val,T9,34.52,24.767159
val,T9,34.52,25.727734
val,T9,34.52,25.426067
val,T9,34.52,27.185474
val,T9,34.52,25.380875
val,T9,34.52,24.698677
val,T9,34.52,25.652615
val,T9,34.52,26.17066
val,T9,34.52,25.685577
val,T9,34.52,24.16513
val,T9,34.785267,25.424839
val,T9,35.240265,25.21051
val,T9,35.43,25.995049
val,T9,35.43,26.084143
val,T9,35.43,26.912628
val,T9,35.43,25.806732
val,T9,35.43,25.408262
val,T9,35.43,25.061703
val,T9,35.43,23.495699
val,T9,35.43,24.279356
val,T9,35.43,26.082317
val,T9,35.43,25.188873
val,T9,35.43,25.065802
val,T9,35.43,25.487118
val,T9,35.43,25.277977
val,T9,35.43,25.161823
val,T9,35.43,25.362135
val,T9,35.43,26.219666
val,T9,35.76231,25.977043
val,T9,36.33231,26.300537
val,T9,36.57,25.595255
val,T9,36.57,25.508545
val,T9,36.57,25.019064
val,T9,36.57,25.844406
val,T9,36.57,25.724586
val,T9,36.57,27.146585
val,T9,36.57,25.430191
val,T9,36.57,23.69432
val,T9,36.57,26.24083
val,T9,36.57,25.105501
val,T9,36.57,26.813158
val,T9,36.57,26.159061
val,T9,36.57,25.555975
val,T9,36.57,25.709637
val,T9,36.57,25.309998
val,T9,36.85867,25.718845
val,T9,37.35367,24.983322
val,T9,37.56,25.902658
val,T9,37.56,25.819233
val,T9,37.56,25.277359
val,T9,37.56,25.375053
val,T9,37.56,23.0686
val,T9,37.56,23.183746
val,T9,37.56,25.196018
val,T9,37.56,26.510582
val,T9,37.0052,25.479109
val,T9,36.0552,24.09218
val,T9,35.66,25.263775
val,T9,35.66,25.373468
val,T9,35.66,22.250797
val,T9,35.66,23.916546
val,T9,35.66,25.899761
val,T9,35.66,26.775051
val,T9,35.66,25.669537
val,T9,35.66,21.612494
val,T9,35.66,23.833885
val,T9,35.66,25.198608
val,T9,35.66,26.177208
val,T9,35.66,25.294176
val,T9,35.66,26.084621
val,T9,35.66,24.94447
val,T9,35.66,23.544464
val,T9,35.438396,24.933035
val,T9,35.058395,26.199774
val,T9,34.9,26.769203
val,T9,34.9,26.16494
val,T9,34.9,26.4817
val,T9,34.9,24.987993
val,T9,34.9,24.373062
val,T9,34.9,24.419003
val,T9,34.9,25.384228
val,T9,35.066204,26.19849
val,T9,35.351204,26.689247
val,T9,35.47,25.668522
val,T9,35.47,24.997822
val,T9,35.47,25.737457
val,T9,35.47,26.511505
val,T9,35.47,25.95624
val,T9,35.47,26.016354
val,T9,35.47,26.29522
val,T9,35.6218,24.767525
val,T9,35.881798,26.40467
val,T9,35.99,25.216747
val,T9,35.99,25.363028
val,T9,35.99,26.076328
val,T9,35.99,26.301413
val,T9,35.99,26.323696
val,T9,35.99,26.294912
val,T9,35.99,26.386639
val,T9,36.14768,26.101418
val,T9,36.41768,27.250826
val,T9,36.53,26.825289
val,T9,36.53,26.307573
val,T9,36.53,25.128736
val,T9,36.53,25.001705
val,T9,36.53,25.264023
val,T9,36.53,25.706291
val,T9,36.53,25.427042
val,T9,36.46002,25.333138
val,T9,36.34002,27.055672
val,T9,36.29,26.137306
val,T9,36.29,25.881752
val,T9,36.29,26.161907
val,T9,36.29,26.250637
val,T9,36.29,25.850801
val,T9,36.29,25.354303
val,T9,36.29,26.176464
val,T9,36.161556,26.21671
val,T9,35.941555,25.222216
val,T9,35.85,23.858206
val,T9,35.85,26.051012
val,T9,35.85,26.11071
val,T9,35.85,25.90063
val,T9,35.85,24.502037
val,T9,35.85,24.98992
val,T9,35.85,26.020412
val,T9,36.08652,26.979767
val,T9,36.49152,26.80748
val,T9,36.66,26.168198
val,T9,36.66,25.724127
val,T9,36.66,25.895561
val,T9,36.66,25.46949
val,T9,36.66,25.329155
val,T9,36.66,25.753368
val,T9,36.66,25.936758
val,T9,35.884388,25.57367
val,T9,34.554386,25.837946
val,T9,34.0,25.73975
val,T9,34.0,25.586227
val,T9,34.0,24.630936
val,T9,34.0,22.830345
val,T9,34.0,23.450798
val,T9,34.0,21.955801
val,T9,34.0,24.907213
val,T9,33.70508,23.927456
val,T9,33.20008,24.026745
val,T9,32.99,25.516544
val,T9,32.99,24.451654
val,T9,32.99,24.078407
val,T9,32.99,25.233273
val,T9,32.99,25.294994
val,T9,32.99,25.256496
val,T9,32.99,25.869377
val,T9,33.52436,26.206993
val,T9,34.43936,25.03009
val,T9,34.82,25.425133
val,T9,34.82,25.128586
val,T9,34.82,25.315952
val,T9,34.82,26.065681
val,T9,34.82,26.378822
val,T9,34.82,25.34301
val,T9,34.82,24.656044
val,T9,35.03577,25.387539
val,T9,35.405773,25.152416
val,T9,35.56,26.554577
val,T9,35.56,26.028461
val,T9,35.56,27.100395
val,T9,35.56,26.702965
val,T9,35.56,26.266003
val,T9,35.56,23.852654
val,T9,35.56,23.26948
val,T9,35.56,22.415066
val,T9,35.312225,24.46458
val,T9,34.887226,25.860802
val,T9,34.71,26.247013
val,T9,34.71,24.970268
val,T9,34.71,25.548225
val,T9,34.71,26.10114
val,T9,34.71,25.116383
val,T9,34.71,25.099365
val,T9,34.71,26.084948
val,T9,34.61669,26.36987
val,T9,34.45669,25.403704
val,T9,34.39,25.938385
val,T9,34.39,25.563917
val,T9,34.39,24.316143
val,T9,34.39,24.599136
val,T9,34.39,25.958004
val,T9,34.39,25.382347
val,T9,34.39,24.49681
val,T9,33.853485,24.076206
val,T9,32.933487,25.449835
val,T9,32.55,25.135202
val,T9,32.55,24.479334
val,T9,32.55,25.583845
val,T9,32.55,24.750538
val,T9,32.55,23.907162
val,T9,32.55,25.538063
val,T9,32.55,25.233986
val,T9,32.133156,21.86338
val,T9,31.418156,25.13919
val,T9,31.12,24.19265
val,T9,31.12,22.950422
val,T9,31.12,20.309954
val,T9,31.12,20.869228
val,T9,31.12,24.868225
val,T9,31.12,24.3605
val,T9,31.12,24.98161
val,T9,31.12,25.477198
val,T9,31.12,23.086557
val,T9,31.12,19.063625
val,T9,31.12,20.349585
val,T9,31.12,22.96408
val,T9,31.12,23.021767
val,T9,31.12,22.265785
val,T9,31.12,23.79519
val,T9,30.49036,25.69057
val,T9,29.41036,25.273975
val,T9,28.96,25.047592
val,T9,28.96,24.833408
val,T9,28.96,24.666798
val,T9,28.96,22.629705
val,T9,28.96,22.843601
val,T9,28.96,21.096306
val,T9,28.96,24.452848
val,T9,28.96,26.126907
val,T9,30.729916,26.19186
val,T9,33.764915,26.815044
val,T9,35.03,26.678068
val,T9,35.03,23.686127
val,T9,35.03,22.816158
val,T9,35.03,24.038944
val,T9,35.03,24.66619
val,T9,35.03,24.876186
val,T9,35.03,26.051159
val,T9,35.03,25.867147
val,T9,35.03,24.534779
val,T9,35.03,25.112541
val,T9,35.03,25.463203
val,T9,35.03,26.413654
val,T9,35.03,25.826433
val,T9,35.03,25.86973
val,T9,35.03,25.13551
val,T9,34.92488,24.378471
val,T9,34.74488,24.864464
val,T9,34.67,25.264225
val,T9,34.67,25.780937
val,T9,34.67,26.542295
val,T9,34.67,25.647253
val,T9,34.67,25.635479
val,T9,34.67,24.707968
val,T9,34.67,24.084507
val,T9,34.611618,23.768978
val,T9,34.511616,25.396881
val,T9,34.47,26.724718
val,T9,34.47,25.012772
val,T9,34.47,25.009521
val,T9,34.47,24.573631
val,T9,34.47,20.666393
val,T9,34.47,24.481373
val,T9,34.47,25.427982
val,T9,34.47,25.431732
val,T9,34.47,26.099247
val,T9,34.47,25.81592
val,T9,34.47,24.12215
val,T9,34.47,24.8103
val,T9,34.47,26.602419
val,T9,34.47,25.537416
val,T9,34.47,26.582542
val,T9,34.47,25.708984
val,T9,34.685772,25.366768
val,T9,35.05577,24.409477
val,T9,35.21,26.251286
val,T9,35.21,26.311975
val,T9,35.21,24.968159
val,T9,35.21,24.61845
val,T9,35.21,26.114744
val,T9,35.21,25.628405
val,T9,35.21,25.728754
val,T9,35.41994,26.149258
val,T9,35.77994,25.58028
val,T9,35.93,25.397789
val,T9,35.93,26.645779
val,T9,35.93,24.84584
val,T9,35.93,25.769356
val,T9,35.93,25.755472
val,T9,35.93,25.99749
val,T9,35.93,26.489988
val,T9,35.906673,26.188068
val,T9,35.866673,26.494553
val,T9,35.85,25.966133
val,T9,35.85,25.962303
val,T9,35.85,26.212822
val,T9,35.85,26.65958
val,T9,35.85,26.560219
val,T9,35.85,25.296822
val,T9,35.85,24.162624
val,T9,36.19748,25.20039
val,T9,36.79248,25.968876
val,T9,37.04,27.122368
val,T9,37.04,24.84848
val,T9,37.04,24.263908
val,T9,37.04,22.746616
val,T9,37.04,24.790936
val,T9,37.04,25.993746
val,T9,37.04,26.638477
val,T9,36.78311,25.8446
val,T9,36.343113,26.009785
val,T9,36.16,26.412718
val,T9,36.16,25.454136
val,T9,36.16,24.26176
val,T9,36.16,25.567509
val,T9,36.16,26.979427
val,T9,36.16,26.240074
val,T9,36.16,24.51553
val,T9,35.772194,25.014572
val,T9,35.107193,26.00197
val,T9,34.83,24.31297
val,T9,34.83,21.009193
val,T9,34.83,24.295921
val,T9,34.83,25.779053
val,T9,34.83,25.068363
val,T9,34.83,25.901886
val,T9,34.83,25.615898
val,T9,34.90873,24.723879
val,T9,35.043728,26.026827
val,T9,35.1,25.709635
val,T9,35.1,24.75113
val,T9,35.1,26.32052
val,T9,35.1,25.518414
val,T9,35.1,25.284035
val,T9,35.1,25.034782
val,T9,35.1,24.69852
val,T9,34.93064,25.997412
val,T9,34.64064,25.832378
val,T9,34.52,26.345978
val,T9,34.52,25.958778
val,T9,34.52,25.724352
val,T9,34.52,26.290205
val,T9,34.52,25.193829
val,T9,34.52,25.710419
val,T9,34.52,25.793663
val,T9,34.712444,25.052269
val,T9,35.042446,25.789803
val,T9,35.18,25.8138
val,T9,35.18,26.339493
val,T9,35.18,25.792202
val,T9,35.18,25.6133
val,T9,35.18,25.734554
val,T9,35.18,25.027973
val,T9,35.18,23.93684
val,T9,34.95814,25.229141
val,T9,34.57814,25.541805
val,T9,34.42,24.99621
val,T9,34.42,24.442684
val,T9,34.42,24.682047
val,T9,34.42,26.193644
val,T9,34.42,25.887741
val,T9,34.42,26.096352
val,T9,34.42,25.215881
val,T9,34.39372,25.828283
val,T9,34.34872,25.360924
val,T9,34.33,25.827785
val,T9,34.33,25.528994
val,T9,34.33,26.040943
val,T9,34.33,24.825123
val,T9,34.33,26.381243
val,T9,34.33,25.493351
val,T9,34.33,26.509743
val,T9,33.988846,25.990826
val,T9,33.403847,26.595755
val,T9,33.16,26.16797
val,T9,33.16,25.995745
val,T9,33.16,25.880638
val,T9,33.16,24.509277
val,T9,33.16,24.697353
val,T9,33.16,26.15358
val,T9,33.16,25.9048
val,T9,31.040667,25.045525
val,T9,27.410667,20.248724
val,T9,25.9,23.470203
val,T9,25.9,25.601156
val,T9,25.9,25.650665
val,T9,25.9,26.183462
val,T9,25.9,26.392952
val,T9,25.9,25.023985
val,T9,25.9,23.499573
val,T9,23.926626,22.856665
val,T9,20.546627,20.733433
val,T9,19.14,16.439892
val,T9,19.14,19.434914
val,T9,19.14,23.318537
val,T9,19.14,23.985302
val,T9,19.14,25.249737
val,T9,19.14,26.280724
val,T9,19.14,25.016718
val,T9,19.14,26.057707
val,T9,18.88304,25.984951
val,T9,18.44304,20.09071
val,T9,18.26,10.545483
val,T9,18.26,9.713745
val,T9,18.26,9.199047
val,T9,18.26,22.993923
val,T9,18.26,16.901957
val,T9,18.26,19.04085
val,T9,18.26,20.086617
val,T9,14.762808,15.929754
val,T9,8.772808,11.546749
val,T9,6.28,13.0405655
val,T9,6.28,17.274555
val,T9,6.28,19.383652
val,T9,6.28,12.528275
val,T9,6.28,13.103544
val,T9,6.28,15.152291
val,T9,6.28,13.548532
val,T9,6.28,18.171612
val,T9,6.28,10.1673975
val,T9,6.28,11.301429
val,T9,6.28,12.558234
val,T9,6.28,15.154885
val,T9,6.28,18.764713
val,T9,6.28,24.31108
val,T9,6.28,24.522776
val,T9,6.28,24.953056
val,T9,9.20876,25.19734
val,T9,14.22376,25.96771
val,T9,16.31,25.443619
val,T9,16.31,24.225754
val,T9,16.31,24.689001
val,T9,16.31,24.213026
val,T9,16.31,24.59753
val,T9,16.31,23.80206
val,T9,16.31,22.590326
val,T9,16.81808,22.178133
val,T9,17.68808,24.320957
val,T9,18.05,24.319016
val,T9,18.05,24.309908
val,T9,18.05,25.29786
val,T9,18.05,25.922674
val,T9,18.05,25.943645
val,T9,18.05,25.461086
val,T9,18.05,23.79676
val,T9,17.898376,23.085087
val,T9,17.638376,25.413658
val,T9,17.53,25.731613
val,T9,17.53,26.211288
val,T9,17.53,26.067524
val,T9,17.53,26.04824
val,T9,17.53,26.130224
val,T9,17.53,25.655556
val,T9,17.53,25.214073
val,T9,17.53,25.45198
val,T9,17.53,26.247559
val,T9,17.53,25.523512
val,T9,17.53,25.740452
val,T9,17.53,26.609138
val,T9,17.53,23.579866
val,T9,17.53,25.630997
val,T9,17.53,25.30518
val,T9,17.53,24.650745
val,T9,13.44784,24.734842
val,T9,6.45784,20.737686
val,T9,3.55,12.564836
val,T9,3.55,10.139174
val,T9,3.55,20.35342
val,T9,3.55,25.151062
val,T9,3.55,23.320456
val,T9,3.55,19.179575
val,T9,3.55,23.023563
val,T9,3.55,22.825981
val,T9,3.55,22.992352
val,T9,3.55,21.742373
val,T9,3.55,24.328152
val,T9,3.55,24.79088
val,T9,3.55,24.757994
val,T9,3.55,13.326644
val,T9,3.55,13.019235
val,T9,3.55,19.957539
val,T9,5.1059294,20.077606
val,T9,7.7709293,20.891539
val,T9,8.88,11.415168
val,T9,8.88,7.6290903
val,T9,8.88,1.2084929
val,T9,8.88,13.232631
val,T9,8.88,7.0737
val,T9,8.88,1.2836881
val,T9,8.88,1.4804928
val,T9,9.5224,5.0240135
val,T9,10.6224,3.930424
val,T9,11.08,6.000433
val,T9,11.08,7.438394
val,T9,11.08,8.735054
val,T9,11.08,20.837742
val,T9,11.08,25.56802
val,T9,11.08,26.866417
val,T9,11.08,26.628868
val,T9,11.08,21.958244
val,T9,11.08,26.67493
val,T9,11.08,25.991554
val,T9,11.08,26.443434
val,T9,11.08,26.267101
val,T9,11.08,26.67361
val,T9,11.08,25.62344
val,T9,11.08,24.964691
val,T9,14.392396,25.187016
val,T9,20.072395,24.837986
val,T9,22.44,26.823887
val,T9,22.44,25.300558
val,T9,22.44,23.5755
val,T9,22.44,25.985851
val,T9,22.44,25.938309
val,T9,22.44,26.008514
val,T9,22.44,24.926207
val,T9,23.204828,26.03569
val,T9,24.514828,26.218933
val,T9,25.06,26.25488
val,T9,25.06,26.871435
val,T9,25.06,24.22412
val,T9,25.06,24.5394
val,T9,25.06,24.9001
val,T9,25.06,27.072838
val,T9,25.06,26.70754
val,T9,24.23387,26.068253
val,T9,22.818869,25.859968
val,T9,22.23,26.38163
val,T9,22.23,26.602804
val,T9,22.23,26.14415
val,T9,22.23,25.225714
val,T9,22.23,25.656902
val,T9,22.23,25.454948
val,T9,22.23,26.35308
val,T9,21.818867,24.877066
val,T9,21.113867,25.522404
val,T9,20.82,26.746202
val,T9,20.82,24.746178
val,T9,20.82,23.061237
val,T9,20.82,25.081257
val,T9,20.82,25.329731
val,T9,20.82,25.674744
val,T9,20.82,25.088886
val,T9,20.528416,25.240917
val,T9,20.028416,24.901382
val,T9,19.82,25.722511
val,T9,19.82,25.90744
val,T9,19.82,25.732452
val,T9,19.82,24.928333
val,T9,19.82,24.895283
val,T9,19.82,24.765919
val,T9,19.82,27.08973
val,T9,19.67692,26.244352
val,T9,19.43192,25.696285
val,T9,19.33,25.514067
val,T9,19.33,25.72433
val,T9,19.33,25.136908
val,T9,19.33,25.954657
val,T9,19.33,26.260242
val,T9,19.33,20.218153
val,T9,19.33,16.77689
val,T9,17.070223,19.83825
val,T9,13.195223,15.2818575
val,T9,11.58,10.623355
val,T9,11.58,13.691996
val,T9,11.58,14.23956
val,T9,11.58,9.076504
val,T9,11.58,7.2758913
val,T9,11.58,8.435079
val,T9,11.58,7.8488026
val,T9,11.547935,4.8145266
val,T9,11.492935,6.7338037
val,T9,11.47,6.826329
val,T9,11.47,17.312256
val,T9,11.47,18.82494
val,T9,11.47,21.638666
val,T9,11.47,20.517567
val,T9,11.47,25.996609
val,T9,11.47,26.654484
val,T9,13.98996,25.81897
val,T9,18.30496,24.402355
val,T9,20.1,25.848263
val,T9,20.1,25.4312
val,T9,20.1,24.353655
val,T9,20.1,23.71624
val,T9,20.1,24.969265
val,T9,20.1,24.144463
val,T9,20.1,26.073292
val,T9,20.1,26.440191
val,T9,22.000395,25.403954
val,T9,25.255394,25.451366
val,T9,26.61,26.067047
val,T9,26.61,26.148262
val,T9,26.61,21.674427
val,T9,26.61,24.599285
val,T9,26.61,26.052444
val,T9,26.61,25.770163
val,T9,26.61,25.14691
val,T9,26.61,26.247356
val,T9,26.61,25.431156
val,T9,26.61,26.22731
val,T9,26.61,23.955057
val,T9,26.61,24.871538
val,T9,26.61,26.035847
val,T9,26.61,25.655159
val,T9,26.61,25.349518
val,T9,24.7558,26.063908
val,T9,21.5808,26.126495
val,T9,20.26,25.374523
val,T9,20.26,24.260662
val,T9,20.26,25.276525
val,T9,20.26,24.936565
val,T9,20.26,25.411598
val,T9,20.26,25.846935
val,T9,20.26,25.780167
val,T9,20.26,25.127892
val,T9,20.74764,25.221235
val,T9,21.58264,24.530159
val,T9,21.93,24.738277
val,T9,21.93,25.40768
val,T9,21.93,25.438093
val,T9,21.93,25.32116
val,T9,21.93,26.707512
val,T9,21.93,26.142584
val,T9,21.93,26.46211
val,T9,21.93,24.918762
val,T9,21.93,25.346653
val,T9,21.93,24.60054
val,T9,21.93,23.894897
val,T9,21.93,25.606506
val,T9,21.93,23.93131
val,T9,21.93,24.564644
val,T9,21.93,26.47884
val,T9,22.969233,25.15887
val,T9,24.749233,24.541946
val,T9,25.49,23.895683
val,T9,25.49,24.480247
val,T9,25.49,24.779457
val,T9,25.49,26.06932
val,T9,25.49,26.00917
val,T9,25.49,25.707977
val,T9,25.49,25.30771
val,T9,25.714455,25.277578
val,T9,26.099455,26.044378
val,T9,26.26,26.2613
val,T9,26.26,26.18734
val,T9,26.26,24.766743
val,T9,26.26,25.246933
val,T9,26.26,24.993168
val,T9,26.26,25.258924
val,T9,26.26,25.976612
val,T9,26.455585,25.58547
val,T9,26.790586,24.608288
val,T9,26.93,24.79183
val,T9,26.93,25.222658
val,T9,26.93,25.920925
val,T9,26.93,25.761278
val,T9,26.93,26.42615
val,T9,26.93,26.181187
val,T9,26.93,26.343807
val,T9,26.521313,26.100468
val,T9,25.821314,24.771463
val,T9,25.53,26.54348
val,T9,25.53,25.393564
val,T9,25.53,26.123856
val,T9,25.53,25.957348
val,T9,25.53,25.255001
val,T9,25.53,25.844738
val,T9,25.53,26.317097
val,T9,25.53,20.329052
val,T9,22.439207,20.42321
val,T9,17.139208,23.063354
val,T9,14.93,17.971046
val,T9,14.93,14.967615
val,T9,14.93,16.47042
val,T9,14.93,10.436073
val,T9,14.93,7.2701526
val,T9,14.93,7.3060656
val,T9,14.93,3.8407052
val,T9,14.93,4.951765
val,T9,14.93,14.630298
val,T9,14.93,20.81631
val,T9,14.93,7.3945675
val,T9,14.93,6.457099
val,T9,14.93,6.903798
val,T9,14.93,16.348158
val,T9,14.93,20.678667
val,T9,14.93,24.746073
val,T9,15.6879,21.195618
val,T9,16.9879,22.815784
val,T9,17.53,22.36358
val,T9,17.53,18.087015
val,T9,17.53,25.625538
val,T9,17.53,24.654522
val,T9,17.53,25.829937
val,T9,17.53,26.050938
val,T9,17.53,26.525957
val,T9,17.53,24.339344
val,T9,17.53,25.746117
val,T9,17.53,26.000366
val,T9,17.53,26.3861
val,T9,17.53,26.599695
val,T9,17.53,24.825874
val,T9,17.53,26.5447
val,T9,17.53,26.538052
val,T9,17.53,26.83743
val,T9,19.979202,26.275633
val,T9,24.174202,26.43237
val,T9,25.92,26.606407
val,T9,25.92,26.825455
val,T9,25.92,26.773216
val,T9,25.92,26.661762
val,T9,25.92,26.15552
val,T9,25.92,24.90878
val,T9,25.92,23.962708
val,T9,25.92,25.052795
val,T9,25.92,26.29967
val,T9,25.92,26.44705
val,T9,25.92,25.054108
val,T9,25.92,25.31791
val,T9,25.92,24.90194
val,T9,25.92,26.01796
val,T9,25.92,25.184189
val,T9,25.946243,25.58442
val,T9,25.991243,26.698524
val,T9,26.01,26.622803
val,T9,26.01,25.532288
val,T9,26.01,26.488163
val,T9,26.01,26.4338
val,T9,26.01,26.016716
val,T9,26.01,26.227158
val,T9,26.01,26.336048
val,T9,25.581371,26.679937
val,T9,24.84637,26.751284
val,T9,24.54,25.743114
val,T9,24.54,26.218548
val,T9,24.54,24.937866
val,T9,24.54,23.218601
val,T9,24.54,24.65238
val,T9,24.54,24.186878
val,T9,24.54,21.692463
val,T9,24.260078,24.27947
val,T9,23.780079,25.276121
val,T9,23.58,25.116184
val,T9,23.58,26.087555
val,T9,23.58,26.259205
val,T9,23.58,26.394768
val,T9,23.58,24.9987
val,T9,23.58,24.147957
val,T9,23.58,25.632591
val,T9,23.851173,25.264374
val,T9,24.316174,24.643852
val,T9,24.51,23.12868
val,T9,24.51,25.50455
val,T9,24.51,25.626081
val,T9,24.51,25.708916
val,T9,24.51,25.793125
val,T9,24.51,26.213589
val,T9,24.51,26.012844
val,T9,23.4734,25.748236
val,T9,21.6984,26.172558
val,T9,20.96,25.479443
val,T9,20.96,26.64708
val,T9,20.96,26.127874
val,T9,20.96,26.191555
val,T9,20.96,25.651226
val,T9,20.96,11.210622
val,T9,20.96,23.302185
val,T9,18.17344,21.45133
val,T9,13.388441,10.483247
val,T9,11.39,13.809087
val,T9,11.39,16.331701
val,T9,11.39,9.5838785
val,T9,11.39,6.8176174
val,T9,11.39,0.82790697
val,T9,11.39,4.344823
val,T9,11.39,7.2474813
val,T9,11.489252,5.470911
val,T9,11.659252,6.8015003
val,T9,11.73,9.885898
val,T9,11.73,18.344608
val,T9,11.73,19.871674
val,T9,11.73,23.496197
val,T9,11.73,24.374825
val,T9,11.73,24.738253
val,T9,11.73,25.841354
val,T9,13.960262,21.348461
val,T9,17.780262,25.341398
val,T9,19.37,25.416561
val,T9,19.37,23.217648
val,T9,19.37,25.002123
val,T9,19.37,25.570297
val,T9,19.37,25.394405
val,T9,19.37,24.894222
val,T9,19.37,25.658707
val,T9,20.648605,26.231459
val,T9,22.838606,25.490913
val,T9,23.75,25.240416
val,T9,23.75,24.728569
val,T9,23.75,24.102442
val,T9,23.75,26.019745
val,T9,23.75,26.892101
val,T9,23.75,26.121952
val,T9,23.75,25.20723
val,T9,23.75,25.64041
val,T9,24.25502,26.041134
val,T9,25.12002,26.369152
val,T9,25.48,26.437336
val,T9,25.48,25.166338
val,T9,25.48,25.216051
val,T9,25.48,24.725136
val,T9,25.48,25.329296
val,T9,25.48,25.280844
val,T9,25.48,26.122635
val,T9,25.85906,25.366455
val,T9,26.50906,26.078995
val,T9,26.78,26.075876
val,T9,26.78,24.909689
val,T9,26.78,25.11474
val,T9,26.78,20.75409
val,T9,26.78,21.779648
val,T9,26.78,25.223148
val,T9,26.78,25.093948
val,T9,26.099829,26.626146
val,T9,24.934828,25.688328
val,T9,24.45,26.18432
val,T9,24.45,25.111563
val,T9,24.45,26.640352
val,T9,24.45,26.926414
val,T9,24.45,26.195524
val,T9,24.45,26.116913
val,T9,24.45,24.269321
val,T9,24.45,23.255985
val,T9,24.45,24.869984
val,T9,24.45,25.431383
val,T9,24.45,25.96093
val,T9,24.45,25.705776
val,T9,24.45,25.801144
val,T9,24.45,25.96891
val,T9,24.45,25.141075
val,T9,24.45,26.160587
val,T9,23.55192,22.822302
val,T9,22.01192,25.562656
val,T9,21.37,25.077248
val,T9,21.37,23.051878
val,T9,21.37,23.82637
val,T9,21.37,24.130997
val,T9,21.37,25.64344
val,T9,21.37,25.718784
val,T9,21.37,23.43738
val,T9,21.425465,23.735445
val,T9,21.520464,24.592258
val,T9,21.56,26.083755
val,T9,21.56,26.078938
val,T9,21.56,26.383137
val,T9,21.56,25.265911
val,T9,21.56,25.478676
val,T9,21.56,26.225616
val,T9,21.56,26.403755
val,T9,21.56,26.772453
val,T9,21.56,25.390102
val,T9,21.56,25.424
val,T9,21.56,24.820345
val,T9,21.56,26.185997
val,T9,21.56,26.123356
val,T9,21.56,26.352762
val,T9,21.56,25.590292
val,T9,21.56,24.68686
val,T9,20.80664,24.763332
val,T9,19.51664,25.295322
val,T9,18.98,25.278614
val,T9,18.98,26.043503
val,T9,18.98,25.77925
val,T9,18.98,26.040518
val,T9,18.98,26.065681
val,T9,18.98,25.09414
val,T9,18.98,24.32314
val,T9,19.29828,24.64506
val,T9,19.84328,25.1173
val,T9,20.07,26.37688
val,T9,20.07,25.938206
val,T9,20.07,25.881424
val,T9,20.07,25.251976
val,T9,20.07,25.043962
val,T9,20.07,26.051926
val,T9,20.07,26.586964
val,T9,19.947393,24.424545
val,T9,19.737394,26.180016
val,T9,19.65,26.006031
val,T9,19.65,25.086334
val,T9,19.65,24.991737
val,T9,19.65,24.94951
val,T9,19.65,26.530289
val,T9,19.65,24.200397
val,T9,19.65,20.210688
val,T9,19.769688,25.121624
val,T9,19.974688,24.855516
val,T9,20.06,25.439531
val,T9,20.06,23.579271
val,T9,20.06,24.140717
val,T9,20.06,23.506382
val,T9,20.06,23.339033
val,T9,20.06,25.33036
val,T9,20.06,25.163725
val,T9,20.06,25.955738
val,T9,20.06,25.87821
val,T9,20.06,26.28588
val,T9,20.06,26.435282
val,T9,20.06,25.993069
val,T9,20.06,25.800922
val,T9,20.06,25.259727
val,T9,20.06,26.811031
val,T9,21.1094,25.295425
val,T9,22.9094,24.17274
val,T9,23.66,23.292877
val,T9,23.66,25.675293
val,T9,23.66,25.153105
val,T9,23.66,26.019089
val,T9,23.66,25.154762
val,T9,23.66,26.310558
val,T9,23.66,25.781616
val,T9,23.87571,25.564976
val,T9,24.24571,25.11955
val,T9,24.4,24.73383
val,T9,24.4,25.155397
val,T9,24.4,26.34626
val,T9,24.4,26.116676
val,T9,24.4,25.689789
val,T9,24.4,25.453007
val,T9,24.4,25.9973
val,T9,24.166464,24.54084
val,T9,23.766464,26.15792
val,T9,23.6,25.664513
val,T9,23.6,24.968958
val,T9,23.6,25.619585
val,T9,23.6,26.17812
val,T9,23.6,25.986599
val,T9,23.6,24.972256
val,T9,23.6,25.236877
val,T9,23.6,26.452305
val,T9,24.081114,25.852419
val,T9,24.906115,26.545937
val,T9,25.25,25.06459
val,T9,25.25,26.101196
val,T9,25.25,26.493963
val,T9,25.25,26.25066
val,T9,25.25,25.244118
val,T9,25.25,26.201025
val,T9,25.25,25.998816
val,T9,25.25,26.247341
val,T9,25.25,24.755966
val,T9,25.25,25.42092
val,T9,25.25,25.16839
val,T9,25.25,25.695463
val,T9,25.25,25.436436
val,T9,25.25,25.451263
val,T9,25.25,25.721039
val,T9,24.461819,25.08833
val,T9,23.111818,24.489376
val,T9,22.55,25.816822
val,T9,22.55,25.582695
val,T9,22.55,24.047783
val,T9,22.55,26.46638
val,T9,22.55,24.867891
val,T9,22.55,24.939133
val,T9,22.55,23.921719
val,T9,22.63468,24.992512
val,T9,22.77968,26.175695
val,T9,22.84,26.100979
val,T9,22.84,24.654228
val,T9,22.84,24.40621
val,T9,22.84,24.973267
val,T9,22.84,26.438267
val,T9,22.84,26.065922
val,T9,22.84,25.455479
val,T9,22.778696,24.51443
val,T9,22.673697,25.05952
val,T9,22.63,23.790398
val,T9,22.63,24.577354
val,T9,22.63,25.596016
val,T9,22.63,25.184856
val,T9,22.63,25.282265
val,T9,22.63,25.38108
val,T9,22.63,26.758762
val,T9,22.627085,26.69712
val,T9,22.622086,26.132517
val,T9,22.62,25.253757
val,T9,22.62,25.15487
val,T9,22.62,25.129751
val,T9,22.62,25.017483
val,T9,22.62,24.937275
val,T9,22.62,23.61322
val,T9,22.62,25.622688
val,T9,22.771624,26.79459
val,T9,23.031624,25.036388
val,T9,23.14,21.818192
val,T9,23.14,18.776121
val,T9,23.14,23.578072
val,T9,23.14,24.890554
val,T9,23.14,24.340048
val,T9,23.14,23.216719
val,T9,23.14,20.206266
val,T9,23.300556,24.866177
val,T9,23.575556,27.237469
val,T9,23.69,26.636082
val,T9,23.69,25.283707
val,T9,23.69,24.78685
val,T9,23.69,26.367203
val,T9,23.69,25.828709
val,T9,23.69,25.69096
val,T9,23.69,24.964788
val,T9,23.69,25.749226
val,T9,23.7922,25.269604
val,T9,23.9672,26.064224
val,T9,24.04,25.803951
val,T9,24.04,25.859127
val,T9,24.04,26.983414
val,T9,24.04,26.56839
val,T9,24.04,26.707066
val,T9,24.04,26.156498
val,T9,24.04,25.384909
val,T9,24.04,25.54382
val,T9,24.04,26.048656
val,T9,24.04,26.217224
val,T9,24.04,26.548538
val,T9,24.04,25.694595
val,T9,24.04,25.06419
val,T9,24.04,25.684399
val,T9,24.04,25.779293
val,T9,23.321878,26.05819
val,T9,22.091879,25.840828
val,T9,21.58,23.375177
val,T9,21.58,25.260218
val,T9,21.58,26.601713
val,T9,21.58,26.197348
val,T9,21.58,24.10133
val,T9,21.58,25.204145
val,T9,21.58,26.539738
val,T9,21.58,26.597086
val,T9,21.384695,24.216875
val,T9,21.049694,24.029266
val,T9,20.91,24.402477
val,T9,20.91,24.929008
val,T9,20.91,26.524443
val,T9,20.91,26.543465
val,T9,20.91,25.814707
val,T9,20.91,25.76524
val,T9,20.91,24.679047
val,T9,20.91,25.65311
val,T9,20.91,24.992308
val,T9,20.91,25.27525
val,T9,20.91,25.105343
val,T9,20.91,25.958565
val,T9,20.91,25.659023
val,T9,20.91,25.785307
val,T9,20.91,25.885454
val,T9,21.385828,25.897259
val,T9,22.200829,25.839523
val,T9,22.54,24.459196
val,T9,22.54,23.29566
val,T9,22.54,22.522636
val,T9,22.54,25.660654
val,T9,22.54,25.790052
val,T9,22.54,26.851479
val,T9,22.54,25.681658
val,T9,22.373606,25.885815
val,T9,22.088606,25.59385
val,T9,21.97,25.695118
val,T9,21.97,23.659399
val,T9,21.97,26.52236
val,T9,21.97,25.385319
val,T9,21.97,24.166456
val,T9,21.97,25.386328
val,T9,21.97,24.68335
val,T9,21.41228,22.785149
val,T9,20.45728,24.36499
val,T9,20.06,26.038246
val,T9,20.06,26.329102
val,T9,20.06,24.140001
val,T9,20.06,25.333153
val,T9,20.06,24.990318
val,T9,20.06,24.072254
val,T9,20.06,24.291641
val,T9,19.922995,24.312199
val,T9,19.687996,25.571732
val,T9,19.59,26.322525
val,T9,19.59,25.709206
val,T9,19.59,24.624327
val,T9,19.59,24.565159
val,T9,19.59,24.49261
val,T9,19.59,25.343594
val,T9,19.59,25.215307
val,T9,20.08056,26.279156
val,T9,20.92056,25.88462
val,T9,21.27,25.200455
val,T9,21.27,25.34019
val,T9,21.27,25.310257
val,T9,21.27,25.531317
val,T9,21.27,24.526718
val,T9,21.27,26.37088
val,T9,21.27,26.201067
val,T9,22.115595,25.822792
val,T9,23.565594,26.164974
val,T9,24.17,26.125338
val,T9,24.17,26.843533
val,T9,24.17,25.8279
val,T9,24.17,26.397629
val,T9,24.17,27.106398
val,T9,24.17,26.090763
val,T9,24.17,25.04651
val,T9,23.80792,25.067589
val,T9,23.18792,26.566452
val,T9,22.93,25.7031
val,T9,22.93,25.73123
val,T9,22.93,25.143171
val,T9,22.93,26.070135
val,T9,22.93,26.15904
val,T9,22.93,26.781384
val,T9,22.93,25.394669
val,T9,22.76356,25.067383
val,T9,22.47856,25.139374
val,T9,22.36,24.047733
val,T9,22.36,21.27848
val,T9,22.36,23.145342
val,T9,22.36,24.73854
val,T9,22.36,23.963547
val,T9,22.36,26.071342
val,T9,22.36,26.189295
val,T9,22.155891,26.569756
val,T9,21.805891,26.787691
val,T9,21.66,25.964565
val,T9,21.66,24.788708
val,T9,21.66,25.789532
val,T9,21.66,25.72181
val,T9,21.66,25.511108
val,T9,21.66,25.78918
val,T9,21.66,25.381523
val,T9,21.79432,26.726612
val,T9,22.02432,26.595848
val,T9,22.12,26.87005
val,T9,22.12,25.62384
val,T9,22.12,24.90306
val,T9,22.12,24.591251
val,T9,22.12,24.262846
val,T9,22.12,25.00239
val,T9,22.12,26.04352
val,T9,21.244,25.77129
val,T9,19.744,25.982113
val,T9,19.12,25.889568
val,T9,19.12,25.430662
val,T9,19.12,26.02346
val,T9,19.12,26.34446
val,T9,19.12,26.17844
val,T9,19.12,25.829473
val,T9,19.12,26.175047
val,T9,19.356455,26.170616
val,T9,19.761454,24.999916
val,T9,19.93,19.810196
val,T9,19.93,21.919247
val,T9,19.93,22.04612
val,T9,19.93,20.294037
val,T9,19.93,25.349188
val,T9,19.93,24.541084
val,T9,19.93,25.585567
val,T9,18.67072,24.095444
val,T9,16.51072,23.52519
val,T9,15.61,25.178787
val,T9,15.61,26.046082
val,T9,15.61,25.302448
val,T9,15.61,19.850548
val,T9,15.61,20.727137
val,T9,15.61,25.02824
val,T9,15.61,25.82832
val,T9,14.5606,25.78419
val,T9,12.7606,25.546974
val,T9,12.01,23.545506
val,T9,12.01,22.044046
val,T9,12.01,13.624612
val,T9,12.01,8.776725
val,T9,12.01,21.010956
val,T9,12.01,25.555008
val,T9,12.01,26.543074
val,T9,12.281485,27.570389
val,T9,12.746485,27.030529
val,T9,12.94,27.044502
val,T9,12.94,25.81368
val,T9,12.94,26.815477
val,T9,12.94,25.694094
val,T9,12.94,24.45515
val,T9,12.94,24.524502
val,T9,12.94,26.146503
val,T9,12.735891,25.639675
val,T9,12.385891,26.40762
val,T9,12.24,26.208076
val,T9,12.24,26.394909
val,T9,12.24,26.195244
val,T9,12.24,27.261112
val,T9,12.24,22.252304
val,T9,12.24,11.12209
val,T9,12.24,20.689974
val,T9,12.047334,21.828308
val,T9,11.717334,14.482936
val,T9,11.58,20.763123
val,T9,11.58,23.057625
val,T9,11.58,22.93027
val,T9,11.58,21.343468
val,T9,11.58,22.649284
val,T9,11.58,25.869543
val,T9,11.58,27.062574
val,T9,11.58,26.303505
val,T9,12.32168,26.55301
val,T9,13.59168,26.434963
val,T9,14.12,25.671982
val,T9,14.12,25.47169
val,T9,14.12,26.500868
val,T9,14.12,25.866295
val,T9,14.12,23.527817
val,T9,14.12,24.5484
val,T9,14.12,25.810884
val,T9,14.122916,25.718117
val,T9,14.127915,25.832603
val,T9,14.13,26.29662
val,T9,14.13,25.556572
val,T9,14.13,25.97427
val,T9,14.13,24.124588
val,T9,14.13,23.59504
val,T9,14.13,24.526606
val,T9,14.13,23.292498
val,T9,14.13,24.869913
val,T9,14.13,24.684322
val,T9,14.13,22.810629
val,T9,14.13,22.556084
val,T9,14.13,25.268925
val,T9,14.13,25.387959
val,T9,14.13,24.493263
val,T9,14.13,22.300972
val,T9,15.363401,25.458445
val,T9,17.478401,25.330683
val,T9,18.36,20.875927
val,T9,18.36,27.005394
val,T9,18.36,24.551468
val,T9,18.36,26.795736
val,T9,18.36,25.983665
val,T9,18.36,25.41769
val,T9,18.36,25.143051
val,T9,19.19804,25.82271
val,T9,20.63304,26.430037
val,T9,21.23,25.917301
val,T9,21.23,25.734724
val,T9,21.23,25.83796
val,T9,21.23,25.815504
val,T9,21.23,26.452192
val,T9,21.23,24.895088
val,T9,21.23,24.69077
val,T9,21.506926,23.287754
val,T9,21.981924,25.478151
val,T9,22.18,26.196003
val,T9,22.18,25.60149
val,T9,22.18,25.949558
val,T9,22.18,24.892004
val,T9,22.18,24.617954
val,T9,22.18,24.85122
val,T9,22.18,26.773405
val,T9,22.18,26.142773
val,T9,22.684296,26.187023
val,T9,23.549295,25.101292
val,T9,23.91,26.345978
val,T9,23.91,27.053968
val,T9,23.91,26.020699
val,T9,23.91,26.460155
val,T9,23.91,24.895924
val,T9,23.91,17.884596
val,T9,23.91,20.111908
val,T9,23.91,23.778687
val,T9,23.91,23.26389
val,T9,23.91,24.606237
val,T9,23.91,25.792807
val,T9,23.91,24.818634
val,T9,23.91,23.953152
val,T9,23.91,25.525604
val,T9,23.91,25.829575
val,T9,23.542604,25.79574
val,T9,22.912603,25.573402
val,T9,22.65,26.464766
val,T9,22.65,26.419758
val,T9,22.65,25.994574
val,T9,22.65,26.34671
val,T9,22.65,25.7127
val,T9,22.65,24.41991
val,T9,22.65,25.22609
val,T9,22.4164,24.60471
val,T9,22.0164,25.456293
val,T9,21.85,25.644255
val,T9,21.85,24.579166
val,T9,21.85,21.29202
val,T9,21.85,23.280396
val,T9,21.85,24.546982
val,T9,21.85,26.4178
val,T9,21.85,27.341995
val,T9,21.85,27.050758
val,T9,21.777,26.73682
val,T9,21.652,26.514828
val,T9,21.6,25.812916
val,T9,21.6,24.880234
val,T9,21.6,26.15687
val,T9,21.6,26.613749
val,T9,21.6,25.707642
val,T9,21.6,25.43483
val,T9,21.6,26.39444
val,T9,21.6,26.358232
val,T9,21.6,25.972427
val,T9,21.6,26.375576
val,T9,21.6,25.984507
val,T9,21.6,25.118282
val,T9,21.6,25.539555
val,T9,21.6,26.052784
val,T9,21.6,26.813774
val,T9,21.6,26.613058
val,T9,22.040165,26.270678
val,T9,22.795164,26.281784
val,T9,23.11,26.927279
val,T9,23.11,25.936287
val,T9,23.11,26.22255
val,T9,23.11,24.154284
val,T9,23.11,26.209015
val,T9,23.11,26.056723
val,T9,23.11,25.478228
val,T9,22.63112,25.701866
val,T9,21.81112,25.89682
val,T9,21.47,25.276194
val,T9,21.47,25.729239
val,T9,21.47,25.05595
val,T9,21.47,25.664862
val,T9,21.47,26.746307
val,T9,21.47,25.961863
val,T9,21.47,25.45655
val,T9,21.40576,26.078712
val,T9,21.29576,26.149317
val,T9,21.25,25.559975
val,T9,21.25,26.330414
val,T9,21.25,25.592558
val,T9,21.25,25.545755
val,T9,21.25,25.410788
val,T9,21.25,24.258339
val,T9,21.25,24.323456
val,T9,21.241253,26.374111
val,T9,21.226252,26.46727
val,T9,21.22,26.467169
val,T9,21.22,24.40601
val,T9,21.22,25.330276
val,T9,21.22,26.395906
val,T9,21.22,25.46513
val,T9,21.22,24.610817
val,T9,21.22,25.867168
val,T9,19.98484,24.926516
val,T9,17.86984,24.648083
val,T9,16.99,25.364077
val,T9,16.99,25.032265
val,T9,16.99,24.677597
val,T9,16.99,22.952084
val,T9,16.99,25.247292
val,T9,16.99,25.539627
val,T9,16.99,24.01083
val,T9,16.99,23.217594
val,T9,16.99,26.448772
val,T9,16.99,25.149178
val,T9,16.99,24.43071
val,T9,16.99,23.20121
val,T9,16.99,24.095133
val,T9,16.99,24.635391
val,T9,16.99,23.162033
val,T9,15.709946,23.976986
val,T9,13.514946,24.639217
val,T9,12.6,21.541964
val,T9,12.6,23.3844
val,T9,12.6,25.025078
val,T9,12.6,24.253489
val,T9,12.6,23.364723
val,T9,12.6,24.92853
val,T9,12.6,26.123652
val,T9,12.6,25.444979
val,T9,12.6876,24.701233
val,T9,12.8376,23.466124
val,T9,12.9,25.71099
val,T9,12.9,25.472813
val,T9,12.9,24.63625
val,T9,12.9,24.331032
val,T9,12.9,25.24607
val,T9,12.9,26.2046
val,T9,12.9,25.520432
val,T9,12.946707,24.783085
val,T9,13.026707,25.14927
val,T9,13.06,25.648148
val,T9,13.06,25.466583
val,T9,13.06,25.062836
val,T9,13.06,23.932043
val,T9,13.06,25.200127
val,T9,13.06,26.158215
val,T9,13.06,25.597313
val,T9,13.795636,25.11334
val,T9,15.055636,25.384693
val,T9,15.58,25.636604
val,T9,15.58,25.190516
val,T9,15.58,25.08398
val,T9,15.58,24.801605
val,T9,15.58,25.436964
val,T9,15.58,26.521305
val,T9,15.58,27.011684
val,T9,15.47488,24.996418
val,T9,15.29488,23.216461
val,T9,15.22,24.510422
val,T9,15.22,24.7099
val,T9,15.22,23.172325
val,T9,15.22,23.287144
val,T9,15.22,23.835712
val,T9,15.22,22.197865
val,T9,15.22,24.044678
val,T9,15.22,24.159218
val,T9,15.22,24.268196
val,T9,15.22,23.776478
val,T9,15.22,19.362038
val,T9,15.22,24.138592
val,T9,15.22,25.01947
val,T9,15.22,24.72178
val,T9,15.22,24.10304
val,T9,15.37768,24.76262
val,T9,15.64768,24.90359
val,T9,15.76,23.168194
val,T9,15.76,26.00475
val,T9,15.76,25.99479
val,T9,15.76,23.80639
val,T9,15.76,24.656036
val,T9,15.76,27.526361
val,T9,15.76,25.857143
val,T9,15.33441,26.93862
val,T9,14.60441,26.036789
val,T9,14.3,24.842728
val,T9,14.3,25.2777
val,T9,14.3,26.543333
val,T9,14.3,25.779634
val,T9,14.3,25.271156
val,T9,14.3,24.923546
val,T9,14.3,25.880634
val,T9,14.3,22.110092
val,T9,14.55696,23.574217
val,T9,14.99696,24.104263
val,T9,15.18,23.988235
val,T9,15.18,24.890352
val,T9,15.18,24.649647
val,T9,15.18,23.379648
val,T9,15.18,23.84229
val,T9,15.18,24.25322
val,T9,15.18,24.539747
val,T9,15.387262,25.463675
val,T9,15.742263,25.084501
val,T9,15.89,24.158302
val,T9,15.89,22.681847
val,T9,15.89,26.451279
val,T9,15.89,25.731041
val,T9,15.89,25.05134
val,T9,15.89,24.970634
val,T9,15.89,24.089066
val,T9,15.89,25.253204
val,T9,15.89,15.628388
val,T9,15.89,20.127577
val,T9,15.89,12.782041
val,T9,15.89,17.990818
val,T9,15.89,15.29476
val,T9,15.89,8.650048
val,T9,15.89,6.6356773
val,T9,14.236718,3.1255543
val,T9,11.401718,3.4933832
val,T9,10.22,6.274716
val,T9,10.22,9.8719015
val,T9,10.22,16.969576
val,T9,10.22,22.50086
val,T9,10.22,23.47718
val,T9,10.22,23.106472
val,T9,10.22,25.760721
val,T9,12.220267,20.20076
val,T9,15.650268,25.563091
val,T9,17.08,25.368683
val,T9,17.08,22.912184
val,T9,17.08,20.361906
val,T9,17.08,23.578644
val,T9,17.08,26.01505
val,T9,17.08,25.431196
val,T9,17.08,25.672844
val,T9,18.57212,25.45538
val,T9,21.12712,25.66674
val,T9,22.19,25.1178
val,T9,22.19,24.033854
val,T9,22.19,25.921728
val,T9,22.19,25.611595
val,T9,22.19,24.247204
val,T9,22.19,25.022398
val,T9,22.19,26.20075
val,T9,22.19,25.452583
val,T9,22.571976,25.40241
val,T9,23.226974,26.333178
val,T9,23.5,25.70742
val,T9,23.5,24.002964
val,T9,23.5,24.86187
val,T9,23.5,25.692017
val,T9,23.5,25.498415
val,T9,23.5,25.97166
val,T9,23.5,24.913128
val,T9,23.660555,25.136276
val,T9,23.935556,26.378498
val,T9,24.05,25.609997
val,T9,24.05,27.061172
val,T9,24.05,25.962227
val,T9,24.05,26.641155
val,T9,24.05,25.182987
val,T9,24.05,25.75204
val,T9,24.05,25.170742
val,T9,24.444092,26.456802
val,T9,25.119091,25.85436
val,T9,25.4,25.683537
val,T9,25.4,25.6137
val,T9,25.4,25.191544
val,T9,25.4,26.256119
val,T9,25.4,25.946363
val,T9,25.4,25.647205
val,T9,25.4,25.004467
val,T9,25.332859,25.652237
val,T9,25.21786,25.425983
val,T9,25.17,24.42216
val,T9,25.17,24.800852
val,T9,25.17,25.386274
val,T9,25.17,26.01857
val,T9,25.17,25.476166
val,T9,25.17,25.600807
val,T9,25.17,26.148558
val,T9,25.015461,25.143805
val,T9,24.75046,23.489294
val,T9,24.64,23.871052
val,T9,24.64,25.451921
val,T9,24.64,25.380737
val,T9,24.64,26.065676
val,T9,24.64,26.126263
val,T9,24.64,25.7832
val,T9,24.64,25.251564
val,T9,23.98592,25.695477
val,T9,22.86592,25.915867
val,T9,22.4,25.515198
val,T9,22.4,24.906666
val,T9,22.4,26.056526
val,T9,22.4,25.136665
val,T9,22.4,25.487883
val,T9,22.4,25.852245
val,T9,22.4,25.40683
val,T9,22.4,25.65057
val,T9,22.4,25.158838
val,T9,22.4,24.47931
val,T9,22.4,25.867096
val,T9,22.4,25.631931
val,T9,22.4,25.020052
val,T9,22.4,25.086422
val,T9,22.4,24.504671
val,T9,22.13765,26.274113
val,T9,21.68765,26.202576
val,T9,21.5,24.733385
val,T9,21.5,25.047033
val,T9,21.5,26.407703
val,T9,21.5,26.835447
val,T9,21.5,25.363424
val,T9,21.5,24.153831
val,T9,21.5,24.015772
val,T9,21.5,26.598679
val,T9,20.20096,25.603428
val,T9,17.97596,24.950607
val,T9,17.05,26.37979
val,T9,17.05,23.924091
val,T9,17.05,22.815283
val,T9,17.05,26.516064
val,T9,17.05,23.24643
val,T9,17.05,23.422543
val,T9,17.05,13.106715
val,T9,14.624151,14.690708
val,T9,10.4691515,18.367432
val,T9,8.74,9.853956
val,T9,8.74,6.188575
val,T9,8.74,1.8548276
val,T9,8.74,4.113719
val,T9,8.74,7.079731
val,T9,8.74,11.9186945
val,T9,8.74,17.771957
val,T9,10.0974245,21.60336
val,T9,12.422424,22.822395
val,T9,13.39,25.843502
val,T9,13.39,25.378273
val,T9,13.39,24.158352
val,T9,13.39,23.92614
val,T9,13.39,22.40488
val,T9,13.39,20.357506
val,T9,13.39,23.327274
val,T9,13.39,20.90378
val,T9,13.39,23.751715
val,T9,13.39,21.446049
val,T9,13.39,23.716791
val,T9,13.39,25.25374
val,T9,13.39,25.92226
val,T9,13.39,24.291931
val,T9,13.39,25.345161
val,T9,16.133806,25.350136
val,T9,20.838806,26.43004
val,T9,22.8,25.286293
val,T9,22.8,25.863754
val,T9,22.8,25.076612
val,T9,22.8,25.463356
val,T9,22.8,26.233892
val,T9,22.8,23.533554
val,T9,22.8,26.33136
val,T9,24.049414,25.741915
val,T9,26.189415,26.496319
val,T9,27.08,25.342249
val,T9,27.08,25.03815
val,T9,27.08,25.063683
val,T9,27.08,26.379112
val,T9,27.08,25.519388
val,T9,27.08,25.476936
val,T9,27.08,23.965078
val,T9,25.983644,22.49046
val,T9,24.103643,15.790752
val,T9,23.32,12.231748
val,T9,23.32,25.249557
val,T9,23.32,26.428852
val,T9,23.32,25.643402
val,T9,23.32,26.447899
val,T9,23.32,25.243464
val,T9,23.32,24.605846
val,T9,22.788708,24.763988
val,T9,21.878708,24.518173
val,T9,21.5,26.863811
val,T9,21.5,25.587088
val,T9,21.5,25.469522
val,T9,21.5,24.924015
val,T9,21.5,25.114502
val,T9,21.5,24.709051
val,T9,21.5,26.453434
val,T9,20.28236,25.781666
val,T9,18.19736,23.933987
val,T9,17.33,21.03875
val,T9,17.33,20.831741
val,T9,17.33,19.927935
val,T9,17.33,10.667721
val,T9,17.33,9.393407
val,T9,17.33,13.776169
val,T9,17.33,11.053804
val,T9,17.33,3.7325099
val,T9,15.30352,2.6530864
val,T9,11.83352,4.3243856
val,T9,10.39,5.7040873
val,T9,10.39,8.13221
val,T9,10.39,8.798968
val,T9,10.39,4.5662775
val,T9,10.39,6.4131393
val,T9,10.39,7.147542
val,T9,10.39,8.611236
val,T9,10.911785,17.518024
val,T9,11.806785,21.987457
val,T9,12.18,24.126078
val,T9,12.18,24.817673
val,T9,12.18,24.999897
val,T9,12.18,24.21873
val,T9,12.18,26.359934
val,T9,12.18,26.637989
val,T9,12.18,25.601418
val,T9,12.18,25.828196
val,T9,12.18,24.370243
val,T9,12.18,23.707111
val,T9,12.18,24.16056
val,T9,12.18,24.079174
val,T9,12.18,24.947685
val,T9,12.18,25.937988
val,T9,12.18,25.45464
val,T9,12.18,27.332577
val,T9,14.81092,26.931087
val,T9,19.31592,26.571274
val,T9,21.19,24.60919
val,T9,21.19,25.020285
val,T9,21.19,26.129467
val,T9,21.19,26.461214
val,T9,21.19,25.162823
val,T9,21.19,22.726067
val,T9,21.19,24.83862
val,T9,21.48784,25.801506
val,T9,21.99784,24.3191
val,T9,22.21,24.099607
val,T9,22.21,25.88624
val,T9,22.21,26.698692
val,T9,22.21,25.837202
val,T9,22.21,25.17477
val,T9,22.21,23.779808
val,T9,22.21,23.598549
val,T9,22.21,25.292765
val,T9,22.21,18.415024
val,T9,22.21,24.749174
val,T9,22.21,25.385244
val,T9,22.21,25.39509
val,T9,22.21,24.298737
val,T9,22.21,24.958328
val,T9,22.21,25.803413
val,T9,22.21,24.896118
val,T9,22.24503,26.143398
val,T9,22.30503,25.167583
val,T9,22.33,21.569843
val,T9,22.33,16.11883
val,T9,22.33,12.111545
val,T9,22.33,19.330345
val,T9,22.33,26.39492
val,T9,22.33,26.15091
val,T9,22.33,26.286434
val,T9,22.33,23.372211
val,T9,22.33,21.996082
val,T9,22.33,22.60823
val,T9,22.33,17.625694
val,T9,22.33,12.671862
val,T9,22.33,19.421738
val,T9,22.33,21.467693
val,T9,22.33,17.415905
val,T9,22.33,15.111729
val,T9,21.94164,16.025368
val,T9,21.27664,25.208635
val,T9,21.0,24.400684
val,T9,21.0,23.412996
val,T9,21.0,25.327171
val,T9,21.0,22.716614
val,T9,21.0,25.21136
val,T9,21.0,25.81704
val,T9,21.0,24.05006
val,T9,21.98112,25.514982
val,T9,23.66112,26.151447
val,T9,24.36,24.717579
val,T9,24.36,23.397696
val,T9,24.36,23.370232
val,T9,24.36,24.088856
val,T9,24.36,21.291378
val,T9,24.36,26.152445
val,T9,24.36,26.440914
val,T9,24.36,24.506927
val,T9,24.36,26.424143
val,T9,24.36,27.251675
val,T9,24.36,26.381256
val,T9,24.36,24.804451
val,T9,24.36,22.890322
val,T9,24.36,23.543324
val,T9,24.36,23.907625
val,T9,24.36,26.91304
val,T9,23.834545,26.892189
val,T9,22.934546,26.77171
val,T9,22.56,25.941921
val,T9,22.56,24.239515
val,T9,22.56,26.243576
val,T9,22.56,26.293774
val,T9,22.56,25.366455
val,T9,22.56,24.773602
val,T9,22.56,24.102888
val,T9,22.332565,24.118954
val,T9,21.942564,23.602612
val,T9,21.78,23.980734
val,T9,21.78,23.647156
val,T9,21.78,24.312988
val,T9,21.78,24.390594
val,T9,21.78,23.72527
val,T9,21.78,25.774527
val,T9,21.78,24.96465
val,T9,21.78,25.47822
val,T9,21.78,25.194656
val,T9,21.78,25.577263
val,T9,21.78,26.042337
val,T9,21.78,25.814404
val,T9,21.78,25.204945
val,T9,21.78,26.08943
val,T9,21.78,26.01483
val,T9,21.90556,25.830498
val,T9,22.12056,26.080135
val,T9,22.21,25.920448
val,T9,22.21,25.122168
val,T9,22.21,25.303888
val,T9,22.21,26.211529
val,T9,22.21,24.057556
val,T9,22.21,25.566067
val,T9,22.21,25.817541
val,T9,22.19832,23.739052
val,T9,22.17832,24.566692
val,T9,22.17,24.4712
val,T9,22.17,25.608368
val,T9,22.17,26.102644
val,T9,22.17,25.588226
val,T9,22.17,24.91708
val,T9,22.17,26.43282
val,T9,22.17,25.394398
val,T9,22.420763,25.92691
val,T9,22.850763,26.584812
val,T9,23.03,24.872778
val,T9,23.03,24.628452
val,T9,23.03,24.525433
val,T9,23.03,23.753098
val,T9,23.03,24.235718
val,T9,23.03,25.416985
val,T9,23.03,26.75682
val,T9,23.053354,25.637367
val,T9,23.093353,26.282997
val,T9,23.11,25.38023
val,T9,23.11,24.762514
val,T9,23.11,24.895176
val,T9,23.11,26.160772
val,T9,23.11,25.89198
val,T9,23.11,25.740465
val,T9,23.11,25.128948
val,T9,23.11,25.155346
val,T9,23.7086,25.223576
val,T9,24.7336,24.720104
val,T9,25.16,25.45112
val,T9,25.16,24.878443
val,T9,25.16,20.97842
val,T9,25.16,24.44323
val,T9,25.16,26.614393
val,T9,25.16,27.067692
val,T9,25.16,25.500582
val,T9,25.16,26.228943
val,T9,25.16,26.556293
val,T9,25.16,25.693327
val,T9,25.16,26.310568
val,T9,25.16,25.853876
val,T9,25.16,25.456419
val,T9,25.16,25.66292
val,T9,25.16,26.084248
val,T9,25.16,25.468105
val,T9,24.78916,25.743336
val,T9,24.15416,25.775642
val,T9,23.89,26.348051
val,T9,23.89,26.332535
val,T9,23.89,25.472271
val,T9,23.89,25.664032
val,T9,23.89,26.645914
val,T9,23.89,25.579924
val,T9,23.89,26.00943
val,T9,23.89,25.329565
val,T9,23.89,26.066755
val,T9,23.89,25.260696
val,T9,23.89,22.115404
val,T9,23.89,23.352648
val,T9,23.89,24.752811
val,T9,23.89,24.708336
val,T9,23.89,23.267384
val,T9,23.11912,22.095482
val,T9,21.79912,23.12355
val,T9,21.25,23.627525
val,T9,21.25,25.86181
val,T9,21.25,23.987503
val,T9,21.25,25.887886
val,T9,21.25,26.914576
val,T9,21.25,25.17733
val,T9,21.25,24.807156
val,T9,21.124619,26.371376
val,T9,20.909618,25.103073
val,T9,20.82,24.384491
val,T9,20.82,24.747381
val,T9,20.82,26.743176
val,T9,20.82,26.288265
val,T9,20.82,24.465466
val,T9,20.82,10.822168
val,T9,20.82,11.781924
val,T9,20.747126,16.149933
val,T9,20.622126,22.307775
val,T9,20.57,25.388763
val,T9,20.57,24.45637
val,T9,20.57,25.759289
val,T9,20.57,26.382977
val,T9,20.57,26.522198
val,T9,20.57,26.108147
val,T9,20.57,25.878605
val,T9,20.1612,25.721039
val,T9,19.4612,25.567287
val,T9,19.17,25.859186
val,T9,19.17,23.246365
val,T9,19.17,21.47446
val,T9,19.17,23.881031
val,T9,19.17,23.619904
val,T9,19.17,18.477104
val,T9,19.17,20.51419
val,T9,19.40652,23.972956
val,T9,19.81152,22.184803
val,T9,19.98,24.705929
val,T9,19.98,24.218391
val,T9,19.98,27.004906
val,T9,19.98,26.327024
val,T9,19.98,26.66537
val,T9,19.98,25.067669
val,T9,19.98,27.234688
val,T9,19.98,25.936985
val,T9,20.884949,25.670933
val,T9,22.43495,26.087112
val,T9,23.08,25.70554
val,T9,23.08,25.568357
val,T9,23.08,24.416983
val,T9,23.08,24.575695
val,T9,23.08,24.268017
val,T9,23.08,24.992708
val,T9,23.08,24.820679
val,T9,23.08,23.245556
val,T9,23.08,24.516869
val,T9,23.08,24.337902
val,T9,23.08,25.758144
val,T9,23.08,24.09346
val,T9,23.08,25.358158
val,T9,23.08,26.556486
val,T9,23.08,26.23654
val,T9,23.675514,26.897831
val,T9,24.695515,26.351608
val,T9,25.12,25.811514
val,T9,25.12,25.559746
val,T9,25.12,24.358656
val,T9,25.12,25.531017
val,T9,25.12,25.794758
val,T9,25.12,24.422287
val,T9,25.12,25.773354
val,T9,24.4204,25.456429
val,T9,23.2204,25.167023
val,T9,22.72,26.494705
val,T9,22.72,25.378279
val,T9,22.72,19.91446
val,T9,22.72,23.62518
val,T9,22.72,22.768349
val,T9,22.72,24.840366
val,T9,22.72,26.398571
val,T9,22.59736,25.457514
val,T9,22.38736,25.290028
val,T9,22.3,24.45066
val,T9,22.3,24.168068
val,T9,22.3,23.705444
val,T9,22.3,24.610027
val,T9,22.3,26.101665
val,T9,22.3,25.826641
val,T9,22.3,25.576006
val,T9,22.3,25.771294
val,T9,22.446,25.453817
val,T9,22.696,25.545635
val,T9,22.8,25.28495
val,T9,22.8,24.959179
val,T9,22.8,25.93503
val,T9,22.8,25.59985
val,T9,22.8,26.486473
val,T9,22.8,25.519316
val,T9,22.8,26.22133
val,T9,22.8,25.171402
val,T9,22.8,25.930122
val,T9,22.8,25.626873
val,T9,22.8,24.800869
val,T9,22.8,26.564888
val,T9,22.8,25.875404
val,T9,22.8,26.597023
val,T9,22.8,26.08278
val,T9,22.8,26.230234
val,T9,22.60728,26.42224
val,T9,22.27728,25.26432
val,T9,22.14,25.911572
val,T9,22.14,26.370699
val,T9,22.14,25.274357
val,T9,22.14,25.272741
val,T9,22.14,25.476772
val,T9,22.14,25.630075
val,T9,22.14,25.631874
val,T9,21.69324,25.070566
val,T9,20.92824,25.796906
val,T9,20.61,25.819094
val,T9,20.61,25.83926
val,T9,20.61,25.82693
val,T9,20.61,26.007088
val,T9,20.61,24.96773
val,T9,20.61,25.616364
val,T9,20.61,23.992683
val,T9,20.61,24.76756
val,T9,20.61,25.96528
val,T9,20.61,25.705097
val,T9,20.61,24.590334
val,T9,20.61,25.772802
val,T9,20.61,25.561218
val,T9,20.61,25.876434
val,T9,20.61,25.38847
val,T9,20.787815,26.023853
val,T9,21.092815,26.511284
val,T9,21.22,25.885727
val,T9,21.22,25.380623
val,T9,21.22,26.417263
val,T9,21.22,24.931307
val,T9,21.22,26.171947
val,T9,21.22,26.151588
val,T9,21.22,26.351997
val,T9,21.523247,26.058985
val,T9,22.043247,25.919281
val,T9,22.26,25.048792
val,T9,22.26,24.286446
val,T9,22.26,25.277882
val,T9,22.26,26.263489
val,T9,22.26,26.323076
val,T9,22.26,25.3029
val,T9,22.26,25.461346
val,T9,22.45822,24.355835
val,T9,22.79822,24.134499
val,T9,22.94,25.975122
val,T9,22.94,26.46524
val,T9,22.94,26.349487
val,T9,22.94,25.385052
val,T9,22.94,25.779423
val,T9,22.94,25.12455
val,T9,22.94,26.143417
val,T9,22.99247,24.672073
val,T9,23.08247,25.38966
val,T9,23.12,24.451103
val,T9,23.12,26.387358
val,T9,23.12,26.609581
val,T9,23.12,25.859558
val,T9,23.12,26.266792
val,T9,23.12,25.990488
val,T9,23.12,25.454369
val,T9,23.12,26.735344
val,T9,23.624441,25.77306
val,T9,24.48944,25.803148
val,T9,24.85,25.471098
val,T9,24.85,26.291954
val,T9,24.85,25.980438
val,T9,24.85,26.25711
val,T9,24.85,26.48568
val,T9,24.85,26.57398
val,T9,24.85,25.630156
val,T9,24.85,24.905743
val,T9,24.85,25.009459
val,T9,24.85,25.932362
val,T9,24.85,26.471233
val,T9,24.85,26.019733
val,T9,24.85,25.238842
val,T9,24.85,25.555233
val,T9,24.85,25.947498
val,T9,24.333303,25.833084
val,T9,23.448303,26.202309
val,T9,23.08,25.82305
val,T9,23.08,24.487593
val,T9,23.08,26.526558
val,T9,23.08,25.400005
val,T9,23.08,24.98056
val,T9,23.08,25.726723
val,T9,23.08,26.322803
val,T9,22.698135,25.5047
val,T9,22.043135,25.662098
val,T9,21.77,24.708822
val,T9,21.77,23.139412
val,T9,21.77,25.036037
val,T9,21.77,25.489494
val,T9,21.77,26.43586
val,T9,21.77,25.968977
val,T9,21.77,25.498428
val,T9,21.697104,25.987026
val,T9,21.572104,26.006573
val,T9,21.52,25.692326
val,T9,21.52,26.942474
val,T9,21.52,25.823755
val,T9,21.52,24.89682
val,T9,21.52,25.19864
val,T9,21.52,26.825745
val,T9,21.52,25.294046
val,T9,21.55211,26.38218
val,T9,21.607111,24.606976
val,T9,21.63,26.087158
val,T9,21.63,25.590458
val,T9,21.63,26.510338
val,T9,21.63,26.245338
val,T9,21.63,24.590425
val,T9,21.63,24.7328
val,T9,21.63,25.640944
val,T9,21.174606,25.842716
val,T9,20.394606,26.127216
val,T9,20.07,9.391963
val,T9,20.07,13.324337
val,T9,20.07,18.532375
val,T9,20.07,17.351837
val,T9,20.07,14.5718775
val,T9,20.07,15.36156
val,T9,20.07,16.43836
val,T9,20.07,15.361489
val,T9,17.75152,19.858627
val,T9,13.78152,21.72258
val,T9,12.13,21.774252
val,T9,12.13,23.294058
val,T9,12.13,25.007278
val,T9,12.13,25.704264
val,T9,12.13,25.666634
val,T9,12.13,24.76333
val,T9,12.13,25.639248
val,T9,12.13,24.686481
val,T9,12.13,25.542538
val,T9,12.13,25.73147
val,T9,12.13,26.36587
val,T9,12.13,26.000546
val,T9,12.13,24.632555
val,T9,12.13,23.897635
val,T9,12.13,25.061682
val,T9,12.13,22.719694
val,T9,11.78836,18.905294
val,T9,11.20336,23.794264
val,T9,10.96,25.141268
val,T9,10.96,25.527454
val,T9,10.96,26.125023
val,T9,10.96,26.73808
val,T9,10.96,26.444525
val,T9,10.96,26.633131
val,T9,10.96,25.819557
val,T9,11.102877,25.565632
val,T9,11.347877,24.420002
val,T9,11.45,25.178738
val,T9,11.45,23.41125
val,T9,11.45,22.203358
val,T9,11.45,25.935278
val,T9,11.45,25.670841
val,T9,11.45,25.768661
val,T9,11.45,21.020023
val,T9,11.266091,21.486519
val,T9,10.951091,21.523401
val,T9,10.82,23.96848
val,T9,10.82,25.73631
val,T9,10.82,26.480305
val,T9,10.82,22.848682
val,T9,10.82,19.607368
val,T9,10.82,15.685285
val,T9,10.82,22.96505
val,T9,11.26384,21.986797
val,T9,12.02384,14.4176035
val,T9,12.34,10.840057
val,T9,12.34,18.804873
val,T9,12.34,23.805977
val,T9,12.34,21.991688
val,T9,12.34,26.620186
val,T9,12.34,19.19992
val,T9,12.34,16.041494
val,T9,11.555638,18.79626
val,T9,10.210639,21.938297
val,T9,9.65,20.792927
val,T9,9.65,23.632744
val,T9,9.65,20.438026
val,T9,9.65,22.080673
val,T9,9.65,25.252209
val,T9,9.65,24.160688
val,T9,9.65,20.638248
val,T9,9.65,22.573418
val,T9,9.65,21.946438
val,T9,9.65,25.594109
val,T9,9.65,23.147366
val,T9,9.65,19.559784
val,T9,9.65,23.855753
val,T9,9.65,24.882078
val,T9,9.65,26.267778
val,T9,9.65,25.411802
val,T9,11.91884,23.734325
val,T9,15.80384,19.50687
val,T9,17.42,22.807798
val,T9,17.42,23.36467
val,T9,17.42,26.150463
val,T9,17.42,26.278603
val,T9,17.42,25.45214
val,T9,17.42,23.011284
val,T9,17.42,24.527819
val,T9,18.33688,23.477562
val,T9,19.90688,25.280706
val,T9,20.56,25.430277
val,T9,20.56,25.580452
val,T9,20.56,24.387535
val,T9,20.56,25.047535
val,T9,20.56,25.470179
val,T9,20.56,25.195864
val,T9,20.56,26.218357
val,T9,20.97756,25.471268
val,T9,21.69256,24.199192
val,T9,21.99,25.118523
val,T9,21.99,23.81202
val,T9,21.99,25.000475
val,T9,21.99,25.88726
val,T9,21.99,25.715448
val,T9,21.99,25.0341
val,T9,21.99,23.941612
val,T9,22.24951,24.881256
val,T9,22.69451,25.300426
val,T9,22.88,24.324467
val,T9,22.88,23.94347
val,T9,22.88,24.41694
val,T9,22.88,22.197851
val,T9,22.88,22.034292
val,T9,22.88,24.861246
val,T9,22.88,25.273254
val,T9,22.74004,25.234364
val,T9,22.50004,25.092018
val,T9,22.4,24.016708
val,T9,22.4,25.764524
val,T9,22.4,24.854912
val,T9,22.4,22.99658
val,T9,22.4,23.801804
val,T9,22.4,24.939013
val,T9,22.4,21.144236
val,T9,22.41166,24.835127
val,T9,22.43166,25.22242
val,T9,22.44,25.959494
val,T9,22.44,25.896242
val,T9,22.44,25.351646
val,T9,22.44,23.548431
val,T9,22.44,24.714184
val,T9,22.44,25.08749
val,T9,22.44,25.435566
val,T9,22.372858,26.032654
val,T9,22.257858,25.228703
val,T9,22.21,25.680511
val,T9,22.21,24.100735
val,T9,22.21,24.942717
val,T9,22.21,25.826988
val,T9,22.21,25.344929
val,T9,22.21,25.571297
val,T9,22.21,25.88403
val,T9,22.116693,25.8671
val,T9,21.956694,26.161873
val,T9,21.89,25.621492
val,T9,21.89,25.579529
val,T9,21.89,25.719402
val,T9,21.89,25.466972
val,T9,21.89,25.153845
val,T9,21.89,25.823357
val,T9,21.89,25.664108
val,T9,21.732363,25.60117
val,T9,21.462364,25.748085
val,T9,21.35,24.802399
val,T9,21.35,22.256802
val,T9,21.35,24.556496
val,T9,21.35,24.57426
val,T9,21.35,25.427534
val,T9,21.35,25.113575
val,T9,21.35,26.561619
val,T9,21.15436,25.53154
val,T9,20.81936,25.786846
val,T9,20.68,25.06401
val,T9,20.68,26.122208
val,T9,20.68,24.557673
val,T9,20.68,23.970753
val,T9,20.68,24.36876
val,T9,20.68,25.011612
val,T9,20.68,26.722576
val,T9,19.980198,25.991669
val,T9,18.780197,24.697338
val,T9,18.28,24.04876
val,T9,18.28,25.034496
val,T9,18.28,25.050709
val,T9,18.28,22.827597
val,T9,18.28,20.712593
val,T9,18.28,23.460611
val,T9,18.28,24.30482
val,T9,18.5132,24.341887
val,T9,18.9132,24.908474
val,T9,19.08,26.1694
val,T9,19.08,25.663126
val,T9,19.08,23.460814
val,T9,19.08,25.10237
val,T9,19.08,23.961287
val,T9,19.08,25.338343
val,T9,19.08,25.65502
val,T9,19.08,25.955757
val,T9,19.08,25.610794
val,T9,19.08,24.238104
val,T9,19.08,25.122932
val,T9,19.08,25.079056
val,T9,19.08,25.740791
val,T9,19.08,24.875097
val,T9,19.08,25.623085
val,T9,19.08,25.507961
val,T9,19.631094,25.144377
val,T9,20.576094,26.085896
val,T9,20.97,25.87013
val,T9,20.97,24.976097
val,T9,20.97,24.822762
val,T9,20.97,24.698391
val,T9,20.97,24.572475
val,T9,20.97,25.753134
val,T9,20.97,24.884277
val,T9,21.115791,26.137545
val,T9,21.365791,25.140541
val,T9,21.47,24.5135
val,T9,21.47,24.323612
val,T9,21.47,22.818876
val,T9,21.47,23.344578
val,T9,21.47,22.29747
val,T9,21.47,24.009571
val,T9,21.47,26.08004
val,T9,21.47,24.984629
val,T9,21.47,22.49812
val,T9,21.47,24.927586
val,T9,21.47,25.961964
val,T9,21.47,25.398384
val,T9,21.47,24.626923
val,T9,21.47,24.190153
val,T9,21.47,23.263027
val,T9,21.338787,21.430431
val,T9,21.113787,26.268764
val,T9,21.02,25.719463
val,T9,21.02,24.566582
val,T9,21.02,23.805698
val,T9,21.02,23.766666
val,T9,21.02,24.464485
val,T9,21.02,26.020226
val,T9,21.02,25.995888
val,T9,21.02,24.824944
val,T9,21.075401,25.327644
val,T9,21.1704,25.101421
val,T9,21.21,24.400328
val,T9,21.21,24.442059
val,T9,21.21,24.413914
val,T9,21.21,21.194035
val,T9,21.21,23.338455
val,T9,21.21,24.776905
val,T9,21.21,23.783802
val,T9,21.072798,24.44442
val,T9,20.837797,25.001614
val,T9,20.74,25.083675
val,T9,20.74,26.126076
val,T9,20.74,24.98056
val,T9,20.74,24.061453
val,T9,20.74,26.353216
val,T9,20.74,25.94123
val,T9,20.74,27.10316
val,T9,20.74,25.282106
val,T9,20.74,26.711123
val,T9,20.74,26.022278
val,T9,20.74,25.74112
val,T9,20.74,25.97204
val,T9,20.74,22.784275
val,T9,20.74,25.648674
val,T9,20.74,26.031391
val,T9,20.74,25.21983
val,T9,20.66116,21.47297
val,T9,20.52616,18.857391
val,T9,20.47,23.50747
val,T9,20.47,25.102077
val,T9,20.47,22.638466
val,T9,20.47,25.061995
val,T9,20.47,25.44373
val,T9,20.47,26.44643
val,T9,20.47,26.460632
val,T9,20.47,23.285767
val,T9,20.47,16.934574
val,T9,20.47,21.388288
val,T9,20.47,21.434715
val,T9,20.47,21.359415
val,T9,20.47,22.793095
val,T9,20.47,23.932327
val,T9,20.47,24.070854
val,T9,20.47,24.648705
val,T9,19.9298,26.139599
val,T9,19.0048,24.54457
val,T9,18.62,25.00896
val,T9,18.62,25.026545
val,T9,18.62,22.682524
val,T9,18.62,21.445616
val,T9,18.62,25.700726
val,T9,18.62,25.841076
val,T9,18.62,25.366703
val,T9,19.369156,24.176998
val,T9,20.654156,25.308723
val,T9,21.19,26.401562
val,T9,21.19,25.358982
val,T9,21.19,25.026865
val,T9,21.19,25.811783
val,T9,21.19,25.41969
val,T9,21.19,24.868973
val,T9,21.19,24.597889
val,T9,21.19,26.002861
val,T9,21.19,25.50642
val,T9,21.19,25.5396
val,T9,21.19,25.213902
val,T9,21.19,25.068806
val,T9,21.19,24.940752
val,T9,21.19,25.517433
val,T9,21.19,25.360718
val,T9,21.670975,27.406096
val,T9,22.495975,25.89132
val,T9,22.84,25.32632
val,T9,22.84,26.105556
val,T9,22.84,24.978975
val,T9,22.84,25.33751
val,T9,22.84,25.168152
val,T9,22.84,24.437485
val,T9,22.84,25.269016
val,T9,22.037,25.613056
val,T9,20.662,23.389416
val,T9,20.09,25.26824
val,T9,20.09,25.532354
val,T9,20.09,25.369804
val,T9,20.09,25.362392
val,T9,20.09,25.79023
val,T9,20.09,25.142706
val,T9,20.09,12.236423
val,T9,18.177929,19.857878
val,T9,14.902929,14.589612
val,T9,13.54,14.661043
val,T9,13.54,14.569522
val,T9,13.54,16.72653
val,T9,13.54,24.18193
val,T9,13.54,25.417208
val,T9,13.54,26.11443
val,T9,13.54,25.068768
val,T9,13.44948,22.771904
val,T9,13.29448,25.866385
val,T9,13.23,24.905441
val,T9,13.23,23.386608
val,T9,13.23,22.783627
val,T9,13.23,24.109804
val,T9,13.23,24.420164
val,T9,13.23,26.020988
val,T9,13.23,24.48775
val,T9,14.003586,24.75288
val,T9,15.328586,25.100035
val,T9,15.88,25.520962
val,T9,15.88,25.145107
val,T9,15.88,24.524773
val,T9,15.88,24.95798
val,T9,15.88,24.568401
val,T9,15.88,24.836676
val,T9,15.88,24.030529
val,T9,15.88,24.284363
val,T9,16.64956,24.798794
val,T9,17.96956,26.782803
val,T9,18.52,24.53621
val,T9,18.52,25.45762
val,T9,18.52,24.022846
val,T9,18.52,24.765526
val,T9,18.52,26.526642
val,T9,18.52,26.015253
val,T9,18.52,25.778511
val,T9,18.52,24.32859
val,T9,18.52,25.439756
val,T9,18.52,25.047127
val,T9,18.52,25.91038
val,T9,18.52,25.640413
val,T9,18.52,24.528858
val,T9,18.52,24.803421
val,T9,18.52,24.26721
val,T9,18.52,22.643616
val,T9,19.255636,17.699541
val,T9,20.515636,23.17562
val,T9,21.04,23.4287
val,T9,21.04,24.61978
val,T9,21.04,21.638746
val,T9,21.04,24.519823
val,T9,21.04,23.954056
val,T9,21.04,24.939312
val,T9,21.04,22.795906
val,T9,21.04,25.09605
val,T9,21.04,25.93317
val,T9,21.04,25.202663
val,T9,21.04,24.207403
val,T9,21.04,18.093855
val,T9,21.04,23.752491
val,T9,21.04,24.869755
val,T9,21.04,24.820625
val,T9,20.978785,25.10653
val,T9,20.873785,23.826159
val,T9,20.83,25.909239
val,T9,20.83,26.761137
val,T9,20.83,25.396912
val,T9,20.83,24.865904
val,T9,20.83,24.484087
val,T9,20.83,25.592554
val,T9,20.83,25.436937
val,T9,21.308748,26.301899
val,T9,22.128748,25.877903
val,T9,22.47,26.020899
val,T9,22.47,25.78368
val,T9,22.47,24.794271
val,T9,22.47,25.832613
val,T9,22.47,26.591074
val,T9,22.47,26.526583
val,T9,22.47,26.02379
val,T9,22.47,26.697247
val,T9,22.344475,25.913551
val,T9,22.129475,23.763626
val,T9,22.04,21.857761
val,T9,22.04,21.93513
val,T9,22.04,24.056484
val,T9,22.04,25.145264
val,T9,22.04,25.317043
val,T9,22.04,24.690884
val,T9,22.04,25.20428
val,T9,22.04,26.576136
val,T9,22.04,25.425785
val,T9,22.04,25.436243
val,T9,22.04,25.110764
val,T9,22.04,24.915028
val,T9,22.04,22.730858
val,T9,22.04,24.827536
val,T9,22.04,25.259388
val,T9,22.04,25.645403
val,T9,22.083725,25.595322
val,T9,22.158726,25.774212
val,T9,22.19,24.063263
val,T9,22.19,24.757654
val,T9,22.19,26.09682
val,T9,22.19,25.731894
val,T9,22.19,26.162504
val,T9,22.19,25.376705
val,T9,22.19,24.811419
val,T9,22.19,25.308027
val,T9,22.19,25.9939
val,T9,22.19,25.066843
val,T9,22.19,25.617567
val,T9,22.19,24.985922
val,T9,22.19,25.696445
val,T9,22.19,25.95314
val,T9,22.19,24.89188
val,T9,22.443605,24.265144
val,T9,22.878605,25.093567
val,T9,23.06,23.5151
val,T9,23.06,25.962784
val,T9,23.06,25.185688
val,T9,23.06,25.958275
val,T9,23.06,25.7599
val,T9,23.06,24.840874
val,T9,23.06,25.30265
val,T9,23.09503,25.166582
val,T9,23.155031,24.54561
val,T9,23.18,26.094547
val,T9,23.18,25.536865
val,T9,23.18,26.270153
val,T9,23.18,21.305458
val,T9,23.18,24.680313
val,T9,23.18,26.782217
val,T9,23.18,26.006714
val,T9,23.139177,25.36561
val,T9,23.069178,25.441456
val,T9,23.04,26.429039
val,T9,23.04,24.707981
val,T9,23.04,24.909006
val,T9,23.04,25.257114
val,T9,23.04,24.962845
val,T9,23.04,25.401796
val,T9,23.04,26.241158
val,T9,22.99036,25.020144
val,T9,22.90536,26.050274
val,T9,22.87,25.522797
val,T9,22.87,25.138039
val,T9,22.87,25.220806
val,T9,22.87,24.904284
val,T9,22.87,25.50617
val,T9,22.87,25.33384
val,T9,22.87,25.611275
val,T9,23.001213,26.469881
val,T9,23.226213,26.327
val,T9,23.32,25.87754
val,T9,23.32,24.468882
val,T9,23.32,24.61174
val,T9,23.32,25.85445
val,T9,23.32,25.61145
val,T9,23.32,25.964329
val,T9,23.32,25.42044
val,T9,23.32,26.288456
val,T9,23.07764,25.7235
val,T9,22.66264,26.348862
val,T9,22.49,26.505905
val,T9,22.49,26.267145
val,T9,22.49,26.413952
val,T9,22.49,25.243958
val,T9,22.49,25.911274
val,T9,22.49,24.222427
val,T9,22.49,25.81125
val,T9,23.074,25.73329
val,T9,24.074,26.168617
val,T9,24.49,23.39903
val,T9,24.49,22.517923
val,T9,24.49,26.177528
val,T9,24.49,26.310726
val,T9,24.49,25.58762
val,T9,24.49,25.209946
val,T9,24.49,25.008673
val,T9,24.44336,25.211914
val,T9,24.36336,24.9531
val,T9,24.33,24.877195
val,T9,24.33,26.319506
val,T9,24.33,25.481785
val,T9,24.33,24.916214
val,T9,24.33,26.818504
val,T9,24.33,26.613586
val,T9,24.33,25.949472
val,T9,24.601484,23.225307
val,T9,25.066484,26.27701
val,T9,25.26,25.919327
val,T9,25.26,26.647219
val,T9,25.26,26.28627
val,T9,25.26,25.897404
val,T9,25.26,25.440987
val,T9,25.26,25.604588
val,T9,25.26,26.082935
val,T9,24.62636,24.47602
val,T9,23.54136,24.680916
val,T9,23.09,25.85312
val,T9,23.09,25.561264
val,T9,23.09,22.878855
val,T9,23.09,24.833527
val,T9,23.09,25.977463
val,T9,23.09,26.486744
val,T9,23.09,26.508175
val,T9,22.95591,26.181702
val,T9,22.72591,24.849747
val,T9,22.63,22.882908
val,T9,22.63,24.639961
val,T9,22.63,24.532797
val,T9,22.63,24.473938
val,T9,22.63,18.64236
val,T9,22.63,21.603432
val,T9,22.63,24.262098
val,T9,23.13794,25.20478
val,T9,24.00794,26.314049
val,T9,24.37,26.169651
val,T9,24.37,25.458115
val,T9,24.37,26.19663
val,T9,24.37,26.68479
val,T9,24.37,25.595703
val,T9,24.37,25.775717
val,T9,24.37,26.219925
val,T9,24.37,26.123869
val,T9,24.37,25.753536
val,T9,24.37,26.355328
val,T9,24.37,25.673454
val,T9,24.37,25.422054
val,T9,24.37,24.892475
val,T9,24.37,25.478985
val,T9,24.37,25.088854
val,T9,24.40212,24.05091
val,T9,24.45712,25.740112
val,T9,24.48,26.31792
val,T9,24.48,18.44738
val,T9,24.48,8.567634
val,T9,24.48,18.163586
val,T9,24.48,15.041425
val,T9,24.48,21.68081
val,T9,24.48,26.899185
val,T9,23.86405,26.654459
val,T9,22.80905,26.970888
val,T9,22.37,25.514244
val,T9,22.37,19.597729
val,T9,22.37,24.207424
val,T9,22.37,26.474138
val,T9,22.37,27.104063
val,T9,22.37,26.46766
val,T9,22.37,26.223593
val,T9,22.37,23.748714
val,T9,22.37,16.38423
val,T9,20.80711,24.27584
val,T9,18.12711,24.528358
val,T9,17.01,24.364395
val,T9,17.01,17.067945
val,T9,17.01,19.506367
val,T9,17.01,23.26131
val,T9,17.01,23.449993
val,T9,17.01,23.617191
val,T9,17.01,14.213312
val,T9,17.01,23.194275
val,T9,17.01,22.55768
val,T9,17.01,25.464115
val,T9,17.01,24.943607
val,T9,17.01,25.586668
val,T9,17.01,25.115852
val,T9,17.01,24.854687
val,T9,17.01,22.51305
val,T9,16.359768,25.942781
val,T9,15.244767,26.323437
val,T9,14.78,24.042969
val,T9,14.78,25.437061
val,T9,14.78,25.692547
val,T9,14.78,25.677856
val,T9,14.78,24.217072
val,T9,14.78,23.738194
val,T9,14.78,22.424423
val,T9,14.78,25.401648
val,T9,14.78,25.359766
val,T9,14.78,24.640743
val,T9,14.78,25.51067
val,T9,14.78,25.259708
val,T9,14.78,24.4068
val,T9,14.78,19.603779
val,T9,14.78,23.863703
val,T9,14.40688,23.776686
val,T9,13.76688,24.634602
val,T9,13.5,24.535645
val,T9,13.5,23.606853
val,T9,13.5,21.834919
val,T9,13.5,24.8224
val,T9,13.5,24.89037
val,T9,13.5,24.463585
val,T9,13.5,25.575235
val,T9,13.5,25.702631
val,T9,13.782755,25.79277
val,T9,14.267755,24.865906
val,T9,14.47,24.767977
val,T9,14.47,24.837233
val,T9,14.47,23.163513
val,T9,14.47,24.650188
val,T9,14.47,25.030622
val,T9,14.47,25.731068
val,T9,14.47,25.395977
val,T9,14.72652,24.502407
val,T9,15.16652,18.73359
val,T9,15.35,22.082104
val,T9,15.35,21.226189
val,T9,15.35,12.519689
val,T9,15.35,14.081193
val,T9,15.35,14.17234
val,T9,15.35,19.275177
val,T9,15.35,18.268929
val,T9,15.35,20.426956
val,T9,15.35,22.201912
val,T9,15.35,25.190878
val,T9,15.35,21.625904
val,T9,15.35,12.316803
val,T9,15.35,10.814239
val,T9,15.35,22.681152
val,T9,15.35,24.88712
val,T9,15.35,24.859936
val,T9,15.274188,25.430992
val,T9,15.144188,25.36942
val,T9,15.09,22.432766
val,T9,15.09,24.0868
val,T9,15.09,23.720095
val,T9,15.09,24.994543
val,T9,15.09,24.070576
val,T9,15.09,25.793636
val,T9,15.09,25.570276
val,T9,15.09,24.959652
val,T9,15.09,25.43055
val,T9,15.09,25.862444
val,T9,15.09,24.772688
val,T9,15.09,23.774773
val,T9,15.09,21.301134
val,T9,15.09,24.845007
val,T9,15.09,25.560638
val,T9,14.50117,25.395073
val,T9,13.49117,18.692646
val,T9,13.07,18.015179
val,T9,13.07,15.278945
val,T9,13.07,16.166538
val,T9,13.07,10.703187
val,T9,13.07,8.547138
val,T9,13.07,6.7956533
val,T9,13.07,3.0030682
val,T9,13.07,5.2596817
val,T9,12.4285145,6.837505
val,T9,11.328515,16.203074
val,T9,10.87,22.612165
val,T9,10.87,24.02636
val,T9,10.87,19.69989
val,T9,10.87,24.432003
val,T9,10.87,25.83265
val,T9,10.87,18.233955
val,T9,10.87,24.99282
val,T9,12.74172,24.184956
val,T9,15.94672,21.425753
val,T9,17.28,24.377138
val,T9,17.28,21.686445
val,T9,17.28,14.636603
val,T9,17.28,21.269617
val,T9,17.28,24.453075
val,T9,17.28,24.126545
val,T9,17.28,26.484901
val,T9,18.63196,25.468443
val,T9,20.94696,25.092243
val,T9,21.91,26.426624
val,T9,21.91,26.02881
val,T9,21.91,26.503736
val,T9,21.91,26.278511
val,T9,21.91,26.479664
val,T9,21.91,25.863441
val,T9,21.91,26.267048
val,T9,21.831295,25.36846
val,T9,21.696295,25.949497
val,T9,21.64,25.289425
val,T9,21.64,25.85365
val,T9,21.64,26.076023
val,T9,21.64,26.34285
val,T9,21.64,26.495682
val,T9,21.64,25.955639
val,T9,21.64,25.554243
val,T9,21.64,26.686237
val,T9,21.64,26.467358
val,T9,21.64,25.091518
val,T9,21.64,25.524387
val,T9,21.64,24.17223
val,T9,21.64,25.7845
val,T9,21.64,26.402746
val,T9,21.64,24.9206
val,T9,21.64,25.54327
val,T9,22.412699,25.457825
val,T9,23.737698,25.144617
val,T9,24.29,26.300705
val,T9,24.29,26.163467
val,T9,24.29,25.714846
val,T9,24.29,25.414055
val,T9,24.29,24.895311
val,T9,24.29,25.746956
val,T9,24.29,25.54979
val,T9,24.09178,25.51881
val,T9,23.75178,25.0122
val,T9,23.61,24.272942
val,T9,23.61,25.655075
val,T9,23.61,24.788698
val,T9,23.61,23.773018
val,T9,23.61,23.05336
val,T9,23.61,22.048973
val,T9,23.61,24.256649
val,T9,23.61,24.013405
val,T9,23.61,24.826374
val,T9,23.61,25.40969
val,T9,23.61,24.97507
val,T9,23.61,25.73988
val,T9,23.61,25.841255
val,T9,23.61,25.106165
val,T9,23.61,22.302017
val,T9,23.431929,25.134365
val,T9,23.12693,26.214859
val,T9,23.0,25.793144
val,T9,23.0,24.667284
val,T9,23.0,24.67907
val,T9,23.0,25.371624
val,T9,23.0,26.451572
val,T9,23.0,26.172565
val,T9,23.0,26.662857
val,T9,23.0,25.219732
val,T9,22.97959,25.694698
val,T9,22.94459,25.384315
val,T9,22.93,26.207407
val,T9,22.93,25.952618
val,T9,22.93,25.894873
val,T9,22.93,25.95752
val,T9,22.93,25.964014
val,T9,22.93,26.528822
val,T9,22.93,26.314808
val,T9,22.845465,24.778189
val,T9,22.700464,25.151634
val,T9,22.64,26.29654
val,T9,22.64,25.913147
val,T9,22.64,24.901733
val,T9,22.64,25.080597
val,T9,22.64,26.272427
val,T9,22.64,26.893963
val,T9,22.64,26.541073
val,T9,22.64,26.7663
val,T9,22.64,26.77269
val,T9,22.64,26.351067
val,T9,22.64,26.39331
val,T9,22.64,25.944672
val,T9,22.64,24.293186
val,T9,22.64,25.627678
val,T9,22.64,25.95492
val,T9,21.60048,25.434528
val,T9,19.82048,24.857191
val,T9,19.08,26.351625
val,T9,19.08,25.357107
val,T9,19.08,25.40617
val,T9,19.08,25.693666
val,T9,19.08,25.715023
val,T9,19.08,26.029758
val,T9,19.08,25.65919
val,T9,18.817574,26.378353
val,T9,18.367575,26.598179
val,T9,18.18,24.664326
val,T9,18.18,26.132921
val,T9,18.18,26.142294
val,T9,18.18,24.844727
val,T9,18.18,23.126354
val,T9,18.18,23.127386
val,T9,18.18,24.931936
val,T9,17.704855,25.421198
val,T9,16.889854,25.857796
val,T9,16.55,26.526031
val,T9,16.55,25.14064
val,T9,16.55,24.927536
val,T9,16.55,24.12347
val,T9,16.55,26.4818
val,T9,16.55,25.126009
val,T9,16.55,25.718294
val,T9,16.55,26.383324
val,T9,17.53527,25.244162
val,T9,19.22527,25.371517
val,T9,19.93,25.85199
val,T9,19.93,24.778292
val,T9,19.93,25.174034
val,T9,19.93,25.09946
val,T9,19.93,25.824114
val,T9,19.93,25.024546
val,T9,19.93,23.881495
val,T9,19.93,23.998795
val,T9,19.93,21.92783
val,T9,19.93,23.114244
val,T9,19.93,27.146324
val,T9,19.93,24.49599
val,T9,19.93,24.930698
val,T9,19.93,23.668863
val,T9,19.93,14.416518
val,T9,19.93,16.688847
val,T9,18.32984,22.219685
val,T9,15.58984,22.320772
val,T9,14.45,23.664669
val,T9,14.45,25.858
val,T9,14.45,25.403057
val,T9,14.45,24.134874
val,T9,14.45,24.302406
val,T9,14.45,23.995886
val,T9,14.45,26.85508
val,T9,14.45,25.557745
val,T9,14.45,18.55952
val,T9,14.45,24.78606
val,T9,14.45,24.811678
val,T9,14.45,24.121887
val,T9,14.45,24.909042
val,T9,14.45,25.441462
val,T9,14.45,25.193886
val,T9,13.84556,25.433905
val,T9,12.81056,24.055973
val,T9,12.38,24.744469
val,T9,12.38,23.447323
val,T9,12.38,24.313354
val,T9,12.38,22.002478
val,T9,12.38,14.460219
val,T9,12.38,18.37257
val,T9,12.38,23.833755
val,T9,12.38,23.629293
val,T9,12.63652,24.206223
val,T9,13.07652,21.094439
val,T9,13.26,25.557697
val,T9,13.26,24.897926
val,T9,13.26,24.79546
val,T9,13.26,24.254238
val,T9,13.26,24.285694
val,T9,13.26,23.337479
val,T9,13.26,24.423004
val,T9,13.140313,25.189037
val,T9,12.935313,25.610935
val,T9,12.85,23.945877
val,T9,12.85,23.142742
val,T9,12.85,20.65203
val,T9,12.85,19.506693
val,T9,12.85,22.690342
val,T9,12.85,22.330189
val,T9,12.85,22.753767
val,T9,13.094931,24.368122
val,T9,13.514931,26.155333
val,T9,13.69,25.4541
val,T9,13.69,22.683472
val,T9,13.69,22.722258
val,T9,13.69,23.580507
val,T9,13.69,25.648823
val,T9,13.69,25.931835
val,T9,13.69,25.04166
val,T9,14.15999,24.002968
val,T9,14.96499,24.995028
val,T9,15.3,25.305729
val,T9,15.3,25.106964
val,T9,15.3,24.672838
val,T9,15.3,25.34454
val,T9,15.3,23.47798
val,T9,15.3,24.189396
val,T9,15.3,23.944733
val,T9,15.48656,23.367617
val,T9,15.80656,18.922634
val,T9,15.94,25.139019
val,T9,15.94,26.06467
val,T9,15.94,25.82869
val,T9,15.94,25.738398
val,T9,15.94,25.841053
val,T9,15.94,25.62284
val,T9,15.94,25.10688
val,T9,16.138277,25.528934
val,T9,16.478277,24.915009
val,T9,16.62,25.776962
val,T9,16.62,26.074497
val,T9,16.62,25.997887
val,T9,16.62,25.243998
val,T9,16.62,25.51617
val,T9,16.62,22.504484
val,T9,16.62,23.885458
val,T9,17.18648,25.035126
val,T9,18.15648,25.507637
val,T9,18.56,25.124203
val,T9,18.56,25.285934
val,T9,18.56,24.515657
val,T9,18.56,25.472542
val,T9,18.56,25.308434
val,T9,18.56,25.67718
val,T9,18.56,24.961922
val,T9,18.312225,26.066643
val,T9,17.887224,24.692791
val,T9,17.71,24.710396
val,T9,17.71,26.06791
val,T9,17.71,26.533829
val,T9,17.71,24.668653
val,T9,17.71,26.016531
val,T9,17.71,23.775494
val,T9,17.71,23.082039
val,T9,17.71,22.7561
val,T9,18.0312,25.6386
val,T9,18.5812,25.75034
val,T9,18.81,25.811165
val,T9,18.81,25.058033
val,T9,18.81,25.554138
val,T9,18.81,25.500383
val,T9,18.81,25.06989
val,T9,18.81,24.815765
val,T9,18.81,23.917782
val,T9,18.81,24.981178
val,T9,18.81,24.675014
val,T9,18.81,19.035488
val,T9,18.81,21.334139
val,T9,18.81,22.253006
val,T9,18.81,24.722935
val,T9,18.81,25.084682
val,T9,18.81,22.002775
val,T9,17.69748,23.98801
val,T9,15.79248,25.077469
val,T9,15.0,25.831127
val,T9,15.0,25.715801
val,T9,15.0,25.566845
val,T9,15.0,25.370651
val,T9,15.0,24.012184
val,T9,15.0,20.595764
val,T9,15.0,26.22686
val,T9,15.422797,25.576069
val,T9,16.147797,23.569069
val,T9,16.45,20.903801
val,T9,16.45,10.441399
val,T9,16.45,21.20606
val,T9,16.45,23.794914
val,T9,16.45,24.138838
val,T9,16.45,24.266308
val,T9,16.45,25.505281
val,T9,17.10408,25.582165
val,T9,18.22408,24.83179
val,T9,18.69,25.244558
val,T9,18.69,24.337479
val,T9,18.69,24.645582
val,T9,18.69,24.816608
val,T9,18.69,24.973534
val,T9,18.69,25.025389
val,T9,18.69,25.55003
val,T9,18.18206,23.817745
val,T9,17.312061,25.20874
val,T9,16.95,26.252758
val,T9,16.95,25.734152
val,T9,16.95,25.255802
val,T9,16.95,24.641552
val,T9,16.95,25.795132
val,T9,16.95,26.067097
val,T9,16.95,25.931675
val,T9,17.740192,25.762089
val,T9,19.095194,24.394966
val,T9,19.66,24.03895
val,T9,19.66,22.87743
val,T9,19.66,21.982748
val,T9,19.66,24.251705
val,T9,19.66,23.686623
val,T9,19.66,22.393583
val,T9,19.66,23.356234
val,T9,19.66,25.507122
val,T9,19.66,24.63383
val,T9,19.66,25.870892
val,T9,19.66,25.739002
val,T9,19.66,25.773743
val,T9,19.66,25.321323
val,T9,19.66,25.08965
val,T9,19.66,24.846092
val,T9,19.66,25.212996
val,T9,19.40603,24.62653
val,T9,18.971031,22.971422
val,T9,18.79,25.58377
val,T9,18.79,24.501595
val,T9,18.79,24.589853
val,T9,18.79,24.363922
val,T9,18.79,25.766665
val,T9,18.79,25.403831
val,T9,18.79,25.803988
val,T9,18.38996,25.328653
val,T9,17.70496,25.184559
val,T9,17.42,23.393358
val,T9,17.42,23.406132
val,T9,17.42,24.241093
val,T9,17.42,23.414562
val,T9,17.42,22.409485
val,T9,17.42,23.74076
val,T9,17.42,25.861988
val,T9,17.347103,26.291039
val,T9,17.222103,26.03011
val,T9,17.17,24.64976
val,T9,17.17,25.384758
val,T9,17.17,25.552967
val,T9,17.17,24.059324
val,T9,17.17,24.48292
val,T9,17.17,24.224836
val,T9,17.17,20.503159
val,T9,17.18458,25.343513
val,T9,17.20958,24.930677
val,T9,17.22,24.637844
val,T9,17.22,23.35781
val,T9,17.22,25.950214
val,T9,17.22,25.764612
val,T9,17.22,25.366804
val,T9,17.22,23.662811
val,T9,17.22,24.246223
val,T9,17.418278,25.027472
val,T9,17.758278,23.567932
val,T9,17.9,25.398457
val,T9,17.9,25.243076
val,T9,17.9,24.335579
val,T9,17.9,24.865377
val,T9,17.9,23.837215
val,T9,17.9,25.176397
val,T9,17.9,25.941044
val,T9,18.51887,25.463608
val,T9,19.578869,24.15316
val,T9,20.02,23.975634
val,T9,20.02,22.983929
val,T9,20.02,23.89162
val,T9,20.02,23.215508
val,T9,20.02,24.61712
val,T9,20.02,23.250397
val,T9,20.02,24.086514
val,T9,19.935343,24.493547
val,T9,19.790344,25.408657
val,T9,19.73,25.251373
val,T9,19.73,24.495989
val,T9,19.73,20.947247
val,T9,19.73,22.815664
val,T9,19.73,23.073042
val,T9,19.73,25.385586
val,T9,19.73,24.694359
val,T9,18.97956,22.252518
val,T9,17.69456,19.42998
val,T9,17.16,22.98553
val,T9,17.16,25.735922
val,T9,17.16,25.463627
val,T9,17.16,24.54959
val,T9,17.16,23.155537
val,T9,17.16,26.627434
val,T9,17.16,26.199024
val,T9,16.6344,24.652252
val,T9,15.7344,25.206274
val,T9,15.36,23.672485
val,T9,15.36,24.834185
val,T9,15.36,24.79404
val,T9,15.36,25.375172
val,T9,15.36,25.640186
val,T9,15.36,24.960915
val,T9,15.36,26.73018
val,T9,14.972193,25.295397
val,T9,14.307193,25.628317
val,T9,14.03,25.107841
val,T9,14.03,25.09531
val,T9,14.03,21.650394
val,T9,14.03,25.136177
val,T9,14.03,25.335117
val,T9,14.03,23.48456
val,T9,14.03,20.842323
val,T9,13.07516,25.661526
val,T9,11.44016,25.316814
val,T9,10.76,19.604118
val,T9,10.76,23.996754
val,T9,10.76,23.118456
val,T9,10.76,25.58604
val,T9,10.76,24.645952
val,T9,10.76,24.701382
val,T9,10.76,23.78765
val,T9,10.727925,25.661053
val,T9,10.672926,21.69978
val,T9,10.65,13.482011
val,T9,10.65,14.321168
val,T9,10.65,19.634663
val,T9,10.65,11.114899
val,T9,10.65,10.209655
val,T9,10.65,16.807512
val,T9,10.65,18.508797
val,T9,10.65,23.041954
val,T9,10.65,23.996283
val,T9,10.65,21.567207
val,T9,10.65,24.33754
val,T9,10.65,25.431309
val,T9,10.65,26.328077
val,T9,10.65,25.653454
val,T9,10.65,24.526918
val,T9,11.43548,24.67215
val,T9,12.78048,22.920797
val,T9,13.34,23.479637
val,T9,13.34,23.084606
val,T9,13.34,22.267958
val,T9,13.34,21.707203
val,T9,13.34,25.314585
val,T9,13.34,21.811941
val,T9,13.34,21.719597
val,T9,13.34,23.680845
val,T9,14.19556,23.739214
val,T9,15.66056,24.38227
val,T9,16.27,25.454826
val,T9,16.27,24.959576
val,T9,16.27,24.359276
val,T9,16.27,25.317997
val,T9,16.27,21.566605
val,T9,16.27,22.895836
val,T9,16.27,23.607912
val,T9,16.92296,20.789865
val,T9,18.04296,20.720236
val,T9,18.51,24.531254
val,T9,18.51,23.899954
val,T9,18.51,21.15216
val,T9,18.51,24.850262
val,T9,18.51,24.67662
val,T9,18.51,25.56355
val,T9,18.51,25.889267
val,T9,18.8896,23.429792
val,T9,19.5396,22.348999
val,T9,19.81,25.39508
val,T9,19.81,21.825783
val,T9,19.81,23.998013
val,T9,19.81,25.415724
val,T9,19.81,26.039698
val,T9,19.81,24.94877
val,T9,19.81,25.3577
val,T9,19.81,25.423193
val,T9,19.81,24.787994
val,T9,19.81,25.127953
val,T9,19.81,25.367867
val,T9,19.81,25.019447
val,T9,19.81,25.590963
val,T9,19.81,25.07616
val,T9,19.81,25.54813
val,T9,19.81,25.147919
val,T9,20.320126,25.570923
val,T9,21.195126,24.668856
val,T9,21.56,24.17284
val,T9,21.56,25.959793
val,T9,21.56,25.525263
val,T9,21.56,24.66175
val,T9,21.56,25.837872
val,T9,21.56,25.683857
val,T9,21.56,22.291668
val,T9,21.57752,23.446383
val,T9,21.60752,24.395353
val,T9,21.62,26.002712
val,T9,21.62,26.74437
val,T9,21.62,25.978018
val,T9,21.62,25.946178
val,T9,21.62,24.678314
val,T9,21.62,22.015083
val,T9,21.62,25.615765
val,T9,21.62,25.550598
val,T9,21.62,25.191242
val,T9,21.62,25.12098
val,T9,21.62,25.447979
val,T9,21.62,25.971653
val,T9,21.62,24.828506
val,T9,21.62,21.311886
val,T9,21.62,21.320953
val,T9,21.62,24.91999
val,T9,21.6492,24.456776
val,T9,21.6992,24.693413
val,T9,21.72,23.87268
val,T9,21.72,23.974117
val,T9,21.72,24.414368
val,T9,21.72,24.25648
val,T9,21.72,24.12518
val,T9,21.72,26.479069
val,T9,21.72,26.682669
val,T9,21.367184,26.252687
val,T9,20.762182,24.698057
val,T9,20.51,23.791168
val,T9,20.51,26.824791
val,T9,20.51,26.878048
val,T9,20.51,26.382278
val,T9,20.51,26.285976
val,T9,20.51,25.858664
val,T9,20.51,24.051125
val,T9,20.26764,25.341614
val,T9,19.85264,25.367416
val,T9,19.68,26.254618
val,T9,19.68,26.274246
val,T9,19.68,26.344025
val,T9,19.68,25.182041
val,T9,19.68,25.79489
val,T9,19.68,23.437695
val,T9,19.68,23.452978
val,T9,19.703327,25.355478
val,T9,19.743326,25.013287
val,T9,19.76,23.160362
val,T9,19.76,22.81594
val,T9,19.76,22.227505
val,T9,19.76,22.549717
val,T9,19.76,23.23162
val,T9,19.76,24.208897
val,T9,19.76,24.434807
val,T9,19.76,26.04525
val,T9,19.76,25.14974
val,T9,19.76,25.382607
val,T9,19.76,25.15356
val,T9,19.76,24.179565
val,T9,19.76,25.784578
val,T9,19.76,25.665052
val,T9,19.76,26.4138
val,T9,19.588015,25.758947
val,T9,19.293015,24.642555
val,T9,19.17,22.352945
val,T9,19.17,22.728815
val,T9,19.17,25.80539
val,T9,19.17,27.148964
val,T9,19.17,26.508308
val,T9,19.17,23.908455
val,T9,19.17,22.463768
val,T9,19.841413,26.169115
val,T9,20.991415,26.133667
val,T9,21.47,23.217964
val,T9,21.47,24.884743
val,T9,21.47,24.906652
val,T9,21.47,25.368574
val,T9,21.47,23.872635
val,T9,21.47,21.565687
val,T9,21.47,22.625935
val,T9,21.47,23.494022
val,T9,21.80872,24.722853
val,T9,22.38872,24.530956
val,T9,22.63,26.218456
val,T9,22.63,26.157013
val,T9,22.63,24.81466
val,T9,22.63,25.623959
val,T9,22.63,26.530495
val,T9,22.63,24.610098
val,T9,22.63,23.460808
val,T9,22.3672,26.168713
val,T9,21.9172,26.971668
val,T9,21.73,25.874456
val,T9,21.73,24.463825
val,T9,21.73,25.328348
val,T9,21.73,26.408325
val,T9,21.73,24.608517
val,T9,21.73,23.23305
val,T9,21.73,22.164728
val,T9,21.73,24.130886
val,T9,21.73,26.044825
val,T9,21.73,26.027105
val,T9,21.73,26.054098
val,T9,21.73,25.751015
val,T9,21.73,24.81794
val,T9,21.73,25.03651
val,T9,21.73,25.605183
val,T9,21.14892,25.013704
val,T9,20.15392,25.588528
val,T9,19.74,24.564554
val,T9,19.74,25.093597
val,T9,19.74,25.456106
val,T9,19.74,25.6698
val,T9,19.74,24.407299
val,T9,19.74,23.794819
val,T9,19.74,23.18039
val,T9,20.226946,25.569454
val,T9,21.061945,25.715446
val,T9,21.41,22.165909
val,T9,21.41,23.995485
val,T9,21.41,24.664402
val,T9,21.41,24.055649
val,T9,21.41,23.196926
val,T9,21.41,24.100231
val,T9,21.41,24.431805
val,T9,21.41,26.057447
val,T9,20.893303,26.465906
val,T9,20.008303,25.508816
val,T9,19.64,26.282852
val,T9,19.64,25.398975
val,T9,19.64,25.255863
val,T9,19.64,24.436172
val,T9,19.64,23.950718
val,T9,19.64,24.733784
val,T9,19.64,26.18649
val,T9,19.63124,25.310251
val,T9,19.61624,25.713257
val,T9,19.61,25.497757
val,T9,19.61,25.571213
val,T9,19.61,26.021461
val,T9,19.61,25.47525
val,T9,19.61,25.747929
val,T9,19.61,25.404446
val,T9,19.61,25.299496
val,T9,19.6392,25.955324
val,T9,19.6892,25.870293
val,T9,19.71,25.208092
val,T9,19.71,25.05078
val,T9,19.71,26.013779
val,T9,19.71,24.485992
val,T9,19.71,25.648804
val,T9,19.71,26.081968
val,T9,19.71,25.362606
val,T9,19.704168,27.455389
val,T9,19.694168,25.437439
val,T9,19.69,26.73733
val,T9,19.69,27.252335
val,T9,19.69,26.031265
val,T9,19.69,27.345978
val,T9,19.69,26.782558
val,T9,19.69,26.684013
val,T9,19.69,26.152964
val,T9,19.2666,25.80112
val,T9,18.5416,25.642021
val,T9,18.24,24.880276
val,T9,18.24,26.037086
val,T9,18.24,25.664452
val,T9,18.24,25.770039
val,T9,18.24,25.662632
val,T9,18.24,22.644567
val,T9,18.24,21.952251
val,T9,18.24,23.872822
val,T9,18.24,25.09058
val,T9,18.24,24.721992
val,T9,18.24,25.349144
val,T9,18.24,26.931503
val,T9,18.24,25.190151
val,T9,18.24,25.025822
val,T9,18.24,25.420202
val,T9,18.24,25.823595
val,T9,19.426405,25.498167
val,T9,21.461405,25.833172
val,T9,22.31,24.865356
val,T9,22.31,24.424133
val,T9,22.31,25.198269
val,T9,22.31,24.803083
val,T9,22.31,24.758823
val,T9,22.31,20.405409
val,T9,22.31,19.903708
val,T9,21.4938,21.577879
val,T9,20.0938,24.55916
val,T9,19.51,23.460012
val,T9,19.51,23.767515
val,T9,19.51,24.550617
val,T9,19.51,23.672125
val,T9,19.51,23.85594
val,T9,19.51,24.8669
val,T9,19.51,25.55877
val,T9,19.51,24.350847
val,T9,19.51,21.795952
val,T9,19.51,23.304487
val,T9,19.51,23.462154
val,T9,19.51,25.685081
val,T9,19.51,24.125076
val,T9,19.51,23.503443
val,T9,19.51,25.110863
val,T9,19.51,25.488474
val,T9,20.40644,24.073206
val,T9,21.94144,23.902218
val,T9,22.58,24.045725
val,T9,22.58,24.067362
val,T9,22.58,25.441689
val,T9,22.58,24.962399
val,T9,22.58,24.281725
val,T9,22.58,24.628271
val,T9,22.58,24.665106
val,T9,22.58,23.362598
val,T9,22.58,24.356834
val,T9,22.58,25.3528
val,T9,22.58,26.744732
val,T9,22.58,25.200546
val,T9,22.58,26.668398
val,T9,22.58,26.511784
val,T9,22.58,25.046118
val,T9,22.58,24.874432
val,T9,22.56542,25.017473
val,T9,22.54042,24.998114
val,T9,22.53,23.007221
val,T9,22.53,23.983189
val,T9,22.53,25.352476
val,T9,22.53,26.056412
val,T9,22.53,25.90414
val,T9,22.53,25.501816
val,T9,22.53,25.267048
val,T9,22.47744,25.133915
val,T9,22.38744,24.791548
val,T9,22.35,26.143322
val,T9,22.35,24.692112
val,T9,22.35,25.4117
val,T9,22.35,26.314787
val,T9,22.35,26.624622
val,T9,22.35,24.884796
val,T9,22.35,25.500776
val,T9,22.49308,25.766619
val,T9,22.73808,24.16005
val,T9,22.84,25.229208
val,T9,22.84,20.934086
val,T9,22.84,27.213364
val,T9,22.84,25.39432
val,T9,22.84,21.942396
val,T9,22.84,24.388697
val,T9,22.84,25.34143
val,T9,22.18884,26.80252
val,T9,21.07384,26.188843
val,T9,20.61,26.455608
val,T9,20.61,24.696514
val,T9,20.61,23.65408
val,T9,20.61,22.722034
val,T9,20.61,26.274231
val,T9,20.61,24.775871
val,T9,20.61,22.02296
val,T9,21.2513,23.223366
val,T9,22.3513,24.850773
val,T9,22.81,23.734798
val,T9,22.81,25.479048
val,T9,22.81,27.163504
val,T9,22.81,26.619919
val,T9,22.81,26.1514
val,T9,22.81,26.169537
val,T9,22.81,25.29106
val,T9,22.53599,26.528854
val,T9,22.06599,25.676033
val,T9,21.87,24.475407
val,T9,21.87,25.403534
val,T9,21.87,24.897078
val,T9,21.87,26.42579
val,T9,21.87,26.936346
val,T9,21.87,26.266867
val,T9,21.87,24.163788
val,T9,21.674639,25.237755
val,T9,21.339638,25.592861
val,T9,21.2,24.963923
val,T9,21.2,22.931297
val,T9,21.2,24.634796
val,T9,21.2,25.365715
val,T9,21.2,25.579323
val,T9,21.2,25.032146
val,T9,21.2,25.29649
val,T9,21.778,25.692451
val,T9,22.768,25.718386
val,T9,23.18,25.231544
val,T9,23.18,23.987612
val,T9,23.18,24.91262
val,T9,23.18,24.80592
val,T9,23.18,26.052906
val,T9,23.18,26.688553
val,T9,23.18,24.493698
val,T9,23.49244,25.45386
val,T9,24.02744,25.201399
val,T9,24.25,23.729464
val,T9,24.25,24.920685
val,T9,24.25,24.300207
val,T9,24.25,25.94311
val,T9,24.25,25.789291
val,T9,24.25,24.679993
val,T9,24.25,22.825043
val,T9,24.25583,24.820992
val,T9,24.265831,26.086292
val,T9,24.27,25.57534
val,T9,24.27,24.852184
val,T9,24.27,25.41036
val,T9,24.27,25.808784
val,T9,24.27,25.732391
val,T9,24.27,25.962664
val,T9,24.27,24.66838
val,T9,24.34592,26.002697
val,T9,24.47592,25.331697
val,T9,24.53,24.932058
val,T9,24.53,24.665894
val,T9,24.53,22.569715
val,T9,24.53,23.305944
val,T9,24.53,22.94017
val,T9,24.53,22.51461
val,T9,24.53,24.6223
val,T9,24.427946,24.808907
val,T9,24.252945,25.391525
val,T9,24.18,23.623224
val,T9,24.18,26.026377
val,T9,24.18,24.915874
val,T9,24.18,24.772034
val,T9,24.18,26.511322
val,T9,24.18,27.158998
val,T9,24.18,26.098316
val,T9,24.18,25.386066
val,T9,24.18,25.580898
val,T9,24.18,26.12624
val,T9,24.18,24.57529
val,T9,24.18,25.103611
val,T9,24.18,26.526375
val,T9,24.18,26.613087
val,T9,24.18,25.556364
val,T9,24.18,24.142057
val,T9,22.999084,23.5854
val,T9,20.974085,21.568083
val,T9,20.13,25.541344
val,T9,20.13,21.846981
val,T9,20.13,23.60738
val,T9,20.13,25.891716
val,T9,20.13,25.012829
val,T9,20.13,24.236286
val,T9,20.13,25.639118
val,T9,20.13,25.254147
val,T9,20.13,25.23304
val,T9,20.13,24.613361
val,T9,20.13,24.82473
val,T9,20.13,23.936087
val,T9,20.13,21.63887
val,T9,20.13,25.38179
val,T9,20.13,24.757357
val,T9,20.13,24.323444
val,T9,19.324303,24.517033
val,T9,17.944304,25.798111
val,T9,17.37,25.252739
val,T9,17.37,25.498835
val,T9,17.37,26.238733
val,T9,17.37,25.891785
val,T9,17.37,24.895393
val,T9,17.37,25.035656
val,T9,17.37,24.922152
val,T9,17.539312,24.111961
val,T9,17.829313,23.465244
val,T9,17.95,24.947157
val,T9,17.95,25.023367
val,T9,17.95,26.750975
val,T9,17.95,24.740707
val,T9,17.95,14.586305
val,T9,17.95,22.23103
val,T9,17.95,23.909164
val,T9,17.54773,22.259274
val,T9,16.85773,24.336575
val,T9,16.57,25.882391
val,T9,16.57,26.314186
val,T9,16.57,26.111837
val,T9,16.57,23.192024
val,T9,16.57,18.274261
val,T9,16.57,13.689954
val,T9,16.57,13.977258
val,T9,14.794765,17.046856
val,T9,11.749765,21.676455
val,T9,10.48,9.821326
val,T9,10.48,13.087653
val,T9,10.48,22.628036
val,T9,10.48,26.010098
val,T9,10.48,25.594116
val,T9,10.48,26.591625
val,T9,10.48,26.557419
val,T9,12.59408,24.92098
val,T9,16.21408,21.592564
val,T9,17.72,9.758439
val,T9,17.72,8.61485
val,T9,17.72,5.761114
val,T9,17.72,20.971949
val,T9,17.72,21.414623
val,T9,17.72,9.8403845
val,T9,17.72,8.5966215
val,T9,16.343723,11.254098
val,T9,13.983723,11.362594
val,T9,13.0,17.592373
val,T9,13.0,16.319296
val,T9,13.0,6.587818
val,T9,13.0,5.8553276
val,T9,13.0,12.225263
val,T9,13.0,17.811916
val,T9,13.0,21.243088
val,T9,13.0,21.622856
val,T9,11.991118,15.384274
val,T9,10.261119,12.89341
val,T9,9.54,16.566286
val,T9,9.54,18.572865
val,T9,9.54,21.81141
val,T9,9.54,18.650928
val,T9,9.54,16.382122
val,T9,9.54,23.789827
val,T9,9.54,23.446087
val,T9,9.54,25.589064
val,T9,9.54,24.976175
val,T9,9.54,25.464537
val,T9,9.54,26.156218
val,T9,9.54,24.59074
val,T9,9.54,16.519215
val,T9,9.54,21.560589
val,T9,9.54,23.881472
val,T9,13.218182,23.158752
val,T9,19.518183,22.294224
val,T9,22.14,24.660475
val,T9,22.14,25.539646
val,T9,22.14,24.738138
val,T9,22.14,25.029373
val,T9,22.14,25.611988
val,T9,22.14,26.466488
val,T9,22.14,25.998747
val,T9,23.055574,25.08016
val,T9,24.625574,25.636824
val,T9,25.28,25.339537
val,T9,25.28,24.940208
val,T9,25.28,25.050346
val,T9,25.28,25.824429
val,T9,25.28,24.681423
val,T9,25.28,25.814976
val,T9,25.28,25.672606
val,T9,25.6888,25.771305
val,T9,26.3888,25.31384
val,T9,26.68,25.87799
val,T9,26.68,26.00867
val,T9,26.68,25.685627
val,T9,26.68,24.952362
val,T9,26.68,22.45215
val,T9,26.68,23.329256
val,T9,26.68,22.383217
val,T9,26.68,25.315475
val,T9,26.68,22.231579
val,T9,26.68,23.903074
val,T9,26.68,24.748049
val,T9,26.68,25.330574
val,T9,26.68,24.550735
val,T9,26.68,25.345734
val,T9,26.68,25.76925
val,T9,26.68,25.474442
val,T9,26.78512,24.726727
val,T9,26.96512,24.730862
val,T9,27.04,25.581297
val,T9,27.04,24.79832
val,T9,27.04,24.770689
val,T9,27.04,24.663902
val,T9,27.04,24.814459
val,T9,27.04,25.723083
val,T9,27.04,26.204536
val,T9,26.95255,27.103716
val,T9,26.80255,27.243382
val,T9,26.74,25.933907
val,T9,26.74,25.34795
val,T9,26.74,25.734165
val,T9,26.74,26.464108
val,T9,26.74,24.7385
val,T9,26.74,22.847721
val,T9,26.74,25.359192
val,T9,26.99652,25.26656
val,T9,27.43652,25.852354
val,T9,27.62,23.71933
val,T9,27.62,21.663448
val,T9,27.62,23.644836
val,T9,27.62,25.261576
val,T9,27.62,24.94281
val,T9,27.62,24.87502
val,T9,27.62,25.519388
val,T9,27.43604,26.258862
val,T9,27.12104,25.399387
val,T9,26.99,25.764423
val,T9,26.99,25.522104
val,T9,26.99,26.004335
val,T9,26.99,25.4388
val,T9,26.99,25.361801
val,T9,26.99,25.537458
val,T9,26.99,24.255173
val,T9,26.99,24.496918
val,T9,26.99,24.607525
val,T9,26.99,25.285572
val,T9,26.99,25.944956
val,T9,26.99,25.24926
val,T9,26.99,23.113304
val,T9,26.99,25.881792
val,T9,26.99,25.647772
val,T9,26.99,25.19532
val,T9,27.29908,25.11802
val,T9,27.829079,24.317162
val,T9,28.05,24.783308
val,T9,28.05,23.739826
val,T9,28.05,23.083439
val,T9,28.05,16.616228
val,T9,28.05,17.562077
val,T9,28.05,18.598595
val,T9,28.05,19.568518
val,T9,28.22812,21.683514
val,T9,28.53312,23.119305
val,T9,28.66,22.135593
val,T9,28.66,22.11746
val,T9,28.66,23.808554
val,T9,28.66,24.65865
val,T9,28.66,27.15145
val,T9,28.66,26.102648
val,T9,28.66,26.945759
val,T9,28.66,25.58176
val,T9,28.66,23.649044
val,T9,28.66,25.178574
val,T9,28.66,24.790318
val,T9,28.66,25.063015
val,T9,28.66,24.69513
val,T9,28.66,24.704147
val,T9,28.66,25.031267
val,T9,28.66,24.74887
val,T9,27.44736,24.691723
val,T9,25.36736,26.640324
val,T9,24.5,26.082073
val,T9,24.5,26.2462
val,T9,24.5,24.877728
val,T9,24.5,25.072378
val,T9,24.5,26.19063
val,T9,24.5,25.718666
val,T9,24.5,25.02244
val,T9,24.211414,23.606884
val,T9,23.716415,23.19646
val,T9,23.51,24.856485
val,T9,23.51,24.31197
val,T9,23.51,24.65575
val,T9,23.51,24.709803
val,T9,23.51,24.942507
val,T9,23.51,24.816013
val,T9,23.51,25.77655
val,T9,22.5318,25.829689
val,T9,20.8568,24.004326
val,T9,20.16,24.074589
val,T9,20.16,23.815819
val,T9,20.16,22.225376
val,T9,20.16,23.452278
val,T9,20.16,22.358116
val,T9,20.16,24.113342
val,T9,20.16,25.541437
val,T9,19.12048,24.029388
val,T9,17.34048,11.306737
val,T9,16.6,12.239909
val,T9,16.6,17.121403
val,T9,16.6,16.983719
val,T9,16.6,22.46737
val,T9,16.6,23.605797
val,T9,16.6,22.056072
val,T9,16.6,23.687414
val,T9,16.43676,23.291664
val,T9,16.15676,20.8365
val,T9,16.04,18.082466
val,T9,16.04,20.194462
val,T9,16.04,21.54654
val,T9,16.04,20.392418
val,T9,16.04,22.870316
val,T9,16.04,24.583893
val,T9,16.04,24.725586
val,T9,17.41336,22.585814
val,T9,19.768362,22.976954
val,T9,20.75,21.353931
val,T9,20.75,26.307924
val,T9,20.75,25.967209
val,T9,20.75,25.820774
val,T9,20.75,25.284058
val,T9,20.75,23.089537
val,T9,20.75,25.419926
val,T9,21.46812,26.07005
val,T9,22.698122,24.468994
val,T9,23.21,25.57434
val,T9,23.21,25.821846
val,T9,23.21,24.803501
val,T9,23.21,25.756058
val,T9,23.21,25.022554
val,T9,23.21,24.470482
val,T9,23.21,24.601582
val,T9,23.25081,25.356403
val,T9,23.32081,25.846144
val,T9,23.35,24.288425
val,T9,23.35,25.016747
val,T9,23.35,25.235231
val,T9,23.35,23.626186
val,T9,23.35,25.088005
val,T9,23.35,25.750885
val,T9,23.35,25.872208
val,T9,23.51644,24.754267
val,T9,23.80144,24.899786
val,T9,23.92,24.510902
val,T9,23.92,24.842896
val,T9,23.92,26.266165
val,T9,23.92,27.016241
val,T9,23.92,26.56612
val,T9,23.92,25.76484
val,T9,23.92,25.161243
val,T9,23.68056,23.545454
val,T9,23.27056,25.14165
val,T9,23.1,24.42165
val,T9,23.1,22.884798
val,T9,23.1,25.087433
val,T9,23.1,25.486319
val,T9,23.1,24.88113
val,T9,23.1,25.09404
val,T9,23.1,24.931425
val,T9,23.411995,25.87249
val,T9,23.946995,25.160011
val,T9,24.17,22.476128
val,T9,24.17,23.06768
val,T9,24.17,24.86087
val,T9,24.17,24.294434
val,T9,24.17,24.747293
val,T9,24.17,25.865326
val,T9,24.17,26.709913
val,T9,24.17,26.103662
val,T9,24.17,25.406078
val,T9,24.17,24.345814
val,T9,24.17,23.347591
val,T9,24.17,25.714466
val,T9,24.17,24.895454
val,T9,24.17,24.310059
val,T9,24.17,25.576492
val,T9,24.9279,25.455309
val,T9,26.2279,25.423458
val,T9,26.77,26.26025
val,T9,26.77,26.108875
val,T9,26.77,25.621494
val,T9,26.77,26.077381
val,T9,26.77,24.993362
val,T9,26.77,26.433372
val,T9,26.77,25.164677
val,T9,27.30636,25.59783
val,T9,28.22636,25.490627
val,T9,28.61,24.982937
val,T9,28.61,25.602654
val,T9,28.61,26.538557
val,T9,28.61,26.935806
val,T9,28.61,25.933136
val,T9,28.61,25.18431
val,T9,28.61,25.766449
val,T9,28.69745,26.382565
val,T9,28.84745,25.514597
val,T9,28.91,26.260035
val,T9,28.91,24.898172
val,T9,28.91,24.16687
val,T9,28.91,25.255142
val,T9,28.91,26.19011
val,T9,28.91,27.158474
val,T9,28.91,25.572351
val,T9,28.408476,25.605268
val,T9,27.548475,25.368128
val,T9,27.19,24.884636
val,T9,27.19,24.22527
val,T9,27.19,25.760466
val,T9,27.19,25.118189
val,T9,27.19,23.827484
val,T9,27.19,25.208668
val,T9,27.19,25.284046
val,T9,27.19,24.279148
val,T9,26.688475,25.509985
val,T9,25.828476,25.482517
val,T9,25.47,25.47092
val,T9,25.47,23.547209
val,T9,25.47,25.44015
val,T9,25.47,24.719416
val,T9,25.47,19.928871
val,T9,25.47,24.68491
val,T9,25.47,24.788603
val,T9,25.21603,24.040442
val,T9,24.78103,25.317047
val,T9,24.6,24.144527
val,T9,24.6,25.886013
val,T9,24.6,25.147543
val,T9,24.6,26.46056
val,T9,24.6,25.092045
val,T9,24.6,24.196774
val,T9,24.6,24.320673
val,T9,24.6,24.811749
val,T9,24.31092,25.209312
val,T9,23.81592,25.489157
val,T9,23.61,25.115524
val,T9,23.61,24.436546
val,T9,23.61,24.472544
val,T9,23.61,24.309021
val,T9,23.61,25.59439
val,T9,23.61,25.45872
val,T9,23.61,24.923304
val,T9,23.61,24.028759
val,T9,23.61,25.158
val,T9,23.61,25.068298
val,T9,23.61,26.013813
val,T9,23.61,25.189173
val,T9,23.61,20.026005
val,T9,23.61,24.70367
val,T9,23.61,25.1265
val,T9,23.70328,25.46401
val,T9,23.86328,25.589752
val,T9,23.93,26.185957
val,T9,23.93,26.06438
val,T9,23.93,25.283354
val,T9,23.93,25.165459
val,T9,23.93,24.993761
val,T9,23.93,23.161604
val,T9,23.93,25.215595
val,T9,24.136965,26.266584
val,T9,24.491964,26.557322
val,T9,24.64,23.336367
val,T9,24.64,22.761936
val,T9,24.64,24.662048
val,T9,24.64,24.05265
val,T9,24.64,25.214981
val,T9,24.64,25.719917
val,T9,24.64,26.02251
val,T9,24.64,25.106005
val,T9,24.3626,22.889542
val,T9,23.8876,24.895243
val,T9,23.69,24.554964
val,T9,23.69,24.09527
val,T9,23.69,26.204393
val,T9,23.69,25.655113
val,T9,23.69,22.983046
val,T9,23.69,25.683105
val,T9,23.69,25.5569
val,T9,23.69,24.944979
val,T9,23.69,26.03807
val,T9,23.69,24.793486
val,T9,23.69,24.828175
val,T9,23.69,25.15747
val,T9,23.69,24.165833
val,T9,23.69,23.768105
val,T9,22.78052,25.620707
val,T9,21.22052,24.877422
val,T9,20.57,20.414032
val,T9,20.57,26.2535
val,T9,20.57,24.415508
val,T9,20.57,24.168674
val,T9,20.57,23.510933
val,T9,20.57,23.301624
val,T9,20.57,23.739882
val,T9,20.57,25.299541
val,T9,19.995745,25.14374
val,T9,19.010744,25.010963
val,T9,18.6,24.692661
val,T9,18.6,25.070137
val,T9,18.6,25.723053
val,T9,18.6,24.023289
val,T9,18.6,18.161133
val,T9,18.6,25.69128
val,T9,18.6,22.02041
val,T9,15.1252,13.07124
val,T9,9.1752,10.129428
val,T9,6.7,14.712732
val,T9,6.7,23.456272
val,T9,6.7,19.491966
val,T9,6.7,10.313971
val,T9,6.7,9.095708
val,T9,6.7,5.5899878
val,T9,6.7,4.7173853
val,T9,6.7,3.030141
val,T9,6.7,3.1035798
val,T9,6.7,5.8232865
val,T9,6.7,4.619218
val,T9,6.7,5.4381075
val,T9,6.7,6.0428987
val,T9,6.7,6.4432526
val,T9,6.7,10.857652
val,T9,6.7,20.51793
val,T9,6.7,24.684444
val,T9,8.509899,25.05497
val,T9,11.609899,24.252892
val,T9,12.9,25.53656
val,T9,12.9,25.385572
val,T9,12.9,24.967403
val,T9,12.9,17.899973
val,T9,12.9,22.85055
val,T9,12.9,16.942175
val,T9,12.9,12.205662
val,T9,12.9,5.896974
val,T9,12.9,7.017849
val,T9,12.9,11.211696
val,T9,12.9,15.069211
val,T9,12.9,19.759048
val,T9,12.9,11.702137
val,T9,12.9,8.04161
val,T9,12.9,15.167942
val,T9,13.04892,13.448871
val,T9,13.30392,11.621776
val,T9,13.41,21.110943
val,T9,13.41,15.5361185
val,T9,13.41,21.800022
val,T9,13.41,23.923752
val,T9,13.41,24.61663
val,T9,13.41,24.2491
val,T9,13.41,23.932508
val,T9,14.357649,24.309465
val,T9,15.982649,24.221607
val,T9,16.66,23.145939
val,T9,16.66,24.895988
val,T9,16.66,24.766083
val,T9,16.66,23.624317
val,T9,16.66,25.393055
val,T9,16.66,25.526495
val,T9,16.66,23.142574
val,T9,16.66,25.347221
val,T9,16.66,27.185642
val,T9,16.66,25.924976
val,T9,16.66,22.835812
val,T9,16.66,19.992163
val,T9,16.66,11.348278
val,T9,16.66,14.255145
val,T9,16.66,18.016327
val,T9,16.66,9.833372
val,T9,14.940596,8.689548
val,T9,11.995596,8.075832
val,T9,10.77,8.109873
val,T9,10.77,8.424187
val,T9,10.77,8.598654
val,T9,10.77,5.968616
val,T9,10.77,5.1332726
val,T9,10.77,7.9347544
val,T9,10.77,9.984207
val,T9,10.7846,12.716297
val,T9,10.8096,7.167959
val,T9,10.82,8.520273
val,T9,10.82,5.9199705
val,T9,10.82,7.120241
val,T9,10.82,7.456366
val,T9,10.82,7.44571
val,T9,10.82,12.4965925
val,T9,10.82,20.356728
val,T9,10.82,22.514366
val,T9,10.82,23.448456
val,T9,10.2214,17.639582
val,T9,9.1964,12.006698
val,T9,8.77,9.158364
val,T9,8.77,2.62827
val,T9,8.77,21.663256
val,T9,8.77,24.699425
val,T9,8.77,20.683624
val,T9,8.77,14.527886
val,T9,8.77,12.752161
val,T9,8.77,19.31207
val,T9,8.77,16.97867
val,T9,8.77,15.440763
val,T9,8.77,17.11473
val,T9,8.77,23.21529
val,T9,8.77,24.022621
val,T9,8.77,24.42413
val,T9,11.122405,25.579296
val,T9,15.157405,23.929218
val,T9,16.84,20.849413
val,T9,16.84,22.67569
val,T9,16.84,24.992397
val,T9,16.84,25.723618
val,T9,16.84,26.587318
val,T9,16.84,26.377552
val,T9,16.84,26.596703
val,T9,16.93344,27.382235
val,T9,17.09344,25.800007
val,T9,17.16,24.250814
val,T9,17.16,24.44817
val,T9,17.16,25.028141
val,T9,17.16,25.214525
val,T9,17.16,24.99092
val,T9,17.16,24.856594
val,T9,17.16,26.575218
val,T9,17.87832,26.029387
val,T9,19.10832,26.165768
val,T9,19.62,26.605585
val,T9,19.62,26.252068
val,T9,19.62,24.622412
val,T9,19.62,25.599749
val,T9,19.62,25.41297
val,T9,19.62,23.720837
val,T9,19.62,26.063847
val,T9,19.343075,26.461458
val,T9,18.868074,25.14869
val,T9,18.67,24.96022
val,T9,18.67,25.199215
val,T9,18.67,23.85981
val,T9,18.67,20.693897
val,T9,18.67,23.466656
val,T9,18.67,25.384808
val,T9,18.67,23.056238
val,T9,18.996574,24.506683
val,T9,19.556574,24.584969
val,T9,19.79,24.548082
val,T9,19.79,25.404917
val,T9,19.79,25.895515
val,T9,19.79,24.471174
val,T9,19.79,25.435743
val,T9,19.79,24.252598
val,T9,19.79,23.978836
val,T9,19.65568,24.02389
val,T9,19.42568,24.621538
val,T9,19.33,25.535826
val,T9,19.33,25.846714
val,T9,19.33,26.046356
val,T9,19.33,25.095531
val,T9,19.33,23.07634
val,T9,19.33,24.441286
val,T9,19.33,21.811214
val,T9,19.327084,23.389868
val,T9,19.322084,24.533054
val,T9,19.32,24.59082
val,T9,19.32,21.709673
val,T9,19.32,24.135582
val,T9,19.32,25.046963
val,T9,19.32,26.701153
val,T9,19.32,26.37285
val,T9,19.32,25.652315
val,T9,18.49656,24.406525
val,T9,17.08656,25.022503
val,T9,16.5,26.477285
val,T9,16.5,25.361767
val,T9,16.5,26.55494
val,T9,16.5,26.017689
val,T9,16.5,22.573872
val,T9,16.5,16.216051
val,T9,16.5,15.844935
val,T9,14.2288685,13.63165
val,T9,10.338869,9.250808
val,T9,8.72,10.701146
val,T9,8.72,18.466648
val,T9,8.72,10.722688
val,T9,8.72,9.302922
val,T9,8.72,18.174921
val,T9,8.72,24.023888
val,T9,8.72,25.202175
val,T9,10.67305,23.595066
val,T9,14.02305,25.21074
val,T9,15.42,24.071533
val,T9,15.42,21.804169
val,T9,15.42,22.23489
val,T9,15.42,20.38486
val,T9,15.42,18.353247
val,T9,15.42,24.141422
val,T9,15.42,24.359592
val,T9,16.03028,23.433867
val,T9,17.07528,25.83054
val,T9,17.51,25.141014
val,T9,17.51,25.632278
val,T9,17.51,24.65695
val,T9,17.51,24.405651
val,T9,17.51,23.293808
val,T9,17.51,23.089447
val,T9,17.51,24.390913
val,T9,17.48085,24.441576
val,T9,17.43085,22.95158
val,T9,17.41,19.397896
val,T9,17.41,23.629515
val,T9,17.41,18.625233
val,T9,17.41,24.28727
val,T9,17.41,24.993652
val,T9,17.41,23.988865
val,T9,17.41,24.488503
val,T9,17.462545,23.892654
val,T9,17.552546,24.516756
val,T9,17.59,23.448318
val,T9,17.59,21.91774
val,T9,17.59,22.847914
val,T9,17.59,24.188255
val,T9,17.59,25.475454
val,T9,17.59,25.94895
val,T9,17.59,25.868595
val,T9,17.59,24.504803
val,T9,17.59,22.890358
val,T9,17.59,20.112709
val,T9,17.59,16.479433
val,T9,17.59,22.455414
val,T9,17.59,23.953499
val,T9,17.59,20.054365
val,T9,17.59,18.303707
val,T9,17.59,15.573398
val,T9,15.021885,15.715537
val,T9,10.616885,9.560915
val,T9,8.78,7.965901
val,T9,8.78,6.886652
val,T9,8.78,8.152671
val,T9,8.78,10.554523
val,T9,8.78,4.268186
val,T9,8.78,5.7263594
val,T9,8.78,7.2966585
val,T9,9.71732,5.633322
val,T9,11.32232,6.792915
val,T9,11.99,7.606689
val,T9,11.99,11.265394
val,T9,11.99,20.771442
val,T9,11.99,24.37371
val,T9,11.99,23.55753
val,T9,11.99,23.720081
val,T9,11.99,21.632996
val,T9,13.320677,22.925608
val,T9,15.605677,23.830309
val,T9,16.56,24.768063
val,T9,16.56,23.100674
val,T9,16.56,24.095005
val,T9,16.56,23.610096
val,T9,16.56,24.358744
val,T9,16.56,23.840881
val,T9,16.56,24.341877
val,T9,17.455164,19.560867
val,T9,18.990164,25.612526
val,T9,19.63,25.338737
val,T9,19.63,24.580875
val,T9,19.63,23.822144
val,T9,19.63,24.175785
val,T9,19.63,22.729364
val,T9,19.63,24.781706
val,T9,19.63,24.945518
val,T9,20.015333,23.137665
val,T9,20.675333,24.515497
val,T9,20.95,26.327065
val,T9,20.95,26.411741
val,T9,20.95,25.530447
val,T9,20.95,25.541355
val,T9,20.95,24.391714
val,T9,20.95,22.957716
val,T9,20.95,23.77369
val,T9,20.891632,23.479225
val,T9,20.791634,24.756374
val,T9,20.75,24.861057
val,T9,20.75,25.72909
val,T9,20.75,26.401031
val,T9,20.75,25.644974
val,T9,20.75,24.844826
val,T9,20.75,24.211481
val,T9,20.75,26.337303
val,T9,20.75,26.135155
val,T9,20.75,26.03899
val,T9,20.75,24.370857
val,T9,20.75,21.900543
val,T9,20.75,23.769125
val,T9,20.75,23.901545
val,T9,20.75,24.74348
val,T9,20.75,24.553373
val,T9,20.75,24.88053
val,T9,20.706213,24.742378
val,T9,20.631212,24.287468
val,T9,20.6,22.132135
val,T9,20.6,24.504654
val,T9,20.6,24.740732
val,T9,20.6,24.9934
val,T9,20.6,25.597742
val,T9,20.6,25.343033
val,T9,20.6,24.904404
val,T9,20.44842,23.15244
val,T9,20.18842,23.641052
val,T9,20.08,25.165766
val,T9,20.08,24.723259
val,T9,20.08,21.449757
val,T9,20.08,24.95132
val,T9,20.08,23.760582
val,T9,20.08,23.266685
val,T9,20.08,24.554455
val,T9,20.19388,23.292095
val,T9,20.38888,24.33754
val,T9,20.47,25.333857
val,T9,20.47,25.353184
val,T9,20.47,26.11458
val,T9,20.47,25.995075
val,T9,20.47,24.324032
val,T9,20.47,23.720024
val,T9,20.47,24.607676
val,T9,20.55468,25.439392
val,T9,20.69968,25.751682
val,T9,20.76,25.91457
val,T9,20.76,25.32935
val,T9,20.76,25.361237
val,T9,20.76,24.755842
val,T9,20.76,23.1347
val,T9,20.76,25.087502
val,T9,20.76,23.971699
val,T9,20.50888,24.441507
val,T9,20.07888,24.410385
val,T9,19.9,25.569868
val,T9,19.9,25.574726
val,T9,19.9,25.61856
val,T9,19.9,25.837189
val,T9,19.9,25.63324
val,T9,19.9,25.539822
val,T9,19.9,23.671057
val,T9,18.28754,22.418833
val,T9,15.522539,24.89185
val,T9,14.37,20.085102
val,T9,14.37,13.951043
val,T9,14.37,12.083491
val,T9,14.37,10.799095
val,T9,14.37,6.1345735
val,T9,14.37,12.443707
val,T9,14.37,20.614254
val,T9,13.44303,10.972532
val,T9,11.85303,6.6333065
val,T9,11.19,7.760825
val,T9,11.19,13.406652
val,T9,11.19,22.322779
val,T9,11.19,23.105373
val,T9,11.19,12.550579
val,T9,11.19,11.580717
val,T9,11.19,22.583532
val,T9,12.655435,24.9443
val,T9,15.165434,25.114006
val,T9,16.21,25.72012
val,T9,16.21,24.989515
val,T9,16.21,16.857801
val,T9,16.21,17.35668
val,T9,16.21,23.416151
val,T9,16.21,14.707853
val,T9,16.21,19.599049
val,T9,16.788,22.448715
val,T9,17.778,16.449701
val,T9,18.19,14.240678
val,T9,18.19,20.062374
val,T9,18.19,23.133501
val,T9,18.19,23.20738
val,T9,18.19,23.555702
val,T9,18.19,24.052229
val,T9,18.19,24.496922
val,T9,19.061836,24.456575
val,T9,20.556837,23.359188
val,T9,21.18,24.553743
val,T9,21.18,24.115942
val,T9,21.18,24.359776
val,T9,21.18,21.165264
val,T9,21.18,22.686018
val,T9,21.18,24.583336
val,T9,21.18,19.863579
val,T9,21.02232,23.709679
val,T9,20.75232,24.169985
val,T9,20.64,23.992228
val,T9,20.64,24.973362
val,T9,20.64,25.491383
val,T9,20.64,25.39756
val,T9,20.64,23.845776
val,T9,20.64,22.804058
val,T9,20.64,25.027115
val,T9,20.91984,25.783108
val,T9,21.39984,25.642416
val,T9,21.6,25.413433
val,T9,21.6,24.831717
val,T9,21.6,25.191174
val,T9,21.6,23.244013
val,T9,21.6,24.30528
val,T9,21.6,22.711863
val,T9,21.6,23.02016
val,T9,21.6,25.042805
val,T9,21.6,24.802256
val,T9,21.6,24.850502
val,T9,21.6,23.267935
val,T9,21.6,24.209309
val,T9,21.6,22.260458
val,T9,21.6,23.58461
val,T9,21.6,24.916922
val,T9,21.6,24.587543
val,T9,21.50364,24.06393
val,T9,21.33864,24.657434
val,T9,21.27,23.099712
val,T9,21.27,23.791904
val,T9,21.27,25.3298
val,T9,21.27,25.827927
val,T9,21.27,24.870651
val,T9,21.27,25.087875
val,T9,21.27,25.033934
val,T9,21.109444,25.612587
val,T9,20.834444,25.621555
val,T9,20.72,24.769455
val,T9,20.72,19.565886
val,T9,20.72,24.032917
val,T9,20.72,24.852322
val,T9,20.72,24.089813
val,T9,20.72,23.94224
val,T9,20.72,24.289845
val,T9,20.731663,24.541546
val,T9,20.751663,18.510406
val,T9,20.76,22.641024
val,T9,20.76,24.854792
val,T9,20.76,23.095509
val,T9,20.76,23.295933
val,T9,20.76,23.204082
val,T9,20.76,24.225391
val,T9,20.76,24.429338
val,T9,20.87388,23.714968
val,T9,21.06888,24.434326
val,T9,21.15,24.331703
val,T9,21.15,21.726177
val,T9,21.15,21.709852
val,T9,21.15,25.441069
val,T9,21.15,24.98544
val,T9,21.15,18.994303
val,T9,21.15,18.150589
val,T9,21.31324,24.883383
val,T9,21.59324,24.638624
val,T9,21.71,24.184156
val,T9,21.71,23.63547
val,T9,21.71,23.304222
val,T9,21.71,24.453165
val,T9,21.71,23.995583
val,T9,21.71,17.114477
val,T9,21.71,20.22496
val,T9,21.71,22.069439
val,T9,21.71,23.274536
val,T9,21.71,23.681463
val,T9,21.71,22.239805
val,T9,21.71,24.019464
val,T9,21.71,24.90564
val,T9,21.71,25.498693
val,T9,21.71,24.449392
val,T9,21.71,22.393488
val,T9,21.902666,25.135035
val,T9,22.232666,24.370323
val,T9,22.37,22.073685
val,T9,22.37,17.486938
val,T9,22.37,22.676174
val,T9,22.37,19.832623
val,T9,22.37,21.07526
val,T9,22.37,23.69046
val,T9,22.37,22.64116
val,T9,21.51152,22.62048
val,T9,20.04152,20.828327
val,T9,19.43,25.493893
val,T9,19.43,25.420185
val,T9,19.43,24.466759
val,T9,19.43,22.287481
val,T9,19.43,22.745615
val,T9,19.43,24.4329
val,T9,19.43,22.262564
val,T9,19.43,23.184502
val,T9,19.43,24.959763
val,T9,19.43,26.678991
val,T9,19.43,25.029095
val,T9,19.43,25.37051
val,T9,19.43,16.919727
val,T9,19.43,13.768198
val,T9,19.43,17.704197
val,T9,19.43,16.0331
val,T9,16.605366,9.23679
val,T9,11.760365,8.717216
val,T9,9.74,9.712005
val,T9,9.74,9.812972
val,T9,9.74,5.977501
val,T9,9.74,7.0988693
val,T9,9.74,9.422611
val,T9,9.74,16.954788
val,T9,9.74,24.377071
val,T9,11.4044,25.685106
val,T9,14.2544,23.328997
val,T9,15.44,25.874033
val,T9,15.44,25.155636
val,T9,15.44,19.926216
val,T9,15.44,24.171844
val,T9,15.44,25.783596
val,T9,15.44,25.676567
val,T9,15.44,25.904173
val,T9,16.10576,26.22998
val,T9,17.24576,25.900682
val,T9,17.72,25.361366
val,T9,17.72,26.131014
val,T9,17.72,25.020832
val,T9,17.72,24.148495
val,T9,17.72,25.853516
val,T9,17.72,26.405933
val,T9,17.72,25.546707
val,T9,17.72,26.40397
val,T9,17.72,25.101854
val,T9,17.72,25.298328
val,T9,17.72,25.117184
val,T9,17.72,25.045979
val,T9,17.72,26.10019
val,T9,17.72,25.415255
val,T9,17.72,26.66184
val,T9,17.72,25.737072
val,T9,17.994404,25.943306
val,T9,18.464403,23.19001
val,T9,18.66,23.817142
val,T9,18.66,23.218159
val,T9,18.66,25.84054
val,T9,18.66,26.156271
val,T9,18.66,25.09642
val,T9,18.66,25.477802
val,T9,18.66,24.740654
val,T9,18.66,24.483654
val,T9,19.29364,25.148027
val,T9,20.37864,25.48737
val,T9,20.83,26.431385
val,T9,20.83,25.172947
val,T9,20.83,24.596952
val,T9,20.83,25.472511
val,T9,20.83,25.289778
val,T9,20.83,26.282148
val,T9,20.83,25.192324
val,T9,20.83,25.431984
val,T9,20.83,25.080982
val,T9,20.83,24.62569
val,T9,20.83,25.297026
val,T9,20.83,24.185535
val,T9,20.83,25.137701
val,T9,20.83,25.697723
val,T9,19.902761,22.588314
val,T9,18.312763,25.100447
val,T9,17.65,23.279459
val,T9,17.65,21.906116
val,T9,17.65,25.394936
val,T9,17.65,25.345985
val,T9,17.65,22.370623
val,T9,17.65,22.843872
val,T9,17.65,19.97256
val,T9,17.65,12.695494
val,T9,14.84577,18.276468
val,T9,10.03577,15.118392
val,T9,8.03,12.772374
val,T9,8.03,6.9802523
val,T9,8.03,8.066141
val,T9,8.03,8.365965
val,T9,8.03,7.591322
val,T9,8.03,5.9535847
val,T9,8.03,5.801138
val,T9,8.094222,5.079053
val,T9,8.204223,6.3087997
val,T9,8.25,6.493349
val,T9,8.25,6.6043863
val,T9,8.25,6.9038963
val,T9,8.25,5.3928967
val,T9,8.25,12.932594
val,T9,8.25,21.103506
val,T9,8.25,16.445694
val,T9,7.90603,16.159899
val,T9,7.31603,26.214508
val,T9,7.07,24.83407
val,T9,7.07,17.073431
val,T9,7.07,5.167515
val,T9,7.07,2.6493678
val,T9,7.07,2.3278067
val,T9,7.07,8.776133
val,T9,7.07,15.6782465
val,T9,7.07,9.089596
val,T9,7.07,6.911233
val,T9,7.07,16.34242
val,T9,7.07,21.477848
val,T9,7.07,15.175488
val,T9,7.07,20.42569
val,T9,7.07,12.874916
val,T9,7.07,13.993765
val,T9,7.07,21.594288
val,T9,7.3324256,15.652141
val,T9,7.782426,21.281065
val,T9,7.97,21.441238
val,T9,7.97,24.732018
val,T9,7.97,15.401519
val,T9,7.97,8.32955
val,T9,7.97,7.5304146
val,T9,7.97,17.96048
val,T9,7.97,17.214108
val,T9,7.0955,18.44895
val,T9,5.5955,16.964931
val,T9,4.97,23.168957
val,T9,4.97,23.84652
val,T9,4.97,23.76133
val,T9,4.97,21.666767
val,T9,4.97,17.184275
val,T9,4.97,18.560053
val,T9,4.97,21.289103
val,T9,5.96572,17.084381
val,T9,7.67072,19.8579
val,T9,8.38,20.295134
val,T9,8.38,21.669376
val,T9,8.38,23.706322
val,T9,8.38,23.00644
val,T9,8.38,26.546524
val,T9,8.38,26.142637
val,T9,8.38,24.886507
val,T9,7.58576,22.010912
val,T9,6.22576,18.081326
val,T9,5.66,18.93195
val,T9,5.66,12.888978
val,T9,5.66,17.477463
val,T9,5.66,23.72974
val,T9,5.66,25.647305
val,T9,5.66,25.13028
val,T9,5.66,18.074305
val,T9,5.913605,22.878798
val,T9,6.348605,22.393568
val,T9,6.53,23.836803
val,T9,6.53,25.591457
val,T9,6.53,25.073746
val,T9,6.53,25.877449
val,T9,6.53,25.07201
val,T9,6.53,26.223927
val,T9,6.53,26.916187
val,T9,6.53,26.483383
val,T9,6.53,26.90903
val,T9,6.53,25.627773
val,T9,6.53,26.18577
val,T9,6.53,26.966312
val,T9,6.53,25.947433
val,T9,6.53,26.586374
val,T9,6.53,26.816471
val,T9,6.20935,26.28513
val,T9,5.65935,25.915192
val,T9,5.43,26.687992
val,T9,5.43,26.109001
val,T9,5.43,19.238167
val,T9,5.43,7.7740154
val,T9,5.43,15.098865
val,T9,5.43,12.636931
val,T9,5.43,15.406081
val,T9,5.43,8.496219
val,T9,4.65328,4.467162
val,T9,3.32328,6.989869
val,T9,2.77,21.11038
val,T9,2.77,22.66922
val,T9,2.77,18.895002
val,T9,2.77,14.302583
val,T9,2.77,15.337619
val,T9,2.77,23.59307
val,T9,2.77,24.9043
val,T9,2.77,24.543146
val,T9,2.77,24.962006
val,T9,2.77,22.829666
val,T9,2.77,25.542276
val,T9,2.77,25.966099
val,T9,2.77,18.264587
val,T9,2.77,21.403372
val,T9,2.77,22.132637
val,T9,2.77,24.071735
val,T9,2.697,23.446589
val,T9,2.572,25.904362
val,T9,2.52,22.55399
val,T9,2.52,12.860024
val,T9,2.52,9.642648
val,T9,2.52,13.715639
val,T9,2.52,16.620407
val,T9,2.52,8.196027
val,T9,2.52,9.179658
val,T9,2.52,8.529777
val,T9,2.1988,11.295424
val,T9,1.6488,7.227064
val,T9,1.42,14.369822
val,T9,1.42,18.006685
val,T9,1.42,22.774971
val,T9,1.42,7.6987185
val,T9,1.42,14.510463
val,T9,1.42,17.520061
val,T9,1.42,22.816776
val,T9,1.42,20.49974
val,T9,1.42,19.129738
val,T9,1.42,14.896609
val,T9,1.42,14.859736
val,T9,1.42,8.12942
val,T9,1.42,19.291088
val,T9,1.42,22.046387
val,T9,1.42,21.67649
val,T9,1.42,16.822777
val,T9,1.37212,24.375786
test,A5,0.0,28.017736
test,A5,0.0,28.213875
test,A5,0.0,27.178108
test,A5,0.0,28.24858
test,A5,0.0,30.491203
test,A5,0.0,29.471376
test,A5,0.0,28.556376
test,A5,0.0,30.439528
test,A5,0.0,31.350086
test,A5,0.0,30.085773
test,A5,0.0,28.683655
test,A5,0.0,28.911472
test,A5,0.0,29.035439
test,A5,0.0,29.225811
test,A5,0.0,28.59599
test,A5,0.0,29.522661
test,A5,0.0,29.289425
test,A5,0.0,28.220516
test,A5,0.0,29.012112
test,A5,0.0,29.05743
test,A5,0.0,29.128656
test,A5,0.0,29.04543
test,A5,0.0,29.198189
test,A5,0.0,29.28563
test,A5,0.0,28.928112
test,A5,0.0,28.973305
test,A5,0.0,29.201706
test,A5,0.0,28.85286
test,A5,0.0,28.161451
test,A5,0.0,29.86687
test,A5,0.0,29.712706
test,A5,0.0,28.656086
test,A5,0.0,25.743195
test,A5,0.0,14.265218
test,A5,0.0,9.382918
test,A5,0.0,6.7793174
test,A5,0.0,5.5023003
test,A5,0.238,7.829808
test,A5,1.41594,10.876392
test,A5,2.31294,18.449417
test,A5,2.311891,12.169538
test,A5,2.4458911,4.777135
test,A5,2.486,5.4444532
test,A5,2.074,7.727581
test,A5,1.299,7.26869
test,A5,0.63300496,6.6067553
test,A5,0.34700495,5.9408836
test,A5,0.156,5.606797
test,A5,0.063,5.57653
test,A5,0.444,4.725104
test,A5,1.106,5.9099493
test,A5,1.7860792,5.11246
test,A5,2.2021585,5.0095983
test,A5,2.379079,4.7232995
test,A5,2.766,4.3477716
test,A5,3.695,5.824808
test,A5,4.362,7.757778
test,A5,4.341,19.970295
test,A5,4.163,28.230227
test,A5,4.322,28.868835
test,A5,4.771,27.76014
test,A5,5.283,27.564169
test,A5,5.731,25.591719
test,A5,5.7920394,29.48264
test,A5,5.9000397,30.41655
test,A5,6.416629,31.12254
test,A5,6.6116285,31.57756
test,A5,6.942,30.580961
test,A5,7.548,30.228584
test,A5,7.739,31.638622
test,A5,7.9329157,31.235958
test,A5,8.094915,31.042868
test,A5,8.145,29.112736
test,A5,8.204,30.915493
test,A5,8.289,30.366787
test,A5,8.434,29.639816
test,A5,8.956,31.216396
test,A5,9.208629,30.717663
test,A5,8.781629,31.090872
test,A5,8.574,31.617773
test,A5,8.807745,30.725302
test,A5,9.073706,30.099133
test,A5,9.175961,28.113346
test,A5,9.053,30.295506
test,A5,9.26,26.695251
test,A5,9.850643,24.742323
test,A5,9.622535,18.447725
test,A5,9.174891,21.413612
test,A5,9.054,28.076744
test,A5,8.78,29.213219
test,A5,8.675,25.792978
test,A5,8.738,22.662346
test,A5,8.796,19.899567
test,A5,9.0,21.265377
test,A5,9.052,24.452835
test,A5,8.878,27.594753
test,A5,8.556,23.97502
test,A5,8.258,22.503206
test,A5,8.261,23.037773
test,A5,8.328,21.609005
test,A5,8.42,21.153944
test,A5,8.388,21.73316
test,A5,8.32746,25.366219
test,A5,8.835461,9.168815
test,A5,9.946,7.251023
test,A5,10.554,6.1653585
test,A5,10.55198,6.286267
test,A5,10.61298,8.168211
test,A5,11.173,24.912903
test,A5,12.335,25.15596
test,A5,13.328,28.10973
test,A5,14.271,27.7669
test,A5,16.035,17.034775
test,A5,18.17,20.436014
test,A5,19.866,22.09697
test,A5,20.601,26.84163
test,A5,20.413,31.964552
test,A5,20.611,31.326618
test,A5,21.289,30.513851
test,A5,21.313,30.407215
test,A5,21.027,27.84002
test,A5,20.382,29.368805
test,A5,20.621435,27.56041
test,A5,21.927435,17.39906
test,A5,22.57937,25.383026
test,A5,22.932371,31.204128
test,A5,22.656,30.510498
test,A5,22.298,25.005802
test,A5,22.618,23.130564
test,A5,22.805,29.089548
test,A5,21.879,28.761421
test,A5,20.891,30.213766
test,A5,21.242,29.810581
test,A5,21.467,28.002892
test,A5,21.789,29.084888
test,A5,22.572,26.74759
test,A5,22.902739,27.622208
test,A5,22.856737,23.63712
test,A5,23.106,26.216028
test,A5,23.829,26.071795
test,A5,24.267,24.983824
test,A5,24.838,13.074417
test,A5,25.273,14.37645
test,A5,25.683,24.079338
test,A5,25.6245,29.103683
test,A5,25.6975,28.070679
test,A5,26.964,25.281689
test,A5,27.5,27.487663
test,A5,26.76,20.161118
test,A5,26.416029,23.306244
test,A5,26.52903,26.852745
test,A5,26.064,26.461903
test,A5,25.908,22.986492
test,A5,25.599,27.504818
test,A5,25.624,27.84596
test,A5,25.943,26.567053
test,A5,25.482,29.986336
test,A5,25.604,25.311516
test,A5,25.983,28.529968
test,A5,26.014,23.322308
test,A5,26.157,25.568222
test,A5,26.543,28.621243
test,A5,26.980486,24.834944
test,A5,26.713486,29.043037
test,A5,26.193,28.011353
test,A5,26.007,24.199154
test,A5,25.298,25.401949
test,A5,24.947,25.63317
test,A5,26.132,25.944935
test,A5,26.226946,24.160847
test,A5,25.347944,22.12443
test,A5,25.202108,25.208435
test,A5,25.073109,23.82391
test,A5,25.299,21.25217
test,A5,25.945,25.43576
test,A5,26.374,24.129642
test,A5,26.305,24.145725
test,A5,26.215,24.14219
test,A5,26.245,20.736399
test,A5,26.235,24.475956
test,A5,26.345,23.858797
test,A5,26.252,21.120953
test,A5,26.047,26.19125
test,A5,26.066,27.565804
test,A5,26.01,25.781826
test,A5,25.899,26.083534
test,A5,25.777,26.000795
test,A5,25.826,26.835646
test,A5,26.03,23.228798
test,A5,26.174,23.580067
test,A5,26.058,24.02787
test,A5,25.821,25.03076
test,A5,25.696,24.756435
test,A5,25.678,24.156597
test,A5,25.708,22.377712
test,A5,25.517,23.178417
test,A5,25.47,25.145092
test,A5,25.643,25.91681
test,A5,25.629,25.61045
test,A5,25.729,26.584324
test,A5,25.903,23.709177
test,A5,25.877,23.356976
test,A5,25.802,24.862083
test,A5,25.864,20.891472
test,A5,26.22,20.302975
test,A5,26.463,21.935955
test,A5,26.468,22.052877
test,A5,26.42,19.581923
test,A5,26.354,12.97461
test,A5,26.351,22.097261
test,A5,26.025,19.907234
test,A5,25.675,23.894978
test,A5,25.703,25.892021
test,A5,25.671,23.168137
test,A5,25.795,23.549877
test,A5,26.021,25.503952
test,A5,25.926,22.070244
test,A5,25.761,17.266407
test,A5,25.713,11.270179
test,A5,25.612,21.0285
test,A5,25.285,22.71466
test,A5,24.714,23.422413
test,A5,24.213,26.767296
test,A5,23.96,23.423244
test,A5,23.804,25.529186
test,A5,23.49,24.822298
test,A5,23.087,24.224068
test,A5,22.896,22.439425
test,A5,22.766218,24.020433
test,A5,22.470219,18.481445
test,A5,22.034,22.187912
test,A5,21.425,24.512094
test,A5,20.719,28.676527
test,A5,20.153,25.351734
test,A5,19.884,24.881096
test,A5,19.841,23.47928
test,A5,20.086,21.358498
test,A5,20.507,17.07896
test,A5,20.983,6.4637027
test,A5,21.327,12.489686
test,A5,21.274,22.126362
test,A5,21.23,22.250755
test,A5,21.404,21.345545
test,A5,21.472,21.415453
test,A5,21.499,23.537535
test,A5,21.384,22.84691
test,A5,21.294,22.60931
test,A5,21.429,17.996286
test,A5,21.44,23.366377
test,A5,21.514,22.358576
test,A5,21.556,19.938757
test,A5,21.493,20.913979
test,A5,21.474,21.554873
test,A5,21.527,27.054598
test,A5,21.583,24.869087
test,A5,21.488255,23.304104
test,A5,21.304255,21.071566
test,A5,21.342,20.446875
test,A5,21.439,22.24858
test,A5,21.452806,26.702686
test,A5,21.317806,26.281288
test,A5,21.162,25.257607
test,A5,21.339,24.099655
test,A5,21.556,22.799223
test,A5,21.634,21.7297
test,A5,21.599,17.969193
test,A5,21.525,21.41634
test,A5,21.43,25.612206
test,A5,21.546,23.54852
test,A5,21.577,18.785923
test,A5,21.461,21.689789
test,A5,21.535,21.238325
test,A5,21.564,25.86303
test,A5,21.517,25.984303
test,A5,21.51397,23.317345
test,A5,21.52397,25.197588
test,A5,21.38,25.345123
test,A5,21.209,19.93713
test,A5,21.194,20.695255
test,A5,21.352,29.895895
test,A5,21.561,28.18519
test,A5,21.717,25.791578
test,A5,21.693172,24.216022
test,A5,21.747173,25.25232
test,A5,21.811,27.748955
test,A5,21.668,28.930077
test,A5,21.444,25.145075
test,A5,21.28,22.886362
test,A5,21.121,28.66379
test,A5,20.759,31.654932
test,A5,20.593,31.668621
test,A5,20.647,31.685658
test,A5,20.509792,31.748856
test,A5,20.155054,31.868893
test,A5,19.786263,31.992836
test,A5,19.863,31.101398
test,A5,19.789,29.013336
test,A5,18.912,30.127707
test,A5,18.904,31.276602
test,A5,19.938,31.54998
test,A5,21.001,28.073225
test,A5,21.865,28.060595
test,A5,22.306,31.830719
test,A5,22.434,31.69186
test,A5,22.296,28.639805
test,A5,22.23,32.103935
test,A5,21.618614,31.790573
test,A5,20.551615,30.305752
test,A5,20.403,31.028404
test,A5,20.823,31.46151
test,A5,21.132,30.157944
test,A5,21.315,32.092182
test,A5,21.385,29.717537
test,A5,21.095,27.433409
test,A5,21.223,31.879848
test,A5,21.951,31.213669
test,A5,22.173,30.336367
test,A5,22.096,32.28162
test,A5,21.723,32.151024
test,A5,21.342,31.997454
test,A5,21.451,31.565325
test,A5,21.785,31.40599
test,A5,21.769,32.19094
test,A5,21.52,31.93639
test,A5,21.401,31.147924
test,A5,21.336,31.20325
test,A5,21.391,30.585339
test,A5,21.407,31.162079
test,A5,21.317,31.766195
test,A5,21.441,32.450226
test,A5,21.619,31.711388
test,A5,21.808,31.562876
test,A5,21.928,31.625763
test,A5,21.461,32.307117
test,A5,21.076,30.56492
test,A5,21.112,29.976315
test,A5,21.068,31.764317
test,A5,21.016,31.56284
test,A5,20.989025,31.328157
test,A5,20.937025,30.994095
test,A5,20.854239,30.8121
test,A5,20.569237,32.398426
test,A5,20.22,32.176495
test,A5,20.14,30.869877
test,A5,20.234,31.926785
test,A5,20.268,31.10465
test,A5,20.186,31.54721
test,A5,20.225,31.991451
test,A5,20.269,31.286547
test,A5,20.117,30.858912
test,A5,19.718,31.069195
test,A5,19.515,30.872997
test,A5,19.4,31.672976
test,A5,19.179,31.216719
test,A5,19.171,32.145126
test,A5,19.137,30.707983
test,A5,19.072,30.72414
test,A5,19.074238,30.874977
test,A5,18.925238,31.021393
test,A5,18.803,30.58413
test,A5,19.108,30.90838
test,A5,19.334,31.17974
test,A5,18.988,31.341902
test,A5,18.684,31.84037
test,A5,18.701,32.116585
test,A5,18.306,32.148705
test,A5,18.039,30.684887
test,A5,18.236,31.08751
test,A5,18.217,31.22882
test,A5,18.132,27.88692
test,A5,18.205,28.58258
test,A5,18.456,29.308846
test,A5,18.84,31.208473
test,A5,19.201,29.916851
test,A5,18.9,29.8026
test,A5,18.285,31.086521
test,A5,18.146,29.892971
test,A5,18.152,29.540863
test,A5,18.139114,31.124275
test,A5,18.043169,30.806965
test,A5,18.042055,31.184399
test,A5,18.259,31.079718
test,A5,18.396,30.744738
test,A5,18.531,31.33549
test,A5,18.763,31.41736
test,A5,18.868946,31.871408
test,A5,18.778946,30.492687
test,A5,18.479,33.13189
test,A5,18.407263,32.118584
test,A5,18.709263,31.423704
test,A5,18.669,32.536297
test,A5,18.255,31.888662
test,A5,18.164,30.54449
test,A5,18.272955,31.104721
test,A5,18.248955,31.159267
test,A5,18.368,31.030592
test,A5,18.927,30.787182
test,A5,19.554916,29.873617
test,A5,19.691916,29.872437
test,A5,19.599,31.186756
test,A5,19.543,31.95071
test,A5,19.284,32.095505
test,A5,19.162,31.738953
test,A5,19.551,32.743477
test,A5,19.742,31.880383
test,A5,19.453,31.677475
test,A5,19.091,32.08363
test,A5,18.905,32.59967
test,A5,19.11,31.04585
test,A5,19.465,31.01276
test,A5,19.446,32.092026
test,A5,19.107,31.920208
test,A5,19.049,31.787617
test,A5,19.243,32.55278
test,A5,19.512,31.990833
test,A5,19.637,31.264755
test,A5,19.584778,31.304459
test,A5,19.807688,31.273579
test,A5,20.073912,31.770317
test,A5,20.123991,31.562267
test,A5,20.13799,31.173637
test,A5,20.313,31.241436
test,A5,20.392,31.83902
test,A5,20.357,30.97829
test,A5,20.361,30.655453
test,A5,20.035,31.742147
test,A5,19.775064,31.269321
test,A5,19.853064,33.08275
test,A5,19.907,32.307438
test,A5,20.168,31.734785
test,A5,20.221321,32.99901
test,A5,20.260323,31.856922
test,A5,20.487415,31.774006
test,A5,20.909416,31.736584
test,A5,21.129,32.440002
test,A5,20.794,31.417171
test,A5,20.346,30.848124
test,A5,20.04,32.413685
test,A5,20.178,31.693554
test,A5,20.205,31.859749
test,A5,20.070639,31.981007
test,A5,20.30864,31.401588
test,A5,20.496,31.376925
test,A5,20.286589,32.700287
test,A5,19.76459,31.927822
test,A5,19.121,32.2513
test,A5,18.940866,32.23592
test,A5,18.933867,30.827847
test,A5,19.077,31.425163
test,A5,19.604,31.834145
test,A5,20.097,31.697357
test,A5,20.614,31.973522
test,A5,21.151,31.255438
test,A5,20.973,32.858414
test,A5,19.602,32.206886
test,A5,18.266,30.088337
test,A5,18.241,30.196844
test,A5,18.949,31.708836
test,A5,19.358925,31.76121
test,A5,19.415926,31.38316
test,A5,19.812,32.3402
test,A5,20.06796,31.937315
test,A5,19.95396,30.0066
test,A5,19.96,32.24091
test,A5,19.646797,32.13676
test,A5,19.194798,31.437494
test,A5,19.205,31.407736
test,A5,19.304,32.264156
test,A5,19.52448,32.0076
test,A5,19.39748,31.790981
test,A5,19.158955,31.609604
test,A5,19.263956,31.265406
test,A5,19.244,31.689995
test,A5,19.363,30.866974
test,A5,19.322,30.49858
test,A5,19.258,30.17313
test,A5,19.135,31.73853
test,A5,18.804,31.55496
test,A5,18.686,30.347164
test,A5,18.772,31.419495
test,A5,19.078,31.808575
test,A5,19.313,30.31612
test,A5,19.265,30.360306
test,A5,19.209,32.152
test,A5,19.045,31.76064
test,A5,19.190456,30.83422
test,A5,19.909456,30.888298
test,A5,20.575312,31.58535
test,A5,21.05231,31.339348
test,A5,21.307,31.247602
test,A5,21.961,31.655775
test,A5,22.847,31.701557
test,A5,22.62,30.842379
test,A5,21.886658,31.40987
test,A5,21.22066,30.760862
test,A5,20.338,31.378204
test,A5,20.285,30.207426
test,A5,20.388737,31.135094
test,A5,19.944738,31.020134
test,A5,20.119104,29.086243
test,A5,20.498104,30.805801
test,A5,20.562,31.739843
test,A5,20.978,32.0743
test,A5,21.825396,31.827549
test,A5,21.615396,30.80448
test,A5,20.494,31.223282
test,A5,20.604,30.890762
test,A5,21.615,31.246616
test,A5,22.364,30.99235
test,A5,23.01,30.64302
test,A5,23.514,30.676018
test,A5,23.34212,30.341415
test,A5,22.903118,31.211767
test,A5,22.829,31.97182
test,A5,22.566925,30.951714
test,A5,22.252926,29.977787
test,A5,22.326,27.108963
test,A5,22.74,30.065321
test,A5,23.141,30.489056
test,A5,23.268,31.389774
test,A5,23.089,32.195522
test,A5,23.008,31.088627
test,A5,23.27,29.159344
test,A5,23.718,31.11837
test,A5,24.083,31.339304
test,A5,24.021,31.750002
test,A5,23.467,31.782207
test,A5,23.0815,32.42817
test,A5,23.0525,31.729252
test,A5,22.964,30.949158
test,A5,23.081663,31.016396
test,A5,22.902664,32.7865
test,A5,22.448,32.60917
test,A5,22.419,31.535093
test,A5,22.79205,31.421238
test,A5,23.06005,30.850422
test,A5,23.235,27.287062
test,A5,23.204,31.206715
test,A5,22.83,31.042622
test,A5,22.85,30.408564
test,A5,23.103,31.085571
test,A5,23.165,32.078796
test,A5,23.237783,31.97599
test,A5,23.386784,31.937473
test,A5,23.412,31.767067
test,A5,23.229,30.93377
test,A5,23.275312,30.773685
test,A5,23.660124,31.868542
test,A5,23.702812,32.348213
test,A5,23.495,32.0677
test,A5,23.549683,32.22565
test,A5,23.410683,31.849413
test,A5,23.313,31.853096
test,A5,23.519,31.020042
test,A5,23.399,32.003685
test,A5,23.369,31.962584
test,A5,23.524,30.620382
test,A5,23.654,31.26742
test,A5,23.843,31.040607
test,A5,23.739,30.60202
test,A5,23.834,32.5442
test,A5,24.194,31.953999
test,A5,24.394,30.817476
test,A5,24.49,31.022278
test,A5,24.46,31.099337
test,A5,24.297,32.561836
test,A5,24.152,32.758842
test,A5,24.287,33.710075
test,A5,24.362,32.818497
test,A5,24.233,32.147884
test,A5,24.245,32.185604
test,A5,24.252,30.985226
test,A5,24.276,32.406963
test,A5,24.25,31.67348
test,A5,24.24,30.579731
test,A5,24.344,30.69334
test,A5,24.216,30.689644
test,A5,23.882,31.44362
test,A5,23.476,31.236319
test,A5,23.058,31.12767
test,A5,22.89,31.913511
test,A5,22.941,31.536327
test,A5,23.194,30.463602
test,A5,23.396109,30.830923
test,A5,23.46111,29.449364
test,A5,23.674,28.553862
test,A5,23.935,31.476437
test,A5,24.274,30.857735
test,A5,24.625,30.082073
test,A5,24.715,30.551783
test,A5,24.453,30.171244
test,A5,24.218,30.912733
test,A5,24.38,29.994688
test,A5,24.806,30.45261
test,A5,24.66,29.989012
test,A5,24.273,32.038994
test,A5,24.167,31.828487
test,A5,24.155,32.331287
test,A5,23.964,31.450312
test,A5,23.406,32.092415
test,A5,22.97,32.699196
test,A5,23.153,31.118536
test,A5,23.659683,30.956573
test,A5,24.085684,31.51817
test,A5,24.261,31.066616
test,A5,24.135,32.63559
test,A5,23.711,31.430683
test,A5,23.528,30.617386
test,A5,23.782,32.048336
test,A5,23.519833,30.320333
test,A5,23.169832,29.941082
test,A5,23.666,31.4472
test,A5,24.289,31.824123
test,A5,24.523,30.356796
test,A5,24.190712,30.949095
test,A5,24.585712,31.235651
test,A5,26.26,30.480522
test,A5,26.124,28.95356
test,A5,25.377113,31.030516
test,A5,25.501114,31.138983
test,A5,25.278381,31.40792
test,A5,24.64738,32.195015
test,A5,24.174816,31.719841
test,A5,24.407816,31.362925
test,A5,24.765,31.346954
test,A5,24.651,32.48459
test,A5,24.451,31.576527
test,A5,24.483,31.30266
test,A5,24.369,30.471886
test,A5,24.492,31.069633
test,A5,24.881,30.168278
test,A5,25.409273,30.099812
test,A5,25.512272,32.19514
test,A5,25.128,31.947023
test,A5,24.653,31.315292
test,A5,24.199,31.946964
test,A5,24.1,31.822865
test,A5,24.11197,30.828808
test,A5,24.06397,29.964481
test,A5,24.006,30.322964
test,A5,24.046,31.767641
test,A5,24.105,30.960743
test,A5,24.075,30.970549
test,A5,24.043,32.387394
test,A5,24.138,31.71215
test,A5,24.332,33.296524
test,A5,23.972,31.739424
test,A5,23.442,31.569527
test,A5,23.375,31.612843
test,A5,23.46,30.90445
test,A5,23.772,30.206917
test,A5,24.054,29.10228
test,A5,24.374,30.995745
test,A5,24.43786,31.46917
test,A5,24.268862,30.88611
test,A5,24.099,30.822273
test,A5,23.999317,30.844963
test,A5,23.568317,31.987316
test,A5,23.18,32.000137
test,A5,23.841,31.753727
test,A5,24.416,32.07202
test,A5,24.91183,32.56763
test,A5,25.475832,31.591698
test,A5,25.684,31.450268
test,A5,25.923,31.937023
test,A5,25.763,31.187218
test,A5,25.454,30.534512
test,A5,25.753,31.463942
test,A5,25.958,31.922424
test,A5,25.748,32.173523
test,A5,25.664,30.686596
test,A5,25.696138,31.033043
test,A5,25.783138,31.974087
test,A5,25.858,31.169403
test,A5,25.775,30.98461
test,A5,25.707,31.682005
test,A5,25.659,31.117756
test,A5,25.62,32.152016
test,A5,25.755,31.081787
test,A5,25.853,31.66867
test,A5,25.674,31.660717
test,A5,25.715,32.050533
test,A5,26.098,31.956863
test,A5,26.259005,31.603056
test,A5,26.057005,31.935024
test,A5,25.319,31.056065
test,A5,24.893272,32.431335
test,A5,24.773272,31.96547
test,A5,24.313223,29.860073
test,A5,24.312223,31.362522
test,A5,24.522,30.880875
test,A5,24.65,31.52969
test,A5,24.838,31.480478
test,A5,24.948,31.33692
test,A5,24.92,30.922901
test,A5,24.791811,29.531143
test,A5,24.639812,31.07154
test,A5,24.84,31.139736
test,A5,24.926,31.378849
test,A5,24.619745,32.003944
test,A5,24.629745,31.691978
test,A5,24.847,32.704075
test,A5,24.93,32.703705
test,A5,25.199,32.46358
test,A5,25.761,31.826118
test,A5,26.499,32.392143
test,A5,27.196,32.647133
test,A5,27.6,32.02062
test,A5,27.742,31.305822
test,A5,26.76,31.749859
test,A5,25.591753,32.769573
test,A5,25.225752,32.023445
test,A5,25.218,32.008713
test,A5,25.428,30.430065
test,A5,25.458,31.038345
test,A5,25.236,31.595211
test,A5,25.043,31.950502
test,A5,25.31,31.846094
test,A5,26.105,32.24892
test,A5,26.386238,31.708212
test,A5,25.955238,29.47417
test,A5,25.777,32.093845
test,A5,25.575,31.621632
test,A5,25.415,31.573788
test,A5,25.562,32.233692
test,A5,25.465,31.898857
test,A5,25.267,30.238708
test,A5,25.16,32.429955
test,A5,25.057,32.623894
test,A5,25.34,32.623116
test,A5,26.032,32.216225
test,A5,26.69,31.046783
test,A5,26.808,30.983788
test,A5,26.344,30.987167
test,A5,25.585,30.598501
test,A5,24.485,30.720863
test,A5,23.505362,31.047836
test,A5,23.403362,30.95557
test,A5,23.274,31.134655
test,A5,23.186,27.305124
test,A5,23.696,32.16897
test,A5,24.73,32.19324
test,A5,25.537,31.686491
test,A5,25.49,31.452745
test,A5,25.925,31.016071
test,A5,26.102,27.104658
test,A5,25.217,32.16926
test,A5,25.106,31.394955
test,A5,25.969,31.670162
test,A5,26.406,31.02825
test,A5,25.803,30.591633
test,A5,25.332,30.578213
test,A5,25.608,29.64323
test,A5,26.196,27.965824
test,A5,26.29,27.949722
test,A5,25.406,29.78902
test,A5,25.36,31.75298
test,A5,25.772,29.764488
test,A5,24.905605,28.389572
test,A5,22.852606,30.20894
test,A5,21.738,31.872513
test,A5,22.525,29.324928
test,A5,23.874,27.092686
test,A5,24.657,26.579578
test,A5,24.953,27.223412
test,A5,24.223,29.633207
test,A5,23.617237,31.100763
test,A5,24.005238,31.78854
test,A5,21.851,31.00787
test,A5,20.547,27.186357
test,A5,23.446,27.597193
test,A5,27.153,29.05767
test,A5,29.854,30.923832
test,A5,30.283,29.84772
test,A5,28.377,32.0814
test,A5,27.377,31.421642
test,A5,27.87,31.005058
test,A5,27.828135,31.732677
test,A5,26.601614,31.33969
test,A5,25.164505,30.535707
test,A5,24.834024,29.514692
test,A5,25.119,27.070635
test,A5,24.937,31.031433
test,A5,23.774372,31.626125
test,A5,22.556372,30.939373
test,A5,22.423,31.770582
test,A5,22.788,31.967636
test,A5,22.608,31.300344
test,A5,22.323,30.820122
test,A5,22.5,29.725708
test,A5,23.304,30.178928
test,A5,23.909,32.5843
test,A5,24.054,31.81903
test,A5,24.178,32.404694
test,A5,24.21,31.886395
test,A5,24.175,31.439339
test,A5,23.928398,31.303677
test,A5,23.515398,31.094711
test,A5,23.598,30.192326
test,A5,23.653,30.249931
test,A5,23.531,30.258047
test,A5,23.692,30.495857
test,A5,24.003,31.083622
test,A5,24.358,31.146294
test,A5,24.470936,30.545452
test,A5,24.552862,30.575567
test,A5,24.563925,31.337835
test,A5,24.697882,30.809883
test,A5,24.937881,31.826077
test,A5,25.006,31.470436
test,A5,25.217,30.391943
test,A5,25.472,29.535803
test,A5,25.36185,30.112696
test,A5,25.192852,30.699003
test,A5,25.627,31.117624
test,A5,26.413,32.021072
test,A5,26.574,31.899
test,A5,26.228,32.31907
test,A5,25.977,33.5071
test,A5,25.928,31.899773
test,A5,25.717,32.183426
test,A5,25.455,32.118847
test,A5,25.443,31.028397
test,A5,25.624,31.439816
test,A5,25.934,31.29721
test,A5,26.026,32.29354
test,A5,25.82,32.41481
test,A5,25.757,31.331215
test,A5,25.985,32.294968
test,A5,25.682,31.902346
test,A5,24.299,31.199442
test,A5,23.796,29.094154
test,A5,24.652817,30.987617
test,A5,25.348816,32.297707
test,A5,26.172,30.967602
test,A5,26.797,30.584084
test,A5,26.551,31.123316
test,A5,26.291,31.272703
test,A5,26.427,31.835411
test,A5,26.334,28.85458
test,A5,26.057,31.306576
test,A5,25.908,31.284775
test,A5,25.839,31.442238
test,A5,25.876,30.925385
test,A5,26.04016,31.060778
test,A5,26.031158,30.382088
test,A5,25.996,31.413883
test,A5,25.926,32.29381
test,A5,25.626,31.763365
test,A5,25.659,32.21088
test,A5,25.893,31.943073
test,A5,26.081,32.992695
test,A5,26.29962,31.789371
test,A5,26.62962,31.61221
test,A5,26.592,31.481031
test,A5,25.804,31.538029
test,A5,25.192719,29.496012
test,A5,25.209263,31.771654
test,A5,24.828545,32.284866
test,A5,23.575,31.394932
test,A5,22.454,31.809772
test,A5,22.776,31.832064
test,A5,23.592,31.835125
test,A5,24.443,31.414526
test,A5,25.634,29.670708
test,A5,26.733,31.590313
test,A5,27.552,31.134705
test,A5,27.117,31.178856
test,A5,26.475603,31.768028
test,A5,26.056604,30.784166
test,A5,25.378218,30.867409
test,A5,24.808218,30.770218
test,A5,24.136,32.19043
test,A5,23.705,31.740746
test,A5,23.742,30.965132
test,A5,24.295,29.185818
test,A5,25.018974,31.275452
test,A5,25.243975,31.042465
test,A5,25.08599,29.61195
test,A5,24.93399,31.924002
test,A5,24.865,30.09955
test,A5,24.557,30.830359
test,A5,23.201,28.999197
test,A5,22.708,30.102608
test,A5,24.294,27.62268
test,A5,25.589,30.042122
test,A5,26.031,31.574556
test,A5,25.754,30.25087
test,A5,25.103,30.64119
test,A5,24.549,30.723927
test,A5,23.669407,31.219093
test,A5,23.658405,30.86929
test,A5,24.515,31.377851
test,A5,24.572,30.48051
test,A5,24.546,31.116997
test,A5,24.863,30.678558
test,A5,25.037,31.057457
test,A5,24.733,30.632168
test,A5,24.04997,31.768278
test,A5,23.798971,32.96228
test,A5,24.069153,30.595585
test,A5,24.375153,31.738295
test,A5,24.312,30.84528
test,A5,23.909,30.855492
test,A5,24.041,30.102245
test,A5,24.557,31.064081
test,A5,25.13,32.570835
test,A5,25.304,31.646706
test,A5,25.357004,31.348408
test,A5,25.698006,31.1159
test,A5,25.862,31.696568
test,A5,25.941,30.834465
test,A5,25.686,31.41946
test,A5,25.463,30.375042
test,A5,25.561,31.254879
test,A5,25.722,30.560411
test,A5,25.613,30.940218
test,A5,25.594,31.100796
test,A5,25.79,31.29469
test,A5,25.795,32.245235
test,A5,25.825,32.039474
test,A5,25.88,32.625595
test,A5,25.936,32.020466
test,A5,25.9,31.230055
test,A5,25.79,31.916555
test,A5,25.589,31.977697
test,A5,25.189,32.277027
test,A5,24.896,31.829916
test,A5,25.027,30.855148
test,A5,25.444,32.393864
test,A5,25.798227,32.31929
test,A5,26.134336,30.314903
test,A5,26.16511,31.355751
test,A5,25.897,31.709084
test,A5,25.871,30.966515
test,A5,25.87,32.427605
test,A5,25.79,31.811478
test,A5,25.933,33.431908
test,A5,26.176277,31.43438
test,A5,26.162277,31.538557
test,A5,26.262674,31.532326
test,A5,26.402676,31.138592
test,A5,26.958,30.985832
test,A5,27.827,31.24089
test,A5,28.129,31.507023
test,A5,28.241,31.751812
test,A5,27.188679,31.642666
test,A5,25.969679,30.886196
test,A5,26.343,31.66447
test,A5,26.886,31.586935
test,A5,25.514,31.155432
test,A5,23.509,31.68135
test,A5,22.866,31.112051
test,A5,23.353,30.122341
test,A5,24.139,31.450216
test,A5,24.738,32.072792
test,A5,25.04339,31.896019
test,A5,25.453796,31.895004
test,A5,26.577406,31.733637
test,A5,28.046,31.815903
test,A5,28.492,31.79367
test,A5,27.544,30.484385
test,A5,26.531,31.628746
test,A5,26.297,31.835365
test,A5,26.406,31.436466
test,A5,26.119,31.514973
test,A5,25.933,32.186707
test,A5,26.012995,31.819399
test,A5,26.047995,32.146214
test,A5,26.035,32.666046
test,A5,25.952,31.757462
test,A5,26.051,32.325912
test,A5,26.057,30.170506
test,A5,25.353,32.58474
test,A5,24.235,31.719212
test,A5,23.59,31.347439
test,A5,24.29,30.614773
test,A5,25.30405,28.381453
test,A5,25.54605,31.688465
test,A5,25.659,32.411285
test,A5,25.708,30.05843
test,A5,25.822,31.872093
test,A5,26.071,31.971096
test,A5,26.016,31.318024
test,A5,25.771,30.99303
test,A5,25.764,32.042416
test,A5,25.843,31.237785
test,A5,25.744,30.208868
test,A5,26.032,31.13216
test,A5,26.177,32.293594
test,A5,25.168,30.252054
test,A5,24.938,30.721748
test,A5,26.003,31.71767
test,A5,26.435,32.53753
test,A5,26.279,31.476812
test,A5,25.878,32.489082
test,A5,25.509,31.28046
test,A5,25.678,31.699802
test,A5,26.072886,31.750021
test,A5,26.049885,30.541553
test,A5,25.368,33.0083
test,A5,24.247,32.00475
test,A5,23.389,30.593536
test,A5,24.013,29.587307
test,A5,25.732,31.610874
test,A5,27.399,32.590584
test,A5,27.325941,31.208586
test,A5,26.335941,31.97777
test,A5,25.916307,30.349052
test,A5,25.424633,31.729088
test,A5,25.489326,32.31395
test,A5,25.718,31.450104
test,A5,25.912,31.781939
test,A5,26.177,31.114439
test,A5,26.216,31.452047
test,A5,26.077,32.095455
test,A5,25.967,31.48651
test,A5,25.88,31.566929
test,A5,25.787233,31.828756
test,A5,25.580372,31.999815
test,A5,25.374138,31.662243
test,A5,25.757,31.291607
test,A5,25.61,31.527092
test,A5,24.937,31.592384
test,A5,25.102,33.024277
test,A5,25.386,31.871117
test,A5,25.644,31.011795
test,A5,25.691,32.087463
test,A5,25.386,32.07448
test,A5,25.605,32.27675
test,A5,25.521,31.88449
test,A5,24.945,31.812996
test,A5,25.031,31.84106
test,A5,25.512604,31.12353
test,A5,26.128605,31.320532
test,A5,26.387,32.88651
test,A5,26.374,32.84395
test,A5,26.54,32.72022
test,A5,26.591,30.653507
test,A5,26.56,32.25077
test,A5,26.221,31.163715
test,A5,26.061,31.31018
test,A5,25.994,32.10017
test,A5,25.788,31.057789
test,A5,25.786,31.741947
test,A5,25.803,30.28767
test,A5,25.794,29.986681
test,A5,25.934,31.75431
test,A5,26.256,32.382565
test,A5,26.509,31.36568
test,A5,26.498,30.511578
test,A5,26.703,31.296785
test,A5,27.085,31.721264
test,A5,27.368,32.523422
test,A5,26.88,31.805481
test,A5,26.182,31.122904
test,A5,26.302,29.766144
test,A5,26.376,32.164593
test,A5,26.043,31.164669
test,A5,25.497,31.847946
test,A5,25.175,32.79371
test,A5,25.126,31.786308
test,A5,25.093,30.627705
test,A5,25.178,31.507677
test,A5,25.481,30.701069
test,A5,25.424,31.972261
test,A5,24.824,31.209942
test,A5,24.00154,30.100822
test,A5,23.90454,31.4589
test,A5,24.122,31.069424
test,A5,24.08,31.057346
test,A5,24.16,30.408112
test,A5,24.029,30.383957
test,A5,24.216,30.974697
test,A5,24.566,30.866007
test,A5,24.931,27.416147
test,A5,25.371,28.405142
test,A5,25.513004,29.835743
test,A5,25.527004,25.102451
test,A5,25.614,30.118809
test,A5,25.56589,32.013683
test,A5,25.34789,32.108868
test,A5,25.199,29.359184
test,A5,25.308,31.129194
test,A5,25.456,31.737053
test,A5,25.481,30.274075
test,A5,25.131,30.524254
test,A5,24.327,30.745808
test,A5,24.286,29.50516
test,A5,24.641,31.249832
test,A5,25.156,31.673695
test,A5,26.267,31.856586
test,A5,27.209,28.759087
test,A5,27.93912,28.371239
test,A5,27.660118,26.98686
test,A5,27.196,28.829653
test,A5,26.643639,32.11328
test,A5,25.428638,31.190355
test,A5,25.191,31.244118
test,A5,25.97,31.633308
test,A5,25.957,31.751514
test,A5,25.781,31.354916
test,A5,26.17,30.690895
test,A5,25.784,31.927433
test,A5,25.501,32.3807
test,A5,25.767,32.2036
test,A5,25.856,31.921227
test,A5,25.861,31.489828
test,A5,25.86,32.107773
test,A5,25.835,31.593264
test,A5,25.814,30.745064
test,A5,25.828,30.657724
test,A5,25.842,31.39098
test,A5,25.55001,31.021261
test,A5,25.35201,29.332771
test,A5,25.626,30.478077
test,A5,26.116,30.31385
test,A5,26.387,31.52162
test,A5,26.275,30.908531
test,A5,25.597,30.4206
test,A5,25.134,30.023743
test,A5,25.111,31.080463
test,A5,24.896,29.767601
test,A5,25.024,30.897085
test,A5,25.172,32.018883
test,A5,24.955,29.947506
test,A5,24.488,30.499367
test,A5,24.45,30.891125
test,A5,25.183,31.663467
test,A5,25.705,30.7401
test,A5,25.595,29.543438
test,A5,25.163,29.932838
test,A5,24.593,31.897005
test,A5,24.717,31.747257
test,A5,24.584,32.698227
test,A5,24.591,32.811676
test,A5,25.05,31.612375
test,A5,25.775,30.761614
test,A5,27.297,32.635605
test,A5,27.866,33.025135
test,A5,27.856,32.221817
test,A5,27.716,30.37267
test,A5,27.323,30.663685
test,A5,27.139673,32.857624
test,A5,27.534674,32.790787
test,A5,28.482698,32.838913
test,A5,28.626968,32.26803
test,A5,27.79327,32.4656
test,A5,27.638,31.285545
test,A5,26.833,31.66906
test,A5,25.652,31.644129
test,A5,25.346,31.357304
test,A5,25.471,31.982208
test,A5,26.202,33.00154
test,A5,26.116966,32.392113
test,A5,25.717966,32.77702
test,A5,25.974,32.134712
test,A5,26.237,32.084908
test,A5,26.56848,32.17547
test,A5,26.37248,32.210175
test,A5,25.867,32.437336
test,A5,25.906,33.537895
test,A5,25.663,32.76431
test,A5,25.442,31.85515
test,A5,25.288,32.135864
test,A5,25.129658,32.644505
test,A5,24.723658,31.900648
test,A5,24.347,31.312681
test,A5,24.944,31.573164
test,A5,25.373,31.477055
test,A5,24.655,33.112236
test,A5,24.642,31.862465
test,A5,25.433,29.755112
test,A5,25.665,26.084301
test,A5,25.988,33.034332
test,A5,26.337,32.359066
test,A5,26.329,29.862513
test,A5,25.889,32.31857
test,A5,25.301,33.366398
test,A5,25.186,32.868507
test,A5,25.469,32.17454
test,A5,25.689213,30.796116
test,A5,25.937212,30.060097
test,A5,25.802748,30.654495
test,A5,25.293747,31.021675
test,A5,24.782,31.706745
test,A5,24.24,31.276669
test,A5,23.73,29.373919
test,A5,23.259,31.17598
test,A5,22.214,31.473427
test,A5,20.942,30.367598
test,A5,20.229,32.540928
test,A5,19.585,31.631449
test,A5,18.813,30.87444
test,A5,18.256,30.4347
test,A5,17.926,31.954971
test,A5,16.757,32.241283
test,A5,15.422,31.461061
test,A5,15.043,31.303722
test,A5,14.79,30.795162
test,A5,14.494,31.867588
test,A5,14.261,31.13583
test,A5,13.66,29.583828
test,A5,12.412,31.89381
test,A5,11.157,32.132477
test,A5,10.239,32.307285
test,A5,9.444,32.545696
test,A5,9.186,32.02319
test,A5,8.836,31.344717
test,A5,8.222,30.768684
test,A5,7.78,30.203182
test,A5,7.117,30.95319
test,A5,6.466,30.72345
test,A5,6.027,29.811142
test,A5,5.305,30.399841
test,A5,4.264,30.93921
test,A5,3.78,31.281227
test,A5,3.467,30.84492
test,A5,1.8678317,29.602995
test,A5,0.4458317,27.486227
test,A5,0.31,26.378038
test,A5,0.279,28.572086
test,A5,0.124,30.670954
test,A5,0.031,29.765217
test,A5,0.27,26.478271
test,A5,0.728,22.310768
test,A5,0.699,19.40485
test,A5,0.927,21.472624
test,A5,2.501,30.596432
test,A5,4.010371,28.463264
test,A5,4.9943714,23.576092
test,A5,5.643,27.634108
test,A5,5.628,30.641518
test,A5,5.374,31.033741
test,A5,5.037,30.42133
test,A5,4.698,30.62487
test,A5,4.483,30.80452
test,A5,4.386,30.34345
test,A5,4.434,29.838734
test,A5,4.39,30.005598
test,A5,4.106,28.731022
test,A5,3.929,28.507826
test,A5,3.922995,30.250132
test,A5,3.913995,29.29948
test,A5,3.913,26.9803
test,A5,3.928,29.760223
test,A5,3.912,30.737923
test,A5,3.795,29.10868
test,A5,3.783,27.457947
test,A5,3.786,30.757683
test,A5,3.62,30.246544
test,A5,3.381,28.922785
test,A5,3.26,30.777378
test,A5,3.452,31.454308
test,A5,3.672,27.393188
test,A5,3.779,24.026638
test,A5,4.066,28.665234
test,A5,4.1826186,27.882654
test,A5,3.7736187,29.321285
test,A5,3.538,30.220978
test,A5,3.5780792,30.402403
test,A5,3.5760791,29.536587
test,A5,3.357,28.645535
test,A5,2.977,28.10474
test,A5,2.782,28.741322
test,A5,2.768,30.653591
test,A5,2.786,31.07004
test,A5,2.887,31.478888
test,A5,2.893,30.675228
test,A5,3.066,30.79941
test,A5,3.556,30.509644
test,A5,3.952,28.987484
test,A5,4.142,30.668688
test,A5,4.034,30.318752
test,A5,3.88,29.257923
test,A5,3.862,30.731289
test,A5,3.994,30.659946
test,A5,4.189,30.007898
test,A5,4.2450743,30.457441
test,A5,4.1830745,30.705343
test,A5,4.244,30.064415
test,A5,4.165,29.138407
test,A5,4.033,29.921482
test,A5,4.048,30.31475
test,A5,3.931,30.129068
test,A5,3.735,30.617573
test,A5,3.708297,30.729067
test,A5,3.595297,30.53308
test,A5,3.629,28.188717
test,A5,3.887,27.946507
test,A5,4.135,29.453705
test,A5,4.551703,29.574211
test,A5,5.135703,28.531122
test,A5,6.125,29.154648
test,A5,7.047,30.415154
test,A5,7.509,30.652374
test,A5,7.751,31.040026
test,A5,7.938,31.397785
test,A5,8.41,31.471615
test,A5,8.986,30.787033
test,A5,8.984,25.844538
test,A5,8.74,28.360485
test,A5,9.039,32.313423
test,A5,10.117,32.367065
test,A5,10.962,31.446026
test,A5,11.144,30.778236
test,A5,11.324,28.781887
test,A5,11.519,31.02088
test,A5,11.59402,32.0147
test,A5,11.60502,31.334637
test,A5,11.694,31.594267
test,A5,11.863,30.627953
test,A5,12.106,30.267193
test,A5,12.239,32.568687
test,A5,12.276,32.118378
test,A5,12.282,29.917007
test,A5,12.293,31.783606
test,A5,12.278,31.288174
test,A5,12.162,30.990156
test,A5,12.150935,31.19482
test,A5,12.255936,31.359291
test,A5,12.306,30.919926
test,A5,12.143074,30.199944
test,A5,12.034074,31.393682
test,A5,12.002,30.620945
test,A5,11.877,31.444334
test,A5,11.837,31.124
test,A5,11.894,30.73065
test,A5,11.957153,30.871273
test,A5,12.0731535,31.463718
test,A5,12.072,29.58553
test,A5,11.931,30.944765
test,A5,11.887,31.520462
test,A5,11.903,30.80906
test,A5,12.181851,30.039669
test,A5,12.571852,30.449892
test,A5,12.771094,31.922771
test,A5,12.966094,32.15054
test,A5,13.303,30.993376
test,A5,13.517,30.692827
test,A5,13.523,29.991957
test,A5,13.498,29.87701
test,A5,13.416,31.90949
test,A5,13.398,32.24006
test,A5,13.601,31.572401
test,A5,13.814,31.73682
test,A5,13.818139,32.464058
test,A5,13.685139,31.598932
test,A5,13.736,32.136307
test,A5,14.037,32.600636
test,A5,14.082,32.593132
test,A5,14.033,32.35137
test,A5,14.232,31.37162
test,A5,14.393,31.996454
test,A5,14.699163,32.05881
test,A5,15.177163,30.990475
test,A5,15.625144,31.191002
test,A5,15.778253,30.293125
test,A5,15.750109,31.2673
test,A5,15.782,31.866945
test,A5,15.822,32.41723
test,A5,15.329,32.64618
test,A5,14.837,32.463524
test,A5,15.209,32.74901
test,A5,15.612,33.03575
test,A5,15.958,32.353043
test,A5,16.309,32.255035
test,A5,16.544,33.07024
test,A5,16.919,32.379066
test,A5,17.177135,32.396935
test,A5,17.237135,33.086334
test,A5,17.149,33.0018
test,A5,17.376,30.621132
test,A5,17.925,31.907173
test,A5,17.998,32.10233
test,A5,17.967,32.88691
test,A5,18.289694,33.441124
test,A5,18.308693,32.88606
test,A5,18.271475,30.905495
test,A5,18.912476,32.03765
test,A5,19.434,32.08416
test,A5,19.305,31.912045
test,A5,18.965,31.473927
test,A5,19.111,31.76437
test,A5,19.816887,32.086853
test,A5,20.242886,31.43759
test,A5,20.08,31.404848
test,A5,20.606,31.190943
test,A5,21.442,32.93084
test,A5,21.953,32.650547
test,A5,22.413118,33.212296
test,A5,21.986149,31.58653
test,A5,22.46403,29.637012
test,A5,24.227673,31.225052
test,A5,24.697495,32.33428
test,A5,24.258821,32.387173
test,A5,24.131,32.345333
test,A5,24.006,32.571568
test,A5,23.489,32.176754
test,A5,23.195,32.10963
test,A5,23.213,31.638407
test,A5,22.486,32.973106
test,A5,21.09,31.412895
test,A5,20.862,32.022717
test,A5,22.126,31.839788
test,A5,23.21,31.330215
test,A5,23.436,31.513683
test,A5,23.411,32.057266
test,A5,23.814,31.976635
test,A5,25.145,32.41553
test,A5,26.055,31.063793
test,A5,26.418,30.781013
test,A5,27.096,30.436384
test,A5,27.173054,31.617994
test,A5,27.149054,31.333694
test,A5,27.424,32.128593
test,A5,27.055,31.058056
test,A5,26.536,29.879322
test,A5,26.352,32.249516
test,A5,25.854925,31.469141
test,A5,25.443926,30.517075
test,A5,24.803,30.576431
test,A5,24.897436,31.139542
test,A5,25.993484,33.30773
test,A5,26.41664,32.144512
test,A5,25.994589,30.810242
test,A5,25.517,31.860361
test,A5,25.686,30.455532
test,A5,25.665,32.02894
test,A5,25.611,31.54058
test,A5,25.756,32.139324
test,A5,25.651,32.087837
test,A5,25.882,31.771452
test,A5,25.887281,32.41301
test,A5,25.482283,31.45536
test,A5,25.429,32.334126
test,A5,24.894678,32.175816
test,A5,23.802618,31.316463
test,A5,22.63494,32.36785
test,A5,22.359564,31.855608
test,A5,24.089565,33.24882
test,A5,25.507,32.09055
test,A5,25.881,31.60662
test,A5,26.404,32.23954
test,A5,26.867,31.850353
test,A5,27.173,31.396917
test,A5,27.423,32.093307
test,A5,27.94,30.366695
test,A5,28.241,30.954182
test,A5,27.211,29.777409
test,A5,26.262,31.821796
test,A5,26.145,30.826506
test,A5,25.775,31.887405
test,A5,25.333,32.171913
test,A5,25.382996,31.68639
test,A5,25.591995,30.9556
test,A5,25.489,31.361223
test,A5,25.468,30.554405
test,A5,25.541,31.637844
test,A5,25.402,32.01444
test,A5,25.095,32.334736
test,A5,24.84998,32.65712
test,A5,24.83198,31.77019
test,A5,25.255,30.910887
test,A5,25.668,29.316658
test,A5,25.841,31.41103
test,A5,26.047,32.071545
test,A5,26.255,32.550846
test,A5,26.456,31.842754
test,A5,26.665,31.017904
test,A5,26.855,32.52089
test,A5,26.943,31.417892
test,A5,27.197,29.798244
test,A5,27.439,30.0232
test,A5,27.329,30.51202
test,A5,26.902,31.687967
test,A5,26.534866,31.321112
test,A5,26.467867,30.47913
test,A5,26.779,31.576103
test,A5,26.786,31.765966
test,A5,26.524,31.768684
test,A5,26.542,31.733559
test,A5,26.313,30.854977
test,A5,25.97,30.974258
test,A5,25.838,31.752073
test,A5,25.846,31.87061
test,A5,25.688,31.755655
test,A5,25.389912,31.890862
test,A5,25.186836,31.614746
test,A5,25.246925,30.359413
test,A5,25.605,32.085873
test,A5,25.901014,32.567764
test,A5,26.014015,31.479225
test,A5,26.258,31.88047
test,A5,26.448,31.072887
test,A5,26.386,29.232086
test,A5,26.05066,30.69748
test,A5,25.455658,31.181696
test,A5,25.053,30.943153
test,A5,25.512777,32.176834
test,A5,26.320778,32.083546
test,A5,26.714,31.211391
test,A5,25.712,31.647076
test,A5,24.107,31.6801
test,A5,24.367,32.036392
test,A5,25.814,32.138638
test,A5,26.65407,32.04595
test,A5,26.747068,30.101284
test,A5,26.351,32.11924
test,A5,26.122,33.005188
test,A5,26.202,31.981815
test,A5,26.085,30.707632
test,A5,26.109,30.919224
test,A5,26.341,32.539864
test,A5,26.61,32.341507
test,A5,26.82,31.502327
test,A5,26.96807,32.617344
test,A5,27.115068,31.173904
test,A5,27.272,30.026829
test,A5,27.347,31.582998
test,A5,27.397055,31.18906
test,A5,27.500055,32.131596
test,A5,27.588,31.658638
test,A5,27.682,30.938007
test,A5,27.507,30.878897
test,A5,27.003307,32.02669
test,A5,26.625307,32.167587
test,A5,26.636,31.999266
test,A5,26.87,32.63021
test,A5,27.01595,31.946129
test,A5,26.90395,30.385696
test,A5,26.708,26.785444
test,A5,27.102,31.216045
test,A5,27.642,30.926306
test,A5,27.861,31.768757
test,A5,27.906149,32.545105
test,A5,27.936148,32.6153
test,A5,28.016,32.778786
test,A5,27.836628,31.67464
test,A5,27.428627,32.034176
test,A5,27.096,32.51548
test,A5,26.883,32.228745
test,A5,26.704,32.601746
test,A5,26.586,32.280178
test,A5,26.625,32.03828
test,A5,26.67196,33.423073
test,A5,26.61996,32.066082
test,A5,26.626,33.078964
test,A5,26.68,32.81974
test,A5,26.82197,31.532654
test,A5,26.94097,31.923698
test,A5,27.09,31.704983
test,A5,27.199,31.976353
test,A5,27.25,33.06237
test,A5,27.316,32.17899
test,A5,27.348,31.789537
test,A5,27.401,33.054825
test,A5,27.479912,32.64854
test,A5,27.44091,31.430748
test,A5,27.36,32.074493
test,A5,27.336,31.542545
test,A5,27.338,32.853188
test,A5,27.46,32.254665
test,A5,27.722,30.50487
test,A5,28.006,29.727339
test,A5,28.178886,31.128239
test,A5,28.322886,31.523788
test,A5,28.457,31.36541
test,A5,28.535,31.641973
test,A5,28.45,32.8981
test,A5,28.242,33.28353
test,A5,28.111,32.828087
test,A5,28.041843,32.157085
test,A5,28.059843,31.254963
test,A5,27.984,31.08458
test,A5,27.828,31.690418
test,A5,27.775,30.005402
test,A5,27.738,29.661032
test,A5,27.655,31.626158
test,A5,27.588,32.42175
test,A5,27.544,31.867643
test,A5,27.458,30.88058
test,A5,27.372,32.597855
test,A5,27.416,32.243614
test,A5,27.594,31.774223
test,A5,27.753056,32.263298
test,A5,27.857056,31.673317
test,A5,27.904,32.19679
test,A5,27.895,32.493958
test,A5,27.878965,30.78278
test,A5,27.908964,31.102516
test,A5,27.967,31.752476
test,A5,27.954,31.29897
test,A5,27.867064,29.107338
test,A5,27.889065,31.91087
test,A5,28.049,29.551937
test,A5,28.135,28.393581
test,A5,28.103,29.072958
test,A5,28.199781,30.425856
test,A5,28.496782,31.158329
test,A5,28.605,28.989824
test,A5,28.435,30.286163
test,A5,28.403,31.884245
test,A5,28.397,31.531227
test,A5,28.222,29.657272
test,A5,28.106,30.269518
test,A5,27.98,32.319126
test,A5,27.874,32.22166
test,A5,27.981,31.00551
test,A5,28.232,30.113987
test,A5,28.435,31.890282
test,A5,28.517115,31.18924
test,A5,28.531115,28.106838
test,A5,28.08,30.10978
test,A5,27.413,30.324213
test,A5,27.199,29.7627
test,A5,27.016,29.765411
test,A5,26.603,30.081755
test,A5,26.143,26.621681
test,A5,25.805,30.670376
test,A5,25.564,31.685064
test,A5,25.401,32.30126
test,A5,25.354,32.01296
test,A5,25.049,30.690744
test,A5,24.583,28.01289
test,A5,24.279,31.724396
test,A5,23.983,32.41173
test,A5,23.62383,31.495266
test,A5,23.280832,29.443192
test,A5,22.974,32.45264
test,A5,22.604,31.801685
test,A5,22.197,30.087238
test,A5,21.876,30.842464
test,A5,21.525,31.668797
test,A5,21.129,30.827213
test,A5,20.601,31.945747
test,A5,19.939,31.068752
test,A5,19.561,30.915062
test,A5,19.364826,30.59214
test,A5,19.032827,30.975464
test,A5,18.579,27.80957
test,A5,18.102,24.962433
test,A5,17.295,31.645405
test,A5,15.928,31.138771
test,A5,14.7,31.927235
test,A5,13.961,32.748642
test,A5,13.470708,32.84286
test,A5,13.003708,31.726278
test,A5,12.485,29.66108
test,A5,11.587,32.216484
test,A5,10.239,31.050457
test,A5,9.110515,29.703856
test,A5,8.128515,31.779894
test,A5,6.948,31.676361
test,A5,5.985,31.17136
test,A5,5.432,31.142134
test,A5,4.938,30.87563
test,A5,4.331,26.407188
test,A5,3.657,25.69365
test,A5,2.716,30.816227
test,A5,1.908,31.37867
test,A5,0.877,30.980473
test,A5,0.14485644,29.622562
test,A5,0.11585644,26.347391
test,A5,0.0,25.844263
test,A5,0.0,25.518724
test,A5,0.0,27.936182
test,A5,0.0,29.805328
test,A5,0.209,28.762701
test,A5,1.342,22.040752
test,A5,2.636,12.713392
test,A5,3.103,29.75793
test,A5,3.343,30.96042
test,A5,3.716,29.505592
test,A5,4.201,28.698112
test,A5,4.532,27.37228
test,A5,4.522,26.049269
test,A5,4.302,26.269802
test,A5,3.938,28.890839
test,A5,3.482,31.043499
test,A5,3.0750644,29.899979
test,A5,2.8350644,28.548792
test,A5,2.749,27.25678
test,A5,2.71,27.655254
test,A5,2.644,31.131681
test,A5,2.643,31.554522
test,A5,2.762312,29.873043
test,A5,2.902312,28.203468
test,A5,3.045,29.167072
test,A5,3.1950643,29.701471
test,A5,3.3539357,28.654785
test,A5,3.5468712,24.181171
test,A5,3.745,23.848625
test,A5,3.939,28.122196
test,A5,3.877,29.759691
test,A5,3.709,29.410069
test,A5,3.62,29.168427
test,A5,3.502,27.422579
test,A5,3.36,29.019855
test,A5,3.006,30.221397
test,A5,2.669,29.841698
test,A5,2.483005,28.86086
test,A5,2.403005,27.73633
test,A5,2.479,27.026068
test,A5,2.698,27.437836
test,A5,2.86,25.511059
test,A5,2.7688367,27.633804
test,A5,2.5278366,27.464012
test,A5,2.3710248,27.659306
test,A5,2.3030248,29.159426
test,A5,2.122,29.148994
test,A5,1.876965,27.776112
test,A5,1.752965,27.422993
test,A5,1.81,29.782799
test,A5,1.961,31.372723
test,A5,2.222,29.919283
test,A5,2.46,27.921951
test,A5,2.506,27.949837
test,A5,2.5339603,27.087646
test,A5,2.4909604,26.904255
test,A5,2.207,29.269718
test,A5,1.999,26.563457
test,A5,1.837,25.640669
test,A5,1.366,29.89339
test,A5,1.05,30.5695
test,A5,1.05,30.123304
test,A5,1.05,27.690138
test,A5,1.05,25.899494
test,A5,1.05,25.87083
test,A5,0.945,26.34552
test,A5,0.42,26.82266
test,A5,0.0,26.467543
test,A5,0.0,27.091978
test,A5,0.0,28.237946
test,A5,0.0,27.476847
test,A5,0.0,25.71056
test,A5,0.0,24.81408
test,A5,0.0,24.020208
test,A5,0.0,23.756714
test,A5,0.136,24.058674
test,A5,0.839,25.503357
test,A5,1.499005,26.780266
test,A5,1.625005,25.13077
test,A5,1.784,27.459808
test,A5,1.969,31.298855
test,A5,2.1547475,30.461542
test,A5,2.5577476,29.536514
test,A5,3.203,28.67367
test,A5,3.966,21.649992
test,A5,4.691,21.89475
test,A5,5.216,24.013454
test,A5,5.347,26.436575
test,A5,5.182,28.738443
test,A5,5.023,29.419834
test,A5,4.883075,29.743069
test,A5,4.728075,31.00465
test,A5,4.601,31.570614
test,A5,4.495,31.102493
test,A5,4.363,30.380192
test,A5,4.32799,31.07727
test,A5,4.39899,30.739319
test,A5,4.523,30.99089
test,A5,4.822,29.571186
test,A5,5.401,25.078869
test,A5,6.121,22.701748
test,A5,6.646,26.401945
test,A5,6.922,22.24189
test,A5,7.066,26.838177
test,A5,7.124,27.79061
test,A5,7.077,28.820196
test,A5,6.962,27.198128
test,A5,6.851,28.941414
test,A5,6.732,30.457205
test,A5,6.485,32.03691
test,A5,6.137,32.274498
test,A5,5.913,31.23991
test,A5,5.754,29.051239
test,A5,5.62,27.557972
test,A5,5.585,27.142857
test,A5,5.601,27.603062
test,A5,5.569,27.774078
test,A5,5.499,27.210125
test,A5,5.468,30.025307
test,A5,5.456,30.428848
test,A5,5.553,29.984978
test,A5,5.6829257,28.592056
test,A5,5.6919255,30.340729
test,A5,5.834,30.310392
test,A5,6.201,27.117046
test,A5,6.516,27.717371
test,A5,6.663,26.255486
test,A5,6.763,28.64545
test,A5,6.769,29.802252
test,A5,6.661,28.983948
test,A5,6.637,27.104858
test,A5,6.535,27.29488
test,A5,6.165,30.293427
test,A5,5.753,29.890774
test,A5,5.53,29.780981
test,A5,5.435,29.465616
test,A5,5.248,29.120611
test,A5,5.039,27.54044
test,A5,4.933,29.875769
test,A5,4.847,31.387314
test,A5,4.889,28.470964
test,A5,5.072,27.65198
test,A5,5.273,27.813452
test,A5,5.3149753,28.347382
test,A5,5.307109,27.843483
test,A5,5.4861336,28.96931
test,A5,5.733,30.679966
test,A5,5.921,30.032694
test,A5,6.011,28.676802
test,A5,6.131,32.111805
test,A5,6.222,31.77141
test,A5,6.341,29.59327
test,A5,6.365,30.84161
test,A5,6.311,31.188381
test,A5,6.436,28.460169
test,A5,6.504,29.442947
test,A5,6.406,30.943882
test,A5,6.253015,29.720531
test,A5,6.177015,29.729095
test,A5,6.1349754,30.045868
test,A5,6.1159754,31.7069
test,A5,6.2360497,30.173702
test,A5,6.4100494,29.76374
test,A5,6.5258813,29.898901
test,A5,6.585881,27.020603
test,A5,7.029,31.582003
test,A5,7.628,31.540419
test,A5,7.786089,28.25259
test,A5,7.754089,30.966156
test,A5,7.89,30.873457
test,A5,8.05,29.396626
test,A5,8.039,30.358568
test,A5,7.974,31.67945
test,A5,7.875,32.244164
test,A5,7.799,31.624567
test,A5,7.713,30.374731
test,A5,7.563,31.687267
test,A5,7.255,30.936699
test,A5,7.009,28.91778
test,A5,6.944,30.485851
test,A5,6.712,30.9547
test,A5,6.399,30.298826
test,A5,6.2,31.593346
test,A5,6.022,31.687155
test,A5,5.864,31.18494
test,A5,5.824,29.487759
test,A5,5.714,30.20105
test,A5,5.523,31.982006
test,A5,5.504,32.491306
test,A5,5.572,31.624264
test,A5,5.743,31.44026
test,A5,5.908906,27.850216
test,A5,5.928906,25.624939
test,A5,6.192,28.052103
test,A5,6.58,28.575455
test,A5,6.825,29.855478
test,A5,7.28,29.768677
test,A5,7.785,32.762745
test,A5,7.947,31.638912
test,A5,7.8261585,30.233147
test,A5,7.5461583,29.59674
test,A5,7.116,30.68158
test,A5,6.645,31.298328
test,A5,6.186,31.333393
test,A5,5.825911,30.983624
test,A5,5.614911,29.886982
test,A5,5.45,26.270905
test,A5,5.333,29.573523
test,A5,5.25,28.917482
test,A5,5.164,28.04912
test,A5,4.996,26.319935
test,A5,4.625,29.28083
test,A5,4.066,30.473099
test,A5,3.609,30.568869
test,A5,3.327,30.073273
test,A5,3.163,28.11162
test,A5,3.104,29.48545
test,A5,3.058,28.923687
test,A5,3.051,30.717936
test,A5,3.068,31.690746
test,A5,3.1767871,30.89236
test,A5,3.523787,28.103008
test,A5,4.123,25.052296
test,A5,4.664,25.25518
test,A5,4.876,27.704994
test,A5,4.949,29.515276
test,A5,4.965,28.290136
test,A5,4.863,29.493542
test,A5,4.766,29.812403
test,A5,4.707901,29.176819
test,A5,4.594901,31.030453
test,A5,4.482,30.72208
test,A5,4.41,30.905079
test,A5,4.313,30.032
test,A5,4.2280593,29.517857
test,A5,4.1320596,31.662075
test,A5,4.01,31.644753
test,A5,3.991,30.794653
test,A5,4.102,29.669853
test,A5,4.237,30.595264
test,A5,4.376,30.65451
test,A5,4.512,28.889359
test,A5,4.573,29.668812
test,A5,4.664,29.857338
test,A5,4.835035,30.910381
test,A5,4.8780346,30.88303
test,A5,4.816,29.905703
test,A5,4.891,28.751202
test,A5,5.117,28.062271
test,A5,5.202,30.26183
test,A5,5.2241187,29.984104
test,A5,5.3701186,31.237373
test,A5,5.394,32.242516
test,A5,5.348,30.22459
test,A5,5.463,31.428017
test,A5,5.674915,32.47048
test,A5,5.873915,31.969357
test,A5,6.054,31.442625
test,A5,6.157,31.3558
test,A5,6.192985,30.63887
test,A5,6.2029853,29.59702
test,A5,6.0106087,27.39249
test,A5,5.4330196,30.58068
test,A5,4.631411,31.013004
test,A5,3.922,31.411787
test,A5,3.54,31.28603
test,A5,3.564,31.241642
test,A5,3.948,31.03112
test,A5,4.547,30.461094
test,A5,5.124,29.1548
test,A5,6.36,26.789259
test,A5,7.806,26.042843
test,A5,8.585,30.262383
test,A5,9.111,31.525517
test,A5,9.466,30.143612
test,A5,9.902986,30.552443
test,A5,10.177985,31.684006
test,A5,10.023,32.45706
test,A5,9.668,32.367966
test,A5,9.801,32.17034
test,A5,10.642505,31.135593
test,A5,11.645505,25.035223
test,A5,12.679,24.997562
test,A5,13.45,26.764858
test,A5,13.74,29.163921
test,A5,13.652,31.35848
test,A5,13.407,32.0801
test,A5,13.135,31.26448
test,A5,12.837136,31.966648
test,A5,12.582116,31.974514
test,A5,12.540748,31.17705
test,A5,12.8327675,31.899426
test,A5,13.299,31.90678
test,A5,13.901,30.940416
test,A5,14.662,30.973713
test,A5,15.55,29.550213
test,A5,16.379164,31.640755
test,A5,16.908163,30.898193
test,A5,17.355,31.415697
test,A5,17.698,32.92318
test,A5,17.914,32.617584
test,A5,18.106,32.343605
test,A5,18.155931,32.236202
test,A5,18.051931,31.620564
test,A5,17.798,29.649803
test,A5,17.459,31.755848
test,A5,16.952,31.408257
test,A5,16.229,30.592018
test,A5,15.48,32.335846
test,A5,14.769,32.10854
test,A5,14.145,32.222137
test,A5,13.69,32.21407
test,A5,13.476,32.728394
test,A5,13.55,32.1693
test,A5,13.815,31.729494
test,A5,14.144,30.851856
test,A5,14.494,31.29837
test,A5,14.848,31.063087
test,A5,15.088,31.636509
test,A5,15.12609,32.52534
test,A5,15.22809,32.85894
test,A5,15.61,31.650917
test,A5,15.924,31.593063
test,A5,16.088,30.617086
test,A5,16.238,30.87471
test,A5,16.405,31.166939
test,A5,16.452,32.47808
test,A5,16.398,32.650486
test,A5,16.382,33.37868
test,A5,16.367,32.599735
test,A5,16.43,32.398056
test,A5,16.422,31.34576
test,A5,16.557734,32.072403
test,A5,17.005733,31.898514
test,A5,17.457,32.151333
test,A5,17.724,31.587137
test,A5,17.738,31.75993
test,A5,17.848,30.979145
test,A5,18.005,31.665644
test,A5,18.037,32.257298
test,A5,18.097,32.655525
test,A5,18.17,33.16626
test,A5,18.293,31.586609
test,A5,18.404049,32.145607
test,A5,18.50205,32.64888
test,A5,18.61,32.554955
test,A5,18.71,33.010647
test,A5,18.805,32.117218
test,A5,18.86,31.832478
test,A5,18.847,32.15912
test,A5,18.885,30.472343
test,A5,18.918,30.375584
test,A5,18.869095,31.166592
test,A5,18.763094,29.656858
test,A5,18.692099,28.089417
test,A5,18.7911,30.388739
test,A5,18.934,31.866909
test,A5,19.012,31.836277
test,A5,19.004,31.522373
test,A5,18.924,30.560505
test,A5,18.842,30.980639
test,A5,18.745,31.181711
test,A5,18.637,30.526217
test,A5,18.62,31.999329
test,A5,18.7,31.208836
test,A5,18.76,29.595573
test,A5,18.601,31.247398
test,A5,18.188,31.580246
test,A5,17.723,31.197855
test,A5,17.348,31.04702
test,A5,17.009,29.949692
test,A5,16.604,27.529663
test,A5,15.907,31.304192
test,A5,14.79,31.304571
test,A5,13.47,31.71274
test,A5,12.259,31.29686
test,A5,11.443,30.917551
test,A5,10.801,30.995113
test,A5,10.248,29.63218
test,A5,9.765,30.640211
test,A5,9.346,31.125034
test,A5,9.175,30.525202
test,A5,9.06,26.618366
test,A5,8.816,27.157936
test,A5,8.771,26.359547
test,A5,8.954,29.046877
test,A5,8.75,30.581696
test,A5,8.176,28.75374
test,A5,7.7659407,27.983109
test,A5,7.6089406,29.609804
test,A5,7.51799,29.158436
test,A5,7.5148764,27.822922
test,A5,7.664886,29.881124
test,A5,7.935,29.793732
test,A5,8.292,28.691229
test,A5,8.647,29.035852
test,A5,8.893,30.720707
test,A5,9.185921,27.129051
test,A5,9.469921,27.967577
test,A5,9.68,27.602661
test,A5,9.923,26.971455
test,A5,10.142,27.180943
test,A5,10.378,26.170462
test,A5,10.613,27.424541
test,A5,10.822,30.293339
test,A5,10.983,30.385752
test,A5,11.039,28.485657
test,A5,11.011,28.666767
test,A5,10.767,29.530106
test,A5,10.461,26.283386
test,A5,10.312,29.693832
test,A5,10.281,30.33006
test,A5,10.405901,29.289251
test,A5,10.602901,28.860529
test,A5,10.769,26.576326
test,A5,10.959,28.315552
test,A5,11.262,29.319054
test,A5,11.739,28.70705
test,A5,12.4305,26.19549
test,A5,13.3165,12.461408
test,A5,14.168,19.282228
test,A5,14.723,23.004019
test,A5,14.975,22.000216
test,A5,14.91,24.532738
test,A5,14.527,26.077477
test,A5,13.8,22.412209
test,A5,12.449,27.094242
test,A5,10.365,28.571543
test,A5,8.317,29.440254
test,A5,6.988,29.718868
test,A5,6.164797,28.989704
test,A5,5.596797,25.535875
test,A5,5.03,26.807629
test,A5,4.3794217,27.341448
test,A5,3.9044216,27.64149
test,A5,3.859,24.337389
test,A5,4.31,17.014538
test,A5,4.944,9.549323
test,A5,5.362,9.148358
test,A5,5.538,16.716784
test,A5,5.566,20.65142
test,A5,5.553,22.001055
test,A5,5.559,17.576414
test,A5,5.444,21.097292
test,A5,4.891,24.754116
test,A5,3.898,28.928116
test,A5,2.703,28.709951
test,A5,1.602,28.407127
test,A5,1.072,27.423935
test,A5,0.682,26.711718
test,A5,0.37,25.487305
test,A5,0.389,23.11647
test,A5,0.484,23.112444
test,A5,0.678,21.909178
test,A5,1.412,16.233994
test,A5,2.692,6.082244
test,A5,3.851,5.6828337
test,A5,5.03,6.1074047
test,A5,6.262,5.3735957
test,A5,7.303,5.1944056
test,A5,8.235,5.332761
test,A5,8.978,5.8875093
test,A5,9.44,5.9429975
test,A5,9.64,7.821302
test,A5,9.64,13.068877
test,A5,9.516,18.613012
test,A5,8.74,26.154438
test,A5,7.384,30.18156
test,A5,6.289,30.049961
test,A5,5.636,29.3025
test,A5,5.476856,26.117094
test,A5,5.7148566,24.413633
test,A5,6.193,11.741872
test,A5,6.765,12.564912
test,A5,7.268,18.200733
test,A5,7.784,21.807594
test,A5,8.285,19.707518
test,A5,8.685,18.821146
test,A5,8.96,20.299572
test,A5,9.103,12.633271
test,A5,9.067,22.897552
test,A5,8.815,26.235224
test,A5,8.521,25.35086
test,A5,8.221,25.490078
test,A5,7.804,24.03936
test,A5,7.414,23.999924
test,A5,7.083,23.723087
test,A5,6.773,23.746672
test,A5,6.569,23.484392
test,A5,6.373,23.282019
test,A5,6.1249557,25.85369
test,A5,5.9499555,22.70565
test,A5,5.891,21.339937
test,A5,5.923,21.008568
test,A5,6.074,18.387192
test,A5,6.255,15.2446575
test,A5,6.354,19.976639
test,A5,6.330175,16.761745
test,A5,6.2251096,22.353603
test,A5,6.096935,22.736156
test,A5,5.942,23.856777
test,A5,5.686,26.12603
test,A5,5.278,25.295595
test,A5,4.968,23.318144
test,A5,4.859,24.942793
test,A5,4.737,25.900219
test,A5,4.543,25.194038
test,A5,4.348,24.867664
test,A5,4.223,24.861605
test,A5,4.145,22.193802
test,A5,4.106,26.867378
test,A5,4.115,24.591125
test,A5,4.127,22.825016
test,A5,4.077,24.833231
test,A5,3.976,22.912138
test,A5,3.844,17.823765
test,A5,3.7839901,24.266407
test,A5,3.82099,21.182747
test,A5,3.943,18.652748
test,A5,4.143,21.454617
test,A5,4.413,21.686605
test,A5,4.828,16.158754
test,A5,5.336,8.175384
test,A5,5.811,6.1191635
test,A5,6.269203,8.626839
test,A5,6.697203,13.326459
test,A5,6.944,15.375967
test,A5,7.16,18.737188
test,A5,7.438,19.08276
test,A5,7.618,22.37192
test,A5,7.746,19.01466
test,A5,7.815,16.254852
test,A5,7.867,22.68142
test,A5,8.061,22.49999
test,A5,8.396867,28.19355
test,A5,8.719867,24.768417
test,A5,8.77,21.58786
test,A5,8.268,15.707576
test,A5,7.682,13.087834
test,A5,7.636,17.728256
test,A5,7.74,22.387024
test,A5,7.74,27.026138
test,A5,7.7138715,26.14384
test,A5,7.5547276,24.17516
test,A5,7.2628565,24.25915
test,A5,6.895,24.904137
test,A5,6.492,21.75588
test,A5,6.031,22.37156
test,A5,5.332,24.449593
test,A5,4.4266386,26.761345
test,A5,3.6116385,24.195572
test,A5,3.026,24.248577
test,A5,2.577,23.163818
test,A5,2.233,20.654198
test,A5,1.96,22.582926
test,A5,1.646,24.932022
test,A5,1.425,22.259834
test,A5,1.435,21.78521
test,A5,1.614,22.212118
test,A5,1.911,22.460915
test,A5,2.214,21.437302
test,A5,2.494,16.678356
test,A5,2.697,19.654808
test,A5,2.855,14.278576
test,A5,3.094,18.678251
test,A5,3.264,25.555056
test,A5,3.327,26.349213
test,A5,3.354,24.408737
test,A5,3.36,22.669415
test,A5,3.4,22.652563
test,A5,3.416,22.722279
test,A5,3.53,19.95089
test,A5,3.772,15.923757
test,A5,3.946,12.399285
test,A5,3.949,24.269468
test,A5,3.8328862,24.390152
test,A5,3.666886,25.108036
test,A5,3.491,23.500656
test,A5,3.3538415,24.810263
test,A5,3.1488416,23.562763
test,A5,2.9659505,27.621597
test,A5,2.8919506,25.706272
test,A5,2.916,22.686268
test,A5,2.988,9.272769
test,A5,3.0379307,22.312181
test,A5,3.1329308,25.673767
test,A5,3.245,21.475609
test,A5,3.358,21.31831
test,A5,3.547,20.875893
test,A5,3.826,14.056301
test,A5,4.05,24.518913
test,A5,4.1290493,24.620766
test,A5,4.1250496,23.910492
test,A5,4.15,21.496883
test,A5,4.316,16.520926
test,A5,4.665,8.3062105
test,A5,5.0661087,10.750337
test,A5,5.337109,20.65216
test,A5,5.471105,22.780111
test,A5,5.649105,20.37214
test,A5,6.015,11.065306
test,A5,6.322,13.171422
test,A5,6.4138713,10.0334
test,A5,6.2958713,21.470871
test,A5,6.007,24.833138
test,A5,5.617,22.16946
test,A5,5.14,20.950205
test,A5,4.73,22.895628
test,A5,4.3466783,22.246986
test,A5,3.8296783,23.657684
test,A5,3.348,26.38556
test,A5,3.082,28.218048
test,A5,3.03,23.555113
test,A5,3.161,16.225885
test,A5,3.4160793,10.752726
test,A5,3.6560793,11.07371
test,A5,3.842,13.38497
test,A5,4.049,16.065063
test,A5,4.243,15.041982
test,A5,4.425,14.645614
test,A5,4.597,20.222542
test,A5,4.868,22.607306
test,A5,5.176,22.285957
test,A5,5.467,21.252853
test,A5,5.779,13.456381
test,A5,5.97,16.436054
test,A5,6.013911,21.004578
test,A5,5.9178414,23.971973
test,A5,5.7669306,24.005405
test,A5,5.698,23.757013
test,A5,5.834,20.90392
test,A5,6.04986,23.2527
test,A5,6.2557707,20.695864
test,A5,6.4889107,16.227188
test,A5,6.683,12.797864
test,A5,6.658916,22.786463
test,A5,6.579916,23.566795
test,A5,6.449,25.914677
test,A5,6.106,26.289309
test,A5,5.796,24.996061
test,A5,5.4,25.852264
test,A5,4.9359107,28.127083
test,A5,4.6529107,27.579071
test,A5,4.563,23.156454
test,A5,4.681094,19.380352
test,A5,4.928094,16.357533
test,A5,5.263,18.166168
test,A5,5.669,13.884728
test,A5,6.042,16.470694
test,A5,6.429,21.433521
test,A5,6.798,23.93993
test,A5,7.0667973,22.965937
test,A5,7.333797,15.704131
test,A5,7.466,20.236023
test,A5,7.351,24.448679
test,A5,7.2840295,22.586449
test,A5,7.3230295,23.578575
test,A5,7.336,25.774364
test,A5,7.341,24.85603
test,A5,7.39,19.768429
test,A5,7.637,20.276897
test,A5,7.9517255,24.11829
test,A5,8.196726,24.701065
test,A5,8.466,24.14747
test,A5,8.649921,25.807428
test,A5,8.763922,26.63039
test,A5,8.974,23.978775
test,A5,9.324,22.23212
test,A5,9.548,18.602556
test,A5,9.528,25.5993
test,A5,9.215,27.760384
test,A5,8.705,30.20797
test,A5,8.259,31.024563
test,A5,7.855,29.906286
test,A5,7.588,27.370438
test,A5,7.451,25.274542
test,A5,7.304,27.699316
test,A5,7.111,24.503853
test,A5,6.738,26.970686
test,A5,6.264,29.241524
test,A5,5.878,29.369438
test,A5,5.7039704,26.733051
test,A5,5.7059703,24.664873
test,A5,5.855,21.787855
test,A5,6.081,22.857916
test,A5,6.319,19.80249
test,A5,6.607,24.054573
test,A5,7.0093117,26.089993
test,A5,7.5813117,23.674858
test,A5,8.161,21.459503
test,A5,8.765614,24.593819
test,A5,9.508614,27.581913
test,A5,10.413,23.017372
test,A5,11.353,21.569
test,A5,12.308,22.449926
test,A5,13.319,14.474503
test,A5,14.278,12.100834
test,A5,14.978,22.368841
test,A5,15.196,22.522366
test,A5,15.342,28.422798
test,A5,15.519,29.25416
test,A5,15.586,30.92465
test,A5,15.736,28.093943
test,A5,15.832,23.121672
test,A5,15.730728,23.975483
test,A5,15.283728,23.157093
test,A5,14.309,29.532955
test,A5,12.848,32.26811
test,A5,11.4,31.2238
test,A5,10.079,30.868942
test,A5,8.724872,31.199791
test,A5,7.659144,29.64048
test,A5,7.0142727,28.602161
test,A5,6.652827,25.983976
test,A5,6.3718266,26.133442
test,A5,6.113,24.784533
test,A5,5.8691335,26.47393
test,A5,5.6251335,30.84776
test,A5,5.566,29.520744
test,A5,5.689,22.31652
test,A5,5.851,24.746994
test,A5,5.875,25.642502
test,A5,5.915,25.479294
test,A5,6.077,21.71045
test,A5,6.101,25.163288
test,A5,6.271,24.433384
test,A5,6.838,29.169895
test,A5,7.542,31.068357
test,A5,8.209,25.775074
test,A5,8.929,27.431236
test,A5,9.719,32.44418
test,A5,10.394445,30.52869
test,A5,11.124446,28.100164
test,A5,11.969,32.38934
test,A5,12.695,32.269016
test,A5,13.316,28.523556
test,A5,13.765,24.06099
test,A5,13.922,23.72644
test,A5,13.759,26.3225
test,A5,13.428,30.783115
test,A5,13.2108965,28.710249
test,A5,12.989896,23.815311
test,A5,12.351655,28.254326
test,A5,11.230656,31.9646
test,A5,9.993728,30.40252
test,A5,8.667727,30.681261
test,A5,7.247624,31.528921
test,A5,6.229624,31.554165
test,A5,5.722,27.876556
test,A5,5.385,26.209581
test,A5,5.07,26.65929
test,A5,4.822,26.956257
test,A5,4.689,24.606531
test,A5,4.571,21.951149
test,A5,4.397104,23.638695
test,A5,4.202104,22.781937
test,A5,4.006,27.634619
test,A5,3.984,26.655312
test,A5,4.436,20.331184
test,A5,5.173,13.263484
test,A5,5.669,20.109266
test,A5,5.857,20.049255
test,A5,5.91,20.17996
test,A5,5.883,27.428995
test,A5,5.6927576,24.724989
test,A5,5.6827574,25.703476
test,A5,5.619,24.041027
test,A5,5.379,25.895939
test,A5,5.29,25.658653
test,A5,5.193,29.208233
test,A5,5.233,29.385296
test,A5,5.383,27.0198
test,A5,5.623,25.721048
test,A5,6.089,22.04554
test,A5,6.65,21.775944
test,A5,7.176,23.766638
test,A5,7.714,26.213287
test,A5,8.314,25.56258
test,A5,9.059,22.458622
test,A5,9.912,23.524689
test,A5,10.783,23.430752
test,A5,11.518,20.939342
test,A5,11.867,23.076283
test,A5,11.918,22.275375
test,A5,11.768,22.31789
test,A5,11.261,26.569658
test,A5,10.291,29.5135
test,A5,9.031,30.904936
test,A5,7.885,30.940868
test,A5,7.119,30.53046
test,A5,6.72,31.099995
test,A5,6.482,26.701035
test,A5,6.467,23.421108
test,A5,6.765,26.646309
test,A5,7.0917845,29.21864
test,A5,7.3407845,25.980354
test,A5,7.691,27.075699
test,A5,8.215,27.004984
test,A5,8.73,24.96923
test,A5,9.331,26.811327
test,A5,10.027,23.53914
test,A5,10.704,22.982533
test,A5,11.422,24.482098
test,A5,12.019,25.246042
test,A5,12.554,27.70679
test,A5,13.031,30.749222
test,A5,13.435,30.556726
test,A5,13.868,26.490158
test,A5,14.508,29.613327
test,A5,15.439,23.616545
test,A5,16.208,26.580994
test,A5,16.386,29.296028
test,A5,16.243,30.222996
test,A5,16.239,28.076427
test,A5,16.354,26.27824
test,A5,16.411,26.74428
test,A5,16.308,27.301308
test,A5,16.2,29.190765
test,A5,16.221,31.112322
test,A5,16.357,29.705173
test,A5,16.637,26.499302
test,A5,16.995,25.354065
test,A5,17.339,24.440754
test,A5,17.61393,25.834286
test,A5,17.66789,30.093746
test,A5,17.55796,29.55195
test,A5,17.463,27.710663
test,A5,17.456,29.169031
test,A5,17.562,26.396698
test,A5,17.665,27.827993
test,A5,17.744,26.988438
test,A5,17.841,28.330011
test,A5,17.942,28.132233
test,A5,18.025,27.62248
test,A5,18.085,26.188244
test,A5,18.05,24.430782
test,A5,17.788,28.454243
test,A5,17.285,28.751762
test,A5,17.144,30.16828
test,A5,16.737,31.479881
test,A5,16.441,30.823238
test,A5,16.518877,30.591354
test,A5,16.175877,29.151691
test,A5,15.813,31.78925
test,A5,15.593,30.90624
test,A5,15.408,32.197697
test,A5,15.135,30.300524
test,A5,14.927,31.087158
test,A5,14.825,31.65348
test,A5,14.879,31.529484
test,A5,14.918,31.669859
test,A5,14.835,31.160141
test,A5,14.766,31.632277
test,A5,14.682,31.6319
test,A5,14.448,32.366947
test,A5,14.236,31.19486
test,A5,14.005,32.034546
test,A5,13.77,31.253767
test,A5,13.72,31.53292
test,A5,13.769,31.373856
test,A5,13.811015,31.109343
test,A5,13.837015,31.342873
test,A5,13.865,32.34686
test,A5,13.957,31.1093
test,A5,14.041,30.66168
test,A5,14.233,31.473612
test,A5,14.483,30.609495
test,A5,14.764,29.528954
test,A5,14.987,31.592333
test,A5,15.118,31.60694
test,A5,15.139,30.191551
test,A5,14.783,30.975925
test,A5,14.501911,31.219452
test,A5,14.504698,32.154705
test,A5,14.341787,31.586958
test,A5,14.028,32.535496
test,A5,13.73,31.582855
test,A5,13.516,29.539244
test,A5,13.455,31.815594
test,A5,13.364,30.6134
test,A5,12.991,30.264061
test,A5,12.503,30.474041
test,A5,11.805,32.092293
test,A5,11.033,32.26715
test,A5,10.593,31.917969
test,A5,10.235,30.760904
test,A5,9.961,27.882877
test,A5,9.822,31.49437
test,A5,8.892,31.183065
test,A5,7.681,30.698597
test,A5,7.275,29.781597
test,A5,7.265,30.367603
test,A5,7.4,29.784351
test,A5,7.455,29.285473
test,A5,7.413,27.628815
test,A5,7.28,28.791803
test,A5,7.07,30.5298
test,A5,6.944985,30.397316
test,A5,6.91502,30.27943
test,A5,6.875035,30.489044
test,A5,6.861,29.513403
test,A5,6.778,30.603876
test,A5,6.669,30.388405
test,A5,6.683,29.0912
test,A5,6.799,28.25192
test,A5,7.009,29.875359
test,A5,7.148,25.994606
test,A5,7.144,29.408247
test,A5,7.053,28.823195
test,A5,6.899,27.662872
test,A5,6.603,30.856577
test,A5,6.056,31.398273
test,A5,5.597203,30.511303
test,A5,5.3212028,29.881979
test,A5,5.229,31.191732
test,A5,5.261,30.63502
test,A5,5.386,29.37186
test,A5,5.685114,31.029877
test,A5,5.929109,30.63543
test,A5,6.046995,27.393194
test,A5,6.131,29.822723
test,A5,6.087,31.169468
test,A5,5.989,30.580246
test,A5,6.039,30.871986
test,A5,5.982,30.594913
test,A5,5.836,29.562614
test,A5,5.749,27.428387
test,A5,5.53,26.55009
test,A5,5.055,31.119427
test,A5,4.6,30.453222
test,A5,4.23,30.04906
test,A5,3.923,30.176815
test,A5,3.850198,30.544415
test,A5,4.078198,30.08001
test,A5,4.496,27.57993
test,A5,4.784,27.936226
test,A5,4.89595,28.493015
test,A5,4.96095,29.297516
test,A5,4.994,30.119644
test,A5,5.134936,28.222103
test,A5,5.2329354,26.921856
test,A5,5.27,23.694515
test,A5,5.482,24.147589
test,A5,5.617,25.430952
test,A5,5.672,26.037651
test,A5,5.777,25.32417
test,A5,5.693,26.2818
test,A5,5.253,27.241545
test,A5,4.461,30.855062
test,A5,3.632,31.089184
test,A5,3.239,29.861969
test,A5,3.12,28.870571
test,A5,2.9301288,29.110912
test,A5,2.6671288,24.73489
test,A5,2.366,28.228497
test,A5,2.149,30.846119
test,A5,2.065,31.68141
test,A5,2.118,30.261677
test,A5,2.431,26.869938
test,A5,2.936,26.78923
test,A5,3.393,26.772182
test,A5,3.683,26.189213
test,A5,4.115,25.045122
test,A5,4.690218,22.592316
test,A5,5.1482177,20.844032
test,A5,5.522,24.867504
test,A5,5.765,27.202887
test,A5,5.71,26.680796
test,A5,5.5750346,27.66888
test,A5,5.545035,26.205517
test,A5,5.188,30.348978
test,A5,4.397693,31.713154
test,A5,3.671693,31.092728
test,A5,3.348,29.057213
test,A5,3.31,28.46423
test,A5,3.366,30.248848
test,A5,3.457,28.132504
test,A5,3.605,23.032696
test,A5,3.755,24.72282
test,A5,3.699,24.953487
test,A5,3.675,27.037998
test,A5,3.846,26.962545
test,A5,3.884,27.358612
test,A5,3.89,23.79737
test,A5,4.027,23.885977
test,A5,4.063,26.42193
test,A5,3.915,27.979156
test,A5,3.846,25.199303
test,A5,3.8688664,26.887737
test,A5,3.7388663,28.053568
test,A5,3.529,28.219772
test,A5,3.408,26.974567
test,A5,3.328,26.053331
test,A5,3.266,24.784338
test,A5,3.141,25.161312
test,A5,2.754,27.782284
test,A5,2.2208266,30.117401
test,A5,1.8388268,29.56125
test,A5,1.734,26.678595
test,A5,1.703,25.315529
test,A5,1.569,27.43079
test,A5,1.465,24.046392
test,A5,1.481,23.070793
test,A5,1.548,25.4374
test,A5,1.546,26.589611
test,A5,1.487,25.353933
test,A5,1.492,28.297852
test,A5,1.606,30.716331
test,A5,1.848,30.408089
test,A5,2.149,25.280617
test,A5,2.517,22.360426
test,A5,2.924,22.91613
test,A5,3.02425,25.731136
test,A5,2.72325,24.324398
test,A5,2.397,22.29592
test,A5,2.387,24.873272
test,A5,2.661,28.078632
test,A5,2.749,28.124624
test,A5,2.693,27.744938
test,A5,2.72,28.13092
test,A5,2.691,25.550581
test,A5,2.658,24.19122
test,A5,2.685,27.838694
test,A5,2.813,28.76875
test,A5,3.227,25.87923
test,A5,3.948,17.47913
test,A5,4.69,14.705924
test,A5,5.2941384,12.577855
test,A5,5.683139,20.325245
test,A5,5.926,23.822424
test,A5,6.059,31.039988
test,A5,6.116,27.854357
test,A5,6.218,25.434227
test,A5,6.287,27.171402
test,A5,6.255084,26.468811
test,A5,6.134084,27.484882
test,A5,5.901,27.30888
test,A5,5.566,27.859316
test,A5,5.284,24.058472
test,A5,5.048906,27.875479
test,A5,4.810906,30.069147
test,A5,4.6449256,27.888412
test,A5,4.5149503,25.70776
test,A5,4.459025,23.620712
test,A5,4.38,26.286085
test,A5,4.315,28.591225
test,A5,4.364,28.103678
test,A5,4.827,22.901268
test,A5,5.765,21.548042
test,A5,6.694,23.92986
test,A5,7.512,24.393887
test,A5,8.164,21.87215
test,A5,8.516946,24.989986
test,A5,8.553846,26.596363
test,A5,8.415901,28.837042
test,A5,8.35,29.693298
test,A5,8.278,28.958485
test,A5,8.094,28.735685
test,A5,7.804,30.174717
test,A5,7.523,30.791155
test,A5,7.474,29.391903
test,A5,7.517,25.211424
test,A5,7.316,25.02539
test,A5,6.985,25.493393
test,A5,6.722,28.466042
test,A5,6.517,27.791317
test,A5,6.36198,27.762396
test,A5,6.27398,25.472855
test,A5,6.302,24.912733
test,A5,6.367,25.728394
test,A5,6.42,22.147198
test,A5,6.36,23.305002
test,A5,6.39,23.04406
test,A5,6.508,22.0291
test,A5,6.457195,23.725765
test,A5,6.172195,24.049526
test,A5,5.53,24.294182
test,A5,4.556,27.907642
test,A5,3.541703,29.976402
test,A5,2.837703,30.609444
test,A5,2.544,28.258226
test,A5,2.523,23.969122
test,A5,2.552,22.524048
test,A5,2.637,21.981354
test,A5,2.68,22.119736
test,A5,2.508,23.442219
test,A5,2.145,26.38182
test,A5,1.823,24.188583
test,A5,1.74,22.59413
test,A5,1.769,22.253284
test,A5,1.813,22.63546
test,A5,1.854,23.49924
test,A5,1.906,23.475662
test,A5,1.995,22.541618
test,A5,2.14,21.466005
test,A5,2.346,22.176983
test,A5,2.461065,22.052
test,A5,2.532065,21.771828
test,A5,2.669,21.666721
test,A5,2.805,21.095669
test,A5,2.897,21.736258
test,A5,2.957,23.032654
test,A5,3.014,21.91766
test,A5,3.07,22.991186
test,A5,3.159,21.173368
test,A5,3.145,22.775513
test,A5,2.91,23.099543
test,A5,2.763,23.505663
test,A5,2.731,23.21901
test,A5,2.707,22.337282
test,A5,2.6469555,21.820341
test,A5,2.5179555,22.457016
test,A5,2.395,21.837515
test,A5,2.099,23.41228
test,A5,1.71,25.178644
test,A5,1.287,25.260582
test,A5,0.928,25.913334
test,A5,0.82,26.3201
test,A5,0.738,23.47326
test,A5,0.328,22.124672
test,A5,0.0,21.950325
test,A5,0.0,21.087868
test,A5,0.0,21.118763
test,A5,0.0,21.273905
test,A5,0.0,22.18555
test,A5,0.0,21.888573
test,A5,0.0,21.915554
test,A5,0.0,23.430056
test,A5,0.0,22.511879
test,A5,0.0,23.056433
test,A5,0.0,23.011509
test,A5,0.0,24.076912
test,A5,0.0,22.618877
test,A5,0.0,22.438923
test,A5,0.0,23.390816
test,A5,0.0,23.647722
test,A5,0.0,22.705717
test,A5,0.0,22.190111
test,A5,0.0,23.009476
test,A5,0.0,23.130674
test,A5,0.0,22.791355
test,A5,0.0,22.820719
test,A5,0.0,22.28149
test,A5,0.0,23.061249
test,A5,0.0,23.157768
test,A5,0.0,23.611624
test,A5,0.0,22.98905
test,A5,0.0,20.698475
test,A5,0.0,22.92184
test,A5,0.0,22.946764
test,A5,0.0,22.928204
test,A5,0.0,22.632467
test,A5,0.0,23.12933
test,A5,0.0,23.418625
test,A5,0.0,23.620558
test,A5,0.0,23.129364
test,A5,0.0,23.547207
test,A5,0.0,23.197666
test,A5,0.0,23.123589
test,A5,0.0,22.52074
test,A5,0.0,21.575867
test,A5,0.0,23.271101
test,A5,0.0,23.07557
test,A5,0.0,23.12356
test,A5,0.0,22.096613
test,A5,0.0,23.80993
test,A5,0.0,23.710934
test,A5,0.071,25.421734
test,A5,0.517,24.226135
test,A5,1.35451,17.102554
test,A5,2.251698,10.08792
test,A5,2.9241881,14.851648
test,A5,3.523,13.695632
test,A5,3.951,17.030914
test,A5,3.9990742,20.188221
test,A5,3.8720744,21.59502
test,A5,3.5242376,26.740393
test,A5,3.0652375,26.928986
test,A5,2.72,23.028267
test,A5,2.5,22.71965
test,A5,2.275,21.133167
test,A5,1.935,22.586193
test,A5,1.531,24.276188
test,A5,1.109,24.511734
test,A5,0.669,25.732727
test,A5,0.228,23.610811
test,A5,0.0,22.465229
test,A5,0.0,22.55014
test,A5,0.0,22.011162
test,A5,0.0,21.7709
test,A5,0.0,21.633045
test,A5,0.0,22.532549
test,A5,0.0,22.58179
test,A5,0.0,22.501091
test,A5,0.0,22.447918
test,A5,0.0,21.450584
test,A5,0.0,21.734612
test,A5,0.0,22.498032
test,A5,0.0,20.260462
test,A5,0.0,21.283161
test,A5,0.0,22.05886
test,A5,0.0,21.24308
test,A5,0.0,22.181728
test,A5,0.0,22.627071
test,A5,0.0,22.476963
test,A5,0.0,23.061771
test,A5,0.0,22.35181
test,A5,0.0,21.331667
test,A5,0.0,21.322754
test,A5,0.0,25.062214
test,A5,0.052,27.55532
test,A5,0.398,21.589354
test,A5,1.128,7.464143
test,A5,2.012,5.785306
test,A5,2.835,6.583997
test,A5,3.454,17.05946
test,A5,3.908,15.953139
test,A5,4.561,16.31652
test,A5,4.96,22.272434
test,A5,4.943,22.563725
test,A5,4.932,22.42157
test,A5,4.795,21.761446
test,A5,4.55,24.68251
test,A5,4.213,26.796669
test,A5,3.826,27.299885
test,A5,3.432,26.699606
test,A5,3.071,24.290714
test,A5,2.859,23.880503
test,A5,2.7920098,22.577358
test,A5,2.7909653,23.497652
test,A5,2.8339555,23.552963
test,A5,2.819,21.8802
test,A5,2.781,23.165937
test,A5,2.812,23.07869
test,A5,2.8360384,24.884716
test,A5,2.8150384,24.895926
test,A5,2.791,20.812187
test,A5,2.773,22.161514
test,A5,2.774,26.087244
test,A5,2.814,24.531437
test,A5,2.823,20.53955
test,A5,2.792,23.314507
test,A5,2.783,21.768341
test,A5,2.801,24.99625
test,A5,2.838,28.646263
test,A5,2.9311535,25.358286
test,A5,3.1811535,23.326057
test,A5,3.626,20.951378
test,A5,4.132,13.831217
test,A5,4.676,24.100712
test,A5,5.335,22.737549
test,A5,5.864,21.246326
test,A5,6.181,25.474327
test,A5,6.348,24.880423
test,A5,6.359,27.955664
test,A5,6.361,27.40264
test,A5,6.402,27.01904
test,A5,6.494,24.927673
test,A5,6.612,21.344513
test,A5,6.72,20.169287
test,A5,6.814,21.165653
test,A5,6.871,18.17191
test,A5,6.855931,20.535625
test,A5,6.7589655,24.1974
test,A5,6.665035,25.276417
test,A5,6.6541586,22.386312
test,A5,6.824158,20.258907
test,A5,7.11,21.249544
test,A5,7.467,14.685596
test,A5,7.758,19.608112
test,A5,7.759,14.295262
test,A5,8.181,22.013556
test,A5,8.807,20.093517
test,A5,8.997,15.143147
test,A5,9.124,22.384945
test,A5,9.343,20.322206
test,A5,9.652,12.642232
test,A5,9.948,17.87864
test,A5,10.312,8.549313
test,A5,10.783,14.194213
test,A5,11.281,16.328392
test,A5,11.696,19.048996
test,A5,12.037,8.366012
test,A5,12.271,16.28507
test,A5,12.273,21.689621
test,A5,12.179,25.53538
test,A5,12.159,25.359161
test,A5,12.129,21.879593
test,A5,11.884,20.755424
test,A5,11.575,24.751646
test,A5,11.203,25.148525
test,A5,10.664,26.682104
test,A5,10.225,25.176254
test,A5,9.871,25.905972
test,A5,9.656,23.617245
test,A5,9.665,21.473011
test,A5,9.675,20.938187
test,A5,9.593,20.994461
test,A5,9.356,20.728851
test,A5,9.029,20.079784
test,A5,8.793,21.124126
test,A5,8.589713,24.608662
test,A5,8.220713,23.338562
test,A5,7.926965,22.016907
test,A5,7.835965,23.893532
test,A5,7.758,20.087528
test,A5,7.763,20.143219
test,A5,7.821,23.359804
test,A5,7.853,21.507988
test,A5,7.873,18.967463
test,A5,7.772,21.86441
test,A5,7.497,25.966755
test,A5,7.19,21.58732
test,A5,6.93,25.32373
test,A5,6.737,29.121977
test,A5,6.558,25.170607
test,A5,6.324,24.966537
test,A5,6.1,24.05711
test,A5,5.926,20.441751
test,A5,5.874,20.721529
test,A5,5.867,27.638466
test,A5,5.734,24.04248
test,A5,5.545,17.79712
test,A5,5.437015,25.628252
test,A5,5.4090147,23.539518
test,A5,5.463,17.675163
test,A5,5.663,16.200867
test,A5,5.89,23.430939
test,A5,6.077,25.702263
test,A5,6.319,25.6828
test,A5,6.575,21.957327
test,A5,6.762,22.634712
test,A5,6.905,20.435776
test,A5,7.046,14.676677
test,A5,7.015,26.182907
test,A5,6.8529553,28.698912
test,A5,6.7529554,27.902302
test,A5,6.692,24.149479
test,A5,6.627,26.784042
test,A5,6.5629554,26.14541
test,A5,6.5039554,26.42847
test,A5,6.4520297,28.918804
test,A5,6.4070296,27.544464
test,A5,6.344,23.3073
test,A5,6.274,23.842388
test,A5,6.137,25.078274
test,A5,5.972,24.680355
test,A5,5.807,23.075844
test,A5,5.649,25.902481
test,A5,5.5380397,26.241888
test,A5,5.52304,24.0472
test,A5,5.582,28.712954
test,A5,5.608,23.133347
test,A5,5.587,24.135376
test,A5,5.523,27.22192
test,A5,5.478,29.359898
test,A5,5.502,28.923237
test,A5,5.579,25.098455
test,A5,5.743,24.123175
test,A5,5.961,25.695229
test,A5,6.0599704,25.774246
test,A5,6.01797,23.309479
test,A5,5.901,23.386747
test,A5,5.749,22.239046
test,A5,5.481,21.173723
test,A5,4.774,26.192749
test,A5,3.755,29.476196
test,A5,2.972,30.688755
test,A5,2.6210098,30.565195
test,A5,2.5808265,23.614399
test,A5,2.788817,21.66606
test,A5,3.11,21.088745
test,A5,3.413,11.692222
test,A5,3.644,18.915218
test,A5,3.989,14.370778
test,A5,4.492,10.338166
test,A5,4.767,22.846722
test,A5,4.8030643,28.192825
test,A5,4.8830643,24.806408
test,A5,5.122936,24.044353
test,A5,5.3469357,21.921698
test,A5,5.525,23.516354
test,A5,5.831,26.939018
test,A5,6.423,25.652649
test,A5,7.23,21.650902
test,A5,7.847,15.567336
test,A5,8.156,22.041798
test,A5,8.117,25.57743
test,A5,7.941,26.966373
test,A5,7.944,26.068398
test,A5,8.063,23.524061
test,A5,8.297,21.166908
test,A5,8.57,24.496756
test,A5,8.667,28.630974
test,A5,8.668956,25.747047
test,A5,8.780955,24.841599
test,A5,9.073,22.212246
test,A5,9.374,11.56328
test,A5,9.521,15.441148
test,A5,9.691,27.486038
test,A5,9.919,28.997822
test,A5,10.190629,26.387135
test,A5,10.702629,23.821976
test,A5,11.320257,26.686192
test,A5,11.825257,23.863213
test,A5,12.224,24.266354
test,A5,12.509881,23.70826
test,A5,12.738881,25.259476
test,A5,12.883,26.059742
test,A5,13.048,26.105019
test,A5,13.304,25.239376
test,A5,13.552,22.40195
test,A5,13.901015,23.475409
test,A5,14.148015,27.527748
test,A5,14.191,25.901306
test,A5,14.333,22.585121
test,A5,14.364,24.196184
test,A5,14.1478815,28.501534
test,A5,13.894881,30.886791
test,A5,13.682,30.46577
test,A5,13.5041685,28.921822
test,A5,13.249168,28.859652
test,A5,12.932,26.001217
test,A5,12.812,25.093563
test,A5,12.893,23.104485
test,A5,13.066,22.211786
test,A5,13.268,24.599998
test,A5,13.451,22.184408
test,A5,13.573,25.173855
test,A5,13.538,27.299528
test,A5,13.387,28.266834
test,A5,13.182,29.291113
test,A5,13.01,28.678442
test,A5,12.797911,27.563179
test,A5,12.585911,25.705505
test,A5,12.547,27.569927
test,A5,12.392,29.56862
test,A5,12.09792,29.01027
test,A5,11.917921,23.958616
test,A5,11.874,26.834444
test,A5,11.871,24.670805
test,A5,11.778,26.746353
test,A5,11.709,27.848272
test,A5,11.731,26.27966
test,A5,11.876,27.813387
test,A5,12.066,27.6062
test,A5,12.206,24.178139
test,A5,12.387,24.059753
test,A5,12.538,25.269815
test,A5,12.524,26.718498
test,A5,12.37,30.722748
test,A5,12.089,25.973822
test,A5,11.687,23.34017
test,A5,11.265,25.680008
test,A5,10.687703,29.508053
test,A5,9.964703,27.372295
test,A5,9.043,28.608307
test,A5,7.8811784,30.336061
test,A5,6.5651784,31.000242
test,A5,5.549,31.369606
test,A5,4.972,28.507778
test,A5,4.5388465,25.588793
test,A5,4.2558465,24.918015
test,A5,4.042,24.839708
test,A5,3.737,24.92273
test,A5,3.398,23.177101
test,A5,3.173,22.537071
test,A5,2.986,21.866974
test,A5,2.801,23.079338
test,A5,2.681,23.145998
test,A5,2.644,22.494915
test,A5,2.547,24.309116
test,A5,2.5009952,24.614117
test,A5,2.532995,27.131306
test,A5,2.676,25.778948
test,A5,3.243,23.482716
test,A5,3.731,20.917212
test,A5,3.703,21.385458
test,A5,3.639,22.830452
test,A5,3.493,24.777832
test,A5,3.101,27.850243
test,A5,2.807,27.449856
test,A5,2.619,25.571245
test,A5,2.468,24.788662
test,A5,2.437,24.380554
test,A5,2.426,24.826283
test,A5,2.4429653,25.336124
test,A5,2.5009654,28.573036
test,A5,2.543,29.916828
test,A5,2.669,30.25644
test,A5,2.944,26.395441
test,A5,3.18,23.854168
test,A5,3.148,26.34372
test,A5,3.024,29.074827
test,A5,3.057,28.40817
test,A5,3.111,23.671513
test,A5,3.036,21.776684
test,A5,2.951,24.607733
test,A5,2.903,27.281193
test,A5,2.851,26.234068
test,A5,2.833,24.365961
test,A5,2.808,25.712486
test,A5,2.7089257,26.45751
test,A5,2.5559258,26.10957
test,A5,2.401,25.161966
test,A5,2.1948762,24.6762
test,A5,1.9248762,23.685871
test,A5,1.5628169,26.515152
test,A5,1.1908169,25.884583
test,A5,1.008,24.013462
test,A5,0.88248515,28.088158
test,A5,0.39248514,28.328316
test,A5,0.0,24.392502
test,A5,0.0,22.974346
test,A5,0.0,22.218456
test,A5,0.0,23.213322
test,A5,0.0,23.347956
test,A5,0.0,23.810194
test,A5,0.0,23.649837
test,A5,0.0,23.592323
test,A5,0.0,22.95044
test,A5,0.0,23.22638
test,A5,0.0,21.935152
test,A5,0.0,24.080326
test,A5,0.0,23.838737
test,A5,0.0,23.12548
test,A5,0.0,25.023031
test,A5,0.0,25.298578
test,A5,0.0,26.205166
test,A5,0.115,22.872612
test,A5,0.75,21.344309
test,A5,1.569,23.557358
test,A5,2.135,24.75084
test,A5,2.547,26.265205
test,A5,2.859,25.740387
test,A5,3.371,24.333637
test,A5,3.769,18.049154
test,A5,3.801,25.79336
test,A5,3.667,24.510847
test,A5,3.485,24.838692
test,A5,3.316,22.315643
test,A5,3.031,25.868872
test,A5,2.5416238,27.83239
test,A5,1.8435159,29.369646
test,A5,1.0128921,30.444855
test,A5,0.288,27.865864
test,A5,0.0,25.013899
test,A5,0.0,22.989902
test,A5,0.0,21.940676
test,A5,0.0,22.101032
test,A5,0.0,21.690376
test,A5,0.0,23.229092
test,A5,0.0,22.437618
test,A5,0.0,22.97955
test,A5,0.0,23.209745
test,A5,0.0,23.34379
test,A5,0.0,22.928616
test,A5,0.0,22.902061
test,A5,0.0,23.803364
test,A5,0.0,23.794678
test,A5,0.0,22.831436
test,A5,0.0,23.773659
test,A5,0.0,22.341413
test,A5,0.0,23.639275
test,A5,0.0,22.818588
test,A5,0.0,22.19429
test,A5,0.0,22.612816
test,A5,0.0,22.990473
test,A5,0.0,21.833145
test,A5,0.0,22.28086
test,A5,0.0,23.861008
test,A5,0.0,24.423262
test,A5,0.0,23.869667
test,A5,0.0,22.870502
test,A5,0.0,23.763521
test,A5,0.0,23.740578
test,A5,0.0,24.218899
test,A5,0.0,23.23824
test,A5,0.0,22.428085
test,A5,0.0,22.693874
test,A5,0.0,23.567646
test,A5,0.0,24.160692
test,A5,0.0,25.272522
test,A5,0.0,23.738628
test,A5,0.0,22.344635
test,A5,0.0,22.25433
test,A5,0.0,23.419495
test,A5,0.0,23.632141
test,A5,0.0,22.806389
test,A5,0.0,24.634045
test,A5,0.0,23.777607
test,A5,0.064,20.885517
test,A5,0.403,19.89145
test,A5,0.77,21.462793
test,A5,0.985,29.105362
test,A5,1.386,29.488155
test,A5,1.87,22.968506
test,A5,2.215,23.362064
test,A5,2.323,28.826769
test,A5,2.401,26.094168
test,A5,2.634,25.811535
test,A5,2.897,28.27985
test,A5,3.235,26.82769
test,A5,3.583,25.714973
test,A5,3.9010248,22.946526
test,A5,4.069926,25.935387
test,A5,3.998901,29.361109
test,A5,3.971,25.580313
test,A5,4.043,24.625092
test,A5,4.054,24.408733
test,A5,3.925,25.075794
test,A5,3.717,24.631266
test,A5,3.586,24.912941
test,A5,3.494,26.239258
test,A5,3.422,24.15619
test,A5,3.388,24.009716
test,A5,3.383,24.863258
test,A5,3.37,26.87967
test,A5,3.243,24.855368
test,A5,3.094,22.562668
test,A5,2.8698912,28.795788
test,A5,2.5968912,27.273872
test,A5,2.419,26.418262
test,A5,2.201,27.892717
test,A5,2.065,27.479816
test,A5,2.068,26.431847
test,A5,2.0770347,23.33397
test,A5,2.0690346,23.367718
test,A5,2.111,21.370508
test,A5,2.217,21.575874
test,A5,2.239,22.309135
test,A5,2.328,22.655712
test,A5,2.464,20.512188
test,A5,2.4561088,16.734917
test,A5,2.339109,25.591162
test,A5,2.249,23.816263
test,A5,2.177,21.446209
test,A5,1.902,21.88948
test,A5,1.46,28.017105
test,A5,0.952,28.170845
test,A5,0.61166334,27.909922
test,A5,0.27166337,24.534584
test,A5,0.0,23.974567
test,A5,0.0,22.19791
test,A5,0.0,23.078308
test,A5,0.0,23.71606
test,A5,0.0,22.740395
test,A5,0.0,23.39848
test,A5,0.0,23.816097
test,A5,0.0,23.219845
test,A5,0.0,23.534607
test,A5,0.0,23.521332
test,A5,0.0,23.490616
test,A5,0.0,23.93201
test,A5,0.0,22.94087
test,A5,0.0,23.239853
test,A5,0.0,23.075285
test,A5,0.0,24.96146
test,A5,0.0,24.856064
test,A5,0.0,22.587688
test,A5,0.0,22.48841
test,A5,0.0,22.784296
test,A5,0.0,23.414604
test,A5,0.0,23.439827
test,A5,0.0,23.103558
test,A5,0.0,23.906778
test,A5,0.0,23.577965
test,A5,0.0,22.979443
test,A5,0.0,22.410332
test,A5,0.0,23.794878
test,A5,0.0,22.93148
test,A5,0.0,23.354671
test,A5,0.0,23.40649
test,A5,0.0,24.398148
test,A5,0.06,24.298271
test,A5,0.394,20.54697
test,A5,0.832,16.027418
test,A5,1.125,19.453873
test,A5,1.3339406,21.902332
test,A5,1.4849406,26.088383
test,A5,1.674,24.639969
test,A5,1.9,20.79846
test,A5,2.035,21.220703
test,A5,2.114,23.07405
test,A5,2.209,25.717327
test,A5,2.302,23.360746
test,A5,2.376,24.282894
test,A5,2.409,22.684803
test,A5,2.45599,23.469456
test,A5,2.49699,22.274868
test,A5,2.479,23.860077
test,A5,2.442,20.508316
test,A5,2.334,22.50484
test,A5,2.026,24.70077
test,A5,1.624,25.645618
test,A5,1.301,26.732658
test,A5,1.014,26.368366
test,A5,0.798,24.851341
test,A5,0.762,23.018385
test,A5,0.831,23.406755
test,A5,0.94293565,21.765451
test,A5,1.0839356,22.608376
test,A5,1.239,25.272839
test,A5,1.447,23.465729
test,A5,1.708,20.769869
test,A5,1.945,21.798824
test,A5,2.058,22.072872
test,A5,2.145,28.16564
test,A5,2.332,27.57928
test,A5,2.5761585,23.768051
test,A5,2.8781583,22.564701
test,A5,3.292,15.399002
test,A5,3.799,19.794353
test,A5,4.264,20.118408
test,A5,4.549,22.85595
test,A5,4.57,23.399685
test,A5,4.473,23.49527
test,A5,4.284,26.50998
test,A5,4.081,24.64946
test,A5,3.909,24.001356
test,A5,3.877,23.54005
test,A5,4.012,23.65832
test,A5,4.033,25.37635
test,A5,4.003,25.843002
test,A5,3.994,27.208305
test,A5,3.96,22.845562
test,A5,3.736,19.576017
test,A5,3.154,25.653797
test,A5,2.325,27.907898
test,A5,1.59,28.70435
test,A5,1.202,27.722425
test,A5,0.762,25.04807
test,A5,0.36920297,26.619486
test,A5,0.16420297,24.71254
test,A5,0.0,22.36434
test,A5,0.0,22.664444
test,A5,0.0,22.927912
test,A5,0.0,22.781874
test,A5,0.0,22.229015
test,A5,0.0,22.732487
test,A5,0.0,22.918484
test,A5,0.0,23.475367
test,A5,0.0,23.106873
test,A5,0.0,22.705585
test,A5,0.0,22.615005
test,A5,0.0,23.12984
test,A5,0.0,23.445047
test,A5,0.0,24.594719
test,A5,0.0,22.23101
test,A5,0.0,22.839624
test,A5,0.0,23.445904
test,A5,0.0,23.74399
test,A5,0.0,23.762491
test,A5,0.0,22.81781
test,A5,0.0,22.725552
test,A5,0.0,23.102943
test,A5,0.0,23.416666
test,A5,0.0,22.632168
test,A5,0.0,22.66436
test,A5,0.0,22.470028
test,A5,0.0,22.395248
test,A5,0.0,22.539799
test,A5,0.0,21.673153
test,A5,0.0,24.086546
test,A5,0.0,23.469803
test,A5,0.0,23.599274
test,A5,0.0,22.85938
test,A5,0.0,22.975975
test,A5,0.0,22.849585
test,A5,0.0,23.508625
test,A5,0.0,24.490894
test,A5,0.0,25.762657
test,A5,0.113,26.300907
test,A5,0.739,15.983056
test,A5,1.542,13.222238
test,A5,2.028,20.024214
test,A5,2.282,21.402103
test,A5,2.386,24.641777
test,A5,2.488,28.154997
test,A5,2.716,25.314512
test,A5,3.092,25.577055
test,A5,3.45,26.60341
test,A5,3.779,23.432505
test,A5,4.011,25.21192
test,A5,4.2108665,27.590378
test,A5,4.488733,24.78967
test,A5,4.7458663,21.303364
test,A5,4.93,24.135624
test,A5,5.014,23.77438
test,A5,5.024,25.997517
test,A5,4.994,25.383053
test,A5,4.958,24.96539
test,A5,4.897,23.669254
test,A5,4.84,25.757168
test,A5,4.81,24.062798
test,A5,4.766,23.693935
test,A5,4.751,25.090748
test,A5,4.7449656,24.26091
test,A5,4.690965,22.154297
test,A5,4.6370444,26.199898
test,A5,4.652045,26.929287
test,A5,4.691,26.752438
test,A5,4.751,27.403584
test,A5,4.855,23.247473
test,A5,5.109,22.4502
test,A5,5.571,24.617771
test,A5,5.974,27.062536
test,A5,6.271,26.04857
test,A5,6.565901,25.890072
test,A5,6.797901,26.119064
test,A5,6.924,25.140263
test,A5,6.989,22.568712
test,A5,7.002,24.706347
test,A5,6.872,29.368431
test,A5,6.694,29.188509
test,A5,6.576,28.674181
test,A5,6.53,25.83898
test,A5,6.583,25.476887
test,A5,6.587,27.224422
test,A5,6.303,27.837465
test,A5,5.87,26.184273
test,A5,5.54,26.67886
test,A5,5.16,24.16527
test,A5,4.667,25.198973
test,A5,4.247,26.224445
test,A5,4.036,25.093212
test,A5,3.957,24.234444
test,A5,3.941,21.758163
test,A5,3.917,20.589512
test,A5,3.886,20.216331
test,A5,3.8859901,21.91483
test,A5,3.8719902,22.68739
test,A5,3.8829951,22.203106
test,A5,3.896995,23.618105
test,A5,3.905,25.216135
test,A5,3.9070249,25.422009
test,A5,3.9220247,25.483234
test,A5,3.9560199,24.449013
test,A5,3.9940197,25.708805
test,A5,4.057,23.26207
test,A5,4.092,20.613058
test,A5,4.136,23.279573
test,A5,4.209,21.301884
test,A5,4.253,21.458305
test,A5,4.294,23.748077
test,A5,4.333,22.67144
test,A5,4.359,21.559935
test,A5,4.424,22.212982
test,A5,4.454,22.516972
test,A5,4.432,25.0811
test,A5,4.462,27.711788
test,A5,4.59,22.976387
test,A5,4.78,24.063034
test,A5,4.919,23.15091
test,A5,5.0179305,21.954678
test,A5,5.124931,23.386639
test,A5,5.199,28.18253
test,A5,5.287,28.021893
test,A5,5.444,25.10773
test,A5,5.608,26.452007
test,A5,5.895,24.454048
test,A5,6.372,20.803959
test,A5,6.828,22.699602
test,A5,7.145,24.918072
test,A5,7.356,24.078953
test,A5,7.51,27.67468
test,A5,7.671,27.820644
test,A5,7.856,27.253868
test,A5,7.936,26.66804
test,A5,7.9,25.262218
test,A5,7.791,29.967197
test,A5,7.68,28.690022
test,A5,7.725,27.483103
test,A5,7.849931,21.719551
test,A5,7.9829307,23.924507
test,A5,8.14,23.62431
test,A5,8.225104,25.768864
test,A5,8.141104,26.341208
test,A5,8.052,26.170223
test,A5,8.11,25.535799
test,A5,8.261,22.83897
test,A5,8.408,24.8264
test,A5,8.537,26.318157
test,A5,8.768,26.711695
test,A5,9.207,24.057571
test,A5,9.719175,21.996214
test,A5,10.112285,22.191048
test,A5,10.39411,23.134354
test,A5,10.687,23.80803
test,A5,11.060099,21.572525
test,A5,11.341099,22.2123
test,A5,11.425,20.461742
test,A5,11.414,23.991976
test,A5,11.368,26.884533
test,A5,11.397,28.621838
test,A5,11.642,29.265396
test,A5,12.1633215,25.416502
test,A5,12.775322,22.324553
test,A5,13.127,24.559805
test,A5,13.313,25.521053
test,A5,13.641,22.554533
test,A5,14.113,23.244099
test,A5,14.495,26.659859
test,A5,14.619,28.874708
test,A5,14.652,29.023396
test,A5,14.776,28.701515
test,A5,15.094,28.893318
test,A5,15.57173,22.572092
test,A5,16.087997,22.916302
test,A5,16.617268,25.802135
test,A5,17.084,26.147644
test,A5,17.469,26.495193
test,A5,17.791065,26.005882
test,A5,17.995064,23.314693
test,A5,18.112,24.504055
test,A5,18.342,25.76653
test,A5,18.77,23.95349
test,A5,19.257,27.234552
test,A5,19.649,24.565645
test,A5,19.833,25.150356
test,A5,19.854,25.067152
test,A5,19.802,26.970573
test,A5,19.763,29.430265
test,A5,19.723,28.667109
test,A5,19.66,25.504417
test,A5,19.572,28.865513
test,A5,19.442,26.897408
test,A5,19.358,27.847118
test,A5,19.299,30.481705
test,A5,19.23209,29.179527
test,A5,19.130089,30.63373
test,A5,19.137,28.430664
test,A5,19.392,30.710583
test,A5,19.743,30.55767
test,A5,20.22,25.941328
test,A5,20.874,23.688105
test,A5,21.166,26.912039
test,A5,21.155,29.731752
test,A5,21.184,31.63092
test,A5,21.265,31.045097
test,A5,21.451,30.098991
test,A5,21.446,29.662678
test,A5,21.324,25.872513
test,A5,21.236,31.397974
test,A5,20.996,30.145615
test,A5,21.019,29.09473
test,A5,21.194,31.913006
test,A5,21.033,31.375622
test,A5,20.649,31.171335
test,A5,20.315,31.21801
test,A5,20.125,30.994148
test,A5,19.775,31.252773
test,A5,19.456,31.158445
test,A5,19.261,31.74855
test,A5,19.09199,28.947826
test,A5,19.03199,29.000477
test,A5,18.99,32.119457
test,A5,18.997,31.24356
test,A5,19.188238,30.139774
test,A5,19.125238,26.780594
test,A5,18.801,27.217836
test,A5,18.681,28.470741
test,A5,18.546,28.651114
test,A5,18.36,31.074104
test,A5,18.207,32.02235
test,A5,18.032,30.59168
test,A5,17.842,30.879871
test,A5,17.784,31.334675
test,A5,17.845,32.16547
test,A5,17.897842,28.38639
test,A5,18.081842,25.419065
test,A5,18.331104,25.992546
test,A5,18.562103,27.477127
test,A5,18.927,28.519238
test,A5,19.404806,29.383396
test,A5,19.852045,30.9049
test,A5,20.267237,28.950634
test,A5,20.58,27.423756
test,A5,20.818,27.088108
test,A5,21.078,29.251587
test,A5,21.226,26.362152
test,A5,21.402,31.37976
test,A5,21.463,30.512114
test,A5,21.182316,27.575708
test,A5,21.192316,29.244762
test,A5,21.451921,27.97602
test,A5,21.579922,27.980217
test,A5,21.662994,31.915524
test,A5,21.662994,32.010067
test,A5,21.603,31.125751
test,A5,21.553,29.047699
test,A5,21.548,29.500664
test,A5,21.559,30.679241
test,A5,21.542,28.307644
test,A5,21.479,32.602467
test,A5,21.425,30.446537
test,A5,21.356,31.261002
test,A5,21.247,31.745897
test,A5,21.309,28.663641
test,A5,21.433,25.047337
test,A5,21.379,31.013437
test,A5,21.357044,31.665619
test,A5,21.358046,32.339382
test,A5,21.314917,31.58457
test,A5,21.227917,30.562283
test,A5,21.139,29.556278
test,A5,21.265,30.5554
test,A5,21.473,31.763271
test,A5,21.491,29.308336
test,A5,21.436,28.337666
test,A5,21.473,32.147263
test,A5,21.616,32.204956
test,A5,21.618,29.041737
test,A5,21.439,32.235886
test,A5,21.425,30.404385
test,A5,21.567,28.485004
test,A5,21.667,31.479687
test,A5,21.694,31.387812
test,A5,21.552,29.397816
test,A5,21.323,29.766579
test,A5,21.36003,30.426395
test,A5,21.44603,29.436596
test,A5,21.383005,27.95499
test,A5,21.389006,30.978958
test,A5,21.538,31.723648
test,A5,21.542,31.444078
test,A5,21.334,30.154797
test,A5,21.271,31.94548
test,A5,21.314,29.865784
test,A5,21.522,31.153801
test,A5,21.701,30.256573
test,A5,21.537,28.681875
test,A5,21.365,31.069458
test,A5,21.495,30.902622
test,A5,21.699,30.997097
test,A5,21.68791,28.07573
test,A5,21.484911,28.910048
test,A5,21.015,32.782516
test,A5,20.624,31.729887
test,A5,20.479,30.878593
test,A5,20.318,31.520342
test,A5,19.936,30.790005
test,A5,19.675,32.447216
test,A5,19.849743,31.153465
test,A5,19.736742,30.558445
test,A5,19.54,30.20188
test,A5,19.702,31.858742
test,A5,19.796,29.644878
test,A5,19.868,31.324095
test,A5,19.958323,32.044907
test,A5,19.416323,31.910198
test,A5,18.898827,30.283169
test,A5,19.10098,28.929247
test,A5,19.422281,31.146172
test,A5,19.78213,31.692024
test,A5,20.308535,30.004246
test,A5,20.159534,27.406181
test,A5,19.531,31.668121
test,A5,19.185,31.336733
test,A5,18.692,29.998737
test,A5,17.949,31.439434
test,A5,16.798,32.369617
test,A5,15.148763,32.448215
test,A5,12.971544,32.179104
test,A5,10.584783,30.140686
test,A5,8.736,30.961454
test,A5,7.692,29.482807
test,A5,7.129,29.67835
test,A5,6.472,31.400589
test,A5,5.887,28.750076
test,A5,5.63,29.339352
test,A5,5.44,29.08625
test,A5,5.51,29.535595
test,A5,6.065,21.869059
test,A5,6.561,17.307087
test,A5,6.713,20.60498
test,A5,6.721,20.18016
test,A5,6.59,29.09435
test,A5,6.312,31.491676
test,A5,5.57,30.344007
test,A5,4.671,30.24773
test,A5,4.095,31.02037
test,A5,4.063,28.947628
test,A5,4.306,25.588554
test,A5,4.679,28.326242
test,A5,5.54,22.933834
test,A5,6.333,11.181791
test,A5,6.503,21.474371
test,A5,6.2607675,26.18531
test,A5,5.8797674,29.873734
test,A5,5.47,30.842693
test,A5,5.15,30.812275
test,A5,4.96,28.11577
test,A5,4.7677526,26.496624
test,A5,4.3327527,28.188902
test,A5,3.612,28.559586
test,A5,3.046,29.002382
test,A5,2.9039605,31.718796
test,A5,2.8799603,31.122272
test,A5,2.897,24.60301
test,A5,2.949,24.540863
test,A5,2.866,27.328117
test,A5,2.779,27.053188
test,A5,2.712,26.77234
test,A5,2.596,25.405664
test,A5,2.492,27.205614
test,A5,2.4870842,29.298782
test,A5,2.6080842,28.616486
test,A5,2.714,25.248344
test,A5,3.03,20.905857
test,A5,3.445,23.537395
test,A5,3.4438317,24.437126
test,A5,3.1498318,26.975115
test,A5,2.821,27.24464
test,A5,2.192,29.22429
test,A5,1.566,31.277763
test,A5,0.696,30.610142
test,A5,0.0,25.984787
test,A5,0.0,22.769318
test,A5,0.0,23.262175
test,A5,0.0,26.379227
test,A5,0.0,27.19301
test,A5,0.0,22.846191
test,A5,0.0,13.692507
test,A5,0.0,14.059213
test,A5,0.10547525,15.950466
test,A5,0.5294753,30.02409
test,A5,0.424,30.517834
test,A5,0.0,28.274666
test,A5,0.0,25.14773
test,A5,0.0,23.937368
test,A5,0.0,23.034348
test,A5,0.0,23.303574
test,A5,0.0,22.985298
test,A5,0.0,22.036135
test,A5,0.0,22.618925
test,A5,0.0,23.44069
test,A5,0.0,24.741814
test,A5,0.0,29.096914
test,A5,0.0,25.261955
test,A5,0.152,10.415166
test,A5,0.9040396,18.691824
test,A5,1.4660397,26.598827
test,A5,1.439,30.15097
test,A5,1.639,27.055313
test,A5,2.022,23.000296
test,A5,2.189,21.753357
test,A5,2.047,23.889542
test,A5,1.718,26.3909
test,A5,1.27,29.422714
test,A5,1.075,30.205276
test,A5,1.348765,23.740221
test,A5,1.790765,14.18236
test,A5,2.001,23.000969
test,A5,1.692,27.668972
test,A5,1.33,29.844679
test,A5,1.4241188,27.978622
test,A5,1.6651188,21.321667
test,A5,1.784,25.322876
test,A5,1.885,28.38013
test,A5,1.99,29.345343
test,A5,2.001,26.705711
test,A5,1.972,25.46825
test,A5,2.015,24.823112
test,A5,2.067,22.422209
test,A5,2.014,22.640362
test,A5,1.892,23.88094
test,A5,1.688,23.82737
test,A5,1.408,25.703878
test,A5,1.077,29.001427
test,A5,0.919,26.976278
test,A5,0.96,24.010618
test,A5,0.89489603,22.914137
test,A5,0.9108218,23.91661
test,A5,1.0709257,21.683598
test,A5,1.14,21.668716
test,A5,1.157,23.176285
test,A5,1.172,27.7131
test,A5,1.352,24.416409
test,A5,1.671,28.767256
test,A5,1.804,29.90445
test,A5,1.87,26.114508
test,A5,1.998,26.510736
test,A5,2.032,26.879044
test,A5,2.055,27.202858
test,A5,2.13,22.331444
test,A5,2.183,22.637978
test,A5,2.136,27.724741
test,A5,2.061,29.130295
test,A5,2.077,30.92625
test,A5,2.137,27.03312
test,A5,2.191,26.633514
test,A5,2.207,25.167747
test,A5,2.159,29.091532
test,A5,2.089,28.759567
test,A5,2.065,29.059895
test,A5,2.057,30.301384
test,A5,2.037,26.398403
test,A5,2.095,24.47663
test,A5,2.12,27.294493
test,A5,2.04,25.847025
test,A5,1.948,27.65374
test,A5,1.924,26.887115
test,A5,2.0519505,25.546429
test,A5,2.1909504,24.008688
test,A5,2.24,23.54005
test,A5,2.248,25.903994
test,A5,2.179,27.305698
test,A5,2.081,29.329937
test,A5,2.029,30.73865
test,A5,2.047,29.459423
test,A5,2.029,29.968966
test,A5,1.913,31.912697
test,A5,1.87,30.900444
test,A5,1.898,27.859673
test,A5,1.936,27.70301
test,A5,1.98,27.960346
test,A5,2.079,22.288305
test,A5,2.146,24.706636
test,A5,2.096,25.793377
test,A5,2.023,31.01261
test,A5,1.938,30.90541
test,A5,1.855,27.192087
test,A5,1.773,27.25343
test,A5,1.652,28.568363
test,A5,1.47,27.001825
test,A5,1.191,24.470171
test,A5,0.826,30.47958
test,A5,0.567,30.481298
test,A5,0.252,28.487854
test,A5,0.0,28.350523
test,A5,0.0,24.664078
test,A5,0.0,29.36539
test,A5,0.087,29.967478
test,A5,0.612,21.216005
test,A5,1.411,14.075974
test,A5,1.779,30.376665
test,A5,1.804,30.158648
test,A5,1.849,29.368004
test,A5,1.909,30.090729
test,A5,2.027,28.12357
test,A5,2.127,25.748009
test,A5,2.1920297,28.263754
test,A5,2.2740297,29.378778
test,A5,2.329,27.830397
test,A5,2.308,29.582577
test,A5,2.225,29.745083
test,A5,2.16,29.35848
test,A5,2.137,29.797367
test,A5,2.119,31.030289
test,A5,2.1,30.169094
test,A5,2.121,25.130653
test,A5,2.122,26.232864
test,A5,2.102,30.393745
test,A5,2.053,31.711048
test,A5,1.984,30.103523
test,A5,1.992,27.03207
test,A5,2.039,29.819235
test,A5,2.014,28.608706
test,A5,1.916995,29.737778
test,A5,1.862995,28.440395
test,A5,1.85,31.836515
test,A5,1.834,31.333569
test,A5,1.867,30.42493
test,A5,1.935,25.151482
test,A5,1.9,27.798428
test,A5,1.741,31.125034
test,A5,1.715,29.580753
test,A5,1.944,23.367153
test,A5,2.017,24.687016
test,A5,1.795,27.16629
test,A5,1.558,27.045868
test,A5,1.4,30.797802
test,A5,1.396,31.685268
test,A5,1.606,25.479008
test,A5,1.916,23.658653
test,A5,2.109,27.203737
test,A5,2.145,26.641487
test,A5,2.127,28.365574
test,A5,2.026039,29.505844
test,A5,1.9030389,30.54887
test,A5,1.873,30.89276
test,A5,1.863,28.256102
test,A5,1.843,26.465385
test,A5,1.791,29.41362
test,A5,1.8262079,27.114967
test,A5,2.115208,23.904345
test,A5,2.524,25.74581
test,A5,2.85,27.011112
test,A5,3.092,28.401335
test,A5,3.257,24.1701
test,A5,3.196,24.710737
test,A5,2.944,29.162987
test,A5,2.673,30.847631
test,A5,2.447,30.535397
test,A5,2.259,29.259197
test,A5,2.083075,28.679558
test,A5,1.923075,29.249216
test,A5,1.779,31.401424
test,A5,1.7451435,32.054775
test,A5,1.9271436,30.32966
test,A5,2.238,23.487453
test,A5,2.531,27.210499
test,A5,2.692,27.060677
test,A5,2.661,31.23182
test,A5,2.589,30.402496
test,A5,2.6441486,29.373981
test,A5,2.8671484,28.101688
test,A5,3.184,24.749191
test,A5,3.37,24.415329
test,A5,3.278,26.987057
test,A5,3.01,27.562725
test,A5,2.72,29.442255
test,A5,2.479,30.489628
test,A5,2.287,31.423721
test,A5,2.182,31.31614
test,A5,2.315,30.307663
test,A5,2.947599,24.369896
test,A5,3.942599,9.176797
test,A5,4.516,16.520601
test,A5,4.374,15.927886
test,A5,3.905,26.221907
test,A5,3.282,30.774763
test,A5,2.71814,30.82185
test,A5,2.37314,30.583698
test,A5,2.082,31.37471
test,A5,1.77,30.260065
test,A5,1.449,28.317566
test,A5,1.07,32.30944
test,A5,0.765,30.939043
test,A5,0.34,29.836136
test,A5,0.0,30.381527
test,A5,0.136,30.245369
test,A5,0.845,27.172035
test,A5,1.56,26.093891
test,A5,1.805,28.548882
test,A5,1.904,30.199856
test,A5,1.911,31.508732
test,A5,1.998,28.172411
test,A5,2.19,24.283855
test,A5,2.251,28.798708
test,A5,2.164,31.456963
test,A5,2.109,29.769943
test,A5,2.058,28.125444
test,A5,2.032,26.488665
test,A5,2.051,25.953003
test,A5,2.107,23.637835
test,A5,2.151,22.802912
test,A5,2.12,23.416695
test,A5,2.056,26.423397
test,A5,2.042,28.36876
test,A5,2.046,30.588058
test,A5,2.071,30.424667
test,A5,2.308,30.6301
test,A5,2.626,30.023935
test,A5,2.705,27.612402
test,A5,2.566,29.198582
test,A5,2.369,29.839306
test,A5,2.202,31.093895
test,A5,2.229,30.194984
test,A5,2.388,28.211908
test,A5,2.3631039,29.681648
test,A5,2.1891038,30.22288
test,A5,2.08,28.06953
test,A5,2.074,30.466667
test,A5,2.158,30.803745
test,A5,2.334,29.181553
test,A5,2.64,24.306902
test,A5,2.8259306,26.424286
test,A5,2.7409308,28.37125
test,A5,2.573,28.945923
test,A5,2.319,31.552536
test,A5,2.129,31.50821
test,A5,2.094,31.284697
test,A5,2.0309753,29.419857
test,A5,1.9559753,30.315449
test,A5,1.991,30.43143
test,A5,2.172,28.24456
test,A5,2.455,29.312944
test,A5,2.685,29.529121
test,A5,2.704,29.44247
test,A5,2.6270742,31.381138
test,A5,2.6881633,30.766449
test,A5,2.890089,30.549088
test,A5,3.327,29.54985
test,A5,4.143,31.324669
test,A5,5.127,31.815517
test,A5,6.289,24.034416
test,A5,7.34,28.094406
test,A5,7.881,31.892372
test,A5,8.32,30.967403
test,A5,8.879,30.1126
test,A5,9.316,31.287409
test,A5,9.506,31.027449
test,A5,9.591,31.916683
test,A5,9.435,32.030304
test,A5,9.016,30.382782
test,A5,8.508,32.54969
test,A5,7.927,31.020313
test,A5,7.196,30.536774
test,A5,6.209,31.710258
test,A5,5.31,31.125916
test,A5,4.6622176,31.3526
test,A5,4.1952176,30.829927
test,A5,4.131,30.53774
test,A5,4.6194158,28.642973
test,A5,5.577911,30.200558
test,A5,6.659495,31.688183
test,A5,7.682,30.191074
test,A5,8.713,31.320387
test,A5,9.838,27.840593
test,A5,10.876,30.544752
test,A5,11.306,29.833578
test,A5,11.354,31.929363
test,A5,11.478,31.934189
test,A5,11.616,31.471233
test,A5,11.744,29.964169
test,A5,11.862,29.741085
test,A5,11.978,31.28669
test,A5,12.110975,30.410622
test,A5,12.1539755,30.769833
test,A5,11.960079,30.980518
test,A5,11.875079,30.316761
test,A5,12.085,30.319614
test,A5,12.438,31.833714
test,A5,12.754,31.33817
test,A5,12.784,22.262768
test,A5,12.399,27.534382
test,A5,11.791,31.369728
test,A5,11.205,30.952593
test,A5,10.82,30.268564
test,A5,10.752807,31.150303
test,A5,10.986807,31.709026
test,A5,11.507,31.454924
test,A5,12.032,31.03376
test,A5,12.396856,30.30854
test,A5,12.651856,24.470215
test,A5,12.692,19.372437
test,A5,12.319,28.099358
test,A5,11.865,30.048782
test,A5,11.672,30.193447
test,A5,11.769,29.557747
test,A5,12.143,30.511478
test,A5,12.652668,29.67798
test,A5,13.235668,29.988289
test,A5,13.83,26.12254
test,A5,14.583,27.042587
test,A5,15.29,28.146595
test,A5,15.671,29.902027
test,A5,15.577,32.166706
test,A5,15.133,31.395824
test,A5,14.943,32.166897
test,A5,15.068,31.73919
test,A5,15.311,31.803226
test,A5,15.439,31.445114
test,A5,15.455,31.09724
test,A5,15.496,30.852428
test,A5,15.703,30.541328
test,A5,15.881,30.758562
test,A5,15.939881,30.685013
test,A5,16.149881,31.617474
test,A5,16.508,31.682932
test,A5,16.846,31.829647
test,A5,16.983,31.562866
test,A5,17.142,30.791231
test,A5,17.23,31.372406
test,A5,17.157,31.33652
test,A5,17.21,32.124344
test,A5,17.336,30.640549
test,A5,17.425154,27.415186
test,A5,17.310154,30.988602
test,A5,17.078,31.009342
test,A5,17.064,31.94017
test,A5,17.216,32.015076
test,A5,17.272,30.7253
test,A5,17.227,30.043812
test,A5,17.140886,28.99038
test,A5,16.964886,30.204956
test,A5,16.771,31.358353
test,A5,16.608,32.003586
test,A5,16.48204,31.00665
test,A5,16.39004,31.156214
test,A5,16.289,31.64169
test,A5,16.171,31.98077
test,A5,15.995,31.90166
test,A5,15.837,32.27702
test,A5,15.878,31.17794
test,A5,16.01,28.245914
test,A5,16.012,30.65885
test,A5,16.082,30.060692
test,A5,16.419,23.06425
test,A5,16.831,24.272923
test,A5,17.06,28.212719
test,A5,17.069,30.537434
test,A5,17.014,31.91463
test,A5,16.986109,31.066961
test,A5,17.118109,30.972622
test,A5,17.491,32.481033
test,A5,17.972,33.103218
test,A5,18.309,32.507965
test,A5,18.458,33.047653
test,A5,18.634,32.25997
test,A5,18.834,31.679161
test,A5,18.946,32.838276
test,A5,19.024,31.705076
test,A5,19.06609,30.690369
test,A5,19.02609,33.216606
test,A5,19.11998,32.02684
test,A5,19.23198,30.683077
test,A5,19.188,30.902155
test,A5,19.112,32.749752
test,A5,18.964,32.85373
test,A5,18.79,32.85814
test,A5,18.657,32.269794
test,A5,18.607,29.711134
test,A5,18.638,30.170115
test,A5,18.799763,31.002266
test,A5,19.157763,32.550552
test,A5,19.532,30.467411
test,A5,19.852,31.730595
test,A5,20.219,29.530174
test,A5,20.598,26.390875
test,A5,20.884,29.158215
test,A5,20.993,31.779705
test,A5,20.838,25.47271
test,A5,20.612,30.588173
test,A5,20.437,32.30743
test,A5,20.365,30.330273
test,A5,20.519,29.194012
test,A5,20.85,30.672308
test,A5,20.949,27.862455
test,A5,20.779,26.29696
test,A5,20.765,27.134443
test,A5,20.716,26.476557
test,A5,20.263,30.278444
test,A5,19.858,29.723679
test,A5,19.76,30.294218
test,A5,19.628,29.349611
test,A5,19.584,29.702953
test,A5,19.613,26.5008
test,A5,19.701,26.497955
test,A5,19.847,27.329529
test,A5,19.83,27.14103
test,A5,19.701,26.563885
test,A5,19.546,29.40775
test,A5,19.356,28.53995
test,A5,19.182886,27.327862
test,A5,19.006886,28.684599
test,A5,18.886986,26.23751
test,A5,18.848986,24.65733
test,A5,18.829,23.094833
test,A5,18.87,23.465069
test,A5,18.965,29.13394
test,A5,18.916,24.634424
test,A5,18.804,23.638714
test,A5,18.809,19.627483
test,A5,18.735,21.399641
test,A5,18.557,12.55851
test,A5,18.16,27.32108
test,A5,17.298,30.382744
test,A5,16.253,28.556501
test,A5,14.983,28.878378
test,A5,13.471,27.602264
test,A5,12.469,25.464844
test,A5,11.959,24.616308
test,A5,11.589,22.450539
test,A5,11.497,19.846075
test,A5,11.533,18.85472
test,A5,11.439,13.71291
test,A5,11.195,20.073925
test,A5,10.895,22.086964
test,A5,10.57,23.043781
test,A5,10.078,22.739338
test,A5,9.377,22.539848
test,A5,9.012976,22.681196
test,A5,9.072975,21.578205
test,A5,9.266,20.419884
test,A5,9.66,8.209841
test,A5,9.931,7.980827
test,A5,9.874,14.163413
test,A5,9.82,15.855735
test,A5,10.012,13.996259
test,A5,10.355,7.7593775
test,A5,10.559,7.515731
test,A5,10.524,15.959048
test,A5,10.715,22.638056
test,A5,11.128,10.106404
test,A5,11.721,7.4589195
test,A5,12.354,19.581236
test,A5,12.693,6.5262938
test,A5,13.032,8.026283
test,A5,13.409,16.146177
test,A5,13.549,16.351017
test,A5,13.76,18.380924
test,A5,14.257174,21.856651
test,A5,14.358173,18.064651
test,A5,14.219,13.88675
test,A5,14.505,18.1785
test,A5,14.926,7.137244
test,A5,15.224,5.416088
test,A5,15.532,5.862767
test,A5,16.022257,9.881427
test,A5,16.549257,9.980716
test,A5,16.707,20.983519
test,A5,16.733015,23.776543
test,A5,16.81498,20.752094
test,A5,16.804966,9.9336815
test,A5,16.528906,8.800696
test,A5,16.162691,15.243761
test,A5,15.907963,21.788815
test,A5,15.879178,22.138454
test,A5,15.809,20.564053
test,A5,15.42,19.16785
test,A5,14.748,15.288878
test,A5,13.994,15.062996
test,A5,13.711862,16.577723
test,A5,13.598862,19.725021
test,A5,13.416975,20.58583
test,A5,13.305975,20.800495
test,A5,13.07,22.01627
test,A5,12.64828,21.882341
test,A5,12.17428,21.186913
test,A5,11.894,13.519927
test,A5,11.828,14.5304575
test,A5,11.854,13.629757
test,A5,12.072,6.187523
test,A5,12.432099,10.853274
test,A5,12.542099,18.285841
test,A5,12.445,19.007553
test,A5,12.291,19.958256
test,A5,12.005,21.997028
test,A5,11.661,20.915684
test,A5,11.356,20.941717
test,A5,11.105,24.881924
test,A5,10.83,24.352913
test,A5,10.565,24.429268
test,A5,10.36,23.250795
test,A5,10.274,24.566755
test,A5,10.388817,23.363111
test,A5,10.712817,17.608377
test,A5,11.116,20.594349
test,A5,11.359,25.1123
test,A5,11.639,23.653645
test,A5,12.231,19.525871
test,A5,12.66,12.814279
test,A5,12.781,14.222053
test,A5,12.363,16.403366
test,A5,11.441,22.91321
test,A5,10.506,25.8744
test,A5,9.745,26.9951
test,A5,9.114,25.16872
test,A5,8.483,19.846746
test,A5,7.905515,23.253124
test,A5,7.130515,25.393255
test,A5,6.311,24.75659
test,A5,5.757,22.378925
test,A5,5.373,21.926617
test,A5,5.022,22.553444
test,A5,4.747,24.76218
test,A5,4.687,24.680866
test,A5,4.908,18.452404
test,A5,5.336,6.7204223
test,A5,5.560975,12.936903
test,A5,5.501975,21.3251
test,A5,5.153,21.940073
test,A5,4.642,18.965069
test,A5,3.961,23.715462
test,A5,3.068,27.854939
test,A5,2.488,28.701172
test,A5,2.489,24.59281
test,A5,3.207,7.1705837
test,A5,4.109,6.584736
test,A5,4.516,13.499253
test,A5,4.67,20.286385
test,A5,4.8462276,24.633648
test,A5,5.1952276,22.366852
test,A5,5.781,17.117743
test,A5,6.178,22.863794
test,A5,6.457,10.385693
test,A5,6.7629156,15.114815
test,A5,6.911916,26.405972
test,A5,6.874,26.187363
test,A5,6.741,25.88078
test,A5,6.607,26.370193
test,A5,6.505,24.547922
test,A5,6.306,23.947598
test,A5,5.911,23.37881
test,A5,5.516,23.431156
test,A5,5.101,24.762222
test,A5,4.607,23.544365
test,A5,4.125,23.43977
test,A5,3.681,26.095646
test,A5,3.271,25.854404
test,A5,2.955654,24.182947
test,A5,2.8976538,22.754538
test,A5,2.935,23.024534
test,A5,2.765,27.54485
test,A5,2.689,25.376345
test,A5,2.949,20.11341
test,A5,3.38,17.400536
test,A5,3.803,18.295263
test,A5,3.973,23.899559
test,A5,3.96,19.942778
test,A5,3.912,20.923061
test,A5,3.77,22.354904
test,A5,3.618,24.787489
test,A5,3.427,25.36514
test,A5,3.114,24.04641
test,A5,2.832,23.369923
test,A5,2.65,26.29757
test,A5,2.508,27.373842
test,A5,2.4,23.839605
test,A5,2.308,23.273312
test,A5,2.207,18.086784
test,A5,1.893,25.027714
test,A5,1.399,30.086983
test,A5,1.099,29.5904
test,A5,1.3791337,23.427078
test,A5,1.8291336,21.121548
test,A5,1.945,22.877026
test,A5,1.843,23.340216
test,A5,1.805,22.9675
test,A5,2.045,25.87378
test,A5,2.229,26.613958
test,A5,2.334,26.84497
test,A5,2.369,25.156918
test,A5,2.371,22.44936
test,A5,2.374,27.919897
test,A5,2.294,29.566608
test,A5,2.33,28.930408
test,A5,2.4299407,25.594458
test,A5,2.5229406,22.417873
test,A5,2.5478613,24.285416
test,A5,2.4248614,26.06415
test,A5,2.4031239,22.565397
test,A5,2.5681238,23.024574
test,A5,2.599,26.98368
test,A5,2.519,28.753475
test,A5,2.558,22.447035
test,A5,2.647,22.883965
test,A5,2.627,29.689114
test,A5,2.594,27.844055
test,A5,2.577,23.690174
test,A5,2.501,23.319439
test,A5,2.378,22.127584
test,A5,2.241,23.375021
test,A5,2.1,27.761658
test,A5,2.014,27.731781
test,A5,2.118,26.623436
test,A5,2.335,22.496868
test,A5,2.413,19.955263
test,A5,2.289,26.272907
test,A5,2.112,29.080196
test,A5,1.957,25.362705
test,A5,1.8311336,23.266655
test,A5,1.6141337,25.162136
test,A5,1.196,27.206062
test,A5,0.771,27.134127
test,A5,0.566,25.42141
test,A5,0.543,25.076754
test,A5,0.612,26.977983
test,A5,0.707,27.31803
test,A5,0.87,24.143272
test,A5,1.171,25.181694
test,A5,1.582,24.550508
test,A5,1.98,20.712097
test,A5,2.158,18.176935
test,A5,2.01411,21.600962
test,A5,1.75711,28.49888
test,A5,1.677,28.239698
test,A5,1.954,26.821957
test,A5,2.248,26.00209
test,A5,2.326,23.14542
test,A5,2.345,26.408802
test,A5,2.323,25.020748
test,A5,2.278,22.594818
test,A5,2.047,25.857962
test,A5,1.6298218,25.063828
test,A5,1.2128218,27.072762
test,A5,0.864,26.257889
test,A5,0.7,28.424568
test,A5,0.654,29.543303
test,A5,0.424,25.836212
test,A5,0.24,23.462389
test,A5,0.24,23.82766
test,A5,0.24,22.389565
test,A5,0.24,22.673292
test,A5,0.216,23.53378
test,A5,0.096,23.043861
test,A5,0.0,23.837482
test,A5,0.0,26.274284
test,A5,0.0,27.360481
test,A5,0.0,26.876736
test,A5,0.205,19.755774
test,A5,1.277,11.092422
test,A5,2.361,8.948337
test,A5,2.723,11.363727
test,A5,3.006,24.068504
test,A5,3.207,22.16685
test,A5,3.135,25.985443
test,A5,2.843,28.90551
test,A5,2.6030743,26.898727
test,A5,2.4431584,27.003933
test,A5,2.278084,25.80265
test,A5,2.102,25.637426
test,A5,1.972,29.873093
test,A5,1.948,30.18335
test,A5,2.253,23.706722
test,A5,2.804,19.653706
test,A5,3.218,14.021472
test,A5,3.204,21.38153
test,A5,2.716416,23.994759
test,A5,1.9774158,29.04008
test,A5,1.2148465,30.3381
test,A5,0.74384654,29.400911
test,A5,0.62,26.35878
test,A5,0.62,26.584953
test,A5,0.62,26.762703
test,A5,0.62,25.1066
test,A5,0.62,24.405165
test,A5,0.62,24.921074
test,A5,0.62,23.686728
test,A5,0.62,23.481937
test,A5,0.62,24.10265
test,A5,0.62,24.166012
test,A5,0.62,23.568941
test,A5,0.558,24.02921
test,A5,0.248,24.594048
test,A5,0.0,26.517979
test,A5,0.0,29.481451
test,A5,0.0,26.917728
test,A5,0.0,24.663162
test,A5,0.0,21.91118
test,A5,0.0,24.019518
test,A5,0.0,23.253767
test,A5,0.0,22.817474
test,A5,0.0,28.6251
test,A5,0.0,29.780025
test,A5,0.222,30.146973
test,A5,1.3429456,28.885265
test,A5,2.2849455,24.838003
test,A5,2.318,19.910004
test,A5,2.284,26.595085
test,A5,2.295,28.513926
test,A5,2.447,29.16041
test,A5,2.47,28.265095
test,A5,2.37001,25.998888
test,A5,2.37001,24.661398
test,A5,2.361,26.62976
test,A5,2.319,27.716473
test,A5,2.332,28.206177
test,A5,2.495,28.608856
test,A5,2.536,28.377464
test,A5,2.48,26.369072
test,A5,2.575,23.737352
test,A5,2.6249654,24.880123
test,A5,2.5709653,25.421856
test,A5,2.51,23.338058
test,A5,2.479,24.17979
test,A5,2.413,25.730518
test,A5,2.302,24.61973
test,A5,2.206,29.70851
test,A5,2.2089555,29.118546
test,A5,2.2869554,24.27224
test,A5,2.271,24.739986
test,A5,2.138,25.765228
test,A5,1.9539208,23.582838
test,A5,1.7789208,27.745758
test,A5,1.658,28.423744
test,A5,1.748,22.221376
test,A5,2.155,15.657784
test,A5,2.589,22.140245
test,A5,2.813,22.019152
test,A5,2.814,22.85767
test,A5,2.656,29.087337
test,A5,2.505,29.727455
test,A5,2.436,25.386803
test,A5,2.371,22.92078
test,A5,2.214099,22.690268
test,A5,2.009099,24.166172
test,A5,1.767,25.33767
test,A5,1.391,26.07461
test,A5,1.11,25.545689
test,A5,0.985,24.071533
test,A5,0.878,22.923195
test,A5,0.797,23.303066
test,A5,0.532,27.496962
test,A5,0.32,28.686724
test,A5,0.288,26.121925
test,A5,0.128,26.3503
test,A5,0.0,25.657259
test,A5,0.0,24.979412
test,A5,0.0,26.073738
test,A5,0.0,26.283829
test,A5,0.0,25.002455
test,A5,0.0,25.46473
test,A5,0.0,25.1281
test,A5,0.0,22.876783
test,A5,0.0,28.903723
test,A5,0.0,29.076096
test,A5,0.0,23.83126
test,A5,0.226,19.574484
test,A5,1.401,9.733459
test,A5,2.54,21.179483
test,A5,2.77,24.956469
test,A5,2.802965,27.952387
test,A5,2.736965,31.195715
test,A5,2.539,30.20301
test,A5,2.349,29.868568
test,A5,2.348,29.216854
test,A5,2.476,26.392399
test,A5,2.64,28.840738
test,A5,2.75,24.793457
test,A5,2.941,21.487083
test,A5,3.283,20.183167
test,A5,3.552,18.953869
test,A5,3.745,21.38681
test,A5,3.97,22.880104
test,A5,4.154,23.989105
test,A5,4.189,25.43216
test,A5,4.3020196,23.199846
test,A5,4.46902,26.65586
test,A5,4.612,25.200184
test,A5,4.972198,23.295273
test,A5,5.4224057,24.451715
test,A5,5.816208,24.323479
test,A5,6.137,27.429134
test,A5,6.447,25.781342
test,A5,6.836,23.153807
test,A5,7.115,26.200329
test,A5,7.316,25.601788
test,A5,7.608,22.451908
test,A5,7.813,24.947489
test,A5,7.888,30.292976
test,A5,8.039,30.382786
test,A5,8.367,25.563856
test,A5,8.828,24.385872
test,A5,9.286,23.593128
test,A5,9.688,14.263478
test,A5,9.924,25.686056
test,A5,9.928,30.660263
test,A5,9.904,28.272995
test,A5,10.078,28.148216
test,A5,10.44,25.838943
test,A5,10.718846,26.666779
test,A5,10.690846,28.850803
test,A5,10.603243,29.234617
test,A5,10.509243,30.997818
test,A5,10.748,31.213741
test,A5,11.214,27.641308
test,A5,11.494,31.940292
test,A5,11.797911,29.34489
test,A5,12.028911,30.232416
test,A5,12.183,29.391626
test,A5,12.202,30.735401
test,A5,12.375921,28.752382
test,A5,12.67792,26.270674
test,A5,12.87986,28.954144
test,A5,13.09686,27.145782
test,A5,13.137,24.061638
test,A5,12.984,27.978737
test,A5,12.805,30.75599
test,A5,12.758,26.673615
test,A5,12.827065,23.841473
test,A5,12.904065,26.784187
test,A5,12.922,30.12355
test,A5,12.817,29.233013
test,A5,12.675,30.105053
test,A5,12.622,31.793211
test,A5,12.518,31.606121
test,A5,12.301,30.371138
test,A5,12.285,26.835531
test,A5,12.363,26.227547
test,A5,12.352,25.915506
test,A5,12.366,29.135113
test,A5,12.48,27.451107
test,A5,12.507,29.508572
test,A5,12.523,30.50997
test,A5,12.862,31.53735
test,A5,13.162,29.797188
test,A5,13.332925,29.013073
test,A5,13.543925,24.620895
test,A5,13.718,26.303104
test,A5,13.761,28.252325
test,A5,13.6,30.947834
test,A5,13.399,24.78683
test,A5,13.285,23.448467
test,A5,13.074,30.663166
test,A5,12.642,31.552565
test,A5,12.36598,31.518764
test,A5,12.392981,30.156492
test,A5,12.633,28.152529
test,A5,12.952,22.582104
test,A5,13.133,23.89281
test,A5,13.05,28.85178
test,A5,12.779901,30.1037
test,A5,12.597901,24.095871
test,A5,12.678,20.19366
test,A5,12.673,25.201523
test,A5,12.426,25.461857
test,A5,11.819,31.165718
test,A5,10.795302,32.1335
test,A5,9.992302,31.354393
test,A5,9.611,28.781437
test,A5,9.368,27.629347
test,A5,9.181,27.23679
test,A5,9.264,25.430552
test,A5,9.651,26.180222
test,A5,9.961,26.426628
test,A5,10.187,30.110228
test,A5,10.804,21.993706
test,A5,11.35194,18.7931
test,A5,11.49894,29.624489
test,A5,11.616,29.222124
test,A5,11.724,26.777197
test,A5,11.491,29.879501
test,A5,11.494,28.677868
test,A5,11.595,25.703815
test,A5,11.404208,23.486725
test,A5,11.593208,24.344852
test,A5,11.914,23.268776
test,A5,12.031,28.54367
test,A5,12.1,29.646873
test,A5,12.434,26.100775
test,A5,12.802,20.434605
test,A5,13.141045,18.24504
test,A5,13.368721,26.446388
test,A5,13.508677,25.8515
test,A5,13.688,27.150423
test,A5,13.683,30.951143
test,A5,13.557,30.099472
test,A5,13.234,31.14896
test,A5,12.731,29.797668
test,A5,12.157,27.154968
test,A5,12.243,24.096811
test,A5,12.948,21.280832
test,A5,13.232,28.30821
test,A5,13.217901,27.69866
test,A5,13.292901,28.615519
test,A5,13.256,27.83506
test,A5,12.931,23.13143
test,A5,12.292,28.626596
test,A5,11.749,30.015507
test,A5,11.529,28.994215
test,A5,11.478,28.86055
test,A5,11.526,27.484941
test,A5,11.525,23.243547
test,A5,11.627,23.781239
test,A5,11.769,28.33057
test,A5,11.636,30.039017
test,A5,11.571,29.486609
test,A5,11.833,28.814346
test,A5,12.101,28.38306
test,A5,12.281651,25.617535
test,A5,12.5133505,28.04609
test,A5,12.9297,26.525095
test,A5,13.272,20.349735
test,A5,13.346,29.986916
test,A5,13.296,31.083603
test,A5,13.389,30.341312
test,A5,13.73,29.883204
test,A5,14.061,27.17918
test,A5,14.393,21.053715
test,A5,14.597,26.437061
test,A5,14.67195,25.321514
test,A5,14.799951,23.900185
test,A5,14.883,27.866396
test,A5,14.912,23.86214
test,A5,15.027,23.861988
test,A5,15.278,25.278097
test,A5,15.593,25.892273
test,A5,15.88193,25.15229
test,A5,16.07793,25.770866
test,A5,16.33,23.240232
test,A5,16.624,26.324596
test,A5,16.878,28.155539
test,A5,17.082,24.310125
test,A5,17.361,22.66263
test,A5,17.641,24.545048
test,A5,17.589,26.343716
test,A5,17.452,25.419176
test,A5,17.484,28.868763
test,A5,17.528,24.977451
test,A5,17.669,21.449205
test,A5,17.79194,20.372074
test,A5,17.86194,20.336922
test,A5,18.062,27.204966
test,A5,18.15,24.690275
test,A5,17.957045,23.016867
test,A5,17.887045,26.375671
test,A5,18.221,21.740425
test,A5,18.578,23.94468
test,A5,18.657,24.283134
test,A5,18.821,22.812805
test,A5,19.073,19.665907
test,A5,19.191,20.953693
test,A5,19.272,23.05014
test,A5,19.596,22.024408
test,A5,20.013,20.208431
test,A5,20.167,20.435007
test,A5,20.26,23.295597
test,A5,20.289,22.336796
test,A5,20.352,27.191652
test,A5,20.458,23.94707
test,A5,20.461,17.967636
test,A5,20.535,24.8159
test,A5,20.688,23.43729
test,A5,20.874,22.26588
test,A5,21.102917,23.451937
test,A5,21.159916,22.788126
test,A5,21.208,24.743324
test,A5,21.313128,23.837227
test,A5,21.271128,23.477753
test,A5,21.147,25.318718
test,A5,20.786,22.715832
test,A5,20.382875,23.139147
test,A5,20.165857,24.294872
test,A5,20.01798,24.049597
test,A5,19.85,22.435268
test,A5,19.642,19.036236
test,A5,19.317,22.250134
test,A5,18.621,26.734257
test,A5,17.809,27.277462
test,A5,17.049,29.680946
test,A5,16.416,29.882301
test,A5,15.982,23.284946
test,A5,15.602,27.82822
test,A5,15.272,25.096905
test,A5,14.969,26.673546
test,A5,14.631961,24.111828
test,A5,14.424021,24.157806
test,A5,14.41606,27.02385
test,A5,14.273,24.895414
test,A5,14.074,25.69838
test,A5,14.005125,24.747265
test,A5,13.737125,26.29834
test,A5,12.902,24.132427
test,A5,12.235,24.02727
test,A5,12.153,24.541742
test,A5,12.051,25.117924
test,A5,11.995065,26.126041
test,A5,11.989985,27.097061
test,A5,11.9779215,23.462559
test,A5,12.011,21.270767
test,A5,12.056,27.526533
test,A5,12.302,26.049408
test,A5,12.714,25.697178
test,A5,13.133,24.87476
test,A5,13.517,24.49261
test,A5,13.785,24.809763
test,A5,14.022,22.698923
test,A5,13.937,24.69851
test,A5,13.61797,27.309261
test,A5,13.51997,28.379364
test,A5,13.59,25.487663
test,A5,13.735,27.852554
test,A5,13.846,24.302425
test,A5,13.889,26.517721
test,A5,13.906,27.868336
test,A5,14.034,26.06039
test,A5,14.221,24.190195
test,A5,14.235,24.078012
test,A5,14.078,25.198065
test,A5,13.905,24.677372
test,A5,13.786,27.72507
test,A5,13.698,25.683376
test,A5,13.629,25.301563
test,A5,13.516965,24.006325
test,A5,13.378965,23.107748
test,A5,13.273,24.731134
test,A5,13.284,25.530891
test,A5,13.36,24.629322
test,A5,13.375,23.43811
test,A5,13.476,17.876858
test,A5,13.682,16.757961
test,A5,13.89,16.886654
test,A5,14.103,22.37746
test,A5,14.369,21.297009
test,A5,14.634,21.835398
test,A5,14.883,21.688255
test,A5,15.127,15.905255
test,A5,15.259,19.42495
test,A5,15.285,19.464506
test,A5,15.351,21.168797
test,A5,15.464,23.870466
test,A5,15.492,23.255573
test,A5,15.458,23.308926
test,A5,15.47,24.72875
test,A5,15.624,22.589252
test,A5,16.0,18.672142
test,A5,16.378,23.32122
test,A5,16.675,23.51746
test,A5,16.97,18.982624
test,A5,17.121,19.730633
test,A5,17.122,19.308668
test,A5,16.924,21.247877
test,A5,16.852,23.124607
test,A5,17.022,22.817337
test,A5,17.21595,23.48669
test,A5,17.29595,22.238941
test,A5,17.202,20.822191
test,A5,17.231,22.56303
test,A5,17.312,18.01131
test,A5,17.212,18.286362
test,A5,16.835,20.272171
test,A5,16.8,20.757088
test,A5,17.039,22.282242
test,A5,16.949,21.85492
test,A5,16.963,12.92015
test,A5,17.158,17.726408
test,A5,17.392,10.940034
test,A5,17.678,18.30592
test,A5,17.763,14.150522
test,A5,17.349361,23.01728
test,A5,16.598362,24.16062
test,A5,15.662,25.444588
test,A5,14.399,23.920761
test,A5,13.577,24.308556
test,A5,13.275,23.25634
test,A5,12.968,21.773746
test,A5,12.885,19.989182
test,A5,12.929,19.570665
test,A5,12.646,16.877169
test,A5,12.229,16.98812
test,A5,11.30002,21.652596
test,A5,10.39443,24.666454
test,A5,9.94141,23.5624
test,A5,9.424,24.644646
test,A5,9.056,23.863548
test,A5,8.963,22.072285
test,A5,9.366,15.310752
test,A5,9.651,15.788196
test,A5,9.67,13.095063
test,A5,9.817,21.637203
test,A5,10.273,21.383501
test,A5,10.751,9.655373
test,A5,10.997,11.391831
test,A5,11.301,20.89692
test,A5,11.516,21.428375
test,A5,11.493,14.196904
test,A5,11.57599,18.61758
test,A5,11.705005,17.201166
test,A5,11.712015,18.522263
test,A5,11.648,19.60246
test,A5,11.547,23.508516
test,A5,11.242,25.324228
test,A5,10.932505,26.679379
test,A5,11.282505,31.844326
test,A5,11.646,28.994276
test,A5,11.503,31.310364
test,A5,11.422866,29.500957
test,A5,11.588866,29.49756
test,A5,11.86,28.547281
test,A5,12.106,28.447008
test,A5,12.182,30.766117
test,A5,12.030069,30.536095
test,A5,11.864069,32.48175
test,A5,11.847005,31.86364
test,A5,11.875005,28.12466
test,A5,11.877,27.408894
test,A5,11.899,32.62858
test,A5,11.999,32.09975
test,A5,12.228,31.012783
test,A5,12.45,30.969807
test,A5,12.509,30.859386
test,A5,12.543,29.813301
test,A5,12.23,25.212458
test,A5,11.469,30.923878
test,A5,10.652,23.136133
test,A5,10.254,26.208927
test,A5,10.081,28.541485
test,A5,9.735,26.15805
test,A5,9.364,23.589424
test,A5,8.895,29.10473
test,A5,8.418,24.38219
test,A5,8.173,26.577774
test,A5,8.07,27.69054
test,A5,7.912,30.82629
test,A5,7.874,31.209488
test,A5,7.999,26.244583
test,A5,7.8881087,29.533972
test,A5,7.577109,27.351322
test,A5,7.377,24.88453
test,A5,7.22383,24.3205
test,A5,7.05683,31.073986
test,A5,7.074,31.005398
test,A5,7.158,31.561834
test,A5,6.969,29.182552
test,A5,6.647461,29.495815
test,A5,6.2554607,28.933683
test,A5,5.838,30.162762
test,A5,5.352,28.876637
test,A5,4.87,29.624271
test,A5,4.442,30.189095
test,A5,4.152,31.23711
test,A5,4.071,30.845695
test,A5,4.02,30.188427
test,A5,3.961,29.738369
test,A5,3.972,31.111195
test,A5,4.0029554,31.3111
test,A5,4.0369554,30.012875
test,A5,4.129,29.612247
test,A5,4.129,27.539227
test,A5,4.052,31.03775
test,A5,3.982,29.606377
test,A5,3.87,29.37056
test,A5,3.679,28.862278
test,A5,3.576,28.59735
test,A5,3.712,30.87001
test,A5,3.993,29.90167
test,A5,4.368,28.986063
test,A5,4.767,29.338865
test,A5,5.089,29.904541
test,A5,5.348,29.668716
test,A5,5.5299606,32.124546
test,A5,5.6029606,29.689117
test,A5,5.767,25.242548
test,A5,5.824,30.832024
test,A5,5.473,23.44025
test,A5,5.188,23.745453
test,A5,5.091,26.277658
test,A5,4.97,24.694859
test,A5,4.941104,23.289154
test,A5,4.906104,26.596651
test,A5,4.902,25.76025
test,A5,4.829,23.443113
test,A5,4.6640496,24.220243
test,A5,4.7090497,26.422268
test,A5,5.015,22.431011
test,A5,5.559,11.515741
test,A5,6.0532227,21.92368
test,A5,6.4342227,25.554659
test,A5,6.798,27.769375
test,A5,7.259,22.237976
test,A5,7.782,18.809162
test,A5,8.205,23.505592
test,A5,8.552,23.692797
test,A5,8.805,27.858555
test,A5,9.134,27.877182
test,A5,9.431,27.546455
test,A5,9.613,23.083115
test,A5,10.162,26.964632
test,A5,10.914,26.05011
test,A5,11.505,18.191292
test,A5,11.889,14.9112835
test,A5,11.861,29.326069
test,A5,11.632,31.585234
test,A5,11.44,29.981316
test,A5,11.582,24.579569
test,A5,11.84,24.501122
test,A5,11.908886,25.952919
test,A5,12.063886,28.848404
test,A5,12.305,28.257141
test,A5,12.772,24.006676
test,A5,13.392,23.66919
test,A5,13.968,20.551895
test,A5,14.595,22.155323
test,A5,15.124139,21.833523
test,A5,15.415138,18.10934
test,A5,15.483104,27.090492
test,A5,15.578891,28.484552
test,A5,15.941787,26.157917
test,A5,16.486,21.794537
test,A5,17.026,21.772083
test,A5,17.386,22.887127
test,A5,17.662,22.189247
test,A5,17.891,24.237417
test,A5,17.978985,25.666687
test,A5,17.997986,22.830717
test,A5,18.039,27.111465
test,A5,18.197,26.627857
test,A5,18.401,23.506956
test,A5,18.58,25.766447
test,A5,18.714,24.37109
test,A5,18.686,22.669018
test,A5,18.676,25.288641
test,A5,18.676,25.049454
test,A5,18.55,26.027744
test,A5,18.373,25.948475
test,A5,18.093,24.644384
test,A5,17.852,26.508133
test,A5,17.672,27.075659
test,A5,17.428,26.994337
test,A5,17.175,26.190004
test,A5,16.965,29.231438
test,A5,16.833,26.85006
test,A5,16.744207,23.634544
test,A5,16.506208,28.050844
test,A5,16.257,27.117834
test,A5,16.427,22.904646
test,A5,16.222,23.960094
test,A5,15.654,24.313793
test,A5,15.474,23.631756
test,A5,15.277921,26.503206
test,A5,15.0439205,25.007084
test,A5,14.941,27.22459
test,A5,14.94,28.188063
test,A5,14.908,27.45176
test,A5,14.874,26.939016
test,A5,14.937,24.70483
test,A5,14.963,27.220161
test,A5,14.937,24.92657
test,A5,14.8,27.639797
test,A5,14.419634,30.945728
test,A5,13.792634,30.405949
test,A5,13.116,31.61945
test,A5,12.706,29.380516
test,A5,12.444,25.98799
test,A5,12.248,26.999573
test,A5,12.183,25.408531
test,A5,12.098,22.243364
test,A5,11.94,23.999395
test,A5,11.446,29.979166
test,A5,10.823,31.456371
test,A5,10.385,30.178402
test,A5,9.975,26.238085
test,A5,9.75,25.11193
test,A5,9.584,24.317379
test,A5,9.166,28.05209
test,A5,8.412,31.20533
test,A5,7.824,30.817928
test,A5,7.546206,30.64424
test,A5,6.913206,28.66894
test,A5,6.687,24.806654
test,A5,7.443,21.192478
test,A5,8.209,16.233265
test,A5,8.631,21.879278
test,A5,8.82,23.547852
test,A5,8.834,24.195705
test,A5,8.787,26.417963
test,A5,8.693,27.544725
test,A5,8.697,24.501236
test,A5,8.751,25.575432
test,A5,8.787,27.418015
test,A5,8.831044,26.614613
test,A5,8.823045,26.368443
test,A5,8.87,26.749046
test,A5,8.93198,26.032873
test,A5,8.94298,25.619736
test,A5,8.863,26.733934
test,A5,8.346718,31.348728
test,A5,7.6707177,29.501091
test,A5,7.288,27.603659
test,A5,7.081005,27.154743
test,A5,7.006005,26.42406
test,A5,7.01597,23.548801
test,A5,7.0609703,22.546942
test,A5,7.176,24.334427
test,A5,7.334,26.177816
test,A5,7.532,24.03424
test,A5,7.88,23.59747
test,A5,8.352,24.523922
test,A5,8.641,25.43277
test,A5,8.667,24.356682
test,A5,8.842748,25.959837
test,A5,9.331747,25.09414
test,A5,9.954,24.352497
test,A5,10.284,28.177895
test,A5,10.521,24.547693
test,A5,11.026,24.045704
test,A5,11.546,24.43499
test,A5,12.166,24.151196
test,A5,12.86997,20.532684
test,A5,13.27597,23.564032
test,A5,13.72,28.853384
test,A5,14.152,25.649918
test,A5,14.323,25.92976
test,A5,14.566,23.85745
test,A5,14.913,29.166187
test,A5,15.225,27.388765
test,A5,15.564748,24.067942
test,A5,16.024748,23.962008
test,A5,16.282,24.770792
test,A5,16.367,28.628674
test,A5,16.47,29.367794
test,A5,16.645,31.17324
test,A5,16.867,26.325556
test,A5,17.345,24.610834
test,A5,18.043,23.331272
test,A5,18.454,25.863792
test,A5,18.514,26.081697
test,A5,18.442,28.226488
test,A5,18.414,29.249168
test,A5,18.427,27.92447
test,A5,18.395094,28.066921
test,A5,18.297094,29.693972
test,A5,18.253,25.774258
test,A5,18.397,27.15598
test,A5,18.516,27.138529
test,A5,18.48,26.773897
test,A5,18.489,23.195728
test,A5,18.463,26.897402
test,A5,18.053526,32.333336
test,A5,17.170525,31.745747
test,A5,15.976,32.076942
test,A5,14.775,31.338215
test,A5,13.913,31.898506
test,A5,13.337,32.083317
test,A5,12.943,31.36958
test,A5,12.743,27.836823
test,A5,12.585,27.698175
test,A5,12.45,27.573828
test,A5,12.366,25.266087
test,A5,12.232,28.367825
test,A5,12.063,28.19803
test,A5,12.0,27.6893
test,A5,12.035,30.55668
test,A5,12.112,26.357704
test,A5,12.216,26.178715
test,A5,12.4,30.0046
test,A5,12.568,31.804539
test,A5,12.56,31.84034
test,A5,12.284,29.285522
test,A5,11.714,31.010754
test,A5,11.252,31.933966
test,A5,11.094,31.79677
test,A5,11.078,30.791328
test,A5,11.133,31.056934
test,A5,11.272,30.691952
test,A5,11.504,25.265919
test,A5,11.695015,29.046368
test,A5,11.742064,31.194324
test,A5,11.68405,32.65603
test,A5,11.683,32.683167
test,A5,11.832,32.080616
test,A5,12.147,31.708488
test,A5,12.535,33.503735
test,A5,12.68,32.593918
test,A5,12.595,31.455069
test,A5,12.458,31.228077
test,A5,12.226,27.552668
test,A5,11.759,32.366932
test,A5,11.111,32.26209
test,A5,10.484,31.111084
test,A5,9.711,29.819832
test,A5,8.373,32.12481
test,A5,6.77,31.301073
test,A5,5.717,30.84652
test,A5,5.188,30.137188
test,A5,4.85,30.490097
test,A5,4.765,27.09529
test,A5,4.934,23.094282
test,A5,5.037,24.568743
test,A5,4.974,31.007626
test,A5,4.953,30.75678
test,A5,5.093,28.979382
test,A5,5.336,26.490719
test,A5,5.599,28.603794
test,A5,5.894,29.873505
test,A5,6.220317,28.51368
test,A5,6.693317,24.127731
test,A5,7.244,26.573748
test,A5,7.74,28.86679
test,A5,8.254,29.975548
test,A5,8.825,31.382011
test,A5,9.358,27.258053
test,A5,9.696118,32.261364
test,A5,9.934119,31.728699
test,A5,10.1920595,29.61345
test,A5,10.387059,31.601963
test,A5,10.527,29.951511
test,A5,10.674,26.386896
test,A5,10.738,29.959724
test,A5,10.652,31.44136
test,A5,10.447,31.824385
test,A5,10.184,32.6203
test,A5,9.953,31.559202
test,A5,9.823,31.528725
test,A5,9.717,32.028675
test,A5,9.644,32.521725
test,A5,9.64,31.135193
test,A5,9.654,29.625057
test,A5,9.764,29.559126
test,A5,10.071,30.255371
test,A5,10.526,32.637974
test,A5,10.98,31.800764
test,A5,11.454,31.607536
test,A5,11.989,29.34894
test,A5,12.344,25.880674
test,A5,12.45,29.513733
test,A5,12.133,31.06379
test,A5,11.589,31.633396
test,A5,11.222,32.264194
test,A5,10.905,32.208225
test,A5,10.605,31.529808
test,A5,10.436,31.606047
test,A5,10.393,32.62096
test,A5,10.356976,32.341587
test,A5,10.316976,32.189667
test,A5,10.283,32.7114
test,A5,10.272,32.3736
test,A5,10.254,31.923042
test,A5,10.217,30.861343
test,A5,10.134,31.365639
test,A5,9.967,31.315985
test,A5,9.76,32.042522
test,A5,9.595,31.493748
test,A5,9.470059,31.933315
test,A5,9.351059,31.497784
test,A5,9.263,30.527317
test,A5,9.202,31.50557
test,A5,9.137,31.459118
test,A5,9.093,31.532804
test,A5,9.159104,30.906841
test,A5,9.342104,30.401443
test,A5,9.595,32.364197
test,A5,9.94,32.07135
test,A5,10.359,31.60523
test,A5,10.732875,30.589025
test,A5,11.009875,31.84676
test,A5,11.228,33.339485
test,A5,11.416,32.308956
test,A5,11.6,30.263609
test,A5,11.799,30.890434
test,A5,11.985,32.565838
test,A5,12.128,31.713097
test,A5,12.232,32.31383
test,A5,12.289,31.597424
test,A5,12.332,31.471586
test,A5,12.371,32.848694
test,A5,12.428,31.956959
test,A5,12.481,31.050455
test,A5,12.454,31.161167
test,A5,12.292,31.24821
test,A5,12.139,31.721935
test,A5,12.121104,30.422552
test,A5,12.009104,32.234653
test,A5,11.809703,32.38418
test,A5,11.972703,31.452621
test,A5,12.209,30.324005
test,A5,12.119,30.279274
test,A5,11.966,30.86309
test,A5,11.7,31.945328
test,A5,11.353,32.042603
test,A5,11.026,31.944088
test,A5,10.767,30.597195
test,A5,10.684936,31.900143
test,A5,10.736936,31.495136
test,A5,10.769,29.635258
test,A5,10.658,30.399862
test,A5,10.401,32.168243
test,A5,10.060139,31.817633
test,A5,9.748138,31.539782
test,A5,9.498,32.09718
test,A5,9.247,31.47009
test,A5,8.829,31.86455
test,A5,8.477,32.193794
test,A5,8.483,31.993534
test,A5,8.647,31.310291
test,A5,8.677,31.194447
test,A5,8.569,30.570873
test,A5,8.374099,30.420605
test,A5,8.149099,30.347084
test,A5,8.064,30.674656
test,A5,8.052,30.619387
test,A5,8.014,29.858143
test,A5,7.993,30.683796
test,A5,8.018,30.620682
test,A5,8.076,31.363007
test,A5,8.09,30.588963
test,A5,8.022,30.33194
test,A5,7.869,31.432247
test,A5,7.678,31.032043
test,A5,7.542,30.12701
test,A5,7.401,30.318707
test,A5,7.259,28.735268
test,A5,7.127,30.152344
test,A5,6.976,30.817196
test,A5,6.783,30.391644
test,A5,6.581,30.742847
test,A5,6.304,30.934872
test,A5,6.028,31.695116
test,A5,5.868,30.42197
test,A5,5.672,29.16121
test,A5,5.262,30.38375
test,A5,4.559,30.963413
test,A5,3.833,30.648926
test,A5,3.25,30.354311
test,A5,2.818,30.32759
test,A5,2.573,29.896221
test,A5,2.385,28.70044
test,A5,2.151,30.826029
test,A5,1.789,30.981272
test,A5,1.516,30.752682
test,A5,1.507,31.03628
test,A5,1.673,30.576164
test,A5,1.968,30.044092
test,A5,2.306,27.55429
test,A5,2.744,28.629368
test,A5,3.214,28.345707
test,A5,3.711,27.954048
test,A5,4.331,29.631721
test,A5,5.016,30.706789
test,A5,5.669,29.941021
test,A5,6.064,31.334452
test,A5,6.249,31.5775
test,A5,6.385,31.623402
test,A5,6.486,30.775307
test,A5,6.586,30.255735
test,A5,6.658,31.23324
test,A5,6.685,30.548798
test,A5,6.608,31.444649
test,A5,6.294,31.55131
test,A5,5.87,30.919235
test,A5,5.473,31.538979
test,A5,5.107,30.93989
test,A5,4.825,30.076572
test,A5,4.581,29.735481
test,A5,4.366,30.078804
test,A5,4.174,29.792082
test,A5,4.0109854,31.411634
test,A5,3.9649851,30.529789
test,A5,4.138,30.159746
test,A5,4.42,30.907131
test,A5,4.772,28.989735
test,A5,5.096,29.00293
test,A5,5.32,30.623043
test,A5,5.749,31.468533
test,A5,6.282267,30.68383
test,A5,6.767267,31.31094
test,A5,7.2318316,30.520077
test,A5,7.5978317,28.575321
test,A5,7.88,30.557789
test,A5,8.15,32.04705
test,A5,8.492,31.904545
test,A5,8.789,31.775402
test,A5,9.065,31.511211
test,A5,9.477,30.595406
test,A5,9.924,31.507923
test,A5,10.328,33.02206
test,A5,10.74,32.455585
test,A5,11.000935,31.946333
test,A5,11.114935,30.139706
test,A5,11.269,31.57684
test,A5,11.449134,32.025494
test,A5,11.681133,32.533855
test,A5,11.979,33.466633
test,A5,12.355,32.930588
test,A5,12.730896,31.982285
test,A5,12.988896,31.248539
test,A5,13.123,31.577305
test,A5,13.074,31.603493
test,A5,12.874955,32.921402
test,A5,12.735955,31.426128
test,A5,12.77,31.311125
test,A5,12.919,32.46676
test,A5,13.052,32.110962
test,A5,13.146,32.864975
test,A5,13.301,32.935833
test,A5,13.565,32.493004
test,A5,13.849,32.210007
test,A5,14.058,30.746609
test,A5,14.14,30.90812
test,A5,13.847,32.450283
test,A5,13.42,32.219784
test,A5,13.147,31.487461
test,A5,12.884129,30.84708
test,A5,12.619129,30.746574
test,A5,12.31,29.565735
test,A5,11.981,30.045555
test,A5,11.635,31.430838
test,A5,11.294,31.960535
test,A5,10.986,31.615374
test,A5,10.666,30.568981
test,A5,10.344,31.728588
test,A5,10.02,31.574232
test,A5,9.736,31.217445
test,A5,9.531,31.608585
test,A5,9.413,32.036987
test,A5,9.433,31.599808
test,A5,9.598837,31.064888
test,A5,9.885837,31.002651
test,A5,10.235,30.336292
test,A5,10.539,31.772953
test,A5,10.757,31.819609
test,A5,10.982,32.386032
test,A5,11.270857,31.873444
test,A5,11.575856,31.675468
test,A5,11.877,31.79818
test,A5,12.178,32.572964
test,A5,12.548,31.664106
test,A5,12.918,31.998669
test,A5,13.207,32.551437
test,A5,13.486,32.961655
test,A5,13.74,32.965233
test,A5,13.978,32.674072
test,A5,14.138,32.403633
test,A5,14.181,31.91562
test,A5,14.260886,31.430876
test,A5,14.442886,30.91926
test,A5,14.639144,32.4093
test,A5,14.870144,32.711285
test,A5,15.135,32.37444
test,A5,15.339,31.367716
test,A5,15.443,31.386105
test,A5,15.483,30.909
test,A5,15.541,31.750484
test,A5,15.695851,31.570194
test,A5,15.952966,32.809048
test,A5,16.214113,31.994823
test,A5,16.467,32.242928
test,A5,16.728,32.54206
test,A5,16.868,31.751408
test,A5,16.921074,31.809055
test,A5,17.108751,31.31444
test,A5,17.5938,31.24314
test,A5,17.782124,33.31514
test,A5,17.42592,32.330986
test,A5,17.156921,31.575161
test,A5,17.126,32.13147
test,A5,17.241,31.695946
test,A5,17.402,32.190243
test,A5,17.591,32.10512
test,A5,17.785,32.550148
test,A5,17.921,31.698137
test,A5,18.001,31.119904
test,A5,18.08198,30.58902
test,A5,18.16798,32.12939
test,A5,18.276,31.563557
test,A5,18.460905,31.327648
test,A5,18.661905,30.897879
test,A5,18.846,30.403454
test,A5,19.01,32.284992
test,A5,19.088,31.119463
test,A5,19.077,30.624931
test,A5,19.076,29.556269
test,A5,19.138,31.113155
test,A5,19.219,31.379227
test,A5,19.266945,31.257715
test,A5,19.329945,31.762764
test,A5,19.402,31.59341
test,A5,19.468,31.009838
test,A5,19.582,31.81713
test,A5,19.825,32.934
test,A5,20.181,32.994045
test,A5,20.48,31.4784
test,A5,20.849,29.772972
test,A5,21.166,29.877995
test,A5,21.357,31.628433
test,A5,21.45999,30.862526
test,A5,21.43899,31.360125
test,A5,21.446,31.590149
test,A5,21.507,30.69804
test,A5,21.574,31.442509
test,A5,21.576,32.661102
test,A5,21.607,31.337645
test,A5,21.606,31.287394
test,A5,21.464,31.125603
test,A5,21.361,30.978851
test,A5,21.361,32.256424
test,A5,21.337,32.42154
test,A5,21.3,30.300926
test,A5,21.262,30.298985
test,A5,21.176,31.808979
test,A5,21.125,31.043053
test,A5,21.157,31.072128
test,A5,21.2,29.878822
test,A5,21.177,30.407677
test,A5,21.177,31.465508
test,A5,21.232,31.455673
test,A5,21.278,31.351204
test,A5,21.356976,30.512543
test,A5,21.38694,30.423782
test,A5,21.415966,30.106396
test,A5,21.507,31.762457
test,A5,21.537,31.610857
test,A5,21.553,31.994484
test,A5,21.572,32.115948
test,A5,21.52,32.3261
test,A5,21.535,30.380096
test,A5,21.594,29.95712
test,A5,21.579,30.066692
test,A5,21.527,32.070473
test,A5,21.491,31.46962
test,A5,21.474,30.826143
test,A5,21.473,30.628887
test,A5,21.469,31.126633
test,A5,21.372,30.300629
test,A5,21.206,30.801046
test,A5,21.04,31.183777
test,A5,20.885,30.867928
test,A5,20.707,30.805595
test,A5,20.531044,30.436937
test,A5,20.407045,31.175581
test,A5,20.263,30.627218
test,A5,20.106,31.055996
test,A5,19.964,31.132597
test,A5,19.847,32.51801
test,A5,19.79,32.240036
test,A5,19.759,31.663141
test,A5,19.711,31.996273
test,A5,19.702,31.929276
test,A5,19.745,31.758457
test,A5,19.84,31.850273
test,A5,20.019085,32.42417
test,A5,20.214085,31.291286
test,A5,20.401,31.959099
test,A5,20.54204,31.85374
test,A5,20.64204,32.18689
test,A5,20.801,31.82444
test,A5,20.939,32.4362
test,A5,21.003,31.111462
test,A5,21.051,31.086124
test,A5,21.14,30.699791
test,A5,21.26,30.844837
test,A5,21.343,30.513586
test,A5,21.356,32.214905
test,A5,21.373,30.717106
test,A5,21.424,32.376976
test,A5,21.418,32.325607
test,A5,21.413,32.66793
test,A5,21.429,32.024002
test,A5,21.442,32.1483
test,A5,21.421,30.364643
test,A5,21.386,31.571753
test,A5,21.398,31.108448
test,A5,21.442,31.125393
test,A5,21.514,32.345005
test,A5,21.621,31.85966
test,A5,21.679,32.1803
test,A5,21.733,31.205751
test,A5,21.689,31.390541
test,A5,21.526058,30.287539
test,A5,21.404058,30.314995
test,A5,21.132,30.771603
test,A5,20.855,30.976494
test,A5,21.27,31.631187
test,A5,21.7,32.408157
test,A5,21.548,32.017994
test,A5,21.409,31.39124
test,A5,21.368,31.49474
test,A5,21.388975,31.3381
test,A5,21.422976,30.66912
test,A5,21.407,30.65096
test,A5,21.38,31.44345
test,A5,21.399,31.681568
test,A5,21.404,32.290607
test,A5,21.45003,31.183052
test,A5,21.47003,31.63062
test,A5,21.392,31.261448
test,A5,21.408,31.727428
test,A5,21.433,32.143303
test,A5,21.373842,31.312141
test,A5,21.251842,30.44255
test,A5,21.299,32.46971
test,A5,21.459,32.0297
test,A5,21.472,31.638067
test,A5,21.455,31.34822
test,A5,21.441,32.041122
test,A5,21.488,31.38859
test,A5,21.596,30.976204
test,A5,21.653,31.140093
test,A5,21.605,31.63028
test,A5,21.515,33.17502
test,A5,21.475,31.794254
test,A5,21.464,31.901726
test,A5,21.411,31.747204
test,A5,21.381,31.572035
test,A5,21.419,31.060986
test,A5,21.497,29.336437
test,A5,21.598,31.795244
test,A5,21.641,31.82632
test,A5,21.596,31.72792
test,A5,21.55,31.766045
test,A5,21.493,31.762955
test,A5,21.421,32.012863
test,A5,21.416,30.875309
test,A5,21.47,31.987118
test,A5,21.512,32.534714
test,A5,21.518,31.006615
test,A5,21.507,31.365458
test,A5,21.48,31.22052
test,A5,21.419,30.626774
test,A5,21.422,31.984255
test,A5,21.43596,32.9201
test,A5,21.37196,32.42269
test,A5,21.341,31.99718
test,A5,21.35,32.03442
test,A5,21.372,32.489166
test,A5,21.375015,32.983246
test,A5,21.350016,32.321533
test,A5,21.325,31.698513
test,A5,21.303,32.506336
test,A5,21.298,32.363277
test,A5,21.315,32.35219
test,A5,21.34,32.08579
test,A5,21.362,32.3871
test,A5,21.366,31.834585
test,A5,21.353,30.656345
test,A5,21.362,30.9067
test,A5,21.341,32.3904
test,A5,21.305,32.814156
test,A5,21.315,31.145992
test,A5,21.367,31.561703
test,A5,21.42,31.88095
test,A5,21.443,31.1856
test,A5,21.447,32.46376
test,A5,21.41,31.630596
test,A5,21.395,31.901703
test,A5,21.417,32.671383
test,A5,21.424,32.407795
test,A5,21.422,32.465343
test,A5,21.427,31.608202
test,A5,21.405,32.693203
test,A5,21.368,31.585878
test,A5,21.382975,31.725029
test,A5,21.387976,32.26538
test,A5,21.361,30.867458
test,A5,21.374,30.588037
test,A5,21.425,31.973454
test,A5,21.499,31.118294
test,A5,21.559,31.447495
test,A5,21.567,31.44542
test,A5,21.522,31.923998
test,A5,21.458,31.562263
test,A5,21.401,31.8209
test,A5,21.364,32.440166
test,A5,21.367,32.765396
test,A5,21.406,32.60843
test,A5,21.462,31.692478
test,A5,21.515,30.395115
test,A5,21.537,31.520967
test,A5,21.549,31.254848
test,A5,21.555,31.24319
test,A5,21.5,31.105835
test,A5,21.435,29.518394
test,A5,21.421,30.88942
test,A5,21.45002,30.152424
test,A5,21.46002,30.244059
test,A5,21.411,30.912403
test,A5,21.373,32.488327
test,A5,21.364996,31.883772
test,A5,21.370995,31.211952
test,A5,21.401,32.916336
test,A5,21.421,31.019844
test,A5,21.403,31.549076
test,A5,21.4,31.929317
test,A5,21.426975,31.803234
test,A5,21.45495,32.32624
test,A5,21.451965,30.716293
test,A5,21.43899,31.443405
test,A5,21.424,32.04898
test,A5,21.369,31.273918
test,A5,21.322,31.269274
test,A5,21.313,31.777374
test,A5,21.337,31.050537
test,A5,21.394,30.608185
test,A5,21.431,32.2906
test,A5,21.432,31.458883
test,A5,21.405,31.415684
test,A5,21.341034,30.801716
test,A5,21.327034,31.136883
test,A5,21.345,31.870096
test,A5,21.397,31.166952
test,A5,21.448,32.14344
test,A5,21.467,30.853111
test,A5,21.490059,31.851673
test,A5,21.462059,30.94352
test,A5,21.432,30.82182
test,A5,21.451,32.026794
test,A5,21.493,30.776434
test,A5,21.479,31.976719
test,A5,21.467,32.483604
test,A5,21.52201,31.955475
test,A5,21.53801,32.562813
test,A5,21.47,32.11374
test,A5,21.358,32.185436
test,A5,21.186,31.65294
test,A5,20.968,31.429577
test,A5,20.76593,31.177876
test,A5,20.585085,29.013046
test,A5,20.356243,29.790407
test,A5,20.127089,31.432816
test,A5,19.972,32.099743
test,A5,19.869,31.953457
test,A5,19.82,30.997993
test,A5,19.794,31.892529
test,A5,19.775,30.764835
test,A5,19.798029,31.22524
test,A5,19.812029,31.231503
test,A5,19.824,31.964071
test,A5,19.838,30.744242
test,A5,19.842,31.67402
test,A5,19.893,31.633886
test,A5,19.904,31.801476
test,A5,19.884,31.711246
test,A5,19.798,31.247126
test,A5,19.719,31.884632
test,A5,19.77,31.469753
test,A5,19.829,31.688917
test,A5,19.829,31.457787
test,A5,19.849,32.17723
test,A5,19.84315,30.570381
test,A5,19.731104,30.451197
test,A5,19.616955,31.552692
test,A5,19.485,31.443914
test,A5,19.211,31.282555
test,A5,19.053,30.521305
test,A5,18.903,30.705585
test,A5,18.631,28.122564
test,A5,18.524,30.889482
test,A5,18.471,29.431938
test,A5,18.417,29.506495
test,A5,18.327,30.412785
test,A5,18.26,31.097307
test,A5,18.317,32.143272
test,A5,18.53,32.42102
test,A5,18.777,32.046257
test,A5,18.707134,32.24916
test,A5,18.676134,31.029964
test,A5,18.855,30.171394
test,A5,18.934,32.4047
test,A5,19.01996,31.744656
test,A5,19.09296,31.440662
test,A5,19.267,31.02575
test,A5,19.462,31.772419
test,A5,19.656,32.454865
test,A5,20.057,32.5978
test,A5,20.282,31.036398
test,A5,20.267,30.720272
test,A5,20.256,30.380268
test,A5,20.265,30.349602
test,A5,20.285,30.624695
test,A5,20.292,31.468918
test,A5,20.325,31.692093
test,A5,20.348,29.226345
test,A5,20.367,31.737173
test,A5,20.395,32.146954
test,A5,20.403,33.015892
test,A5,20.452,32.404728
test,A5,20.529005,31.249897
test,A5,20.558004,31.350897
test,A5,20.525,31.96468
test,A5,20.502,31.53106
test,A5,20.479,33.063896
test,A5,20.433,30.998508
test,A5,20.416,34.093834
test,A5,20.341,32.76496
test,A5,20.144,32.405968
test,A5,19.97,32.25796
test,A5,19.931,31.949125
test,A5,19.924,32.0835
test,A5,19.868,31.131721
test,A5,19.798,32.654198
test,A5,19.683,31.153214
test,A5,19.57,32.693233
test,A5,19.554,30.901003
test,A5,19.550905,32.540565
test,A5,19.489906,31.38826
test,A5,19.585,32.54884
test,A5,19.731,32.604767
test,A5,19.76,31.044334
test,A5,19.774,32.339962
test,A5,19.759,32.677853
test,A5,19.837,31.781681
test,A5,20.059,32.23041
test,A5,20.29903,31.791424
test,A5,20.39703,31.191315
test,A5,20.421,31.417324
test,A5,20.504,32.31084
test,A5,20.58,31.76733
test,A5,20.56,30.86314
test,A5,20.456,31.632113
test,A5,20.33805,31.628696
test,A5,20.26205,32.536648
test,A5,20.346,31.541222
test,A5,20.513,32.616364
test,A5,20.622,31.78335
test,A5,20.704,31.084763
test,A5,20.766,30.731895
test,A5,20.793,31.144062
test,A5,20.837,32.67653
test,A5,20.991,31.316723
test,A5,21.094,31.659246
test,A5,21.089,32.883507
test,A5,21.082,32.078087
test,A5,21.077,31.403183
test,A5,21.161,31.979305
test,A5,21.403,32.64123
test,A5,21.437,32.17723
test,A5,21.281,31.083725
test,A5,21.269,31.87688
test,A5,21.29,30.539467
test,A5,21.31697,31.938206
test,A5,21.34497,30.244457
test,A5,21.339,31.867123
test,A5,21.305,31.576279
test,A5,21.247,30.240969
test,A5,21.153,30.749645
test,A5,21.048,31.514507
test,A5,20.967,30.029827
test,A5,20.891,30.348148
test,A5,20.738,31.843885
test,A5,20.406,29.974518
test,A5,19.888,30.908548
test,A5,19.404816,32.510036
test,A5,19.071815,31.28843
test,A5,18.957932,29.221024
test,A5,19.072931,32.882324
test,A5,19.266,31.556324
test,A5,19.325,31.033379
test,A5,19.197,31.815287
test,A5,19.151,32.410828
test,A5,19.537,33.295197
test,A5,20.107,32.707207
test,A5,20.514,32.147923
test,A5,20.899,31.000664
test,A5,21.213,32.024
test,A5,21.38197,31.631872
test,A5,21.455969,31.213835
test,A5,21.493,31.106506
test,A5,21.562,30.199621
test,A5,21.626,31.120903
test,A5,21.591055,31.726221
test,A5,21.482056,32.395424
test,A5,21.299,31.458458
test,A5,21.045,31.786476
test,A5,20.80591,30.891449
test,A5,20.60691,32.80607
test,A5,20.395,31.653395
test,A5,20.204,32.443775
test,A5,20.032845,32.23996
test,A5,19.807844,31.728725
test,A5,19.632,30.84451
test,A5,19.488,31.400805
test,A5,19.343,29.433426
test,A5,19.27,28.63577
test,A5,19.251,31.487314
test,A5,19.263,32.073456
test,A5,19.31395,31.289167
test,A5,19.41595,31.225542
test,A5,19.543,32.06425
test,A5,19.599213,31.929577
test,A5,19.491213,31.453571
test,A5,19.731,31.293945
test,A5,20.137,31.905739
test,A5,20.23,31.298925
test,A5,20.225,31.453587
test,A5,20.127,32.43878
test,A5,20.158,31.121887
test,A5,20.213,31.906027
test,A5,20.013,31.952435
test,A5,19.794,32.063225
test,A5,19.748,31.318563
test,A5,19.726,31.832474
test,A5,19.667,31.694633
test,A5,19.652,30.624355
test,A5,19.646,31.010681
test,A5,19.659,30.958042
test,A5,19.596,31.935421
test,A5,19.523,32.29006
test,A5,19.536,32.091003
test,A5,19.543,31.882545
test,A5,19.559,32.283653
test,A5,19.568,31.65372
test,A5,19.522,31.643383
test,A5,19.43,31.900768
test,A5,19.345,32.51929
test,A5,19.32,32.25552
test,A5,19.296,32.137127
test,A5,19.283014,32.391994
test,A5,19.280016,31.876076
test,A5,19.208,32.71633
test,A5,19.164,32.1371
test,A5,19.169,32.508358
test,A5,19.115,31.56374
test,A5,19.088,30.41407
test,A5,19.156,31.591545
test,A5,19.234,30.369827
test,A5,19.301,30.96494
test,A5,19.357,32.28719
test,A5,19.403,32.06244
test,A5,19.391,31.035887
test,A5,19.397,31.8721
test,A5,19.514,31.974964
test,A5,19.647,30.619003
test,A5,19.741,30.895634
test,A5,19.856,31.935455
test,A5,19.914,30.916187
test,A5,19.991,31.784374
test,A5,20.08,31.551746
test,A5,20.105,31.576687
test,A5,20.16,30.789246
test,A5,20.304,31.415894
test,A5,20.276955,29.383852
test,A5,20.071836,30.68906
test,A5,19.917881,32.1075
test,A5,19.832,32.180416
test,A5,19.847,30.26247
test,A5,19.902,30.882572
test,A5,20.046,31.900639
test,A5,20.229,31.643473
test,A5,20.421,32.287907
test,A5,20.577,31.512487
test,A5,20.622,31.454672
test,A5,20.608,31.609358
test,A5,20.591,31.850288
test,A5,20.547,31.81271
test,A5,20.516,31.385332
test,A5,20.519,30.207272
test,A5,20.521034,29.98146
test,A5,20.558035,30.997517
test,A5,20.619,32.194263
test,A5,20.686,30.637814
test,A5,20.858,31.964209
test,A5,21.082,31.630178
test,A5,21.22,28.85579
test,A5,21.272,29.844543
test,A5,21.327,32.44227
test,A5,21.351,31.635212
test,A5,21.339,31.091719
test,A5,21.368,32.108315
test,A5,21.444,30.407663
test,A5,21.524,30.658197
test,A5,21.443,31.65683
test,A5,21.385,31.39119
test,A5,21.416,29.650856
test,A5,21.401,32.263756
test,A5,21.494,31.015461
test,A5,21.487,31.958483
test,A5,21.277,31.772854
test,A5,21.124,32.464413
test,A5,21.141,32.416367
test,A5,21.235,31.86694
test,A5,21.265,33.16815
test,A5,21.215,32.402855
test,A5,21.182,32.531807
test,A5,21.234,31.208385
test,A5,21.312,31.688213
test,A5,21.164,32.09108
test,A5,20.816,31.195587
test,A5,20.693,30.996294
test,A5,20.977,31.449537
test,A5,21.268,31.550833
test,A5,21.256,31.644423
test,A5,21.146,30.91681
test,A5,21.103064,31.574806
test,A5,21.172064,32.44594
test,A5,21.245,29.736279
test,A5,21.259,30.83835
test,A5,21.194,29.906605
test,A5,20.981,32.47662
test,A5,20.766,31.45943
test,A5,20.669,31.324043
test,A5,20.546,31.539051
test,A5,20.37397,32.091515
test,A5,20.29997,32.10659
test,A5,20.231,32.44454
test,A5,20.091,31.57829
test,A5,19.966,31.949768
test,A5,19.852,32.312477
test,A5,19.864,30.384855
test,A5,19.845,31.001057
test,A5,19.664,31.563404
test,A5,19.434,31.426643
test,A5,19.129,32.10628
test,A5,19.002,31.403664
test,A5,19.166,31.705822
test,A5,19.217024,31.206512
test,A5,19.211025,32.350243
test,A5,19.475,30.57851
test,A5,19.847,31.211605
test,A5,20.084,31.620447
test,A5,20.225,30.831783
test,A5,20.351,31.581398
test,A5,20.47,31.467278
test,A5,20.507,32.292133
test,A5,20.43,32.28226
test,A5,20.531,31.909065
test,A5,20.7,32.165314
test,A5,20.719,31.745533
test,A5,20.714,31.141258
test,A5,20.711,31.410381
test,A5,20.715,31.17973
test,A5,20.719,32.048607
test,A5,20.748,31.518564
test,A5,20.827,31.143654
test,A5,20.936,32.199944
test,A5,20.932,30.493557
test,A5,20.847,32.034473
test,A5,20.586,30.127506
test,A5,20.423,29.634323
test,A5,20.559,30.159504
test,A5,20.558,30.72554
test,A5,20.453,31.1951
test,A5,20.319,31.457792
test,A5,20.424,30.66551
test,A5,20.612,31.64655
test,A5,20.609,32.31405
test,A5,20.73,32.246597
test,A5,20.71,31.005909
test,A5,20.543,31.87302
test,A5,20.51998,31.354664
test,A5,20.55998,31.487566
test,A5,20.66,30.983768
test,A5,20.767,30.38398
test,A5,20.895,30.991104
test,A5,20.973,31.92376
test,A5,21.015,31.713808
test,A5,21.224,30.829288
test,A5,21.189,31.722523
test,A5,20.913,31.051233
test,A5,20.983,31.25077
test,A5,21.08,31.164299
test,A5,20.792,32.095146
test,A5,20.49,31.631115
test,A5,20.353,30.643845
test,A5,20.28599,31.707924
test,A5,20.28399,31.249092
test,A5,20.248,30.915897
test,A5,20.178,31.134624
test,A5,20.071,31.207638
test,A5,19.98,30.88181
test,A5,19.910975,30.067081
test,A5,19.889925,30.349504
test,A5,19.96195,31.54851
test,A5,20.033,30.895576
test,A5,20.151,32.123615
test,A5,20.217,31.63287
test,A5,20.055,31.679192
test,A5,20.062,30.214046
test,A5,20.281,31.412523
test,A5,20.422,31.080376
test,A5,20.486,29.897285
test,A5,20.442,30.881435
test,A5,20.296,30.988766
test,A5,20.137,32.44816
test,A5,20.011,31.920673
test,A5,19.844,30.725376
test,A5,19.705,31.577023
test,A5,19.64,31.261223
test,A5,19.634,32.049232
test,A5,19.723,31.74669
test,A5,19.893,30.531218
test,A5,20.08,31.13102
test,A5,20.262,29.90427
test,A5,20.479,31.629622
test,A5,20.711,31.32603
test,A5,20.882,30.657543
test,A5,21.026,30.450583
test,A5,21.202,32.549007
test,A5,21.347,32.48067
test,A5,21.423,32.528156
test,A5,21.46,32.20812
test,A5,21.487,32.227978
test,A5,21.519,32.08579
test,A5,21.538,31.987787
test,A5,21.557024,33.033157
test,A5,21.585,31.360458
test,A5,21.572975,32.0072
test,A5,21.501,32.951546
test,A5,21.38,31.512827
test,A5,21.265034,31.955242
test,A5,21.186035,31.773952
test,A5,21.095,32.4954
test,A5,21.031,31.840876
test,A5,21.005,32.230476
test,A5,20.95401,31.776533
test,A5,20.91601,30.870789
test,A5,20.957,29.880516
test,A5,21.047,32.30109
test,A5,21.168,32.367714
test,A5,21.331,32.644745
test,A5,21.47,31.525352
test,A5,21.532019,31.765114
test,A5,21.53602,31.63918
test,A5,21.517,30.617908
test,A5,21.499025,28.931469
test,A5,21.466024,32.022167
test,A5,21.424,32.334282
test,A5,21.399,32.228218
test,A5,21.39,32.381092
test,A5,21.36002,32.83442
test,A5,21.31702,32.182167
test,A5,21.32,31.928274
test,A5,21.395,30.150696
test,A5,21.448,30.965609
test,A5,21.411,31.446283
test,A5,21.38,31.801342
test,A5,21.409,30.964256
test,A5,21.446,31.739634
test,A5,21.451,31.71539
test,A5,21.455,31.493004
test,A5,21.451,31.756638
test,A5,21.434,31.900087
test,A5,21.428,31.659626
test,A5,21.419004,31.10892
test,A5,21.420006,31.67347
test,A5,21.443,30.533411
test,A5,21.451,30.90997
test,A5,21.436,31.98716
test,A5,21.436,31.431309
test,A5,21.407,31.706081
test,A5,21.357,31.592316
test,A5,21.386,31.812828
test,A5,21.475044,32.195465
test,A5,21.487045,31.866425
test,A5,21.454,31.327642
test,A5,21.451015,31.898008
test,A5,21.455015,30.828487
test,A5,21.455,32.453373
test,A5,21.455,31.183105
test,A5,21.449,31.782806
test,A5,21.421,32.0852
test,A5,21.41,30.607368
test,A5,21.428,32.690094
test,A5,21.416,31.339254
test,A5,21.399,31.270815
test,A5,21.389,31.7245
test,A5,21.36,31.253874
test,A5,21.341,31.63787
test,A5,21.352,31.708061
test,A5,21.382,31.916798
test,A5,21.401,30.714046
test,A5,21.448,31.17929
test,A5,21.444,32.664318
test,A5,21.378,31.578083
test,A5,21.37,32.955353
test,A5,21.345911,31.375048
test,A5,21.243912,32.042786
test,A5,21.217,30.960108
test,A5,21.186,31.530737
test,A5,21.097,31.032675
test,A5,21.038,30.19643
test,A5,21.009,30.87659
test,A5,21.005,31.396847
test,A5,21.01,31.682028
test,A5,20.997,32.22348
test,A5,20.849,31.924171
test,A5,20.808,31.045132
test,A5,20.924,31.853348
test,A5,21.034,33.19036
test,A5,21.08,31.964891
test,A5,21.043,31.639362
test,A5,21.072,32.704338
test,A5,21.16,31.895418
test,A5,21.247,31.856869
test,A5,21.256,32.60943
test,A5,21.182,32.711266
test,A5,21.212,33.549595
test,A5,21.29405,31.45734
test,A5,21.26405,31.308674
test,A5,21.246,30.133444
test,A5,21.28,31.913914
test,A5,21.322,32.414158
test,A5,21.313,32.363075
test,A5,21.223,32.296
test,A5,21.118,31.937035
test,A5,21.038,31.921051
test,A5,20.97,30.200218
test,A5,20.887,31.36549
test,A5,20.887005,31.975918
test,A5,20.924006,32.0149
test,A5,20.871,31.536615
test,A5,20.821,31.41307
test,A5,20.727,31.628204
test,A5,20.582,30.73088
test,A5,20.641,32.27523
test,A5,20.758,31.642454
test,A5,20.71799,32.173805
test,A5,20.68099,31.729187
test,A5,20.717,33.179855
test,A5,20.663,32.702732
test,A5,20.557085,32.310314
test,A5,20.488085,31.671783
test,A5,20.527,31.264465
test,A5,20.647,32.939377
test,A5,20.702,32.811398
test,A5,20.736,32.0862
test,A5,20.762,31.437857
test,A5,20.761,31.974945
test,A5,20.713,31.313179
test,A5,20.65196,31.058155
test,A5,20.601961,31.435474
test,A5,20.627035,31.549437
test,A5,20.708035,33.39613
test,A5,20.776049,30.439934
test,A5,20.85405,32.01701
test,A5,20.915,30.86722
test,A5,20.933,31.931137
test,A5,20.912,30.946226
test,A5,20.845,31.124825
test,A5,20.778,32.77749
test,A5,20.758,32.143993
test,A5,20.82,32.332603
test,A5,20.963,32.077236
test,A5,21.068,29.701773
test,A5,21.143,32.34084
test,A5,21.262,31.933033
test,A5,21.388,31.513521
test,A5,21.461,31.32249
test,A5,21.46399,32.648247
test,A5,21.45799,32.378162
test,A5,21.443,32.486362
test,A5,21.409,32.687195
test,A5,21.385,32.066647
test,A5,21.395,31.82198
test,A5,21.438,32.46757
test,A5,21.441,30.775295
test,A5,21.4,32.672897
test,A5,21.378,32.934467
test,A5,21.364,31.441563
test,A5,21.335,31.458391
test,A5,21.307,32.39959
test,A5,21.269,34.03186
test,A5,21.25203,32.53813
test,A5,21.28802,31.626583
test,A5,21.32399,31.986622
test,A5,21.353941,32.56145
test,A5,21.41994,31.72594
test,A5,21.46,31.17297
test,A5,21.46,32.254295
test,A5,21.454,31.900322
test,A5,21.431,32.386963
test,A5,21.438,32.661568
test,A5,21.457,32.426556
test,A5,21.484,32.61165
test,A5,21.474,32.442856
test,A5,21.453,32.168415
test,A5,21.455,32.041294
test,A5,21.406,31.970192
test,A5,21.37603,32.06881
test,A5,21.41797,31.778439
test,A5,21.495941,31.807041
test,A5,21.517,32.736618
test,A5,21.517,32.76671
test,A5,21.567,31.90348
test,A5,21.56,32.169098
test,A5,21.486,32.465706
test,A5,21.416,32.36848
test,A5,21.346,33.102703
test,A5,21.273,32.38063
test,A5,21.186966,32.873856
test,A5,21.109976,32.44773
test,A5,21.071114,32.25193
test,A5,20.968103,31.787163
test,A5,20.863,32.462166
test,A5,20.881,32.12773
test,A5,20.91,32.040745
test,A5,20.947,30.9387
test,A5,21.02201,30.74844
test,A5,21.053009,32.461697
test,A5,21.064,31.698786
test,A5,21.063,31.155859
test,A5,21.089,29.822807
test,A5,21.154976,31.298271
test,A5,21.195974,32.36323
test,A5,21.201,32.310673
test,A5,21.213,30.742895
test,A5,21.251,27.102943
test,A5,21.299,28.253105
test,A5,21.387,31.405083
test,A5,21.326,32.927135
test,A5,21.203,32.151005
test,A5,21.178,32.26584
test,A5,21.193,31.689486
test,A5,21.193,31.87559
test,A5,21.143,31.592857
test,A5,21.139006,32.136208
test,A5,21.144005,31.882347
test,A5,21.079,30.944263
test,A5,20.971,30.859655
test,A5,20.872,32.51436
test,A5,20.873,32.69654
test,A5,20.909,32.2616
test,A5,20.844,32.392994
test,A5,20.863,32.026318
test,A5,20.95404,32.247787
test,A5,20.947065,32.548725
test,A5,20.958025,32.87571
test,A5,21.082,32.655365
test,A5,21.22601,32.065823
test,A5,21.30101,31.24752
test,A5,21.357,32.5148
test,A5,21.417,32.316208
test,A5,21.47,30.049524
test,A5,21.498,31.57539
test,A5,21.53,30.808506
test,A5,21.525,31.796375
test,A5,21.506,32.23166
test,A5,21.48,32.303444
test,A5,21.331,31.744293
test,A5,21.224,32.330082
test,A5,21.269,31.862679
test,A5,21.296,30.789452
test,A5,21.262,31.276999
test,A5,21.273,31.93206
test,A5,21.289,31.147446
test,A5,21.324,32.03084
test,A5,21.416,32.35191
test,A5,21.482,31.024546
test,A5,21.491,30.789726
test,A5,21.51,29.318844
test,A5,21.562,30.486774
test,A5,21.509,32.63214
test,A5,21.419,31.816189
test,A5,21.384,32.120293
test,A5,21.334995,31.379465
test,A5,21.319975,31.841335
test,A5,21.34598,30.749973
test,A5,21.367,31.686785
test,A5,21.343,32.213226
test,A5,21.290985,32.04429
test,A5,21.282986,32.10478
test,A5,21.306068,31.732433
test,A5,21.257069,32.86239
test,A5,21.225,31.531857
test,A5,21.306,31.152023
test,A5,21.272,31.942024
test,A5,21.059,31.96827
test,A5,20.746866,33.07316
test,A5,20.404083,32.726196
test,A5,20.032217,32.453693
test,A5,19.602,32.128887
test,A5,19.257,31.148691
test,A5,19.122,31.512712
test,A5,19.135,31.79547
test,A5,19.281,30.941624
test,A5,19.558,32.17656
test,A5,20.077,29.841505
test,A5,20.748,30.728672
test,A5,21.079,31.684475
test,A5,20.993664,32.12319
test,A5,20.558662,31.517195
test,A5,20.017,30.066422
test,A5,19.59,30.469646
test,A5,19.388,32.34045
test,A5,19.074,30.145649
test,A5,18.857,31.74382
test,A5,19.108,31.475376
test,A5,19.445,30.824097
test,A5,19.913,30.929256
test,A5,20.543,31.04418
test,A5,21.06,30.412529
test,A5,21.244,29.71915
test,A5,21.263,31.832832
test,A5,21.28,31.415133
test,A5,21.301,31.91975
test,A5,21.302,31.527521
test,A5,21.296,32.461105
test,A5,21.329979,31.829792
test,A5,21.37798,31.928652
test,A5,21.411,32.262196
test,A5,21.411,31.765331
test,A5,21.394,31.41263
test,A5,21.388,30.862068
test,A5,21.381,32.10898
test,A5,21.389,31.634762
test,A5,21.421,31.47057
test,A5,21.489,31.230385
test,A5,21.492994,32.68226
test,A5,21.440994,31.974974
test,A5,21.422,30.400482
test,A5,21.417,32.643658
test,A5,21.455,31.69723
test,A5,21.512,31.515423
test,A5,21.584,31.527218
test,A5,21.582,30.200052
test,A5,21.495,32.07388
test,A5,21.432,32.36625
test,A5,21.419,32.673103
test,A5,21.40799,32.16472
test,A5,21.384954,31.884481
test,A5,21.419886,29.465855
test,A5,21.475922,31.904922
test,A5,21.453,31.906357
test,A5,21.417065,31.906857
test,A5,21.372065,32.21296
test,A5,21.328,32.44878
test,A5,21.379,32.366486
test,A5,21.46,31.717768
test,A5,21.478,33.6239
test,A5,21.471,32.69428
test,A5,21.478,30.969845
test,A5,21.499,32.55377
test,A5,21.546,32.688232
test,A5,21.588,32.12201
test,A5,21.577,32.153915
test,A5,21.565,32.87645
test,A5,21.56,31.630478
test,A5,21.551,32.1368
test,A5,21.60002,31.974262
test,A5,21.60602,31.501259
test,A5,21.508,31.19318
test,A5,21.32,31.933735
test,A5,21.249,31.380783
test,A5,21.297,32.125114
test,A5,21.365,32.152096
test,A5,21.458,31.184597
test,A5,21.507,31.436691
test,A5,21.485,31.093117
test,A5,21.454,29.206306
test,A5,21.498,30.978518
test,A5,21.549093,29.24736
test,A5,21.681093,26.515049
test,A5,21.965881,25.362183
test,A5,22.302881,26.835787
test,A5,22.783802,23.108507
test,A5,23.273802,24.17138
test,A5,23.506,23.807549
test,A5,23.578,29.285637
test,A5,23.624956,30.871725
test,A5,23.695955,29.755016
test,A5,23.742,26.373884
test,A5,23.746,27.207016
test,A5,23.723,25.800026
test,A5,23.681,30.508537
test,A5,23.61,29.248951
test,A5,23.544,24.790413
test,A5,23.524,27.108646
test,A5,23.543,23.77455
test,A5,23.548,24.638275
test,A5,23.533,23.282192
test,A5,23.616,20.557161
test,A5,23.746,16.888437
test,A5,23.754,24.995453
test,A5,23.689035,25.137943
test,A5,23.687035,23.467817
test,A5,23.691,25.636082
test,A5,23.685,22.11363
test,A5,23.72596,24.355259
test,A5,23.71796,28.003391
test,A5,23.669,24.247337
test,A5,23.675,25.782375
test,A5,23.707,24.50282
test,A5,23.652,23.878605
test,A5,23.562946,23.431433
test,A5,23.587946,25.094204
test,A5,23.632,26.368862
test,A5,23.606,28.180363
test,A5,23.64,25.392118
test,A5,23.673,23.890886
test,A5,23.653,27.98151
test,A5,23.714,29.940462
test,A5,23.835,29.554321
test,A5,23.833971,28.700623
test,A5,23.73697,30.478771
test,A5,23.679,29.317513
test,A5,23.655,30.059195
test,A5,23.664,28.301746
test,A5,23.7,29.917809
test,A5,23.676,31.034538
test,A5,23.55,28.903076
test,A5,23.404,27.34372
test,A5,23.278,29.15562
test,A5,23.166,30.767334
test,A5,23.04407,31.883915
test,A5,22.90807,31.544823
test,A5,22.746,28.725067
test,A5,22.581,31.06572
test,A5,22.436,31.780273
test,A5,22.295,30.478897
test,A5,22.181,31.773392
test,A5,22.115,31.216179
test,A5,22.065,31.508682
test,A5,22.02,31.075438
test,A5,22.012,28.775269
test,A5,22.072,27.198614
test,A5,22.135,29.28135
test,A5,22.222,29.813417
test,A5,22.345,31.12856
test,A5,22.431,29.982067
test,A5,22.551,32.4887
test,A5,22.644,32.753563
test,A5,22.82,31.787037
test,A5,23.09196,31.771946
test,A5,23.22396,31.735949
test,A5,23.249,32.24012
test,A5,23.298,32.17488
test,A5,23.372,31.638103
test,A5,23.485,32.23067
test,A5,23.598,31.489887
test,A5,23.645,31.74954
test,A5,23.62281,33.40535
test,A5,23.63381,32.746162
test,A5,23.699,31.868195
test,A5,23.643,32.88736
test,A5,23.591,32.698975
test,A5,23.579,32.55986
test,A5,23.605,32.33513
test,A5,23.629,31.147854
test,A5,23.545,31.353725
test,A5,23.448,31.43714
test,A5,23.354,31.658611
test,A5,23.218,31.327244
test,A5,23.048,32.15195
test,A5,22.83,31.796389
test,A5,22.581,31.334892
test,A5,22.324,31.081383
test,A5,22.023901,30.860107
test,A5,21.758902,31.466122
test,A5,21.573,31.295599
test,A5,21.456,32.292923
test,A5,21.165,29.18495
test,A5,20.356,31.405155
test,A5,20.031,31.607922
test,A5,20.542,31.442654
test,A5,20.796,33.13652
test,A5,20.755,32.345924
test,A5,20.83,31.942036
test,A5,20.881,32.316235
test,A5,20.84796,31.949192
test,A5,20.85202,31.371843
test,A5,20.85306,31.453331
test,A5,21.03,31.959631
test,A5,21.228,32.581062
test,A5,21.34,32.97323
test,A5,21.534,31.671057
test,A5,21.692,31.082418
test,A5,21.803,31.15421
test,A5,21.92989,31.270544
test,A5,22.10489,30.904072
test,A5,22.277,31.723776
test,A5,22.424,32.091717
test,A5,22.52,32.264942
test,A5,22.551,31.800938
test,A5,22.351,31.16826
test,A5,22.429,31.297203
test,A5,22.838,30.529072
test,A5,22.97,31.77562
test,A5,22.957,31.821827
test,A5,22.91,31.601238
test,A5,22.93,29.932264
test,A5,22.893,32.042225
test,A5,22.716,31.870625
test,A5,22.579,31.318417
test,A5,22.464,30.880795
test,A5,22.309,32.012142
test,A5,22.146,31.852196
test,A5,21.966,30.984848
test,A5,21.855,31.786182
test,A5,21.755,31.51931
test,A5,21.556137,32.123016
test,A5,21.382137,32.5954
test,A5,21.274,33.7021
test,A5,21.097,31.27615
test,A5,20.96,31.128996
test,A5,20.953,29.704773
test,A5,21.027,32.51676
test,A5,21.12398,31.936472
test,A5,21.17498,31.711132
test,A5,21.245,30.91963
test,A5,21.295,32.151386
test,A5,21.34,32.239468
test,A5,21.359,32.324665
test,A5,21.357,31.440887
test,A5,21.36797,31.523869
test,A5,21.37391,31.858622
test,A5,21.349941,32.60284
test,A5,21.359,32.155403
test,A5,21.409,31.763268
test,A5,21.496,30.738804
test,A5,21.627,31.071522
test,A5,21.645,31.90674
test,A5,21.6219,32.1372
test,A5,21.7159,32.162014
test,A5,21.825,31.000477
test,A5,21.866,30.17928
test,A5,21.983,31.999733
test,A5,22.125,31.751064
test,A5,22.166,33.02865
test,A5,22.19,30.456507
test,A5,22.288,31.649803
test,A5,22.371,31.486622
test,A5,22.421,32.421673
test,A5,22.44,31.638031
test,A5,22.41,30.870728
test,A5,22.354,30.41188
test,A5,22.256,30.990917
test,A5,22.081,30.078522
test,A5,21.904,31.749685
test,A5,21.81,32.454144
test,A5,21.764,32.086857
test,A5,21.745,31.480663
test,A5,21.793,30.758698
test,A5,21.915,32.80678
test,A5,21.944,32.647835
test,A5,21.889034,31.87104
test,A5,21.855034,29.80827
test,A5,21.907,32.437653
test,A5,21.952,31.537544
test,A5,21.93419,29.877495
test,A5,21.905205,31.256865
test,A5,21.890985,30.660755
test,A5,21.93897,32.18383
test,A5,22.064,32.50508
test,A5,22.197,31.980162
test,A5,22.294,30.432968
test,A5,22.404,30.938549
test,A5,22.368,28.659502
test,A5,22.348,28.816978
test,A5,22.474,32.34329
test,A5,22.531,31.214642
test,A5,22.536,30.164618
test,A5,22.521,31.596266
test,A5,22.399,31.739408
test,A5,22.214,32.894753
test,A5,22.237,31.267975
test,A5,22.337,31.179863
test,A5,22.294,30.47567
test,A5,22.257,32.48361
test,A5,22.288,31.778599
test,A5,22.291,31.872742
test,A5,22.251,31.83556
test,A5,22.229,32.062576
test,A5,22.204,31.655552
test,A5,22.208,31.50683
test,A5,22.247,32.251053
test,A5,22.287,31.721403
test,A5,22.346,30.424295
test,A5,22.385,28.106033
test,A5,22.328,32.03558
test,A5,22.132,31.802494
test,A5,21.928,32.197163
test,A5,21.873,30.587852
test,A5,21.824,31.777271
test,A5,21.716,29.010782
test,A5,21.587,29.797235
test,A5,21.436995,31.544855
test,A5,21.344995,31.979534
test,A5,21.253,31.957062
test,A5,21.211,32.174484
test,A5,21.245,32.032425
test,A5,21.301,32.568443
test,A5,21.373,31.103168
test,A5,21.430885,32.137215
test,A5,21.559885,32.467144
test,A5,21.721,33.461433
test,A5,21.998,32.018383
test,A5,22.108,32.7211
test,A5,22.012945,32.126484
test,A5,21.984945,31.029194
test,A5,21.977,30.38379
test,A5,21.877,31.278057
test,A5,21.585,30.936035
test,A5,21.579,32.701225
test,A5,21.92,31.5052
test,A5,22.086,30.891613
test,A5,22.008,32.386658
test,A5,21.915014,32.15544
test,A5,21.886015,32.43894
test,A5,21.831,31.667032
test,A5,21.74,30.668419
test,A5,21.654,32.708973
test,A5,21.529,30.488682
test,A5,21.443,31.393871
test,A5,21.438,32.999313
test,A5,21.432,31.536188
test,A5,21.34,30.350203
test,A5,21.267,31.613148
test,A5,21.296,31.712713
test,A5,21.309,30.140602
test,A5,21.371,32.711414
test,A5,21.486,31.398325
test,A5,21.554,31.259617
test,A5,21.668,31.974401
test,A5,21.739,31.96333
test,A5,21.73802,31.412888
test,A5,21.746021,31.583206
test,A5,21.733,30.674538
test,A5,21.76,31.867718
test,A5,21.849,31.926182
test,A5,21.974049,33.08218
test,A5,22.01605,33.160152
test,A5,22.078,31.679304
test,A5,22.262,31.069405
test,A5,22.417,29.365885
test,A5,22.533,30.88507
test,A5,22.582867,31.702599
test,A5,22.702866,31.551754
test,A5,22.937,31.20477
test,A5,23.143,32.287727
test,A5,23.317,30.294952
test,A5,23.424,31.222126
test,A5,23.523,31.935356
test,A5,23.64,31.955341
test,A5,23.737,31.933817
test,A5,23.706,30.74258
test,A5,23.633,32.179424
test,A5,23.648,32.105854
test,A5,23.66201,32.936172
test,A5,23.692009,32.139812
test,A5,23.756857,31.789074
test,A5,23.583858,32.46967
test,A5,23.246,31.487576
test,A5,23.04,30.474525
test,A5,22.888,30.966282
test,A5,22.756,31.891655
test,A5,22.764,31.223516
test,A5,22.841,30.77804
test,A5,22.748,32.01321
test,A5,22.642,31.89322
test,A5,22.463,32.324863
test,A5,22.356,31.637573
test,A5,22.319,30.977346
test,A5,22.146946,32.07484
test,A5,22.102945,31.749783
test,A5,22.032,32.197624
test,A5,21.944,31.256302
test,A5,21.975,31.759918
test,A5,22.041,31.874569
test,A5,22.079,32.819523
test,A5,22.171,32.2664
test,A5,22.317,32.14613
test,A5,22.329094,31.491198
test,A5,22.360113,32.8644
test,A5,22.42302,31.533598
test,A5,22.434,30.701767
test,A5,22.429,30.899794
test,A5,22.424,31.084278
test,A5,22.412,31.961794
test,A5,22.381,31.568596
test,A5,22.398,31.083279
test,A5,22.472,30.574963
test,A5,22.56801,31.653421
test,A5,22.59901,31.428778
test,A5,22.588,32.082207
test,A5,22.548,32.85191
test,A5,22.51,32.818016
test,A5,22.541,32.75352
test,A5,22.488,30.7212
test,A5,22.422,33.44686
test,A5,22.441,32.529755
test,A5,22.465,31.240532
test,A5,22.377861,31.880764
test,A5,22.369902,30.986784
test,A5,22.464039,31.616055
test,A5,22.499,31.388397
test,A5,22.365,31.31496
test,A5,22.146,29.227493
test,A5,22.056,30.458462
test,A5,22.003,31.663288
test,A5,22.031,30.98491
test,A5,22.076,30.714571
test,A5,21.996,32.65512
test,A5,22.00198,32.05151
test,A5,22.08799,32.11628
test,A5,22.07101,31.371347
test,A5,22.029,31.27648
test,A5,22.028,31.442528
test,A5,22.149,31.457664
test,A5,22.283,29.177137
test,A5,22.334,31.48574
test,A5,22.267,29.810688
test,A5,22.367,30.426153
test,A5,22.464,31.116295
test,A5,22.321,31.409367
test,A5,22.22792,32.130333
test,A5,22.155981,32.011234
test,A5,22.160019,32.529774
test,A5,22.25196,31.947609
test,A5,22.343193,31.325035
test,A5,22.574291,31.481277
test,A5,22.858099,31.095749
test,A5,23.055,31.788488
test,A5,23.071,31.755795
test,A5,23.086,30.29734
test,A5,23.229,30.006647
test,A5,23.30802,30.83604
test,A5,23.32702,30.29441
test,A5,23.399,32.22513
test,A5,23.609,31.92159
test,A5,23.727,31.529732
test,A5,23.654,31.438808
test,A5,23.664,30.33945
test,A5,23.698,30.076685
test,A5,23.6119,32.27642
test,A5,23.6329,31.554787
test,A5,23.69,31.690365
test,A5,23.716,32.991776
test,A5,23.739,31.899141
test,A5,23.734358,28.30024
test,A5,23.735876,27.546923
test,A5,23.721518,29.032522
test,A5,23.499773,30.990255
test,A5,23.026207,27.567308
test,A5,23.100183,27.9459
test,A5,23.55612,30.099054
test,A5,23.597391,30.734007
test,A5,23.550041,29.426704
test,A5,23.613758,29.212933
test,A5,23.626253,31.24703
test,A5,23.607515,29.309097
test,A5,23.497524,29.000858
test,A5,23.338776,31.027962
test,A5,23.2225,29.516975
test,A5,23.1375,31.131569
test,A5,23.06127,30.113075
test,A5,22.97,30.056347
test,A5,22.892494,30.254358
test,A5,22.818766,29.253002
test,A5,22.74875,31.02706
test,A5,22.723778,30.57019
test,A5,22.686277,28.995329
test,A5,22.60997,30.59893
test,A5,22.527454,29.65224
test,A5,22.459986,29.328426
test,A5,22.448713,29.826004
test,A5,22.429962,30.829475
test,A5,22.52625,31.283394
test,A5,22.72625,30.606441
test,A5,22.90377,29.555927
test,A5,23.03755,29.357796
test,A5,23.07996,29.932709
test,A5,23.082531,29.992718
test,A5,23.236376,27.65076
test,A5,23.423775,30.329472
test,A5,23.49125,30.470106
test,A5,23.541145,29.409092
test,A5,23.607395,28.329018
test,A5,23.705091,28.63929
test,A5,23.847517,29.463696
test,A5,23.832426,29.013615
test,A5,23.7125,30.24012
test,A5,23.688763,29.837595
test,A5,23.683746,28.849178
test,A5,23.686262,30.557049
test,A5,23.708778,30.217125
test,A5,23.716263,30.372307
test,A5,23.71001,28.9911
test,A5,23.717497,28.563053
test,A5,23.690002,28.353947
test,A5,23.662476,28.426373
test,A5,23.604973,29.688934
test,A5,23.54375,29.509186
test,A5,23.56125,27.736351
test,A5,23.63625,27.564194
test,A5,23.63125,29.683414
test,A5,23.490017,30.075895
test,A5,23.426271,29.01024
test,A5,23.475029,29.842392
test,A5,23.53002,30.21529
test,A5,23.566244,29.319284
test,A5,23.58373,26.130293
test,A5,23.58501,28.622257
test,A5,23.61628,29.62388
test,A5,23.647463,29.229572
test,A5,23.587484,29.353493
test,A5,23.567505,28.019218
test,A5,23.567486,29.924835
test,A5,23.546253,27.628063
test,A5,23.533718,30.16725
test,A5,23.482468,30.799927
test,A5,23.511295,28.016603
test,A5,23.62501,28.688107
test,A5,23.594965,30.361855
test,A5,23.448814,29.979359
test,A5,23.461435,31.053047
test,A5,23.61512,31.465313
test,A5,23.6575,29.868887
test,A5,23.6925,29.500065
test,A5,23.82125,27.6707
test,A5,23.805,29.78156
test,A5,23.751255,30.81681
test,A5,23.762495,30.900238
test,A5,23.696163,29.833466
test,A5,23.551174,30.935661
test,A5,23.52375,30.906078
test,A5,23.56878,30.947895
test,A5,23.59128,30.71925
test,A5,23.623755,30.285542
test,A5,23.608755,31.194033
test,A5,23.577534,30.787205
test,A5,23.595034,30.256096
test,A5,23.576166,30.023705
test,A5,23.348284,31.090824
test,A5,22.90837,28.173706
test,A5,22.41112,30.666428
test,A5,21.943619,29.366873
test,A5,21.5475,29.983551
test,A5,21.36625,30.136452
test,A5,21.451334,31.399954
test,A5,21.808834,31.448368
test,A5,22.46125,28.486078
test,A5,23.0475,28.391376
test,A5,23.2325,29.776608
test,A5,23.3175,28.958477
test,A5,23.45743,30.144188
test,A5,23.437384,28.702393
test,A5,23.42496,30.871624
test,A5,23.503757,28.58482
test,A5,23.536293,30.081596
test,A5,23.615526,28.347202
test,A5,23.644236,29.936977
test,A5,23.62,29.362072
test,A5,23.63624,29.815588
test,A5,23.64499,27.602661
test,A5,23.66875,25.372282
test,A5,23.691256,25.517658
test,A5,23.670034,29.855011
test,A5,23.62752,30.66307
test,A5,23.59249,29.492449
test,A5,23.611258,28.781345
test,A5,23.645008,30.854383
test,A5,23.628725,30.793726
test,A5,23.571232,31.11367
test,A5,23.56003,30.653887
test,A5,23.611261,30.894653
test,A5,23.622484,31.00319
test,A5,23.603758,29.698107
test,A5,23.623762,29.046093
test,A5,23.649996,30.205189
test,A5,23.650005,27.940521
test,A5,23.65876,28.443634
test,A5,23.688745,30.217823
test,A5,23.70501,26.94666
test,A5,23.727514,28.659151
test,A5,23.7375,28.369637
test,A5,23.68875,30.656525
test,A5,23.65625,29.703192
test,A5,23.66501,29.914608
test,A5,23.683758,28.276882
test,A5,23.682474,29.855392
test,A5,23.632477,29.710938
test,A5,23.59375,28.296288
test,A5,23.577475,30.149456
test,A5,23.53499,28.591908
test,A5,23.536264,30.466316
test,A5,23.58874,29.18042
test,A5,23.611273,30.742287
test,A5,23.647533,29.423405
test,A5,23.64625,28.286587
test,A5,23.628757,30.66711
test,A5,23.651272,28.765808
test,A5,23.628765,27.728786
test,A5,23.61625,28.63258
test,A5,23.74625,30.462063
test,A5,24.028835,29.874472
test,A5,24.365086,30.051735
test,A5,24.69875,31.925642
test,A5,25.0125,30.524876
test,A5,25.32,28.428612
test,A5,25.592527,28.429043
test,A5,25.743778,28.907253
test,A5,25.77,29.865578
test,A5,25.79504,30.90382
test,A5,25.89129,28.75427
test,A5,25.955,29.59354
test,A5,25.96125,30.228352
test,A5,25.965,29.193165
test,A5,25.915035,29.539413
test,A5,25.918787,25.682384
test,A5,25.967503,30.197258
test,A5,25.94627,30.930511
test,A5,25.96002,29.703642
test,A5,25.98375,30.175083
test,A5,25.95875,28.40982
test,A5,25.941252,31.074009
test,A5,25.943748,29.316992
test,A5,25.921213,28.586334
test,A5,25.833687,28.645075
test,A5,25.71372,28.40961
test,A5,25.627508,24.51162
test,A5,25.597507,31.191063
test,A5,25.545,30.359386
test,A5,25.41625,29.367905
test,A5,25.266222,27.657833
test,A5,25.123722,29.549774
test,A5,24.98252,29.053621
test,A5,24.91252,29.10168
test,A5,24.83125,30.382504
test,A5,24.741245,21.494827
test,A5,24.722485,26.955132
test,A5,24.687475,29.98061
test,A5,24.639986,25.206474
test,A5,24.60249,27.187965
test,A5,24.57374,27.0168
test,A5,24.55125,19.070808
test,A5,24.5275,18.965193
test,A5,24.46497,27.830225
test,A5,24.382471,29.267323
test,A5,24.376268,29.021976
test,A5,24.421268,30.784054
test,A5,24.400005,29.76707
test,A5,24.373755,29.533209
test,A5,24.38625,30.64713
test,A5,24.39,31.01537
test,A5,24.38625,29.138771
test,A5,24.36875,29.557875
test,A5,24.35375,28.506607
test,A5,24.37875,27.879343
test,A5,24.42875,29.652836
test,A5,24.4625,28.316708
test,A5,24.511063,28.859486
test,A5,24.602283,28.704582
test,A5,24.628704,29.48752
test,A5,24.58372,29.36571
test,A5,24.54499,29.695896
test,A5,24.526243,28.326181
test,A5,24.510242,29.9539
test,A5,24.502254,26.920298
test,A5,24.509487,27.409075
test,A5,24.493748,28.266514
test,A5,24.50126,29.18509
test,A5,24.52875,29.841452
test,A5,24.496252,30.588104
test,A5,24.443752,29.735943
test,A5,24.39375,31.140879
test,A5,24.350044,30.255108
test,A5,24.390045,29.670229
test,A5,24.47625,31.293407
test,A5,24.515015,29.212103
test,A5,24.55634,29.792007
test,A5,24.646324,31.358421
test,A5,24.6735,30.43407
test,A5,24.754717,29.173208
test,A5,24.813717,30.255816
test,A5,24.79002,30.53614
test,A5,24.75627,31.28635
test,A5,24.5175,30.68856
test,A5,24.4075,30.326103
test,A5,24.540047,30.813417
test,A5,24.660065,31.268902
test,A5,24.721317,30.145124
test,A5,24.826363,29.063828
test,A5,24.960064,29.458996
test,A5,24.76125,30.97429
test,A5,24.42625,31.644573
test,A5,24.27493,31.074417
test,A5,24.354956,30.53253
test,A5,24.528778,30.230474
test,A5,24.613758,31.607285
test,A5,24.668756,31.712648
test,A5,24.708727,26.48251
test,A5,24.679977,27.161142
test,A5,24.605028,29.444126
test,A5,24.598738,28.440077
test,A5,24.559961,29.156193
test,A5,24.513777,30.01147
test,A5,24.555,30.58012
test,A5,24.521181,30.457827
test,A5,24.42,28.026545
test,A5,24.438791,31.22519
test,A5,24.49875,30.611206
test,A5,24.521238,29.32314
test,A5,24.568768,30.761654
test,A5,24.62753,29.2961
test,A5,24.604828,29.406525
test,A5,24.34994,29.365261
test,A5,24.332611,30.386404
test,A5,24.565,30.839823
test,A5,24.62253,30.891178
test,A5,24.68878,26.873695
test,A5,24.76125,31.408014
test,A5,24.67375,31.400894
test,A5,24.525017,29.716433
test,A5,24.52005,28.16043
test,A5,24.618782,31.819084
test,A5,24.698753,31.416471
test,A5,24.728752,31.444618
test,A5,24.73,30.48069
test,A5,24.679985,30.188812
test,A5,24.636282,30.92621
test,A5,24.728798,30.03014
test,A5,24.865,29.114822
test,A5,24.8225,25.935879
test,A5,24.6175,29.636002
test,A5,24.536263,30.424423
test,A5,24.583763,30.215408
test,A5,24.54745,28.224524
test,A5,24.4837,23.905066
test,A5,24.635,29.780426
test,A5,24.75375,29.186178
test,A5,24.599924,30.571678
test,A5,24.414925,26.855051
test,A5,24.42749,25.675787
test,A5,24.513758,29.393867
test,A5,24.543768,25.123987
test,A5,24.61501,29.521807
test,A5,24.67503,25.749352
test,A5,24.75006,29.44508
test,A5,24.84754,28.18185
test,A5,24.835045,31.910664
test,A5,24.676231,31.285757
test,A5,24.493687,28.969908
test,A5,24.44,30.692022
test,A5,24.47875,32.000732
test,A5,24.502478,27.276083
test,A5,24.486233,27.359535
test,A5,24.473778,28.871391
test,A5,24.528759,27.339794
test,A5,24.544985,28.235676
test,A5,24.466297,28.90783
test,A5,24.47263,30.654745
test,A5,24.518831,31.247002
test,A5,24.49,30.89428
test,A5,24.45875,30.67203
test,A5,24.45,29.207973
test,A5,24.4225,24.933887
test,A5,24.39627,27.033287
test,A5,24.43252,27.792004
test,A5,24.426226,27.142056
test,A5,24.380224,27.52722
test,A5,24.3715,28.25777
test,A5,24.38375,28.009872
test,A5,24.397497,27.03213
test,A5,24.401257,28.024792
test,A5,24.390009,30.189045
test,A5,24.4025,29.240456
test,A5,24.44499,28.17712
test,A5,24.453737,27.723972
test,A5,24.428747,28.83403
test,A5,24.415,30.534115
test,A5,24.43375,32.72347
test,A5,24.44125,31.88256
test,A5,24.43375,31.90131
test,A5,24.45629,29.988064
test,A5,24.49629,30.06646
test,A5,24.51125,23.754822
test,A5,24.49,30.694233
test,A5,24.46625,31.635475
test,A5,24.502502,29.861195
test,A5,24.56502,30.1014
test,A5,24.602518,29.90169
test,A5,24.6175,29.42698
test,A5,24.58374,29.896763
test,A5,24.538727,29.625206
test,A5,24.507738,28.291351
test,A5,24.556515,27.23481
test,A5,24.652515,30.190983
test,A5,24.719969,27.853867
test,A5,24.713737,27.956173
test,A5,24.698757,28.598331
test,A5,24.71249,27.676163
test,A5,24.721237,27.515602
test,A5,24.70997,24.996883
test,A5,24.633686,18.638239
test,A5,24.506182,28.79129
test,A5,24.412477,31.111763
test,A5,24.46125,31.71709
test,A5,24.548752,30.73206
test,A5,24.592503,31.090279
test,A5,24.658754,30.892769
test,A5,24.725004,30.67133
test,A5,24.81,29.483788
test,A5,24.814985,29.946526
test,A5,24.75002,30.870655
test,A5,24.781284,30.430222
test,A5,24.75875,28.763355
test,A5,24.663738,30.447277
test,A5,24.601223,31.299328
test,A5,24.553736,27.192352
test,A5,24.53175,28.001263
test,A5,24.49425,26.822567
test,A5,24.4265,30.777584
test,A5,24.4265,28.55739
test,A5,24.394997,28.312595
test,A5,24.328777,29.379492
test,A5,24.296268,28.802586
test,A5,24.236212,24.728233
test,A5,24.188725,24.659758
test,A5,24.3075,23.995872
test,A5,24.588886,29.787941
test,A5,24.540152,29.973091
test,A5,24.361252,30.072355
test,A5,24.365,30.370396
test,A5,24.371262,28.448565
test,A5,24.39875,27.880903
test,A5,24.44125,27.570368
test,A5,24.493757,29.264856
test,A5,24.501257,29.599716
test,A5,24.48383,26.285957
test,A5,24.45883,29.05885
test,A5,24.44501,29.238937
test,A5,24.468767,29.908659
test,A5,24.50502,30.29907
test,A5,24.542515,26.10064
test,A5,24.567503,27.230698
test,A5,24.575,28.259972
test,A5,24.5725,26.173592
test,A5,24.554983,27.537579
test,A5,24.516232,28.27356
test,A5,24.488747,27.728876
test,A5,24.486252,27.854055
test,A5,24.492504,28.292793
test,A5,24.50375,27.735657
test,A5,24.522507,26.294806
test,A5,24.601364,27.44094
test,A5,24.775106,28.939722
test,A5,24.73125,25.39051
test,A5,24.545002,28.80849
test,A5,24.512487,28.657492
test,A5,24.538734,26.386883
test,A5,24.67,26.732452
test,A5,24.71757,26.612518
test,A5,24.54004,24.774782
test,A5,24.39372,28.33337
test,A5,24.416265,29.031939
test,A5,24.446259,23.282272
test,A5,24.449993,28.576412
test,A5,24.52,31.122337
test,A5,24.623692,32.67321
test,A5,24.767527,31.892822
test,A5,25.062748,31.919281
test,A5,25.604101,28.979195
test,A5,26.30519,23.241575
test,A5,26.918724,12.292888
test,A5,27.064974,22.550934
test,A5,26.716125,30.867474
test,A5,26.218626,31.141705
test,A5,25.71,31.84428
test,A5,25.20375,31.208656
test,A5,24.75857,31.473923
test,A5,24.38982,30.612059
test,A5,24.08625,27.79747
test,A5,23.857483,27.508263
test,A5,23.726212,28.737278
test,A5,23.644949,30.786308
test,A5,23.57,30.210417
test,A5,23.588787,28.835869
test,A5,23.642494,29.782974
test,A5,23.641237,29.621359
test,A5,23.68252,28.779327
test,A5,23.772545,26.88473
test,A5,23.885025,29.4734
test,A5,24.00375,28.813015
test,A5,23.862589,26.718832
test,A5,23.50597,29.986876
test,A5,23.107273,29.238697
test,A5,22.643696,29.798563
test,A5,22.230984,29.942947
test,A5,21.91618,30.192192
test,A5,21.6775,30.6925
test,A5,21.5,28.522408
test,A5,21.36873,27.925016
test,A5,21.25998,29.799437
test,A5,21.141232,30.513214
test,A5,21.037464,28.566824
test,A5,20.973732,29.727757
test,A5,20.95625,29.785757
test,A5,21.035023,29.879753
test,A5,21.136272,28.906322
test,A5,21.173758,29.160471
test,A5,21.150007,27.859348
test,A5,20.993774,28.737461
test,A5,20.822515,30.565086
test,A5,20.757475,29.76773
test,A5,20.712484,29.039125
test,A5,20.661192,29.224564
test,A5,20.528622,31.10463
test,A5,20.35618,30.266964
test,A5,20.21875,30.706585
test,A5,20.07875,32.406513
test,A5,19.98125,32.019585
test,A5,19.9775,31.229485
test,A5,20.03012,30.083447
test,A5,20.15637,25.345148
test,A5,20.282522,31.64124
test,A5,20.347525,30.5381
test,A5,20.368717,28.746235
test,A5,20.316668,28.906868
test,A5,20.376738,30.36755
test,A5,20.481192,30.866987
test,A5,20.397503,29.330471
test,A5,20.467625,27.6381
test,A5,20.637527,26.935102
test,A5,20.5725,29.036293
test,A5,20.54375,30.767448
test,A5,20.53125,30.91254
test,A5,20.409952,30.337542
test,A5,20.362452,30.439426
test,A5,20.298931,30.786152
test,A5,20.497711,29.977997
test,A5,20.78751,28.917675
test,A5,20.74994,28.486557
test,A5,20.652485,30.706139
test,A5,20.661274,31.630688
test,A5,20.750048,29.657942
test,A5,20.701298,28.261852
test,A5,20.586243,30.2393
test,A5,20.551243,30.793743
test,A5,20.601208,30.92952
test,A5,20.677458,31.365196
test,A5,20.6112,31.434183
test,A5,20.588688,31.921104
test,A5,20.633738,31.260078
test,A5,20.598743,28.613047
test,A5,20.608763,31.571785
test,A5,20.671309,30.642096
test,A5,20.741148,30.874249
test,A5,20.672344,31.00898
test,A5,20.612516,31.064137
test,A5,20.71762,31.008354
test,A5,20.855095,31.057549
test,A5,20.932505,31.68467
test,A5,20.9625,30.117632
test,A5,21.051247,30.993263
test,A5,21.161247,29.270285
test,A5,21.3175,28.630833
test,A5,21.33499,29.190298
test,A5,21.203697,31.008522
test,A5,21.111193,26.725672
test,A5,21.068735,24.861523
test,A5,21.060007,30.947783
test,A5,21.067583,30.674656
test,A5,21.146296,30.99913
test,A5,21.174974,31.387867
test,A5,21.155005,31.31195
test,A5,21.13125,30.1977
test,A5,21.093729,30.387627
test,A5,21.048729,30.84106
test,A5,21.017492,30.88157
test,A5,21.009918,31.260632
test,A5,20.953674,31.541134
test,A5,20.93125,31.004915
test,A5,20.96374,31.33502
test,A5,20.96001,31.778368
test,A5,20.96502,31.952187
test,A5,20.98,31.857834
test,A5,20.977495,31.406418
test,A5,20.957495,31.648466
test,A5,20.8975,30.87845
test,A5,20.823763,30.977207
test,A5,20.795012,30.700235
test,A5,20.76,32.913265
test,A5,20.755,29.468105
test,A5,20.805,30.969631
test,A5,20.88,29.930443
test,A5,20.899963,30.857368
test,A5,20.79995,28.501602
test,A5,20.732515,28.182442
test,A5,20.763767,28.58382
test,A5,20.77999,29.848701
test,A5,20.7775,30.027308
test,A5,20.911287,28.586803
test,A5,21.08504,30.1459
test,A5,21.163752,31.549337
test,A5,21.20989,31.544994
test,A5,21.12864,27.835974
test,A5,20.962523,30.04865
test,A5,20.937525,30.958357
test,A5,20.976252,30.00103
test,A5,20.965,30.258373
test,A5,20.912516,25.287447
test,A5,20.886242,30.353727
test,A5,20.871243,30.011328
test,A5,20.870016,29.428333
test,A5,20.88625,30.491983
test,A5,20.835,29.977966
test,A5,20.807493,30.46207
test,A5,20.817492,30.60007
test,A5,20.817472,30.532291
test,A5,20.776222,32.46237
test,A5,20.707485,29.98603
test,A5,20.659985,32.37241
test,A5,20.626247,30.767864
test,A5,20.607485,31.261429
test,A5,20.583748,30.651054
test,A5,20.57376,30.425468
test,A5,20.54875,26.93404
test,A5,20.527485,31.088156
test,A5,20.503735,32.37229
test,A5,20.433725,29.869602
test,A5,20.381226,25.302122
test,A5,20.445,31.53102
test,A5,20.543755,31.045881
test,A5,20.592505,28.499813
test,A5,20.696281,28.796432
test,A5,20.826283,28.404093
test,A5,20.93,32.08276
test,A5,21.06496,32.182358
test,A5,21.10499,31.926826
test,A5,21.10253,32.248672
test,A5,21.15005,32.704826
test,A5,21.19255,32.322186
test,A5,21.225,31.55508
test,A5,21.202496,29.521864
test,A5,21.14994,31.644207
test,A5,21.041212,32.50158
test,A5,21.000017,32.253582
test,A5,21.067566,30.238123
test,A5,21.143814,28.077595
test,A5,21.151228,27.812008
test,A5,21.081223,29.086987
test,A5,21.044994,28.423378
test,A5,21.078773,26.585854
test,A5,21.150023,26.492023
test,A5,21.196245,30.69693
test,A5,21.215065,30.56802
test,A5,21.27382,30.374846
test,A5,21.30375,30.536297
test,A5,21.27375,29.18671
test,A5,21.31125,30.16835
test,A5,21.41375,31.453236
test,A5,21.492498,30.882591
test,A5,21.536247,29.911304
test,A5,21.596146,31.256153
test,A5,21.578646,30.484364
test,A5,21.573774,29.45662
test,A5,21.6213,29.050205
test,A5,21.615025,28.38274
test,A5,21.530056,30.21386
test,A5,21.541334,30.872677
test,A5,21.661242,30.64216
test,A5,21.642504,30.094593
test,A5,21.626274,30.901844
test,A5,21.62994,30.986942
test,A5,21.574957,32.028706
test,A5,21.534979,30.934921
test,A5,21.472477,30.811638
test,A5,21.35875,31.108316
test,A5,21.32001,31.502697
test,A5,21.36503,28.819508
test,A5,21.420021,30.798613
test,A5,21.46506,29.537006
test,A5,21.51506,31.591614
test,A5,21.52375,31.962925
test,A5,21.4837,30.852596
test,A5,21.377449,32.00553
test,A5,21.246277,31.38016
test,A5,21.228699,32.355972
test,A5,21.17242,31.05037
test,A5,21.06125,31.494865
test,A5,21.100065,31.620388
test,A5,21.197517,29.548378
test,A5,21.15997,31.228485
test,A5,21.136267,30.517296
test,A5,21.18244,31.687553
test,A5,21.107471,31.833467
test,A5,21.07514,30.680498
test,A5,21.18136,30.36223
test,A5,21.160002,30.102238
test,A5,21.084997,31.77339
test,A5,21.108746,30.289661
test,A5,21.148638,30.609661
test,A5,21.051138,29.4066
test,A5,21.0725,30.50998
test,A5,21.14625,32.310226
test,A5,21.0575,31.011356
test,A5,20.989998,31.716785
test,A5,20.929998,32.442795
test,A5,20.85,32.33181
test,A5,20.73,31.758392
test,A5,20.725069,31.053387
test,A5,20.871304,31.136297
test,A5,20.924984,30.717243
test,A5,20.863811,29.442513
test,A5,20.960062,27.61925
test,A5,21.139982,31.053473
test,A5,21.172476,31.266153
test,A5,21.153788,29.88314
test,A5,21.253838,28.56887
test,A5,21.400043,30.598576
test,A5,21.418709,30.008373
test,A5,21.342459,28.752052
test,A5,21.39755,25.949932
test,A5,21.55503,28.474312
test,A5,21.587475,30.594887
test,A5,21.548742,30.625183
test,A5,21.558748,27.537392
test,A5,21.6,30.53258
test,A5,21.59249,29.896564
test,A5,21.563717,31.57159
test,A5,21.538738,31.467236
test,A5,21.508793,30.597805
test,A5,21.45005,28.44458
test,A5,21.353817,30.17489
test,A5,21.273792,27.882965
test,A5,21.206213,30.298475
test,A5,21.133717,31.106144
test,A5,21.09248,30.241592
test,A5,21.119982,28.423492
test,A5,21.14129,28.728054
test,A5,21.16879,29.03494
test,A5,21.20377,29.641571
test,A5,21.236263,30.235332
test,A5,21.269955,28.51094
test,A5,21.336212,28.155441
test,A5,21.41252,28.369629
test,A5,21.44377,29.738678
test,A5,21.420023,29.51997
test,A5,21.411272,29.242771
test,A5,21.417484,25.573215
test,A5,21.37499,28.925045
test,A5,21.35502,30.40902
test,A5,21.341248,31.25876
test,A5,21.366257,29.585701
test,A5,21.415026,29.19385
test,A5,21.32375,28.011234
test,A5,21.153725,28.37612
test,A5,21.036201,29.790508
test,A5,20.947477,29.571074
test,A5,20.902472,30.507479
test,A5,20.782473,30.285206
test,A5,20.276407,29.916092
test,A5,20.13394,29.52404
test,A5,20.417505,31.248987
test,A5,20.381222,29.636143
test,A5,20.235031,30.821215
test,A5,20.232475,31.698887
test,A5,20.398672,28.891697
test,A5,20.541227,30.42692
test,A5,20.63625,28.704037
test,A5,20.720068,28.110596
test,A5,20.853807,28.43975
test,A5,20.958788,28.717676
test,A5,21.023767,30.533796
test,A5,21.04752,30.710133
test,A5,21.04255,28.120327
test,A5,21.046263,28.540077
test,A5,21.051283,31.14059
test,A5,21.061172,30.261517
test,A5,20.909931,28.011395
test,A5,20.805,28.810158
test,A5,20.783707,30.91584
test,A5,20.663637,30.734581
test,A5,20.43488,29.135355
test,A5,20.243727,27.413754
test,A5,20.182444,29.19913
test,A5,20.049944,29.760918
test,A5,19.891277,29.367048
test,A5,19.847466,27.909655
test,A5,19.756187,29.065857
test,A5,19.619976,27.932098
test,A5,19.53116,25.573061
test,A5,19.447472,27.999165
test,A5,19.445038,30.15919
test,A5,19.382484,28.537868
test,A5,19.286236,27.02903
test,A5,19.29125,26.843742
test,A5,19.292503,28.165354
test,A5,19.281242,27.658752
test,A5,19.23749,28.694633
test,A5,19.111248,28.714216
test,A5,19.001204,27.379131
test,A5,18.878706,26.733198
test,A5,18.667385,28.010902
test,A5,18.446095,28.562958
test,A5,18.238544,28.942326
test,A5,17.990995,29.541235
test,A5,17.7223,27.941216
test,A5,17.40614,29.419178
test,A5,17.12125,30.282162
test,A5,17.028778,27.180248
test,A5,17.078798,27.441319
test,A5,17.163778,27.708994
test,A5,17.230093,26.913504
test,A5,17.335102,29.294971
test,A5,17.453728,30.778006
test,A5,17.59746,29.333866
test,A5,17.857601,23.333563
test,A5,18.222706,25.528578
test,A5,18.62644,28.350813
test,A5,18.975086,27.570255
test,A5,19.201189,21.58495
test,A5,19.368683,23.908112
test,A5,19.448734,24.474623
test,A5,19.39874,26.16248
test,A5,19.245068,29.721565
test,A5,19.001198,29.474733
test,A5,18.76113,27.880642
test,A5,18.573795,27.753075
test,A5,18.408758,27.565598
test,A5,18.261213,29.978386
test,A5,18.17125,27.405975
test,A5,18.105007,24.48336
test,A5,18.066257,25.933079
test,A5,18.005045,26.305996
test,A5,17.85621,24.638092
test,A5,17.696135,27.24941
test,A5,17.59497,28.172039
test,A5,17.516197,29.208588
test,A5,17.357386,27.897873
test,A5,17.142391,29.225832
test,A5,16.96112,27.127266
test,A5,16.743666,27.09433
test,A5,16.55875,25.670223
test,A5,16.465,26.115044
test,A5,16.231138,27.248352
test,A5,15.8573885,27.002975
test,A5,15.616275,28.29449
test,A5,15.568708,27.495525
test,A5,15.481203,28.68329
test,A5,15.43252,28.01073
test,A5,15.525025,25.02524
test,A5,15.622545,22.948814
test,A5,15.730081,28.209032
test,A5,15.91131,29.475426
test,A5,16.161322,25.589096
test,A5,16.39382,22.16709
test,A5,16.53125,22.290852
test,A5,16.734886,27.304409
test,A5,17.10369,28.135895
test,A5,17.411364,27.493702
test,A5,17.652645,27.080406
test,A5,17.925085,26.187069
test,A5,18.155106,25.15681
test,A5,18.415106,23.090275
test,A5,18.64755,24.024437
test,A5,18.772526,28.646015
test,A5,18.807474,24.20317
test,A5,18.791288,23.72131
test,A5,18.733738,24.922287
test,A5,18.59739,25.114075
test,A5,18.392345,27.756918
test,A5,18.074831,28.708668
test,A5,17.746101,29.516754
test,A5,17.458616,28.463495
test,A5,17.19501,28.775566
test,A5,16.93495,27.374702
test,A5,16.68863,24.830492
test,A5,16.465,26.594513
test,A5,16.207504,25.910145
test,A5,16.033754,26.332745
test,A5,15.9012375,27.716896
test,A5,15.787505,27.832848
test,A5,15.830018,26.993486
test,A5,15.9925,26.992521
test,A5,16.222553,24.574615
test,A5,16.460052,26.11583
test,A5,16.73608,25.381607
test,A5,17.08108,25.040955
test,A5,17.4688,22.323402
test,A5,17.798906,21.95161
test,A5,18.068857,25.401531
test,A5,18.208866,25.268261
test,A5,18.471542,25.257545
test,A5,19.053926,25.508835
test,A5,19.56,26.13675
test,A5,19.81375,25.443626
test,A5,19.94125,25.62209
test,A5,20.1025,25.126598
test,A5,20.23,26.885202
test,A5,20.30625,26.993908
test,A5,20.37741,27.393478
test,A5,20.249851,27.964485
test,A5,20.03494,26.70161
test,A5,19.88495,26.962923
test,A5,19.712425,27.710981
test,A5,19.606262,28.429705
test,A5,19.663788,26.11295
test,A5,19.82,25.040287
test,A5,19.985,22.199715
test,A5,20.167454,22.552849
test,A5,20.33371,26.552353
test,A5,20.41377,28.586864
test,A5,20.478828,27.20325
test,A5,20.621304,26.434206
test,A5,20.70374,29.302029
test,A5,20.73125,30.143175
test,A5,20.79875,31.427227
test,A5,20.8537,30.266508
test,A5,20.8412,29.435415
test,A5,20.81875,27.533688
test,A5,20.85004,25.126816
test,A5,20.916262,27.525856
test,A5,20.866222,29.097153
test,A5,20.563667,25.194685
test,A5,20.151333,25.0934
test,A5,19.678879,27.092426
test,A5,19.311213,28.013332
test,A5,19.02625,28.828936
test,A5,18.639774,29.47773
test,A5,18.236025,26.32868
test,A5,17.89985,27.225021
test,A5,17.604755,28.602444
test,A5,17.286123,28.238274
test,A5,17.051218,27.555569
test,A5,16.848661,28.150745
test,A5,16.632412,29.998379
test,A5,16.680027,27.535118
test,A5,16.912527,27.668396
test,A5,17.248909,21.668789
test,A5,17.779104,22.163132
test,A5,18.271444,20.985641
test,A5,18.65875,19.66999
test,A5,18.859966,19.69363
test,A5,18.7949,23.32542
test,A5,18.617445,30.402805
test,A5,18.558798,28.956339
test,A5,18.65004,25.150063
test,A5,18.726282,27.473623
test,A5,18.797564,30.940748
test,A5,18.893826,29.730312
test,A5,19.08629,27.52975
test,A5,19.5175,24.196804
test,A5,19.895027,26.867565
test,A5,20.021278,28.330223
test,A5,20.04875,29.702293
test,A5,20.122562,28.648197
test,A5,20.311314,26.95643
test,A5,20.523867,24.767937
test,A5,20.806366,24.817543
test,A5,21.00875,26.734344
test,A5,21.108805,29.15623
test,A5,21.272564,27.380085
test,A5,21.38002,26.57333
test,A5,21.414263,29.026114
test,A5,21.419281,27.27472
test,A5,21.40378,29.069542
test,A5,21.42375,29.486832
test,A5,21.44499,30.708118
test,A5,21.403698,30.540476
test,A5,21.31498,29.584158
test,A5,21.287487,29.890757
test,A5,21.304964,31.298248
test,A5,21.360012,29.597984
test,A5,21.453787,30.388134
test,A5,21.505026,31.166576
test,A5,21.4925,30.521488
test,A5,21.52875,31.123528
test,A5,21.61375,30.340271
test,A5,21.608732,29.29225
test,A5,21.616232,26.468422
test,A5,21.642479,29.321548
test,A5,21.563545,24.844534
test,A5,21.348564,27.12539
test,A5,21.258846,31.441978
test,A5,21.462597,30.722649
test,A5,21.672558,29.92973
test,A5,21.736307,30.625675
test,A5,21.53875,29.28176
test,A5,21.415,30.795074
test,A5,21.515,29.28834
test,A5,21.5388,30.184399
test,A5,21.5038,29.340622
test,A5,21.45625,31.123346
test,A5,21.4675,30.056517
test,A5,21.486237,28.203491
test,A5,21.466238,29.67458
test,A5,21.4325,26.515434
test,A5,21.375,29.498531
test,A5,21.211191,30.415913
test,A5,20.958786,27.041313
test,A5,20.641178,27.54813
test,A5,20.305975,30.661495
test,A5,20.01864,29.690655
test,A5,19.67875,29.358765
test,A5,19.32375,29.609863
test,A5,19.087528,29.363958
test,A5,18.948753,30.4185
test,A5,18.854969,29.854061
test,A5,18.816263,28.098888
test,A5,18.851267,31.503931
test,A5,18.925,31.077194
test,A5,19.05,30.764534
test,A5,19.262383,29.7585
test,A5,19.509823,27.801369
test,A5,19.747496,28.574558
test,A5,19.97001,29.004047
test,A5,20.152456,28.02269
test,A5,20.27875,28.904697
test,A5,20.412558,29.04087
test,A5,20.610111,29.317595
test,A5,20.813828,29.034695
test,A5,20.968828,26.901695
test,A5,21.112803,27.132145
test,A5,21.184,29.095074
test,A5,21.128775,31.17223
test,A5,21.100025,29.442036
test,A5,21.10625,29.936516
test,A5,21.06875,30.201561
test,A5,21.00119,29.335522
test,A5,20.86244,29.658339
test,A5,20.725,29.982487
test,A5,20.623734,28.767258
test,A5,20.542482,31.0578
test,A5,20.5125,30.660618
test,A5,20.4025,31.112923
test,A5,20.26626,32.093994
test,A5,20.23251,33.085293
test,A5,20.19,33.087555
test,A5,20.11375,31.70375
test,A5,20.059992,27.751102
test,A5,20.051249,28.530905
test,A5,20.069996,29.396791
test,A5,20.06624,26.490685
test,A5,20.06,26.304728
test,A5,20.069977,28.162432
test,A5,20.01492,26.868692
test,A5,19.85993,28.008278
test,A5,19.743729,28.920597
test,A5,19.72749,30.001377
test,A5,19.784966,28.460491
test,A5,19.778715,26.6271
test,A5,19.695,25.979822
test,A5,19.604973,25.199656
test,A5,19.492472,26.107376
test,A5,19.412493,26.276897
test,A5,19.338676,28.67569
test,A5,19.172434,31.11694
test,A5,18.97575,30.276249
test,A5,18.8845,29.751247
test,A5,18.8375,27.332886
test,A5,18.889963,26.73817
test,A5,18.948713,26.351776
test,A5,19.046297,27.269024
test,A5,19.282635,28.553516
test,A5,19.547586,21.751122
test,A5,19.75875,24.136715
test,A5,19.812456,24.229197
test,A5,19.72493,26.795147
test,A5,19.60497,25.966932
test,A5,19.561253,22.955057
test,A5,19.560007,23.356218
test,A5,19.52119,26.705082
test,A5,19.46994,28.578697
test,A5,19.553728,27.078432
test,A5,19.582415,27.325024
test,A5,19.447437,23.545504
test,A5,19.452507,22.201948
test,A5,19.560007,26.449203
test,A5,19.698835,24.133446
test,A5,19.953836,24.504967
test,A5,20.211342,25.487152
test,A5,20.470121,22.52723
test,A5,20.67753,22.367989
test,A5,20.800056,21.678028
test,A5,20.983805,21.4137
test,A5,21.17,22.63182
test,A5,21.15375,22.47705
test,A5,21.178705,23.465319
test,A5,21.218704,25.004475
test,A5,21.036268,28.150646
test,A5,20.893768,26.248758
test,A5,20.858753,24.848368
test,A5,20.861252,20.757545
test,A5,20.95375,23.089071
test,A5,21.20625,25.91729
test,A5,21.270016,22.93197
test,A5,21.193752,19.60525
test,A5,21.256237,19.532486
test,A5,21.33125,23.4923
test,A5,21.367512,23.764387
test,A5,21.379753,21.691711
test,A5,21.39349,19.016155
test,A5,21.414942,21.904919
test,A5,21.461191,22.383482
test,A5,21.45125,23.635872
test,A5,21.40249,22.483702
test,A5,21.38124,24.35112
test,A5,21.378729,24.654182
test,A5,21.356243,22.226587
test,A5,21.356253,23.714422
test,A5,21.32874,22.645367
test,A5,21.135,18.18314
test,A5,21.16,16.298185
test,A5,21.322504,24.712234
test,A5,21.328815,25.4425
test,A5,21.37631,21.907522
test,A5,21.390007,21.18098
test,A5,21.368738,21.749367
test,A5,21.351254,20.883772
test,A5,21.356253,20.63414
test,A5,21.363674,20.313854
test,A5,21.394932,25.095879
test,A5,21.472486,22.231377
test,A5,21.519936,17.23116
test,A5,21.48495,18.67234
test,A5,21.435043,21.292133
test,A5,21.475027,23.900204
test,A5,21.48875,22.666819
test,A5,21.43625,22.621582
test,A5,21.42622,23.701393
test,A5,21.40744,19.232634
test,A5,21.351326,16.327847
test,A5,21.40384,21.944115
test,A5,21.452484,24.393747
test,A5,21.428745,25.052605
test,A5,21.423744,24.154724
test,A5,21.411215,24.266861
test,A5,21.383715,26.201237
test,A5,21.389996,25.443966
test,A5,21.425,24.356867
test,A5,21.448755,25.544024
test,A5,21.46125,24.340603
test,A5,21.41,22.023125
test,A5,21.39875,19.672104
test,A5,21.45622,24.869469
test,A5,21.456228,22.9164
test,A5,21.450008,25.256317
test,A5,21.465,24.957397
test,A5,21.46375,21.324965
test,A5,21.46,20.388018
test,A5,21.473778,25.0815
test,A5,21.561344,25.34705
test,A5,21.693737,21.990711
test,A5,21.721003,12.516385
test,A5,21.951082,17.894653
test,A5,22.22875,20.458445
test,A5,22.216166,9.478915
test,A5,22.112392,11.634509
test,A5,22.001217,25.502823
test,A5,21.96247,25.103325
test,A5,21.96998,23.433567
test,A5,21.963745,20.505608
test,A5,21.921246,23.295746
test,A5,21.826248,22.047312
test,A5,21.748747,25.897661
test,A5,21.68993,26.201778
test,A5,21.527414,25.716465
test,A5,21.381235,25.11827
test,A5,21.2975,22.85854
test,A5,21.17625,23.582367
test,A5,21.02247,25.120913
test,A5,20.881191,23.503265
test,A5,20.773722,21.423567
test,A5,20.67875,24.207294
test,A5,20.54121,24.622217
test,A5,20.359959,24.430641
test,A5,20.186262,26.266811
test,A5,20.088762,22.851772
test,A5,19.96125,22.25138
test,A5,19.78372,22.543266
test,A5,19.66996,20.569014
test,A5,19.59497,21.73639
test,A5,19.52241,22.693129
test,A5,19.41618,23.102148
test,A5,19.331234,23.564459
test,A5,19.291252,25.663136
test,A5,19.31003,25.189812
test,A5,19.396402,24.884214
test,A5,19.57514,23.41759
test,A5,19.785051,17.010565
test,A5,19.9638,12.606549
test,A5,20.13,18.560585
test,A5,20.2763,20.960672
test,A5,20.442585,15.021298
test,A5,20.592556,15.304082
test,A5,20.696333,15.523021
test,A5,20.837563,21.971582
test,A5,20.940008,23.21939
test,A5,20.97504,19.938124
test,A5,21.058783,21.926184
test,A5,21.131226,20.503504
test,A5,21.147474,20.27538
test,A5,21.187468,24.339714
test,A5,21.172468,22.88825
test,A5,21.0925,24.239456
test,A5,21.046246,26.881962
test,A5,21.01624,23.652197
test,A5,21.00751,22.192749
test,A5,21.03124,19.637943
test,A5,21.108757,25.821507
test,A5,21.207525,24.041958
test,A5,21.237494,21.751541
test,A5,21.215015,20.167755
test,A5,21.22504,23.82281
test,A5,21.263775,23.001495
test,A5,21.276217,13.861002
test,A5,21.261387,22.234491
test,A5,21.378904,20.623257
test,A5,21.484997,15.461032
test,A5,21.455025,22.693539
test,A5,21.456263,21.302753
test,A5,21.46125,19.360817
test,A5,21.47125,24.929165
test,A5,21.497484,23.181816
test,A5,21.537504,21.429886
test,A5,21.582485,20.257374
test,A5,21.542465,23.845795
test,A5,21.47998,18.311573
test,A5,21.428707,22.671982
test,A5,21.347477,22.396488
test,A5,21.27375,24.337418
test,A5,21.1875,26.877403
test,A5,21.11875,23.157223
test,A5,21.135,22.073214
test,A5,21.21376,18.15371
test,A5,21.28499,16.736374
test,A5,21.353758,14.044341
test,A5,21.436277,16.186935
test,A5,21.45875,7.495077
test,A5,21.422525,11.951999
test,A5,21.417524,20.410671
test,A5,21.42374,16.370903
test,A5,21.42374,18.320683
test,A5,21.45,21.350939
test,A5,21.527462,17.59629
test,A5,21.661247,17.721554
test,A5,21.803785,10.6059065
test,A5,21.930017,17.909563
test,A5,22.022518,8.203611
test,A5,22.086254,12.502175
test,A5,22.118748,20.144691
test,A5,22.124992,8.944903
test,A5,22.1725,12.923205
test,A5,22.22125,8.151685
test,A5,22.2,11.401687
test,A5,22.171265,13.086057
test,A5,22.168764,7.389103
test,A5,22.14501,13.520835
test,A5,22.133757,15.906806
test,A5,22.13999,9.196809
test,A5,22.121243,9.78938
test,A5,22.103737,15.382182
test,A5,22.079987,17.744972
test,A5,22.06,19.348679
test,A5,22.03875,12.754436
test,A5,22.01125,11.990827
test,A5,21.949947,14.858401
test,A5,21.816193,8.502337
test,A5,21.713717,11.122062
test,A5,21.633722,18.401388
test,A5,21.51005,9.548046
test,A5,21.382498,13.828232
test,A5,21.2412,15.745139
test,A5,21.149996,13.76785
test,A5,21.127495,6.6696396
test,A5,21.092487,7.0187473
test,A5,21.038738,6.4036136
test,A5,20.98502,7.812779
test,A5,20.968782,10.929363
test,A5,20.944984,16.667881
test,A5,20.871222,8.208953
test,A5,20.862566,7.0474224
test,A5,20.97503,6.570693
test,A5,21.026215,5.8455825
test,A5,21.092594,5.985529
test,A5,21.280138,7.3843727
test,A5,21.437544,7.091579
test,A5,21.51623,7.666359
test,A5,21.58873,5.678981
test,A5,21.748781,5.10351
test,A5,21.91253,14.25762
test,A5,22.0425,25.457888
test,A5,22.161263,23.710636
test,A5,22.236252,16.421318
test,A5,22.271233,6.5241046
test,A5,22.269993,5.871129
test,A5,22.255,5.653508
test,A5,22.254997,5.4374056
test,A5,22.253748,5.24596
test,A5,22.23998,7.2459106
test,A5,22.18495,10.037048
test,A5,22.153837,10.188499
test,A5,22.326332,6.299075
test,A5,22.442505,6.4502487
test,A5,22.43004,6.5766783
test,A5,22.457495,7.400277
test,A5,22.448748,5.494869
test,A5,22.445,10.928238
test,A5,22.424997,7.897609
test,A5,22.35625,6.2435856
test,A5,22.33499,6.5607214
test,A5,22.352505,5.2065234
test,A5,22.356266,7.1897755
test,A5,22.321224,6.2012253
test,A5,22.237474,5.936282
test,A5,22.208767,7.008136
test,A5,22.260017,6.3762493
test,A5,22.309835,7.92221
test,A5,22.173586,7.715966
test,A5,21.97,6.559493
test,A5,21.863447,6.3674498
test,A5,21.800953,7.3664637
test,A5,21.767506,10.279946
test,A5,21.725,7.497242
test,A5,21.7375,14.956887
test,A5,21.901367,14.9285
test,A5,22.286533,5.7925696
test,A5,22.880167,7.7432737
test,A5,23.59375,15.054084
test,A5,24.40625,5.3362923
test,A5,25.11504,5.9181833
test,A5,25.46507,6.9691706
test,A5,25.592531,10.456868
test,A5,25.676285,8.757023
test,A5,25.743805,10.73985
test,A5,25.81377,8.981273
test,A5,25.87375,7.579571
test,A5,25.945,6.249698
test,A5,25.998768,9.604119
test,A5,26.040018,6.830573
test,A5,26.09625,5.9247456
test,A5,26.143768,7.70694
test,A5,26.181242,8.516973
test,A5,26.146225,13.141524
test,A5,26.056234,11.615813
test,A5,25.98621,10.978599
test,A5,25.942482,14.882541
test,A5,25.935,19.342197
test,A5,25.92999,18.703217
test,A5,25.913748,13.427281
test,A5,25.89745,9.98165
test,A5,25.851215,7.85547
test,A5,25.83127,7.9702644
test,A5,25.836254,14.679227
test,A5,25.78375,16.333204
test,A5,25.762486,10.070474
test,A5,25.80499,8.171843
test,A5,25.820005,9.833241
test,A5,25.823753,13.32927
test,A5,25.837502,12.455416
test,A5,25.852526,8.99074
test,A5,25.890024,8.302745
test,A5,25.94125,9.432372
test,A5,25.965,11.165498
test,A5,25.96125,9.498385
test,A5,25.88877,6.332051
test,A5,25.82877,7.272081
test,A5,25.74875,10.589425
test,A5,25.600029,9.203177
test,A5,25.58378,5.7376394
test,A5,25.59375,7.912504
test,A5,25.44625,18.602982
test,A5,25.228683,7.094092
test,A5,25.007435,7.662342
test,A5,24.804949,7.3306007
test,A5,24.644949,9.5567465
test,A5,24.561232,12.839927
test,A5,24.489908,12.093597
test,A5,24.322433,7.6147366
test,A5,24.221243,6.913544
test,A5,24.208748,16.304934
test,A5,24.206253,13.182048
test,A5,24.19874,9.983705
test,A5,24.1675,8.62693
test,A5,24.192535,9.798614
test,A5,24.267534,10.321393
test,A5,24.36,7.314003
test,A5,24.463715,5.2489204
test,A5,24.569965,5.550217
test,A5,24.610046,8.540971
test,A5,24.533796,10.423183
test,A5,24.532581,15.360822
test,A5,24.702526,7.498661
test,A5,24.767433,6.091335
test,A5,24.699987,5.267617
test,A5,24.667488,6.2175684
test,A5,24.647505,18.077503
test,A5,24.666267,7.810501
test,A5,24.693733,6.1681857
test,A5,24.658764,6.950506
test,A5,24.602531,20.865738
test,A5,24.558706,11.651811
test,A5,24.454958,7.887143
test,A5,24.33128,6.307507
test,A5,24.339544,6.5382853
test,A5,24.419525,7.949833
test,A5,24.478788,6.0733624
test,A5,24.538778,8.023818
test,A5,24.52375,15.977451
test,A5,24.431255,15.764941
test,A5,24.391254,5.964654
test,A5,24.395002,6.3902473
test,A5,24.402502,11.674333
test,A5,24.428745,15.683295
test,A5,24.421278,7.5281878
test,A5,24.346277,6.602375
test,A5,24.294994,5.2423835
test,A5,24.305,5.744775
test,A5,24.26244,5.73467
test,A5,24.192274,7.210087
test,A5,24.247313,10.980586
test,A5,24.28248,5.910151
test,A5,24.23747,6.8935046
test,A5,24.257505,12.383512
test,A5,24.132338,9.452506
test,A5,23.763552,7.426929
test,A5,23.84,6.1409893
test,A5,24.2925,5.387231
test,A5,24.59375,6.556022
test,A5,24.856298,6.8073406
test,A5,25.03757,5.4412327
test,A5,25.07254,5.376172
test,A5,25.076267,9.469301
test,A5,25.0121,10.812198
test,A5,24.541943,6.393325
test,A5,23.886282,8.161129
test,A5,23.41007,7.250026
test,A5,23.003632,7.860943
test,A5,22.613916,12.471578
test,A5,22.167665,8.916005
test,A5,21.81125,6.4729867
test,A5,21.546297,8.340183
test,A5,21.283762,14.814481
test,A5,21.101215,7.993016
test,A5,20.904959,8.090054
test,A5,20.854958,9.737796
test,A5,20.857533,6.2569637
test,A5,20.765043,5.993465
test,A5,20.736263,5.4409523
test,A5,20.7425,5.2798185
test,A5,20.7825,5.6831436
test,A5,20.92875,5.1386266
test,A5,21.111275,5.639463
test,A5,21.228783,6.445899
test,A5,21.228712,7.179346
test,A5,21.096144,8.120875
test,A5,20.874939,13.071883
test,A5,20.64629,15.75806
test,A5,20.44254,7.524817
test,A5,20.19875,5.0920973
test,A5,19.917433,7.7301636
test,A5,19.647366,9.820709
test,A5,19.386133,12.071862
test,A5,19.14228,6.7256083
test,A5,18.85725,5.3959637
test,A5,18.538671,7.2774706
test,A5,18.252419,11.191522
test,A5,17.96486,13.361179
test,A5,17.706152,13.047311
test,A5,17.52994,12.103716
test,A5,17.418776,7.155369
test,A5,17.338528,7.869295
test,A5,17.258482,12.817254
test,A5,17.16,17.157475
test,A5,17.02875,9.994284
test,A5,16.936205,7.278841
test,A5,16.736204,6.3130817
test,A5,15.88125,14.195495
test,A5,14.339656,25.363115
test,A5,12.799656,23.898941
test,A5,11.539735,26.687199
test,A5,10.402895,27.929173
test,A5,9.226536,23.951443
test,A5,7.8517375,23.204132
test,A5,6.538338,28.548141
test,A5,6.12396,29.02393
test,A5,6.806483,25.719995
test,A5,8.026558,23.036638
test,A5,9.294058,6.925877
test,A5,10.302634,7.4535904
test,A5,10.961445,7.778653
test,A5,11.311311,5.9213753
test,A5,11.575195,9.112219
test,A5,11.8677025,5.870136
test,A5,12.023747,6.1637974
test,A5,12.00998,5.4773016
test,A5,11.96997,6.4358416
test,A5,11.95502,7.605333
test,A5,11.9411335,8.672879
test,A5,11.651094,11.814658
test,A5,11.2475,9.66546
test,A5,11.1439705,8.110269
test,A5,11.520221,6.7196016
test,A5,12.02923,5.9744043
test,A5,12.61048,18.586452
test,A5,13.1975,16.6052
test,A5,13.282411,25.541042
test,A5,13.033661,18.056484
test,A5,12.767488,9.663901
test,A5,12.601142,9.264227
test,A5,12.566849,6.8002577
test,A5,13.224657,6.955758
test,A5,14.20905,5.7095184
test,A5,14.742588,5.7114296
test,A5,15.156033,10.146822
test,A5,15.738576,10.66182
test,A5,16.131292,7.2269535
test,A5,16.18875,11.934141
test,A5,16.373781,11.425971
test,A5,16.622585,7.2466106
test,A5,16.847414,5.6694264
test,A5,17.316109,5.767646
test,A5,17.82,6.9139605
test,A5,17.615002,7.300531
test,A5,17.270002,7.5296125
test,A5,17.4675,5.012484
test,A5,17.64875,10.140412
test,A5,17.64007,9.384944
test,A5,17.703821,6.6155176
test,A5,17.82125,5.5103617
test,A5,17.884995,5.704452
test,A5,17.939995,6.383909
test,A5,17.97749,5.5991116
test,A5,18.00474,6.691056
test,A5,18.041027,5.018443
test,A5,18.001196,5.9436855
test,A5,17.81242,7.756744
test,A5,17.768698,7.9987583
test,A5,17.931158,6.9570556
test,A5,18.112505,6.344019
test,A5,18.326296,6.0798655
test,A5,18.69975,6.2164083
test,A5,19.2685,6.084198
test,A5,19.37367,6.275736
test,A5,18.18742,6.4606366
test,A5,17.2225,6.7181263
test,A5,17.015295,5.1914396
test,A5,16.98289,7.679245
test,A5,17.100418,6.70659
test,A5,17.300299,6.452951
test,A5,17.714973,14.324889
test,A5,18.122301,12.691331
test,A5,18.191282,5.501892
test,A5,18.283842,5.4489236
test,A5,18.34987,5.679206
test,A5,18.113573,7.1237836
test,A5,17.89606,7.466452
test,A5,17.564993,10.342156
test,A5,17.382435,5.1299276
test,A5,17.211103,4.9774785
test,A5,17.043274,7.178138
test,A5,17.234476,8.276038
test,A5,17.286114,8.829326
test,A5,17.18875,12.609605
test,A5,17.229992,11.864562
test,A5,17.194992,5.805991
test,A5,17.22625,8.7228
test,A5,17.138592,9.33619
test,A5,16.729616,15.95231
test,A5,16.223434,9.8170805
test,A5,15.842409,8.053977
test,A5,15.488574,11.427313
test,A5,14.977441,15.671668
test,A5,14.443802,10.509583
test,A5,14.083577,10.928885
test,A5,13.695043,9.11671
test,A5,13.139976,9.466214
test,A5,12.346074,19.911749
test,A5,11.0725,20.885157
test,A5,9.62375,18.287598
test,A5,8.33625,20.364649
test,A5,7.0525,25.468748
test,A5,6.0475,20.028233
test,A5,5.26625,13.13873
test,A5,4.82474,23.112734
test,A5,5.340692,14.269401
test,A5,6.4286723,6.992033
test,A5,7.36522,7.802169
test,A5,7.910065,6.797017
test,A5,8.1250725,5.5036488
test,A5,8.101084,4.6304245
test,A5,7.838731,7.576928
test,A5,7.887666,8.6500845
test,A5,8.240012,11.872218
test,A5,8.71125,7.3991218
test,A5,9.3652525,6.5097685
test,A5,10.119002,7.704425
test,A5,10.89125,7.321225
test,A5,11.64125,5.5345173
test,A5,12.506418,5.1698036
test,A5,13.336418,4.8532
test,A5,14.104898,5.1529036
test,A5,14.2848215,9.913693
test,A5,13.991173,7.308404
test,A5,13.952536,5.2233534
test,A5,14.118889,5.3426323
test,A5,14.350103,6.2171674
test,A5,14.415032,8.640288
test,A5,14.406282,8.851779
test,A5,14.492433,7.9272976
test,A5,14.622523,6.766157
test,A5,14.836266,5.4641967
test,A5,14.939528,5.104973
test,A5,14.993889,6.2401695
test,A5,14.616965,6.510912
test,A5,14.409057,6.493179
test,A5,14.460469,6.0171695
test,A5,14.456172,6.0940323
test,A5,14.681904,4.92383
test,A5,14.651075,5.067876
test,A5,15.146298,5.633237
test,A5,15.785263,4.351286
test,A5,15.777698,5.207086
test,A5,15.770172,5.098544
test,A5,16.13021,5.8116016
test,A5,16.432476,6.1874266
test,A5,16.331121,6.570195
test,A5,16.101173,6.524124
test,A5,15.927386,5.89283
test,A5,15.676091,6.1696014
test,A5,15.452524,5.157955
test,A5,15.461193,5.1331406
test,A5,15.299906,5.6662498
test,A5,14.970027,5.0692377
test,A5,14.496117,5.8958855
test,A5,14.016372,4.9863315
test,A5,14.241505,6.30299
test,A5,14.738262,8.973172
test,A5,13.635762,10.663013
test,A5,12.157495,6.23872
test,A5,11.939929,6.1803827
test,A5,12.111184,6.4776816
test,A5,12.509789,4.728579
test,A5,13.134898,4.4133267
test,A5,13.6776085,4.974581
test,A5,13.872498,6.323117
test,A5,13.909998,5.606724
test,A5,14.03,6.7069244
test,A5,14.3388,5.7977686
test,A5,14.5963,5.896104
test,A5,14.61125,5.181702
test,A5,14.6125,7.2957764
test,A5,14.6275,7.5397053
test,A5,14.548767,11.763346
test,A5,14.52001,17.30403
test,A5,14.526242,12.841617
test,A5,14.482525,9.252315
test,A5,14.398738,15.93916
test,A5,14.262416,18.522497
test,A5,14.067539,6.88101
test,A5,13.771235,14.43248
test,A5,13.407334,20.589851
test,A5,13.057436,20.0082
test,A5,12.592677,20.362999
test,A5,11.854825,15.870878
test,A5,10.693398,29.981813
test,A5,9.295225,31.136292
test,A5,8.221475,30.476038
test,A5,7.6275,28.032997
test,A5,7.362426,20.967451
test,A5,7.1486077,19.803526
test,A5,6.862432,16.202309
test,A5,6.548634,8.966872
test,A5,6.1259828,6.3474765
test,A5,5.622402,6.850666
test,A5,5.214904,5.3097506
test,A5,4.724851,4.9053164
test,A5,4.5128093,8.228147
test,A5,6.1116533,20.081661
test,A5,7.801344,26.590622
test,A5,8.250023,26.795721
test,A5,8.525058,25.183039
test,A5,8.517381,26.613523
test,A5,8.178596,28.148968
test,A5,7.7137575,23.905584
test,A5,7.4312577,24.392246
test,A5,6.901106,22.613949
test,A5,5.800172,17.745365
test,A5,3.6575007,26.543049
test,A5,2.016054,12.2965975
test,A5,2.0626187,8.12721
test,A5,2.562203,25.497028
test,A5,3.303508,25.711813
test,A5,3.83265,22.207829
test,A5,3.9726024,23.986618
test,A5,4.0212574,28.377731
test,A5,3.85875,29.089733
test,A5,3.622385,28.990616
test,A5,3.3847814,26.900726
test,A5,2.9626563,25.9815
test,A5,2.19401,24.658962
test,A5,1.3247722,25.43253
test,A5,0.5635223,18.31174
test,A5,0.09375,5.9324007
test,A5,0.0,4.948962
test,A5,0.0,4.86371
test,A5,0.0,4.4324613
test,A5,0.0,4.592831
test,A5,0.0,4.6872354
test,A5,0.0,4.601374
test,A5,0.0,4.7398205
test,A5,0.0,4.721788
test,A5,0.0,4.1854796
test,A5,0.0,4.798277
test,A5,0.0,4.444694
test,T2,0.0,15.82777
test,T2,0.0,10.527182
test,T2,0.0,16.539804
test,T2,0.0,10.795424
test,T2,0.0,13.228759
test,T2,0.0,13.701082
test,T2,0.0,10.4314
test,T2,0.0,21.57882
test,T2,0.0,24.123806
test,T2,0.0,25.186327
test,T2,0.0,23.856655
test,T2,0.0,9.229287
test,T2,0.0,12.712434
test,T2,0.0,15.929879
test,T2,0.0,15.224732
test,T2,0.0,13.698636
test,T2,0.0,9.298543
test,T2,0.0,7.0039
test,T2,0.0,6.3712244
test,T2,0.0,6.9111567
test,T2,0.0,12.332264
test,T2,0.0,18.522114
test,T2,0.0,20.809635
test,T2,0.0,17.107805
test,T2,0.0,8.257354
test,T2,0.0,9.346341
test,T2,0.0,11.975944
test,T2,0.0,11.068067
test,T2,0.0,11.447499
test,T2,0.0,11.615375
test,T2,0.0,10.580315
test,T2,0.0,15.884317
test,T2,0.0,24.43457
test,T2,0.0,24.539743
test,T2,0.0,24.375523
test,T2,0.0,23.524277
test,T2,0.0,21.279022
test,T2,0.0,20.351349
test,T2,0.0,22.174992
test,T2,0.0,22.22182
test,T2,0.0,25.729095
test,T2,0.0,26.278713
test,T2,0.0,24.886333
test,T2,0.0,21.862577
test,T2,0.0,21.854347
test,T2,0.0,24.612614
test,T2,0.0,18.450464
test,T2,0.0,15.894373
test,T2,0.0,19.687052
test,T2,0.0,16.549522
test,T2,0.496755,14.465168
test,T2,1.741755,14.318444
test,T2,2.49,23.516977
test,T2,2.49,26.339352
test,T2,2.49,26.474766
test,T2,2.49,27.447777
test,T2,2.49,22.643906
test,T2,2.49,23.526829
test,T2,2.49,25.416664
test,T2,3.28,25.95214
test,T2,5.255,20.621128
test,T2,6.44,24.571856
test,T2,6.44,26.667149
test,T2,6.44,24.838078
test,T2,6.44,22.830378
test,T2,6.44,23.05486
test,T2,6.44,22.537216
test,T2,6.44,23.40625
test,T2,6.441995,21.73235
test,T2,6.4469953,15.373775
test,T2,6.45,16.272793
test,T2,6.45,21.03964
test,T2,6.45,23.34128
test,T2,6.45,24.722206
test,T2,6.45,24.556356
test,T2,6.45,22.374552
test,T2,6.45,24.560572
test,T2,7.02855,22.721878
test,T2,8.47855,21.321594
test,T2,9.35,22.348948
test,T2,9.35,20.767529
test,T2,9.35,22.444796
test,T2,9.35,23.002995
test,T2,9.35,22.373253
test,T2,9.35,13.705974
test,T2,9.35,11.0127125
test,T2,7.484675,14.509828
test,T2,2.809675,13.423789
test,T2,0.0,22.454704
test,T2,0.0,21.12484
test,T2,0.0,17.005085
test,T2,0.0,25.820694
test,T2,0.0,17.026688
test,T2,0.0,24.344166
test,T2,0.0,25.95225
test,T2,1.55,23.642307
test,T2,5.425,24.940594
test,T2,7.75,16.786722
test,T2,7.75,21.509071
test,T2,7.75,24.314316
test,T2,7.75,19.506811
test,T2,7.75,22.96409
test,T2,7.75,21.349731
test,T2,7.75,24.373507
test,T2,6.97,18.215456
test,T2,5.02,18.766857
test,T2,3.85,22.30573
test,T2,3.85,21.394325
test,T2,3.85,20.574558
test,T2,3.85,23.633003
test,T2,3.85,8.646405
test,T2,3.85,25.167767
test,T2,3.85,24.88377
test,T2,4.07,20.575994
test,T2,4.62,14.355788
test,T2,4.95,12.888173
test,T2,4.95,14.291673
test,T2,4.95,15.309924
test,T2,4.95,21.257769
test,T2,4.95,24.796692
test,T2,4.95,24.529947
test,T2,4.95,26.05299
test,T2,6.026,25.572216
test,T2,8.716,25.340065
test,T2,10.33,25.443216
test,T2,10.33,21.01012
test,T2,10.33,22.489574
test,T2,10.33,26.483997
test,T2,10.33,23.556278
test,T2,10.33,25.276466
test,T2,10.33,24.952597
test,T2,10.62,24.304361
test,T2,11.345,21.996819
test,T2,11.78,25.25021
test,T2,11.78,26.438148
test,T2,11.78,26.730179
test,T2,11.78,25.220743
test,T2,11.78,23.295937
test,T2,11.78,23.14063
test,T2,11.78,24.49699
test,T2,11.146,23.003065
test,T2,9.561,22.978584
test,T2,8.61,22.880192
test,T2,8.61,25.41011
test,T2,8.61,24.257847
test,T2,8.61,23.868923
test,T2,8.61,23.406574
test,T2,8.61,23.502895
test,T2,8.61,24.13712
test,T2,8.46,20.546124
test,T2,8.085,21.774162
test,T2,7.86,20.821781
test,T2,7.86,16.333216
test,T2,7.86,22.888645
test,T2,7.86,24.71946
test,T2,7.86,25.243793
test,T2,7.86,25.071707
test,T2,7.86,24.110548
test,T2,8.037555,21.528873
test,T2,8.482555,22.843313
test,T2,8.75,23.909115
test,T2,8.75,20.131182
test,T2,8.75,23.049053
test,T2,8.75,16.443794
test,T2,8.75,9.768674
test,T2,8.75,23.49639
test,T2,8.75,20.474516
test,T2,8.634287,11.278459
test,T2,8.344287,21.786476
test,T2,8.17,23.978071
test,T2,8.17,22.423737
test,T2,8.17,25.539816
test,T2,8.17,18.234741
test,T2,8.17,23.312782
test,T2,8.17,25.283327
test,T2,8.17,23.131706
test,T2,8.614896,23.637367
test,T2,9.729896,23.530281
test,T2,10.4,24.586212
test,T2,10.4,25.882439
test,T2,10.4,25.573841
test,T2,10.4,24.29647
test,T2,10.4,25.683983
test,T2,10.4,24.961126
test,T2,10.4,25.61565
test,T2,10.186,25.298271
test,T2,9.651,22.040318
test,T2,9.33,20.326153
test,T2,9.33,25.730648
test,T2,9.33,22.91846
test,T2,9.33,7.9654202
test,T2,9.33,22.880758
test,T2,9.33,25.298763
test,T2,9.33,24.867188
test,T2,9.84,26.409698
test,T2,11.115,25.302013
test,T2,11.88,25.256212
test,T2,11.88,24.820518
test,T2,11.88,26.513924
test,T2,11.88,20.661491
test,T2,11.88,19.41634
test,T2,11.88,24.8825
test,T2,11.88,25.105036
test,T2,12.28698,25.86103
test,T2,13.30698,24.983398
test,T2,13.92,25.166393
test,T2,13.92,25.260159
test,T2,13.92,26.29449
test,T2,13.92,24.695705
test,T2,13.92,24.14487
test,T2,13.92,23.006632
test,T2,13.92,18.659302
test,T2,12.452,16.298645
test,T2,8.782,19.367134
test,T2,6.58,14.932063
test,T2,6.58,20.382145
test,T2,6.58,10.006077
test,T2,6.58,7.264554
test,T2,6.58,10.214369
test,T2,6.58,18.070848
test,T2,6.58,16.317766
test,T2,7.32,19.442142
test,T2,9.17,24.27618
test,T2,10.28,26.012375
test,T2,10.28,24.676367
test,T2,10.28,25.577194
test,T2,10.28,23.649853
test,T2,10.28,23.226734
test,T2,10.28,22.767344
test,T2,10.28,23.585863
test,T2,11.312,19.562096
test,T2,13.892,22.134731
test,T2,15.44,24.49059
test,T2,15.44,24.651464
test,T2,15.44,17.542202
test,T2,15.44,19.329971
test,T2,15.44,19.741905
test,T2,15.44,22.87129
test,T2,15.44,19.402689
test,T2,13.419015,23.260124
test,T2,8.354014,6.938965
test,T2,5.31,17.144596
test,T2,5.31,24.072144
test,T2,5.31,23.286674
test,T2,5.31,24.761099
test,T2,5.31,24.282318
test,T2,5.31,18.25084
test,T2,5.31,23.716066
test,T2,7.045693,26.263447
test,T2,11.395693,25.728682
test,T2,14.01,26.420494
test,T2,14.01,25.688257
test,T2,14.01,25.061657
test,T2,14.01,25.940575
test,T2,14.01,25.623377
test,T2,14.01,24.897943
test,T2,14.01,25.703232
test,T2,14.357139,21.85092
test,T2,15.2271385,18.3757
test,T2,15.75,20.020054
test,T2,15.75,26.712835
test,T2,15.75,25.778244
test,T2,15.75,26.353916
test,T2,15.75,25.865557
test,T2,15.75,24.51091
test,T2,15.75,20.29102
test,T2,15.045765,17.240711
test,T2,13.280765,14.543852
test,T2,12.22,12.714122
test,T2,12.22,11.431347
test,T2,12.22,10.533624
test,T2,12.22,22.214947
test,T2,12.22,22.112383
test,T2,12.22,19.350037
test,T2,12.22,21.58662
test,T2,11.92474,20.42287
test,T2,11.18474,23.579983
test,T2,10.74,22.875687
test,T2,10.74,23.582106
test,T2,10.74,24.583958
test,T2,10.74,27.717487
test,T2,10.74,25.549934
test,T2,10.74,24.28135
test,T2,10.74,26.241655
test,T2,10.73202,20.456654
test,T2,10.71202,13.190677
test,T2,10.7,17.664055
test,T2,10.7,21.078117
test,T2,10.7,11.490678
test,T2,10.7,17.765396
test,T2,10.7,21.876734
test,T2,10.7,11.687372
test,T2,10.7,21.832369
test,T2,8.565297,24.259651
test,T2,3.215297,23.203115
test,T2,0.0,26.041428
test,T2,0.0,19.42982
test,T2,0.0,21.606104
test,T2,0.0,22.335556
test,T2,0.0,20.864817
test,T2,0.0,24.328285
test,T2,0.0,23.070477
test,T2,1.921185,19.147959
test,T2,6.736185,20.910646
test,T2,9.63,17.694178
test,T2,9.63,8.060631
test,T2,9.63,10.222751
test,T2,9.63,13.94046
test,T2,9.63,13.445924
test,T2,9.63,9.490396
test,T2,9.63,20.843807
test,T2,10.19259,25.041023
test,T2,11.60259,23.723263
test,T2,12.45,22.287548
test,T2,12.45,23.812908
test,T2,12.45,25.026878
test,T2,12.45,22.354658
test,T2,12.45,26.020031
test,T2,12.45,19.295027
test,T2,12.45,21.392057
test,T2,13.304,21.824436
test,T2,15.439,22.562576
test,T2,16.72,25.233997
test,T2,16.72,24.739443
test,T2,16.72,24.701166
test,T2,16.72,23.238323
test,T2,16.72,23.163422
test,T2,16.72,22.669113
test,T2,16.72,17.713648
test,T2,15.97387,13.239414
test,T2,14.10387,11.348934
test,T2,12.98,13.836713
test,T2,12.98,20.614101
test,T2,12.98,24.812366
test,T2,12.98,23.645523
test,T2,12.98,19.42067
test,T2,12.98,18.004082
test,T2,12.98,16.641445
test,T2,11.044,14.740369
test,T2,6.204,18.235
test,T2,3.3,18.840519
test,T2,3.3,10.100271
test,T2,3.3,19.717648
test,T2,3.3,21.637794
test,T2,3.3,16.923832
test,T2,3.3,20.478245
test,T2,3.3,26.476784
test,T2,5.37879,22.789022
test,T2,10.58879,16.077797
test,T2,13.72,20.713905
test,T2,13.72,19.935986
test,T2,13.72,23.320946
test,T2,13.72,23.72799
test,T2,13.72,23.593151
test,T2,13.72,16.555387
test,T2,13.72,16.16922
test,T2,13.634,21.516937
test,T2,13.419,26.325718
test,T2,13.29,24.431767
test,T2,13.29,22.138674
test,T2,13.29,25.218801
test,T2,13.29,25.648188
test,T2,13.29,21.747978
test,T2,13.29,17.020535
test,T2,13.29,17.798359
test,T2,12.024,23.010778
test,T2,8.859,21.457384
test,T2,6.96,16.69946
test,T2,6.96,16.221651
test,T2,6.96,15.814109
test,T2,6.96,20.692606
test,T2,6.96,26.205208
test,T2,6.96,25.183058
test,T2,6.96,25.379274
test,T2,7.532565,25.85357
test,T2,8.967565,23.000809
test,T2,9.83,23.130533
test,T2,9.83,21.99939
test,T2,9.83,22.421349
test,T2,9.83,23.76074
test,T2,9.83,25.374617
test,T2,9.83,24.425743
test,T2,9.83,20.210148
test,T2,9.403059,13.483815
test,T2,8.333059,21.155502
test,T2,7.69,24.366571
test,T2,7.69,23.061403
test,T2,7.69,22.834818
test,T2,7.69,17.890024
test,T2,7.69,20.068848
test,T2,7.69,15.4748335
test,T2,7.69,23.157913
test,T2,8.81,20.886845
test,T2,11.61,14.471169
test,T2,13.29,20.913107
test,T2,13.29,19.838333
test,T2,13.29,22.920773
test,T2,13.29,21.932726
test,T2,13.29,24.00648
test,T2,13.29,22.577888
test,T2,13.29,25.419125
test,T2,14.040138,26.32313
test,T2,15.920138,25.335464
test,T2,17.05,25.296816
test,T2,17.05,24.607155
test,T2,17.05,26.461653
test,T2,17.05,25.716656
test,T2,17.05,24.88818
test,T2,17.05,25.507545
test,T2,17.05,25.200226
test,T2,17.186,25.825333
test,T2,17.526,26.449139
test,T2,17.73,26.566303
test,T2,17.73,25.17667
test,T2,17.73,25.923416
test,T2,17.73,23.741148
test,T2,17.73,21.689728
test,T2,17.73,24.358501
test,T2,17.73,25.56261
test,T2,17.012,27.246895
test,T2,15.217,26.507442
test,T2,14.14,24.307384
test,T2,14.14,25.069866
test,T2,14.14,25.177341
test,T2,14.14,25.317257
test,T2,14.14,23.79159
test,T2,14.14,23.71113
test,T2,14.14,25.108822
test,T2,12.494,18.799961
test,T2,8.379,14.713599
test,T2,5.91,17.035583
test,T2,5.91,9.811083
test,T2,5.91,8.85062
test,T2,5.91,9.831675
test,T2,5.91,10.676693
test,T2,5.91,18.40967
test,T2,5.91,15.622931
test,T2,6.884,11.988346
test,T2,9.319,23.203873
test,T2,10.78,25.648548
test,T2,10.78,21.935997
test,T2,10.78,25.2807
test,T2,10.78,25.432041
test,T2,10.78,23.495365
test,T2,10.78,17.815674
test,T2,10.78,23.917173
test,T2,11.848,23.633951
test,T2,14.518,23.746813
test,T2,16.12,25.724041
test,T2,16.12,25.848629
test,T2,16.12,25.720085
test,T2,16.12,25.694832
test,T2,16.12,26.151718
test,T2,16.12,25.497726
test,T2,16.12,24.297798
test,T2,16.318,23.603334
test,T2,16.813,25.205914
test,T2,17.11,26.480068
test,T2,17.11,25.069918
test,T2,17.11,24.712776
test,T2,17.11,26.420118
test,T2,17.11,25.871742
test,T2,17.11,25.027687
test,T2,17.11,23.388432
test,T2,16.986307,24.328709
test,T2,16.676308,25.192568
test,T2,16.49,24.681648
test,T2,16.49,25.92474
test,T2,16.49,26.03769
test,T2,16.49,20.947868
test,T2,16.49,17.170614
test,T2,16.49,22.910095
test,T2,16.49,22.039417
test,T2,14.644579,25.29631
test,T2,10.019579,24.575361
test,T2,7.24,22.170872
test,T2,7.24,20.424625
test,T2,7.24,13.7656145
test,T2,7.24,12.44587
test,T2,7.24,9.139449
test,T2,7.24,9.846673
test,T2,7.24,8.367879
test,T2,7.882,10.01135
test,T2,9.487,16.344336
test,T2,10.45,18.880219
test,T2,10.45,18.881325
test,T2,10.45,16.13443
test,T2,10.45,20.830183
test,T2,10.45,23.580637
test,T2,10.45,21.537437
test,T2,10.45,19.131868
test,T2,11.884405,25.77126
test,T2,15.479405,25.383217
test,T2,17.64,20.928963
test,T2,17.64,25.438728
test,T2,17.64,26.855919
test,T2,17.64,26.405148
test,T2,17.64,23.277006
test,T2,17.64,25.028408
test,T2,17.64,25.533558
test,T2,18.348,23.170198
test,T2,20.118,23.311104
test,T2,21.18,25.728554
test,T2,21.18,25.423
test,T2,21.18,25.752989
test,T2,21.18,25.449621
test,T2,21.18,25.57142
test,T2,21.18,25.656319
test,T2,21.18,24.31596
test,T2,21.296,23.66307
test,T2,21.586,23.895874
test,T2,21.76,26.109158
test,T2,21.76,22.721272
test,T2,21.76,25.129581
test,T2,21.76,25.201958
test,T2,21.76,26.269756
test,T2,21.76,25.230421
test,T2,21.76,26.525295
test,T2,21.25,26.479816
test,T2,19.975,20.32123
test,T2,19.21,22.61398
test,T2,19.21,23.374603
test,T2,19.21,25.12017
test,T2,19.21,24.143541
test,T2,19.21,25.57545
test,T2,19.21,24.520374
test,T2,19.21,24.794407
test,T2,19.102268,26.012897
test,T2,18.832268,26.140453
test,T2,18.67,26.98572
test,T2,18.67,25.846931
test,T2,18.67,26.100908
test,T2,18.67,25.618069
test,T2,18.67,26.078117
test,T2,18.67,26.044144
test,T2,18.67,25.618214
test,T2,18.568,23.200777
test,T2,18.313,23.364761
test,T2,18.16,25.931854
test,T2,18.16,25.700636
test,T2,18.16,26.819706
test,T2,18.16,24.46533
test,T2,18.16,25.682613
test,T2,18.16,25.963964
test,T2,18.16,24.231813
test,T2,18.704636,26.068115
test,T2,20.069635,25.247536
test,T2,20.89,24.6988
test,T2,20.89,25.174229
test,T2,20.89,25.244385
test,T2,20.89,25.698103
test,T2,20.89,25.557346
test,T2,20.89,24.498787
test,T2,20.89,26.043694
test,T2,20.76232,26.748749
test,T2,20.44232,26.316874
test,T2,20.25,27.304949
test,T2,20.25,26.729424
test,T2,20.25,27.227463
test,T2,20.25,27.17517
test,T2,20.25,25.816566
test,T2,20.25,25.886446
test,T2,20.25,26.719093
test,T2,20.614,26.073353
test,T2,21.524,26.3836
test,T2,22.07,26.840508
test,T2,22.07,26.99656
test,T2,22.07,26.979965
test,T2,22.07,25.78965
test,T2,22.07,25.892353
test,T2,22.07,26.280075
test,T2,22.07,24.032303
test,T2,22.060024,25.52032
test,T2,22.035025,25.58319
test,T2,22.02,25.77182
test,T2,22.02,25.60957
test,T2,22.02,27.425304
test,T2,22.02,27.534176
test,T2,22.02,25.63346
test,T2,22.02,25.156841
test,T2,22.02,25.757477
test,T2,22.452,26.97836
test,T2,23.532,25.595348
test,T2,24.18,26.314285
test,T2,24.18,26.521606
test,T2,24.18,27.178925
test,T2,24.18,27.24693
test,T2,24.18,26.31678
test,T2,24.18,22.128098
test,T2,24.18,24.257391
test,T2,24.38,25.474384
test,T2,24.63,26.919115
test,T2,24.68,23.578392
test,T2,24.68,23.163103
test,T2,24.68,25.370289
test,T2,24.68,25.301176
test,T2,24.68,25.38212
test,T2,24.68,25.101067
test,T2,24.12737,26.00452
test,T2,22.74237,25.829773
test,T2,21.91,26.974407
test,T2,21.91,26.358543
test,T2,21.91,24.50834
test,T2,21.91,24.610748
test,T2,21.91,25.651009
test,T2,21.91,26.281662
test,T2,21.91,25.170513
test,T2,22.083569,25.430841
test,T2,22.51857,24.357939
test,T2,22.78,24.018135
test,T2,22.78,25.899845
test,T2,22.78,25.978027
test,T2,22.78,27.296133
test,T2,22.78,25.940872
test,T2,22.78,24.721489
test,T2,22.78,25.428247
test,T2,22.736,26.231543
test,T2,22.626,26.234028
test,T2,22.56,23.840467
test,T2,22.56,22.37933
test,T2,22.56,24.526772
test,T2,22.56,26.576962
test,T2,22.56,26.991081
test,T2,22.56,24.58244
test,T2,22.56,22.50124
test,T2,22.394415,25.30492
test,T2,21.979416,24.217306
test,T2,21.73,24.932274
test,T2,21.73,24.906
test,T2,21.73,25.36755
test,T2,21.73,26.32766
test,T2,21.73,26.152004
test,T2,21.73,27.152893
test,T2,21.73,27.284332
test,T2,22.039232,26.42155
test,T2,22.814232,24.193256
test,T2,23.28,26.952991
test,T2,23.28,26.59278
test,T2,23.28,24.463268
test,T2,23.28,25.210533
test,T2,23.28,24.799368
test,T2,23.28,26.444496
test,T2,23.28,27.484642
test,T2,23.335861,26.157871
test,T2,23.47586,24.521454
test,T2,23.56,25.66484
test,T2,23.56,26.084536
test,T2,23.56,26.395782
test,T2,23.56,26.24408
test,T2,23.56,26.771553
test,T2,23.56,27.01491
test,T2,23.56,24.464432
test,T2,23.536,26.466137
test,T2,23.476,24.897858
test,T2,23.44,25.94759
test,T2,23.44,26.53717
test,T2,23.44,26.424229
test,T2,23.44,25.474663
test,T2,23.44,25.446613
test,T2,23.44,25.24248
test,T2,23.44,25.843094
test,T2,23.486,25.275238
test,T2,23.601,24.490658
test,T2,23.67,26.104473
test,T2,23.67,25.290188
test,T2,23.67,25.630148
test,T2,23.67,25.867607
test,T2,23.67,27.471184
test,T2,23.67,26.02771
test,T2,23.67,25.932102
test,T2,23.814,25.649807
test,T2,24.174,25.805447
test,T2,24.39,25.562714
test,T2,24.39,25.705545
test,T2,24.39,25.968025
test,T2,24.39,26.15898
test,T2,24.39,25.774319
test,T2,24.39,25.710733
test,T2,24.39,24.661121
test,T2,24.419926,27.189993
test,T2,24.494926,26.32782
test,T2,24.54,26.825567
test,T2,24.54,26.673492
test,T2,24.54,27.316746
test,T2,24.54,26.218185
test,T2,24.54,26.672293
test,T2,24.54,26.405113
test,T2,24.54,26.983702
test,T2,24.45222,25.55061
test,T2,24.23222,25.274979
test,T2,24.1,25.949251
test,T2,24.1,23.636757
test,T2,24.1,24.871141
test,T2,24.1,24.590637
test,T2,24.1,26.003893
test,T2,24.1,25.722822
test,T2,24.1,24.889921
test,T2,24.212,26.883263
test,T2,24.492,26.163607
test,T2,24.66,25.718079
test,T2,24.66,24.729889
test,T2,24.66,25.103245
test,T2,24.66,26.200993
test,T2,24.66,27.40425
test,T2,24.66,25.988707
test,T2,24.66,24.721073
test,T2,24.54,24.405445
test,T2,24.24,25.24388
test,T2,24.06,25.418291
test,T2,24.06,26.903912
test,T2,24.06,25.001686
test,T2,24.06,25.042957
test,T2,24.06,24.783325
test,T2,24.06,25.84074
test,T2,24.06,26.451958
test,T2,23.822,27.109348
test,T2,23.227,25.332516
test,T2,22.87,21.880657
test,T2,22.87,25.148108
test,T2,22.87,26.547493
test,T2,22.87,25.42434
test,T2,22.87,25.602243
test,T2,22.87,25.770294
test,T2,22.87,26.23209
test,T2,23.015635,26.490028
test,T2,23.380634,26.609997
test,T2,23.6,26.766449
test,T2,23.6,26.05986
test,T2,23.6,27.138647
test,T2,23.6,26.179653
test,T2,23.6,25.433552
test,T2,23.6,24.98195
test,T2,23.6,25.30749
test,T2,23.958,26.584774
test,T2,24.853,26.425785
test,T2,25.39,26.924332
test,T2,25.39,26.172821
test,T2,25.39,26.192966
test,T2,25.39,25.336754
test,T2,25.39,25.64053
test,T2,25.39,24.048317
test,T2,25.39,25.05334
test,T2,25.214436,25.875546
test,T2,24.774435,26.254723
test,T2,24.51,25.726532
test,T2,24.51,25.143398
test,T2,24.51,22.564085
test,T2,24.51,24.632183
test,T2,24.51,23.705498
test,T2,24.51,25.998497
test,T2,24.51,25.514145
test,T2,24.633694,27.391907
test,T2,24.943693,26.42907
test,T2,25.13,21.475826
test,T2,25.13,24.670797
test,T2,25.13,25.759012
test,T2,25.13,22.999462
test,T2,25.13,21.489372
test,T2,25.13,25.885044
test,T2,25.13,26.72351
test,T2,24.95,26.36541
test,T2,24.5,26.19339
test,T2,24.23,26.930996
test,T2,24.23,26.277351
test,T2,24.23,26.443611
test,T2,24.23,26.480282
test,T2,24.23,26.49627
test,T2,24.23,26.230255
test,T2,24.23,26.053534
test,T2,24.231995,25.450104
test,T2,24.236996,25.92207
test,T2,24.24,25.852592
test,T2,24.24,24.989374
test,T2,24.24,26.095734
test,T2,24.24,26.907534
test,T2,24.24,23.596397
test,T2,24.24,26.653938
test,T2,24.24,25.852013
test,T2,24.441496,25.701664
test,T2,24.946495,25.265274
test,T2,25.25,26.00888
test,T2,25.25,26.17817
test,T2,25.25,25.299925
test,T2,25.25,25.928131
test,T2,25.25,25.01437
test,T2,25.25,25.381733
test,T2,25.25,24.471462
test,T2,25.39,23.663918
test,T2,25.74,25.490067
test,T2,25.95,26.126968
test,T2,25.95,23.624733
test,T2,25.95,24.857721
test,T2,25.95,25.204163
test,T2,25.95,26.136116
test,T2,25.95,25.017721
test,T2,25.95,25.085531
test,T2,25.642,23.507263
test,T2,24.872,24.676527
test,T2,24.41,26.372389
test,T2,24.41,26.328932
test,T2,24.41,25.358479
test,T2,24.41,22.282024
test,T2,24.41,26.76514
test,T2,24.41,25.844292
test,T2,24.41,24.961319
test,T2,24.26,24.74334
test,T2,23.885,25.47201
test,T2,23.66,24.840124
test,T2,23.66,24.524391
test,T2,23.66,24.766277
test,T2,23.66,26.767115
test,T2,23.66,26.593428
test,T2,23.66,24.79181
test,T2,23.66,24.328812
test,T2,23.91935,20.777393
test,T2,24.56935,23.384182
test,T2,24.96,26.352615
test,T2,24.96,27.13711
test,T2,24.96,26.798506
test,T2,24.96,26.948544
test,T2,24.96,26.47227
test,T2,24.96,26.46419
test,T2,24.96,26.123508
test,T2,24.82833,25.465363
test,T2,24.49833,25.07135
test,T2,24.3,25.060665
test,T2,24.3,26.850601
test,T2,24.3,26.407312
test,T2,24.3,26.524937
test,T2,24.3,26.57434
test,T2,24.3,26.04565
test,T2,24.3,26.842968
test,T2,24.138,25.815866
test,T2,23.733,25.161617
test,T2,23.49,25.062622
test,T2,23.49,26.157413
test,T2,23.49,25.788458
test,T2,23.49,25.499886
test,T2,23.49,25.51618
test,T2,23.49,25.708317
test,T2,23.49,24.638023
test,T2,23.639626,23.319447
test,T2,24.014626,25.055286
test,T2,24.24,24.86166
test,T2,24.24,23.842468
test,T2,24.24,26.205158
test,T2,24.24,26.001854
test,T2,24.24,25.574963
test,T2,24.24,24.901623
test,T2,24.24,26.759624
test,T2,23.970675,26.668959
test,T2,23.295675,20.035439
test,T2,22.89,25.35458
test,T2,22.89,23.87203
test,T2,22.89,26.509457
test,T2,22.89,24.796186
test,T2,22.89,25.514526
test,T2,22.89,24.616203
test,T2,22.89,25.357395
test,T2,22.674534,25.753548
test,T2,22.134535,24.116024
test,T2,21.81,25.55451
test,T2,21.81,25.9785
test,T2,21.81,26.160252
test,T2,21.81,26.7373
test,T2,21.81,26.194973
test,T2,21.81,23.242638
test,T2,21.81,19.702137
test,T2,21.94566,27.073856
test,T2,22.28566,25.047855
test,T2,22.49,25.298126
test,T2,22.49,24.86515
test,T2,22.49,24.647036
test,T2,22.49,25.534008
test,T2,22.49,25.854366
test,T2,22.49,26.360226
test,T2,22.49,26.132196
test,T2,22.49,22.476715
test,T2,22.49,22.881516
test,T2,22.49,25.911823
test,T2,22.49,26.14407
test,T2,22.49,21.505257
test,T2,22.49,23.7838
test,T2,22.49,14.47157
test,T2,22.49,24.44901
test,T2,22.49,26.20969
test,T2,22.89,26.873829
test,T2,23.89,25.694948
test,T2,24.49,25.92342
test,T2,24.49,25.906681
test,T2,24.49,25.143852
test,T2,24.49,23.486732
test,T2,24.49,25.278381
test,T2,24.49,26.31892
test,T2,24.49,26.060795
test,T2,24.698,25.904789
test,T2,25.218,25.802015
test,T2,25.53,25.62606
test,T2,25.53,26.153097
test,T2,25.53,26.359016
test,T2,25.53,24.871553
test,T2,25.53,24.70364
test,T2,25.53,26.231003
test,T2,25.53,24.910189
test,T2,25.368,24.077133
test,T2,24.963,26.238424
test,T2,24.72,24.039097
test,T2,24.72,25.748121
test,T2,24.72,26.985104
test,T2,24.72,26.193272
test,T2,24.72,24.249516
test,T2,24.72,25.461485
test,T2,24.72,25.197737
test,T2,24.985329,24.484032
test,T2,25.650328,26.836481
test,T2,26.05,26.759773
test,T2,26.05,26.007822
test,T2,26.05,26.133842
test,T2,26.05,26.29828
test,T2,26.05,25.289192
test,T2,26.05,24.803143
test,T2,26.05,26.880932
test,T2,26.49,25.505806
test,T2,27.59,25.56718
test,T2,28.25,26.928284
test,T2,28.25,26.740582
test,T2,28.25,24.470703
test,T2,28.25,26.157057
test,T2,28.25,26.178806
test,T2,28.25,25.284702
test,T2,28.25,25.216503
test,T2,28.452,27.17065
test,T2,28.957,22.810379
test,T2,29.26,26.731144
test,T2,29.26,25.977842
test,T2,29.26,25.462906
test,T2,29.26,26.306408
test,T2,29.26,25.623224
test,T2,29.26,23.47522
test,T2,29.26,26.407227
test,T2,29.418,26.15945
test,T2,29.813,25.604511
test,T2,30.05,25.440063
test,T2,30.05,24.383461
test,T2,30.05,25.820644
test,T2,30.05,25.616169
test,T2,30.05,26.30167
test,T2,30.05,25.727547
test,T2,30.05,26.726767
test,T2,30.032045,25.822151
test,T2,29.987045,25.490223
test,T2,29.96,23.498411
test,T2,29.96,24.597847
test,T2,29.96,23.018187
test,T2,29.96,23.533552
test,T2,29.96,24.859222
test,T2,29.96,25.818092
test,T2,29.96,25.357615
test,T2,29.702,25.51529
test,T2,29.057,23.238884
test,T2,28.67,22.576984
test,T2,28.67,25.734753
test,T2,28.67,26.482628
test,T2,28.67,25.878807
test,T2,28.67,25.648083
test,T2,28.67,26.078125
test,T2,28.67,26.025713
test,T2,28.594,24.603462
test,T2,28.404,19.961533
test,T2,28.29,20.11874
test,T2,28.29,23.809273
test,T2,28.29,26.988724
test,T2,28.29,25.434336
test,T2,28.29,24.626057
test,T2,28.29,26.588627
test,T2,28.29,24.224327
test,T2,28.319925,26.347889
test,T2,28.394926,26.23238
test,T2,28.44,25.48772
test,T2,28.44,25.419304
test,T2,28.44,24.11579
test,T2,28.44,26.568405
test,T2,28.44,20.315765
test,T2,28.44,22.975103
test,T2,28.44,18.813414
test,T2,28.461945,22.152248
test,T2,28.516945,25.349775
test,T2,28.55,25.511408
test,T2,28.55,22.681976
test,T2,28.55,16.55305
test,T2,28.55,19.046768
test,T2,28.55,24.882557
test,T2,28.55,23.499441
test,T2,28.55,26.263504
test,T2,28.714,26.296024
test,T2,29.124,24.546768
test,T2,29.37,26.015205
test,T2,29.37,26.2605
test,T2,29.37,25.517426
test,T2,29.37,25.903004
test,T2,29.37,26.899216
test,T2,29.37,26.625078
test,T2,29.37,26.03012
test,T2,29.53559,24.472107
test,T2,29.950588,25.378515
test,T2,30.2,26.095072
test,T2,30.2,27.185047
test,T2,30.2,26.648254
test,T2,30.2,24.167877
test,T2,30.2,25.328346
test,T2,30.2,24.7973
test,T2,30.2,25.193935
test,T2,30.386,25.959301
test,T2,30.851,26.106544
test,T2,31.13,24.994537
test,T2,31.13,25.661652
test,T2,31.13,26.573814
test,T2,31.13,25.193115
test,T2,31.13,26.19178
test,T2,31.13,26.698357
test,T2,31.13,25.815254
test,T2,31.006,25.120287
test,T2,30.696,25.708014
test,T2,30.51,23.013401
test,T2,30.51,23.939596
test,T2,30.51,24.330511
test,T2,30.51,23.426266
test,T2,30.51,24.242271
test,T2,30.51,26.753279
test,T2,30.51,26.337444
test,T2,30.35,26.121902
test,T2,29.95,24.251183
test,T2,29.71,23.25491
test,T2,29.71,25.771389
test,T2,29.71,25.556458
test,T2,29.71,26.085032
test,T2,29.71,26.546467
test,T2,29.71,25.693375
test,T2,29.71,25.933443
test,T2,29.09,25.918903
test,T2,27.54,25.19434
test,T2,26.61,22.829985
test,T2,26.61,22.1973
test,T2,26.61,23.937572
test,T2,26.61,25.56017
test,T2,26.61,26.175438
test,T2,26.61,26.304466
test,T2,26.61,26.754065
test,T2,26.156,27.325027
test,T2,25.021,26.554281
test,T2,24.34,26.651028
test,T2,24.34,26.777985
test,T2,24.34,26.457108
test,T2,24.34,26.890135
test,T2,24.34,26.672928
test,T2,24.34,26.566952
test,T2,24.34,25.820173
test,T2,24.41182,26.368603
test,T2,24.59182,25.664791
test,T2,24.7,26.767448
test,T2,24.7,25.43789
test,T2,24.7,26.271618
test,T2,24.7,25.925007
test,T2,24.7,25.970615
test,T2,24.7,26.885643
test,T2,24.7,26.558119
test,T2,24.77182,26.72355
test,T2,24.95182,27.054777
test,T2,25.06,25.593224
test,T2,25.06,26.3784
test,T2,25.06,25.921135
test,T2,25.06,25.686167
test,T2,25.06,25.667847
test,T2,25.06,24.973162
test,T2,25.06,24.294556
test,T2,24.864,24.1763
test,T2,24.374,26.64344
test,T2,24.08,26.26719
test,T2,24.08,27.031586
test,T2,24.08,27.56034
test,T2,24.08,27.309532
test,T2,24.08,25.536613
test,T2,24.08,25.773624
test,T2,24.08,22.89403
test,T2,24.254,24.948223
test,T2,24.689,26.055962
test,T2,24.95,24.99685
test,T2,24.95,25.37336
test,T2,24.95,24.430965
test,T2,24.95,26.694168
test,T2,24.95,26.80114
test,T2,24.95,26.602901
test,T2,24.95,25.978878
test,T2,25.118,25.444397
test,T2,25.538,26.150085
test,T2,25.79,26.505087
test,T2,25.79,26.460566
test,T2,25.79,26.647493
test,T2,25.79,26.77306
test,T2,25.79,27.041195
test,T2,25.79,26.359238
test,T2,25.79,26.408672
test,T2,25.782,25.30775
test,T2,25.762,26.054716
test,T2,25.75,26.680988
test,T2,25.75,26.223394
test,T2,25.75,26.1903
test,T2,25.75,26.704412
test,T2,25.75,26.870157
test,T2,25.75,25.143911
test,T2,25.75,26.875175
test,T2,26.246,26.665375
test,T2,27.486,26.65835
test,T2,28.23,26.142437
test,T2,28.23,26.265053
test,T2,28.23,25.052387
test,T2,28.23,21.78817
test,T2,28.23,23.856544
test,T2,28.23,24.363617
test,T2,28.23,26.067345
test,T2,28.574,24.797855
test,T2,29.434,26.061539
test,T2,29.95,26.583923
test,T2,29.95,26.037073
test,T2,29.95,25.915932
test,T2,29.95,25.911594
test,T2,29.95,25.533041
test,T2,29.95,27.029734
test,T2,29.95,27.077848
test,T2,30.278,26.816502
test,T2,31.098,25.210522
test,T2,31.59,26.440937
test,T2,31.59,25.712946
test,T2,31.59,25.485939
test,T2,31.59,25.334812
test,T2,31.59,25.577278
test,T2,31.59,26.248138
test,T2,31.59,25.510586
test,T2,31.498,26.18945
test,T2,31.268,25.759907
test,T2,31.13,26.416224
test,T2,31.13,26.058956
test,T2,31.13,25.45351
test,T2,31.13,26.386318
test,T2,31.13,26.662361
test,T2,31.13,26.736536
test,T2,31.13,26.349346
test,T2,30.966,26.834145
test,T2,30.556,26.25496
test,T2,30.31,26.917543
test,T2,30.31,26.13446
test,T2,30.31,26.297554
test,T2,30.31,27.092857
test,T2,30.31,26.775297
test,T2,30.31,26.906195
test,T2,30.31,27.249443
test,T2,30.17035,26.876259
test,T2,29.82035,26.35828
test,T2,29.61,27.201363
test,T2,29.61,25.62436
test,T2,29.61,25.607454
test,T2,29.61,26.761513
test,T2,29.61,26.38754
test,T2,29.61,26.58788
test,T2,29.61,25.440899
test,T2,29.731697,26.472733
test,T2,30.036697,26.430096
test,T2,30.22,24.355625
test,T2,30.22,26.329876
test,T2,30.22,26.785881
test,T2,30.22,26.329752
test,T2,30.22,25.610418
test,T2,30.22,27.714577
test,T2,30.22,26.547943
test,T2,30.298,26.242674
test,T2,30.493,26.308937
test,T2,30.61,26.911274
test,T2,30.61,25.95233
test,T2,30.61,27.16435
test,T2,30.61,24.876015
test,T2,30.61,21.930264
test,T2,30.61,24.303555
test,T2,30.61,25.930647
test,T2,30.35065,25.610847
test,T2,29.70065,25.552792
test,T2,29.31,19.951391
test,T2,29.31,21.6025
test,T2,29.31,24.587137
test,T2,29.31,21.145954
test,T2,29.31,22.715843
test,T2,29.31,24.244886
test,T2,29.31,25.352833
test,T2,29.192291,23.885172
test,T2,28.897291,21.123198
test,T2,28.72,23.30269
test,T2,28.72,25.889286
test,T2,28.72,24.756485
test,T2,28.72,22.556896
test,T2,28.72,24.583725
test,T2,28.72,26.222939
test,T2,28.72,23.033703
test,T2,28.754,24.174515
test,T2,28.839,21.783585
test,T2,28.89,14.556131
test,T2,28.89,19.47919
test,T2,28.89,26.190815
test,T2,28.89,25.410587
test,T2,28.89,25.734896
test,T2,28.89,25.357311
test,T2,28.89,26.051748
test,T2,29.16,25.801628
test,T2,29.835,26.346725
test,T2,30.24,25.1471
test,T2,30.24,25.102375
test,T2,30.24,24.019941
test,T2,30.24,21.39152
test,T2,30.24,22.74862
test,T2,30.24,25.633835
test,T2,30.24,24.453957
test,T2,30.046486,25.861664
test,T2,29.561485,26.23604
test,T2,29.27,24.436354
test,T2,29.27,26.775444
test,T2,29.27,25.764652
test,T2,29.27,26.415085
test,T2,29.27,26.05475
test,T2,29.27,25.003014
test,T2,29.27,25.943407
test,T2,29.27399,26.147915
test,T2,29.28399,24.770668
test,T2,29.29,26.915413
test,T2,29.29,25.175087
test,T2,29.29,23.232786
test,T2,29.29,26.163666
test,T2,29.29,26.468357
test,T2,29.29,25.917347
test,T2,29.29,25.755535
test,T2,29.328,23.898417
test,T2,29.423,24.41647
test,T2,29.48,25.73486
test,T2,29.48,25.127708
test,T2,29.48,26.52615
test,T2,29.48,26.643469
test,T2,29.48,25.693417
test,T2,29.48,26.16185
test,T2,29.48,26.759262
test,T2,29.65,26.250692
test,T2,30.075,25.9028
test,T2,30.33,24.190613
test,T2,30.33,24.817677
test,T2,30.33,26.445206
test,T2,30.33,27.147154
test,T2,30.33,26.35646
test,T2,30.33,27.070871
test,T2,30.33,26.653524
test,T2,30.214,25.893417
test,T2,29.924,25.763395
test,T2,29.75,25.844429
test,T2,29.75,26.025295
test,T2,29.75,26.167542
test,T2,29.75,26.012732
test,T2,29.75,25.109293
test,T2,29.75,25.465633
test,T2,29.75,23.96764
test,T2,29.748,18.84574
test,T2,29.743,22.959751
test,T2,29.74,25.78231
test,T2,29.74,25.720661
test,T2,29.74,25.61089
test,T2,29.74,24.034103
test,T2,29.74,24.49403
test,T2,29.74,24.30157
test,T2,29.74,25.863504
test,T2,29.54449,25.648643
test,T2,29.05449,25.931852
test,T2,28.76,25.814346
test,T2,28.76,26.922289
test,T2,28.76,27.085478
test,T2,28.76,26.315863
test,T2,28.76,26.454456
test,T2,28.76,25.143925
test,T2,28.76,25.627365
test,T2,28.540545,25.362663
test,T2,27.990545,25.295153
test,T2,27.66,24.844738
test,T2,27.66,25.522877
test,T2,27.66,25.76318
test,T2,27.66,27.275776
test,T2,27.66,26.005405
test,T2,27.66,25.46695
test,T2,27.66,26.54669
test,T2,27.724,26.380785
test,T2,27.884,26.270948
test,T2,27.98,27.311451
test,T2,27.98,26.165659
test,T2,27.98,25.794716
test,T2,27.98,24.46255
test,T2,27.98,26.63315
test,T2,27.98,26.75612
test,T2,27.98,25.432316
test,T2,28.232,26.10055
test,T2,28.862,23.407589
test,T2,29.24,26.602829
test,T2,29.24,26.647095
test,T2,29.24,26.441833
test,T2,29.24,26.660965
test,T2,29.24,27.182972
test,T2,29.24,26.13356
test,T2,29.24,26.374626
test,T2,29.394,25.919436
test,T2,29.779,25.405994
test,T2,30.01,23.767801
test,T2,30.01,25.391735
test,T2,30.01,25.59726
test,T2,30.01,26.558533
test,T2,30.01,26.718845
test,T2,30.01,26.427608
test,T2,30.01,25.26645
test,T2,30.002,24.424782
test,T2,29.982,25.701986
test,T2,29.97,25.771141
test,T2,29.97,26.174747
test,T2,29.97,27.096375
test,T2,29.97,27.40957
test,T2,29.97,26.149578
test,T2,29.97,27.409351
test,T2,29.97,26.781755
test,T2,29.948,26.853374
test,T2,29.893,24.76308
test,T2,29.86,25.421452
test,T2,29.86,25.678604
test,T2,29.86,22.697577
test,T2,29.86,26.275948
test,T2,29.86,24.11444
test,T2,29.86,18.089703
test,T2,29.86,23.053692
test,T2,29.802,23.946117
test,T2,29.657,24.137451
test,T2,29.57,26.48116
test,T2,29.57,27.255783
test,T2,29.57,25.998287
test,T2,29.57,25.211006
test,T2,29.57,23.478455
test,T2,29.57,24.270687
test,T2,29.57,25.800224
test,T2,29.488205,25.613142
test,T2,29.283205,26.740902
test,T2,29.16,27.362713
test,T2,29.16,26.099377
test,T2,29.16,26.792107
test,T2,29.16,26.371418
test,T2,29.16,26.56709
test,T2,29.16,25.411386
test,T2,29.16,23.060799
test,T2,29.122095,23.1176
test,T2,29.027096,25.276276
test,T2,28.97,25.275944
test,T2,28.97,23.000504
test,T2,28.97,19.952759
test,T2,28.97,23.974466
test,T2,28.97,25.762705
test,T2,28.97,26.61671
test,T2,28.97,27.017178
test,T2,29.008,27.673222
test,T2,29.103,27.982168
test,T2,29.16,26.65812
test,T2,29.16,25.338615
test,T2,29.16,27.226122
test,T2,29.16,26.82294
test,T2,29.16,25.626093
test,T2,29.16,26.648987
test,T2,29.16,24.600098
test,T2,29.4,25.291609
test,T2,30.0,25.553364
test,T2,30.36,25.637081
test,T2,30.36,25.275146
test,T2,30.36,24.722
test,T2,30.36,24.335205
test,T2,30.36,24.876211
test,T2,30.36,25.109367
test,T2,30.36,25.656116
test,T2,30.08469,26.001415
test,T2,29.39469,25.73679
test,T2,28.98,26.166363
test,T2,28.98,25.943193
test,T2,28.98,26.942364
test,T2,28.98,23.142727
test,T2,28.98,21.90144
test,T2,28.98,18.71437
test,T2,28.98,16.31348
test,T2,29.08,20.730352
test,T2,29.33,23.022835
test,T2,29.48,22.941826
test,T2,29.48,22.708662
test,T2,29.48,21.019218
test,T2,29.48,23.803764
test,T2,29.48,24.790825
test,T2,29.48,22.96234
test,T2,29.48,23.31215
test,T2,29.352,24.19461
test,T2,29.032,25.533249
test,T2,28.84,25.461773
test,T2,28.84,26.19732
test,T2,28.84,25.291092
test,T2,28.84,25.829973
test,T2,28.84,26.576385
test,T2,28.84,25.221588
test,T2,28.84,25.96452
test,T2,29.001595,26.298637
test,T2,29.406595,25.334549
test,T2,29.65,25.873356
test,T2,29.65,25.263536
test,T2,29.65,23.38036
test,T2,29.65,21.127739
test,T2,29.65,24.617565
test,T2,29.65,25.659672
test,T2,29.65,26.093567
test,T2,29.598,26.29456
test,T2,29.468,28.030693
test,T2,29.39,25.616024
test,T2,29.39,26.36827
test,T2,29.39,26.787554
test,T2,29.39,27.570065
test,T2,29.39,26.910866
test,T2,29.39,26.230982
test,T2,29.39,26.7903
test,T2,29.502,26.640293
test,T2,29.782,25.996685
test,T2,29.95,25.694054
test,T2,29.95,25.167532
test,T2,29.95,25.48616
test,T2,29.95,22.22586
test,T2,29.95,23.251785
test,T2,29.95,22.462523
test,T2,29.95,24.189837
test,T2,29.692,25.475552
test,T2,29.047,25.724247
test,T2,28.66,24.245003
test,T2,28.66,24.096745
test,T2,28.66,21.34164
test,T2,28.66,23.586412
test,T2,28.66,20.278576
test,T2,28.66,22.283026
test,T2,28.66,24.808952
test,T2,28.766,26.357456
test,T2,29.031,25.073616
test,T2,29.19,24.81769
test,T2,29.19,23.736988
test,T2,29.19,24.548502
test,T2,29.19,25.36695
test,T2,29.19,25.00864
test,T2,29.19,26.052408
test,T2,29.19,26.052032
test,T2,29.172,26.633825
test,T2,29.127,24.845547
test,T2,29.1,25.184553
test,T2,29.1,25.807663
test,T2,29.1,21.203354
test,T2,29.1,24.006584
test,T2,29.1,23.910944
test,T2,29.1,26.49163
test,T2,29.1,25.360199
test,T2,29.114,25.430565
test,T2,29.149,25.89215
test,T2,29.17,24.268013
test,T2,29.17,24.152445
test,T2,29.17,26.433239
test,T2,29.17,25.629402
test,T2,29.17,26.198006
test,T2,29.17,26.20264
test,T2,29.17,25.884619
test,T2,29.209902,25.050865
test,T2,29.3099,25.431568
test,T2,29.37,24.587385
test,T2,29.37,25.416561
test,T2,29.37,26.297695
test,T2,29.37,24.598042
test,T2,29.37,25.85867
test,T2,29.37,26.33257
test,T2,29.37,26.388336
test,T2,29.528,25.486214
test,T2,29.923,24.808178
test,T2,30.16,24.877045
test,T2,30.16,22.83789
test,T2,30.16,24.67833
test,T2,30.16,23.830238
test,T2,30.16,25.002066
test,T2,30.16,24.63562
test,T2,30.16,23.557436
test,T2,30.376,23.819126
test,T2,30.916,25.901651
test,T2,31.24,25.22971
test,T2,31.24,22.30745
test,T2,31.24,24.119385
test,T2,31.24,25.553417
test,T2,31.24,25.107323
test,T2,31.24,23.35778
test,T2,31.24,23.098457
test,T2,31.276,22.405266
test,T2,31.366,23.647362
test,T2,31.42,25.405853
test,T2,31.42,25.707306
test,T2,31.42,25.663195
test,T2,31.42,23.965485
test,T2,31.42,25.556503
test,T2,31.42,26.222462
test,T2,31.42,26.621891
test,T2,30.422476,27.332024
test,T2,27.922476,25.58471
test,T2,26.42,24.062916
test,T2,26.42,25.048649
test,T2,26.42,25.43332
test,T2,26.42,24.683653
test,T2,26.42,26.59847
test,T2,26.42,25.875984
test,T2,26.42,24.418415
test,T2,25.9655,24.687416
test,T2,24.4505,25.983713
test,T2,23.39,25.317905
test,T2,23.39,26.287014
test,T2,23.39,24.75056
test,T2,23.39,23.027903
test,T2,23.39,25.727583
test,T2,23.39,27.233135
test,T2,23.39,26.802326
test,T2,23.312,25.593597
test,T2,23.117,26.709719
test,T2,23.0,24.455044
test,T2,23.0,24.941307
test,T2,23.0,26.670254
test,T2,23.0,26.83781
test,T2,23.0,26.46803
test,T2,23.0,25.874517
test,T2,23.0,26.880547
test,T2,23.104,26.46913
test,T2,23.364,25.542175
test,T2,23.52,25.222889
test,T2,23.52,26.013649
test,T2,23.52,26.075958
test,T2,23.52,25.68977
test,T2,23.52,26.701267
test,T2,23.52,26.30449
test,T2,23.52,26.63207
test,T2,23.390335,25.84761
test,T2,23.065334,25.637062
test,T2,22.87,26.143177
test,T2,22.87,26.59853
test,T2,22.87,27.069149
test,T2,22.87,24.49699
test,T2,22.87,24.48105
test,T2,22.87,26.905176
test,T2,22.87,25.951748
test,T2,22.812,25.40409
test,T2,22.667,25.408215
test,T2,22.58,24.404774
test,T2,22.58,20.544582
test,T2,22.58,17.497292
test,T2,22.58,22.693466
test,T2,22.58,24.39072
test,T2,22.58,26.109509
test,T2,22.58,25.340057
test,T2,22.592,23.041643
test,T2,22.622,17.0621
test,T2,22.64,19.677044
test,T2,22.64,26.037909
test,T2,22.64,26.180706
test,T2,22.64,26.579496
test,T2,22.64,26.743666
test,T2,22.64,24.876936
test,T2,22.64,24.240597
test,T2,23.03501,23.945244
test,T2,24.02501,24.588577
test,T2,24.62,24.617077
test,T2,24.62,25.570286
test,T2,24.62,25.404558
test,T2,24.62,24.611149
test,T2,24.62,23.947472
test,T2,24.62,25.197334
test,T2,24.62,26.008656
test,T2,25.023,26.737024
test,T2,26.033,25.36087
test,T2,26.64,26.449268
test,T2,26.64,26.27275
test,T2,26.64,25.211449
test,T2,26.64,24.236246
test,T2,26.64,24.268635
test,T2,26.64,25.219784
test,T2,26.64,25.728447
test,T2,26.734,26.279795
test,T2,26.969,26.360714
test,T2,27.11,24.02232
test,T2,27.11,25.593346
test,T2,27.11,24.024086
test,T2,27.11,24.718113
test,T2,27.11,25.349953
test,T2,27.11,24.403673
test,T2,27.11,25.570076
test,T2,27.22172,25.239578
test,T2,27.50172,26.243132
test,T2,27.67,25.963497
test,T2,27.67,24.511673
test,T2,27.67,24.361012
test,T2,27.67,23.367584
test,T2,27.67,25.523148
test,T2,27.67,26.271374
test,T2,27.67,25.981236
test,T2,26.904,26.774555
test,T2,24.989,26.549114
test,T2,23.84,23.982403
test,T2,23.84,26.078598
test,T2,23.84,25.146904
test,T2,23.84,24.276293
test,T2,23.84,25.443085
test,T2,23.84,26.141731
test,T2,23.84,25.979097
test,T2,23.588,26.234638
test,T2,22.958,23.662195
test,T2,22.58,18.282234
test,T2,22.58,25.353199
test,T2,22.58,26.018147
test,T2,22.58,24.209282
test,T2,22.58,25.582174
test,T2,22.58,26.790703
test,T2,22.58,26.653826
test,T2,23.503708,25.053831
test,T2,25.818708,26.186115
test,T2,27.21,27.062656
test,T2,27.21,26.443329
test,T2,27.21,26.364775
test,T2,27.21,27.84179
test,T2,27.21,27.125015
test,T2,27.21,26.190899
test,T2,27.21,23.78936
test,T2,27.736,21.58359
test,T2,29.051,22.7462
test,T2,29.84,24.025436
test,T2,29.84,24.945124
test,T2,29.84,25.373259
test,T2,29.84,23.876778
test,T2,29.84,23.787457
test,T2,29.84,26.679424
test,T2,29.84,25.123854
test,T2,29.598604,22.757145
test,T2,28.993605,22.551464
test,T2,28.63,25.135357
test,T2,28.63,25.237091
test,T2,28.63,25.438019
test,T2,28.63,25.275246
test,T2,28.63,25.288046
test,T2,28.63,26.93853
test,T2,28.63,26.723593
test,T2,28.612,26.068438
test,T2,28.567,24.706493
test,T2,28.54,25.673548
test,T2,28.54,25.056433
test,T2,28.54,24.340553
test,T2,28.54,25.036713
test,T2,28.54,25.696217
test,T2,28.54,24.924297
test,T2,28.54,24.239481
test,T2,28.606,26.358282
test,T2,28.771,26.827938
test,T2,28.87,25.336048
test,T2,28.87,26.266748
test,T2,28.87,24.686386
test,T2,28.87,23.935057
test,T2,28.87,25.832642
test,T2,28.87,26.745346
test,T2,28.87,24.743187
test,T2,28.987707,26.019026
test,T2,29.282707,26.075953
test,T2,29.46,25.400642
test,T2,29.46,26.010174
test,T2,29.46,25.522503
test,T2,29.46,26.24194
test,T2,29.46,25.184513
test,T2,29.46,25.299736
test,T2,29.46,27.015997
test,T2,29.658,24.258595
test,T2,30.153,24.217503
test,T2,30.45,24.012814
test,T2,30.45,27.425688
test,T2,30.45,27.761879
test,T2,30.45,26.200764
test,T2,30.45,24.368616
test,T2,30.45,24.864395
test,T2,30.45,22.321415
test,T2,30.368,21.293142
test,T2,30.163,25.33059
test,T2,30.04,27.10658
test,T2,30.04,26.994955
test,T2,30.04,25.99606
test,T2,30.04,25.946573
test,T2,30.04,26.516214
test,T2,30.04,21.665443
test,T2,30.04,19.58144
test,T2,30.09,19.114094
test,T2,30.215,17.557564
test,T2,30.29,26.156702
test,T2,30.29,24.06852
test,T2,30.29,24.8782
test,T2,30.29,26.57922
test,T2,30.29,25.51352
test,T2,30.29,26.537739
test,T2,30.29,26.344425
test,T2,30.35,25.905382
test,T2,30.5,24.713203
test,T2,30.59,25.589188
test,T2,30.59,26.958206
test,T2,30.59,26.093489
test,T2,30.59,26.308298
test,T2,30.59,25.769863
test,T2,30.59,23.625378
test,T2,30.59,24.25552
test,T2,30.596,25.486385
test,T2,30.611,25.963959
test,T2,30.62,25.29074
test,T2,30.62,25.524288
test,T2,30.62,24.870186
test,T2,30.62,25.507689
test,T2,30.62,25.99104
test,T2,30.62,24.479588
test,T2,30.62,25.393253
test,T2,30.598,26.004543
test,T2,30.543,26.773457
test,T2,30.51,26.724289
test,T2,30.51,26.257832
test,T2,30.51,22.595823
test,T2,30.51,22.297272
test,T2,30.51,25.37212
test,T2,30.51,25.290028
test,T2,30.51,26.692274
test,T2,30.432,25.591251
test,T2,30.237,26.19638
test,T2,30.12,26.346867
test,T2,30.12,26.024597
test,T2,30.12,26.195303
test,T2,30.12,21.40932
test,T2,30.12,25.468557
test,T2,30.12,26.039879
test,T2,30.12,25.959879
test,T2,29.984,25.087856
test,T2,29.644,25.239632
test,T2,29.44,26.084637
test,T2,29.44,27.030504
test,T2,29.44,26.371002
test,T2,29.44,26.213562
test,T2,29.44,25.730589
test,T2,29.44,26.14745
test,T2,29.44,26.680588
test,T2,29.312,26.730854
test,T2,28.992,27.11068
test,T2,28.8,26.313368
test,T2,28.8,26.282196
test,T2,28.8,26.123425
test,T2,28.8,25.86174
test,T2,28.8,25.039165
test,T2,28.8,24.989428
test,T2,28.8,24.570263
test,T2,28.7,23.823881
test,T2,28.45,26.07595
test,T2,28.3,24.35646
test,T2,28.3,25.956871
test,T2,28.3,26.29982
test,T2,28.3,26.184843
test,T2,28.3,26.647535
test,T2,28.3,26.871384
test,T2,28.3,26.39081
test,T2,28.398,25.495358
test,T2,28.643,26.599361
test,T2,28.79,26.886112
test,T2,28.79,27.177872
test,T2,28.79,27.197227
test,T2,28.79,25.94263
test,T2,28.79,24.175907
test,T2,28.79,25.38238
test,T2,28.79,24.823605
test,T2,28.858,25.586271
test,T2,29.028,26.417896
test,T2,29.13,26.504492
test,T2,29.13,25.2546
test,T2,29.13,25.16452
test,T2,29.13,25.741196
test,T2,29.13,26.402134
test,T2,29.13,26.551752
test,T2,29.13,26.391476
test,T2,28.768906,26.264534
test,T2,27.863905,22.75325
test,T2,27.32,26.46025
test,T2,27.32,26.021158
test,T2,27.32,26.612282
test,T2,27.32,26.762325
test,T2,27.32,27.052832
test,T2,27.32,25.586319
test,T2,27.32,25.669996
test,T2,27.136,26.684647
test,T2,26.676,26.281876
test,T2,26.4,26.558489
test,T2,26.4,25.258686
test,T2,26.4,24.370337
test,T2,26.4,25.854061
test,T2,26.4,26.157177
test,T2,26.4,25.049994
test,T2,26.4,26.13142
test,T2,26.585539,25.900784
test,T2,27.050539,25.008347
test,T2,27.33,25.839346
test,T2,27.33,27.155802
test,T2,27.33,25.8735
test,T2,27.33,25.40707
test,T2,27.33,26.350304
test,T2,27.33,26.015137
test,T2,27.33,26.012573
test,T2,27.416,26.294994
test,T2,27.631,26.524975
test,T2,27.76,25.737068
test,T2,27.76,24.908855
test,T2,27.76,25.691208
test,T2,27.76,25.064705
test,T2,27.76,24.640444
test,T2,27.76,26.718369
test,T2,27.76,25.8106
test,T2,27.95352,25.137627
test,T2,28.43852,25.803438
test,T2,28.73,26.632141
test,T2,28.73,26.271156
test,T2,28.73,25.728607
test,T2,28.73,26.665102
test,T2,28.73,25.514149
test,T2,28.73,25.285017
test,T2,28.73,24.489176
test,T2,28.85768,25.502617
test,T2,29.17768,25.566898
test,T2,29.37,26.46204
test,T2,29.37,26.58442
test,T2,29.37,25.80059
test,T2,29.37,24.39584
test,T2,29.37,23.27997
test,T2,29.37,24.800144
test,T2,29.37,26.282616
test,T2,29.502,24.184738
test,T2,29.832,25.375103
test,T2,30.03,26.686634
test,T2,30.03,26.720165
test,T2,30.03,25.610247
test,T2,30.03,25.487053
test,T2,30.03,25.922134
test,T2,30.03,24.732533
test,T2,30.03,25.945835
test,T2,30.05394,26.046366
test,T2,30.11394,24.982666
test,T2,30.15,24.775217
test,T2,30.15,26.184006
test,T2,30.15,25.798767
test,T2,30.15,25.366669
test,T2,30.15,25.227947
test,T2,30.15,24.923145
test,T2,30.15,25.12067
test,T2,29.83,25.68244
test,T2,29.03,25.918785
test,T2,28.55,25.8176
test,T2,28.55,24.826458
test,T2,28.55,25.114748
test,T2,28.55,26.17654
test,T2,28.55,26.944248
test,T2,28.55,26.588882
test,T2,28.55,25.614323
test,T2,28.292,25.633085
test,T2,27.647,26.215734
test,T2,27.26,26.383772
test,T2,27.26,26.443626
test,T2,27.26,26.972567
test,T2,27.26,26.705704
test,T2,27.26,26.407803
test,T2,27.26,26.56395
test,T2,27.26,25.981491
test,T2,27.1024,25.475342
test,T2,26.7074,25.095894
test,T2,26.47,25.972965
test,T2,26.47,24.750187
test,T2,26.47,25.29919
test,T2,26.47,26.230257
test,T2,26.47,24.703562
test,T2,26.47,26.674204
test,T2,26.47,25.906364
test,T2,26.518,25.743765
test,T2,26.638,25.866013
test,T2,26.71,25.921127
test,T2,26.71,26.267883
test,T2,26.71,24.899277
test,T2,26.71,25.246897
test,T2,26.71,25.93198
test,T2,26.71,26.664898
test,T2,26.71,26.803942
test,T2,26.834,26.35648
test,T2,27.144,26.118587
test,T2,27.33,26.460482
test,T2,27.33,25.072159
test,T2,27.33,22.875313
test,T2,27.33,25.096321
test,T2,27.33,25.439438
test,T2,27.33,26.684792
test,T2,27.33,25.110561
test,T2,27.368,25.37051
test,T2,27.463,24.90538
test,T2,27.52,26.8676
test,T2,27.52,25.598064
test,T2,27.52,25.292442
test,T2,27.52,27.163128
test,T2,27.52,24.10503
test,T2,27.52,23.269526
test,T2,27.52,26.11566
test,T2,27.38,25.934175
test,T2,27.03,26.163689
test,T2,26.82,25.287289
test,T2,26.82,26.534946
test,T2,26.82,26.879173
test,T2,26.82,26.528824
test,T2,26.82,26.161398
test,T2,26.82,24.307106
test,T2,26.82,25.10817
test,T2,27.057405,24.996132
test,T2,27.652405,26.907928
test,T2,28.01,26.717854
test,T2,28.01,26.621279
test,T2,28.01,26.15932
test,T2,28.01,26.076263
test,T2,28.01,24.70884
test,T2,28.01,25.464417
test,T2,28.01,26.518654
test,T2,28.195536,26.38232
test,T2,28.660536,26.385313
test,T2,28.94,25.418545
test,T2,28.94,25.247414
test,T2,28.94,24.80839
test,T2,28.94,26.02586
test,T2,28.94,25.612095
test,T2,28.94,26.248516
test,T2,28.94,25.441792
test,T2,28.966,25.207634
test,T2,29.031,25.582256
test,T2,29.07,24.940117
test,T2,29.07,26.511097
test,T2,29.07,26.011892
test,T2,29.07,25.457026
test,T2,29.07,26.318289
test,T2,29.07,26.695118
test,T2,29.07,25.916311
test,T2,28.95,25.37224
test,T2,28.65,26.81211
test,T2,28.47,27.204834
test,T2,28.47,27.10984
test,T2,28.47,26.055973
test,T2,28.47,25.992798
test,T2,28.47,25.20211
test,T2,28.47,24.936981
test,T2,28.47,26.925125
test,T2,28.491945,26.640787
test,T2,28.546946,27.432323
test,T2,28.58,25.987694
test,T2,28.58,26.259136
test,T2,28.58,25.587828
test,T2,28.58,25.568584
test,T2,28.58,25.119057
test,T2,28.58,25.138138
test,T2,28.58,25.938103
test,T2,28.304,26.818058
test,T2,27.614,26.296215
test,T2,27.2,25.851692
test,T2,27.2,26.420374
test,T2,27.2,26.48129
test,T2,27.2,24.900135
test,T2,27.2,27.194973
test,T2,27.2,26.058895
test,T2,27.2,26.45102
test,T2,26.976,25.371307
test,T2,26.416,24.97976
test,T2,26.08,25.921778
test,T2,26.08,26.69014
test,T2,26.08,26.570183
test,T2,26.08,26.213234
test,T2,26.08,26.511055
test,T2,26.08,25.769136
test,T2,26.08,25.68957
test,T2,25.876,27.03392
test,T2,25.366,25.336329
test,T2,25.06,26.66568
test,T2,25.06,25.933529
test,T2,25.06,24.496248
test,T2,25.06,25.530962
test,T2,25.06,26.235233
test,T2,25.06,26.45277
test,T2,25.06,25.60825
test,T2,25.177708,21.568863
test,T2,25.472708,22.818085
test,T2,25.65,23.973404
test,T2,25.65,25.872635
test,T2,25.65,26.29874
test,T2,25.65,25.702816
test,T2,25.65,26.898983
test,T2,25.65,25.996365
test,T2,25.65,26.597994
test,T2,25.99,25.377316
test,T2,26.84,26.334377
test,T2,27.35,25.974125
test,T2,27.35,26.62901
test,T2,27.35,26.252893
test,T2,27.35,26.243214
test,T2,27.35,26.324162
test,T2,27.35,25.575796
test,T2,27.35,26.172455
test,T2,27.546,25.995155
test,T2,28.036,25.909288
test,T2,28.33,23.915962
test,T2,28.33,21.648808
test,T2,28.33,26.182922
test,T2,28.33,25.84969
test,T2,28.33,26.126839
test,T2,28.33,26.164911
test,T2,28.33,26.61106
test,T2,28.19434,23.167398
test,T2,27.85434,23.506153
test,T2,27.65,24.553303
test,T2,27.65,24.459034
test,T2,27.65,25.769434
test,T2,27.65,25.178892
test,T2,27.65,25.873816
test,T2,27.65,25.113512
test,T2,27.65,25.727768
test,T2,27.492,26.57011
test,T2,27.097,26.435467
test,T2,26.86,26.61948
test,T2,26.86,25.948055
test,T2,26.86,26.527355
test,T2,26.86,26.29615
test,T2,26.86,25.863565
test,T2,26.86,26.031235
test,T2,26.86,25.504805
test,T2,27.128,27.095432
test,T2,27.798,26.3116
test,T2,28.2,25.915297
test,T2,28.2,27.141052
test,T2,28.2,26.874952
test,T2,28.2,22.581541
test,T2,28.2,24.474682
test,T2,28.2,25.842619
test,T2,28.2,24.519524
test,T2,28.46,24.908936
test,T2,29.11,27.187885
test,T2,29.5,25.1959
test,T2,29.5,24.604038
test,T2,29.5,25.813238
test,T2,29.5,26.43286
test,T2,29.5,25.269508
test,T2,29.5,25.043736
test,T2,29.5,23.731234
test,T2,29.505985,22.691238
test,T2,29.520985,23.944506
test,T2,29.53,25.811756
test,T2,29.53,25.255154
test,T2,29.53,25.718067
test,T2,29.53,25.227098
test,T2,29.53,24.395523
test,T2,29.53,25.46188
test,T2,29.53,26.022598
test,T2,29.398,27.062176
test,T2,29.068,26.772898
test,T2,28.87,26.73722
test,T2,28.87,27.04261
test,T2,28.87,26.107178
test,T2,28.87,26.869173
test,T2,28.87,25.97287
test,T2,28.87,25.796272
test,T2,28.87,27.182425
test,T2,28.946,25.48666
test,T2,29.136,26.418217
test,T2,29.25,26.783943
test,T2,29.25,25.515911
test,T2,29.25,25.659578
test,T2,29.25,26.628847
test,T2,29.25,25.586384
test,T2,29.25,24.744614
test,T2,29.25,25.297503
test,T2,29.176,25.696707
test,T2,28.991,26.264309
test,T2,28.88,25.325607
test,T2,28.88,24.533989
test,T2,28.88,24.82493
test,T2,28.88,24.33506
test,T2,28.88,21.34999
test,T2,28.88,21.852642
test,T2,28.88,25.310925
test,T2,27.768757,25.23014
test,T2,24.983757,24.56527
test,T2,23.31,25.608566
test,T2,23.31,25.862545
test,T2,23.31,25.182037
test,T2,23.31,26.227283
test,T2,23.31,26.162626
test,T2,23.31,25.81943
test,T2,23.31,27.043663
test,T2,23.05863,27.066288
test,T2,22.42863,26.449074
test,T2,22.05,25.348537
test,T2,22.05,25.596342
test,T2,22.05,26.342308
test,T2,22.05,25.623755
test,T2,22.05,25.107815
test,T2,22.05,24.650978
test,T2,22.05,26.591377
test,T2,21.99813,27.163765
test,T2,21.86813,26.843264
test,T2,21.79,26.478806
test,T2,21.79,26.999878
test,T2,21.79,25.428669
test,T2,21.79,15.541154
test,T2,21.79,22.281004
test,T2,21.79,20.867899
test,T2,21.79,18.741287
test,T2,22.79,27.0657
test,T2,25.29,27.51966
test,T2,26.79,27.1487
test,T2,26.79,24.628113
test,T2,26.79,20.193645
test,T2,26.79,25.013058
test,T2,26.79,23.77757
test,T2,26.79,24.671566
test,T2,26.79,26.978235
test,T2,27.516197,24.111973
test,T2,29.336199,24.78733
test,T2,30.43,23.374935
test,T2,30.43,24.150908
test,T2,30.43,25.15353
test,T2,30.43,26.567953
test,T2,30.43,26.057901
test,T2,30.43,26.650938
test,T2,30.43,26.516891
test,T2,30.33025,25.751661
test,T2,30.08025,26.197567
test,T2,29.93,26.15233
test,T2,29.93,26.597158
test,T2,29.93,25.8334
test,T2,29.93,25.762505
test,T2,29.93,26.33559
test,T2,29.93,26.388393
test,T2,29.93,26.801878
test,T2,29.72451,26.479147
test,T2,29.20951,24.158728
test,T2,28.9,25.74787
test,T2,28.9,26.272982
test,T2,28.9,27.238403
test,T2,28.9,25.497906
test,T2,28.9,26.551874
test,T2,28.9,26.209946
test,T2,28.9,26.62157
test,T2,28.752,26.28592
test,T2,28.382,26.566574
test,T2,28.16,23.629765
test,T2,28.16,25.559635
test,T2,28.16,25.495491
test,T2,28.16,26.681076
test,T2,28.16,24.603222
test,T2,28.16,26.575962
test,T2,28.16,25.846544
test,T2,28.192,26.023157
test,T2,28.272,26.519821
test,T2,28.32,25.733082
test,T2,28.32,25.761345
test,T2,28.32,24.28513
test,T2,28.32,24.56999
test,T2,28.32,24.05157
test,T2,28.32,24.804285
test,T2,28.32,25.951
test,T2,28.018,26.504354
test,T2,27.263,26.12038
test,T2,26.81,26.402126
test,T2,26.81,24.869345
test,T2,26.81,25.588318
test,T2,26.81,22.75276
test,T2,26.81,21.74989
test,T2,26.81,25.82661
test,T2,26.81,25.425694
test,T2,26.732,25.228281
test,T2,26.537,24.117344
test,T2,26.42,24.175758
test,T2,26.42,23.696226
test,T2,26.42,25.753511
test,T2,26.42,26.649534
test,T2,26.42,26.429985
test,T2,26.42,25.40987
test,T2,26.42,25.629044
test,T2,26.52,22.482443
test,T2,26.77,24.73944
test,T2,26.92,24.69907
test,T2,26.92,25.332918
test,T2,26.92,25.28819
test,T2,26.92,26.251938
test,T2,26.92,25.462889
test,T2,26.92,24.784454
test,T2,26.92,26.077269
test,T2,27.112,26.832401
test,T2,27.592,25.7328
test,T2,27.88,25.639044
test,T2,27.88,25.504093
test,T2,27.88,25.487896
test,T2,27.88,25.47465
test,T2,27.88,24.74627
test,T2,27.88,24.11678
test,T2,27.88,25.683235
test,T2,27.79,25.018538
test,T2,27.565,25.640959
test,T2,27.43,25.692432
test,T2,27.43,26.114733
test,T2,27.43,24.479847
test,T2,27.43,26.683235
test,T2,27.43,27.069107
test,T2,27.43,26.323692
test,T2,27.43,26.09708
test,T2,27.346209,25.728376
test,T2,27.136208,26.411335
test,T2,27.01,26.979908
test,T2,27.01,26.471952
test,T2,27.01,26.945362
test,T2,27.01,25.553654
test,T2,27.01,22.837214
test,T2,27.01,25.211317
test,T2,27.01,22.6614
test,T2,27.378,26.880896
test,T2,28.298,24.726032
test,T2,28.85,25.770956
test,T2,28.85,24.53069
test,T2,28.85,26.533157
test,T2,28.85,25.019947
test,T2,28.85,22.667416
test,T2,28.85,26.522434
test,T2,28.85,25.993008
test,T2,29.382,25.685898
test,T2,30.712,24.845448
test,T2,31.51,20.159687
test,T2,31.51,18.326431
test,T2,31.51,17.753223
test,T2,31.51,21.208221
test,T2,31.51,21.420815
test,T2,31.51,21.336159
test,T2,31.51,21.550764
test,T2,31.162,22.368076
test,T2,30.292,24.925943
test,T2,29.77,26.051506
test,T2,29.77,24.407984
test,T2,29.77,25.3193
test,T2,29.77,24.937038
test,T2,29.77,25.591187
test,T2,29.77,20.591885
test,T2,29.77,21.392002
test,T2,29.859777,23.95067
test,T2,30.084778,24.304417
test,T2,30.22,25.925411
test,T2,30.22,26.54946
test,T2,30.22,24.912537
test,T2,30.22,24.116386
test,T2,30.22,25.91986
test,T2,30.22,25.887426
test,T2,30.22,25.561796
test,T2,30.528,24.305984
test,T2,31.298,24.221775
test,T2,31.76,25.501995
test,T2,31.76,26.378334
test,T2,31.76,27.59546
test,T2,31.76,23.895899
test,T2,31.76,24.79723
test,T2,31.76,25.735716
test,T2,31.76,20.752619
test,T2,31.7,24.383612
test,T2,31.55,26.65506
test,T2,31.46,25.598064
test,T2,31.46,26.037745
test,T2,31.46,26.117054
test,T2,31.46,26.221481
test,T2,31.46,26.519161
test,T2,31.46,23.374155
test,T2,31.46,24.133944
test,T2,31.444,26.0415
test,T2,31.404,25.734043
test,T2,31.38,25.084206
test,T2,31.38,25.720804
test,T2,31.38,26.838457
test,T2,31.38,26.717178
test,T2,31.38,25.48175
test,T2,31.38,25.727272
test,T2,31.38,27.045832
test,T2,31.178,25.096022
test,T2,30.673,25.161015
test,T2,30.37,26.452652
test,T2,30.37,26.800224
test,T2,30.37,26.044971
test,T2,30.37,24.094368
test,T2,30.37,26.341814
test,T2,30.37,25.07879
test,T2,30.37,26.47361
test,T2,30.25429,26.859493
test,T2,29.96429,27.157791
test,T2,29.79,26.589462
test,T2,29.79,26.892735
test,T2,29.79,25.728252
test,T2,29.79,23.403797
test,T2,29.79,25.868563
test,T2,29.79,26.402111
test,T2,29.79,26.342834
test,T2,29.78202,25.524628
test,T2,29.76202,26.691093
test,T2,29.75,25.876232
test,T2,29.75,27.339317
test,T2,29.75,26.270748
test,T2,29.75,26.561008
test,T2,29.75,25.404438
test,T2,29.75,20.584269
test,T2,29.75,24.51046
test,T2,29.50262,26.003235
test,T2,28.88262,26.707855
test,T2,28.51,26.104877
test,T2,28.51,26.894993
test,T2,28.51,25.821114
test,T2,28.51,26.407307
test,T2,28.51,25.51342
test,T2,28.51,26.422134
test,T2,28.51,27.396866
test,T2,28.516,27.037422
test,T2,28.531,25.753582
test,T2,28.54,25.513891
test,T2,28.54,27.049274
test,T2,28.54,25.990429
test,T2,28.54,26.099289
test,T2,28.54,26.396778
test,T2,28.54,25.79073
test,T2,28.54,26.47149
test,T2,28.722,26.470299
test,T2,29.177,25.249584
test,T2,29.45,25.8406
test,T2,29.45,25.78584
test,T2,29.45,25.604155
test,T2,29.45,26.138927
test,T2,29.45,25.961967
test,T2,29.45,25.863888
test,T2,29.45,26.62091
test,T2,29.495886,27.276968
test,T2,29.610886,26.817043
test,T2,29.68,25.997845
test,T2,29.68,25.731846
test,T2,29.68,25.559784
test,T2,29.68,25.782534
test,T2,29.68,26.424168
test,T2,29.68,25.870094
test,T2,29.68,23.00782
test,T2,29.568277,22.33374
test,T2,29.288277,25.255707
test,T2,29.12,23.970972
test,T2,29.12,24.70668
test,T2,29.12,25.795769
test,T2,29.12,25.40113
test,T2,29.12,26.92682
test,T2,29.12,24.61618
test,T2,29.12,24.711227
test,T2,28.786835,26.172005
test,T2,27.951836,25.658772
test,T2,27.45,24.896225
test,T2,27.45,24.915874
test,T2,27.45,25.518679
test,T2,27.45,26.200108
test,T2,27.45,25.636251
test,T2,27.45,25.553028
test,T2,27.45,26.524666
test,T2,26.89938,25.289501
test,T2,25.51938,26.634453
test,T2,24.69,26.290068
test,T2,24.69,26.626278
test,T2,24.69,26.668835
test,T2,24.69,25.651766
test,T2,24.69,26.372766
test,T2,24.69,25.946445
test,T2,24.69,26.175058
test,T2,24.676,26.080296
test,T2,24.641,23.605337
test,T2,24.62,21.966743
test,T2,24.62,24.84159
test,T2,24.62,24.13972
test,T2,24.62,24.65566
test,T2,24.62,26.91236
test,T2,24.62,24.37534
test,T2,24.62,25.375889
test,T2,24.48,26.223558
test,T2,24.13,25.054998
test,T2,23.92,23.889416
test,T2,23.92,25.386354
test,T2,23.92,26.17811
test,T2,23.92,25.587893
test,T2,23.92,26.238672
test,T2,23.92,24.919708
test,T2,23.92,23.760242
test,T2,23.56,25.55389
test,T2,22.66,26.108885
test,T2,22.12,22.97887
test,T2,22.12,24.0906
test,T2,22.12,26.720291
test,T2,22.12,25.23727
test,T2,22.12,25.76482
test,T2,22.12,26.081028
test,T2,22.12,26.523954
test,T2,22.102,25.473068
test,T2,22.057,22.629978
test,T2,22.03,25.50822
test,T2,22.03,22.46734
test,T2,22.03,21.673162
test,T2,22.03,26.298079
test,T2,22.03,23.427126
test,T2,22.03,20.819416
test,T2,22.03,23.427612
test,T2,21.906,26.34457
test,T2,21.596,25.973526
test,T2,21.41,24.93261
test,T2,21.41,24.297634
test,T2,21.41,24.12444
test,T2,21.41,22.291569
test,T2,21.41,27.413174
test,T2,21.41,26.257635
test,T2,21.41,25.823982
test,T2,21.004,24.641478
test,T2,19.989,26.573738
test,T2,19.38,25.859419
test,T2,19.38,24.660162
test,T2,19.38,24.13002
test,T2,19.38,25.511684
test,T2,19.38,26.86975
test,T2,19.38,26.6612
test,T2,19.38,27.914284
test,T2,19.429876,24.512484
test,T2,19.554876,24.586498
test,T2,19.63,20.872763
test,T2,19.63,19.224365
test,T2,19.63,24.386204
test,T2,19.63,26.452518
test,T2,19.63,27.112064
test,T2,19.63,26.718246
test,T2,19.63,27.015837
test,T2,19.126,25.043116
test,T2,17.866,26.230804
test,T2,17.11,25.977106
test,T2,17.11,26.847786
test,T2,17.11,23.808903
test,T2,17.11,25.269249
test,T2,17.11,25.401527
test,T2,17.11,24.37019
test,T2,17.11,22.60477
test,T2,17.376,24.206604
test,T2,18.041,25.44561
test,T2,18.44,26.40319
test,T2,18.44,23.9235
test,T2,18.44,20.859615
test,T2,18.44,19.783653
test,T2,18.44,24.548935
test,T2,18.44,24.368536
test,T2,18.44,25.622509
test,T2,18.964,25.6491
test,T2,20.274,24.460001
test,T2,21.06,25.281645
test,T2,21.06,26.002357
test,T2,21.06,25.841934
test,T2,21.06,25.02618
test,T2,21.06,24.408134
test,T2,21.06,23.27988
test,T2,21.06,24.741924
test,T2,21.121847,27.542896
test,T2,21.276846,26.243546
test,T2,21.37,25.718449
test,T2,21.37,24.046299
test,T2,21.37,24.126415
test,T2,21.37,24.861626
test,T2,21.37,25.154964
test,T2,21.37,25.99234
test,T2,21.37,25.826427
test,T2,21.516,25.368765
test,T2,21.881,25.635843
test,T2,22.1,25.322914
test,T2,22.1,25.551178
test,T2,22.1,25.887936
test,T2,22.1,25.972603
test,T2,22.1,22.939228
test,T2,22.1,24.266441
test,T2,22.1,23.353903
test,T2,22.149876,25.907982
test,T2,22.274876,25.937466
test,T2,22.35,24.224276
test,T2,22.35,24.981972
test,T2,22.35,25.40385
test,T2,22.35,25.557426
test,T2,22.35,25.988466
test,T2,22.35,25.382648
test,T2,22.35,25.772808
test,T2,22.24227,26.862951
test,T2,21.97227,27.30067
test,T2,21.81,26.27119
test,T2,21.81,25.815134
test,T2,21.81,27.279285
test,T2,21.81,26.549118
test,T2,21.81,27.198631
test,T2,21.81,27.282818
test,T2,21.81,26.68815
test,T2,22.001524,26.754196
test,T2,22.481525,26.999
test,T2,22.77,26.957302
test,T2,22.77,26.20785
test,T2,22.77,27.532045
test,T2,22.77,25.946365
test,T2,22.77,25.726488
test,T2,22.77,25.620934
test,T2,22.77,24.579674
test,T2,22.67,24.790403
test,T2,22.42,24.857998
test,T2,22.27,24.94777
test,T2,22.27,25.591446
test,T2,22.27,25.97609
test,T2,22.27,25.289022
test,T2,22.27,26.425362
test,T2,22.27,26.706867
test,T2,22.27,26.078062
test,T2,21.746,26.208227
test,T2,20.436,26.78858
test,T2,19.65,25.746712
test,T2,19.65,26.09042
test,T2,19.65,26.346325
test,T2,19.65,26.869942
test,T2,19.65,27.162868
test,T2,19.65,26.315643
test,T2,19.65,26.890985
test,T2,19.388,27.299944
test,T2,18.733,26.560791
test,T2,18.34,26.993855
test,T2,18.34,25.836483
test,T2,18.34,26.654154
test,T2,18.34,26.109856
test,T2,18.34,26.32743
test,T2,18.34,27.068447
test,T2,18.34,26.67757
test,T2,18.21,26.583305
test,T2,17.885,27.402054
test,T2,17.69,27.03421
test,T2,17.69,27.52438
test,T2,17.69,26.997032
test,T2,17.69,26.701714
test,T2,17.69,27.564888
test,T2,17.69,27.637157
test,T2,17.69,28.182903
test,T2,17.892,27.179966
test,T2,18.397,27.254269
test,T2,18.7,25.66494
test,T2,18.7,26.30923
test,T2,18.7,26.297943
test,T2,18.7,26.524632
test,T2,18.7,25.877039
test,T2,18.7,26.585453
test,T2,18.7,27.187187
test,T2,18.614,25.641108
test,T2,18.399,26.222889
test,T2,18.27,26.80484
test,T2,18.27,26.549252
test,T2,18.27,26.860855
test,T2,18.27,26.268127
test,T2,18.27,26.88248
test,T2,18.27,25.976126
test,T2,18.27,25.255161
test,T2,18.307463,26.892513
test,T2,18.402462,26.695467
test,T2,18.46,26.762302
test,T2,18.46,26.368212
test,T2,18.46,25.512806
test,T2,18.46,26.15003
test,T2,18.46,26.469444
test,T2,18.46,26.542503
test,T2,18.46,25.259996
test,T2,18.62559,25.407017
test,T2,19.040588,19.107769
test,T2,19.29,23.138676
test,T2,19.29,24.95731
test,T2,19.29,25.5627
test,T2,19.29,25.481955
test,T2,19.29,26.606907
test,T2,19.29,26.24743
test,T2,19.29,25.492588
test,T2,19.06257,25.117178
test,T2,18.49257,25.910803
test,T2,18.15,26.484482
test,T2,18.15,26.312504
test,T2,18.15,26.3568
test,T2,18.15,25.353138
test,T2,18.15,26.981766
test,T2,18.15,27.137512
test,T2,18.15,26.617043
test,T2,18.516,25.461481
test,T2,19.431,27.392443
test,T2,19.98,25.12659
test,T2,19.98,24.231524
test,T2,19.98,25.018597
test,T2,19.98,25.02846
test,T2,19.98,26.727888
test,T2,19.98,26.513166
test,T2,19.98,26.354118
test,T2,19.475252,27.25348
test,T2,18.210253,24.888351
test,T2,17.45,25.71251
test,T2,17.45,24.22654
test,T2,17.45,25.78734
test,T2,17.45,26.862011
test,T2,17.45,26.578625
test,T2,17.45,24.913225
test,T2,17.45,26.328392
test,T2,17.308355,26.17069
test,T2,16.953356,26.678198
test,T2,16.74,26.87232
test,T2,16.74,26.861809
test,T2,16.74,26.587608
test,T2,16.74,26.87143
test,T2,16.74,26.65356
test,T2,16.74,24.191656
test,T2,16.74,25.116314
test,T2,17.146,26.342058
test,T2,18.161,27.43333
test,T2,18.77,25.680847
test,T2,18.77,25.70375
test,T2,18.77,25.987429
test,T2,18.77,27.066177
test,T2,18.77,26.436949
test,T2,18.77,26.835087
test,T2,18.77,26.321
test,T2,19.095184,26.785799
test,T2,19.910185,26.407078
test,T2,20.4,26.034155
test,T2,20.4,27.13456
test,T2,20.4,26.924519
test,T2,20.4,25.437931
test,T2,20.4,23.31287
test,T2,20.4,24.383371
test,T2,20.4,23.380116
test,T2,20.824,23.06258
test,T2,21.884,19.901054
test,T2,22.52,22.698013
test,T2,22.52,24.804008
test,T2,22.52,24.00744
test,T2,22.52,24.04047
test,T2,22.52,23.238636
test,T2,22.52,25.798218
test,T2,22.52,23.41263
test,T2,22.268,25.336803
test,T2,21.638,25.26641
test,T2,21.26,25.566067
test,T2,21.26,24.90216
test,T2,21.26,26.742275
test,T2,21.26,24.939507
test,T2,21.26,23.119589
test,T2,21.26,24.742493
test,T2,21.26,23.530724
test,T2,21.154,25.966461
test,T2,20.889,26.114742
test,T2,20.73,23.350216
test,T2,20.73,23.086254
test,T2,20.73,24.038136
test,T2,20.73,25.943947
test,T2,20.73,23.87907
test,T2,20.73,25.289762
test,T2,20.73,23.950306
test,T2,21.124,26.140089
test,T2,22.109,25.833727
test,T2,22.7,25.063442
test,T2,22.7,25.433979
test,T2,22.7,26.146957
test,T2,22.7,25.608343
test,T2,22.7,25.53268
test,T2,22.7,26.451767
test,T2,22.7,24.649445
test,T2,22.654,25.012081
test,T2,22.539,25.25391
test,T2,22.47,26.175077
test,T2,22.47,26.420368
test,T2,22.47,23.89543
test,T2,22.47,23.481997
test,T2,22.47,24.672176
test,T2,22.47,25.555216
test,T2,22.47,24.780582
test,T2,22.186,24.758774
test,T2,21.476,22.459684
test,T2,21.05,20.552399
test,T2,21.05,25.060871
test,T2,21.05,22.057625
test,T2,21.05,23.380764
test,T2,21.05,23.92364
test,T2,21.05,24.535465
test,T2,21.05,26.035889
test,T2,20.44,26.39561
test,T2,18.915,26.647936
test,T2,18.0,26.45119
test,T2,18.0,26.736834
test,T2,18.0,27.028713
test,T2,18.0,25.512291
test,T2,18.0,24.52189
test,T2,18.0,22.271385
test,T2,18.0,23.493418
test,T2,18.064,26.24232
test,T2,18.224,27.04622
test,T2,18.32,27.238995
test,T2,18.32,23.338442
test,T2,18.32,24.235744
test,T2,18.32,24.240013
test,T2,18.32,24.152172
test,T2,18.32,25.189693
test,T2,18.32,24.679592
test,T2,18.16,25.858988
test,T2,17.76,26.48877
test,T2,17.52,26.709282
test,T2,17.52,26.851164
test,T2,17.52,25.644058
test,T2,17.52,27.407135
test,T2,17.52,23.56195
test,T2,17.52,24.499325
test,T2,17.52,24.130161
test,T2,17.788015,25.984138
test,T2,18.463015,20.808662
test,T2,18.87,23.08236
test,T2,18.87,25.307007
test,T2,18.87,25.384388
test,T2,18.87,26.366722
test,T2,18.87,25.986584
test,T2,18.87,24.879677
test,T2,18.87,25.310436
test,T2,19.434,25.37168
test,T2,20.844,23.514925
test,T2,21.69,25.85226
test,T2,21.69,26.204803
test,T2,21.69,21.603344
test,T2,21.69,24.336403
test,T2,21.69,23.686903
test,T2,21.69,18.700155
test,T2,21.69,24.575794
test,T2,21.759657,25.374878
test,T2,21.934656,26.347942
test,T2,22.04,25.791668
test,T2,22.04,26.109425
test,T2,22.04,25.371603
test,T2,22.04,24.654955
test,T2,22.04,23.340837
test,T2,22.04,26.267954
test,T2,22.04,26.332382
test,T2,22.234,26.004063
test,T2,22.719,26.033627
test,T2,23.01,25.902405
test,T2,23.01,25.505146
test,T2,23.01,26.135338
test,T2,23.01,26.007305
test,T2,23.01,26.023136
test,T2,23.01,26.05133
test,T2,23.01,26.525421
test,T2,23.092,23.62707
test,T2,23.297,25.223087
test,T2,23.42,25.903181
test,T2,23.42,25.025448
test,T2,23.42,25.279669
test,T2,23.42,25.30658
test,T2,23.42,25.183216
test,T2,23.42,25.934998
test,T2,23.42,25.581059
test,T2,23.451921,26.022736
test,T2,23.531921,26.454447
test,T2,23.58,26.208458
test,T2,23.58,26.602245
test,T2,23.58,26.058613
test,T2,23.58,25.447014
test,T2,23.58,26.411873
test,T2,23.58,24.425964
test,T2,23.58,21.870148
test,T2,23.374,25.296051
test,T2,22.859,26.267422
test,T2,22.55,25.403881
test,T2,22.55,25.662962
test,T2,22.55,26.001526
test,T2,22.55,27.006926
test,T2,22.55,25.440723
test,T2,22.55,26.083643
test,T2,22.55,25.75366
test,T2,22.49813,25.029318
test,T2,22.36813,24.864944
test,T2,22.29,26.130623
test,T2,22.29,24.68169
test,T2,22.29,23.20501
test,T2,22.29,25.15487
test,T2,22.29,25.566437
test,T2,22.29,22.862656
test,T2,22.29,26.156507
test,T2,22.491495,27.52893
test,T2,22.996494,25.478477
test,T2,23.3,25.530807
test,T2,23.3,25.65876
test,T2,23.3,26.418015
test,T2,23.3,25.654297
test,T2,23.3,25.537626
test,T2,23.3,26.813278
test,T2,23.3,25.779743
test,T2,23.234634,24.937866
test,T2,23.069635,25.483967
test,T2,22.97,27.261139
test,T2,22.97,26.327389
test,T2,22.97,26.013075
test,T2,22.97,26.250336
test,T2,22.97,26.767181
test,T2,22.97,25.944881
test,T2,22.97,26.662645
test,T2,23.011896,25.508944
test,T2,23.116896,25.66055
test,T2,23.18,26.313942
test,T2,23.18,25.521893
test,T2,23.18,25.678904
test,T2,23.18,26.651623
test,T2,23.18,27.282616
test,T2,23.18,24.500706
test,T2,23.18,26.199354
test,T2,23.204,25.634382
test,T2,23.264,27.057827
test,T2,23.3,26.326565
test,T2,23.3,27.660524
test,T2,23.3,27.425488
test,T2,23.3,27.69344
test,T2,23.3,26.108742
test,T2,23.3,26.352207
test,T2,23.3,26.801704
test,T2,23.266,26.422451
test,T2,23.181,25.77312
test,T2,23.13,26.537642
test,T2,23.13,26.657879
test,T2,23.13,25.145699
test,T2,23.13,26.91909
test,T2,23.13,25.738472
test,T2,23.13,25.425434
test,T2,23.13,26.012493
test,T2,23.258,26.620258
test,T2,23.578,27.092962
test,T2,23.77,25.708698
test,T2,23.77,25.6652
test,T2,23.77,25.811205
test,T2,23.77,26.422586
test,T2,23.77,25.969397
test,T2,23.77,24.43556
test,T2,23.77,24.77453
test,T2,23.732,23.709467
test,T2,23.637,23.309496
test,T2,23.58,20.551891
test,T2,23.58,22.230017
test,T2,23.58,25.432858
test,T2,23.58,26.725044
test,T2,23.58,25.43544
test,T2,23.58,22.764774
test,T2,23.58,26.694954
test,T2,23.516,26.63818
test,T2,23.356,24.583704
test,T2,23.26,19.545795
test,T2,23.26,12.3453865
test,T2,23.26,19.530506
test,T2,23.26,26.43684
test,T2,23.26,25.868458
test,T2,23.26,27.407429
test,T2,23.26,24.490189
test,T2,23.706,25.376335
test,T2,24.821,24.715023
test,T2,25.49,23.913143
test,T2,25.49,23.156235
test,T2,25.49,24.336414
test,T2,25.49,26.22522
test,T2,25.49,26.2197
test,T2,25.49,25.530712
test,T2,25.49,24.50057
test,T2,25.512,20.838226
test,T2,25.567,22.5918
test,T2,25.6,24.751856
test,T2,25.6,25.213451
test,T2,25.6,24.206795
test,T2,25.6,24.774796
test,T2,25.6,24.876083
test,T2,25.6,23.60858
test,T2,25.6,25.892414
test,T2,25.474,26.056244
test,T2,25.159,24.043781
test,T2,24.97,24.580524
test,T2,24.97,26.836803
test,T2,24.97,22.87637
test,T2,24.97,25.915424
test,T2,24.97,25.895702
test,T2,24.97,26.375118
test,T2,24.97,26.32847
test,T2,24.828356,24.324482
test,T2,24.473354,24.945402
test,T2,24.26,26.774601
test,T2,24.26,26.100105
test,T2,24.26,26.099586
test,T2,24.26,25.087402
test,T2,24.26,17.562159
test,T2,24.26,26.680668
test,T2,24.26,25.937624
test,T2,24.836,25.54442
test,T2,26.276,25.880146
test,T2,27.14,26.732876
test,T2,27.14,24.660316
test,T2,27.14,25.222837
test,T2,27.14,26.212206
test,T2,27.14,25.28144
test,T2,27.14,25.778606
test,T2,27.14,26.671621
test,T2,27.225784,24.71339
test,T2,27.440784,26.016296
test,T2,27.57,25.491898
test,T2,27.57,22.819626
test,T2,27.57,25.581537
test,T2,27.57,24.710114
test,T2,27.57,25.129557
test,T2,27.57,25.74971
test,T2,27.57,25.459938
test,T2,27.540075,24.038298
test,T2,27.465075,26.574726
test,T2,27.42,25.677612
test,T2,27.42,25.304432
test,T2,27.42,24.326496
test,T2,27.42,24.035593
test,T2,27.42,25.101437
test,T2,27.42,25.46202
test,T2,27.42,24.58467
test,T2,27.60354,24.469666
test,T2,28.06354,23.745396
test,T2,28.34,21.15599
test,T2,28.34,24.9857
test,T2,28.34,26.489902
test,T2,28.34,26.742096
test,T2,28.34,25.095654
test,T2,28.34,25.930405
test,T2,28.34,26.054192
test,T2,27.801336,25.714563
test,T2,26.451336,25.698746
test,T2,25.64,24.612377
test,T2,25.64,26.760641
test,T2,25.64,26.77126
test,T2,25.64,25.87923
test,T2,25.64,21.966576
test,T2,25.64,23.500414
test,T2,25.64,24.882545
test,T2,25.363363,25.124756
test,T2,24.668364,25.734655
test,T2,24.25,26.788576
test,T2,24.25,26.725677
test,T2,24.25,26.854387
test,T2,24.25,24.925459
test,T2,24.25,23.09792
test,T2,24.25,25.375637
test,T2,24.25,26.8578
test,T2,24.140272,26.635616
test,T2,23.865273,26.533112
test,T2,23.7,25.316391
test,T2,23.7,24.795132
test,T2,23.7,26.783634
test,T2,23.7,26.398901
test,T2,23.7,25.8784
test,T2,23.7,25.074127
test,T2,23.7,24.85754
test,T2,23.736,24.977085
test,T2,23.826,25.79282
test,T2,23.88,25.80364
test,T2,23.88,24.648495
test,T2,23.88,26.742693
test,T2,23.88,25.012953
test,T2,23.88,26.501549
test,T2,23.88,26.42969
test,T2,23.88,26.094067
test,T2,23.612,26.060308
test,T2,22.942,25.709562
test,T2,22.54,25.849789
test,T2,22.54,26.568886
test,T2,22.54,24.296967
test,T2,22.54,25.200619
test,T2,22.54,24.557579
test,T2,22.54,26.028683
test,T2,22.54,26.38693
test,T2,22.798,26.561195
test,T2,23.443,25.871254
test,T2,23.83,25.859379
test,T2,23.83,24.64898
test,T2,23.83,23.351892
test,T2,23.83,24.867893
test,T2,23.83,25.109865
test,T2,23.83,23.178617
test,T2,23.83,26.32918
test,T2,23.836,26.263779
test,T2,23.851,26.04159
test,T2,23.86,26.481178
test,T2,23.86,23.645706
test,T2,23.86,25.009682
test,T2,23.86,25.17259
test,T2,23.86,25.894123
test,T2,23.86,25.76159
test,T2,23.86,26.221935
test,T2,24.103395,25.32412
test,T2,24.713396,25.647736
test,T2,25.08,25.74593
test,T2,25.08,25.938412
test,T2,25.08,24.331253
test,T2,25.08,26.200016
test,T2,25.08,24.99098
test,T2,25.08,25.024612
test,T2,25.08,26.234032
test,T2,25.19,25.004128
test,T2,25.465,24.662544
test,T2,25.63,26.586945
test,T2,25.63,25.48085
test,T2,25.63,25.586369
test,T2,25.63,25.621958
test,T2,25.63,25.903275
test,T2,25.63,24.07518
test,T2,25.63,23.262516
test,T2,25.192158,25.781965
test,T2,24.092157,25.876854
test,T2,23.43,25.571306
test,T2,23.43,26.122131
test,T2,23.43,26.048592
test,T2,23.43,25.442049
test,T2,23.43,25.120415
test,T2,23.43,26.080412
test,T2,23.43,26.434017
test,T2,22.848,23.907204
test,T2,21.393,23.653698
test,T2,20.52,25.942488
test,T2,20.52,25.986828
test,T2,20.52,26.340761
test,T2,20.52,26.09544
test,T2,20.52,25.099808
test,T2,20.52,26.453823
test,T2,20.52,26.950577
test,T2,20.833216,25.641905
test,T2,21.618216,24.512959
test,T2,22.09,25.106823
test,T2,22.09,25.832851
test,T2,22.09,26.049067
test,T2,22.09,25.60176
test,T2,22.09,25.837818
test,T2,22.09,25.466507
test,T2,22.09,19.762901
test,T2,22.149563,23.354153
test,T2,22.299562,26.043123
test,T2,22.39,25.041466
test,T2,22.39,25.714296
test,T2,22.39,26.344324
test,T2,22.39,26.933472
test,T2,22.39,26.538074
test,T2,22.39,25.845669
test,T2,22.39,24.691717
test,T2,21.734,24.879538
test,T2,20.094,25.201113
test,T2,19.11,26.275223
test,T2,19.11,26.186249
test,T2,19.11,27.137466
test,T2,19.11,26.168106
test,T2,19.11,22.709301
test,T2,19.11,17.489094
test,T2,19.11,22.03049
test,T2,18.663109,17.88836
test,T2,17.543108,16.88418
test,T2,16.87,15.4899645
test,T2,16.87,16.78779
test,T2,16.87,17.202229
test,T2,16.87,19.642311
test,T2,16.87,14.376779
test,T2,16.87,12.635367
test,T2,16.87,19.897879
test,T2,16.02412,24.368862
test,T2,13.90412,25.570744
test,T2,12.63,26.031185
test,T2,12.63,24.717928
test,T2,12.63,16.541126
test,T2,12.63,19.654354
test,T2,12.63,26.82175
test,T2,12.63,26.582016
test,T2,12.63,24.344059
test,T2,13.09,20.987865
test,T2,14.24,25.245964
test,T2,14.93,25.329687
test,T2,14.93,25.868263
test,T2,14.93,23.908016
test,T2,14.93,25.08968
test,T2,14.93,25.02006
test,T2,14.93,25.441196
test,T2,14.93,25.743368
test,T2,16.026,25.991808
test,T2,18.766,25.45772
test,T2,20.41,24.278023
test,T2,20.41,25.420092
test,T2,20.41,25.352406
test,T2,20.41,25.844522
test,T2,20.41,25.926807
test,T2,20.41,25.825651
test,T2,20.41,26.153542
test,T2,20.98,26.16888
test,T2,22.405,25.85548
test,T2,23.26,26.91988
test,T2,23.26,26.840004
test,T2,23.26,26.14008
test,T2,23.26,25.744797
test,T2,23.26,25.152763
test,T2,23.26,26.024866
test,T2,23.26,24.875095
test,T2,23.58,24.557835
test,T2,24.38,26.067926
test,T2,24.86,24.54153
test,T2,24.86,23.520756
test,T2,24.86,26.449242
test,T2,24.86,26.328215
test,T2,24.86,25.691133
test,T2,24.86,24.080282
test,T2,24.86,20.557253
test,T2,24.096,22.79894
test,T2,22.186,23.272232
test,T2,21.04,21.490349
test,T2,21.04,21.558819
test,T2,21.04,22.8928
test,T2,21.04,24.72449
test,T2,21.04,25.436943
test,T2,21.04,24.30085
test,T2,21.04,12.320628
test,T2,18.362,10.847752
test,T2,11.667,14.430464
test,T2,7.65,23.9323
test,T2,7.65,24.123554
test,T2,7.65,24.587372
test,T2,7.65,18.008904
test,T2,7.65,14.4713125
test,T2,7.65,22.386963
test,T2,7.65,23.956127
test,T2,6.632525,24.837904
test,T2,4.082525,21.23691
test,T2,2.55,25.009245
test,T2,2.55,25.952114
test,T2,2.55,23.943027
test,T2,2.55,19.622368
test,T2,2.55,22.205734
test,T2,2.55,25.318062
test,T2,2.55,23.734722
test,T2,2.55,16.006174
test,T2,2.55,13.907962
test,T2,2.55,13.887635
test,T2,2.55,18.438145
test,T2,2.55,14.588182
test,T2,2.55,12.38998
test,T2,2.55,12.910459
test,T2,2.55,16.7112
test,T2,2.55,11.4050665
test,T2,2.55,10.668217
test,T2,2.55,10.547803
test,T2,2.55,10.452949
test,T2,2.55,10.147887
test,T2,2.55,10.114173
test,T2,2.55,10.730648
test,T2,2.55,10.947609
test,T2,2.55,10.653798
test,T2,2.55,9.895139
test,T2,2.55,10.450539
test,T2,2.55,10.446486
test,T2,2.55,10.379733
test,T2,2.55,10.455752
test,T2,2.55,10.76158
test,T2,2.55,10.740538
test,T2,2.55,10.822637
test,T2,2.55,10.944729
test,T2,2.55,10.662082
test,T2,2.55,10.668443
test,T2,2.55,10.684205
test,T2,2.55,10.687333
test,T2,2.55,10.738684
test,T2,2.55,10.771343
test,T2,2.55,10.641255
test,T2,2.55,10.910016
test,T2,2.55,10.404947
test,T2,2.55,10.262428
test,T2,2.55,10.640115
test,T2,2.55,10.553652
test,T2,2.55,10.544546
test,T2,2.55,10.324191
test,T2,2.55,10.19317
test,T2,2.55,10.395295
test,T2,2.55,11.061049
test,T2,2.55,11.159829
test,T2,2.55,10.852315
test,T2,2.55,10.8794155
test,T2,2.55,10.816122
test,T2,2.55,10.93798
test,T2,2.55,10.805598
test,T2,2.55,10.823399
test,T2,2.55,10.002632
test,T2,2.55,9.991561
test,T2,2.55,10.351206
test,T2,2.55,10.277967
test,T2,2.55,9.760584
test,T2,2.55,10.662444
test,T2,2.55,10.814397
test,T2,2.55,10.281365
test,T2,2.55,10.402915
test,T2,2.55,10.53214
test,T2,2.55,10.622617
test,T2,2.55,10.666527
test,T2,2.55,10.345342
test,T2,2.55,10.123339
test,T2,2.55,10.478824
test,T2,2.55,10.374114
test,T2,2.55,11.004841
test,T2,2.55,10.892325
test,T2,2.55,10.809732
test,T2,2.55,11.026376
test,T2,2.55,10.90828
test,T2,2.55,11.09636
test,T2,2.55,10.821353
test,T2,2.55,10.568383
test,T2,2.55,10.792298
test,T2,2.55,11.344475
test,T2,2.55,11.068702
test,T2,2.55,10.808806
test,T2,2.55,10.847907
test,T2,2.55,10.848027
test,T2,2.55,10.831878
test,T2,2.55,10.523844
test,T2,2.55,10.621655
test,T2,2.55,10.725236
test,T2,2.55,10.688728
test,T2,2.55,10.330077
test,T2,2.55,10.908049
test,T2,2.55,10.640422
test,T2,2.55,10.539884
test,T2,2.55,10.710612
test,T2,2.55,10.5748415
test,T2,2.55,10.481082
test,T2,2.55,10.938297
test,T2,1.913775,10.859206
test,T2,0.638775,10.826668
test,T2,0.0,10.558585
test,T2,0.0,10.699052
test,T2,0.0,10.817701
test,T2,0.0,10.805942
test,T2,0.0,10.477591
test,T2,0.0,10.184628
test,T2,0.0,10.701081
test,T2,0.0,10.260715
test,T2,0.0,10.221389
test,T2,0.0,11.113708
test,T2,0.0,10.950329
test,T2,0.0,10.697356
test,T2,0.0,11.110293
test,T2,0.0,10.5158205
test,T2,0.0,10.611404
test,T2,0.0,10.985014
test,T2,0.0,19.480446
test,T2,0.0,12.19123
test,T2,0.0,10.747521
test,T2,0.0,10.736392
test,T2,0.0,10.419219
test,T2,0.0,10.500386
test,T2,0.0,10.748807
test,T2,0.0,10.602367
test,T2,0.0,11.228515
test,T2,0.0,10.546985
test,T2,0.0,10.8077965
test,T2,0.0,10.587316
test,T2,0.0,10.930228
test,T2,0.0,10.55755
test,T2,0.0,10.146734
test,T2,0.0,10.557254
test,T2,0.0,10.404211
test,T2,0.0,10.528228
test,T2,0.0,10.767131
test,T2,0.0,10.561857
test,T2,0.0,10.397062
test,T2,0.0,10.237174
test,T2,0.0,10.525957
test,T2,0.0,10.52837
test,T2,0.0,10.664001
test,T2,0.0,10.235978
test,T2,0.0,10.628917
test,T2,0.0,10.914308
test,T2,0.0,10.94132
test,T2,0.0,10.784186
test,T2,0.0,11.164088
test,T2,0.0,10.998322
test,T2,0.0,11.036142
test,T2,0.0,10.642812
test,T2,0.0,10.756876
test,T2,0.0,10.651393
test,T2,0.0,11.062369
test,T2,0.0,10.969697
test,T2,0.0,10.847373
test,T2,0.0,10.681682
test,T2,0.0,10.668327
test,T2,0.0,10.544245
test,T2,0.0,10.134857
test,T2,0.0,11.123853
test,T2,0.0,10.901233
test,T2,0.0,10.949639
test,T2,0.0,10.749772
test,T2,0.0,10.825677
test,T2,0.0,10.51385
test,T2,0.0,10.425894
test,T2,0.0,10.176941
test,T2,0.0,10.352588
test,T2,0.0,10.990671
test,T2,0.0,10.651944
test,T2,0.0,10.960437
test,T2,0.0,10.963242
test,T2,0.0,11.051348
test,T2,0.0,11.051732
test,T2,0.0,10.860777
test,T2,0.0,10.422991
test,T2,0.0,10.281109
test,T2,0.0,10.670932
test,T2,0.0,10.45324
test,T2,0.0,10.284473
test,T2,0.0,10.066391
test,T2,0.0,10.767718
test,T2,0.0,10.629034
test,T2,0.0,10.5916605
test,T2,0.0,10.752511
test,T2,0.0,10.7255945
test,T2,0.0,10.5310755
test,T2,0.0,11.09863
test,T2,0.0,11.352326
test,T2,0.0,11.033499
test,T2,0.0,10.336305
test,T2,0.0,10.400342
test,T2,0.0,10.476923
test,T2,0.0,10.6548605
test,T2,0.0,10.651483
test,T2,0.0,10.542634
test,T2,0.0,10.749092
test,T2,0.0,11.134496
test,T2,0.0,10.626413
test,T2,0.0,10.690451
test,T2,0.0,10.526919
test,T2,0.0,10.350694
test,T2,0.0,10.586893
test,T2,0.0,10.580539
test,T2,0.0,10.537425
test,T2,0.0,10.669252
test,T2,0.0,10.192359
test,T2,0.0,10.637047
test,T2,0.0,10.688109
test,T2,0.0,10.799197
test,T2,0.0,10.266515
test,T2,0.0,10.654568
test,T2,0.0,10.837153
test,T2,0.0,10.559304
test,T2,0.0,10.678943
test,T2,0.0,10.478073
test,T2,0.0,10.810731
test,T2,0.0,10.357123
test,T2,0.0,10.681199
test,T2,0.0,10.76614
test,T2,0.0,10.605857
test,T2,0.0,10.828857
test,T2,0.0,10.615433
test,T2,0.0,9.904197
test,T2,0.0,10.042357
test,T2,0.0,10.27073
test,T2,0.0,10.416521
test,T2,0.0,11.038839
test,T2,0.0,10.676818
test,T2,0.0,10.443551
test,T2,0.0,10.265489
test,T2,0.0,10.549666
test,T2,0.0,10.73658
test,T2,0.0,10.425412
test,T2,0.0,10.371
test,T2,0.0,10.742866
test,T2,0.0,11.396482
test,T2,0.0,10.893105
test,T2,0.0,11.290866
test,T2,0.0,10.722755
test,T2,0.0,10.357785
test,T2,0.0,10.750947
test,T2,0.0,10.895432
test,T2,0.0,11.0136385
test,T2,0.0,10.67175
test,T2,0.0,10.604789
test,T2,0.0,10.62862
test,T2,0.0,10.588379
test,T2,0.0,10.65493
test,T2,0.0,10.64927
test,T2,0.0,10.48715
test,T2,0.0,10.236895
test,T2,0.0,10.671393
test,T2,0.0,10.75353
test,T2,0.0,10.365061
test,T2,0.0,10.645314
test,T2,0.0,10.545798
test,T2,0.0,10.105859
test,T2,0.0,10.292557
test,T2,0.0,10.30295
test,T2,0.0,10.451226
test,T2,0.0,11.175991
test,T2,0.0,11.142556
test,T2,0.0,10.755201
test,T2,0.0,10.938251
test,T2,0.0,10.602614
test,T2,0.0,10.527862
test,T2,0.0,10.685177
test,T2,0.0,10.633498
test,T2,0.0,10.548371
test,T2,0.0,10.393816
test,T2,0.0,10.493829
test,T2,0.0,10.917039
test,T2,0.0,10.816295
test,T2,0.0,10.641891
test,T2,0.0,10.598586
test,T2,0.0,11.070831
test,T2,0.0,10.577758
test,T2,0.0,10.83445
test,T2,0.0,11.12586
test,T2,0.0,10.767554
test,T2,0.0,10.934356
test,T2,0.0,10.73511
test,T2,0.0,10.69689
test,T2,0.0,10.570973
test,T2,0.0,10.599044
test,T2,0.0,10.689139
test,T2,0.0,10.436675
test,T2,0.0,10.378854
test,T2,0.0,10.795029
test,T2,0.0,11.002638
test,T2,0.0,10.777492
test,T2,0.0,10.750368
test,T2,0.0,10.504099
test,T2,0.0,10.522495
test,T2,0.0,10.491883
test,T2,0.0,10.638528
test,T2,0.0,10.414369
test,T2,0.0,10.707888
test,T2,0.0,10.604358
test,T2,0.0,10.511717
test,T2,0.0,10.612336
test,T2,0.0,10.271425
test,T2,0.0,10.533643
test,T2,0.0,10.425308
test,T2,0.0,10.848487
test,T2,0.0,10.4642105
test,T2,0.0,10.614919
test,T2,0.0,10.88475
test,T2,0.0,10.9781275
test,T2,0.0,10.900889
test,T2,0.0,10.654936
test,T2,0.0,11.12941
test,T2,0.0,10.6237955
test,T2,0.0,10.851732
test,T2,0.0,10.027835
test,T2,0.0,10.3138075
test,T2,0.0,10.95021
test,T2,0.0,10.79741
test,T2,0.0,10.379205
test,T2,0.0,10.507521
test,T2,0.0,10.76101
test,T2,0.0,11.113547
test,T2,0.0,11.252417
test,T2,0.0,10.773494
test,T2,0.0,10.471963
test,T2,0.0,10.836482
test,T2,0.0,10.444549
test,T2,0.0,11.073899
test,T2,0.0,10.564086
test,T2,0.0,10.12208
test,T2,0.0,10.48883
test,T2,0.0,10.244078
test,T2,0.0,10.790925
test,T2,0.0,11.216296
test,T2,0.0,10.889676
test,T2,0.0,10.336133
test,T2,0.0,10.341612
test,T2,0.0,10.711371
test,T2,0.0,10.705526
test,T2,0.0,10.793214
test,T2,0.0,10.9564
test,T2,0.0,10.7865505
test,T2,0.0,10.712343
test,T2,0.0,10.5577135
test,T2,0.0,10.198293
test,T2,0.0,10.386397
test,T2,0.0,10.891821
test,T2,0.0,10.47819
test,T2,0.0,10.70026
test,T2,0.0,10.580638
test,T2,0.0,10.023737
test,T2,0.0,10.796084
test,T2,0.0,11.183999
test,T2,0.0,11.315493
test,T2,0.0,11.470439
test,T2,0.0,11.243705
test,T2,0.0,10.978164
test,T2,0.0,10.97535
test,T2,0.0,10.528795
test,T2,0.0,10.964822
test,T2,0.0,10.977291
test,T2,0.0,10.788173
test,T2,0.0,10.477512
test,T2,0.0,10.236033
test,T2,0.0,9.911496
test,T2,0.0,10.217183
test,T2,0.0,10.374303
test,T2,0.0,10.344024
test,T2,0.0,10.526151
test,T2,0.0,10.457232
test,T2,0.0,10.588553
test,T2,0.0,10.834691
test,T2,0.0,10.769252
test,T2,0.0,10.457427
test,T2,0.0,10.967149
test,T2,0.0,10.569467
test,T2,0.0,10.141328
test,T2,0.0,10.187425
test,T2,0.0,10.489356
test,T2,0.0,10.797741
test,T2,0.0,10.355771
test,T2,0.0,10.8703165
test,T2,0.0,10.678636
test,T2,0.0,10.798352
test,T2,0.0,10.637137
test,T2,0.0,10.710604
test,T2,0.0,10.630071
test,T2,0.0,10.261009
test,T2,0.0,10.945122
test,T2,0.0,10.755246
test,T2,0.0,10.729653
test,T2,0.0,10.462471
test,T2,0.0,10.684825
test,T2,0.0,10.978843
test,T2,0.0,11.492806
test,T2,0.0,10.917793
test,T2,0.0,10.749324
test,T2,0.0,10.422883
test,T2,0.0,10.755227
test,T2,0.0,10.770241
test,T2,0.0,10.655422
test,T2,0.0,10.516736
test,T2,0.0,10.639783
test,T2,0.0,10.649107
test,T2,0.0,10.465911
test,T2,0.0,10.878044
test,T2,0.0,10.604598
test,T2,0.0,10.296455
test,T2,0.0,10.194267
test,T2,0.0,11.194419
test,T2,0.0,11.155035
test,T2,0.0,10.834981
test,T2,0.0,10.617644
test,T2,0.0,10.932046
test,T2,0.0,10.647278
test,T2,0.0,10.900018
test,T2,0.0,11.254307
test,T2,0.0,10.691611
test,T2,0.0,10.637851
test,T2,0.0,11.169612
test,T2,0.0,10.327493
test,T2,0.0,10.084179
test,T2,0.0,10.980183
test,T2,0.0,10.906444
test,T2,0.0,10.42205
test,T2,0.0,10.341538
test,T2,0.0,10.546153
test,T2,0.0,10.535359
test,T2,0.0,10.564363
test,T2,0.0,10.777691
test,T2,0.0,10.543565
test,T2,0.0,10.914303
test,T2,0.0,10.93499
test,T2,0.0,10.601423
test,T2,0.0,10.709529
test,T2,0.0,10.836106
test,T2,0.0,11.184328
test,T2,0.0,10.909902
test,T2,0.0,10.44917
test,T2,0.0,10.70278
test,T2,0.0,10.852532
test,T2,0.0,10.38819
test,T2,0.0,10.432919
test,T2,0.0,10.620375
test,T2,0.0,10.628854
test,T2,0.0,10.618031
test,T2,0.0,10.598178
test,T2,0.0,10.69987
test,T2,0.0,10.413846
test,T2,0.0,10.3644285
test,T2,0.0,10.490539
test,T2,0.0,10.61494
test,T2,0.0,10.3188925
test,T2,0.0,10.962956
test,T2,0.0,10.477412
test,T2,0.0,10.809598
test,T2,0.0,11.066388
test,T2,0.0,10.756429
test,T2,0.0,10.669812
test,T2,0.0,10.695465
test,T2,0.0,10.540533
test,T2,0.0,10.920886
test,T2,0.0,11.151807
test,T2,0.0,10.440485
test,T2,0.0,10.31541
test,T2,0.0,11.017243
test,T2,0.0,10.942764
test,T2,0.0,10.515109
test,T2,0.0,10.322292
test,T2,0.0,10.682303
test,T2,0.0,10.303054
test,T2,0.0,10.496667
test,T2,0.0,10.733367
test,T2,0.0,10.2507515
test,T2,0.0,10.111552
test,T2,0.0,10.812722
test,T2,0.0,10.68635
test,T2,0.0,10.991663
test,T2,0.0,10.746843
test,T2,0.0,10.940959
test,T2,0.0,11.166102
test,T2,0.0,11.132937
test,T2,0.0,10.934775
test,T2,0.0,10.540659
test,T2,0.0,10.642186
test,T2,0.0,11.14243
test,T2,0.0,10.676017
test,T2,0.0,10.010094
test,T2,0.0,10.698461
test,T2,0.0,10.389312
test,T2,0.0,11.1856785
test,T2,0.0,10.773727
test,T2,0.0,10.494052
test,T2,0.0,10.209582
test,T2,0.0,10.87268
test,T2,0.0,12.675816
test,T2,0.0,19.96584
test,T2,0.0,24.565948
test,T2,0.0,23.37354
test,T2,0.0,14.497237
test,T2,0.0,12.604346
test,T2,0.0,11.60529
test,T2,0.0,12.383514
test,T2,0.0,11.114736
test,T2,0.0,12.091859
test,T2,0.0,25.03635
test,T2,0.0,24.905348
test,T2,0.0,21.406382
test,T2,0.40499505,25.057388
test,T2,1.4199951,25.817768
test,T2,2.03,26.699862
test,T2,2.03,23.200987
test,T2,2.03,20.08619
test,T2,2.03,11.581382
test,T2,2.03,15.382239
test,T2,2.03,19.445553
test,T2,2.03,21.096817
test,T2,2.574,13.647267
test,T2,3.934,9.36921
test,T2,4.75,16.451546
test,T2,4.75,23.831987
test,T2,4.75,26.224253
test,T2,4.75,20.154993
test,T2,4.75,21.163008
test,T2,4.75,21.43761
test,T2,4.75,20.830402
test,T2,7.048,27.017546
test,T2,12.793,26.328539
test,T2,16.24,24.616905
test,T2,16.24,23.835829
test,T2,16.24,25.987804
test,T2,16.24,24.211418
test,T2,16.24,26.043064
test,T2,16.24,25.330153
test,T2,16.24,21.382729
test,T2,18.32278,21.067495
test,T2,23.54278,26.230453
test,T2,26.68,25.792973
test,T2,26.68,26.058392
test,T2,26.68,25.00771
test,T2,26.68,24.622923
test,T2,26.68,23.65961
test,T2,26.68,23.390701
test,T2,26.68,23.994392
test,T2,27.116,25.970093
test,T2,28.206,23.838196
test,T2,28.86,24.97581
test,T2,28.86,24.971313
test,T2,28.86,26.271069
test,T2,28.86,25.097393
test,T2,28.86,25.3598
test,T2,28.86,26.06873
test,T2,28.86,25.060165
test,T2,29.124,25.575375
test,T2,29.784,26.039804
test,T2,30.18,26.900951
test,T2,30.18,26.1927
test,T2,30.18,26.256727
test,T2,30.18,26.282772
test,T2,30.18,26.0169
test,T2,30.18,24.689537
test,T2,30.18,22.289015
test,T2,30.176,25.10197
test,T2,30.166,25.999098
test,T2,30.16,26.16425
test,T2,30.16,26.818523
test,T2,30.16,26.331161
test,T2,30.16,25.651024
test,T2,30.16,26.664593
test,T2,30.16,26.911499
test,T2,30.16,25.70444
test,T2,30.161995,26.384537
test,T2,30.166996,26.881104
test,T2,30.17,26.753431
test,T2,30.17,25.137611
test,T2,30.17,25.43492
test,T2,30.17,24.916836
test,T2,30.17,25.743603
test,T2,30.17,24.403013
test,T2,30.17,26.434208
test,T2,30.32,26.162012
test,T2,30.695,26.30075
test,T2,30.92,27.196323
test,T2,30.92,24.847666
test,T2,30.92,23.85375
test,T2,30.92,25.560034
test,T2,30.92,26.19641
test,T2,30.92,26.857603
test,T2,30.92,26.603428
test,T2,30.77,25.689037
test,T2,30.395,25.34828
test,T2,30.17,27.159458
test,T2,30.17,26.36002
test,T2,30.17,26.797308
test,T2,30.17,26.672756
test,T2,30.17,26.516716
test,T2,30.17,26.326557
test,T2,30.17,25.41962
test,T2,29.932,26.554651
test,T2,29.337,26.328867
test,T2,28.98,26.57507
test,T2,28.98,26.445665
test,T2,28.98,26.556427
test,T2,28.98,26.204554
test,T2,28.98,26.845984
test,T2,28.98,25.230404
test,T2,28.98,25.304867
test,T2,29.298431,25.590279
test,T2,30.09843,26.520546
test,T2,30.58,26.038235
test,T2,30.58,26.773352
test,T2,30.58,25.631977
test,T2,30.58,25.903301
test,T2,30.58,26.647642
test,T2,30.58,27.23045
test,T2,30.58,26.82225
test,T2,30.62389,25.866882
test,T2,30.73389,26.021465
test,T2,30.8,26.254734
test,T2,30.8,26.079947
test,T2,30.8,26.41082
test,T2,30.8,25.184986
test,T2,30.8,25.706108
test,T2,30.8,27.005844
test,T2,30.8,24.799961
test,T2,30.841894,25.76522
test,T2,30.946896,26.009224
test,T2,31.01,24.42875
test,T2,31.01,26.099895
test,T2,31.01,24.785172
test,T2,31.01,26.731495
test,T2,31.01,26.612305
test,T2,31.01,27.145771
test,T2,31.01,26.931257
test,T2,30.826,26.151619
test,T2,30.366,25.008562
test,T2,30.09,26.06696
test,T2,30.09,26.707611
test,T2,30.09,26.50837
test,T2,30.09,26.390905
test,T2,30.09,24.675385
test,T2,30.09,25.646755
test,T2,30.09,26.430584
test,T2,30.44,24.90802
test,T2,31.315,25.019547
test,T2,31.84,26.71867
test,T2,31.84,26.954943
test,T2,31.84,25.526936
test,T2,31.84,25.990623
test,T2,31.84,25.349495
test,T2,31.84,23.987535
test,T2,31.84,23.912327
test,T2,31.932,24.692867
test,T2,32.162,24.705494
test,T2,32.3,25.82047
test,T2,32.3,23.355385
test,T2,32.3,24.122528
test,T2,32.3,25.124176
test,T2,32.3,24.624178
test,T2,32.3,23.441671
test,T2,32.3,18.909332
test,T2,32.558,25.224064
test,T2,33.203,24.358406
test,T2,33.59,25.441189
test,T2,33.59,26.57964
test,T2,33.59,22.583912
test,T2,33.59,26.770473
test,T2,33.59,26.547403
test,T2,33.59,26.579695
test,T2,33.59,25.057022
test,T2,33.248,25.096405
test,T2,32.393,26.218275
test,T2,31.88,22.950817
test,T2,31.88,25.136848
test,T2,31.88,25.39737
test,T2,31.88,25.405575
test,T2,31.88,24.828773
test,T2,31.88,25.113297
test,T2,31.88,25.889585
test,T2,31.588,23.214504
test,T2,30.858,25.238358
test,T2,30.42,25.815704
test,T2,30.42,25.479404
test,T2,30.42,26.1239
test,T2,30.42,26.062399
test,T2,30.42,24.683968
test,T2,30.42,25.375254
test,T2,30.42,25.806416
test,T2,29.762,26.306911
test,T2,28.117,25.780235
test,T2,27.13,25.646719
test,T2,27.13,25.990662
test,T2,27.13,26.233505
test,T2,27.13,26.891413
test,T2,27.13,25.847073
test,T2,27.13,26.42231
test,T2,27.13,25.418633
test,T2,26.236,24.784306
test,T2,24.001,25.248337
test,T2,22.66,27.148277
test,T2,22.66,26.059532
test,T2,22.66,26.208593
test,T2,22.66,25.90404
test,T2,22.66,26.608887
test,T2,22.66,25.048044
test,T2,22.66,25.092665
test,T2,22.052,26.019325
test,T2,20.532,26.246254
test,T2,19.62,26.166126
test,T2,19.62,26.496708
test,T2,19.62,25.41465
test,T2,19.62,23.715336
test,T2,19.62,22.772831
test,T2,19.62,24.379875
test,T2,19.62,25.962748
test,T2,18.698,25.017113
test,T2,16.393,24.497608
test,T2,15.01,25.14126
test,T2,15.01,18.232805
test,T2,15.01,24.470203
test,T2,15.01,26.014551
test,T2,15.01,24.738998
test,T2,15.01,23.555874
test,T2,15.01,23.623035
test,T2,12.937195,26.022007
test,T2,7.742195,26.675499
test,T2,4.62,23.393406
test,T2,4.62,25.324924
test,T2,4.62,26.380877
test,T2,4.62,25.262455
test,T2,4.62,24.795582
test,T2,4.62,26.583963
test,T2,4.62,23.64285
test,T2,3.838,13.632749
test,T2,1.883,11.057307
test,T2,0.71,22.237642
test,T2,0.71,22.023731
test,T2,0.71,20.481552
test,T2,0.71,19.846714
test,T2,0.71,23.035282
test,T2,0.71,24.474447
test,T2,0.71,24.518545
test,T2,4.582,24.846153
test,T2,14.262,26.998121
test,T2,20.07,26.039684
test,T2,20.07,24.67479
test,T2,20.07,25.013765
test,T2,20.07,26.359823
test,T2,20.07,24.830055
test,T2,20.07,24.282219
test,T2,20.07,25.486485
test,T2,21.917416,26.377573
test,T2,26.547417,25.893
test,T2,29.33,24.887926
test,T2,29.33,23.054928
test,T2,29.33,22.366842
test,T2,29.33,23.75386
test,T2,29.33,24.275028
test,T2,29.33,25.249603
test,T2,29.33,25.359863
test,T2,30.014,26.953724
test,T2,31.724,26.102428
test,T2,32.75,25.516857
test,T2,32.75,26.332571
test,T2,32.75,23.124092
test,T2,32.75,23.912422
test,T2,32.75,23.78099
test,T2,32.75,25.520046
test,T2,32.75,25.598146
test,T2,32.942,25.911034
test,T2,33.422,25.139164
test,T2,33.71,26.589745
test,T2,33.71,25.909607
test,T2,33.71,24.638542
test,T2,33.71,24.204233
test,T2,33.71,26.53585
test,T2,33.71,25.786976
test,T2,33.71,25.554365
test,T2,33.735935,26.813591
test,T2,33.800934,25.810757
test,T2,33.84,25.383732
test,T2,33.84,25.070698
test,T2,33.84,24.18031
test,T2,33.84,23.364056
test,T2,33.84,27.165623
test,T2,33.84,26.885136
test,T2,33.84,26.601704
test,T2,33.972,26.70306
test,T2,34.302,26.429577
test,T2,34.5,27.786983
test,T2,34.5,26.760574
test,T2,34.5,26.689045
test,T2,34.5,26.156048
test,T2,34.5,26.152563
test,T2,34.5,23.93726
test,T2,34.5,24.031813
test,T2,34.642,25.738708
test,T2,34.997,25.993286
test,T2,35.21,25.388664
test,T2,35.21,26.493366
test,T2,35.21,25.312487
test,T2,35.21,26.194721
test,T2,35.21,25.862015
test,T2,35.21,27.384422
test,T2,35.21,26.454533
test,T2,35.297783,25.961836
test,T2,35.51778,24.327953
test,T2,35.65,25.405504
test,T2,35.65,26.517868
test,T2,35.65,25.44904
test,T2,35.65,25.08615
test,T2,35.65,25.608313
test,T2,35.65,26.964088
test,T2,35.65,26.193089
test,T2,35.65399,26.597504
test,T2,35.66399,27.236275
test,T2,35.67,26.79152
test,T2,35.67,26.746502
test,T2,35.67,27.092453
test,T2,35.67,26.40444
test,T2,35.67,27.108208
test,T2,35.67,26.029839
test,T2,35.67,26.374207
test,T2,35.89,26.27496
test,T2,36.44,25.883158
test,T2,36.77,25.3702
test,T2,36.77,26.375116
test,T2,36.77,25.208672
test,T2,36.77,25.420053
test,T2,36.77,26.43172
test,T2,36.77,25.67028
test,T2,36.77,25.817627
test,T2,36.726,25.95539
test,T2,36.616,26.21487
test,T2,36.55,26.5986
test,T2,36.55,25.781118
test,T2,36.55,25.144894
test,T2,36.55,26.94748
test,T2,36.55,26.972458
test,T2,36.55,26.481773
test,T2,36.55,26.271355
test,T2,36.502,26.3709
test,T2,36.382,26.722542
test,T2,36.31,26.823639
test,T2,36.31,26.348793
test,T2,36.31,24.38711
test,T2,36.31,26.80362
test,T2,36.31,24.635996
test,T2,36.31,25.148441
test,T2,36.31,25.896927
test,T2,36.492,27.001099
test,T2,36.947,25.9993
test,T2,37.22,26.833092
test,T2,37.22,26.397652
test,T2,37.22,24.401833
test,T2,37.22,25.825974
test,T2,37.22,26.469604
test,T2,37.22,26.003351
test,T2,37.22,25.49316
test,T2,37.4,26.010965
test,T2,37.85,26.66675
test,T2,38.12,25.563236
test,T2,38.12,26.500448
test,T2,38.12,25.17888
test,T2,38.12,25.433578
test,T2,38.12,25.70459
test,T2,38.12,27.263393
test,T2,38.12,25.998547
test,T2,38.054165,24.3358
test,T2,37.889164,23.813614
test,T2,37.79,26.148907
test,T2,37.79,25.63984
test,T2,37.79,24.403988
test,T2,37.79,25.357079
test,T2,37.79,25.87997
test,T2,37.79,26.219936
test,T2,37.79,26.451511
test,T2,37.356,26.155144
test,T2,36.271,24.680637
test,T2,35.62,25.28823
test,T2,35.62,26.904263
test,T2,35.62,26.607956
test,T2,35.62,24.802658
test,T2,35.62,26.352772
test,T2,35.62,27.446907
test,T2,35.62,24.459177
test,T2,35.408,24.881569
test,T2,34.878,25.996567
test,T2,34.56,24.977676
test,T2,34.56,27.320658
test,T2,34.56,27.022064
test,T2,34.56,25.394104
test,T2,34.56,26.49997
test,T2,34.56,26.081911
test,T2,34.56,26.947807
test,T2,34.594,24.405106
test,T2,34.679,24.283909
test,T2,34.73,25.696075
test,T2,34.73,27.336954
test,T2,34.73,25.673033
test,T2,34.73,24.634632
test,T2,34.73,26.089478
test,T2,34.73,26.811502
test,T2,34.73,24.819988
test,T2,34.85,25.815321
test,T2,35.15,27.332706
test,T2,35.33,26.060051
test,T2,35.33,25.877377
test,T2,35.33,26.061995
test,T2,35.33,25.918228
test,T2,35.33,26.711636
test,T2,35.33,24.934803
test,T2,35.33,26.440619
test,T2,35.586,26.30205
test,T2,36.226,25.567154
test,T2,36.61,25.9869
test,T2,36.61,25.129734
test,T2,36.61,24.32819
test,T2,36.61,23.583645
test,T2,36.61,25.243767
test,T2,36.61,26.545643
test,T2,36.61,26.056627
test,T2,36.528,26.63375
test,T2,36.323,25.797066
test,T2,36.2,25.968773
test,T2,36.2,26.031921
test,T2,36.2,25.15532
test,T2,36.2,26.337334
test,T2,36.2,26.657484
test,T2,36.2,26.93484
test,T2,36.2,26.6757
test,T2,36.126,26.28497
test,T2,35.941,26.296713
test,T2,35.83,24.621634
test,T2,35.83,23.353601
test,T2,35.83,25.503841
test,T2,35.83,25.020079
test,T2,35.83,24.500343
test,T2,35.83,25.837523
test,T2,35.83,25.035498
test,T2,35.79,22.341082
test,T2,35.69,25.091658
test,T2,35.63,25.475807
test,T2,35.63,23.99776
test,T2,35.63,23.80907
test,T2,35.63,25.384594
test,T2,35.63,26.48524
test,T2,35.63,26.47567
test,T2,35.63,26.682379
test,T2,35.728,26.764889
test,T2,35.973,25.581331
test,T2,36.12,26.730026
test,T2,36.12,26.22023
test,T2,36.12,26.659344
test,T2,36.12,25.04715
test,T2,36.12,26.41673
test,T2,36.12,26.703888
test,T2,36.12,26.423975
test,T2,36.324,26.972141
test,T2,36.834,26.329363
test,T2,37.14,26.196163
test,T2,37.14,26.864494
test,T2,37.14,26.937237
test,T2,37.14,26.63439
test,T2,37.14,25.855972
test,T2,37.14,26.512989
test,T2,37.14,26.409927
test,T2,37.23975,25.531382
test,T2,37.48975,26.727537
test,T2,37.64,26.527187
test,T2,37.64,26.123478
test,T2,37.64,26.693794
test,T2,37.64,26.642147
test,T2,37.64,26.39336
test,T2,37.64,26.938667
test,T2,37.64,26.333363
test,T2,37.488,26.151222
test,T2,37.108,27.033768
test,T2,36.88,25.940126
test,T2,36.88,25.964108
test,T2,36.88,26.656883
test,T2,36.88,27.101482
test,T2,36.88,26.559366
test,T2,36.88,26.484955
test,T2,36.88,25.532558
test,T2,36.953815,24.736572
test,T2,37.138817,26.67317
test,T2,37.25,26.75615
test,T2,37.25,24.045769
test,T2,37.25,26.541424
test,T2,37.25,27.214764
test,T2,37.25,25.25355
test,T2,37.25,25.980284
test,T2,37.25,26.398777
test,T2,37.004,25.869083
test,T2,36.389,25.748854
test,T2,36.02,24.728607
test,T2,36.02,25.547462
test,T2,36.02,25.771397
test,T2,36.02,24.112837
test,T2,36.02,26.212334
test,T2,36.02,25.287457
test,T2,36.02,24.750063
test,T2,36.016,25.60556
test,T2,36.006,26.286472
test,T2,36.0,25.853256
test,T2,36.0,26.78368
test,T2,36.0,26.779354
test,T2,36.0,26.857962
test,T2,36.0,26.607948
test,T2,36.0,25.594538
test,T2,36.0,24.394505
test,T2,36.364,25.16658
test,T2,37.274,26.379532
test,T2,37.82,26.546848
test,T2,37.82,25.640661
test,T2,37.82,26.551224
test,T2,37.82,26.684805
test,T2,37.82,25.670546
test,T2,37.82,26.144474
test,T2,37.82,25.46931
test,T2,37.915524,26.068226
test,T2,38.155525,24.966854
test,T2,38.3,23.63333
test,T2,38.3,26.255924
test,T2,38.3,25.284885
test,T2,38.3,24.044884
test,T2,38.3,25.621834
test,T2,38.3,25.956404
test,T2,38.3,26.263863
test,T2,38.036,25.052914
test,T2,37.376,24.09407
test,T2,36.98,26.35943
test,T2,36.98,26.79463
test,T2,36.98,25.144436
test,T2,36.98,25.375256
test,T2,36.98,26.322178
test,T2,36.98,25.477524
test,T2,36.98,24.933817
test,T2,36.84,25.58208
test,T2,36.49,26.858143
test,T2,36.28,26.727104
test,T2,36.28,25.587933
test,T2,36.28,23.961525
test,T2,36.28,25.698729
test,T2,36.28,25.42186
test,T2,36.28,26.665644
test,T2,36.28,24.266386
test,T2,36.499,24.567646
test,T2,36.864,26.617073
test,T2,37.01,26.0509
test,T2,37.01,27.344078
test,T2,37.01,26.859756
test,T2,37.01,26.900587
test,T2,37.01,26.963505
test,T2,37.01,26.335258
test,T2,36.980076,26.403084
test,T2,36.905075,25.573677
test,T2,36.86,26.322948
test,T2,36.86,26.804789
test,T2,36.86,26.982906
test,T2,36.86,25.169506
test,T2,36.86,24.984436
test,T2,36.86,26.222145
test,T2,36.86,25.452465
test,T2,36.869976,25.721241
test,T2,36.894974,26.807096
test,T2,36.91,26.748394
test,T2,36.91,26.56548
test,T2,36.91,26.21362
test,T2,36.91,26.56797
test,T2,36.91,26.264006
test,T2,36.91,26.154343
test,T2,36.91,25.797203
test,T2,36.812,25.49921
test,T2,36.567,25.519089
test,T2,36.42,25.693954
test,T2,36.42,26.85555
test,T2,36.42,26.334229
test,T2,36.42,26.49963
test,T2,36.42,26.724909
test,T2,36.42,27.042183
test,T2,36.42,26.569366
test,T2,36.344,26.547174
test,T2,36.154,26.933615
test,T2,36.04,25.986557
test,T2,36.04,25.881554
test,T2,36.04,26.934128
test,T2,36.04,25.472797
test,T2,36.04,25.90895
test,T2,36.04,25.774773
test,T2,36.04,26.683304
test,T2,35.954,25.415798
test,T2,35.739,25.552675
test,T2,35.61,25.861881
test,T2,35.61,26.0658
test,T2,35.61,25.549397
test,T2,35.61,25.795647
test,T2,35.61,25.742203
test,T2,35.61,25.991844
test,T2,35.61,22.889065
test,T2,35.041412,25.558365
test,T2,33.61641,27.06451
test,T2,32.76,25.851147
test,T2,32.76,25.978619
test,T2,32.76,26.209442
test,T2,32.76,27.466118
test,T2,32.76,26.360489
test,T2,32.76,26.117695
test,T2,32.76,25.841232
test,T2,32.448,26.790941
test,T2,31.668,25.404549
test,T2,31.2,26.591492
test,T2,31.2,25.549793
test,T2,31.2,25.588484
test,T2,31.2,26.026407
test,T2,31.2,26.072437
test,T2,31.2,25.563297
test,T2,31.2,25.518028
test,T2,31.478,26.78835
test,T2,32.173,25.951534
test,T2,32.59,27.526333
test,T2,32.59,26.991714
test,T2,32.59,26.693478
test,T2,32.59,25.276592
test,T2,32.59,25.66418
test,T2,32.59,26.183506
test,T2,32.59,26.659098
test,T2,32.914,25.725592
test,T2,33.724,27.626408
test,T2,34.21,27.240053
test,T2,34.21,25.096075
test,T2,34.21,26.629196
test,T2,34.21,26.817307
test,T2,34.21,26.640211
test,T2,34.21,26.712345
test,T2,34.21,26.108524
test,T2,34.473347,26.998888
test,T2,35.133347,26.338818
test,T2,35.53,26.513287
test,T2,35.53,24.983442
test,T2,35.53,26.603481
test,T2,35.53,27.248898
test,T2,35.53,26.993305
test,T2,35.53,26.500145
test,T2,35.53,25.00528
test,T2,35.528,27.080204
test,T2,35.523,27.254494
test,T2,35.52,25.664282
test,T2,35.52,25.775894
test,T2,35.52,26.987286
test,T2,35.52,26.091064
test,T2,35.52,26.786919
test,T2,35.52,25.303537
test,T2,35.52,27.098257
test,T2,35.52,26.786755
test,T2,35.52,26.750875
test,T2,35.52,26.57351
test,T2,35.52,26.091822
test,T2,35.52,25.59795
test,T2,35.52,26.502865
test,T2,35.52,26.798483
test,T2,35.52,27.230179
test,T2,35.52,26.413147
test,T2,35.577854,26.966032
test,T2,35.722855,26.534168
test,T2,35.81,26.746025
test,T2,35.81,23.61748
test,T2,35.81,25.02825
test,T2,35.81,25.045673
test,T2,35.81,26.100239
test,T2,35.81,26.096804
test,T2,35.81,24.165672
test,T2,35.582565,24.882113
test,T2,35.012566,26.591772
test,T2,34.67,23.226852
test,T2,34.67,21.98636
test,T2,34.67,26.477829
test,T2,34.67,27.259792
test,T2,34.67,24.961632
test,T2,34.67,26.987518
test,T2,34.67,26.808887
test,T2,34.83758,26.34153
test,T2,35.25758,25.381395
test,T2,35.51,21.657282
test,T2,35.51,23.65363
test,T2,35.51,24.634361
test,T2,35.51,26.405325
test,T2,35.51,25.482456
test,T2,35.51,27.026308
test,T2,35.51,24.969685
test,T2,35.514,26.893684
test,T2,35.524,26.672623
test,T2,35.53,26.318365
test,T2,35.53,25.383327
test,T2,35.53,25.271805
test,T2,35.53,25.625984
test,T2,35.53,25.794407
test,T2,35.53,24.913
test,T2,35.53,24.522934
test,T2,35.862,23.177303
test,T2,36.692,23.024624
test,T2,37.19,25.510983
test,T2,37.19,26.932468
test,T2,37.19,26.755539
test,T2,37.19,25.170185
test,T2,37.19,25.665031
test,T2,37.19,26.430565
test,T2,37.19,27.40686
test,T2,37.02,26.527067
test,T2,36.595,26.935877
test,T2,36.34,26.7957
test,T2,36.34,26.340239
test,T2,36.34,26.518011
test,T2,36.34,26.041126
test,T2,36.34,26.277164
test,T2,36.34,27.190533
test,T2,36.34,27.017933
test,T2,36.22,25.622515
test,T2,35.92,26.684486
test,T2,35.74,25.463501
test,T2,35.74,25.636513
test,T2,35.74,26.32005
test,T2,35.74,25.843975
test,T2,35.74,26.226137
test,T2,35.74,24.789026
test,T2,35.74,24.90717
test,T2,35.816,26.924854
test,T2,36.006,25.119015
test,T2,36.12,25.43512
test,T2,36.12,25.66386
test,T2,36.12,26.28854
test,T2,36.12,26.540615
test,T2,36.12,25.864784
test,T2,36.12,24.970995
test,T2,36.12,25.560165
test,T2,36.012,26.675077
test,T2,35.742,26.007483
test,T2,35.58,26.00645
test,T2,35.58,25.355057
test,T2,35.58,27.31422
test,T2,35.58,26.295897
test,T2,35.58,25.244278
test,T2,35.58,25.819904
test,T2,35.58,26.488102
test,T2,35.759556,26.705824
test,T2,36.209553,26.499596
test,T2,36.48,26.5811
test,T2,36.48,26.343609
test,T2,36.48,27.220171
test,T2,36.48,26.48494
test,T2,36.48,26.771042
test,T2,36.48,26.308395
test,T2,36.48,27.129421
test,T2,36.488,27.148674
test,T2,36.508,26.81218
test,T2,36.52,26.636032
test,T2,36.52,26.892807
test,T2,36.52,24.9423
test,T2,36.52,25.525257
test,T2,36.52,25.442873
test,T2,36.52,26.282904
test,T2,36.52,26.099754
test,T2,36.518,27.202364
test,T2,36.513,26.888
test,T2,36.51,26.020336
test,T2,36.51,25.472927
test,T2,36.51,26.040438
test,T2,36.51,25.50269
test,T2,36.51,26.737282
test,T2,36.51,25.940815
test,T2,36.51,25.002148
test,T2,36.631695,26.716219
test,T2,36.936695,26.173313
test,T2,37.12,24.4875
test,T2,37.12,24.3923
test,T2,37.12,25.98954
test,T2,37.12,26.704025
test,T2,37.12,26.213146
test,T2,37.12,27.168795
test,T2,37.12,26.457191
test,T2,37.096058,25.227196
test,T2,37.03606,26.122625
test,T2,37.0,26.72862
test,T2,37.0,26.737642
test,T2,37.0,27.505955
test,T2,37.0,26.766033
test,T2,37.0,27.414654
test,T2,37.0,27.430069
test,T2,37.0,27.158857
test,T2,36.83441,27.021175
test,T2,36.41941,27.129366
test,T2,36.17,26.818878
test,T2,36.17,25.621632
test,T2,36.17,25.758087
test,T2,36.17,25.492943
test,T2,36.17,26.565071
test,T2,36.17,26.912651
test,T2,36.17,26.522438
test,T2,35.98,26.451725
test,T2,35.505,27.34029
test,T2,35.22,26.973059
test,T2,35.22,26.458424
test,T2,35.22,26.124756
test,T2,35.22,23.547043
test,T2,35.22,22.788181
test,T2,35.22,24.137493
test,T2,35.22,24.824486
test,T2,35.146,25.451609
test,T2,34.961,24.459503
test,T2,34.85,25.20368
test,T2,34.85,25.914341
test,T2,34.85,26.178333
test,T2,34.85,26.82762
test,T2,34.85,26.234217
test,T2,34.85,26.60601
test,T2,34.85,26.740152
test,T2,34.832,26.485365
test,T2,34.787,26.454044
test,T2,34.76,25.171907
test,T2,34.76,25.099733
test,T2,34.76,26.514168
test,T2,34.76,25.661572
test,T2,34.76,26.80203
test,T2,34.76,27.018986
test,T2,34.76,26.828041
test,T2,34.746,24.825
test,T2,34.711,26.433147
test,T2,34.69,26.170322
test,T2,34.69,25.911396
test,T2,34.69,26.04433
test,T2,34.69,26.032444
test,T2,34.69,26.42583
test,T2,34.69,27.058891
test,T2,34.69,25.501278
test,T2,34.739876,26.49355
test,T2,34.864876,27.166756
test,T2,34.94,26.827366
test,T2,34.94,26.189337
test,T2,34.94,25.45765
test,T2,34.94,25.640034
test,T2,34.94,26.325928
test,T2,34.94,25.855076
test,T2,34.94,26.160923
test,T2,34.644,25.266804
test,T2,33.904,26.338531
test,T2,33.46,26.519428
test,T2,33.46,26.212698
test,T2,33.46,26.6329
test,T2,33.46,24.763033
test,T2,33.46,23.92809
test,T2,33.46,22.9743
test,T2,33.46,24.290712
test,T2,33.266483,23.514286
test,T2,32.781487,23.62069
test,T2,32.49,19.852863
test,T2,32.49,24.00927
test,T2,32.49,25.630756
test,T2,32.49,26.621464
test,T2,32.49,26.892437
test,T2,32.49,26.3129
test,T2,32.49,25.047995
test,T2,32.432,26.619928
test,T2,32.287,26.233131
test,T2,32.2,24.820992
test,T2,32.2,23.940437
test,T2,32.2,26.237736
test,T2,32.2,24.341522
test,T2,32.2,25.145947
test,T2,32.2,24.851437
test,T2,32.2,25.5662
test,T2,32.27182,26.957508
test,T2,32.45182,26.777504
test,T2,32.56,26.732992
test,T2,32.56,26.431988
test,T2,32.56,27.305588
test,T2,32.56,27.156857
test,T2,32.56,26.335865
test,T2,32.56,26.648296
test,T2,32.56,26.564121
test,T2,32.701645,25.675272
test,T2,33.056644,25.360361
test,T2,33.27,25.506443
test,T2,33.27,26.104097
test,T2,33.27,26.0116
test,T2,33.27,26.127357
test,T2,33.27,25.328323
test,T2,33.27,25.848686
test,T2,33.27,26.288195
test,T2,33.274,25.698324
test,T2,33.284,24.666805
test,T2,33.29,26.115114
test,T2,33.29,26.172432
test,T2,33.29,26.47958
test,T2,33.29,25.954386
test,T2,33.29,26.511757
test,T2,33.29,25.514374
test,T2,33.29,26.107033
test,T2,33.43,25.027641
test,T2,33.78,24.590164
test,T2,33.99,25.760792
test,T2,33.99,26.085602
test,T2,33.99,27.096445
test,T2,33.99,24.7374
test,T2,33.99,27.125757
test,T2,33.99,26.08461
test,T2,33.99,24.550014
test,T2,34.056,26.131407
test,T2,34.221,27.306332
test,T2,34.32,26.52349
test,T2,34.32,25.756329
test,T2,34.32,25.106861
test,T2,34.32,25.345276
test,T2,34.32,26.394695
test,T2,34.32,26.228657
test,T2,34.32,25.58083
test,T2,34.316,24.650097
test,T2,34.306,25.504978
test,T2,34.3,25.674854
test,T2,34.3,24.657993
test,T2,34.3,26.214632
test,T2,34.3,25.991852
test,T2,34.3,27.194687
test,T2,34.3,26.823944
test,T2,34.3,25.73199
test,T2,34.416,25.914394
test,T2,34.706,25.443762
test,T2,34.88,25.294579
test,T2,34.88,25.418377
test,T2,34.88,24.38581
test,T2,34.88,24.522728
test,T2,34.88,27.004938
test,T2,34.88,26.464737
test,T2,34.88,25.543016
test,T2,34.728,25.586712
test,T2,34.348,25.314137
test,T2,34.12,26.301117
test,T2,34.12,26.61834
test,T2,34.12,25.379196
test,T2,34.12,25.890633
test,T2,34.12,26.296638
test,T2,34.12,26.313496
test,T2,34.12,27.266026
test,T2,34.278,26.485882
test,T2,34.673,26.636562
test,T2,34.91,26.913324
test,T2,34.91,25.944109
test,T2,34.91,24.632347
test,T2,34.91,25.722134
test,T2,34.91,26.296188
test,T2,34.91,25.798485
test,T2,34.91,26.821402
test,T2,35.016,26.853502
test,T2,35.281,25.789705
test,T2,35.44,25.945652
test,T2,35.44,26.644375
test,T2,35.44,26.963835
test,T2,35.44,26.800186
test,T2,35.44,25.738817
test,T2,35.44,26.196749
test,T2,35.44,25.99125
test,T2,35.61,25.944942
test,T2,36.035,25.65097
test,T2,36.29,24.225151
test,T2,36.29,25.798996
test,T2,36.29,26.831543
test,T2,36.29,25.931229
test,T2,36.29,26.254797
test,T2,36.29,24.947943
test,T2,36.29,25.328758
test,T2,36.356,26.094944
test,T2,36.521,25.70512
test,T2,36.62,25.99342
test,T2,36.62,24.994911
test,T2,36.62,25.113346
test,T2,36.62,25.596588
test,T2,36.62,26.039417
test,T2,36.62,26.056316
test,T2,36.62,25.670277
test,T2,36.518,23.764084
test,T2,36.263,23.869326
test,T2,36.11,24.5714
test,T2,36.11,26.486444
test,T2,36.11,25.91161
test,T2,36.11,23.894503
test,T2,36.11,24.496014
test,T2,36.11,26.069122
test,T2,36.11,26.15937
test,T2,35.976,26.181982
test,T2,35.641,26.109734
test,T2,35.44,26.565798
test,T2,35.44,25.455368
test,T2,35.44,26.221405
test,T2,35.44,27.128067
test,T2,35.44,25.744534
test,T2,35.44,26.333332
test,T2,35.44,26.067236
test,T2,35.37616,26.621975
test,T2,35.21616,26.165514
test,T2,35.12,26.049366
test,T2,35.12,25.163033
test,T2,35.12,24.561562
test,T2,35.12,25.427538
test,T2,35.12,25.997688
test,T2,35.12,25.63779
test,T2,35.12,26.766205
test,T2,35.110023,25.732033
test,T2,35.085026,25.580265
test,T2,35.07,26.073296
test,T2,35.07,26.236204
test,T2,35.07,27.006325
test,T2,35.07,25.331072
test,T2,35.07,26.747879
test,T2,35.07,25.95663
test,T2,35.07,26.50138
test,T2,35.13384,25.233402
test,T2,35.29384,24.909538
test,T2,35.39,26.30954
test,T2,35.39,25.650597
test,T2,35.39,27.110592
test,T2,35.39,26.943642
test,T2,35.39,26.597439
test,T2,35.39,26.34026
test,T2,35.39,25.843203
test,T2,35.342,26.035028
test,T2,35.222,26.191145
test,T2,35.15,27.07785
test,T2,35.15,26.604876
test,T2,35.15,25.823734
test,T2,35.15,26.129116
test,T2,35.15,26.022966
test,T2,35.15,26.174515
test,T2,35.15,26.888147
test,T2,35.174,26.015503
test,T2,35.234,26.340221
test,T2,35.27,26.49173
test,T2,35.27,26.475327
test,T2,35.27,26.533089
test,T2,35.27,27.044415
test,T2,35.27,26.265621
test,T2,35.27,26.882011
test,T2,35.27,26.045246
test,T2,35.226,25.47325
test,T2,35.116,24.84471
test,T2,35.05,26.126411
test,T2,35.05,26.74494
test,T2,35.05,26.563274
test,T2,35.05,26.11847
test,T2,35.05,26.119959
test,T2,35.05,26.587538
test,T2,35.05,25.868816
test,T2,35.036034,26.941229
test,T2,35.001034,26.750607
test,T2,34.98,27.167194
test,T2,34.98,25.555386
test,T2,34.98,24.188538
test,T2,34.98,24.902079
test,T2,34.98,26.569899
test,T2,34.98,26.9576
test,T2,34.98,27.00212
test,T2,35.09372,26.64823
test,T2,35.37872,27.124052
test,T2,35.55,26.114124
test,T2,35.55,26.034092
test,T2,35.55,24.22604
test,T2,35.55,25.38017
test,T2,35.55,26.368664
test,T2,35.55,24.903786
test,T2,35.55,26.380386
test,T2,35.5101,26.311169
test,T2,35.4101,26.754803
test,T2,35.35,25.292995
test,T2,35.35,25.899784
test,T2,35.35,26.730974
test,T2,35.35,23.704777
test,T2,35.35,24.419846
test,T2,35.35,26.367878
test,T2,35.35,26.218586
test,T2,35.256,25.068321
test,T2,35.021,25.742447
test,T2,34.88,25.69482
test,T2,34.88,25.27383
test,T2,34.88,24.803574
test,T2,34.88,26.427927
test,T2,34.88,25.08787
test,T2,34.88,26.946232
test,T2,34.88,24.960049
test,T2,34.796,21.516418
test,T2,34.586,24.700253
test,T2,34.46,25.339607
test,T2,34.46,26.876146
test,T2,34.46,24.30175
test,T2,34.46,22.062233
test,T2,34.46,23.247984
test,T2,34.46,26.388432
test,T2,34.46,26.218811
test,T2,34.392,26.480812
test,T2,34.222,27.248615
test,T2,34.12,24.150373
test,T2,34.12,24.865671
test,T2,34.12,24.572563
test,T2,34.12,26.75776
test,T2,34.12,24.955486
test,T2,34.12,26.031237
test,T2,34.12,26.528645
test,T2,34.166,26.964851
test,T2,34.281,26.422516
test,T2,34.35,26.888844
test,T2,34.35,26.656235
test,T2,34.35,25.400648
test,T2,34.35,25.63918
test,T2,34.35,25.703815
test,T2,34.35,25.403225
test,T2,34.35,26.103577
test,T2,34.40586,25.703356
test,T2,34.54586,25.598442
test,T2,34.63,24.500526
test,T2,34.63,26.014317
test,T2,34.63,27.440493
test,T2,34.63,26.395615
test,T2,34.63,24.971645
test,T2,34.63,26.622868
test,T2,34.63,27.06134
test,T2,34.666,25.385658
test,T2,34.756,27.024662
test,T2,34.81,27.146809
test,T2,34.81,26.764395
test,T2,34.81,26.297749
test,T2,34.81,25.965656
test,T2,34.81,26.985601
test,T2,34.81,25.486004
test,T2,34.81,27.216372
test,T2,34.878,26.207388
test,T2,35.048,26.9967
test,T2,35.15,26.535137
test,T2,35.15,24.999792
test,T2,35.15,24.184002
test,T2,35.15,25.851498
test,T2,35.15,26.516462
test,T2,35.15,25.523869
test,T2,35.15,26.218388
test,T2,35.21384,26.909534
test,T2,35.37384,25.84744
test,T2,35.47,25.914558
test,T2,35.47,25.992079
test,T2,35.47,24.769453
test,T2,35.47,25.918217
test,T2,35.47,25.606607
test,T2,35.47,25.951729
test,T2,35.47,25.824083
test,T2,35.534,25.30659
test,T2,35.694,25.987164
test,T2,35.79,26.775736
test,T2,35.79,26.297003
test,T2,35.79,26.1061
test,T2,35.79,24.528484
test,T2,35.79,23.496405
test,T2,35.79,24.327766
test,T2,35.79,25.771965
test,T2,35.866,25.84863
test,T2,36.056,25.88609
test,T2,36.17,25.128866
test,T2,36.17,25.449791
test,T2,36.17,24.38551
test,T2,36.17,26.210644
test,T2,36.17,25.118752
test,T2,36.17,25.590805
test,T2,36.17,26.515312
test,T2,36.09818,25.548294
test,T2,35.91818,25.362867
test,T2,35.81,25.905281
test,T2,35.81,26.050507
test,T2,35.81,25.947655
test,T2,35.81,26.066273
test,T2,35.81,25.520233
test,T2,35.81,25.463095
test,T2,35.81,25.489775
test,T2,35.808006,26.163666
test,T2,35.803005,26.652256
test,T2,35.8,25.328182
test,T2,35.8,26.137978
test,T2,35.8,25.772575
test,T2,35.8,25.698093
test,T2,35.8,26.080124
test,T2,35.8,26.397778
test,T2,35.8,26.620056
test,T2,35.656,26.301058
test,T2,35.296,26.12074
test,T2,35.08,25.551323
test,T2,35.08,26.220318
test,T2,35.08,26.231539
test,T2,35.08,26.204021
test,T2,35.08,26.393044
test,T2,35.08,27.181007
test,T2,35.08,26.491941
test,T2,35.188,25.680998
test,T2,35.458,26.527773
test,T2,35.62,25.17611
test,T2,35.62,25.767282
test,T2,35.62,26.003593
test,T2,35.62,24.780111
test,T2,35.62,25.019033
test,T2,35.62,26.133846
test,T2,35.62,26.48696
test,T2,35.612,25.478535
test,T2,35.592,25.393917
test,T2,35.58,26.165638
test,T2,35.58,25.591457
test,T2,35.58,24.858456
test,T2,35.58,23.703266
test,T2,35.58,25.492046
test,T2,35.58,27.243862
test,T2,35.58,26.567839
test,T2,35.648,26.611814
test,T2,35.818,24.443027
test,T2,35.92,26.502874
test,T2,35.92,25.90522
test,T2,35.92,25.876488
test,T2,35.92,26.343042
test,T2,35.92,25.671513
test,T2,35.92,26.759975
test,T2,35.92,26.408356
test,T2,35.928,26.262558
test,T2,35.948,26.054155
test,T2,35.96,26.141157
test,T2,35.96,26.776388
test,T2,35.96,26.037045
test,T2,35.96,26.748745
test,T2,35.96,25.955944
test,T2,35.96,26.5297
test,T2,35.96,26.957811
test,T2,36.094,25.880108
test,T2,36.429,24.89746
test,T2,36.63,26.430433
test,T2,36.63,25.805119
test,T2,36.63,25.086052
test,T2,36.63,23.221342
test,T2,36.63,24.823421
test,T2,36.63,26.7841
test,T2,36.63,26.456608
test,T2,36.584,27.030716
test,T2,36.469,25.31715
test,T2,36.4,25.978897
test,T2,36.4,25.161818
test,T2,36.4,26.121117
test,T2,36.4,26.563885
test,T2,36.4,26.299095
test,T2,36.4,25.969166
test,T2,36.4,26.159845
test,T2,36.272,25.268204
test,T2,35.952,25.919632
test,T2,35.76,25.967182
test,T2,35.76,26.94052
test,T2,35.76,26.879406
test,T2,35.76,26.528938
test,T2,35.76,25.487604
test,T2,35.76,26.432028
test,T2,35.76,25.650265
test,T2,35.61835,26.828533
test,T2,35.26335,26.228075
test,T2,35.05,26.133497
test,T2,35.05,25.881891
test,T2,35.05,27.145025
test,T2,35.05,26.759281
test,T2,35.05,26.753635
test,T2,35.05,25.94553
test,T2,35.05,26.70475
test,T2,34.96,26.868841
test,T2,34.735,26.67408
test,T2,34.6,26.502625
test,T2,34.6,26.61785
test,T2,34.6,25.400513
test,T2,34.6,25.464886
test,T2,34.6,26.511023
test,T2,34.6,27.03949
test,T2,34.6,26.485596
test,T2,34.35661,26.88732
test,T2,33.74661,26.899899
test,T2,33.38,25.504047
test,T2,33.38,25.775711
test,T2,33.38,25.73026
test,T2,33.38,26.445053
test,T2,33.38,26.426636
test,T2,33.38,26.760471
test,T2,33.38,26.326244
test,T2,33.356,25.984398
test,T2,33.296,27.110636
test,T2,33.26,26.243595
test,T2,33.26,26.662199
test,T2,33.26,25.606148
test,T2,33.26,25.491146
test,T2,33.26,26.33033
test,T2,33.26,24.97328
test,T2,33.26,25.909863
test,T2,33.326,25.997332
test,T2,33.491,25.807413
test,T2,33.59,25.83347
test,T2,33.59,26.432768
test,T2,33.59,25.994347
test,T2,33.59,26.311638
test,T2,33.59,24.658735
test,T2,33.59,20.50174
test,T2,33.59,22.46642
test,T2,33.574,23.230732
test,T2,33.534,25.308586
test,T2,33.51,25.034014
test,T2,33.51,26.081303
test,T2,33.51,26.394901
test,T2,33.51,26.062763
test,T2,33.51,25.863789
test,T2,33.51,26.498219
test,T2,33.51,27.054674
test,T2,33.58182,25.818882
test,T2,33.76182,24.67414
test,T2,33.87,26.299622
test,T2,33.87,26.233557
test,T2,33.87,25.440487
test,T2,33.87,25.170406
test,T2,33.87,24.076994
test,T2,33.87,23.916927
test,T2,33.87,23.750748
test,T2,33.716,25.85096
test,T2,33.331,25.35434
test,T2,33.1,26.397743
test,T2,33.1,25.243616
test,T2,33.1,26.748693
test,T2,33.1,26.539253
test,T2,33.1,26.018417
test,T2,33.1,26.006147
test,T2,33.1,24.728327
test,T2,32.914467,25.58628
test,T2,32.449467,26.4062
test,T2,32.17,27.143112
test,T2,32.17,25.848455
test,T2,32.17,24.773151
test,T2,32.17,24.201576
test,T2,32.17,24.842934
test,T2,32.17,26.269262
test,T2,32.17,26.753963
test,T2,32.14,27.196613
test,T2,32.065,25.636843
test,T2,32.02,26.546474
test,T2,32.02,25.884872
test,T2,32.02,23.771257
test,T2,32.02,24.807365
test,T2,32.02,25.327091
test,T2,32.02,25.52493
test,T2,32.02,25.110271
test,T2,32.006,25.573002
test,T2,31.971,25.680044
test,T2,31.95,25.07362
test,T2,31.95,26.119413
test,T2,31.95,26.583824
test,T2,31.95,25.929928
test,T2,31.95,24.944351
test,T2,31.95,24.488464
test,T2,31.95,24.568481
test,T2,32.006,25.701504
test,T2,32.146,26.17778
test,T2,32.23,25.476967
test,T2,32.23,24.890858
test,T2,32.23,25.844015
test,T2,32.23,25.11572
test,T2,32.23,23.78174
test,T2,32.23,23.458673
test,T2,32.23,25.198425
test,T2,32.22202,25.810581
test,T2,32.20202,26.767347
test,T2,32.19,26.950527
test,T2,32.19,26.702477
test,T2,32.19,26.42081
test,T2,32.19,24.806152
test,T2,32.19,25.129578
test,T2,32.19,25.51933
test,T2,32.19,25.157228
test,T2,32.19,25.619576
test,T2,32.19,25.95551
test,T2,32.19,26.523634
test,T2,32.19,26.714523
test,T2,32.19,26.257425
test,T2,32.19,24.211792
test,T2,32.19,26.206297
test,T2,32.19,26.557476
test,T2,32.19,27.594208
test,T2,32.09424,26.453953
test,T2,31.854239,25.68939
test,T2,31.71,24.16436
test,T2,31.71,23.774822
test,T2,31.71,23.644821
test,T2,31.71,26.25767
test,T2,31.71,26.309649
test,T2,31.71,25.460499
test,T2,31.71,27.092152
test,T2,31.618,26.032913
test,T2,31.388,25.408228
test,T2,31.25,26.030426
test,T2,31.25,26.705915
test,T2,31.25,25.66353
test,T2,31.25,27.100899
test,T2,31.25,26.800724
test,T2,31.25,26.63596
test,T2,31.25,26.131195
test,T2,31.426,25.82024
test,T2,31.866,26.716608
test,T2,32.13,26.872965
test,T2,32.13,25.538437
test,T2,32.13,25.759888
test,T2,32.13,23.372948
test,T2,32.13,25.412457
test,T2,32.13,25.886967
test,T2,32.13,26.182314
test,T2,32.351444,25.898132
test,T2,32.906445,26.574955
test,T2,33.24,25.571913
test,T2,33.24,25.377216
test,T2,33.24,23.888716
test,T2,33.24,24.320574
test,T2,33.24,25.874922
test,T2,33.24,25.852354
test,T2,33.24,26.389225
test,T2,33.354,26.246256
test,T2,33.639,25.88081
test,T2,33.81,24.07701
test,T2,33.81,25.64214
test,T2,33.81,26.434795
test,T2,33.81,26.554962
test,T2,33.81,26.627918
test,T2,33.81,25.726562
test,T2,33.81,26.680672
test,T2,33.994,24.704859
test,T2,34.454,24.945284
test,T2,34.73,25.027668
test,T2,34.73,26.753685
test,T2,34.73,24.737156
test,T2,34.73,26.241735
test,T2,34.73,25.74535
test,T2,34.73,26.109703
test,T2,34.73,23.427868
test,T2,34.598328,23.200521
test,T2,34.268326,27.06072
test,T2,34.07,24.419983
test,T2,34.07,26.88525
test,T2,34.07,25.622948
test,T2,34.07,25.25848
test,T2,34.07,26.619707
test,T2,34.07,25.380123
test,T2,34.07,24.813042
test,T2,34.108,26.223215
test,T2,34.203,26.140753
test,T2,34.26,26.907648
test,T2,34.26,25.762386
test,T2,34.26,26.204945
test,T2,34.26,25.957268
test,T2,34.26,25.56308
test,T2,34.26,26.934278
test,T2,34.26,26.729408
test,T2,34.352,25.473862
test,T2,34.582,26.02164
test,T2,34.72,26.599201
test,T2,34.72,27.10241
test,T2,34.72,26.292278
test,T2,34.72,26.550089
test,T2,34.72,26.18499
test,T2,34.72,26.06805
test,T2,34.72,25.845636
test,T2,34.76389,26.694534
test,T2,34.87389,27.447857
test,T2,34.94,25.829123
test,T2,34.94,26.160841
test,T2,34.94,25.697018
test,T2,34.94,26.413881
test,T2,34.94,26.80978
test,T2,34.94,26.789982
test,T2,34.94,26.628807
test,T2,34.98,25.791096
test,T2,35.08,26.48164
test,T2,35.14,25.73436
test,T2,35.14,25.474495
test,T2,35.14,25.571346
test,T2,35.14,26.835564
test,T2,35.14,25.80465
test,T2,35.14,26.059872
test,T2,35.14,24.432573
test,T2,35.138,26.351562
test,T2,35.133,26.197927
test,T2,35.13,24.488173
test,T2,35.13,26.388975
test,T2,35.13,25.627071
test,T2,35.13,25.851358
test,T2,35.13,25.70744
test,T2,35.13,26.119164
test,T2,35.13,27.134092
test,T2,35.166,26.744041
test,T2,35.256,25.48444
test,T2,35.31,26.311525
test,T2,35.31,25.832296
test,T2,35.31,25.206348
test,T2,35.31,25.184666
test,T2,35.31,26.517895
test,T2,35.31,25.817432
test,T2,35.31,26.229195
test,T2,35.302,25.914696
test,T2,35.282,25.875439
test,T2,35.27,25.9323
test,T2,35.27,25.920952
test,T2,35.27,23.691113
test,T2,35.27,25.420792
test,T2,35.27,26.908142
test,T2,35.27,26.88844
test,T2,35.27,27.114899
test,T2,35.352,26.882141
test,T2,35.557,26.450542
test,T2,35.68,25.991934
test,T2,35.68,26.604916
test,T2,35.68,26.33316
test,T2,35.68,27.041906
test,T2,35.68,26.233349
test,T2,35.68,24.9427
test,T2,35.68,24.908419
test,T2,35.848,26.33748
test,T2,36.268,26.649305
test,T2,36.52,25.333838
test,T2,36.52,24.909443
test,T2,36.52,26.101719
test,T2,36.52,25.281204
test,T2,36.52,25.904575
test,T2,36.52,26.149702
test,T2,36.52,25.62164
test,T2,36.591824,26.43367
test,T2,36.77182,25.14648
test,T2,36.88,26.067858
test,T2,36.88,26.318855
test,T2,36.88,25.974628
test,T2,36.88,25.833172
test,T2,36.88,26.754337
test,T2,36.88,25.300533
test,T2,36.88,24.829597
test,T2,36.836,25.693748
test,T2,36.726,25.791977
test,T2,36.66,25.74839
test,T2,36.66,25.945448
test,T2,36.66,26.323626
test,T2,36.66,26.127253
test,T2,36.66,26.075697
test,T2,36.66,26.593544
test,T2,36.66,27.656298
test,T2,36.654,26.54123
test,T2,36.639,26.73322
test,T2,36.63,26.380337
test,T2,36.63,24.862328
test,T2,36.63,25.549122
test,T2,36.63,25.823078
test,T2,36.63,25.95508
test,T2,36.63,26.46141
test,T2,36.63,25.726593
test,T2,36.52,25.435883
test,T2,36.245,24.782906
test,T2,36.08,26.22385
test,T2,36.08,26.93971
test,T2,36.08,25.993473
test,T2,36.08,25.859936
test,T2,36.08,25.343893
test,T2,36.08,25.173311
test,T2,36.08,26.607357
test,T2,35.848,26.107445
test,T2,35.268,24.667093
test,T2,34.92,23.388962
test,T2,34.92,26.157486
test,T2,34.92,26.281021
test,T2,34.92,24.150597
test,T2,34.92,25.255844
test,T2,34.92,26.462778
test,T2,34.92,23.0074
test,T2,34.712,24.866732
test,T2,34.192,24.146082
test,T2,33.88,23.529648
test,T2,33.88,24.242544
test,T2,33.88,25.049894
test,T2,33.88,24.17376
test,T2,33.88,25.035778
test,T2,33.88,24.71243
test,T2,33.88,22.409475
test,T2,33.94,24.77953
test,T2,34.09,24.86634
test,T2,34.18,27.09764
test,T2,34.18,27.349579
test,T2,34.18,26.054317
test,T2,34.18,26.134033
test,T2,34.18,24.117992
test,T2,34.18,22.428467
test,T2,34.18,25.026602
test,T2,34.186,25.651897
test,T2,34.201,23.950691
test,T2,34.21,26.03933
test,T2,34.21,26.67477
test,T2,34.21,25.553871
test,T2,34.21,26.09431
test,T2,34.21,25.3511
test,T2,34.21,26.045105
test,T2,34.21,25.924503
test,T2,34.434,26.082014
test,T2,34.994,25.470566
test,T2,35.33,27.058525
test,T2,35.33,25.139547
test,T2,35.33,25.643242
test,T2,35.33,25.230083
test,T2,35.33,25.466469
test,T2,35.33,25.574577
test,T2,35.33,26.686672
test,T2,35.656,26.340025
test,T2,36.471,26.581165
test,T2,36.96,25.130913
test,T2,36.96,25.80508
test,T2,36.96,25.851328
test,T2,36.96,25.51227
test,T2,36.96,24.258678
test,T2,36.96,23.4679
test,T2,36.96,21.327957
test,T2,37.022,19.846493
test,T2,37.177,25.054651
test,T2,37.27,26.480371
test,T2,37.27,26.381287
test,T2,37.27,27.294762
test,T2,37.27,27.857647
test,T2,37.27,26.081188
test,T2,37.27,27.009407
test,T2,37.27,25.973747
test,T2,37.20217,25.639862
test,T2,37.03217,25.332592
test,T2,36.93,26.99479
test,T2,36.93,25.442501
test,T2,36.93,25.51873
test,T2,36.93,26.62727
test,T2,36.93,25.875843
test,T2,36.93,26.188854
test,T2,36.93,25.840694
test,T2,36.792343,25.89039
test,T2,36.447346,25.178057
test,T2,36.24,25.042252
test,T2,36.24,25.00684
test,T2,36.24,24.602028
test,T2,36.24,23.522186
test,T2,36.24,25.143282
test,T2,36.24,25.429558
test,T2,36.24,26.395134
test,T2,36.142,26.13175
test,T2,35.897,26.435385
test,T2,35.75,26.231144
test,T2,35.75,25.370762
test,T2,35.75,25.178276
test,T2,35.75,25.12614
test,T2,35.75,25.09785
test,T2,35.75,26.483395
test,T2,35.75,26.400192
test,T2,35.72207,25.105558
test,T2,35.65207,24.553493
test,T2,35.61,25.478031
test,T2,35.61,24.78725
test,T2,35.61,26.08509
test,T2,35.61,25.825222
test,T2,35.61,25.684685
test,T2,35.61,25.265652
test,T2,35.61,25.620289
test,T2,35.41249,25.12693
test,T2,34.917492,25.933323
test,T2,34.62,26.84144
test,T2,34.62,26.50373
test,T2,34.62,24.936361
test,T2,34.62,25.133429
test,T2,34.62,25.60145
test,T2,34.62,26.00551
test,T2,34.62,26.072598
test,T2,34.628,26.080034
test,T2,34.648,25.373838
test,T2,34.66,26.351484
test,T2,34.66,26.09847
test,T2,34.66,27.299423
test,T2,34.66,26.937698
test,T2,34.66,26.831749
test,T2,34.66,26.340122
test,T2,34.66,25.775318
test,T2,34.75776,26.355198
test,T2,35.002758,26.633858
test,T2,35.15,26.317602
test,T2,35.15,26.12468
test,T2,35.15,26.816395
test,T2,35.15,25.767538
test,T2,35.15,25.80611
test,T2,35.15,25.194094
test,T2,35.15,25.007519
test,T2,35.204,24.556639
test,T2,35.339,22.977818
test,T2,35.42,24.115492
test,T2,35.42,25.696941
test,T2,35.42,26.056747
test,T2,35.42,25.940994
test,T2,35.42,25.910746
test,T2,35.42,26.049873
test,T2,35.42,25.058014
test,T2,35.326233,25.485703
test,T2,35.091232,26.364511
test,T2,34.95,26.344545
test,T2,34.95,26.785423
test,T2,34.95,26.505684
test,T2,34.95,26.265518
test,T2,34.95,25.669415
test,T2,34.95,25.220139
test,T2,34.95,25.812904
test,T2,35.00985,24.23083
test,T2,35.15985,25.818367
test,T2,35.25,26.536842
test,T2,35.25,26.777565
test,T2,35.25,26.55583
test,T2,35.25,26.24535
test,T2,35.25,24.67428
test,T2,35.25,25.687307
test,T2,35.25,24.076422
test,T2,35.344,25.248932
test,T2,35.579,21.698744
test,T2,35.72,26.331299
test,T2,35.72,26.683138
test,T2,35.72,26.528873
test,T2,35.72,26.789639
test,T2,35.72,25.244055
test,T2,35.72,24.194374
test,T2,35.72,25.233982
test,T2,35.63,26.108046
test,T2,35.405,26.166716
test,T2,35.27,25.966282
test,T2,35.27,25.548086
test,T2,35.27,24.503887
test,T2,35.27,24.148413
test,T2,35.27,25.335838
test,T2,35.27,24.829954
test,T2,35.27,25.320076
test,T2,35.164,26.317049
test,T2,34.899,26.140545
test,T2,34.74,26.781425
test,T2,34.74,25.714495
test,T2,34.74,26.06423
test,T2,34.74,26.131798
test,T2,34.74,26.112785
test,T2,34.74,23.690914
test,T2,34.74,25.046864
test,T2,34.75197,25.849243
test,T2,34.78197,26.22577
test,T2,34.8,25.211452
test,T2,34.8,25.817848
test,T2,34.8,26.139889
test,T2,34.8,25.867908
test,T2,34.8,25.439547
test,T2,34.8,26.101662
test,T2,34.8,26.167503
test,T2,35.03142,26.041275
test,T2,35.61142,26.479214
test,T2,35.96,27.263615
test,T2,35.96,26.745659
test,T2,35.96,25.729794
test,T2,35.96,25.42403
test,T2,35.96,25.092611
test,T2,35.96,24.126175
test,T2,35.96,24.27377
test,T2,35.938,25.059399
test,T2,35.883,26.511972
test,T2,35.85,26.82151
test,T2,35.85,26.518673
test,T2,35.85,27.042192
test,T2,35.85,26.624924
test,T2,35.85,25.161133
test,T2,35.85,26.81395
test,T2,35.85,26.45161
test,T2,35.899876,25.869831
test,T2,36.024876,26.700483
test,T2,36.1,26.013927
test,T2,36.1,25.997341
test,T2,36.1,24.194824
test,T2,36.1,24.568611
test,T2,36.1,26.17152
test,T2,36.1,25.565033
test,T2,36.1,25.59903
test,T2,36.032,26.05124
test,T2,35.862,26.055271
test,T2,35.76,25.528675
test,T2,35.76,26.115856
test,T2,35.76,26.297874
test,T2,35.76,26.998951
test,T2,35.76,26.61105
test,T2,35.76,26.721245
test,T2,35.76,26.181955
test,T2,35.868,26.08303
test,T2,36.138,27.073597
test,T2,36.3,26.870678
test,T2,36.3,27.114166
test,T2,36.3,25.914787
test,T2,36.3,26.543854
test,T2,36.3,26.465897
test,T2,36.3,25.797895
test,T2,36.3,26.079773
test,T2,36.23,26.703037
test,T2,36.055,26.259335
test,T2,35.95,26.94371
test,T2,35.95,26.12371
test,T2,35.95,26.735691
test,T2,35.95,26.300869
test,T2,35.95,27.016481
test,T2,35.95,26.729914
test,T2,35.95,27.461685
test,T2,36.0295,25.694023
test,T2,36.2945,26.659546
test,T2,36.48,26.151587
test,T2,36.48,25.804249
test,T2,36.48,26.719973
test,T2,36.48,25.657215
test,T2,36.48,25.846977
test,T2,36.48,25.946419
test,T2,36.48,25.124321
test,T2,36.556,26.120247
test,T2,36.746,24.800835
test,T2,36.86,24.989708
test,T2,36.86,25.49007
test,T2,36.86,25.714993
test,T2,36.86,26.194752
test,T2,36.86,25.200203
test,T2,36.86,25.97237
test,T2,36.86,26.309128
test,T2,37.002,26.32424
test,T2,37.357,26.976051
test,T2,37.57,26.575285
test,T2,37.57,26.164469
test,T2,37.57,26.138151
test,T2,37.57,25.923328
test,T2,37.57,26.378614
test,T2,37.57,26.620811
test,T2,37.57,26.241375
test,T2,37.26875,26.313848
test,T2,36.51375,26.042873
test,T2,36.06,25.847626
test,T2,36.06,26.128532
test,T2,36.06,27.128403
test,T2,36.06,28.03559
test,T2,36.06,26.540003
test,T2,36.06,26.819883
test,T2,36.06,26.411112
test,T2,36.022095,24.889397
test,T2,35.927094,27.338182
test,T2,35.87,26.032326
test,T2,35.87,24.527336
test,T2,35.87,23.6585
test,T2,35.87,22.178871
test,T2,35.87,26.647188
test,T2,35.87,27.565807
test,T2,35.87,26.402882
test,T2,35.888,26.645168
test,T2,35.933,26.6814
test,T2,35.96,25.978558
test,T2,35.96,26.915283
test,T2,35.96,27.506985
test,T2,35.96,26.491325
test,T2,35.96,26.562305
test,T2,35.96,26.429064
test,T2,35.96,26.569635
test,T2,35.896,26.647512
test,T2,35.736,26.694904
test,T2,35.64,25.393318
test,T2,35.64,25.254507
test,T2,35.64,24.845982
test,T2,35.64,23.7488
test,T2,35.64,25.621513
test,T2,35.64,26.026659
test,T2,35.64,26.230612
test,T2,35.62803,25.421474
test,T2,35.59803,25.111792
test,T2,35.58,26.594498
test,T2,35.58,25.253868
test,T2,35.58,25.147392
test,T2,35.58,25.442028
test,T2,35.58,24.780062
test,T2,35.58,25.346733
test,T2,35.58,25.00863
test,T2,35.538,25.242062
test,T2,35.433,26.244236
test,T2,35.37,25.551092
test,T2,35.37,24.534027
test,T2,35.37,26.506668
test,T2,35.37,25.115477
test,T2,35.37,25.450539
test,T2,35.37,26.575756
test,T2,35.37,25.678722
test,T2,35.511646,25.986994
test,T2,35.866646,24.997295
test,T2,36.08,25.845633
test,T2,36.08,25.251728
test,T2,36.08,24.03292
test,T2,36.08,25.19229
test,T2,36.08,25.959604
test,T2,36.08,25.6264
test,T2,36.08,25.80384
test,T2,36.192,25.169363
test,T2,36.472,22.59986
test,T2,36.64,22.50093
test,T2,36.64,24.670197
test,T2,36.64,24.865936
test,T2,36.64,25.942947
test,T2,36.64,25.01124
test,T2,36.64,23.86913
test,T2,36.64,23.82304
test,T2,36.56,24.131775
test,T2,36.36,25.647743
test,T2,36.24,26.902016
test,T2,36.24,23.865314
test,T2,36.24,26.843403
test,T2,36.24,26.24117
test,T2,36.24,24.71632
test,T2,36.24,24.356873
test,T2,36.24,25.075768
test,T2,36.337753,25.260563
test,T2,36.582756,25.16816
test,T2,36.73,23.863396
test,T2,36.73,21.630445
test,T2,36.73,19.481596
test,T2,36.73,24.330503
test,T2,36.73,26.798244
test,T2,36.73,27.043018
test,T2,36.73,26.324244
test,T2,36.35892,26.428787
test,T2,35.42892,25.810972
test,T2,34.87,26.31531
test,T2,34.87,25.753502
test,T2,34.87,25.52731
test,T2,34.87,27.088062
test,T2,34.87,26.193134
test,T2,34.87,26.599907
test,T2,34.87,26.078043
test,T2,34.91,24.313747
test,T2,35.01,23.859917
test,T2,35.07,25.022057
test,T2,35.07,25.063896
test,T2,35.07,25.93421
test,T2,35.07,26.899673
test,T2,35.07,26.731464
test,T2,35.07,26.458378
test,T2,35.07,26.293812
test,T2,34.78,26.340649
test,T2,34.055,25.948492
test,T2,33.62,26.646778
test,T2,33.62,26.123875
test,T2,33.62,25.641903
test,T2,33.62,25.016933
test,T2,33.62,25.437344
test,T2,33.62,25.7501
test,T2,33.62,26.305935
test,T2,33.51,25.748276
test,T2,33.235,26.4063
test,T2,33.07,26.608334
test,T2,33.07,24.574226
test,T2,33.07,25.89634
test,T2,33.07,26.621313
test,T2,33.07,25.838348
test,T2,33.07,25.815147
test,T2,33.07,25.884977
test,T2,32.914387,24.576633
test,T2,32.524387,23.714241
test,T2,32.29,25.378656
test,T2,32.29,26.074633
test,T2,32.29,24.847256
test,T2,32.29,25.926811
test,T2,32.29,24.956615
test,T2,32.29,23.214071
test,T2,32.29,25.975426
test,T2,32.428,24.202799
test,T2,32.773,22.039604
test,T2,32.98,22.77475
test,T2,32.98,25.195852
test,T2,32.98,24.531916
test,T2,32.98,24.71672
test,T2,32.98,27.068508
test,T2,32.98,25.761364
test,T2,32.98,25.23764
test,T2,33.062,25.29953
test,T2,33.267,26.012253
test,T2,33.39,23.691122
test,T2,33.39,23.363302
test,T2,33.39,26.09919
test,T2,33.39,25.84881
test,T2,33.39,25.936275
test,T2,33.39,24.926548
test,T2,33.39,25.674847
test,T2,33.467804,26.60594
test,T2,33.662804,25.052952
test,T2,33.78,24.262093
test,T2,33.78,25.141457
test,T2,33.78,24.905634
test,T2,33.78,25.591864
test,T2,33.78,25.490036
test,T2,33.78,26.3835
test,T2,33.78,26.939186
test,T2,34.01,26.889519
test,T2,34.585,25.789585
test,T2,34.93,25.538195
test,T2,34.93,25.281925
test,T2,34.93,26.090464
test,T2,34.93,25.784575
test,T2,34.93,25.197739
test,T2,34.93,25.969576
test,T2,34.93,25.562145
test,T2,34.948,24.97546
test,T2,34.993,24.773508
test,T2,35.02,25.371128
test,T2,35.02,26.186401
test,T2,35.02,24.67567
test,T2,35.02,23.241598
test,T2,35.02,23.452312
test,T2,35.02,25.686138
test,T2,35.02,25.434393
test,T2,34.97,26.475775
test,T2,34.845,26.248108
test,T2,34.77,25.385496
test,T2,34.77,25.51251
test,T2,34.77,26.108818
test,T2,34.77,26.564878
test,T2,34.77,25.245022
test,T2,34.77,25.285019
test,T2,34.77,24.998123
test,T2,34.67,26.156004
test,T2,34.42,26.10329
test,T2,34.27,25.352962
test,T2,34.27,25.690372
test,T2,34.27,25.778374
test,T2,34.27,26.426157
test,T2,34.27,27.180944
test,T2,34.27,26.371601
test,T2,34.27,26.824898
test,T2,34.424,26.933064
test,T2,34.809,26.46297
test,T2,35.04,24.386093
test,T2,35.04,27.039787
test,T2,35.04,26.850426
test,T2,35.04,26.010704
test,T2,35.04,25.885305
test,T2,35.04,27.047604
test,T2,35.04,26.681942
test,T2,35.540756,26.508265
test,T2,36.795757,26.540836
test,T2,37.55,26.362942
test,T2,37.55,24.93339
test,T2,37.55,25.739822
test,T2,37.55,24.905285
test,T2,37.55,23.901566
test,T2,37.55,25.832092
test,T2,37.55,25.340405
test,T2,37.396,24.74723
test,T2,37.011,25.513403
test,T2,36.78,26.874454
test,T2,36.78,26.981993
test,T2,36.78,25.831907
test,T2,36.78,24.688023
test,T2,36.78,23.996067
test,T2,36.78,26.020725
test,T2,36.78,26.20704
test,T2,36.684,26.731205
test,T2,36.444,25.852638
test,T2,36.3,24.683712
test,T2,36.3,26.261368
test,T2,36.3,26.410694
test,T2,36.3,26.76731
test,T2,36.3,25.853989
test,T2,36.3,25.556175
test,T2,36.3,25.635023
test,T2,36.18,25.81092
test,T2,35.88,26.000034
test,T2,35.7,24.875399
test,T2,35.7,23.583569
test,T2,35.7,26.208645
test,T2,35.7,26.161884
test,T2,35.7,26.593822
test,T2,35.7,25.033867
test,T2,35.7,26.376562
test,T2,35.612,25.323647
test,T2,35.392,24.434412
test,T2,35.26,25.567638
test,T2,35.26,24.220554
test,T2,35.26,24.899887
test,T2,35.26,25.76123
test,T2,35.26,25.923708
test,T2,35.26,24.629486
test,T2,35.26,25.092716
test,T2,35.278,24.829062
test,T2,35.323,24.103374
test,T2,35.35,23.999918
test,T2,35.35,24.935394
test,T2,35.35,25.820007
test,T2,35.35,25.060448
test,T2,35.35,25.693733
test,T2,35.35,25.676685
test,T2,35.35,23.67723
test,T2,35.114,25.367985
test,T2,34.524,25.463993
test,T2,34.17,22.576256
test,T2,34.17,25.2659
test,T2,34.17,25.248043
test,T2,34.17,22.143105
test,T2,34.17,22.948624
test,T2,34.17,21.901468
test,T2,34.17,24.420723
test,T2,34.108,23.37832
test,T2,33.953,20.957415
test,T2,33.86,23.847736
test,T2,33.86,26.43968
test,T2,33.86,26.201342
test,T2,33.86,25.822052
test,T2,33.86,24.491514
test,T2,33.86,27.064703
test,T2,33.86,25.425488
test,T2,33.912,26.172962
test,T2,34.042,26.188847
test,T2,34.12,25.357637
test,T2,34.12,24.90065
test,T2,34.12,25.10654
test,T2,34.12,26.71513
test,T2,34.12,25.773468
test,T2,34.12,25.710594
test,T2,34.12,26.402618
test,T2,33.988,23.680239
test,T2,33.658,22.68211
test,T2,33.46,25.442568
test,T2,33.46,25.939678
test,T2,33.46,24.169132
test,T2,33.46,26.264124
test,T2,33.46,25.596226
test,T2,33.46,26.602566
test,T2,33.46,26.873861
test,T2,33.40015,26.104118
test,T2,33.25015,25.952148
test,T2,33.16,24.762848
test,T2,33.16,26.22142
test,T2,33.16,25.904953
test,T2,33.16,26.302269
test,T2,33.16,26.726744
test,T2,33.16,26.787476
test,T2,33.16,27.55402
test,T2,33.064,27.23391
test,T2,32.824,26.904013
test,T2,32.68,26.648731
test,T2,32.68,25.421577
test,T2,32.68,25.652573
test,T2,32.68,25.966225
test,T2,32.68,27.071
test,T2,32.68,26.820988
test,T2,32.68,26.187437
test,T2,32.99122,25.65693
test,T2,33.77122,25.975899
test,T2,34.24,26.415937
test,T2,34.24,26.254461
test,T2,34.24,26.11306
test,T2,34.24,25.88264
test,T2,34.24,26.390177
test,T2,34.24,26.046177
test,T2,34.24,25.533525
test,T2,34.372,26.052868
test,T2,34.702,26.180056
test,T2,34.9,26.623037
test,T2,34.9,26.170557
test,T2,34.9,26.829315
test,T2,34.9,24.614685
test,T2,34.9,26.099827
test,T2,34.9,25.724169
test,T2,34.9,24.649582
test,T2,34.906,26.454475
test,T2,34.921,24.762142
test,T2,34.93,23.69906
test,T2,34.93,24.60099
test,T2,34.93,25.498074
test,T2,34.93,24.464827
test,T2,34.93,24.251417
test,T2,34.93,23.678059
test,T2,34.93,23.752611
test,T2,34.716,22.157606
test,T2,34.181,16.552402
test,T2,33.86,24.633331
test,T2,33.86,25.277473
test,T2,33.86,22.241138
test,T2,33.86,26.446178
test,T2,33.86,26.911888
test,T2,33.86,26.303242
test,T2,33.86,26.091764
test,T2,33.638,25.306023
test,T2,33.083,25.286203
test,T2,32.75,26.256187
test,T2,32.75,25.767212
test,T2,32.75,25.960712
test,T2,32.75,25.29922
test,T2,32.75,25.621918
test,T2,32.75,26.747948
test,T2,32.75,27.010967
test,T2,32.819828,26.190117
test,T2,32.994827,25.113102
test,T2,33.1,25.537716
test,T2,33.1,24.917763
test,T2,33.1,25.923203
test,T2,33.1,25.160248
test,T2,33.1,25.363485
test,T2,33.1,25.246479
test,T2,33.1,25.708233
test,T2,33.248,25.331573
test,T2,33.618,26.437927
test,T2,33.84,25.105078
test,T2,33.84,24.234982
test,T2,33.84,24.229563
test,T2,33.84,26.076023
test,T2,33.84,24.899273
test,T2,33.84,27.104946
test,T2,33.84,25.804928
test,T2,33.706,25.450655
test,T2,33.371,25.094128
test,T2,33.17,25.141726
test,T2,33.17,23.836674
test,T2,33.17,24.35815
test,T2,33.17,24.153584
test,T2,33.17,25.249516
test,T2,33.17,26.255283
test,T2,33.17,25.078896
test,T2,33.05,25.66351
test,T2,32.75,25.638046
test,T2,32.57,22.754913
test,T2,32.57,26.005486
test,T2,32.57,23.708344
test,T2,32.57,24.822
test,T2,32.57,26.086613
test,T2,32.57,26.847145
test,T2,32.57,25.74675
test,T2,32.57199,24.887028
test,T2,32.576992,24.74734
test,T2,32.58,26.769268
test,T2,32.58,26.098427
test,T2,32.58,24.683008
test,T2,32.58,26.681042
test,T2,32.58,25.89597
test,T2,32.58,22.088264
test,T2,32.58,26.369164
test,T2,32.666,25.548069
test,T2,32.881,25.898201
test,T2,33.01,26.967434
test,T2,33.01,25.416218
test,T2,33.01,24.617664
test,T2,33.01,23.874779
test,T2,33.01,24.640633
test,T2,33.01,25.277414
test,T2,33.01,24.204556
test,T2,33.04192,22.977848
test,T2,33.12192,25.238441
test,T2,33.17,26.46888
test,T2,33.17,26.141453
test,T2,33.17,26.185963
test,T2,33.17,25.6347
test,T2,33.17,25.826534
test,T2,33.17,26.867153
test,T2,33.17,25.238192
test,T2,33.262,25.753288
test,T2,33.492,26.404926
test,T2,33.63,25.708633
test,T2,33.63,26.048765
test,T2,33.63,26.498928
test,T2,33.63,26.38337
test,T2,33.63,26.219069
test,T2,33.63,24.763285
test,T2,33.63,26.862059
test,T2,33.776,25.773447
test,T2,34.141,26.64422
test,T2,34.36,26.079288
test,T2,34.36,25.869705
test,T2,34.36,25.576159
test,T2,34.36,26.604965
test,T2,34.36,26.988283
test,T2,34.36,25.752367
test,T2,34.36,25.413689
test,T2,34.428,25.899555
test,T2,34.598,26.177542
test,T2,34.7,27.771534
test,T2,34.7,26.985577
test,T2,34.7,27.90477
test,T2,34.7,26.230392
test,T2,34.7,25.743256
test,T2,34.7,26.199493
test,T2,34.7,26.475079
test,T2,34.713966,25.625399
test,T2,34.748966,26.204552
test,T2,34.77,26.97491
test,T2,34.77,26.778095
test,T2,34.77,25.630514
test,T2,34.77,26.386072
test,T2,34.77,25.767853
test,T2,34.77,25.714577
test,T2,34.77,26.445755
test,T2,34.836,25.923191
test,T2,35.001,27.066027
test,T2,35.1,27.754833
test,T2,35.1,26.883495
test,T2,35.1,27.00943
test,T2,35.1,25.834625
test,T2,35.1,26.139425
test,T2,35.1,26.390762
test,T2,35.1,26.460396
test,T2,35.084,25.893726
test,T2,35.044,26.61214
test,T2,35.02,27.462383
test,T2,35.02,27.291275
test,T2,35.02,26.215368
test,T2,35.02,25.9333
test,T2,35.02,26.814365
test,T2,35.02,24.558838
test,T2,35.02,26.569366
test,T2,35.10778,26.078888
test,T2,35.32778,26.975529
test,T2,35.46,25.713146
test,T2,35.46,26.696285
test,T2,35.46,25.813362
test,T2,35.46,24.911005
test,T2,35.46,23.242353
test,T2,35.46,24.857065
test,T2,35.46,26.30635
test,T2,35.284,26.8471
test,T2,34.844,24.759539
test,T2,34.58,25.371456
test,T2,34.58,25.632034
test,T2,34.58,25.391077
test,T2,34.58,26.073471
test,T2,34.58,26.602503
test,T2,34.58,26.720242
test,T2,34.58,26.859241
test,T2,34.33262,25.943043
test,T2,33.71262,27.382092
test,T2,33.34,26.18155
test,T2,33.34,25.831818
test,T2,33.34,25.907494
test,T2,33.34,26.85135
test,T2,33.34,26.46733
test,T2,33.34,25.634905
test,T2,33.34,25.754187
test,T2,33.114,25.546402
test,T2,32.549,26.274025
test,T2,32.21,26.635048
test,T2,32.21,26.15126
test,T2,32.21,27.08285
test,T2,32.21,25.872154
test,T2,32.21,25.68325
test,T2,32.21,25.740622
test,T2,32.21,26.837048
test,T2,31.934,26.3872
test,T2,31.244,25.404764
test,T2,30.83,25.197613
test,T2,30.83,25.732788
test,T2,30.83,26.102905
test,T2,30.83,25.6745
test,T2,30.83,26.548054
test,T2,30.83,26.737131
test,T2,30.83,26.184008
test,T2,30.5507,26.43605
test,T2,29.8507,26.75547
test,T2,29.43,25.706686
test,T2,29.43,27.47268
test,T2,29.43,27.381733
test,T2,29.43,25.856441
test,T2,29.43,25.739183
test,T2,29.43,25.629944
test,T2,29.43,24.34491
test,T2,29.69334,26.937593
test,T2,30.35334,27.06343
test,T2,30.75,26.193947
test,T2,30.75,25.68327
test,T2,30.75,25.572475
test,T2,30.75,27.599018
test,T2,30.75,26.530754
test,T2,30.75,26.035458
test,T2,30.75,26.880436
test,T2,30.922,26.150116
test,T2,31.352,26.251009
test,T2,31.61,25.514023
test,T2,31.61,26.47388
test,T2,31.61,25.543018
test,T2,31.61,25.345985
test,T2,31.61,26.192532
test,T2,31.61,26.197453
test,T2,31.61,25.58048
test,T2,31.39653,27.188354
test,T2,30.86153,26.903109
test,T2,30.54,26.978086
test,T2,30.54,25.938091
test,T2,30.54,26.184095
test,T2,30.54,24.657173
test,T2,30.54,25.469141
test,T2,30.54,24.46633
test,T2,30.54,25.85487
test,T2,30.626,26.828175
test,T2,30.841,25.77681
test,T2,30.97,25.888023
test,T2,30.97,26.967793
test,T2,30.97,26.555912
test,T2,30.97,26.223671
test,T2,30.97,26.26476
test,T2,30.97,26.440475
test,T2,30.97,26.224342
test,T2,31.183464,26.306026
test,T2,31.718466,24.408615
test,T2,32.04,25.755152
test,T2,32.04,25.669262
test,T2,32.04,25.960178
test,T2,32.04,26.890406
test,T2,32.04,25.998661
test,T2,32.04,22.432014
test,T2,32.04,21.834003
test,T2,32.12,24.474743
test,T2,32.32,24.345772
test,T2,32.44,21.938625
test,T2,32.44,25.87224
test,T2,32.44,25.601652
test,T2,32.44,25.002848
test,T2,32.44,26.186167
test,T2,32.44,26.427973
test,T2,32.44,26.006987
test,T2,32.49,24.662445
test,T2,32.615,25.081665
test,T2,32.69,24.606316
test,T2,32.69,23.23383
test,T2,32.69,24.664156
test,T2,32.69,25.701242
test,T2,32.69,26.71716
test,T2,32.69,26.590202
test,T2,32.69,26.195097
test,T2,32.674,25.391758
test,T2,32.634,26.843102
test,T2,32.61,25.478153
test,T2,32.61,25.569504
test,T2,32.61,25.555859
test,T2,32.61,22.871094
test,T2,32.61,26.044647
test,T2,32.61,25.678955
test,T2,32.61,26.304935
test,T2,32.722,26.11203
test,T2,33.002,25.767311
test,T2,33.17,25.108406
test,T2,33.17,24.947985
test,T2,33.17,25.966915
test,T2,33.17,25.970512
test,T2,33.17,25.01893
test,T2,33.17,25.638454
test,T2,33.17,25.869974
test,T2,33.223866,26.008347
test,T2,33.358868,26.457184
test,T2,33.44,24.895092
test,T2,33.44,23.316074
test,T2,33.44,25.210657
test,T2,33.44,24.619453
test,T2,33.44,23.335098
test,T2,33.44,26.888798
test,T2,33.44,26.224802
test,T2,33.664,25.829086
test,T2,34.224,24.17567
test,T2,34.56,25.760946
test,T2,34.56,25.447788
test,T2,34.56,24.320686
test,T2,34.56,24.98386
test,T2,34.56,26.869024
test,T2,34.56,25.845753
test,T2,34.56,25.535694
test,T2,34.49,25.79678
test,T2,34.315,25.27937
test,T2,34.21,25.492258
test,T2,34.21,26.155882
test,T2,34.21,25.337372
test,T2,34.21,25.340128
test,T2,34.21,25.0616
test,T2,34.21,26.596401
test,T2,34.21,26.931042
test,T2,34.438,25.338297
test,T2,35.008,24.77013
test,T2,35.35,24.33483
test,T2,35.35,26.017927
test,T2,35.35,25.95679
test,T2,35.35,26.028961
test,T2,35.35,25.192286
test,T2,35.35,25.475653
test,T2,35.35,24.603504
test,T2,35.474,24.683983
test,T2,35.784,24.951408
test,T2,35.97,26.105122
test,T2,35.97,25.679186
test,T2,35.97,24.844086
test,T2,35.97,25.875668
test,T2,35.97,25.422852
test,T2,35.97,26.521389
test,T2,35.97,25.30162
test,T2,35.78247,25.869291
test,T2,35.31247,26.849094
test,T2,35.03,25.825298
test,T2,35.03,25.730986
test,T2,35.03,26.666103
test,T2,35.03,26.386131
test,T2,35.03,26.58068
test,T2,35.03,25.004318
test,T2,35.03,23.947084
test,T2,35.072,25.046028
test,T2,35.177,26.128067
test,T2,35.24,26.899155
test,T2,35.24,26.583696
test,T2,35.24,24.784645
test,T2,35.24,25.858467
test,T2,35.24,25.81235
test,T2,35.24,25.88244
test,T2,35.24,24.649876
test,T2,35.068,26.895523
test,T2,34.638,26.90678
test,T2,34.38,27.011818
test,T2,34.38,25.86916
test,T2,34.38,25.530611
test,T2,34.38,25.484655
test,T2,34.38,26.218678
test,T2,34.38,25.827663
test,T2,34.38,24.210415
test,T2,34.22838,22.446968
test,T2,33.84838,25.981352
test,T2,33.62,25.68505
test,T2,33.62,25.568321
test,T2,33.62,26.912386
test,T2,33.62,24.663147
test,T2,33.62,19.4933
test,T2,33.62,24.267132
test,T2,33.62,24.164055
test,T2,33.472,24.153309
test,T2,33.102,24.94627
test,T2,32.88,26.090034
test,T2,32.88,25.38901
test,T2,32.88,26.709305
test,T2,32.88,26.106625
test,T2,32.88,25.363194
test,T2,32.88,25.38678
test,T2,32.88,24.947119
test,T2,33.168,26.848167
test,T2,33.888,25.024332
test,T2,34.32,22.390148
test,T2,34.32,26.590075
test,T2,34.32,27.24869
test,T2,34.32,26.603882
test,T2,34.32,26.075893
test,T2,34.32,25.440529
test,T2,34.32,24.620762
test,T2,34.53147,25.013298
test,T2,35.06147,25.71949
test,T2,35.38,25.876675
test,T2,35.38,23.664043
test,T2,35.38,25.2673
test,T2,35.38,26.50402
test,T2,35.38,26.437452
test,T2,35.38,25.641777
test,T2,35.38,25.96775
test,T2,35.602,25.080671
test,T2,36.157,24.429138
test,T2,36.49,25.49361
test,T2,36.49,26.674145
test,T2,36.49,26.169485
test,T2,36.49,26.052614
test,T2,36.49,26.697006
test,T2,36.49,25.373322
test,T2,36.49,25.671848
test,T2,36.531895,26.027214
test,T2,36.636894,26.539074
test,T2,36.7,26.773304
test,T2,36.7,26.687958
test,T2,36.7,26.3119
test,T2,36.7,26.012722
test,T2,36.7,25.049076
test,T2,36.7,25.599312
test,T2,36.7,26.525482
test,T2,36.788,26.868546
test,T2,37.008,26.255308
test,T2,37.14,25.940567
test,T2,37.14,26.333984
test,T2,37.14,26.069845
test,T2,37.14,25.477793
test,T2,37.14,26.075897
test,T2,37.14,25.732586
test,T2,37.14,24.61784
test,T2,36.876,26.17199
test,T2,36.216,25.327667
test,T2,35.82,24.763924
test,T2,35.82,25.887878
test,T2,35.82,26.128828
test,T2,35.82,26.45006
test,T2,35.82,27.693132
test,T2,35.82,27.06715
test,T2,35.82,25.847607
test,T2,35.949677,25.381794
test,T2,36.274673,24.596373
test,T2,36.47,24.880104
test,T2,36.47,26.756737
test,T2,36.47,26.613262
test,T2,36.47,27.234016
test,T2,36.47,25.463762
test,T2,36.47,25.637228
test,T2,36.47,27.382397
test,T2,36.676,24.828566
test,T2,37.191,24.28923
test,T2,37.5,25.659264
test,T2,37.5,26.722313
test,T2,37.5,25.991953
test,T2,37.5,25.76548
test,T2,37.5,26.057068
test,T2,37.5,25.82858
test,T2,37.5,26.452518
test,T2,37.38,27.331821
test,T2,37.08,25.227959
test,T2,36.9,23.864605
test,T2,36.9,24.109478
test,T2,36.9,24.53333
test,T2,36.9,25.225624
test,T2,36.9,26.12529
test,T2,36.9,26.944614
test,T2,36.9,26.103859
test,T2,36.856,24.531727
test,T2,36.746,25.817678
test,T2,36.68,25.915747
test,T2,36.68,25.575813
test,T2,36.68,25.735142
test,T2,36.68,25.956684
test,T2,36.68,25.333614
test,T2,36.68,25.630924
test,T2,36.68,25.812313
test,T2,36.406685,26.037815
test,T2,35.721684,26.069572
test,T2,35.31,26.657812
test,T2,35.31,26.308636
test,T2,35.31,22.797403
test,T2,35.31,24.16609
test,T2,35.31,25.246992
test,T2,35.31,26.478815
test,T2,35.31,24.870377
test,T2,35.5,22.874968
test,T2,35.975,26.245277
test,T2,36.26,25.36299
test,T2,36.26,25.841324
test,T2,36.26,25.885242
test,T2,36.26,26.2975
test,T2,36.26,24.765388
test,T2,36.26,24.662903
test,T2,36.26,25.367317
test,T2,36.098,25.344246
test,T2,35.693,26.856186
test,T2,35.45,25.559978
test,T2,35.45,26.217083
test,T2,35.45,26.624096
test,T2,35.45,26.390747
test,T2,35.45,24.470404
test,T2,35.45,22.755924
test,T2,35.45,25.086681
test,T2,35.408,24.262268
test,T2,35.303,24.369955
test,T2,35.24,23.067368
test,T2,35.24,25.121443
test,T2,35.24,27.020329
test,T2,35.24,26.706184
test,T2,35.24,26.8773
test,T2,35.24,27.162277
test,T2,35.24,26.540329
test,T2,35.08,25.452538
test,T2,34.68,24.937714
test,T2,34.44,24.104689
test,T2,34.44,24.54694
test,T2,34.44,25.377735
test,T2,34.44,24.645792
test,T2,34.44,25.808403
test,T2,34.44,25.683332
test,T2,34.44,26.760681
test,T2,34.384,25.954088
test,T2,34.244,25.623066
test,T2,34.16,25.612812
test,T2,34.16,23.851374
test,T2,34.16,23.89086
test,T2,34.16,26.148762
test,T2,34.16,23.876617
test,T2,34.16,22.65515
test,T2,34.16,23.829697
test,T2,34.044,25.20671
test,T2,33.754,24.845436
test,T2,33.58,24.219646
test,T2,33.58,25.091015
test,T2,33.58,25.578735
test,T2,33.58,25.64292
test,T2,33.58,24.658329
test,T2,33.58,24.87982
test,T2,33.58,24.323748
test,T2,33.709675,24.912426
test,T2,34.034676,25.630276
test,T2,34.23,26.767387
test,T2,34.23,25.810722
test,T2,34.23,25.838394
test,T2,34.23,24.081284
test,T2,34.23,24.906021
test,T2,34.23,26.061508
test,T2,34.23,26.781404
test,T2,34.02,23.576248
test,T2,33.495,25.292782
test,T2,33.18,25.774576
test,T2,33.18,25.96936
test,T2,33.18,26.989813
test,T2,33.18,26.618317
test,T2,33.18,26.749672
test,T2,33.18,26.045076
test,T2,33.18,24.342915
test,T2,32.768,24.83896
test,T2,31.738,25.903631
test,T2,31.12,27.188734
test,T2,31.12,25.501003
test,T2,31.12,24.631165
test,T2,31.12,25.746439
test,T2,31.12,25.724236
test,T2,31.12,25.398525
test,T2,31.12,25.967648
test,T2,30.948,23.858818
test,T2,30.518,24.992428
test,T2,30.26,24.9163
test,T2,30.26,24.783844
test,T2,30.26,26.359392
test,T2,30.26,26.619886
test,T2,30.26,25.174047
test,T2,30.26,24.251629
test,T2,30.26,26.102892
test,T2,29.836,25.866524
test,T2,28.776,25.895716
test,T2,28.14,26.210655
test,T2,28.14,25.628305
test,T2,28.14,22.32864
test,T2,28.14,22.991198
test,T2,28.14,13.844043
test,T2,28.14,24.95134
test,T2,28.14,26.640171
test,T2,28.704,26.422045
test,T2,30.114,24.159658
test,T2,30.96,25.107605
test,T2,30.96,26.585733
test,T2,30.96,26.005247
test,T2,30.96,26.04812
test,T2,30.96,25.416115
test,T2,30.96,26.713797
test,T2,30.96,26.115364
test,T2,31.158,25.486202
test,T2,31.653,23.086475
test,T2,31.95,19.887363
test,T2,31.95,23.654144
test,T2,31.95,25.892162
test,T2,31.95,27.10687
test,T2,31.95,26.708672
test,T2,31.95,24.182312
test,T2,31.95,26.438356
test,T2,32.188,25.627375
test,T2,32.783,24.467957
test,T2,33.14,26.838133
test,T2,33.14,26.486599
test,T2,33.14,25.831459
test,T2,33.14,26.22173
test,T2,33.14,26.738262
test,T2,33.14,26.342377
test,T2,33.14,26.818066
test,T2,33.138,24.487442
test,T2,33.133,25.05222
test,T2,33.13,25.517353
test,T2,33.13,25.616407
test,T2,33.13,26.295864
test,T2,33.13,21.670273
test,T2,33.13,24.802994
test,T2,33.13,26.129326
test,T2,33.13,20.705677
test,T2,33.06,14.901267
test,T2,32.885,20.654423
test,T2,32.78,25.665855
test,T2,32.78,25.76023
test,T2,32.78,25.538643
test,T2,32.78,25.791225
test,T2,32.78,25.611233
test,T2,32.78,27.194487
test,T2,32.78,26.151772
test,T2,32.793964,26.062588
test,T2,32.828964,25.228432
test,T2,32.85,26.248104
test,T2,32.85,23.83051
test,T2,32.85,25.451591
test,T2,32.85,26.20455
test,T2,32.85,26.71225
test,T2,32.85,24.594814
test,T2,32.85,21.487822
test,T2,32.997635,22.347881
test,T2,33.367634,25.076855
test,T2,33.59,23.404957
test,T2,33.59,25.879053
test,T2,33.59,26.11039
test,T2,33.59,26.096619
test,T2,33.59,27.247118
test,T2,33.59,25.503864
test,T2,33.59,23.716969
test,T2,33.71369,22.907879
test,T2,34.023693,24.659399
test,T2,34.21,26.678658
test,T2,34.21,24.713507
test,T2,34.21,27.223213
test,T2,34.21,25.636257
test,T2,34.21,26.564297
test,T2,34.21,25.518372
test,T2,34.21,25.270735
test,T2,34.07,25.182045
test,T2,33.72,24.442314
test,T2,33.51,19.834373
test,T2,33.51,21.047482
test,T2,33.51,23.658379
test,T2,33.51,26.286705
test,T2,33.51,27.212357
test,T2,33.51,23.3648
test,T2,33.51,23.92361
test,T2,33.314,24.091755
test,T2,32.824,23.258926
test,T2,32.53,23.696356
test,T2,32.53,26.102781
test,T2,32.53,25.918955
test,T2,32.53,23.79401
test,T2,32.53,25.048588
test,T2,32.53,25.945131
test,T2,32.53,26.013538
test,T2,32.78337,26.022585
test,T2,33.418373,26.317844
test,T2,33.8,26.396461
test,T2,33.8,26.428604
test,T2,33.8,26.604885
test,T2,33.8,26.683023
test,T2,33.8,25.85764
test,T2,33.8,24.81604
test,T2,33.8,25.332184
test,T2,34.198,24.454552
test,T2,35.193,24.797318
test,T2,35.79,25.102537
test,T2,35.79,25.057129
test,T2,35.79,25.46355
test,T2,35.79,27.072216
test,T2,35.79,26.071365
test,T2,35.79,26.611832
test,T2,35.79,26.467081
test,T2,35.664,26.293146
test,T2,35.349,25.186821
test,T2,35.16,25.081657
test,T2,35.16,25.841892
test,T2,35.16,25.912716
test,T2,35.16,26.717459
test,T2,35.16,26.680504
test,T2,35.16,25.984661
test,T2,35.16,25.79499
test,T2,35.132,25.377544
test,T2,35.062,25.024048
test,T2,35.02,25.309359
test,T2,35.02,26.285307
test,T2,35.02,24.490484
test,T2,35.02,26.200142
test,T2,35.02,26.061272
test,T2,35.02,25.583529
test,T2,35.02,26.648304
test,T2,34.459393,25.533445
test,T2,33.05439,26.387836
test,T2,32.21,25.729992
test,T2,32.21,25.213003
test,T2,32.21,24.375534
test,T2,32.21,26.832424
test,T2,32.21,25.998043
test,T2,32.21,27.155563
test,T2,32.21,26.323132
test,T2,32.15,26.014093
test,T2,32.0,25.51871
test,T2,31.91,25.868793
test,T2,31.91,25.271603
test,T2,31.91,26.79478
test,T2,31.91,27.023724
test,T2,31.91,26.477669
test,T2,31.91,26.581066
test,T2,31.91,26.332409
test,T2,31.628704,26.589155
test,T2,30.923704,26.474941
test,T2,30.5,25.856098
test,T2,30.5,24.845795
test,T2,30.5,25.486938
test,T2,30.5,25.343655
test,T2,30.5,26.792492
test,T2,30.5,26.609037
test,T2,30.5,26.31777
test,T2,30.470074,26.052528
test,T2,30.395075,25.318098
test,T2,30.35,24.349653
test,T2,30.35,25.977829
test,T2,30.35,25.613651
test,T2,30.35,25.980846
test,T2,30.35,25.424772
test,T2,30.35,24.998272
test,T2,30.35,25.111195
test,T2,30.214,25.65335
test,T2,29.874,25.2733
test,T2,29.67,26.124374
test,T2,29.67,26.123829
test,T2,29.67,25.600449
test,T2,29.67,27.168415
test,T2,29.67,26.409365
test,T2,29.67,25.744295
test,T2,29.67,26.283863
test,T2,30.1386,25.140648
test,T2,31.4586,24.26982
test,T2,32.31,24.571764
test,T2,32.31,24.55188
test,T2,32.31,24.404902
test,T2,32.31,21.88071
test,T2,32.31,24.557295
test,T2,32.31,25.403553
test,T2,32.31,25.77905
test,T2,32.22125,26.053892
test,T2,31.97125,25.963266
test,T2,31.81,26.307035
test,T2,31.81,25.148613
test,T2,31.81,24.296104
test,T2,31.81,25.213638
test,T2,31.81,25.93798
test,T2,31.81,24.925522
test,T2,31.81,25.94523
test,T2,31.747875,26.979813
test,T2,31.572874,25.396114
test,T2,31.46,26.225613
test,T2,31.46,25.608961
test,T2,31.46,24.360958
test,T2,31.46,24.024649
test,T2,31.46,24.041573
test,T2,31.46,25.675785
test,T2,31.46,26.071608
test,T2,31.52745,26.945318
test,T2,31.71745,26.179703
test,T2,31.84,26.092848
test,T2,31.84,25.161709
test,T2,31.84,25.612812
test,T2,31.84,24.673882
test,T2,31.84,25.511234
test,T2,31.84,24.249523
test,T2,31.84,26.58537
test,T2,31.975111,25.97836
test,T2,32.35511,26.022442
test,T2,32.6,24.913927
test,T2,32.6,26.277481
test,T2,32.6,24.26589
test,T2,32.6,23.981586
test,T2,32.6,25.92811
test,T2,32.6,26.055204
test,T2,32.6,25.326462
test,T2,32.399426,25.193645
test,T2,31.834425,26.319145
test,T2,31.47,26.309864
test,T2,31.47,25.865112
test,T2,31.47,24.661423
test,T2,31.47,24.519281
test,T2,31.47,25.101528
test,T2,31.47,24.645006
test,T2,31.47,23.774654
test,T2,31.695425,23.842281
test,T2,32.330425,23.977007
test,T2,32.74,24.632215
test,T2,32.74,26.425827
test,T2,32.74,24.16602
test,T2,32.74,25.246666
test,T2,32.74,23.689453
test,T2,32.74,24.296144
test,T2,32.74,25.809624
test,T2,32.738224,25.418167
test,T2,32.733227,24.928596
test,T2,32.73,24.638283
test,T2,32.73,24.854454
test,T2,32.73,25.16289
test,T2,32.73,24.66151
test,T2,32.73,19.20174
test,T2,32.73,20.885674
test,T2,32.73,25.312023
test,T2,32.9785,23.447073
test,T2,33.6785,15.467198
test,T2,34.13,25.74255
test,T2,34.13,23.880688
test,T2,34.13,16.970207
test,T2,34.13,23.456226
test,T2,34.13,24.767338
test,T2,34.13,24.77699
test,T2,34.13,25.85719
test,T2,34.15311,26.152336
test,T2,34.218113,23.899633
test,T2,34.26,25.279013
test,T2,34.26,17.53619
test,T2,34.26,21.390871
test,T2,34.26,19.272282
test,T2,34.26,25.42033
test,T2,34.26,25.34175
test,T2,34.26,26.356766
test,T2,34.123325,22.560482
test,T2,33.738323,22.809889
test,T2,33.49,24.006283
test,T2,33.49,21.916468
test,T2,33.49,25.888887
test,T2,33.49,22.690884
test,T2,33.49,21.952375
test,T2,33.49,24.990303
test,T2,33.49,24.493546
test,T2,33.299778,24.82408
test,T2,32.76478,25.839792
test,T2,32.42,25.125319
test,T2,32.42,25.647827
test,T2,32.42,23.056099
test,T2,32.42,25.37936
test,T2,32.42,25.721882
test,T2,32.42,26.485762
test,T2,32.42,25.033436
test,T2,32.45905,25.191738
test,T2,32.56905,25.481274
test,T2,32.64,25.896727
test,T2,32.64,25.687656
test,T2,32.64,24.204054
test,T2,32.64,17.47095
test,T2,32.64,22.419327
test,T2,32.64,26.35661
test,T2,32.64,25.354538
test,T2,32.521076,24.096226
test,T2,32.186073,26.176807
test,T2,31.97,26.188599
test,T2,31.97,24.548792
test,T2,31.97,25.756325
test,T2,31.97,26.09553
test,T2,31.97,26.23467
test,T2,31.97,27.265055
test,T2,31.97,26.611326
test,T2,32.13528,26.46548
test,T2,32.60028,23.767841
test,T2,32.9,24.842724
test,T2,32.9,25.516994
test,T2,32.9,20.364628
test,T2,32.9,20.347963
test,T2,32.9,25.18052
test,T2,32.9,25.949732
test,T2,32.9,25.752413
test,T2,33.1272,24.007175
test,T2,33.7672,22.374619
test,T2,34.18,13.426486
test,T2,34.18,21.380234
test,T2,34.18,24.656261
test,T2,34.18,24.97464
test,T2,34.18,24.322538
test,T2,34.18,25.236153
test,T2,34.18,25.939985
test,T2,33.862274,25.807579
test,T2,32.967274,26.399696
test,T2,32.39,26.832085
test,T2,32.39,24.663513
test,T2,32.39,24.782446
test,T2,32.39,23.883617
test,T2,32.39,22.660145
test,T2,32.39,21.170483
test,T2,32.39,22.70089
test,T2,32.5675,24.2655
test,T2,33.0675,25.03937
test,T2,33.39,25.770382
test,T2,33.39,25.410357
test,T2,33.39,24.762579
test,T2,33.39,24.881561
test,T2,33.39,21.946787
test,T2,33.39,21.733135
test,T2,33.39,23.96911
test,T2,33.38645,20.635357
test,T2,33.37645,25.656445
test,T2,33.37,27.12078
test,T2,33.37,26.096153
test,T2,33.37,25.70409
test,T2,33.37,26.997871
test,T2,33.37,24.88536
test,T2,33.37,25.39106
test,T2,33.37,25.280087
test,T2,33.471176,26.555449
test,T2,33.756176,24.53952
test,T2,33.94,24.626251
test,T2,33.94,25.632334
test,T2,33.94,24.773754
test,T2,33.94,27.078684
test,T2,33.94,24.258123
test,T2,33.94,24.68186
test,T2,33.94,25.464333
test,T2,33.85835,25.909138
test,T2,33.62835,25.893587
test,T2,33.48,26.400173
test,T2,33.48,26.827492
test,T2,33.48,26.341795
test,T2,33.48,25.512737
test,T2,33.48,25.76643
test,T2,33.48,25.582985
test,T2,33.48,24.80133
test,T2,33.67046,24.72958
test,T2,34.20546,25.2213
test,T2,34.55,24.118273
test,T2,34.55,23.425442
test,T2,34.55,25.070316
test,T2,34.55,26.15595
test,T2,34.55,26.368305
test,T2,34.55,24.651297
test,T2,34.55,25.04634
test,T2,34.558876,24.997292
test,T2,34.583874,24.911175
test,T2,34.6,23.922695
test,T2,34.6,25.02687
test,T2,34.6,24.129269
test,T2,34.6,25.836914
test,T2,34.6,25.47312
test,T2,34.6,23.737225
test,T2,34.6,24.996662
test,T2,34.655094,25.885721
test,T2,34.810093,26.020529
test,T2,34.91,24.97584
test,T2,34.91,26.529602
test,T2,34.91,26.893188
test,T2,34.91,24.05103
test,T2,34.91,22.73
test,T2,34.91,25.48552
test,T2,34.91,25.947964
test,T2,35.02005,24.945698
test,T2,35.33005,23.494083
test,T2,35.53,23.790379
test,T2,35.53,25.78843
test,T2,35.53,25.379272
test,T2,35.53,24.67887
test,T2,35.53,25.193367
test,T2,35.53,25.36086
test,T2,35.53,24.76221
test,T2,35.76289,24.258461
test,T2,36.41789,25.79723
test,T2,36.84,25.845646
test,T2,36.84,26.544514
test,T2,36.84,23.94609
test,T2,36.84,24.495403
test,T2,36.84,25.855347
test,T2,36.84,23.33406
test,T2,36.84,23.571075
test,T2,36.948444,22.778791
test,T2,37.253445,25.730438
test,T2,37.45,26.022858
test,T2,37.45,26.70673
test,T2,37.45,23.95714
test,T2,37.45,20.832308
test,T2,37.45,23.69973
test,T2,37.45,25.797594
test,T2,37.45,24.942017
test,T2,37.432228,20.317741
test,T2,37.38223,24.92683
test,T2,37.35,26.046429
test,T2,37.35,26.249325
test,T2,37.35,26.12341
test,T2,37.35,22.27956
test,T2,37.35,15.828703
test,T2,37.35,23.409569
test,T2,37.35,24.663708
test,T2,37.700115,25.01149
test,T2,38.685112,24.640167
test,T2,39.32,23.46507
test,T2,39.32,20.991287
test,T2,39.32,16.229397
test,T2,39.32,18.246183
test,T2,39.32,21.742779
test,T2,39.32,25.45026
test,T2,39.32,25.029228
test,T2,38.847256,26.198978
test,T2,37.517258,26.460278
test,T2,36.66,25.928297
test,T2,36.66,25.204845
test,T2,36.66,25.115982
test,T2,36.66,23.953152
test,T2,36.66,23.763828
test,T2,36.66,23.43651
test,T2,36.66,23.750523
test,T2,36.228676,22.803741
test,T2,35.013676,24.488338
test,T2,34.23,22.08738
test,T2,34.23,25.594727
test,T2,34.23,25.124866
test,T2,34.23,25.629215
test,T2,34.23,25.633682
test,T2,34.23,23.541842
test,T2,34.23,23.851456
test,T2,33.9176,26.137386
test,T2,33.0376,26.717659
test,T2,32.47,26.032635
test,T2,32.47,25.878908
test,T2,32.47,25.363434
test,T2,32.47,25.943909
test,T2,32.47,23.399582
test,T2,32.47,25.179806
test,T2,32.47,25.027828
test,T2,32.23925,25.034428
test,T2,31.58925,24.287107
test,T2,31.17,24.45944
test,T2,31.17,24.643282
test,T2,31.17,25.15955
test,T2,31.17,26.238739
test,T2,31.17,26.011868
test,T2,31.17,23.340343
test,T2,31.17,24.77596
test,T2,31.08125,26.276945
test,T2,30.83125,25.813934
test,T2,30.67,25.407948
test,T2,30.67,25.025492
test,T2,30.67,24.557457
test,T2,30.67,24.842926
test,T2,30.67,26.321804
test,T2,30.67,26.71225
test,T2,30.67,25.991701
test,T2,30.95747,25.734087
test,T2,31.767471,24.246613
test,T2,32.29,25.672995
test,T2,32.29,26.619244
test,T2,32.29,23.111504
test,T2,32.29,23.064194
test,T2,32.29,20.612362
test,T2,32.29,24.430424
test,T2,32.29,26.215332
test,T2,32.369877,25.989414
test,T2,32.594875,26.419907
test,T2,32.74,25.74584
test,T2,32.74,24.81706
test,T2,32.74,25.12833
test,T2,32.74,25.179312
test,T2,32.74,24.13273
test,T2,32.74,26.020973
test,T2,32.74,26.034817
test,T2,32.82165,25.966549
test,T2,33.05165,23.621632
test,T2,33.2,23.446766
test,T2,33.2,24.430067
test,T2,33.2,25.691326
test,T2,33.2,25.59288
test,T2,33.2,25.206696
test,T2,33.2,26.77244
test,T2,33.2,25.402138
test,T2,33.3775,25.30128
test,T2,33.8775,25.337212
test,T2,34.2,26.716043
test,T2,34.2,25.113697
test,T2,34.2,23.495583
test,T2,34.2,21.149633
test,T2,34.2,25.46679
test,T2,34.2,24.466259
test,T2,34.2,24.41569
test,T2,34.425426,26.148445
test,T2,35.060425,28.122934
test,T2,35.47,26.985022
test,T2,35.47,26.35007
test,T2,35.47,22.629799
test,T2,35.47,24.088154
test,T2,35.47,25.39828
test,T2,35.47,26.553024
test,T2,35.47,25.089859
test,T2,35.493076,26.594921
test,T2,35.558075,25.989445
test,T2,35.6,25.967865
test,T2,35.6,26.449017
test,T2,35.6,26.591785
test,T2,35.6,25.447647
test,T2,35.6,25.725681
test,T2,35.6,25.638836
test,T2,35.6,26.354694
test,T2,35.623074,26.469246
test,T2,35.688076,26.285671
test,T2,35.73,25.261997
test,T2,35.73,24.999207
test,T2,35.73,25.646141
test,T2,35.73,26.247662
test,T2,35.73,26.737064
test,T2,35.73,25.3945
test,T2,35.73,25.681213
test,T2,35.842,25.6795
test,T2,36.157,26.563595
test,T2,36.36,25.244421
test,T2,36.36,25.193924
test,T2,36.36,25.961147
test,T2,36.36,25.945509
test,T2,36.36,25.28149
test,T2,36.36,25.832417
test,T2,36.36,25.165312
test,T2,36.38485,26.743206
test,T2,36.45485,24.191109
test,T2,36.5,20.43722
test,T2,36.5,21.868616
test,T2,36.5,25.7022
test,T2,36.5,26.136232
test,T2,36.5,25.204742
test,T2,36.5,25.044876
test,T2,36.5,25.391327
test,T2,36.288776,25.377705
test,T2,35.693775,22.801416
test,T2,35.31,24.183804
test,T2,35.31,25.755737
test,T2,35.31,25.424595
test,T2,35.31,24.85418
test,T2,35.31,25.268106
test,T2,35.31,25.40696
test,T2,35.31,24.159468
test,T2,35.27805,24.697975
test,T2,35.18805,25.849335
test,T2,35.13,25.889345
test,T2,35.13,26.085701
test,T2,35.13,25.568125
test,T2,35.13,26.705376
test,T2,35.13,26.057419
test,T2,35.13,24.45892
test,T2,35.13,23.974642
test,T2,35.25229,25.838558
test,T2,35.597286,25.900139
test,T2,35.82,24.24337
test,T2,35.82,24.603168
test,T2,35.82,25.59648
test,T2,35.82,25.94616
test,T2,35.82,24.949253
test,T2,35.82,25.077465
test,T2,35.82,23.651878
test,T2,35.6851,21.454191
test,T2,35.3051,24.985588
test,T2,35.06,25.871513
test,T2,35.06,25.387291
test,T2,35.06,24.297966
test,T2,35.06,24.077774
test,T2,35.06,27.08126
test,T2,35.06,25.889774
test,T2,35.06,25.871773
test,T2,34.941074,24.715946
test,T2,34.606075,25.781456
test,T2,34.39,23.68173
test,T2,34.39,21.11183
test,T2,34.39,22.953976
test,T2,34.39,23.9842
test,T2,34.39,23.875862
test,T2,34.39,25.497055
test,T2,34.39,25.591385
test,T2,34.41825,23.836185
test,T2,34.49825,22.870903
test,T2,34.55,24.78476
test,T2,34.55,25.053799
test,T2,34.55,20.671928
test,T2,34.55,24.943316
test,T2,34.55,24.51054
test,T2,34.55,23.731913
test,T2,34.55,25.64398
test,T2,34.47524,25.735699
test,T2,34.26524,24.938946
test,T2,34.13,23.153917
test,T2,34.13,24.347012
test,T2,34.13,25.947578
test,T2,34.13,24.130657
test,T2,34.13,25.068783
test,T2,34.13,25.74664
test,T2,34.13,24.000057
test,T2,33.893925,19.656168
test,T2,33.228924,22.193344
test,T2,32.8,26.366516
test,T2,32.8,24.63419
test,T2,32.8,25.069393
test,T2,32.8,24.789642
test,T2,32.8,24.18668
test,T2,32.8,22.321884
test,T2,32.8,23.13601
test,T2,33.025425,26.716198
test,T2,33.660423,25.84121
test,T2,34.07,26.186638
test,T2,34.07,23.591541
test,T2,34.07,24.037292
test,T2,34.07,25.686066
test,T2,34.07,23.532345
test,T2,34.07,23.778435
test,T2,34.07,25.944616
test,T2,34.0132,26.256298
test,T2,33.8532,24.709667
test,T2,33.75,22.699211
test,T2,33.75,17.14017
test,T2,33.75,24.778856
test,T2,33.75,25.981022
test,T2,33.75,21.14895
test,T2,33.75,24.653316
test,T2,33.75,24.2677
test,T2,33.89555,25.80043
test,T2,34.30555,25.436466
test,T2,34.57,26.455572
test,T2,34.57,23.021587
test,T2,34.57,21.98981
test,T2,34.57,22.165077
test,T2,34.57,24.10899
test,T2,34.57,26.352264
test,T2,34.57,25.065454
test,T2,34.5274,25.930489
test,T2,34.4074,26.599277
test,T2,34.33,26.001268
test,T2,34.33,25.725426
test,T2,34.33,25.022991
test,T2,34.33,24.906345
test,T2,34.33,25.126493
test,T2,34.33,25.15347
test,T2,34.33,25.849096
test,T2,34.44005,25.22448
test,T2,34.75005,24.678646
test,T2,34.95,26.226315
test,T2,34.95,26.23797
test,T2,34.95,23.578041
test,T2,34.95,18.849125
test,T2,34.95,24.576572
test,T2,34.95,24.535704
test,T2,34.95,24.764862
test,T2,34.823975,25.982117
test,T2,34.468975,25.040695
test,T2,34.24,24.41163
test,T2,34.24,25.4683
test,T2,34.24,22.360928
test,T2,34.24,23.845318
test,T2,34.24,24.851326
test,T2,34.24,24.047352
test,T2,34.24,25.228561
test,T2,34.08735,25.369663
test,T2,33.65735,25.744843
test,T2,33.38,25.787651
test,T2,33.38,23.081139
test,T2,33.38,21.945538
test,T2,33.38,21.965101
test,T2,33.38,24.409798
test,T2,33.38,25.286474
test,T2,33.38,25.474894
test,T2,33.0321,25.767536
test,T2,32.0521,25.508236
test,T2,31.42,25.692675
test,T2,31.42,25.87898
test,T2,31.42,25.067158
test,T2,31.42,26.350563
test,T2,31.42,23.90157
test,T2,31.42,19.797384
test,T2,31.42,21.636393
test,T2,31.27445,25.712503
test,T2,30.86445,25.494581
test,T2,30.6,24.61764
test,T2,30.6,25.34251
test,T2,30.6,25.367533
test,T2,30.6,25.362148
test,T2,30.6,22.116516
test,T2,30.6,24.277172
test,T2,30.6,25.417034
test,T2,30.477371,26.05061
test,T2,30.132372,25.149057
test,T2,29.91,25.088741
test,T2,29.91,23.713318
test,T2,29.91,25.74968
test,T2,29.91,25.190046
test,T2,29.91,24.648754
test,T2,29.91,26.105925
test,T2,29.91,23.50702
test,T2,29.475124,23.276932
test,T2,28.250126,26.040985
test,T2,27.46,20.00367
test,T2,27.46,24.795807
test,T2,27.46,25.278051
test,T2,27.46,24.01866
test,T2,27.46,18.526882
test,T2,27.46,24.354313
test,T2,27.46,25.987415
test,T2,27.5949,26.021828
test,T2,27.9749,24.937325
test,T2,28.22,25.75528
test,T2,28.22,23.151968
test,T2,28.22,23.253315
test,T2,28.22,23.682178
test,T2,28.22,24.359972
test,T2,28.22,25.624527
test,T2,28.22,25.436726
test,T2,28.2271,25.511871
test,T2,28.2471,23.717255
test,T2,28.26,22.638172
test,T2,28.26,19.145329
test,T2,28.26,22.692314
test,T2,28.26,24.679585
test,T2,28.26,22.958706
test,T2,28.26,24.680916
test,T2,28.26,24.774363
test,T2,28.313316,23.285011
test,T2,28.463316,22.144043
test,T2,28.56,26.084919
test,T2,28.56,25.113731
test,T2,28.56,24.264904
test,T2,28.56,23.049309
test,T2,28.56,25.364752
test,T2,28.56,25.36985
test,T2,28.56,26.361778
test,T2,28.707325,27.530823
test,T2,29.122326,24.557331
test,T2,29.39,26.034607
test,T2,29.39,25.153807
test,T2,29.39,23.264265
test,T2,29.39,23.410912
test,T2,29.39,26.062775
test,T2,29.39,22.929329
test,T2,29.39,24.896988
test,T2,29.4326,26.099602
test,T2,29.5526,27.268703
test,T2,29.63,26.765198
test,T2,29.63,26.2013
test,T2,29.63,25.109484
test,T2,29.63,26.15419
test,T2,29.63,26.662508
test,T2,29.63,26.918945
test,T2,29.63,26.479572
test,T2,29.7365,24.782635
test,T2,30.0365,24.29291
test,T2,30.23,24.307884
test,T2,30.23,25.44075
test,T2,30.23,25.19874
test,T2,30.23,24.724607
test,T2,30.23,25.906395
test,T2,30.23,22.003464
test,T2,30.23,24.53505
test,T2,29.958426,24.717968
test,T2,29.193424,23.705233
test,T2,28.7,20.28391
test,T2,28.7,25.348177
test,T2,28.7,26.241077
test,T2,28.7,26.00374
test,T2,28.7,24.84264
test,T2,28.7,25.905003
test,T2,28.7,26.838112
test,T2,28.8775,26.133064
test,T2,29.3775,24.70276
test,T2,29.7,24.498028
test,T2,29.7,26.473684
test,T2,29.7,25.042887
test,T2,29.7,24.263365
test,T2,29.7,26.320787
test,T2,29.7,26.255726
test,T2,29.7,23.637539
test,T2,29.8775,25.642376
test,T2,30.3775,26.134018
test,T2,30.7,27.24133
test,T2,30.7,26.162363
test,T2,30.7,26.074467
test,T2,30.7,25.79517
test,T2,30.7,26.11806
test,T2,30.7,25.365608
test,T2,30.7,26.773785
test,T2,30.8633,26.545368
test,T2,31.3233,26.153597
test,T2,31.62,25.72341
test,T2,31.62,24.944466
test,T2,31.62,25.853445
test,T2,31.62,24.454346
test,T2,31.62,22.000477
test,T2,31.62,22.983978
test,T2,31.62,26.129284
test,T2,31.8543,25.436466
test,T2,32.5143,26.210028
test,T2,32.94,25.980553
test,T2,32.94,25.172394
test,T2,32.94,25.353033
test,T2,32.94,25.10588
test,T2,32.94,26.197857
test,T2,32.94,25.685246
test,T2,32.94,25.721092
test,T2,32.69897,25.160126
test,T2,32.01897,26.044138
test,T2,31.58,25.327232
test,T2,31.58,25.607664
test,T2,31.58,25.787941
test,T2,31.58,24.789457
test,T2,31.58,17.996532
test,T2,31.58,22.146667
test,T2,31.58,26.255184
test,T2,31.500126,25.592169
test,T2,31.275126,24.802662
test,T2,31.13,25.13815
test,T2,31.13,24.951939
test,T2,31.13,24.9133
test,T2,31.13,24.859451
test,T2,31.13,25.635822
test,T2,31.13,25.21642
test,T2,31.13,24.548916
test,T2,31.145975,24.430515
test,T2,31.190975,25.240532
test,T2,31.22,25.189274
test,T2,31.22,18.290833
test,T2,31.22,21.98309
test,T2,31.22,24.72754
test,T2,31.22,24.485796
test,T2,31.22,25.403374
test,T2,31.22,25.497993
test,T2,30.96795,25.146778
test,T2,30.25795,25.8181
test,T2,29.8,26.421099
test,T2,29.8,26.633072
test,T2,29.8,24.496923
test,T2,29.8,25.591331
test,T2,29.8,24.779385
test,T2,29.8,25.1716
test,T2,29.8,22.754963
test,T2,29.842545,20.62209
test,T2,29.962545,23.852688
test,T2,30.04,25.888405
test,T2,30.04,21.772858
test,T2,30.04,24.412327
test,T2,30.04,26.027964
test,T2,30.04,26.514935
test,T2,30.04,25.629295
test,T2,30.04,25.385925
test,T2,30.027575,25.802351
test,T2,29.992575,24.307186
test,T2,29.97,25.23705
test,T2,29.97,25.538425
test,T2,29.97,25.12131
test,T2,29.97,24.231268
test,T2,29.97,25.321098
test,T2,29.97,24.488602
test,T2,29.97,24.305534
test,T2,29.886576,22.339981
test,T2,29.651575,24.814386
test,T2,29.5,24.275734
test,T2,29.5,25.306929
test,T2,29.5,26.349289
test,T2,29.5,23.179806
test,T2,29.5,25.55799
test,T2,29.5,24.56826
test,T2,29.5,25.452824
test,T2,29.63135,23.238943
test,T2,30.00135,23.675701
test,T2,30.24,25.651094
test,T2,30.24,24.771198
test,T2,30.24,23.785603
test,T2,30.24,24.512001
test,T2,30.24,25.120792
test,T2,30.24,25.167824
test,T2,30.24,26.188694
test,T2,30.337626,24.520494
test,T2,30.612625,22.523556
test,T2,30.79,22.492308
test,T2,30.79,24.83973
test,T2,30.79,25.073174
test,T2,30.79,22.962759
test,T2,30.79,21.554901
test,T2,30.79,20.484512
test,T2,30.79,24.137623
test,T2,30.86455,25.972977
test,T2,31.07455,24.885883
test,T2,31.21,25.866356
test,T2,31.21,25.844322
test,T2,31.21,24.890007
test,T2,31.21,21.732246
test,T2,31.21,25.058453
test,T2,31.21,26.048513
test,T2,31.21,23.580482
test,T2,31.135334,25.405369
test,T2,30.925333,26.23841
test,T2,30.79,24.225143
test,T2,30.79,22.848902
test,T2,30.79,25.099976
test,T2,30.79,25.170929
test,T2,30.79,25.438566
test,T2,30.79,24.49693
test,T2,30.79,23.590271
test,T2,30.8681,23.58685
test,T2,31.0881,23.006466
test,T2,31.23,24.935968
test,T2,31.23,25.602526
test,T2,31.23,25.73437
test,T2,31.23,24.92883
test,T2,31.23,23.048767
test,T2,31.23,24.520634
test,T2,31.23,26.383034
test,T2,31.329556,25.154842
test,T2,31.609556,25.686245
test,T2,31.79,21.906027
test,T2,31.79,20.286575
test,T2,31.79,24.65854
test,T2,31.79,24.301487
test,T2,31.79,23.200668
test,T2,31.79,21.765875
test,T2,31.79,21.821884
test,T2,31.433226,25.120895
test,T2,30.428225,25.291718
test,T2,29.78,24.19485
test,T2,29.78,24.254948
test,T2,29.78,25.963604
test,T2,29.78,25.238117
test,T2,29.78,22.819704
test,T2,29.78,25.89014
test,T2,29.78,25.72736
test,T2,29.76225,24.316471
test,T2,29.71225,24.12933
test,T2,29.68,23.409672
test,T2,29.68,26.082775
test,T2,29.68,26.311996
test,T2,29.68,25.10936
test,T2,29.68,26.223616
test,T2,29.68,26.328012
test,T2,29.68,24.217175
test,T2,29.4883,24.253016
test,T2,28.9483,24.91638
test,T2,28.6,24.48174
test,T2,28.6,21.518658
test,T2,28.6,17.547033
test,T2,28.6,17.501648
test,T2,28.6,24.954947
test,T2,28.6,26.020924
test,T2,28.6,25.426792
test,T2,28.708275,24.517374
test,T2,29.013275,23.548872
test,T2,29.21,23.813385
test,T2,29.21,25.962978
test,T2,29.21,25.938486
test,T2,29.21,23.94828
test,T2,29.21,26.025368
test,T2,29.21,25.913513
test,T2,29.21,25.376354
test,T2,29.263334,25.426388
test,T2,29.413334,26.59261
test,T2,29.51,24.307772
test,T2,29.51,23.025078
test,T2,29.51,22.451002
test,T2,29.51,24.119015
test,T2,29.51,23.763943
test,T2,29.51,25.049337
test,T2,29.51,22.205736
test,T2,29.45846,23.546885
test,T2,29.313461,23.023106
test,T2,29.22,23.070827
test,T2,29.22,25.641644
test,T2,29.22,25.54271
test,T2,29.22,26.300602
test,T2,29.22,24.793283
test,T2,29.22,22.606827
test,T2,29.22,22.810892
test,T2,29.360226,25.034191
test,T2,29.755224,22.902885
test,T2,30.01,23.805075
test,T2,30.01,24.03841
test,T2,30.01,24.316391
test,T2,30.01,25.359112
test,T2,30.01,25.114208
test,T2,30.01,21.044796
test,T2,30.01,23.565968
test,T2,30.164425,24.003975
test,T2,30.599424,25.45714
test,T2,30.88,25.009975
test,T2,30.88,26.39914
test,T2,30.88,25.612545
test,T2,30.88,24.922901
test,T2,30.88,24.115086
test,T2,30.88,26.678715
test,T2,30.88,24.416239
test,T2,30.99715,25.953407
test,T2,31.32715,25.456371
test,T2,31.54,25.57663
test,T2,31.54,22.544168
test,T2,31.54,24.558079
test,T2,31.54,26.563946
test,T2,31.54,24.75439
test,T2,31.54,25.464563
test,T2,31.54,24.480913
test,T2,31.52225,24.836664
test,T2,31.47225,23.754246
test,T2,31.44,26.815096
test,T2,31.44,25.95896
test,T2,31.44,25.637568
test,T2,31.44,24.665535
test,T2,31.44,25.771404
test,T2,31.44,25.17012
test,T2,31.44,25.170544
test,T2,31.4897,25.502365
test,T2,31.6297,25.264025
test,T2,31.72,26.485683
test,T2,31.72,24.684216
test,T2,31.72,23.903646
test,T2,31.72,23.824173
test,T2,31.72,25.822704
test,T2,31.72,25.06203
test,T2,31.72,26.121609
test,T2,31.563604,25.416954
test,T2,31.123604,24.696648
test,T2,30.84,25.769463
test,T2,30.84,25.840487
test,T2,30.84,25.981092
test,T2,30.84,25.045036
test,T2,30.84,26.318401
test,T2,30.84,25.886393
test,T2,30.84,26.091396
test,T2,30.7903,24.796534
test,T2,30.6503,23.618229
test,T2,30.56,19.784973
test,T2,30.56,25.038399
test,T2,30.56,26.275103
test,T2,30.56,26.191193
test,T2,30.56,25.666681
test,T2,30.56,24.77033
test,T2,30.56,21.927277
test,T2,30.504974,23.263165
test,T2,30.349976,22.200354
test,T2,30.25,23.945103
test,T2,30.25,24.75035
test,T2,30.25,26.000854
test,T2,30.25,24.713762
test,T2,30.25,26.58237
test,T2,30.25,24.993298
test,T2,30.25,23.37782
test,T2,30.400875,24.294317
test,T2,30.825874,24.08957
test,T2,31.1,23.711555
test,T2,31.1,24.446423
test,T2,31.1,27.181973
test,T2,31.1,26.86762
test,T2,31.1,26.518272
test,T2,31.1,25.56805
test,T2,31.1,24.404354
test,T2,31.194075,24.737469
test,T2,31.459076,20.21463
test,T2,31.63,20.83812
test,T2,31.63,23.970997
test,T2,31.63,21.410965
test,T2,31.63,21.182114
test,T2,31.63,24.685991
test,T2,31.63,25.893448
test,T2,31.63,24.775993
test,T2,31.59095,22.321991
test,T2,31.48095,24.046413
test,T2,31.41,26.350224
test,T2,31.41,24.738773
test,T2,31.41,23.527395
test,T2,31.41,24.81235
test,T2,31.41,25.545628
test,T2,31.41,25.615498
test,T2,31.41,25.903679
test,T2,31.230724,26.584415
test,T2,30.725725,23.90324
test,T2,30.4,25.155231
test,T2,30.4,25.018581
test,T2,30.4,23.804987
test,T2,30.4,23.812943
test,T2,30.4,23.295969
test,T2,30.4,23.856684
test,T2,30.4,22.436556
test,T2,30.1089,22.091347
test,T2,29.2889,17.319717
test,T2,28.76,24.012974
test,T2,28.76,23.218899
test,T2,28.76,25.673424
test,T2,28.76,24.812595
test,T2,28.76,23.309006
test,T2,28.76,21.897795
test,T2,28.76,20.355759
test,T2,28.57895,22.37297
test,T2,28.06895,21.747837
test,T2,27.74,24.990849
test,T2,27.74,24.174353
test,T2,27.74,24.645628
test,T2,27.74,25.07708
test,T2,27.74,24.571505
test,T2,27.74,26.154375
test,T2,27.74,24.807722
test,T2,27.4489,23.938793
test,T2,26.6289,24.110252
test,T2,26.1,26.000456
test,T2,26.1,24.496847
test,T2,26.1,18.80518
test,T2,26.1,21.608566
test,T2,26.1,20.157825
test,T2,26.1,25.408394
test,T2,26.1,24.262959
test,T2,25.459225,24.066654
test,T2,23.654224,23.792336
test,T2,22.49,22.66484
test,T2,22.49,16.976234
test,T2,22.49,18.598185
test,T2,22.49,25.269493
test,T2,22.49,25.509155
test,T2,22.49,25.574873
test,T2,22.49,21.689194
test,T2,21.082424,17.695435
test,T2,17.117426,22.209993
test,T2,14.56,20.852821
test,T2,14.56,18.86871
test,T2,14.56,13.919503
test,T2,14.56,11.556218
test,T2,14.56,14.701595
test,T2,14.56,22.307312
test,T2,14.56,25.263222
test,T2,13.7861,24.38908
test,T2,11.6061,24.773018
test,T2,10.2,25.232035
test,T2,10.2,23.041004
test,T2,10.2,23.834568
test,T2,10.2,24.803808
test,T2,10.2,18.822477
test,T2,10.2,24.160463
test,T2,10.2,25.735283
test,T2,9.221975,24.096512
test,T2,6.466975,25.169676
test,T2,4.69,23.561573
test,T2,4.69,19.7518
test,T2,4.69,24.875792
test,T2,4.69,23.826363
test,T2,4.69,21.076015
test,T2,4.69,22.895872
test,T2,4.69,24.34268
test,T2,3.95664,23.386147
test,T2,1.89664,23.095148
test,T2,0.57,23.146364
test,T2,0.57,22.512186
test,T2,0.57,22.929407
test,T2,0.57,24.629501
test,T2,0.57,24.118523
test,T2,0.57,25.525322
